# C12 in Cu restricted loss-range table, Geant4 11.3.2 opt4, default-region 0.05mm cuts couple (theRangeTableForLoss).
# energy_MeVu,energy_total_MeV,loss_range_mm,restricted_dedx_MeV_per_mm,inverse_residual_MeV
0.010000,0.120000,0.000509,574.604000,2.795410
0.110000,1.320000,0.000992,2432.040000,4.444580
0.210000,2.520000,0.001232,3049.850000,4.492650
0.310000,3.720000,0.001465,3203.210000,4.417820
0.410000,4.920000,0.001706,3218.430000,4.307560
0.510000,6.120000,0.001960,3180.500000,4.184310
0.610000,7.320000,0.002228,3119.270000,4.061640
0.710000,8.520000,0.002513,3050.180000,3.947490
0.810000,9.720000,0.002815,2979.670000,3.842630
0.910000,10.920000,0.003132,2908.600000,3.745750
1.010000,12.120000,0.003464,2839.110000,3.655560
1.110000,13.320000,0.003812,2775.240000,3.570340
1.210000,14.520000,0.004174,2711.370000,3.487610
1.310000,15.720000,0.004549,2649.390000,3.406340
1.410000,16.920000,0.004938,2588.370000,3.326840
1.510000,18.120000,0.005341,2527.350000,3.250420
1.610000,19.320000,0.005758,2470.200000,3.180370
1.710000,20.520000,0.006188,2417.910000,3.117400
1.810000,21.720000,0.006631,2365.610000,3.057360
1.910000,22.920000,0.007085,2313.320000,2.995940
2.010000,24.120000,0.007550,2627.840000,2.931480
2.110000,25.320000,0.008026,2558.400000,2.863590
2.210000,26.520000,0.008516,2485.730000,2.795220
2.310000,27.720000,0.009019,2417.200000,2.730330
2.410000,28.920000,0.009536,2355.310000,2.670380
2.510000,30.120000,0.010067,2297.510000,2.613240
2.610000,31.320000,0.010610,2241.270000,2.556910
2.710000,32.520000,0.011166,2186.420000,2.501170
2.810000,33.720000,0.011736,2133.770000,2.446900
2.910000,34.920000,0.012319,2084.010000,2.395100
3.010000,36.120000,0.012915,2037.180000,2.346070
3.110000,37.320000,0.013525,1993.020000,2.299470
3.210000,38.520000,0.014146,1951.250000,2.254590
3.310000,39.720000,0.014781,1911.620000,2.211090
3.410000,40.920000,0.015428,1873.920000,2.168990
3.510000,42.120000,0.016087,1837.910000,2.128160
3.610000,43.320000,0.016759,1803.370000,2.088390
3.710000,44.520000,0.017443,1771.220000,2.049610
3.810000,45.720000,0.018138,1741.230000,2.011890
3.910000,46.920000,0.018846,1712.220000,1.975270
4.010000,48.120000,0.019566,1684.180000,1.939650
4.110000,49.320000,0.020299,1657.070000,1.904930
4.210000,50.520000,0.021042,1630.870000,1.871120
4.310000,51.720000,0.021798,1605.560000,1.838270
4.410000,52.920000,0.022566,1581.070000,1.806340
4.510000,54.120000,0.023345,1557.390000,1.775160
4.610000,55.320000,0.024136,1534.460000,1.744640
4.710000,56.520000,0.024939,1512.240000,1.714780
4.810000,57.720000,0.025753,1490.700000,1.685630
4.910000,58.920000,0.026579,1469.790000,1.657230
5.010000,60.120000,0.027416,1449.460000,1.629450
5.110000,61.320000,0.028265,1429.690000,1.602240
5.210000,62.520000,0.029125,1410.480000,1.575550
5.310000,63.720000,0.029997,1391.930000,1.549400
5.410000,64.920000,0.030880,1374.280000,1.523840
5.510000,66.120000,0.031774,1357.090000,1.498910
5.610000,67.320000,0.032680,1340.350000,1.474550
5.710000,68.520000,0.033597,1324.050000,1.450680
5.810000,69.720000,0.034526,1308.180000,1.427270
5.910000,70.920000,0.035465,1292.730000,1.404290
6.010000,72.120000,0.036416,1277.670000,1.381810
6.110000,73.320000,0.037378,1263.000000,1.359860
6.210000,74.520000,0.038351,1248.700000,1.338440
6.310000,75.720000,0.039335,1234.750000,1.317460
6.410000,76.920000,0.040330,1221.150000,1.296850
6.510000,78.120000,0.041335,1207.870000,1.276590
6.610000,79.320000,0.042352,1194.920000,1.256670
6.710000,80.520000,0.043380,1182.270000,1.237110
6.810000,81.720000,0.044418,1169.910000,1.217970
6.910000,82.920000,0.045467,1157.830000,1.199260
7.010000,84.120000,0.046527,1146.010000,1.180910
7.110000,85.320000,0.047598,1134.460000,1.162880
7.210000,86.520000,0.048679,1123.150000,1.145120
7.310000,87.720000,0.049771,1112.070000,1.127630
7.410000,88.920000,0.050874,1101.230000,1.110400
7.510000,90.120000,0.051987,1090.610000,1.093450
7.610000,91.320000,0.053111,1080.190000,1.076830
7.710000,92.520000,0.054246,1069.980000,1.060570
7.810000,93.720000,0.055391,1059.960000,1.044640
7.910000,94.920000,0.056547,1050.130000,1.028990
8.010000,96.120000,0.057714,1040.490000,1.013590
8.110000,97.320000,0.058891,1031.030000,0.998405
8.210000,98.520000,0.060079,1021.750000,0.983438
8.310000,99.720000,0.061277,1012.650000,0.968692
8.410000,100.920000,0.062486,1003.640000,0.954185
8.510000,102.120000,0.063705,994.818000,0.939952
8.610000,103.320000,0.064935,986.173000,0.926034
8.710000,104.520000,0.066175,977.704000,0.912413
8.810000,105.720000,0.067426,969.407000,0.899044
8.910000,106.920000,0.068687,961.274000,0.885891
9.010000,108.120000,0.069959,953.299000,0.872930
9.110000,109.320000,0.071241,945.478000,0.860145
9.210000,110.520000,0.072533,937.803000,0.847533
9.310000,111.720000,0.073836,930.269000,0.835098
9.410000,112.920000,0.075149,922.870000,0.822859
9.510000,114.120000,0.076472,915.600000,0.810843
9.610000,115.320000,0.077806,908.453000,0.799087
9.710000,116.520000,0.079150,901.424000,0.787594
9.810000,117.720000,0.080504,894.510000,0.776325
9.910000,118.920000,0.081868,887.709000,0.765245
10.010000,120.120000,0.083242,881.021000,0.754330
10.110000,121.320000,0.084627,874.445000,0.743560
10.210000,122.520000,0.086022,867.978000,0.732925
10.310000,123.720000,0.087426,861.620000,0.722421
10.410000,124.920000,0.088841,855.370000,0.712055
10.510000,126.120000,0.090266,849.226000,0.701840
10.610000,127.320000,0.091701,843.187000,0.691798
10.710000,128.520000,0.093146,837.253000,0.681960
10.810000,129.720000,0.094601,831.421000,0.672347
10.910000,130.920000,0.096066,825.689000,0.662934
11.010000,132.120000,0.097541,820.054000,0.653690
11.110000,133.320000,0.099026,814.511000,0.644590
11.210000,134.520000,0.100521,809.057000,0.635616
11.310000,135.720000,0.102026,803.687000,0.626753
11.410000,136.920000,0.103540,798.397000,0.617991
11.510000,138.120000,0.105065,793.184000,0.609327
11.610000,139.320000,0.106599,788.044000,0.600763
11.710000,140.520000,0.108144,782.973000,0.592304
11.810000,141.720000,0.109698,777.966000,0.583964
11.910000,142.920000,0.111262,773.019000,0.575760
12.010000,144.120000,0.112836,768.130000,0.567717
12.110000,145.320000,0.114420,763.294000,0.559843
12.210000,146.520000,0.116013,758.510000,0.552115
12.310000,147.720000,0.117617,753.777000,0.544515
12.410000,148.920000,0.119230,749.095000,0.537029
12.510000,150.120000,0.120853,744.465000,0.529643
12.610000,151.320000,0.122486,739.885000,0.522348
12.710000,152.520000,0.124129,735.355000,0.515139
12.810000,153.720000,0.125782,730.876000,0.508011
12.910000,154.920000,0.127445,726.446000,0.500964
13.010000,156.120000,0.129118,722.066000,0.494002
13.110000,157.320000,0.130801,717.736000,0.487131
13.210000,158.520000,0.132494,713.454000,0.480361
13.310000,159.720000,0.134197,709.222000,0.473703
13.410000,160.920000,0.135910,705.038000,0.467176
13.510000,162.120000,0.137633,700.902000,0.460795
13.610000,163.320000,0.139366,696.814000,0.454546
13.710000,164.520000,0.141109,692.774000,0.448411
13.810000,165.720000,0.142862,688.780000,0.442370
13.910000,166.920000,0.144625,684.832000,0.436411
14.010000,168.120000,0.146399,680.929000,0.430521
14.110000,169.320000,0.148182,677.072000,0.424693
14.210000,170.520000,0.149975,673.258000,0.418920
14.310000,171.720000,0.151779,669.487000,0.413200
14.410000,172.920000,0.153592,665.759000,0.407534
14.510000,174.120000,0.155415,662.074000,0.401924
14.610000,175.320000,0.157249,658.429000,0.396378
14.710000,176.520000,0.159093,654.826000,0.390905
14.810000,177.720000,0.160946,651.263000,0.385520
14.910000,178.920000,0.162810,647.739000,0.380237
15.010000,180.120000,0.164684,644.277000,0.375078
15.110000,181.320000,0.166567,640.853000,0.370057
15.210000,182.520000,0.168461,637.465000,0.365161
15.310000,183.720000,0.170365,634.116000,0.360369
15.410000,184.920000,0.172279,630.803000,0.355663
15.510000,186.120000,0.174202,627.528000,0.351027
15.610000,187.320000,0.176136,624.290000,0.346448
15.710000,188.520000,0.178080,621.089000,0.341916
15.810000,189.720000,0.180033,617.926000,0.337423
15.910000,190.920000,0.181997,614.800000,0.332965
16.010000,192.120000,0.183970,611.711000,0.328540
16.110000,193.320000,0.185953,608.660000,0.324148
16.210000,194.520000,0.187946,605.646000,0.319794
16.310000,195.720000,0.189949,602.670000,0.315485
16.410000,196.920000,0.191962,599.732000,0.311229
16.510000,198.120000,0.193984,596.830000,0.307040
16.610000,199.320000,0.196016,593.967000,0.302933
16.710000,200.520000,0.198058,591.140000,0.298927
16.810000,201.720000,0.200109,588.352000,0.295043
16.910000,202.920000,0.202171,585.601000,0.291291
17.010000,204.120000,0.204242,582.886000,0.287653
17.110000,205.320000,0.206322,580.209000,0.284108
17.210000,206.520000,0.208412,577.567000,0.280636
17.310000,207.720000,0.210512,574.960000,0.277219
17.410000,208.920000,0.212620,572.387000,0.273844
17.510000,210.120000,0.214739,569.849000,0.270498
17.610000,211.320000,0.216867,567.344000,0.267171
17.710000,212.520000,0.219004,564.872000,0.263855
17.810000,213.720000,0.221150,562.432000,0.260545
17.910000,214.920000,0.223306,560.024000,0.257240
18.010000,216.120000,0.225470,557.647000,0.253939
18.110000,217.320000,0.227644,555.300000,0.250644
18.210000,218.520000,0.229827,552.983000,0.247361
18.310000,219.720000,0.232019,550.695000,0.244097
18.410000,220.920000,0.234220,548.435000,0.240863
18.510000,222.120000,0.236430,546.204000,0.237671
18.610000,223.320000,0.238649,544.000000,0.234535
18.710000,224.520000,0.240876,541.824000,0.231475
18.810000,225.720000,0.243113,539.674000,0.228508
18.910000,226.920000,0.245358,537.549000,0.225639
19.010000,228.120000,0.247612,535.449000,0.222858
19.110000,229.320000,0.249875,533.374000,0.220151
19.210000,230.520000,0.252146,531.322000,0.217508
19.310000,231.720000,0.254426,529.293000,0.214917
19.410000,232.920000,0.256715,527.287000,0.212369
19.510000,234.120000,0.259012,525.302000,0.209857
19.610000,235.320000,0.261318,523.339000,0.207373
19.710000,236.520000,0.263633,521.396000,0.204911
19.810000,237.720000,0.265956,519.473000,0.202466
19.910000,238.920000,0.268288,517.569000,0.200035
20.010000,240.120000,0.270628,515.684000,0.197616
20.110000,241.320000,0.272977,513.816000,0.195206
20.210000,242.520000,0.275335,511.966000,0.192807
20.310000,243.720000,0.277701,510.133000,0.190420
20.410000,244.920000,0.280075,508.316000,0.188046
20.510000,246.120000,0.282458,506.514000,0.185690
20.610000,247.320000,0.284850,504.727000,0.183356
20.710000,248.520000,0.287249,502.955000,0.181051
20.810000,249.720000,0.289657,501.195000,0.178781
20.910000,250.920000,0.292074,499.449000,0.176556
21.010000,252.120000,0.294499,497.715000,0.174386
21.110000,253.320000,0.296932,495.992000,0.172276
21.210000,254.520000,0.299374,494.282000,0.170221
21.310000,255.720000,0.301824,492.582000,0.168212
21.410000,256.920000,0.304282,490.895000,0.166243
21.510000,258.120000,0.306749,489.218000,0.164308
21.610000,259.320000,0.309224,487.553000,0.162401
21.710000,260.520000,0.311707,485.900000,0.160519
21.810000,261.720000,0.314199,484.257000,0.158657
21.910000,262.920000,0.316699,482.626000,0.156811
22.010000,264.120000,0.319208,481.007000,0.154978
22.110000,265.320000,0.321725,479.398000,0.153157
22.210000,266.520000,0.324250,477.801000,0.151346
22.310000,267.720000,0.326783,476.214000,0.149543
22.410000,268.920000,0.329325,474.639000,0.147748
22.510000,270.120000,0.331875,473.075000,0.145963
22.610000,271.320000,0.334434,471.522000,0.144187
22.710000,272.520000,0.337000,469.979000,0.142422
22.810000,273.720000,0.339575,468.448000,0.140671
22.910000,274.920000,0.342159,466.927000,0.138936
23.010000,276.120000,0.344751,465.417000,0.137222
23.110000,277.320000,0.347351,463.918000,0.135533
23.210000,278.520000,0.349959,462.430000,0.133873
23.310000,279.720000,0.352576,460.953000,0.132249
23.410000,280.920000,0.355201,459.486000,0.130667
23.510000,282.120000,0.357835,458.029000,0.129135
23.610000,283.320000,0.360477,456.583000,0.127655
23.710000,284.520000,0.363127,455.148000,0.126221
23.810000,285.720000,0.365785,453.721000,0.124824
23.910000,286.920000,0.368452,452.305000,0.123458
24.010000,288.120000,0.371127,450.899000,0.122117
24.110000,289.320000,0.373810,449.503000,0.120796
24.210000,290.520000,0.376502,448.117000,0.119489
24.310000,291.720000,0.379202,446.741000,0.118194
24.410000,292.920000,0.381910,445.374000,0.116905
24.510000,294.120000,0.384626,444.017000,0.115620
24.610000,295.320000,0.387351,442.670000,0.114336
24.710000,296.520000,0.390084,441.332000,0.113051
24.810000,297.720000,0.392825,440.003000,0.111763
24.910000,298.920000,0.395574,438.683000,0.110472
25.010000,300.120000,0.398332,437.372000,0.109177
25.110000,301.320000,0.401097,436.071000,0.107878
25.210000,302.520000,0.403871,434.778000,0.106577
25.310000,303.720000,0.406653,433.494000,0.105274
25.410000,304.920000,0.409444,432.218000,0.103972
25.510000,306.120000,0.412242,430.952000,0.102672
25.610000,307.320000,0.415049,429.693000,0.101379
25.710000,308.520000,0.417864,428.443000,0.100097
25.810000,309.720000,0.420686,427.201000,0.098828
25.910000,310.920000,0.423518,425.967000,0.097580
26.010000,312.120000,0.426357,424.741000,0.096356
26.110000,313.320000,0.429204,423.523000,0.095164
26.210000,314.520000,0.432060,422.313000,0.094010
26.310000,315.720000,0.434923,421.111000,0.092901
26.410000,316.920000,0.437795,419.916000,0.091837
26.510000,318.120000,0.440675,418.729000,0.090812
26.610000,319.320000,0.443563,417.549000,0.089821
26.710000,320.520000,0.446459,416.376000,0.088858
26.810000,321.720000,0.449363,415.211000,0.087919
26.910000,322.920000,0.452275,414.054000,0.086999
27.010000,324.120000,0.455195,412.903000,0.086093
27.110000,325.320000,0.458123,411.760000,0.085199
27.210000,326.520000,0.461059,410.624000,0.084313
27.310000,327.720000,0.464004,409.495000,0.083433
27.410000,328.920000,0.466956,408.373000,0.082554
27.510000,330.120000,0.469917,407.258000,0.081676
27.610000,331.320000,0.472885,406.149000,0.080797
27.710000,332.520000,0.475862,405.048000,0.079915
27.810000,333.720000,0.478846,403.954000,0.079030
27.910000,334.920000,0.481839,402.866000,0.078140
28.010000,336.120000,0.484839,401.785000,0.077245
28.110000,337.320000,0.487848,400.710000,0.076347
28.210000,338.520000,0.490865,399.642000,0.075445
28.310000,339.720000,0.493889,398.581000,0.074541
28.410000,340.920000,0.496922,397.526000,0.073635
28.510000,342.120000,0.499962,396.477000,0.072731
28.610000,343.320000,0.503011,395.435000,0.071830
28.710000,344.520000,0.506067,394.399000,0.070934
28.810000,345.720000,0.509132,393.369000,0.070048
28.910000,346.920000,0.512204,392.345000,0.069175
29.010000,348.120000,0.515285,391.328000,0.068318
29.110000,349.320000,0.518373,390.316000,0.067483
29.210000,350.520000,0.521469,389.311000,0.066673
29.310000,351.720000,0.524574,388.311000,0.065896
29.410000,352.920000,0.527686,387.317000,0.065155
29.510000,354.120000,0.530806,386.329000,0.064450
29.610000,355.320000,0.533934,385.347000,0.063776
29.710000,356.520000,0.537070,384.370000,0.063130
29.810000,357.720000,0.540214,383.400000,0.062506
29.910000,358.920000,0.543366,382.434000,0.061901
30.010000,360.120000,0.546525,381.475000,0.061311
30.110000,361.320000,0.549693,380.521000,0.060732
30.210000,362.520000,0.552868,379.572000,0.060161
30.310000,363.720000,0.556052,378.629000,0.059595
30.410000,364.920000,0.559243,377.691000,0.059032
30.510000,366.120000,0.562442,376.758000,0.058469
30.610000,367.320000,0.565649,375.831000,0.057904
30.710000,368.520000,0.568864,374.909000,0.057336
30.810000,369.720000,0.572086,373.992000,0.056763
30.910000,370.920000,0.575317,373.081000,0.056183
31.010000,372.120000,0.578555,372.174000,0.055596
31.110000,373.320000,0.581802,371.273000,0.055002
31.210000,374.520000,0.585056,370.376000,0.054399
31.310000,375.720000,0.588318,369.485000,0.053788
31.410000,376.920000,0.591587,368.598000,0.053170
31.510000,378.120000,0.594865,367.716000,0.052544
31.610000,379.320000,0.598150,366.840000,0.051912
31.710000,380.520000,0.601443,365.967000,0.051275
31.810000,381.720000,0.604744,365.100000,0.050635
31.910000,382.920000,0.608053,364.237000,0.049993
32.010000,384.120000,0.611370,363.379000,0.049351
32.110000,385.320000,0.614694,362.526000,0.048712
32.210000,386.520000,0.618026,361.677000,0.048079
32.310000,387.720000,0.621366,360.833000,0.047454
32.410000,388.920000,0.624714,359.993000,0.046842
32.510000,390.120000,0.628069,359.157000,0.046246
32.610000,391.320000,0.631432,358.326000,0.045669
32.710000,392.520000,0.634803,357.499000,0.045117
32.810000,393.720000,0.638182,356.676000,0.044594
32.910000,394.920000,0.641568,355.858000,0.044104
33.010000,396.120000,0.644963,355.044000,0.043643
33.110000,397.320000,0.648365,354.234000,0.043209
33.210000,398.520000,0.651774,353.428000,0.042798
33.310000,399.720000,0.655192,352.626000,0.042405
33.410000,400.920000,0.658617,351.828000,0.042029
33.510000,402.120000,0.662049,351.035000,0.041665
33.610000,403.320000,0.665490,350.245000,0.041311
33.710000,404.520000,0.668938,349.459000,0.040964
33.810000,405.720000,0.672394,348.678000,0.040622
33.910000,406.920000,0.675858,347.900000,0.040282
34.010000,408.120000,0.679329,347.127000,0.039943
34.110000,409.320000,0.682808,346.357000,0.039602
34.210000,410.520000,0.686295,345.591000,0.039258
34.310000,411.720000,0.689789,344.829000,0.038909
34.410000,412.920000,0.693291,344.071000,0.038554
34.510000,414.120000,0.696801,343.316000,0.038193
34.610000,415.320000,0.700318,342.566000,0.037824
34.710000,416.520000,0.703843,341.819000,0.037447
34.810000,417.720000,0.707376,341.077000,0.037061
34.910000,418.920000,0.710916,340.338000,0.036666
35.010000,420.120000,0.714464,339.602000,0.036263
35.110000,421.320000,0.718019,338.871000,0.035851
35.210000,422.520000,0.721583,338.143000,0.035431
35.310000,423.720000,0.725153,337.418000,0.035004
35.410000,424.920000,0.728732,336.697000,0.034571
35.510000,426.120000,0.732318,335.980000,0.034133
35.610000,427.320000,0.735912,335.266000,0.033690
35.710000,428.520000,0.739513,334.556000,0.033246
35.810000,429.720000,0.743122,333.849000,0.032801
35.910000,430.920000,0.746738,333.146000,0.032359
36.010000,432.120000,0.750362,332.446000,0.031920
36.110000,433.320000,0.753994,331.749000,0.031488
36.210000,434.520000,0.757633,331.056000,0.031065
36.310000,435.720000,0.761280,330.366000,0.030654
36.410000,436.920000,0.764935,329.680000,0.030259
36.510000,438.120000,0.768597,328.997000,0.029883
36.610000,439.320000,0.772266,328.317000,0.029530
36.710000,440.520000,0.775943,327.640000,0.029204
36.810000,441.720000,0.779628,326.967000,0.028905
36.910000,442.920000,0.783320,326.296000,0.028632
37.010000,444.120000,0.787020,325.629000,0.028381
37.110000,445.320000,0.790727,324.965000,0.028149
37.210000,446.520000,0.794442,324.305000,0.027933
37.310000,447.720000,0.798164,323.647000,0.027731
37.410000,448.920000,0.801894,322.993000,0.027539
37.510000,450.120000,0.805632,322.341000,0.027356
37.610000,451.320000,0.809377,321.693000,0.027179
37.710000,452.520000,0.813129,321.047000,0.027005
37.810000,453.720000,0.816889,320.405000,0.026833
37.910000,454.920000,0.820656,319.766000,0.026662
38.010000,456.120000,0.824431,319.130000,0.026489
38.110000,457.320000,0.828214,318.496000,0.026312
38.210000,458.520000,0.832004,317.866000,0.026131
38.310000,459.720000,0.835801,317.238000,0.025943
38.410000,460.920000,0.839606,316.614000,0.025749
38.510000,462.120000,0.843418,315.992000,0.025547
38.610000,463.320000,0.847238,315.373000,0.025336
38.710000,464.520000,0.851065,314.757000,0.025116
38.810000,465.720000,0.854900,314.144000,0.024886
38.910000,466.920000,0.858742,313.534000,0.024646
39.010000,468.120000,0.862592,312.926000,0.024396
39.110000,469.320000,0.866449,312.321000,0.024136
39.210000,470.520000,0.870313,311.719000,0.023866
39.310000,471.720000,0.874185,311.120000,0.023587
39.410000,472.920000,0.878064,310.523000,0.023298
39.510000,474.120000,0.881951,309.929000,0.023002
39.610000,475.320000,0.885845,309.338000,0.022697
39.710000,476.520000,0.889747,308.749000,0.022387
39.810000,477.720000,0.893655,308.163000,0.022071
39.910000,478.920000,0.897572,307.580000,0.021751
40.010000,480.120000,0.901495,306.999000,0.021429
40.110000,481.320000,0.905427,306.421000,0.021107
40.210000,482.520000,0.909365,305.845000,0.020785
40.310000,483.720000,0.913311,305.272000,0.020467
40.410000,484.920000,0.917264,304.701000,0.020155
40.510000,486.120000,0.921225,304.133000,0.019850
40.610000,487.320000,0.925193,303.567000,0.019556
40.710000,488.520000,0.929168,303.004000,0.019275
40.810000,489.720000,0.933150,302.443000,0.019009
40.910000,490.920000,0.937140,301.885000,0.018763
41.010000,492.120000,0.941138,301.329000,0.018540
41.110000,493.320000,0.945142,300.775000,0.018341
41.210000,494.520000,0.949154,300.224000,0.018165
41.310000,495.720000,0.953174,299.675000,0.018009
41.410000,496.920000,0.957200,299.128000,0.017872
41.510000,498.120000,0.961234,298.584000,0.017750
41.610000,499.320000,0.965275,298.042000,0.017642
41.710000,500.520000,0.969324,297.502000,0.017545
41.810000,501.720000,0.973380,296.965000,0.017457
41.910000,502.920000,0.977443,296.430000,0.017376
42.010000,504.120000,0.981513,295.897000,0.017301
42.110000,505.320000,0.985591,295.366000,0.017229
42.210000,506.520000,0.989676,294.838000,0.017159
42.310000,507.720000,0.993768,294.312000,0.017090
42.410000,508.920000,0.997868,293.788000,0.017019
42.510000,510.120000,1.001970,293.266000,0.016946
42.610000,511.320000,1.006090,292.746000,0.016870
42.710000,512.520000,1.010210,292.229000,0.016789
42.810000,513.720000,1.014340,291.714000,0.016702
42.910000,514.920000,1.018470,291.200000,0.016609
43.010000,516.120000,1.022620,290.689000,0.016509
43.110000,517.320000,1.026770,290.180000,0.016401
43.210000,518.520000,1.030930,289.674000,0.016285
43.310000,519.720000,1.035090,289.169000,0.016160
43.410000,520.920000,1.039260,288.666000,0.016025
43.510000,522.120000,1.043440,288.166000,0.015882
43.610000,523.320000,1.047630,287.667000,0.015728
43.710000,524.520000,1.051820,287.171000,0.015566
43.810000,525.720000,1.056020,286.676000,0.015395
43.910000,526.920000,1.060230,286.184000,0.015214
44.010000,528.120000,1.064450,285.693000,0.015025
44.110000,529.320000,1.068670,285.205000,0.014828
44.210000,530.520000,1.072900,284.718000,0.014623
44.310000,531.720000,1.077140,284.234000,0.014412
44.410000,532.920000,1.081380,283.751000,0.014195
44.510000,534.120000,1.085630,283.270000,0.013973
44.610000,535.320000,1.089890,282.792000,0.013747
44.710000,536.520000,1.094160,282.315000,0.013518
44.810000,537.720000,1.098430,281.840000,0.013289
44.910000,538.920000,1.102710,281.367000,0.013059
45.010000,540.120000,1.107000,280.896000,0.012832
45.110000,541.320000,1.111290,280.426000,0.012608
45.210000,542.520000,1.115590,279.959000,0.012389
45.310000,543.720000,1.119900,279.493000,0.012177
45.410000,544.920000,1.124220,279.029000,0.011975
45.510000,546.120000,1.128540,278.567000,0.011784
45.610000,547.320000,1.132870,278.107000,0.011607
45.710000,548.520000,1.137210,277.649000,0.011446
45.810000,549.720000,1.141550,277.192000,0.011303
45.910000,550.920000,1.145900,276.737000,0.011182
46.010000,552.120000,1.150260,276.284000,0.011082
46.110000,553.320000,1.154630,275.832000,0.011001
46.210000,554.520000,1.159000,275.382000,0.010937
46.310000,555.720000,1.163380,274.934000,0.010887
46.410000,556.920000,1.167760,274.488000,0.010851
46.510000,558.120000,1.172160,274.044000,0.010826
46.610000,559.320000,1.176560,273.601000,0.010810
46.710000,560.520000,1.180970,273.159000,0.010802
46.810000,561.720000,1.185380,272.720000,0.010800
46.910000,562.920000,1.189810,272.282000,0.010803
47.010000,564.120000,1.194240,271.846000,0.010809
47.110000,565.320000,1.198670,271.411000,0.010817
47.210000,566.520000,1.203120,270.978000,0.010825
47.310000,567.720000,1.207570,270.547000,0.010833
47.410000,568.920000,1.212020,270.117000,0.010839
47.510000,570.120000,1.216490,269.689000,0.010842
47.610000,571.320000,1.220960,269.262000,0.010841
47.710000,572.520000,1.225440,268.838000,0.010835
47.810000,573.720000,1.229920,268.414000,0.010823
47.910000,574.920000,1.234420,267.993000,0.010806
48.010000,576.120000,1.238920,267.572000,0.010781
48.110000,577.320000,1.243420,267.154000,0.010748
48.210000,578.520000,1.247940,266.737000,0.010708
48.310000,579.720000,1.252460,266.321000,0.010658
48.410000,580.920000,1.256990,265.907000,0.010600
48.510000,582.120000,1.261520,265.495000,0.010533
48.610000,583.320000,1.266070,265.084000,0.010457
48.710000,584.520000,1.270610,264.674000,0.010370
48.810000,585.720000,1.275170,264.266000,0.010275
48.910000,586.920000,1.279730,263.860000,0.010170
49.010000,588.120000,1.284300,263.455000,0.010056
49.110000,589.320000,1.288880,263.051000,0.009932
49.210000,590.520000,1.293470,262.649000,0.009800
49.310000,591.720000,1.298060,262.248000,0.009660
49.410000,592.920000,1.302650,261.849000,0.009512
49.510000,594.120000,1.307260,261.451000,0.009356
49.610000,595.320000,1.311870,261.055000,0.009194
49.710000,596.520000,1.316490,260.660000,0.009026
49.810000,597.720000,1.321120,260.266000,0.008853
49.910000,598.920000,1.325750,259.874000,0.008675
50.010000,600.120000,1.330390,259.484000,0.008495
50.110000,601.320000,1.335040,259.094000,0.008312
50.210000,602.520000,1.339690,258.706000,0.008128
50.310000,603.720000,1.344350,258.320000,0.007944
50.410000,604.920000,1.349020,257.934000,0.007762
50.510000,606.120000,1.353690,257.550000,0.007583
50.610000,607.320000,1.358380,257.168000,0.007408
50.710000,608.520000,1.363060,256.786000,0.007240
50.810000,609.720000,1.367760,256.406000,0.007079
50.910000,610.920000,1.372460,256.028000,0.006927
51.010000,612.120000,1.377170,255.650000,0.006787
51.110000,613.320000,1.381890,255.274000,0.006661
51.210000,614.520000,1.386610,254.899000,0.006549
51.310000,615.720000,1.391340,254.526000,0.006455
51.410000,616.920000,1.396080,254.154000,0.006378
51.510000,618.120000,1.400820,253.783000,0.006318
51.610000,619.320000,1.405570,253.413000,0.006271
51.710000,620.520000,1.410330,253.044000,0.006238
51.810000,621.720000,1.415090,252.677000,0.006216
51.910000,622.920000,1.419870,252.311000,0.006204
52.010000,624.120000,1.424640,251.946000,0.006201
52.110000,625.320000,1.429430,251.582000,0.006205
52.210000,626.520000,1.434220,251.220000,0.006216
52.310000,627.720000,1.439020,250.859000,0.006232
52.410000,628.920000,1.443830,250.499000,0.006251
52.510000,630.120000,1.448640,250.140000,0.006274
52.610000,631.320000,1.453460,249.783000,0.006298
52.710000,632.520000,1.458280,249.426000,0.006324
52.810000,633.720000,1.463120,249.071000,0.006349
52.910000,634.920000,1.467960,248.717000,0.006373
53.010000,636.120000,1.472800,248.364000,0.006396
53.110000,637.320000,1.477660,248.013000,0.006416
53.210000,638.520000,1.482520,247.662000,0.006434
53.310000,639.720000,1.487390,247.313000,0.006447
53.410000,640.920000,1.492260,246.965000,0.006456
53.510000,642.120000,1.497140,246.618000,0.006461
53.610000,643.320000,1.502030,246.272000,0.006460
53.710000,644.520000,1.506930,245.927000,0.006453
53.810000,645.720000,1.511830,245.584000,0.006440
53.910000,646.920000,1.516740,245.241000,0.006421
54.010000,648.120000,1.521650,244.900000,0.006395
54.110000,649.320000,1.526570,244.560000,0.006362
54.210000,650.520000,1.531500,244.221000,0.006322
54.310000,651.720000,1.536440,243.883000,0.006275
54.410000,652.920000,1.541380,243.546000,0.006221
54.510000,654.120000,1.546330,243.210000,0.006160
54.610000,655.320000,1.551290,242.875000,0.006092
54.710000,656.520000,1.556250,242.542000,0.006017
54.810000,657.720000,1.561220,242.209000,0.005935
54.910000,658.920000,1.566200,241.878000,0.005847
55.010000,660.120000,1.571180,241.548000,0.005753
55.110000,661.320000,1.576170,241.218000,0.005654
55.210000,662.520000,1.581170,240.890000,0.005549
55.310000,663.720000,1.586170,240.563000,0.005439
55.410000,664.920000,1.591190,240.237000,0.005325
55.510000,666.120000,1.596200,239.912000,0.005208
55.610000,667.320000,1.601230,239.588000,0.005087
55.710000,668.520000,1.606260,239.265000,0.004965
55.810000,669.720000,1.611300,238.943000,0.004840
55.910000,670.920000,1.616340,238.622000,0.004716
56.010000,672.120000,1.621390,238.302000,0.004591
56.110000,673.320000,1.626450,237.984000,0.004468
56.210000,674.520000,1.631520,237.666000,0.004348
56.310000,675.720000,1.636590,237.349000,0.004230
56.410000,676.920000,1.641670,237.033000,0.004118
56.510000,678.120000,1.646750,236.718000,0.004011
56.610000,679.320000,1.651850,236.404000,0.003911
56.710000,680.520000,1.656940,236.092000,0.003819
56.810000,681.720000,1.662050,235.780000,0.003737
56.910000,682.920000,1.667160,235.469000,0.003667
57.010000,684.120000,1.672280,235.159000,0.003609
57.110000,685.320000,1.677410,234.850000,0.003565
57.210000,686.520000,1.682540,234.542000,0.003537
57.310000,687.720000,1.687680,234.235000,0.003527
57.410000,688.920000,1.692830,233.929000,0.003536
57.510000,690.120000,1.697980,233.624000,0.003561
57.610000,691.320000,1.703140,233.320000,0.003603
57.710000,692.520000,1.708310,233.016000,0.003659
57.810000,693.720000,1.713480,232.714000,0.003728
57.910000,694.920000,1.718660,232.413000,0.003808
58.010000,696.120000,1.723850,232.112000,0.003898
58.110000,697.320000,1.729040,231.813000,0.003997
58.210000,698.520000,1.734240,231.514000,0.004103
58.310000,699.720000,1.739450,231.217000,0.004215
58.410000,700.920000,1.744660,230.920000,0.004331
58.510000,702.120000,1.749880,230.624000,0.004452
58.610000,703.320000,1.755110,230.329000,0.004575
58.710000,704.520000,1.760340,230.035000,0.004699
58.810000,705.720000,1.765580,229.742000,0.004824
58.910000,706.920000,1.770830,229.450000,0.004948
59.010000,708.120000,1.776080,229.159000,0.005070
59.110000,709.320000,1.781340,228.868000,0.005190
59.210000,710.520000,1.786610,228.579000,0.005306
59.310000,711.720000,1.791880,228.290000,0.005419
59.410000,712.920000,1.797160,228.003000,0.005526
59.510000,714.120000,1.802450,227.716000,0.005628
59.610000,715.320000,1.807740,227.430000,0.005723
59.710000,716.520000,1.813040,227.145000,0.005812
59.810000,717.720000,1.818350,226.861000,0.005893
59.910000,718.920000,1.823660,226.578000,0.005966
60.010000,720.120000,1.828980,226.295000,0.006030
60.110000,721.320000,1.834310,226.014000,0.006085
60.210000,722.520000,1.839640,225.733000,0.006131
60.310000,723.720000,1.844980,225.453000,0.006167
60.410000,724.920000,1.850320,225.174000,0.006193
60.510000,726.120000,1.855680,224.896000,0.006209
60.610000,727.320000,1.861030,224.619000,0.006214
60.710000,728.520000,1.866400,224.343000,0.006208
60.810000,729.720000,1.871770,224.067000,0.006192
60.910000,730.920000,1.877150,223.793000,0.006164
61.010000,732.120000,1.882540,223.519000,0.006126
61.110000,733.320000,1.887930,223.246000,0.006077
61.210000,734.520000,1.893330,222.974000,0.006017
61.310000,735.720000,1.898730,222.702000,0.005947
61.410000,736.920000,1.904140,222.432000,0.005866
61.510000,738.120000,1.909560,222.162000,0.005775
61.610000,739.320000,1.914990,221.894000,0.005673
61.710000,740.520000,1.920420,221.626000,0.005563
61.810000,741.720000,1.925850,221.358000,0.005442
61.910000,742.920000,1.931300,221.092000,0.005313
62.010000,744.120000,1.936750,220.827000,0.005176
62.110000,745.320000,1.942210,220.562000,0.005030
62.210000,746.520000,1.947670,220.298000,0.004877
62.310000,747.720000,1.953140,220.035000,0.004718
62.410000,748.920000,1.958620,219.773000,0.004552
62.510000,750.120000,1.964100,219.511000,0.004381
62.610000,751.320000,1.969590,219.250000,0.004205
62.710000,752.520000,1.975080,218.990000,0.004026
62.810000,753.720000,1.980590,218.731000,0.003843
62.910000,754.920000,1.986090,218.473000,0.003659
63.010000,756.120000,1.991610,218.215000,0.003473
63.110000,757.320000,1.997130,217.959000,0.003287
63.210000,758.520000,2.002660,217.703000,0.003103
63.310000,759.720000,2.008190,217.448000,0.002920
63.410000,760.920000,2.013730,217.193000,0.002740
63.510000,762.120000,2.019280,216.939000,0.002565
63.610000,763.320000,2.024830,216.687000,0.002396
63.710000,764.520000,2.030390,216.434000,0.002233
63.810000,765.720000,2.035960,216.183000,0.002079
63.910000,766.920000,2.041530,215.932000,0.001934
64.010000,768.120000,2.047110,215.683000,0.001801
64.110000,769.320000,2.052700,215.434000,0.001680
64.210000,770.520000,2.058290,215.185000,0.001572
64.310000,771.720000,2.063890,214.938000,0.001476
64.410000,772.920000,2.069490,214.691000,0.001392
64.510000,774.120000,2.075100,214.445000,0.001319
64.610000,775.320000,2.080720,214.199000,0.001256
64.710000,776.520000,2.086340,213.954000,0.001202
64.810000,777.720000,2.091970,213.710000,0.001158
64.910000,778.920000,2.097610,213.467000,0.001123
65.010000,780.120000,2.103250,213.225000,0.001095
65.110000,781.320000,2.108900,212.983000,0.001074
65.210000,782.520000,2.114560,212.741000,0.001060
65.310000,783.720000,2.120220,212.501000,0.001052
65.410000,784.920000,2.125890,212.261000,0.001050
65.510000,786.120000,2.131560,212.021000,0.001053
65.610000,787.320000,2.137240,211.783000,0.001060
65.710000,788.520000,2.142930,211.545000,0.001071
65.810000,789.720000,2.148620,211.307000,0.001087
65.910000,790.920000,2.154330,211.070000,0.001105
66.010000,792.120000,2.160030,210.834000,0.001126
66.110000,793.320000,2.165750,210.599000,0.001149
66.210000,794.520000,2.171470,210.364000,0.001174
66.310000,795.720000,2.177190,210.129000,0.001200
66.410000,796.920000,2.182920,209.895000,0.001228
66.510000,798.120000,2.188660,209.662000,0.001256
66.610000,799.320000,2.194410,209.430000,0.001285
66.710000,800.520000,2.200160,209.197000,0.001314
66.810000,801.720000,2.205920,208.966000,0.001343
66.910000,802.920000,2.211680,208.735000,0.001371
67.010000,804.120000,2.217450,208.504000,0.001398
67.110000,805.320000,2.223230,208.274000,0.001424
67.210000,806.520000,2.229020,208.045000,0.001449
67.310000,807.720000,2.234810,207.816000,0.001472
67.410000,808.920000,2.240600,207.587000,0.001494
67.510000,810.120000,2.246410,207.359000,0.001513
67.610000,811.320000,2.252220,207.132000,0.001531
67.710000,812.520000,2.258030,206.905000,0.001546
67.810000,813.720000,2.263860,206.678000,0.001559
67.910000,814.920000,2.269690,206.452000,0.001569
68.010000,816.120000,2.275520,206.227000,0.001577
68.110000,817.320000,2.281360,206.001000,0.001582
68.210000,818.520000,2.287210,205.777000,0.001584
68.310000,819.720000,2.293070,205.552000,0.001583
68.410000,820.920000,2.298930,205.328000,0.001580
68.510000,822.120000,2.304800,205.105000,0.001573
68.610000,823.320000,2.310670,204.882000,0.001564
68.710000,824.520000,2.316560,204.659000,0.001551
68.810000,825.720000,2.322440,204.437000,0.001536
68.910000,826.920000,2.328340,204.215000,0.001518
69.010000,828.120000,2.334240,203.994000,0.001498
69.110000,829.320000,2.340150,203.772000,0.001474
69.210000,830.520000,2.346060,203.552000,0.001449
69.310000,831.720000,2.351980,203.331000,0.001421
69.410000,832.920000,2.357910,203.111000,0.001390
69.510000,834.120000,2.363840,202.892000,0.001358
69.610000,835.320000,2.369780,202.672000,0.001324
69.710000,836.520000,2.375730,202.453000,0.001288
69.810000,837.720000,2.381680,202.234000,0.001250
69.910000,838.920000,2.387640,202.016000,0.001212
70.010000,840.120000,2.393600,201.798000,0.001173
70.110000,841.320000,2.399580,201.580000,0.001133
70.210000,842.520000,2.405560,201.362000,0.001092
70.310000,843.720000,2.411540,201.145000,0.001052
70.410000,844.920000,2.417530,200.928000,0.001012
70.510000,846.120000,2.423530,200.711000,0.000972
70.610000,847.320000,2.429540,200.495000,0.000934
70.710000,848.520000,2.435550,200.278000,0.000897
70.810000,849.720000,2.441570,200.062000,0.000862
70.910000,850.920000,2.447590,199.847000,0.000830
71.010000,852.120000,2.453620,199.631000,0.000800
71.110000,853.320000,2.459660,199.416000,0.000774
71.210000,854.520000,2.465710,199.200000,0.000751
71.310000,855.720000,2.471760,198.986000,0.000733
71.410000,856.920000,2.477810,198.771000,0.000719
71.510000,858.120000,2.483880,198.556000,0.000711
71.610000,859.320000,2.489950,198.342000,0.000709
71.710000,860.520000,2.496030,198.128000,0.000717
71.810000,861.720000,2.502110,197.913000,0.000732
71.910000,862.920000,2.508200,197.700000,0.000752
72.010000,864.120000,2.514300,197.486000,0.000777
72.110000,865.320000,2.520400,197.272000,0.000806
72.210000,866.520000,2.526510,197.059000,0.000840
72.310000,867.720000,2.532630,196.846000,0.000877
72.410000,868.920000,2.538750,196.633000,0.000917
72.510000,870.120000,2.544880,196.420000,0.000960
72.610000,871.320000,2.551020,196.208000,0.001005
72.710000,872.520000,2.557160,195.996000,0.001052
72.810000,873.720000,2.563310,195.783000,0.001100
72.910000,874.920000,2.569470,195.572000,0.001149
73.010000,876.120000,2.575630,195.360000,0.001199
73.110000,877.320000,2.581800,195.149000,0.001249
73.210000,878.520000,2.587980,194.937000,0.001299
73.310000,879.720000,2.594160,194.726000,0.001348
73.410000,880.920000,2.600350,194.516000,0.001397
73.510000,882.120000,2.606550,194.305000,0.001444
73.610000,883.320000,2.612750,194.095000,0.001490
73.710000,884.520000,2.618960,193.885000,0.001534
73.810000,885.720000,2.625180,193.676000,0.001577
73.910000,886.920000,2.631400,193.466000,0.001617
74.010000,888.120000,2.637630,193.257000,0.001655
74.110000,889.320000,2.643870,193.048000,0.001690
74.210000,890.520000,2.650110,192.840000,0.001722
74.310000,891.720000,2.656360,192.631000,0.001752
74.410000,892.920000,2.662610,192.423000,0.001778
74.510000,894.120000,2.668880,192.215000,0.001800
74.610000,895.320000,2.675150,192.008000,0.001819
74.710000,896.520000,2.681420,191.801000,0.001835
74.810000,897.720000,2.687700,191.594000,0.001847
74.910000,898.920000,2.693990,191.388000,0.001855
75.010000,900.120000,2.700290,191.181000,0.001859
75.110000,901.320000,2.706590,190.975000,0.001859
75.210000,902.520000,2.712900,190.770000,0.001855
75.310000,903.720000,2.719220,190.565000,0.001847
75.410000,904.920000,2.725540,190.360000,0.001835
75.510000,906.120000,2.731870,190.155000,0.001819
75.610000,907.320000,2.738210,189.951000,0.001798
75.710000,908.520000,2.744550,189.747000,0.001774
75.810000,909.720000,2.750900,189.544000,0.001746
75.910000,910.920000,2.757250,189.340000,0.001713
76.010000,912.120000,2.763620,189.138000,0.001677
76.110000,913.320000,2.769990,188.935000,0.001637
76.210000,914.520000,2.776360,188.733000,0.001594
76.310000,915.720000,2.782740,188.531000,0.001547
76.410000,916.920000,2.789130,188.330000,0.001497
76.510000,918.120000,2.795530,188.129000,0.001443
76.610000,919.320000,2.801930,187.928000,0.001387
76.710000,920.520000,2.808340,187.728000,0.001327
76.810000,921.720000,2.814760,187.528000,0.001265
76.910000,922.920000,2.821180,187.329000,0.001201
77.010000,924.120000,2.827610,187.130000,0.001134
77.110000,925.320000,2.834050,186.931000,0.001066
77.210000,926.520000,2.840490,186.733000,0.000996
77.310000,927.720000,2.846940,186.535000,0.000925
77.410000,928.920000,2.853400,186.338000,0.000852
77.510000,930.120000,2.859860,186.141000,0.000780
77.610000,931.320000,2.866330,185.944000,0.000707
77.710000,932.520000,2.872810,185.748000,0.000633
77.810000,933.720000,2.879290,185.553000,0.000561
77.910000,934.920000,2.885780,185.358000,0.000489
78.010000,936.120000,2.892280,185.163000,0.000419
78.110000,937.320000,2.898780,184.968000,0.000350
78.210000,938.520000,2.905300,184.775000,0.000284
78.310000,939.720000,2.911810,184.581000,0.000220
78.410000,940.920000,2.918340,184.388000,0.000159
78.510000,942.120000,2.924870,184.196000,0.000102
78.610000,943.320000,2.931400,184.004000,0.000050
78.710000,944.520000,2.937950,183.812000,0.000002
78.810000,945.720000,2.944500,183.621000,-0.000041
78.910000,946.920000,2.951060,183.431000,-0.000078
79.010000,948.120000,2.957620,183.241000,-0.000108
79.110000,949.320000,2.964190,183.051000,-0.000131
79.210000,950.520000,2.970770,182.862000,-0.000146
79.310000,951.720000,2.977360,182.673000,-0.000153
79.410000,952.920000,2.983950,182.485000,-0.000151
79.510000,954.120000,2.990550,182.298000,-0.000139
79.610000,955.320000,2.997150,182.111000,-0.000116
79.710000,956.520000,3.003770,181.924000,-0.000082
79.810000,957.720000,3.010380,181.738000,-0.000036
79.910000,958.920000,3.017010,181.553000,0.000022
80.010000,960.120000,3.023640,181.368000,0.000094
80.110000,961.320000,3.030280,181.183000,0.000181
80.210000,962.520000,3.036930,181.000000,0.000283
80.310000,963.720000,3.043580,180.816000,0.000398
80.410000,964.920000,3.050240,180.633000,0.000525
80.510000,966.120000,3.056910,180.451000,0.000663
80.610000,967.320000,3.063580,180.269000,0.000812
80.710000,968.520000,3.070260,180.088000,0.000970
80.810000,969.720000,3.076950,179.907000,0.001136
80.910000,970.920000,3.083640,179.727000,0.001311
81.010000,972.120000,3.090340,179.548000,0.001492
81.110000,973.320000,3.097050,179.368000,0.001678
81.210000,974.520000,3.103760,179.190000,0.001870
81.310000,975.720000,3.110480,179.012000,0.002067
81.410000,976.920000,3.117210,178.834000,0.002267
81.510000,978.120000,3.123940,178.657000,0.002469
81.610000,979.320000,3.130680,178.480000,0.002674
81.710000,980.520000,3.137430,178.304000,0.002880
81.810000,981.720000,3.144190,178.128000,0.003086
81.910000,982.920000,3.150950,177.953000,0.003293
82.010000,984.120000,3.157710,177.778000,0.003498
82.110000,985.320000,3.164490,177.604000,0.003703
82.210000,986.520000,3.171270,177.431000,0.003905
82.310000,987.720000,3.178060,177.257000,0.004105
82.410000,988.920000,3.184850,177.084000,0.004301
82.510000,990.120000,3.191650,176.912000,0.004494
82.610000,991.320000,3.198460,176.740000,0.004683
82.710000,992.520000,3.205280,176.569000,0.004867
82.810000,993.720000,3.212100,176.398000,0.005045
82.910000,994.920000,3.218930,176.227000,0.005218
83.010000,996.120000,3.225760,176.057000,0.005385
83.110000,997.320000,3.232600,175.888000,0.005546
83.210000,998.520000,3.239450,175.719000,0.005699
83.310000,999.720000,3.246300,175.550000,0.005845
83.410000,1000.920000,3.253170,175.382000,0.005984
83.510000,1002.120000,3.260030,175.214000,0.006114
83.610000,1003.320000,3.266910,175.047000,0.006236
83.710000,1004.520000,3.273790,174.880000,0.006349
83.810000,1005.720000,3.280680,174.713000,0.006454
83.910000,1006.920000,3.287570,174.547000,0.006549
84.010000,1008.120000,3.294470,174.381000,0.006635
84.110000,1009.320000,3.301380,174.216000,0.006712
84.210000,1010.520000,3.308300,174.051000,0.006779
84.310000,1011.720000,3.315220,173.887000,0.006835
84.410000,1012.920000,3.322150,173.723000,0.006882
84.510000,1014.120000,3.329080,173.559000,0.006919
84.610000,1015.320000,3.336020,173.396000,0.006945
84.710000,1016.520000,3.342970,173.233000,0.006961
84.810000,1017.720000,3.349920,173.071000,0.006967
84.910000,1018.920000,3.356880,172.909000,0.006962
85.010000,1020.120000,3.363850,172.747000,0.006947
85.110000,1021.320000,3.370820,172.586000,0.006922
85.210000,1022.520000,3.377810,172.425000,0.006886
85.310000,1023.720000,3.384790,172.265000,0.006840
85.410000,1024.920000,3.391790,172.105000,0.006783
85.510000,1026.120000,3.398790,171.945000,0.006717
85.610000,1027.320000,3.405790,171.786000,0.006640
85.710000,1028.520000,3.412810,171.627000,0.006554
85.810000,1029.720000,3.419830,171.468000,0.006458
85.910000,1030.920000,3.426850,171.310000,0.006353
86.010000,1032.120000,3.433890,171.152000,0.006238
86.110000,1033.320000,3.440930,170.995000,0.006115
86.210000,1034.520000,3.447970,170.838000,0.005982
86.310000,1035.720000,3.455030,170.681000,0.005842
86.410000,1036.920000,3.462080,170.524000,0.005693
86.510000,1038.120000,3.469150,170.368000,0.005536
86.610000,1039.320000,3.476220,170.213000,0.005372
86.710000,1040.520000,3.483300,170.057000,0.005201
86.810000,1041.720000,3.490390,169.902000,0.005024
86.910000,1042.920000,3.497480,169.748000,0.004840
87.010000,1044.120000,3.504580,169.593000,0.004650
87.110000,1045.320000,3.511680,169.439000,0.004455
87.210000,1046.520000,3.518790,169.286000,0.004255
87.310000,1047.720000,3.525910,169.132000,0.004051
87.410000,1048.920000,3.533040,168.979000,0.003843
87.510000,1050.120000,3.540170,168.826000,0.003632
87.610000,1051.320000,3.547310,168.674000,0.003418
87.710000,1052.520000,3.554450,168.522000,0.003202
87.810000,1053.720000,3.561600,168.370000,0.002985
87.910000,1054.920000,3.568760,168.218000,0.002767
88.010000,1056.120000,3.575920,168.067000,0.002550
88.110000,1057.320000,3.583090,167.916000,0.002332
88.210000,1058.520000,3.590270,167.766000,0.002117
88.310000,1059.720000,3.597450,167.615000,0.001903
88.410000,1060.920000,3.604640,167.465000,0.001692
88.510000,1062.120000,3.611830,167.316000,0.001485
88.610000,1063.320000,3.619040,167.166000,0.001283
88.710000,1064.520000,3.626240,167.017000,0.001086
88.810000,1065.720000,3.633460,166.868000,0.000895
88.910000,1066.920000,3.640680,166.720000,0.000711
89.010000,1068.120000,3.647910,166.571000,0.000535
89.110000,1069.320000,3.655140,166.423000,0.000369
89.210000,1070.520000,3.662380,166.276000,0.000212
89.310000,1071.720000,3.669630,166.128000,0.000066
89.410000,1072.920000,3.676880,165.981000,-0.000068
89.510000,1074.120000,3.684140,165.834000,-0.000189
89.610000,1075.320000,3.691410,165.687000,-0.000301
89.710000,1076.520000,3.698680,165.541000,-0.000399
89.810000,1077.720000,3.705960,165.394000,-0.000485
89.910000,1078.920000,3.713250,165.248000,-0.000559
90.010000,1080.120000,3.720540,165.103000,-0.000621
90.110000,1081.320000,3.727840,164.957000,-0.000672
90.210000,1082.520000,3.735140,164.812000,-0.000713
90.310000,1083.720000,3.742450,164.667000,-0.000744
90.410000,1084.920000,3.749770,164.522000,-0.000766
90.510000,1086.120000,3.757100,164.378000,-0.000779
90.610000,1087.320000,3.764430,164.234000,-0.000784
90.710000,1088.520000,3.771760,164.090000,-0.000781
90.810000,1089.720000,3.779110,163.946000,-0.000771
90.910000,1090.920000,3.786460,163.803000,-0.000754
91.010000,1092.120000,3.793810,163.659000,-0.000731
91.110000,1093.320000,3.801170,163.516000,-0.000702
91.210000,1094.520000,3.808540,163.374000,-0.000668
91.310000,1095.720000,3.815920,163.231000,-0.000629
91.410000,1096.920000,3.823300,163.089000,-0.000585
91.510000,1098.120000,3.830690,162.947000,-0.000537
91.610000,1099.320000,3.838080,162.806000,-0.000486
91.710000,1100.520000,3.845480,162.664000,-0.000431
91.810000,1101.720000,3.852890,162.523000,-0.000373
91.910000,1102.920000,3.860300,162.382000,-0.000313
92.010000,1104.120000,3.867720,162.242000,-0.000251
92.110000,1105.320000,3.875150,162.101000,-0.000187
92.210000,1106.520000,3.882580,161.961000,-0.000122
92.310000,1107.720000,3.890020,161.821000,-0.000055
92.410000,1108.920000,3.897470,161.682000,0.000012
92.510000,1110.120000,3.904920,161.542000,0.000080
92.610000,1111.320000,3.912380,161.403000,0.000148
92.710000,1112.520000,3.919840,161.264000,0.000216
92.810000,1113.720000,3.927310,161.126000,0.000283
92.910000,1114.920000,3.934790,160.987000,0.000350
93.010000,1116.120000,3.942270,160.849000,0.000416
93.110000,1117.320000,3.949760,160.711000,0.000480
93.210000,1118.520000,3.957260,160.574000,0.000543
93.310000,1119.720000,3.964760,160.436000,0.000605
93.410000,1120.920000,3.972270,160.299000,0.000665
93.510000,1122.120000,3.979790,160.162000,0.000722
93.610000,1123.320000,3.987310,160.026000,0.000777
93.710000,1124.520000,3.994840,159.889000,0.000830
93.810000,1125.720000,4.002370,159.753000,0.000881
93.910000,1126.920000,4.009910,159.617000,0.000928
94.010000,1128.120000,4.017460,159.482000,0.000973
94.110000,1129.320000,4.025010,159.346000,0.001014
94.210000,1130.520000,4.032570,159.211000,0.001052
94.310000,1131.720000,4.040140,159.076000,0.001087
94.410000,1132.920000,4.047710,158.942000,0.001119
94.510000,1134.120000,4.055290,158.807000,0.001147
94.610000,1135.320000,4.062880,158.673000,0.001172
94.710000,1136.520000,4.070470,158.540000,0.001193
94.810000,1137.720000,4.078070,158.406000,0.001210
94.910000,1138.920000,4.085670,158.273000,0.001224
95.010000,1140.120000,4.093280,158.139000,0.001234
95.110000,1141.320000,4.100900,158.007000,0.001240
95.210000,1142.520000,4.108530,157.874000,0.001242
95.310000,1143.720000,4.116160,157.742000,0.001240
95.410000,1144.920000,4.123790,157.610000,0.001235
95.510000,1146.120000,4.131440,157.478000,0.001226
95.610000,1147.320000,4.139080,157.346000,0.001213
95.710000,1148.520000,4.146740,157.215000,0.001196
95.810000,1149.720000,4.154400,157.084000,0.001176
95.910000,1150.920000,4.162070,156.953000,0.001153
96.010000,1152.120000,4.169750,156.822000,0.001125
96.110000,1153.320000,4.177430,156.692000,0.001095
96.210000,1154.520000,4.185110,156.562000,0.001061
96.310000,1155.720000,4.192810,156.432000,0.001024
96.410000,1156.920000,4.200510,156.302000,0.000984
96.510000,1158.120000,4.208210,156.173000,0.000941
96.610000,1159.320000,4.215930,156.044000,0.000896
96.710000,1160.520000,4.223650,155.915000,0.000848
96.810000,1161.720000,4.231370,155.786000,0.000797
96.910000,1162.920000,4.239100,155.658000,0.000745
97.010000,1164.120000,4.246840,155.530000,0.000690
97.110000,1165.320000,4.254590,155.402000,0.000634
97.210000,1166.520000,4.262340,155.274000,0.000576
97.310000,1167.720000,4.270090,155.147000,0.000517
97.410000,1168.920000,4.277860,155.020000,0.000456
97.510000,1170.120000,4.285630,154.893000,0.000395
97.610000,1171.320000,4.293400,154.766000,0.000334
97.710000,1172.520000,4.301190,154.640000,0.000272
97.810000,1173.720000,4.308970,154.514000,0.000210
97.910000,1174.920000,4.316770,154.388000,0.000149
98.010000,1176.120000,4.324570,154.262000,0.000088
98.110000,1177.320000,4.332380,154.137000,0.000028
98.210000,1178.520000,4.340190,154.012000,-0.000030
98.310000,1179.720000,4.348010,153.887000,-0.000087
98.410000,1180.920000,4.355840,153.762000,-0.000141
98.510000,1182.120000,4.363670,153.638000,-0.000193
98.610000,1183.320000,4.371510,153.513000,-0.000242
98.710000,1184.520000,4.379360,153.389000,-0.000288
98.810000,1185.720000,4.387210,153.266000,-0.000330
98.910000,1186.920000,4.395070,153.142000,-0.000368
99.010000,1188.120000,4.402930,153.019000,-0.000401
99.110000,1189.320000,4.410810,152.896000,-0.000429
99.210000,1190.520000,4.418680,152.773000,-0.000452
99.310000,1191.720000,4.426570,152.651000,-0.000468
99.410000,1192.920000,4.434460,152.529000,-0.000478
99.510000,1194.120000,4.442350,152.407000,-0.000482
99.610000,1195.320000,4.450260,152.285000,-0.000477
99.710000,1196.520000,4.458170,152.164000,-0.000464
99.810000,1197.720000,4.466080,152.042000,-0.000443
99.910000,1198.920000,4.474000,151.921000,-0.000413
100.010000,1200.120000,4.481930,151.801000,-0.000373
100.110000,1201.320000,4.489870,151.680000,-0.000322
100.210000,1202.520000,4.497810,151.560000,-0.000261
100.310000,1203.720000,4.505750,151.440000,-0.000190
100.410000,1204.920000,4.513710,151.320000,-0.000110
100.510000,1206.120000,4.521670,151.201000,-0.000021
100.610000,1207.320000,4.529630,151.081000,0.000076
100.710000,1208.520000,4.537600,150.962000,0.000181
100.810000,1209.720000,4.545580,150.843000,0.000292
100.910000,1210.920000,4.553570,150.725000,0.000410
101.010000,1212.120000,4.561560,150.607000,0.000535
101.110000,1213.320000,4.569560,150.488000,0.000664
101.210000,1214.520000,4.577560,150.371000,0.000799
101.310000,1215.720000,4.585570,150.253000,0.000938
101.410000,1216.920000,4.593590,150.136000,0.001082
101.510000,1218.120000,4.601610,150.018000,0.001229
101.610000,1219.320000,4.609640,149.901000,0.001380
101.710000,1220.520000,4.617670,149.785000,0.001533
101.810000,1221.720000,4.625720,149.668000,0.001689
101.910000,1222.920000,4.633760,149.552000,0.001846
102.010000,1224.120000,4.641820,149.436000,0.002006
102.110000,1225.320000,4.649880,149.320000,0.002166
102.210000,1226.520000,4.657940,149.205000,0.002327
102.310000,1227.720000,4.666020,149.089000,0.002489
102.410000,1228.920000,4.674100,148.974000,0.002650
102.510000,1230.120000,4.682180,148.860000,0.002812
102.610000,1231.320000,4.690270,148.745000,0.002972
102.710000,1232.520000,4.698370,148.631000,0.003132
102.810000,1233.720000,4.706480,148.516000,0.003290
102.910000,1234.920000,4.714590,148.402000,0.003447
103.010000,1236.120000,4.722700,148.289000,0.003602
103.110000,1237.320000,4.730830,148.175000,0.003754
103.210000,1238.520000,4.738950,148.062000,0.003904
103.310000,1239.720000,4.747090,147.949000,0.004051
103.410000,1240.920000,4.755230,147.836000,0.004195
103.510000,1242.120000,4.763380,147.723000,0.004336
103.610000,1243.320000,4.771530,147.611000,0.004473
103.710000,1244.520000,4.779690,147.499000,0.004606
103.810000,1245.720000,4.787860,147.387000,0.004735
103.910000,1246.920000,4.796030,147.275000,0.004860
104.010000,1248.120000,4.804210,147.163000,0.004980
104.110000,1249.320000,4.812400,147.052000,0.005095
104.210000,1250.520000,4.820590,146.941000,0.005206
104.310000,1251.720000,4.828790,146.830000,0.005311
104.410000,1252.920000,4.836990,146.719000,0.005411
104.510000,1254.120000,4.845200,146.609000,0.005506
104.610000,1255.320000,4.853420,146.499000,0.005595
104.710000,1256.520000,4.861640,146.389000,0.005678
104.810000,1257.720000,4.869870,146.279000,0.005756
104.910000,1258.920000,4.878100,146.169000,0.005827
105.010000,1260.120000,4.886340,146.060000,0.005893
105.110000,1261.320000,4.894590,145.951000,0.005952
105.210000,1262.520000,4.902840,145.842000,0.006005
105.310000,1263.720000,4.911100,145.733000,0.006051
105.410000,1264.920000,4.919370,145.624000,0.006091
105.510000,1266.120000,4.927640,145.516000,0.006124
105.610000,1267.320000,4.935920,145.408000,0.006151
105.710000,1268.520000,4.944210,145.300000,0.006171
105.810000,1269.720000,4.952500,145.192000,0.006185
105.910000,1270.920000,4.960790,145.084000,0.006191
106.010000,1272.120000,4.969100,144.977000,0.006191
106.110000,1273.320000,4.977400,144.870000,0.006185
106.210000,1274.520000,4.985720,144.763000,0.006171
106.310000,1275.720000,4.994040,144.656000,0.006151
106.410000,1276.920000,5.002370,144.549000,0.006124
106.510000,1278.120000,5.010700,144.443000,0.006091
106.610000,1279.320000,5.019040,144.337000,0.006051
106.710000,1280.520000,5.027390,144.231000,0.006005
106.810000,1281.720000,5.035740,144.125000,0.005952
106.910000,1282.920000,5.044100,144.019000,0.005892
107.010000,1284.120000,5.052460,143.914000,0.005827
107.110000,1285.320000,5.060840,143.809000,0.005755
107.210000,1286.520000,5.069210,143.704000,0.005677
107.310000,1287.720000,5.077600,143.599000,0.005593
107.410000,1288.920000,5.085980,143.494000,0.005503
107.510000,1290.120000,5.094380,143.390000,0.005408
107.610000,1291.320000,5.102780,143.285000,0.005307
107.710000,1292.520000,5.111190,143.181000,0.005200
107.810000,1293.720000,5.119600,143.078000,0.005088
107.910000,1294.920000,5.128020,142.974000,0.004972
108.010000,1296.120000,5.136450,142.870000,0.004850
108.110000,1297.320000,5.144880,142.767000,0.004724
108.210000,1298.520000,5.153320,142.664000,0.004593
108.310000,1299.720000,5.161760,142.561000,0.004458
108.410000,1300.920000,5.170210,142.458000,0.004319
108.510000,1302.120000,5.178670,142.356000,0.004177
108.610000,1303.320000,5.187130,142.253000,0.004030
108.710000,1304.520000,5.195600,142.151000,0.003881
108.810000,1305.720000,5.204080,142.049000,0.003728
108.910000,1306.920000,5.212560,141.947000,0.003573
109.010000,1308.120000,5.221040,141.845000,0.003416
109.110000,1309.320000,5.229540,141.744000,0.003256
109.210000,1310.520000,5.238040,141.642000,0.003095
109.310000,1311.720000,5.246540,141.541000,0.002932
109.410000,1312.920000,5.255050,141.440000,0.002768
109.510000,1314.120000,5.263570,141.339000,0.002604
109.610000,1315.320000,5.272100,141.239000,0.002439
109.710000,1316.520000,5.280620,141.138000,0.002273
109.810000,1317.720000,5.289160,141.038000,0.002109
109.910000,1318.920000,5.297700,140.938000,0.001945
110.010000,1320.120000,5.306250,140.838000,0.001782
110.110000,1321.320000,5.314800,140.738000,0.001620
110.210000,1322.520000,5.323360,140.639000,0.001461
110.310000,1323.720000,5.331930,140.539000,0.001304
110.410000,1324.920000,5.340500,140.440000,0.001150
110.510000,1326.120000,5.349080,140.341000,0.000999
110.610000,1327.320000,5.357670,140.242000,0.000852
110.710000,1328.520000,5.366260,140.143000,0.000709
110.810000,1329.720000,5.374850,140.045000,0.000571
110.910000,1330.920000,5.383460,139.946000,0.000438
111.010000,1332.120000,5.392060,139.848000,0.000311
111.110000,1333.320000,5.400680,139.750000,0.000190
111.210000,1334.520000,5.409300,139.652000,0.000076
111.310000,1335.720000,5.417930,139.554000,-0.000031
111.410000,1336.920000,5.426560,139.457000,-0.000130
111.510000,1338.120000,5.435200,139.359000,-0.000220
111.610000,1339.320000,5.443840,139.262000,-0.000302
111.710000,1340.520000,5.452490,139.165000,-0.000374
111.810000,1341.720000,5.461150,139.068000,-0.000436
111.910000,1342.920000,5.469810,138.971000,-0.000487
112.010000,1344.120000,5.478480,138.874000,-0.000529
112.110000,1345.320000,5.487160,138.778000,-0.000560
112.210000,1346.520000,5.495840,138.681000,-0.000581
112.310000,1347.720000,5.504530,138.585000,-0.000593
112.410000,1348.920000,5.513220,138.489000,-0.000596
112.510000,1350.120000,5.521920,138.393000,-0.000590
112.610000,1351.320000,5.530620,138.297000,-0.000576
112.710000,1352.520000,5.539330,138.202000,-0.000553
112.810000,1353.720000,5.548050,138.106000,-0.000524
112.910000,1354.920000,5.556770,138.011000,-0.000487
113.010000,1356.120000,5.565500,137.916000,-0.000444
113.110000,1357.320000,5.574240,137.821000,-0.000394
113.210000,1358.520000,5.582980,137.726000,-0.000338
113.310000,1359.720000,5.591730,137.632000,-0.000277
113.410000,1360.920000,5.600480,137.537000,-0.000211
113.510000,1362.120000,5.609240,137.443000,-0.000139
113.610000,1363.320000,5.618000,137.349000,-0.000063
113.710000,1364.520000,5.626780,137.255000,0.000017
113.810000,1365.720000,5.635550,137.161000,0.000101
113.910000,1366.920000,5.644340,137.067000,0.000188
114.010000,1368.120000,5.653120,136.974000,0.000279
114.110000,1369.320000,5.661920,136.880000,0.000373
114.210000,1370.520000,5.670720,136.787000,0.000469
114.310000,1371.720000,5.679530,136.694000,0.000567
114.410000,1372.920000,5.688340,136.601000,0.000668
114.510000,1374.120000,5.697160,136.508000,0.000770
114.610000,1375.320000,5.705980,136.415000,0.000874
114.710000,1376.520000,5.714820,136.323000,0.000979
114.810000,1377.720000,5.723650,136.231000,0.001084
114.910000,1378.920000,5.732500,136.139000,0.001191
115.010000,1380.120000,5.741340,136.046000,0.001298
115.110000,1381.320000,5.750200,135.955000,0.001404
115.210000,1382.520000,5.759060,135.863000,0.001511
115.310000,1383.720000,5.767930,135.771000,0.001618
115.410000,1384.920000,5.776800,135.680000,0.001724
115.510000,1386.120000,5.785680,135.589000,0.001829
115.610000,1387.320000,5.794560,135.498000,0.001933
115.710000,1388.520000,5.803450,135.407000,0.002036
115.810000,1389.720000,5.812350,135.316000,0.002137
115.910000,1390.920000,5.821250,135.225000,0.002237
116.010000,1392.120000,5.830160,135.135000,0.002335
116.110000,1393.320000,5.839070,135.044000,0.002431
116.210000,1394.520000,5.847990,134.954000,0.002525
116.310000,1395.720000,5.856920,134.864000,0.002616
116.410000,1396.920000,5.865850,134.774000,0.002705
116.510000,1398.120000,5.874790,134.684000,0.002792
116.610000,1399.320000,5.883730,134.595000,0.002875
116.710000,1400.520000,5.892680,134.505000,0.002956
116.810000,1401.720000,5.901640,134.416000,0.003033
116.910000,1402.920000,5.910600,134.327000,0.003107
117.010000,1404.120000,5.919570,134.238000,0.003178
117.110000,1405.320000,5.928540,134.149000,0.003246
117.210000,1406.520000,5.937520,134.060000,0.003309
117.310000,1407.720000,5.946510,133.971000,0.003370
117.410000,1408.920000,5.955500,133.883000,0.003426
117.510000,1410.120000,5.964500,133.795000,0.003478
117.610000,1411.320000,5.973500,133.707000,0.003527
117.710000,1412.520000,5.982510,133.619000,0.003572
117.810000,1413.720000,5.991520,133.531000,0.003612
117.910000,1414.920000,6.000540,133.443000,0.003648
118.010000,1416.120000,6.009570,133.356000,0.003680
118.110000,1417.320000,6.018600,133.268000,0.003708
118.210000,1418.520000,6.027640,133.181000,0.003732
118.310000,1419.720000,6.036690,133.094000,0.003751
118.410000,1420.920000,6.045740,133.007000,0.003765
118.510000,1422.120000,6.054790,132.920000,0.003776
118.610000,1423.320000,6.063850,132.833000,0.003782
118.710000,1424.520000,6.072920,132.747000,0.003783
118.810000,1425.720000,6.082000,132.661000,0.003780
118.910000,1426.920000,6.091080,132.574000,0.003773
119.010000,1428.120000,6.100160,132.488000,0.003761
119.110000,1429.320000,6.109250,132.402000,0.003724
119.210000,1430.520000,6.118350,132.317000,0.003703
119.310000,1431.720000,6.127450,132.231000,0.003678
119.410000,1432.920000,6.136560,132.145000,0.003649
119.510000,1434.120000,6.145680,132.060000,0.003616
119.610000,1435.320000,6.154800,131.975000,0.003578
119.710000,1436.520000,6.163930,131.890000,0.003536
119.810000,1437.720000,6.173060,131.805000,0.003491
119.910000,1438.920000,6.182200,131.720000,0.003441
120.010000,1440.120000,6.191340,131.636000,0.003387
120.110000,1441.320000,6.200490,131.551000,0.003329
120.210000,1442.520000,6.209650,131.467000,0.003268
120.310000,1443.720000,6.218810,131.383000,0.003202
120.410000,1444.920000,6.227980,131.298000,0.003134
120.510000,1446.120000,6.237150,131.215000,0.003062
120.610000,1447.320000,6.246330,131.131000,0.002986
120.710000,1448.520000,6.255510,131.047000,0.002907
120.810000,1449.720000,6.264700,130.964000,0.002826
120.910000,1450.920000,6.273900,130.880000,0.002741
121.010000,1452.120000,6.283100,130.797000,0.002653
121.110000,1453.320000,6.292310,130.714000,0.002563
121.210000,1454.520000,6.301530,130.631000,0.002471
121.310000,1455.720000,6.310750,130.548000,0.002376
121.410000,1456.920000,6.319970,130.466000,0.002279
121.510000,1458.120000,6.329200,130.383000,0.002180
121.610000,1459.320000,6.338440,130.301000,0.002079
121.710000,1460.520000,6.347690,130.219000,0.001977
121.810000,1461.720000,6.356930,130.137000,0.001874
121.910000,1462.920000,6.366190,130.055000,0.001769
122.010000,1464.120000,6.375450,129.973000,0.001663
122.110000,1465.320000,6.384720,129.891000,0.001557
122.210000,1466.520000,6.393990,129.810000,0.001450
122.310000,1467.720000,6.403270,129.729000,0.001343
122.410000,1468.920000,6.412550,129.647000,0.001236
122.510000,1470.120000,6.421840,129.566000,0.001130
122.610000,1471.320000,6.431140,129.485000,0.001024
122.710000,1472.520000,6.440440,129.404000,0.000918
122.810000,1473.720000,6.449750,129.324000,0.000814
122.910000,1474.920000,6.459060,129.243000,0.000711
123.010000,1476.120000,6.468380,129.163000,0.000610
123.110000,1477.320000,6.477700,129.083000,0.000511
123.210000,1478.520000,6.487030,129.003000,0.000414
123.310000,1479.720000,6.496370,128.923000,0.000319
123.410000,1480.920000,6.505710,128.843000,0.000228
123.510000,1482.120000,6.515060,128.763000,0.000139
123.610000,1483.320000,6.524410,128.684000,0.000055
123.710000,1484.520000,6.533770,128.604000,-0.000026
123.810000,1485.720000,6.543140,128.525000,-0.000103
123.910000,1486.920000,6.552510,128.446000,-0.000175
124.010000,1488.120000,6.561890,128.367000,-0.000242
124.110000,1489.320000,6.571270,128.288000,-0.000304
124.210000,1490.520000,6.580660,128.209000,-0.000360
124.310000,1491.720000,6.590050,128.131000,-0.000411
124.410000,1492.920000,6.599450,128.052000,-0.000454
124.510000,1494.120000,6.608860,127.974000,-0.000491
124.610000,1495.320000,6.618270,127.896000,-0.000521
124.710000,1496.520000,6.627680,127.818000,-0.000543
124.810000,1497.720000,6.637110,127.740000,-0.000557
124.910000,1498.920000,6.646530,127.662000,-0.000562
125.010000,1500.120000,6.655970,127.584000,-0.000559
125.110000,1501.320000,6.665410,127.507000,-0.000546
125.210000,1502.520000,6.674850,127.429000,-0.000525
125.310000,1503.720000,6.684310,127.352000,-0.000495
125.410000,1504.920000,6.693760,127.275000,-0.000457
125.510000,1506.120000,6.703230,127.198000,-0.000410
125.610000,1507.320000,6.712700,127.121000,-0.000355
125.710000,1508.520000,6.722170,127.045000,-0.000293
125.810000,1509.720000,6.731650,126.968000,-0.000224
125.910000,1510.920000,6.741140,126.892000,-0.000148
126.010000,1512.120000,6.750630,126.815000,-0.000065
126.110000,1513.320000,6.760120,126.739000,0.000023
126.210000,1514.520000,6.769630,126.663000,0.000118
126.310000,1515.720000,6.779140,126.587000,0.000218
126.410000,1516.920000,6.788650,126.511000,0.000323
126.510000,1518.120000,6.798170,126.436000,0.000432
126.610000,1519.320000,6.807700,126.360000,0.000547
126.710000,1520.520000,6.817230,126.285000,0.000665
126.810000,1521.720000,6.826770,126.210000,0.000788
126.910000,1522.920000,6.836310,126.134000,0.000914
127.010000,1524.120000,6.845860,126.059000,0.001043
127.110000,1525.320000,6.855410,125.985000,0.001176
127.210000,1526.520000,6.864970,125.910000,0.001311
127.310000,1527.720000,6.874540,125.835000,0.001449
127.410000,1528.920000,6.884110,125.761000,0.001588
127.510000,1530.120000,6.893690,125.686000,0.001730
127.610000,1531.320000,6.903270,125.612000,0.001874
127.710000,1532.520000,6.912860,125.538000,0.002019
127.810000,1533.720000,6.922450,125.464000,0.002165
127.910000,1534.920000,6.932050,125.390000,0.002312
128.010000,1536.120000,6.941660,125.317000,0.002460
128.110000,1537.320000,6.951270,125.243000,0.002608
128.210000,1538.520000,6.960880,125.170000,0.002757
128.310000,1539.720000,6.970510,125.096000,0.002905
128.410000,1540.920000,6.980130,125.023000,0.003053
128.510000,1542.120000,6.989770,124.950000,0.003201
128.610000,1543.320000,6.999410,124.877000,0.003348
128.710000,1544.520000,7.009050,124.804000,0.003495
128.810000,1545.720000,7.018700,124.731000,0.003640
128.910000,1546.920000,7.028360,124.659000,0.003784
129.010000,1548.120000,7.038020,124.586000,0.003927
129.110000,1549.320000,7.047690,124.514000,0.004067
129.210000,1550.520000,7.057360,124.442000,0.004207
129.310000,1551.720000,7.067040,124.370000,0.004344
129.410000,1552.920000,7.076720,124.298000,0.004478
129.510000,1554.120000,7.086410,124.226000,0.004611
129.610000,1555.320000,7.096110,124.154000,0.004741
129.710000,1556.520000,7.105810,124.082000,0.004869
129.810000,1557.720000,7.115520,124.011000,0.004993
129.910000,1558.920000,7.125230,123.940000,0.005115
130.010000,1560.120000,7.134950,123.868000,0.005233
130.110000,1561.320000,7.144670,123.797000,0.005349
130.210000,1562.520000,7.154400,123.726000,0.005461
130.310000,1563.720000,7.164140,123.655000,0.005569
130.410000,1564.920000,7.173880,123.584000,0.005674
130.510000,1566.120000,7.183620,123.514000,0.005775
130.610000,1567.320000,7.193380,123.443000,0.005872
130.710000,1568.520000,7.203130,123.373000,0.005965
130.810000,1569.720000,7.212900,123.302000,0.006054
130.910000,1570.920000,7.222660,123.232000,0.006139
131.010000,1572.120000,7.232440,123.162000,0.006220
131.110000,1573.320000,7.242220,123.092000,0.006297
131.210000,1574.520000,7.252000,123.022000,0.006368
131.310000,1575.720000,7.261790,122.952000,0.006436
131.410000,1576.920000,7.271590,122.883000,0.006499
131.510000,1578.120000,7.281390,122.813000,0.006557
131.610000,1579.320000,7.291200,122.744000,0.006611
131.710000,1580.520000,7.301010,122.675000,0.006659
131.810000,1581.720000,7.310830,122.605000,0.006703
131.910000,1582.920000,7.320650,122.536000,0.006742
132.010000,1584.120000,7.330480,122.467000,0.006777
132.110000,1585.320000,7.340320,122.399000,0.006806
132.210000,1586.520000,7.350160,122.330000,0.006830
132.310000,1587.720000,7.360010,122.261000,0.006849
132.410000,1588.920000,7.369860,122.193000,0.006864
132.510000,1590.120000,7.379720,122.124000,0.006873
132.610000,1591.320000,7.389580,122.056000,0.006877
132.710000,1592.520000,7.399450,121.988000,0.006876
132.810000,1593.720000,7.409320,121.920000,0.006870
132.910000,1594.920000,7.419200,121.852000,0.006859
133.010000,1596.120000,7.429090,121.784000,0.006843
133.110000,1597.320000,7.438980,121.716000,0.006822
133.210000,1598.520000,7.448870,121.649000,0.006796
133.310000,1599.720000,7.458770,121.581000,0.006765
133.410000,1600.920000,7.468680,121.514000,0.006729
133.510000,1602.120000,7.478590,121.446000,0.006687
133.610000,1603.320000,7.488510,121.379000,0.006642
133.710000,1604.520000,7.498440,121.312000,0.006591
133.810000,1605.720000,7.508370,121.245000,0.006535
133.910000,1606.920000,7.518300,121.178000,0.006475
134.010000,1608.120000,7.528240,121.111000,0.006410
134.110000,1609.320000,7.538190,121.045000,0.006340
134.210000,1610.520000,7.548140,120.978000,0.006266
134.310000,1611.720000,7.558090,120.912000,0.006187
134.410000,1612.920000,7.568060,120.845000,0.006104
134.510000,1614.120000,7.578020,120.779000,0.006017
134.610000,1615.320000,7.588000,120.713000,0.005925
134.710000,1616.520000,7.597980,120.647000,0.005830
134.810000,1617.720000,7.607960,120.581000,0.005730
134.910000,1618.920000,7.617950,120.515000,0.005626
135.010000,1620.120000,7.627940,120.449000,0.005519
135.110000,1621.320000,7.637940,120.384000,0.005408
135.210000,1622.520000,7.647950,120.318000,0.005293
135.310000,1623.720000,7.657960,120.253000,0.005175
135.410000,1624.920000,7.667980,120.187000,0.005053
135.510000,1626.120000,7.678000,120.122000,0.004929
135.610000,1627.320000,7.688030,120.057000,0.004801
135.710000,1628.520000,7.698060,119.992000,0.004671
135.810000,1629.720000,7.708100,119.927000,0.004537
135.910000,1630.920000,7.718150,119.862000,0.004401
136.010000,1632.120000,7.728190,119.798000,0.004263
136.110000,1633.320000,7.738250,119.733000,0.004123
136.210000,1634.520000,7.748310,119.668000,0.003980
136.310000,1635.720000,7.758380,119.604000,0.003836
136.410000,1636.920000,7.768450,119.540000,0.003690
136.510000,1638.120000,7.778520,119.475000,0.003542
136.610000,1639.320000,7.788610,119.411000,0.003393
136.710000,1640.520000,7.798690,119.347000,0.003243
136.810000,1641.720000,7.808790,119.283000,0.003092
136.910000,1642.920000,7.818890,119.219000,0.002940
137.010000,1644.120000,7.828990,119.156000,0.002788
137.110000,1645.320000,7.839100,119.092000,0.002635
137.210000,1646.520000,7.849210,119.028000,0.002483
137.310000,1647.720000,7.859330,118.965000,0.002331
137.410000,1648.920000,7.869460,118.901000,0.002179
137.510000,1650.120000,7.879590,118.838000,0.002027
137.610000,1651.320000,7.889730,118.775000,0.001877
137.710000,1652.520000,7.899870,118.712000,0.001728
137.810000,1653.720000,7.910010,118.649000,0.001580
137.910000,1654.920000,7.920170,118.586000,0.001434
138.010000,1656.120000,7.930320,118.523000,0.001290
138.110000,1657.320000,7.940490,118.460000,0.001148
138.210000,1658.520000,7.950660,118.398000,0.001009
138.310000,1659.720000,7.960830,118.335000,0.000872
138.410000,1660.920000,7.971010,118.273000,0.000739
138.510000,1662.120000,7.981190,118.210000,0.000609
138.610000,1663.320000,7.991380,118.148000,0.000482
138.710000,1664.520000,8.001580,118.086000,0.000360
138.810000,1665.720000,8.011780,118.024000,0.000242
138.910000,1666.920000,8.021990,117.962000,0.000128
139.010000,1668.120000,8.032200,117.900000,0.000020
139.110000,1669.320000,8.042420,117.838000,-0.000084
139.210000,1670.520000,8.052640,117.776000,-0.000182
139.310000,1671.720000,8.062870,117.715000,-0.000273
139.410000,1672.920000,8.073100,117.653000,-0.000359
139.510000,1674.120000,8.083340,117.591000,-0.000438
139.610000,1675.320000,8.093580,117.530000,-0.000510
139.710000,1676.520000,8.103830,117.469000,-0.000575
139.810000,1677.720000,8.114080,117.408000,-0.000632
139.910000,1678.920000,8.124340,117.346000,-0.000682
140.010000,1680.120000,8.134610,117.285000,-0.000725
140.110000,1681.320000,8.144880,117.224000,-0.000760
140.210000,1682.520000,8.155150,117.163000,-0.000788
140.310000,1683.720000,8.165440,117.103000,-0.000809
140.410000,1684.920000,8.175720,117.042000,-0.000824
140.510000,1686.120000,8.186010,116.981000,-0.000832
140.610000,1687.320000,8.196310,116.921000,-0.000833
140.710000,1688.520000,8.206610,116.860000,-0.000829
140.810000,1689.720000,8.216920,116.800000,-0.000818
140.910000,1690.920000,8.227230,116.740000,-0.000803
141.010000,1692.120000,8.237550,116.679000,-0.000781
141.110000,1693.320000,8.247870,116.619000,-0.000755
141.210000,1694.520000,8.258200,116.559000,-0.000724
141.310000,1695.720000,8.268540,116.499000,-0.000687
141.410000,1696.920000,8.278880,116.439000,-0.000647
141.510000,1698.120000,8.289220,116.380000,-0.000602
141.610000,1699.320000,8.299570,116.320000,-0.000553
141.710000,1700.520000,8.309930,116.260000,-0.000500
141.810000,1701.720000,8.320290,116.201000,-0.000443
141.910000,1702.920000,8.330650,116.141000,-0.000383
142.010000,1704.120000,8.341020,116.082000,-0.000320
142.110000,1705.320000,8.351400,116.023000,-0.000253
142.210000,1706.520000,8.361780,115.963000,-0.000184
142.310000,1707.720000,8.372170,115.904000,-0.000111
142.410000,1708.920000,8.382560,115.845000,-0.000037
142.510000,1710.120000,8.392960,115.786000,0.000041
142.610000,1711.320000,8.403360,115.727000,0.000120
142.710000,1712.520000,8.413770,115.668000,0.000202
142.810000,1713.720000,8.424190,115.610000,0.000285
142.910000,1714.920000,8.434600,115.551000,0.000370
143.010000,1716.120000,8.445030,115.493000,0.000457
143.110000,1717.320000,8.455460,115.434000,0.000545
143.210000,1718.520000,8.465890,115.376000,0.000634
143.310000,1719.720000,8.476330,115.317000,0.000725
143.410000,1720.920000,8.486780,115.259000,0.000816
143.510000,1722.120000,8.497230,115.201000,0.000908
143.610000,1723.320000,8.507680,115.143000,0.001001
143.710000,1724.520000,8.518150,115.085000,0.001094
143.810000,1725.720000,8.528610,115.027000,0.001187
143.910000,1726.920000,8.539080,114.969000,0.001281
144.010000,1728.120000,8.549560,114.911000,0.001375
144.110000,1729.320000,8.560040,114.854000,0.001469
144.210000,1730.520000,8.570530,114.796000,0.001562
144.310000,1731.720000,8.581020,114.738000,0.001655
144.410000,1732.920000,8.591520,114.681000,0.001748
144.510000,1734.120000,8.602020,114.624000,0.001840
144.610000,1735.320000,8.612530,114.566000,0.001932
144.710000,1736.520000,8.623050,114.509000,0.002022
144.810000,1737.720000,8.633560,114.452000,0.002112
144.910000,1738.920000,8.644090,114.395000,0.002201
145.010000,1740.120000,8.654620,114.338000,0.002288
145.110000,1741.320000,8.665150,114.281000,0.002374
145.210000,1742.520000,8.675690,114.224000,0.002459
145.310000,1743.720000,8.686240,114.167000,0.002543
145.410000,1744.920000,8.696790,114.111000,0.002625
145.510000,1746.120000,8.707340,114.054000,0.002705
145.610000,1747.320000,8.717900,113.998000,0.002784
145.710000,1748.520000,8.728470,113.941000,0.002861
145.810000,1749.720000,8.739040,113.885000,0.002935
145.910000,1750.920000,8.749620,113.828000,0.003008
146.010000,1752.120000,8.760200,113.772000,0.003079
146.110000,1753.320000,8.770790,113.716000,0.003148
146.210000,1754.520000,8.781380,113.660000,0.003214
146.310000,1755.720000,8.791980,113.604000,0.003279
146.410000,1756.920000,8.802580,113.548000,0.003340
146.510000,1758.120000,8.813190,113.492000,0.003400
146.610000,1759.320000,8.823800,113.436000,0.003457
146.710000,1760.520000,8.834420,113.381000,0.003511
146.810000,1761.720000,8.845040,113.325000,0.003563
146.910000,1762.920000,8.855670,113.270000,0.003613
147.010000,1764.120000,8.866310,113.214000,0.003659
147.110000,1765.320000,8.876950,113.159000,0.003703
147.210000,1766.520000,8.887590,113.103000,0.003744
147.310000,1767.720000,8.898240,113.048000,0.003783
147.410000,1768.920000,8.908890,112.993000,0.003818
147.510000,1770.120000,8.919550,112.938000,0.003851
147.610000,1771.320000,8.930220,112.883000,0.003880
147.710000,1772.520000,8.940890,112.828000,0.003907
147.810000,1773.720000,8.951570,112.773000,0.003931
147.910000,1774.920000,8.962250,112.718000,0.003951
148.010000,1776.120000,8.972930,112.663000,0.003969
148.110000,1777.320000,8.983620,112.609000,0.003984
148.210000,1778.520000,8.994320,112.554000,0.003995
148.310000,1779.720000,9.005020,112.500000,0.004004
148.410000,1780.920000,9.015730,112.445000,0.004009
148.510000,1782.120000,9.026440,112.391000,0.004012
148.610000,1783.320000,9.037160,112.336000,0.004011
148.710000,1784.520000,9.047880,112.282000,0.004007
148.810000,1785.720000,9.058610,112.228000,0.004001
148.910000,1786.920000,9.069340,112.174000,0.003991
149.010000,1788.120000,9.080080,112.120000,0.003978
149.110000,1789.320000,9.090820,112.066000,0.003962
149.210000,1790.520000,9.101570,112.012000,0.003943
149.310000,1791.720000,9.112320,111.958000,0.003921
149.410000,1792.920000,9.123080,111.905000,0.003896
149.510000,1794.120000,9.133850,111.851000,0.003868
149.610000,1795.320000,9.144620,111.797000,0.003837
149.710000,1796.520000,9.155390,111.744000,0.003803
149.810000,1797.720000,9.166170,111.690000,0.003767
149.910000,1798.920000,9.176950,111.637000,0.003727
150.010000,1800.120000,9.187740,111.584000,0.003685
150.110000,1801.320000,9.198540,111.530000,0.003640
150.210000,1802.520000,9.209340,111.477000,0.003592
150.310000,1803.720000,9.220140,111.424000,0.003542
150.410000,1804.920000,9.230950,111.371000,0.003489
150.510000,1806.120000,9.241770,111.318000,0.003434
150.610000,1807.320000,9.252590,111.265000,0.003376
150.710000,1808.520000,9.263420,111.212000,0.003315
150.810000,1809.720000,9.274250,111.159000,0.003252
150.910000,1810.920000,9.285080,111.107000,0.003187
151.010000,1812.120000,9.295920,111.054000,0.003120
151.110000,1813.320000,9.306770,111.001000,0.003050
151.210000,1814.520000,9.317620,110.949000,0.002979
151.310000,1815.720000,9.328480,110.896000,0.002905
151.410000,1816.920000,9.339340,110.844000,0.002830
151.510000,1818.120000,9.350210,110.792000,0.002752
151.610000,1819.320000,9.361080,110.740000,0.002673
151.710000,1820.520000,9.371960,110.687000,0.002592
151.810000,1821.720000,9.382840,110.635000,0.002510
151.910000,1822.920000,9.393730,110.583000,0.002426
152.010000,1824.120000,9.404620,110.531000,0.002341
152.110000,1825.320000,9.415520,110.479000,0.002255
152.210000,1826.520000,9.426420,110.428000,0.002167
152.310000,1827.720000,9.437330,110.376000,0.002078
152.410000,1828.920000,9.448240,110.324000,0.001989
152.510000,1830.120000,9.459160,110.272000,0.001898
152.610000,1831.320000,9.470080,110.221000,0.001807
152.710000,1832.520000,9.481010,110.169000,0.001715
152.810000,1833.720000,9.491940,110.118000,0.001623
152.910000,1834.920000,9.502880,110.066000,0.001531
153.010000,1836.120000,9.513830,110.015000,0.001438
153.110000,1837.320000,9.524780,109.964000,0.001345
153.210000,1838.520000,9.535730,109.913000,0.001252
153.310000,1839.720000,9.546690,109.862000,0.001160
153.410000,1840.920000,9.557650,109.810000,0.001068
153.510000,1842.120000,9.568620,109.759000,0.000976
153.610000,1843.320000,9.579600,109.709000,0.000885
153.710000,1844.520000,9.590580,109.658000,0.000795
153.810000,1845.720000,9.601560,109.607000,0.000706
153.910000,1846.920000,9.612550,109.556000,0.000617
154.010000,1848.120000,9.623550,109.505000,0.000530
154.110000,1849.320000,9.634550,109.455000,0.000445
154.210000,1850.520000,9.645550,109.404000,0.000361
154.310000,1851.720000,9.656560,109.354000,0.000279
154.410000,1852.920000,9.667580,109.303000,0.000199
154.510000,1854.120000,9.678600,109.253000,0.000121
154.610000,1855.320000,9.689620,109.203000,0.000045
154.710000,1856.520000,9.700650,109.152000,-0.000028
154.810000,1857.720000,9.711690,109.102000,-0.000099
154.910000,1858.920000,9.722730,109.052000,-0.000166
155.010000,1860.120000,9.733770,109.002000,-0.000231
155.110000,1861.320000,9.744820,108.952000,-0.000292
155.210000,1862.520000,9.755880,108.902000,-0.000350
155.310000,1863.720000,9.766940,108.852000,-0.000405
155.410000,1864.920000,9.778010,108.802000,-0.000455
155.510000,1866.120000,9.789080,108.753000,-0.000502
155.610000,1867.320000,9.800150,108.703000,-0.000544
155.710000,1868.520000,9.811240,108.653000,-0.000581
155.810000,1869.720000,9.822320,108.604000,-0.000614
155.910000,1870.920000,9.833410,108.554000,-0.000642
156.010000,1872.120000,9.844510,108.505000,-0.000665
156.110000,1873.320000,9.855610,108.455000,-0.000682
156.210000,1874.520000,9.866720,108.406000,-0.000694
156.310000,1875.720000,9.877830,108.357000,-0.000700
156.410000,1876.920000,9.888950,108.307000,-0.000700
156.510000,1878.120000,9.900070,108.258000,-0.000694
156.610000,1879.320000,9.911200,108.209000,-0.000682
156.710000,1880.520000,9.922330,108.160000,-0.000665
156.810000,1881.720000,9.933460,108.111000,-0.000643
156.910000,1882.920000,9.944610,108.062000,-0.000616
157.010000,1884.120000,9.955750,108.013000,-0.000584
157.110000,1885.320000,9.966900,107.964000,-0.000547
157.210000,1886.520000,9.978060,107.916000,-0.000506
157.310000,1887.720000,9.989220,107.867000,-0.000460
157.410000,1888.920000,10.000400,107.818000,-0.000411
157.510000,1890.120000,10.011600,107.770000,-0.000357
157.610000,1891.320000,10.022700,107.721000,-0.000299
157.710000,1892.520000,10.033900,107.673000,-0.000238
157.810000,1893.720000,10.045100,107.624000,-0.000173
157.910000,1894.920000,10.056300,107.576000,-0.000105
158.010000,1896.120000,10.067500,107.528000,-0.000034
158.110000,1897.320000,10.078700,107.479000,0.000041
158.210000,1898.520000,10.089900,107.431000,0.000118
158.310000,1899.720000,10.101100,107.383000,0.000198
158.410000,1900.920000,10.112300,107.335000,0.000280
158.510000,1902.120000,10.123600,107.287000,0.000365
158.610000,1903.320000,10.134800,107.239000,0.000453
158.710000,1904.520000,10.146000,107.191000,0.000542
158.810000,1905.720000,10.157300,107.143000,0.000634
158.910000,1906.920000,10.168500,107.096000,0.000727
159.010000,1908.120000,10.179700,107.048000,0.000822
159.110000,1909.320000,10.191000,107.000000,0.000919
159.210000,1910.520000,10.202300,106.953000,0.001017
159.310000,1911.720000,10.213500,106.905000,0.001116
159.410000,1912.920000,10.224800,106.858000,0.001217
159.510000,1914.120000,10.236100,106.810000,0.001319
159.610000,1915.320000,10.247300,106.763000,0.001421
159.710000,1916.520000,10.258600,106.715000,0.001525
159.810000,1917.720000,10.269900,106.668000,0.001629
159.910000,1918.920000,10.281200,106.621000,0.001734
160.010000,1920.120000,10.292500,106.574000,0.001839
160.110000,1921.320000,10.303800,106.527000,0.001945
160.210000,1922.520000,10.315100,106.480000,0.002051
160.310000,1923.720000,10.326400,106.433000,0.002157
160.410000,1924.920000,10.337700,106.386000,0.002263
160.510000,1926.120000,10.349100,106.339000,0.002369
160.610000,1927.320000,10.360400,106.292000,0.002474
160.710000,1928.520000,10.371700,106.245000,0.002580
160.810000,1929.720000,10.383100,106.198000,0.002684
160.910000,1930.920000,10.394400,106.152000,0.002789
161.010000,1932.120000,10.405800,106.105000,0.002893
161.110000,1933.320000,10.417100,106.059000,0.002996
161.210000,1934.520000,10.428500,106.012000,0.003098
161.310000,1935.720000,10.439800,105.966000,0.003200
161.410000,1936.920000,10.451200,105.919000,0.003300
161.510000,1938.120000,10.462600,105.873000,0.003399
161.610000,1939.320000,10.473900,105.827000,0.003498
161.710000,1940.520000,10.485300,105.780000,0.003595
161.810000,1941.720000,10.496700,105.734000,0.003690
161.910000,1942.920000,10.508100,105.688000,0.003784
162.010000,1944.120000,10.519500,105.642000,0.003877
162.110000,1945.320000,10.530900,105.596000,0.003968
162.210000,1946.520000,10.542300,105.550000,0.004058
162.310000,1947.720000,10.553700,105.504000,0.004146
162.410000,1948.920000,10.565100,105.458000,0.004232
162.510000,1950.120000,10.576600,105.413000,0.004316
162.610000,1951.320000,10.588000,105.367000,0.004398
162.710000,1952.520000,10.599400,105.321000,0.004479
162.810000,1953.720000,10.610900,105.276000,0.004557
162.910000,1954.920000,10.622300,105.230000,0.004633
163.010000,1956.120000,10.633700,105.184000,0.004707
163.110000,1957.320000,10.645200,105.139000,0.004779
163.210000,1958.520000,10.656700,105.094000,0.004848
163.310000,1959.720000,10.668100,105.048000,0.004916
163.410000,1960.920000,10.679600,105.003000,0.004980
163.510000,1962.120000,10.691100,104.958000,0.005043
163.610000,1963.320000,10.702500,104.912000,0.005103
163.710000,1964.520000,10.714000,104.867000,0.005160
163.810000,1965.720000,10.725500,104.822000,0.005215
163.910000,1966.920000,10.737000,104.777000,0.005267
164.010000,1968.120000,10.748500,104.732000,0.005317
164.110000,1969.320000,10.760000,104.687000,0.005364
164.210000,1970.520000,10.771500,104.642000,0.005408
164.310000,1971.720000,10.783000,104.597000,0.005450
164.410000,1972.920000,10.794500,104.553000,0.005488
164.510000,1974.120000,10.806000,104.508000,0.005524
164.610000,1975.320000,10.817600,104.463000,0.005558
164.710000,1976.520000,10.829100,104.419000,0.005588
164.810000,1977.720000,10.840600,104.374000,0.005615
164.910000,1978.920000,10.852200,104.329000,0.005640
165.010000,1980.120000,10.863700,104.285000,0.005661
165.110000,1981.320000,10.875300,104.241000,0.005680
165.210000,1982.520000,10.886800,104.196000,0.005696
165.310000,1983.720000,10.898400,104.152000,0.005709
165.410000,1984.920000,10.910000,104.108000,0.005719
165.510000,1986.120000,10.921500,104.063000,0.005725
165.610000,1987.320000,10.933100,104.019000,0.005729
165.710000,1988.520000,10.944700,103.975000,0.005730
165.810000,1989.720000,10.956300,103.931000,0.005728
165.910000,1990.920000,10.967900,103.887000,0.005723
166.010000,1992.120000,10.979500,103.843000,0.005715
166.110000,1993.320000,10.991100,103.799000,0.005704
166.210000,1994.520000,11.002700,103.755000,0.005690
166.310000,1995.720000,11.014300,103.711000,0.005673
166.410000,1996.920000,11.025900,103.668000,0.005654
166.510000,1998.120000,11.037500,103.624000,0.005631
166.610000,1999.320000,11.049100,103.580000,0.005605
166.710000,2000.520000,11.060800,103.537000,0.005577
166.810000,2001.720000,11.072400,103.493000,0.005545
166.910000,2002.920000,11.084000,103.450000,0.005511
167.010000,2004.120000,11.095700,103.406000,0.005474
167.110000,2005.320000,11.107300,103.363000,0.005434
167.210000,2006.520000,11.119000,103.319000,0.005391
167.310000,2007.720000,11.130600,103.276000,0.005346
167.410000,2008.920000,11.142300,103.233000,0.005297
167.510000,2010.120000,11.154000,103.190000,0.005246
167.610000,2011.320000,11.165600,103.147000,0.005193
167.710000,2012.520000,11.177300,103.103000,0.005137
167.810000,2013.720000,11.189000,103.060000,0.005078
167.910000,2014.920000,11.200700,103.017000,0.005017
168.010000,2016.120000,11.212400,102.974000,0.004953
168.110000,2017.320000,11.224100,102.932000,0.004887
168.210000,2018.520000,11.235800,102.889000,0.004818
168.310000,2019.720000,11.247500,102.846000,0.004747
168.410000,2020.920000,11.259200,102.803000,0.004674
168.510000,2022.120000,11.270900,102.760000,0.004598
168.610000,2023.320000,11.282600,102.718000,0.004520
168.710000,2024.520000,11.294400,102.675000,0.004440
168.810000,2025.720000,11.306100,102.633000,0.004359
168.910000,2026.920000,11.317800,102.590000,0.004275
169.010000,2028.120000,11.329600,102.548000,0.004189
169.110000,2029.320000,11.341300,102.505000,0.004101
169.210000,2030.520000,11.353100,102.463000,0.004011
169.310000,2031.720000,11.364800,102.420000,0.003920
169.410000,2032.920000,11.376600,102.378000,0.003827
169.510000,2034.120000,11.388400,102.336000,0.003733
169.610000,2035.320000,11.400100,102.294000,0.003637
169.710000,2036.520000,11.411900,102.252000,0.003539
169.810000,2037.720000,11.423700,102.210000,0.003440
169.910000,2038.920000,11.435500,102.168000,0.003340
170.010000,2040.120000,11.447300,102.126000,0.003239
170.110000,2041.320000,11.459100,102.084000,0.003137
170.210000,2042.520000,11.470900,102.042000,0.003033
170.310000,2043.720000,11.482700,102.000000,0.002929
170.410000,2044.920000,11.494500,101.958000,0.002824
170.510000,2046.120000,11.506300,101.916000,0.002718
170.610000,2047.320000,11.518100,101.875000,0.002612
170.710000,2048.520000,11.529900,101.833000,0.002505
170.810000,2049.720000,11.541800,101.791000,0.002397
170.910000,2050.920000,11.553600,101.750000,0.002290
171.010000,2052.120000,11.565400,101.708000,0.002182
171.110000,2053.320000,11.577300,101.667000,0.002074
171.210000,2054.520000,11.589100,101.625000,0.001966
171.310000,2055.720000,11.601000,101.584000,0.001858
171.410000,2056.920000,11.612800,101.543000,0.001750
171.510000,2058.120000,11.624700,101.501000,0.001643
171.610000,2059.320000,11.636600,101.460000,0.001536
171.710000,2060.520000,11.648400,101.419000,0.001430
171.810000,2061.720000,11.660300,101.378000,0.001325
171.910000,2062.920000,11.672200,101.337000,0.001220
172.010000,2064.120000,11.684100,101.296000,0.001116
172.110000,2065.320000,11.696000,101.255000,0.001014
172.210000,2066.520000,11.707900,101.214000,0.000913
172.310000,2067.720000,11.719800,101.173000,0.000813
172.410000,2068.920000,11.731700,101.132000,0.000714
172.510000,2070.120000,11.743600,101.091000,0.000617
172.610000,2071.320000,11.755500,101.050000,0.000522
172.710000,2072.520000,11.767400,101.009000,0.000429
172.810000,2073.720000,11.779300,100.969000,0.000338
172.910000,2074.920000,11.791300,100.928000,0.000250
173.010000,2076.120000,11.803200,100.888000,0.000163
173.110000,2077.320000,11.815100,100.847000,0.000080
173.210000,2078.520000,11.827100,100.806000,-0.000002
173.310000,2079.720000,11.839000,100.766000,-0.000080
173.410000,2080.920000,11.851000,100.726000,-0.000155
173.510000,2082.120000,11.863000,100.685000,-0.000227
173.610000,2083.320000,11.874900,100.645000,-0.000296
173.710000,2084.520000,11.886900,100.605000,-0.000362
173.810000,2085.720000,11.898900,100.564000,-0.000423
173.910000,2086.920000,11.910800,100.524000,-0.000481
174.010000,2088.120000,11.922800,100.484000,-0.000535
174.110000,2089.320000,11.934800,100.444000,-0.000585
174.210000,2090.520000,11.946800,100.404000,-0.000630
174.310000,2091.720000,11.958800,100.364000,-0.000671
174.410000,2092.920000,11.970800,100.324000,-0.000707
174.510000,2094.120000,11.982800,100.284000,-0.000739
174.610000,2095.320000,11.994800,100.244000,-0.000765
174.710000,2096.520000,12.006800,100.204000,-0.000786
174.810000,2097.720000,12.018900,100.164000,-0.000802
174.910000,2098.920000,12.030900,100.125000,-0.000812
175.010000,2100.120000,12.042900,100.085000,-0.000818
175.110000,2101.320000,12.054900,100.045000,-0.000818
175.210000,2102.520000,12.067000,100.005000,-0.000814
175.310000,2103.720000,12.079000,99.965900,-0.000805
175.410000,2104.920000,12.091100,99.926300,-0.000791
175.510000,2106.120000,12.103100,99.886800,-0.000773
175.610000,2107.320000,12.115200,99.847400,-0.000750
175.710000,2108.520000,12.127300,99.808000,-0.000723
175.810000,2109.720000,12.139300,99.768600,-0.000693
175.910000,2110.920000,12.151400,99.729200,-0.000658
176.010000,2112.120000,12.163500,99.690000,-0.000620
176.110000,2113.320000,12.175600,99.650700,-0.000578
176.210000,2114.520000,12.187700,99.611500,-0.000532
176.310000,2115.720000,12.199700,99.572300,-0.000484
176.410000,2116.920000,12.211800,99.533200,-0.000432
176.510000,2118.120000,12.223900,99.494100,-0.000376
176.610000,2119.320000,12.236100,99.455100,-0.000318
176.710000,2120.520000,12.248200,99.416100,-0.000257
176.810000,2121.720000,12.260300,99.377200,-0.000193
176.910000,2122.920000,12.272400,99.338300,-0.000127
177.010000,2124.120000,12.284500,99.299400,-0.000058
177.110000,2125.320000,12.296700,99.260600,0.000014
177.210000,2126.520000,12.308800,99.221800,0.000088
177.310000,2127.720000,12.320900,99.183100,0.000164
177.410000,2128.920000,12.333100,99.144400,0.000242
177.510000,2130.120000,12.345200,99.105700,0.000321
177.610000,2131.320000,12.357400,99.067100,0.000403
177.710000,2132.520000,12.369500,99.028500,0.000487
177.810000,2133.720000,12.381700,98.990000,0.000572
177.910000,2134.920000,12.393900,98.951500,0.000659
178.010000,2136.120000,12.406000,98.913100,0.000747
178.110000,2137.320000,12.418200,98.874700,0.000836
178.210000,2138.520000,12.430400,98.836300,0.000927
178.310000,2139.720000,12.442600,98.798000,0.001018
178.410000,2140.920000,12.454800,98.759700,0.001111
178.510000,2142.120000,12.467000,98.721500,0.001205
178.610000,2143.320000,12.479200,98.683300,0.001299
178.710000,2144.520000,12.491400,98.645100,0.001394
178.810000,2145.720000,12.503600,98.607000,0.001490
178.910000,2146.920000,12.515800,98.568900,0.001587
179.010000,2148.120000,12.528000,98.530900,0.001684
179.110000,2149.320000,12.540300,98.492900,0.001781
179.210000,2150.520000,12.552500,98.454900,0.001878
179.310000,2151.720000,12.564700,98.417000,0.001976
179.410000,2152.920000,12.577000,98.379200,0.002074
179.510000,2154.120000,12.589200,98.341300,0.002171
179.610000,2155.320000,12.601500,98.303600,0.002269
179.710000,2156.520000,12.613700,98.265800,0.002367
179.810000,2157.720000,12.626000,98.228100,0.002464
179.910000,2158.920000,12.638200,98.190400,0.002561
180.010000,2160.120000,12.650500,98.152800,0.002658
180.110000,2161.320000,12.662800,98.115200,0.002754
180.210000,2162.520000,12.675000,98.077700,0.002849
180.310000,2163.720000,12.687300,98.040200,0.002944
180.410000,2164.920000,12.699600,98.002700,0.003039
180.510000,2166.120000,12.711900,97.965300,0.003132
180.610000,2167.320000,12.724200,97.927900,0.003225
180.710000,2168.520000,12.736500,97.890600,0.003317
180.810000,2169.720000,12.748800,97.853300,0.003408
180.910000,2170.920000,12.761100,97.816000,0.003498
181.010000,2172.120000,12.773400,97.778800,0.003587
181.110000,2173.320000,12.785700,97.741600,0.003674
181.210000,2174.520000,12.798100,97.704400,0.003761
181.310000,2175.720000,12.810400,97.667300,0.003846
181.410000,2176.920000,12.822700,97.630300,0.003930
181.510000,2178.120000,12.835100,97.593300,0.004013
181.610000,2179.320000,12.847400,97.556300,0.004094
181.710000,2180.520000,12.859800,97.519300,0.004173
181.810000,2181.720000,12.872100,97.482400,0.004252
181.910000,2182.920000,12.884500,97.445500,0.004328
182.010000,2184.120000,12.896800,97.408700,0.004403
182.110000,2185.320000,12.909200,97.371900,0.004476
182.210000,2186.520000,12.921600,97.335200,0.004548
182.310000,2187.720000,12.933900,97.298500,0.004617
182.410000,2188.920000,12.946300,97.261800,0.004685
182.510000,2190.120000,12.958700,97.225200,0.004751
182.610000,2191.320000,12.971100,97.188600,0.004815
182.710000,2192.520000,12.983500,97.152000,0.004877
182.810000,2193.720000,12.995900,97.115500,0.004938
182.910000,2194.920000,13.008300,97.079000,0.004996
183.010000,2196.120000,13.020700,97.042600,0.005052
183.110000,2197.320000,13.033100,97.006200,0.005106
183.210000,2198.520000,13.045500,96.969800,0.005158
183.310000,2199.720000,13.058000,96.933500,0.005207
183.410000,2200.920000,13.070400,96.897200,0.005255
183.510000,2202.120000,13.082800,96.861000,0.005300
183.610000,2203.320000,13.095200,96.824800,0.005343
183.710000,2204.520000,13.107700,96.788600,0.005384
183.810000,2205.720000,13.120100,96.752500,0.005423
183.910000,2206.920000,13.132600,96.716400,0.005459
184.010000,2208.120000,13.145000,96.680300,0.005493
184.110000,2209.320000,13.157500,96.644300,0.005524
184.210000,2210.520000,13.170000,96.608300,0.005553
184.310000,2211.720000,13.182400,96.572400,0.005580
184.410000,2212.920000,13.194900,96.536500,0.005604
184.510000,2214.120000,13.207400,96.500600,0.005626
184.610000,2215.320000,13.219900,96.464800,0.005646
184.710000,2216.520000,13.232300,96.429000,0.005663
184.810000,2217.720000,13.244800,96.393300,0.005677
184.910000,2218.920000,13.257300,96.357500,0.005690
185.010000,2220.120000,13.269800,96.321900,0.005699
185.110000,2221.320000,13.282300,96.286200,0.005706
185.210000,2222.520000,13.294800,96.250600,0.005711
185.310000,2223.720000,13.307400,96.215100,0.005713
185.410000,2224.920000,13.319900,96.179500,0.005713
185.510000,2226.120000,13.332400,96.144000,0.005710
185.610000,2227.320000,13.344900,96.108600,0.005705
185.710000,2228.520000,13.357500,96.073200,0.005697
185.810000,2229.720000,13.370000,96.037800,0.005687
185.910000,2230.920000,13.382500,96.002500,0.005674
186.010000,2232.120000,13.395100,95.967200,0.005659
186.110000,2233.320000,13.407600,95.931900,0.005641
186.210000,2234.520000,13.420200,95.896700,0.005621
186.310000,2235.720000,13.432800,95.861500,0.005599
186.410000,2236.920000,13.445300,95.826300,0.005574
186.510000,2238.120000,13.457900,95.791200,0.005546
186.610000,2239.320000,13.470500,95.756100,0.005516
186.710000,2240.520000,13.483100,95.721000,0.005484
186.810000,2241.720000,13.495600,95.686000,0.005450
186.910000,2242.920000,13.508200,95.651100,0.005413
187.010000,2244.120000,13.520800,95.616100,0.005373
187.110000,2245.320000,13.533400,95.581200,0.005332
187.210000,2246.520000,13.546000,95.546400,0.005288
187.310000,2247.720000,13.558600,95.511500,0.005242
187.410000,2248.920000,13.571200,95.476700,0.005194
187.510000,2250.120000,13.583900,95.442000,0.005143
187.610000,2251.320000,13.596500,95.407300,0.005090
187.710000,2252.520000,13.609100,95.372600,0.005036
187.810000,2253.720000,13.621700,95.337900,0.004979
187.910000,2254.920000,13.634400,95.303300,0.004920
188.010000,2256.120000,13.647000,95.268700,0.004858
188.110000,2257.320000,13.659600,95.234200,0.004795
188.210000,2258.520000,13.672300,95.199700,0.004730
188.310000,2259.720000,13.684900,95.165200,0.004663
188.410000,2260.920000,13.697600,95.130800,0.004595
188.510000,2262.120000,13.710300,95.096400,0.004524
188.610000,2263.320000,13.722900,95.062000,0.004451
188.710000,2264.520000,13.735600,95.027700,0.004377
188.810000,2265.720000,13.748300,94.993400,0.004301
188.910000,2266.920000,13.761000,94.959100,0.004224
189.010000,2268.120000,13.773600,94.924900,0.004144
189.110000,2269.320000,13.786300,94.890700,0.004064
189.210000,2270.520000,13.799000,94.856600,0.003981
189.310000,2271.720000,13.811700,94.822400,0.003898
189.410000,2272.920000,13.824400,94.788400,0.003812
189.510000,2274.120000,13.837100,94.754300,0.003726
189.610000,2275.320000,13.849800,94.720300,0.003638
189.710000,2276.520000,13.862600,94.686300,0.003549
189.810000,2277.720000,13.875300,94.652400,0.003459
189.910000,2278.920000,13.888000,94.618500,0.003368
190.010000,2280.120000,13.900700,94.584600,0.003276
190.110000,2281.320000,13.913500,94.550800,0.003182
190.210000,2282.520000,13.926200,94.517000,0.003088
190.310000,2283.720000,13.939000,94.483200,0.002993
190.410000,2284.920000,13.951700,94.449400,0.002897
190.510000,2286.120000,13.964500,94.415700,0.002801
190.610000,2287.320000,13.977200,94.382100,0.002704
190.710000,2288.520000,13.990000,94.348400,0.002606
190.810000,2289.720000,14.002800,94.314800,0.002508
190.910000,2290.920000,14.015500,94.281300,0.002410
191.010000,2292.120000,14.028300,94.247700,0.002311
191.110000,2293.320000,14.041100,94.214200,0.002212
191.210000,2294.520000,14.053900,94.180800,0.002113
191.310000,2295.720000,14.066700,94.147300,0.002014
191.410000,2296.920000,14.079400,94.113900,0.001914
191.510000,2298.120000,14.092200,94.080600,0.001815
191.610000,2299.320000,14.105000,94.047300,0.001716
191.710000,2300.520000,14.117900,94.014000,0.001617
191.810000,2301.720000,14.130700,93.980700,0.001519
191.910000,2302.920000,14.143500,93.947500,0.001421
192.010000,2304.120000,14.156300,93.914300,0.001324
192.110000,2305.320000,14.169100,93.881100,0.001227
192.210000,2306.520000,14.182000,93.848000,0.001131
192.310000,2307.720000,14.194800,93.814900,0.001036
192.410000,2308.920000,14.207600,93.781800,0.000942
192.510000,2310.120000,14.220500,93.748800,0.000849
192.610000,2311.320000,14.233300,93.715800,0.000757
192.710000,2312.520000,14.246200,93.682800,0.000666
192.810000,2313.720000,14.259000,93.649900,0.000577
192.910000,2314.920000,14.271900,93.617000,0.000489
193.010000,2316.120000,14.284800,93.584100,0.000402
193.110000,2317.320000,14.297600,93.551300,0.000318
193.210000,2318.520000,14.310500,93.518500,0.000235
193.310000,2319.720000,14.323400,93.485700,0.000154
193.410000,2320.920000,14.336300,93.453000,0.000075
193.510000,2322.120000,14.349200,93.420300,-0.000002
193.610000,2323.320000,14.362100,93.387600,-0.000077
193.710000,2324.520000,14.375000,93.355000,-0.000149
193.810000,2325.720000,14.387900,93.322400,-0.000219
193.910000,2326.920000,14.400800,93.289800,-0.000286
194.010000,2328.120000,14.413700,93.257300,-0.000351
194.110000,2329.320000,14.426600,93.224800,-0.000413
194.210000,2330.520000,14.439500,93.192300,-0.000471
194.310000,2331.720000,14.452400,93.159900,-0.000527
194.410000,2332.920000,14.465400,93.127500,-0.000579
194.510000,2334.120000,14.478300,93.095100,-0.000628
194.610000,2335.320000,14.491300,93.062700,-0.000674
194.710000,2336.520000,14.504200,93.030400,-0.000716
194.810000,2337.720000,14.517100,92.998100,-0.000754
194.910000,2338.920000,14.530100,92.965900,-0.000788
195.010000,2340.120000,14.543000,92.933700,-0.000819
195.110000,2341.320000,14.556000,92.901500,-0.000845
195.210000,2342.520000,14.569000,92.869300,-0.000867
195.310000,2343.720000,14.581900,92.837200,-0.000884
195.410000,2344.920000,14.594900,92.805100,-0.000897
195.510000,2346.120000,14.607900,92.773000,-0.000906
195.610000,2347.320000,14.620900,92.741000,-0.000911
195.710000,2348.520000,14.633900,92.709000,-0.000911
195.810000,2349.720000,14.646900,92.677000,-0.000907
195.910000,2350.920000,14.659900,92.645100,-0.000899
196.010000,2352.120000,14.672900,92.613200,-0.000887
196.110000,2353.320000,14.685900,92.581300,-0.000871
196.210000,2354.520000,14.698900,92.549500,-0.000852
196.310000,2355.720000,14.711900,92.517600,-0.000828
196.410000,2356.920000,14.724900,92.485900,-0.000802
196.510000,2358.120000,14.737900,92.454100,-0.000772
196.610000,2359.320000,14.751000,92.422400,-0.000738
196.710000,2360.520000,14.764000,92.390700,-0.000702
196.810000,2361.720000,14.777000,92.359000,-0.000662
196.910000,2362.920000,14.790100,92.327400,-0.000619
197.010000,2364.120000,14.803100,92.295800,-0.000574
197.110000,2365.320000,14.816200,92.264300,-0.000525
197.210000,2366.520000,14.829200,92.232700,-0.000474
197.310000,2367.720000,14.842300,92.201200,-0.000420
197.410000,2368.920000,14.855400,92.169700,-0.000364
197.510000,2370.120000,14.868400,92.138300,-0.000305
197.610000,2371.320000,14.881500,92.106900,-0.000244
197.710000,2372.520000,14.894600,92.075500,-0.000180
197.810000,2373.720000,14.907700,92.044100,-0.000114
197.910000,2374.920000,14.920700,92.012800,-0.000047
198.010000,2376.120000,14.933800,91.981500,0.000023
198.110000,2377.320000,14.946900,91.950300,0.000095
198.210000,2378.520000,14.960000,91.919000,0.000168
198.310000,2379.720000,14.973100,91.887800,0.000243
198.410000,2380.920000,14.986200,91.856700,0.000320
198.510000,2382.120000,14.999400,91.825500,0.000398
198.610000,2383.320000,15.012500,91.794400,0.000478
198.710000,2384.520000,15.025600,91.763400,0.000560
198.810000,2385.720000,15.038700,91.732300,0.000642
198.910000,2386.920000,15.051800,91.701300,0.000726
199.010000,2388.120000,15.065000,91.670300,0.000811
199.110000,2389.320000,15.078100,91.639300,0.000897
199.210000,2390.520000,15.091300,91.608400,0.000984
199.310000,2391.720000,15.104400,91.577500,0.001072
199.410000,2392.920000,15.117600,91.546600,0.001161
199.510000,2394.120000,15.130700,91.515800,0.001251
199.610000,2395.320000,15.143900,91.485000,0.001341
199.710000,2396.520000,15.157100,91.454200,0.001432
199.810000,2397.720000,15.170200,91.423500,0.001524
199.910000,2398.920000,15.183400,91.392700,0.001616
200.010000,2400.120000,15.196600,91.362100,0.001708
200.110000,2401.320000,15.209800,91.331400,0.001801
200.210000,2402.520000,15.223000,91.300800,0.001894
200.310000,2403.720000,15.236100,91.270200,0.001987
200.410000,2404.920000,15.249300,91.239600,0.002081
200.510000,2406.120000,15.262500,91.209100,0.002174
200.610000,2407.320000,15.275700,91.178500,0.002268
200.710000,2408.520000,15.289000,91.148100,0.002362
200.810000,2409.720000,15.302200,91.117600,0.002455
200.910000,2410.920000,15.315400,91.087200,0.002548
201.010000,2412.120000,15.328600,91.056800,0.002641
201.110000,2413.320000,15.341800,91.026400,0.002734
201.210000,2414.520000,15.355100,90.996100,0.002826
201.310000,2415.720000,15.368300,90.965800,0.002918
201.410000,2416.920000,15.381600,90.935500,0.003010
201.510000,2418.120000,15.394800,90.905300,0.003101
201.610000,2419.320000,15.408100,90.875000,0.003192
201.710000,2420.520000,15.421300,90.844900,0.003281
201.810000,2421.720000,15.434600,90.814700,0.003371
201.910000,2422.920000,15.447800,90.784600,0.003459
202.010000,2424.120000,15.461100,90.754500,0.003547
202.110000,2425.320000,15.474400,90.724400,0.003633
202.210000,2426.520000,15.487600,90.694300,0.003719
202.310000,2427.720000,15.500900,90.664300,0.003804
202.410000,2428.920000,15.514200,90.634300,0.003888
202.510000,2430.120000,15.527500,90.604400,0.003971
202.610000,2431.320000,15.540800,90.574500,0.004053
202.710000,2432.520000,15.554100,90.544600,0.004134
202.810000,2433.720000,15.567400,90.514700,0.004214
202.910000,2434.920000,15.580700,90.484800,0.004292
203.010000,2436.120000,15.594000,90.455000,0.004370
203.110000,2437.320000,15.607300,90.425200,0.004446
203.210000,2438.520000,15.620600,90.395500,0.004520
203.310000,2439.720000,15.634000,90.365800,0.004593
203.410000,2440.920000,15.647300,90.336100,0.004665
203.510000,2442.120000,15.660600,90.306400,0.004736
203.610000,2443.320000,15.674000,90.276700,0.004805
203.710000,2444.520000,15.687300,90.247100,0.004872
203.810000,2445.720000,15.700700,90.217500,0.004938
203.910000,2446.920000,15.714000,90.188000,0.005003
204.010000,2448.120000,15.727400,90.158500,0.005065
204.110000,2449.320000,15.740700,90.129000,0.005126
204.210000,2450.520000,15.754100,90.099500,0.005186
204.310000,2451.720000,15.767500,90.070000,0.005244
204.410000,2452.920000,15.780800,90.040600,0.005300
204.510000,2454.120000,15.794200,90.011200,0.005354
204.610000,2455.320000,15.807600,89.981900,0.005407
204.710000,2456.520000,15.821000,89.952500,0.005457
204.810000,2457.720000,15.834400,89.923200,0.005506
204.910000,2458.920000,15.847800,89.894000,0.005553
205.010000,2460.120000,15.861200,89.864700,0.005598
205.110000,2461.320000,15.874600,89.835500,0.005642
205.210000,2462.520000,15.888000,89.806300,0.005683
205.310000,2463.720000,15.901400,89.777100,0.005722
205.410000,2464.920000,15.914800,89.748000,0.005760
205.510000,2466.120000,15.928200,89.718900,0.005795
205.610000,2467.320000,15.941600,89.689800,0.005829
205.710000,2468.520000,15.955100,89.660700,0.005860
205.810000,2469.720000,15.968500,89.631700,0.005890
205.910000,2470.920000,15.982000,89.602700,0.005917
206.010000,2472.120000,15.995400,89.573700,0.005943
206.110000,2473.320000,16.008800,89.544800,0.005966
206.210000,2474.520000,16.022300,89.515900,0.005987
206.310000,2475.720000,16.035700,89.487000,0.006007
206.410000,2476.920000,16.049200,89.458100,0.006024
206.510000,2478.120000,16.062700,89.429300,0.006039
206.610000,2479.320000,16.076100,89.400500,0.006052
206.710000,2480.520000,16.089600,89.371700,0.006062
206.810000,2481.720000,16.103100,89.343000,0.006071
206.910000,2482.920000,16.116600,89.314200,0.006078
207.010000,2484.120000,16.130100,89.285500,0.006082
207.110000,2485.320000,16.143500,89.256900,0.006084
207.210000,2486.520000,16.157000,89.228200,0.006084
207.310000,2487.720000,16.170500,89.199600,0.006082
207.410000,2488.920000,16.184000,89.171000,0.006078
207.510000,2490.120000,16.197600,89.142400,0.006072
207.610000,2491.320000,16.211100,89.113900,0.006064
207.710000,2492.520000,16.224600,89.085400,0.006053
207.810000,2493.720000,16.238100,89.056900,0.006041
207.910000,2494.920000,16.251600,89.028500,0.006026
208.010000,2496.120000,16.265200,89.000000,0.006009
208.110000,2497.320000,16.278700,88.971600,0.005990
208.210000,2498.520000,16.292200,88.943300,0.005969
208.310000,2499.720000,16.305800,88.914900,0.005946
208.410000,2500.920000,16.319300,88.886600,0.005921
208.510000,2502.120000,16.332900,88.858300,0.005894
208.610000,2503.320000,16.346400,88.830000,0.005865
208.710000,2504.520000,16.360000,88.801800,0.005833
208.810000,2505.720000,16.373500,88.773600,0.005800
208.910000,2506.920000,16.387100,88.745400,0.005765
209.010000,2508.120000,16.400700,88.717200,0.005727
209.110000,2509.320000,16.414300,88.689100,0.005688
209.210000,2510.520000,16.427800,88.661000,0.005647
209.310000,2511.720000,16.441400,88.632900,0.005604
209.410000,2512.920000,16.455000,88.604800,0.005558
209.510000,2514.120000,16.468600,88.576800,0.005511
209.610000,2515.320000,16.482200,88.548800,0.005463
209.710000,2516.520000,16.495800,88.520800,0.005412
209.810000,2517.720000,16.509400,88.492900,0.005359
209.910000,2518.920000,16.523000,88.464900,0.005305
210.010000,2520.120000,16.536600,88.437000,0.005249
210.110000,2521.320000,16.550300,88.409200,0.005191
210.210000,2522.520000,16.563900,88.381300,0.005131
210.310000,2523.720000,16.577500,88.353500,0.005070
210.410000,2524.920000,16.591200,88.325700,0.005007
210.510000,2526.120000,16.604800,88.297900,0.004942
210.610000,2527.320000,16.618400,88.270200,0.004876
210.710000,2528.520000,16.632100,88.242500,0.004808
210.810000,2529.720000,16.645700,88.214800,0.004739
210.910000,2530.920000,16.659400,88.187100,0.004668
211.010000,2532.120000,16.673000,88.159500,0.004596
211.110000,2533.320000,16.686700,88.131800,0.004522
211.210000,2534.520000,16.700400,88.104300,0.004447
211.310000,2535.720000,16.714000,88.076700,0.004371
211.410000,2536.920000,16.727700,88.049200,0.004293
211.510000,2538.120000,16.741400,88.021600,0.004214
211.610000,2539.320000,16.755100,87.994200,0.004134
211.710000,2540.520000,16.768800,87.966700,0.004052
211.810000,2541.720000,16.782500,87.939300,0.003969
211.910000,2542.920000,16.796200,87.911800,0.003886
212.010000,2544.120000,16.809900,87.884500,0.003801
212.110000,2545.320000,16.823600,87.857100,0.003715
212.210000,2546.520000,16.837300,87.829800,0.003628
212.310000,2547.720000,16.851000,87.802400,0.003540
212.410000,2548.920000,16.864700,87.775200,0.003452
212.510000,2550.120000,16.878400,87.747900,0.003363
212.610000,2551.320000,16.892200,87.720700,0.003272
212.710000,2552.520000,16.905900,87.693500,0.003181
212.810000,2553.720000,16.919600,87.666300,0.003090
212.910000,2554.920000,16.933400,87.639100,0.002998
213.010000,2556.120000,16.947100,87.612000,0.002905
213.110000,2557.320000,16.960800,87.584900,0.002812
213.210000,2558.520000,16.974600,87.557800,0.002718
213.310000,2559.720000,16.988400,87.530700,0.002624
213.410000,2560.920000,17.002100,87.503700,0.002530
213.510000,2562.120000,17.015900,87.476700,0.002435
213.610000,2563.320000,17.029700,87.449700,0.002340
213.710000,2564.520000,17.043400,87.422700,0.002245
213.810000,2565.720000,17.057200,87.395800,0.002150
213.910000,2566.920000,17.071000,87.368900,0.002055
214.010000,2568.120000,17.084800,87.342000,0.001960
214.110000,2569.320000,17.098600,87.315100,0.001866
214.210000,2570.520000,17.112400,87.288300,0.001771
214.310000,2571.720000,17.126200,87.261500,0.001676
214.410000,2572.920000,17.140000,87.234700,0.001582
214.510000,2574.120000,17.153800,87.207900,0.001489
214.610000,2575.320000,17.167600,87.181200,0.001395
214.710000,2576.520000,17.181400,87.154500,0.001303
214.810000,2577.720000,17.195200,87.127800,0.001210
214.910000,2578.920000,17.209000,87.101100,0.001119
215.010000,2580.120000,17.222900,87.074500,0.001028
215.110000,2581.320000,17.236700,87.047900,0.000939
215.210000,2582.520000,17.250500,87.021300,0.000850
215.310000,2583.720000,17.264400,86.994700,0.000762
215.410000,2584.920000,17.278200,86.968100,0.000675
215.510000,2586.120000,17.292100,86.941600,0.000589
215.610000,2587.320000,17.305900,86.915100,0.000504
215.710000,2588.520000,17.319800,86.888600,0.000421
215.810000,2589.720000,17.333600,86.862200,0.000339
215.910000,2590.920000,17.347500,86.835800,0.000259
216.010000,2592.120000,17.361400,86.809400,0.000180
216.110000,2593.320000,17.375300,86.783000,0.000103
216.210000,2594.520000,17.389100,86.756600,0.000028
216.310000,2595.720000,17.403000,86.730300,-0.000046
216.410000,2596.920000,17.416900,86.704000,-0.000117
216.510000,2598.120000,17.430800,86.677700,-0.000187
216.610000,2599.320000,17.444700,86.651500,-0.000255
216.710000,2600.520000,17.458600,86.625200,-0.000320
216.810000,2601.720000,17.472500,86.599000,-0.000383
216.910000,2602.920000,17.486400,86.572800,-0.000444
217.010000,2604.120000,17.500300,86.546600,-0.000502
217.110000,2605.320000,17.514200,86.520500,-0.000558
217.210000,2606.520000,17.528200,86.494400,-0.000611
217.310000,2607.720000,17.542100,86.468300,-0.000661
217.410000,2608.920000,17.556000,86.442200,-0.000709
217.510000,2610.120000,17.569900,86.416200,-0.000753
217.610000,2611.320000,17.583900,86.390100,-0.000795
217.710000,2612.520000,17.597800,86.364100,-0.000833
217.810000,2613.720000,17.611800,86.338200,-0.000868
217.910000,2614.920000,17.625700,86.312200,-0.000900
218.010000,2616.120000,17.639700,86.286300,-0.000928
218.110000,2617.320000,17.653600,86.260400,-0.000953
218.210000,2618.520000,17.667600,86.234500,-0.000974
218.310000,2619.720000,17.681600,86.208600,-0.000991
218.410000,2620.920000,17.695500,86.182800,-0.001004
218.510000,2622.120000,17.709500,86.156900,-0.001014
218.610000,2623.320000,17.723500,86.131200,-0.001020
218.710000,2624.520000,17.737500,86.105400,-0.001023
218.810000,2625.720000,17.751500,86.079600,-0.001021
218.910000,2626.920000,17.765500,86.053900,-0.001017
219.010000,2628.120000,17.779500,86.028200,-0.001008
219.110000,2629.320000,17.793500,86.002500,-0.000997
219.210000,2630.520000,17.807500,85.976900,-0.000982
219.310000,2631.720000,17.821500,85.951200,-0.000964
219.410000,2632.920000,17.835500,85.925600,-0.000942
219.510000,2634.120000,17.849500,85.900000,-0.000918
219.610000,2635.320000,17.863500,85.874500,-0.000891
219.710000,2636.520000,17.877600,85.848900,-0.000861
219.810000,2637.720000,17.891600,85.823400,-0.000827
219.910000,2638.920000,17.905600,85.797900,-0.000792
220.010000,2640.120000,17.919700,85.772400,-0.000753
220.110000,2641.320000,17.933700,85.747000,-0.000712
220.210000,2642.520000,17.947700,85.721500,-0.000669
220.310000,2643.720000,17.961800,85.696100,-0.000623
220.410000,2644.920000,17.975900,85.670700,-0.000574
220.510000,2646.120000,17.989900,85.645400,-0.000523
220.610000,2647.320000,18.004000,85.620000,-0.000471
220.710000,2648.520000,18.018000,85.594700,-0.000415
220.810000,2649.720000,18.032100,85.569400,-0.000358
220.910000,2650.920000,18.046200,85.544100,-0.000299
221.010000,2652.120000,18.060300,85.518900,-0.000238
221.110000,2653.320000,18.074400,85.493600,-0.000175
221.210000,2654.520000,18.088400,85.468400,-0.000110
221.310000,2655.720000,18.102500,85.443300,-0.000044
221.410000,2656.920000,18.116600,85.418100,0.000024
221.510000,2658.120000,18.130700,85.392900,0.000094
221.610000,2659.320000,18.144800,85.367800,0.000166
221.710000,2660.520000,18.158900,85.342700,0.000238
221.810000,2661.720000,18.173100,85.317700,0.000313
221.910000,2662.920000,18.187200,85.292600,0.000388
222.010000,2664.120000,18.201300,85.267600,0.000465
222.110000,2665.320000,18.215400,85.242600,0.000543
222.210000,2666.520000,18.229600,85.217600,0.000622
222.310000,2667.720000,18.243700,85.192600,0.000702
222.410000,2668.920000,18.257800,85.167700,0.000784
222.510000,2670.120000,18.272000,85.142700,0.000866
222.610000,2671.320000,18.286100,85.117800,0.000949
222.710000,2672.520000,18.300300,85.093000,0.001033
222.810000,2673.720000,18.314400,85.068100,0.001118
222.910000,2674.920000,18.328600,85.043300,0.001204
223.010000,2676.120000,18.342700,85.018400,0.001290
223.110000,2677.320000,18.356900,84.993700,0.001377
223.210000,2678.520000,18.371100,84.968900,0.001464
223.310000,2679.720000,18.385300,84.944100,0.001552
223.410000,2680.920000,18.399400,84.919400,0.001640
223.510000,2682.120000,18.413600,84.894700,0.001729
223.610000,2683.320000,18.427800,84.870000,0.001818
223.710000,2684.520000,18.442000,84.845400,0.001908
223.810000,2685.720000,18.456200,84.820700,0.001997
223.910000,2686.920000,18.470400,84.796100,0.002087
224.010000,2688.120000,18.484600,84.771500,0.002177
224.110000,2689.320000,18.498800,84.746900,0.002267
224.210000,2690.520000,18.513000,84.722400,0.002357
224.310000,2691.720000,18.527200,84.697800,0.002448
224.410000,2692.920000,18.541500,84.673300,0.002538
224.510000,2694.120000,18.555700,84.648800,0.002628
224.610000,2695.320000,18.569900,84.624400,0.002717
224.710000,2696.520000,18.584100,84.599900,0.002807
224.810000,2697.720000,18.598400,84.575500,0.002896
224.910000,2698.920000,18.612600,84.551100,0.002985
225.010000,2700.120000,18.626900,84.526700,0.003074
225.110000,2701.320000,18.641100,84.502400,0.003162
225.210000,2702.520000,18.655400,84.478000,0.003250
225.310000,2703.720000,18.669600,84.453700,0.003338
225.410000,2704.920000,18.683900,84.429400,0.003425
225.510000,2706.120000,18.698200,84.405100,0.003511
225.610000,2707.320000,18.712400,84.380900,0.003597
225.710000,2708.520000,18.726700,84.356600,0.003682
225.810000,2709.720000,18.741000,84.332400,0.003767
225.910000,2710.920000,18.755300,84.308200,0.003850
226.010000,2712.120000,18.769600,84.284100,0.003933
226.110000,2713.320000,18.783800,84.259900,0.004016
226.210000,2714.520000,18.798100,84.235800,0.004097
226.310000,2715.720000,18.812400,84.211700,0.004178
226.410000,2716.920000,18.826700,84.187600,0.004258
226.510000,2718.120000,18.841000,84.163500,0.004336
226.610000,2719.320000,18.855400,84.139500,0.004414
226.710000,2720.520000,18.869700,84.115500,0.004491
226.810000,2721.720000,18.884000,84.091500,0.004567
226.910000,2722.920000,18.898300,84.067500,0.004642
227.010000,2724.120000,18.912600,84.043500,0.004715
227.110000,2725.320000,18.927000,84.019600,0.004788
227.210000,2726.520000,18.941300,83.995700,0.004859
227.310000,2727.720000,18.955600,83.971800,0.004930
227.410000,2728.920000,18.970000,83.947900,0.004999
227.510000,2730.120000,18.984300,83.924000,0.005066
227.610000,2731.320000,18.998700,83.900200,0.005133
227.710000,2732.520000,19.013000,83.876400,0.005198
227.810000,2733.720000,19.027400,83.852600,0.005262
227.910000,2734.920000,19.041800,83.828800,0.005325
228.010000,2736.120000,19.056100,83.805000,0.005386
228.110000,2737.320000,19.070500,83.781300,0.005446
228.210000,2738.520000,19.084900,83.757600,0.005504
228.310000,2739.720000,19.099300,83.733900,0.005561
228.410000,2740.920000,19.113700,83.710200,0.005617
228.510000,2742.120000,19.128000,83.686600,0.005671
228.610000,2743.320000,19.142400,83.663000,0.005724
228.710000,2744.520000,19.156800,83.639300,0.005775
228.810000,2745.720000,19.171200,83.615700,0.005824
228.910000,2746.920000,19.185600,83.592200,0.005872
229.010000,2748.120000,19.200000,83.568600,0.005918
229.110000,2749.320000,19.214500,83.545100,0.005963
229.210000,2750.520000,19.228900,83.521600,0.006006
229.310000,2751.720000,19.243300,83.498100,0.006048
229.410000,2752.920000,19.257700,83.474600,0.006088
229.510000,2754.120000,19.272100,83.451200,0.006126
229.610000,2755.320000,19.286600,83.427800,0.006162
229.710000,2756.520000,19.301000,83.404300,0.006197
229.810000,2757.720000,19.315500,83.381000,0.006230
229.910000,2758.920000,19.329900,83.357600,0.006262
230.010000,2760.120000,19.344400,83.334200,0.006292
230.110000,2761.320000,19.358800,83.310900,0.006319
230.210000,2762.520000,19.373300,83.287600,0.006346
230.310000,2763.720000,19.387700,83.264300,0.006370
230.410000,2764.920000,19.402200,83.241100,0.006393
230.510000,2766.120000,19.416700,83.217800,0.006414
230.610000,2767.320000,19.431100,83.194600,0.006433
230.710000,2768.520000,19.445600,83.171400,0.006450
230.810000,2769.720000,19.460100,83.148200,0.006466
230.910000,2770.920000,19.474600,83.125000,0.006479
231.010000,2772.120000,19.489100,83.101900,0.006491
231.110000,2773.320000,19.503600,83.078700,0.006501
231.210000,2774.520000,19.518100,83.055600,0.006510
231.310000,2775.720000,19.532600,83.032500,0.006516
231.410000,2776.920000,19.547100,83.009500,0.006521
231.510000,2778.120000,19.561600,82.986400,0.006524
231.610000,2779.320000,19.576100,82.963400,0.006525
231.710000,2780.520000,19.590600,82.940400,0.006524
231.810000,2781.720000,19.605100,82.917400,0.006521
231.910000,2782.920000,19.619700,82.894400,0.006517
232.010000,2784.120000,19.634200,82.871500,0.006510
232.110000,2785.320000,19.648700,82.848500,0.006502
232.210000,2786.520000,19.663300,82.825600,0.006492
232.310000,2787.720000,19.677800,82.802700,0.006480
232.410000,2788.920000,19.692400,82.779800,0.006467
232.510000,2790.120000,19.706900,82.757000,0.006451
232.610000,2791.320000,19.721500,82.734200,0.006434
232.710000,2792.520000,19.736000,82.711300,0.006415
232.810000,2793.720000,19.750600,82.688500,0.006394
232.910000,2794.920000,19.765100,82.665800,0.006371
233.010000,2796.120000,19.779700,82.643000,0.006347
233.110000,2797.320000,19.794300,82.620300,0.006321
233.210000,2798.520000,19.808900,82.597600,0.006293
233.310000,2799.720000,19.823400,82.574900,0.006263
233.410000,2800.920000,19.838000,82.552200,0.006232
233.510000,2802.120000,19.852600,82.529500,0.006199
233.610000,2803.320000,19.867200,82.506900,0.006164
233.710000,2804.520000,19.881800,82.484300,0.006127
233.810000,2805.720000,19.896400,82.461600,0.006089
233.910000,2806.920000,19.911000,82.439100,0.006049
234.010000,2808.120000,19.925600,82.416500,0.006007
234.110000,2809.320000,19.940300,82.393900,0.005964
234.210000,2810.520000,19.954900,82.371400,0.005919
234.310000,2811.720000,19.969500,82.348900,0.005873
234.410000,2812.920000,19.984100,82.326400,0.005825
234.510000,2814.120000,19.998700,82.304000,0.005775
234.610000,2815.320000,20.013400,82.281500,0.005724
234.710000,2816.520000,20.028000,82.259100,0.005671
234.810000,2817.720000,20.042700,82.236700,0.005617
234.910000,2818.920000,20.057300,82.214300,0.005561
235.010000,2820.120000,20.072000,82.191900,0.005504
235.110000,2821.320000,20.086600,82.169500,0.005445
235.210000,2822.520000,20.101300,82.147200,0.005385
235.310000,2823.720000,20.115900,82.124900,0.005323
235.410000,2824.920000,20.130600,82.102600,0.005260
235.510000,2826.120000,20.145300,82.080300,0.005196
235.610000,2827.320000,20.159900,82.058000,0.005130
235.710000,2828.520000,20.174600,82.035800,0.005063
235.810000,2829.720000,20.189300,82.013500,0.004995
235.910000,2830.920000,20.204000,81.991300,0.004925
236.010000,2832.120000,20.218700,81.969200,0.004854
236.110000,2833.320000,20.233400,81.947000,0.004782
236.210000,2834.520000,20.248100,81.924800,0.004709
236.310000,2835.720000,20.262800,81.902700,0.004635
236.410000,2836.920000,20.277500,81.880600,0.004560
236.510000,2838.120000,20.292200,81.858500,0.004483
236.610000,2839.320000,20.306900,81.836400,0.004405
236.710000,2840.520000,20.321600,81.814300,0.004327
236.810000,2841.720000,20.336300,81.792300,0.004247
236.910000,2842.920000,20.351100,81.770300,0.004167
237.010000,2844.120000,20.365800,81.748300,0.004085
237.110000,2845.320000,20.380500,81.726300,0.004003
237.210000,2846.520000,20.395300,81.704300,0.003920
237.310000,2847.720000,20.410000,81.682400,0.003836
237.410000,2848.920000,20.424800,81.660400,0.003751
237.510000,2850.120000,20.439500,81.638500,0.003666
237.610000,2851.320000,20.454300,81.616600,0.003579
237.710000,2852.520000,20.469000,81.594800,0.003492
237.810000,2853.720000,20.483800,81.572900,0.003405
237.910000,2854.920000,20.498600,81.551100,0.003317
238.010000,2856.120000,20.513300,81.529200,0.003228
238.110000,2857.320000,20.528100,81.507400,0.003139
238.210000,2858.520000,20.542900,81.485600,0.003050
238.310000,2859.720000,20.557700,81.463900,0.002960
238.410000,2860.920000,20.572400,81.442100,0.002870
238.510000,2862.120000,20.587200,81.420400,0.002779
238.610000,2863.320000,20.602000,81.398700,0.002688
238.710000,2864.520000,20.616800,81.377000,0.002597
238.810000,2865.720000,20.631600,81.355300,0.002506
238.910000,2866.920000,20.646400,81.333600,0.002414
239.010000,2868.120000,20.661200,81.312000,0.002323
239.110000,2869.320000,20.676000,81.290400,0.002231
239.210000,2870.520000,20.690900,81.268800,0.002139
239.310000,2871.720000,20.705700,81.247200,0.002048
239.410000,2872.920000,20.720500,81.225600,0.001957
239.510000,2874.120000,20.735300,81.204000,0.001865
239.610000,2875.320000,20.750200,81.182500,0.001774
239.710000,2876.520000,20.765000,81.161000,0.001684
239.810000,2877.720000,20.779800,81.139500,0.001593
239.910000,2878.920000,20.794700,81.118000,0.001503
240.010000,2880.120000,20.809500,81.096500,0.001414
240.110000,2881.320000,20.824400,81.075100,0.001324
240.210000,2882.520000,20.839200,81.053600,0.001236
240.310000,2883.720000,20.854100,81.032200,0.001148
240.410000,2884.920000,20.869000,81.010800,0.001060
240.510000,2886.120000,20.883800,80.989500,0.000974
240.610000,2887.320000,20.898700,80.968100,0.000888
240.710000,2888.520000,20.913600,80.946700,0.000803
240.810000,2889.720000,20.928500,80.925400,0.000719
240.910000,2890.920000,20.943400,80.904100,0.000636
241.010000,2892.120000,20.958200,80.882800,0.000553
241.110000,2893.320000,20.973100,80.861500,0.000472
241.210000,2894.520000,20.988000,80.840300,0.000392
241.310000,2895.720000,21.002900,80.819000,0.000314
241.410000,2896.920000,21.017800,80.797800,0.000236
241.510000,2898.120000,21.032700,80.776600,0.000160
241.610000,2899.320000,21.047600,80.755400,0.000085
241.710000,2900.520000,21.062600,80.734300,0.000012
241.810000,2901.720000,21.077500,80.713100,-0.000060
241.910000,2902.920000,21.092400,80.692000,-0.000130
242.010000,2904.120000,21.107300,80.670800,-0.000199
242.110000,2905.320000,21.122300,80.649700,-0.000265
242.210000,2906.520000,21.137200,80.628600,-0.000330
242.310000,2907.720000,21.152100,80.607600,-0.000393
242.410000,2908.920000,21.167100,80.586500,-0.000455
242.510000,2910.120000,21.182000,80.565500,-0.000514
242.610000,2911.320000,21.197000,80.544500,-0.000571
242.710000,2912.520000,21.211900,80.523500,-0.000626
242.810000,2913.720000,21.226900,80.502500,-0.000678
242.910000,2914.920000,21.241800,80.481500,-0.000729
243.010000,2916.120000,21.256800,80.460600,-0.000777
243.110000,2917.320000,21.271800,80.439600,-0.000822
243.210000,2918.520000,21.286800,80.418700,-0.000865
243.310000,2919.720000,21.301700,80.397800,-0.000905
243.410000,2920.920000,21.316700,80.376900,-0.000943
243.510000,2922.120000,21.331700,80.356100,-0.000978
243.610000,2923.320000,21.346700,80.335200,-0.001010
243.710000,2924.520000,21.361700,80.314400,-0.001039
243.810000,2925.720000,21.376700,80.293600,-0.001065
243.910000,2926.920000,21.391700,80.272800,-0.001088
244.010000,2928.120000,21.406700,80.252000,-0.001108
244.110000,2929.320000,21.421700,80.231200,-0.001125
244.210000,2930.520000,21.436700,80.210500,-0.001139
244.310000,2931.720000,21.451700,80.189700,-0.001149
244.410000,2932.920000,21.466700,80.169000,-0.001157
244.510000,2934.120000,21.481800,80.148300,-0.001161
244.610000,2935.320000,21.496800,80.127600,-0.001162
244.710000,2936.520000,21.511800,80.107000,-0.001160
244.810000,2937.720000,21.526900,80.086300,-0.001156
244.910000,2938.920000,21.541900,80.065700,-0.001148
245.010000,2940.120000,21.556900,80.045000,-0.001138
245.110000,2941.320000,21.572000,80.024400,-0.001125
245.210000,2942.520000,21.587000,80.003900,-0.001109
245.310000,2943.720000,21.602100,79.983300,-0.001090
245.410000,2944.920000,21.617200,79.962700,-0.001069
245.510000,2946.120000,21.632200,79.942200,-0.001046
245.610000,2947.320000,21.647300,79.921700,-0.001020
245.710000,2948.520000,21.662400,79.901200,-0.000991
245.810000,2949.720000,21.677400,79.880700,-0.000960
245.910000,2950.920000,21.692500,79.860200,-0.000927
246.010000,2952.120000,21.707600,79.839700,-0.000892
246.110000,2953.320000,21.722700,79.819300,-0.000855
246.210000,2954.520000,21.737800,79.798900,-0.000815
246.310000,2955.720000,21.752900,79.778500,-0.000774
246.410000,2956.920000,21.768000,79.758100,-0.000730
246.510000,2958.120000,21.783100,79.737700,-0.000684
246.610000,2959.320000,21.798200,79.717400,-0.000637
246.710000,2960.520000,21.813300,79.697000,-0.000588
246.810000,2961.720000,21.828400,79.676700,-0.000537
246.910000,2962.920000,21.843500,79.656400,-0.000484
247.010000,2964.120000,21.858600,79.636100,-0.000430
247.110000,2965.320000,21.873800,79.615800,-0.000373
247.210000,2966.520000,21.888900,79.595500,-0.000316
247.310000,2967.720000,21.904000,79.575300,-0.000257
247.410000,2968.920000,21.919100,79.555100,-0.000196
247.510000,2970.120000,21.934300,79.534800,-0.000134
247.610000,2971.320000,21.949400,79.514600,-0.000071
247.710000,2972.520000,21.964600,79.494500,-0.000006
247.810000,2973.720000,21.979700,79.474300,0.000060
247.910000,2974.920000,21.994900,79.454100,0.000127
248.010000,2976.120000,22.010000,79.434000,0.000196
248.110000,2977.320000,22.025200,79.413900,0.000265
248.210000,2978.520000,22.040400,79.393800,0.000336
248.310000,2979.720000,22.055500,79.373700,0.000407
248.410000,2980.920000,22.070700,79.353600,0.000480
248.510000,2982.120000,22.085900,79.333600,0.000553
248.610000,2983.320000,22.101100,79.313500,0.000628
248.710000,2984.520000,22.116300,79.293500,0.000703
248.810000,2985.720000,22.131500,79.273500,0.000779
248.910000,2986.920000,22.146700,79.253500,0.000856
249.010000,2988.120000,22.161800,79.233500,0.000933
249.110000,2989.320000,22.177000,79.213600,0.001012
249.210000,2990.520000,22.192300,79.193600,0.001090
249.310000,2991.720000,22.207500,79.173700,0.001170
249.410000,2992.920000,22.222700,79.153800,0.001250
249.510000,2994.120000,22.237900,79.133900,0.001330
249.610000,2995.320000,22.253100,79.114000,0.001411
249.710000,2996.520000,22.268300,79.094100,0.001492
249.810000,2997.720000,22.283600,79.074300,0.001574
249.910000,2998.920000,22.298800,79.054500,0.001656
250.010000,3000.120000,22.314000,79.034600,0.001738
250.110000,3001.320000,22.329300,79.014800,0.001820
250.210000,3002.520000,22.344500,78.995000,0.001903
250.310000,3003.720000,22.359800,78.975300,0.001986
250.410000,3004.920000,22.375000,78.955500,0.002069
250.510000,3006.120000,22.390300,78.935800,0.002152
250.610000,3007.320000,22.405500,78.916000,0.002235
250.710000,3008.520000,22.420800,78.896300,0.002319
250.810000,3009.720000,22.436100,78.876600,0.002402
250.910000,3010.920000,22.451300,78.857000,0.002485
251.010000,3012.120000,22.466600,78.837300,0.002568
251.110000,3013.320000,22.481900,78.817600,0.002651
251.210000,3014.520000,22.497200,78.798000,0.002734
251.310000,3015.720000,22.512400,78.778400,0.002816
251.410000,3016.920000,22.527700,78.758800,0.002899
251.510000,3018.120000,22.543000,78.739200,0.002981
251.610000,3019.320000,22.558300,78.719600,0.003063
251.710000,3020.520000,22.573600,78.700100,0.003144
251.810000,3021.720000,22.588900,78.680500,0.003225
251.910000,3022.920000,22.604200,78.661000,0.003306
252.010000,3024.120000,22.619600,78.641500,0.003386
252.110000,3025.320000,22.634900,78.622000,0.003466
252.210000,3026.520000,22.650200,78.602500,0.003546
252.310000,3027.720000,22.665500,78.583000,0.003624
252.410000,3028.920000,22.680800,78.563600,0.003703
252.510000,3030.120000,22.696200,78.544200,0.003781
252.610000,3031.320000,22.711500,78.524700,0.003858
252.710000,3032.520000,22.726800,78.505300,0.003934
252.810000,3033.720000,22.742200,78.485900,0.004010
252.910000,3034.920000,22.757500,78.466600,0.004086
253.010000,3036.120000,22.772900,78.447200,0.004160
253.110000,3037.320000,22.788200,78.427900,0.004234
253.210000,3038.520000,22.803600,78.408500,0.004307
253.310000,3039.720000,22.819000,78.389200,0.004379
253.410000,3040.920000,22.834300,78.369900,0.004451
253.510000,3042.120000,22.849700,78.350600,0.004521
253.610000,3043.320000,22.865100,78.331400,0.004591
253.710000,3044.520000,22.880400,78.312100,0.004660
253.810000,3045.720000,22.895800,78.292900,0.004728
253.910000,3046.920000,22.911200,78.273700,0.004795
254.010000,3048.120000,22.926600,78.254500,0.004861
254.110000,3049.320000,22.942000,78.235300,0.004926
254.210000,3050.520000,22.957400,78.216100,0.004990
254.310000,3051.720000,22.972800,78.196900,0.005053
254.410000,3052.920000,22.988200,78.177800,0.005115
254.510000,3054.120000,23.003600,78.158600,0.005176
254.610000,3055.320000,23.019000,78.139500,0.005236
254.710000,3056.520000,23.034400,78.120400,0.005295
254.810000,3057.720000,23.049800,78.101300,0.005353
254.910000,3058.920000,23.065200,78.082200,0.005410
255.010000,3060.120000,23.080700,78.063200,0.005465
255.110000,3061.320000,23.096100,78.044100,0.005519
255.210000,3062.520000,23.111500,78.025100,0.005572
255.310000,3063.720000,23.127000,78.006100,0.005624
255.410000,3064.920000,23.142400,77.987100,0.005675
255.510000,3066.120000,23.157900,77.968100,0.005724
255.610000,3067.320000,23.173300,77.949100,0.005773
255.710000,3068.520000,23.188800,77.930200,0.005820
255.810000,3069.720000,23.204200,77.911200,0.005865
255.910000,3070.920000,23.219700,77.892300,0.005909
256.010000,3072.120000,23.235100,77.873400,0.005953
256.110000,3073.320000,23.250600,77.854500,0.005994
256.210000,3074.520000,23.266100,77.835600,0.006035
256.310000,3075.720000,23.281500,77.816700,0.006074
256.410000,3076.920000,23.297000,77.797900,0.006111
256.510000,3078.120000,23.312500,77.779100,0.006148
256.610000,3079.320000,23.328000,77.760200,0.006182
256.710000,3080.520000,23.343500,77.741400,0.006216
256.810000,3081.720000,23.359000,77.722600,0.006248
256.910000,3082.920000,23.374500,77.703800,0.006279
257.010000,3084.120000,23.390000,77.685100,0.006308
257.110000,3085.320000,23.405500,77.666300,0.006336
257.210000,3086.520000,23.421000,77.647600,0.006362
257.310000,3087.720000,23.436500,77.628900,0.006387
257.410000,3088.920000,23.452000,77.610100,0.006411
257.510000,3090.120000,23.467500,77.591500,0.006433
257.610000,3091.320000,23.483100,77.572800,0.006453
257.710000,3092.520000,23.498600,77.554100,0.006472
257.810000,3093.720000,23.514100,77.535500,0.006490
257.910000,3094.920000,23.529600,77.516800,0.006506
258.010000,3096.120000,23.545200,77.498200,0.006521
258.110000,3097.320000,23.560700,77.479600,0.006534
258.210000,3098.520000,23.576300,77.461000,0.006546
258.310000,3099.720000,23.591800,77.442400,0.006556
258.410000,3100.920000,23.607400,77.423800,0.006564
258.510000,3102.120000,23.622900,77.405300,0.006571
258.610000,3103.320000,23.638500,77.386700,0.006577
258.710000,3104.520000,23.654100,77.368200,0.006581
258.810000,3105.720000,23.669600,77.349700,0.006584
258.910000,3106.920000,23.685200,77.331200,0.006585
259.010000,3108.120000,23.700800,77.312700,0.006584
259.110000,3109.320000,23.716300,77.294300,0.006582
259.210000,3110.520000,23.731900,77.275800,0.006579
259.310000,3111.720000,23.747500,77.257400,0.006574
259.410000,3112.920000,23.763100,77.239000,0.006567
259.510000,3114.120000,23.778700,77.220500,0.006559
259.610000,3115.320000,23.794300,77.202200,0.006550
259.710000,3116.520000,23.809900,77.183800,0.006539
259.810000,3117.720000,23.825500,77.165400,0.006526
259.910000,3118.920000,23.841100,77.147000,0.006512
260.010000,3120.120000,23.856700,77.128700,0.006496
260.110000,3121.320000,23.872300,77.110400,0.006479
260.210000,3122.520000,23.888000,77.092100,0.006461
260.310000,3123.720000,23.903600,77.073800,0.006441
260.410000,3124.920000,23.919200,77.055500,0.006419
260.510000,3126.120000,23.934800,77.037200,0.006396
260.610000,3127.320000,23.950500,77.019000,0.006372
260.710000,3128.520000,23.966100,77.000700,0.006346
260.810000,3129.720000,23.981800,76.982500,0.006318
260.910000,3130.920000,23.997400,76.964300,0.006290
261.010000,3132.120000,24.013100,76.946100,0.006259
261.110000,3133.320000,24.028700,76.927900,0.006228
261.210000,3134.520000,24.044400,76.909700,0.006195
261.310000,3135.720000,24.060000,76.891500,0.006160
261.410000,3136.920000,24.075700,76.873400,0.006124
261.510000,3138.120000,24.091400,76.855300,0.006087
261.610000,3139.320000,24.107000,76.837200,0.006048
261.710000,3140.520000,24.122700,76.819000,0.006008
261.810000,3141.720000,24.138400,76.801000,0.005967
261.910000,3142.920000,24.154100,76.782900,0.005924
262.010000,3144.120000,24.169800,76.764800,0.005880
262.110000,3145.320000,24.185400,76.746800,0.005835
262.210000,3146.520000,24.201100,76.728700,0.005788
262.310000,3147.720000,24.216800,76.710700,0.005740
262.410000,3148.920000,24.232500,76.692700,0.005691
262.510000,3150.120000,24.248200,76.674700,0.005641
262.610000,3151.320000,24.263900,76.656700,0.005589
262.710000,3152.520000,24.279700,76.638800,0.005536
262.810000,3153.720000,24.295400,76.620800,0.005482
262.910000,3154.920000,24.311100,76.602900,0.005426
263.010000,3156.120000,24.326800,76.584900,0.005370
263.110000,3157.320000,24.342500,76.567000,0.005312
263.210000,3158.520000,24.358300,76.549100,0.005253
263.310000,3159.720000,24.374000,76.531200,0.005193
263.410000,3160.920000,24.389800,76.513400,0.005132
263.510000,3162.120000,24.405500,76.495500,0.005070
263.610000,3163.320000,24.421200,76.477600,0.005007
263.710000,3164.520000,24.437000,76.459800,0.004943
263.810000,3165.720000,24.452700,76.442000,0.004878
263.910000,3166.920000,24.468500,76.424200,0.004811
264.010000,3168.120000,24.484300,76.406400,0.004744
264.110000,3169.320000,24.500000,76.388600,0.004676
264.210000,3170.520000,24.515800,76.370800,0.004607
264.310000,3171.720000,24.531600,76.353100,0.004537
264.410000,3172.920000,24.547300,76.335400,0.004466
264.510000,3174.120000,24.563100,76.317600,0.004394
264.610000,3175.320000,24.578900,76.299900,0.004322
264.710000,3176.520000,24.594700,76.282200,0.004248
264.810000,3177.720000,24.610500,76.264500,0.004174
264.910000,3178.920000,24.626300,76.246900,0.004099
265.010000,3180.120000,24.642100,76.229200,0.004023
265.110000,3181.320000,24.657900,76.211500,0.003947
265.210000,3182.520000,24.673700,76.193900,0.003870
265.310000,3183.720000,24.689500,76.176300,0.003792
265.410000,3184.920000,24.705300,76.158700,0.003713
265.510000,3186.120000,24.721100,76.141100,0.003634
265.610000,3187.320000,24.736900,76.123500,0.003555
265.710000,3188.520000,24.752700,76.105900,0.003475
265.810000,3189.720000,24.768600,76.088400,0.003394
265.910000,3190.920000,24.784400,76.070800,0.003313
266.010000,3192.120000,24.800200,76.053300,0.003232
266.110000,3193.320000,24.816100,76.035800,0.003150
266.210000,3194.520000,24.831900,76.018300,0.003067
266.310000,3195.720000,24.847800,76.000800,0.002984
266.410000,3196.920000,24.863600,75.983300,0.002901
266.510000,3198.120000,24.879500,75.965900,0.002818
266.610000,3199.320000,24.895300,75.948400,0.002735
266.710000,3200.520000,24.911200,75.931000,0.002651
266.810000,3201.720000,24.927000,75.913500,0.002567
266.910000,3202.920000,24.942900,75.896100,0.002483
267.010000,3204.120000,24.958800,75.878700,0.002398
267.110000,3205.320000,24.974600,75.861300,0.002314
267.210000,3206.520000,24.990500,75.844000,0.002230
267.310000,3207.720000,25.006400,75.826600,0.002145
267.410000,3208.920000,25.022300,75.809300,0.002061
267.510000,3210.120000,25.038200,75.791900,0.001976
267.610000,3211.320000,25.054100,75.774600,0.001892
267.710000,3212.520000,25.070000,75.757300,0.001808
267.810000,3213.720000,25.085900,75.740000,0.001724
267.910000,3214.920000,25.101800,75.722700,0.001640
268.010000,3216.120000,25.117700,75.705400,0.001557
268.110000,3217.320000,25.133600,75.688200,0.001474
268.210000,3218.520000,25.149500,75.670900,0.001391
268.310000,3219.720000,25.165400,75.653700,0.001309
268.410000,3220.920000,25.181300,75.636500,0.001227
268.510000,3222.120000,25.197300,75.619300,0.001145
268.610000,3223.320000,25.213200,75.602100,0.001064
268.710000,3224.520000,25.229100,75.584900,0.000984
268.810000,3225.720000,25.245000,75.567700,0.000904
268.910000,3226.920000,25.261000,75.550600,0.000824
269.010000,3228.120000,25.276900,75.533400,0.000746
269.110000,3229.320000,25.292900,75.516300,0.000668
269.210000,3230.520000,25.308800,75.499200,0.000591
269.310000,3231.720000,25.324800,75.482100,0.000514
269.410000,3232.920000,25.340700,75.465000,0.000439
269.510000,3234.120000,25.356700,75.447900,0.000364
269.610000,3235.320000,25.372700,75.430800,0.000291
269.710000,3236.520000,25.388600,75.413800,0.000218
269.810000,3237.720000,25.404600,75.396700,0.000147
269.910000,3238.920000,25.420600,75.379700,0.000076
270.010000,3240.120000,25.436600,75.362700,0.000007
270.110000,3241.320000,25.452500,75.345600,-0.000061
270.210000,3242.520000,25.468500,75.328700,-0.000128
270.310000,3243.720000,25.484500,75.311700,-0.000193
270.410000,3244.920000,25.500500,75.294700,-0.000258
270.510000,3246.120000,25.516500,75.277700,-0.000321
270.610000,3247.320000,25.532500,75.260800,-0.000382
270.710000,3248.520000,25.548500,75.243900,-0.000442
270.810000,3249.720000,25.564500,75.226900,-0.000500
270.910000,3250.920000,25.580500,75.210000,-0.000557
271.010000,3252.120000,25.596500,75.193100,-0.000612
271.110000,3253.320000,25.612600,75.176200,-0.000665
271.210000,3254.520000,25.628600,75.159400,-0.000717
271.310000,3255.720000,25.644600,75.142500,-0.000767
271.410000,3256.920000,25.660600,75.125700,-0.000815
271.510000,3258.120000,25.676700,75.108800,-0.000861
271.610000,3259.320000,25.692700,75.092000,-0.000905
271.710000,3260.520000,25.708700,75.075200,-0.000947
271.810000,3261.720000,25.724800,75.058400,-0.000986
271.910000,3262.920000,25.740800,75.041600,-0.001024
272.010000,3264.120000,25.756900,75.024800,-0.001060
272.110000,3265.320000,25.772900,75.008100,-0.001093
272.210000,3266.520000,25.789000,74.991300,-0.001124
272.310000,3267.720000,25.805100,74.974600,-0.001152
272.410000,3268.920000,25.821100,74.957800,-0.001178
272.510000,3270.120000,25.837200,74.941100,-0.001202
272.610000,3271.320000,25.853300,74.924400,-0.001223
272.710000,3272.520000,25.869300,74.907700,-0.001241
272.810000,3273.720000,25.885400,74.891100,-0.001257
272.910000,3274.920000,25.901500,74.874400,-0.001270
273.010000,3276.120000,25.917600,74.857700,-0.001281
273.110000,3277.320000,25.933700,74.841100,-0.001289
273.210000,3278.520000,25.949800,74.824500,-0.001294
273.310000,3279.720000,25.965900,74.807800,-0.001297
273.410000,3280.920000,25.982000,74.791200,-0.001297
273.510000,3282.120000,25.998100,74.774600,-0.001294
273.610000,3283.320000,26.014200,74.758100,-0.001289
273.710000,3284.520000,26.030300,74.741500,-0.001281
273.810000,3285.720000,26.046400,74.724900,-0.001272
273.910000,3286.920000,26.062500,74.708400,-0.001259
274.010000,3288.120000,26.078600,74.691800,-0.001245
274.110000,3289.320000,26.094800,74.675300,-0.001228
274.210000,3290.520000,26.110900,74.658800,-0.001209
274.310000,3291.720000,26.127000,74.642300,-0.001188
274.410000,3292.920000,26.143200,74.625800,-0.001164
274.510000,3294.120000,26.159300,74.609300,-0.001139
274.610000,3295.320000,26.175500,74.592900,-0.001112
274.710000,3296.520000,26.191600,74.576400,-0.001082
274.810000,3297.720000,26.207700,74.560000,-0.001051
274.910000,3298.920000,26.223900,74.543500,-0.001017
275.010000,3300.120000,26.240100,74.527100,-0.000982
275.110000,3301.320000,26.256200,74.510700,-0.000945
275.210000,3302.520000,26.272400,74.494300,-0.000906
275.310000,3303.720000,26.288600,74.477900,-0.000866
275.410000,3304.920000,26.304700,74.461600,-0.000824
275.510000,3306.120000,26.320900,74.445200,-0.000780
275.610000,3307.320000,26.337100,74.428900,-0.000734
275.710000,3308.520000,26.353300,74.412500,-0.000687
275.810000,3309.720000,26.369500,74.396200,-0.000639
275.910000,3310.920000,26.385600,74.379900,-0.000589
276.010000,3312.120000,26.401800,74.363600,-0.000537
276.110000,3313.320000,26.418000,74.347300,-0.000484
276.210000,3314.520000,26.434200,74.331000,-0.000430
276.310000,3315.720000,26.450400,74.314700,-0.000374
276.410000,3316.920000,26.466600,74.298500,-0.000317
276.510000,3318.120000,26.482900,74.282200,-0.000259
276.610000,3319.320000,26.499100,74.266000,-0.000200
276.710000,3320.520000,26.515300,74.249800,-0.000139
276.810000,3321.720000,26.531500,74.233600,-0.000078
276.910000,3322.920000,26.547700,74.217400,-0.000015
277.010000,3324.120000,26.564000,74.201200,0.000049
277.110000,3325.320000,26.580200,74.185000,0.000114
277.210000,3326.520000,26.596400,74.168900,0.000180
277.310000,3327.720000,26.612700,74.152700,0.000247
277.410000,3328.920000,26.628900,74.136600,0.000314
277.510000,3330.120000,26.645200,74.120400,0.000383
277.610000,3331.320000,26.661400,74.104300,0.000452
277.710000,3332.520000,26.677700,74.088200,0.000523
277.810000,3333.720000,26.693900,74.072100,0.000594
277.910000,3334.920000,26.710200,74.056000,0.000666
278.010000,3336.120000,26.726400,74.040000,0.000738
278.110000,3337.320000,26.742700,74.023900,0.000811
278.210000,3338.520000,26.759000,74.007900,0.000885
278.310000,3339.720000,26.775300,73.991800,0.000959
278.410000,3340.920000,26.791500,73.975800,0.001034
278.510000,3342.120000,26.807800,73.959800,0.001110
278.610000,3343.320000,26.824100,73.943800,0.001186
278.710000,3344.520000,26.840400,73.927800,0.001262
278.810000,3345.720000,26.856700,73.911800,0.001339
278.910000,3346.920000,26.873000,73.895800,0.001417
279.010000,3348.120000,26.889300,73.879900,0.001494
279.110000,3349.320000,26.905600,73.863900,0.001572
279.210000,3350.520000,26.921900,73.848000,0.001651
279.310000,3351.720000,26.938200,73.832100,0.001729
279.410000,3352.920000,26.954500,73.816200,0.001808
279.510000,3354.120000,26.970800,73.800300,0.001887
279.610000,3355.320000,26.987200,73.784400,0.001967
279.710000,3356.520000,27.003500,73.768500,0.002046
279.810000,3357.720000,27.019800,73.752600,0.002126
279.910000,3358.920000,27.036100,73.736800,0.002206
280.010000,3360.120000,27.052500,73.720900,0.002285
280.110000,3361.320000,27.068800,73.705100,0.002365
280.210000,3362.520000,27.085100,73.689300,0.002445
280.310000,3363.720000,27.101500,73.673500,0.002525
280.410000,3364.920000,27.117800,73.657700,0.002605
280.510000,3366.120000,27.134200,73.641900,0.002685
280.610000,3367.320000,27.150500,73.626100,0.002764
280.710000,3368.520000,27.166900,73.610300,0.002844
280.810000,3369.720000,27.183300,73.594600,0.002923
280.910000,3370.920000,27.199600,73.578800,0.003003
281.010000,3372.120000,27.216000,73.563100,0.003082
281.110000,3373.320000,27.232400,73.547400,0.003161
281.210000,3374.520000,27.248800,73.531700,0.003239
281.310000,3375.720000,27.265100,73.516000,0.003318
281.410000,3376.920000,27.281500,73.500300,0.003396
281.510000,3378.120000,27.297900,73.484600,0.003473
281.610000,3379.320000,27.314300,73.468900,0.003551
281.710000,3380.520000,27.330700,73.453300,0.003628
281.810000,3381.720000,27.347100,73.437600,0.003704
281.910000,3382.920000,27.363500,73.422000,0.003781
282.010000,3384.120000,27.379900,73.406400,0.003856
282.110000,3385.320000,27.396300,73.390800,0.003932
282.210000,3386.520000,27.412700,73.375200,0.004007
282.310000,3387.720000,27.429100,73.359600,0.004081
282.410000,3388.920000,27.445500,73.344000,0.004155
282.510000,3390.120000,27.462000,73.328400,0.004228
282.610000,3391.320000,27.478400,73.312900,0.004301
282.710000,3392.520000,27.494800,73.297300,0.004373
282.810000,3393.720000,27.511300,73.281800,0.004445
282.910000,3394.920000,27.527700,73.266300,0.004516
283.010000,3396.120000,27.544100,73.250700,0.004586
283.110000,3397.320000,27.560600,73.235200,0.004655
283.210000,3398.520000,27.577000,73.219700,0.004724
283.310000,3399.720000,27.593500,73.204300,0.004793
283.410000,3400.920000,27.609900,73.188800,0.004860
283.510000,3402.120000,27.626400,73.173300,0.004927
283.610000,3403.320000,27.642800,73.157900,0.004993
283.710000,3404.520000,27.659300,73.142500,0.005058
283.810000,3405.720000,27.675800,73.127000,0.005123
283.910000,3406.920000,27.692200,73.111600,0.005186
284.010000,3408.120000,27.708700,73.096200,0.005249
284.110000,3409.320000,27.725200,73.080800,0.005311
284.210000,3410.520000,27.741700,73.065400,0.005372
284.310000,3411.720000,27.758200,73.050100,0.005433
284.410000,3412.920000,27.774600,73.034700,0.005492
284.510000,3414.120000,27.791100,73.019400,0.005550
284.610000,3415.320000,27.807600,73.004000,0.005608
284.710000,3416.520000,27.824100,72.988700,0.005665
284.810000,3417.720000,27.840600,72.973400,0.005720
284.910000,3418.920000,27.857100,72.958100,0.005775
285.010000,3420.120000,27.873600,72.942800,0.005829
285.110000,3421.320000,27.890200,72.927500,0.005881
285.210000,3422.520000,27.906700,72.912200,0.005933
285.310000,3423.720000,27.923200,72.896900,0.005984
285.410000,3424.920000,27.939700,72.881700,0.006034
285.510000,3426.120000,27.956200,72.866400,0.006082
285.610000,3427.320000,27.972800,72.851200,0.006130
285.710000,3428.520000,27.989300,72.836000,0.006176
285.810000,3429.720000,28.005800,72.820800,0.006222
285.910000,3430.920000,28.022400,72.805600,0.006266
286.010000,3432.120000,28.038900,72.790400,0.006309
286.110000,3433.320000,28.055500,72.775200,0.006352
286.210000,3434.520000,28.072000,72.760000,0.006393
286.310000,3435.720000,28.088600,72.744900,0.006432
286.410000,3436.920000,28.105100,72.729700,0.006471
286.510000,3438.120000,28.121700,72.714600,0.006509
286.610000,3439.320000,28.138300,72.699500,0.006545
286.710000,3440.520000,28.154800,72.684400,0.006580
286.810000,3441.720000,28.171400,72.669200,0.006615
286.910000,3442.920000,28.188000,72.654200,0.006647
287.010000,3444.120000,28.204500,72.639100,0.006679
287.110000,3445.320000,28.221100,72.624000,0.006710
287.210000,3446.520000,28.237700,72.608900,0.006739
287.310000,3447.720000,28.254300,72.593900,0.006767
287.410000,3448.920000,28.270900,72.578800,0.006794
287.510000,3450.120000,28.287500,72.563800,0.006820
287.610000,3451.320000,28.304100,72.548800,0.006844
287.710000,3452.520000,28.320700,72.533800,0.006867
287.810000,3453.720000,28.337300,72.518800,0.006889
287.910000,3454.920000,28.353900,72.503800,0.006910
288.010000,3456.120000,28.370500,72.488800,0.006929
288.110000,3457.320000,28.387100,72.473800,0.006947
288.210000,3458.520000,28.403800,72.458900,0.006964
288.310000,3459.720000,28.420400,72.443900,0.006980
288.410000,3460.920000,28.437000,72.429000,0.006994
288.510000,3462.120000,28.453600,72.414100,0.007007
288.610000,3463.320000,28.470300,72.399100,0.007019
288.710000,3464.520000,28.486900,72.384200,0.007030
288.810000,3465.720000,28.503500,72.369300,0.007039
288.910000,3466.920000,28.520200,72.354500,0.007047
289.010000,3468.120000,28.536800,72.339600,0.007054
289.110000,3469.320000,28.553500,72.324700,0.007059
289.210000,3470.520000,28.570100,72.309900,0.007063
289.310000,3471.720000,28.586800,72.295000,0.007066
289.410000,3472.920000,28.603400,72.280200,0.007067
289.510000,3474.120000,28.620100,72.265400,0.007067
289.610000,3475.320000,28.636800,72.250500,0.007066
289.710000,3476.520000,28.653500,72.235700,0.007064
289.810000,3477.720000,28.670100,72.220900,0.007060
289.910000,3478.920000,28.686800,72.206200,0.007055
290.010000,3480.120000,28.703500,72.191400,0.007049
290.110000,3481.320000,28.720200,72.176600,0.007041
290.210000,3482.520000,28.736900,72.161900,0.007033
290.310000,3483.720000,28.753500,72.147100,0.007022
290.410000,3484.920000,28.770200,72.132400,0.007011
290.510000,3486.120000,28.786900,72.117700,0.006998
290.610000,3487.320000,28.803600,72.103000,0.006984
290.710000,3488.520000,28.820300,72.088300,0.006969
290.810000,3489.720000,28.837100,72.073600,0.006952
290.910000,3490.920000,28.853800,72.058900,0.006935
291.010000,3492.120000,28.870500,72.044200,0.006916
291.110000,3493.320000,28.887200,72.029500,0.006895
291.210000,3494.520000,28.903900,72.014900,0.006874
291.310000,3495.720000,28.920600,72.000300,0.006851
291.410000,3496.920000,28.937400,71.985600,0.006827
291.510000,3498.120000,28.954100,71.971000,0.006801
291.610000,3499.320000,28.970800,71.956400,0.006775
291.710000,3500.520000,28.987600,71.941800,0.006747
291.810000,3501.720000,29.004300,71.927200,0.006718
291.910000,3502.920000,29.021100,71.912600,0.006687
292.010000,3504.120000,29.037800,71.898000,0.006656
292.110000,3505.320000,29.054600,71.883500,0.006623
292.210000,3506.520000,29.071300,71.868900,0.006589
292.310000,3507.720000,29.088100,71.854400,0.006554
292.410000,3508.920000,29.104800,71.839900,0.006518
292.510000,3510.120000,29.121600,71.825300,0.006481
292.610000,3511.320000,29.138400,71.810800,0.006442
292.710000,3512.520000,29.155100,71.796300,0.006402
292.810000,3513.720000,29.171900,71.781800,0.006361
292.910000,3514.920000,29.188700,71.767300,0.006319
293.010000,3516.120000,29.205500,71.752900,0.006276
293.110000,3517.320000,29.222300,71.738400,0.006232
293.210000,3518.520000,29.239100,71.724000,0.006187
293.310000,3519.720000,29.255900,71.709500,0.006140
293.410000,3520.920000,29.272700,71.695100,0.006093
293.510000,3522.120000,29.289500,71.680700,0.006044
293.610000,3523.320000,29.306300,71.666200,0.005994
293.710000,3524.520000,29.323100,71.651800,0.005944
293.810000,3525.720000,29.339900,71.637500,0.005892
293.910000,3526.920000,29.356700,71.623100,0.005839
294.010000,3528.120000,29.373500,71.608700,0.005785
294.110000,3529.320000,29.390300,71.594300,0.005731
294.210000,3530.520000,29.407100,71.580000,0.005675
294.310000,3531.720000,29.424000,71.565600,0.005618
294.410000,3532.920000,29.440800,71.551300,0.005560
294.510000,3534.120000,29.457600,71.537000,0.005502
294.610000,3535.320000,29.474500,71.522700,0.005442
294.710000,3536.520000,29.491300,71.508400,0.005382
294.810000,3537.720000,29.508200,71.494100,0.005320
294.910000,3538.920000,29.525000,71.479800,0.005258
295.010000,3540.120000,29.541900,71.465500,0.005195
295.110000,3541.320000,29.558700,71.451200,0.005131
295.210000,3542.520000,29.575600,71.437000,0.005066
295.310000,3543.720000,29.592400,71.422700,0.005001
295.410000,3544.920000,29.609300,71.408500,0.004934
295.510000,3546.120000,29.626200,71.394300,0.004867
295.610000,3547.320000,29.643000,71.380000,0.004799
295.710000,3548.520000,29.659900,71.365800,0.004730
295.810000,3549.720000,29.676800,71.351600,0.004661
295.910000,3550.920000,29.693700,71.337400,0.004591
296.010000,3552.120000,29.710500,71.323300,0.004520
296.110000,3553.320000,29.727400,71.309100,0.004449
296.210000,3554.520000,29.744300,71.294900,0.004376
296.310000,3555.720000,29.761200,71.280800,0.004304
296.410000,3556.920000,29.778100,71.266600,0.004230
296.510000,3558.120000,29.795000,71.252500,0.004156
296.610000,3559.320000,29.811900,71.238400,0.004082
296.710000,3560.520000,29.828800,71.224300,0.004007
296.810000,3561.720000,29.845700,71.210200,0.003931
296.910000,3562.920000,29.862600,71.196100,0.003855
297.010000,3564.120000,29.879600,71.182000,0.003778
297.110000,3565.320000,29.896500,71.167900,0.003701
297.210000,3566.520000,29.913400,71.153900,0.003624
297.310000,3567.720000,29.930300,71.139800,0.003546
297.410000,3568.920000,29.947300,71.125800,0.003468
297.510000,3570.120000,29.964200,71.111700,0.003389
297.610000,3571.320000,29.981100,71.097700,0.003310
297.710000,3572.520000,29.998100,71.083700,0.003231
297.810000,3573.720000,30.015000,71.069700,0.003151
297.910000,3574.920000,30.032000,71.055700,0.003071
298.010000,3576.120000,30.048900,71.041700,0.002991
298.110000,3577.320000,30.065900,71.027700,0.002911
298.210000,3578.520000,30.082800,71.013700,0.002830
298.310000,3579.720000,30.099800,70.999800,0.002749
298.410000,3580.920000,30.116800,70.985800,0.002668
298.510000,3582.120000,30.133700,70.971900,0.002587
298.610000,3583.320000,30.150700,70.957900,0.002506
298.710000,3584.520000,30.167700,70.944000,0.002425
298.810000,3585.720000,30.184600,70.930100,0.002344
298.910000,3586.920000,30.201600,70.916200,0.002263
299.010000,3588.120000,30.218600,70.902300,0.002181
299.110000,3589.320000,30.235600,70.888400,0.002100
299.210000,3590.520000,30.252600,70.874500,0.002019
299.310000,3591.720000,30.269600,70.860700,0.001938
299.410000,3592.920000,30.286600,70.846800,0.001857
299.510000,3594.120000,30.303600,70.832900,0.001777
299.610000,3595.320000,30.320600,70.819100,0.001696
299.710000,3596.520000,30.337600,70.805300,0.001616
299.810000,3597.720000,30.354600,70.791500,0.001536
299.910000,3598.920000,30.371600,70.777600,0.001456
300.010000,3600.120000,30.388600,70.763800,0.001377
300.110000,3601.320000,30.405700,70.750000,0.001298
300.210000,3602.520000,30.422700,70.736300,0.001219
300.310000,3603.720000,30.439700,70.722500,0.001141
300.410000,3604.920000,30.456700,70.708700,0.001063
300.510000,3606.120000,30.473800,70.695000,0.000986
300.610000,3607.320000,30.490800,70.681200,0.000909
300.710000,3608.520000,30.507900,70.667500,0.000832
300.810000,3609.720000,30.524900,70.653700,0.000757
300.910000,3610.920000,30.541900,70.640000,0.000681
301.010000,3612.120000,30.559000,70.626300,0.000607
301.110000,3613.320000,30.576000,70.612600,0.000533
301.210000,3614.520000,30.593100,70.598900,0.000460
301.310000,3615.720000,30.610200,70.585200,0.000388
301.410000,3616.920000,30.627200,70.571500,0.000316
301.510000,3618.120000,30.644300,70.557900,0.000245
301.610000,3619.320000,30.661400,70.544200,0.000175
301.710000,3620.520000,30.678400,70.530600,0.000106
301.810000,3621.720000,30.695500,70.516900,0.000038
301.910000,3622.920000,30.712600,70.503300,-0.000029
302.010000,3624.120000,30.729700,70.489700,-0.000095
302.110000,3625.320000,30.746800,70.476100,-0.000160
302.210000,3626.520000,30.763900,70.462400,-0.000224
302.310000,3627.720000,30.781000,70.448900,-0.000287
302.410000,3628.920000,30.798100,70.435300,-0.000349
302.510000,3630.120000,30.815200,70.421700,-0.000410
302.610000,3631.320000,30.832300,70.408100,-0.000469
302.710000,3632.520000,30.849400,70.394600,-0.000527
302.810000,3633.720000,30.866500,70.381000,-0.000584
302.910000,3634.920000,30.883600,70.367500,-0.000640
303.010000,3636.120000,30.900700,70.353900,-0.000694
303.110000,3637.320000,30.917800,70.340400,-0.000747
303.210000,3638.520000,30.934900,70.326900,-0.000798
303.310000,3639.720000,30.952100,70.313400,-0.000848
303.410000,3640.920000,30.969200,70.299900,-0.000896
303.510000,3642.120000,30.986300,70.286400,-0.000942
303.610000,3643.320000,31.003500,70.272900,-0.000987
303.710000,3644.520000,31.020600,70.259400,-0.001031
303.810000,3645.720000,31.037800,70.246000,-0.001072
303.910000,3646.920000,31.054900,70.232500,-0.001112
304.010000,3648.120000,31.072000,70.219100,-0.001150
304.110000,3649.320000,31.089200,70.205700,-0.001186
304.210000,3650.520000,31.106400,70.192200,-0.001221
304.310000,3651.720000,31.123500,70.178800,-0.001253
304.410000,3652.920000,31.140700,70.165400,-0.001284
304.510000,3654.120000,31.157800,70.152000,-0.001312
304.610000,3655.320000,31.175000,70.138600,-0.001338
304.710000,3656.520000,31.192200,70.125200,-0.001363
304.810000,3657.720000,31.209400,70.111800,-0.001385
304.910000,3658.920000,31.226500,70.098500,-0.001404
305.010000,3660.120000,31.243700,70.085100,-0.001422
305.110000,3661.320000,31.260900,70.071800,-0.001438
305.210000,3662.520000,31.278100,70.058400,-0.001451
305.310000,3663.720000,31.295300,70.045100,-0.001462
305.410000,3664.920000,31.312500,70.031800,-0.001471
305.510000,3666.120000,31.329700,70.018500,-0.001478
305.610000,3667.320000,31.346900,70.005200,-0.001483
305.710000,3668.520000,31.364100,69.991900,-0.001486
305.810000,3669.720000,31.381300,69.978600,-0.001486
305.910000,3670.920000,31.398500,69.965300,-0.001484
306.010000,3672.120000,31.415700,69.952000,-0.001481
306.110000,3673.320000,31.432900,69.938800,-0.001475
306.210000,3674.520000,31.450200,69.925500,-0.001468
306.310000,3675.720000,31.467400,69.912300,-0.001458
306.410000,3676.920000,31.484600,69.899000,-0.001447
306.510000,3678.120000,31.501800,69.885800,-0.001434
306.610000,3679.320000,31.519100,69.872600,-0.001419
306.710000,3680.520000,31.536300,69.859400,-0.001402
306.810000,3681.720000,31.553600,69.846200,-0.001383
306.910000,3682.920000,31.570800,69.833000,-0.001363
307.010000,3684.120000,31.588100,69.819800,-0.001341
307.110000,3685.320000,31.605300,69.806600,-0.001318
307.210000,3686.520000,31.622600,69.793400,-0.001292
307.310000,3687.720000,31.639800,69.780300,-0.001265
307.410000,3688.920000,31.657100,69.767100,-0.001237
307.510000,3690.120000,31.674300,69.754000,-0.001207
307.610000,3691.320000,31.691600,69.740800,-0.001176
307.710000,3692.520000,31.708900,69.727700,-0.001143
307.810000,3693.720000,31.726100,69.714600,-0.001109
307.910000,3694.920000,31.743400,69.701500,-0.001073
308.010000,3696.120000,31.760700,69.688400,-0.001036
308.110000,3697.320000,31.778000,69.675300,-0.000997
308.210000,3698.520000,31.795300,69.662200,-0.000957
308.310000,3699.720000,31.812600,69.649100,-0.000916
308.410000,3700.920000,31.829900,69.636100,-0.000874
308.510000,3702.120000,31.847200,69.623000,-0.000831
308.610000,3703.320000,31.864500,69.610000,-0.000786
308.710000,3704.520000,31.881800,69.596900,-0.000740
308.810000,3705.720000,31.899100,69.583900,-0.000693
308.910000,3706.920000,31.916400,69.570900,-0.000645
309.010000,3708.120000,31.933700,69.557800,-0.000596
309.110000,3709.320000,31.951000,69.544800,-0.000545
309.210000,3710.520000,31.968300,69.531800,-0.000494
309.310000,3711.720000,31.985600,69.518800,-0.000442
309.410000,3712.920000,32.003000,69.505900,-0.000389
309.510000,3714.120000,32.020300,69.492900,-0.000334
309.610000,3715.320000,32.037600,69.479900,-0.000279
309.710000,3716.520000,32.055000,69.467000,-0.000223
309.810000,3717.720000,32.072300,69.454000,-0.000166
309.910000,3718.920000,32.089600,69.441100,-0.000109
310.010000,3720.120000,32.107000,69.428100,-0.000050
310.110000,3721.320000,32.124300,69.415200,0.000009
310.210000,3722.520000,32.141700,69.402300,0.000069
310.310000,3723.720000,32.159000,69.389400,0.000130
310.410000,3724.920000,32.176400,69.376500,0.000191
310.510000,3726.120000,32.193800,69.363600,0.000253
310.610000,3727.320000,32.211100,69.350700,0.000316
310.710000,3728.520000,32.228500,69.337800,0.000380
310.810000,3729.720000,32.245900,69.325000,0.000444
310.910000,3730.920000,32.263200,69.312100,0.000508
311.010000,3732.120000,32.280600,69.299300,0.000573
311.110000,3733.320000,32.298000,69.286400,0.000639
311.210000,3734.520000,32.315400,69.273600,0.000705
311.310000,3735.720000,32.332800,69.260800,0.000772
311.410000,3736.920000,32.350100,69.247900,0.000839
311.510000,3738.120000,32.367500,69.235100,0.000906
311.610000,3739.320000,32.384900,69.222300,0.000974
311.710000,3740.520000,32.402300,69.209500,0.001042
311.810000,3741.720000,32.419700,69.196700,0.001111
311.910000,3742.920000,32.437100,69.184000,0.001180
312.010000,3744.120000,32.454600,69.171200,0.001249
312.110000,3745.320000,32.472000,69.158400,0.001319
312.210000,3746.520000,32.489400,69.145700,0.001389
312.310000,3747.720000,32.506800,69.132900,0.001459
312.410000,3748.920000,32.524200,69.120200,0.001529
312.510000,3750.120000,32.541700,69.107500,0.001600
312.610000,3751.320000,32.559100,69.094800,0.001670
312.710000,3752.520000,32.576500,69.082000,0.001741
312.810000,3753.720000,32.593900,69.069300,0.001812
312.910000,3754.920000,32.611400,69.056600,0.001883
313.010000,3756.120000,32.628800,69.044000,0.001954
313.110000,3757.320000,32.646300,69.031300,0.002026
313.210000,3758.520000,32.663700,69.018600,0.002097
313.310000,3759.720000,32.681200,69.005900,0.002168
313.410000,3760.920000,32.698600,68.993300,0.002240
313.510000,3762.120000,32.716100,68.980600,0.002311
313.610000,3763.320000,32.733500,68.968000,0.002382
313.710000,3764.520000,32.751000,68.955400,0.002454
313.810000,3765.720000,32.768500,68.942800,0.002525
313.910000,3766.920000,32.785900,68.930100,0.002596
314.010000,3768.120000,32.803400,68.917500,0.002667
314.110000,3769.320000,32.820900,68.904900,0.002738
314.210000,3770.520000,32.838400,68.892300,0.002809
314.310000,3771.720000,32.855900,68.879800,0.002879
314.410000,3772.920000,32.873300,68.867200,0.002950
314.510000,3774.120000,32.890800,68.854600,0.003020
314.610000,3775.320000,32.908300,68.842100,0.003090
314.710000,3776.520000,32.925800,68.829500,0.003159
314.810000,3777.720000,32.943300,68.817000,0.003229
314.910000,3778.920000,32.960800,68.804400,0.003298
315.010000,3780.120000,32.978300,68.791900,0.003367
315.110000,3781.320000,32.995800,68.779400,0.003436
315.210000,3782.520000,33.013300,68.766900,0.003504
315.310000,3783.720000,33.030900,68.754400,0.003572
315.410000,3784.920000,33.048400,68.741900,0.003640
315.510000,3786.120000,33.065900,68.729400,0.003707
315.610000,3787.320000,33.083400,68.716900,0.003774
315.710000,3788.520000,33.100900,68.704400,0.003840
315.810000,3789.720000,33.118500,68.692000,0.003906
315.910000,3790.920000,33.136000,68.679500,0.003972
316.010000,3792.120000,33.153600,68.667100,0.004037
316.110000,3793.320000,33.171100,68.654600,0.004102
316.210000,3794.520000,33.188600,68.642200,0.004166
316.310000,3795.720000,33.206200,68.629800,0.004230
316.410000,3796.920000,33.223700,68.617400,0.004293
316.510000,3798.120000,33.241300,68.604900,0.004356
316.610000,3799.320000,33.258800,68.592500,0.004418
316.710000,3800.520000,33.276400,68.580200,0.004480
316.810000,3801.720000,33.294000,68.567800,0.004541
316.910000,3802.920000,33.311500,68.555400,0.004601
317.010000,3804.120000,33.329100,68.543000,0.004661
317.110000,3805.320000,33.346700,68.530700,0.004721
317.210000,3806.520000,33.364200,68.518300,0.004779
317.310000,3807.720000,33.381800,68.506000,0.004837
317.410000,3808.920000,33.399400,68.493600,0.004895
317.510000,3810.120000,33.417000,68.481300,0.004952
317.610000,3811.320000,33.434600,68.469000,0.005008
317.710000,3812.520000,33.452200,68.456700,0.005063
317.810000,3813.720000,33.469800,68.444300,0.005118
317.910000,3814.920000,33.487400,68.432000,0.005172
318.010000,3816.120000,33.505000,68.419800,0.005225
318.110000,3817.320000,33.522600,68.407500,0.005278
318.210000,3818.520000,33.540200,68.395200,0.005330
318.310000,3819.720000,33.557800,68.382900,0.005381
318.410000,3820.920000,33.575400,68.370700,0.005432
318.510000,3822.120000,33.593000,68.358400,0.005481
318.610000,3823.320000,33.610600,68.346200,0.005530
318.710000,3824.520000,33.628300,68.333900,0.005578
318.810000,3825.720000,33.645900,68.321700,0.005625
318.910000,3826.920000,33.663500,68.309500,0.005672
319.010000,3828.120000,33.681100,68.297300,0.005718
319.110000,3829.320000,33.698800,68.285000,0.005762
319.210000,3830.520000,33.716400,68.272800,0.005806
319.310000,3831.720000,33.734100,68.260700,0.005850
319.410000,3832.920000,33.751700,68.248500,0.005892
319.510000,3834.120000,33.769300,68.236300,0.005933
319.610000,3835.320000,33.787000,68.224100,0.005974
319.710000,3836.520000,33.804700,68.212000,0.006014
319.810000,3837.720000,33.822300,68.199800,0.006053
319.910000,3838.920000,33.840000,68.187700,0.006091
320.010000,3840.120000,33.857600,68.175500,0.006128
320.110000,3841.320000,33.875300,68.163400,0.006164
320.210000,3842.520000,33.893000,68.151300,0.006199
320.310000,3843.720000,33.910600,68.139200,0.006233
320.410000,3844.920000,33.928300,68.127000,0.006267
320.510000,3846.120000,33.946000,68.114900,0.006299
320.610000,3847.320000,33.963700,68.102900,0.006331
320.710000,3848.520000,33.981400,68.090800,0.006361
320.810000,3849.720000,33.999100,68.078700,0.006391
320.910000,3850.920000,34.016800,68.066600,0.006420
321.010000,3852.120000,34.034400,68.054600,0.006447
321.110000,3853.320000,34.052100,68.042500,0.006474
321.210000,3854.520000,34.069800,68.030400,0.006500
321.310000,3855.720000,34.087600,68.018400,0.006525
321.410000,3856.920000,34.105300,68.006400,0.006548
321.510000,3858.120000,34.123000,67.994300,0.006571
321.610000,3859.320000,34.140700,67.982300,0.006593
321.710000,3860.520000,34.158400,67.970300,0.006614
321.810000,3861.720000,34.176100,67.958300,0.006634
321.910000,3862.920000,34.193800,67.946300,0.006653
322.010000,3864.120000,34.211600,67.934300,0.006670
322.110000,3865.320000,34.229300,67.922300,0.006687
322.210000,3866.520000,34.247000,67.910400,0.006703
322.310000,3867.720000,34.264800,67.898400,0.006718
322.410000,3868.920000,34.282500,67.886400,0.006732
322.510000,3870.120000,34.300300,67.874500,0.006744
322.610000,3871.320000,34.318000,67.862600,0.006756
322.710000,3872.520000,34.335700,67.850600,0.006767
322.810000,3873.720000,34.353500,67.838700,0.006776
322.910000,3874.920000,34.371300,67.826800,0.006785
323.010000,3876.120000,34.389000,67.814800,0.006793
323.110000,3877.320000,34.406800,67.802900,0.006799
323.210000,3878.520000,34.424500,67.791000,0.006805
323.310000,3879.720000,34.442300,67.779100,0.006809
323.410000,3880.920000,34.460100,67.767300,0.006813
323.510000,3882.120000,34.477800,67.755400,0.006815
323.610000,3883.320000,34.495600,67.743500,0.006816
323.710000,3884.520000,34.513400,67.731700,0.006817
323.810000,3885.720000,34.531200,67.719800,0.006816
323.910000,3886.920000,34.549000,67.707900,0.006814
324.010000,3888.120000,34.566800,67.696100,0.006811
324.110000,3889.320000,34.584600,67.684300,0.006808
324.210000,3890.520000,34.602300,67.672400,0.006803
324.310000,3891.720000,34.620100,67.660600,0.006797
324.410000,3892.920000,34.637900,67.648800,0.006790
324.510000,3894.120000,34.655800,67.637000,0.006782
324.610000,3895.320000,34.673600,67.625200,0.006773
324.710000,3896.520000,34.691400,67.613400,0.006763
324.810000,3897.720000,34.709200,67.601600,0.006752
324.910000,3898.920000,34.727000,67.589900,0.006740
325.010000,3900.120000,34.744800,67.578100,0.006727
325.110000,3901.320000,34.762600,67.566300,0.006712
325.210000,3902.520000,34.780500,67.554600,0.006697
325.310000,3903.720000,34.798300,67.542800,0.006681
325.410000,3904.920000,34.816100,67.531100,0.006664
325.510000,3906.120000,34.834000,67.519400,0.006646
325.610000,3907.320000,34.851800,67.507600,0.006626
325.710000,3908.520000,34.869700,67.495900,0.006606
325.810000,3909.720000,34.887500,67.484200,0.006585
325.910000,3910.920000,34.905300,67.472500,0.006563
326.010000,3912.120000,34.923200,67.460800,0.006539
326.110000,3913.320000,34.941000,67.449100,0.006515
326.210000,3914.520000,34.958900,67.437400,0.006490
326.310000,3915.720000,34.976800,67.425700,0.006464
326.410000,3916.920000,34.994600,67.414100,0.006436
326.510000,3918.120000,35.012500,67.402400,0.006408
326.610000,3919.320000,35.030400,67.390800,0.006379
326.710000,3920.520000,35.048200,67.379100,0.006349
326.810000,3921.720000,35.066100,67.367500,0.006318
326.910000,3922.920000,35.084000,67.355800,0.006286
327.010000,3924.120000,35.101900,67.344200,0.006253
327.110000,3925.320000,35.119800,67.332600,0.006219
327.210000,3926.520000,35.137700,67.321000,0.006184
327.310000,3927.720000,35.155500,67.309400,0.006149
327.410000,3928.920000,35.173400,67.297800,0.006112
327.510000,3930.120000,35.191300,67.286200,0.006074
327.610000,3931.320000,35.209200,67.274600,0.006036
327.710000,3932.520000,35.227100,67.263000,0.005997
327.810000,3933.720000,35.245000,67.251500,0.005956
327.910000,3934.920000,35.263000,67.239900,0.005915
328.010000,3936.120000,35.280900,67.228300,0.005873
328.110000,3937.320000,35.298800,67.216800,0.005830
328.210000,3938.520000,35.316700,67.205200,0.005787
328.310000,3939.720000,35.334600,67.193700,0.005742
328.410000,3940.920000,35.352600,67.182200,0.005697
328.510000,3942.120000,35.370500,67.170700,0.005651
328.610000,3943.320000,35.388400,67.159200,0.005603
328.710000,3944.520000,35.406300,67.147600,0.005556
328.810000,3945.720000,35.424300,67.136100,0.005507
328.910000,3946.920000,35.442200,67.124700,0.005457
329.010000,3948.120000,35.460200,67.113200,0.005407
329.110000,3949.320000,35.478100,67.101700,0.005356
329.210000,3950.520000,35.496100,67.090200,0.005304
329.310000,3951.720000,35.514000,67.078700,0.005252
329.410000,3952.920000,35.532000,67.067300,0.005199
329.510000,3954.120000,35.549900,67.055800,0.005145
329.610000,3955.320000,35.567900,67.044400,0.005090
329.710000,3956.520000,35.585900,67.033000,0.005034
329.810000,3957.720000,35.603800,67.021500,0.004978
329.910000,3958.920000,35.621800,67.010100,0.004921
330.010000,3960.120000,35.639800,66.998700,0.004864
330.110000,3961.320000,35.657800,66.987300,0.004806
330.210000,3962.520000,35.675700,66.975900,0.004747
330.310000,3963.720000,35.693700,66.964500,0.004688
330.410000,3964.920000,35.711700,66.953100,0.004628
330.510000,3966.120000,35.729700,66.941700,0.004567
330.610000,3967.320000,35.747700,66.930300,0.004506
330.710000,3968.520000,35.765700,66.919000,0.004444
330.810000,3969.720000,35.783700,66.907600,0.004381
330.910000,3970.920000,35.801700,66.896200,0.004318
331.010000,3972.120000,35.819700,66.884900,0.004255
331.110000,3973.320000,35.837700,66.873500,0.004191
331.210000,3974.520000,35.855700,66.862200,0.004126
331.310000,3975.720000,35.873700,66.850900,0.004061
331.410000,3976.920000,35.891700,66.839600,0.003996
331.510000,3978.120000,35.909800,66.828200,0.003930
331.610000,3979.320000,35.927800,66.816900,0.003863
331.710000,3980.520000,35.945800,66.805600,0.003796
331.810000,3981.720000,35.963800,66.794300,0.003729
331.910000,3982.920000,35.981900,66.783000,0.003661
332.010000,3984.120000,35.999900,66.771800,0.003593
332.110000,3985.320000,36.018000,66.760500,0.003524
332.210000,3986.520000,36.036000,66.749200,0.003456
332.310000,3987.720000,36.054000,66.738000,0.003386
332.410000,3988.920000,36.072100,66.726700,0.003317
332.510000,3990.120000,36.090100,66.715500,0.003247
332.610000,3991.320000,36.108200,66.704200,0.003177
332.710000,3992.520000,36.126300,66.693000,0.003106
332.810000,3993.720000,36.144300,66.681800,0.003035
332.910000,3994.920000,36.162400,66.670500,0.002964
333.010000,3996.120000,36.180400,66.659300,0.002893
333.110000,3997.320000,36.198500,66.648100,0.002822
333.210000,3998.520000,36.216600,66.636900,0.002750
333.310000,3999.720000,36.234700,66.625700,0.002678
333.410000,4000.920000,36.252700,66.614500,0.002607
333.510000,4002.120000,36.270800,66.603300,0.002535
333.610000,4003.320000,36.288900,66.592200,0.002462
333.710000,4004.520000,36.307000,66.581000,0.002390
333.810000,4005.720000,36.325100,66.569800,0.002318
333.910000,4006.920000,36.343200,66.558700,0.002245
334.010000,4008.120000,36.361300,66.547500,0.002173
334.110000,4009.320000,36.379400,66.536400,0.002100
334.210000,4010.520000,36.397500,66.525300,0.002028
334.310000,4011.720000,36.415600,66.514100,0.001955
334.410000,4012.920000,36.433700,66.503000,0.001883
334.510000,4014.120000,36.451800,66.491900,0.001811
334.610000,4015.320000,36.469900,66.480800,0.001738
334.710000,4016.520000,36.488000,66.469700,0.001666
334.810000,4017.720000,36.506200,66.458600,0.001594
334.910000,4018.920000,36.524300,66.447500,0.001522
335.010000,4020.120000,36.542400,66.436400,0.001451
335.110000,4021.320000,36.560500,66.425300,0.001379
335.210000,4022.520000,36.578700,66.414300,0.001308
335.310000,4023.720000,36.596800,66.403200,0.001237
335.410000,4024.920000,36.614900,66.392100,0.001166
335.510000,4026.120000,36.633100,66.381100,0.001095
335.610000,4027.320000,36.651200,66.370000,0.001025
335.710000,4028.520000,36.669400,66.359000,0.000955
335.810000,4029.720000,36.687500,66.348000,0.000886
335.910000,4030.920000,36.705700,66.336900,0.000816
336.010000,4032.120000,36.723800,66.325900,0.000748
336.110000,4033.320000,36.742000,66.314900,0.000679
336.210000,4034.520000,36.760200,66.303900,0.000611
336.310000,4035.720000,36.778300,66.292900,0.000544
336.410000,4036.920000,36.796500,66.281900,0.000477
336.510000,4038.120000,36.814700,66.270900,0.000410
336.610000,4039.320000,36.832900,66.259900,0.000344
336.710000,4040.520000,36.851000,66.249000,0.000279
336.810000,4041.720000,36.869200,66.238000,0.000214
336.910000,4042.920000,36.887400,66.227000,0.000150
337.010000,4044.120000,36.905600,66.216100,0.000086
337.110000,4045.320000,36.923800,66.205100,0.000024
337.210000,4046.520000,36.942000,66.194200,-0.000039
337.310000,4047.720000,36.960200,66.183300,-0.000100
337.410000,4048.920000,36.978400,66.172300,-0.000161
337.510000,4050.120000,36.996600,66.161400,-0.000221
337.610000,4051.320000,37.014800,66.150500,-0.000280
337.710000,4052.520000,37.033000,66.139600,-0.000338
337.810000,4053.720000,37.051200,66.128700,-0.000396
337.910000,4054.920000,37.069400,66.117800,-0.000452
338.010000,4056.120000,37.087600,66.106900,-0.000508
338.110000,4057.320000,37.105900,66.096000,-0.000563
338.210000,4058.520000,37.124100,66.085100,-0.000617
338.310000,4059.720000,37.142300,66.074200,-0.000669
338.410000,4060.920000,37.160500,66.063400,-0.000721
338.510000,4062.120000,37.178800,66.052500,-0.000772
338.610000,4063.320000,37.197000,66.041600,-0.000822
338.710000,4064.520000,37.215200,66.030800,-0.000870
338.810000,4065.720000,37.233500,66.020000,-0.000918
338.910000,4066.920000,37.251700,66.009100,-0.000964
339.010000,4068.120000,37.270000,65.998300,-0.001009
339.110000,4069.320000,37.288200,65.987500,-0.001053
339.210000,4070.520000,37.306500,65.976700,-0.001095
339.310000,4071.720000,37.324700,65.965800,-0.001137
339.410000,4072.920000,37.343000,65.955000,-0.001177
339.510000,4074.120000,37.361300,65.944200,-0.001215
339.610000,4075.320000,37.379500,65.933400,-0.001253
339.710000,4076.520000,37.397800,65.922700,-0.001288
339.810000,4077.720000,37.416100,65.911900,-0.001323
339.910000,4078.920000,37.434300,65.901100,-0.001356
340.010000,4080.120000,37.452600,65.890300,-0.001387
340.110000,4081.320000,37.470900,65.879600,-0.001417
340.210000,4082.520000,37.489200,65.868800,-0.001446
340.310000,4083.720000,37.507500,65.858100,-0.001473
340.410000,4084.920000,37.525800,65.847300,-0.001498
340.510000,4086.120000,37.544000,65.836600,-0.001521
340.610000,4087.320000,37.562300,65.825900,-0.001543
340.710000,4088.520000,37.580600,65.815100,-0.001563
340.810000,4089.720000,37.598900,65.804400,-0.001582
340.910000,4090.920000,37.617200,65.793700,-0.001598
341.010000,4092.120000,37.635600,65.783000,-0.001613
341.110000,4093.320000,37.653900,65.772300,-0.001626
341.210000,4094.520000,37.672200,65.761600,-0.001638
341.310000,4095.720000,37.690500,65.750900,-0.001647
341.410000,4096.920000,37.708800,65.740200,-0.001655
341.510000,4098.120000,37.727100,65.729500,-0.001661
341.610000,4099.320000,37.745500,65.718900,-0.001665
341.710000,4100.520000,37.763800,65.708200,-0.001668
341.810000,4101.720000,37.782100,65.697500,-0.001669
341.910000,4102.920000,37.800500,65.686900,-0.001668
342.010000,4104.120000,37.818800,65.676200,-0.001666
342.110000,4105.320000,37.837100,65.665600,-0.001662
342.210000,4106.520000,37.855500,65.655000,-0.001656
342.310000,4107.720000,37.873800,65.644300,-0.001649
342.410000,4108.920000,37.892200,65.633700,-0.001640
342.510000,4110.120000,37.910500,65.623100,-0.001630
342.610000,4111.320000,37.928900,65.612500,-0.001618
342.710000,4112.520000,37.947200,65.601900,-0.001605
342.810000,4113.720000,37.965600,65.591300,-0.001590
342.910000,4114.920000,37.984000,65.580700,-0.001574
343.010000,4116.120000,38.002300,65.570100,-0.001557
343.110000,4117.320000,38.020700,65.559500,-0.001538
343.210000,4118.520000,38.039100,65.548900,-0.001518
343.310000,4119.720000,38.057400,65.538400,-0.001496
343.410000,4120.920000,38.075800,65.527800,-0.001473
343.510000,4122.120000,38.094200,65.517300,-0.001449
343.610000,4123.320000,38.112600,65.506700,-0.001424
343.710000,4124.520000,38.131000,65.496200,-0.001397
343.810000,4125.720000,38.149400,65.485600,-0.001369
343.910000,4126.920000,38.167800,65.475100,-0.001340
344.010000,4128.120000,38.186200,65.464600,-0.001310
344.110000,4129.320000,38.204600,65.454000,-0.001279
344.210000,4130.520000,38.223000,65.443500,-0.001246
344.310000,4131.720000,38.241400,65.433000,-0.001213
344.410000,4132.920000,38.259800,65.422500,-0.001178
344.510000,4134.120000,38.278200,65.412000,-0.001142
344.610000,4135.320000,38.296600,65.401500,-0.001106
344.710000,4136.520000,38.315000,65.391000,-0.001068
344.810000,4137.720000,38.333400,65.380500,-0.001029
344.910000,4138.920000,38.351900,65.370100,-0.000989
345.010000,4140.120000,38.370300,65.359600,-0.000949
345.110000,4141.320000,38.388700,65.349100,-0.000907
345.210000,4142.520000,38.407100,65.338700,-0.000865
345.310000,4143.720000,38.425600,65.328200,-0.000821
345.410000,4144.920000,38.444000,65.317800,-0.000777
345.510000,4146.120000,38.462500,65.307300,-0.000732
345.610000,4147.320000,38.480900,65.296900,-0.000686
345.710000,4148.520000,38.499300,65.286500,-0.000639
345.810000,4149.720000,38.517800,65.276100,-0.000592
345.910000,4150.920000,38.536200,65.265600,-0.000544
346.010000,4152.120000,38.554700,65.255200,-0.000495
346.110000,4153.320000,38.573200,65.244800,-0.000445
346.210000,4154.520000,38.591600,65.234400,-0.000395
346.310000,4155.720000,38.610100,65.224000,-0.000344
346.410000,4156.920000,38.628600,65.213700,-0.000292
346.510000,4158.120000,38.647000,65.203300,-0.000239
346.610000,4159.320000,38.665500,65.192900,-0.000186
346.710000,4160.520000,38.684000,65.182500,-0.000133
346.810000,4161.720000,38.702500,65.172200,-0.000079
346.910000,4162.920000,38.720900,65.161800,-0.000024
347.010000,4164.120000,38.739400,65.151500,0.000031
347.110000,4165.320000,38.757900,65.141100,0.000087
347.210000,4166.520000,38.776400,65.130800,0.000144
347.310000,4167.720000,38.794900,65.120400,0.000201
347.410000,4168.920000,38.813400,65.110100,0.000258
347.510000,4170.120000,38.831900,65.099800,0.000316
347.610000,4171.320000,38.850400,65.089500,0.000374
347.710000,4172.520000,38.868900,65.079200,0.000432
347.810000,4173.720000,38.887400,65.068900,0.000492
347.910000,4174.920000,38.905900,65.058600,0.000551
348.010000,4176.120000,38.924400,65.048300,0.000611
348.110000,4177.320000,38.943000,65.038000,0.000671
348.210000,4178.520000,38.961500,65.027700,0.000731
348.310000,4179.720000,38.980000,65.017400,0.000792
348.410000,4180.920000,38.998500,65.007100,0.000853
348.510000,4182.120000,39.017000,64.996900,0.000915
348.610000,4183.320000,39.035600,64.986600,0.000976
348.710000,4184.520000,39.054100,64.976400,0.001038
348.810000,4185.720000,39.072700,64.966100,0.001100
348.910000,4186.920000,39.091200,64.955900,0.001163
349.010000,4188.120000,39.109700,64.945600,0.001225
349.110000,4189.320000,39.128300,64.935400,0.001288
349.210000,4190.520000,39.146800,64.925200,0.001351
349.310000,4191.720000,39.165400,64.915000,0.001414
349.410000,4192.920000,39.183900,64.904800,0.001477
349.510000,4194.120000,39.202500,64.894500,0.001540
349.610000,4195.320000,39.221100,64.884300,0.001604
349.710000,4196.520000,39.239600,64.874100,0.001667
349.810000,4197.720000,39.258200,64.864000,0.001731
349.910000,4198.920000,39.276800,64.853800,0.001794
350.010000,4200.120000,39.295300,64.843600,0.001858
350.110000,4201.320000,39.313900,64.833400,0.001922
350.210000,4202.520000,39.332500,64.823300,0.001985
350.310000,4203.720000,39.351100,64.813100,0.002049
350.410000,4204.920000,39.369700,64.802900,0.002113
350.510000,4206.120000,39.388200,64.792800,0.002176
350.610000,4207.320000,39.406800,64.782600,0.002240
350.710000,4208.520000,39.425400,64.772500,0.002303
350.810000,4209.720000,39.444000,64.762400,0.002367
350.910000,4210.920000,39.462600,64.752200,0.002430
351.010000,4212.120000,39.481200,64.742100,0.002493
351.110000,4213.320000,39.499800,64.732000,0.002557
351.210000,4214.520000,39.518400,64.721900,0.002620
351.310000,4215.720000,39.537000,64.711800,0.002683
351.410000,4216.920000,39.555700,64.701700,0.002745
351.510000,4218.120000,39.574300,64.691600,0.002808
351.610000,4219.320000,39.592900,64.681500,0.002870
351.710000,4220.520000,39.611500,64.671400,0.002933
351.810000,4221.720000,39.630100,64.661300,0.002994
351.910000,4222.920000,39.648800,64.651300,0.003056
352.010000,4224.120000,39.667400,64.641200,0.003118
352.110000,4225.320000,39.686000,64.631100,0.003179
352.210000,4226.520000,39.704700,64.621100,0.003240
352.310000,4227.720000,39.723300,64.611000,0.003301
352.410000,4228.920000,39.742000,64.601000,0.003361
352.510000,4230.120000,39.760600,64.591000,0.003422
352.610000,4231.320000,39.779200,64.580900,0.003482
352.710000,4232.520000,39.797900,64.570900,0.003541
352.810000,4233.720000,39.816600,64.560900,0.003600
352.910000,4234.920000,39.835200,64.550900,0.003659
353.010000,4236.120000,39.853900,64.540900,0.003718
353.110000,4237.320000,39.872500,64.530900,0.003776
353.210000,4238.520000,39.891200,64.520900,0.003834
353.310000,4239.720000,39.909900,64.510900,0.003892
353.410000,4240.920000,39.928500,64.500900,0.003949
353.510000,4242.120000,39.947200,64.490900,0.004005
353.610000,4243.320000,39.965900,64.480900,0.004062
353.710000,4244.520000,39.984600,64.470900,0.004117
353.810000,4245.720000,40.003300,64.461000,0.004173
353.910000,4246.920000,40.021900,64.451000,0.004228
354.010000,4248.120000,40.040600,64.441100,0.004282
354.110000,4249.320000,40.059300,64.431100,0.004336
354.210000,4250.520000,40.078000,64.421200,0.004390
354.310000,4251.720000,40.096700,64.411200,0.004443
354.410000,4252.920000,40.115400,64.401300,0.004496
354.510000,4254.120000,40.134100,64.391400,0.004548
354.610000,4255.320000,40.152800,64.381500,0.004599
354.710000,4256.520000,40.171500,64.371500,0.004650
354.810000,4257.720000,40.190200,64.361600,0.004701
354.910000,4258.920000,40.209000,64.351700,0.004751
355.010000,4260.120000,40.227700,64.341800,0.004800
355.110000,4261.320000,40.246400,64.331900,0.004849
355.210000,4262.520000,40.265100,64.322000,0.004897
355.310000,4263.720000,40.283800,64.312200,0.004945
355.410000,4264.920000,40.302600,64.302300,0.004992
355.510000,4266.120000,40.321300,64.292400,0.005039
355.610000,4267.320000,40.340000,64.282600,0.005085
355.710000,4268.520000,40.358800,64.272700,0.005130
355.810000,4269.720000,40.377500,64.262800,0.005175
355.910000,4270.920000,40.396300,64.253000,0.005219
356.010000,4272.120000,40.415000,64.243100,0.005263
356.110000,4273.320000,40.433800,64.233300,0.005306
356.210000,4274.520000,40.452500,64.223500,0.005348
356.310000,4275.720000,40.471300,64.213600,0.005390
356.410000,4276.920000,40.490000,64.203800,0.005431
356.510000,4278.120000,40.508800,64.194000,0.005471
356.610000,4279.320000,40.527600,64.184200,0.005511
356.710000,4280.520000,40.546300,64.174400,0.005550
356.810000,4281.720000,40.565100,64.164600,0.005588
356.910000,4282.920000,40.583900,64.154800,0.005625
357.010000,4284.120000,40.602600,64.145000,0.005662
357.110000,4285.320000,40.621400,64.135200,0.005699
357.210000,4286.520000,40.640200,64.125400,0.005734
357.310000,4287.720000,40.659000,64.115700,0.005769
357.410000,4288.920000,40.677800,64.105900,0.005803
357.510000,4290.120000,40.696600,64.096100,0.005836
357.610000,4291.320000,40.715300,64.086400,0.005869
357.710000,4292.520000,40.734100,64.076600,0.005901
357.810000,4293.720000,40.752900,64.066900,0.005932
357.910000,4294.920000,40.771700,64.057100,0.005962
358.010000,4296.120000,40.790500,64.047400,0.005992
358.110000,4297.320000,40.809400,64.037700,0.006021
358.210000,4298.520000,40.828200,64.028000,0.006049
358.310000,4299.720000,40.847000,64.018200,0.006076
358.410000,4300.920000,40.865800,64.008500,0.006103
358.510000,4302.120000,40.884600,63.998800,0.006129
358.610000,4303.320000,40.903400,63.989100,0.006154
358.710000,4304.520000,40.922300,63.979400,0.006178
358.810000,4305.720000,40.941100,63.969700,0.006202
358.910000,4306.920000,40.959900,63.960000,0.006224
359.010000,4308.120000,40.978700,63.950300,0.006246
359.110000,4309.320000,40.997600,63.940700,0.006268
359.210000,4310.520000,41.016400,63.931000,0.006288
359.310000,4311.720000,41.035300,63.921300,0.006307
359.410000,4312.920000,41.054100,63.911700,0.006326
359.510000,4314.120000,41.072900,63.902000,0.006344
359.610000,4315.320000,41.091800,63.892400,0.006361
359.710000,4316.520000,41.110600,63.882700,0.006378
359.810000,4317.720000,41.129500,63.873100,0.006393
359.910000,4318.920000,41.148400,63.863500,0.006408
360.010000,4320.120000,41.167200,63.853800,0.006422
360.110000,4321.320000,41.186100,63.844200,0.006435
360.210000,4322.520000,41.205000,63.834600,0.006447
360.310000,4323.720000,41.223800,63.825000,0.006458
360.410000,4324.920000,41.242700,63.815400,0.006469
360.510000,4326.120000,41.261600,63.805800,0.006479
360.610000,4327.320000,41.280400,63.796200,0.006488
360.710000,4328.520000,41.299300,63.786600,0.006496
360.810000,4329.720000,41.318200,63.777000,0.006503
360.910000,4330.920000,41.337100,63.767400,0.006509
361.010000,4332.120000,41.356000,63.757800,0.006515
361.110000,4333.320000,41.374900,63.748300,0.006520
361.210000,4334.520000,41.393800,63.738700,0.006524
361.310000,4335.720000,41.412700,63.729100,0.006527
361.410000,4336.920000,41.431600,63.719600,0.006529
361.510000,4338.120000,41.450500,63.710000,0.006530
361.610000,4339.320000,41.469400,63.700500,0.006531
361.710000,4340.520000,41.488300,63.691000,0.006531
361.810000,4341.720000,41.507200,63.681400,0.006530
361.910000,4342.920000,41.526100,63.671900,0.006528
362.010000,4344.120000,41.545000,63.662400,0.006525
362.110000,4345.320000,41.564000,63.652900,0.006521
362.210000,4346.520000,41.582900,63.643300,0.006517
362.310000,4347.720000,41.601800,63.633800,0.006512
362.410000,4348.920000,41.620700,63.624300,0.006505
362.510000,4350.120000,41.639700,63.614800,0.006498
362.610000,4351.320000,41.658600,63.605300,0.006491
362.710000,4352.520000,41.677500,63.595900,0.006482
362.810000,4353.720000,41.696500,63.586400,0.006473
362.910000,4354.920000,41.715400,63.576900,0.006462
363.010000,4356.120000,41.734400,63.567400,0.006451
363.110000,4357.320000,41.753300,63.558000,0.006439
363.210000,4358.520000,41.772300,63.548500,0.006426
363.310000,4359.720000,41.791200,63.539000,0.006413
363.410000,4360.920000,41.810200,63.529600,0.006398
363.510000,4362.120000,41.829100,63.520200,0.006383
363.610000,4363.320000,41.848100,63.510700,0.006367
363.710000,4364.520000,41.867100,63.501300,0.006350
363.810000,4365.720000,41.886000,63.491800,0.006332
363.910000,4366.920000,41.905000,63.482400,0.006314
364.010000,4368.120000,41.924000,63.473000,0.006295
364.110000,4369.320000,41.943000,63.463600,0.006275
364.210000,4370.520000,41.961900,63.454200,0.006254
364.310000,4371.720000,41.980900,63.444800,0.006232
364.410000,4372.920000,41.999900,63.435400,0.006209
364.510000,4374.120000,42.018900,63.426000,0.006186
364.610000,4375.320000,42.037900,63.416600,0.006162
364.710000,4376.520000,42.056900,63.407200,0.006137
364.810000,4377.720000,42.075900,63.397800,0.006112
364.910000,4378.920000,42.094900,63.388500,0.006085
365.010000,4380.120000,42.113900,63.379100,0.006058
365.110000,4381.320000,42.132900,63.369700,0.006030
365.210000,4382.520000,42.151900,63.360400,0.006001
365.310000,4383.720000,42.170900,63.351000,0.005972
365.410000,4384.920000,42.189900,63.341700,0.005942
365.510000,4386.120000,42.208900,63.332300,0.005911
365.610000,4387.320000,42.228000,63.323000,0.005879
365.710000,4388.520000,42.247000,63.313700,0.005846
365.810000,4389.720000,42.266000,63.304300,0.005813
365.910000,4390.920000,42.285000,63.295000,0.005779
366.010000,4392.120000,42.304100,63.285700,0.005745
366.110000,4393.320000,42.323100,63.276400,0.005709
366.210000,4394.520000,42.342100,63.267100,0.005673
366.310000,4395.720000,42.361200,63.257800,0.005636
366.410000,4396.920000,42.380200,63.248500,0.005599
366.510000,4398.120000,42.399300,63.239200,0.005561
366.610000,4399.320000,42.418300,63.229900,0.005522
366.710000,4400.520000,42.437400,63.220600,0.005482
366.810000,4401.720000,42.456400,63.211400,0.005442
366.910000,4402.920000,42.475500,63.202100,0.005401
367.010000,4404.120000,42.494500,63.192800,0.005359
367.110000,4405.320000,42.513600,63.183600,0.005317
367.210000,4406.520000,42.532700,63.174300,0.005274
367.310000,4407.720000,42.551700,63.165100,0.005231
367.410000,4408.920000,42.570800,63.155800,0.005186
367.510000,4410.120000,42.589900,63.146600,0.005142
367.610000,4411.320000,42.608900,63.137300,0.005096
367.710000,4412.520000,42.628000,63.128100,0.005050
367.810000,4413.720000,42.647100,63.118900,0.005003
367.910000,4414.920000,42.666200,63.109700,0.004956
368.010000,4416.120000,42.685300,63.100400,0.004908
368.110000,4417.320000,42.704400,63.091200,0.004860
368.210000,4418.520000,42.723500,63.082000,0.004811
368.310000,4419.720000,42.742500,63.072800,0.004761
368.410000,4420.920000,42.761600,63.063600,0.004711
368.510000,4422.120000,42.780700,63.054400,0.004660
368.610000,4423.320000,42.799800,63.045300,0.004609
368.710000,4424.520000,42.819000,63.036100,0.004557
368.810000,4425.720000,42.838100,63.026900,0.004505
368.910000,4426.920000,42.857200,63.017700,0.004452
369.010000,4428.120000,42.876300,63.008600,0.004399
369.110000,4429.320000,42.895400,62.999400,0.004345
369.210000,4430.520000,42.914500,62.990200,0.004291
369.310000,4431.720000,42.933700,62.981100,0.004236
369.410000,4432.920000,42.952800,62.971900,0.004181
369.510000,4434.120000,42.971900,62.962800,0.004125
369.610000,4435.320000,42.991000,62.953700,0.004069
369.710000,4436.520000,43.010200,62.944500,0.004013
369.810000,4437.720000,43.029300,62.935400,0.003956
369.910000,4438.920000,43.048400,62.926300,0.003898
370.010000,4440.120000,43.067600,62.917200,0.003840
370.110000,4441.320000,43.086700,62.908100,0.003782
370.210000,4442.520000,43.105900,62.899000,0.003723
370.310000,4443.720000,43.125000,62.889900,0.003664
370.410000,4444.920000,43.144200,62.880800,0.003605
370.510000,4446.120000,43.163300,62.871700,0.003545
370.610000,4447.320000,43.182500,62.862600,0.003485
370.710000,4448.520000,43.201700,62.853500,0.003425
370.810000,4449.720000,43.220800,62.844400,0.003364
370.910000,4450.920000,43.240000,62.835300,0.003303
371.010000,4452.120000,43.259200,62.826300,0.003242
371.110000,4453.320000,43.278300,62.817200,0.003180
371.210000,4454.520000,43.297500,62.808200,0.003118
371.310000,4455.720000,43.316700,62.799100,0.003056
371.410000,4456.920000,43.335900,62.790100,0.002994
371.510000,4458.120000,43.355100,62.781000,0.002931
371.610000,4459.320000,43.374200,62.772000,0.002868
371.710000,4460.520000,43.393400,62.762900,0.002805
371.810000,4461.720000,43.412600,62.753900,0.002742
371.910000,4462.920000,43.431800,62.744900,0.002679
372.010000,4464.120000,43.451000,62.735900,0.002615
372.110000,4465.320000,43.470200,62.726900,0.002551
372.210000,4466.520000,43.489400,62.717900,0.002487
372.310000,4467.720000,43.508600,62.708900,0.002423
372.410000,4468.920000,43.527800,62.699900,0.002359
372.510000,4470.120000,43.547000,62.690900,0.002295
372.610000,4471.320000,43.566300,62.681900,0.002231
372.710000,4472.520000,43.585500,62.672900,0.002166
372.810000,4473.720000,43.604700,62.663900,0.002102
372.910000,4474.920000,43.623900,62.654900,0.002037
373.010000,4476.120000,43.643100,62.646000,0.001973
373.110000,4477.320000,43.662400,62.637000,0.001908
373.210000,4478.520000,43.681600,62.628000,0.001843
373.310000,4479.720000,43.700800,62.619100,0.001779
373.410000,4480.920000,43.720100,62.610100,0.001714
373.510000,4482.120000,43.739300,62.601200,0.001650
373.610000,4483.320000,43.758600,62.592200,0.001585
373.710000,4484.520000,43.777800,62.583300,0.001521
373.810000,4485.720000,43.797000,62.574400,0.001456
373.910000,4486.920000,43.816300,62.565400,0.001392
374.010000,4488.120000,43.835500,62.556500,0.001328
374.110000,4489.320000,43.854800,62.547600,0.001264
374.210000,4490.520000,43.874100,62.538700,0.001200
374.310000,4491.720000,43.893300,62.529800,0.001136
374.410000,4492.920000,43.912600,62.520900,0.001073
374.510000,4494.120000,43.931900,62.512000,0.001010
374.610000,4495.320000,43.951100,62.503100,0.000947
374.710000,4496.520000,43.970400,62.494200,0.000884
374.810000,4497.720000,43.989700,62.485300,0.000821
374.910000,4498.920000,44.008900,62.476400,0.000759
375.010000,4500.120000,44.028200,62.467600,0.000697
375.110000,4501.320000,44.047500,62.458700,0.000635
375.210000,4502.520000,44.066800,62.449800,0.000573
375.310000,4503.720000,44.086100,62.441000,0.000512
375.410000,4504.920000,44.105400,62.432100,0.000451
375.510000,4506.120000,44.124700,62.423300,0.000391
375.610000,4507.320000,44.144000,62.414400,0.000331
375.710000,4508.520000,44.163300,62.405600,0.000271
375.810000,4509.720000,44.182600,62.396700,0.000212
375.910000,4510.920000,44.201900,62.387900,0.000153
376.010000,4512.120000,44.221200,62.379100,0.000094
376.110000,4513.320000,44.240500,62.370300,0.000037
376.210000,4514.520000,44.259800,62.361400,-0.000021
376.310000,4515.720000,44.279100,62.352600,-0.000078
376.410000,4516.920000,44.298400,62.343800,-0.000134
376.510000,4518.120000,44.317800,62.335000,-0.000190
376.610000,4519.320000,44.337100,62.326200,-0.000245
376.710000,4520.520000,44.356400,62.317400,-0.000300
376.810000,4521.720000,44.375700,62.308600,-0.000354
376.910000,4522.920000,44.395100,62.299800,-0.000408
377.010000,4524.120000,44.414400,62.291100,-0.000460
377.110000,4525.320000,44.433700,62.282300,-0.000513
377.210000,4526.520000,44.453100,62.273500,-0.000564
377.310000,4527.720000,44.472400,62.264800,-0.000615
377.410000,4528.920000,44.491800,62.256000,-0.000665
377.510000,4530.120000,44.511100,62.247200,-0.000714
377.610000,4531.320000,44.530500,62.238500,-0.000763
377.710000,4532.520000,44.549800,62.229700,-0.000811
377.810000,4533.720000,44.569200,62.221000,-0.000858
377.910000,4534.920000,44.588500,62.212300,-0.000904
378.010000,4536.120000,44.607900,62.203500,-0.000949
378.110000,4537.320000,44.627300,62.194800,-0.000994
378.210000,4538.520000,44.646600,62.186100,-0.001037
378.310000,4539.720000,44.666000,62.177300,-0.001080
378.410000,4540.920000,44.685400,62.168600,-0.001122
378.510000,4542.120000,44.704800,62.159900,-0.001163
378.610000,4543.320000,44.724100,62.151200,-0.001203
378.710000,4544.520000,44.743500,62.142500,-0.001242
378.810000,4545.720000,44.762900,62.133800,-0.001279
378.910000,4546.920000,44.782300,62.125100,-0.001316
379.010000,4548.120000,44.801700,62.116400,-0.001352
379.110000,4549.320000,44.821100,62.107700,-0.001387
379.210000,4550.520000,44.840500,62.099100,-0.001420
379.310000,4551.720000,44.859900,62.090400,-0.001453
379.410000,4552.920000,44.879300,62.081700,-0.001484
379.510000,4554.120000,44.898700,62.073100,-0.001514
379.610000,4555.320000,44.918100,62.064400,-0.001543
379.710000,4556.520000,44.937500,62.055700,-0.001571
379.810000,4557.720000,44.956900,62.047100,-0.001598
379.910000,4558.920000,44.976300,62.038400,-0.001623
380.010000,4560.120000,44.995700,62.029800,-0.001647
380.110000,4561.320000,45.015100,62.021200,-0.001670
380.210000,4562.520000,45.034600,62.012500,-0.001691
380.310000,4563.720000,45.054000,62.003900,-0.001711
380.410000,4564.920000,45.073400,61.995300,-0.001730
380.510000,4566.120000,45.092900,61.986700,-0.001747
380.610000,4567.320000,45.112300,61.978000,-0.001763
380.710000,4568.520000,45.131700,61.969400,-0.001777
380.810000,4569.720000,45.151200,61.960800,-0.001790
380.910000,4570.920000,45.170600,61.952200,-0.001802
381.010000,4572.120000,45.190000,61.943600,-0.001812
381.110000,4573.320000,45.209500,61.935000,-0.001820
381.210000,4574.520000,45.228900,61.926400,-0.001827
381.310000,4575.720000,45.248400,61.917900,-0.001832
381.410000,4576.920000,45.267800,61.909300,-0.001836
381.510000,4578.120000,45.287300,61.900700,-0.001839
381.610000,4579.320000,45.306800,61.892100,-0.001839
381.710000,4580.520000,45.326200,61.883600,-0.001839
381.810000,4581.720000,45.345700,61.875000,-0.001837
381.910000,4582.920000,45.365200,61.866500,-0.001833
382.010000,4584.120000,45.384600,61.857900,-0.001828
382.110000,4585.320000,45.404100,61.849400,-0.001821
382.210000,4586.520000,45.423600,61.840800,-0.001813
382.310000,4587.720000,45.443100,61.832300,-0.001804
382.410000,4588.920000,45.462500,61.823700,-0.001793
382.510000,4590.120000,45.482000,61.815200,-0.001780
382.610000,4591.320000,45.501500,61.806700,-0.001767
382.710000,4592.520000,45.521000,61.798200,-0.001752
382.810000,4593.720000,45.540500,61.789600,-0.001736
382.910000,4594.920000,45.560000,61.781100,-0.001718
383.010000,4596.120000,45.579500,61.772600,-0.001699
383.110000,4597.320000,45.599000,61.764100,-0.001679
383.210000,4598.520000,45.618500,61.755600,-0.001658
383.310000,4599.720000,45.638000,61.747100,-0.001635
383.410000,4600.920000,45.657500,61.738600,-0.001611
383.510000,4602.120000,45.677000,61.730200,-0.001586
383.610000,4603.320000,45.696500,61.721700,-0.001560
383.710000,4604.520000,45.716000,61.713200,-0.001533
383.810000,4605.720000,45.735600,61.704700,-0.001504
383.910000,4606.920000,45.755100,61.696300,-0.001475
384.010000,4608.120000,45.774600,61.687800,-0.001444
384.110000,4609.320000,45.794100,61.679300,-0.001412
384.210000,4610.520000,45.813700,61.670900,-0.001379
384.310000,4611.720000,45.833200,61.662400,-0.001345
384.410000,4612.920000,45.852700,61.654000,-0.001310
384.510000,4614.120000,45.872300,61.645500,-0.001275
384.610000,4615.320000,45.891800,61.637100,-0.001238
384.710000,4616.520000,45.911400,61.628700,-0.001200
384.810000,4617.720000,45.930900,61.620200,-0.001161
384.910000,4618.920000,45.950400,61.611800,-0.001121
385.010000,4620.120000,45.970000,61.603400,-0.001080
385.110000,4621.320000,45.989600,61.595000,-0.001039
385.210000,4622.520000,46.009100,61.586600,-0.000996
385.310000,4623.720000,46.028700,61.578200,-0.000953
385.410000,4624.920000,46.048200,61.569800,-0.000908
385.510000,4626.120000,46.067800,61.561400,-0.000863
385.610000,4627.320000,46.087400,61.553000,-0.000817
385.710000,4628.520000,46.106900,61.544600,-0.000770
385.810000,4629.720000,46.126500,61.536200,-0.000723
385.910000,4630.920000,46.146100,61.527800,-0.000675
386.010000,4632.120000,46.165700,61.519500,-0.000626
386.110000,4633.320000,46.185200,61.511100,-0.000576
386.210000,4634.520000,46.204800,61.502700,-0.000525
386.310000,4635.720000,46.224400,61.494400,-0.000474
386.410000,4636.920000,46.244000,61.486000,-0.000422
386.510000,4638.120000,46.263600,61.477600,-0.000369
386.610000,4639.320000,46.283200,61.469300,-0.000316
386.710000,4640.520000,46.302800,61.460900,-0.000262
386.810000,4641.720000,46.322400,61.452600,-0.000207
386.910000,4642.920000,46.342000,61.444300,-0.000152
387.010000,4644.120000,46.361600,61.435900,-0.000096
387.110000,4645.320000,46.381200,61.427600,-0.000040
387.210000,4646.520000,46.400800,61.419300,0.000017
387.310000,4647.720000,46.420400,61.411000,0.000075
387.410000,4648.920000,46.440000,61.402700,0.000133
387.510000,4650.120000,46.459600,61.394300,0.000191
387.610000,4651.320000,46.479300,61.386000,0.000250
387.710000,4652.520000,46.498900,61.377700,0.000310
387.810000,4653.720000,46.518500,61.369400,0.000370
387.910000,4654.920000,46.538100,61.361100,0.000431
388.010000,4656.120000,46.557800,61.352900,0.000492
388.110000,4657.320000,46.577400,61.344600,0.000553
388.210000,4658.520000,46.597000,61.336300,0.000615
388.310000,4659.720000,46.616700,61.328000,0.000677
388.410000,4660.920000,46.636300,61.319700,0.000740
388.510000,4662.120000,46.656000,61.311500,0.000803
388.610000,4663.320000,46.675600,61.303200,0.000867
388.710000,4664.520000,46.695300,61.295000,0.000930
388.810000,4665.720000,46.714900,61.286700,0.000994
388.910000,4666.920000,46.734600,61.278500,0.001059
389.010000,4668.120000,46.754200,61.270200,0.001124
389.110000,4669.320000,46.773900,61.262000,0.001189
389.210000,4670.520000,46.793600,61.253700,0.001254
389.310000,4671.720000,46.813200,61.245500,0.001320
389.410000,4672.920000,46.832900,61.237300,0.001386
389.510000,4674.120000,46.852600,61.229000,0.001452
389.610000,4675.320000,46.872200,61.220800,0.001518
389.710000,4676.520000,46.891900,61.212600,0.001585
389.810000,4677.720000,46.911600,61.204400,0.001651
389.910000,4678.920000,46.931300,61.196200,0.001718
390.010000,4680.120000,46.951000,61.188000,0.001786
390.110000,4681.320000,46.970600,61.179800,0.001853
390.210000,4682.520000,46.990300,61.171600,0.001920
390.310000,4683.720000,47.010000,61.163400,0.001988
390.410000,4684.920000,47.029700,61.155200,0.002056
390.510000,4686.120000,47.049400,61.147000,0.002124
390.610000,4687.320000,47.069100,61.138900,0.002192
390.710000,4688.520000,47.088800,61.130700,0.002260
390.810000,4689.720000,47.108500,61.122500,0.002328
390.910000,4690.920000,47.128200,61.114300,0.002396
391.010000,4692.120000,47.147900,61.106200,0.002464
391.110000,4693.320000,47.167700,61.098000,0.002533
391.210000,4694.520000,47.187400,61.089900,0.002601
391.310000,4695.720000,47.207100,61.081700,0.002669
391.410000,4696.920000,47.226800,61.073600,0.002738
391.510000,4698.120000,47.246500,61.065400,0.002806
391.610000,4699.320000,47.266300,61.057300,0.002875
391.710000,4700.520000,47.286000,61.049200,0.002943
391.810000,4701.720000,47.305700,61.041100,0.003011
391.910000,4702.920000,47.325500,61.032900,0.003079
392.010000,4704.120000,47.345200,61.024800,0.003148
392.110000,4705.320000,47.364900,61.016700,0.003216
392.210000,4706.520000,47.384700,61.008600,0.003284
392.310000,4707.720000,47.404400,61.000500,0.003352
392.410000,4708.920000,47.424200,60.992400,0.003420
392.510000,4710.120000,47.443900,60.984300,0.003487
392.610000,4711.320000,47.463700,60.976200,0.003555
392.710000,4712.520000,47.483400,60.968100,0.003623
392.810000,4713.720000,47.503200,60.960000,0.003690
392.910000,4714.920000,47.522900,60.951900,0.003757
393.010000,4716.120000,47.542700,60.943900,0.003824
393.110000,4717.320000,47.562500,60.935800,0.003891
393.210000,4718.520000,47.582200,60.927700,0.003958
393.310000,4719.720000,47.602000,60.919700,0.004024
393.410000,4720.920000,47.621800,60.911600,0.004090
393.510000,4722.120000,47.641600,60.903500,0.004156
393.610000,4723.320000,47.661300,60.895500,0.004222
393.710000,4724.520000,47.681100,60.887400,0.004288
393.810000,4725.720000,47.700900,60.879400,0.004353
393.910000,4726.920000,47.720700,60.871400,0.004418
394.010000,4728.120000,47.740500,60.863300,0.004483
394.110000,4729.320000,47.760300,60.855300,0.004548
394.210000,4730.520000,47.780100,60.847300,0.004612
394.310000,4731.720000,47.799900,60.839200,0.004676
394.410000,4732.920000,47.819700,60.831200,0.004740
394.510000,4734.120000,47.839500,60.823200,0.004803
394.610000,4735.320000,47.859300,60.815200,0.004866
394.710000,4736.520000,47.879100,60.807200,0.004929
394.810000,4737.720000,47.898900,60.799200,0.004991
394.910000,4738.920000,47.918700,60.791200,0.005053
395.010000,4740.120000,47.938500,60.783200,0.005115
395.110000,4741.320000,47.958300,60.775200,0.005177
395.210000,4742.520000,47.978200,60.767200,0.005237
395.310000,4743.720000,47.998000,60.759200,0.005298
395.410000,4744.920000,48.017800,60.751300,0.005358
395.510000,4746.120000,48.037600,60.743300,0.005418
395.610000,4747.320000,48.057500,60.735300,0.005478
395.710000,4748.520000,48.077300,60.727300,0.005537
395.810000,4749.720000,48.097100,60.719400,0.005595
395.910000,4750.920000,48.117000,60.711400,0.005653
396.010000,4752.120000,48.136800,60.703500,0.005711
396.110000,4753.320000,48.156700,60.695500,0.005768
396.210000,4754.520000,48.176500,60.687600,0.005825
396.310000,4755.720000,48.196400,60.679600,0.005882
396.410000,4756.920000,48.216200,60.671700,0.005938
396.510000,4758.120000,48.236100,60.663800,0.005993
396.610000,4759.320000,48.255900,60.655800,0.006048
396.710000,4760.520000,48.275800,60.647900,0.006103
396.810000,4761.720000,48.295700,60.640000,0.006157
396.910000,4762.920000,48.315500,60.632100,0.006210
397.010000,4764.120000,48.335400,60.624200,0.006263
397.110000,4765.320000,48.355300,60.616300,0.006316
397.210000,4766.520000,48.375100,60.608400,0.006368
397.310000,4767.720000,48.395000,60.600500,0.006419
397.410000,4768.920000,48.414900,60.592600,0.006470
397.510000,4770.120000,48.434800,60.584700,0.006520
397.610000,4771.320000,48.454600,60.576800,0.006570
397.710000,4772.520000,48.474500,60.568900,0.006620
397.810000,4773.720000,48.494400,60.561000,0.006668
397.910000,4774.920000,48.514300,60.553100,0.006716
398.010000,4776.120000,48.534200,60.545300,0.006764
398.110000,4777.320000,48.554100,60.537400,0.006811
398.210000,4778.520000,48.574000,60.529500,0.006858
398.310000,4779.720000,48.593900,60.521700,0.006903
398.410000,4780.920000,48.613800,60.513800,0.006949
398.510000,4782.120000,48.633700,60.506000,0.006993
398.610000,4783.320000,48.653600,60.498100,0.007037
398.710000,4784.520000,48.673500,60.490300,0.007081
398.810000,4785.720000,48.693400,60.482400,0.007124
398.910000,4786.920000,48.713400,60.474600,0.007166
399.010000,4788.120000,48.733300,60.466800,0.007208
399.110000,4789.320000,48.753200,60.458900,0.007249
399.210000,4790.520000,48.773100,60.451100,0.007289
399.310000,4791.720000,48.793100,60.443300,0.007329
399.410000,4792.920000,48.813000,60.435500,0.007368
399.510000,4794.120000,48.832900,60.427700,0.007406
399.610000,4795.320000,48.852900,60.419900,0.007444
399.710000,4796.520000,48.872800,60.412100,0.007481
399.810000,4797.720000,48.892700,60.404300,0.007517
399.910000,4798.920000,48.912700,60.396500,0.007553
400.010000,4800.120000,48.932600,60.388700,0.007588
