# C12 in Water_75eV restricted loss-range table, Geant4 11.3.2 opt4+decay, default-region 0.05mm cuts couple.
# zeff 3.3334
# radlen_mm 360.829
# density_g_per_cm3 1.0
# energy_MeVu,energy_total_MeV,loss_range_mm,restricted_dedx_MeV_per_mm,inverse_residual_MeV
0.010000,0.120000,0.000899,266.746000,2.402170
0.110000,1.320000,0.001833,922.850000,3.225240
0.210000,2.520000,0.002468,961.225000,3.109750
0.310000,3.720000,0.003250,503.010000,3.076930
0.410000,4.920000,0.004156,499.529000,3.081590
0.510000,6.120000,0.005165,491.744000,3.092600
0.610000,7.320000,0.006262,482.936000,3.097620
0.710000,8.520000,0.007440,474.212000,3.093110
0.810000,9.720000,0.008694,465.532000,3.079040
0.910000,10.920000,0.010022,456.940000,3.056570
1.010000,12.120000,0.011421,448.317000,3.027230
1.110000,13.320000,0.012892,439.585000,2.992550
1.210000,14.520000,0.014434,430.852000,2.953540
1.310000,15.720000,0.016046,422.201000,2.911060
1.410000,16.920000,0.017728,413.592000,2.867090
1.510000,18.120000,0.019482,404.982000,2.823140
1.610000,19.320000,0.021305,396.562000,2.775250
1.710000,20.520000,0.023195,388.378000,2.720260
1.810000,21.720000,0.025157,380.194000,2.661600
1.910000,22.920000,0.027199,372.009000,2.603920
2.010000,24.120000,0.029323,490.768000,2.550550
2.110000,25.320000,0.031529,476.401000,2.504730
2.210000,26.520000,0.033811,464.418000,2.464000
2.310000,27.720000,0.036162,453.192000,2.422970
2.410000,28.920000,0.038580,441.998000,2.379630
2.510000,30.120000,0.041068,431.061000,2.335400
2.610000,31.320000,0.043629,420.636000,2.292070
2.710000,32.520000,0.046262,410.784000,2.250410
2.810000,33.720000,0.048968,401.404000,2.210040
2.910000,34.920000,0.051746,392.451000,2.170390
3.010000,36.120000,0.054594,383.894000,2.131480
3.110000,37.320000,0.057515,375.708000,2.093530
3.210000,38.520000,0.060506,367.863000,2.056580
3.310000,39.720000,0.063569,360.355000,2.020740
3.410000,40.920000,0.066702,353.197000,1.986160
3.510000,42.120000,0.069905,346.404000,1.952820
3.610000,43.320000,0.073176,339.983000,1.920390
3.710000,44.520000,0.076515,333.901000,1.888750
3.810000,45.720000,0.079922,328.105000,1.857950
3.910000,46.920000,0.083394,322.542000,1.828040
4.010000,48.120000,0.086932,317.157000,1.798630
4.110000,49.320000,0.090535,311.921000,1.769550
4.210000,50.520000,0.094204,306.839000,1.740830
4.310000,51.720000,0.097939,301.918000,1.712620
4.410000,52.920000,0.101739,297.155000,1.684970
4.510000,54.120000,0.105606,292.550000,1.657830
4.610000,55.320000,0.109538,288.097000,1.631140
4.710000,56.520000,0.113535,283.789000,1.604900
4.810000,57.720000,0.117598,279.617000,1.579210
4.910000,58.920000,0.121726,275.575000,1.554160
5.010000,60.120000,0.125918,271.653000,1.529630
5.110000,61.320000,0.130176,267.848000,1.505500
5.210000,62.520000,0.134498,264.154000,1.481740
5.310000,63.720000,0.138884,260.567000,1.458360
5.410000,64.920000,0.143334,257.083000,1.435460
5.510000,66.120000,0.147849,253.698000,1.413100
5.610000,67.320000,0.152427,250.406000,1.391180
5.710000,68.520000,0.157070,247.205000,1.369620
5.810000,69.720000,0.161776,244.090000,1.348380
5.910000,70.920000,0.166546,241.060000,1.327450
6.010000,72.120000,0.171379,238.110000,1.306900
6.110000,73.320000,0.176276,235.237000,1.286810
6.210000,74.520000,0.181235,232.437000,1.267180
6.310000,75.720000,0.186258,229.707000,1.247910
6.410000,76.920000,0.191343,227.046000,1.228940
6.510000,78.120000,0.196491,224.450000,1.210240
6.610000,79.320000,0.201702,221.918000,1.191800
6.710000,80.520000,0.206975,219.447000,1.173650
6.810000,81.720000,0.212310,217.035000,1.155880
6.910000,82.920000,0.217708,214.679000,1.138530
7.010000,84.120000,0.223168,212.378000,1.121520
7.110000,85.320000,0.228689,210.128000,1.104800
7.210000,86.520000,0.234273,207.930000,1.088300
7.310000,87.720000,0.239918,205.783000,1.072020
7.410000,88.920000,0.245625,203.684000,1.055960
7.510000,90.120000,0.251393,201.631000,1.040140
7.610000,91.320000,0.257223,199.621000,1.024630
7.710000,92.520000,0.263114,197.654000,1.009480
7.810000,93.720000,0.269067,195.727000,0.994655
7.910000,94.920000,0.275080,193.839000,0.980087
8.010000,96.120000,0.281154,191.990000,0.965731
8.110000,97.320000,0.287290,190.179000,0.951558
8.210000,98.520000,0.293486,188.404000,0.937558
8.310000,99.720000,0.299743,186.666000,0.923740
8.410000,100.920000,0.306060,184.961000,0.910129
8.510000,102.120000,0.312438,183.290000,0.896773
8.610000,103.320000,0.318877,181.651000,0.883728
8.710000,104.520000,0.325375,180.044000,0.870975
8.810000,105.720000,0.331934,178.467000,0.858459
8.910000,106.920000,0.338553,176.920000,0.846136
9.010000,108.120000,0.345232,175.402000,0.833974
9.110000,109.320000,0.351971,173.911000,0.821954
9.210000,110.520000,0.358769,172.449000,0.810072
9.310000,111.720000,0.365627,171.013000,0.798337
9.410000,112.920000,0.372545,169.603000,0.786772
9.510000,114.120000,0.379523,168.218000,0.775414
9.610000,115.320000,0.386559,166.857000,0.764313
9.710000,116.520000,0.393655,165.519000,0.753474
9.810000,117.720000,0.400810,164.205000,0.742850
9.910000,118.920000,0.408025,162.912000,0.732401
10.010000,120.120000,0.415298,161.642000,0.722097
10.110000,121.320000,0.422630,160.393000,0.711916
10.210000,122.520000,0.430021,159.164000,0.701845
10.310000,123.720000,0.437471,157.956000,0.691882
10.410000,124.920000,0.444979,156.768000,0.682035
10.510000,126.120000,0.452546,155.599000,0.672320
10.610000,127.320000,0.460172,154.448000,0.662766
10.710000,128.520000,0.467856,153.316000,0.653411
10.810000,129.720000,0.475598,152.202000,0.644286
10.910000,130.920000,0.483399,151.104000,0.635362
11.010000,132.120000,0.491258,150.024000,0.626603
11.110000,133.320000,0.499175,148.960000,0.617979
11.210000,134.520000,0.507150,147.912000,0.609466
11.310000,135.720000,0.515183,146.881000,0.601047
11.410000,136.920000,0.523273,145.864000,0.592713
11.510000,138.120000,0.531422,144.863000,0.584459
11.610000,139.320000,0.539628,143.877000,0.576292
11.710000,140.520000,0.547892,142.906000,0.568222
11.810000,141.720000,0.556214,141.949000,0.560268
11.910000,142.920000,0.564593,141.005000,0.552457
12.010000,144.120000,0.573030,140.076000,0.544825
12.110000,145.320000,0.581523,139.159000,0.537386
12.210000,146.520000,0.590075,138.256000,0.530113
12.310000,147.720000,0.598683,137.365000,0.522975
12.410000,148.920000,0.607348,136.486000,0.515948
12.510000,150.120000,0.616070,135.620000,0.509012
12.610000,151.320000,0.624850,134.766000,0.502149
12.710000,152.520000,0.633686,133.924000,0.495351
12.810000,153.720000,0.642579,133.093000,0.488613
12.910000,154.920000,0.651529,132.273000,0.481933
13.010000,156.120000,0.660535,131.465000,0.475319
13.110000,157.320000,0.669598,130.667000,0.468779
13.210000,158.520000,0.678717,129.880000,0.462331
13.310000,159.720000,0.687893,129.104000,0.455997
13.410000,160.920000,0.697125,128.337000,0.449803
13.510000,162.120000,0.706414,127.580000,0.443773
13.610000,163.320000,0.715758,126.833000,0.437889
13.710000,164.520000,0.725159,126.096000,0.432127
13.810000,165.720000,0.734615,125.367000,0.426464
13.910000,166.920000,0.744128,124.648000,0.420881
14.010000,168.120000,0.753697,123.938000,0.415363
14.110000,169.320000,0.763321,123.237000,0.409898
14.210000,170.520000,0.773001,122.544000,0.404479
14.310000,171.720000,0.782737,121.860000,0.399102
14.410000,172.920000,0.792529,121.185000,0.393765
14.510000,174.120000,0.802376,120.517000,0.388471
14.610000,175.320000,0.812278,119.858000,0.383229
14.710000,176.520000,0.822237,119.206000,0.378048
14.810000,177.720000,0.832250,118.563000,0.372945
14.910000,178.920000,0.842319,117.926000,0.367936
15.010000,180.120000,0.852443,117.297000,0.363047
15.110000,181.320000,0.862622,116.676000,0.358293
15.210000,182.520000,0.872857,116.061000,0.353660
15.310000,183.720000,0.883146,115.453000,0.349127
15.410000,184.920000,0.893491,114.853000,0.344676
15.510000,186.120000,0.903890,114.259000,0.340290
15.610000,187.320000,0.914345,113.671000,0.335958
15.710000,188.520000,0.924854,113.091000,0.331667
15.810000,189.720000,0.935418,112.517000,0.327410
15.910000,190.920000,0.946037,111.949000,0.323182
16.010000,192.120000,0.956710,111.387000,0.318979
16.110000,193.320000,0.967438,110.832000,0.314802
16.210000,194.520000,0.978221,110.283000,0.310654
16.310000,195.720000,0.989058,109.740000,0.306539
16.410000,196.920000,0.999949,109.202000,0.302466
16.510000,198.120000,1.010900,108.671000,0.298446
16.610000,199.320000,1.021900,108.145000,0.294493
16.710000,200.520000,1.032950,107.625000,0.290624
16.810000,201.720000,1.044060,107.110000,0.286859
16.910000,202.920000,1.055220,106.600000,0.283207
17.010000,204.120000,1.066440,106.096000,0.279653
17.110000,205.320000,1.077710,105.597000,0.276180
17.210000,206.520000,1.089030,105.103000,0.272773
17.310000,207.720000,1.100410,104.615000,0.269418
17.410000,208.920000,1.111850,104.131000,0.266105
17.510000,210.120000,1.123330,103.652000,0.262823
17.610000,211.320000,1.134870,103.179000,0.259566
17.710000,212.520000,1.146470,102.709000,0.256326
17.810000,213.720000,1.158110,102.245000,0.253101
17.910000,214.920000,1.169810,101.785000,0.249889
18.010000,216.120000,1.181570,101.330000,0.246689
18.110000,217.320000,1.193380,100.880000,0.243504
18.210000,218.520000,1.205240,100.433000,0.240337
18.310000,219.720000,1.217150,99.991400,0.237195
18.410000,220.920000,1.229120,99.553800,0.234086
18.510000,222.120000,1.241140,99.120500,0.231020
18.610000,223.320000,1.253220,98.691300,0.228009
18.710000,224.520000,1.265340,98.266200,0.225069
18.810000,225.720000,1.277520,97.845100,0.222215
18.910000,226.920000,1.289760,97.427900,0.219453
19.010000,228.120000,1.302040,97.014600,0.216769
19.110000,229.320000,1.314380,96.605100,0.214151
19.210000,230.520000,1.326780,96.199500,0.211586
19.310000,231.720000,1.339220,95.797500,0.209064
19.410000,232.920000,1.351720,95.399300,0.206575
19.510000,234.120000,1.364270,95.004700,0.204112
19.610000,235.320000,1.376870,94.613700,0.201669
19.710000,236.520000,1.389530,94.226300,0.199238
19.810000,237.720000,1.402240,93.842400,0.196817
19.910000,238.920000,1.415000,93.462000,0.194404
20.010000,240.120000,1.427810,93.085000,0.191996
20.110000,241.320000,1.440680,92.711400,0.189594
20.210000,242.520000,1.453600,92.341200,0.187200
20.310000,243.720000,1.466570,91.974200,0.184816
20.410000,244.920000,1.479590,91.610500,0.182448
20.510000,246.120000,1.492670,91.249900,0.180101
20.610000,247.320000,1.505790,90.892600,0.177782
20.710000,248.520000,1.518970,90.538300,0.175501
20.810000,249.720000,1.532210,90.187100,0.173268
20.910000,250.920000,1.545490,89.838900,0.171095
21.010000,252.120000,1.558830,89.493700,0.168995
21.110000,253.320000,1.572210,89.151400,0.166976
21.210000,254.520000,1.585650,88.812100,0.165029
21.310000,255.720000,1.599150,88.475500,0.163141
21.410000,256.920000,1.612690,88.141800,0.161302
21.510000,258.120000,1.626290,87.810900,0.159500
21.610000,259.320000,1.639930,87.482800,0.157728
21.710000,260.520000,1.653630,87.157300,0.155976
21.810000,261.720000,1.667380,86.834600,0.154238
21.910000,262.920000,1.681180,86.514500,0.152508
22.010000,264.120000,1.695040,86.197000,0.150780
22.110000,265.320000,1.708940,85.882100,0.149050
22.210000,266.520000,1.722900,85.569700,0.147316
22.310000,267.720000,1.736910,85.259900,0.145574
22.410000,268.920000,1.750960,84.952500,0.143824
22.510000,270.120000,1.765070,84.647600,0.142067
22.610000,271.320000,1.779230,84.345100,0.140302
22.710000,272.520000,1.793450,84.045000,0.138533
22.810000,273.720000,1.807710,83.747200,0.136762
22.910000,274.920000,1.822020,83.451700,0.134994
23.010000,276.120000,1.836390,83.158400,0.133235
23.110000,277.320000,1.850800,82.867400,0.131490
23.210000,278.520000,1.865270,82.578600,0.129767
23.310000,279.720000,1.879780,82.292000,0.128076
23.410000,280.920000,1.894350,82.007500,0.126425
23.510000,282.120000,1.908970,81.725100,0.124827
23.610000,283.320000,1.923640,81.444700,0.123286
23.710000,284.520000,1.938360,81.166300,0.121794
23.810000,285.720000,1.953130,80.889800,0.120347
23.910000,286.920000,1.967950,80.615200,0.118939
24.010000,288.120000,1.982820,80.342400,0.117564
24.110000,289.320000,1.997740,80.071500,0.116218
24.210000,290.520000,2.012710,79.802400,0.114896
24.310000,291.720000,2.027740,79.535000,0.113594
24.410000,292.920000,2.042810,79.269400,0.112308
24.510000,294.120000,2.057940,79.005400,0.111036
24.610000,295.320000,2.073110,78.743000,0.109775
24.710000,296.520000,2.088340,78.482200,0.108522
24.810000,297.720000,2.103620,78.222900,0.107276
24.910000,298.920000,2.118950,77.965100,0.106034
25.010000,300.120000,2.134340,77.708800,0.104797
25.110000,301.320000,2.149770,77.453800,0.103564
25.210000,302.520000,2.165260,77.200200,0.102335
25.310000,303.720000,2.180800,76.947900,0.101110
25.410000,304.920000,2.196390,76.696900,0.099891
25.510000,306.120000,2.212030,76.447100,0.098678
25.610000,307.320000,2.227720,76.198400,0.097475
25.710000,308.520000,2.243470,75.950900,0.096283
25.810000,309.720000,2.259270,75.704500,0.095106
25.910000,310.920000,2.275120,75.459100,0.093946
26.010000,312.120000,2.291020,75.214800,0.092809
26.110000,313.320000,2.306980,74.971300,0.091699
26.210000,314.520000,2.322980,74.728800,0.090621
26.310000,315.720000,2.339040,74.487200,0.089583
26.410000,316.920000,2.355160,74.246400,0.088584
26.510000,318.120000,2.371320,74.006500,0.087615
26.610000,319.320000,2.387540,73.767500,0.086673
26.710000,320.520000,2.403810,73.529400,0.085751
26.810000,321.720000,2.420130,73.292200,0.084846
26.910000,322.920000,2.436510,73.056000,0.083953
27.010000,324.120000,2.452940,72.820900,0.083069
27.110000,325.320000,2.469420,72.586700,0.082190
27.210000,326.520000,2.485960,72.353600,0.081314
27.310000,327.720000,2.502540,72.121500,0.080438
27.410000,328.920000,2.519180,71.890500,0.079560
27.510000,330.120000,2.535880,71.660600,0.078678
27.610000,331.320000,2.552630,71.431900,0.077791
27.710000,332.520000,2.569430,71.204300,0.076899
27.810000,333.720000,2.586280,70.977800,0.076001
27.910000,334.920000,2.603190,70.752600,0.075098
28.010000,336.120000,2.620150,70.528600,0.074190
28.110000,337.320000,2.637160,70.305800,0.073278
28.210000,338.520000,2.654230,70.084300,0.072363
28.310000,339.720000,2.671350,69.864100,0.071449
28.410000,340.920000,2.688530,69.645200,0.070537
28.510000,342.120000,2.705760,69.427600,0.069629
28.610000,343.320000,2.723040,69.211300,0.068731
28.710000,344.520000,2.740380,68.996500,0.067846
28.810000,345.720000,2.757770,68.783000,0.066978
28.910000,346.920000,2.775210,68.571000,0.066132
29.010000,348.120000,2.792710,68.360400,0.065314
29.110000,349.320000,2.810260,68.151300,0.064530
29.210000,350.520000,2.827870,67.943700,0.063786
29.310000,351.720000,2.845530,67.737600,0.063091
29.410000,352.920000,2.863240,67.533000,0.062449
29.510000,354.120000,2.881010,67.329900,0.061861
29.610000,355.320000,2.898830,67.128400,0.061318
29.710000,356.520000,2.916710,66.928400,0.060811
29.810000,357.720000,2.934640,66.729800,0.060333
29.910000,358.920000,2.952630,66.532700,0.059877
30.010000,360.120000,2.970660,66.337000,0.059437
30.110000,361.320000,2.988760,66.142800,0.059005
30.210000,362.520000,3.006900,65.950000,0.058577
30.310000,363.720000,3.025100,65.758500,0.058146
30.410000,364.920000,3.043350,65.568400,0.057710
30.510000,366.120000,3.061660,65.379600,0.057263
30.610000,367.320000,3.080020,65.192200,0.056802
30.710000,368.520000,3.098430,65.006000,0.056324
30.810000,369.720000,3.116900,64.821200,0.055826
30.910000,370.920000,3.135420,64.637600,0.055306
31.010000,372.120000,3.153990,64.455200,0.054763
31.110000,373.320000,3.172620,64.274100,0.054196
31.210000,374.520000,3.191300,64.094200,0.053603
31.310000,375.720000,3.210030,63.915500,0.052986
31.410000,376.920000,3.228810,63.738000,0.052345
31.510000,378.120000,3.247650,63.561600,0.051681
31.610000,379.320000,3.266540,63.386300,0.050995
31.710000,380.520000,3.285490,63.212200,0.050291
31.810000,381.720000,3.304480,63.039100,0.049570
31.910000,382.920000,3.323530,62.867200,0.048836
32.010000,384.120000,3.342630,62.696200,0.048094
32.110000,385.320000,3.361780,62.526400,0.047346
32.210000,386.520000,3.380990,62.357500,0.046599
32.310000,387.720000,3.400250,62.189600,0.045859
32.410000,388.920000,3.419560,62.022700,0.045130
32.510000,390.120000,3.438920,61.856800,0.044421
32.610000,391.320000,3.458330,61.691800,0.043737
32.710000,392.520000,3.477800,61.527700,0.043088
32.810000,393.720000,3.497320,61.364600,0.042482
32.910000,394.920000,3.516890,61.202300,0.041920
33.010000,396.120000,3.536510,61.040900,0.041405
33.110000,397.320000,3.556180,60.880300,0.040931
33.210000,398.520000,3.575910,60.720700,0.040491
33.310000,399.720000,3.595680,60.561800,0.040083
33.410000,400.920000,3.615510,60.403900,0.039701
33.510000,402.120000,3.635390,60.246800,0.039340
33.610000,403.320000,3.655330,60.090500,0.038997
33.710000,404.520000,3.675310,59.935100,0.038668
33.810000,405.720000,3.695350,59.780600,0.038348
33.910000,406.920000,3.715440,59.626800,0.038035
34.010000,408.120000,3.735580,59.473900,0.037727
34.110000,409.320000,3.755770,59.321900,0.037419
34.210000,410.520000,3.776010,59.170600,0.037110
34.310000,411.720000,3.796310,59.020200,0.036797
34.410000,412.920000,3.816650,58.870500,0.036478
34.510000,414.120000,3.837050,58.721700,0.036153
34.610000,415.320000,3.857500,58.573700,0.035819
34.710000,416.520000,3.878000,58.426500,0.035476
34.810000,417.720000,3.898560,58.280000,0.035123
34.910000,418.920000,3.919160,58.134400,0.034759
35.010000,420.120000,3.939820,57.989500,0.034384
35.110000,421.320000,3.960530,57.845400,0.033999
35.210000,422.520000,3.981290,57.702100,0.033604
35.310000,423.720000,4.002100,57.559500,0.033199
35.410000,424.920000,4.022960,57.417700,0.032787
35.510000,426.120000,4.043880,57.276700,0.032367
35.610000,427.320000,4.064840,57.136400,0.031943
35.710000,428.520000,4.085860,56.996800,0.031515
35.810000,429.720000,4.106930,56.858100,0.031087
35.910000,430.920000,4.128050,56.720000,0.030661
36.010000,432.120000,4.149220,56.582700,0.030239
36.110000,433.320000,4.170450,56.446100,0.029826
36.210000,434.520000,4.191720,56.310200,0.029424
36.310000,435.720000,4.213050,56.175000,0.029038
36.410000,436.920000,4.234430,56.040600,0.028672
36.510000,438.120000,4.255860,55.906900,0.028331
36.610000,439.320000,4.277340,55.773800,0.028019
36.710000,440.520000,4.298870,55.641500,0.027742
36.810000,441.720000,4.320460,55.509900,0.027503
36.910000,442.920000,4.342090,55.378900,0.027296
37.010000,444.120000,4.363780,55.248700,0.027117
37.110000,445.320000,4.385520,55.119100,0.026962
37.210000,446.520000,4.407310,54.990200,0.026827
37.310000,447.720000,4.429150,54.861900,0.026707
37.410000,448.920000,4.451040,54.734400,0.026599
37.510000,450.120000,4.472980,54.607500,0.026499
37.610000,451.320000,4.494980,54.481200,0.026405
37.710000,452.520000,4.517020,54.355600,0.026312
37.810000,453.720000,4.539120,54.230700,0.026218
37.910000,454.920000,4.561270,54.106400,0.026120
38.010000,456.120000,4.583460,53.982700,0.026017
38.110000,457.320000,4.605710,53.859700,0.025905
38.210000,458.520000,4.628020,53.737200,0.025783
38.310000,459.720000,4.650370,53.615500,0.025649
38.410000,460.920000,4.672770,53.494300,0.025501
38.510000,462.120000,4.695220,53.373700,0.025338
38.610000,463.320000,4.717730,53.253800,0.025160
38.710000,464.520000,4.740280,53.134400,0.024965
38.810000,465.720000,4.762890,53.015700,0.024753
38.910000,466.920000,4.785550,52.897500,0.024523
39.010000,468.120000,4.808260,52.780000,0.024275
39.110000,469.320000,4.831010,52.663000,0.024009
39.210000,470.520000,4.853820,52.546600,0.023727
39.310000,471.720000,4.876680,52.430700,0.023427
39.410000,472.920000,4.899590,52.315500,0.023112
39.510000,474.120000,4.922560,52.200800,0.022782
39.610000,475.320000,4.945570,52.086700,0.022439
39.710000,476.520000,4.968630,51.973100,0.022084
39.810000,477.720000,4.991740,51.860100,0.021719
39.910000,478.920000,5.014910,51.747600,0.021346
40.010000,480.120000,5.038120,51.635700,0.020967
40.110000,481.320000,5.061380,51.524300,0.020585
40.210000,482.520000,5.084700,51.413400,0.020204
40.310000,483.720000,5.108060,51.303100,0.019825
40.410000,484.920000,5.131480,51.193200,0.019452
40.510000,486.120000,5.154950,51.083900,0.019089
40.610000,487.320000,5.178460,50.975100,0.018740
40.710000,488.520000,5.202030,50.866900,0.018409
40.810000,489.720000,5.225640,50.759100,0.018100
40.910000,490.920000,5.249310,50.651800,0.017818
41.010000,492.120000,5.273030,50.545000,0.017567
41.110000,493.320000,5.296800,50.438700,0.017351
41.210000,494.520000,5.320610,50.332900,0.017169
41.310000,495.720000,5.344480,50.227600,0.017016
41.410000,496.920000,5.368400,50.122800,0.016889
41.510000,498.120000,5.392360,50.018400,0.016785
41.610000,499.320000,5.416380,49.914500,0.016701
41.710000,500.520000,5.440450,49.811100,0.016632
41.810000,501.720000,5.464570,49.708100,0.016577
41.910000,502.920000,5.488730,49.605700,0.016533
42.010000,504.120000,5.512950,49.503600,0.016497
42.110000,505.320000,5.537220,49.402100,0.016467
42.210000,506.520000,5.561540,49.301000,0.016439
42.310000,507.720000,5.585900,49.200400,0.016413
42.410000,508.920000,5.610320,49.100200,0.016386
42.510000,510.120000,5.634790,49.000400,0.016356
42.610000,511.320000,5.659300,48.901200,0.016321
42.710000,512.520000,5.683870,48.802300,0.016280
42.810000,513.720000,5.708490,48.703900,0.016232
42.910000,514.920000,5.733150,48.606000,0.016175
43.010000,516.120000,5.757870,48.508400,0.016108
43.110000,517.320000,5.782640,48.411400,0.016029
43.210000,518.520000,5.807450,48.314700,0.015939
43.310000,519.720000,5.832320,48.218500,0.015837
43.410000,520.920000,5.857230,48.122700,0.015722
43.510000,522.120000,5.882190,48.027300,0.015594
43.610000,523.320000,5.907210,47.932400,0.015452
43.710000,524.520000,5.932270,47.837800,0.015297
43.810000,525.720000,5.957380,47.743700,0.015129
43.910000,526.920000,5.982550,47.650000,0.014947
44.010000,528.120000,6.007760,47.556700,0.014754
44.110000,529.320000,6.033020,47.463900,0.014549
44.210000,530.520000,6.058330,47.371400,0.014332
44.310000,531.720000,6.083690,47.279300,0.014106
44.410000,532.920000,6.109100,47.187600,0.013871
44.510000,534.120000,6.134560,47.096400,0.013628
44.610000,535.320000,6.160070,47.005500,0.013380
44.710000,536.520000,6.185630,46.915000,0.013127
44.810000,537.720000,6.211240,46.824900,0.012871
44.910000,538.920000,6.236890,46.735200,0.012615
45.010000,540.120000,6.262600,46.645800,0.012360
45.110000,541.320000,6.288350,46.556900,0.012110
45.210000,542.520000,6.314160,46.468300,0.011866
45.310000,543.720000,6.340010,46.380100,0.011630
45.410000,544.920000,6.365920,46.292300,0.011407
45.510000,546.120000,6.391870,46.204800,0.011199
45.610000,547.320000,6.417870,46.117700,0.011009
45.710000,548.520000,6.443920,46.031000,0.010841
45.810000,549.720000,6.470020,45.944600,0.010698
45.910000,550.920000,6.496170,45.858600,0.010583
46.010000,552.120000,6.522370,45.773000,0.010496
46.110000,553.320000,6.548620,45.687700,0.010436
46.210000,554.520000,6.574910,45.602700,0.010397
46.310000,555.720000,6.601260,45.518200,0.010379
46.410000,556.920000,6.627650,45.433900,0.010378
46.510000,558.120000,6.654100,45.350000,0.010392
46.610000,559.320000,6.680590,45.266500,0.010418
46.710000,560.520000,6.707130,45.183300,0.010454
46.810000,561.720000,6.733720,45.100400,0.010498
46.910000,562.920000,6.760360,45.017900,0.010547
47.010000,564.120000,6.787050,44.935700,0.010601
47.110000,565.320000,6.813780,44.853900,0.010656
47.210000,566.520000,6.840570,44.772400,0.010710
47.310000,567.720000,6.867400,44.691200,0.010764
47.410000,568.920000,6.894290,44.610400,0.010814
47.510000,570.120000,6.921220,44.529800,0.010859
47.610000,571.320000,6.948200,44.449600,0.010898
47.710000,572.520000,6.975230,44.369800,0.010929
47.810000,573.720000,7.002310,44.290200,0.010953
47.910000,574.920000,7.029440,44.211000,0.010966
48.010000,576.120000,7.056610,44.132100,0.010970
48.110000,577.320000,7.083840,44.053600,0.010962
48.210000,578.520000,7.111110,43.975300,0.010942
48.310000,579.720000,7.138430,43.897300,0.010910
48.410000,580.920000,7.165800,43.819700,0.010865
48.510000,582.120000,7.193220,43.742400,0.010806
48.610000,583.320000,7.220690,43.665400,0.010734
48.710000,584.520000,7.248200,43.588700,0.010649
48.810000,585.720000,7.275770,43.512300,0.010550
48.910000,586.920000,7.303380,43.436200,0.010437
49.010000,588.120000,7.331040,43.360400,0.010311
49.110000,589.320000,7.358750,43.284900,0.010173
49.210000,590.520000,7.386510,43.209700,0.010022
49.310000,591.720000,7.414320,43.134700,0.009859
49.410000,592.920000,7.442170,43.060100,0.009685
49.510000,594.120000,7.470070,42.985800,0.009501
49.610000,595.320000,7.498020,42.911800,0.009307
49.710000,596.520000,7.526020,42.838000,0.009105
49.810000,597.720000,7.554070,42.764600,0.008897
49.910000,598.920000,7.582170,42.691400,0.008682
50.010000,600.120000,7.610310,42.618500,0.008463
50.110000,601.320000,7.638510,42.545900,0.008242
50.210000,602.520000,7.666750,42.473600,0.008019
50.310000,603.720000,7.695040,42.401600,0.007797
50.410000,604.920000,7.723370,42.329800,0.007578
50.510000,606.120000,7.751760,42.258300,0.007364
50.610000,607.320000,7.780190,42.187100,0.007156
50.710000,608.520000,7.808670,42.116100,0.006958
50.810000,609.720000,7.837200,42.045400,0.006771
50.910000,610.920000,7.865780,41.975000,0.006599
51.010000,612.120000,7.894400,41.904800,0.006444
51.110000,613.320000,7.923080,41.834900,0.006308
51.210000,614.520000,7.951800,41.765300,0.006195
51.310000,615.720000,7.980570,41.695900,0.006107
51.410000,616.920000,8.009390,41.626800,0.006045
51.510000,618.120000,8.038250,41.557900,0.006006
51.610000,619.320000,8.067160,41.489300,0.005989
51.710000,620.520000,8.096130,41.421000,0.005991
51.810000,621.720000,8.125130,41.352900,0.006009
51.910000,622.920000,8.154190,41.285000,0.006043
52.010000,624.120000,8.183290,41.217400,0.006089
52.110000,625.320000,8.212450,41.150100,0.006146
52.210000,626.520000,8.241650,41.082900,0.006213
52.310000,627.720000,8.270890,41.016100,0.006286
52.410000,628.920000,8.300190,40.949500,0.006366
52.510000,630.120000,8.329530,40.883100,0.006450
52.610000,631.320000,8.358920,40.817000,0.006536
52.710000,632.520000,8.388360,40.751100,0.006623
52.810000,633.720000,8.417850,40.685400,0.006710
52.910000,634.920000,8.447380,40.620000,0.006795
53.010000,636.120000,8.476960,40.554900,0.006878
53.110000,637.320000,8.506590,40.489900,0.006957
53.210000,638.520000,8.536270,40.425300,0.007030
53.310000,639.720000,8.565990,40.360800,0.007098
53.410000,640.920000,8.595760,40.296600,0.007159
53.510000,642.120000,8.625580,40.232600,0.007212
53.610000,643.320000,8.655450,40.168800,0.007256
53.710000,644.520000,8.685360,40.105300,0.007291
53.810000,645.720000,8.715320,40.042000,0.007316
53.910000,646.920000,8.745330,39.978900,0.007331
54.010000,648.120000,8.775390,39.916000,0.007336
54.110000,649.320000,8.805490,39.853400,0.007329
54.210000,650.520000,8.835640,39.791000,0.007310
54.310000,651.720000,8.865840,39.728800,0.007280
54.410000,652.920000,8.896090,39.666900,0.007238
54.510000,654.120000,8.926380,39.605100,0.007185
54.610000,655.320000,8.956720,39.543600,0.007119
54.710000,656.520000,8.987110,39.482300,0.007042
54.810000,657.720000,9.017540,39.421200,0.006954
54.910000,658.920000,9.048020,39.360400,0.006854
55.010000,660.120000,9.078550,39.299700,0.006743
55.110000,661.320000,9.109130,39.239300,0.006622
55.210000,662.520000,9.139750,39.179100,0.006492
55.310000,663.720000,9.170420,39.119000,0.006352
55.410000,664.920000,9.201140,39.059200,0.006204
55.510000,666.120000,9.231910,38.999600,0.006048
55.610000,667.320000,9.262720,38.940300,0.005885
55.710000,668.520000,9.293580,38.881100,0.005716
55.810000,669.720000,9.324480,38.822100,0.005543
55.910000,670.920000,9.355440,38.763300,0.005365
56.010000,672.120000,9.386440,38.704700,0.005186
56.110000,673.320000,9.417480,38.646400,0.005005
56.210000,674.520000,9.448580,38.588200,0.004824
56.310000,675.720000,9.479720,38.530200,0.004645
56.410000,676.920000,9.510910,38.472500,0.004469
56.510000,678.120000,9.542140,38.414900,0.004298
56.610000,679.320000,9.573420,38.357500,0.004134
56.710000,680.520000,9.604750,38.300300,0.003978
56.810000,681.720000,9.636130,38.243300,0.003832
56.910000,682.920000,9.667550,38.186500,0.003699
57.010000,684.120000,9.699020,38.129900,0.003580
57.110000,685.320000,9.730530,38.073500,0.003478
57.210000,686.520000,9.762100,38.017300,0.003395
57.310000,687.720000,9.793710,37.961200,0.003333
57.410000,688.920000,9.825360,37.905400,0.003293
57.510000,690.120000,9.857060,37.849700,0.003275
57.610000,691.320000,9.888810,37.794200,0.003276
57.710000,692.520000,9.920610,37.738900,0.003295
57.810000,693.720000,9.952450,37.683800,0.003330
57.910000,694.920000,9.984340,37.628800,0.003380
58.010000,696.120000,10.016300,37.574100,0.003442
58.110000,697.320000,10.048300,37.519500,0.003516
58.210000,698.520000,10.080300,37.465100,0.003599
58.310000,699.720000,10.112400,37.410900,0.003690
58.410000,700.920000,10.144500,37.356800,0.003788
58.510000,702.120000,10.176700,37.303000,0.003892
58.610000,703.320000,10.208900,37.249300,0.004000
58.710000,704.520000,10.241100,37.195800,0.004111
58.810000,705.720000,10.273400,37.142500,0.004223
58.910000,706.920000,10.305800,37.089300,0.004336
59.010000,708.120000,10.338200,37.036300,0.004449
59.110000,709.320000,10.370600,36.983500,0.004559
59.210000,710.520000,10.403100,36.930900,0.004668
59.310000,711.720000,10.435700,36.878400,0.004773
59.410000,712.920000,10.468300,36.826100,0.004873
59.510000,714.120000,10.500900,36.774000,0.004969
59.610000,715.320000,10.533600,36.722000,0.005058
59.710000,716.520000,10.566300,36.670200,0.005141
59.810000,717.720000,10.599100,36.618600,0.005216
59.910000,718.920000,10.631900,36.567200,0.005284
60.010000,720.120000,10.664800,36.515900,0.005343
60.110000,721.320000,10.697700,36.464700,0.005393
60.210000,722.520000,10.730600,36.413800,0.005434
60.310000,723.720000,10.763600,36.363000,0.005466
60.410000,724.920000,10.796700,36.312400,0.005487
60.510000,726.120000,10.829800,36.261900,0.005498
60.610000,727.320000,10.862900,36.211600,0.005498
60.710000,728.520000,10.896100,36.161400,0.005488
60.810000,729.720000,10.929300,36.111500,0.005467
60.910000,730.920000,10.962600,36.061600,0.005435
61.010000,732.120000,10.995900,36.012000,0.005393
61.110000,733.320000,11.029300,35.962400,0.005340
61.210000,734.520000,11.062700,35.913100,0.005276
61.310000,735.720000,11.096200,35.863900,0.005202
61.410000,736.920000,11.129700,35.814900,0.005118
61.510000,738.120000,11.163300,35.766000,0.005025
61.610000,739.320000,11.196900,35.717200,0.004922
61.710000,740.520000,11.230500,35.668700,0.004810
61.810000,741.720000,11.264200,35.620200,0.004689
61.910000,742.920000,11.297900,35.572000,0.004561
62.010000,744.120000,11.331700,35.523800,0.004426
62.110000,745.320000,11.365500,35.475800,0.004284
62.210000,746.520000,11.399400,35.428000,0.004136
62.310000,747.720000,11.433300,35.380300,0.003983
62.410000,748.920000,11.467300,35.332800,0.003825
62.510000,750.120000,11.501300,35.285400,0.003665
62.610000,751.320000,11.535400,35.238200,0.003502
62.710000,752.520000,11.569500,35.191100,0.003338
62.810000,753.720000,11.603600,35.144200,0.003174
62.910000,754.920000,11.637800,35.097400,0.003010
63.010000,756.120000,11.672100,35.050700,0.002849
63.110000,757.320000,11.706400,35.004200,0.002691
63.210000,758.520000,11.740700,34.957800,0.002538
63.310000,759.720000,11.775100,34.911600,0.002392
63.410000,760.920000,11.809500,34.865500,0.002253
63.510000,762.120000,11.844000,34.819500,0.002123
63.610000,763.320000,11.878500,34.773700,0.002004
63.710000,764.520000,11.913100,34.728000,0.001897
63.810000,765.720000,11.947700,34.682500,0.001804
63.910000,766.920000,11.982300,34.637100,0.001728
64.010000,768.120000,12.017000,34.591800,0.001669
64.110000,769.320000,12.051800,34.546700,0.001630
64.210000,770.520000,12.086500,34.501700,0.001610
64.310000,771.720000,12.121400,34.456800,0.001609
64.410000,772.920000,12.156300,34.412100,0.001624
64.510000,774.120000,12.191200,34.367500,0.001656
64.610000,775.320000,12.226200,34.323000,0.001701
64.710000,776.520000,12.261200,34.278700,0.001759
64.810000,777.720000,12.296200,34.234500,0.001829
64.910000,778.920000,12.331300,34.190400,0.001909
65.010000,780.120000,12.366500,34.146400,0.001999
65.110000,781.320000,12.401700,34.102600,0.002096
65.210000,782.520000,12.436900,34.058900,0.002200
65.310000,783.720000,12.472200,34.015400,0.002310
65.410000,784.920000,12.507600,33.971900,0.002425
65.510000,786.120000,12.542900,33.928600,0.002543
65.610000,787.320000,12.578400,33.885500,0.002664
65.710000,788.520000,12.613800,33.842400,0.002786
65.810000,789.720000,12.649300,33.799500,0.002910
65.910000,790.920000,12.684900,33.756700,0.003033
66.010000,792.120000,12.720500,33.714000,0.003155
66.110000,793.320000,12.756100,33.671500,0.003276
66.210000,794.520000,12.791800,33.629100,0.003394
66.310000,795.720000,12.827600,33.586800,0.003509
66.410000,796.920000,12.863400,33.544600,0.003620
66.510000,798.120000,12.899200,33.502500,0.003727
66.610000,799.320000,12.935100,33.460600,0.003828
66.710000,800.520000,12.971000,33.418800,0.003924
66.810000,801.720000,13.007000,33.377100,0.004014
66.910000,802.920000,13.043000,33.335600,0.004096
67.010000,804.120000,13.079000,33.294100,0.004172
67.110000,805.320000,13.115100,33.252800,0.004240
67.210000,806.520000,13.151300,33.211600,0.004300
67.310000,807.720000,13.187400,33.170500,0.004352
67.410000,808.920000,13.223700,33.129500,0.004396
67.510000,810.120000,13.260000,33.088700,0.004430
67.610000,811.320000,13.296300,33.047900,0.004456
67.710000,812.520000,13.332700,33.007300,0.004472
67.810000,813.720000,13.369100,32.966800,0.004479
67.910000,814.920000,13.405500,32.926500,0.004477
68.010000,816.120000,13.442000,32.886200,0.004465
68.110000,817.320000,13.478600,32.846000,0.004443
68.210000,818.520000,13.515200,32.806000,0.004412
68.310000,819.720000,13.551800,32.766100,0.004372
68.410000,820.920000,13.588500,32.726300,0.004322
68.510000,822.120000,13.625200,32.686600,0.004264
68.610000,823.320000,13.662000,32.647000,0.004196
68.710000,824.520000,13.698800,32.607500,0.004120
68.810000,825.720000,13.735700,32.568100,0.004035
68.910000,826.920000,13.772600,32.528900,0.003942
69.010000,828.120000,13.809500,32.489800,0.003842
69.110000,829.320000,13.846500,32.450700,0.003734
69.210000,830.520000,13.883500,32.411800,0.003619
69.310000,831.720000,13.920600,32.373000,0.003497
69.410000,832.920000,13.957700,32.334300,0.003370
69.510000,834.120000,13.994900,32.295700,0.003238
69.610000,835.320000,14.032100,32.257200,0.003100
69.710000,836.520000,14.069400,32.218800,0.002959
69.810000,837.720000,14.106700,32.180600,0.002814
69.910000,838.920000,14.144100,32.142400,0.002667
70.010000,840.120000,14.181400,32.104300,0.002517
70.110000,841.320000,14.218900,32.066400,0.002367
70.210000,842.520000,14.256400,32.028500,0.002216
70.310000,843.720000,14.293900,31.990800,0.002066
70.410000,844.920000,14.331500,31.953100,0.001918
70.510000,846.120000,14.369100,31.915600,0.001772
70.610000,847.320000,14.406700,31.878200,0.001631
70.710000,848.520000,14.444400,31.840800,0.001493
70.810000,849.720000,14.482200,31.803600,0.001362
70.910000,850.920000,14.520000,31.766500,0.001238
71.010000,852.120000,14.557800,31.729400,0.001122
71.110000,853.320000,14.595700,31.692500,0.001016
71.210000,854.520000,14.633600,31.655700,0.000920
71.310000,855.720000,14.671600,31.618900,0.000837
71.410000,856.920000,14.709600,31.582300,0.000767
71.510000,858.120000,14.747700,31.545800,0.000712
71.610000,859.320000,14.785800,31.509300,0.000673
71.710000,860.520000,14.823900,31.473000,0.000652
71.810000,861.720000,14.862100,31.436700,0.000648
71.910000,862.920000,14.900400,31.400600,0.000659
72.010000,864.120000,14.938600,31.364500,0.000685
72.110000,865.320000,14.977000,31.328600,0.000725
72.210000,866.520000,15.015300,31.292700,0.000777
72.310000,867.720000,15.053700,31.257000,0.000840
72.410000,868.920000,15.092200,31.221300,0.000914
72.510000,870.120000,15.130700,31.185700,0.000997
72.610000,871.320000,15.169200,31.150300,0.001089
72.710000,872.520000,15.207800,31.114900,0.001188
72.810000,873.720000,15.246400,31.079600,0.001294
72.910000,874.920000,15.285100,31.044400,0.001405
73.010000,876.120000,15.323800,31.009300,0.001522
73.110000,877.320000,15.362600,30.974300,0.001642
73.210000,878.520000,15.401400,30.939300,0.001766
73.310000,879.720000,15.440300,30.904500,0.001892
73.410000,880.920000,15.479200,30.869800,0.002019
73.510000,882.120000,15.518100,30.835100,0.002148
73.610000,883.320000,15.557100,30.800600,0.002277
73.710000,884.520000,15.596100,30.766100,0.002406
73.810000,885.720000,15.635200,30.731800,0.002533
73.910000,886.920000,15.674300,30.697500,0.002659
74.010000,888.120000,15.713400,30.663300,0.002782
74.110000,889.320000,15.752600,30.629200,0.002903
74.210000,890.520000,15.791900,30.595200,0.003020
74.310000,891.720000,15.831200,30.561300,0.003133
74.410000,892.920000,15.870500,30.527400,0.003242
74.510000,894.120000,15.909900,30.493700,0.003346
74.610000,895.320000,15.949300,30.460000,0.003445
74.710000,896.520000,15.988800,30.426400,0.003538
74.810000,897.720000,16.028300,30.393000,0.003625
74.910000,898.920000,16.067800,30.359600,0.003706
75.010000,900.120000,16.107400,30.326300,0.003780
75.110000,901.320000,16.147000,30.293000,0.003847
75.210000,902.520000,16.186700,30.259900,0.003907
75.310000,903.720000,16.226400,30.226800,0.003959
75.410000,904.920000,16.266200,30.193900,0.004004
75.510000,906.120000,16.306000,30.161000,0.004040
75.610000,907.320000,16.345900,30.128200,0.004069
75.710000,908.520000,16.385800,30.095500,0.004089
75.810000,909.720000,16.425700,30.062900,0.004101
75.910000,910.920000,16.465700,30.030300,0.004105
76.010000,912.120000,16.505700,29.997900,0.004100
76.110000,913.320000,16.545800,29.965500,0.004087
76.210000,914.520000,16.585900,29.933200,0.004066
76.310000,915.720000,16.626100,29.901000,0.004036
76.410000,916.920000,16.666300,29.868800,0.003998
76.510000,918.120000,16.706500,29.836800,0.003952
76.610000,919.320000,16.746800,29.804800,0.003897
76.710000,920.520000,16.787100,29.773000,0.003835
76.810000,921.720000,16.827500,29.741100,0.003765
76.910000,922.920000,16.867900,29.709400,0.003688
77.010000,924.120000,16.908400,29.677800,0.003604
77.110000,925.320000,16.948900,29.646200,0.003512
77.210000,926.520000,16.989400,29.614700,0.003414
77.310000,927.720000,17.030000,29.583300,0.003310
77.410000,928.920000,17.070700,29.552000,0.003200
77.510000,930.120000,17.111300,29.520800,0.003084
77.610000,931.320000,17.152100,29.489600,0.002963
77.710000,932.520000,17.192800,29.458500,0.002837
77.810000,933.720000,17.233600,29.427500,0.002707
77.910000,934.920000,17.274500,29.396600,0.002574
78.010000,936.120000,17.315400,29.365700,0.002437
78.110000,937.320000,17.356300,29.334900,0.002298
78.210000,938.520000,17.397300,29.304200,0.002157
78.310000,939.720000,17.438300,29.273600,0.002014
78.410000,940.920000,17.479400,29.243000,0.001871
78.510000,942.120000,17.520500,29.212600,0.001728
78.610000,943.320000,17.561600,29.182200,0.001585
78.710000,944.520000,17.602800,29.151800,0.001444
78.810000,945.720000,17.644100,29.121600,0.001305
78.910000,946.920000,17.685300,29.091400,0.001170
79.010000,948.120000,17.726700,29.061300,0.001038
79.110000,949.320000,17.768000,29.031300,0.000911
79.210000,950.520000,17.809400,29.001300,0.000790
79.310000,951.720000,17.850900,28.971400,0.000675
79.410000,952.920000,17.892400,28.941600,0.000568
79.510000,954.120000,17.933900,28.911900,0.000469
79.610000,955.320000,17.975500,28.882200,0.000380
79.710000,956.520000,18.017100,28.852600,0.000302
79.810000,957.720000,18.058800,28.823100,0.000236
79.910000,958.920000,18.100500,28.793700,0.000182
80.010000,960.120000,18.142200,28.764300,0.000142
80.110000,961.320000,18.184000,28.735000,0.000118
80.210000,962.520000,18.225900,28.705700,0.000108
80.310000,963.720000,18.267700,28.676600,0.000113
80.410000,964.920000,18.309700,28.647500,0.000131
80.510000,966.120000,18.351600,28.618400,0.000162
80.610000,967.320000,18.393600,28.589500,0.000205
80.710000,968.520000,18.435700,28.560600,0.000258
80.810000,969.720000,18.477800,28.531700,0.000322
80.910000,970.920000,18.519900,28.503000,0.000395
81.010000,972.120000,18.562100,28.474300,0.000477
81.110000,973.320000,18.604300,28.445700,0.000566
81.210000,974.520000,18.646600,28.417100,0.000662
81.310000,975.720000,18.688900,28.388600,0.000765
81.410000,976.920000,18.731200,28.360200,0.000873
81.510000,978.120000,18.773600,28.331900,0.000986
81.610000,979.320000,18.816000,28.303600,0.001104
81.710000,980.520000,18.858500,28.275400,0.001225
81.810000,981.720000,18.901000,28.247200,0.001348
81.910000,982.920000,18.943600,28.219200,0.001475
82.010000,984.120000,18.986200,28.191100,0.001603
82.110000,985.320000,19.028800,28.163200,0.001732
82.210000,986.520000,19.071500,28.135300,0.001861
82.310000,987.720000,19.114200,28.107500,0.001991
82.410000,988.920000,19.157000,28.079700,0.002120
82.510000,990.120000,19.199800,28.052100,0.002248
82.610000,991.320000,19.242700,28.024400,0.002375
82.710000,992.520000,19.285600,27.996900,0.002500
82.810000,993.720000,19.328500,27.969400,0.002622
82.910000,994.920000,19.371500,27.942000,0.002742
83.010000,996.120000,19.414500,27.914600,0.002858
83.110000,997.320000,19.457600,27.887300,0.002971
83.210000,998.520000,19.500700,27.860100,0.003080
83.310000,999.720000,19.543900,27.832900,0.003184
83.410000,1000.920000,19.587000,27.805800,0.003284
83.510000,1002.120000,19.630300,27.778700,0.003379
83.610000,1003.320000,19.673600,27.751800,0.003468
83.710000,1004.520000,19.716900,27.724800,0.003552
83.810000,1005.720000,19.760200,27.698000,0.003630
83.910000,1006.920000,19.803700,27.671200,0.003702
84.010000,1008.120000,19.847100,27.644400,0.003768
84.110000,1009.320000,19.890600,27.617800,0.003827
84.210000,1010.520000,19.934100,27.591200,0.003880
84.310000,1011.720000,19.977700,27.564600,0.003926
84.410000,1012.920000,20.021300,27.538100,0.003965
84.510000,1014.120000,20.065000,27.511700,0.003997
84.610000,1015.320000,20.108700,27.485300,0.004021
84.710000,1016.520000,20.152400,27.459000,0.004039
84.810000,1017.720000,20.196200,27.432800,0.004049
84.910000,1018.920000,20.240000,27.406600,0.004052
85.010000,1020.120000,20.283900,27.380500,0.004047
85.110000,1021.320000,20.327800,27.354400,0.004035
85.210000,1022.520000,20.371700,27.328400,0.004016
85.310000,1023.720000,20.415700,27.302500,0.003989
85.410000,1024.920000,20.459800,27.276600,0.003955
85.510000,1026.120000,20.503800,27.250800,0.003914
85.610000,1027.320000,20.548000,27.225000,0.003866
85.710000,1028.520000,20.592100,27.199300,0.003811
85.810000,1029.720000,20.636300,27.173700,0.003750
85.910000,1030.920000,20.680600,27.148100,0.003681
86.010000,1032.120000,20.724900,27.122500,0.003606
86.110000,1033.320000,20.769200,27.097100,0.003525
86.210000,1034.520000,20.813500,27.071600,0.003438
86.310000,1035.720000,20.858000,27.046300,0.003345
86.410000,1036.920000,20.902400,27.021000,0.003246
86.510000,1038.120000,20.946900,26.995700,0.003142
86.610000,1039.320000,20.991400,26.970500,0.003033
86.710000,1040.520000,21.036000,26.945400,0.002920
86.810000,1041.720000,21.080600,26.920300,0.002802
86.910000,1042.920000,21.125300,26.895300,0.002680
87.010000,1044.120000,21.170000,26.870300,0.002555
87.110000,1045.320000,21.214700,26.845400,0.002427
87.210000,1046.520000,21.259500,26.820600,0.002296
87.310000,1047.720000,21.304400,26.795800,0.002162
87.410000,1048.920000,21.349200,26.771000,0.002027
87.510000,1050.120000,21.394100,26.746400,0.001891
87.610000,1051.320000,21.439100,26.721700,0.001753
87.710000,1052.520000,21.484100,26.697100,0.001616
87.810000,1053.720000,21.529100,26.672600,0.001478
87.910000,1054.920000,21.574200,26.648100,0.001342
88.010000,1056.120000,21.619300,26.623700,0.001207
88.110000,1057.320000,21.664500,26.599400,0.001074
88.210000,1058.520000,21.709700,26.575100,0.000944
88.310000,1059.720000,21.754900,26.550800,0.000817
88.410000,1060.920000,21.800200,26.526600,0.000695
88.510000,1062.120000,21.845500,26.502400,0.000577
88.610000,1063.320000,21.890900,26.478300,0.000464
88.710000,1064.520000,21.936300,26.454300,0.000358
88.810000,1065.720000,21.981800,26.430300,0.000258
88.910000,1066.920000,22.027300,26.406400,0.000167
89.010000,1068.120000,22.072800,26.382500,0.000084
89.110000,1069.320000,22.118400,26.358600,0.000010
89.210000,1070.520000,22.164000,26.334800,-0.000053
89.310000,1071.720000,22.209600,26.311100,-0.000105
89.410000,1072.920000,22.255300,26.287400,-0.000146
89.510000,1074.120000,22.301100,26.263800,-0.000173
89.610000,1075.320000,22.346800,26.240200,-0.000187
89.710000,1076.520000,22.392700,26.216700,-0.000188
89.810000,1077.720000,22.438500,26.193200,-0.000177
89.910000,1078.920000,22.484400,26.169700,-0.000155
90.010000,1080.120000,22.530400,26.146400,-0.000121
90.110000,1081.320000,22.576400,26.123000,-0.000077
90.210000,1082.520000,22.622400,26.099700,-0.000024
90.310000,1083.720000,22.668500,26.076500,0.000038
90.410000,1084.920000,22.714600,26.053300,0.000109
90.510000,1086.120000,22.760700,26.030200,0.000187
90.610000,1087.320000,22.806900,26.007100,0.000273
90.710000,1088.520000,22.853100,25.984100,0.000365
90.810000,1089.720000,22.899400,25.961100,0.000462
90.910000,1090.920000,22.945700,25.938100,0.000566
91.010000,1092.120000,22.992100,25.915200,0.000674
91.110000,1093.320000,23.038500,25.892400,0.000786
91.210000,1094.520000,23.084900,25.869600,0.000902
91.310000,1095.720000,23.131400,25.846900,0.001021
91.410000,1096.920000,23.177900,25.824200,0.001143
91.510000,1098.120000,23.224500,25.801500,0.001267
91.610000,1099.320000,23.271100,25.778900,0.001393
91.710000,1100.520000,23.317700,25.756300,0.001520
91.810000,1101.720000,23.364400,25.733800,0.001648
91.910000,1102.920000,23.411100,25.711400,0.001777
92.010000,1104.120000,23.457900,25.689000,0.001905
92.110000,1105.320000,23.504700,25.666600,0.002033
92.210000,1106.520000,23.551600,25.644300,0.002161
92.310000,1107.720000,23.598400,25.622000,0.002287
92.410000,1108.920000,23.645400,25.599800,0.002411
92.510000,1110.120000,23.692300,25.577600,0.002534
92.610000,1111.320000,23.739400,25.555500,0.002654
92.710000,1112.520000,23.786400,25.533400,0.002772
92.810000,1113.720000,23.833500,25.511300,0.002887
92.910000,1114.920000,23.880600,25.489300,0.002999
93.010000,1116.120000,23.927800,25.467400,0.003107
93.110000,1117.320000,23.975000,25.445500,0.003211
93.210000,1118.520000,24.022300,25.423600,0.003311
93.310000,1119.720000,24.069600,25.401800,0.003407
93.410000,1120.920000,24.116900,25.380000,0.003499
93.510000,1122.120000,24.164300,25.358300,0.003586
93.610000,1123.320000,24.211700,25.336700,0.003667
93.710000,1124.520000,24.259200,25.315000,0.003744
93.810000,1125.720000,24.306700,25.293400,0.003815
93.910000,1126.920000,24.354200,25.271900,0.003881
94.010000,1128.120000,24.401800,25.250400,0.003942
94.110000,1129.320000,24.449400,25.228900,0.003996
94.210000,1130.520000,24.497100,25.207500,0.004044
94.310000,1131.720000,24.544800,25.186200,0.004087
94.410000,1132.920000,24.592500,25.164800,0.004123
94.510000,1134.120000,24.640300,25.143600,0.004153
94.610000,1135.320000,24.688100,25.122300,0.004177
94.710000,1136.520000,24.736000,25.101200,0.004194
94.810000,1137.720000,24.783900,25.080000,0.004205
94.910000,1138.920000,24.831800,25.058900,0.004210
95.010000,1140.120000,24.879800,25.037800,0.004208
95.110000,1141.320000,24.927800,25.016800,0.004200
95.210000,1142.520000,24.975900,24.995900,0.004185
95.310000,1143.720000,25.024000,24.974900,0.004164
95.410000,1144.920000,25.072200,24.954000,0.004137
95.510000,1146.120000,25.120300,24.933200,0.004103
95.610000,1147.320000,25.168600,24.912400,0.004063
95.710000,1148.520000,25.216800,24.891600,0.004016
95.810000,1149.720000,25.265200,24.870900,0.003964
95.910000,1150.920000,25.313500,24.850200,0.003906
96.010000,1152.120000,25.361900,24.829600,0.003842
96.110000,1153.320000,25.410300,24.809000,0.003772
96.210000,1154.520000,25.458800,24.788500,0.003696
96.310000,1155.720000,25.507300,24.768000,0.003616
96.410000,1156.920000,25.555800,24.747500,0.003530
96.510000,1158.120000,25.604400,24.727100,0.003439
96.610000,1159.320000,25.653100,24.706700,0.003343
96.710000,1160.520000,25.701700,24.686300,0.003242
96.810000,1161.720000,25.750500,24.666000,0.003138
96.910000,1162.920000,25.799200,24.645800,0.003029
97.010000,1164.120000,25.848000,24.625500,0.002916
97.110000,1165.320000,25.896800,24.605400,0.002800
97.210000,1166.520000,25.945700,24.585200,0.002680
97.310000,1167.720000,25.994600,24.565100,0.002558
97.410000,1168.920000,26.043600,24.545100,0.002433
97.510000,1170.120000,26.092600,24.525000,0.002306
97.610000,1171.320000,26.141600,24.505100,0.002176
97.710000,1172.520000,26.190700,24.485100,0.002046
97.810000,1173.720000,26.239800,24.465200,0.001914
97.910000,1174.920000,26.288900,24.445300,0.001781
98.010000,1176.120000,26.338100,24.425500,0.001648
98.110000,1177.320000,26.387300,24.405700,0.001515
98.210000,1178.520000,26.436600,24.386000,0.001382
98.310000,1179.720000,26.485900,24.366300,0.001250
98.410000,1180.920000,26.535300,24.346600,0.001120
98.510000,1182.120000,26.584700,24.327000,0.000992
98.610000,1183.320000,26.634100,24.307400,0.000866
98.710000,1184.520000,26.683600,24.287800,0.000743
98.810000,1185.720000,26.733100,24.268300,0.000623
98.910000,1186.920000,26.782600,24.248800,0.000508
99.010000,1188.120000,26.832200,24.229400,0.000397
99.110000,1189.320000,26.881900,24.210000,0.000291
99.210000,1190.520000,26.931500,24.190600,0.000190
99.310000,1191.720000,26.981300,24.171300,0.000097
99.410000,1192.920000,27.031000,24.152000,0.000010
99.510000,1194.120000,27.080800,24.132800,-0.000070
99.610000,1195.320000,27.130600,24.113600,-0.000141
99.710000,1196.520000,27.180500,24.094400,-0.000203
99.810000,1197.720000,27.230400,24.075200,-0.000256
99.910000,1198.920000,27.280400,24.056100,-0.000299
100.010000,1200.120000,27.330300,24.037100,-0.000330
100.110000,1201.320000,27.380400,24.018000,-0.000351
100.210000,1202.520000,27.430400,23.999000,-0.000359
100.310000,1203.720000,27.480600,23.980100,-0.000357
100.410000,1204.920000,27.530700,23.961200,-0.000344
100.510000,1206.120000,27.580900,23.942300,-0.000321
100.610000,1207.320000,27.631100,23.923400,-0.000288
100.710000,1208.520000,27.681400,23.904600,-0.000246
100.810000,1209.720000,27.731700,23.885800,-0.000196
100.910000,1210.920000,27.782000,23.867100,-0.000138
101.010000,1212.120000,27.832400,23.848400,-0.000073
101.110000,1213.320000,27.882800,23.829700,-0.000000
101.210000,1214.520000,27.933300,23.811100,0.000079
101.310000,1215.720000,27.983800,23.792500,0.000164
101.410000,1216.920000,28.034400,23.773900,0.000255
101.510000,1218.120000,28.084900,23.755400,0.000351
101.610000,1219.320000,28.135600,23.736900,0.000451
101.710000,1220.520000,28.186200,23.718400,0.000556
101.810000,1221.720000,28.236900,23.700000,0.000665
101.910000,1222.920000,28.287700,23.681600,0.000777
102.010000,1224.120000,28.338500,23.663200,0.000892
102.110000,1225.320000,28.389300,23.644900,0.001010
102.210000,1226.520000,28.440100,23.626600,0.001130
102.310000,1227.720000,28.491000,23.608400,0.001252
102.410000,1228.920000,28.542000,23.590100,0.001375
102.510000,1230.120000,28.593000,23.572000,0.001500
102.610000,1231.320000,28.644000,23.553800,0.001625
102.710000,1232.520000,28.695000,23.535700,0.001751
102.810000,1233.720000,28.746100,23.517600,0.001877
102.910000,1234.920000,28.797300,23.499600,0.002003
103.010000,1236.120000,28.848400,23.481600,0.002128
103.110000,1237.320000,28.899600,23.463600,0.002252
103.210000,1238.520000,28.950900,23.445600,0.002376
103.310000,1239.720000,29.002200,23.427700,0.002498
103.410000,1240.920000,29.053500,23.409800,0.002618
103.510000,1242.120000,29.104900,23.392000,0.002736
103.610000,1243.320000,29.156300,23.374200,0.002852
103.710000,1244.520000,29.207800,23.356400,0.002966
103.810000,1245.720000,29.259200,23.338700,0.003076
103.910000,1246.920000,29.310800,23.320900,0.003184
104.010000,1248.120000,29.362300,23.303300,0.003289
104.110000,1249.320000,29.414000,23.285600,0.003391
104.210000,1250.520000,29.465600,23.268000,0.003489
104.310000,1251.720000,29.517300,23.250400,0.003583
104.410000,1252.920000,29.569000,23.232900,0.003673
104.510000,1254.120000,29.620800,23.215400,0.003759
104.610000,1255.320000,29.672600,23.197900,0.003841
104.710000,1256.520000,29.724400,23.180400,0.003918
104.810000,1257.720000,29.776300,23.163000,0.003991
104.910000,1258.920000,29.828200,23.145600,0.004059
105.010000,1260.120000,29.880200,23.128300,0.004122
105.110000,1261.320000,29.932200,23.111000,0.004181
105.210000,1262.520000,29.984200,23.093700,0.004234
105.310000,1263.720000,30.036300,23.076400,0.004282
105.410000,1264.920000,30.088400,23.059200,0.004325
105.510000,1266.120000,30.140500,23.042000,0.004362
105.610000,1267.320000,30.192700,23.024800,0.004394
105.710000,1268.520000,30.245000,23.007700,0.004421
105.810000,1269.720000,30.297200,22.990600,0.004442
105.910000,1270.920000,30.349600,22.973500,0.004457
106.010000,1272.120000,30.401900,22.956500,0.004467
106.110000,1273.320000,30.454300,22.939500,0.004472
106.210000,1274.520000,30.506700,22.922500,0.004471
106.310000,1275.720000,30.559200,22.905600,0.004464
106.410000,1276.920000,30.611700,22.888700,0.004451
106.510000,1278.120000,30.664200,22.871800,0.004433
106.610000,1279.320000,30.716800,22.854900,0.004410
106.710000,1280.520000,30.769400,22.838100,0.004380
106.810000,1281.720000,30.822100,22.821300,0.004346
106.910000,1282.920000,30.874800,22.804600,0.004306
107.010000,1284.120000,30.927500,22.787800,0.004260
107.110000,1285.320000,30.980300,22.771200,0.004210
107.210000,1286.520000,31.033100,22.754500,0.004154
107.310000,1287.720000,31.086000,22.737800,0.004093
107.410000,1288.920000,31.138800,22.721200,0.004027
107.510000,1290.120000,31.191800,22.704700,0.003956
107.610000,1291.320000,31.244700,22.688100,0.003880
107.710000,1292.520000,31.297800,22.671600,0.003800
107.810000,1293.720000,31.350800,22.655100,0.003715
107.910000,1294.920000,31.403900,22.638700,0.003626
108.010000,1296.120000,31.457000,22.622200,0.003533
108.110000,1297.320000,31.510200,22.605800,0.003436
108.210000,1298.520000,31.563400,22.589500,0.003335
108.310000,1299.720000,31.616600,22.573100,0.003230
108.410000,1300.920000,31.669900,22.556800,0.003122
108.510000,1302.120000,31.723200,22.540600,0.003011
108.610000,1303.320000,31.776600,22.524300,0.002897
108.710000,1304.520000,31.830000,22.508100,0.002780
108.810000,1305.720000,31.883400,22.491900,0.002661
108.910000,1306.920000,31.936900,22.475700,0.002540
109.010000,1308.120000,31.990400,22.459600,0.002416
109.110000,1309.320000,32.043900,22.443500,0.002291
109.210000,1310.520000,32.097500,22.427400,0.002164
109.310000,1311.720000,32.151100,22.411400,0.002037
109.410000,1312.920000,32.204800,22.395400,0.001908
109.510000,1314.120000,32.258500,22.379400,0.001779
109.610000,1315.320000,32.312200,22.363400,0.001650
109.710000,1316.520000,32.366000,22.347500,0.001521
109.810000,1317.720000,32.419800,22.331600,0.001393
109.910000,1318.920000,32.473700,22.315700,0.001266
110.010000,1320.120000,32.527600,22.299800,0.001139
110.110000,1321.320000,32.581500,22.284000,0.001015
110.210000,1322.520000,32.635500,22.268200,0.000892
110.310000,1323.720000,32.689500,22.252500,0.000772
110.410000,1324.920000,32.743500,22.236700,0.000655
110.510000,1326.120000,32.797600,22.221000,0.000541
110.610000,1327.320000,32.851700,22.205300,0.000430
110.710000,1328.520000,32.905900,22.189700,0.000324
110.810000,1329.720000,32.960100,22.174000,0.000222
110.910000,1330.920000,33.014300,22.158400,0.000125
111.010000,1332.120000,33.068600,22.142900,0.000034
111.110000,1333.320000,33.122900,22.127300,-0.000051
111.210000,1334.520000,33.177300,22.111800,-0.000130
111.310000,1335.720000,33.231700,22.096300,-0.000202
111.410000,1336.920000,33.286100,22.080800,-0.000266
111.510000,1338.120000,33.340600,22.065400,-0.000323
111.610000,1339.320000,33.395100,22.050000,-0.000371
111.710000,1340.520000,33.449600,22.034600,-0.000410
111.810000,1341.720000,33.504200,22.019200,-0.000439
111.910000,1342.920000,33.558800,22.003900,-0.000458
112.010000,1344.120000,33.613500,21.988600,-0.000468
112.110000,1345.320000,33.668200,21.973300,-0.000467
112.210000,1346.520000,33.722900,21.958000,-0.000457
112.310000,1347.720000,33.777700,21.942800,-0.000439
112.410000,1348.920000,33.832500,21.927600,-0.000412
112.510000,1350.120000,33.887300,21.912400,-0.000376
112.610000,1351.320000,33.942200,21.897300,-0.000333
112.710000,1352.520000,33.997100,21.882200,-0.000283
112.810000,1353.720000,34.052100,21.867100,-0.000226
112.910000,1354.920000,34.107100,21.852000,-0.000163
113.010000,1356.120000,34.162100,21.836900,-0.000093
113.110000,1357.320000,34.217200,21.821900,-0.000017
113.210000,1358.520000,34.272300,21.806900,0.000063
113.310000,1359.720000,34.327500,21.791900,0.000149
113.410000,1360.920000,34.382700,21.777000,0.000240
113.510000,1362.120000,34.437900,21.762100,0.000335
113.610000,1363.320000,34.493200,21.747200,0.000434
113.710000,1364.520000,34.548500,21.732300,0.000536
113.810000,1365.720000,34.603800,21.717500,0.000642
113.910000,1366.920000,34.659200,21.702700,0.000751
114.010000,1368.120000,34.714600,21.687900,0.000862
114.110000,1369.320000,34.770000,21.673100,0.000976
114.210000,1370.520000,34.825500,21.658400,0.001092
114.310000,1371.720000,34.881100,21.643600,0.001210
114.410000,1372.920000,34.936600,21.628900,0.001329
114.510000,1374.120000,34.992200,21.614300,0.001450
114.610000,1375.320000,35.047900,21.599600,0.001571
114.710000,1376.520000,35.103600,21.585000,0.001693
114.810000,1377.720000,35.159300,21.570400,0.001816
114.910000,1378.920000,35.215000,21.555900,0.001938
115.010000,1380.120000,35.270800,21.541300,0.002061
115.110000,1381.320000,35.326700,21.526800,0.002183
115.210000,1382.520000,35.382500,21.512300,0.002304
115.310000,1383.720000,35.438400,21.497800,0.002425
115.410000,1384.920000,35.494400,21.483400,0.002544
115.510000,1386.120000,35.550400,21.469000,0.002663
115.610000,1387.320000,35.606400,21.454600,0.002779
115.710000,1388.520000,35.662500,21.440200,0.002894
115.810000,1389.720000,35.718500,21.425800,0.003008
115.910000,1390.920000,35.774700,21.411500,0.003119
116.010000,1392.120000,35.830900,21.397200,0.003227
116.110000,1393.320000,35.887100,21.382900,0.003334
116.210000,1394.520000,35.943300,21.368700,0.003437
116.310000,1395.720000,35.999600,21.354400,0.003538
116.410000,1396.920000,36.055900,21.340200,0.003636
116.510000,1398.120000,36.112300,21.326100,0.003731
116.610000,1399.320000,36.168700,21.311900,0.003822
116.710000,1400.520000,36.225100,21.297800,0.003911
116.810000,1401.720000,36.281600,21.283700,0.003995
116.910000,1402.920000,36.338100,21.269600,0.004076
117.010000,1404.120000,36.394600,21.255500,0.004153
117.110000,1405.320000,36.451200,21.241500,0.004226
117.210000,1406.520000,36.507800,21.227500,0.004295
117.310000,1407.720000,36.564500,21.213500,0.004360
117.410000,1408.920000,36.621200,21.199500,0.004421
117.510000,1410.120000,36.677900,21.185600,0.004477
117.610000,1411.320000,36.734700,21.171600,0.004529
117.710000,1412.520000,36.791500,21.157700,0.004576
117.810000,1413.720000,36.848300,21.143900,0.004619
117.910000,1414.920000,36.905200,21.130000,0.004658
118.010000,1416.120000,36.962100,21.116200,0.004691
118.110000,1417.320000,37.019100,21.102400,0.004720
118.210000,1418.520000,37.076100,21.088600,0.004744
118.310000,1419.720000,37.133100,21.074800,0.004764
118.410000,1420.920000,37.190200,21.061100,0.004778
118.510000,1422.120000,37.247300,21.047400,0.004788
118.610000,1423.320000,37.304400,21.033700,0.004793
118.710000,1424.520000,37.361600,21.020000,0.004793
118.810000,1425.720000,37.418800,21.006400,0.004788
118.910000,1426.920000,37.476100,20.992700,0.004778
119.010000,1428.120000,37.533400,20.979100,0.004764
119.110000,1429.320000,37.590700,20.965500,0.004724
119.210000,1430.520000,37.648100,20.952000,0.004700
119.310000,1431.720000,37.705500,20.938500,0.004671
119.410000,1432.920000,37.762900,20.924900,0.004637
119.510000,1434.120000,37.820400,20.911400,0.004599
119.610000,1435.320000,37.877900,20.898000,0.004555
119.710000,1436.520000,37.935500,20.884500,0.004508
119.810000,1437.720000,37.993100,20.871100,0.004456
119.910000,1438.920000,38.050700,20.857700,0.004399
120.010000,1440.120000,38.108300,20.844300,0.004338
120.110000,1441.320000,38.166000,20.831000,0.004273
120.210000,1442.520000,38.223800,20.817600,0.004203
120.310000,1443.720000,38.281600,20.804300,0.004129
120.410000,1444.920000,38.339400,20.791000,0.004052
120.510000,1446.120000,38.397200,20.777700,0.003970
120.610000,1447.320000,38.455100,20.764500,0.003885
120.710000,1448.520000,38.513000,20.751300,0.003796
120.810000,1449.720000,38.571000,20.738000,0.003704
120.910000,1450.920000,38.629000,20.724900,0.003608
121.010000,1452.120000,38.687000,20.711700,0.003509
121.110000,1453.320000,38.745100,20.698600,0.003407
121.210000,1454.520000,38.803200,20.685400,0.003302
121.310000,1455.720000,38.861300,20.672300,0.003194
121.410000,1456.920000,38.919500,20.659200,0.003084
121.510000,1458.120000,38.977700,20.646200,0.002971
121.610000,1459.320000,39.036000,20.633100,0.002856
121.710000,1460.520000,39.094300,20.620100,0.002739
121.810000,1461.720000,39.152600,20.607100,0.002621
121.910000,1462.920000,39.211000,20.594200,0.002500
122.010000,1464.120000,39.269400,20.581200,0.002379
122.110000,1465.320000,39.327800,20.568300,0.002256
122.210000,1466.520000,39.386300,20.555400,0.002132
122.310000,1467.720000,39.444800,20.542500,0.002008
122.410000,1468.920000,39.503400,20.529600,0.001883
122.510000,1470.120000,39.561900,20.516700,0.001759
122.610000,1471.320000,39.620600,20.503900,0.001634
122.710000,1472.520000,39.679200,20.491100,0.001509
122.810000,1473.720000,39.737900,20.478300,0.001385
122.910000,1474.920000,39.796700,20.465500,0.001263
123.010000,1476.120000,39.855400,20.452800,0.001141
123.110000,1477.320000,39.914200,20.440100,0.001021
123.210000,1478.520000,39.973100,20.427300,0.000902
123.310000,1479.720000,40.032000,20.414700,0.000786
123.410000,1480.920000,40.090900,20.402000,0.000672
123.510000,1482.120000,40.149800,20.389300,0.000561
123.610000,1483.320000,40.208800,20.376700,0.000453
123.710000,1484.520000,40.267800,20.364100,0.000348
123.810000,1485.720000,40.326900,20.351500,0.000247
123.910000,1486.920000,40.386000,20.338900,0.000150
124.010000,1488.120000,40.445100,20.326400,0.000058
124.110000,1489.320000,40.504300,20.313900,-0.000030
124.210000,1490.520000,40.563500,20.301300,-0.000112
124.310000,1491.720000,40.622800,20.288900,-0.000189
124.410000,1492.920000,40.682000,20.276400,-0.000260
124.510000,1494.120000,40.741400,20.263900,-0.000324
124.610000,1495.320000,40.800700,20.251500,-0.000382
124.710000,1496.520000,40.860100,20.239100,-0.000433
124.810000,1497.720000,40.919500,20.226700,-0.000475
124.910000,1498.920000,40.979000,20.214300,-0.000510
125.010000,1500.120000,41.038500,20.202000,-0.000537
125.110000,1501.320000,41.098000,20.189600,-0.000555
125.210000,1502.520000,41.157600,20.177300,-0.000564
125.310000,1503.720000,41.217200,20.165000,-0.000565
125.410000,1504.920000,41.276900,20.152700,-0.000558
125.510000,1506.120000,41.336600,20.140500,-0.000542
125.610000,1507.320000,41.396300,20.128200,-0.000520
125.710000,1508.520000,41.456000,20.116000,-0.000490
125.810000,1509.720000,41.515800,20.103800,-0.000453
125.910000,1510.920000,41.575700,20.091600,-0.000410
126.010000,1512.120000,41.635500,20.079400,-0.000360
126.110000,1513.320000,41.695400,20.067300,-0.000305
126.210000,1514.520000,41.755400,20.055200,-0.000244
126.310000,1515.720000,41.815300,20.043000,-0.000177
126.410000,1516.920000,41.875300,20.031000,-0.000106
126.510000,1518.120000,41.935400,20.018900,-0.000029
126.610000,1519.320000,41.995500,20.006800,0.000051
126.710000,1520.520000,42.055600,19.994800,0.000136
126.810000,1521.720000,42.115700,19.982800,0.000225
126.910000,1522.920000,42.175900,19.970800,0.000318
127.010000,1524.120000,42.236200,19.958800,0.000414
127.110000,1525.320000,42.296400,19.946800,0.000513
127.210000,1526.520000,42.356700,19.934900,0.000615
127.310000,1527.720000,42.417100,19.923000,0.000720
127.410000,1528.920000,42.477400,19.911000,0.000827
127.510000,1530.120000,42.537800,19.899200,0.000937
127.610000,1531.320000,42.598300,19.887300,0.001048
127.710000,1532.520000,42.658800,19.875400,0.001161
127.810000,1533.720000,42.719300,19.863600,0.001275
127.910000,1534.920000,42.779800,19.851800,0.001391
128.010000,1536.120000,42.840400,19.840000,0.001508
128.110000,1537.320000,42.901000,19.828200,0.001625
128.210000,1538.520000,42.961700,19.816400,0.001743
128.310000,1539.720000,43.022400,19.804700,0.001862
128.410000,1540.920000,43.083100,19.793000,0.001981
128.510000,1542.120000,43.143900,19.781200,0.002099
128.610000,1543.320000,43.204700,19.769600,0.002218
128.710000,1544.520000,43.265500,19.757900,0.002336
128.810000,1545.720000,43.326400,19.746200,0.002453
128.910000,1546.920000,43.387300,19.734600,0.002570
129.010000,1548.120000,43.448300,19.723000,0.002686
129.110000,1549.320000,43.509300,19.711400,0.002801
129.210000,1550.520000,43.570300,19.699800,0.002914
129.310000,1551.720000,43.631300,19.688200,0.003026
129.410000,1552.920000,43.692400,19.676700,0.003137
129.510000,1554.120000,43.753600,19.665100,0.003246
129.610000,1555.320000,43.814700,19.653600,0.003353
129.710000,1556.520000,43.875900,19.642100,0.003457
129.810000,1557.720000,43.937200,19.630600,0.003560
129.910000,1558.920000,43.998400,19.619200,0.003660
130.010000,1560.120000,44.059700,19.607700,0.003758
130.110000,1561.320000,44.121100,19.596300,0.003854
130.210000,1562.520000,44.182500,19.584900,0.003947
130.310000,1563.720000,44.243900,19.573500,0.004036
130.410000,1564.920000,44.305300,19.562100,0.004124
130.510000,1566.120000,44.366800,19.550700,0.004208
130.610000,1567.320000,44.428300,19.539400,0.004288
130.710000,1568.520000,44.489900,19.528100,0.004366
130.810000,1569.720000,44.551500,19.516800,0.004441
130.910000,1570.920000,44.613100,19.505500,0.004511
131.010000,1572.120000,44.674800,19.494200,0.004579
131.110000,1573.320000,44.736500,19.482900,0.004643
131.210000,1574.520000,44.798200,19.471700,0.004703
131.310000,1575.720000,44.860000,19.460500,0.004760
131.410000,1576.920000,44.921800,19.449300,0.004813
131.510000,1578.120000,44.983700,19.438100,0.004862
131.610000,1579.320000,45.045500,19.426900,0.004907
131.710000,1580.520000,45.107400,19.415700,0.004948
131.810000,1581.720000,45.169400,19.404600,0.004985
131.910000,1582.920000,45.231400,19.393500,0.005018
132.010000,1584.120000,45.293400,19.382400,0.005047
132.110000,1585.320000,45.355500,19.371300,0.005072
132.210000,1586.520000,45.417600,19.360200,0.005093
132.310000,1587.720000,45.479700,19.349200,0.005110
132.410000,1588.920000,45.541900,19.338100,0.005122
132.510000,1590.120000,45.604100,19.327100,0.005130
132.610000,1591.320000,45.666300,19.316100,0.005134
132.710000,1592.520000,45.728600,19.305100,0.005134
132.810000,1593.720000,45.790900,19.294100,0.005130
132.910000,1594.920000,45.853200,19.283100,0.005121
133.010000,1596.120000,45.915600,19.272200,0.005108
133.110000,1597.320000,45.978000,19.261300,0.005091
133.210000,1598.520000,46.040400,19.250400,0.005070
133.310000,1599.720000,46.102900,19.239500,0.005045
133.410000,1600.920000,46.165400,19.228600,0.005015
133.510000,1602.120000,46.228000,19.217700,0.004982
133.610000,1603.320000,46.290600,19.206900,0.004944
133.710000,1604.520000,46.353200,19.196000,0.004903
133.810000,1605.720000,46.415900,19.185200,0.004857
133.910000,1606.920000,46.478600,19.174400,0.004807
134.010000,1608.120000,46.541300,19.163700,0.004754
134.110000,1609.320000,46.604100,19.152900,0.004697
134.210000,1610.520000,46.666900,19.142100,0.004636
134.310000,1611.720000,46.729700,19.131400,0.004571
134.410000,1612.920000,46.792600,19.120700,0.004503
134.510000,1614.120000,46.855500,19.110000,0.004431
134.610000,1615.320000,46.918400,19.099300,0.004355
134.710000,1616.520000,46.981400,19.088600,0.004277
134.810000,1617.720000,47.044400,19.078000,0.004195
134.910000,1618.920000,47.107500,19.067300,0.004110
135.010000,1620.120000,47.170600,19.056700,0.004022
135.110000,1621.320000,47.233700,19.046100,0.003931
135.210000,1622.520000,47.296800,19.035500,0.003837
135.310000,1623.720000,47.360000,19.024900,0.003740
135.410000,1624.920000,47.423300,19.014300,0.003641
135.510000,1626.120000,47.486500,19.003800,0.003539
135.610000,1627.320000,47.549800,18.993200,0.003435
135.710000,1628.520000,47.613100,18.982700,0.003328
135.810000,1629.720000,47.676500,18.972200,0.003220
135.910000,1630.920000,47.739900,18.961700,0.003110
136.010000,1632.120000,47.803400,18.951300,0.002997
136.110000,1633.320000,47.866800,18.940800,0.002884
136.210000,1634.520000,47.930300,18.930400,0.002768
136.310000,1635.720000,47.993900,18.919900,0.002652
136.410000,1636.920000,48.057500,18.909500,0.002534
136.510000,1638.120000,48.121100,18.899100,0.002415
136.610000,1639.320000,48.184700,18.888700,0.002296
136.710000,1640.520000,48.248400,18.878400,0.002176
136.810000,1641.720000,48.312100,18.868000,0.002056
136.910000,1642.920000,48.375900,18.857700,0.001935
137.010000,1644.120000,48.439700,18.847300,0.001814
137.110000,1645.320000,48.503500,18.837000,0.001694
137.210000,1646.520000,48.567300,18.826700,0.001574
137.310000,1647.720000,48.631200,18.816500,0.001454
137.410000,1648.920000,48.695200,18.806200,0.001335
137.510000,1650.120000,48.759100,18.795900,0.001218
137.610000,1651.320000,48.823100,18.785700,0.001101
137.710000,1652.520000,48.887100,18.775500,0.000986
137.810000,1653.720000,48.951200,18.765300,0.000873
137.910000,1654.920000,49.015300,18.755100,0.000762
138.010000,1656.120000,49.079400,18.744900,0.000653
138.110000,1657.320000,49.143600,18.734700,0.000547
138.210000,1658.520000,49.207800,18.724600,0.000443
138.310000,1659.720000,49.272100,18.714500,0.000342
138.410000,1660.920000,49.336300,18.704300,0.000245
138.510000,1662.120000,49.400700,18.694200,0.000151
138.610000,1663.320000,49.465000,18.684100,0.000061
138.710000,1664.520000,49.529400,18.674100,-0.000025
138.810000,1665.720000,49.593800,18.664000,-0.000107
138.910000,1666.920000,49.658300,18.653900,-0.000184
139.010000,1668.120000,49.722700,18.643900,-0.000256
139.110000,1669.320000,49.787300,18.633900,-0.000322
139.210000,1670.520000,49.851800,18.623900,-0.000383
139.310000,1671.720000,49.916400,18.613900,-0.000439
139.410000,1672.920000,49.981000,18.603900,-0.000488
139.510000,1674.120000,50.045700,18.593900,-0.000530
139.610000,1675.320000,50.110400,18.584000,-0.000566
139.710000,1676.520000,50.175100,18.574000,-0.000594
139.810000,1677.720000,50.239900,18.564100,-0.000615
139.910000,1678.920000,50.304700,18.554200,-0.000629
140.010000,1680.120000,50.369500,18.544300,-0.000635
140.110000,1681.320000,50.434400,18.534400,-0.000634
140.210000,1682.520000,50.499300,18.524500,-0.000626
140.310000,1683.720000,50.564200,18.514700,-0.000611
140.410000,1684.920000,50.629200,18.504800,-0.000590
140.510000,1686.120000,50.694200,18.495000,-0.000562
140.610000,1687.320000,50.759200,18.485200,-0.000529
140.710000,1688.520000,50.824300,18.475400,-0.000490
140.810000,1689.720000,50.889400,18.465600,-0.000445
140.910000,1690.920000,50.954600,18.455800,-0.000395
141.010000,1692.120000,51.019700,18.446100,-0.000340
141.110000,1693.320000,51.084900,18.436300,-0.000280
141.210000,1694.520000,51.150200,18.426600,-0.000216
141.310000,1695.720000,51.215500,18.416900,-0.000147
141.410000,1696.920000,51.280800,18.407100,-0.000074
141.510000,1698.120000,51.346100,18.397400,0.000002
141.610000,1699.320000,51.411500,18.387800,0.000083
141.710000,1700.520000,51.476900,18.378100,0.000167
141.810000,1701.720000,51.542400,18.368400,0.000254
141.910000,1702.920000,51.607900,18.358800,0.000345
142.010000,1704.120000,51.673400,18.349200,0.000438
142.110000,1705.320000,51.739000,18.339600,0.000534
142.210000,1706.520000,51.804600,18.329900,0.000632
142.310000,1707.720000,51.870200,18.320400,0.000733
142.410000,1708.920000,51.935900,18.310800,0.000836
142.510000,1710.120000,52.001500,18.301200,0.000941
142.610000,1711.320000,52.067300,18.291700,0.001047
142.710000,1712.520000,52.133000,18.282100,0.001155
142.810000,1713.720000,52.198800,18.272600,0.001264
142.910000,1714.920000,52.264700,18.263100,0.001375
143.010000,1716.120000,52.330500,18.253600,0.001487
143.110000,1717.320000,52.396400,18.244100,0.001599
143.210000,1718.520000,52.462400,18.234600,0.001712
143.310000,1719.720000,52.528300,18.225200,0.001826
143.410000,1720.920000,52.594400,18.215700,0.001940
143.510000,1722.120000,52.660400,18.206300,0.002054
143.610000,1723.320000,52.726500,18.196900,0.002169
143.710000,1724.520000,52.792600,18.187500,0.002283
143.810000,1725.720000,52.858700,18.178100,0.002397
143.910000,1726.920000,52.924900,18.168700,0.002511
144.010000,1728.120000,52.991100,18.159300,0.002624
144.110000,1729.320000,53.057300,18.150000,0.002736
144.210000,1730.520000,53.123600,18.140600,0.002848
144.310000,1731.720000,53.189900,18.131300,0.002959
144.410000,1732.920000,53.256300,18.122000,0.003068
144.510000,1734.120000,53.322700,18.112700,0.003177
144.610000,1735.320000,53.389100,18.103400,0.003284
144.710000,1736.520000,53.455500,18.094100,0.003390
144.810000,1737.720000,53.522000,18.084800,0.003494
144.910000,1738.920000,53.588500,18.075600,0.003597
145.010000,1740.120000,53.655100,18.066300,0.003697
145.110000,1741.320000,53.721700,18.057100,0.003796
145.210000,1742.520000,53.788300,18.047900,0.003893
145.310000,1743.720000,53.854900,18.038700,0.003988
145.410000,1744.920000,53.921600,18.029500,0.004081
145.510000,1746.120000,53.988400,18.020300,0.004171
145.610000,1747.320000,54.055100,18.011100,0.004259
145.710000,1748.520000,54.121900,18.002000,0.004345
145.810000,1749.720000,54.188700,17.992800,0.004428
145.910000,1750.920000,54.255600,17.983700,0.004509
146.010000,1752.120000,54.322500,17.974600,0.004587
146.110000,1753.320000,54.389400,17.965400,0.004662
146.210000,1754.520000,54.456400,17.956400,0.004734
146.310000,1755.720000,54.523400,17.947300,0.004803
146.410000,1756.920000,54.590400,17.938200,0.004869
146.510000,1758.120000,54.657400,17.929100,0.004933
146.610000,1759.320000,54.724500,17.920100,0.004993
146.710000,1760.520000,54.791700,17.911100,0.005050
146.810000,1761.720000,54.858800,17.902000,0.005104
146.910000,1762.920000,54.926000,17.893000,0.005154
147.010000,1764.120000,54.993300,17.884000,0.005202
147.110000,1765.320000,55.060500,17.875000,0.005246
147.210000,1766.520000,55.127800,17.866100,0.005286
147.310000,1767.720000,55.195200,17.857100,0.005323
147.410000,1768.920000,55.262500,17.848200,0.005357
147.510000,1770.120000,55.329900,17.839200,0.005387
147.610000,1771.320000,55.397400,17.830300,0.005413
147.710000,1772.520000,55.464800,17.821400,0.005437
147.810000,1773.720000,55.532300,17.812500,0.005456
147.910000,1774.920000,55.599900,17.803600,0.005472
148.010000,1776.120000,55.667400,17.794700,0.005484
148.110000,1777.320000,55.735100,17.785800,0.005493
148.210000,1778.520000,55.802700,17.777000,0.005498
148.310000,1779.720000,55.870400,17.768100,0.005499
148.410000,1780.920000,55.938100,17.759300,0.005497
148.510000,1782.120000,56.005800,17.750500,0.005491
148.610000,1783.320000,56.073600,17.741700,0.005482
148.710000,1784.520000,56.141400,17.732900,0.005469
148.810000,1785.720000,56.209200,17.724100,0.005452
148.910000,1786.920000,56.277100,17.715300,0.005432
149.010000,1788.120000,56.345000,17.706500,0.005408
149.110000,1789.320000,56.412900,17.697800,0.005380
149.210000,1790.520000,56.480900,17.689100,0.005349
149.310000,1791.720000,56.548900,17.680300,0.005315
149.410000,1792.920000,56.617000,17.671600,0.005277
149.510000,1794.120000,56.685100,17.662900,0.005235
149.610000,1795.320000,56.753200,17.654200,0.005191
149.710000,1796.520000,56.821300,17.645500,0.005142
149.810000,1797.720000,56.889500,17.636900,0.005091
149.910000,1798.920000,56.957700,17.628200,0.005036
150.010000,1800.120000,57.025900,17.619600,0.004978
150.110000,1801.320000,57.094200,17.610900,0.004917
150.210000,1802.520000,57.162500,17.602300,0.004852
150.310000,1803.720000,57.230900,17.593700,0.004785
150.410000,1804.920000,57.299200,17.585100,0.004714
150.510000,1806.120000,57.367700,17.576500,0.004641
150.610000,1807.320000,57.436100,17.567900,0.004565
150.710000,1808.520000,57.504600,17.559300,0.004485
150.810000,1809.720000,57.573100,17.550800,0.004404
150.910000,1810.920000,57.641600,17.542200,0.004319
151.010000,1812.120000,57.710200,17.533700,0.004232
151.110000,1813.320000,57.778800,17.525200,0.004143
151.210000,1814.520000,57.847500,17.516700,0.004051
151.310000,1815.720000,57.916200,17.508200,0.003956
151.410000,1816.920000,57.984900,17.499700,0.003860
151.510000,1818.120000,58.053600,17.491200,0.003762
151.610000,1819.320000,58.122400,17.482700,0.003661
151.710000,1820.520000,58.191200,17.474300,0.003559
151.810000,1821.720000,58.260100,17.465800,0.003454
151.910000,1822.920000,58.328900,17.457400,0.003348
152.010000,1824.120000,58.397800,17.448900,0.003241
152.110000,1825.320000,58.466800,17.440500,0.003132
152.210000,1826.520000,58.535800,17.432100,0.003022
152.310000,1827.720000,58.604800,17.423700,0.002910
152.410000,1828.920000,58.673800,17.415300,0.002798
152.510000,1830.120000,58.742900,17.407000,0.002684
152.610000,1831.320000,58.812000,17.398600,0.002570
152.710000,1832.520000,58.881200,17.390300,0.002455
152.810000,1833.720000,58.950300,17.381900,0.002339
152.910000,1834.920000,59.019600,17.373600,0.002224
153.010000,1836.120000,59.088800,17.365300,0.002107
153.110000,1837.320000,59.158100,17.357000,0.001991
153.210000,1838.520000,59.227400,17.348700,0.001875
153.310000,1839.720000,59.296700,17.340400,0.001759
153.410000,1840.920000,59.366100,17.332100,0.001644
153.510000,1842.120000,59.435500,17.323800,0.001529
153.610000,1843.320000,59.505000,17.315600,0.001414
153.710000,1844.520000,59.574500,17.307300,0.001301
153.810000,1845.720000,59.644000,17.299100,0.001189
153.910000,1846.920000,59.713500,17.290900,0.001077
154.010000,1848.120000,59.783100,17.282700,0.000968
154.110000,1849.320000,59.852700,17.274500,0.000860
154.210000,1850.520000,59.922300,17.266300,0.000754
154.310000,1851.720000,59.992000,17.258100,0.000649
154.410000,1852.920000,60.061700,17.249900,0.000547
154.510000,1854.120000,60.131500,17.241800,0.000447
154.610000,1855.320000,60.201300,17.233600,0.000350
154.710000,1856.520000,60.271100,17.225500,0.000256
154.810000,1857.720000,60.340900,17.217300,0.000165
154.910000,1858.920000,60.410800,17.209200,0.000077
155.010000,1860.120000,60.480700,17.201100,-0.000008
155.110000,1861.320000,60.550600,17.193000,-0.000089
155.210000,1862.520000,60.620600,17.184900,-0.000166
155.310000,1863.720000,60.690600,17.176800,-0.000239
155.410000,1864.920000,60.760700,17.168800,-0.000308
155.510000,1866.120000,60.830700,17.160700,-0.000372
155.610000,1867.320000,60.900800,17.152600,-0.000432
155.710000,1868.520000,60.971000,17.144600,-0.000486
155.810000,1869.720000,61.041100,17.136600,-0.000536
155.910000,1870.920000,61.111300,17.128600,-0.000579
156.010000,1872.120000,61.181600,17.120500,-0.000617
156.110000,1873.320000,61.251900,17.112500,-0.000649
156.210000,1874.520000,61.322200,17.104600,-0.000675
156.310000,1875.720000,61.392500,17.096600,-0.000694
156.410000,1876.920000,61.462900,17.088600,-0.000707
156.510000,1878.120000,61.533300,17.080600,-0.000713
156.610000,1879.320000,61.603700,17.072700,-0.000714
156.710000,1880.520000,61.674200,17.064700,-0.000708
156.810000,1881.720000,61.744700,17.056800,-0.000696
156.910000,1882.920000,61.815200,17.048900,-0.000679
157.010000,1884.120000,61.885800,17.041000,-0.000656
157.110000,1885.320000,61.956400,17.033100,-0.000628
157.210000,1886.520000,62.027000,17.025200,-0.000595
157.310000,1887.720000,62.097700,17.017300,-0.000557
157.410000,1888.920000,62.168400,17.009400,-0.000514
157.510000,1890.120000,62.239100,17.001600,-0.000467
157.610000,1891.320000,62.309900,16.993700,-0.000415
157.710000,1892.520000,62.380700,16.985900,-0.000360
157.810000,1893.720000,62.451500,16.978000,-0.000300
157.910000,1894.920000,62.522300,16.970200,-0.000236
158.010000,1896.120000,62.593200,16.962400,-0.000169
158.110000,1897.320000,62.664200,16.954600,-0.000098
158.210000,1898.520000,62.735100,16.946800,-0.000024
158.310000,1899.720000,62.806100,16.939000,0.000054
158.410000,1900.920000,62.877100,16.931200,0.000134
158.510000,1902.120000,62.948200,16.923500,0.000217
158.610000,1903.320000,63.019300,16.915700,0.000303
158.710000,1904.520000,63.090400,16.908000,0.000391
158.810000,1905.720000,63.161600,16.900200,0.000482
158.910000,1906.920000,63.232800,16.892500,0.000575
159.010000,1908.120000,63.304000,16.884800,0.000670
159.110000,1909.320000,63.375200,16.877100,0.000767
159.210000,1910.520000,63.446500,16.869400,0.000866
159.310000,1911.720000,63.517800,16.861700,0.000966
159.410000,1912.920000,63.589200,16.854000,0.001068
159.510000,1914.120000,63.660600,16.846300,0.001172
159.610000,1915.320000,63.732000,16.838600,0.001276
159.710000,1916.520000,63.803400,16.831000,0.001382
159.810000,1917.720000,63.874900,16.823400,0.001488
159.910000,1918.920000,63.946400,16.815700,0.001596
160.010000,1920.120000,64.018000,16.808100,0.001704
160.110000,1921.320000,64.089600,16.800500,0.001812
160.210000,1922.520000,64.161200,16.792900,0.001921
160.310000,1923.720000,64.232800,16.785300,0.002031
160.410000,1924.920000,64.304500,16.777700,0.002140
160.510000,1926.120000,64.376200,16.770100,0.002250
160.610000,1927.320000,64.447900,16.762500,0.002359
160.710000,1928.520000,64.519700,16.755000,0.002469
160.810000,1929.720000,64.591500,16.747400,0.002578
160.910000,1930.920000,64.663400,16.739900,0.002687
161.010000,1932.120000,64.735200,16.732300,0.002795
161.110000,1933.320000,64.807100,16.724800,0.002903
161.210000,1934.520000,64.879100,16.717300,0.003010
161.310000,1935.720000,64.951000,16.709800,0.003116
161.410000,1936.920000,65.023000,16.702300,0.003222
161.510000,1938.120000,65.095100,16.694800,0.003326
161.610000,1939.320000,65.167100,16.687300,0.003430
161.710000,1940.520000,65.239200,16.679900,0.003532
161.810000,1941.720000,65.311400,16.672400,0.003633
161.910000,1942.920000,65.383500,16.664900,0.003732
162.010000,1944.120000,65.455700,16.657500,0.003830
162.110000,1945.320000,65.527900,16.650100,0.003927
162.210000,1946.520000,65.600200,16.642600,0.004022
162.310000,1947.720000,65.672500,16.635200,0.004115
162.410000,1948.920000,65.744800,16.627800,0.004207
162.510000,1950.120000,65.817200,16.620400,0.004297
162.610000,1951.320000,65.889600,16.613000,0.004384
162.710000,1952.520000,65.962000,16.605600,0.004470
162.810000,1953.720000,66.034400,16.598300,0.004554
162.910000,1954.920000,66.106900,16.590900,0.004636
163.010000,1956.120000,66.179400,16.583600,0.004715
163.110000,1957.320000,66.252000,16.576200,0.004792
163.210000,1958.520000,66.324600,16.568900,0.004867
163.310000,1959.720000,66.397200,16.561600,0.004940
163.410000,1960.920000,66.469800,16.554200,0.005010
163.510000,1962.120000,66.542500,16.546900,0.005077
163.610000,1963.320000,66.615200,16.539600,0.005143
163.710000,1964.520000,66.688000,16.532300,0.005205
163.810000,1965.720000,66.760700,16.525000,0.005265
163.910000,1966.920000,66.833500,16.517800,0.005322
164.010000,1968.120000,66.906400,16.510500,0.005377
164.110000,1969.320000,66.979200,16.503200,0.005429
164.210000,1970.520000,67.052100,16.496000,0.005478
164.310000,1971.720000,67.125100,16.488800,0.005524
164.410000,1972.920000,67.198000,16.481500,0.005567
164.510000,1974.120000,67.271000,16.474300,0.005608
164.610000,1975.320000,67.344100,16.467100,0.005645
164.710000,1976.520000,67.417100,16.459900,0.005680
164.810000,1977.720000,67.490200,16.452700,0.005711
164.910000,1978.920000,67.563400,16.445500,0.005740
165.010000,1980.120000,67.636500,16.438300,0.005765
165.110000,1981.320000,67.709700,16.431100,0.005788
165.210000,1982.520000,67.782900,16.424000,0.005807
165.310000,1983.720000,67.856200,16.416800,0.005824
165.410000,1984.920000,67.929500,16.409700,0.005837
165.510000,1986.120000,68.002800,16.402500,0.005847
165.610000,1987.320000,68.076100,16.395400,0.005854
165.710000,1988.520000,68.149500,16.388300,0.005858
165.810000,1989.720000,68.222900,16.381200,0.005859
165.910000,1990.920000,68.296400,16.374100,0.005857
166.010000,1992.120000,68.369900,16.367000,0.005851
166.110000,1993.320000,68.443400,16.359900,0.005843
166.210000,1994.520000,68.516900,16.352800,0.005831
166.310000,1995.720000,68.590500,16.345800,0.005817
166.410000,1996.920000,68.664100,16.338700,0.005799
166.510000,1998.120000,68.737700,16.331600,0.005778
166.610000,1999.320000,68.811400,16.324600,0.005754
166.710000,2000.520000,68.885100,16.317600,0.005727
166.810000,2001.720000,68.958800,16.310500,0.005697
166.910000,2002.920000,69.032600,16.303500,0.005664
167.010000,2004.120000,69.106400,16.296500,0.005628
167.110000,2005.320000,69.180200,16.289500,0.005589
167.210000,2006.520000,69.254100,16.282500,0.005547
167.310000,2007.720000,69.328000,16.275500,0.005502
167.410000,2008.920000,69.401900,16.268500,0.005454
167.510000,2010.120000,69.475900,16.261600,0.005404
167.610000,2011.320000,69.549800,16.254600,0.005350
167.710000,2012.520000,69.623900,16.247600,0.005294
167.810000,2013.720000,69.697900,16.240700,0.005235
167.910000,2014.920000,69.772000,16.233800,0.005174
168.010000,2016.120000,69.846100,16.226800,0.005110
168.110000,2017.320000,69.920300,16.219900,0.005043
168.210000,2018.520000,69.994400,16.213000,0.004974
168.310000,2019.720000,70.068600,16.206100,0.004902
168.410000,2020.920000,70.142900,16.199200,0.004828
168.510000,2022.120000,70.217200,16.192300,0.004751
168.610000,2023.320000,70.291500,16.185400,0.004672
168.710000,2024.520000,70.365800,16.178500,0.004591
168.810000,2025.720000,70.440200,16.171700,0.004508
168.910000,2026.920000,70.514600,16.164800,0.004422
169.010000,2028.120000,70.589000,16.158000,0.004334
169.110000,2029.320000,70.663500,16.151100,0.004245
169.210000,2030.520000,70.738000,16.144300,0.004153
169.310000,2031.720000,70.812500,16.137500,0.004060
169.410000,2032.920000,70.887000,16.130700,0.003965
169.510000,2034.120000,70.961600,16.123800,0.003868
169.610000,2035.320000,71.036200,16.117000,0.003769
169.710000,2036.520000,71.110900,16.110200,0.003670
169.810000,2037.720000,71.185600,16.103500,0.003568
169.910000,2038.920000,71.260300,16.096700,0.003465
170.010000,2040.120000,71.335000,16.089900,0.003361
170.110000,2041.320000,71.409800,16.083100,0.003256
170.210000,2042.520000,71.484600,16.076400,0.003150
170.310000,2043.720000,71.559500,16.069600,0.003042
170.410000,2044.920000,71.634300,16.062900,0.002934
170.510000,2046.120000,71.709200,16.056200,0.002825
170.610000,2047.320000,71.784200,16.049500,0.002716
170.710000,2048.520000,71.859100,16.042700,0.002606
170.810000,2049.720000,71.934100,16.036000,0.002495
170.910000,2050.920000,72.009200,16.029300,0.002384
171.010000,2052.120000,72.084200,16.022600,0.002273
171.110000,2053.320000,72.159300,16.015900,0.002161
171.210000,2054.520000,72.234400,16.009300,0.002050
171.310000,2055.720000,72.309600,16.002600,0.001938
171.410000,2056.920000,72.384800,15.995900,0.001827
171.510000,2058.120000,72.460000,15.989300,0.001717
171.610000,2059.320000,72.535300,15.982600,0.001606
171.710000,2060.520000,72.610500,15.976000,0.001497
171.810000,2061.720000,72.685800,15.969400,0.001388
171.910000,2062.920000,72.761200,15.962700,0.001280
172.010000,2064.120000,72.836600,15.956100,0.001173
172.110000,2065.320000,72.912000,15.949500,0.001067
172.210000,2066.520000,72.987400,15.942900,0.000963
172.310000,2067.720000,73.062900,15.936300,0.000859
172.410000,2068.920000,73.138400,15.929700,0.000758
172.510000,2070.120000,73.213900,15.923100,0.000658
172.610000,2071.320000,73.289500,15.916600,0.000560
172.710000,2072.520000,73.365100,15.910000,0.000464
172.810000,2073.720000,73.440700,15.903400,0.000370
172.910000,2074.920000,73.516300,15.896900,0.000279
173.010000,2076.120000,73.592000,15.890400,0.000190
173.110000,2077.320000,73.667700,15.883800,0.000104
173.210000,2078.520000,73.743500,15.877300,0.000020
173.310000,2079.720000,73.819300,15.870800,-0.000060
173.410000,2080.920000,73.895100,15.864300,-0.000137
173.510000,2082.120000,73.970900,15.857800,-0.000211
173.610000,2083.320000,74.046800,15.851300,-0.000282
173.710000,2084.520000,74.122700,15.844800,-0.000349
173.810000,2085.720000,74.198600,15.838300,-0.000412
173.910000,2086.920000,74.274600,15.831800,-0.000471
174.010000,2088.120000,74.350600,15.825300,-0.000525
174.110000,2089.320000,74.426600,15.818900,-0.000576
174.210000,2090.520000,74.502700,15.812400,-0.000622
174.310000,2091.720000,74.578800,15.806000,-0.000663
174.410000,2092.920000,74.654900,15.799500,-0.000699
174.510000,2094.120000,74.731100,15.793100,-0.000730
174.610000,2095.320000,74.807200,15.786700,-0.000755
174.710000,2096.520000,74.883500,15.780200,-0.000775
174.810000,2097.720000,74.959700,15.773800,-0.000790
174.910000,2098.920000,75.036000,15.767400,-0.000799
175.010000,2100.120000,75.112300,15.761000,-0.000803
175.110000,2101.320000,75.188600,15.754600,-0.000802
175.210000,2102.520000,75.265000,15.748200,-0.000795
175.310000,2103.720000,75.341400,15.741900,-0.000784
175.410000,2104.920000,75.417800,15.735500,-0.000767
175.510000,2106.120000,75.494300,15.729100,-0.000746
175.610000,2107.320000,75.570800,15.722800,-0.000721
175.710000,2108.520000,75.647300,15.716400,-0.000691
175.810000,2109.720000,75.723900,15.710100,-0.000657
175.910000,2110.920000,75.800500,15.703800,-0.000618
176.010000,2112.120000,75.877100,15.697400,-0.000576
176.110000,2113.320000,75.953700,15.691100,-0.000530
176.210000,2114.520000,76.030400,15.684800,-0.000480
176.310000,2115.720000,76.107100,15.678500,-0.000427
176.410000,2116.920000,76.183900,15.672200,-0.000370
176.510000,2118.120000,76.260600,15.665900,-0.000310
176.610000,2119.320000,76.337400,15.659600,-0.000246
176.710000,2120.520000,76.414300,15.653300,-0.000180
176.810000,2121.720000,76.491100,15.647100,-0.000111
176.910000,2122.920000,76.568000,15.640800,-0.000039
177.010000,2124.120000,76.644900,15.634500,0.000036
177.110000,2125.320000,76.721900,15.628300,0.000113
177.210000,2126.520000,76.798900,15.622000,0.000193
177.310000,2127.720000,76.875900,15.615800,0.000275
177.410000,2128.920000,76.953000,15.609600,0.000359
177.510000,2130.120000,77.030000,15.603300,0.000445
177.610000,2131.320000,77.107200,15.597100,0.000533
177.710000,2132.520000,77.184300,15.590900,0.000623
177.810000,2133.720000,77.261500,15.584700,0.000715
177.910000,2134.920000,77.338700,15.578500,0.000808
178.010000,2136.120000,77.415900,15.572300,0.000902
178.110000,2137.320000,77.493200,15.566100,0.000998
178.210000,2138.520000,77.570500,15.560000,0.001096
178.310000,2139.720000,77.647800,15.553800,0.001194
178.410000,2140.920000,77.725100,15.547600,0.001294
178.510000,2142.120000,77.802500,15.541500,0.001394
178.610000,2143.320000,77.880000,15.535300,0.001496
178.710000,2144.520000,77.957400,15.529200,0.001598
178.810000,2145.720000,78.034900,15.523000,0.001701
178.910000,2146.920000,78.112400,15.516900,0.001804
179.010000,2148.120000,78.189900,15.510800,0.001908
179.110000,2149.320000,78.267500,15.504700,0.002012
179.210000,2150.520000,78.345100,15.498600,0.002116
179.310000,2151.720000,78.422700,15.492500,0.002221
179.410000,2152.920000,78.500400,15.486400,0.002325
179.510000,2154.120000,78.578100,15.480300,0.002430
179.610000,2155.320000,78.655800,15.474200,0.002534
179.710000,2156.520000,78.733600,15.468100,0.002639
179.810000,2157.720000,78.811400,15.462100,0.002743
179.910000,2158.920000,78.889200,15.456000,0.002847
180.010000,2160.120000,78.967000,15.449900,0.002950
180.110000,2161.320000,79.044900,15.443900,0.003053
180.210000,2162.520000,79.122800,15.437800,0.003155
180.310000,2163.720000,79.200700,15.431800,0.003257
180.410000,2164.920000,79.278700,15.425800,0.003357
180.510000,2166.120000,79.356700,15.419800,0.003457
180.610000,2167.320000,79.434700,15.413700,0.003557
180.710000,2168.520000,79.512800,15.407700,0.003655
180.810000,2169.720000,79.590900,15.401700,0.003752
180.910000,2170.920000,79.669000,15.395700,0.003848
181.010000,2172.120000,79.747200,15.389700,0.003943
181.110000,2173.320000,79.825300,15.383800,0.004036
181.210000,2174.520000,79.903600,15.377800,0.004129
181.310000,2175.720000,79.981800,15.371800,0.004220
181.410000,2176.920000,80.060100,15.365800,0.004309
181.510000,2178.120000,80.138400,15.359900,0.004397
181.610000,2179.320000,80.216700,15.353900,0.004484
181.710000,2180.520000,80.295100,15.348000,0.004569
181.810000,2181.720000,80.373500,15.342100,0.004652
181.910000,2182.920000,80.451900,15.336100,0.004734
182.010000,2184.120000,80.530300,15.330200,0.004814
182.110000,2185.320000,80.608800,15.324300,0.004892
182.210000,2186.520000,80.687300,15.318400,0.004968
182.310000,2187.720000,80.765900,15.312500,0.005042
182.410000,2188.920000,80.844500,15.306600,0.005114
182.510000,2190.120000,80.923100,15.300700,0.005185
182.610000,2191.320000,81.001700,15.294800,0.005253
182.710000,2192.520000,81.080400,15.288900,0.005319
182.810000,2193.720000,81.159100,15.283000,0.005383
182.910000,2194.920000,81.237800,15.277200,0.005445
183.010000,2196.120000,81.316600,15.271300,0.005505
183.110000,2197.320000,81.395300,15.265400,0.005562
183.210000,2198.520000,81.474200,15.259600,0.005617
183.310000,2199.720000,81.553000,15.253700,0.005670
183.410000,2200.920000,81.631900,15.247900,0.005721
183.510000,2202.120000,81.710800,15.242100,0.005769
183.610000,2203.320000,81.789700,15.236300,0.005815
183.710000,2204.520000,81.868700,15.230400,0.005858
183.810000,2205.720000,81.947700,15.224600,0.005899
183.910000,2206.920000,82.026700,15.218800,0.005937
184.010000,2208.120000,82.105800,15.213000,0.005973
184.110000,2209.320000,82.184900,15.207200,0.006007
184.210000,2210.520000,82.264000,15.201400,0.006038
184.310000,2211.720000,82.343200,15.195700,0.006066
184.410000,2212.920000,82.422300,15.189900,0.006092
184.510000,2214.120000,82.501600,15.184100,0.006115
184.610000,2215.320000,82.580800,15.178400,0.006135
184.710000,2216.520000,82.660100,15.172600,0.006153
184.810000,2217.720000,82.739400,15.166900,0.006169
184.910000,2218.920000,82.818700,15.161100,0.006181
185.010000,2220.120000,82.898100,15.155400,0.006191
185.110000,2221.320000,82.977400,15.149600,0.006199
185.210000,2222.520000,83.056900,15.143900,0.006203
185.310000,2223.720000,83.136300,15.138200,0.006205
185.410000,2224.920000,83.215800,15.132500,0.006205
185.510000,2226.120000,83.295300,15.126800,0.006202
185.610000,2227.320000,83.374900,15.121100,0.006196
185.710000,2228.520000,83.454400,15.115400,0.006187
185.810000,2229.720000,83.534000,15.109700,0.006176
185.910000,2230.920000,83.613700,15.104000,0.006162
186.010000,2232.120000,83.693300,15.098300,0.006146
186.110000,2233.320000,83.773000,15.092700,0.006126
186.210000,2234.520000,83.852700,15.087000,0.006105
186.310000,2235.720000,83.932500,15.081300,0.006080
186.410000,2236.920000,84.012300,15.075700,0.006053
186.510000,2238.120000,84.092100,15.070000,0.006024
186.610000,2239.320000,84.171900,15.064400,0.005992
186.710000,2240.520000,84.251800,15.058800,0.005957
186.810000,2241.720000,84.331700,15.053100,0.005920
186.910000,2242.920000,84.411600,15.047500,0.005880
187.010000,2244.120000,84.491600,15.041900,0.005838
187.110000,2245.320000,84.571600,15.036300,0.005793
187.210000,2246.520000,84.651600,15.030700,0.005746
187.310000,2247.720000,84.731600,15.025100,0.005697
187.410000,2248.920000,84.811700,15.019500,0.005645
187.510000,2250.120000,84.891800,15.013900,0.005591
187.610000,2251.320000,84.972000,15.008300,0.005534
187.710000,2252.520000,85.052100,15.002800,0.005475
187.810000,2253.720000,85.132300,14.997200,0.005414
187.910000,2254.920000,85.212600,14.991600,0.005351
188.010000,2256.120000,85.292800,14.986100,0.005285
188.110000,2257.320000,85.373100,14.980500,0.005218
188.210000,2258.520000,85.453400,14.975000,0.005148
188.310000,2259.720000,85.533800,14.969400,0.005076
188.410000,2260.920000,85.614200,14.963900,0.005003
188.510000,2262.120000,85.694600,14.958400,0.004927
188.610000,2263.320000,85.775000,14.952800,0.004849
188.710000,2264.520000,85.855500,14.947300,0.004770
188.810000,2265.720000,85.936000,14.941800,0.004688
188.910000,2266.920000,86.016500,14.936300,0.004605
189.010000,2268.120000,86.097100,14.930800,0.004520
189.110000,2269.320000,86.177600,14.925300,0.004434
189.210000,2270.520000,86.258300,14.919800,0.004346
189.310000,2271.720000,86.338900,14.914300,0.004256
189.410000,2272.920000,86.419600,14.908900,0.004165
189.510000,2274.120000,86.500300,14.903400,0.004072
189.610000,2275.320000,86.581000,14.897900,0.003978
189.710000,2276.520000,86.661800,14.892500,0.003883
189.810000,2277.720000,86.742600,14.887000,0.003786
189.910000,2278.920000,86.823400,14.881600,0.003689
190.010000,2280.120000,86.904300,14.876100,0.003590
190.110000,2281.320000,86.985100,14.870700,0.003490
190.210000,2282.520000,87.066000,14.865300,0.003389
190.310000,2283.720000,87.147000,14.859800,0.003287
190.410000,2284.920000,87.228000,14.854400,0.003185
190.510000,2286.120000,87.309000,14.849000,0.003082
190.610000,2287.320000,87.390000,14.843600,0.002978
190.710000,2288.520000,87.471000,14.838200,0.002873
190.810000,2289.720000,87.552100,14.832800,0.002768
190.910000,2290.920000,87.633300,14.827400,0.002663
191.010000,2292.120000,87.714400,14.822000,0.002557
191.110000,2293.320000,87.795600,14.816600,0.002451
191.210000,2294.520000,87.876800,14.811300,0.002345
191.310000,2295.720000,87.958000,14.805900,0.002238
191.410000,2296.920000,88.039300,14.800500,0.002132
191.510000,2298.120000,88.120600,14.795200,0.002026
191.610000,2299.320000,88.201900,14.789800,0.001920
191.710000,2300.520000,88.283300,14.784500,0.001814
191.810000,2301.720000,88.364700,14.779100,0.001709
191.910000,2302.920000,88.446100,14.773800,0.001604
192.010000,2304.120000,88.527500,14.768500,0.001500
192.110000,2305.320000,88.609000,14.763100,0.001396
192.210000,2306.520000,88.690500,14.757800,0.001294
192.310000,2307.720000,88.772000,14.752500,0.001192
192.410000,2308.920000,88.853600,14.747200,0.001091
192.510000,2310.120000,88.935200,14.741900,0.000991
192.610000,2311.320000,89.016800,14.736600,0.000892
192.710000,2312.520000,89.098400,14.731300,0.000795
192.810000,2313.720000,89.180100,14.726000,0.000699
192.910000,2314.920000,89.261800,14.720700,0.000605
193.010000,2316.120000,89.343600,14.715400,0.000512
193.110000,2317.320000,89.425300,14.710200,0.000421
193.210000,2318.520000,89.507100,14.704900,0.000333
193.310000,2319.720000,89.588900,14.699600,0.000246
193.410000,2320.920000,89.670800,14.694400,0.000161
193.510000,2322.120000,89.752700,14.689100,0.000078
193.610000,2323.320000,89.834600,14.683900,-0.000002
193.710000,2324.520000,89.916500,14.678700,-0.000080
193.810000,2325.720000,89.998500,14.673400,-0.000155
193.910000,2326.920000,90.080500,14.668200,-0.000227
194.010000,2328.120000,90.162500,14.663000,-0.000296
194.110000,2329.320000,90.244600,14.657700,-0.000363
194.210000,2330.520000,90.326700,14.652500,-0.000426
194.310000,2331.720000,90.408800,14.647300,-0.000486
194.410000,2332.920000,90.490900,14.642100,-0.000542
194.510000,2334.120000,90.573100,14.636900,-0.000595
194.610000,2335.320000,90.655300,14.631700,-0.000644
194.710000,2336.520000,90.737600,14.626500,-0.000690
194.810000,2337.720000,90.819800,14.621400,-0.000731
194.910000,2338.920000,90.902100,14.616200,-0.000768
195.010000,2340.120000,90.984400,14.611000,-0.000801
195.110000,2341.320000,91.066800,14.605800,-0.000830
195.210000,2342.520000,91.149200,14.600700,-0.000854
195.310000,2343.720000,91.231600,14.595500,-0.000873
195.410000,2344.920000,91.314000,14.590400,-0.000888
195.510000,2346.120000,91.396500,14.585200,-0.000898
195.610000,2347.320000,91.479000,14.580100,-0.000903
195.710000,2348.520000,91.561500,14.575000,-0.000904
195.810000,2349.720000,91.644100,14.569800,-0.000901
195.910000,2350.920000,91.726600,14.564700,-0.000893
196.010000,2352.120000,91.809300,14.559600,-0.000881
196.110000,2353.320000,91.891900,14.554500,-0.000865
196.210000,2354.520000,91.974600,14.549400,-0.000845
196.310000,2355.720000,92.057300,14.544300,-0.000821
196.410000,2356.920000,92.140000,14.539200,-0.000793
196.510000,2358.120000,92.222800,14.534100,-0.000762
196.610000,2359.320000,92.305500,14.529000,-0.000727
196.710000,2360.520000,92.388400,14.523900,-0.000688
196.810000,2361.720000,92.471200,14.518800,-0.000647
196.910000,2362.920000,92.554100,14.513700,-0.000602
197.010000,2364.120000,92.637000,14.508700,-0.000554
197.110000,2365.320000,92.719900,14.503600,-0.000503
197.210000,2366.520000,92.802900,14.498500,-0.000449
197.310000,2367.720000,92.885900,14.493500,-0.000392
197.410000,2368.920000,92.968900,14.488400,-0.000333
197.510000,2370.120000,93.051900,14.483400,-0.000271
197.610000,2371.320000,93.135000,14.478400,-0.000206
197.710000,2372.520000,93.218100,14.473300,-0.000139
197.810000,2373.720000,93.301200,14.468300,-0.000070
197.910000,2374.920000,93.384400,14.463300,0.000001
198.010000,2376.120000,93.467600,14.458200,0.000075
198.110000,2377.320000,93.550800,14.453200,0.000151
198.210000,2378.520000,93.634100,14.448200,0.000228
198.310000,2379.720000,93.717300,14.443200,0.000308
198.410000,2380.920000,93.800700,14.438200,0.000389
198.510000,2382.120000,93.884000,14.433200,0.000472
198.610000,2383.320000,93.967400,14.428200,0.000556
198.710000,2384.520000,94.050700,14.423200,0.000642
198.810000,2385.720000,94.134200,14.418300,0.000730
198.910000,2386.920000,94.217600,14.413300,0.000819
199.010000,2388.120000,94.301100,14.408300,0.000909
199.110000,2389.320000,94.384600,14.403400,0.001000
199.210000,2390.520000,94.468100,14.398400,0.001092
199.310000,2391.720000,94.551700,14.393400,0.001185
199.410000,2392.920000,94.635300,14.388500,0.001280
199.510000,2394.120000,94.718900,14.383500,0.001375
199.610000,2395.320000,94.802600,14.378600,0.001470
199.710000,2396.520000,94.886300,14.373700,0.001567
199.810000,2397.720000,94.970000,14.368700,0.001664
199.910000,2398.920000,95.053700,14.363800,0.001762
200.010000,2400.120000,95.137500,14.358900,0.001860
200.110000,2401.320000,95.221300,14.354000,0.001958
200.210000,2402.520000,95.305100,14.349100,0.002057
200.310000,2403.720000,95.389000,14.344200,0.002156
200.410000,2404.920000,95.472800,14.339300,0.002255
200.510000,2406.120000,95.556800,14.334400,0.002355
200.610000,2407.320000,95.640700,14.329500,0.002454
200.710000,2408.520000,95.724700,14.324600,0.002553
200.810000,2409.720000,95.808700,14.319700,0.002653
200.910000,2410.920000,95.892700,14.314800,0.002752
201.010000,2412.120000,95.976700,14.310000,0.002850
201.110000,2413.320000,96.060800,14.305100,0.002949
201.210000,2414.520000,96.144900,14.300200,0.003047
201.310000,2415.720000,96.229100,14.295400,0.003145
201.410000,2416.920000,96.313200,14.290500,0.003242
201.510000,2418.120000,96.397400,14.285700,0.003339
201.610000,2419.320000,96.481700,14.280800,0.003435
201.710000,2420.520000,96.565900,14.276000,0.003531
201.810000,2421.720000,96.650200,14.271100,0.003626
201.910000,2422.920000,96.734500,14.266300,0.003720
202.010000,2424.120000,96.818900,14.261500,0.003813
202.110000,2425.320000,96.903200,14.256700,0.003905
202.210000,2426.520000,96.987600,14.251900,0.003997
202.310000,2427.720000,97.072000,14.247000,0.004087
202.410000,2428.920000,97.156500,14.242200,0.004177
202.510000,2430.120000,97.241000,14.237400,0.004265
202.610000,2431.320000,97.325500,14.232600,0.004352
202.710000,2432.520000,97.410000,14.227800,0.004438
202.810000,2433.720000,97.494600,14.223100,0.004523
202.910000,2434.920000,97.579200,14.218300,0.004607
203.010000,2436.120000,97.663800,14.213500,0.004689
203.110000,2437.320000,97.748500,14.208700,0.004770
203.210000,2438.520000,97.833200,14.204000,0.004850
203.310000,2439.720000,97.917900,14.199200,0.004928
203.410000,2440.920000,98.002600,14.194400,0.005004
203.510000,2442.120000,98.087400,14.189700,0.005080
203.610000,2443.320000,98.172200,14.184900,0.005153
203.710000,2444.520000,98.257000,14.180200,0.005225
203.810000,2445.720000,98.341900,14.175400,0.005296
203.910000,2446.920000,98.426700,14.170700,0.005364
204.010000,2448.120000,98.511600,14.166000,0.005431
204.110000,2449.320000,98.596600,14.161200,0.005497
204.210000,2450.520000,98.681600,14.156500,0.005560
204.310000,2451.720000,98.766500,14.151800,0.005622
204.410000,2452.920000,98.851600,14.147100,0.005682
204.510000,2454.120000,98.936600,14.142400,0.005740
204.610000,2455.320000,99.021700,14.137700,0.005796
204.710000,2456.520000,99.106800,14.133000,0.005851
204.810000,2457.720000,99.191900,14.128300,0.005903
204.910000,2458.920000,99.277100,14.123600,0.005953
205.010000,2460.120000,99.362300,14.118900,0.006002
205.110000,2461.320000,99.447500,14.114200,0.006048
205.210000,2462.520000,99.532800,14.109500,0.006093
205.310000,2463.720000,99.618100,14.104900,0.006135
205.410000,2464.920000,99.703400,14.100200,0.006175
205.510000,2466.120000,99.788700,14.095500,0.006213
205.610000,2467.320000,99.874100,14.090900,0.006250
205.710000,2468.520000,99.959400,14.086200,0.006284
205.810000,2469.720000,100.045000,14.081600,0.006315
205.910000,2470.920000,100.130000,14.076900,0.006345
206.010000,2472.120000,100.216000,14.072300,0.006373
206.110000,2473.320000,100.301000,14.067700,0.006398
206.210000,2474.520000,100.387000,14.063000,0.006421
206.310000,2475.720000,100.472000,14.058400,0.006442
206.410000,2476.920000,100.558000,14.053800,0.006461
206.510000,2478.120000,100.644000,14.049200,0.006477
206.610000,2479.320000,100.729000,14.044500,0.006491
206.710000,2480.520000,100.815000,14.039900,0.006503
206.810000,2481.720000,100.901000,14.035300,0.006513
206.910000,2482.920000,100.986000,14.030700,0.006521
207.010000,2484.120000,101.072000,14.026100,0.006526
207.110000,2485.320000,101.158000,14.021500,0.006529
207.210000,2486.520000,101.244000,14.017000,0.006530
207.310000,2487.720000,101.330000,14.012400,0.006528
207.410000,2488.920000,101.415000,14.007800,0.006525
207.510000,2490.120000,101.501000,14.003200,0.006519
207.610000,2491.320000,101.587000,13.998700,0.006510
207.710000,2492.520000,101.673000,13.994100,0.006500
207.810000,2493.720000,101.759000,13.989500,0.006487
207.910000,2494.920000,101.845000,13.985000,0.006472
208.010000,2496.120000,101.931000,13.980400,0.006455
208.110000,2497.320000,102.017000,13.975900,0.006435
208.210000,2498.520000,102.103000,13.971300,0.006414
208.310000,2499.720000,102.189000,13.966800,0.006390
208.410000,2500.920000,102.276000,13.962300,0.006364
208.510000,2502.120000,102.362000,13.957700,0.006335
208.610000,2503.320000,102.448000,13.953200,0.006305
208.710000,2504.520000,102.534000,13.948700,0.006272
208.810000,2505.720000,102.621000,13.944200,0.006237
208.910000,2506.920000,102.707000,13.939600,0.006200
209.010000,2508.120000,102.793000,13.935100,0.006161
209.110000,2509.320000,102.879000,13.930600,0.006120
209.210000,2510.520000,102.966000,13.926100,0.006077
209.310000,2511.720000,103.052000,13.921600,0.006032
209.410000,2512.920000,103.139000,13.917100,0.005984
209.510000,2514.120000,103.225000,13.912700,0.005935
209.610000,2515.320000,103.312000,13.908200,0.005884
209.710000,2516.520000,103.398000,13.903700,0.005830
209.810000,2517.720000,103.485000,13.899200,0.005775
209.910000,2518.920000,103.571000,13.894700,0.005718
210.010000,2520.120000,103.658000,13.890300,0.005659
210.110000,2521.320000,103.744000,13.885800,0.005598
210.210000,2522.520000,103.831000,13.881400,0.005535
210.310000,2523.720000,103.918000,13.876900,0.005471
210.410000,2524.920000,104.005000,13.872500,0.005404
210.510000,2526.120000,104.091000,13.868000,0.005336
210.610000,2527.320000,104.178000,13.863600,0.005266
210.710000,2528.520000,104.265000,13.859100,0.005195
210.810000,2529.720000,104.352000,13.854700,0.005122
210.910000,2530.920000,104.438000,13.850300,0.005047
211.010000,2532.120000,104.525000,13.845800,0.004971
211.110000,2533.320000,104.612000,13.841400,0.004893
211.210000,2534.520000,104.699000,13.837000,0.004814
211.310000,2535.720000,104.786000,13.832600,0.004733
211.410000,2536.920000,104.873000,13.828200,0.004651
211.510000,2538.120000,104.960000,13.823800,0.004567
211.610000,2539.320000,105.047000,13.819400,0.004482
211.710000,2540.520000,105.134000,13.815000,0.004396
211.810000,2541.720000,105.221000,13.810600,0.004309
211.910000,2542.920000,105.308000,13.806200,0.004220
212.010000,2544.120000,105.396000,13.801800,0.004130
212.110000,2545.320000,105.483000,13.797500,0.004040
212.210000,2546.520000,105.570000,13.793100,0.003948
212.310000,2547.720000,105.657000,13.788700,0.003855
212.410000,2548.920000,105.745000,13.784300,0.003761
212.510000,2550.120000,105.832000,13.780000,0.003667
212.610000,2551.320000,105.919000,13.775600,0.003571
212.710000,2552.520000,106.006000,13.771300,0.003475
212.810000,2553.720000,106.094000,13.766900,0.003378
212.910000,2554.920000,106.181000,13.762600,0.003280
213.010000,2556.120000,106.269000,13.758200,0.003182
213.110000,2557.320000,106.356000,13.753900,0.003083
213.210000,2558.520000,106.444000,13.749600,0.002984
213.310000,2559.720000,106.531000,13.745200,0.002884
213.410000,2560.920000,106.619000,13.740900,0.002784
213.510000,2562.120000,106.706000,13.736600,0.002684
213.610000,2563.320000,106.794000,13.732300,0.002583
213.710000,2564.520000,106.881000,13.727900,0.002482
213.810000,2565.720000,106.969000,13.723600,0.002382
213.910000,2566.920000,107.057000,13.719300,0.002281
214.010000,2568.120000,107.144000,13.715000,0.002180
214.110000,2569.320000,107.232000,13.710700,0.002079
214.210000,2570.520000,107.320000,13.706400,0.001979
214.310000,2571.720000,107.408000,13.702200,0.001878
214.410000,2572.920000,107.496000,13.697900,0.001778
214.510000,2574.120000,107.583000,13.693600,0.001679
214.610000,2575.320000,107.671000,13.689300,0.001579
214.710000,2576.520000,107.759000,13.685000,0.001481
214.810000,2577.720000,107.847000,13.680800,0.001383
214.910000,2578.920000,107.935000,13.676500,0.001286
215.010000,2580.120000,108.023000,13.672200,0.001189
215.110000,2581.320000,108.111000,13.668000,0.001093
215.210000,2582.520000,108.199000,13.663700,0.000999
215.310000,2583.720000,108.287000,13.659500,0.000905
215.410000,2584.920000,108.375000,13.655200,0.000812
215.510000,2586.120000,108.463000,13.651000,0.000721
215.610000,2587.320000,108.552000,13.646700,0.000631
215.710000,2588.520000,108.640000,13.642500,0.000542
215.810000,2589.720000,108.728000,13.638300,0.000455
215.910000,2590.920000,108.816000,13.634000,0.000369
216.010000,2592.120000,108.904000,13.629800,0.000285
216.110000,2593.320000,108.993000,13.625600,0.000203
216.210000,2594.520000,109.081000,13.621400,0.000122
216.310000,2595.720000,109.169000,13.617200,0.000043
216.410000,2596.920000,109.258000,13.613000,-0.000033
216.510000,2598.120000,109.346000,13.608800,-0.000108
216.610000,2599.320000,109.434000,13.604600,-0.000180
216.710000,2600.520000,109.523000,13.600400,-0.000251
216.810000,2601.720000,109.611000,13.596200,-0.000318
216.910000,2602.920000,109.700000,13.592000,-0.000384
217.010000,2604.120000,109.788000,13.587800,-0.000446
217.110000,2605.320000,109.877000,13.583600,-0.000506
217.210000,2606.520000,109.966000,13.579400,-0.000564
217.310000,2607.720000,110.054000,13.575300,-0.000618
217.410000,2608.920000,110.143000,13.571100,-0.000669
217.510000,2610.120000,110.231000,13.566900,-0.000718
217.610000,2611.320000,110.320000,13.562800,-0.000763
217.710000,2612.520000,110.409000,13.558600,-0.000804
217.810000,2613.720000,110.498000,13.554500,-0.000843
217.910000,2614.920000,110.586000,13.550300,-0.000877
218.010000,2616.120000,110.675000,13.546200,-0.000908
218.110000,2617.320000,110.764000,13.542000,-0.000936
218.210000,2618.520000,110.853000,13.537900,-0.000959
218.310000,2619.720000,110.942000,13.533700,-0.000979
218.410000,2620.920000,111.031000,13.529600,-0.000995
218.510000,2622.120000,111.120000,13.525500,-0.001006
218.610000,2623.320000,111.209000,13.521400,-0.001014
218.710000,2624.520000,111.298000,13.517200,-0.001018
218.810000,2625.720000,111.387000,13.513100,-0.001019
218.910000,2626.920000,111.476000,13.509000,-0.001015
219.010000,2628.120000,111.565000,13.504900,-0.001008
219.110000,2629.320000,111.654000,13.500800,-0.000997
219.210000,2630.520000,111.743000,13.496700,-0.000983
219.310000,2631.720000,111.832000,13.492600,-0.000965
219.410000,2632.920000,111.921000,13.488500,-0.000944
219.510000,2634.120000,112.010000,13.484400,-0.000920
219.610000,2635.320000,112.100000,13.480300,-0.000893
219.710000,2636.520000,112.189000,13.476200,-0.000862
219.810000,2637.720000,112.278000,13.472100,-0.000829
219.910000,2638.920000,112.368000,13.468100,-0.000793
220.010000,2640.120000,112.457000,13.464000,-0.000754
220.110000,2641.320000,112.546000,13.459900,-0.000712
220.210000,2642.520000,112.636000,13.455800,-0.000668
220.310000,2643.720000,112.725000,13.451800,-0.000621
220.410000,2644.920000,112.814000,13.447700,-0.000571
220.510000,2646.120000,112.904000,13.443700,-0.000519
220.610000,2647.320000,112.993000,13.439600,-0.000465
220.710000,2648.520000,113.083000,13.435600,-0.000409
220.810000,2649.720000,113.173000,13.431500,-0.000350
220.910000,2650.920000,113.262000,13.427500,-0.000289
221.010000,2652.120000,113.352000,13.423400,-0.000226
221.110000,2653.320000,113.441000,13.419400,-0.000161
221.210000,2654.520000,113.531000,13.415400,-0.000094
221.310000,2655.720000,113.621000,13.411400,-0.000026
221.410000,2656.920000,113.710000,13.407300,0.000045
221.510000,2658.120000,113.800000,13.403300,0.000117
221.610000,2659.320000,113.890000,13.399300,0.000190
221.710000,2660.520000,113.980000,13.395300,0.000266
221.810000,2661.720000,114.070000,13.391300,0.000342
221.910000,2662.920000,114.159000,13.387300,0.000421
222.010000,2664.120000,114.249000,13.383300,0.000500
222.110000,2665.320000,114.339000,13.379300,0.000581
222.210000,2666.520000,114.429000,13.375300,0.000663
222.310000,2667.720000,114.519000,13.371300,0.000746
222.410000,2668.920000,114.609000,13.367300,0.000830
222.510000,2670.120000,114.699000,13.363300,0.000916
222.610000,2671.320000,114.789000,13.359300,0.001002
222.710000,2672.520000,114.879000,13.355400,0.001089
222.810000,2673.720000,114.969000,13.351400,0.001177
222.910000,2674.920000,115.060000,13.347400,0.001266
223.010000,2676.120000,115.150000,13.343500,0.001355
223.110000,2677.320000,115.240000,13.339500,0.001446
223.210000,2678.520000,115.330000,13.335500,0.001536
223.310000,2679.720000,115.420000,13.331600,0.001628
223.410000,2680.920000,115.511000,13.327600,0.001720
223.510000,2682.120000,115.601000,13.323700,0.001812
223.610000,2683.320000,115.691000,13.319700,0.001905
223.710000,2684.520000,115.781000,13.315800,0.001997
223.810000,2685.720000,115.872000,13.311800,0.002091
223.910000,2686.920000,115.962000,13.307900,0.002184
224.010000,2688.120000,116.053000,13.304000,0.002278
224.110000,2689.320000,116.143000,13.300100,0.002371
224.210000,2690.520000,116.234000,13.296100,0.002465
224.310000,2691.720000,116.324000,13.292200,0.002559
224.410000,2692.920000,116.415000,13.288300,0.002653
224.510000,2694.120000,116.505000,13.284400,0.002746
224.610000,2695.320000,116.596000,13.280500,0.002840
224.710000,2696.520000,116.686000,13.276600,0.002933
224.810000,2697.720000,116.777000,13.272700,0.003026
224.910000,2698.920000,116.868000,13.268800,0.003119
225.010000,2700.120000,116.958000,13.264900,0.003211
225.110000,2701.320000,117.049000,13.261000,0.003303
225.210000,2702.520000,117.140000,13.257100,0.003395
225.310000,2703.720000,117.230000,13.253200,0.003486
225.410000,2704.920000,117.321000,13.249300,0.003577
225.510000,2706.120000,117.412000,13.245400,0.003667
225.610000,2707.320000,117.503000,13.241600,0.003756
225.710000,2708.520000,117.594000,13.237700,0.003845
225.810000,2709.720000,117.685000,13.233800,0.003933
225.910000,2710.920000,117.776000,13.229900,0.004021
226.010000,2712.120000,117.867000,13.226100,0.004107
226.110000,2713.320000,117.958000,13.222200,0.004193
226.210000,2714.520000,118.049000,13.218400,0.004278
226.310000,2715.720000,118.140000,13.214500,0.004362
226.410000,2716.920000,118.231000,13.210700,0.004445
226.510000,2718.120000,118.322000,13.206800,0.004528
226.610000,2719.320000,118.413000,13.203000,0.004609
226.710000,2720.520000,118.504000,13.199100,0.004689
226.810000,2721.720000,118.595000,13.195300,0.004768
226.910000,2722.920000,118.686000,13.191500,0.004846
227.010000,2724.120000,118.778000,13.187600,0.004923
227.110000,2725.320000,118.869000,13.183800,0.004999
227.210000,2726.520000,118.960000,13.180000,0.005074
227.310000,2727.720000,119.051000,13.176200,0.005147
227.410000,2728.920000,119.143000,13.172400,0.005219
227.510000,2730.120000,119.234000,13.168600,0.005290
227.610000,2731.320000,119.325000,13.164700,0.005360
227.710000,2732.520000,119.417000,13.160900,0.005428
227.810000,2733.720000,119.508000,13.157100,0.005495
227.910000,2734.920000,119.600000,13.153300,0.005560
228.010000,2736.120000,119.691000,13.149500,0.005624
228.110000,2737.320000,119.783000,13.145800,0.005687
228.210000,2738.520000,119.874000,13.142000,0.005748
228.310000,2739.720000,119.966000,13.138200,0.005808
228.410000,2740.920000,120.057000,13.134400,0.005866
228.510000,2742.120000,120.149000,13.130600,0.005922
228.610000,2743.320000,120.241000,13.126800,0.005977
228.710000,2744.520000,120.332000,13.123100,0.006031
228.810000,2745.720000,120.424000,13.119300,0.006083
228.910000,2746.920000,120.516000,13.115500,0.006133
229.010000,2748.120000,120.607000,13.111800,0.006181
229.110000,2749.320000,120.699000,13.108000,0.006228
229.210000,2750.520000,120.791000,13.104300,0.006273
229.310000,2751.720000,120.883000,13.100500,0.006317
229.410000,2752.920000,120.975000,13.096800,0.006359
229.510000,2754.120000,121.067000,13.093000,0.006399
229.610000,2755.320000,121.158000,13.089300,0.006437
229.710000,2756.520000,121.250000,13.085500,0.006474
229.810000,2757.720000,121.342000,13.081800,0.006509
229.910000,2758.920000,121.434000,13.078100,0.006542
230.010000,2760.120000,121.526000,13.074300,0.006573
230.110000,2761.320000,121.618000,13.070600,0.006602
230.210000,2762.520000,121.710000,13.066900,0.006630
230.310000,2763.720000,121.802000,13.063200,0.006656
230.410000,2764.920000,121.895000,13.059400,0.006679
230.510000,2766.120000,121.987000,13.055700,0.006701
230.610000,2767.320000,122.079000,13.052000,0.006722
230.710000,2768.520000,122.171000,13.048300,0.006740
230.810000,2769.720000,122.263000,13.044600,0.006756
230.910000,2770.920000,122.356000,13.040900,0.006771
231.010000,2772.120000,122.448000,13.037200,0.006784
231.110000,2773.320000,122.540000,13.033500,0.006794
231.210000,2774.520000,122.632000,13.029800,0.006803
231.310000,2775.720000,122.725000,13.026100,0.006810
231.410000,2776.920000,122.817000,13.022500,0.006815
231.510000,2778.120000,122.910000,13.018800,0.006819
231.610000,2779.320000,123.002000,13.015100,0.006820
231.710000,2780.520000,123.094000,13.011400,0.006819
231.810000,2781.720000,123.187000,13.007800,0.006817
231.910000,2782.920000,123.279000,13.004100,0.006812
232.010000,2784.120000,123.372000,13.000400,0.006806
232.110000,2785.320000,123.465000,12.996800,0.006798
232.210000,2786.520000,123.557000,12.993100,0.006788
232.310000,2787.720000,123.650000,12.989400,0.006776
232.410000,2788.920000,123.742000,12.985800,0.006762
232.510000,2790.120000,123.835000,12.982100,0.006746
232.610000,2791.320000,123.928000,12.978500,0.006728
232.710000,2792.520000,124.020000,12.974900,0.006709
232.810000,2793.720000,124.113000,12.971200,0.006687
232.910000,2794.920000,124.206000,12.967600,0.006664
233.010000,2796.120000,124.299000,12.963900,0.006639
233.110000,2797.320000,124.392000,12.960300,0.006612
233.210000,2798.520000,124.484000,12.956700,0.006583
233.310000,2799.720000,124.577000,12.953100,0.006552
233.410000,2800.920000,124.670000,12.949400,0.006520
233.510000,2802.120000,124.763000,12.945800,0.006485
233.610000,2803.320000,124.856000,12.942200,0.006449
233.710000,2804.520000,124.949000,12.938600,0.006411
233.810000,2805.720000,125.042000,12.935000,0.006372
233.910000,2806.920000,125.135000,12.931400,0.006330
234.010000,2808.120000,125.228000,12.927800,0.006287
234.110000,2809.320000,125.321000,12.924200,0.006242
234.210000,2810.520000,125.414000,12.920600,0.006196
234.310000,2811.720000,125.507000,12.917000,0.006147
234.410000,2812.920000,125.601000,12.913400,0.006098
234.510000,2814.120000,125.694000,12.909800,0.006046
234.610000,2815.320000,125.787000,12.906200,0.005993
234.710000,2816.520000,125.880000,12.902600,0.005938
234.810000,2817.720000,125.973000,12.899100,0.005882
234.910000,2818.920000,126.067000,12.895500,0.005824
235.010000,2820.120000,126.160000,12.891900,0.005764
235.110000,2821.320000,126.253000,12.888300,0.005703
235.210000,2822.520000,126.347000,12.884800,0.005641
235.310000,2823.720000,126.440000,12.881200,0.005577
235.410000,2824.920000,126.534000,12.877600,0.005511
235.510000,2826.120000,126.627000,12.874100,0.005444
235.610000,2827.320000,126.720000,12.870500,0.005376
235.710000,2828.520000,126.814000,12.867000,0.005307
235.810000,2829.720000,126.907000,12.863400,0.005236
235.910000,2830.920000,127.001000,12.859900,0.005163
236.010000,2832.120000,127.095000,12.856300,0.005090
236.110000,2833.320000,127.188000,12.852800,0.005015
236.210000,2834.520000,127.282000,12.849300,0.004939
236.310000,2835.720000,127.375000,12.845700,0.004862
236.410000,2836.920000,127.469000,12.842200,0.004783
236.510000,2838.120000,127.563000,12.838700,0.004704
236.610000,2839.320000,127.656000,12.835200,0.004623
236.710000,2840.520000,127.750000,12.831600,0.004541
236.810000,2841.720000,127.844000,12.828100,0.004459
236.910000,2842.920000,127.938000,12.824600,0.004375
237.010000,2844.120000,128.032000,12.821100,0.004290
237.110000,2845.320000,128.126000,12.817600,0.004205
237.210000,2846.520000,128.219000,12.814100,0.004118
237.310000,2847.720000,128.313000,12.810600,0.004031
237.410000,2848.920000,128.407000,12.807100,0.003943
237.510000,2850.120000,128.501000,12.803600,0.003854
237.610000,2851.320000,128.595000,12.800100,0.003764
237.710000,2852.520000,128.689000,12.796600,0.003674
237.810000,2853.720000,128.783000,12.793100,0.003583
237.910000,2854.920000,128.877000,12.789600,0.003491
238.010000,2856.120000,128.971000,12.786100,0.003399
238.110000,2857.320000,129.065000,12.782600,0.003307
238.210000,2858.520000,129.160000,12.779200,0.003213
238.310000,2859.720000,129.254000,12.775700,0.003120
238.410000,2860.920000,129.348000,12.772200,0.003026
238.510000,2862.120000,129.442000,12.768800,0.002932
238.610000,2863.320000,129.536000,12.765300,0.002837
238.710000,2864.520000,129.631000,12.761800,0.002743
238.810000,2865.720000,129.725000,12.758400,0.002648
238.910000,2866.920000,129.819000,12.754900,0.002553
239.010000,2868.120000,129.914000,12.751500,0.002457
239.110000,2869.320000,130.008000,12.748000,0.002362
239.210000,2870.520000,130.102000,12.744600,0.002267
239.310000,2871.720000,130.197000,12.741100,0.002172
239.410000,2872.920000,130.291000,12.737700,0.002077
239.510000,2874.120000,130.386000,12.734200,0.001982
239.610000,2875.320000,130.480000,12.730800,0.001887
239.710000,2876.520000,130.575000,12.727400,0.001793
239.810000,2877.720000,130.669000,12.723900,0.001699
239.910000,2878.920000,130.764000,12.720500,0.001606
240.010000,2880.120000,130.858000,12.717100,0.001512
240.110000,2881.320000,130.953000,12.713600,0.001420
240.210000,2882.520000,131.048000,12.710200,0.001328
240.310000,2883.720000,131.142000,12.706800,0.001236
240.410000,2884.920000,131.237000,12.703400,0.001146
240.510000,2886.120000,131.332000,12.700000,0.001056
240.610000,2887.320000,131.427000,12.696600,0.000966
240.710000,2888.520000,131.521000,12.693200,0.000878
240.810000,2889.720000,131.616000,12.689800,0.000791
240.910000,2890.920000,131.711000,12.686400,0.000704
241.010000,2892.120000,131.806000,12.683000,0.000619
241.110000,2893.320000,131.901000,12.679600,0.000535
241.210000,2894.520000,131.996000,12.676200,0.000452
241.310000,2895.720000,132.090000,12.672800,0.000370
241.410000,2896.920000,132.185000,12.669400,0.000290
241.510000,2898.120000,132.280000,12.666000,0.000211
241.610000,2899.320000,132.375000,12.662600,0.000133
241.710000,2900.520000,132.470000,12.659300,0.000057
241.810000,2901.720000,132.565000,12.655900,-0.000017
241.910000,2902.920000,132.661000,12.652500,-0.000090
242.010000,2904.120000,132.756000,12.649100,-0.000161
242.110000,2905.320000,132.851000,12.645800,-0.000230
242.210000,2906.520000,132.946000,12.642400,-0.000297
242.310000,2907.720000,133.041000,12.639000,-0.000362
242.410000,2908.920000,133.136000,12.635700,-0.000426
242.510000,2910.120000,133.232000,12.632300,-0.000487
242.610000,2911.320000,133.327000,12.629000,-0.000546
242.710000,2912.520000,133.422000,12.625600,-0.000602
242.810000,2913.720000,133.517000,12.622300,-0.000657
242.910000,2914.920000,133.613000,12.618900,-0.000709
243.010000,2916.120000,133.708000,12.615600,-0.000758
243.110000,2917.320000,133.804000,12.612300,-0.000805
243.210000,2918.520000,133.899000,12.608900,-0.000849
243.310000,2919.720000,133.994000,12.605600,-0.000891
243.410000,2920.920000,134.090000,12.602300,-0.000929
243.510000,2922.120000,134.185000,12.598900,-0.000965
243.610000,2923.320000,134.281000,12.595600,-0.000998
243.710000,2924.520000,134.376000,12.592300,-0.001027
243.810000,2925.720000,134.472000,12.589000,-0.001054
243.910000,2926.920000,134.567000,12.585600,-0.001077
244.010000,2928.120000,134.663000,12.582300,-0.001097
244.110000,2929.320000,134.759000,12.579000,-0.001114
244.210000,2930.520000,134.854000,12.575700,-0.001127
244.310000,2931.720000,134.950000,12.572400,-0.001138
244.410000,2932.920000,135.046000,12.569100,-0.001144
244.510000,2934.120000,135.142000,12.565800,-0.001148
244.610000,2935.320000,135.237000,12.562500,-0.001148
244.710000,2936.520000,135.333000,12.559200,-0.001146
244.810000,2937.720000,135.429000,12.555900,-0.001140
244.910000,2938.920000,135.525000,12.552600,-0.001131
245.010000,2940.120000,135.621000,12.549300,-0.001119
245.110000,2941.320000,135.716000,12.546000,-0.001105
245.210000,2942.520000,135.812000,12.542700,-0.001087
245.310000,2943.720000,135.908000,12.539500,-0.001067
245.410000,2944.920000,136.004000,12.536200,-0.001044
245.510000,2946.120000,136.100000,12.532900,-0.001018
245.610000,2947.320000,136.196000,12.529600,-0.000990
245.710000,2948.520000,136.292000,12.526400,-0.000960
245.810000,2949.720000,136.388000,12.523100,-0.000926
245.910000,2950.920000,136.484000,12.519800,-0.000891
246.010000,2952.120000,136.581000,12.516600,-0.000853
246.110000,2953.320000,136.677000,12.513300,-0.000813
246.210000,2954.520000,136.773000,12.510000,-0.000771
246.310000,2955.720000,136.869000,12.506800,-0.000726
246.410000,2956.920000,136.965000,12.503500,-0.000680
246.510000,2958.120000,137.062000,12.500300,-0.000631
246.610000,2959.320000,137.158000,12.497000,-0.000581
246.710000,2960.520000,137.254000,12.493800,-0.000528
246.810000,2961.720000,137.350000,12.490600,-0.000474
246.910000,2962.920000,137.447000,12.487300,-0.000418
247.010000,2964.120000,137.543000,12.484100,-0.000360
247.110000,2965.320000,137.639000,12.480900,-0.000300
247.210000,2966.520000,137.736000,12.477600,-0.000239
247.310000,2967.720000,137.832000,12.474400,-0.000176
247.410000,2968.920000,137.929000,12.471200,-0.000112
247.510000,2970.120000,138.025000,12.467900,-0.000046
247.610000,2971.320000,138.122000,12.464700,0.000022
247.710000,2972.520000,138.218000,12.461500,0.000090
247.810000,2973.720000,138.315000,12.458300,0.000160
247.910000,2974.920000,138.411000,12.455100,0.000232
248.010000,2976.120000,138.508000,12.451900,0.000304
248.110000,2977.320000,138.605000,12.448700,0.000378
248.210000,2978.520000,138.701000,12.445400,0.000453
248.310000,2979.720000,138.798000,12.442200,0.000528
248.410000,2980.920000,138.895000,12.439000,0.000605
248.510000,2982.120000,138.992000,12.435800,0.000683
248.610000,2983.320000,139.088000,12.432700,0.000762
248.710000,2984.520000,139.185000,12.429500,0.000842
248.810000,2985.720000,139.282000,12.426300,0.000922
248.910000,2986.920000,139.379000,12.423100,0.001004
249.010000,2988.120000,139.476000,12.419900,0.001086
249.110000,2989.320000,139.572000,12.416700,0.001168
249.210000,2990.520000,139.669000,12.413500,0.001252
249.310000,2991.720000,139.766000,12.410400,0.001336
249.410000,2992.920000,139.863000,12.407200,0.001420
249.510000,2994.120000,139.960000,12.404000,0.001505
249.610000,2995.320000,140.057000,12.400800,0.001591
249.710000,2996.520000,140.154000,12.397700,0.001677
249.810000,2997.720000,140.251000,12.394500,0.001763
249.910000,2998.920000,140.348000,12.391300,0.001850
250.010000,3000.120000,140.446000,12.388200,0.001937
250.110000,3001.320000,140.543000,12.385000,0.002024
250.210000,3002.520000,140.640000,12.381900,0.002112
250.310000,3003.720000,140.737000,12.378700,0.002199
250.410000,3004.920000,140.834000,12.375600,0.002287
250.510000,3006.120000,140.931000,12.372400,0.002375
250.610000,3007.320000,141.029000,12.369300,0.002463
250.710000,3008.520000,141.126000,12.366100,0.002551
250.810000,3009.720000,141.223000,12.363000,0.002639
250.910000,3010.920000,141.321000,12.359900,0.002727
251.010000,3012.120000,141.418000,12.356700,0.002815
251.110000,3013.320000,141.515000,12.353600,0.002902
251.210000,3014.520000,141.613000,12.350500,0.002990
251.310000,3015.720000,141.710000,12.347300,0.003077
251.410000,3016.920000,141.808000,12.344200,0.003164
251.510000,3018.120000,141.905000,12.341100,0.003251
251.610000,3019.320000,142.003000,12.338000,0.003337
251.710000,3020.520000,142.100000,12.334800,0.003424
251.810000,3021.720000,142.198000,12.331700,0.003509
251.910000,3022.920000,142.295000,12.328600,0.003595
252.010000,3024.120000,142.393000,12.325500,0.003680
252.110000,3025.320000,142.491000,12.322400,0.003764
252.210000,3026.520000,142.588000,12.319300,0.003848
252.310000,3027.720000,142.686000,12.316200,0.003931
252.410000,3028.920000,142.784000,12.313100,0.004014
252.510000,3030.120000,142.881000,12.310000,0.004096
252.610000,3031.320000,142.979000,12.306900,0.004178
252.710000,3032.520000,143.077000,12.303800,0.004259
252.810000,3033.720000,143.175000,12.300700,0.004339
252.910000,3034.920000,143.273000,12.297600,0.004419
253.010000,3036.120000,143.370000,12.294500,0.004498
253.110000,3037.320000,143.468000,12.291500,0.004576
253.210000,3038.520000,143.566000,12.288400,0.004653
253.310000,3039.720000,143.664000,12.285300,0.004729
253.410000,3040.920000,143.762000,12.282200,0.004805
253.510000,3042.120000,143.860000,12.279200,0.004879
253.610000,3043.320000,143.958000,12.276100,0.004953
253.710000,3044.520000,144.056000,12.273000,0.005026
253.810000,3045.720000,144.154000,12.270000,0.005098
253.910000,3046.920000,144.252000,12.266900,0.005169
254.010000,3048.120000,144.350000,12.263800,0.005239
254.110000,3049.320000,144.448000,12.260800,0.005307
254.210000,3050.520000,144.546000,12.257700,0.005375
254.310000,3051.720000,144.645000,12.254700,0.005442
254.410000,3052.920000,144.743000,12.251600,0.005508
254.510000,3054.120000,144.841000,12.248600,0.005572
254.610000,3055.320000,144.939000,12.245500,0.005636
254.710000,3056.520000,145.038000,12.242500,0.005698
254.810000,3057.720000,145.136000,12.239400,0.005759
254.910000,3058.920000,145.234000,12.236400,0.005819
255.010000,3060.120000,145.333000,12.233300,0.005877
255.110000,3061.320000,145.431000,12.230300,0.005935
255.210000,3062.520000,145.529000,12.227300,0.005991
255.310000,3063.720000,145.628000,12.224200,0.006046
255.410000,3064.920000,145.726000,12.221200,0.006100
255.510000,3066.120000,145.825000,12.218200,0.006152
255.610000,3067.320000,145.923000,12.215200,0.006203
255.710000,3068.520000,146.022000,12.212200,0.006253
255.810000,3069.720000,146.120000,12.209100,0.006301
255.910000,3070.920000,146.219000,12.206100,0.006348
256.010000,3072.120000,146.317000,12.203100,0.006393
256.110000,3073.320000,146.416000,12.200100,0.006438
256.210000,3074.520000,146.515000,12.197100,0.006480
256.310000,3075.720000,146.613000,12.194100,0.006522
256.410000,3076.920000,146.712000,12.191100,0.006562
256.510000,3078.120000,146.811000,12.188100,0.006600
256.610000,3079.320000,146.909000,12.185100,0.006637
256.710000,3080.520000,147.008000,12.182100,0.006673
256.810000,3081.720000,147.107000,12.179100,0.006707
256.910000,3082.920000,147.206000,12.176100,0.006739
257.010000,3084.120000,147.304000,12.173100,0.006770
257.110000,3085.320000,147.403000,12.170100,0.006800
257.210000,3086.520000,147.502000,12.167100,0.006828
257.310000,3087.720000,147.601000,12.164100,0.006855
257.410000,3088.920000,147.700000,12.161200,0.006880
257.510000,3090.120000,147.799000,12.158200,0.006903
257.610000,3091.320000,147.898000,12.155200,0.006925
257.710000,3092.520000,147.997000,12.152200,0.006945
257.810000,3093.720000,148.096000,12.149300,0.006964
257.910000,3094.920000,148.195000,12.146300,0.006981
258.010000,3096.120000,148.294000,12.143300,0.006997
258.110000,3097.320000,148.393000,12.140400,0.007011
258.210000,3098.520000,148.492000,12.137400,0.007024
258.310000,3099.720000,148.591000,12.134400,0.007034
258.410000,3100.920000,148.691000,12.131500,0.007044
258.510000,3102.120000,148.790000,12.128500,0.007051
258.610000,3103.320000,148.889000,12.125600,0.007058
258.710000,3104.520000,148.988000,12.122600,0.007062
258.810000,3105.720000,149.087000,12.119700,0.007065
258.910000,3106.920000,149.187000,12.116700,0.007066
259.010000,3108.120000,149.286000,12.113800,0.007066
259.110000,3109.320000,149.385000,12.110800,0.007064
259.210000,3110.520000,149.485000,12.107900,0.007061
259.310000,3111.720000,149.584000,12.105000,0.007056
259.410000,3112.920000,149.684000,12.102000,0.007049
259.510000,3114.120000,149.783000,12.099100,0.007041
259.610000,3115.320000,149.882000,12.096200,0.007031
259.710000,3116.520000,149.982000,12.093200,0.007020
259.810000,3117.720000,150.081000,12.090300,0.007006
259.910000,3118.920000,150.181000,12.087400,0.006992
260.010000,3120.120000,150.281000,12.084500,0.006976
260.110000,3121.320000,150.380000,12.081500,0.006958
260.210000,3122.520000,150.480000,12.078600,0.006939
260.310000,3123.720000,150.579000,12.075700,0.006918
260.410000,3124.920000,150.679000,12.072800,0.006895
260.510000,3126.120000,150.779000,12.069900,0.006871
260.610000,3127.320000,150.878000,12.067000,0.006846
260.710000,3128.520000,150.978000,12.064100,0.006818
260.810000,3129.720000,151.078000,12.061200,0.006790
260.910000,3130.920000,151.178000,12.058300,0.006760
261.010000,3132.120000,151.277000,12.055400,0.006728
261.110000,3133.320000,151.377000,12.052500,0.006695
261.210000,3134.520000,151.477000,12.049600,0.006660
261.310000,3135.720000,151.577000,12.046700,0.006624
261.410000,3136.920000,151.677000,12.043800,0.006586
261.510000,3138.120000,151.777000,12.040900,0.006547
261.610000,3139.320000,151.877000,12.038000,0.006507
261.710000,3140.520000,151.977000,12.035100,0.006465
261.810000,3141.720000,152.077000,12.032300,0.006421
261.910000,3142.920000,152.177000,12.029400,0.006376
262.010000,3144.120000,152.277000,12.026500,0.006330
262.110000,3145.320000,152.377000,12.023600,0.006282
262.210000,3146.520000,152.477000,12.020800,0.006233
262.310000,3147.720000,152.577000,12.017900,0.006183
262.410000,3148.920000,152.677000,12.015000,0.006131
262.510000,3150.120000,152.777000,12.012200,0.006078
262.610000,3151.320000,152.877000,12.009300,0.006024
262.710000,3152.520000,152.978000,12.006400,0.005968
262.810000,3153.720000,153.078000,12.003600,0.005911
262.910000,3154.920000,153.178000,12.000700,0.005853
263.010000,3156.120000,153.278000,11.997900,0.005793
263.110000,3157.320000,153.379000,11.995000,0.005733
263.210000,3158.520000,153.479000,11.992200,0.005671
263.310000,3159.720000,153.579000,11.989300,0.005608
263.410000,3160.920000,153.680000,11.986500,0.005544
263.510000,3162.120000,153.780000,11.983600,0.005478
263.610000,3163.320000,153.880000,11.980800,0.005412
263.710000,3164.520000,153.981000,11.977900,0.005344
263.810000,3165.720000,154.081000,11.975100,0.005275
263.910000,3166.920000,154.182000,11.972300,0.005206
264.010000,3168.120000,154.282000,11.969400,0.005135
264.110000,3169.320000,154.383000,11.966600,0.005063
264.210000,3170.520000,154.483000,11.963800,0.004990
264.310000,3171.720000,154.584000,11.961000,0.004916
264.410000,3172.920000,154.685000,11.958100,0.004842
264.510000,3174.120000,154.785000,11.955300,0.004766
264.610000,3175.320000,154.886000,11.952500,0.004689
264.710000,3176.520000,154.987000,11.949700,0.004612
264.810000,3177.720000,155.087000,11.946800,0.004534
264.910000,3178.920000,155.188000,11.944000,0.004455
265.010000,3180.120000,155.289000,11.941200,0.004375
265.110000,3181.320000,155.390000,11.938400,0.004294
265.210000,3182.520000,155.490000,11.935600,0.004213
265.310000,3183.720000,155.591000,11.932800,0.004131
265.410000,3184.920000,155.692000,11.930000,0.004048
265.510000,3186.120000,155.793000,11.927200,0.003965
265.610000,3187.320000,155.894000,11.924400,0.003881
265.710000,3188.520000,155.995000,11.921600,0.003796
265.810000,3189.720000,156.096000,11.918800,0.003711
265.910000,3190.920000,156.197000,11.916000,0.003626
266.010000,3192.120000,156.298000,11.913200,0.003540
266.110000,3193.320000,156.399000,11.910400,0.003453
266.210000,3194.520000,156.500000,11.907600,0.003366
266.310000,3195.720000,156.601000,11.904900,0.003279
266.410000,3196.920000,156.702000,11.902100,0.003191
266.510000,3198.120000,156.803000,11.899300,0.003103
266.610000,3199.320000,156.904000,11.896500,0.003015
266.710000,3200.520000,157.005000,11.893700,0.002926
266.810000,3201.720000,157.106000,11.891000,0.002837
266.910000,3202.920000,157.208000,11.888200,0.002748
267.010000,3204.120000,157.309000,11.885400,0.002659
267.110000,3205.320000,157.410000,11.882700,0.002570
267.210000,3206.520000,157.511000,11.879900,0.002481
267.310000,3207.720000,157.613000,11.877100,0.002391
267.410000,3208.920000,157.714000,11.874400,0.002302
267.510000,3210.120000,157.815000,11.871600,0.002213
267.610000,3211.320000,157.917000,11.868900,0.002124
267.710000,3212.520000,158.018000,11.866100,0.002035
267.810000,3213.720000,158.119000,11.863300,0.001946
267.910000,3214.920000,158.221000,11.860600,0.001857
268.010000,3216.120000,158.322000,11.857800,0.001769
268.110000,3217.320000,158.424000,11.855100,0.001681
268.210000,3218.520000,158.525000,11.852400,0.001593
268.310000,3219.720000,158.627000,11.849600,0.001506
268.410000,3220.920000,158.728000,11.846900,0.001419
268.510000,3222.120000,158.830000,11.844100,0.001332
268.610000,3223.320000,158.932000,11.841400,0.001246
268.710000,3224.520000,159.033000,11.838700,0.001161
268.810000,3225.720000,159.135000,11.835900,0.001076
268.910000,3226.920000,159.236000,11.833200,0.000992
269.010000,3228.120000,159.338000,11.830500,0.000908
269.110000,3229.320000,159.440000,11.827700,0.000826
269.210000,3230.520000,159.542000,11.825000,0.000744
269.310000,3231.720000,159.643000,11.822300,0.000663
269.410000,3232.920000,159.745000,11.819600,0.000582
269.510000,3234.120000,159.847000,11.816900,0.000503
269.610000,3235.320000,159.949000,11.814100,0.000425
269.710000,3236.520000,160.051000,11.811400,0.000348
269.810000,3237.720000,160.153000,11.808700,0.000271
269.910000,3238.920000,160.254000,11.806000,0.000196
270.010000,3240.120000,160.356000,11.803300,0.000122
270.110000,3241.320000,160.458000,11.800600,0.000050
270.210000,3242.520000,160.560000,11.797900,-0.000022
270.310000,3243.720000,160.662000,11.795200,-0.000092
270.410000,3244.920000,160.764000,11.792500,-0.000160
270.510000,3246.120000,160.866000,11.789800,-0.000227
270.610000,3247.320000,160.968000,11.787100,-0.000293
270.710000,3248.520000,161.071000,11.784400,-0.000357
270.810000,3249.720000,161.173000,11.781700,-0.000420
270.910000,3250.920000,161.275000,11.779000,-0.000481
271.010000,3252.120000,161.377000,11.776300,-0.000540
271.110000,3253.320000,161.479000,11.773600,-0.000597
271.210000,3254.520000,161.581000,11.770900,-0.000653
271.310000,3255.720000,161.684000,11.768300,-0.000706
271.410000,3256.920000,161.786000,11.765600,-0.000758
271.510000,3258.120000,161.888000,11.762900,-0.000808
271.610000,3259.320000,161.990000,11.760200,-0.000855
271.710000,3260.520000,162.093000,11.757500,-0.000901
271.810000,3261.720000,162.195000,11.754900,-0.000944
271.910000,3262.920000,162.298000,11.752200,-0.000985
272.010000,3264.120000,162.400000,11.749500,-0.001024
272.110000,3265.320000,162.502000,11.746900,-0.001061
272.210000,3266.520000,162.605000,11.744200,-0.001095
272.310000,3267.720000,162.707000,11.741500,-0.001126
272.410000,3268.920000,162.810000,11.738900,-0.001155
272.510000,3270.120000,162.912000,11.736200,-0.001181
272.610000,3271.320000,163.015000,11.733600,-0.001205
272.710000,3272.520000,163.117000,11.730900,-0.001226
272.810000,3273.720000,163.220000,11.728200,-0.001244
272.910000,3274.920000,163.323000,11.725600,-0.001260
273.010000,3276.120000,163.425000,11.722900,-0.001273
273.110000,3277.320000,163.528000,11.720300,-0.001283
273.210000,3278.520000,163.630000,11.717700,-0.001290
273.310000,3279.720000,163.733000,11.715000,-0.001295
273.410000,3280.920000,163.836000,11.712400,-0.001296
273.510000,3282.120000,163.939000,11.709700,-0.001296
273.610000,3283.320000,164.041000,11.707100,-0.001292
273.710000,3284.520000,164.144000,11.704500,-0.001286
273.810000,3285.720000,164.247000,11.701800,-0.001278
273.910000,3286.920000,164.350000,11.699200,-0.001267
274.010000,3288.120000,164.453000,11.696600,-0.001253
274.110000,3289.320000,164.556000,11.693900,-0.001238
274.210000,3290.520000,164.658000,11.691300,-0.001220
274.310000,3291.720000,164.761000,11.688700,-0.001199
274.410000,3292.920000,164.864000,11.686000,-0.001177
274.510000,3294.120000,164.967000,11.683400,-0.001152
274.610000,3295.320000,165.070000,11.680800,-0.001125
274.710000,3296.520000,165.173000,11.678200,-0.001097
274.810000,3297.720000,165.276000,11.675600,-0.001066
274.910000,3298.920000,165.379000,11.673000,-0.001033
275.010000,3300.120000,165.483000,11.670300,-0.000998
275.110000,3301.320000,165.586000,11.667700,-0.000961
275.210000,3302.520000,165.689000,11.665100,-0.000923
275.310000,3303.720000,165.792000,11.662500,-0.000882
275.410000,3304.920000,165.895000,11.659900,-0.000840
275.510000,3306.120000,165.998000,11.657300,-0.000796
275.610000,3307.320000,166.102000,11.654700,-0.000750
275.710000,3308.520000,166.205000,11.652100,-0.000703
275.810000,3309.720000,166.308000,11.649500,-0.000654
275.910000,3310.920000,166.411000,11.646900,-0.000604
276.010000,3312.120000,166.515000,11.644300,-0.000552
276.110000,3313.320000,166.618000,11.641700,-0.000499
276.210000,3314.520000,166.721000,11.639200,-0.000444
276.310000,3315.720000,166.825000,11.636600,-0.000387
276.410000,3316.920000,166.928000,11.634000,-0.000330
276.510000,3318.120000,167.032000,11.631400,-0.000271
276.610000,3319.320000,167.135000,11.628800,-0.000211
276.710000,3320.520000,167.239000,11.626200,-0.000149
276.810000,3321.720000,167.342000,11.623700,-0.000087
276.910000,3322.920000,167.446000,11.621100,-0.000023
277.010000,3324.120000,167.549000,11.618500,0.000042
277.110000,3325.320000,167.653000,11.615900,0.000108
277.210000,3326.520000,167.756000,11.613400,0.000175
277.310000,3327.720000,167.860000,11.610800,0.000243
277.410000,3328.920000,167.964000,11.608200,0.000311
277.510000,3330.120000,168.067000,11.605700,0.000381
277.610000,3331.320000,168.171000,11.603100,0.000452
277.710000,3332.520000,168.275000,11.600500,0.000524
277.810000,3333.720000,168.378000,11.598000,0.000596
277.910000,3334.920000,168.482000,11.595400,0.000669
278.010000,3336.120000,168.586000,11.592900,0.000743
278.110000,3337.320000,168.690000,11.590300,0.000818
278.210000,3338.520000,168.794000,11.587800,0.000893
278.310000,3339.720000,168.897000,11.585200,0.000969
278.410000,3340.920000,169.001000,11.582700,0.001046
278.510000,3342.120000,169.105000,11.580100,0.001123
278.610000,3343.320000,169.209000,11.577600,0.001200
278.710000,3344.520000,169.313000,11.575000,0.001278
278.810000,3345.720000,169.417000,11.572500,0.001357
278.910000,3346.920000,169.521000,11.569900,0.001436
279.010000,3348.120000,169.625000,11.567400,0.001516
279.110000,3349.320000,169.729000,11.564900,0.001595
279.210000,3350.520000,169.833000,11.562300,0.001676
279.310000,3351.720000,169.937000,11.559800,0.001756
279.410000,3352.920000,170.041000,11.557300,0.001837
279.510000,3354.120000,170.145000,11.554700,0.001918
279.610000,3355.320000,170.250000,11.552200,0.001999
279.710000,3356.520000,170.354000,11.549700,0.002080
279.810000,3357.720000,170.458000,11.547200,0.002162
279.910000,3358.920000,170.562000,11.544600,0.002244
280.010000,3360.120000,170.666000,11.542100,0.002325
280.110000,3361.320000,170.771000,11.539600,0.002407
280.210000,3362.520000,170.875000,11.537100,0.002489
280.310000,3363.720000,170.979000,11.534600,0.002571
280.410000,3364.920000,171.084000,11.532100,0.002653
280.510000,3366.120000,171.188000,11.529600,0.002734
280.610000,3367.320000,171.292000,11.527000,0.002816
280.710000,3368.520000,171.397000,11.524500,0.002898
280.810000,3369.720000,171.501000,11.522000,0.002979
280.910000,3370.920000,171.606000,11.519500,0.003060
281.010000,3372.120000,171.710000,11.517000,0.003142
281.110000,3373.320000,171.814000,11.514500,0.003222
281.210000,3374.520000,171.919000,11.512000,0.003303
281.310000,3375.720000,172.024000,11.509500,0.003384
281.410000,3376.920000,172.128000,11.507000,0.003464
281.510000,3378.120000,172.233000,11.504500,0.003543
281.610000,3379.320000,172.337000,11.502100,0.003623
281.710000,3380.520000,172.442000,11.499600,0.003702
281.810000,3381.720000,172.547000,11.497100,0.003781
281.910000,3382.920000,172.651000,11.494600,0.003859
282.010000,3384.120000,172.756000,11.492100,0.003937
282.110000,3385.320000,172.861000,11.489600,0.004014
282.210000,3386.520000,172.965000,11.487100,0.004091
282.310000,3387.720000,173.070000,11.484700,0.004167
282.410000,3388.920000,173.175000,11.482200,0.004243
282.510000,3390.120000,173.280000,11.479700,0.004318
282.610000,3391.320000,173.384000,11.477200,0.004393
282.710000,3392.520000,173.489000,11.474800,0.004467
282.810000,3393.720000,173.594000,11.472300,0.004541
282.910000,3394.920000,173.699000,11.469800,0.004614
283.010000,3396.120000,173.804000,11.467400,0.004686
283.110000,3397.320000,173.909000,11.464900,0.004758
283.210000,3398.520000,174.014000,11.462400,0.004828
283.310000,3399.720000,174.119000,11.460000,0.004899
283.410000,3400.920000,174.224000,11.457500,0.004968
283.510000,3402.120000,174.329000,11.455100,0.005037
283.610000,3403.320000,174.434000,11.452600,0.005104
283.710000,3404.520000,174.539000,11.450200,0.005172
283.810000,3405.720000,174.644000,11.447700,0.005238
283.910000,3406.920000,174.749000,11.445300,0.005303
284.010000,3408.120000,174.854000,11.442800,0.005368
284.110000,3409.320000,174.960000,11.440400,0.005432
284.210000,3410.520000,175.065000,11.437900,0.005494
284.310000,3411.720000,175.170000,11.435500,0.005556
284.410000,3412.920000,175.275000,11.433000,0.005617
284.510000,3414.120000,175.380000,11.430600,0.005678
284.610000,3415.320000,175.486000,11.428100,0.005737
284.710000,3416.520000,175.591000,11.425700,0.005795
284.810000,3417.720000,175.696000,11.423300,0.005852
284.910000,3418.920000,175.802000,11.420800,0.005909
285.010000,3420.120000,175.907000,11.418400,0.005964
285.110000,3421.320000,176.012000,11.416000,0.006018
285.210000,3422.520000,176.118000,11.413600,0.006071
285.310000,3423.720000,176.223000,11.411100,0.006123
285.410000,3424.920000,176.329000,11.408700,0.006175
285.510000,3426.120000,176.434000,11.406300,0.006225
285.610000,3427.320000,176.540000,11.403900,0.006274
285.710000,3428.520000,176.645000,11.401400,0.006321
285.810000,3429.720000,176.751000,11.399000,0.006368
285.910000,3430.920000,176.856000,11.396600,0.006414
286.010000,3432.120000,176.962000,11.394200,0.006458
286.110000,3433.320000,177.068000,11.391800,0.006502
286.210000,3434.520000,177.173000,11.389400,0.006544
286.310000,3435.720000,177.279000,11.387000,0.006585
286.410000,3436.920000,177.385000,11.384500,0.006625
286.510000,3438.120000,177.490000,11.382100,0.006664
286.610000,3439.320000,177.596000,11.379700,0.006701
286.710000,3440.520000,177.702000,11.377300,0.006737
286.810000,3441.720000,177.808000,11.374900,0.006773
286.910000,3442.920000,177.913000,11.372500,0.006806
287.010000,3444.120000,178.019000,11.370100,0.006839
287.110000,3445.320000,178.125000,11.367700,0.006871
287.210000,3446.520000,178.231000,11.365300,0.006901
287.310000,3447.720000,178.337000,11.363000,0.006930
287.410000,3448.920000,178.443000,11.360600,0.006957
287.510000,3450.120000,178.549000,11.358200,0.006984
287.610000,3451.320000,178.654000,11.355800,0.007009
287.710000,3452.520000,178.760000,11.353400,0.007033
287.810000,3453.720000,178.866000,11.351000,0.007055
287.910000,3454.920000,178.972000,11.348600,0.007077
288.010000,3456.120000,179.079000,11.346300,0.007097
288.110000,3457.320000,179.185000,11.343900,0.007115
288.210000,3458.520000,179.291000,11.341500,0.007133
288.310000,3459.720000,179.397000,11.339100,0.007149
288.410000,3460.920000,179.503000,11.336700,0.007164
288.510000,3462.120000,179.609000,11.334400,0.007177
288.610000,3463.320000,179.715000,11.332000,0.007189
288.710000,3464.520000,179.821000,11.329600,0.007200
288.810000,3465.720000,179.928000,11.327300,0.007210
288.910000,3466.920000,180.034000,11.324900,0.007218
289.010000,3468.120000,180.140000,11.322500,0.007225
289.110000,3469.320000,180.246000,11.320200,0.007231
289.210000,3470.520000,180.353000,11.317800,0.007235
289.310000,3471.720000,180.459000,11.315500,0.007238
289.410000,3472.920000,180.565000,11.313100,0.007239
289.510000,3474.120000,180.672000,11.310700,0.007239
289.610000,3475.320000,180.778000,11.308400,0.007238
289.710000,3476.520000,180.885000,11.306000,0.007236
289.810000,3477.720000,180.991000,11.303700,0.007232
289.910000,3478.920000,181.097000,11.301300,0.007227
290.010000,3480.120000,181.204000,11.299000,0.007221
290.110000,3481.320000,181.310000,11.296600,0.007213
290.210000,3482.520000,181.417000,11.294300,0.007204
290.310000,3483.720000,181.524000,11.292000,0.007193
290.410000,3484.920000,181.630000,11.289600,0.007182
290.510000,3486.120000,181.737000,11.287300,0.007169
290.610000,3487.320000,181.843000,11.284900,0.007154
290.710000,3488.520000,181.950000,11.282600,0.007139
290.810000,3489.720000,182.057000,11.280300,0.007122
290.910000,3490.920000,182.163000,11.277900,0.007103
291.010000,3492.120000,182.270000,11.275600,0.007084
291.110000,3493.320000,182.377000,11.273300,0.007063
291.210000,3494.520000,182.483000,11.270900,0.007041
291.310000,3495.720000,182.590000,11.268600,0.007017
291.410000,3496.920000,182.697000,11.266300,0.006992
291.510000,3498.120000,182.804000,11.264000,0.006966
291.610000,3499.320000,182.911000,11.261700,0.006939
291.710000,3500.520000,183.018000,11.259300,0.006910
291.810000,3501.720000,183.124000,11.257000,0.006881
291.910000,3502.920000,183.231000,11.254700,0.006850
292.010000,3504.120000,183.338000,11.252400,0.006817
292.110000,3505.320000,183.445000,11.250100,0.006784
292.210000,3506.520000,183.552000,11.247800,0.006749
292.310000,3507.720000,183.659000,11.245400,0.006713
292.410000,3508.920000,183.766000,11.243100,0.006676
292.510000,3510.120000,183.873000,11.240800,0.006637
292.610000,3511.320000,183.980000,11.238500,0.006597
292.710000,3512.520000,184.087000,11.236200,0.006557
292.810000,3513.720000,184.194000,11.233900,0.006515
292.910000,3514.920000,184.302000,11.231600,0.006472
293.010000,3516.120000,184.409000,11.229300,0.006427
293.110000,3517.320000,184.516000,11.227000,0.006382
293.210000,3518.520000,184.623000,11.224700,0.006335
293.310000,3519.720000,184.730000,11.222400,0.006287
293.410000,3520.920000,184.837000,11.220100,0.006239
293.510000,3522.120000,184.945000,11.217800,0.006189
293.610000,3523.320000,185.052000,11.215600,0.006138
293.710000,3524.520000,185.159000,11.213300,0.006085
293.810000,3525.720000,185.267000,11.211000,0.006032
293.910000,3526.920000,185.374000,11.208700,0.005978
294.010000,3528.120000,185.481000,11.206400,0.005923
294.110000,3529.320000,185.589000,11.204100,0.005867
294.210000,3530.520000,185.696000,11.201800,0.005809
294.310000,3531.720000,185.804000,11.199600,0.005751
294.410000,3532.920000,185.911000,11.197300,0.005692
294.510000,3534.120000,186.018000,11.195000,0.005632
294.610000,3535.320000,186.126000,11.192700,0.005570
294.710000,3536.520000,186.233000,11.190500,0.005508
294.810000,3537.720000,186.341000,11.188200,0.005445
294.910000,3538.920000,186.449000,11.185900,0.005381
295.010000,3540.120000,186.556000,11.183700,0.005317
295.110000,3541.320000,186.664000,11.181400,0.005251
295.210000,3542.520000,186.771000,11.179100,0.005184
295.310000,3543.720000,186.879000,11.176900,0.005117
295.410000,3544.920000,186.987000,11.174600,0.005049
295.510000,3546.120000,187.094000,11.172300,0.004980
295.610000,3547.320000,187.202000,11.170100,0.004910
295.710000,3548.520000,187.310000,11.167800,0.004840
295.810000,3549.720000,187.418000,11.165600,0.004769
295.910000,3550.920000,187.525000,11.163300,0.004697
296.010000,3552.120000,187.633000,11.161100,0.004624
296.110000,3553.320000,187.741000,11.158800,0.004551
296.210000,3554.520000,187.849000,11.156600,0.004477
296.310000,3555.720000,187.957000,11.154300,0.004402
296.410000,3556.920000,188.065000,11.152100,0.004327
296.510000,3558.120000,188.173000,11.149800,0.004251
296.610000,3559.320000,188.280000,11.147600,0.004174
296.710000,3560.520000,188.388000,11.145300,0.004097
296.810000,3561.720000,188.496000,11.143100,0.004020
296.910000,3562.920000,188.604000,11.140900,0.003942
297.010000,3564.120000,188.712000,11.138600,0.003863
297.110000,3565.320000,188.820000,11.136400,0.003784
297.210000,3566.520000,188.928000,11.134200,0.003705
297.310000,3567.720000,189.037000,11.131900,0.003625
297.410000,3568.920000,189.145000,11.129700,0.003545
297.510000,3570.120000,189.253000,11.127500,0.003464
297.610000,3571.320000,189.361000,11.125200,0.003383
297.710000,3572.520000,189.469000,11.123000,0.003302
297.810000,3573.720000,189.577000,11.120800,0.003220
297.910000,3574.920000,189.686000,11.118600,0.003138
298.010000,3576.120000,189.794000,11.116300,0.003056
298.110000,3577.320000,189.902000,11.114100,0.002974
298.210000,3578.520000,190.010000,11.111900,0.002891
298.310000,3579.720000,190.119000,11.109700,0.002809
298.410000,3580.920000,190.227000,11.107500,0.002726
298.510000,3582.120000,190.335000,11.105300,0.002643
298.610000,3583.320000,190.444000,11.103000,0.002560
298.710000,3584.520000,190.552000,11.100800,0.002477
298.810000,3585.720000,190.660000,11.098600,0.002394
298.910000,3586.920000,190.769000,11.096400,0.002311
299.010000,3588.120000,190.877000,11.094200,0.002228
299.110000,3589.320000,190.986000,11.092000,0.002145
299.210000,3590.520000,191.094000,11.089800,0.002062
299.310000,3591.720000,191.203000,11.087600,0.001979
299.410000,3592.920000,191.311000,11.085400,0.001896
299.510000,3594.120000,191.420000,11.083200,0.001814
299.610000,3595.320000,191.528000,11.081000,0.001732
299.710000,3596.520000,191.637000,11.078800,0.001650
299.810000,3597.720000,191.746000,11.076600,0.001568
299.910000,3598.920000,191.854000,11.074400,0.001487
300.010000,3600.120000,191.963000,11.072200,0.001406
300.110000,3601.320000,192.072000,11.070000,0.001325
300.210000,3602.520000,192.180000,11.067800,0.001245
300.310000,3603.720000,192.289000,11.065600,0.001165
300.410000,3604.920000,192.398000,11.063500,0.001085
300.510000,3606.120000,192.507000,11.061300,0.001007
300.610000,3607.320000,192.615000,11.059100,0.000928
300.710000,3608.520000,192.724000,11.056900,0.000851
300.810000,3609.720000,192.833000,11.054700,0.000773
300.910000,3610.920000,192.942000,11.052600,0.000697
301.010000,3612.120000,193.051000,11.050400,0.000621
301.110000,3613.320000,193.160000,11.048200,0.000546
301.210000,3614.520000,193.269000,11.046000,0.000472
301.310000,3615.720000,193.378000,11.043900,0.000398
301.410000,3616.920000,193.487000,11.041700,0.000325
301.510000,3618.120000,193.596000,11.039500,0.000253
301.610000,3619.320000,193.705000,11.037300,0.000182
301.710000,3620.520000,193.814000,11.035200,0.000112
301.810000,3621.720000,193.923000,11.033000,0.000043
301.910000,3622.920000,194.032000,11.030800,-0.000025
302.010000,3624.120000,194.141000,11.028700,-0.000092
302.110000,3625.320000,194.250000,11.026500,-0.000158
302.210000,3626.520000,194.359000,11.024400,-0.000223
302.310000,3627.720000,194.468000,11.022200,-0.000286
302.410000,3628.920000,194.577000,11.020000,-0.000349
302.510000,3630.120000,194.687000,11.017900,-0.000410
302.610000,3631.320000,194.796000,11.015700,-0.000470
302.710000,3632.520000,194.905000,11.013600,-0.000528
302.810000,3633.720000,195.014000,11.011400,-0.000586
302.910000,3634.920000,195.124000,11.009300,-0.000641
303.010000,3636.120000,195.233000,11.007100,-0.000696
303.110000,3637.320000,195.342000,11.005000,-0.000749
303.210000,3638.520000,195.452000,11.002800,-0.000800
303.310000,3639.720000,195.561000,11.000700,-0.000850
303.410000,3640.920000,195.670000,10.998500,-0.000898
303.510000,3642.120000,195.780000,10.996400,-0.000944
303.610000,3643.320000,195.889000,10.994300,-0.000989
303.710000,3644.520000,195.999000,10.992100,-0.001032
303.810000,3645.720000,196.108000,10.990000,-0.001073
303.910000,3646.920000,196.218000,10.987900,-0.001113
304.010000,3648.120000,196.327000,10.985700,-0.001150
304.110000,3649.320000,196.437000,10.983600,-0.001186
304.210000,3650.520000,196.546000,10.981500,-0.001220
304.310000,3651.720000,196.656000,10.979300,-0.001251
304.410000,3652.920000,196.766000,10.977200,-0.001281
304.510000,3654.120000,196.875000,10.975100,-0.001308
304.610000,3655.320000,196.985000,10.972900,-0.001333
304.710000,3656.520000,197.094000,10.970800,-0.001356
304.810000,3657.720000,197.204000,10.968700,-0.001377
304.910000,3658.920000,197.314000,10.966600,-0.001396
305.010000,3660.120000,197.424000,10.964400,-0.001412
305.110000,3661.320000,197.533000,10.962300,-0.001426
305.210000,3662.520000,197.643000,10.960200,-0.001438
305.310000,3663.720000,197.753000,10.958100,-0.001447
305.410000,3664.920000,197.863000,10.956000,-0.001454
305.510000,3666.120000,197.973000,10.953900,-0.001459
305.610000,3667.320000,198.082000,10.951700,-0.001462
305.710000,3668.520000,198.192000,10.949600,-0.001462
305.810000,3669.720000,198.302000,10.947500,-0.001461
305.910000,3670.920000,198.412000,10.945400,-0.001457
306.010000,3672.120000,198.522000,10.943300,-0.001451
306.110000,3673.320000,198.632000,10.941200,-0.001443
306.210000,3674.520000,198.742000,10.939100,-0.001433
306.310000,3675.720000,198.852000,10.937000,-0.001420
306.410000,3676.920000,198.962000,10.934900,-0.001406
306.510000,3678.120000,199.072000,10.932800,-0.001390
306.610000,3679.320000,199.182000,10.930700,-0.001372
306.710000,3680.520000,199.292000,10.928600,-0.001353
306.810000,3681.720000,199.402000,10.926500,-0.001331
306.910000,3682.920000,199.513000,10.924400,-0.001308
307.010000,3684.120000,199.623000,10.922300,-0.001282
307.110000,3685.320000,199.733000,10.920200,-0.001255
307.210000,3686.520000,199.843000,10.918100,-0.001227
307.310000,3687.720000,199.953000,10.916000,-0.001197
307.410000,3688.920000,200.064000,10.914000,-0.001165
307.510000,3690.120000,200.174000,10.911900,-0.001131
307.610000,3691.320000,200.284000,10.909800,-0.001096
307.710000,3692.520000,200.394000,10.907700,-0.001060
307.810000,3693.720000,200.505000,10.905600,-0.001022
307.910000,3694.920000,200.615000,10.903500,-0.000982
308.010000,3696.120000,200.726000,10.901500,-0.000941
308.110000,3697.320000,200.836000,10.899400,-0.000899
308.210000,3698.520000,200.946000,10.897300,-0.000855
308.310000,3699.720000,201.057000,10.895200,-0.000810
308.410000,3700.920000,201.167000,10.893200,-0.000764
308.510000,3702.120000,201.278000,10.891100,-0.000716
308.610000,3703.320000,201.388000,10.889000,-0.000668
308.710000,3704.520000,201.499000,10.886900,-0.000617
308.810000,3705.720000,201.609000,10.884900,-0.000566
308.910000,3706.920000,201.720000,10.882800,-0.000514
309.010000,3708.120000,201.830000,10.880700,-0.000460
309.110000,3709.320000,201.941000,10.878700,-0.000406
309.210000,3710.520000,202.052000,10.876600,-0.000350
309.310000,3711.720000,202.162000,10.874500,-0.000293
309.410000,3712.920000,202.273000,10.872500,-0.000236
309.510000,3714.120000,202.384000,10.870400,-0.000177
309.610000,3715.320000,202.494000,10.868400,-0.000118
309.710000,3716.520000,202.605000,10.866300,-0.000057
309.810000,3717.720000,202.716000,10.864300,0.000004
309.910000,3718.920000,202.827000,10.862200,0.000067
310.010000,3720.120000,202.937000,10.860200,0.000130
310.110000,3721.320000,203.048000,10.858100,0.000193
310.210000,3722.520000,203.159000,10.856000,0.000258
310.310000,3723.720000,203.270000,10.854000,0.000324
310.410000,3724.920000,203.381000,10.852000,0.000390
310.510000,3726.120000,203.492000,10.849900,0.000456
310.610000,3727.320000,203.603000,10.847900,0.000524
310.710000,3728.520000,203.713000,10.845800,0.000592
310.810000,3729.720000,203.824000,10.843800,0.000661
310.910000,3730.920000,203.935000,10.841700,0.000730
311.010000,3732.120000,204.046000,10.839700,0.000800
311.110000,3733.320000,204.157000,10.837700,0.000870
311.210000,3734.520000,204.268000,10.835600,0.000941
311.310000,3735.720000,204.380000,10.833600,0.001013
311.410000,3736.920000,204.491000,10.831600,0.001084
311.510000,3738.120000,204.602000,10.829500,0.001157
311.610000,3739.320000,204.713000,10.827500,0.001229
311.710000,3740.520000,204.824000,10.825500,0.001302
311.810000,3741.720000,204.935000,10.823400,0.001376
311.910000,3742.920000,205.046000,10.821400,0.001450
312.010000,3744.120000,205.158000,10.819400,0.001524
312.110000,3745.320000,205.269000,10.817300,0.001598
312.210000,3746.520000,205.380000,10.815300,0.001673
312.310000,3747.720000,205.491000,10.813300,0.001747
312.410000,3748.920000,205.603000,10.811300,0.001822
312.510000,3750.120000,205.714000,10.809300,0.001898
312.610000,3751.320000,205.825000,10.807200,0.001973
312.710000,3752.520000,205.937000,10.805200,0.002049
312.810000,3753.720000,206.048000,10.803200,0.002124
312.910000,3754.920000,206.159000,10.801200,0.002200
313.010000,3756.120000,206.271000,10.799200,0.002276
313.110000,3757.320000,206.382000,10.797200,0.002352
313.210000,3758.520000,206.494000,10.795200,0.002428
313.310000,3759.720000,206.605000,10.793100,0.002504
313.410000,3760.920000,206.717000,10.791100,0.002580
313.510000,3762.120000,206.828000,10.789100,0.002656
313.610000,3763.320000,206.940000,10.787100,0.002732
313.710000,3764.520000,207.051000,10.785100,0.002808
313.810000,3765.720000,207.163000,10.783100,0.002883
313.910000,3766.920000,207.274000,10.781100,0.002959
314.010000,3768.120000,207.386000,10.779100,0.003035
314.110000,3769.320000,207.498000,10.777100,0.003110
314.210000,3770.520000,207.609000,10.775100,0.003185
314.310000,3771.720000,207.721000,10.773100,0.003260
314.410000,3772.920000,207.833000,10.771100,0.003335
314.510000,3774.120000,207.944000,10.769100,0.003410
314.610000,3775.320000,208.056000,10.767100,0.003484
314.710000,3776.520000,208.168000,10.765200,0.003558
314.810000,3777.720000,208.280000,10.763200,0.003632
314.910000,3778.920000,208.392000,10.761200,0.003705
315.010000,3780.120000,208.503000,10.759200,0.003778
315.110000,3781.320000,208.615000,10.757200,0.003851
315.210000,3782.520000,208.727000,10.755200,0.003924
315.310000,3783.720000,208.839000,10.753200,0.003996
315.410000,3784.920000,208.951000,10.751200,0.004067
315.510000,3786.120000,209.063000,10.749300,0.004139
315.610000,3787.320000,209.175000,10.747300,0.004210
315.710000,3788.520000,209.287000,10.745300,0.004280
315.810000,3789.720000,209.399000,10.743300,0.004350
315.910000,3790.920000,209.511000,10.741400,0.004420
316.010000,3792.120000,209.623000,10.739400,0.004489
316.110000,3793.320000,209.735000,10.737400,0.004557
316.210000,3794.520000,209.847000,10.735400,0.004625
316.310000,3795.720000,209.959000,10.733500,0.004693
316.410000,3796.920000,210.071000,10.731500,0.004760
316.510000,3798.120000,210.183000,10.729500,0.004826
316.610000,3799.320000,210.296000,10.727600,0.004892
316.710000,3800.520000,210.408000,10.725600,0.004957
316.810000,3801.720000,210.520000,10.723600,0.005022
316.910000,3802.920000,210.632000,10.721700,0.005085
317.010000,3804.120000,210.744000,10.719700,0.005149
317.110000,3805.320000,210.857000,10.717700,0.005212
317.210000,3806.520000,210.969000,10.715800,0.005274
317.310000,3807.720000,211.081000,10.713800,0.005335
317.410000,3808.920000,211.194000,10.711900,0.005396
317.510000,3810.120000,211.306000,10.709900,0.005455
317.610000,3811.320000,211.418000,10.708000,0.005515
317.710000,3812.520000,211.531000,10.706000,0.005573
317.810000,3813.720000,211.643000,10.704100,0.005631
317.910000,3814.920000,211.755000,10.702100,0.005688
318.010000,3816.120000,211.868000,10.700200,0.005744
318.110000,3817.320000,211.980000,10.698200,0.005800
318.210000,3818.520000,212.093000,10.696300,0.005854
318.310000,3819.720000,212.205000,10.694300,0.005908
318.410000,3820.920000,212.318000,10.692400,0.005961
318.510000,3822.120000,212.430000,10.690400,0.006014
318.610000,3823.320000,212.543000,10.688500,0.006065
318.710000,3824.520000,212.656000,10.686500,0.006116
318.810000,3825.720000,212.768000,10.684600,0.006165
318.910000,3826.920000,212.881000,10.682700,0.006214
319.010000,3828.120000,212.994000,10.680700,0.006262
319.110000,3829.320000,213.106000,10.678800,0.006309
319.210000,3830.520000,213.219000,10.676900,0.006356
319.310000,3831.720000,213.332000,10.674900,0.006401
319.410000,3832.920000,213.444000,10.673000,0.006445
319.510000,3834.120000,213.557000,10.671100,0.006489
319.610000,3835.320000,213.670000,10.669100,0.006532
319.710000,3836.520000,213.783000,10.667200,0.006573
319.810000,3837.720000,213.896000,10.665300,0.006614
319.910000,3838.920000,214.008000,10.663300,0.006654
320.010000,3840.120000,214.121000,10.661400,0.006693
320.110000,3841.320000,214.234000,10.659500,0.006730
320.210000,3842.520000,214.347000,10.657600,0.006767
320.310000,3843.720000,214.460000,10.655700,0.006803
320.410000,3844.920000,214.573000,10.653700,0.006838
320.510000,3846.120000,214.686000,10.651800,0.006872
320.610000,3847.320000,214.799000,10.649900,0.006905
320.710000,3848.520000,214.912000,10.648000,0.006937
320.810000,3849.720000,215.025000,10.646100,0.006968
320.910000,3850.920000,215.138000,10.644100,0.006997
321.010000,3852.120000,215.251000,10.642200,0.007026
321.110000,3853.320000,215.364000,10.640300,0.007054
321.210000,3854.520000,215.477000,10.638400,0.007081
321.310000,3855.720000,215.590000,10.636500,0.007106
321.410000,3856.920000,215.703000,10.634600,0.007131
321.510000,3858.120000,215.817000,10.632700,0.007155
321.610000,3859.320000,215.930000,10.630800,0.007177
321.710000,3860.520000,216.043000,10.628900,0.007199
321.810000,3861.720000,216.156000,10.627000,0.007219
321.910000,3862.920000,216.269000,10.625100,0.007239
322.010000,3864.120000,216.383000,10.623200,0.007257
322.110000,3865.320000,216.496000,10.621300,0.007274
322.210000,3866.520000,216.609000,10.619400,0.007290
322.310000,3867.720000,216.723000,10.617500,0.007305
322.410000,3868.920000,216.836000,10.615600,0.007319
322.510000,3870.120000,216.949000,10.613700,0.007332
322.610000,3871.320000,217.063000,10.611800,0.007344
322.710000,3872.520000,217.176000,10.609900,0.007355
322.810000,3873.720000,217.289000,10.608000,0.007364
322.910000,3874.920000,217.403000,10.606100,0.007373
323.010000,3876.120000,217.516000,10.604200,0.007380
323.110000,3877.320000,217.630000,10.602300,0.007387
323.210000,3878.520000,217.743000,10.600500,0.007392
323.310000,3879.720000,217.857000,10.598600,0.007396
323.410000,3880.920000,217.970000,10.596700,0.007399
323.510000,3882.120000,218.084000,10.594800,0.007401
323.610000,3883.320000,218.198000,10.592900,0.007402
323.710000,3884.520000,218.311000,10.591000,0.007401
323.810000,3885.720000,218.425000,10.589200,0.007400
323.910000,3886.920000,218.539000,10.587300,0.007397
324.010000,3888.120000,218.652000,10.585400,0.007394
324.110000,3889.320000,218.766000,10.583500,0.007389
324.210000,3890.520000,218.880000,10.581700,0.007383
324.310000,3891.720000,218.993000,10.579800,0.007376
324.410000,3892.920000,219.107000,10.577900,0.007368
324.510000,3894.120000,219.221000,10.576000,0.007359
324.610000,3895.320000,219.335000,10.574200,0.007349
324.710000,3896.520000,219.448000,10.572300,0.007337
324.810000,3897.720000,219.562000,10.570400,0.007325
324.910000,3898.920000,219.676000,10.568600,0.007311
325.010000,3900.120000,219.790000,10.566700,0.007297
325.110000,3901.320000,219.904000,10.564800,0.007281
325.210000,3902.520000,220.018000,10.563000,0.007264
325.310000,3903.720000,220.132000,10.561100,0.007247
325.410000,3904.920000,220.246000,10.559300,0.007228
325.510000,3906.120000,220.360000,10.557400,0.007208
325.610000,3907.320000,220.474000,10.555500,0.007187
325.710000,3908.520000,220.588000,10.553700,0.007164
325.810000,3909.720000,220.702000,10.551800,0.007141
325.910000,3910.920000,220.816000,10.550000,0.007117
326.010000,3912.120000,220.930000,10.548100,0.007092
326.110000,3913.320000,221.044000,10.546300,0.007065
326.210000,3914.520000,221.158000,10.544400,0.007038
326.310000,3915.720000,221.272000,10.542600,0.007009
326.410000,3916.920000,221.386000,10.540700,0.006980
326.510000,3918.120000,221.500000,10.538900,0.006949
326.610000,3919.320000,221.615000,10.537000,0.006918
326.710000,3920.520000,221.729000,10.535200,0.006885
326.810000,3921.720000,221.843000,10.533300,0.006852
326.910000,3922.920000,221.957000,10.531500,0.006817
327.010000,3924.120000,222.072000,10.529700,0.006781
327.110000,3925.320000,222.186000,10.527800,0.006745
327.210000,3926.520000,222.300000,10.526000,0.006707
327.310000,3927.720000,222.415000,10.524100,0.006669
327.410000,3928.920000,222.529000,10.522300,0.006629
327.510000,3930.120000,222.643000,10.520500,0.006589
327.610000,3931.320000,222.758000,10.518600,0.006547
327.710000,3932.520000,222.872000,10.516800,0.006505
327.810000,3933.720000,222.987000,10.515000,0.006462
327.910000,3934.920000,223.101000,10.513100,0.006417
328.010000,3936.120000,223.215000,10.511300,0.006372
328.110000,3937.320000,223.330000,10.509500,0.006326
328.210000,3938.520000,223.444000,10.507600,0.006279
328.310000,3939.720000,223.559000,10.505800,0.006231
328.410000,3940.920000,223.674000,10.504000,0.006182
328.510000,3942.120000,223.788000,10.502200,0.006133
328.610000,3943.320000,223.903000,10.500300,0.006082
328.710000,3944.520000,224.017000,10.498500,0.006031
328.810000,3945.720000,224.132000,10.496700,0.005979
328.910000,3946.920000,224.247000,10.494900,0.005926
329.010000,3948.120000,224.361000,10.493100,0.005872
329.110000,3949.320000,224.476000,10.491200,0.005817
329.210000,3950.520000,224.591000,10.489400,0.005761
329.310000,3951.720000,224.705000,10.487600,0.005705
329.410000,3952.920000,224.820000,10.485800,0.005648
329.510000,3954.120000,224.935000,10.484000,0.005590
329.610000,3955.320000,225.050000,10.482200,0.005532
329.710000,3956.520000,225.165000,10.480400,0.005472
329.810000,3957.720000,225.279000,10.478500,0.005412
329.910000,3958.920000,225.394000,10.476700,0.005351
330.010000,3960.120000,225.509000,10.474900,0.005290
330.110000,3961.320000,225.624000,10.473100,0.005228
330.210000,3962.520000,225.739000,10.471300,0.005165
330.310000,3963.720000,225.854000,10.469500,0.005101
330.410000,3964.920000,225.969000,10.467700,0.005037
330.510000,3966.120000,226.084000,10.465900,0.004972
330.610000,3967.320000,226.199000,10.464100,0.004906
330.710000,3968.520000,226.314000,10.462300,0.004840
330.810000,3969.720000,226.429000,10.460500,0.004774
330.910000,3970.920000,226.544000,10.458700,0.004706
331.010000,3972.120000,226.659000,10.456900,0.004638
331.110000,3973.320000,226.774000,10.455100,0.004570
331.210000,3974.520000,226.889000,10.453300,0.004501
331.310000,3975.720000,227.004000,10.451500,0.004432
331.410000,3976.920000,227.119000,10.449700,0.004362
331.510000,3978.120000,227.235000,10.447900,0.004291
331.610000,3979.320000,227.350000,10.446200,0.004220
331.710000,3980.520000,227.465000,10.444400,0.004149
331.810000,3981.720000,227.580000,10.442600,0.004077
331.910000,3982.920000,227.695000,10.440800,0.004004
332.010000,3984.120000,227.811000,10.439000,0.003932
332.110000,3985.320000,227.926000,10.437200,0.003858
332.210000,3986.520000,228.041000,10.435400,0.003785
332.310000,3987.720000,228.157000,10.433700,0.003711
332.410000,3988.920000,228.272000,10.431900,0.003637
332.510000,3990.120000,228.387000,10.430100,0.003562
332.610000,3991.320000,228.503000,10.428300,0.003487
332.710000,3992.520000,228.618000,10.426500,0.003412
332.810000,3993.720000,228.734000,10.424800,0.003337
332.910000,3994.920000,228.849000,10.423000,0.003261
333.010000,3996.120000,228.964000,10.421200,0.003185
333.110000,3997.320000,229.080000,10.419400,0.003109
333.210000,3998.520000,229.195000,10.417700,0.003033
333.310000,3999.720000,229.311000,10.415900,0.002956
333.410000,4000.920000,229.426000,10.414100,0.002880
333.510000,4002.120000,229.542000,10.412400,0.002803
333.610000,4003.320000,229.658000,10.410600,0.002726
333.710000,4004.520000,229.773000,10.408800,0.002649
333.810000,4005.720000,229.889000,10.407100,0.002572
333.910000,4006.920000,230.004000,10.405300,0.002495
334.010000,4008.120000,230.120000,10.403500,0.002418
334.110000,4009.320000,230.236000,10.401800,0.002341
334.210000,4010.520000,230.352000,10.400000,0.002263
334.310000,4011.720000,230.467000,10.398200,0.002186
334.410000,4012.920000,230.583000,10.396500,0.002109
334.510000,4014.120000,230.699000,10.394700,0.002032
334.610000,4015.320000,230.815000,10.393000,0.001955
334.710000,4016.520000,230.930000,10.391200,0.001878
334.810000,4017.720000,231.046000,10.389500,0.001802
334.910000,4018.920000,231.162000,10.387700,0.001725
335.010000,4020.120000,231.278000,10.385900,0.001649
335.110000,4021.320000,231.394000,10.384200,0.001573
335.210000,4022.520000,231.510000,10.382400,0.001497
335.310000,4023.720000,231.626000,10.380700,0.001421
335.410000,4024.920000,231.741000,10.378900,0.001346
335.510000,4026.120000,231.857000,10.377200,0.001271
335.610000,4027.320000,231.973000,10.375400,0.001196
335.710000,4028.520000,232.089000,10.373700,0.001122
335.810000,4029.720000,232.205000,10.372000,0.001048
335.910000,4030.920000,232.321000,10.370200,0.000974
336.010000,4032.120000,232.437000,10.368500,0.000901
336.110000,4033.320000,232.554000,10.366700,0.000828
336.210000,4034.520000,232.670000,10.365000,0.000756
336.310000,4035.720000,232.786000,10.363200,0.000684
336.410000,4036.920000,232.902000,10.361500,0.000613
336.510000,4038.120000,233.018000,10.359800,0.000542
336.610000,4039.320000,233.134000,10.358000,0.000472
336.710000,4040.520000,233.250000,10.356300,0.000403
336.810000,4041.720000,233.367000,10.354600,0.000334
336.910000,4042.920000,233.483000,10.352800,0.000266
337.010000,4044.120000,233.599000,10.351100,0.000198
337.110000,4045.320000,233.715000,10.349400,0.000132
337.210000,4046.520000,233.832000,10.347600,0.000066
337.310000,4047.720000,233.948000,10.345900,0.000000
337.410000,4048.920000,234.064000,10.344200,-0.000064
337.510000,4050.120000,234.181000,10.342500,-0.000128
337.610000,4051.320000,234.297000,10.340700,-0.000191
337.710000,4052.520000,234.413000,10.339000,-0.000252
337.810000,4053.720000,234.530000,10.337300,-0.000313
337.910000,4054.920000,234.646000,10.335600,-0.000374
338.010000,4056.120000,234.763000,10.333800,-0.000433
338.110000,4057.320000,234.879000,10.332100,-0.000491
338.210000,4058.520000,234.996000,10.330400,-0.000548
338.310000,4059.720000,235.112000,10.328700,-0.000604
338.410000,4060.920000,235.229000,10.327000,-0.000659
338.510000,4062.120000,235.345000,10.325200,-0.000713
338.610000,4063.320000,235.462000,10.323500,-0.000765
338.710000,4064.520000,235.578000,10.321800,-0.000817
338.810000,4065.720000,235.695000,10.320100,-0.000867
338.910000,4066.920000,235.811000,10.318400,-0.000916
339.010000,4068.120000,235.928000,10.316700,-0.000964
339.110000,4069.320000,236.045000,10.315000,-0.001010
339.210000,4070.520000,236.161000,10.313300,-0.001055
339.310000,4071.720000,236.278000,10.311500,-0.001099
339.410000,4072.920000,236.395000,10.309800,-0.001141
339.510000,4074.120000,236.512000,10.308100,-0.001182
339.610000,4075.320000,236.628000,10.306400,-0.001222
339.710000,4076.520000,236.745000,10.304700,-0.001260
339.810000,4077.720000,236.862000,10.303000,-0.001296
339.910000,4078.920000,236.979000,10.301300,-0.001331
340.010000,4080.120000,237.096000,10.299600,-0.001364
340.110000,4081.320000,237.212000,10.297900,-0.001396
340.210000,4082.520000,237.329000,10.296200,-0.001426
340.310000,4083.720000,237.446000,10.294500,-0.001454
340.410000,4084.920000,237.563000,10.292800,-0.001481
340.510000,4086.120000,237.680000,10.291100,-0.001506
340.610000,4087.320000,237.797000,10.289400,-0.001529
340.710000,4088.520000,237.914000,10.287700,-0.001550
340.810000,4089.720000,238.031000,10.286000,-0.001569
340.910000,4090.920000,238.148000,10.284300,-0.001587
341.010000,4092.120000,238.265000,10.282700,-0.001602
341.110000,4093.320000,238.382000,10.281000,-0.001616
341.210000,4094.520000,238.499000,10.279300,-0.001628
341.310000,4095.720000,238.616000,10.277600,-0.001638
341.410000,4096.920000,238.733000,10.275900,-0.001646
341.510000,4098.120000,238.850000,10.274200,-0.001653
341.610000,4099.320000,238.967000,10.272500,-0.001657
341.710000,4100.520000,239.085000,10.270800,-0.001660
341.810000,4101.720000,239.202000,10.269200,-0.001661
341.910000,4102.920000,239.319000,10.267500,-0.001660
342.010000,4104.120000,239.436000,10.265800,-0.001657
342.110000,4105.320000,239.553000,10.264100,-0.001652
342.210000,4106.520000,239.671000,10.262400,-0.001646
342.310000,4107.720000,239.788000,10.260800,-0.001639
342.410000,4108.920000,239.905000,10.259100,-0.001629
342.510000,4110.120000,240.023000,10.257400,-0.001618
342.610000,4111.320000,240.140000,10.255700,-0.001605
342.710000,4112.520000,240.257000,10.254100,-0.001591
342.810000,4113.720000,240.375000,10.252400,-0.001575
342.910000,4114.920000,240.492000,10.250700,-0.001558
343.010000,4116.120000,240.609000,10.249000,-0.001539
343.110000,4117.320000,240.727000,10.247400,-0.001519
343.210000,4118.520000,240.844000,10.245700,-0.001498
343.310000,4119.720000,240.962000,10.244000,-0.001475
343.410000,4120.920000,241.079000,10.242400,-0.001450
343.510000,4122.120000,241.197000,10.240700,-0.001424
343.610000,4123.320000,241.314000,10.239000,-0.001397
343.710000,4124.520000,241.432000,10.237400,-0.001369
343.810000,4125.720000,241.549000,10.235700,-0.001339
343.910000,4126.920000,241.667000,10.234000,-0.001308
344.010000,4128.120000,241.784000,10.232400,-0.001275
344.110000,4129.320000,241.902000,10.230700,-0.001242
344.210000,4130.520000,242.020000,10.229100,-0.001207
344.310000,4131.720000,242.137000,10.227400,-0.001171
344.410000,4132.920000,242.255000,10.225700,-0.001134
344.510000,4134.120000,242.373000,10.224100,-0.001096
344.610000,4135.320000,242.490000,10.222400,-0.001057
344.710000,4136.520000,242.608000,10.220800,-0.001017
344.810000,4137.720000,242.726000,10.219100,-0.000975
344.910000,4138.920000,242.844000,10.217500,-0.000933
345.010000,4140.120000,242.962000,10.215800,-0.000889
345.110000,4141.320000,243.079000,10.214200,-0.000845
345.210000,4142.520000,243.197000,10.212500,-0.000800
345.310000,4143.720000,243.315000,10.210900,-0.000753
345.410000,4144.920000,243.433000,10.209200,-0.000706
345.510000,4146.120000,243.551000,10.207600,-0.000658
345.610000,4147.320000,243.669000,10.205900,-0.000609
345.710000,4148.520000,243.787000,10.204300,-0.000559
345.810000,4149.720000,243.904000,10.202600,-0.000508
345.910000,4150.920000,244.022000,10.201000,-0.000457
346.010000,4152.120000,244.140000,10.199300,-0.000404
346.110000,4153.320000,244.258000,10.197700,-0.000351
346.210000,4154.520000,244.376000,10.196100,-0.000297
346.310000,4155.720000,244.494000,10.194400,-0.000243
346.410000,4156.920000,244.613000,10.192800,-0.000187
346.510000,4158.120000,244.731000,10.191100,-0.000131
346.610000,4159.320000,244.849000,10.189500,-0.000075
346.710000,4160.520000,244.967000,10.187900,-0.000017
346.810000,4161.720000,245.085000,10.186200,0.000041
346.910000,4162.920000,245.203000,10.184600,0.000099
347.010000,4164.120000,245.321000,10.183000,0.000158
347.110000,4165.320000,245.439000,10.181300,0.000218
347.210000,4166.520000,245.558000,10.179700,0.000278
347.310000,4167.720000,245.676000,10.178100,0.000339
347.410000,4168.920000,245.794000,10.176500,0.000400
347.510000,4170.120000,245.912000,10.174800,0.000462
347.610000,4171.320000,246.031000,10.173200,0.000524
347.710000,4172.520000,246.149000,10.171600,0.000587
347.810000,4173.720000,246.267000,10.169900,0.000650
347.910000,4174.920000,246.386000,10.168300,0.000714
348.010000,4176.120000,246.504000,10.166700,0.000778
348.110000,4177.320000,246.622000,10.165100,0.000842
348.210000,4178.520000,246.741000,10.163500,0.000907
348.310000,4179.720000,246.859000,10.161800,0.000972
348.410000,4180.920000,246.978000,10.160200,0.001037
348.510000,4182.120000,247.096000,10.158600,0.001103
348.610000,4183.320000,247.215000,10.157000,0.001169
348.710000,4184.520000,247.333000,10.155400,0.001235
348.810000,4185.720000,247.452000,10.153700,0.001301
348.910000,4186.920000,247.570000,10.152100,0.001368
349.010000,4188.120000,247.689000,10.150500,0.001435
349.110000,4189.320000,247.807000,10.148900,0.001502
349.210000,4190.520000,247.926000,10.147300,0.001569
349.310000,4191.720000,248.044000,10.145700,0.001637
349.410000,4192.920000,248.163000,10.144100,0.001704
349.510000,4194.120000,248.282000,10.142500,0.001772
349.610000,4195.320000,248.400000,10.140900,0.001840
349.710000,4196.520000,248.519000,10.139200,0.001908
349.810000,4197.720000,248.638000,10.137600,0.001976
349.910000,4198.920000,248.756000,10.136000,0.002044
350.010000,4200.120000,248.875000,10.134400,0.002112
350.110000,4201.320000,248.994000,10.132800,0.002180
350.210000,4202.520000,249.113000,10.131200,0.002248
350.310000,4203.720000,249.231000,10.129600,0.002316
350.410000,4204.920000,249.350000,10.128000,0.002385
350.510000,4206.120000,249.469000,10.126400,0.002453
350.610000,4207.320000,249.588000,10.124800,0.002521
350.710000,4208.520000,249.707000,10.123200,0.002589
350.810000,4209.720000,249.826000,10.121600,0.002657
350.910000,4210.920000,249.945000,10.120000,0.002725
351.010000,4212.120000,250.064000,10.118400,0.002793
351.110000,4213.320000,250.182000,10.116800,0.002860
351.210000,4214.520000,250.301000,10.115300,0.002928
351.310000,4215.720000,250.420000,10.113700,0.002995
351.410000,4216.920000,250.539000,10.112100,0.003062
351.510000,4218.120000,250.658000,10.110500,0.003130
351.610000,4219.320000,250.777000,10.108900,0.003196
351.710000,4220.520000,250.897000,10.107300,0.003263
351.810000,4221.720000,251.016000,10.105700,0.003330
351.910000,4222.920000,251.135000,10.104100,0.003396
352.010000,4224.120000,251.254000,10.102500,0.003462
352.110000,4225.320000,251.373000,10.101000,0.003528
352.210000,4226.520000,251.492000,10.099400,0.003593
352.310000,4227.720000,251.611000,10.097800,0.003658
352.410000,4228.920000,251.730000,10.096200,0.003723
352.510000,4230.120000,251.850000,10.094600,0.003788
352.610000,4231.320000,251.969000,10.093000,0.003852
352.710000,4232.520000,252.088000,10.091500,0.003916
352.810000,4233.720000,252.207000,10.089900,0.003980
352.910000,4234.920000,252.327000,10.088300,0.004043
353.010000,4236.120000,252.446000,10.086700,0.004106
353.110000,4237.320000,252.565000,10.085200,0.004168
353.210000,4238.520000,252.685000,10.083600,0.004230
353.310000,4239.720000,252.804000,10.082000,0.004292
353.410000,4240.920000,252.923000,10.080400,0.004353
353.510000,4242.120000,253.043000,10.078900,0.004414
353.610000,4243.320000,253.162000,10.077300,0.004475
353.710000,4244.520000,253.282000,10.075700,0.004535
353.810000,4245.720000,253.401000,10.074200,0.004594
353.910000,4246.920000,253.520000,10.072600,0.004653
354.010000,4248.120000,253.640000,10.071000,0.004712
354.110000,4249.320000,253.759000,10.069400,0.004770
354.210000,4250.520000,253.879000,10.067900,0.004828
354.310000,4251.720000,253.999000,10.066300,0.004885
354.410000,4252.920000,254.118000,10.064800,0.004942
354.510000,4254.120000,254.238000,10.063200,0.004998
354.610000,4255.320000,254.357000,10.061600,0.005053
354.710000,4256.520000,254.477000,10.060100,0.005108
354.810000,4257.720000,254.597000,10.058500,0.005162
354.910000,4258.920000,254.716000,10.056900,0.005216
355.010000,4260.120000,254.836000,10.055400,0.005270
355.110000,4261.320000,254.956000,10.053800,0.005322
355.210000,4262.520000,255.075000,10.052300,0.005374
355.310000,4263.720000,255.195000,10.050700,0.005426
355.410000,4264.920000,255.315000,10.049200,0.005477
355.510000,4266.120000,255.434000,10.047600,0.005527
355.610000,4267.320000,255.554000,10.046100,0.005577
355.710000,4268.520000,255.674000,10.044500,0.005626
355.810000,4269.720000,255.794000,10.043000,0.005674
355.910000,4270.920000,255.914000,10.041400,0.005722
356.010000,4272.120000,256.034000,10.039900,0.005769
356.110000,4273.320000,256.153000,10.038300,0.005815
356.210000,4274.520000,256.273000,10.036800,0.005861
356.310000,4275.720000,256.393000,10.035200,0.005906
356.410000,4276.920000,256.513000,10.033700,0.005950
356.510000,4278.120000,256.633000,10.032100,0.005994
356.610000,4279.320000,256.753000,10.030600,0.006036
356.710000,4280.520000,256.873000,10.029000,0.006079
356.810000,4281.720000,256.993000,10.027500,0.006120
356.910000,4282.920000,257.113000,10.025900,0.006161
357.010000,4284.120000,257.233000,10.024400,0.006201
357.110000,4285.320000,257.353000,10.022900,0.006240
357.210000,4286.520000,257.473000,10.021300,0.006279
357.310000,4287.720000,257.593000,10.019800,0.006316
357.410000,4288.920000,257.714000,10.018300,0.006353
357.510000,4290.120000,257.834000,10.016700,0.006389
357.610000,4291.320000,257.954000,10.015200,0.006425
357.710000,4292.520000,258.074000,10.013600,0.006460
357.810000,4293.720000,258.194000,10.012100,0.006494
357.910000,4294.920000,258.314000,10.010600,0.006527
358.010000,4296.120000,258.435000,10.009000,0.006559
358.110000,4297.320000,258.555000,10.007500,0.006590
358.210000,4298.520000,258.675000,10.006000,0.006621
358.310000,4299.720000,258.795000,10.004500,0.006651
358.410000,4300.920000,258.916000,10.002900,0.006680
358.510000,4302.120000,259.036000,10.001400,0.006708
358.610000,4303.320000,259.156000,9.999870,0.006736
358.710000,4304.520000,259.277000,9.998350,0.006763
358.810000,4305.720000,259.397000,9.996820,0.006788
358.910000,4306.920000,259.517000,9.995300,0.006813
359.010000,4308.120000,259.638000,9.993780,0.006837
359.110000,4309.320000,259.758000,9.992250,0.006861
359.210000,4310.520000,259.879000,9.990730,0.006883
359.310000,4311.720000,259.999000,9.989210,0.006905
359.410000,4312.920000,260.120000,9.987690,0.006925
359.510000,4314.120000,260.240000,9.986170,0.006945
359.610000,4315.320000,260.361000,9.984650,0.006964
359.710000,4316.520000,260.481000,9.983140,0.006983
359.810000,4317.720000,260.602000,9.981620,0.007000
359.910000,4318.920000,260.722000,9.980110,0.007016
360.010000,4320.120000,260.843000,9.978590,0.007032
360.110000,4321.320000,260.964000,9.977080,0.007047
360.210000,4322.520000,261.084000,9.975570,0.007060
360.310000,4323.720000,261.205000,9.974050,0.007073
360.410000,4324.920000,261.326000,9.972540,0.007085
360.510000,4326.120000,261.446000,9.971030,0.007097
360.610000,4327.320000,261.567000,9.969520,0.007107
360.710000,4328.520000,261.688000,9.968010,0.007116
360.810000,4329.720000,261.808000,9.966510,0.007125
360.910000,4330.920000,261.929000,9.965000,0.007132
361.010000,4332.120000,262.050000,9.963490,0.007139
361.110000,4333.320000,262.171000,9.961990,0.007145
361.210000,4334.520000,262.292000,9.960490,0.007150
361.310000,4335.720000,262.412000,9.958980,0.007154
361.410000,4336.920000,262.533000,9.957480,0.007157
361.510000,4338.120000,262.654000,9.955980,0.007160
361.610000,4339.320000,262.775000,9.954480,0.007161
361.710000,4340.520000,262.896000,9.952980,0.007161
361.810000,4341.720000,263.017000,9.951480,0.007161
361.910000,4342.920000,263.138000,9.949980,0.007160
362.010000,4344.120000,263.259000,9.948480,0.007158
362.110000,4345.320000,263.380000,9.946990,0.007155
362.210000,4346.520000,263.501000,9.945490,0.007151
362.310000,4347.720000,263.622000,9.944000,0.007146
362.410000,4348.920000,263.743000,9.942500,0.007140
362.510000,4350.120000,263.864000,9.941010,0.007133
362.610000,4351.320000,263.985000,9.939520,0.007126
362.710000,4352.520000,264.106000,9.938030,0.007118
362.810000,4353.720000,264.227000,9.936540,0.007108
362.910000,4354.920000,264.348000,9.935050,0.007098
363.010000,4356.120000,264.469000,9.933560,0.007087
363.110000,4357.320000,264.590000,9.932070,0.007075
363.210000,4358.520000,264.712000,9.930580,0.007062
363.310000,4359.720000,264.833000,9.929090,0.007049
363.410000,4360.920000,264.954000,9.927610,0.007034
363.510000,4362.120000,265.075000,9.926120,0.007019
363.610000,4363.320000,265.197000,9.924640,0.007002
363.710000,4364.520000,265.318000,9.923160,0.006985
363.810000,4365.720000,265.439000,9.921680,0.006967
363.910000,4366.920000,265.560000,9.920190,0.006948
364.010000,4368.120000,265.682000,9.918710,0.006928
364.110000,4369.320000,265.803000,9.917230,0.006908
364.210000,4370.520000,265.924000,9.915760,0.006886
364.310000,4371.720000,266.046000,9.914280,0.006864
364.410000,4372.920000,266.167000,9.912800,0.006840
364.510000,4374.120000,266.289000,9.911320,0.006816
364.610000,4375.320000,266.410000,9.909850,0.006791
364.710000,4376.520000,266.532000,9.908370,0.006766
364.810000,4377.720000,266.653000,9.906900,0.006739
364.910000,4378.920000,266.775000,9.905430,0.006712
365.010000,4380.120000,266.896000,9.903960,0.006684
365.110000,4381.320000,267.018000,9.902480,0.006654
365.210000,4382.520000,267.139000,9.901010,0.006625
365.310000,4383.720000,267.261000,9.899540,0.006594
365.410000,4384.920000,267.382000,9.898080,0.006562
365.510000,4386.120000,267.504000,9.896610,0.006530
365.610000,4387.320000,267.625000,9.895140,0.006497
365.710000,4388.520000,267.747000,9.893670,0.006463
365.810000,4389.720000,267.869000,9.892210,0.006428
365.910000,4390.920000,267.990000,9.890740,0.006393
366.010000,4392.120000,268.112000,9.889280,0.006357
366.110000,4393.320000,268.234000,9.887820,0.006320
366.210000,4394.520000,268.355000,9.886350,0.006282
366.310000,4395.720000,268.477000,9.884890,0.006243
366.410000,4396.920000,268.599000,9.883430,0.006204
366.510000,4398.120000,268.721000,9.881970,0.006164
366.610000,4399.320000,268.843000,9.880510,0.006123
366.710000,4400.520000,268.964000,9.879060,0.006082
366.810000,4401.720000,269.086000,9.877600,0.006039
366.910000,4402.920000,269.208000,9.876140,0.005996
367.010000,4404.120000,269.330000,9.874690,0.005953
367.110000,4405.320000,269.452000,9.873230,0.005908
367.210000,4406.520000,269.574000,9.871780,0.005863
367.310000,4407.720000,269.696000,9.870320,0.005817
367.410000,4408.920000,269.818000,9.868870,0.005771
367.510000,4410.120000,269.940000,9.867420,0.005724
367.610000,4411.320000,270.062000,9.865970,0.005676
367.710000,4412.520000,270.183000,9.864520,0.005627
367.810000,4413.720000,270.306000,9.863070,0.005578
367.910000,4414.920000,270.428000,9.861620,0.005528
368.010000,4416.120000,270.550000,9.860170,0.005478
368.110000,4417.320000,270.672000,9.858730,0.005427
368.210000,4418.520000,270.794000,9.857280,0.005375
368.310000,4419.720000,270.916000,9.855840,0.005323
368.410000,4420.920000,271.038000,9.854390,0.005270
368.510000,4422.120000,271.160000,9.852950,0.005216
368.610000,4423.320000,271.282000,9.851500,0.005162
368.710000,4424.520000,271.404000,9.850060,0.005108
368.810000,4425.720000,271.527000,9.848620,0.005052
368.910000,4426.920000,271.649000,9.847180,0.004997
369.010000,4428.120000,271.771000,9.845740,0.004940
369.110000,4429.320000,271.893000,9.844300,0.004883
369.210000,4430.520000,272.016000,9.842870,0.004826
369.310000,4431.720000,272.138000,9.841430,0.004768
369.410000,4432.920000,272.260000,9.839990,0.004709
369.510000,4434.120000,272.382000,9.838560,0.004650
369.610000,4435.320000,272.505000,9.837120,0.004591
369.710000,4436.520000,272.627000,9.835690,0.004531
369.810000,4437.720000,272.749000,9.834250,0.004471
369.910000,4438.920000,272.872000,9.832820,0.004410
370.010000,4440.120000,272.994000,9.831390,0.004348
370.110000,4441.320000,273.117000,9.829960,0.004287
370.210000,4442.520000,273.239000,9.828530,0.004224
370.310000,4443.720000,273.362000,9.827100,0.004162
370.410000,4444.920000,273.484000,9.825670,0.004099
370.510000,4446.120000,273.607000,9.824240,0.004035
370.610000,4447.320000,273.729000,9.822820,0.003972
370.710000,4448.520000,273.852000,9.821390,0.003907
370.810000,4449.720000,273.974000,9.819970,0.003843
370.910000,4450.920000,274.097000,9.818540,0.003778
371.010000,4452.120000,274.219000,9.817120,0.003713
371.110000,4453.320000,274.342000,9.815700,0.003647
371.210000,4454.520000,274.465000,9.814270,0.003582
371.310000,4455.720000,274.587000,9.812850,0.003516
371.410000,4456.920000,274.710000,9.811430,0.003449
371.510000,4458.120000,274.832000,9.810010,0.003382
371.610000,4459.320000,274.955000,9.808590,0.003316
371.710000,4460.520000,275.078000,9.807170,0.003248
371.810000,4461.720000,275.201000,9.805760,0.003181
371.910000,4462.920000,275.323000,9.804340,0.003113
372.010000,4464.120000,275.446000,9.802920,0.003046
372.110000,4465.320000,275.569000,9.801510,0.002978
372.210000,4466.520000,275.692000,9.800100,0.002909
372.310000,4467.720000,275.815000,9.798680,0.002841
372.410000,4468.920000,275.937000,9.797270,0.002773
372.510000,4470.120000,276.060000,9.795860,0.002704
372.610000,4471.320000,276.183000,9.794450,0.002635
372.710000,4472.520000,276.306000,9.793040,0.002566
372.810000,4473.720000,276.429000,9.791630,0.002498
372.910000,4474.920000,276.552000,9.790220,0.002429
373.010000,4476.120000,276.675000,9.788810,0.002359
373.110000,4477.320000,276.798000,9.787400,0.002290
373.210000,4478.520000,276.921000,9.786000,0.002221
373.310000,4479.720000,277.044000,9.784590,0.002152
373.410000,4480.920000,277.167000,9.783180,0.002083
373.510000,4482.120000,277.290000,9.781780,0.002014
373.610000,4483.320000,277.413000,9.780380,0.001945
373.710000,4484.520000,277.536000,9.778970,0.001876
373.810000,4485.720000,277.659000,9.777570,0.001807
373.910000,4486.920000,277.782000,9.776170,0.001738
374.010000,4488.120000,277.905000,9.774770,0.001669
374.110000,4489.320000,278.028000,9.773370,0.001600
374.210000,4490.520000,278.151000,9.771970,0.001532
374.310000,4491.720000,278.275000,9.770570,0.001463
374.410000,4492.920000,278.398000,9.769180,0.001395
374.510000,4494.120000,278.521000,9.767780,0.001327
374.610000,4495.320000,278.644000,9.766380,0.001259
374.710000,4496.520000,278.767000,9.764990,0.001191
374.810000,4497.720000,278.891000,9.763600,0.001124
374.910000,4498.920000,279.014000,9.762200,0.001057
375.010000,4500.120000,279.137000,9.760810,0.000990
375.110000,4501.320000,279.261000,9.759420,0.000923
375.210000,4502.520000,279.384000,9.758030,0.000857
375.310000,4503.720000,279.507000,9.756640,0.000791
375.410000,4504.920000,279.631000,9.755250,0.000725
375.510000,4506.120000,279.754000,9.753860,0.000660
375.610000,4507.320000,279.877000,9.752470,0.000595
375.710000,4508.520000,280.001000,9.751080,0.000530
375.810000,4509.720000,280.124000,9.749690,0.000466
375.910000,4510.920000,280.248000,9.748310,0.000403
376.010000,4512.120000,280.371000,9.746920,0.000339
376.110000,4513.320000,280.495000,9.745540,0.000277
376.210000,4514.520000,280.618000,9.744150,0.000214
376.310000,4515.720000,280.742000,9.742770,0.000152
376.410000,4516.920000,280.865000,9.741390,0.000091
376.510000,4518.120000,280.989000,9.740010,0.000030
376.610000,4519.320000,281.112000,9.738630,-0.000030
376.710000,4520.520000,281.236000,9.737250,-0.000089
376.810000,4521.720000,281.359000,9.735870,-0.000148
376.910000,4522.920000,281.483000,9.734490,-0.000207
377.010000,4524.120000,281.607000,9.733110,-0.000264
377.110000,4525.320000,281.730000,9.731730,-0.000321
377.210000,4526.520000,281.854000,9.730360,-0.000378
377.310000,4527.720000,281.978000,9.728980,-0.000433
377.410000,4528.920000,282.102000,9.727610,-0.000488
377.510000,4530.120000,282.225000,9.726230,-0.000542
377.610000,4531.320000,282.349000,9.724860,-0.000596
377.710000,4532.520000,282.473000,9.723490,-0.000648
377.810000,4533.720000,282.597000,9.722120,-0.000700
377.910000,4534.920000,282.720000,9.720750,-0.000751
378.010000,4536.120000,282.844000,9.719380,-0.000801
378.110000,4537.320000,282.968000,9.718010,-0.000850
378.210000,4538.520000,283.092000,9.716640,-0.000899
378.310000,4539.720000,283.216000,9.715270,-0.000946
378.410000,4540.920000,283.340000,9.713900,-0.000992
378.510000,4542.120000,283.464000,9.712530,-0.001038
378.610000,4543.320000,283.587000,9.711170,-0.001082
378.710000,4544.520000,283.711000,9.709800,-0.001126
378.810000,4545.720000,283.835000,9.708440,-0.001168
378.910000,4546.920000,283.959000,9.707080,-0.001210
379.010000,4548.120000,284.083000,9.705710,-0.001250
379.110000,4549.320000,284.207000,9.704350,-0.001289
379.210000,4550.520000,284.331000,9.702990,-0.001327
379.310000,4551.720000,284.455000,9.701630,-0.001364
379.410000,4552.920000,284.579000,9.700270,-0.001400
379.510000,4554.120000,284.704000,9.698910,-0.001434
379.610000,4555.320000,284.828000,9.697550,-0.001468
379.710000,4556.520000,284.952000,9.696190,-0.001500
379.810000,4557.720000,285.076000,9.694840,-0.001531
379.910000,4558.920000,285.200000,9.693480,-0.001560
380.010000,4560.120000,285.324000,9.692120,-0.001588
380.110000,4561.320000,285.448000,9.690770,-0.001615
380.210000,4562.520000,285.573000,9.689410,-0.001641
380.310000,4563.720000,285.697000,9.688060,-0.001665
380.410000,4564.920000,285.821000,9.686710,-0.001687
380.510000,4566.120000,285.945000,9.685360,-0.001709
380.610000,4567.320000,286.070000,9.684000,-0.001728
380.710000,4568.520000,286.194000,9.682650,-0.001747
380.810000,4569.720000,286.318000,9.681300,-0.001764
380.910000,4570.920000,286.442000,9.679950,-0.001779
381.010000,4572.120000,286.567000,9.678610,-0.001792
381.110000,4573.320000,286.691000,9.677260,-0.001805
381.210000,4574.520000,286.816000,9.675910,-0.001815
381.310000,4575.720000,286.940000,9.674560,-0.001824
381.410000,4576.920000,287.064000,9.673220,-0.001832
381.510000,4578.120000,287.189000,9.671870,-0.001838
381.610000,4579.320000,287.313000,9.670530,-0.001842
381.710000,4580.520000,287.438000,9.669190,-0.001845
381.810000,4581.720000,287.562000,9.667840,-0.001846
381.910000,4582.920000,287.687000,9.666500,-0.001846
382.010000,4584.120000,287.811000,9.665160,-0.001844
382.110000,4585.320000,287.936000,9.663820,-0.001841
382.210000,4586.520000,288.060000,9.662480,-0.001836
382.310000,4587.720000,288.185000,9.661140,-0.001830
382.410000,4588.920000,288.309000,9.659800,-0.001822
382.510000,4590.120000,288.434000,9.658460,-0.001813
382.610000,4591.320000,288.559000,9.657130,-0.001802
382.710000,4592.520000,288.683000,9.655790,-0.001790
382.810000,4593.720000,288.808000,9.654450,-0.001777
382.910000,4594.920000,288.933000,9.653120,-0.001762
383.010000,4596.120000,289.057000,9.651790,-0.001746
383.110000,4597.320000,289.182000,9.650450,-0.001729
383.210000,4598.520000,289.307000,9.649120,-0.001710
383.310000,4599.720000,289.431000,9.647790,-0.001690
383.410000,4600.920000,289.556000,9.646460,-0.001669
383.510000,4602.120000,289.681000,9.645120,-0.001647
383.610000,4603.320000,289.806000,9.643790,-0.001623
383.710000,4604.520000,289.931000,9.642470,-0.001598
383.810000,4605.720000,290.055000,9.641140,-0.001572
383.910000,4606.920000,290.180000,9.639810,-0.001545
384.010000,4608.120000,290.305000,9.638480,-0.001517
384.110000,4609.320000,290.430000,9.637160,-0.001488
384.210000,4610.520000,290.555000,9.635830,-0.001457
384.310000,4611.720000,290.680000,9.634500,-0.001425
384.410000,4612.920000,290.805000,9.633180,-0.001393
384.510000,4614.120000,290.930000,9.631860,-0.001359
384.610000,4615.320000,291.055000,9.630530,-0.001324
384.710000,4616.520000,291.180000,9.629210,-0.001288
384.810000,4617.720000,291.305000,9.627890,-0.001252
384.910000,4618.920000,291.430000,9.626570,-0.001214
385.010000,4620.120000,291.555000,9.625250,-0.001175
385.110000,4621.320000,291.680000,9.623930,-0.001136
385.210000,4622.520000,291.805000,9.622610,-0.001095
385.310000,4623.720000,291.930000,9.621290,-0.001053
385.410000,4624.920000,292.055000,9.619970,-0.001011
385.510000,4626.120000,292.180000,9.618660,-0.000968
385.610000,4627.320000,292.305000,9.617340,-0.000923
385.710000,4628.520000,292.430000,9.616030,-0.000878
385.810000,4629.720000,292.556000,9.614710,-0.000833
385.910000,4630.920000,292.681000,9.613400,-0.000786
386.010000,4632.120000,292.806000,9.612080,-0.000739
386.110000,4633.320000,292.931000,9.610770,-0.000690
386.210000,4634.520000,293.056000,9.609460,-0.000641
386.310000,4635.720000,293.182000,9.608150,-0.000592
386.410000,4636.920000,293.307000,9.606840,-0.000541
386.510000,4638.120000,293.432000,9.605530,-0.000490
386.610000,4639.320000,293.557000,9.604220,-0.000438
386.710000,4640.520000,293.683000,9.602910,-0.000386
386.810000,4641.720000,293.808000,9.601600,-0.000332
386.910000,4642.920000,293.934000,9.600300,-0.000278
387.010000,4644.120000,294.059000,9.598990,-0.000224
387.110000,4645.320000,294.184000,9.597680,-0.000169
387.210000,4646.520000,294.310000,9.596380,-0.000113
387.310000,4647.720000,294.435000,9.595070,-0.000057
387.410000,4648.920000,294.561000,9.593770,0.000000
387.510000,4650.120000,294.686000,9.592470,0.000058
387.610000,4651.320000,294.811000,9.591170,0.000116
387.710000,4652.520000,294.937000,9.589860,0.000174
387.810000,4653.720000,295.062000,9.588560,0.000233
387.910000,4654.920000,295.188000,9.587260,0.000293
388.010000,4656.120000,295.314000,9.585960,0.000353
388.110000,4657.320000,295.439000,9.584660,0.000413
388.210000,4658.520000,295.565000,9.583370,0.000474
388.310000,4659.720000,295.690000,9.582070,0.000536
388.410000,4660.920000,295.816000,9.580770,0.000597
388.510000,4662.120000,295.942000,9.579480,0.000660
388.610000,4663.320000,296.067000,9.578180,0.000722
388.710000,4664.520000,296.193000,9.576890,0.000785
388.810000,4665.720000,296.319000,9.575590,0.000848
388.910000,4666.920000,296.444000,9.574300,0.000912
389.010000,4668.120000,296.570000,9.573010,0.000976
389.110000,4669.320000,296.696000,9.571710,0.001041
389.210000,4670.520000,296.821000,9.570420,0.001105
389.310000,4671.720000,296.947000,9.569130,0.001170
389.410000,4672.920000,297.073000,9.567840,0.001235
389.510000,4674.120000,297.199000,9.566550,0.001301
389.610000,4675.320000,297.325000,9.565260,0.001367
389.710000,4676.520000,297.450000,9.563980,0.001433
389.810000,4677.720000,297.576000,9.562690,0.001499
389.910000,4678.920000,297.702000,9.561400,0.001566
390.010000,4680.120000,297.828000,9.560120,0.001632
390.110000,4681.320000,297.954000,9.558830,0.001699
390.210000,4682.520000,298.080000,9.557550,0.001766
390.310000,4683.720000,298.206000,9.556260,0.001833
390.410000,4684.920000,298.332000,9.554980,0.001901
390.510000,4686.120000,298.458000,9.553700,0.001968
390.610000,4687.320000,298.584000,9.552420,0.002036
390.710000,4688.520000,298.710000,9.551130,0.002104
390.810000,4689.720000,298.836000,9.549850,0.002171
390.910000,4690.920000,298.962000,9.548570,0.002239
391.010000,4692.120000,299.088000,9.547290,0.002307
391.110000,4693.320000,299.214000,9.546020,0.002375
391.210000,4694.520000,299.340000,9.544740,0.002443
391.310000,4695.720000,299.466000,9.543460,0.002512
391.410000,4696.920000,299.592000,9.542180,0.002580
391.510000,4698.120000,299.718000,9.540910,0.002648
391.610000,4699.320000,299.844000,9.539630,0.002716
391.710000,4700.520000,299.971000,9.538360,0.002785
391.810000,4701.720000,300.097000,9.537090,0.002853
391.910000,4702.920000,300.223000,9.535810,0.002921
392.010000,4704.120000,300.349000,9.534540,0.002989
392.110000,4705.320000,300.476000,9.533270,0.003057
392.210000,4706.520000,300.602000,9.532000,0.003125
392.310000,4707.720000,300.728000,9.530730,0.003193
392.410000,4708.920000,300.854000,9.529460,0.003261
392.510000,4710.120000,300.981000,9.528190,0.003329
392.610000,4711.320000,301.107000,9.526920,0.003396
392.710000,4712.520000,301.233000,9.525650,0.003464
392.810000,4713.720000,301.360000,9.524380,0.003531
392.910000,4714.920000,301.486000,9.523120,0.003598
393.010000,4716.120000,301.612000,9.521850,0.003666
393.110000,4717.320000,301.739000,9.520590,0.003733
393.210000,4718.520000,301.865000,9.519320,0.003799
393.310000,4719.720000,301.992000,9.518060,0.003866
393.410000,4720.920000,302.118000,9.516790,0.003932
393.510000,4722.120000,302.245000,9.515530,0.003999
393.610000,4723.320000,302.371000,9.514270,0.004065
393.710000,4724.520000,302.498000,9.513010,0.004130
393.810000,4725.720000,302.624000,9.511750,0.004196
393.910000,4726.920000,302.751000,9.510490,0.004261
394.010000,4728.120000,302.877000,9.509230,0.004326
394.110000,4729.320000,303.004000,9.507970,0.004391
394.210000,4730.520000,303.130000,9.506710,0.004456
394.310000,4731.720000,303.257000,9.505460,0.004520
394.410000,4732.920000,303.384000,9.504200,0.004584
394.510000,4734.120000,303.510000,9.502940,0.004648
394.610000,4735.320000,303.637000,9.501690,0.004711
394.710000,4736.520000,303.764000,9.500430,0.004774
394.810000,4737.720000,303.890000,9.499180,0.004837
394.910000,4738.920000,304.017000,9.497930,0.004899
395.010000,4740.120000,304.144000,9.496670,0.004961
395.110000,4741.320000,304.271000,9.495420,0.005023
395.210000,4742.520000,304.397000,9.494170,0.005084
395.310000,4743.720000,304.524000,9.492920,0.005145
395.410000,4744.920000,304.651000,9.491670,0.005206
395.510000,4746.120000,304.778000,9.490420,0.005266
395.610000,4747.320000,304.905000,9.489170,0.005326
395.710000,4748.520000,305.031000,9.487920,0.005385
395.810000,4749.720000,305.158000,9.486670,0.005444
395.910000,4750.920000,305.285000,9.485430,0.005503
396.010000,4752.120000,305.412000,9.484180,0.005561
396.110000,4753.320000,305.539000,9.482940,0.005619
396.210000,4754.520000,305.666000,9.481690,0.005676
396.310000,4755.720000,305.793000,9.480450,0.005733
396.410000,4756.920000,305.920000,9.479200,0.005790
396.510000,4758.120000,306.047000,9.477960,0.005846
396.610000,4759.320000,306.174000,9.476720,0.005901
396.710000,4760.520000,306.301000,9.475480,0.005956
396.810000,4761.720000,306.428000,9.474240,0.006011
396.910000,4762.920000,306.555000,9.473000,0.006065
397.010000,4764.120000,306.682000,9.471760,0.006118
397.110000,4765.320000,306.809000,9.470520,0.006171
397.210000,4766.520000,306.936000,9.469280,0.006224
397.310000,4767.720000,307.063000,9.468040,0.006276
397.410000,4768.920000,307.190000,9.466800,0.006327
397.510000,4770.120000,307.317000,9.465570,0.006378
397.610000,4771.320000,307.445000,9.464330,0.006429
397.710000,4772.520000,307.572000,9.463100,0.006479
397.810000,4773.720000,307.699000,9.461860,0.006528
397.910000,4774.920000,307.826000,9.460630,0.006577
398.010000,4776.120000,307.953000,9.459390,0.006625
398.110000,4777.320000,308.081000,9.458160,0.006672
398.210000,4778.520000,308.208000,9.456930,0.006719
398.310000,4779.720000,308.335000,9.455700,0.006766
398.410000,4780.920000,308.462000,9.454470,0.006812
398.510000,4782.120000,308.590000,9.453240,0.006857
398.610000,4783.320000,308.717000,9.452010,0.006902
398.710000,4784.520000,308.844000,9.450780,0.006946
398.810000,4785.720000,308.972000,9.449550,0.006989
398.910000,4786.920000,309.099000,9.448320,0.007032
399.010000,4788.120000,309.227000,9.447100,0.007075
399.110000,4789.320000,309.354000,9.445870,0.007116
399.210000,4790.520000,309.481000,9.444640,0.007157
399.310000,4791.720000,309.609000,9.443420,0.007198
399.410000,4792.920000,309.736000,9.442190,0.007237
399.510000,4794.120000,309.864000,9.440970,0.007276
399.610000,4795.320000,309.991000,9.439750,0.007315
399.710000,4796.520000,310.119000,9.438520,0.007352
399.810000,4797.720000,310.246000,9.437300,0.007390
399.910000,4798.920000,310.374000,9.436080,0.007426
400.010000,4800.120000,310.501000,9.434860,0.007462
