spot_id,energy_MeV,x_mm,y_mm,weight,source_x_mm,source_y_mm,source_z_mm,direction_x,direction_y,direction_z,energy_spread_percent,sigma_x_mm,sigma_y_mm,sigma_x_prime,sigma_y_prime,correlation_x,correlation_y
1,2974.79,0,0,1,-18.2656030589,-14.4371,0.0001,-0.000152182,0,1,0,0,0,0,0,0,0
2,2278.93,0,0,1,-18.3712356755,-19.5040739019,0.0001,-0.00177483,-0.00865150030174,0.999961,0,0,0,0,0,0,0
3,3032.54,0,0,1,-10.826387897,-18.071693498,0.0001,0.000602132,-0.00465159285133,0.999989,0,0,0,0,0,0,0
4,1172.32,0,0,1,-9.6597607658,-7.54649165687,0.0001,0.0188536,0.0332266288847,0.99927,0,0,0,0,0,0,0
5,2875,0,0,1,-18.6206510959,-15.179715926,0.0001,-0.00751693,0.00418263007866,0.999963,0,0,0,0,0,0,0
6,3054.07,0,0,1,-11.0084142901,-12.7118245726,0.0001,-0.00071095,-0.00122251752445,0.999999,0,0,0,0,0,0,0
7,2960.39,0,0,1,-14.6829869016,-17.858967592,0.0001,-0.0043234,-0.00336273511297,0.999985,0,0,0,0,0,0,0
8,2963.45,0,0,1,-18.1617316819,-19.3634769717,0.0001,-0.00157615,-0.00880421212702,0.99996,0,0,0,0,0,0,0
9,2921.02,0,0,1,-14.9901241421,-18.3543939703,0.0001,-0.00617604,-0.00467500052603,0.99997,0,0,0,0,0,0,0
10,3019.49,0,0,1,-14.7587605999,-10.2860996788,0.0001,-0.00301487,0.00499101892234,0.999983,0,0,0,0,0,0,0
11,2365.55,0,0,1,-9.92658166203,-24.239247149,0.0001,0.00986464,-0.0222396326784,0.999704,0,0,0,0,0,0,0
12,2926.78,0,0,1,-14.6876223162,-17.9096659557,0.0001,-0.00111025,-0.0032813577887,0.999994,0,0,0,0,0,0,0
13,2955.99,0,0,1,-10.8688073175,-12.8533,0.0001,-0.000364054,-0,1,0,0,0,0,0,0,0
14,940.807,0,0,1,-14.2900850041,-17.0947742352,0.0001,-0.00422863,-0.0136421510153,0.999898,0,0,0,0,0,0,0
15,212.638,0,0,1,-13.2759390705,-11.9500117622,0.0001,-0.0466683,-0.00555416511368,0.998895,0,0,0,0,0,0,0
16,3014.32,0,0,1,-14.2486029047,-13.3911,0.0001,-0.000144513,-0,1,0,0,0,0,0,0,0
17,2843.71,0,0,1,-14.4418716675,-9.29301439597,0.0001,-0.00356526,0.0122181160631,0.999919,0,0,0,0,0,0,0
18,1637.93,0,0,1,-18.794798731,-13.0365779058,0.0001,-0.0098833,0.0259648105156,0.999614,0,0,0,0,0,0,0
19,2471.16,0,0,1,-17.5761269861,-11.702969121,0.0001,0.00860677,0.0114853341774,0.999897,0,0,0,0,0,0,0
20,2989.72,0,0,1,-18.6168283707,-7.74749906958,0.0001,-0.00638639,0.00502124822806,0.999967,0,0,0,0,0,0,0
21,2730.82,0,0,1,-14.6076767682,-18.1469383311,0.0001,-0.00381927,0.00306806660083,0.999988,0,0,0,0,0,0,0
22,2947.77,0,0,1,-10.6259526605,-25.5487868969,0.0001,0.00235509,-0.00929792638667,0.999954,0,0,0,0,0,0,0
23,3023.54,0,0,1,-14.7433511426,-15.36602483,0.0001,-0.0025444,-0.00123531884145,0.999996,0,0,0,0,0,0,0
24,3061.48,0,0,1,-14.6701540124,-7.89046400804,0.0001,-0.00268716,0.00328315246897,0.999991,0,0,0,0,0,0,0
25,2997.44,0,0,1,-18.2603838524,-10.6773676103,0.0001,-0.00417172,0.00161141311942,0.99999,0,0,0,0,0,0,0
26,2960.41,0,0,1,-14.5455783869,-16.5458661894,0.0001,0.00107527,-0.00329298624761,0.999994,0,0,0,0,0,0,0
27,2597.82,0,0,1,-10.3234310957,-16.0717480479,0.0001,0.00342796,-0.00736532424529,0.999967,0,0,0,0,0,0,0
28,3011.93,0,0,1,-14.4018816926,-15.9308217453,0.0001,0.000910817,-0.00108185553221,0.999999,0,0,0,0,0,0,0
29,2406.12,0,0,1,-17.522145125,-23.0453657374,0.0001,0.00770293,-0.0231641115827,0.999702,0,0,0,0,0,0,0
30,2927.92,0,0,1,-18.4825098571,-14.1533497611,0.0001,-0.00546543,-0.00247563141743,0.999982,0,0,0,0,0,0,0
31,2885.22,0,0,1,-7.28937656249,-12.9776,0.0001,-0.00331155,-0,0.999995,0,0,0,0,0,0,0
32,2023.28,0,0,1,-17.9344094037,-15.1435260897,0.0001,0.00450723,-0.00129798178998,0.999989,0,0,0,0,0,0,0
33,2733.91,0,0,1,-23.1445166247,-11.6993573236,0.0001,-0.0207231,0.00212274289305,0.999783,0,0,0,0,0,0,0
34,2966.58,0,0,1,-11.1686473323,-25.0784365235,0.0001,-0.00235467,-0.0117664924761,0.999928,0,0,0,0,0,0,0
35,689.701,0,0,1,-14.5006578781,-8.95583112456,0.0001,-0.00785157,0.0267992676865,0.99961,0,0,0,0,0,0,0
36,2077.84,0,0,1,-14.4279586497,-18.0282817615,0.0001,0.00205714,-0.00904247344594,0.999957,0,0,0,0,0,0,0
37,2749.13,0,0,1,-17.5387791236,-13.2107747674,0.0001,0.0060136,-0.00371967606654,0.999975,0,0,0,0,0,0,0
38,403.366,0,0,1,-15.3576778902,-19.1394374676,0.0001,-0.00884987,0.0031109267081,0.999956,0,0,0,0,0,0,0
39,2942.21,0,0,1,-14.8412893758,-12.2075300054,0.0001,-0.00444651,-0.00149279195464,0.999989,0,0,0,0,0,0,0
40,3016.37,0,0,1,-10.7068198738,-11.0227796763,0.0001,-0.000988744,0.00101113021048,0.999999,0,0,0,0,0,0,0
41,2968.89,0,0,1,-14.3927348619,-16.9379920927,0.0001,-0.0017344,-0.00458167138062,0.999988,0,0,0,0,0,0,0
42,3052.41,0,0,1,-14.7449926418,-19.4443374466,0.0001,-0.00460889,-0.00683790735298,0.999966,0,0,0,0,0,0,0
43,3000.41,0,0,1,-10.778717005,-10.8376227783,0.0001,-0.000846019,-0.00113324792158,0.999999,0,0,0,0,0,0,0
44,3030.09,0,0,1,-11.0114055909,-15.3391,0.0001,-0.000278152,-0,1,0,0,0,0,0,0,0
45,2954.83,0,0,1,-14.62197452,-15.16727589,0.0001,-0.00370741,-0.00377556818132,0.999986,0,0,0,0,0,0,0
46,3028.09,0,0,1,-10.7192967454,-17.6428171584,0.0001,0.000161916,-0.00582867859887,0.999983,0,0,0,0,0,0,0
47,3023.44,0,0,1,-11.0206216447,-15.5566184263,0.0001,-0.00107685,-0.000916729555306,0.999999,0,0,0,0,0,0,0
48,1526.68,0,0,1,-20.7259059998,-15.4932959275,0.0001,-0.0350747,0.0399470402397,0.998586,0,0,0,0,0,0,0
49,2752.93,0,0,1,-14.2317093389,-16.3692306449,0.0001,0.00451016,-0.011474000208,0.999924,0,0,0,0,0,0,0
50,3021.87,0,0,1,-6.99535049637,-13.64012679,0.0001,0.000472817,-0.00133283272943,0.999999,0,0,0,0,0,0,0
51,2966.78,0,0,1,-14.8639065321,-12.5747,0.0001,-0.00530003,-0,0.999986,0,0,0,0,0,0,0
52,2801.45,0,0,1,-15.7936757041,-11.9844285571,0.0001,-0.0186878,0.00852769665032,0.999789,0,0,0,0,0,0,0
53,2968.7,0,0,1,-11.1331304202,-14.5661262803,0.0001,-0.00151344,-0.00130747671729,0.999998,0,0,0,0,0,0,0
54,2660.44,0,0,1,-14.3375038869,-7.96585118598,0.0001,0.0047815,0.00889576622613,0.999949,0,0,0,0,0,0,0
55,2098.94,0,0,1,-18.5155780255,-24.916872281,0.0001,-0.00388181,-0.00359601934419,0.999986,0,0,0,0,0,0,0
56,2720.69,0,0,1,-7.25014500878,-17.6865257162,0.0001,-0.00472672,0.0036956452808,0.999982,0,0,0,0,0,0,0
57,2450.48,0,0,1,-14.0488883911,-10.9851729416,0.0001,0.00555256,-0.00362885566623,0.999978,0,0,0,0,0,0,0
58,3002.45,0,0,1,-14.5639675613,-19.4065076864,0.0001,-0.00336119,-0.00535742492098,0.99998,0,0,0,0,0,0,0
59,3018.94,0,0,1,-10.7199171643,-12.7250226585,0.0001,-0.000853942,-0.00112728969688,0.999999,0,0,0,0,0,0,0
60,3006.03,0,0,1,-10.3509115042,-18.0669312184,0.0001,0.00440264,-0.0065280778205,0.999969,0,0,0,0,0,0,0
61,2450.36,0,0,1,-7.6994870608,-19.0145138038,0.0001,-0.00731626,-0.000686739115277,0.999973,0,0,0,0,0,0,0
62,2321.87,0,0,1,-10.0028124231,-19.6421393355,0.0001,0.00933045,-0.0168792211549,0.999814,0,0,0,0,0,0,0
63,3011.93,0,0,1,-14.3871813242,-21.5540021469,0.0001,0.000929098,-0.0100565489064,0.999949,0,0,0,0,0,0,0
64,3000.14,0,0,1,-6.77010807928,-14.5150219911,0.0001,0.00357812,-0.00109407872912,0.999993,0,0,0,0,0,0,0
65,2971.54,0,0,1,-10.951048674,-15.8008103431,0.0001,-0.00242155,-0.00548960577796,0.999982,0,0,0,0,0,0,0
66,194.119,0,0,1,-15.0717856488,-18.1979751648,0.0001,-0.0637575,-0.0483600697348,0.996793,0,0,0,0,0,0,0
67,2980.21,0,0,1,-10.363092978,-14.9622384048,0.0001,0.00532439,-0.00191065829702,0.999984,0,0,0,0,0,0,0
68,3011.17,0,0,1,-10.8877366459,-19.7669430891,0.0001,-0.00182313,-0.00711867038169,0.999973,0,0,0,0,0,0,0
69,2579.73,0,0,1,-7.50433939025,-23.6174977967,0.0001,-0.00494376,-0.0197867625715,0.999792,0,0,0,0,0,0,0
70,2905.75,0,0,1,-6.71687739188,-2.10337187446,0.0001,0.0060994,0.0113485871649,0.999917,0,0,0,0,0,0,0
71,3008.67,0,0,1,-10.5183835957,-14.7447,0.0001,0.000816132,0,1,0,0,0,0,0,0,0
72,517.174,0,0,1,-14.6143166078,-5.98963041635,0.0001,0.00414881,0.00296432228071,0.999987,0,0,0,0,0,0,0
73,2057.57,0,0,1,-11.7436870691,-21.9018522789,0.0001,-0.00930625,-0.00757552156207,0.999928,0,0,0,0,0,0,0
74,3082.49,0,0,1,-14.61014902,-14.9143570372,0.0001,-0.00243879,-0.00283764943851,0.999993,0,0,0,0,0,0,0
75,2959.82,0,0,1,-14.9408223852,-18.0803117852,0.0001,-0.00608861,-0.00556126534773,0.999966,0,0,0,0,0,0,0
76,3003.05,0,0,1,-11.3439287425,-24.4508581943,0.0001,-0.00640444,-0.0128441636274,0.999897,0,0,0,0,0,0,0
77,1742.8,0,0,1,-15.7566025873,-22.7178963922,0.0001,-0.0150478,-0.024685805459,0.999582,0,0,0,0,0,0,0
78,3030.41,0,0,1,-3.40955616667,-17.8550896988,0.0001,0.00317574,-0.00446256097464,0.999985,0,0,0,0,0,0,0
79,3045.06,0,0,1,-7.34256351696,-6.63661564526,0.0001,-0.00216501,0.00270419964127,0.999994,0,0,0,0,0,0,0
80,2997.06,0,0,1,-14.1950589564,-10.938851466,0.0001,0.00204196,0.00241461681399,0.999995,0,0,0,0,0,0,0
81,3017.11,0,0,1,-11.0717868254,-15.1091232737,0.0001,-0.00431963,-0.00115788456377,0.99999,0,0,0,0,0,0,0
82,1863.31,0,0,1,-8.02697527089,-23.5318753619,0.0001,-0.0097136,-0.0136976674671,0.999859,0,0,0,0,0,0,0
83,2956.86,0,0,1,-11.3170132486,-17.8625758937,0.0001,-0.00563413,-0.00377571849363,0.999977,0,0,0,0,0,0,0
84,2968.57,0,0,1,-10.8995218979,-19.0210151398,0.0001,-0.00108943,-0.005728250455,0.999983,0,0,0,0,0,0,0
85,2406.81,0,0,1,-12.6540166876,-23.3140404536,0.0001,-0.0256912,-0.0219006242505,0.99943,0,0,0,0,0,0,0
86,1088.53,0,0,1,-20.7183045363,-5.07569558527,0.0001,0.0146971,0.0116603720176,0.999824,0,0,0,0,0,0,0
87,1452.99,0,0,1,-18.2513830173,-19.9487675259,0.0001,0.000844906,-0.00335947880646,0.999994,0,0,0,0,0,0,0
88,1836.09,0,0,1,-10.5795285648,-12.2685785187,0.0001,0.00852874,-0.00390623322556,0.999956,0,0,0,0,0,0,0
89,2103.67,0,0,1,-15.7060319231,-23.2249900483,0.0001,-0.0165106,-0.0094534293587,0.999819,0,0,0,0,0,0,0
90,3038.5,0,0,1,-10.7966023315,-13.5754716701,0.0001,-0.000115994,0.00140944825804,0.999999,0,0,0,0,0,0,0
91,2937.84,0,0,1,-2.96455077248,-17.7495873473,0.0001,0.00742398,-0.00434547488309,0.999963,0,0,0,0,0,0,0
92,2983.92,0,0,1,-11.138277935,-15.233819758,0.0001,-0.00387733,-0.000982979181423,0.999992,0,0,0,0,0,0,0
93,2970.11,0,0,1,-11.1096726465,-10.8369037335,0.0001,-0.00361419,0.0047892908289,0.999982,0,0,0,0,0,0,0
94,1675.47,0,0,1,-13.1156202066,-18.0210853995,0.0001,-0.0308376,0.0156424046182,0.999402,0,0,0,0,0,0,0
95,2914.06,0,0,1,-11.2090112247,-20.3088293033,0.0001,-0.00553337,-0.00643276926706,0.999964,0,0,0,0,0,0,0
96,3001.35,0,0,1,-7.32720264627,-24.5822069335,0.0001,-0.000131648,-0.0102946520001,0.999947,0,0,0,0,0,0,0
97,547.171,0,0,1,-11.6188122663,-14.3989562464,0.0001,0.0391506,-0.0226755803374,0.998976,0,0,0,0,0,0,0
98,2966.32,0,0,1,-7.50461473252,-15.394042572,0.0001,-0.00123047,-0.00211800249741,0.999997,0,0,0,0,0,0,0
99,3017.68,0,0,1,-7.4779913559,-15.7111130239,0.0001,-0.00404746,-0.0056229433172,0.999976,0,0,0,0,0,0,0
100,3003.71,0,0,1,-11.0635737426,-8.71702585222,0.0001,-0.00366868,0.00667382544404,0.999971,0,0,0,0,0,0,0
101,2684.79,0,0,1,-14.1662009949,-14.2025205054,0.0001,0.00492537,0.00892961512962,0.999948,0,0,0,0,0,0,0
102,2850.55,0,0,1,-7.01359540748,-9.27523526846,0.0001,0.00371077,0.0121747125226,0.999919,0,0,0,0,0,0,0
103,3037.9,0,0,1,-10.9258144002,-9.06913258826,0.0001,-0.000716421,0.00484629724127,0.999988,0,0,0,0,0,0,0
104,3046.98,0,0,1,-3.61305389728,-14.6016305728,0.0001,0.00129864,-0.00152102930617,0.999998,0,0,0,0,0,0,0
105,2686.96,0,0,1,-7.68412312366,-8.82028710552,0.0001,-0.00861279,-0.00134848226381,0.999962,0,0,0,0,0,0,0
106,2488.01,0,0,1,-2.95049129994,-11.0657305516,0.0001,0.00789457,0.0134037727344,0.999879,0,0,0,0,0,0,0
107,2072.8,0,0,1,-2.58472028108,-8.91412708917,0.0001,0.012418,0.027992379588,0.999531,0,0,0,0,0,0,0
108,2483.2,0,0,1,-11.7731336309,-13.1268554363,0.0001,-0.0116198,0.022110696596,0.999688,0,0,0,0,0,0,0
109,2374.46,0,0,1,-13.4376497795,-16.0230190064,0.0001,0.0124476,-0.0059201544946,0.999905,0,0,0,0,0,0,0
110,774.982,0,0,1,-12.1776437667,-14.5664355318,0.0001,-0.0121264,0.00818162416883,0.999893,0,0,0,0,0,0,0
111,3009.32,0,0,1,-7.43802686148,-18.7266366442,0.0001,-0.00133636,-0.00679805604202,0.999976,0,0,0,0,0,0,0
112,2966.75,0,0,1,-11.0458873799,-18.3533535652,0.0001,-0.0043472,-0.00266489833954,0.999987,0,0,0,0,0,0,0
113,1323.04,0,0,1,-4.59162395221,-10.876190632,0.0001,-0.0141248,0.0104147159808,0.999846,0,0,0,0,0,0,0
114,2999.33,0,0,1,-7.41745024394,-11.4028199551,0.0001,-0.00100716,-0.000992787859731,0.999999,0,0,0,0,0,0,0
115,869.279,0,0,1,-12.2016712519,-14.0397259521,0.0001,-0.0184664,0.00865729790639,0.999792,0,0,0,0,0,0,0
116,2980.19,0,0,1,-7.24998984288,-20.618609632,0.0001,0.00150033,-0.00545424182551,0.999984,0,0,0,0,0,0,0
117,2912.78,0,0,1,-11.5939815846,-8.20000844511,0.0001,-0.00903304,0.0120162980721,0.999887,0,0,0,0,0,0,0
118,3049.57,0,0,1,-10.9806146465,-15.5998680709,0.0001,-0.000728678,-0.00338659008034,0.999994,0,0,0,0,0,0,0
119,2313.92,0,0,1,-10.636716509,-16.963152208,0.0001,0.00415373,-0.00259738004286,0.999988,0,0,0,0,0,0,0
120,1469.32,0,0,1,-5.50679194783,-17.9099922111,0.0001,0.0247664,-0.0195032925948,0.999503,0,0,0,0,0,0,0
121,2672.36,0,0,1,-7.50720007795,-17.9935828804,0.0001,-0.000998894,-0.00412336389091,0.999991,0,0,0,0,0,0,0
122,2543.16,0,0,1,-8.13964657398,-13.2556,0.0001,-0.0107742,-0,0.999942,0,0,0,0,0,0,0
123,2947.06,0,0,1,0.00871111064707,-23.4938774695,0.0001,0.00201189,-0.00882896469739,0.999959,0,0,0,0,0,0,0
124,2406.39,0,0,1,-4.04955606689,-13.0734701287,0.0001,-0.00826158,0.00646090325757,0.999945,0,0,0,0,0,0,0
125,2972.63,0,0,1,-11.3888161582,-17.3768516542,0.0001,-0.0057789,-0.00256980831776,0.99998,0,0,0,0,0,0,0
126,2355.86,0,0,1,-7.15423762754,-18.5893353095,0.0001,0.00360035,-0.0117060606046,0.999925,0,0,0,0,0,0,0
127,3022.17,0,0,1,-11.3200017102,-22.334071029,0.0001,-0.00505996,-0.00850849010097,0.999951,0,0,0,0,0,0,0
128,2998.76,0,0,1,-11.0070599814,-10.965764639,0.0001,-0.00298413,0.00175924192282,0.999994,0,0,0,0,0,0,0
129,1636.81,0,0,1,-11.9350848059,-2.87820643053,0.0001,-0.0141663,0.0155970080564,0.999778,0,0,0,0,0,0,0
130,2943.88,0,0,1,-3.18643048115,-12.4874881261,0.0001,0.00395613,0.000590738032542,0.999992,0,0,0,0,0,0,0
131,2471.38,0,0,1,-0.513940650217,-22.6526548838,0.0001,-0.00729525,-0.0126794273702,0.999893,0,0,0,0,0,0,0
132,2060.23,0,0,1,-11.408194074,-8.40707908701,0.0001,-0.00468002,-0.00990423206511,0.99994,0,0,0,0,0,0,0
133,1420.03,0,0,1,-6.60430250579,-8.1969039242,0.0001,0.00783261,0.0261631628743,0.999627,0,0,0,0,0,0,0
134,2984.52,0,0,1,-11.0921293024,-15.3028,0.0001,-0.00145783,-0,0.999999,0,0,0,0,0,0,0
135,2785.19,0,0,1,-15.1676770288,-15.7335867552,0.0001,-0.00880706,0.000658918171268,0.999961,0,0,0,0,0,0,0
136,3047.19,0,0,1,-7.25823320584,-14.7273,0.0001,-0.00214954,-0,0.999998,0,0,0,0,0,0,0
137,2341.05,0,0,1,-7.09040128187,-20.1379890066,0.0001,-0.00304852,-0.014376886374,0.999892,0,0,0,0,0,0,0
138,2967.09,0,0,1,-7.62559926777,-14.2469591807,0.0001,-0.00344613,0.00203079393909,0.999992,0,0,0,0,0,0,0
139,2949.13,0,0,1,-11.3841102659,-18.2747301219,0.0001,-0.00548567,-0.00647349431537,0.999964,0,0,0,0,0,0,0
140,2950.56,0,0,1,-6.95538276671,-9.21438648179,0.0001,0.00085737,0.00415509755399,0.999991,0,0,0,0,0,0,0
141,1635.02,0,0,1,-9.79785397576,-10.6116794933,0.0001,0.0172119,-0.00892833435698,0.999812,0,0,0,0,0,0,0
142,2889.92,0,0,1,-7.31895368071,-17.5111825518,0.0001,-0.00267065,-0.00410700433132,0.999988,0,0,0,0,0,0,0
143,1529.51,0,0,1,1.1515543627,-16.4976857376,0.0001,0.0131451,0.0305434205188,0.999447,0,0,0,0,0,0,0
144,2987.09,0,0,1,-3.68998579741,-17.9902759935,0.0001,-0.00277596,-0.00378073075983,0.999989,0,0,0,0,0,0,0
145,1302.58,0,0,1,-12.1956043108,-16.0214182555,0.0001,-0.0151381,-0.000908131813132,0.999885,0,0,0,0,0,0,0
146,2240.71,0,0,1,-9.83986776516,-17.5408078233,0.0001,0.0140394,-0.0103378984151,0.999848,0,0,0,0,0,0,0
147,1283.11,0,0,1,-9.95396054334,-10.946862747,0.0001,0.0129054,0.0167749955243,0.999776,0,0,0,0,0,0,0
148,256.537,0,0,1,6.44272618181,-13.3235985893,0.0001,0.0942954,0.04953799368,0.994311,0,0,0,0,0,0,0
149,2997.3,0,0,1,-3.43993589605,-13.7271,0.0001,-0.000293336,0,1,0,0,0,0,0,0,0
150,2967.82,0,0,1,-7.16112261622,-15.1583283051,0.0001,-0.00013016,-0.00140821069962,0.999999,0,0,0,0,0,0,0
151,2115.62,0,0,1,-7.85678783724,-13.6660379697,0.0001,-0.00685719,0.00806075736539,0.999944,0,0,0,0,0,0,0
152,3036.54,0,0,1,-3.4353632607,-18.8303064209,0.0001,0.0028228,-0.00529447600428,0.999982,0,0,0,0,0,0,0
153,1382.36,0,0,1,-6.30711281327,-5.9100318093,0.0001,0.0108041,0.0103565862711,0.999888,0,0,0,0,0,0,0
154,1692.45,0,0,1,-11.5365501816,-16.9724479536,0.0001,-0.00747131,-0.00736046886305,0.999945,0,0,0,0,0,0,0
155,2342.27,0,0,1,-10.5608428825,-11.5018918964,0.0001,0.00781647,-0.00457177380664,0.999959,0,0,0,0,0,0,0
156,3011.35,0,0,1,-6.9874790919,-15.2030284112,0.0001,4.51791e-05,-0.00141349136858,0.999999,0,0,0,0,0,0,0
157,1639.53,0,0,1,-12.1972191068,-9.49278850487,0.0001,-0.0158711,0.0189740493514,0.999694,0,0,0,0,0,0,0
158,2990.33,0,0,1,-6.80281607962,-25.2060987016,0.0001,0.0026823,-0.0148590804127,0.999886,0,0,0,0,0,0,0
159,3030.58,0,0,1,-7.49170310946,-19.2534829204,0.0001,-0.00264223,-0.00412534563728,0.999988,0,0,0,0,0,0,0
160,2329.2,0,0,1,-10.803813309,-11.2483762303,0.0001,0.00431294,0.00118256017026,0.99999,0,0,0,0,0,0,0
161,3009.42,0,0,1,-7.39573836306,-17.177642317,0.0001,-0.00340112,-0.00210530728056,0.999992,0,0,0,0,0,0,0
162,1720.8,0,0,1,-0.0376942173334,-18.720888876,0.0001,-0.00535741,-0.0243146469868,0.99969,0,0,0,0,0,0,0
163,1746.49,0,0,1,-10.8146539281,-16.5155345403,0.0001,-0.00268292,-0.0066933746551,0.999974,0,0,0,0,0,0,0
164,2956.66,0,0,1,-3.5390526261,-4.18474089887,0.0001,0.000864355,0.00642280697469,0.999979,0,0,0,0,0,0,0
165,3016.86,0,0,1,0.451266990148,-12.3806803318,0.0001,0.00557156,0.000978500468277,0.999984,0,0,0,0,0,0,0
166,2974.32,0,0,1,-0.086359866169,-19.9771074604,0.0001,0.00119072,-0.00534620995487,0.999985,0,0,0,0,0,0,0
167,2965.99,0,0,1,-3.79039923724,-10.8836715845,0.0001,3.79484e-05,0.0014137039715,0.999999,0,0,0,0,0,0,0
168,2709.61,0,0,1,-3.40938608712,-17.5696529593,0.0001,-0.000302833,-0.00760969455195,0.999971,0,0,0,0,0,0,0
169,3041.27,0,0,1,-7.6909358207,-24.1779158183,0.0001,-0.00476687,-0.0107364886906,0.999931,0,0,0,0,0,0,0
170,1137.1,0,0,1,-4.73280975732,-10.9091984183,0.0001,0.0362903,0.0298963357271,0.998894,0,0,0,0,0,0,0
171,1761.46,0,0,1,-11.9777424808,-18.612930115,0.0001,-0.0120608,0.0183977862625,0.999758,0,0,0,0,0,0,0
172,3003.06,0,0,1,-3.64040743231,-8.18025687401,0.0001,-0.000369765,0.00314058097251,0.999995,0,0,0,0,0,0,0
173,3017.04,0,0,1,-7.26023170735,-16.2917720069,0.0001,-0.00107996,-0.00358240664894,0.999993,0,0,0,0,0,0,0
174,3015.42,0,0,1,-7.15893021335,-14.2506,0.0001,-0.00150315,-0,0.999999,0,0,0,0,0,0,0
175,3013.11,0,0,1,-3.73946406153,-17.1310728289,0.0001,-0.00169459,-0.00362329970219,0.999992,0,0,0,0,0,0,0
176,2371.43,0,0,1,4.77106879247,-11.3130876212,0.0001,0.0143655,0.0105644275164,0.999841,0,0,0,0,0,0,0
177,3034.74,0,0,1,-3.44081035272,-17.6705744917,0.0001,-0.000515057,-0.00370603120423,0.999993,0,0,0,0,0,0,0
178,2940.82,0,0,1,0.0435087372462,-10.6557574703,0.0001,0.0023501,0.00211589342597,0.999995,0,0,0,0,0,0,0
179,2994.84,0,0,1,-7.37491780618,-11.8484,0.0001,-0.000388367,0,1,0,0,0,0,0,0,0
180,3043.32,0,0,1,-3.51995927739,-12.3012,0.0001,3.59509e-05,-0,1,0,0,0,0,0,0,0
181,1806.38,0,0,1,-7.89800847624,-12.5326883393,0.0001,-0.00539645,0.0105296451696,0.99993,0,0,0,0,0,0,0
182,2984.21,0,0,1,-7.56863448942,-10.507653091,0.0001,-0.00519839,-0.00264129748571,0.999983,0,0,0,0,0,0,0
183,3076.26,0,0,1,0.295306212509,-16.652882334,0.0001,0.00110509,-0.00409618054924,0.999991,0,0,0,0,0,0,0
184,2609.5,0,0,1,-11.3513371978,-22.1563835842,0.0001,-0.00682532,-0.00913295033916,0.999935,0,0,0,0,0,0,0
185,1253.75,0,0,1,-6.29831962253,-20.6733280608,0.0001,0.0154345,-0.0262594918791,0.999536,0,0,0,0,0,0,0
186,3043.97,0,0,1,-7.2075598554,-13.0069289071,0.0001,-0.00198285,-0.00143815745919,0.999997,0,0,0,0,0,0,0
187,2954.67,0,0,1,-3.54660144767,-19.8228028168,0.0001,0.0024155,-0.00511518364774,0.999984,0,0,0,0,0,0,0
188,2667.6,0,0,1,-7.9186241566,-13.3775,0.0001,-0.00766926,-0,0.999971,0,0,0,0,0,0,0
189,2921.95,0,0,1,-11.1966903827,-13.4400731794,0.0001,-0.0044966,0.00133434157543,0.999989,0,0,0,0,0,0,0
190,3027.12,0,0,1,-3.67601064504,-17.0411846106,0.0001,-0.000529599,-0.00420944698259,0.999991,0,0,0,0,0,0,0
191,3025.3,0,0,1,-7.18116967,-17.2702979944,0.0001,-0.000481089,-0.00487528556846,0.999988,0,0,0,0,0,0,0
192,3029.41,0,0,1,-6.98190322439,-16.2396723701,0.0001,0.00332213,-0.00360045945166,0.999988,0,0,0,0,0,0,0
193,3014.43,0,0,1,-7.56132928393,-13.7925644124,0.0001,-0.00444192,-0.00320454703719,0.999985,0,0,0,0,0,0,0
194,751.762,0,0,1,-1.51426854612,-16.4089425323,0.0001,-0.0322441,0.0177724036413,0.999322,0,0,0,0,0,0,0
195,2950.93,0,0,1,-7.62202456229,-17.5759645115,0.0001,-0.00420702,-0.0032094838712,0.999986,0,0,0,0,0,0,0
196,2583.75,0,0,1,-3.83148834973,-21.5983043343,0.0001,-0.00588764,-0.0101651824494,0.999931,0,0,0,0,0,0,0
197,2455.83,0,0,1,-7.14066587421,-12.9633642454,0.0001,0.00518031,0.0017788095187,0.999985,0,0,0,0,0,0,0
198,2391.41,0,0,1,6.67667725632,-15.1594133579,0.0001,0.0445898,-0.015572548923,0.998884,0,0,0,0,0,0,0
199,777.18,0,0,1,-3.05425691987,-18.4724406091,0.0001,0.00313748,0.0228491895535,0.999734,0,0,0,0,0,0,0
200,821.637,0,0,1,3.52340025038,-6.0062511537,0.0001,0.0482129,0.0093839983264,0.998793,0,0,0,0,0,0,0
201,2365.83,0,0,1,-7.74895900055,-22.9445943363,0.0001,-0.00442737,-0.0146418819106,0.999883,0,0,0,0,0,0,0
202,3026.49,0,0,1,-7.04522645006,-8.51395231574,0.0001,-0.000320898,0.00137732475242,0.999999,0,0,0,0,0,0,0
203,3069.61,0,0,1,-3.14320479731,-14.364050757,0.0001,0.00374139,0.00244987772506,0.99999,0,0,0,0,0,0,0
204,3014.26,0,0,1,-7.07831440972,-10.0943937311,0.0001,-0.000219386,0.0052869342518,0.999986,0,0,0,0,0,0,0
205,1612.14,0,0,1,-0.905366481803,-9.89720898879,0.0001,-0.0149938,0.0219331108728,0.999647,0,0,0,0,0,0,0
206,3003.17,0,0,1,-7.28895501874,-8.89859178723,0.0001,-0.0022397,0.00538362841493,0.999983,0,0,0,0,0,0,0
207,1386.23,0,0,1,-11.666713965,-12.9206985631,0.0001,-0.0106423,0.0199668704285,0.999744,0,0,0,0,0,0,0
208,1343.88,0,0,1,-3.32275250489,-25.0265741351,0.0001,-0.00012461,-0.0136372953091,0.999907,0,0,0,0,0,0,0
209,2990.81,0,0,1,0.310332304037,-9.68750570098,0.0001,0.00379616,0.00419391383488,0.999984,0,0,0,0,0,0,0
210,1699.5,0,0,1,-10.1813060853,-8.81182957042,0.0001,0.00964662,-0.00943050590242,0.999909,0,0,0,0,0,0,0
211,2979.86,0,0,1,0.622436633301,-8.77956888301,0.0001,0.00674775,0.00254306782005,0.999974,0,0,0,0,0,0,0
212,2504.09,0,0,1,-0.346251377057,-16.052137865,0.0001,-0.00514306,-0.00188380169772,0.999985,0,0,0,0,0,0,0
213,3038.4,0,0,1,-7.52009913266,-9.31050552463,0.0001,-0.0029419,0.00271019563685,0.999992,0,0,0,0,0,0,0
214,3002.24,0,0,1,-3.36798822282,-19.022026112,0.0001,0.00257592,-0.0062740821762,0.999977,0,0,0,0,0,0,0
215,2405.98,0,0,1,-0.407619560206,-5.41590018624,0.0001,-0.00704143,0.018395125103,0.999806,0,0,0,0,0,0,0
216,2130.28,0,0,1,-7.66128095923,-25.4115162879,0.0001,-0.00651444,-0.0157334372114,0.999855,0,0,0,0,0,0,0
217,2996.01,0,0,1,0.302717212152,-12.6038076054,0.0001,0.00344337,-0.000378374210271,0.999994,0,0,0,0,0,0,0
218,3002.84,0,0,1,0.294084438627,-16.8879908518,0.0001,0.0023601,-0.00451992909127,0.999987,0,0,0,0,0,0,0
219,3076.3,0,0,1,-7.58813719196,-16.1036597123,0.0001,-0.00334285,-0.00297073288556,0.99999,0,0,0,0,0,0,0
220,3001.09,0,0,1,-3.33054469065,-22.1655594401,0.0001,0.00225412,-0.00793207331192,0.999966,0,0,0,0,0,0,0
221,2994.67,0,0,1,-3.4749119023,-18.1402494229,0.0001,0.00139789,-0.00245883865838,0.999996,0,0,0,0,0,0,0
222,564.861,0,0,1,1.01989417126,-15.1510532117,0.0001,0.00965832,-0.0175691904702,0.999799,0,0,0,0,0,0,0
223,3011.24,0,0,1,4.07197178146,-13.0741,0.0001,0.00605867,-0,0.999982,0,0,0,0,0,0,0
224,2891.04,0,0,1,0.262339873889,-15.8132968896,0.0001,0.00218275,-0.00482031186102,0.999986,0,0,0,0,0,0,0
225,2970.44,0,0,1,-7.59822216649,-14.0894,0.0001,-0.00259534,0,0.999997,0,0,0,0,0,0,0
226,3007.63,0,0,1,-11.1330890421,-13.1546876781,0.0001,-0.00442991,0.000613023157606,0.99999,0,0,0,0,0,0,0
227,3003.51,0,0,1,0.0996473209339,-25.0485969272,0.0001,0.00283174,-0.00979686401725,0.999948,0,0,0,0,0,0,0
228,1243.09,0,0,1,3.20874895685,-6.81740620579,0.0001,-0.00800479,0.041941525879,0.999088,0,0,0,0,0,0,0
229,2123.99,0,0,1,-9.96269153904,-16.6247613776,0.0001,0.0103703,-0.00802804346712,0.999914,0,0,0,0,0,0,0
230,3023.94,0,0,1,-3.66221578066,-15.5333246136,0.0001,0.000707429,-0.00122455837348,0.999999,0,0,0,0,0,0,0
231,3022.02,0,0,1,0.369562921373,-10.4067424762,0.0001,0.00397614,0.00286184672902,0.999988,0,0,0,0,0,0,0
232,2024.69,0,0,1,-0.578572738833,-10.6765584648,0.0001,-0.0127219,-0.00788293830942,0.999888,0,0,0,0,0,0,0
233,3036.09,0,0,1,3.917817028,-13.4419427609,0.0001,0.00233969,-0.00212739881169,0.999995,0,0,0,0,0,0,0
234,2176.88,0,0,1,-6.41614015946,-19.9494463432,0.0001,0.00944298,-0.0172276777228,0.999807,0,0,0,0,0,0,0
235,2995.7,0,0,1,-0.0538952371198,-8.57360487569,0.0001,-0.00122572,0.00323999606197,0.999994,0,0,0,0,0,0,0
236,2990.9,0,0,1,-3.57574309945,-15.7768898372,0.0001,-0.0001542,-0.00446946555641,0.99999,0,0,0,0,0,0,0
237,3019.75,0,0,1,-3.88213379476,-11.9388622409,0.0001,-0.000686305,0.00187855834268,0.999998,0,0,0,0,0,0,0
238,2918.59,0,0,1,-0.0248276306093,-14.5105,0.0001,0.00157559,-0,0.999999,0,0,0,0,0,0,0
239,3043.51,0,0,1,-3.82765629073,-6.19779682514,0.0001,-0.003298,0.00413799468341,0.999986,0,0,0,0,0,0,0
240,1401.87,0,0,1,-8.03002981311,-20.5032498226,0.0001,-0.0154079,-0.022370973528,0.999631,0,0,0,0,0,0,0
241,2960.13,0,0,1,-7.30698731012,-23.3831427762,0.0001,-0.00285103,-0.0120774872775,0.999923,0,0,0,0,0,0,0
242,2956.04,0,0,1,-3.2184026323,-10.3649576157,0.0001,0.00235659,0.00210866274497,0.999995,0,0,0,0,0,0,0
243,1935.56,0,0,1,-3.45136431103,-4.74330122965,0.0001,0.00426101,0.0312665282655,0.999502,0,0,0,0,0,0,0
244,2945.55,0,0,1,-3.4560566867,-11.4304,0.0001,0.000164841,-0,1,0,0,0,0,0,0,0
245,3072.71,0,0,1,-3.53866941019,-13.1361,0.0001,2.93437e-05,-0,1,0,0,0,0,0,0,0
246,2960.99,0,0,1,-0.0759079131512,-19.6671976366,0.0001,0.000636154,-0.00485748536675,0.999988,0,0,0,0,0,0,0
247,2968.79,0,0,1,-3.81672881755,-11.6322158755,0.0001,-0.00392124,-0.000789818246412,0.999992,0,0,0,0,0,0,0
248,2953.04,0,0,1,-3.91259759096,-14.9075310998,0.0001,-0.0023677,-0.00154724940136,0.999996,0,0,0,0,0,0,0
249,2960.64,0,0,1,0.136242641716,-14.5188801487,0.0001,-0.00031633,-0.00398746427333,0.999992,0,0,0,0,0,0,0
250,2776.1,0,0,1,5.96394244941,-5.52165413502,0.0001,-0.0177814,0.0221733758828,0.999596,0,0,0,0,0,0,0
251,2438.78,0,0,1,0.299264178817,-16.2255274342,0.0001,0.00931074,-0.0162873921993,0.999824,0,0,0,0,0,0,0
252,2964.77,0,0,1,4.09081421965,-5.14334350426,0.0001,0.00518485,0.00728805395682,0.99996,0,0,0,0,0,0,0
253,1976.89,0,0,1,-3.54044069153,-19.4792331864,0.0001,0.00493821,-0.0314858066118,0.999492,0,0,0,0,0,0,0
254,3001.51,0,0,1,3.9973724575,-12.1482270032,0.0001,0.0026098,0.00363164480091,0.99999,0,0,0,0,0,0,0
255,2991.46,0,0,1,-11.1638690319,-9.83707015385,0.0001,-0.0034344,0.00148487293729,0.999993,0,0,0,0,0,0,0
256,2987.75,0,0,1,-0.0596282309159,-16.2877050618,0.0001,0.000824321,-0.00522688232973,0.999986,0,0,0,0,0,0,0
257,2369.36,0,0,1,0.715407888291,-19.1043055556,0.0001,0.00845141,-0.0102257481395,0.999912,0,0,0,0,0,0,0
258,2959.67,0,0,1,-0.248854580556,-22.1683618783,0.0001,-0.00226761,-0.00805336699076,0.999965,0,0,0,0,0,0,0
259,2968.29,0,0,1,-7.50732667837,-21.6697355069,0.0001,-0.00381473,-0.0067414341966,0.99997,0,0,0,0,0,0,0
260,2937.61,0,0,1,3.71618247338,-18.1890729854,0.0001,0.00261059,-0.00363107695482,0.99999,0,0,0,0,0,0,0
261,2950.67,0,0,1,-0.102986460709,-21.7768464537,0.0001,0.00191723,-0.0122604363759,0.999923,0,0,0,0,0,0,0
262,3007.77,0,0,1,-0.445695146059,-13.5702285886,0.0001,-0.00373858,-0.00142230643098,0.999992,0,0,0,0,0,0,0
263,2635.86,0,0,1,-3.26110926077,-13.8282374173,0.0001,0.00650427,0.00311348611158,0.999974,0,0,0,0,0,0,0
264,3039.45,0,0,1,-3.85435738998,-20.4711419154,0.0001,-0.00285514,-0.00706026448373,0.999971,0,0,0,0,0,0,0
265,2984.3,0,0,1,7.58215918097,-15.1117139504,0.0001,0.00393932,-0.00069404174055,0.999992,0,0,0,0,0,0,0
266,3011.53,0,0,1,0.0467837177498,-18.9485008672,0.0001,0.00219488,-0.00501819457431,0.999985,0,0,0,0,0,0,0
267,1357.79,0,0,1,-4.06350926868,-14.4882401693,0.0001,-0.00692861,-0.00199842124384,0.999974,0,0,0,0,0,0,0
268,277.665,0,0,1,-2.60687769792,-14.910289576,0.0001,0.0105583,0.0253846295445,0.999622,0,0,0,0,0,0,0
269,3026.83,0,0,1,0.049348748137,-18.1560203501,0.0001,0.00203718,-0.00598744500163,0.99998,0,0,0,0,0,0,0
270,2758.95,0,0,1,3.80955480793,-11.1091142144,0.0001,-0.000755792,0.00924266895722,0.999957,0,0,0,0,0,0,0
271,1382.46,0,0,1,-0.620645454276,-15.0350653546,0.0001,-0.00823056,-0.0132001227679,0.999879,0,0,0,0,0,0,0
272,2948.67,0,0,1,4.01120657124,-15.3994375383,0.0001,0.00380948,-0.00186756020778,0.999991,0,0,0,0,0,0,0
273,2603.57,0,0,1,4.25633414721,-21.7085122203,0.0001,0.00667347,-0.0105574009187,0.999922,0,0,0,0,0,0,0
274,1909.48,0,0,1,1.9564207737,-17.14057709,0.0001,-0.0243301,-0.0137801797155,0.999609,0,0,0,0,0,0,0
275,3059.89,0,0,1,-3.88452285115,-15.0193790511,0.0001,-0.0026294,0.00104222820918,0.999996,0,0,0,0,0,0,0
276,3013.53,0,0,1,4.10742771433,-18.0510358899,0.0001,0.0058562,-0.00676042317907,0.99996,0,0,0,0,0,0,0
277,3032.94,0,0,1,-0.224504668475,-7.1238000357,0.0001,0.000265246,0.00547077869773,0.999985,0,0,0,0,0,0,0
278,2132.87,0,0,1,6.99826097385,-18.3625571609,0.0001,-0.00393161,0.00213127727145,0.99999,0,0,0,0,0,0,0
279,2957.85,0,0,1,-3.83335614671,-11.6261175915,0.0001,-0.00179834,-0.000875196688896,0.999998,0,0,0,0,0,0,0
280,2957.91,0,0,1,-3.62635425323,-4.9401679851,0.0001,0.000285902,0.00706524132967,0.999975,0,0,0,0,0,0,0
281,3055.35,0,0,1,3.84180344788,-20.4313498154,0.0001,0.00066903,-0.00745329557036,0.999972,0,0,0,0,0,0,0
282,2999.22,0,0,1,-0.194596901437,-18.3257962265,0.0001,-0.00103986,-0.00478733194801,0.999988,0,0,0,0,0,0,0
283,2830.56,0,0,1,-7.64729050492,-16.4970608807,0.0001,-0.00599497,-0.00800361385245,0.99995,0,0,0,0,0,0,0
284,1778.16,0,0,1,0.356113393302,-18.3860553761,0.0001,0.010218,-0.00275487567776,0.999944,0,0,0,0,0,0,0
285,2633.03,0,0,1,-6.13804764055,-26.9150917032,0.0001,0.020992,-0.0393490268113,0.999005,0,0,0,0,0,0,0
286,1307.1,0,0,1,3.50365642108,-6.00563505103,0.0001,-0.00564928,0.0216338423652,0.99975,0,0,0,0,0,0,0
287,2982.01,0,0,1,-0.0271173653993,-19.5243100886,0.0001,5.14719e-05,-0.00547696317711,0.999985,0,0,0,0,0,0,0
288,1909.47,0,0,1,-4.87831849556,-18.630584571,0.0001,-0.0158433,0.00574192311947,0.999858,0,0,0,0,0,0,0
289,2967.55,0,0,1,0.261660404983,-15.5381699914,0.0001,0.00280619,-0.00348212545492,0.99999,0,0,0,0,0,0,0
290,2992.19,0,0,1,0.304314906728,-5.52633254567,0.0001,0.00382606,0.00783325097749,0.999962,0,0,0,0,0,0,0
291,767.113,0,0,1,3.09131038242,-4.19812374932,0.0001,-0.00693136,0.0648492375248,0.997871,0,0,0,0,0,0,0
292,2947.5,0,0,1,-0.149246871068,-12.8116463853,0.0001,-0.00163537,-0.00230771509575,0.999996,0,0,0,0,0,0,0
293,1626.18,0,0,1,2.59903399051,-10.4337553398,0.0001,-0.0112435,-0.00275303809457,0.999933,0,0,0,0,0,0,0
294,2967.69,0,0,1,3.66233112207,-13.8369,0.0001,0.00204587,-0,0.999998,0,0,0,0,0,0,0
295,1342.49,0,0,1,-0.669709209334,-16.1411363523,0.0001,-0.00881575,0.00814109132349,0.999928,0,0,0,0,0,0,0
296,2697.43,0,0,1,-0.334858542787,-18.765441206,0.0001,-0.00778777,-0.00702478564991,0.999945,0,0,0,0,0,0,0
297,2181.57,0,0,1,0.320785781695,-20.5348757199,0.0001,0.000735407,0.00120796338703,0.999999,0,0,0,0,0,0,0
298,2963.77,0,0,1,-0.331972288139,-25.2905138129,0.0001,-0.00220326,-0.0106368305605,0.999941,0,0,0,0,0,0,0
299,3017.43,0,0,1,-0.125857198315,-12.5335981035,0.0001,-0.00244767,9.4353436682e-05,0.999997,0,0,0,0,0,0,0
300,3005.67,0,0,1,3.73918546374,-17.159766809,0.0001,-0.00171821,-0.00332380886873,0.999993,0,0,0,0,0,0,0
301,2967.38,0,0,1,-0.2227839927,-12.3539,0.0001,-0.000646403,-0,1,0,0,0,0,0,0,0
302,3037.05,0,0,1,-0.187365809667,-15.6077398854,0.0001,-0.00347309,-0.00198433410793,0.999992,0,0,0,0,0,0,0
303,2640.43,0,0,1,3.40698146459,-22.7399057128,0.0001,-0.003907,-0.0102338531844,0.99994,0,0,0,0,0,0,0
304,3021.42,0,0,1,-3.91927552874,-9.75006,0.0001,-0.00326012,-0,0.999995,0,0,0,0,0,0,0
305,1865.57,0,0,1,4.63864755161,-12.1724891468,0.0001,0.0113169,-0.0243269022769,0.99964,0,0,0,0,0,0,0
306,2987.19,0,0,1,-3.63335653638,-10.7816356262,0.0001,-0.00132021,0.00320265664032,0.999994,0,0,0,0,0,0,0
307,3012.06,0,0,1,7.61381633851,-20.7534670041,0.0001,0.00479274,-0.00830828064598,0.999954,0,0,0,0,0,0,0
308,3042.57,0,0,1,0.00553222615523,-11.0500427948,0.0001,-0.00242903,0.00284600847839,0.999993,0,0,0,0,0,0,0
309,2977.23,0,0,1,3.99335784172,-18.9489132043,0.0001,0.00287764,-0.00563194353935,0.99998,0,0,0,0,0,0,0
310,2999.36,0,0,1,0.165337406514,-16.1802640082,0.0001,0.0013635,-0.00318446726312,0.999994,0,0,0,0,0,0,0
311,2539.06,0,0,1,4.0978214025,-15.5565352354,0.0001,0.00653715,-0.00672783277717,0.999956,0,0,0,0,0,0,0
312,3048.9,0,0,1,3.77405300388,-15.8582239737,0.0001,0.00213949,-0.0011927168733,0.999997,0,0,0,0,0,0,0
313,1541.32,0,0,1,0.679801844276,-15.098798861,0.0001,-0.0469338,-0.0396692112042,0.99811,0,0,0,0,0,0,0
314,2999.66,0,0,1,3.71167525091,-11.7790655841,0.0001,0.00225128,0.00171222731016,0.999996,0,0,0,0,0,0,0
315,2977.43,0,0,1,-0.120480334681,-11.1243507126,0.0001,-0.00140968,0.00245209834583,0.999996,0,0,0,0,0,0,0
316,2964.07,0,0,1,3.71202936184,-7.22254143419,0.0001,0.00295329,0.00390869980631,0.999988,0,0,0,0,0,0,0
317,3005.44,0,0,1,3.50198168897,-14.1247442002,0.0001,0.00107905,-0.00219900934455,0.999997,0,0,0,0,0,0,0
318,2993.08,0,0,1,0.291000963898,-10.9141489226,0.0001,0.00124198,0.00254115518606,0.999996,0,0,0,0,0,0,0
319,2943.25,0,0,1,3.72968570714,-15.7015183011,0.0001,0.00227398,-0.000910497643899,0.999997,0,0,0,0,0,0,0
320,2364.52,0,0,1,7.27657977397,-18.6605941371,0.0001,-0.00150376,0.00526673341478,0.999985,0,0,0,0,0,0,0
321,1392.76,0,0,1,0.736299259589,-18.7679995996,0.0001,0.00697714,0.0149432600667,0.999864,0,0,0,0,0,0,0
322,2976.86,0,0,1,-0.128951509946,-17.0934687097,0.0001,-0.00251291,-0.00341836252202,0.999991,0,0,0,0,0,0,0
323,3024.88,0,0,1,7.12312172236,-22.5786810988,0.0001,-0.000909298,-0.00900952252603,0.999959,0,0,0,0,0,0,0
324,2955.88,0,0,1,3.43341197762,-2.57082020928,0.0001,-0.000896607,0.00794953280939,0.999968,0,0,0,0,0,0,0
325,2904.26,0,0,1,0.079022524672,-12.7161322681,0.0001,-0.0011928,-0.00160537352659,0.999998,0,0,0,0,0,0,0
326,2986.76,0,0,1,7.64554827213,-15.1081331119,0.0001,0.0043916,-0.00164733980707,0.999989,0,0,0,0,0,0,0
327,2379.42,0,0,1,2.75721297947,-18.4769102565,0.0001,-0.0137806,-0.00548479385576,0.99989,0,0,0,0,0,0,0
328,2994.74,0,0,1,0.0934734302702,-19.1395063428,0.0001,9.6032e-05,-0.00529061261622,0.999986,0,0,0,0,0,0,0
329,3022.3,0,0,1,3.72135399351,-18.2305788954,0.0001,0.00218864,-0.00889989274938,0.999958,0,0,0,0,0,0,0
330,2341.82,0,0,1,6.09809455657,-10.4041982763,0.0001,-0.0161889,-0.00488866728158,0.999857,0,0,0,0,0,0,0
331,2939.49,0,0,1,3.74520116323,-23.4998718824,0.0001,-0.000937118,-0.00855104910838,0.999963,0,0,0,0,0,0,0
332,2987.16,0,0,1,-0.361559157239,-8.27614058998,0.0001,-0.00289334,0.00544318129814,0.999981,0,0,0,0,0,0,0
333,3003.45,0,0,1,3.44553274452,-15.6756491583,0.0001,0.000136543,-0.00244567925312,0.999997,0,0,0,0,0,0,0
334,2893.6,0,0,1,7.44687737856,-10.1494901541,0.0001,0.000367087,0.00546488994715,0.999985,0,0,0,0,0,0,0
335,2474.01,0,0,1,7.39813927345,-14.4616786531,0.0001,0.00394385,0.00603700018034,0.999974,0,0,0,0,0,0,0
336,2941.26,0,0,1,-3.60880800783,-16.9812763393,0.0001,-0.00189092,-0.00379793898762,0.999991,0,0,0,0,0,0,0
337,1403.03,0,0,1,0.648245086344,-15.5194219588,0.0001,0.00990097,-0.0259580776842,0.999614,0,0,0,0,0,0,0
338,2951.98,0,0,1,3.46658998732,-23.6222254103,0.0001,-0.000498112,-0.0112137377995,0.999937,0,0,0,0,0,0,0
339,2997.39,0,0,1,3.86881230725,-16.0664382698,0.0001,0.0006123,-0.00190396552223,0.999998,0,0,0,0,0,0,0
340,2946.05,0,0,1,3.27377500638,-23.9949396361,0.0001,-0.0042282,-0.0119212383904,0.99992,0,0,0,0,0,0,0
341,2991.17,0,0,1,3.50202822778,-18.5942501926,0.0001,0.000409331,-0.00747205889514,0.999972,0,0,0,0,0,0,0
342,2929.91,0,0,1,3.46497459883,-14.8859490196,0.0001,0.000228797,-0.00243877898398,0.999997,0,0,0,0,0,0,0
343,2995.65,0,0,1,3.82865172491,-17.0902971859,0.0001,0.00257334,-0.00483504873237,0.999985,0,0,0,0,0,0,0
344,2660.45,0,0,1,0.106359617708,-17.6923063679,0.0001,0.00420931,-0.0152402783545,0.999875,0,0,0,0,0,0,0
345,3086.88,0,0,1,3.51370616877,-9.91756549614,0.0001,0.000804413,0.0027116238171,0.999996,0,0,0,0,0,0,0
346,2738.16,0,0,1,3.26891871388,-14.2125516696,0.0001,-0.00503903,-0.00257058760969,0.999984,0,0,0,0,0,0,0
347,2204.93,0,0,1,7.26085076937,-8.31813015337,0.0001,0.00252568,0.0109369543995,0.999937,0,0,0,0,0,0,0
348,2662.12,0,0,1,0.763579827853,-8.76381974472,0.0001,0.00949323,0.00747484148107,0.999927,0,0,0,0,0,0,0
349,2905.02,0,0,1,3.54743779351,-16.9380260118,0.0001,-0.00309464,-0.0112436017036,0.999932,0,0,0,0,0,0,0
350,2984.98,0,0,1,3.72139829662,-13.512256826,0.0001,-8.47449e-05,-0.00282715445314,0.999996,0,0,0,0,0,0,0
351,2893.25,0,0,1,7.3403081945,-8.51367541433,0.0001,-0.00158236,0.0012231650871,0.999998,0,0,0,0,0,0,0
352,1880.81,0,0,1,6.76132832206,-15.3629526964,0.0001,-0.00605306,0.012302504974,0.999906,0,0,0,0,0,0,0
353,2749.34,0,0,1,0.0267331962728,-18.5461772832,0.0001,0.00408933,0.00113017660179,0.999991,0,0,0,0,0,0,0
354,2952.03,0,0,1,3.48116290963,-13.1323914331,0.0001,0.00113973,-0.0095235969847,0.999954,0,0,0,0,0,0,0
355,3041.42,0,0,1,7.08822676549,-17.0935733152,0.0001,0.000834098,-0.00364749661088,0.999993,0,0,0,0,0,0,0
356,1949.6,0,0,1,4.44654908279,-12.3650089381,0.0001,0.0163692,-0.0103929758664,0.999812,0,0,0,0,0,0,0
357,2852.13,0,0,1,6.86404163625,-14.4367326792,0.0001,-0.00638609,0.00334920565386,0.999974,0,0,0,0,0,0,0
358,2816.19,0,0,1,11.6416950547,-16.6429691529,0.0001,0.0097037,-0.00344026122698,0.999947,0,0,0,0,0,0,0
359,958.846,0,0,1,10.885972349,-19.4129534773,0.0001,-0.00634621,-0.0374593691169,0.999278,0,0,0,0,0,0,0
360,3005.72,0,0,1,7.54091621044,-22.3436134433,0.0001,0.00180141,-0.0106184536545,0.999942,0,0,0,0,0,0,0
361,2718.71,0,0,1,-0.0405166734129,-15.7086844911,0.0001,-0.00251606,-0.00420348641919,0.999988,0,0,0,0,0,0,0
362,2954.16,0,0,1,-0.118244796316,-17.7547743327,0.0001,-0.0020794,-0.00369810960358,0.999991,0,0,0,0,0,0,0
363,2985.06,0,0,1,7.21127159683,-14.501,0.0001,0.00157198,-0,0.999999,0,0,0,0,0,0,0
364,3040.21,0,0,1,3.59950493836,-16.0090736841,0.0001,-0.00074933,-0.00366584990841,0.999993,0,0,0,0,0,0,0
365,2784.75,0,0,1,3.93492764875,-15.7382663451,0.0001,0.00137533,-0.018223078181,0.999833,0,0,0,0,0,0,0
366,1436.71,0,0,1,6.17742096216,-10.0482785798,0.0001,-0.0138803,0.0110142009656,0.999843,0,0,0,0,0,0,0
367,3068.31,0,0,1,3.47481138971,-19.1100266142,0.0001,0.000566641,-0.00629908866243,0.99998,0,0,0,0,0,0,0
368,2996.86,0,0,1,3.3571904574,-17.6875812503,0.0001,-0.00395728,-0.00404223688094,0.999984,0,0,0,0,0,0,0
369,2036.18,0,0,1,10.7274055208,-9.54129119361,0.0001,-0.00470015,0.0103877025842,0.999935,0,0,0,0,0,0,0
370,2297.39,0,0,1,-0.346042624718,-16.337266723,0.0001,-0.00540395,-0.0082942705163,0.999951,0,0,0,0,0,0,0
371,2630,0,0,1,7.15434679007,-16.2195881004,0.0001,-0.00264721,0.00556703854988,0.999981,0,0,0,0,0,0,0
372,1472.82,0,0,1,6.94018262861,-13.546940827,0.0001,-0.00832661,0.00294381468641,0.999961,0,0,0,0,0,0,0
373,2713.5,0,0,1,2.75444415439,-13.8643175046,0.0001,-0.00974253,-0.0108199756561,0.999894,0,0,0,0,0,0,0
374,2990.16,0,0,1,7.0456735108,-19.9371198424,0.0001,0.000672167,-0.00596220324411,0.999982,0,0,0,0,0,0,0
375,2945.39,0,0,1,3.45005942211,-20.700529061,0.0001,0.00146369,-0.0113953172656,0.999934,0,0,0,0,0,0,0
376,2990.96,0,0,1,7.57881346576,-17.7395907365,0.0001,0.00464994,-0.00451415739607,0.999979,0,0,0,0,0,0,0
377,2974.08,0,0,1,7.28578838979,-11.771274885,0.0001,0.00290495,0.00124949609745,0.999995,0,0,0,0,0,0,0
378,1896.16,0,0,1,5.90493206655,-15.2479745721,0.0001,-0.0168096,-0.00868362290983,0.999821,0,0,0,0,0,0,0
379,2977.94,0,0,1,3.87280261755,-18.2974781215,0.0001,0.00411026,-0.00388658033912,0.999984,0,0,0,0,0,0,0
380,779.752,0,0,1,-1.73665804403,-15.7910233889,0.0001,-0.021786,0.0137571792167,0.999668,0,0,0,0,0,0,0
381,3000.98,0,0,1,-0.196325665977,-17.9679094427,0.0001,-0.00252065,-0.0054448140076,0.999982,0,0,0,0,0,0,0
382,2623.79,0,0,1,10.7238223023,-15.5623122517,0.0001,-0.00386549,0.00436551234794,0.999983,0,0,0,0,0,0,0
383,799.434,0,0,1,8.98778895445,-15.0999455364,0.0001,0.0218301,-0.0171842293394,0.999614,0,0,0,0,0,0,0
384,3005.03,0,0,1,3.55931867106,-13.557926758,0.0001,-0.00205616,-0.00133123891707,0.999997,0,0,0,0,0,0,0
385,2962.45,0,0,1,3.81809643035,-8.06946557443,0.0001,0.000817427,0.00270772914075,0.999996,0,0,0,0,0,0,0
386,2319.71,0,0,1,7.31659528744,-20.4466752152,0.0001,0.00324781,-0.0136909433278,0.999901,0,0,0,0,0,0,0
387,3054.82,0,0,1,11.3720265135,-14.5304124583,0.0001,0.00629408,-0.000619803963831,0.99998,0,0,0,0,0,0,0
388,2989.86,0,0,1,3.37863982961,-21.0833299752,0.0001,-0.00349097,-0.00646625080391,0.999973,0,0,0,0,0,0,0
389,2983.3,0,0,1,3.64417957425,-19.6346485537,0.0001,0.00147135,-0.00241559789235,0.999996,0,0,0,0,0,0,0
390,2521.51,0,0,1,6.26011344776,0.352005135089,0.0001,-0.0127599,0.0211445483988,0.999695,0,0,0,0,0,0,0
391,3064.72,0,0,1,-0.0545320487538,-13.0537482095,0.0001,-0.0011666,0.00257663121925,0.999996,0,0,0,0,0,0,0
392,2119.87,0,0,1,7.45048620771,-15.7706751917,0.0001,-0.000188664,-0.0087156733472,0.999962,0,0,0,0,0,0,0
393,1453.98,0,0,1,-0.799124161437,-12.2239556154,0.0001,-0.00980783,0.0121569563087,0.999878,0,0,0,0,0,0,0
394,1326.46,0,0,1,1.33641151787,-19.6337167727,0.0001,0.0194748,-0.000834305076099,0.99981,0,0,0,0,0,0,0
395,2974.51,0,0,1,3.12404766093,-22.8991852079,0.0001,-0.00459374,-0.00921383437079,0.999947,0,0,0,0,0,0,0
396,2970.89,0,0,1,7.14135224476,-11.8355476811,0.0001,0.0011067,0.00260292126467,0.999996,0,0,0,0,0,0,0
397,2183.22,0,0,1,10.9678723348,-14.4336829955,0.0001,0.00359869,-0.00412906833122,0.999985,0,0,0,0,0,0,0
398,3039.36,0,0,1,7.43490701791,-12.53,0.0001,0.000846662,-0,1,0,0,0,0,0,0,0
399,2995.56,0,0,1,11.3678341575,-14.3339373491,0.0001,0.00667434,-0.00185811990046,0.999976,0,0,0,0,0,0,0
400,2959.4,0,0,1,11.0848799519,-17.3810241979,0.0001,0.0039776,-0.00617883235248,0.999973,0,0,0,0,0,0,0
401,2969.62,0,0,1,7.45899788499,-17.5269082172,0.0001,0.00387479,-0.00538382006162,0.999978,0,0,0,0,0,0,0
402,3010.88,0,0,1,3.38231503544,-16.4776373109,0.0001,-0.000744504,-0.00185626231816,0.999998,0,0,0,0,0,0,0
403,3018.08,0,0,1,10.8215199414,-21.6980287295,0.0001,0.000992087,-0.00640432060289,0.999979,0,0,0,0,0,0,0
404,2974.14,0,0,1,3.32016132717,-14.1679165778,0.0001,-0.00391404,-0.000824758678875,0.999992,0,0,0,0,0,0,0
405,2962.34,0,0,1,7.6851216193,-11.574178326,0.0001,0.00555311,0.00107829185657,0.999984,0,0,0,0,0,0,0
406,2956.9,0,0,1,0.0800683959559,-18.3402235491,0.0001,-0.000467854,-0.00614660488682,0.999981,0,0,0,0,0,0,0
407,2926.55,0,0,1,7.24123685966,-14.5092772456,0.0001,-0.00164877,0.00113205719246,0.999998,0,0,0,0,0,0,0
408,2989.58,0,0,1,3.23821790105,-16.0816890174,0.0001,-0.00209445,-0.00442867194512,0.999988,0,0,0,0,0,0,0
409,2889.14,0,0,1,3.20618695483,-15.4825350191,0.0001,-0.00263905,-0.00174223709569,0.999995,0,0,0,0,0,0,0
410,2969.9,0,0,1,10.845021867,-11.5865662676,0.0001,0.00108791,0.00167822758639,0.999998,0,0,0,0,0,0,0
411,3025.6,0,0,1,3.68402216062,-13.3354461241,0.0001,0.00259504,-0.00229471815227,0.999994,0,0,0,0,0,0,0
412,3015.1,0,0,1,3.86796576823,-15.2191546211,0.0001,0.000784486,-0.00271745574312,0.999996,0,0,0,0,0,0,0
413,1943.74,0,0,1,4.21663942316,-19.7239,0.0001,0.0104185,-0,0.999946,0,0,0,0,0,0,0
414,2971.63,0,0,1,7.21039851778,-10.4172581852,0.0001,0.0019163,0.00208033129815,0.999996,0,0,0,0,0,0,0
415,3008.82,0,0,1,3.37309666302,-17.3068254602,0.0001,-0.00265352,-0.00624165864251,0.999977,0,0,0,0,0,0,0
416,3013.77,0,0,1,7.44991728515,-8.70734208711,0.0001,0.0033475,0.000891183342472,0.999994,0,0,0,0,0,0,0
417,777.057,0,0,1,9.7503995952,-10.1501749508,0.0001,-0.0134505,-0.0136766294733,0.999816,0,0,0,0,0,0,0
418,2314.92,0,0,1,4.14983481002,-9.78597340035,0.0001,0.00770176,0.000825828615618,0.99997,0,0,0,0,0,0,0
419,2972.71,0,0,1,7.68654815988,-14.9105175544,0.0001,0.00438602,-0.000873343322831,0.99999,0,0,0,0,0,0,0
420,2941.4,0,0,1,3.75527092638,-17.200398171,0.0001,0.00203611,-0.00488406184111,0.999986,0,0,0,0,0,0,0
421,3006.73,0,0,1,7.56779765523,-12.5613876287,0.0001,0.0023709,0.000615486953482,0.999997,0,0,0,0,0,0,0
422,2999.7,0,0,1,3.83768787979,-3.95389710146,0.0001,-0.000105479,0.00860159898975,0.999963,0,0,0,0,0,0,0
423,709.904,0,0,1,0.734539593451,-19.0965549539,0.0001,-0.0384435,-0.0176435904155,0.999105,0,0,0,0,0,0,0
424,2980.34,0,0,1,3.24952064348,-15.3319295827,0.0001,-0.00195803,-0.00147177087856,0.999997,0,0,0,0,0,0,0
425,2996.01,0,0,1,7.12673163278,-12.0026402414,0.0001,-0.0014113,-0.00200205477196,0.999997,0,0,0,0,0,0,0
426,1187.09,0,0,1,11.2783307578,-15.5293944395,0.0001,0.0114761,0.025142657075,0.999618,0,0,0,0,0,0,0
427,2828.15,0,0,1,7.10613759248,-18.8857419702,0.0001,-0.00310483,-0.00208805691279,0.999993,0,0,0,0,0,0,0
428,2919.02,0,0,1,7.62203552301,-10.6313092822,0.0001,0.0027623,0.00451325854676,0.999986,0,0,0,0,0,0,0
429,2880.53,0,0,1,7.18419233732,-20.4873454076,0.0001,0.00359858,-0.0122083439083,0.999919,0,0,0,0,0,0,0
430,3027.89,0,0,1,6.70201892129,-11.5168626073,0.0001,-0.00552621,0.00186029944791,0.999983,0,0,0,0,0,0,0
431,3006.23,0,0,1,3.56393618038,-10.5092420801,0.0001,0.0013025,0.00288157400565,0.999995,0,0,0,0,0,0,0
432,592.559,0,0,1,13.3071610441,-18.0836,0.0001,0.0872798,-0,0.996184,0,0,0,0,0,0,0
433,2996.26,0,0,1,14.3070266576,-14.8303643237,0.0001,0.00132624,-0.00320016428677,0.999994,0,0,0,0,0,0,0
434,2976.02,0,0,1,10.9518970996,-21.0817530529,0.0001,-0.000144296,-0.00761435077102,0.999971,0,0,0,0,0,0,0
435,3055.42,0,0,1,11.1443569831,-19.9379171404,0.0001,0.00283492,-0.00582776008375,0.999979,0,0,0,0,0,0,0
436,1357.97,0,0,1,11.6218030913,-20.7204511069,0.0001,0.0101035,0.00243235929705,0.999946,0,0,0,0,0,0,0
437,2678.89,0,0,1,7.27038542341,-21.4683103069,0.0001,0.00474712,-0.0104623370098,0.999934,0,0,0,0,0,0,0
438,1607.07,0,0,1,10.0998614886,-14.2737141342,0.0001,0.0428156,-0.0156123308843,0.998961,0,0,0,0,0,0,0
439,3066.35,0,0,1,10.8113844482,-21.4161324204,0.0001,-0.000773705,-0.00658793568373,0.999978,0,0,0,0,0,0,0
440,2231.49,0,0,1,9.02021581709,-20.727915128,0.0001,0.0251453,-0.030579392275,0.999216,0,0,0,0,0,0,0
441,3073.66,0,0,1,6.78045121356,-15.4804504054,0.0001,-0.00342218,-0.00250770872466,0.999991,0,0,0,0,0,0,0
442,2352.83,0,0,1,6.72513995563,-14.6430606606,0.0001,-0.00646919,-0.0129668251991,0.999895,0,0,0,0,0,0,0
443,3026.1,0,0,1,10.7004051872,-21.4663680931,0.0001,0.00025806,-0.00836254626513,0.999965,0,0,0,0,0,0,0
444,2953.79,0,0,1,14.6359299841,-9.91680169831,0.0001,0.00149174,0.00240305966893,0.999996,0,0,0,0,0,0,0
445,3047.89,0,0,1,7.43744992838,-17.9344363272,0.0001,-3.563e-06,-0.00678229004873,0.999977,0,0,0,0,0,0,0
446,2957.12,0,0,1,14.458291055,-21.6631925915,0.0001,-0.000445006,-0.00958122401679,0.999954,0,0,0,0,0,0,0
447,2871.11,0,0,1,14.4460414179,-11.0849,0.0001,-0.00291452,0,0.999996,0,0,0,0,0,0,0
448,1775.35,0,0,1,9.23377249518,-19.5410470878,0.0001,-0.019771,-0.0122895938908,0.999729,0,0,0,0,0,0,0
449,2911.66,0,0,1,6.96688881274,-12.9338242605,0.0001,-0.00354163,-0.00120698299203,0.999993,0,0,0,0,0,0,0
450,2359.56,0,0,1,10.5781780521,-14.0792086033,0.0001,-0.00606686,-0.00540297332404,0.999967,0,0,0,0,0,0,0
451,2969.97,0,0,1,14.790081422,-14.4808475271,0.0001,0.0040508,-0.00236450805876,0.999989,0,0,0,0,0,0,0
452,2775.94,0,0,1,14.7611037528,-11.9059534814,0.0001,0.00516175,0.00231432083721,0.999984,0,0,0,0,0,0,0
453,2944.62,0,0,1,7.04655665208,-9.7149949031,0.0001,-0.000664075,0.00124860057444,0.999999,0,0,0,0,0,0,0
454,2986.36,0,0,1,6.77296375974,-15.1808570768,0.0001,-0.00528549,-0.00283959001614,0.999982,0,0,0,0,0,0,0
455,2328.39,0,0,1,13.8375543746,-24.4083197543,0.0001,-0.00724442,-0.0109321078875,0.999914,0,0,0,0,0,0,0
456,3037.29,0,0,1,10.6457342947,-15.388423043,0.0001,-0.0032689,-0.00114641039334,0.999994,0,0,0,0,0,0,0
457,3009.27,0,0,1,14.6937684198,-6.99561068494,0.0001,0.00340391,0.00494095868347,0.999982,0,0,0,0,0,0,0
458,2988.09,0,0,1,11.0607197406,-12.9748795469,0.0001,0.000982117,0.001017568277,0.999999,0,0,0,0,0,0,0
459,1372.19,0,0,1,14.3729348952,-11.4140461264,0.0001,-0.00323877,0.0126294554074,0.999915,0,0,0,0,0,0,0
460,3079.77,0,0,1,10.7678088378,-8.25391,0.0001,0.00043969,-0,1,0,0,0,0,0,0,0
461,3037.09,0,0,1,7.18182786031,-8.24860668964,0.0001,-0.000603953,0.00613472735937,0.999981,0,0,0,0,0,0,0
462,2987.62,0,0,1,11.0337361593,-10.8951477254,0.0001,0.00179896,0.00260071488603,0.999995,0,0,0,0,0,0,0
463,2701.84,0,0,1,7.3276285613,-10.1209283766,0.0001,0.00440559,0.0135122379994,0.999899,0,0,0,0,0,0,0
464,2961.8,0,0,1,14.9555254397,-9.79007661488,0.0001,0.00624064,0.00265591479351,0.999977,0,0,0,0,0,0,0
465,2970.4,0,0,1,10.7461633725,-12.5417834328,0.0001,-0.00182226,0.000824235701858,0.999998,0,0,0,0,0,0,0
466,2976.51,0,0,1,7.38641340491,-11.865680506,0.0001,0.00265695,0.000969845708117,0.999996,0,0,0,0,0,0,0
467,3004.37,0,0,1,11.2143643376,-17.3772482173,0.0001,0.00320085,-0.00239885290869,0.999992,0,0,0,0,0,0,0
468,3031.98,0,0,1,14.5953523965,-12.5359220614,0.0001,0.00260678,-0.0010975800798,0.999996,0,0,0,0,0,0,0
469,2749.51,0,0,1,11.7064326262,-21.8186462688,0.0001,0.0115718,-0.0122504400231,0.999858,0,0,0,0,0,0,0
470,2997.5,0,0,1,10.7457635778,-15.3034520918,0.0001,-0.00181204,-0.00259161842069,0.999995,0,0,0,0,0,0,0
471,2974.43,0,0,1,14.7223517034,-13.6429236401,0.0001,0.0025723,-0.00117611934346,0.999996,0,0,0,0,0,0,0
472,394.63,0,0,1,14.7949993022,-14.4116300785,0.0001,0.0595555,0.0134038873,0.998135,0,0,0,0,0,0,0
473,2840.26,0,0,1,10.2061551188,-19.1442404344,0.0001,-0.00720782,-0.00201160305421,0.999972,0,0,0,0,0,0,0
474,1934.56,0,0,1,13.590611557,-16.7423732944,0.0001,-0.014344,0.0261925704733,0.999554,0,0,0,0,0,0,0
475,674.24,0,0,1,20.1733490382,-15.8587281906,0.0001,0.0372313,-0.0212834184357,0.99908,0,0,0,0,0,0,0
476,3022.57,0,0,1,17.8566702744,-12.6158607513,0.0001,-0.00147888,0.00195266611215,0.999997,0,0,0,0,0,0,0
477,2946.67,0,0,1,10.9740153183,-10.3955320771,0.0001,0.000762099,0.00337922611171,0.999994,0,0,0,0,0,0,0
478,1171.56,0,0,1,11.1159031291,-18.5414740342,0.0001,0.0101026,-0.0235760308839,0.999671,0,0,0,0,0,0,0
479,2963.98,0,0,1,14.6362785185,-9.57577672664,0.0001,0.00390636,0.00165537625647,0.999991,0,0,0,0,0,0,0
480,2945.39,0,0,1,14.321900503,-21.2783477064,0.0001,2.50219e-05,-0.0073483770252,0.999973,0,0,0,0,0,0,0
481,2987.97,0,0,1,10.5504222829,-10.7951794016,0.0001,-0.00386649,0.00102478830979,0.999992,0,0,0,0,0,0,0
482,911.547,0,0,1,13.8918212284,-18.8584325972,0.0001,-0.013866,-0.0165432691751,0.999767,0,0,0,0,0,0,0
483,434.737,0,0,1,11.7275006494,-18.5073384949,0.0001,-0.0446277,-0.0564945516639,0.997405,0,0,0,0,0,0,0
484,3010.85,0,0,1,14.5357102103,-10.3374611182,0.0001,0.000507975,0.00193441396792,0.999998,0,0,0,0,0,0,0
485,2156.1,0,0,1,17.0920624563,-11.0716412695,0.0001,-0.0118169,0.00789624425851,0.999899,0,0,0,0,0,0,0
486,2962.32,0,0,1,14.9090075584,-14.5304,0.0001,0.00535109,0,0.999986,0,0,0,0,0,0,0
487,2067.09,0,0,1,13.8189762496,-11.5484432437,0.0001,-0.0111283,0.022716921867,0.99968,0,0,0,0,0,0,0
488,2953.36,0,0,1,14.117681649,-14.0391357671,0.0001,-0.000912981,-0.00177945544859,0.999998,0,0,0,0,0,0,0
489,2907.32,0,0,1,14.2070886545,-24.1983706768,0.0001,-0.00553899,-0.0134650790484,0.999894,0,0,0,0,0,0,0
490,2888.32,0,0,1,10.6873387041,-15.4632304313,0.0001,0.00192557,-0.00151399180149,0.999997,0,0,0,0,0,0,0
491,2990.66,0,0,1,10.8694144554,-17.134247065,0.0001,0.00071917,-0.00234153486223,0.999997,0,0,0,0,0,0,0
492,3012.34,0,0,1,14.5582105355,-10.4501612051,0.0001,0.000524155,0.00193009262366,0.999998,0,0,0,0,0,0,0
493,2851.44,0,0,1,10.6630090182,-9.49972528824,0.0001,-0.00452641,0.00122942731052,0.999989,0,0,0,0,0,0,0
494,2195.14,0,0,1,15.4700369915,-19.0778853334,0.0001,0.0117893,-0.00921953694662,0.999888,0,0,0,0,0,0,0
495,1928.87,0,0,1,9.98828161916,-15.818515522,0.0001,-0.00986921,-0.000772200087986,0.999951,0,0,0,0,0,0,0
496,2731.56,0,0,1,6.91754582446,-18.3059100143,0.0001,-0.000207735,-0.00547326421524,0.999985,0,0,0,0,0,0,0
497,3057.93,0,0,1,14.9147951342,-10.7247524396,0.0001,0.00473298,0.00236615813493,0.999986,0,0,0,0,0,0,0
498,2138.91,0,0,1,23.1705885846,-18.4302632596,0.0001,0.0193258,-0.018066293321,0.99965,0,0,0,0,0,0,0
499,2948.67,0,0,1,18.4852262108,-16.7277322459,0.0001,0.00627901,-0.00160424200791,0.999979,0,0,0,0,0,0,0
500,3007.31,0,0,1,14.6406649223,-17.7999474271,0.0001,0.00322994,-0.00235953885248,0.999992,0,0,0,0,0,0,0
501,2054.27,0,0,1,16.8860975382,-14.4732397785,0.0001,-0.015044,-0.0169000747927,0.999744,0,0,0,0,0,0,0
502,3016.37,0,0,1,10.3310204915,-19.3470178119,0.0001,-0.00395555,-0.00586114316473,0.999975,0,0,0,0,0,0,0
503,3031.79,0,0,1,11.0307423867,-3.67515433636,0.0001,0.00210874,0.00674926593138,0.999975,0,0,0,0,0,0,0
504,1587.88,0,0,1,5.80905299847,-26.1489049454,0.0001,-0.0172592,-0.0151674097775,0.999736,0,0,0,0,0,0,0
505,1201.48,0,0,1,12.5359309771,-18.1654041825,0.0001,0.0214344,0.0147123163587,0.999662,0,0,0,0,0,0,0
506,1962.36,0,0,1,13.7227602608,-14.9952161914,0.0001,-0.00695163,-0.0107549112662,0.999918,0,0,0,0,0,0,0
507,3000.12,0,0,1,6.77328270808,-19.3216925781,0.0001,-0.0038453,-0.00460579460136,0.999982,0,0,0,0,0,0,0
508,1341.04,0,0,1,9.68614522186,-8.88693378641,0.0001,-0.0126734,0.0132422320037,0.999832,0,0,0,0,0,0,0
509,3037.12,0,0,1,10.6633972149,-12.5762605564,0.0001,-0.00511361,0.00196233732265,0.999985,0,0,0,0,0,0,0
510,1382.37,0,0,1,17.5666608426,-19.2652065405,0.0001,-0.00691752,-0.0400931706535,0.999172,0,0,0,0,0,0,0
511,3079.32,0,0,1,10.9514287508,-15.7408694952,0.0001,0.00143038,-0.00345745051382,0.999993,0,0,0,0,0,0,0
512,2983.4,0,0,1,10.6749823407,-15.8394673522,0.0001,-0.000878566,-0.00335083359533,0.999994,0,0,0,0,0,0,0
513,575.489,0,0,1,5.82616507314,-19.5717768764,0.0001,-0.0687107,-0.028620702813,0.997226,0,0,0,0,0,0,0
514,2173.19,0,0,1,25.1009076602,-22.671740578,0.0001,-0.00459231,-0.0268844249495,0.999628,0,0,0,0,0,0,0
515,1226.18,0,0,1,17.8147078465,-20.799168848,0.0001,-0.00955783,-0.0183467187718,0.999786,0,0,0,0,0,0,0
516,2975.54,0,0,1,6.7338363183,-12.534910588,0.0001,-0.00466073,-0.000526758831993,0.999989,0,0,0,0,0,0,0
517,2612,0,0,1,14.917183277,-10.2082728611,0.0001,0.00414255,0.0162732725196,0.999859,0,0,0,0,0,0,0
518,732.901,0,0,1,16.829235812,-15.9591243627,0.0001,0.0316164,0.00376114371436,0.999493,0,0,0,0,0,0,0
519,2965.4,0,0,1,18.4006917496,-7.84944915119,0.0001,0.00456459,0.00302725835234,0.999985,0,0,0,0,0,0,0
520,2715.37,0,0,1,18.9288225199,-21.2669975195,0.0001,0.0110694,0.0100725289595,0.999888,0,0,0,0,0,0,0
521,2986.89,0,0,1,-14.6693229876,-13.840532979,0.0001,-0.00114366,-0.00164074306466,0.999998,0,0,0,0,0,0,0
522,3003.2,0,0,1,-18.173416705,-18.3055927864,0.0001,-0.000831087,-0.00461618602294,0.999989,0,0,0,0,0,0,0
523,3063.68,0,0,1,-10.6747848678,-14.4039240632,0.0001,0.000752843,-0.00119717434713,0.999999,0,0,0,0,0,0,0
524,2748.64,0,0,1,-2.92712473931,-13.0223454202,0.0001,0.00772398,-0.00723443135011,0.999944,0,0,0,0,0,0,0
525,2973.53,0,0,1,-10.9418728235,-18.4780971226,0.0001,0.001352,-0.00980661485937,0.999951,0,0,0,0,0,0,0
526,3049.8,0,0,1,-14.4520398636,-14.3597948098,0.0001,-0.00198326,0.000258216522006,0.999998,0,0,0,0,0,0,0
527,2991.5,0,0,1,-14.4820798739,-3.20694134481,0.0001,0.00100126,0.00888796255688,0.99996,0,0,0,0,0,0,0
528,2963.15,0,0,1,-14.9701098974,-17.9055699393,0.0001,-0.00546742,-0.00347949386315,0.999979,0,0,0,0,0,0,0
529,265.969,0,0,1,-10.730408436,-17.5878020672,0.0001,0.0541942,0.0346511131908,0.997929,0,0,0,0,0,0,0
530,3018.88,0,0,1,-10.4763120872,-20.2730116808,0.0001,0.00437366,-0.00555612033747,0.999975,0,0,0,0,0,0,0
531,2001.42,0,0,1,-18.8186993132,-15.6237590386,0.0001,-0.00991488,0.0119866806742,0.999879,0,0,0,0,0,0,0
532,1100.28,0,0,1,-19.3896781974,-11.1783317101,0.0001,-0.0188118,0.00837085639347,0.999788,0,0,0,0,0,0,0
533,2513.74,0,0,1,-20.7394508192,-13.829111561,0.0001,0.0123961,-0.000575131106775,0.999923,0,0,0,0,0,0,0
534,1859.54,0,0,1,-17.2748090886,-11.4762633054,0.0001,0.00949541,0.0217199960389,0.999719,0,0,0,0,0,0,0
535,2951.34,0,0,1,-14.3951686273,-7.51154356936,0.0001,0.0015608,0.006289949313,0.999979,0,0,0,0,0,0,0
536,2971.13,0,0,1,-14.5518240387,-15.2538515193,0.0001,-0.00119595,-0.00256314018296,0.999996,0,0,0,0,0,0,0
537,2946.71,0,0,1,-14.658770133,-19.1019203102,0.0001,-0.00348912,-0.00598543779732,0.999976,0,0,0,0,0,0,0
538,2875.66,0,0,1,-14.5036553218,-9.79241068643,0.0001,0.00222279,-0.0010291722965,0.999997,0,0,0,0,0,0,0
539,3022.32,0,0,1,-14.9067878196,-14.1153191844,0.0001,-0.00436909,-0.000954438354122,0.99999,0,0,0,0,0,0,0
540,3010.27,0,0,1,-14.196889692,-17.1901058596,0.0001,0.000512828,-0.00526657492516,0.999986,0,0,0,0,0,0,0
541,2986.66,0,0,1,-10.5621617538,-15.3235123805,0.0001,0.00190279,-0.000615943354357,0.999998,0,0,0,0,0,0,0
542,2632.37,0,0,1,-10.8639813267,-22.8519794644,0.0001,-0.00404604,-0.00395339149572,0.999984,0,0,0,0,0,0,0
543,1567.95,0,0,1,-17.6661833212,-20.1965731804,0.0001,0.0107792,0.00630894312544,0.999922,0,0,0,0,0,0,0
544,1454.6,0,0,1,-20.7242792955,-13.5704730095,0.0001,0.0159524,0.0112909013475,0.999809,0,0,0,0,0,0,0
545,455.472,0,0,1,-9.25814095999,-18.507122638,0.0001,-0.0293855,0.0137918331178,0.999473,0,0,0,0,0,0,0
546,2956.5,0,0,1,-14.1216028313,-8.99606446421,0.0001,0.00483418,0.00326043167811,0.999983,0,0,0,0,0,0,0
547,2631.33,0,0,1,-19.1120815731,-16.7116894253,0.0001,-0.0140071,-0.0044485374664,0.999892,0,0,0,0,0,0,0
548,3041.46,0,0,1,-14.555868787,-12.2391619235,0.0001,0.00155288,0.00189434809512,0.999997,0,0,0,0,0,0,0
549,2503.05,0,0,1,-6.61731425819,-9.19659983791,0.0001,0.00476296,0.0104551353907,0.999934,0,0,0,0,0,0,0
550,2955.16,0,0,1,-14.1278573046,-6.71924089614,0.0001,0.00212413,0.00393547605037,0.99999,0,0,0,0,0,0,0
551,2884.1,0,0,1,-11.161835533,-12.6427486177,0.0001,-0.00674276,0.0025562690747,0.999974,0,0,0,0,0,0,0
552,2275.13,0,0,1,-16.6368287567,-8.70838023408,0.0001,-0.0312661,0.00148016579815,0.99951,0,0,0,0,0,0,0
553,2987.44,0,0,1,-14.3656582629,-22.3175604123,0.0001,0.0020764,-0.00798043902552,0.999966,0,0,0,0,0,0,0
554,3025.01,0,0,1,-14.5619536641,-20.8626285043,0.0001,-0.00266979,-0.00639309356696,0.999976,0,0,0,0,0,0,0
555,2666.54,0,0,1,-17.5289260649,-16.4163669239,0.0001,0.00865172,-0.0182511951675,0.999796,0,0,0,0,0,0,0
556,2989.02,0,0,1,-14.5267169013,-13.781146243,0.0001,-0.000840858,-0.00230064095934,0.999997,0,0,0,0,0,0,0
557,1722.13,0,0,1,-16.6733816413,-24.9706165951,0.0001,0.0158029,-0.0653540142806,0.997737,0,0,0,0,0,0,0
558,2702.92,0,0,1,-18.2336852207,-12.9015943309,0.0001,-0.00423975,-0.00469298624944,0.99998,0,0,0,0,0,0,0
559,1115.89,0,0,1,-8.77188220628,-22.2077090963,0.0001,0.0366798,0.00949087709118,0.999282,0,0,0,0,0,0,0
560,2977.61,0,0,1,-7.2486894266,-16.3063962972,0.0001,0.00102354,-0.00479084771919,0.999988,0,0,0,0,0,0,0
561,3052.58,0,0,1,-10.369407719,-20.1858376891,0.0001,0.00459094,-0.00684997181866,0.999966,0,0,0,0,0,0,0
562,2789.2,0,0,1,-14.5067010408,-17.4444822175,0.0001,-0.0050268,-0.00409033504252,0.999979,0,0,0,0,0,0,0
563,2976.19,0,0,1,-10.7898814589,-20.718932035,0.0001,0.000922424,-0.00656876319898,0.999978,0,0,0,0,0,0,0
564,1501.6,0,0,1,-6.35806679201,-19.4008265192,0.0001,0.010108,-0.0162417624352,0.999817,0,0,0,0,0,0,0
565,2966.88,0,0,1,-6.59965605659,-19.9235362975,0.0001,0.00616608,-0.00678068532183,0.999958,0,0,0,0,0,0,0
566,773.892,0,0,1,-6.29089602673,-9.19342569451,0.0001,0.0111415,0.0116554741538,0.99987,0,0,0,0,0,0,0
567,3001.01,0,0,1,-11.0836834726,-15.5355659154,0.0001,-0.00415281,-0.00327932509883,0.999986,0,0,0,0,0,0,0
568,2039.41,0,0,1,-15.1543832037,-15.3032733731,0.0001,-0.00911339,-0.013598829608,0.999866,0,0,0,0,0,0,0
569,3087.2,0,0,1,-10.5996948798,-15.6824,0.0001,0.000254736,-0,1,0,0,0,0,0,0,0
570,3045.46,0,0,1,-14.2881111454,-20.9478445168,0.0001,-0.000554484,-0.0071897059393,0.999974,0,0,0,0,0,0,0
571,3009.98,0,0,1,-7.23519796197,-12.3314,0.0001,0.00159393,-0,0.999999,0,0,0,0,0,0,0
572,3028.46,0,0,1,-10.4825366998,-18.4185303934,0.0001,0.00314918,-0.00648706322827,0.999974,0,0,0,0,0,0,0
573,2990.89,0,0,1,-22.1197917728,-14.1703784101,0.0001,-0.00456576,0.00107411108475,0.999989,0,0,0,0,0,0,0
574,2998.83,0,0,1,-14.5588635961,-21.8192681614,0.0001,-0.00316386,-0.00836590640041,0.99996,0,0,0,0,0,0,0
575,2957.04,0,0,1,-7.03309275292,-19.9337946256,0.0001,0.00135556,-0.00470768659602,0.999988,0,0,0,0,0,0,0
576,1162.65,0,0,1,-5.46875246339,-11.1200247734,0.0001,0.0242475,0.00871484479208,0.999668,0,0,0,0,0,0,0
577,3039.77,0,0,1,-14.6100407601,-9.89793036782,0.0001,-0.00202786,0.00197174233115,0.999996,0,0,0,0,0,0,0
578,2449.2,0,0,1,-17.644353839,-17.381540887,0.0001,0.00727132,-0.00700894460369,0.999949,0,0,0,0,0,0,0
579,2982.64,0,0,1,-14.583065304,-23.3835102878,0.0001,-0.00324876,-0.0104614510687,0.99994,0,0,0,0,0,0,0
580,2910.18,0,0,1,-14.2855053833,-20.9157800031,0.0001,0.00470721,-0.00398017751059,0.999981,0,0,0,0,0,0,0
581,2947.32,0,0,1,-10.7249186789,-11.9981785729,0.0001,-0.000929299,0.00106602174868,0.999999,0,0,0,0,0,0,0
582,1718.59,0,0,1,-15.0457615764,-16.9666263851,0.0001,-0.00803698,0.0185839965422,0.999795,0,0,0,0,0,0,0
583,3005.24,0,0,1,-6.88857400288,-21.0730816825,0.0001,0.00427825,-0.00903847757852,0.99995,0,0,0,0,0,0,0
584,2949.16,0,0,1,-6.73337547395,-18.9950306575,0.0001,0.00370766,-0.00650019025294,0.999972,0,0,0,0,0,0,0
585,2979.59,0,0,1,-11.1397354609,-12.3571810641,0.0001,-0.00176422,0.000942084811182,0.999998,0,0,0,0,0,0,0
586,2730.04,0,0,1,-14.2160964515,-17.6692626064,0.0001,0.00515159,0.00186034821253,0.999985,0,0,0,0,0,0,0
587,2971.41,0,0,1,-18.3726676438,-8.85667499771,0.0001,-0.00336528,0.00621886368412,0.999975,0,0,0,0,0,0,0
588,2967.87,0,0,1,-14.3830191439,-21.2462349763,0.0001,-0.00095241,-0.00671508646198,0.999977,0,0,0,0,0,0,0
589,2602.4,0,0,1,-17.4663570952,-13.0359294543,0.0001,0.0120835,0.0084839346267,0.999891,0,0,0,0,0,0,0
590,3000.57,0,0,1,-10.5896015516,-13.1665716167,0.0001,-7.71918e-05,0.00141210496285,0.999999,0,0,0,0,0,0,0
591,2734.5,0,0,1,-14.2884014777,-16.4840400733,0.0001,0.00490154,-0.00199366738157,0.999986,0,0,0,0,0,0,0
592,3037.52,0,0,1,-14.4741926614,-15.3269274621,0.0001,0.000365105,-0.00136627132702,0.999999,0,0,0,0,0,0,0
593,1956.31,0,0,1,-13.8973598327,-9.54547084894,0.0001,0.0119467,0.0133884442005,0.999839,0,0,0,0,0,0,0
594,1185.33,0,0,1,-13.8159614753,-10.5625691101,0.0001,0.011865,-0.0133864175566,0.99984,0,0,0,0,0,0,0
595,543.254,0,0,1,-7.5813869152,-17.3579727863,0.0001,-0.00680709,0.03615529279,0.999323,0,0,0,0,0,0,0
596,2984.61,0,0,1,-7.24319910623,-18.001364241,0.0001,-0.00194557,-0.00319604574045,0.999993,0,0,0,0,0,0,0
597,2987.87,0,0,1,-14.7704890398,-13.9212420514,0.0001,-0.00442979,-0.00209208426117,0.999988,0,0,0,0,0,0,0
598,3009.84,0,0,1,-6.91300051441,-9.79460508286,0.0001,0.00146693,0.00422469127571,0.99999,0,0,0,0,0,0,0
599,3001.58,0,0,1,-7.29719119017,-18.8185936117,0.0001,-0.000556719,-0.00465724628456,0.999989,0,0,0,0,0,0,0
600,2978.54,0,0,1,-7.30487838645,-13.7012815372,0.0001,0.0010753,0.000918547173569,0.999999,0,0,0,0,0,0,0
601,1574.94,0,0,1,-19.8570720897,-17.4303736673,0.0001,-0.0234797,-0.00863746021177,0.999687,0,0,0,0,0,0,0
602,2939.88,0,0,1,-10.9060492697,-15.1853,0.0001,-0.00245122,-0,0.999997,0,0,0,0,0,0,0
603,2971.79,0,0,1,-10.5339662025,-19.9311047774,0.0001,0.00168144,-0.00521272812703,0.999985,0,0,0,0,0,0,0
604,559.155,0,0,1,-5.25672584805,-13.4694285803,0.0001,0.0230829,-0.0163407382817,0.9996,0,0,0,0,0,0,0
605,576.225,0,0,1,-14.0625475862,-9.76975823559,0.0001,0.0125552,0.0165021431323,0.999785,0,0,0,0,0,0,0
606,3008.32,0,0,1,-11.0267085139,-10.8038,0.0001,-0.000423576,-0,1,0,0,0,0,0,0,0
607,2963.15,0,0,1,-7.10619834361,-15.9134747435,0.0001,-0.000415102,-0.00371855366097,0.999993,0,0,0,0,0,0,0
608,1371.37,0,0,1,-13.0129452447,-10.3815685073,0.0001,0.0176456,0.0115144915928,0.999778,0,0,0,0,0,0,0
609,275.769,0,0,1,-0.990336086083,-19.7058137572,0.0001,0.0863374,-0.00563833851769,0.99625,0,0,0,0,0,0,0
610,1135.55,0,0,1,1.51423669443,-18.117327201,0.0001,0.0182342,-0.0262155268946,0.99949,0,0,0,0,0,0,0
611,2751.51,0,0,1,-3.20370713456,-11.8778984307,0.0001,0.0021325,-0.00987166869126,0.999949,0,0,0,0,0,0,0
612,2864.25,0,0,1,-10.68290207,-4.93535677873,0.0001,0.0048719,0.00861755124093,0.999951,0,0,0,0,0,0,0
613,3004.41,0,0,1,-10.6109079622,-13.1606562912,0.0001,-0.000396128,-0.00280054755496,0.999996,0,0,0,0,0,0,0
614,3056.72,0,0,1,-11.0135552149,-14.780413543,0.0001,-0.002747,-0.000673776669258,0.999996,0,0,0,0,0,0,0
615,2956.33,0,0,1,-10.6936171734,-15.1894226516,0.0001,-0.000854396,-0.00112694563991,0.999999,0,0,0,0,0,0,0
616,2967.94,0,0,1,-10.4774120034,-22.046691576,0.0001,0.0043777,-0.00953062000659,0.999945,0,0,0,0,0,0,0
617,2973.23,0,0,1,-6.4411723877,-22.4231734642,0.0001,0.00833832,-0.00862944005005,0.999928,0,0,0,0,0,0,0
618,2987.98,0,0,1,-10.5964969176,-18.3331063156,0.0001,0.000153353,-0.00528926146616,0.999986,0,0,0,0,0,0,0
619,2714.37,0,0,1,-10.8170744307,-15.1371695975,0.0001,-0.00370299,0.00151254787029,0.999992,0,0,0,0,0,0,0
620,3018.42,0,0,1,-6.82457663841,-17.3373544788,0.0001,0.00215728,-0.00271037027018,0.999994,0,0,0,0,0,0,0
621,3030.05,0,0,1,-14.8973940358,-16.8748806851,0.0001,-0.00467831,-0.00401410694225,0.999981,0,0,0,0,0,0,0
622,3011.03,0,0,1,-7.30880014345,-23.1231504177,0.0001,-7.13664e-06,-0.00748325898713,0.999972,0,0,0,0,0,0,0
623,2976.74,0,0,1,-10.5238797478,-16.551253122,0.0001,0.00100757,-0.00264287470288,0.999996,0,0,0,0,0,0,0
624,100.452,0,0,1,-8.91689962722,-14.8561409539,0.0001,-0.0248398,0.027793907803,0.999305,0,0,0,0,0,0,0
625,3053.1,0,0,1,-14.832465296,-14.7378,0.0001,-0.00324854,0,0.999995,0,0,0,0,0,0,0
626,1923.38,0,0,1,-15.2192747899,-14.7907292629,0.0001,-0.00869563,0.00351910257071,0.999956,0,0,0,0,0,0,0
627,2971.81,0,0,1,-7.67853177264,-8.83594194888,0.0001,-0.0055607,0.0038830511856,0.999977,0,0,0,0,0,0,0
628,2843.28,0,0,1,-10.9036617078,-14.7685691611,0.0001,0.00190504,0.00650924677658,0.999977,0,0,0,0,0,0,0
629,3048.44,0,0,1,-7.59956800255,-17.6270686733,0.0001,-0.00288567,-0.00341654923146,0.99999,0,0,0,0,0,0,0
630,2963.59,0,0,1,-10.944356323,-10.2527501611,0.0001,-0.00280212,0.00247953110597,0.999993,0,0,0,0,0,0,0
631,2132.84,0,0,1,-9.97012421057,-10.1877213132,0.0001,0.0097403,-0.00106030746018,0.999952,0,0,0,0,0,0,0
632,2641.11,0,0,1,-7.31186141454,-13.5979820531,0.0001,-0.00305541,-0.00408219312772,0.999987,0,0,0,0,0,0,0
633,922.917,0,0,1,-6.68058632135,-16.0739253786,0.0001,0.00714787,-0.00623746178049,0.999955,0,0,0,0,0,0,0
634,3018.14,0,0,1,-11.0778224915,-11.6660826175,0.0001,-0.00111898,0.000864802150623,0.999999,0,0,0,0,0,0,0
635,2895.54,0,0,1,-10.8144527152,-9.50735362546,0.0001,0.00235245,0.00429718919732,0.999988,0,0,0,0,0,0,0
636,804.583,0,0,1,-10.3241113068,-9.07500159062,0.0001,0.00937122,0.0585242656657,0.998242,0,0,0,0,0,0,0
637,2178.9,0,0,1,-2.77279648267,-13.930875132,0.0001,0.00962638,-0.0136862415621,0.99986,0,0,0,0,0,0,0
638,2909.73,0,0,1,-3.5574178898,-17.0940114297,0.0001,-0.00238257,-0.000568639776169,0.999997,0,0,0,0,0,0,0
639,1212.54,0,0,1,-12.4649525487,-11.2052445958,0.0001,-0.0175343,0.0176763181548,0.99969,0,0,0,0,0,0,0
640,3030.77,0,0,1,-6.80380417454,-20.215148099,0.0001,0.0027773,-0.00736787918671,0.999969,0,0,0,0,0,0,0
641,2612.83,0,0,1,-2.5393042019,-25.0850220154,0.0001,0.0157094,-0.0010951600979,0.999876,0,0,0,0,0,0,0
642,2973.47,0,0,1,-7.29881131911,-17.5084832064,0.0001,0.000929389,-0.00413958392677,0.999991,0,0,0,0,0,0,0
643,3037.42,0,0,1,-10.8541835731,-13.5226,0.0001,0.000817258,-0,1,0,0,0,0,0,0,0
644,2004.25,0,0,1,-7.99353937073,-10.3807528852,0.0001,-0.0124037,0.0172654901555,0.999774,0,0,0,0,0,0,0
645,3000.9,0,0,1,-11.3522073709,-11.729,0.0001,-0.00534176,-0,0.999986,0,0,0,0,0,0,0
646,1741.1,0,0,1,-11.8743551863,-21.5413807432,0.0001,-0.0126943,-0.00899111264027,0.999879,0,0,0,0,0,0,0
647,2989.01,0,0,1,-14.9594273764,-12.4156,0.0001,-0.00633701,-0,0.99998,0,0,0,0,0,0,0
648,909.588,0,0,1,-7.9537188813,-13.7087723614,0.0001,-0.0153654,0.00137488975556,0.999881,0,0,0,0,0,0,0
649,2959.39,0,0,1,-10.747822172,-11.0843664672,0.0001,-0.00110308,0.00166829569127,0.999998,0,0,0,0,0,0,0
650,2751.12,0,0,1,-11.2007104427,-18.6793750168,0.0001,-0.00549437,-0.00870684152279,0.999947,0,0,0,0,0,0,0
651,2831.72,0,0,1,-3.97958458932,-10.1644814572,0.0001,-0.00769078,0.000922498233945,0.99997,0,0,0,0,0,0,0
652,3029.7,0,0,1,-7.18413238096,-12.3731067238,0.0001,0.00137408,-0.000334519287385,0.999999,0,0,0,0,0,0,0
653,2651.28,0,0,1,-7.26263477517,-7.76271444562,0.0001,-0.00272498,0.0102260132994,0.999944,0,0,0,0,0,0,0
654,2975.41,0,0,1,-6.73670822108,-9.94966822077,0.0001,0.00406855,0.00307355362691,0.999987,0,0,0,0,0,0,0
655,3002.42,0,0,1,-6.99123926198,-13.8736255408,0.0001,0.00351928,-0.00127067670219,0.999993,0,0,0,0,0,0,0
656,2967.68,0,0,1,-6.72928771831,-13.9878291715,0.0001,0.00508857,-0.00145129575037,0.999986,0,0,0,0,0,0,0
657,2053.61,0,0,1,-14.4875494177,-16.2613868743,0.0001,0.00251627,-0.0142708570271,0.999895,0,0,0,0,0,0,0
658,2746.97,0,0,1,-7.19023871376,-8.73669486938,0.0001,0.00255146,0.00821514959501,0.999963,0,0,0,0,0,0,0
659,2961.32,0,0,1,-7.27485455988,-20.914111717,0.0001,0.00176316,-0.00555796525847,0.999983,0,0,0,0,0,0,0
660,723.067,0,0,1,-13.5342158778,-12.2240011372,0.0001,0.019092,0.0397058269653,0.999029,0,0,0,0,0,0,0
661,2690.68,0,0,1,-11.4202488084,-10.7666541987,0.0001,-0.00740318,0.00227860173957,0.99997,0,0,0,0,0,0,0
662,2982.13,0,0,1,-3.08991115928,-13.4276165611,0.0001,0.00541488,-0.000823923288629,0.999985,0,0,0,0,0,0,0
663,3057.57,0,0,1,-7.4573808133,-16.9245849861,0.0001,-0.00203049,-0.0042281188914,0.999989,0,0,0,0,0,0,0
664,2500.55,0,0,1,-13.6084850845,-23.0511234012,0.0001,0.0106915,-0.00613889662317,0.999924,0,0,0,0,0,0,0
665,3006.33,0,0,1,-7.07403507301,-10.5497468048,0.0001,0.00223516,0.00264651162368,0.999994,0,0,0,0,0,0,0
666,3019.07,0,0,1,-11.0211676345,-11.7949834549,0.0001,-0.00336488,0.000823132179849,0.999994,0,0,0,0,0,0,0
667,3021.63,0,0,1,-3.16662472747,-13.9495242417,0.0001,0.00324737,-0.00120604812632,0.999994,0,0,0,0,0,0,0
668,3005.36,0,0,1,-7.3391114075,-17.5212556953,0.0001,-0.000567535,-0.00277090021903,0.999996,0,0,0,0,0,0,0
669,2184.43,0,0,1,-10.7160458845,-12.6517666587,0.0001,0.0026923,0.00165876330742,0.999995,0,0,0,0,0,0,0
670,2640.1,0,0,1,-3.7377737309,-16.3860658844,0.0001,0.00180442,-0.00327780711201,0.999993,0,0,0,0,0,0,0
671,2629.71,0,0,1,-3.49281519587,-14.7811,0.0001,0.00322407,-0,0.999995,0,0,0,0,0,0,0
672,1387.95,0,0,1,-0.663918252783,-19.9021931158,0.0001,-0.00890683,-0.0493465886901,0.998742,0,0,0,0,0,0,0
673,2991.42,0,0,1,0.541101679228,-16.6525992435,0.0001,0.00645149,-0.00493732597464,0.999967,0,0,0,0,0,0,0
674,3040.99,0,0,1,-11.0845845365,-18.8191860136,0.0001,-0.00420572,-0.0042792049824,0.999982,0,0,0,0,0,0,0
675,2979.55,0,0,1,-11.3153001078,-13.5094359296,0.0001,-0.00498042,-0.00178751800649,0.999986,0,0,0,0,0,0,0
676,2978.66,0,0,1,-7.14289013818,-23.0173030751,0.0001,0.00198307,-0.0101027038151,0.999947,0,0,0,0,0,0,0
677,2277.68,0,0,1,-8.77633476161,-17.7241622026,0.0001,-0.0211276,-0.00309395123427,0.999772,0,0,0,0,0,0,0
678,2954.77,0,0,1,-7.10761922905,-10.7816,0.0001,3.83555e-05,0,1,0,0,0,0,0,0,0
679,2937.64,0,0,1,-3.56108407845,-16.2727979221,0.0001,0.00377712,-0.00487165305677,0.999981,0,0,0,0,0,0,0
680,2873.16,0,0,1,-7.53889791993,-12.9006946616,0.0001,-0.00138905,0.000265591975713,0.999999,0,0,0,0,0,0,0
681,3006.57,0,0,1,-3.06614319082,-7.76573234092,0.0001,0.00581128,0.00286855081212,0.999979,0,0,0,0,0,0,0
682,2609.84,0,0,1,-7.13547146494,-13.8153914699,0.0001,0.00390701,-0.0095253589885,0.999947,0,0,0,0,0,0,0
683,2147.36,0,0,1,-0.969204723542,-17.1309428044,0.0001,0.0361591,0.00284368127435,0.999342,0,0,0,0,0,0,0
684,3017.59,0,0,1,-3.16751847162,-19.1992249297,0.0001,0.00306104,-0.00621526010062,0.999976,0,0,0,0,0,0,0
685,2977.32,0,0,1,-3.24024038683,-10.4369198321,0.0001,0.00246829,0.0039884111468,0.999989,0,0,0,0,0,0,0
686,1704.83,0,0,1,-13.5080284733,-20.5794910323,0.0001,-0.0362144,0.0153596274903,0.999226,0,0,0,0,0,0,0
687,1208.28,0,0,1,-4.03868847904,-14.7373151808,0.0001,-0.00688905,0.00919438057171,0.999934,0,0,0,0,0,0,0
688,2997.17,0,0,1,-3.56358666878,-14.731549122,0.0001,0.000165732,-0.00244387477259,0.999997,0,0,0,0,0,0,0
689,2978.51,0,0,1,-6.82072661742,-14.4712404827,0.0001,0.00315334,-0.00201405010968,0.999993,0,0,0,0,0,0,0
690,2969.84,0,0,1,-11.1345854307,-10.472143378,0.0001,-0.00425023,0.00281697993374,0.999987,0,0,0,0,0,0,0
691,563.788,0,0,1,-2.31044100338,-8.19364193459,0.0001,0.0133749,-0.0319179142331,0.999401,0,0,0,0,0,0,0
692,2191.71,0,0,1,-2.82540402771,-12.4149368306,0.0001,0.00875449,-0.00183229496531,0.99996,0,0,0,0,0,0,0
693,563.954,0,0,1,-9.89013385861,-17.3079439612,0.0001,0.00975779,-0.00218701493272,0.99995,0,0,0,0,0,0,0
694,2924.88,0,0,1,-3.66720871261,-24.600284099,0.0001,-0.00491081,-0.00915865869786,0.999946,0,0,0,0,0,0,0
695,2998.94,0,0,1,-3.63817967135,-12.9973284238,0.0001,1.63507e-05,-0.0014141186848,0.999999,0,0,0,0,0,0,0
696,3040.22,0,0,1,-4.04743120866,-18.5434790053,0.0001,-0.00354267,-0.00393055890059,0.999986,0,0,0,0,0,0,0
697,2956.49,0,0,1,-11.0016466904,-7.07062701218,0.0001,-0.00232284,0.00711362286985,0.999972,0,0,0,0,0,0,0
698,3042.77,0,0,1,0.524940317579,-3.15832306957,0.0001,0.00469214,0.00979695571187,0.999941,0,0,0,0,0,0,0
699,3045.41,0,0,1,-0.28981591628,-13.7631337005,0.0001,-0.00109036,-0.00167663683314,0.999998,0,0,0,0,0,0,0
700,2625.88,0,0,1,1.12494680081,-22.6425187874,0.0001,0.0142664,-0.0108831939264,0.999839,0,0,0,0,0,0,0
701,938.432,0,0,1,-3.77358409603,-20.4002428354,0.0001,-0.00418374,-0.00710599490659,0.999966,0,0,0,0,0,0,0
702,2999.28,0,0,1,-7.47530011806,-11.6089,0.0001,-0.00348844,-0,0.999994,0,0,0,0,0,0,0
703,670.502,0,0,1,-9.97387021868,-19.9285531613,0.0001,-0.0387778,-0.0225226595046,0.998994,0,0,0,0,0,0,0
704,2976.07,0,0,1,-7.14461172213,-19.9404203172,0.0001,0.000411827,-0.00598582279406,0.999982,0,0,0,0,0,0,0
705,517.716,0,0,1,-2.40020980491,-17.2059943876,0.0001,-0.0333034,0.0102232626612,0.999393,0,0,0,0,0,0,0
706,3020.56,0,0,1,-3.47414610788,-18.1797782534,0.0001,0.00168616,-0.00389317138777,0.999991,0,0,0,0,0,0,0
707,1245.31,0,0,1,-10.3527545653,-14.6412035766,0.0001,0.00723316,0.0246895086102,0.999669,0,0,0,0,0,0,0
708,850.828,0,0,1,-0.68844041439,-16.7037558895,0.0001,-0.015292,-0.00775455524192,0.999853,0,0,0,0,0,0,0
709,2693.47,0,0,1,-2.23671573852,-14.8641196769,0.0001,0.0176219,-0.00595304219622,0.999827,0,0,0,0,0,0,0
710,2927.66,0,0,1,-3.54650826079,-12.4282235617,0.0001,0.00257408,-0.00117221847522,0.999996,0,0,0,0,0,0,0
711,2408.66,0,0,1,-6.90734490054,-14.9186675959,0.0001,0.00572574,-0.0133118321974,0.999895,0,0,0,0,0,0,0
712,2956.75,0,0,1,-7.5779486736,-11.7902755554,0.0001,-0.00291907,0.00121614363264,0.999995,0,0,0,0,0,0,0
713,2991.7,0,0,1,-3.86743549928,-14.0550188639,0.0001,-0.00176613,-0.000938499239713,0.999998,0,0,0,0,0,0,0
714,3005.46,0,0,1,-6.94609712161,-14.0223400969,0.0001,0.000143203,-0.00199486563473,0.999998,0,0,0,0,0,0,0
715,2124.67,0,0,1,-7.53083133855,-11.8347557102,0.0001,-0.00106123,0.0270691540667,0.999633,0,0,0,0,0,0,0
716,3006.88,0,0,1,-7.34799115008,-23.2896946826,0.0001,0.000440274,-0.00968524392078,0.999953,0,0,0,0,0,0,0
717,863.677,0,0,1,-11.0102513464,-21.7177467332,0.0001,0.0024205,0.00762496922945,0.999968,0,0,0,0,0,0,0
718,2983.53,0,0,1,-3.4334770269,-14.9175093264,0.0001,0.000645418,-0.00543904500857,0.999985,0,0,0,0,0,0,0
719,3006.72,0,0,1,-6.94392225552,-11.2259879777,0.0001,0.00237534,0.000598122800402,0.999997,0,0,0,0,0,0,0
720,2990.68,0,0,1,-11.0235684739,-10.463587371,0.0001,-0.00340664,0.000628305586766,0.999994,0,0,0,0,0,0,0
721,2977.65,0,0,1,0.093660371594,-18.5476433483,0.0001,0.00226718,-0.00713155739286,0.999972,0,0,0,0,0,0,0
722,2976.89,0,0,1,-6.90297345087,-12.781216039,0.0001,0.00231587,-0.000797958108557,0.999997,0,0,0,0,0,0,0
723,2811.48,0,0,1,-6.40581146922,-8.69296178202,0.0001,0.0093789,0.00836839254517,0.999921,0,0,0,0,0,0,0
724,2932.17,0,0,1,0.0618256118417,-24.9190783106,0.0001,-0.0025116,-0.0138449291959,0.999901,0,0,0,0,0,0,0
725,2994.1,0,0,1,-4.03038239199,-14.92,0.0001,-0.00360157,0,0.999994,0,0,0,0,0,0,0
726,3037.85,0,0,1,0.153790827709,-14.3123,0.0001,0.00292674,-0,0.999996,0,0,0,0,0,0,0
727,842.651,0,0,1,-9.34177035705,-20.819186742,0.0001,-0.0278648,-0.0142587804864,0.99951,0,0,0,0,0,0,0
728,2995.91,0,0,1,-7.59054785627,-13.8790324303,0.0001,-0.00337591,-0.00161343815248,0.999993,0,0,0,0,0,0,0
729,3027.47,0,0,1,-11.4202322648,-18.3559343921,0.0001,-0.00658005,-0.00668588109358,0.999956,0,0,0,0,0,0,0
730,3007.35,0,0,1,-7.53779365359,-18.0301969891,0.0001,-0.00217179,-0.00482525980604,0.999986,0,0,0,0,0,0,0
731,3009,0,0,1,-3.73846757855,-19.4696528093,0.0001,-0.00286451,-0.00760220319774,0.999967,0,0,0,0,0,0,0
732,1858.48,0,0,1,-6.99522380129,-10.0360709061,0.0001,0.00777014,-0.0134762859639,0.999879,0,0,0,0,0,0,0
733,3020.57,0,0,1,-3.74162029388,-9.91763980101,0.0001,-1.46208e-05,0.00199994555728,0.999998,0,0,0,0,0,0,0
734,2979.07,0,0,1,0.26960522214,-13.9997408966,0.0001,0.00344386,-0.00203464107409,0.999992,0,0,0,0,0,0,0
735,465.229,0,0,1,-5.6612286699,-12.793170165,0.0001,-0.0317377,0.0362680045593,0.998838,0,0,0,0,0,0,0
736,1719.56,0,0,1,0.791981367086,-22.4016434515,0.0001,0.0096672,-0.0220558641672,0.99971,0,0,0,0,0,0,0
737,2997.28,0,0,1,-3.65577333744,-20.7596822857,0.0001,0.00132644,-0.0090685606866,0.999958,0,0,0,0,0,0,0
738,2911.25,0,0,1,-6.84557980651,-8.72194571878,0.0001,0.00199965,0.00469054696998,0.999987,0,0,0,0,0,0,0
739,3003.78,0,0,1,-3.13368277237,-19.0016789288,0.0001,0.00384199,-0.00890151132336,0.999953,0,0,0,0,0,0,0
740,2051.19,0,0,1,-4.94063572978,-19.6018818566,0.0001,-0.0196823,-0.0140186234242,0.999708,0,0,0,0,0,0,0
741,3034.63,0,0,1,-3.2842223218,-21.9865347977,0.0001,0.00436196,-0.00670613755887,0.999968,0,0,0,0,0,0,0
742,2991.91,0,0,1,-3.15264398049,-14.5625625895,0.0001,0.00378202,-0.00311386909159,0.999988,0,0,0,0,0,0,0
743,3064.38,0,0,1,-6.94820661166,-19.6825270803,0.0001,0.000168571,-0.00632227679068,0.99998,0,0,0,0,0,0,0
744,1682.4,0,0,1,1.73957134377,-20.6709607752,0.0001,0.0224332,-0.037812913783,0.999033,0,0,0,0,0,0,0
745,2985.36,0,0,1,-3.32589127113,-13.2942495996,0.0001,0.0019268,0.00250747218529,0.999995,0,0,0,0,0,0,0
746,3064.33,0,0,1,-3.29183379476,-15.5070608045,0.0001,0.00329376,-0.00302506943098,0.99999,0,0,0,0,0,0,0
747,2942.1,0,0,1,0.431419016559,-19.2123227916,0.0001,0.00383157,-0.00610887840238,0.999974,0,0,0,0,0,0,0
748,2349.52,0,0,1,0.392059703893,-13.9273395791,0.0001,0.00207475,0.00798086815061,0.999966,0,0,0,0,0,0,0
749,2479.6,0,0,1,-3.08240834417,-10.5118647552,0.0001,0.00754484,0.00175342218944,0.99997,0,0,0,0,0,0,0
750,1015.4,0,0,1,-5.46328975554,-13.5381645362,0.0001,0.0238854,0.00673741811379,0.999692,0,0,0,0,0,0,0
751,2853.73,0,0,1,-0.444129233494,-16.4358694333,0.0001,-0.00632986,-0.0034543011421,0.999974,0,0,0,0,0,0,0
752,2965.16,0,0,1,-3.91876917082,-13.4185,0.0001,-0.00294381,0,0.999996,0,0,0,0,0,0,0
753,2760.63,0,0,1,-6.81496181033,-20.726283492,0.0001,0.0063772,-0.00912838847552,0.999938,0,0,0,0,0,0,0
754,2949.56,0,0,1,0.173412715899,-13.0758837913,0.0001,0.00336893,0.000806396090648,0.999994,0,0,0,0,0,0,0
755,2249.32,0,0,1,-4.28343831563,-20.1837827831,0.0001,-0.00837279,-0.0140669268718,0.999866,0,0,0,0,0,0,0
756,2705.97,0,0,1,-3.95559247659,-11.5458143691,0.0001,-0.00858047,-0.00568970347022,0.999947,0,0,0,0,0,0,0
757,2999.53,0,0,1,-7.4175842762,-19.9950307997,0.0001,-0.00369523,-0.00650726449802,0.999972,0,0,0,0,0,0,0
758,2952.81,0,0,1,-3.55492443235,-9.48276313736,0.0001,-0.00171304,0.0033264763577,0.999993,0,0,0,0,0,0,0
759,3016.47,0,0,1,0.433795717844,-12.235456658,0.0001,0.00336902,0.00215630244623,0.999992,0,0,0,0,0,0,0
760,2670.1,0,0,1,-4.37599212043,-14.7847420097,0.0001,-0.00906012,-0.00706469175447,0.999934,0,0,0,0,0,0,0
761,3105.88,0,0,1,-3.60217279822,-20.2287230336,0.0001,-0.00212922,-0.00612094610266,0.999979,0,0,0,0,0,0,0
762,2962.25,0,0,1,0.474598533989,-22.8661839655,0.0001,0.00549889,-0.00915199212018,0.999943,0,0,0,0,0,0,0
763,1378.63,0,0,1,-3.79031936929,-17.2822005429,0.0001,0.0502111,-0.0149318554704,0.998627,0,0,0,0,0,0,0
764,2224.87,0,0,1,-2.80662082108,-17.1067986471,0.0001,0.00941135,0.00504214658429,0.999943,0,0,0,0,0,0,0
765,3045.91,0,0,1,-7.03129610566,-18.4979061849,0.0001,-0.00030376,-0.00528275816807,0.999986,0,0,0,0,0,0,0
766,3008.28,0,0,1,-4.02587638728,-8.19627844083,0.0001,-0.00429778,0.00505258380154,0.999978,0,0,0,0,0,0,0
767,1748.17,0,0,1,-4.40968342828,-15.4848209205,0.0001,-0.00713555,-0.00104079306177,0.999974,0,0,0,0,0,0,0
768,1539.54,0,0,1,-5.30203757766,-23.2960139284,0.0001,-0.0212578,-0.0305225666542,0.999308,0,0,0,0,0,0,0
769,2271.94,0,0,1,-6.59598082997,-6.73313868801,0.0001,0.0099075,0.0139935640474,0.999853,0,0,0,0,0,0,0
770,3053.26,0,0,1,-3.76861126895,-15.8049622127,0.0001,-0.00155566,-0.00309513908642,0.999994,0,0,0,0,0,0,0
771,2938.15,0,0,1,-4.21931660825,-19.1276031326,0.0001,-0.00629871,-0.00513080533014,0.999967,0,0,0,0,0,0,0
772,3015.29,0,0,1,0.0761107754449,-18.3141628227,0.0001,-0.00149375,-0.00312548795189,0.999994,0,0,0,0,0,0,0
773,2978.72,0,0,1,0.388516559963,-11.717,0.0001,0.00515217,0,0.999987,0,0,0,0,0,0,0
774,2949.58,0,0,1,0.25653270048,-13.4950844072,0.0001,0.0023234,0.000775759911294,0.999997,0,0,0,0,0,0,0
775,3023.76,0,0,1,-3.3772072861,-6.72337259343,0.0001,0.00212504,0.00484603023085,0.999986,0,0,0,0,0,0,0
776,3013.73,0,0,1,-0.240707263189,-16.9988951745,0.0001,-0.00125686,-0.00473499302432,0.999988,0,0,0,0,0,0,0
777,3020.08,0,0,1,-3.60900321388,-14.4722,0.0001,-0.00165243,0,0.999999,0,0,0,0,0,0,0
778,3012.9,0,0,1,-7.72633495362,-10.2518,0.0001,-0.00621648,0,0.999981,0,0,0,0,0,0,0
779,2960.8,0,0,1,-3.7760267078,-14.8086621566,0.0001,0.0006613,-0.00309235465465,0.999995,0,0,0,0,0,0,0
780,2998.11,0,0,1,-3.80550438368,-21.0520678615,0.0001,-0.00320304,-0.00835098405929,0.99996,0,0,0,0,0,0,0
781,2896.01,0,0,1,-0.120684718488,-10.3982309263,0.0001,-0.00376704,0.00343645757117,0.999987,0,0,0,0,0,0,0
782,2998.74,0,0,1,-7.88212262159,-12.0668615747,0.0001,-0.00709541,0.00191165580896,0.999973,0,0,0,0,0,0,0
783,1061.09,0,0,1,-5.52444714219,-5.08382140121,0.0001,0.0225176,0.0247919940553,0.999439,0,0,0,0,0,0,0
784,3010.64,0,0,1,3.96431262106,-10.2847643467,0.0001,0.00261795,0.00177378487916,0.999995,0,0,0,0,0,0,0
785,2460.85,0,0,1,-3.40046541226,-18.758071655,0.0001,0.00520311,-0.00853962214199,0.99995,0,0,0,0,0,0,0
786,2974.16,0,0,1,-3.92784996982,-15.7509483105,0.0001,-0.00149103,-0.00240350026817,0.999996,0,0,0,0,0,0,0
787,2868.2,0,0,1,-3.65718911061,-6.85363224555,0.0001,0.00253179,-0.0030967685409,0.999992,0,0,0,0,0,0,0
788,3049.73,0,0,1,-3.37523212514,-18.6850009205,0.0001,0.000889285,-0.00502085681819,0.999987,0,0,0,0,0,0,0
789,3023.33,0,0,1,-0.237950400257,-16.6100695457,0.0001,-0.000169166,-0.00345996341951,0.999994,0,0,0,0,0,0,0
790,3009.34,0,0,1,-3.96857733535,-17.1478109239,0.0001,-0.00235495,-0.005518504009,0.999982,0,0,0,0,0,0,0
791,2975.44,0,0,1,3.94241193316,-6.73631793915,0.0001,0.00457367,0.00557502167987,0.999974,0,0,0,0,0,0,0
792,2973.36,0,0,1,0.150707605102,-11.8153751572,0.0001,0.00157239,0.00123595537449,0.999998,0,0,0,0,0,0,0
793,2974.87,0,0,1,0.0048867096298,-14.8388896487,0.0001,0.000327839,-0.00446009210555,0.99999,0,0,0,0,0,0,0
794,3004.61,0,0,1,0.0497374395103,-22.5364999569,0.0001,0.00224563,-0.00994758472712,0.999948,0,0,0,0,0,0,0
795,2927.88,0,0,1,-3.65122942859,-14.9008277541,0.0001,0.00301347,0.00359428401202,0.999989,0,0,0,0,0,0,0
796,2465.38,0,0,1,2.64263207684,-12.9506017694,0.0001,-0.0123334,0.0048866655748,0.999912,0,0,0,0,0,0,0
797,2967.16,0,0,1,-7.44616816759,-15.1778340897,0.0001,-0.0038889,-0.00169598814563,0.999991,0,0,0,0,0,0,0
798,3016.61,0,0,1,-3.80798422915,-17.7236931982,0.0001,-0.00070791,-0.0046366736387,0.999989,0,0,0,0,0,0,0
799,2964.16,0,0,1,-3.72483041705,-14.3490688451,0.0001,-0.000518258,-0.00342510914356,0.999994,0,0,0,0,0,0,0
800,2981.47,0,0,1,-4.08374083388,-7.32235252716,0.0001,-0.00451904,0.00236180195581,0.999987,0,0,0,0,0,0,0
801,3031.4,0,0,1,-3.69699676959,-18.9870485988,0.0001,-0.00182928,-0.00739275954441,0.999971,0,0,0,0,0,0,0
802,1158.02,0,0,1,0.182274142063,-13.3246906122,0.0001,0.0082153,0.0104163862212,0.999912,0,0,0,0,0,0,0
803,2995.26,0,0,1,3.7945003883,-18.1025131956,0.0001,0.00151183,-0.00563152564153,0.999983,0,0,0,0,0,0,0
804,3026.09,0,0,1,3.71206016792,-15.4114284252,0.0001,8.35399e-06,-0.00141418853443,0.999999,0,0,0,0,0,0,0
805,1768.57,0,0,1,-3.13937801847,-14.4929186036,0.0001,0.0115404,-0.00590017896678,0.999916,0,0,0,0,0,0,0
806,1053.6,0,0,1,-3.85765240625,-11.2187000743,0.0001,-0.0547631,-0.00497128850399,0.998487,0,0,0,0,0,0,0
807,2917.05,0,0,1,-4.20769137584,-5.98924115511,0.0001,-0.00603843,0.00442002026412,0.999972,0,0,0,0,0,0,0
808,2965.16,0,0,1,-0.264812699728,-11.0070649577,0.0001,-0.000980084,0.00174339649903,0.999998,0,0,0,0,0,0,0
809,2966.42,0,0,1,-3.67597966687,-17.3152798172,0.0001,-0.000480935,-0.00397097437989,0.999992,0,0,0,0,0,0,0
810,3003.7,0,0,1,-4.0009277928,-11.4399693237,0.0001,-0.00486525,0.0015261629787,0.999987,0,0,0,0,0,0,0
811,2891.37,0,0,1,3.82480134374,-14.6513,0.0001,0.00404692,0,0.999992,0,0,0,0,0,0,0
812,2979.86,0,0,1,3.89058034187,-15.685875132,0.0001,0.00200704,-0.00373787498968,0.999991,0,0,0,0,0,0,0
813,3036.06,0,0,1,3.71357454997,-17.1096725985,0.0001,0.00171889,-0.00361183515237,0.999992,0,0,0,0,0,0,0
814,1356.8,0,0,1,-2.24998144892,-11.1423958466,0.0001,0.019809,-0.0395555947749,0.999021,0,0,0,0,0,0,0
815,2997.75,0,0,1,3.8753204281,-17.3425852526,0.0001,0.00400133,-0.00424135228802,0.999983,0,0,0,0,0,0,0
816,2962.8,0,0,1,-0.303883072162,-13.664654541,0.0001,-0.00293889,-0.00271345933596,0.999992,0,0,0,0,0,0,0
817,2982.32,0,0,1,3.51459088498,-10.9187715881,0.0001,4.40289e-05,0.00141352766372,0.999999,0,0,0,0,0,0,0
818,3018.94,0,0,1,3.66236856707,-11.0542589955,0.0001,0.00241626,0.00204001534612,0.999995,0,0,0,0,0,0,0
819,2989.84,0,0,1,0.230911629145,-3.49579577975,0.0001,-6.81989e-05,0.00916480141138,0.999958,0,0,0,0,0,0,0
820,3015.22,0,0,1,3.60863745594,-14.4917460365,0.0001,0.000868452,-0.00229036724644,0.999997,0,0,0,0,0,0,0
821,3069.63,0,0,1,3.80011463925,-4.95060123629,0.0001,0.00321579,0.00690346678675,0.999971,0,0,0,0,0,0,0
822,3007.62,0,0,1,0.250587039418,-20.2695326914,0.0001,0.000648713,-0.00660141556362,0.999978,0,0,0,0,0,0,0
823,3038.11,0,0,1,-3.61479909996,-8.59849238614,0.0001,-0.00194526,0.00286634393127,0.999994,0,0,0,0,0,0,0
824,2977.29,0,0,1,3.54289600613,-14.997023491,0.0001,0.000796324,-0.00116870316467,0.999999,0,0,0,0,0,0,0
825,1844.18,0,0,1,-2.85993423648,-19.9380826859,0.0001,0.00924119,-0.00908808843398,0.999916,0,0,0,0,0,0,0
826,2600.5,0,0,1,3.29397965422,-7.30726574985,0.0001,-0.00648408,0.0141400871834,0.999879,0,0,0,0,0,0,0
827,889.398,0,0,1,2.0996446892,-16.4798514477,0.0001,-0.0236242,-0.0373489309802,0.999023,0,0,0,0,0,0,0
828,2897.87,0,0,1,-0.632907675853,-8.34341784813,0.0001,-0.00630213,-0.00287794743926,0.999976,0,0,0,0,0,0,0
829,2380.22,0,0,1,7.84496885574,-19.3054378264,0.0001,0.00790301,-0.00188184588629,0.999967,0,0,0,0,0,0,0
830,2989.87,0,0,1,3.75184286924,-16.2013209032,0.0001,0.0026303,-0.00103995476346,0.999996,0,0,0,0,0,0,0
831,2989.91,0,0,1,0.202409424466,-14.9539853216,0.0001,0.00186191,0.000730265124302,0.999998,0,0,0,0,0,0,0
832,2657.06,0,0,1,-7.7648779275,-13.3040453159,0.0001,-0.00487183,-0.00722937261808,0.999962,0,0,0,0,0,0,0
833,2853.84,0,0,1,0.0747961291457,-11.7805111131,0.0001,0.0044093,-0.00552787920546,0.999975,0,0,0,0,0,0,0
834,2991.05,0,0,1,-0.209255696211,-16.2423461603,0.0001,-0.00217393,-0.00229651983557,0.999995,0,0,0,0,0,0,0
835,1536.5,0,0,1,5.51259894136,-17.6327345238,0.0001,-0.0234137,-0.0365090834082,0.999059,0,0,0,0,0,0,0
836,319.125,0,0,1,14.2167480542,-13.0172922447,0.0001,0.047114,-0.00458414255887,0.998879,0,0,0,0,0,0,0
837,1560.54,0,0,1,1.04458512688,-16.4995155058,0.0001,0.0206449,0.0191214875988,0.999604,0,0,0,0,0,0,0
838,3061.9,0,0,1,-3.99018876005,-21.8431796295,0.0001,-0.00491318,-0.00893632800918,0.999948,0,0,0,0,0,0,0
839,2898.52,0,0,1,-0.0620867913424,-18.76471035,0.0001,-0.00196471,-0.00548995679545,0.999983,0,0,0,0,0,0,0
840,1230.04,0,0,1,6.0670946617,-18.4846813218,0.0001,-0.0211562,-0.00404491996954,0.999768,0,0,0,0,0,0,0
841,3004.58,0,0,1,0.179827048264,-8.70685608934,0.0001,0.00089792,0.00268211179365,0.999996,0,0,0,0,0,0,0
842,2048.76,0,0,1,-0.745277852023,-18.1612063801,0.0001,-0.0102906,-0.000317399810802,0.999947,0,0,0,0,0,0,0
843,1173.28,0,0,1,6.19113694321,-14.2620882571,0.0001,-0.0175605,-0.0143374610985,0.999743,0,0,0,0,0,0,0
844,2821.26,0,0,1,-2.94157974159,-12.3746867666,0.0001,0.0079728,0.000658358686488,0.999968,0,0,0,0,0,0,0
845,2964.54,0,0,1,3.88789538636,-17.1969633507,0.0001,0.00375052,-0.00315173852495,0.999988,0,0,0,0,0,0,0
846,858.562,0,0,1,-0.933932143992,-15.3309594152,0.0001,-0.0117431,-0.0278189084328,0.999544,0,0,0,0,0,0,0
847,2965.02,0,0,1,-4.04682663471,-15.0894724999,0.0001,-0.00331512,-0.00360691494016,0.999988,0,0,0,0,0,0,0
848,2960.91,0,0,1,-4.19562076088,-13.6228,0.0001,-0.00650538,0,0.999979,0,0,0,0,0,0,0
849,1433.82,0,0,1,3.81265722861,-17.6141872892,0.0001,-0.0021273,-0.0242360677237,0.999704,0,0,0,0,0,0,0
850,2983.12,0,0,1,3.89069426999,-18.1155628466,0.0001,0.00319748,-0.00312666302142,0.99999,0,0,0,0,0,0,0
851,2967.9,0,0,1,3.91358543229,-15.1847278246,0.0001,0.00375282,-0.00138429695065,0.999992,0,0,0,0,0,0,0
852,1719.17,0,0,1,10.7359550204,-18.1636,0.0001,-0.00721273,0,0.999974,0,0,0,0,0,0,0
853,3050.35,0,0,1,3.93986087569,-15.3023692345,0.0001,0.0020336,-0.00344447485693,0.999992,0,0,0,0,0,0,0
854,3005,0,0,1,3.86666833257,-12.150015728,0.0001,0.00290208,0.00419258424765,0.999987,0,0,0,0,0,0,0
855,2716.69,0,0,1,3.12342140122,-11.1353124351,0.0001,-0.00639754,0.00933099061988,0.999936,0,0,0,0,0,0,0
856,2943.44,0,0,1,3.64937986979,-12.0398733428,0.0001,0.000491034,0.00132622947146,0.999999,0,0,0,0,0,0,0
857,2973.18,0,0,1,3.7301615145,-17.979457932,0.0001,0.00206533,-0.00785705561842,0.999967,0,0,0,0,0,0,0
858,2991.9,0,0,1,3.64079912859,-12.0279701165,0.0001,0.00194669,0.00148673771856,0.999997,0,0,0,0,0,0,0
859,3000.86,0,0,1,3.57355573024,-17.7995813033,0.0001,0.0012801,-0.00404490580732,0.999991,0,0,0,0,0,0,0
860,2604.06,0,0,1,3.09364612516,-19.7817154042,0.0001,-0.00417284,-0.000766371538144,0.999991,0,0,0,0,0,0,0
861,2966.99,0,0,1,3.08109270503,-22.0015414299,0.0001,-0.00533785,-0.0070360384008,0.999961,0,0,0,0,0,0,0
862,501.881,0,0,1,-0.771167026969,-20.2863974164,0.0001,-0.0100328,-0.0594645316484,0.99818,0,0,0,0,0,0,0
863,2870.03,0,0,1,-0.715969515692,-10.4890894815,0.0001,-0.00798548,0.00549817243906,0.999953,0,0,0,0,0,0,0
864,2758.88,0,0,1,7.91840784948,-13.6245697206,0.0001,0.00835042,0.00150638302689,0.999964,0,0,0,0,0,0,0
865,2988.43,0,0,1,3.97513198726,-16.1259613316,0.0001,0.00258641,-0.00305129797166,0.999992,0,0,0,0,0,0,0
866,3016.24,0,0,1,3.76672660104,-17.5002842184,0.0001,-0.000666609,-0.00418993453901,0.999991,0,0,0,0,0,0,0
867,2835.79,0,0,1,6.9207537499,-20.5148364089,0.0001,-0.0067783,-0.0067862016703,0.999954,0,0,0,0,0,0,0
868,1330.59,0,0,1,-3.75105520642,-21.8061746224,0.0001,0.00172899,-0.0484317041676,0.998825,0,0,0,0,0,0,0
869,2962.25,0,0,1,7.0044532049,-16.9937883077,0.0001,-0.000835569,-0.00439337278706,0.99999,0,0,0,0,0,0,0
870,3003.54,0,0,1,-0.074864404602,-8.77746462489,0.0001,-0.00155246,0.0027549669596,0.999995,0,0,0,0,0,0,0
871,2965.29,0,0,1,7.49537657179,-16.9044914271,0.0001,0.00181947,-0.00454855855399,0.999988,0,0,0,0,0,0,0
872,2961.23,0,0,1,7.65540753537,-8.49732151654,0.0001,0.00534989,0.00440205644988,0.999976,0,0,0,0,0,0,0
873,2971.39,0,0,1,3.77255262727,-12.7835,0.0001,0.00013071,-0,1,0,0,0,0,0,0,0
874,2845.06,0,0,1,3.66614375983,-16.8448826019,0.0001,-0.00180299,0.000865576720929,0.999998,0,0,0,0,0,0,0
875,3015.18,0,0,1,-3.79611874905,-8.40722954362,0.0001,-0.00342032,0.00251024502743,0.999991,0,0,0,0,0,0,0
876,2956.04,0,0,1,0.0734250107539,-16.2548816543,0.0001,-0.00227309,0.00091271729019,0.999997,0,0,0,0,0,0,0
877,2874.46,0,0,1,7.09994034837,-12.5948424914,0.0001,-0.00445987,0.0128101949861,0.999908,0,0,0,0,0,0,0
878,3022.3,0,0,1,-0.585712028722,-14.0409,0.0001,-0.00567298,-0,0.999984,0,0,0,0,0,0,0
879,1618.3,0,0,1,8.42560414338,-12.3069657743,0.0001,0.0156216,0.0265657672285,0.999525,0,0,0,0,0,0,0
880,3014.76,0,0,1,-0.40131698188,-19.4221008535,0.0001,-0.00358112,-0.00501749126014,0.999981,0,0,0,0,0,0,0
881,2981.23,0,0,1,3.59652033302,-18.6260083226,0.0001,-0.000978442,-0.00538910254612,0.999985,0,0,0,0,0,0,0
882,572.109,0,0,1,5.8188190297,-15.0786200861,0.0001,0.0412102,-0.000998456789253,0.99915,0,0,0,0,0,0,0
883,2996.4,0,0,1,7.73307151536,-12.4685858899,0.0001,0.00505045,0.000701987035138,0.999987,0,0,0,0,0,0,0
884,2933.8,0,0,1,3.68307898015,-15.267898132,0.0001,-0.00204076,-0.00488212070951,0.999986,0,0,0,0,0,0,0
885,2823.61,0,0,1,-0.326837255852,-11.2222236693,0.0001,-0.0012565,0.00379751810397,0.999992,0,0,0,0,0,0,0
886,3029.85,0,0,1,-0.0806423699918,-10.3460651707,0.0001,-0.00264526,0.00173279385169,0.999995,0,0,0,0,0,0,0
887,2667.71,0,0,1,0.186561169009,-13.6172227423,0.0001,0.0040879,-0.00610641831109,0.999973,0,0,0,0,0,0,0
888,1335.35,0,0,1,4.79235190598,-22.342565184,0.0001,0.0184895,-0.0330699692433,0.999282,0,0,0,0,0,0,0
889,2034.87,0,0,1,2.3751806963,-14.8389991065,0.0001,-0.0148889,-0.00493006366996,0.999877,0,0,0,0,0,0,0
890,2951.96,0,0,1,7.42760979252,-18.1996849536,0.0001,0.00247721,-0.00422649815047,0.999988,0,0,0,0,0,0,0
891,2927.95,0,0,1,3.69981442497,-14.13,0.0001,0.00071766,-0,1,0,0,0,0,0,0,0
892,1124.51,0,0,1,10.4439657218,-24.9971363654,0.0001,-0.0116252,-0.0712743811194,0.997389,0,0,0,0,0,0,0
893,1220.97,0,0,1,13.7059122353,-15.294057248,0.0001,0.0403704,-0.0177562404478,0.999027,0,0,0,0,0,0,0
894,3024.42,0,0,1,10.6927423413,-12.7601,0.0001,-0.00286858,0,0.999996,0,0,0,0,0,0,0
895,2575.71,0,0,1,5.07216568094,-14.0529154305,0.0001,0.0196818,-0.000767536813462,0.999806,0,0,0,0,0,0,0
896,1068.75,0,0,1,15.0811064549,-16.6077030105,0.0001,0.00529453,-0.0250172145348,0.999673,0,0,0,0,0,0,0
897,819.169,0,0,1,4.50938269685,-24.6123316755,0.0001,0.0209857,-0.0611491940381,0.997908,0,0,0,0,0,0,0
898,2683.05,0,0,1,4.21573418416,-14.8404586305,0.0001,0.0116498,-0.00789128373333,0.999901,0,0,0,0,0,0,0
899,2974.15,0,0,1,3.17961491746,-12.0429709951,0.0001,-0.00423292,0.00144301360821,0.99999,0,0,0,0,0,0,0
900,2941.68,0,0,1,3.10967179171,-18.4709958554,0.0001,-0.00438838,-0.0047688237518,0.999979,0,0,0,0,0,0,0
901,2993.13,0,0,1,7.17301717394,-18.9903681493,0.0001,-0.000140595,-0.00836534566207,0.999965,0,0,0,0,0,0,0
902,2792.64,0,0,1,7.06529583122,-23.2554445838,0.0001,-0.0056798,-0.00719292068356,0.999958,0,0,0,0,0,0,0
903,3010.44,0,0,1,7.25580258349,-11.1455445585,0.0001,0.000626042,0.00275827036641,0.999996,0,0,0,0,0,0,0
904,2995.59,0,0,1,14.9313227418,-13.4696169492,0.0001,0.00610644,-0.000843225667522,0.999981,0,0,0,0,0,0,0
905,3017.96,0,0,1,7.60337855328,-15.4581567087,0.0001,0.00490307,-0.00282128491563,0.999984,0,0,0,0,0,0,0
906,1038.43,0,0,1,2.35827360109,-12.0898539162,0.0001,-0.0217057,0.00726594408937,0.999738,0,0,0,0,0,0,0
907,2987.42,0,0,1,7.15846061587,-14.2784808729,0.0001,0.0030157,0.000951592617702,0.999995,0,0,0,0,0,0,0
908,2999.14,0,0,1,7.54591817733,-15.9230508195,0.0001,0.00189936,-0.00252832090339,0.999995,0,0,0,0,0,0,0
909,2958.81,0,0,1,-0.591251660698,-11.8382658334,0.0001,-0.00575416,0.00169979960416,0.999982,0,0,0,0,0,0,0
910,2985.37,0,0,1,3.36525852179,-14.1311,0.0001,-0.00405361,0,0.999992,0,0,0,0,0,0,0
911,2973.03,0,0,1,3.69855726774,-8.59767496156,0.0001,0.00235161,0.00323571729418,0.999992,0,0,0,0,0,0,0
912,945.917,0,0,1,4.16996874586,-20.927422573,0.0001,0.0113742,-0.030956931992,0.999456,0,0,0,0,0,0,0
913,2965.39,0,0,1,7.4712935034,-12.375280778,0.0001,0.00266185,0.000956315103684,0.999996,0,0,0,0,0,0,0
914,3020.3,0,0,1,3.7076562444,-11.9602890797,0.0001,0.00130569,0.000543297914601,0.999999,0,0,0,0,0,0,0
915,2599.06,0,0,1,4.36559924317,-8.78531342579,0.0001,0.0099121,0.00132203388382,0.99995,0,0,0,0,0,0,0
916,2509.99,0,0,1,3.42440800172,-16.005064908,0.0001,-0.0035819,0.00672079990699,0.999971,0,0,0,0,0,0,0
917,3026.95,0,0,1,7.5002715946,-13.9255467564,0.0001,0.00256688,-0.00232617520096,0.999994,0,0,0,0,0,0,0
918,538.004,0,0,1,0.965903297232,-27.9680102339,0.0001,0.0135214,-0.0600963022243,0.998101,0,0,0,0,0,0,0
919,2861.33,0,0,1,10.7142163438,-13.3533715696,0.0001,-0.00416194,-0.00356062219793,0.999985,0,0,0,0,0,0,0
920,2971.99,0,0,1,3.20055939193,-18.1342385564,0.0001,-0.00450781,-0.00191820358771,0.999988,0,0,0,0,0,0,0
921,1634.97,0,0,1,7.95218539791,-21.264604223,0.0001,0.00921922,-0.0300459971809,0.999506,0,0,0,0,0,0,0
922,2976.88,0,0,1,7.63361579088,-18.9678847607,0.0001,0.00377063,-0.00421688195271,0.999984,0,0,0,0,0,0,0
923,2993.68,0,0,1,3.18341087616,-12.1216233346,0.0001,-0.00294147,-0.00116091741274,0.999995,0,0,0,0,0,0,0
924,2954.26,0,0,1,6.97350724474,-10.1534632418,0.0001,-0.00162961,0.00182875975672,0.999997,0,0,0,0,0,0,0
925,2903.86,0,0,1,7.14593551681,-12.174456644,0.0001,-0.00271059,0.0021570039063,0.999994,0,0,0,0,0,0,0
926,2970.67,0,0,1,11.086183542,-8.68742005155,0.0001,0.00415623,0.00497245524737,0.999979,0,0,0,0,0,0,0
927,2992.41,0,0,1,7.29636263471,-20.7739576333,0.0001,0.00212106,-0.00784219455741,0.999967,0,0,0,0,0,0,0
928,3041.69,0,0,1,14.7147788993,-15.2604866695,0.0001,0.00392527,-0.00431184025993,0.999983,0,0,0,0,0,0,0
929,2062.33,0,0,1,14.9364410215,-12.2652261758,0.0001,0.00701556,0.00864743163526,0.999938,0,0,0,0,0,0,0
930,2939.8,0,0,1,7.24252027828,-6.20346153002,0.0001,1.38446e-05,0.00489894522597,0.999988,0,0,0,0,0,0,0
931,3040.98,0,0,1,7.00665010163,-23.2711669917,0.0001,-0.000989934,-0.00830775575445,0.999965,0,0,0,0,0,0,0
932,1706.29,0,0,1,4.33793452964,-16.9883121637,0.0001,0.00768532,-0.0254717596663,0.999646,0,0,0,0,0,0,0
933,2957.55,0,0,1,3.42245443881,-13.9780812531,0.0001,-0.00176921,0.000932679996454,0.999998,0,0,0,0,0,0,0
934,3003.69,0,0,1,3.51562731884,-16.0142882065,0.0001,0.000861625,-0.0043883370836,0.99999,0,0,0,0,0,0,0
935,3057.74,0,0,1,3.59921912731,-10.4289656434,0.0001,-0.00103844,0.0017092800725,0.999998,0,0,0,0,0,0,0
936,1008.59,0,0,1,9.28916267698,-14.6756562096,0.0001,0.0249949,0.0220668492991,0.999444,0,0,0,0,0,0,0
937,2997.43,0,0,1,10.9743315487,-11.3612622011,0.0001,0.00156958,0.00188053439838,0.999997,0,0,0,0,0,0,0
938,2561.76,0,0,1,7.69812152082,-19.6763853821,0.0001,0.00405532,-0.0141965664404,0.999891,0,0,0,0,0,0,0
939,2582.84,0,0,1,6.65557482812,-19.0865374774,0.0001,-0.00672466,-0.00683935902584,0.999954,0,0,0,0,0,0,0
940,2982.38,0,0,1,3.25804498165,-18.582692075,0.0001,-0.00223969,-0.00458078810948,0.999987,0,0,0,0,0,0,0
941,1960.23,0,0,1,7.59522716861,-7.9815136988,0.0001,0.0068219,0.0256775596853,0.999647,0,0,0,0,0,0,0
942,2950.37,0,0,1,7.73758745006,-7.77011355672,0.0001,0.00484816,0.00430057014993,0.999979,0,0,0,0,0,0,0
943,2956.76,0,0,1,7.2493021095,-15.3912477224,0.0001,0.000602461,-0.00237424340441,0.999997,0,0,0,0,0,0,0
944,3011.53,0,0,1,7.08865452889,-16.4294420847,0.0001,-0.00275974,-0.00209375240474,0.999994,0,0,0,0,0,0,0
945,2782.48,0,0,1,11.567466334,-11.2230529397,0.0001,0.00827482,0.0073159847572,0.999939,0,0,0,0,0,0,0
946,2638.31,0,0,1,11.5436543039,-17.2805792154,0.0001,0.00767658,0.00103403070728,0.99997,0,0,0,0,0,0,0
947,3008.12,0,0,1,6.64584351856,-13.8722,0.0001,-0.00529751,0,0.999986,0,0,0,0,0,0,0
948,1675.18,0,0,1,11.219027139,-13.2133657477,0.0001,0.00632498,-0.00824570870208,0.999946,0,0,0,0,0,0,0
949,1422.52,0,0,1,4.83526204065,-18.6307525516,0.0001,0.0190035,-0.0026140259658,0.999816,0,0,0,0,0,0,0
950,3002.1,0,0,1,14.1727864626,-12.1235750048,0.0001,-0.000673502,0.0012435409346,0.999999,0,0,0,0,0,0,0
951,3010.3,0,0,1,7.38348606249,-13.7751277717,0.0001,0.000301616,-0.00138167535574,0.999999,0,0,0,0,0,0,0
952,2890.05,0,0,1,15.0551500453,-24.1937425057,0.0001,0.00746365,-0.0170371359001,0.999827,0,0,0,0,0,0,0
953,2947.4,0,0,1,2.88650980008,-12.6984139237,0.0001,-0.00796989,-0.000692697183479,0.999968,0,0,0,0,0,0,0
954,2679.87,0,0,1,6.91862772111,-16.8021119015,0.0001,-0.00608332,-0.00556705144377,0.999966,0,0,0,0,0,0,0
955,1127.65,0,0,1,11.3950866763,-9.8049683951,0.0001,0.00431211,-0.00688510118646,0.999967,0,0,0,0,0,0,0
956,886.945,0,0,1,5.91986472173,-13.70935031,0.0001,-0.0221471,0.00744522884739,0.999727,0,0,0,0,0,0,0
957,3030.51,0,0,1,7.35468899225,-12.543020104,0.0001,0.000447372,0.00397489550725,0.999992,0,0,0,0,0,0,0
958,3019.76,0,0,1,6.9808266853,-20.9127821064,0.0001,-0.00314984,-0.00905960219736,0.999954,0,0,0,0,0,0,0
959,2939.66,0,0,1,7.37671382842,-8.55656250544,0.0001,0.000687973,0.00485041742031,0.999988,0,0,0,0,0,0,0
960,1007.13,0,0,1,9.77244097744,-10.0633088623,0.0001,-0.0123732,0.0492467239698,0.99871,0,0,0,0,0,0,0
961,2986.55,0,0,1,7.51388558102,-17.5576116722,0.0001,0.00177017,-0.00555573660023,0.999983,0,0,0,0,0,0,0
962,1845.66,0,0,1,16.9331954306,-20.4036900049,0.0001,0.0345775,-0.00447513460693,0.999392,0,0,0,0,0,0,0
963,1310.58,0,0,1,6.19625116712,-16.0517927956,0.0001,-0.0153623,-0.00959024727054,0.999836,0,0,0,0,0,0,0
964,2525.34,0,0,1,7.71525125841,-21.5117649727,0.0001,0.00652991,-0.00820714630014,0.999945,0,0,0,0,0,0,0
965,3103.46,0,0,1,11.2387804016,-15.6869,0.0001,0.00400005,0,0.999992,0,0,0,0,0,0,0
966,2633.78,0,0,1,12.0730287088,-19.3801654882,0.0001,0.0163514,-0.00325766742318,0.999861,0,0,0,0,0,0,0
967,2992.84,0,0,1,10.7355829672,-13.8321227575,0.0001,-0.000847401,-0.00113221488476,0.999999,0,0,0,0,0,0,0
968,2995.14,0,0,1,11.0244603202,-15.5947200401,0.0001,0.00300099,-0.000997012547557,0.999995,0,0,0,0,0,0,0
969,3043.58,0,0,1,11.0303534049,-18.0054081327,0.0001,0.00265691,-0.00537963802238,0.999982,0,0,0,0,0,0,0
970,2963.4,0,0,1,7.44002108156,-16.6974718151,0.0001,0.00303885,-0.003572851757,0.999989,0,0,0,0,0,0,0
971,558.722,0,0,1,8.68847643117,-13.3854600864,0.0001,-0.0310062,0.0119294114507,0.999448,0,0,0,0,0,0,0
972,2258.57,0,0,1,6.54630975594,-10.7245157032,0.0001,-0.00647902,0.014142406402,0.999879,0,0,0,0,0,0,0
973,875.393,0,0,1,8.42344080736,-6.68967976373,0.0001,0.0139655,-0.0228656058033,0.999641,0,0,0,0,0,0,0
974,2035.32,0,0,1,10.2830531295,-19.5072300709,0.0001,-0.00730556,0.0184008254458,0.999804,0,0,0,0,0,0,0
975,2977.03,0,0,1,11.3533119035,-11.1092798448,0.0001,0.00556725,0.0010027319869,0.999984,0,0,0,0,0,0,0
976,2977.45,0,0,1,7.0854704887,-10.7752153698,0.0001,0.000521821,0.00421041825049,0.999991,0,0,0,0,0,0,0
977,2941.75,0,0,1,10.6300124887,-8.61666237538,0.0001,0.000621325,0.00236937676285,0.999997,0,0,0,0,0,0,0
978,2746.4,0,0,1,15.4203538846,-13.9075965643,0.0001,0.0126299,0.00514557839218,0.999907,0,0,0,0,0,0,0
979,3027.15,0,0,1,10.6814117858,-13.1717615664,0.0001,0.000586357,0.00191211439733,0.999998,0,0,0,0,0,0,0
980,2891.42,0,0,1,10.7662246098,-10.7959551473,0.0001,-0.00375063,0.00720636424302,0.999967,0,0,0,0,0,0,0
981,1803.42,0,0,1,11.2011222598,-4.77789961664,0.0001,0.00608203,0.011958294656,0.99991,0,0,0,0,0,0,0
982,2966.96,0,0,1,10.9671113919,-13.478,0.0001,0.00056676,0,1,0,0,0,0,0,0,0
983,1462.11,0,0,1,11.771512654,-20.3689062908,0.0001,0.0205049,-0.0450338589396,0.998775,0,0,0,0,0,0,0
984,2268.69,0,0,1,1.38227230411,-16.9886859816,0.0001,-0.0312121,-0.0092479140129,0.99947,0,0,0,0,0,0,0
985,2961.28,0,0,1,10.9575327199,-10.7399632103,0.0001,0.00162785,0.00183032657672,0.999997,0,0,0,0,0,0,0
986,2981.38,0,0,1,14.8532726004,-14.5425,0.0001,0.00361194,-0,0.999994,0,0,0,0,0,0,0
987,2515.59,0,0,1,10.2765253909,-16.6222134478,0.0001,-0.00868661,0.00430587943491,0.999953,0,0,0,0,0,0,0
988,3007.26,0,0,1,6.82955889471,-9.01118774695,0.0001,-0.00304004,0.00259963320458,0.999992,0,0,0,0,0,0,0
989,2254.7,0,0,1,10.7636206636,-14.7469757834,0.0001,-0.00394681,0.0111542723126,0.99993,0,0,0,0,0,0,0
990,2585.64,0,0,1,11.5156698783,-15.5881847793,0.0001,0.00845135,0.000757223334048,0.999964,0,0,0,0,0,0,0
991,1738.88,0,0,1,11.3804509774,-17.0871532396,0.0001,0.0124851,-0.00762304591289,0.999893,0,0,0,0,0,0,0
992,2947.43,0,0,1,10.7162870132,-20.4008747508,0.0001,-0.000646085,-0.00869374086183,0.999962,0,0,0,0,0,0,0
993,2930.19,0,0,1,6.67915923109,-9.68902211818,0.0001,-0.00650576,0.00238212317533,0.999976,0,0,0,0,0,0,0
994,3003.48,0,0,1,7.37574770913,-18.7989994512,0.0001,0.00187605,-0.00494775104441,0.999986,0,0,0,0,0,0,0
995,2985.24,0,0,1,10.546945812,-11.4711828023,0.0001,-0.00269591,0.00085560111728,0.999996,0,0,0,0,0,0,0
996,1729.85,0,0,1,12.4022923755,-9.90684242454,0.0001,0.0195166,0.00932992864067,0.999766,0,0,0,0,0,0,0
997,3008.53,0,0,1,7.3493086114,-17.5559705223,0.0001,0.00192095,-0.00350854486895,0.999992,0,0,0,0,0,0,0
998,2867.56,0,0,1,10.9379791575,-15.651519329,0.0001,-0.00103694,-0.00096164153221,0.999999,0,0,0,0,0,0,0
999,2995.46,0,0,1,18.1516644224,-12.4858,0.0001,0.00320508,0,0.999995,0,0,0,0,0,0,0
1000,2353.88,0,0,1,6.79549356941,-13.2390621027,0.0001,-0.00579153,-0.018011833312,0.999821,0,0,0,0,0,0,0
1001,1881.94,0,0,1,10.4652832585,-13.3213739817,0.0001,-0.000832894,0.00626944077129,0.99998,0,0,0,0,0,0,0
1002,647.093,0,0,1,13.5609887459,-12.7371067628,0.0001,-0.0204559,0.00463764543599,0.99978,0,0,0,0,0,0,0
1003,2972.19,0,0,1,6.7125716171,-13.6297596031,0.0001,-0.0038996,-0.00296529523657,0.999988,0,0,0,0,0,0,0
1004,2990.65,0,0,1,7.05611354193,-16.6717544172,0.0001,-0.000818806,-0.00270731245599,0.999996,0,0,0,0,0,0,0
1005,2909.08,0,0,1,10.8460054203,-12.573,0.0001,0.000269668,0,1,0,0,0,0,0,0,0
1006,3009.76,0,0,1,14.9547291969,-13.9956957395,0.0001,0.0064275,-0.00476300532753,0.999968,0,0,0,0,0,0,0
1007,2954.73,0,0,1,10.8173405606,-7.83175765055,0.0001,0.00201791,0.00509193619676,0.999985,0,0,0,0,0,0,0
1008,2748.82,0,0,1,10.7339190406,-15.1375253934,0.0001,-0.00402777,0.00371171709955,0.999985,0,0,0,0,0,0,0
1009,806.304,0,0,1,15.6691339116,-15.7456846265,0.0001,0.0116366,0.000764798300174,0.999932,0,0,0,0,0,0,0
1010,2999.26,0,0,1,10.6379512025,-5.20002270544,0.0001,-0.00242768,0.00633291724386,0.999977,0,0,0,0,0,0,0
1011,2974.33,0,0,1,10.6548900048,-12.7424,0.0001,-0.000497273,0,1,0,0,0,0,0,0,0
1012,2992.29,0,0,1,3.3046584795,-18.8545252907,0.0001,-0.00107065,-0.00623324222035,0.99998,0,0,0,0,0,0,0
1013,2997.98,0,0,1,7.23735272709,-14.7976080131,0.0001,-0.00135686,-0.000398660181646,0.999999,0,0,0,0,0,0,0
1014,2964.68,0,0,1,7.29321308688,-12.9282,0.0001,0.000153576,0,1,0,0,0,0,0,0,0
1015,2766.27,0,0,1,14.5631871458,-14.9635676811,0.0001,-0.000639491,-0.00834205168175,0.999965,0,0,0,0,0,0,0
1016,2132.59,0,0,1,8.07260830542,-12.7407796496,0.0001,0.0133471,0.00598694183954,0.999893,0,0,0,0,0,0,0
1017,2976.37,0,0,1,14.2851109423,-16.9903892221,0.0001,0.000544387,-0.00443886728728,0.99999,0,0,0,0,0,0,0
1018,2548.94,0,0,1,14.8949723187,-15.0477522559,0.0001,0.00359737,-0.0175223665377,0.99984,0,0,0,0,0,0,0
1019,2041.71,0,0,1,14.9187391339,-11.3761760794,0.0001,0.00692149,0.0111393707264,0.999914,0,0,0,0,0,0,0
1020,2779.15,0,0,1,17.2842878045,-21.2636150327,0.0001,-0.0105564,-0.0007478522848,0.999944,0,0,0,0,0,0,0
1021,2976.13,0,0,1,14.5627431416,-19.7738089747,0.0001,0.00214631,-0.00542153708684,0.999983,0,0,0,0,0,0,0
1022,1609.43,0,0,1,17.7609271867,-14.3356468003,0.0001,-0.00859711,0.00762137413121,0.999934,0,0,0,0,0,0,0
1023,2422.42,0,0,1,15.3606217305,-23.7339910479,0.0001,0.0110302,-0.00950386510637,0.999894,0,0,0,0,0,0,0
1024,2095.73,0,0,1,13.9060411649,-11.6491915249,0.0001,-0.00790157,0.0103710156945,0.999915,0,0,0,0,0,0,0
1025,2980.49,0,0,1,10.4455554509,-10.1841993225,0.0001,-0.00221634,0.00500875353799,0.999985,0,0,0,0,0,0,0
1026,2278.2,0,0,1,17.4900682051,-12.2438650416,0.0001,-0.0115313,0.00173910790636,0.999932,0,0,0,0,0,0,0
1027,3045.77,0,0,1,6.89817272909,-16.9444954743,0.0001,-0.00185425,-0.00474990399246,0.999987,0,0,0,0,0,0,0
1028,792.703,0,0,1,8.08630877875,-12.3768468755,0.0001,-0.0383409,-0.00233039550078,0.999262,0,0,0,0,0,0,0
1029,3012.29,0,0,1,14.4829374171,-15.9872711632,0.0001,0.00186153,-0.00354042964329,0.999992,0,0,0,0,0,0,0
1030,2693.39,0,0,1,14.4291509376,-15.5120753207,0.0001,-0.00244089,-0.00374725979989,0.99999,0,0,0,0,0,0,0
1031,1562.66,0,0,1,15.2340233781,-19.9878213247,0.0001,0.060735,0.0237639881754,0.997871,0,0,0,0,0,0,0
1032,575.355,0,0,1,14.3911445061,-7.48591445559,0.0001,-0.00275686,0.0539283880896,0.998541,0,0,0,0,0,0,0
1033,2978.69,0,0,1,15.0808487601,-13.7368,0.0001,0.0074008,0,0.999973,0,0,0,0,0,0,0
1034,2989.06,0,0,1,10.6467562148,-10.6269774849,0.0001,-0.00217836,0.00112015119978,0.999997,0,0,0,0,0,0,0
1035,1529.08,0,0,1,13.774202946,-10.0604306721,0.0001,-0.00980315,0.00344896130415,0.999946,0,0,0,0,0,0,0
1036,785.267,0,0,1,15.4573711489,-14.2961055012,0.0001,0.0234311,-0.0151931383456,0.99961,0,0,0,0,0,0,0
1037,2053.24,0,0,1,15.1012693786,-17.0756435431,0.0001,0.00842628,-0.007141014239,0.999939,0,0,0,0,0,0,0
1038,2363.66,0,0,1,18.7697794184,-18.7995885201,0.0001,0.00892593,0.000571116131108,0.99996,0,0,0,0,0,0,0
1039,3042.88,0,0,1,10.6295655252,-10.5791793231,0.0001,-0.00171516,0.00102869926326,0.999998,0,0,0,0,0,0,0
1040,2943.37,0,0,1,14.7661436171,-13.9837228389,0.0001,0.00217,-0.00113626185357,0.999997,0,0,0,0,0,0,0
1041,3045.36,0,0,1,-11.0103689103,-16.8292105456,0.0001,-0.0034283,-0.00549966527255,0.999979,0,0,0,0,0,0,0
1042,2976.16,0,0,1,-14.4081147105,-17.7885618363,0.0001,-0.000731861,-0.00307641909967,0.999995,0,0,0,0,0,0,0
1043,2940.97,0,0,1,-18.1404425183,-14.6615751752,0.0001,-0.00211533,0.00123505869941,0.999997,0,0,0,0,0,0,0
1044,1077.67,0,0,1,-15.6929967677,-20.9010533495,0.0001,-0.019722,-0.0374464938279,0.999104,0,0,0,0,0,0,0
1045,2936.79,0,0,1,-18.2080643925,-20.8824500653,0.0001,-0.0032035,-0.00746568809621,0.999967,0,0,0,0,0,0,0
1046,3051.76,0,0,1,-10.8049028488,-14.7925751537,0.0001,-0.000141728,-0.00373896565563,0.999993,0,0,0,0,0,0,0
1047,2998.88,0,0,1,-3.42078490221,-13.4078,0.0001,0.00323868,-0,0.999995,0,0,0,0,0,0,0
1048,2296.8,0,0,1,-11.5211766705,-21.993708943,0.0001,-0.00878642,-0.025311458721,0.999641,0,0,0,0,0,0,0
1049,2023.02,0,0,1,-11.2753424623,-17.9163089723,0.0001,-0.0120618,0.00452836524146,0.999917,0,0,0,0,0,0,0
1050,2879.09,0,0,1,-18.4309164656,-13.864664906,0.0001,-0.00579418,-0.00322908564884,0.999978,0,0,0,0,0,0,0
1051,2997.34,0,0,1,-10.3368222453,-11.4576795439,0.0001,0.00386836,0.00101770669171,0.999992,0,0,0,0,0,0,0
1052,2951.38,0,0,1,-10.685893183,-12.4334,0.0001,0.000339156,0,1,0,0,0,0,0,0,0
1053,2128.33,0,0,1,-18.4156391291,-17.2786076369,0.0001,-0.00194649,-0.0153034968448,0.999881,0,0,0,0,0,0,0
1054,2582.47,0,0,1,-14.3496146023,-13.4879136467,0.0001,0.00424842,0.00927082647361,0.999948,0,0,0,0,0,0,0
1055,3001.08,0,0,1,-14.1191858546,-19.2427230964,0.0001,0.000703737,-0.00612408305257,0.999981,0,0,0,0,0,0,0
1056,2993.92,0,0,1,-18.453783221,-11.1152813842,0.0001,-0.00414031,0.00092614907224,0.999991,0,0,0,0,0,0,0
1057,2987.39,0,0,1,-11.0192126935,-13.9503381434,0.0001,-0.000631514,-0.00189767912664,0.999998,0,0,0,0,0,0,0
1058,3033.19,0,0,1,-18.4084937359,-12.0265698338,0.0001,-0.00466342,0.00150078975996,0.999988,0,0,0,0,0,0,0
1059,3022.5,0,0,1,-14.0805587866,-12.6963730643,0.0001,0.00205041,0.00134007829318,0.999997,0,0,0,0,0,0,0
1060,1960.91,0,0,1,-15.6092497765,-12.6073859881,0.0001,-0.0124252,-0.00925202707303,0.99988,0,0,0,0,0,0,0
1061,2863.41,0,0,1,-14.0984935743,-16.0164490944,0.0001,0.00529472,-0.00244246824373,0.999983,0,0,0,0,0,0,0
1062,2968.68,0,0,1,-14.7062414172,-14.8385745446,0.0001,-0.00206054,-0.00370865122497,0.999991,0,0,0,0,0,0,0
1063,2935.31,0,0,1,-18.1481493093,-14.5008282965,0.0001,-0.00245319,-0.00140777939464,0.999996,0,0,0,0,0,0,0
1064,1219.53,0,0,1,-19.3640881339,-12.1825811167,0.0001,-0.0143327,0.0108879505285,0.999838,0,0,0,0,0,0,0
1065,2624.71,0,0,1,-22.1082826709,-18.8814272926,0.0001,-0.0041124,-0.0162809178255,0.999859,0,0,0,0,0,0,0
1066,2151.27,0,0,1,-21.4958106775,-17.4155100904,0.0001,0.00444386,-0.000502004283188,0.99999,0,0,0,0,0,0,0
1067,2965.78,0,0,1,-18.155053364,-12.7844654686,0.0001,-0.00265491,0.00171797202887,0.999995,0,0,0,0,0,0,0
1068,2550.9,0,0,1,-14.3851805446,-11.7307180427,0.0001,-0.004007,0.00905215720146,0.999951,0,0,0,0,0,0,0
1069,2612.57,0,0,1,-18.7367721629,-18.482595556,0.0001,-0.0085646,-0.00972833854468,0.999916,0,0,0,0,0,0,0
1070,1139.64,0,0,1,-13.769531667,-10.3651912241,0.0001,0.00837403,0.0103859376351,0.999911,0,0,0,0,0,0,0
1071,1981.12,0,0,1,-20.9798013603,-16.8353627695,0.0001,0.00987498,-0.0379195852562,0.999232,0,0,0,0,0,0,0
1072,2944.82,0,0,1,-14.377134492,-15.0111,0.0001,-0.00171602,-0,0.999999,0,0,0,0,0,0,0
1073,2931.36,0,0,1,-10.589131977,-22.4292826266,0.0001,0.00338407,-0.00908547528945,0.999953,0,0,0,0,0,0,0
1074,2980.33,0,0,1,-10.4334174861,-12.9761784653,0.0001,0.00410513,0.00107136673606,0.999991,0,0,0,0,0,0,0
1075,2983.19,0,0,1,-14.1268348752,-15.5042246358,0.0001,0.00324002,-0.00122565672174,0.999994,0,0,0,0,0,0,0
1076,2722.34,0,0,1,-18.6489260656,-14.0639208095,0.0001,-0.00627142,-0.0109846661844,0.99992,0,0,0,0,0,0,0
1077,3002.23,0,0,1,-7.05907336354,-16.530946339,0.0001,0.000827682,-0.00230541395562,0.999997,0,0,0,0,0,0,0
1078,3020.69,0,0,1,-14.7926889889,-12.8400688658,0.0001,-0.00442726,0.00154895057777,0.999989,0,0,0,0,0,0,0
1079,418.863,0,0,1,-16.4007862497,-14.5165394574,0.0001,-0.0291542,-0.00196221644064,0.999573,0,0,0,0,0,0,0
1080,2012.53,0,0,1,-6.01250068036,-14.7018353941,0.0001,0.0138919,-0.0216542271483,0.999669,0,0,0,0,0,0,0
1081,2982.12,0,0,1,-10.9090121173,-10.4761742863,0.0001,-0.000602851,0.00127928482829,0.999999,0,0,0,0,0,0,0
1082,2732.03,0,0,1,-14.8723219841,-20.8717350953,0.0001,-0.00606861,-0.00672088473847,0.999959,0,0,0,0,0,0,0
1083,2749.02,0,0,1,-6.92354753217,-17.4853515398,0.0001,0.00460021,-0.00753900172145,0.999961,0,0,0,0,0,0,0
1084,2918.49,0,0,1,-10.4388969772,-15.3981264353,0.0001,0.00512544,-0.00131516873681,0.999986,0,0,0,0,0,0,0
1085,1839.52,0,0,1,-17.1745464839,-14.1665998518,0.0001,0.0126041,-0.0347946466887,0.999315,0,0,0,0,0,0,0
1086,2977.5,0,0,1,-14.9863323001,-6.95129136426,0.0001,-0.00658177,0.00739445080226,0.999951,0,0,0,0,0,0,0
1087,735.536,0,0,1,-18.3253508582,-21.5669339877,0.0001,0.00244429,-0.0215863324906,0.999764,0,0,0,0,0,0,0
1088,2876.78,0,0,1,-10.6078153415,-10.7022947519,0.0001,-0.000763248,0.00523614901339,0.999986,0,0,0,0,0,0,0
1089,3028.04,0,0,1,-14.6069300801,-24.7429236186,0.0001,-0.00149643,-0.0111246001391,0.999937,0,0,0,0,0,0,0
1090,3004.15,0,0,1,-10.8936842956,-12.0428629944,0.0001,0.000781313,0.00184107196923,0.999998,0,0,0,0,0,0,0
1091,3003.97,0,0,1,-6.81375319142,-21.5887011993,0.0001,0.00431874,-0.00503467981229,0.999978,0,0,0,0,0,0,0
1092,3005.76,0,0,1,-10.8359408505,-21.9659796391,0.0001,-0.00203228,-0.00893689397954,0.999958,0,0,0,0,0,0,0
1093,2762.34,0,0,1,-14.43853028,-13.1825365375,0.0001,0.00346862,0.00315730174288,0.999989,0,0,0,0,0,0,0
1094,801.149,0,0,1,-19.3932068025,-18.2790188912,0.0001,-0.0152548,-0.030772438593,0.99941,0,0,0,0,0,0,0
1095,2872,0,0,1,-10.9410657759,-17.6129266167,0.0001,0.00170258,-0.011273730365,0.999935,0,0,0,0,0,0,0
1096,827.221,0,0,1,-3.19191247227,-13.9865143153,0.0001,-0.00062033,0.0241563641033,0.999708,0,0,0,0,0,0,0
1097,2965.55,0,0,1,-11.0190044481,-9.20360332272,0.0001,-0.000221297,0.00281975382576,0.999996,0,0,0,0,0,0,0
1098,2942.66,0,0,1,-18.1986753842,-20.9251556137,0.0001,-0.00375032,-0.00774168785844,0.999963,0,0,0,0,0,0,0
1099,2976.26,0,0,1,-10.1266593115,-18.2893119351,0.0001,0.00699915,-0.00556868918845,0.99996,0,0,0,0,0,0,0
1100,3072.66,0,0,1,-14.750943786,-7.3745818002,0.0001,-0.00217838,0.00438799687507,0.999988,0,0,0,0,0,0,0
1101,1531.61,0,0,1,-8.42764105662,-18.6564873094,0.0001,-0.0174596,-0.0192626094764,0.999662,0,0,0,0,0,0,0
1102,2971.49,0,0,1,-14.7957876481,-10.7201800469,0.0001,-0.00436056,0.000992681462655,0.99999,0,0,0,0,0,0,0
1103,2728.57,0,0,1,-7.30819090252,-11.7591250851,0.0001,-0.00551745,-0.00124799418968,0.999984,0,0,0,0,0,0,0
1104,3069.57,0,0,1,-10.536362902,-18.0898912149,0.0001,0.00184565,-0.00453799868637,0.999988,0,0,0,0,0,0,0
1105,1516.91,0,0,1,-8.00990873425,-17.5056932089,0.0001,-0.0113769,-0.0195576228205,0.999744,0,0,0,0,0,0,0
1106,3002.09,0,0,1,-6.91271386189,-11.4730375548,0.0001,0.00378792,0.00310668924639,0.999988,0,0,0,0,0,0,0
1107,2377.02,0,0,1,-11.6751966713,-13.1177762568,0.0001,-0.00978246,-0.0187150673883,0.999777,0,0,0,0,0,0,0
1108,3036.52,0,0,1,-14.7616592636,-16.72367864,0.0001,-0.0029484,-0.00391238973518,0.999988,0,0,0,0,0,0,0
1109,2990.83,0,0,1,-6.64946105739,-17.3575960817,0.0001,0.00641485,-0.00478002881555,0.999968,0,0,0,0,0,0,0
1110,3043.01,0,0,1,-10.9041527152,-15.5189,0.0001,-0.00262264,0,0.999997,0,0,0,0,0,0,0
1111,2289.96,0,0,1,-14.7870115346,-21.079909607,0.0001,-0.00554824,-0.0154012686783,0.999866,0,0,0,0,0,0,0
1112,2988.48,0,0,1,-10.9626190772,-20.8992571173,0.0001,-0.000949083,-0.00781653890537,0.999969,0,0,0,0,0,0,0
1113,2278.67,0,0,1,-18.1368685859,-12.114243839,0.0001,-0.00341211,0.00776892588122,0.999964,0,0,0,0,0,0,0
1114,1553.75,0,0,1,-9.69845556237,-12.7388328164,0.0001,-0.0360598,0.0281885175197,0.998952,0,0,0,0,0,0,0
1115,2588.26,0,0,1,-14.4382379344,-16.2873424742,0.0001,0.00308782,-0.0021131300593,0.999993,0,0,0,0,0,0,0
1116,2251.49,0,0,1,-12.8215388252,-17.3478181499,0.0001,-0.0267965,0.00904364902846,0.9996,0,0,0,0,0,0,0
1117,544.177,0,0,1,-20.6764952115,-14.4321829235,0.0001,-0.0395302,-0.00909318200412,0.999177,0,0,0,0,0,0,0
1118,2450.87,0,0,1,-18.8027709409,-22.6312927623,0.0001,-0.00850259,-0.0195359779456,0.999773,0,0,0,0,0,0,0
1119,2992.24,0,0,1,-6.78806124081,-18.9113343082,0.0001,0.00391825,-0.00668179743314,0.99997,0,0,0,0,0,0,0
1120,2975.7,0,0,1,-14.5587889166,-17.0855892047,0.0001,0.000551408,-0.00443800058782,0.99999,0,0,0,0,0,0,0
1121,2217.49,0,0,1,-6.39333154448,-21.7983528739,0.0001,0.00937404,-0.0175524405733,0.999802,0,0,0,0,0,0,0
1122,859.823,0,0,1,-24.3943060014,-14.1582449593,0.0001,-0.089488,-0.00718278581053,0.995962,0,0,0,0,0,0,0
1123,2969.84,0,0,1,-7.24418065645,-14.7295268462,0.0001,0.000464853,-0.00133563119479,0.999999,0,0,0,0,0,0,0
1124,2618.02,0,0,1,-11.2930754731,-15.3988749421,0.0001,-0.00375483,-0.00372841195028,0.999986,0,0,0,0,0,0,0
1125,319.335,0,0,1,-11.6912746126,-7.33850063759,0.0001,-0.00866248,0.0748790185249,0.997155,0,0,0,0,0,0,0
1126,2947.23,0,0,1,-6.71777249547,-5.92483314936,0.0001,0.00584578,0.00631074379067,0.999963,0,0,0,0,0,0,0
1127,1722.77,0,0,1,-6.08478798988,-7.75770485393,0.0001,0.0125363,0.00921013253488,0.999879,0,0,0,0,0,0,0
1128,2951.63,0,0,1,-7.35725455937,-14.1257618721,0.0001,-0.000724343,-0.00307819788487,0.999995,0,0,0,0,0,0,0
1129,2136.34,0,0,1,-10.5207387889,-17.5828614635,0.0001,0.00802018,0.00191717416204,0.999966,0,0,0,0,0,0,0
1130,2944.44,0,0,1,-11.2571719191,-17.8271192511,0.0001,-0.00357798,-0.00593274667584,0.999976,0,0,0,0,0,0,0
1131,2094.3,0,0,1,-12.8521118112,-19.4585981985,0.0001,0.0242701,-0.0297391842018,0.999263,0,0,0,0,0,0,0
1132,3014.51,0,0,1,-10.7389104291,-23.2456629638,0.0001,-0.000518843,-0.00810738631997,0.999967,0,0,0,0,0,0,0
1133,1735.27,0,0,1,-14.1480643056,-10.7031966329,0.0001,0.00674777,0.0300040642418,0.999527,0,0,0,0,0,0,0
1134,2941.97,0,0,1,-10.6113889275,-15.2770261805,0.0001,0.000550871,-0.0013025130101,0.999999,0,0,0,0,0,0,0
1135,2973.7,0,0,1,-14.8431668438,-20.2808254319,0.0001,-0.00332548,-0.00624023699627,0.999975,0,0,0,0,0,0,0
1136,3004.64,0,0,1,-7.33236387758,-8.13683758209,0.0001,-0.000192912,0.00509535238824,0.999987,0,0,0,0,0,0,0
1137,887.518,0,0,1,-15.6332056734,-17.2655813192,0.0001,-0.0151944,-0.0388377819737,0.99913,0,0,0,0,0,0,0
1138,2984.31,0,0,1,-7.03696197957,-20.6701582589,0.0001,-9.84831e-05,-0.00787333093926,0.999969,0,0,0,0,0,0,0
1139,2990.16,0,0,1,-11.1548968562,-15.7042439476,0.0001,-0.00481865,-0.00218641628641,0.999986,0,0,0,0,0,0,0
1140,3036.16,0,0,1,-6.7594843807,-16.7371849358,0.0001,0.00425959,-0.00422558505201,0.999982,0,0,0,0,0,0,0
1141,2916.06,0,0,1,-14.9614183009,-17.0993465379,0.0001,-0.0058855,-0.00231527314803,0.99998,0,0,0,0,0,0,0
1142,3006.77,0,0,1,-10.7610120224,-20.1419499366,0.0001,-0.000598111,-0.00745932163348,0.999972,0,0,0,0,0,0,0
1143,2993.54,0,0,1,-7.36897505123,-11.3878627239,0.0001,-0.000748816,0.00185452705507,0.999998,0,0,0,0,0,0,0
1144,2977.75,0,0,1,-14.9545218934,-17.9812192992,0.0001,-0.00606413,-0.0059350679308,0.999964,0,0,0,0,0,0,0
1145,3042.15,0,0,1,-10.7111271447,-12.8844296515,0.0001,-0.00135048,-0.00147519482425,0.999998,0,0,0,0,0,0,0
1146,2836.59,0,0,1,-7.14693407003,-22.0610236913,0.0001,-0.00318735,-0.0111281764444,0.999933,0,0,0,0,0,0,0
1147,3060.06,0,0,1,-11.2233866328,-15.1918839018,0.0001,-0.00431001,-0.00417414539754,0.999982,0,0,0,0,0,0,0
1148,3006.59,0,0,1,-6.87119976952,-11.0055710976,0.0001,0.00399153,0.00143791768164,0.999991,0,0,0,0,0,0,0
1149,2345.87,0,0,1,-10.4790123364,-14.7430442023,0.0001,0.00933607,-0.00219901817978,0.999954,0,0,0,0,0,0,0
1150,2953.48,0,0,1,-7.20722127001,-13.0677635493,0.0001,-6.31843e-05,-0.00316164241247,0.999995,0,0,0,0,0,0,0
1151,2709.7,0,0,1,-0.193406724709,-13.9447211654,0.0001,-0.0068514,-0.011002329846,0.999916,0,0,0,0,0,0,0
1152,3020.1,0,0,1,-7.31334231972,-23.0956443418,0.0001,-0.0021054,-0.00718098230329,0.999972,0,0,0,0,0,0,0
1153,2986.95,0,0,1,-10.6780704588,-17.1151747767,0.0001,0.0014697,-0.00372020401457,0.999992,0,0,0,0,0,0,0
1154,2970.85,0,0,1,-3.27721837164,-15.8727589425,0.0001,0.00306606,-0.00293243841819,0.999991,0,0,0,0,0,0,0
1155,1116.93,0,0,1,-1.50008320979,-14.3981529664,0.0001,0.0261994,0.0023391715713,0.999654,0,0,0,0,0,0,0
1156,1635.58,0,0,1,-12.6468353987,-20.6107064072,0.0001,-0.0216467,-0.0301487256465,0.999311,0,0,0,0,0,0,0
1157,1533.82,0,0,1,-17.5123866263,-20.3347420277,0.0001,0.0106096,-0.0319235967873,0.999434,0,0,0,0,0,0,0
1158,2781.68,0,0,1,-10.9037623048,-19.5947078159,0.0001,0.00187516,-0.0153124006601,0.999881,0,0,0,0,0,0,0
1159,2985.41,0,0,1,-3.64998719968,-16.3876567825,0.0001,0.000139319,-0.00282499101171,0.999996,0,0,0,0,0,0,0
1160,1618.34,0,0,1,-2.89931970134,-14.5915682926,0.0001,0.00896967,-0.00339748496553,0.999954,0,0,0,0,0,0,0
1161,2071.17,0,0,1,-11.2341272458,-9.55641025491,0.0001,-0.00632913,0.0208778703282,0.999762,0,0,0,0,0,0,0
1162,1903.92,0,0,1,-10.1722255918,-13.9094761549,0.0001,0.00867588,-0.0137372370667,0.999868,0,0,0,0,0,0,0
1163,2977.07,0,0,1,-7.13702898711,-8.59114117675,0.0001,0.000547892,0.00690646352024,0.999976,0,0,0,0,0,0,0
1164,2933.14,0,0,1,-11.0436666526,-20.6559222727,0.0001,-0.00331597,-0.00608307216455,0.999976,0,0,0,0,0,0,0
1165,2765.14,0,0,1,-7.40103452871,-13.1063216181,0.0001,-0.00669277,0.00389947813522,0.99997,0,0,0,0,0,0,0
1166,2977.85,0,0,1,-3.21610205528,-14.657891171,0.0001,0.00338028,-0.00453579663583,0.999984,0,0,0,0,0,0,0
1167,2598.88,0,0,1,-10.8840444399,-9.83525811469,0.0001,0.00276416,-0.00289125500335,0.999992,0,0,0,0,0,0,0
1168,2201.45,0,0,1,-10.2723591553,-14.3285067861,0.0001,0.00700621,-0.0152608368196,0.999859,0,0,0,0,0,0,0
1169,2974.87,0,0,1,-11.2090589313,-8.58978618332,0.0001,-0.00293189,0.0011849033834,0.999995,0,0,0,0,0,0,0
1170,2976.94,0,0,1,-7.1340353639,-18.1941983612,0.0001,0.000230649,-0.00489353216386,0.999988,0,0,0,0,0,0,0
1171,3004.22,0,0,1,-7.32392714445,-19.1912302336,0.0001,0.000142064,-0.00647914939015,0.999979,0,0,0,0,0,0,0
1172,1764.53,0,0,1,-6.85526491246,-13.0388006266,0.0001,0.00124812,0.00494388788967,0.999987,0,0,0,0,0,0,0
1173,343.708,0,0,1,-17.8118128574,-17.8072919903,0.0001,-0.0503053,-0.0294022140478,0.998301,0,0,0,0,0,0,0
1174,2977.27,0,0,1,-7.13005443432,-15.6892339981,0.0001,0.00226694,-0.00169143933867,0.999996,0,0,0,0,0,0,0
1175,2974.98,0,0,1,-7.65748000909,-12.2148920764,0.0001,-0.00398052,0.000394203665043,0.999992,0,0,0,0,0,0,0
1176,2971.16,0,0,1,-3.09589653742,-13.839089521,0.0001,0.0061423,0.000521334547062,0.999981,0,0,0,0,0,0,0
1177,3000.16,0,0,1,-3.6562299615,-18.4320132669,0.0001,-0.000495589,-0.00563508079295,0.999984,0,0,0,0,0,0,0
1178,3001.07,0,0,1,-6.98492024048,-18.2190799165,0.0001,0.00148056,-0.00397591009537,0.999991,0,0,0,0,0,0,0
1179,2931.64,0,0,1,-11.1439868349,-15.2422232384,0.0001,-0.0043201,-0.00115612974613,0.99999,0,0,0,0,0,0,0
1180,3015.49,0,0,1,-3.25733885365,-18.756019928,0.0001,0.00154954,-0.00596645328385,0.999981,0,0,0,0,0,0,0
1181,2953.37,0,0,1,-3.41043449403,-14.9580122958,0.0001,0.00276148,-0.000611728869405,0.999996,0,0,0,0,0,0,0
1182,2948.3,0,0,1,-3.12058783547,-19.2843241785,0.0001,0.00508265,-0.00617783497494,0.999968,0,0,0,0,0,0,0
1183,3010.41,0,0,1,-7.05389336897,-11.2673,0.0001,0.00331496,0,0.999995,0,0,0,0,0,0,0
1184,2425.64,0,0,1,-14.9397458417,-20.254835028,0.0001,-0.00725537,0.00820707049824,0.99994,0,0,0,0,0,0,0
1185,2358.51,0,0,1,-3.97368384332,-16.601949644,0.0001,-0.00765346,-0.00744454840997,0.999943,0,0,0,0,0,0,0
1186,2537.94,0,0,1,-14.3180352407,-19.9403467997,0.0001,0.00322136,-0.0172510615253,0.999846,0,0,0,0,0,0,0
1187,2925.36,0,0,1,-7.21522057664,-7.69619292586,0.0001,-0.0020187,0.00582447330751,0.999981,0,0,0,0,0,0,0
1188,1973.14,0,0,1,-7.84265481503,-13.7841519542,0.0001,-0.0141649,-0.0224773441267,0.999647,0,0,0,0,0,0,0
1189,2909.12,0,0,1,-3.62319655833,-13.8630795512,0.0001,-0.00331134,0.00101734527293,0.999994,0,0,0,0,0,0,0
1190,2839.6,0,0,1,-3.91657653531,-15.5441,0.0001,-0.00530019,0,0.999986,0,0,0,0,0,0,0
1191,2954.4,0,0,1,-3.12932431423,-15.5108598812,0.0001,0.00575539,-0.00297910136584,0.999979,0,0,0,0,0,0,0
1192,1916.15,0,0,1,-13.5571581405,-15.6792187095,0.0001,-0.0376869,-0.0158429376187,0.999164,0,0,0,0,0,0,0
1193,632.075,0,0,1,-9.87483710074,-0.516957488091,0.0001,-0.0410551,0.0537330367929,0.997711,0,0,0,0,0,0,0
1194,1544.88,0,0,1,-9.46066333006,-19.0220807952,0.0001,0.0187365,0.000955296681637,0.999824,0,0,0,0,0,0,0
1195,3033.94,0,0,1,-7.0172885125,-22.7338969404,0.0001,7.40015e-05,-0.0097975619303,0.999952,0,0,0,0,0,0,0
1196,3007.75,0,0,1,-3.69690829949,-23.6581146117,0.0001,8.45977e-05,-0.010676590946,0.999943,0,0,0,0,0,0,0
1197,2985.96,0,0,1,-3.52067986537,-13.9658402655,0.0001,0.00199674,-0.00200325070133,0.999996,0,0,0,0,0,0,0
1198,3031.74,0,0,1,-7.2803278402,-21.9083268835,0.0001,-0.000390052,-0.00631248441086,0.99998,0,0,0,0,0,0,0
1199,2957.1,0,0,1,-3.53031774676,-21.4826771002,0.0001,0.00060959,-0.00881061172859,0.999961,0,0,0,0,0,0,0
1200,3017.49,0,0,1,-7.08926698588,-9.12049706285,0.0001,0.00164249,0.00114114968333,0.999998,0,0,0,0,0,0,0
1201,2951.3,0,0,1,-3.5836745037,-14.6901341187,0.0001,0.00176598,-0.00169744090899,0.999997,0,0,0,0,0,0,0
1202,2960.58,0,0,1,-7.64106728798,-19.848969541,0.0001,-0.00434249,-0.00843449794593,0.999955,0,0,0,0,0,0,0
1203,3006.46,0,0,1,-11.1785030411,-10.7706736361,0.0001,-0.00512635,0.00131161719925,0.999986,0,0,0,0,0,0,0
1204,1327.56,0,0,1,2.96588570638,-16.7151304786,0.0001,-0.012153,-0.00151623415082,0.999925,0,0,0,0,0,0,0
1205,1246.71,0,0,1,-5.87209778996,-19.0586468693,0.0001,0.0205006,-0.0172509860194,0.999641,0,0,0,0,0,0,0
1206,1303.59,0,0,1,1.01817858627,-18.4826970023,0.0001,0.00938151,0.0100984278539,0.999905,0,0,0,0,0,0,0
1207,3046.44,0,0,1,-7.30533660923,-16.7065676188,0.0001,-0.000826325,-0.00336409735209,0.999994,0,0,0,0,0,0,0
1208,2587.57,0,0,1,-3.4550630441,-3.94452468939,0.0001,-0.00114625,0.0196633790315,0.999806,0,0,0,0,0,0,0
1209,2986.81,0,0,1,-7.13936392223,-15.2590490784,0.0001,-0.000195135,-0.0024417029573,0.999997,0,0,0,0,0,0,0
1210,3005.01,0,0,1,-3.38227565799,-23.7565124943,0.0001,0.0032009,-0.0105712117655,0.999939,0,0,0,0,0,0,0
1211,2332.86,0,0,1,-6.94129959178,-11.5574783799,0.0001,0.00698526,-0.00389937414625,0.999968,0,0,0,0,0,0,0
1212,3062.49,0,0,1,-11.1143700771,-14.1520726981,0.0001,-0.0034864,0.00135829526979,0.999993,0,0,0,0,0,0,0
1213,2953.3,0,0,1,-11.3203045447,-16.3951665073,0.0001,-0.00520113,-0.00330875894001,0.999981,0,0,0,0,0,0,0
1214,2945.19,0,0,1,-7.15745725204,-16.3425149749,0.0001,0.00113172,-0.00572004552794,0.999983,0,0,0,0,0,0,0
1215,2405.65,0,0,1,-4.24861017177,-10.6253200307,0.0001,-0.00896325,-0.00597133029044,0.999942,0,0,0,0,0,0,0
1216,2978.11,0,0,1,-3.62415438671,-14.9837220352,0.0001,0.00177177,-0.00607127919528,0.99998,0,0,0,0,0,0,0
1217,1293.16,0,0,1,-1.83849126177,-21.9128052635,0.0001,0.0213123,-0.0350581931182,0.999158,0,0,0,0,0,0,0
1218,2894.14,0,0,1,-11.0602747321,-11.6244915555,0.0001,-0.00371799,0.000420120649172,0.999993,0,0,0,0,0,0,0
1219,1804.7,0,0,1,-11.7692379432,-8.52209339082,0.0001,-0.0118361,0.0132620425572,0.999842,0,0,0,0,0,0,0
1220,3059.61,0,0,1,-7.34272083703,-20.1829878243,0.0001,0.000953372,-0.00436932281132,0.99999,0,0,0,0,0,0,0
1221,473.376,0,0,1,1.39745432278,-14.8066732553,0.0001,0.0687027,-0.0135614154022,0.997545,0,0,0,0,0,0,0
1222,2995.3,0,0,1,-3.68570606387,-19.8204666629,0.0001,-0.00229165,-0.00829137933503,0.999963,0,0,0,0,0,0,0
1223,3016.08,0,0,1,-3.80390310551,-16.1024275769,0.0001,0.000343009,-0.00137198535926,0.999999,0,0,0,0,0,0,0
1224,2971.97,0,0,1,-3.54916243483,-12.0426856856,0.0001,0.00186891,0.000712159681361,0.999998,0,0,0,0,0,0,0
1225,2980.1,0,0,1,-7.09089422634,-10.3420197107,0.0001,-0.000210264,0.00399446179733,0.999992,0,0,0,0,0,0,0
1226,2988.01,0,0,1,-7.46570204128,-17.1206786134,0.0001,-0.00258909,-0.00391107299495,0.999989,0,0,0,0,0,0,0
1227,2088.53,0,0,1,-8.97969276263,-16.9595763506,0.0001,-0.0240111,0.0011762464835,0.999711,0,0,0,0,0,0,0
1228,1886.03,0,0,1,-7.48846725525,-21.8802199275,0.0001,-0.000360955,0.00398367261306,0.999992,0,0,0,0,0,0,0
1229,3007.35,0,0,1,-3.60465446324,-17.8592721019,0.0001,0.00226549,-0.00358712615614,0.999991,0,0,0,0,0,0,0
1230,1446.24,0,0,1,2.48072759447,-14.8607150141,0.0001,0.0307103,0.00919854759786,0.999486,0,0,0,0,0,0,0
1231,2917.58,0,0,1,0.152139831356,-22.5843878952,0.0001,0.000787595,-0.00934760707968,0.999956,0,0,0,0,0,0,0
1232,2957.39,0,0,1,-7.50537714864,-11.2497779674,0.0001,-0.00433571,0.00109613812806,0.99999,0,0,0,0,0,0,0
1233,2998.73,0,0,1,-7.29397122236,-24.6786596764,0.0001,-0.00105575,-0.0129181398017,0.999916,0,0,0,0,0,0,0
1234,2989.37,0,0,1,-3.15937666225,-15.7388708855,0.0001,0.00464359,-0.0035265823274,0.999983,0,0,0,0,0,0,0
1235,3024.6,0,0,1,-3.79837337476,-13.0931804236,0.0001,-0.00265545,0.000973945223077,0.999996,0,0,0,0,0,0,0
1236,3037.09,0,0,1,-14.8070952705,-15.7106248986,0.0001,-0.00473977,-0.00123872367665,0.999988,0,0,0,0,0,0,0
1237,2935.93,0,0,1,-7.38840115016,-16.7566618548,0.0001,-0.00353977,-0.00307732145657,0.999989,0,0,0,0,0,0,0
1238,2365.09,0,0,1,0.742147561028,-10.9406585227,0.0001,0.00858419,0.0120124852151,0.999891,0,0,0,0,0,0,0
1239,3016.29,0,0,1,-3.29812225521,-17.9895986645,0.0001,0.00138032,-0.00490861973448,0.999987,0,0,0,0,0,0,0
1240,1438.68,0,0,1,-5.39506295253,-14.1838044687,0.0001,-0.0235232,0.00475143323218,0.999712,0,0,0,0,0,0,0
1241,2678.6,0,0,1,-11.4638527403,-7.68435768783,0.0001,-0.00759849,0.00906962235818,0.99993,0,0,0,0,0,0,0
1242,2946.36,0,0,1,-7.54570901617,-17.6949369494,0.0001,-0.00293611,-0.00183826604925,0.999994,0,0,0,0,0,0,0
1243,2483.38,0,0,1,0.29925768468,-10.9440121458,0.0001,0.00476017,0.00934546716709,0.999945,0,0,0,0,0,0,0
1244,2602.14,0,0,1,-0.361872255545,-15.048,0.0001,-0.00871885,-0,0.999962,0,0,0,0,0,0,0
1245,2934.66,0,0,1,-3.93285936917,-12.2612274499,0.0001,-0.00146115,-0.00136566345683,0.999998,0,0,0,0,0,0,0
1246,2946.63,0,0,1,-3.42036855136,-17.9996933134,0.0001,0.00156459,-0.00464240391736,0.999988,0,0,0,0,0,0,0
1247,3048.05,0,0,1,-7.76429330258,-10.7458877815,0.0001,-0.00613434,0.000607874793365,0.999981,0,0,0,0,0,0,0
1248,1367.82,0,0,1,-6.30637061228,-16.6746133086,0.0001,0.0114114,-0.0056367888944,0.999919,0,0,0,0,0,0,0
1249,1185.32,0,0,1,0.104358382427,-20.6103441153,0.0001,0.00642246,-0.0667210162284,0.997751,0,0,0,0,0,0,0
1250,2980.84,0,0,1,-3.55991678448,-13.9252164031,0.0001,0.001155,-0.000816072300754,0.999999,0,0,0,0,0,0,0
1251,2169.49,0,0,1,0.670072416229,-16.7960611585,0.0001,0.00822912,-0.00801730802861,0.999934,0,0,0,0,0,0,0
1252,2645.56,0,0,1,0.643212675578,-17.750950975,0.0001,0.00660061,-0.00253600525,0.999975,0,0,0,0,0,0,0
1253,2964.69,0,0,1,-3.511788436,-17.062055663,0.0001,0.000575321,-0.00276929408822,0.999996,0,0,0,0,0,0,0
1254,2966.88,0,0,1,-0.219624865717,-16.3907812603,0.0001,-0.00128684,-0.00404276660401,0.999991,0,0,0,0,0,0,0
1255,3017.52,0,0,1,-3.85881414103,-10.5308,0.0001,-0.00319108,-0,0.999995,0,0,0,0,0,0,0
1256,2150.42,0,0,1,-5.56741315614,-13.6973976829,0.0001,0.0242137,-0.00485836467445,0.999695,0,0,0,0,0,0,0
1257,2943.79,0,0,1,-3.2739896365,-17.0956481794,0.0001,0.00350064,-0.00239696445331,0.999991,0,0,0,0,0,0,0
1258,3007.15,0,0,1,-3.27541531946,-15.0032297835,0.0001,0.00371542,-0.00148175241644,0.999992,0,0,0,0,0,0,0
1259,1867.35,0,0,1,-5.42714639842,-15.1312224553,0.0001,-0.0246874,-0.0110633776596,0.999634,0,0,0,0,0,0,0
1260,2937.68,0,0,1,0.144524872258,-17.2958028426,0.0001,-0.00134962,-0.00511647631242,0.999986,0,0,0,0,0,0,0
1261,2929.63,0,0,1,-3.47003317322,-19.934319422,0.0001,0.000837138,-0.00594128571682,0.999982,0,0,0,0,0,0,0
1262,1853.56,0,0,1,1.12316803694,-19.0376326552,0.0001,0.0123331,-0.031457409356,0.999429,0,0,0,0,0,0,0
1263,3012.47,0,0,1,0.340619005307,-12.2505743168,0.0001,0.00208981,0.00127776569207,0.999997,0,0,0,0,0,0,0
1264,2958.09,0,0,1,4.25575477313,-24.4217543708,0.0001,0.00720188,-0.0126539198854,0.999894,0,0,0,0,0,0,0
1265,2999.19,0,0,1,-3.4742881017,-22.9879632862,0.0001,9.44397e-05,-0.00812342244026,0.999967,0,0,0,0,0,0,0
1266,3045.87,0,0,1,-3.93746615068,-18.867814991,0.0001,-0.00229601,-0.00572083709608,0.999981,0,0,0,0,0,0,0
1267,2605.27,0,0,1,0.518998912315,-16.1210232262,0.0001,0.00651279,-0.00613041323371,0.99996,0,0,0,0,0,0,0
1268,850.581,0,0,1,0.900353519044,-14.8521710431,0.0001,0.010075,-0.00353427871,0.999943,0,0,0,0,0,0,0
1269,2953.48,0,0,1,0.20328847678,-23.11039665,0.0001,0.00320763,-0.0097830619329,0.999947,0,0,0,0,0,0,0
1270,1321.51,0,0,1,-6.07442574381,-22.2873551006,0.0001,0.0166273,-0.00274093610104,0.999858,0,0,0,0,0,0,0
1271,3004.14,0,0,1,-3.44741614118,-7.50550779363,0.0001,0.00168449,0.00558231174694,0.999983,0,0,0,0,0,0,0
1272,3022.3,0,0,1,-7.62089607089,-17.728372905,0.0001,-0.00477956,-0.00362704869091,0.999982,0,0,0,0,0,0,0
1273,2962.38,0,0,1,-7.28652725974,-10.4439458317,0.0001,-0.00085869,0.00269492773259,0.999996,0,0,0,0,0,0,0
1274,2837.79,0,0,1,-3.48148173817,-12.7103136235,0.0001,0.00339606,0.00429727256249,0.999985,0,0,0,0,0,0,0
1275,2577.87,0,0,1,0.772872990534,-13.1413265328,0.0001,0.00880483,0.00862955344563,0.999924,0,0,0,0,0,0,0
1276,866.87,0,0,1,-5.14074855268,-15.4885117204,0.0001,0.0338819,0.00936135291451,0.999382,0,0,0,0,0,0,0
1277,3107.99,0,0,1,-3.86948451295,-7.36492317893,0.0001,-0.00171705,0.00332440826275,0.999993,0,0,0,0,0,0,0
1278,3005.13,0,0,1,-4.272051544,-19.6444597497,0.0001,-0.00753905,-0.00794727155051,0.99994,0,0,0,0,0,0,0
1279,2770.77,0,0,1,4.51279801998,-15.2664561751,0.0001,0.0108458,-0.00776921497708,0.999911,0,0,0,0,0,0,0
1280,208.245,0,0,1,-15.0286356995,-16.3478835951,0.0001,-0.0563768,0.0355627648779,0.997776,0,0,0,0,0,0,0
1281,326.837,0,0,1,-4.74706116024,-15.5481209051,0.0001,-0.021415,0.053596817872,0.998333,0,0,0,0,0,0,0
1282,3023.92,0,0,1,-3.99975791283,-21.533566813,0.0001,-0.00437358,-0.00829878677781,0.999956,0,0,0,0,0,0,0
1283,2897.84,0,0,1,-3.85921407787,-16.045935906,0.0001,-0.00219292,-0.00178636107035,0.999996,0,0,0,0,0,0,0
1284,3031.67,0,0,1,-0.261578573757,-15.5615695682,0.0001,-0.00142157,-0.00346108216242,0.999993,0,0,0,0,0,0,0
1285,1210.41,0,0,1,2.89233049163,-14.2090585146,0.0001,-0.0158878,-0.0277725704097,0.999488,0,0,0,0,0,0,0
1286,3026.17,0,0,1,-0.141152116772,-14.2623,0.0001,-0.000503322,-0,1,0,0,0,0,0,0,0
1287,3031.47,0,0,1,0.035154443178,-20.8372197077,0.0001,-0.000729182,-0.00595549910677,0.999982,0,0,0,0,0,0,0
1288,2971.61,0,0,1,3.73161048397,-16.7442625748,0.0001,0.00251162,-0.0031131496873,0.999992,0,0,0,0,0,0,0
1289,3010.03,0,0,1,-3.89828100834,-16.0317191487,0.0001,-0.00104519,-0.000952668286444,0.999999,0,0,0,0,0,0,0
1290,2987.39,0,0,1,-3.89198511335,-16.710057098,0.0001,-0.00423444,-0.00284065993854,0.999987,0,0,0,0,0,0,0
1291,2819.29,0,0,1,0.687452980211,-15.8990879724,0.0001,0.00790887,-0.00935115769962,0.999925,0,0,0,0,0,0,0
1292,1155.75,0,0,1,-2.70074489314,-14.5908,0.0001,0.0151777,-0,0.999885,0,0,0,0,0,0,0
1293,2975.18,0,0,1,-4.20039517622,-11.26712816,0.0001,-0.00672499,0.00357402693047,0.999971,0,0,0,0,0,0,0
1294,3020.28,0,0,1,3.35257000496,-14.3130202044,0.0001,-0.000994777,-0.00100519536429,0.999999,0,0,0,0,0,0,0
1295,2001.14,0,0,1,0.452286541919,-20.7700485862,0.0001,0.0103708,-0.0272812212219,0.999574,0,0,0,0,0,0,0
1296,3038.05,0,0,1,0.538807702793,-16.6632676876,0.0001,0.00605472,-0.00336746042615,0.999976,0,0,0,0,0,0,0
1297,2974.79,0,0,1,-3.14841481934,-16.5460568879,0.0001,0.00374029,-0.00283021372265,0.999989,0,0,0,0,0,0,0
1298,2833.37,0,0,1,-4.03352177985,-14.9938,0.0001,-0.00605859,-0,0.999982,0,0,0,0,0,0,0
1299,2565.79,0,0,1,-0.193502755722,-11.7862814627,0.0001,-0.00715184,0.000922230239319,0.999974,0,0,0,0,0,0,0
1300,1471.01,0,0,1,1.69924045687,-16.6054,0.0001,0.0229023,0,0.999738,0,0,0,0,0,0,0
1301,3039.05,0,0,1,-0.206820963813,-20.4746697403,0.0001,-0.00163993,-0.00844448107316,0.999963,0,0,0,0,0,0,0
1302,2640.69,0,0,1,-0.204989143735,-14.7758760174,0.0001,-0.00503177,-0.00875663689251,0.999949,0,0,0,0,0,0,0
1303,1446.39,0,0,1,-5.52591946933,-19.3226843729,0.0001,-0.0243304,-0.0340186127119,0.999125,0,0,0,0,0,0,0
1304,2982.58,0,0,1,-3.6902599783,-7.79606058476,0.0001,-0.00198896,0.00245845746728,0.999995,0,0,0,0,0,0,0
1305,2997.88,0,0,1,-3.788878193,-18.139441588,0.0001,-0.00289509,-0.00704397706497,0.999971,0,0,0,0,0,0,0
1306,398.975,0,0,1,-9.09171739994,-4.33601916433,0.0001,-0.0197609,0.0254015453701,0.999482,0,0,0,0,0,0,0
1307,2722.47,0,0,1,-7.0681629397,-15.2717847614,0.0001,0.00333626,0.00573313921097,0.999978,0,0,0,0,0,0,0
1308,2947.62,0,0,1,-3.83521370464,-20.0716488811,0.0001,-0.00267179,-0.00740679263892,0.999969,0,0,0,0,0,0,0
1309,2280.05,0,0,1,3.90839261274,-12.4255927814,0.0001,0.000129981,-0.00959067197539,0.999954,0,0,0,0,0,0,0
1310,2976.26,0,0,1,-3.71457248265,-16.7101751667,0.0001,-0.000123514,-0.00373961164986,0.999993,0,0,0,0,0,0,0
1311,2666.28,0,0,1,3.47758504805,-13.8497115283,0.0001,-0.00522113,-0.0105230718197,0.999931,0,0,0,0,0,0,0
1312,1957.31,0,0,1,-6.63075891908,-10.1652548188,0.0001,0.0119929,0.00722223965194,0.999902,0,0,0,0,0,0,0
1313,2812.81,0,0,1,-4.03529732304,-17.0016255763,0.0001,-0.0058365,-0.0112218032308,0.99992,0,0,0,0,0,0,0
1314,111.031,0,0,1,4.44614220282,-9.67388159307,0.0001,0.0735281,0.0192678245111,0.997107,0,0,0,0,0,0,0
1315,1616.43,0,0,1,-4.71024763066,-9.80250605539,0.0001,-0.0133136,0.00517084625957,0.999898,0,0,0,0,0,0,0
1316,3040.43,0,0,1,-3.63943244825,-20.387465581,0.0001,0.000375696,-0.00823757831621,0.999966,0,0,0,0,0,0,0
1317,2731.18,0,0,1,-6.42634804265,-23.7376790987,0.0001,0.0160156,-0.00393472497642,0.999864,0,0,0,0,0,0,0
1318,3018.23,0,0,1,0.157422909572,-11.6396784087,0.0001,0.00168704,0.00107419366888,0.999998,0,0,0,0,0,0,0
1319,2941.55,0,0,1,-0.305617957656,-14.8316445074,0.0001,-0.0033312,-0.00221428149971,0.999992,0,0,0,0,0,0,0
1320,2983.2,0,0,1,0.0969142404616,-12.7617871947,0.0001,0.00236519,0.00063707712547,0.999997,0,0,0,0,0,0,0
1321,1756.81,0,0,1,0.545143436818,-1.64266488137,0.0001,0.00967032,0.0236300367138,0.999674,0,0,0,0,0,0,0
1322,2982.13,0,0,1,0.00869072553119,-13.779334903,0.0001,0.000992313,-0.00173646506151,0.999998,0,0,0,0,0,0,0
1323,2978.64,0,0,1,0.248766898305,-7.25660392097,0.0001,0.00128846,0.00428249586437,0.99999,0,0,0,0,0,0,0
1324,2037.82,0,0,1,5.14507483654,-12.046833644,0.0001,-0.0310849,0.0132439779141,0.999429,0,0,0,0,0,0,0
1325,3093,0,0,1,0.280232138456,-21.2433474491,0.0001,0.00204663,-0.00733556164468,0.999971,0,0,0,0,0,0,0
1326,2910.3,0,0,1,-3.37044360866,-18.5010064908,0.0001,0.00429781,-0.0102725354808,0.999938,0,0,0,0,0,0,0
1327,2995.86,0,0,1,-3.25014269133,-9.6962576376,0.0001,0.00334866,0.00260507105555,0.999991,0,0,0,0,0,0,0
1328,2481.52,0,0,1,2.80419052036,-9.82704458844,0.0001,-0.00942615,-0.00769039792063,0.999926,0,0,0,0,0,0,0
1329,2007.08,0,0,1,2.97262051672,-18.3969095429,0.0001,-0.00842783,-0.030310504062,0.999505,0,0,0,0,0,0,0
1330,561.083,0,0,1,1.37509931647,-5.7320535397,0.0001,0.0158774,0.0296578457282,0.999434,0,0,0,0,0,0,0
1331,2963.12,0,0,1,-4.21758383055,-13.1156,0.0001,-0.00665809,0,0.999978,0,0,0,0,0,0,0
1332,2987.97,0,0,1,0.0452567687549,-20.1558855948,0.0001,0.00086408,-0.00923317479276,0.999957,0,0,0,0,0,0,0
1333,2747.76,0,0,1,3.2638591005,-6.94774150609,0.0001,-0.00700961,0.00639244418418,0.999955,0,0,0,0,0,0,0
1334,3023.15,0,0,1,-0.567250151542,-18.2036944406,0.0001,-0.00692272,-0.00469837448503,0.999965,0,0,0,0,0,0,0
1335,2986.71,0,0,1,7.81741097436,-18.0167263985,0.0001,0.00651587,-0.00628822368742,0.999959,0,0,0,0,0,0,0
1336,1439.02,0,0,1,9.31686979447,-16.9472058707,0.0001,0.0268403,-0.0201811843039,0.999436,0,0,0,0,0,0,0
1337,2982.04,0,0,1,3.73384798613,-9.40514758368,0.0001,-0.000597702,0.00310527411339,0.999995,0,0,0,0,0,0,0
1338,2639.65,0,0,1,-2.88315722528,-13.4491441175,0.0001,0.0120771,0.00775455005722,0.999897,0,0,0,0,0,0,0
1339,2750.4,0,0,1,-0.166231312364,-15.7649210213,0.0001,-0.0049906,-0.00104582151441,0.999987,0,0,0,0,0,0,0
1340,2974.57,0,0,1,-0.217966618372,-6.510707656,0.0001,-0.000876507,0.00807654916898,0.999967,0,0,0,0,0,0,0
1341,2953.55,0,0,1,3.34267141163,-15.156043637,0.0001,-0.00390983,-0.00217097429073,0.99999,0,0,0,0,0,0,0
1342,2980.29,0,0,1,3.3417898116,-17.1670778246,0.0001,-0.00100439,-0.00387183893362,0.999992,0,0,0,0,0,0,0
1343,2033.47,0,0,1,6.9988300323,-21.8896466223,0.0001,-0.00696168,-0.0222139949261,0.999729,0,0,0,0,0,0,0
1344,2846.96,0,0,1,0.053710999742,-10.919110936,0.0001,-0.00208954,0.00443099070055,0.999988,0,0,0,0,0,0,0
1345,3024.59,0,0,1,7.00482650869,-17.7229088356,0.0001,-0.00216371,-0.00541461633322,0.999983,0,0,0,0,0,0,0
1346,2958.47,0,0,1,3.51521100418,-17.3375642491,0.0001,-0.00343259,-0.00319643627997,0.999989,0,0,0,0,0,0,0
1347,2993.94,0,0,1,-0.277948793005,-16.123047626,0.0001,-0.002527,-0.00236943769699,0.999994,0,0,0,0,0,0,0
1348,2972.91,0,0,1,-3.57794366812,-6.46225861359,0.0001,-0.00117751,0.00355153786406,0.999993,0,0,0,0,0,0,0
1349,751.626,0,0,1,12.4558354822,-14.0703746622,0.0001,0.0761603,0.0161368360874,0.996965,0,0,0,0,0,0,0
1350,2925.36,0,0,1,-0.326960434312,-17.6131681886,0.0001,-0.00430015,-0.00339241580256,0.999985,0,0,0,0,0,0,0
1351,2923.27,0,0,1,-3.60349864974,-13.2452270777,0.0001,-0.000430335,-0.00134714913349,0.999999,0,0,0,0,0,0,0
1352,2992.62,0,0,1,0.140292144132,-12.3846,0.0001,-0.000142083,-0,1,0,0,0,0,0,0,0
1353,2164.89,0,0,1,-0.637352225098,-11.373849019,0.0001,-0.00821985,0.0025362762029,0.999963,0,0,0,0,0,0,0
1354,2986.39,0,0,1,3.48819552496,-16.4787887175,0.0001,-0.000720144,-0.00441376173113,0.99999,0,0,0,0,0,0,0
1355,1840.39,0,0,1,-6.73791058843,-14.3120591369,0.0001,-0.0432721,-0.00293936737921,0.999059,0,0,0,0,0,0,0
1356,3010.12,0,0,1,3.60172659815,-18.8057183094,0.0001,-0.00116425,-0.00588593220632,0.999982,0,0,0,0,0,0,0
1357,2932.51,0,0,1,3.78971505905,-20.4652985848,0.0001,0.00373421,-0.00490462176685,0.999981,0,0,0,0,0,0,0
1358,2984.57,0,0,1,3.78866452772,-17.1953953667,0.0001,0.00122027,-0.00474455447088,0.999988,0,0,0,0,0,0,0
1359,3019.25,0,0,1,-0.453261247476,-15.4092510856,0.0001,-0.0054351,-0.00254152788494,0.999982,0,0,0,0,0,0,0
1360,2131.55,0,0,1,5.48761689586,-9.75469313362,0.0001,0.0252101,0.00680695063813,0.999659,0,0,0,0,0,0,0
1361,1180.59,0,0,1,10.5491759095,-15.2013474981,0.0001,0.0435351,-0.00733106015457,0.999025,0,0,0,0,0,0,0
1362,886.862,0,0,1,10.4283492432,-27.2841681041,0.0001,0.0470648,-0.0678325084673,0.996586,0,0,0,0,0,0,0
1363,2973.93,0,0,1,-0.272675300796,-16.0317221094,0.0001,-0.00384578,-0.00109996008634,0.999992,0,0,0,0,0,0,0
1364,2982.03,0,0,1,3.40351770933,-20.0635319074,0.0001,-0.00359645,-0.0065623748291,0.999972,0,0,0,0,0,0,0
1365,3030.95,0,0,1,-0.55666628559,-15.8803087252,0.0001,-0.00598425,-0.000434082869236,0.999982,0,0,0,0,0,0,0
1366,3007.25,0,0,1,-3.59461419921,-14.3035,0.0001,-0.000208916,-0,1,0,0,0,0,0,0,0
1367,2972.68,0,0,1,3.84845337366,-8.41999872421,0.0001,0.00116285,0.00553602058138,0.999984,0,0,0,0,0,0,0
1368,2903.03,0,0,1,-0.101772692801,-23.2093141005,0.0001,0.0013584,-0.015624967854,0.999877,0,0,0,0,0,0,0
1369,3018.12,0,0,1,-0.146561868922,-19.1448109512,0.0001,-0.00123724,-0.00551987148242,0.999984,0,0,0,0,0,0,0
1370,2962.08,0,0,1,3.6225284916,-8.38028755311,0.0001,0.00091997,0.00459929714185,0.999989,0,0,0,0,0,0,0
1371,3012.12,0,0,1,-0.0373424149295,-20.2535459548,0.0001,0.00112858,-0.00726123806135,0.999973,0,0,0,0,0,0,0
1372,2999.15,0,0,1,3.87030184059,-15.7922661147,0.0001,0.00108659,-0.00328926833382,0.999994,0,0,0,0,0,0,0
1373,1952.69,0,0,1,0.688168136847,-21.9935439884,0.0001,0.00672209,-0.0171109597928,0.999831,0,0,0,0,0,0,0
1374,2956.81,0,0,1,3.55823617718,-19.8054465658,0.0001,-0.00168268,-0.00729162560871,0.999972,0,0,0,0,0,0,0
1375,2957.62,0,0,1,3.57491057196,-13.7603078406,0.0001,-0.00196159,-0.000390077776513,0.999998,0,0,0,0,0,0,0
1376,2958.01,0,0,1,7.20946995167,-14.1166,0.0001,-0.000499917,-0,1,0,0,0,0,0,0,0
1377,3020.54,0,0,1,7.73584853638,-2.58587422826,0.0001,0.00589689,0.010734107477,0.999925,0,0,0,0,0,0,0
1378,2965.33,0,0,1,3.8662418162,-15.1805441376,0.0001,0.00108538,-0.00219589190433,0.999997,0,0,0,0,0,0,0
1379,2966.48,0,0,1,-0.173239234088,-15.1798380576,0.0001,-0.00210119,-0.0018934055519,0.999996,0,0,0,0,0,0,0
1380,3000.9,0,0,1,7.4263917923,-20.2061247994,0.0001,0.00307417,-0.00620877627323,0.999976,0,0,0,0,0,0,0
1381,2492.36,0,0,1,-0.0810888361623,-23.3978862307,0.0001,0.00309766,-0.00429002407037,0.999986,0,0,0,0,0,0,0
1382,1708.94,0,0,1,7.04903867666,-19.720381815,0.0001,-0.00703078,-0.00407026333197,0.999967,0,0,0,0,0,0,0
1383,3005.65,0,0,1,7.4108563864,-7.03651667331,0.0001,0.00380025,0.00464303520742,0.999982,0,0,0,0,0,0,0
1384,3009.32,0,0,1,3.87972971185,-12.7846937539,0.0001,0.00197571,0.000310750697111,0.999998,0,0,0,0,0,0,0
1385,2499.63,0,0,1,7.49476635833,-19.8219184911,0.0001,0.00479329,-0.0158431563136,0.999863,0,0,0,0,0,0,0
1386,3016.52,0,0,1,3.45038614569,-15.5821524968,0.0001,-0.0026793,-0.00261176233795,0.999993,0,0,0,0,0,0,0
1387,2977.86,0,0,1,-0.419540915824,-15.9501819724,0.0001,-0.00462259,-0.00407814917479,0.999981,0,0,0,0,0,0,0
1388,1184.07,0,0,1,-3.50328944598,-15.3726151629,0.0001,0.00649503,0.00422062617381,0.99997,0,0,0,0,0,0,0
1389,2959.2,0,0,1,-0.0786674509779,-14.8739215262,0.0001,-0.0016891,-0.0010709515348,0.999998,0,0,0,0,0,0,0
1390,2965.09,0,0,1,3.43645325505,-8.52012577807,0.0001,0.000161941,0.00468760643746,0.999989,0,0,0,0,0,0,0
1391,695.502,0,0,1,-2.98168556239,-15.3557416508,0.0001,-0.0415314,-0.0120111859964,0.999065,0,0,0,0,0,0,0
1392,3044.42,0,0,1,7.78186346064,-16.3677278093,0.0001,0.00663968,-0.0013835174367,0.999977,0,0,0,0,0,0,0
1393,2869.99,0,0,1,7.99298440096,-17.0533330959,0.0001,0.00917359,-0.00662126502353,0.999936,0,0,0,0,0,0,0
1394,3014.55,0,0,1,3.36740331051,-16.4364570135,0.0001,-0.00282035,-0.00283646996767,0.999992,0,0,0,0,0,0,0
1395,2906.47,0,0,1,3.34485474396,-10.4070451008,0.0001,-0.00324654,0.0027312812064,0.999991,0,0,0,0,0,0,0
1396,3055.96,0,0,1,11.3890172863,-10.0026,0.0001,0.00583504,-0,0.999983,0,0,0,0,0,0,0
1397,921.907,0,0,1,7.6576628947,-9.57049427889,0.0001,0.0100928,0.0137154789621,0.999855,0,0,0,0,0,0,0
1398,1926.44,0,0,1,6.00961752131,-20.0498924173,0.0001,-0.0180274,-0.019516358273,0.999647,0,0,0,0,0,0,0
1399,3015.87,0,0,1,7.41687353809,-8.39324315817,0.0001,0.00365856,0.00382292332206,0.999986,0,0,0,0,0,0,0
1400,2952.87,0,0,1,3.67336878227,-21.0598337502,0.0001,0.00192942,-0.00665407863371,0.999976,0,0,0,0,0,0,0
1401,1194.15,0,0,1,-1.16876712627,-15.3507266338,0.0001,-0.0108016,0.00364982361764,0.999935,0,0,0,0,0,0,0
1402,929.035,0,0,1,12.5435288834,-18.9745809515,0.0001,0.0213288,-0.0189450954487,0.999593,0,0,0,0,0,0,0
1403,878.313,0,0,1,9.39489219618,-19.6731157771,0.0001,-0.0212786,-0.00575865722543,0.999757,0,0,0,0,0,0,0
1404,3005.16,0,0,1,7.48695046763,-11.4256,0.0001,0.00251082,0,0.999997,0,0,0,0,0,0,0
1405,3040.35,0,0,1,3.83381608553,-14.9758645578,0.0001,0.00129778,-0.00321181118243,0.999994,0,0,0,0,0,0,0
1406,1112.34,0,0,1,7.39079753604,-11.6248996425,0.0001,-0.00161462,0.0248856641715,0.999689,0,0,0,0,0,0,0
1407,661.716,0,0,1,-3.28722516665,-13.2782475875,0.0001,0.0121789,0.0125559143749,0.999847,0,0,0,0,0,0,0
1408,2169.99,0,0,1,3.25376517703,-23.337235288,0.0001,-0.00521378,-0.0216507504284,0.999752,0,0,0,0,0,0,0
1409,2229.46,0,0,1,11.0795914936,-12.8207929706,0.0001,0.00455134,0.0152731521044,0.999873,0,0,0,0,0,0,0
1410,2967.97,0,0,1,11.16195053,-11.7486739458,0.0001,0.00251392,0.00129622152181,0.999996,0,0,0,0,0,0,0
1411,2973.23,0,0,1,3.85256043417,-21.0117920233,0.0001,0.00300663,-0.00457820391016,0.999985,0,0,0,0,0,0,0
1412,1054.86,0,0,1,3.52671104382,-18.6518329546,0.0001,-0.00641242,-0.0314740307832,0.999484,0,0,0,0,0,0,0
1413,2989.7,0,0,1,3.90812112488,-15.7655262456,0.0001,0.00453344,-0.00628068640886,0.99997,0,0,0,0,0,0,0
1414,2995.08,0,0,1,3.92010555821,-14.3478310294,0.0001,0.00127155,-0.00154374758215,0.999998,0,0,0,0,0,0,0
1415,1770.31,0,0,1,-0.50085577955,-14.3505765986,0.0001,-0.000933609,-0.0386079248113,0.999254,0,0,0,0,0,0,0
1416,2959.22,0,0,1,10.9589614479,-12.1678672537,0.0001,0.00305709,0.00162916074461,0.999994,0,0,0,0,0,0,0
1417,2932,0,0,1,3.74233126382,-9.30177,0.0001,0.000560389,0,1,0,0,0,0,0,0,0
1418,2977.89,0,0,1,3.35263531689,-18.852223818,0.0001,-0.000232986,-0.00615998023729,0.999981,0,0,0,0,0,0,0
1419,2494.66,0,0,1,-0.0638256533988,-11.6834471354,0.0001,0.00210176,-0.00731995655057,0.999971,0,0,0,0,0,0,0
1420,2479.65,0,0,1,1.91914652941,-19.274218582,0.0001,-0.0225501,-0.0208151663215,0.999529,0,0,0,0,0,0,0
1421,1412.57,0,0,1,10.0611085233,-8.05414576761,0.0001,-0.00952365,0.0211004328552,0.999732,0,0,0,0,0,0,0
1422,2945.8,0,0,1,10.8543908303,-17.5738847832,0.0001,-0.000456198,-0.00421803299951,0.999991,0,0,0,0,0,0,0
1423,2999.92,0,0,1,7.06621031666,-11.0841728901,0.0001,-0.00147678,0.00134874639258,0.999998,0,0,0,0,0,0,0
1424,3059.73,0,0,1,7.59780394234,-23.2870151471,0.0001,0.00417596,-0.0107031304803,0.999934,0,0,0,0,0,0,0
1425,2455.33,0,0,1,9.92033976971,-8.88551564055,0.0001,-0.0104572,0.0166315879927,0.999807,0,0,0,0,0,0,0
1426,2970.94,0,0,1,7.55903948324,-22.4531887129,0.0001,0.00196425,-0.00938826959229,0.999954,0,0,0,0,0,0,0
1427,659.393,0,0,1,0.899632845681,-11.3112848063,0.0001,0.0188252,0.0454768391707,0.998788,0,0,0,0,0,0,0
1428,3030.18,0,0,1,7.59330884106,-18.6613068728,0.0001,0.00342486,-0.00531694780682,0.99998,0,0,0,0,0,0,0
1429,3006.98,0,0,1,11.0725757135,-18.5929360483,0.0001,0.00376673,-0.00676837093451,0.99997,0,0,0,0,0,0,0
1430,2943.12,0,0,1,3.66043691316,-11.1107365304,0.0001,0.00432399,-0.00181741285346,0.999989,0,0,0,0,0,0,0
1431,3016.98,0,0,1,11.0674877587,-12.6344805389,0.0001,0.00436606,0.000968204563272,0.99999,0,0,0,0,0,0,0
1432,1857.14,0,0,1,9.54250170657,-10.1555396043,0.0001,-0.0188172,-0.0019700109543,0.999821,0,0,0,0,0,0,0
1433,2965.49,0,0,1,7.62152395081,-9.18122042105,0.0001,0.00318161,0.00196908831894,0.999993,0,0,0,0,0,0,0
1434,2043.41,0,0,1,11.8742332819,-15.9760124881,0.0001,0.0116051,-0.00559595970233,0.999917,0,0,0,0,0,0,0
1435,2098.58,0,0,1,10.2262472921,-4.11194550269,0.0001,-0.00759658,0.0126601773804,0.999891,0,0,0,0,0,0,0
1436,2980.89,0,0,1,3.65839009821,-16.8200797896,0.0001,0.00149741,-0.00396959472642,0.999991,0,0,0,0,0,0,0
1437,3047.01,0,0,1,6.72985356404,-25.0166425013,0.0001,-0.00380248,-0.0120637782576,0.99992,0,0,0,0,0,0,0
1438,2831.27,0,0,1,7.21148262292,-19.0394772321,0.0001,-0.00335205,-0.0038423419678,0.999987,0,0,0,0,0,0,0
1439,2991.49,0,0,1,6.78680280023,-6.97738129295,0.0001,-0.0038407,0.00540819188916,0.999978,0,0,0,0,0,0,0
1440,2986.31,0,0,1,7.40463026183,-17.2695797277,0.0001,0.00150555,-0.00396651461583,0.999991,0,0,0,0,0,0,0
1441,1973.84,0,0,1,9.79341776465,-20.0651392369,0.0001,-0.0130454,-0.00195191440385,0.999913,0,0,0,0,0,0,0
1442,2998.65,0,0,1,11.1270615821,-17.7398516903,0.0001,0.00306376,-0.00257163579506,0.999992,0,0,0,0,0,0,0
1443,788.609,0,0,1,13.907417046,-10.6482761602,0.0001,0.040613,0.0111264307844,0.999113,0,0,0,0,0,0,0
1444,2991.03,0,0,1,7.13279297638,-8.77832338994,0.0001,-0.00233946,0.00381140747077,0.99999,0,0,0,0,0,0,0
1445,1251.19,0,0,1,4.2892614285,-24.8270256865,0.0001,0.00553895,-0.0410436824481,0.999142,0,0,0,0,0,0,0
1446,1487.12,0,0,1,4.26209033662,-18.7088018142,0.0001,0.0149397,-0.0100388804112,0.999838,0,0,0,0,0,0,0
1447,2377.5,0,0,1,7.43385528894,-20.8788601265,0.0001,-0.000731832,-0.0129405319027,0.999916,0,0,0,0,0,0,0
1448,2974.71,0,0,1,14.7446949618,-17.9146260514,0.0001,0.00472441,-0.00129607335897,0.999988,0,0,0,0,0,0,0
1449,3037.62,0,0,1,7.32743057557,-13.2773556625,0.0001,0.00251618,-0.00276925788029,0.999993,0,0,0,0,0,0,0
1450,2770.13,0,0,1,11.3542012515,-20.0350934568,0.0001,0.00503709,-0.00962414896663,0.999941,0,0,0,0,0,0,0
1451,2120.55,0,0,1,10.2450480117,-12.149296125,0.0001,-0.0125351,0.010141714253,0.99987,0,0,0,0,0,0,0
1452,2682.55,0,0,1,10.3536491576,-19.4814629119,0.0001,-0.00750414,-0.0081045765997,0.999939,0,0,0,0,0,0,0
1453,2946.95,0,0,1,10.8093543414,-12.5500442202,0.0001,-0.00227156,-0.0021999977651,0.999995,0,0,0,0,0,0,0
1454,2974.49,0,0,1,6.87518294234,-12.2184855208,0.0001,-0.00234117,0.000720356877581,0.999997,0,0,0,0,0,0,0
1455,2999.59,0,0,1,3.45391108852,-8.98581203005,0.0001,0.000551666,0.00238655727448,0.999997,0,0,0,0,0,0,0
1456,2976.63,0,0,1,3.16183744304,-14.1305346371,0.0001,-0.00360977,-0.00172322272127,0.999992,0,0,0,0,0,0,0
1457,2982.37,0,0,1,10.7870770701,-9.26648786293,0.0001,-0.00114078,0.00408638470921,0.999991,0,0,0,0,0,0,0
1458,3059.87,0,0,1,11.1016430397,-15.250546773,0.0001,0.00214127,-0.00232700188809,0.999995,0,0,0,0,0,0,0
1459,2708.83,0,0,1,11.2334605669,-15.85081878,0.0001,0.00301321,-0.00590932157662,0.999978,0,0,0,0,0,0,0
1460,1498.54,0,0,1,10.1598862123,-7.73218278671,0.0001,-0.00565841,0.0301953574622,0.999528,0,0,0,0,0,0,0
1461,491.543,0,0,1,18.3614920405,-14.3327754772,0.0001,0.0591978,0.0111500053435,0.998184,0,0,0,0,0,0,0
1462,2704.62,0,0,1,11.2518243699,-13.5840654104,0.0001,0.00618723,-0.00822893528514,0.999947,0,0,0,0,0,0,0
1463,1434.9,0,0,1,5.15897586699,-20.7612789477,0.0001,-0.0260649,-0.0138719462221,0.999564,0,0,0,0,0,0,0
1464,3023.19,0,0,1,11.4292388004,-18.6603397219,0.0001,0.00690516,-0.00695100434286,0.999952,0,0,0,0,0,0,0
1465,3015.54,0,0,1,11.3475045268,-16.0698777374,0.0001,0.00520023,-0.00386744966964,0.999979,0,0,0,0,0,0,0
1466,2933.42,0,0,1,10.6391070133,-16.3815098699,0.0001,0.000348913,-0.0054660803798,0.999985,0,0,0,0,0,0,0
1467,3047.92,0,0,1,7.1437640697,-9.75810594194,0.0001,-0.00178757,0.00219193464663,0.999996,0,0,0,0,0,0,0
1468,2968,0,0,1,6.82247352996,-16.8114163283,0.0001,-0.00430188,-0.00578732688428,0.999974,0,0,0,0,0,0,0
1469,1179.45,0,0,1,8.97425194736,-20.9721760116,0.0001,0.0224784,-0.00875424767985,0.999709,0,0,0,0,0,0,0
1470,2755.26,0,0,1,18.5254311579,-14.6979835965,0.0001,0.00652486,-0.00913357722803,0.999937,0,0,0,0,0,0,0
1471,2316.41,0,0,1,10.2185952413,-15.4674311647,0.0001,-0.0101858,-0.0114993719115,0.999882,0,0,0,0,0,0,0
1472,2972.69,0,0,1,10.9993464579,-19.0059913571,0.0001,0.00231131,-0.00454507173584,0.999987,0,0,0,0,0,0,0
1473,3000.02,0,0,1,3.7940028595,-18.3973453215,0.0001,0.00262981,-0.00225478676683,0.999994,0,0,0,0,0,0,0
1474,3040.14,0,0,1,10.7454141907,-22.1179858648,0.0001,0.000705974,-0.00924660757853,0.999957,0,0,0,0,0,0,0
1475,1986.56,0,0,1,6.70842230754,-7.98124451015,0.0001,-0.00833832,0.0320962602117,0.99945,0,0,0,0,0,0,0
1476,2656.27,0,0,1,2.58550324306,-8.49302050105,0.0001,-0.0122752,0.00743699240015,0.999897,0,0,0,0,0,0,0
1477,2335.01,0,0,1,14.955693089,-20.960095454,0.0001,0.00463119,-0.00474885198588,0.999978,0,0,0,0,0,0,0
1478,2126.95,0,0,1,8.01675634973,-15.4885407461,0.0001,0.00976583,-0.0219213507889,0.999712,0,0,0,0,0,0,0
1479,2970.57,0,0,1,6.94222829348,-4.91743307159,0.0001,-0.00406481,0.00880199469802,0.999953,0,0,0,0,0,0,0
1480,187.1,0,0,1,1.2452708351,-16.1696219474,0.0001,-0.0896344,-0.0159507657384,0.995847,0,0,0,0,0,0,0
1481,1994.63,0,0,1,6.45256878792,-15.3821524694,0.0001,-0.00752162,-0.0175326013066,0.999818,0,0,0,0,0,0,0
1482,2981.53,0,0,1,6.78128832867,-11.6166846124,0.0001,-0.00306821,0.000765547121963,0.999995,0,0,0,0,0,0,0
1483,2987.32,0,0,1,3.46291609443,-15.8170632171,0.0001,-0.00317935,-0.00314509675168,0.99999,0,0,0,0,0,0,0
1484,3027.02,0,0,1,6.75725709267,-14.0816134375,0.0001,-0.00561719,-0.000668521132006,0.999984,0,0,0,0,0,0,0
1485,1131.18,0,0,1,13.2007632084,-24.4313833116,0.0001,-0.0167464,-0.0290041956627,0.999439,0,0,0,0,0,0,0
1486,2997.25,0,0,1,7.30614997128,-21.2664235,0.0001,-0.000498932,-0.00614416030547,0.999981,0,0,0,0,0,0,0
1487,2743.17,0,0,1,2.94621823793,-19.8623059754,0.0001,-0.00754974,-0.0102467001973,0.999919,0,0,0,0,0,0,0
1488,2973.19,0,0,1,14.7866039369,-12.167522575,0.0001,0.00517092,-0.00112311635795,0.999986,0,0,0,0,0,0,0
1489,2886.89,0,0,1,11.0031995208,-10.1447244964,0.0001,0.00495122,-0.00121870895281,0.999987,0,0,0,0,0,0,0
1490,2998.36,0,0,1,11.0905769016,-15.6906971543,0.0001,0.00382588,-0.00483345437814,0.999981,0,0,0,0,0,0,0
1491,2855.22,0,0,1,7.49364994305,-15.4897974999,0.0001,0.00696209,-0.00485056768142,0.999964,0,0,0,0,0,0,0
1492,3041.94,0,0,1,7.42304963762,-16.728827125,0.0001,-1.80286e-05,-0.00632449800139,0.99998,0,0,0,0,0,0,0
1493,3021.65,0,0,1,11.1014448511,-14.3823203089,0.0001,0.00223139,-0.00101039084903,0.999997,0,0,0,0,0,0,0
1494,411.47,0,0,1,19.0466615912,-19.8974235425,0.0001,0.0080391,-0.00117123105746,0.999967,0,0,0,0,0,0,0
1495,2919.11,0,0,1,3.32356239496,-14.0931,0.0001,-0.00037836,-0,1,0,0,0,0,0,0,0
1496,2859.23,0,0,1,10.8702529902,-21.043413231,0.0001,-0.00233866,-0.010607883314,0.999941,0,0,0,0,0,0,0
1497,2958.78,0,0,1,3.31442157882,-13.3470177301,0.0001,-0.00390152,-0.000882087121327,0.999992,0,0,0,0,0,0,0
1498,2739.09,0,0,1,15.0284180314,-16.199961438,0.0001,0.00587197,0.00689335094994,0.999959,0,0,0,0,0,0,0
1499,2751.31,0,0,1,11.1465304807,-14.9750499849,0.0001,0.00151641,0.00746322046517,0.999971,0,0,0,0,0,0,0
1500,1198.9,0,0,1,14.7713254827,-22.3173050514,0.0001,0.00624083,-0.0251185154002,0.999665,0,0,0,0,0,0,0
1501,2999.81,0,0,1,10.693064557,-12.3051810306,0.0001,-0.00176333,0.00094374960185,0.999998,0,0,0,0,0,0,0
1502,1916.41,0,0,1,9.68184982489,-19.6139168325,0.0001,-0.0149318,0.00911141809819,0.999847,0,0,0,0,0,0,0
1503,2929.17,0,0,1,14.4664979813,-13.29836353,0.0001,-0.000100433,-0.00316067844181,0.999995,0,0,0,0,0,0,0
1504,2837.73,0,0,1,10.6887354072,-15.905515287,0.0001,0.00176152,-0.00573556651861,0.999982,0,0,0,0,0,0,0
1505,2992.02,0,0,1,7.43307487423,-13.0419349056,0.0001,0.00223254,-0.0017365912439,0.999996,0,0,0,0,0,0,0
1506,2976.28,0,0,1,7.19802001895,-20.7326100935,0.0001,9.42687e-07,-0.00547720495429,0.999985,0,0,0,0,0,0,0
1507,2719.23,0,0,1,7.60517273329,-10.9448474628,0.0001,0.00710096,-0.00236126726112,0.999972,0,0,0,0,0,0,0
1508,2993.82,0,0,1,14.2725848704,-17.3696973011,0.0001,-0.000752706,-0.004840794323,0.999988,0,0,0,0,0,0,0
1509,2992.06,0,0,1,7.2754279264,-22.6114272783,0.0001,0.000394323,-0.0113066535001,0.999936,0,0,0,0,0,0,0
1510,3033.83,0,0,1,10.8158287554,-15.0845566856,0.0001,0.00143061,-0.00282016489376,0.999995,0,0,0,0,0,0,0
1511,2774.86,0,0,1,10.9444681073,-9.09361521573,0.0001,-0.00158645,0.0176481876519,0.999843,0,0,0,0,0,0,0
1512,2952.57,0,0,1,11.048615524,-14.0393629183,0.0001,0.000772339,0.0018448545929,0.999998,0,0,0,0,0,0,0
1513,834.484,0,0,1,14.3584459034,-11.0478761355,0.0001,0.00228366,-0.0087626032664,0.999959,0,0,0,0,0,0,0
1514,2956.14,0,0,1,15.0263443687,-13.5323312265,0.0001,0.00718233,-0.00155351432922,0.999973,0,0,0,0,0,0,0
1515,3008.02,0,0,1,10.7032206638,-13.1350195199,0.0001,0.00102805,-0.000971139638548,0.999999,0,0,0,0,0,0,0
1516,2950.86,0,0,1,10.299692231,-12.4103225038,0.0001,-0.00536156,-0.00111957552952,0.999985,0,0,0,0,0,0,0
1517,2943.68,0,0,1,14.8178546976,-19.40131118,0.0001,0.00272122,-0.00553123862363,0.999981,0,0,0,0,0,0,0
1518,2422.18,0,0,1,13.6098019941,-8.42402753793,0.0001,-0.00985047,-0.00435486817012,0.999942,0,0,0,0,0,0,0
1519,2975.53,0,0,1,7.07551841778,-12.9828339154,0.0001,-0.00107374,-0.00168732878013,0.999998,0,0,0,0,0,0,0
1520,3001.02,0,0,1,15.005234208,-16.2518972743,0.0001,0.00667679,-0.00483935112344,0.999966,0,0,0,0,0,0,0
1521,2746.84,0,0,1,18.7921794638,-20.0980759759,0.0001,0.00892813,-0.00377972032075,0.999953,0,0,0,0,0,0,0
1522,2918.68,0,0,1,10.8392140109,-11.715144902,0.0001,0.000697056,0.00274118531531,0.999996,0,0,0,0,0,0,0
1523,1480.38,0,0,1,11.4852796344,-18.6426816091,0.0001,0.0139107,-0.00405972911781,0.999895,0,0,0,0,0,0,0
1524,3038.57,0,0,1,10.7604074151,-11.0890830312,0.0001,0.000368905,0.00581924566426,0.999983,0,0,0,0,0,0,0
1525,2198.78,0,0,1,10.3157121783,-14.9477131762,0.0001,-0.00934282,-0.0155783339753,0.999835,0,0,0,0,0,0,0
1526,2973.51,0,0,1,10.4875624611,-16.8436765709,0.0001,-0.00186759,-0.00380946539451,0.999991,0,0,0,0,0,0,0
1527,1863.22,0,0,1,4.84828250919,-10.1642594011,0.0001,-0.0326927,0.00699105755305,0.999441,0,0,0,0,0,0,0
1528,2468.94,0,0,1,7.8750226709,-9.39139762631,0.0001,0.00709748,0.0105649996048,0.999919,0,0,0,0,0,0,0
1529,2487.46,0,0,1,11.7324108488,-15.6475057802,0.0001,0.0104893,0.00468724114059,0.999934,0,0,0,0,0,0,0
1530,2752.5,0,0,1,14.1727659333,-13.9324651637,0.0001,-0.00666961,-0.008216639608,0.999944,0,0,0,0,0,0,0
1531,2991.46,0,0,1,22.0407048654,-12.0324177699,0.0001,0.00521711,-0.00088406292073,0.999986,0,0,0,0,0,0,0
1532,3007.05,0,0,1,10.8120047651,-19.0566750566,0.0001,0.000237069,-0.00373413300368,0.999993,0,0,0,0,0,0,0
1533,2014.58,0,0,1,17.9044710356,-13.0137509394,0.0001,-0.0064136,-0.0273990678498,0.999604,0,0,0,0,0,0,0
1534,1931.54,0,0,1,10.2536218335,-14.462988308,0.0001,-0.00388879,0.00555668816256,0.999977,0,0,0,0,0,0,0
1535,2800.31,0,0,1,11.3609014231,-16.0128412629,0.0001,0.00504584,0.00292219261762,0.999983,0,0,0,0,0,0,0
1536,2916.18,0,0,1,18.3775014518,-11.9110572438,0.0001,0.00504728,0.00212714353102,0.999985,0,0,0,0,0,0,0
1537,1789.87,0,0,1,12.087384151,-10.3406575151,0.0001,0.0141334,0.0170348753867,0.999755,0,0,0,0,0,0,0
1538,3027.1,0,0,1,14.6846373477,-16.5352320814,0.0001,0.00185809,-0.00159608663668,0.999997,0,0,0,0,0,0,0
1539,2982.79,0,0,1,18.5539115138,-12.3623777894,0.0001,0.00554786,0.00110498571053,0.999984,0,0,0,0,0,0,0
1540,3011.96,0,0,1,7.08215927025,-21.4019653417,0.0001,-0.00152879,-0.00822566569561,0.999965,0,0,0,0,0,0,0
1541,3018.55,0,0,1,14.5607535245,-7.25991233175,0.0001,0.00266284,0.00684898197796,0.999973,0,0,0,0,0,0,0
1542,2928.67,0,0,1,14.6255477776,-17.5198580818,0.0001,0.00237698,-0.00288962230742,0.999993,0,0,0,0,0,0,0
1543,3013.37,0,0,1,10.9855019344,-15.4130401535,0.0001,9.62367e-05,-0.0019976822814,0.999998,0,0,0,0,0,0,0
1544,3018.99,0,0,1,14.7163860333,-14.6929260499,0.0001,0.00428022,-0.00129600028992,0.99999,0,0,0,0,0,0,0
1545,2886.45,0,0,1,18.4281063623,-23.2257632993,0.0001,0.00529141,-0.00812396277761,0.999953,0,0,0,0,0,0,0
1546,934.778,0,0,1,18.3973140814,-15.9225002035,0.0001,0.000700426,0.0198864325463,0.999802,0,0,0,0,0,0,0
1547,2749.27,0,0,1,7.34870132048,-14.5501316295,0.0001,0.0060357,0.0034014334493,0.999976,0,0,0,0,0,0,0
1548,1489.64,0,0,1,4.45618723729,-15.5810583406,0.0001,-0.0364264,0.0169842432578,0.999192,0,0,0,0,0,0,0
1549,1473.58,0,0,1,13.8419196571,-15.4875550476,0.0001,-0.013946,-0.00273840884457,0.999899,0,0,0,0,0,0,0
1550,2974.76,0,0,1,10.8299820725,-13.1519220596,0.0001,-0.000891917,-0.00109748943739,0.999999,0,0,0,0,0,0,0
1551,2980.17,0,0,1,14.6269004647,-7.93556472361,0.0001,2.31215e-05,0.00424256813691,0.999991,0,0,0,0,0,0,0
1552,2335.58,0,0,1,18.3023138321,-9.25906772548,0.0001,0.000688117,0.0115551722616,0.999933,0,0,0,0,0,0,0
1553,2242.47,0,0,1,7.29084923662,-21.9276310628,0.0001,0.00344436,-0.0114948336304,0.999928,0,0,0,0,0,0,0
1554,150.049,0,0,1,18.0806701016,-15.2080823945,0.0001,0.0482029,-0.0140317607801,0.998739,0,0,0,0,0,0,0
1555,2949.27,0,0,1,14.3014246585,-20.6087728551,0.0001,-0.00374817,-0.00859937705018,0.999956,0,0,0,0,0,0,0
1556,1158.46,0,0,1,10.5500456271,-16.9391315726,0.0001,0.00226995,-0.00654574296757,0.999976,0,0,0,0,0,0,0
1557,2995.18,0,0,1,10.5077856545,-20.2188681349,0.0001,-0.000713703,-0.00338977757792,0.999994,0,0,0,0,0,0,0
1558,2617.78,0,0,1,10.9764277378,-13.2751744654,0.0001,0.00635498,0.00127034963676,0.999979,0,0,0,0,0,0,0
1559,2710.74,0,0,1,17.4461152626,-18.322444302,0.0001,-0.00919029,-0.00717871476769,0.999932,0,0,0,0,0,0,0
1560,1375.4,0,0,1,10.3374245864,-15.9828931911,0.0001,-0.00872625,0.0102880649268,0.999909,0,0,0,0,0,0,0
1561,3022.5,0,0,1,-14.5920992205,-15.6546492287,0.0001,3.87801e-05,-0.00244918090467,0.999997,0,0,0,0,0,0,0
1562,2954.66,0,0,1,-14.9415337963,-12.9720743784,0.0001,-0.00665634,-0.00370031036594,0.999971,0,0,0,0,0,0,0
1563,2994.52,0,0,1,-14.5939260166,-20.2492561183,0.0001,-0.00129432,-0.00776683814288,0.999969,0,0,0,0,0,0,0
1564,1991.04,0,0,1,-23.5829015294,-12.6893892618,0.0001,-0.0249437,-0.00443945822259,0.999679,0,0,0,0,0,0,0
1565,2971.27,0,0,1,-14.539456473,-15.9893102888,0.0001,-0.00280955,-0.00548689965258,0.999981,0,0,0,0,0,0,0
1566,448.465,0,0,1,-11.1098761386,-19.3080965053,0.0001,-0.00875394,0.0449029211241,0.998953,0,0,0,0,0,0,0
1567,2994.31,0,0,1,-11.0360670848,-12.1865813506,0.0001,-0.00333753,0.00092782406687,0.999994,0,0,0,0,0,0,0
1568,1381.06,0,0,1,-13.4779656881,-11.5206820605,0.0001,0.011654,0.0207871024436,0.999716,0,0,0,0,0,0,0
1569,2962.28,0,0,1,-14.2935086404,-13.5489,0.0001,-0.000429869,0,1,0,0,0,0,0,0,0
1570,2983.59,0,0,1,-14.4401936914,-16.775889669,0.0001,0.000313858,-0.00446109775232,0.99999,0,0,0,0,0,0,0
1571,2669.24,0,0,1,-14.6890982882,-15.3727030998,0.0001,-0.00488965,-0.0101038286742,0.999937,0,0,0,0,0,0,0
1572,2774.2,0,0,1,-18.5669360989,-19.9758548347,0.0001,-0.00677076,0.00722180088499,0.999951,0,0,0,0,0,0,0
1573,2822.01,0,0,1,-22.2931631077,-9.93429921186,0.0001,-0.00811448,0.00401914584576,0.999959,0,0,0,0,0,0,0
1574,3008.22,0,0,1,-14.1659970871,-14.53,0.0001,0.000144919,0,1,0,0,0,0,0,0,0
1575,2952.6,0,0,1,-14.6773370186,-7.36805453382,0.0001,-0.00184171,0.00325700096344,0.999993,0,0,0,0,0,0,0
1576,3007.79,0,0,1,-14.3772030893,-19.5761420976,0.0001,-0.000153691,-0.00706935315829,0.999975,0,0,0,0,0,0,0
1577,2836.55,0,0,1,-10.8673810963,-19.9426744578,0.0001,-0.00403458,-0.00370431359682,0.999985,0,0,0,0,0,0,0
1578,2935.5,0,0,1,-14.3774885723,-9.09589210973,0.0001,0.000568542,0.00238259333378,0.999997,0,0,0,0,0,0,0
1579,2923.75,0,0,1,-14.4041058526,-11.826936708,0.0001,-0.000291172,0.00314884008271,0.999995,0,0,0,0,0,0,0
1580,973.786,0,0,1,-19.4700537845,-14.5764054902,0.0001,-0.017588,0.0345267759138,0.999249,0,0,0,0,0,0,0
1581,2357.24,0,0,1,-20.6783919759,-9.53019738569,0.0001,0.0153225,0.00609938503048,0.999864,0,0,0,0,0,0,0
1582,2962.98,0,0,1,-11.0477510548,-11.023,0.0001,-0.00254003,0,0.999997,0,0,0,0,0,0,0
1583,844.308,0,0,1,-13.3974477848,-13.6710549634,0.0001,0.0125461,0.0121890100414,0.999847,0,0,0,0,0,0,0
1584,2971.26,0,0,1,-22.1768393584,-20.788779715,0.0001,-0.00693281,-0.00894047255484,0.999936,0,0,0,0,0,0,0
1585,3103.46,0,0,1,-10.774291323,-18.424793878,0.0001,0.000431685,-0.00467049537638,0.999989,0,0,0,0,0,0,0
1586,2950,0,0,1,-18.208818468,-15.1584832539,0.0001,-0.0009188,-0.00414194707354,0.999991,0,0,0,0,0,0,0
1587,3038.18,0,0,1,-10.8260357511,-15.2918183821,0.0001,-0.00177866,-0.000914529717527,0.999998,0,0,0,0,0,0,0
1588,1158.59,0,0,1,-20.2920138049,-22.3532228211,0.0001,-0.0305087,-0.0309568441433,0.999055,0,0,0,0,0,0,0
1589,3014.38,0,0,1,-14.6023450952,-17.2989827936,0.0001,-0.00224352,-0.00411904078756,0.999989,0,0,0,0,0,0,0
1590,693.056,0,0,1,-10.5149053025,-12.578315565,0.0001,0.00968558,0.00917505417225,0.999911,0,0,0,0,0,0,0
1591,2981.67,0,0,1,-18.371301469,-19.5162864931,0.0001,-0.0050481,-0.00430304571089,0.999978,0,0,0,0,0,0,0
1592,3055.34,0,0,1,-6.57122489976,-18.1214204207,0.0001,0.0072186,-0.0059908161414,0.999956,0,0,0,0,0,0,0
1593,2975.88,0,0,1,-10.787978783,-14.5160189172,0.0001,0.00105557,-0.000941154065621,0.999999,0,0,0,0,0,0,0
1594,2941.61,0,0,1,-10.6184668063,-16.8280087511,0.0001,0.0016514,-0.00541041791731,0.999984,0,0,0,0,0,0,0
1595,2579.95,0,0,1,-15.1729177422,-11.9099750149,0.0001,-0.0108321,0.00621767847272,0.999922,0,0,0,0,0,0,0
1596,631.414,0,0,1,-18.6744205499,-13.6044424804,0.0001,-0.0159416,0.022753382022,0.999614,0,0,0,0,0,0,0
1597,2864.58,0,0,1,-10.6864255921,-13.5844581823,0.0001,-0.00127323,-0.00289462611872,0.999995,0,0,0,0,0,0,0
1598,2120.52,0,0,1,-7.90221016868,-16.9575329345,0.0001,-0.00945987,0.0132850732246,0.999867,0,0,0,0,0,0,0
1599,812.096,0,0,1,-13.7852962014,-23.9539806448,0.0001,0.0051519,-0.0685264141072,0.997636,0,0,0,0,0,0,0
1600,2982.95,0,0,1,-10.6637799055,-17.2677449475,0.0001,0.000999725,-0.00223618892859,0.999997,0,0,0,0,0,0,0
1601,619.949,0,0,1,-19.1005855827,-22.9725850743,0.0001,0.0355204,-0.00422984442266,0.99936,0,0,0,0,0,0,0
1602,2946.35,0,0,1,-14.6879198896,-12.4711349349,0.0001,-0.00098953,-0.00173805246725,0.999998,0,0,0,0,0,0,0
1603,2998.84,0,0,1,-14.5697308523,-13.1219,0.0001,-0.00153494,0,0.999999,0,0,0,0,0,0,0
1604,2683.23,0,0,1,-9.88254652455,-9.8544569363,0.0001,0.01062,0.00363478073618,0.999937,0,0,0,0,0,0,0
1605,3043.11,0,0,1,-14.8686122399,-13.1517337475,0.0001,-0.00558398,-0.0016789515656,0.999983,0,0,0,0,0,0,0
1606,1654.67,0,0,1,-15.2604127874,-16.9146269168,0.0001,-0.0105807,-0.0311729854764,0.999458,0,0,0,0,0,0,0
1607,2885.7,0,0,1,-18.0855524665,-16.0751708014,0.0001,0.00236483,-0.003522427866,0.999991,0,0,0,0,0,0,0
1608,2967.56,0,0,1,-14.6275546922,-20.8501759197,0.0001,-0.00272089,-0.00875185658063,0.999958,0,0,0,0,0,0,0
1609,1851.94,0,0,1,-16.4845487996,-21.5605617471,0.0001,-0.0272861,-0.022957879928,0.999364,0,0,0,0,0,0,0
1610,2925.93,0,0,1,-6.85426446443,-13.955946576,0.0001,0.00326045,-0.00231719696994,0.999992,0,0,0,0,0,0,0
1611,1298,0,0,1,-9.22946105619,-16.1355286799,0.0001,0.0282925,-0.0113718168623,0.999535,0,0,0,0,0,0,0
1612,2951.05,0,0,1,-14.716986182,-13.0761744465,0.0001,-0.00428762,0.00127130434416,0.99999,0,0,0,0,0,0,0
1613,3025.93,0,0,1,-14.9984256092,-18.3947723303,0.0001,-0.00624905,-0.00359842994894,0.999974,0,0,0,0,0,0,0
1614,3014.83,0,0,1,-10.6876101853,-15.3422627407,0.0001,-0.000506728,-0.0031214102156,0.999995,0,0,0,0,0,0,0
1615,3029.63,0,0,1,-7.12700984499,-10.0698275433,0.0001,0.00100273,0.00360478619991,0.999993,0,0,0,0,0,0,0
1616,2330.66,0,0,1,-9.20247778217,-12.8934285898,0.0001,0.0210008,-0.00639596109745,0.999759,0,0,0,0,0,0,0
1617,2775.97,0,0,1,-20.8727162648,-11.6791999324,0.0001,0.0141132,0.0149255842351,0.999789,0,0,0,0,0,0,0
1618,2421.2,0,0,1,-14.7108178961,-10.649912287,0.0001,-0.000890339,-0.00558632620468,0.999984,0,0,0,0,0,0,0
1619,2993.25,0,0,1,-10.574675032,-16.2737649982,0.0001,0.00124218,-0.00323372120745,0.999994,0,0,0,0,0,0,0
1620,2971.49,0,0,1,-10.5197306075,-12.5472942684,0.0001,0.00345234,0.000285153510007,0.999994,0,0,0,0,0,0,0
1621,2991.56,0,0,1,-14.9153088929,-15.7050327257,0.0001,-0.00541747,-0.00162811633465,0.999984,0,0,0,0,0,0,0
1622,2989.16,0,0,1,-14.5060426117,-16.2890681797,0.0001,-0.00211997,-0.00339199988194,0.999992,0,0,0,0,0,0,0
1623,2302.91,0,0,1,-10.9177358908,-16.7699322603,0.0001,-0.00675902,-0.0215000263404,0.999746,0,0,0,0,0,0,0
1624,2977.94,0,0,1,-11.1691639842,-14.9192486853,0.0001,-0.00318327,-0.00242213296644,0.999992,0,0,0,0,0,0,0
1625,3012.01,0,0,1,-10.417312752,-12.4617671444,0.0001,0.00434063,-0.00334046496809,0.999985,0,0,0,0,0,0,0
1626,2466.27,0,0,1,-13.7911302614,-15.4460716086,0.0001,0.00844435,-0.00356246951952,0.999958,0,0,0,0,0,0,0
1627,2953.75,0,0,1,-14.6578286252,-10.4426432485,0.0001,-0.00142413,0.00282344271115,0.999995,0,0,0,0,0,0,0
1628,3035.24,0,0,1,-10.7231108286,-10.748,0.0001,-0.000538738,0,1,0,0,0,0,0,0,0
1629,2972.39,0,0,1,-10.7336607256,-11.5322425049,0.0001,0.00195394,0.00286043396643,0.999994,0,0,0,0,0,0,0
1630,2489.26,0,0,1,-14.6860066918,-14.8736098899,0.0001,-0.000332919,-0.00546707782452,0.999985,0,0,0,0,0,0,0
1631,3034.62,0,0,1,-10.5322298139,-17.1521392192,0.0001,0.00349182,-0.0019511865845,0.999992,0,0,0,0,0,0,0
1632,3021.6,0,0,1,-7.24836805937,-13.5616780482,0.0001,-0.000898475,0.0010921271329,0.999999,0,0,0,0,0,0,0
1633,2862.57,0,0,1,-14.9093312073,-14.4548,0.0001,-0.00652759,0,0.999979,0,0,0,0,0,0,0
1634,1907.41,0,0,1,-4.44608797131,-17.1950175215,0.0001,0.0378831,0.00907164006065,0.999241,0,0,0,0,0,0,0
1635,1433.57,0,0,1,-15.8581677486,-9.17300367007,0.0001,-0.0232633,0.0112564344759,0.999666,0,0,0,0,0,0,0
1636,1065.93,0,0,1,-14.7188128468,-9.70367344966,0.0001,-0.00561379,0.0117676733824,0.999915,0,0,0,0,0,0,0
1637,3025.01,0,0,1,-10.7417279862,-17.5414944097,0.0001,-0.00139233,-0.00469694296017,0.999988,0,0,0,0,0,0,0
1638,3082.09,0,0,1,-14.6711881286,-14.143133492,0.0001,-0.00438446,-0.00166625013381,0.999989,0,0,0,0,0,0,0
1639,3029.44,0,0,1,-10.9135221829,-16.5792772797,0.0001,-0.00110362,-0.00384473131644,0.999992,0,0,0,0,0,0,0
1640,2506.63,0,0,1,-14.0722396169,-11.5169211664,0.0001,0.00797886,-0.0060278763342,0.99995,0,0,0,0,0,0,0
1641,2870.65,0,0,1,-4.01861721126,-5.66505660794,0.0001,-0.00632876,0.00315375520015,0.999975,0,0,0,0,0,0,0
1642,3011.33,0,0,1,-3.59988251494,-21.9722799317,0.0001,0.00136736,-0.00895146053057,0.999959,0,0,0,0,0,0,0
1643,2998.01,0,0,1,-11.0536797546,-15.4843101704,0.0001,-0.00396786,-0.000505987174086,0.999992,0,0,0,0,0,0,0
1644,2935.71,0,0,1,-3.15358312295,-10.4041553716,0.0001,0.00332719,0.0022203023902,0.999992,0,0,0,0,0,0,0
1645,2982.57,0,0,1,-3.27744326028,-10.9952,0.0001,0.00431537,0,0.999991,0,0,0,0,0,0,0
1646,2669.08,0,0,1,-10.9057101247,-12.7981948704,0.0001,-0.0054785,-0.00969444138411,0.999938,0,0,0,0,0,0,0
1647,3001.98,0,0,1,-10.7763626244,-11.8991148023,0.0001,0.00185948,-0.000736430668476,0.999998,0,0,0,0,0,0,0
1648,2176.13,0,0,1,-2.47657673678,-18.940355808,0.0001,0.0135918,-0.0176974848993,0.999751,0,0,0,0,0,0,0
1649,1926.68,0,0,1,-4.51795932563,-23.0127585996,0.0001,-0.0113981,-0.0426747084394,0.999024,0,0,0,0,0,0,0
1650,2997.2,0,0,1,-11.0077652353,-12.988,0.0001,-0.00324552,0,0.999995,0,0,0,0,0,0,0
1651,3004.23,0,0,1,-14.3182148246,-15.3297242539,0.0001,-0.000737541,-0.00120666162341,0.999999,0,0,0,0,0,0,0
1652,2197.27,0,0,1,-15.4687467764,-18.991222758,0.0001,-0.0122765,-0.00113215358939,0.999924,0,0,0,0,0,0,0
1653,3018.38,0,0,1,-7.42528208269,-11.4555744438,0.0001,-0.00209366,0.00127144752325,0.999997,0,0,0,0,0,0,0
1654,1904.34,0,0,1,-15.4001058555,-19.9533845568,0.0001,-0.0102367,-0.0290686144856,0.999525,0,0,0,0,0,0,0
1655,1699.19,0,0,1,-13.0980427001,-16.249604116,0.0001,0.0177679,0.0246594461736,0.999538,0,0,0,0,0,0,0
1656,2974.1,0,0,1,-14.7208851536,-13.8612954021,0.0001,-0.00423646,0.000228748045816,0.999991,0,0,0,0,0,0,0
1657,1870.76,0,0,1,-18.3997151936,-16.9399075454,0.0001,-0.00573087,0.00459960868369,0.999973,0,0,0,0,0,0,0
1658,3014.92,0,0,1,-11.0927873789,-10.7717,0.0001,-0.00434717,0,0.999991,0,0,0,0,0,0,0
1659,3009.04,0,0,1,-7.33577723469,-19.3445503924,0.0001,0.000137574,-0.00748199768742,0.999972,0,0,0,0,0,0,0
1660,2681.52,0,0,1,-10.0123953973,-8.22153511985,0.0001,0.0101786,-0.00473203265416,0.999937,0,0,0,0,0,0,0
1661,2962.98,0,0,1,-6.93220915086,-13.9067257755,0.0001,0.00153478,-0.00128235968099,0.999998,0,0,0,0,0,0,0
1662,2859.67,0,0,1,-7.1853359145,-18.829249403,0.0001,-0.00327922,-0.00743274022091,0.999967,0,0,0,0,0,0,0
1663,1379.43,0,0,1,-14.7087075566,-13.1197699544,0.0001,-0.000375942,0.00646979339799,0.999979,0,0,0,0,0,0,0
1664,2989.27,0,0,1,-11.424046418,-13.219780527,0.0001,-0.00728428,0.000968780615866,0.999973,0,0,0,0,0,0,0
1665,2948.21,0,0,1,-6.68599239227,-6.08909215242,0.0001,0.00634844,0.00486788306828,0.999968,0,0,0,0,0,0,0
1666,2978.21,0,0,1,-10.9977140695,-24.2529964429,0.0001,-0.000699943,-0.00977280797912,0.999952,0,0,0,0,0,0,0
1667,2033.98,0,0,1,-11.2955387801,-9.72798198629,0.0001,-0.00690429,0.00288617317498,0.999972,0,0,0,0,0,0,0
1668,2728.45,0,0,1,-2.36645055623,-18.8800053672,0.0001,0.0158905,-0.00524141295359,0.99986,0,0,0,0,0,0,0
1669,2891.32,0,0,1,-7.25951340427,-10.8331393323,0.0001,-0.00315435,-0.00693175555523,0.999971,0,0,0,0,0,0,0
1670,3073.91,0,0,1,-3.25773582028,-6.69000914558,0.0001,0.00369043,0.0065099878967,0.999972,0,0,0,0,0,0,0
1671,2915.78,0,0,1,-11.1197707231,-17.3672843731,0.0001,-0.00351851,-0.00419760197968,0.999985,0,0,0,0,0,0,0
1672,2940.15,0,0,1,-7.21292615003,-16.2761898081,0.0001,0.000191539,-0.00446802112925,0.99999,0,0,0,0,0,0,0
1673,1894.97,0,0,1,-12.0521791773,-22.2781232411,0.0001,-0.013885,-0.0210500748455,0.999682,0,0,0,0,0,0,0
1674,1040.18,0,0,1,-11.2918527168,-16.8935101785,0.0001,-0.00759605,-0.0204020551758,0.999763,0,0,0,0,0,0,0
1675,2993.42,0,0,1,-3.55084825238,-13.3609183047,0.0001,0.00108197,-0.000910681019449,0.999999,0,0,0,0,0,0,0
1676,1805.66,0,0,1,-13.5695443168,-17.786511588,0.0001,0.012718,-0.0154987765646,0.999799,0,0,0,0,0,0,0
1677,2979.69,0,0,1,-3.21128810037,-17.788083683,0.0001,0.00258204,-0.00416328301204,0.999988,0,0,0,0,0,0,0
1678,2997.67,0,0,1,-3.37832279414,-14.1326499193,0.0001,0.00135352,-0.00248353933121,0.999996,0,0,0,0,0,0,0
1679,2970.29,0,0,1,-14.8483009493,-12.1536560705,0.0001,-0.00502228,0.00218551563745,0.999985,0,0,0,0,0,0,0
1680,2984.76,0,0,1,-7.1840896499,-20.1459118179,0.0001,-0.000977552,-0.0105376114982,0.999944,0,0,0,0,0,0,0
1681,3024.3,0,0,1,-3.2666741044,-14.4661265003,0.0001,0.00427337,-0.00131841148469,0.99999,0,0,0,0,0,0,0
1682,3008.32,0,0,1,-11.3159194603,-17.4572250105,0.0001,-0.00594308,-0.00621919859094,0.999963,0,0,0,0,0,0,0
1683,3028.51,0,0,1,-10.8447289946,-9.87136343637,0.0001,-0.00144251,0.00281409664012,0.999995,0,0,0,0,0,0,0
1684,3003.38,0,0,1,-7.27050913926,-11.9878546375,0.0001,-0.000952199,0.00225683585232,0.999997,0,0,0,0,0,0,0
1685,2497.45,0,0,1,-15.6066075829,-22.2923442105,0.0001,-0.0152996,0.0127233264455,0.999802,0,0,0,0,0,0,0
1686,2961.23,0,0,1,-7.50844289438,-14.6485160935,0.0001,-0.00462156,-0.000800663578759,0.999989,0,0,0,0,0,0,0
1687,1884.48,0,0,1,-0.453001891221,-15.4452126183,0.0001,-0.00755649,0.00434718470736,0.999962,0,0,0,0,0,0,0
1688,2969.68,0,0,1,-6.97314804887,-7.44221049891,0.0001,0.0020871,0.00395523875258,0.99999,0,0,0,0,0,0,0
1689,3005.11,0,0,1,-10.8187415725,-14.3985,0.0001,-0.00206828,-0,0.999998,0,0,0,0,0,0,0
1690,2942.64,0,0,1,-11.3522042469,-13.2331789025,0.0001,-0.00518634,0.00104961012015,0.999986,0,0,0,0,0,0,0
1691,1358.81,0,0,1,-7.8248046455,-17.6398264696,0.0001,-0.0116731,-0.00131680499313,0.999931,0,0,0,0,0,0,0
1692,2831.28,0,0,1,-2.85650481764,-14.2676684251,0.0001,0.00821774,0.00157083553959,0.999965,0,0,0,0,0,0,0
1693,2992.7,0,0,1,-7.2206043292,-8.3056294222,0.0001,-0.00170791,0.00301380281901,0.999994,0,0,0,0,0,0,0
1694,2990.64,0,0,1,-14.9572104406,-17.8891980831,0.0001,-0.00549441,-0.0048796239355,0.999973,0,0,0,0,0,0,0
1695,2295.56,0,0,1,-7.90110841475,-13.325329396,0.0001,-0.0143475,-0.0014623364011,0.999896,0,0,0,0,0,0,0
1696,3055.76,0,0,1,-11.037818863,-16.784453631,0.0001,-0.000938454,-0.0026681994097,0.999996,0,0,0,0,0,0,0
1697,2949.15,0,0,1,-6.87900601674,-15.3415783951,0.0001,0.0021882,-0.00390021547609,0.99999,0,0,0,0,0,0,0
1698,3014.93,0,0,1,-14.8837152631,-11.3988463782,0.0001,-0.00573437,0.00266769576659,0.99998,0,0,0,0,0,0,0
1699,2962.17,0,0,1,-3.14326660716,-9.64998216989,0.0001,0.00414886,0.000887062399445,0.999991,0,0,0,0,0,0,0
1700,2989.98,0,0,1,-10.6683904235,-9.89404396082,0.0001,0.000476443,0.00278800754443,0.999996,0,0,0,0,0,0,0
1701,1219.69,0,0,1,-2.06488223887,-16.3586634444,0.0001,0.0182892,0.0217104296217,0.999597,0,0,0,0,0,0,0
1702,2983.01,0,0,1,0.42231621151,-18.4869552751,0.0001,0.00473682,-0.00274996568842,0.999985,0,0,0,0,0,0,0
1703,2983.42,0,0,1,-3.49278319501,-24.0390697289,0.0001,0.000836039,-0.0084439175026,0.999964,0,0,0,0,0,0,0
1704,2544.64,0,0,1,-4.42388940354,-16.7674680675,0.0001,-0.0129045,-0.00338614216329,0.999911,0,0,0,0,0,0,0
1705,2895.96,0,0,1,-11.2327579413,-6.82656333054,0.0001,-0.00288259,0.00580432889247,0.999979,0,0,0,0,0,0,0
1706,2984.87,0,0,1,-7.50824647635,-14.0630103452,0.0001,-0.00131723,-0.00051468837872,0.999999,0,0,0,0,0,0,0
1707,2962.56,0,0,1,-7.12589034698,-16.8007393036,0.0001,0.00147527,-0.00195539495424,0.999997,0,0,0,0,0,0,0
1708,2637.69,0,0,1,-6.21638916473,-7.21577606638,0.0001,0.0114834,0.00566787441992,0.999918,0,0,0,0,0,0,0
1709,2763.06,0,0,1,-3.46672364559,-17.2788924758,0.0001,-0.00117638,0.00534938361828,0.999985,0,0,0,0,0,0,0
1710,2520.76,0,0,1,-10.0918909989,-11.8932472406,0.0001,0.0103959,0.0175465665926,0.999792,0,0,0,0,0,0,0
1711,2993.43,0,0,1,-10.8895418498,-21.0525603829,0.0001,-0.00208201,-0.00797897727531,0.999966,0,0,0,0,0,0,0
1712,1432.45,0,0,1,-12.1464201118,-17.9918731418,0.0001,-0.0159212,-0.0185587173468,0.999701,0,0,0,0,0,0,0
1713,2176.85,0,0,1,-12.2391649759,-12.0292509491,0.0001,-0.0181545,-0.00750845395205,0.999807,0,0,0,0,0,0,0
1714,2959.39,0,0,1,-2.98215755238,-9.09369034204,0.0001,0.00658921,0.00495793864181,0.999966,0,0,0,0,0,0,0
1715,2993.22,0,0,1,-10.802011944,-13.8469616153,0.0001,-0.00059423,0.00190968235761,0.999998,0,0,0,0,0,0,0
1716,3047.3,0,0,1,-3.10087076995,-8.98855695617,0.0001,0.00493668,0.00562391381314,0.999972,0,0,0,0,0,0,0
1717,3015.86,0,0,1,-3.604279107,-11.5972284117,0.0001,4.44278e-05,-0.00141351518232,0.999999,0,0,0,0,0,0,0
1718,2300.35,0,0,1,-10.032690859,-20.6875332756,0.0001,0.0103993,-0.0314889196307,0.99945,0,0,0,0,0,0,0
1719,2953.01,0,0,1,-7.47802278248,-15.7877657961,0.0001,-0.00113345,-0.00327341642591,0.999994,0,0,0,0,0,0,0
1720,2897.66,0,0,1,-7.49336224424,-14.1064312061,0.0001,-0.00309671,-0.00155253057164,0.999994,0,0,0,0,0,0,0
1721,3032.35,0,0,1,-3.40355427232,-10.4445900556,0.0001,0.000284955,0.00546978753225,0.999985,0,0,0,0,0,0,0
1722,3016.6,0,0,1,-3.08407307454,-12.7356,0.0001,0.0053196,-0,0.999986,0,0,0,0,0,0,0
1723,960.911,0,0,1,-9.82776773662,-18.0612516656,0.0001,0.0155324,-0.0125181847422,0.999801,0,0,0,0,0,0,0
1724,3030.18,0,0,1,-7.55683676676,-14.84704032,0.0001,-0.0028242,-0.00200595572233,0.999994,0,0,0,0,0,0,0
1725,3041.54,0,0,1,-7.37327276542,-15.083954948,0.0001,-0.00212762,-0.00273371489654,0.999994,0,0,0,0,0,0,0
1726,3019.73,0,0,1,-7.66196764337,-17.4548531329,0.0001,-0.00436031,-0.0026433932178,0.999987,0,0,0,0,0,0,0
1727,2500.04,0,0,1,-6.89261094401,-6.11034452157,0.0001,0.00542553,0.00475004718071,0.999974,0,0,0,0,0,0,0
1728,2982.11,0,0,1,-7.30689208626,-10.0033072663,0.0001,-0.00259132,0.00461355228187,0.999986,0,0,0,0,0,0,0
1729,3006.59,0,0,1,-14.8560162444,-15.0746321246,0.0001,-0.0057832,-0.00159820954816,0.999982,0,0,0,0,0,0,0
1730,3001.7,0,0,1,-10.9743087672,-19.8990474468,0.0001,-0.000436167,-0.00733546381275,0.999973,0,0,0,0,0,0,0
1731,2934.53,0,0,1,-3.64567273895,-13.2236080533,0.0001,0.00135627,-0.000400662809839,0.999999,0,0,0,0,0,0,0
1732,2662.34,0,0,1,-11.5436669581,-18.124920179,0.0001,-0.00830608,-0.00100389742188,0.999965,0,0,0,0,0,0,0
1733,3024.99,0,0,1,-3.68904902028,-9.61594417325,0.0001,-0.00194129,0.00377244113751,0.999991,0,0,0,0,0,0,0
1734,398.772,0,0,1,-8.3855698932,-20.0462617034,0.0001,-0.0139137,-0.0378648432759,0.999186,0,0,0,0,0,0,0
1735,1508.65,0,0,1,-10.740625507,-11.3899663969,0.0001,0.00370406,-0.0331356424944,0.999444,0,0,0,0,0,0,0
1736,3007.4,0,0,1,-3.871887222,-11.8888773853,0.0001,-0.000856815,0.00112510757523,0.999999,0,0,0,0,0,0,0
1737,2656.64,0,0,1,-6.52314275623,-14.9765356582,0.0001,0.00881771,0.00320094585333,0.999956,0,0,0,0,0,0,0
1738,3005.72,0,0,1,0.438443125952,-19.5993954179,0.0001,0.00463303,-0.0047470568797,0.999978,0,0,0,0,0,0,0
1739,2853.24,0,0,1,-7.51544909036,-18.3757503368,0.0001,-0.000949695,-0.0124535936744,0.999922,0,0,0,0,0,0,0
1740,1372.69,0,0,1,-16.4420250442,-10.8376730443,0.0001,-0.0261082,-0.0185498982143,0.999487,0,0,0,0,0,0,0
1741,2805.26,0,0,1,-8.50981781584,-10.2972217215,0.0001,-0.017301,0.00886790155561,0.999811,0,0,0,0,0,0,0
1742,2997.8,0,0,1,-3.63176135041,-13.5855,0.0001,-6.71845e-05,-0,1,0,0,0,0,0,0,0
1743,2424.23,0,0,1,-3.30495247513,-9.03708539089,0.0001,0.00485144,0.0141580714056,0.999888,0,0,0,0,0,0,0
1744,3040.62,0,0,1,-3.48814939488,-12.423,0.0001,-0.000467407,-0,1,0,0,0,0,0,0,0
1745,1966.32,0,0,1,-6.70359758587,-10.4261487378,0.0001,0.00758255,0.00255027674922,0.999968,0,0,0,0,0,0,0
1746,2985.66,0,0,1,-11.5031556643,-13.7455032121,0.0001,-0.00774426,-0.000159803167558,0.99997,0,0,0,0,0,0,0
1747,2937.18,0,0,1,0.000846648016146,-11.4671277483,0.0001,0.0010387,0.00359458666747,0.999993,0,0,0,0,0,0,0
1748,1784.72,0,0,1,3.86814755912,-14.3902890255,0.0001,-0.000618943,-0.00442908676395,0.99999,0,0,0,0,0,0,0
1749,3014.57,0,0,1,-3.40293435247,-16.0601442316,0.0001,0.00227101,-0.00220056551368,0.999995,0,0,0,0,0,0,0
1750,1775.36,0,0,1,-7.95287085848,-15.595772714,0.0001,-0.00949501,0.00135744948335,0.999954,0,0,0,0,0,0,0
1751,1569.1,0,0,1,-8.69126903405,-12.3085799033,0.0001,-0.0183568,0.000999666324324,0.999831,0,0,0,0,0,0,0
1752,3025.18,0,0,1,-3.68815429956,-18.5931497365,0.0001,-0.000711401,-0.00744937075311,0.999972,0,0,0,0,0,0,0
1753,2974.2,0,0,1,3.75591397621,-15.3680458936,0.0001,0.00218786,-0.00228325285951,0.999995,0,0,0,0,0,0,0
1754,2986.06,0,0,1,-0.152131168655,-13.1855281663,0.0001,0.000190614,-0.00140130842538,0.999999,0,0,0,0,0,0,0
1755,2937.57,0,0,1,-7.37655350425,-17.4697,0.0001,0.000820684,-0,1,0,0,0,0,0,0,0
1756,3011.34,0,0,1,-7.27915780799,-19.621048338,0.0001,-0.00188094,-0.00737978480148,0.999971,0,0,0,0,0,0,0
1757,3025.44,0,0,1,0.256459427932,-17.2376333118,0.0001,0.0033546,-0.00165728990822,0.999993,0,0,0,0,0,0,0
1758,1681.93,0,0,1,-13.9471394454,-7.69461943973,0.0001,0.00798562,0.0219124596797,0.999728,0,0,0,0,0,0,0
1759,2654.21,0,0,1,-10.8545443378,-19.7424306896,0.0001,0.00276925,-0.00152683641481,0.999995,0,0,0,0,0,0,0
1760,1805.29,0,0,1,-3.3319211437,-16.2389515438,0.0001,0.00491815,0.00241072096632,0.999985,0,0,0,0,0,0,0
1761,3058.12,0,0,1,-7.4775936129,-16.1825527433,0.0001,-0.00266729,-0.00262402649678,0.999993,0,0,0,0,0,0,0
1762,2999.19,0,0,1,-7.64858504615,-16.9971935054,0.0001,-0.00472856,-0.00465190674093,0.999978,0,0,0,0,0,0,0
1763,3043.97,0,0,1,-3.40126166837,-15.4603314164,0.0001,0.00339956,-0.0015629916207,0.999993,0,0,0,0,0,0,0
1764,3004.16,0,0,1,-7.54724586613,-13.2760821011,0.0001,-0.00228189,0.000890488084016,0.999997,0,0,0,0,0,0,0
1765,3035.59,0,0,1,-7.47353801015,-17.0836697971,0.0001,-0.00139353,-0.00347246672252,0.999993,0,0,0,0,0,0,0
1766,2980.38,0,0,1,-11.4351350814,-19.1146488525,0.0001,-0.00672013,-0.00740522469498,0.99995,0,0,0,0,0,0,0
1767,2954.89,0,0,1,0.288982065251,-11.7183,0.0001,0.00318731,0,0.999995,0,0,0,0,0,0,0
1768,2973.64,0,0,1,-3.67662068249,-17.3271688044,0.0001,-0.000531464,-0.00342308486845,0.999994,0,0,0,0,0,0,0
1769,2981.15,0,0,1,-7.11198622852,-18.6619125401,0.0001,-0.000807376,-0.00559891846651,0.999984,0,0,0,0,0,0,0
1770,2927.56,0,0,1,-3.48560999481,-16.7004082606,0.0001,0.000995268,-0.00538602047973,0.999985,0,0,0,0,0,0,0
1771,2978.82,0,0,1,-3.38455936663,-8.63970192712,0.0001,0.000529022,0.00239167864133,0.999997,0,0,0,0,0,0,0
1772,2958.3,0,0,1,-7.42950661373,-22.6141544176,0.0001,-0.003314,-0.00768219883888,0.999965,0,0,0,0,0,0,0
1773,2918.49,0,0,1,-7.61428012168,-19.850775219,0.0001,-0.0054784,-0.00871689878569,0.999947,0,0,0,0,0,0,0
1774,1603.45,0,0,1,-5.17449568817,-16.2828666198,0.0001,0.0250788,0.0165785851797,0.999548,0,0,0,0,0,0,0
1775,2970.29,0,0,1,-3.74809091341,-17.713374082,0.0001,-0.00253298,-0.00368563594506,0.99999,0,0,0,0,0,0,0
1776,3069.57,0,0,1,-7.41433717089,-15.4393909911,0.0001,-0.00234678,-0.00452685924584,0.999987,0,0,0,0,0,0,0
1777,2408.39,0,0,1,-7.93405909739,-10.4682031202,0.0001,-0.00841241,0.00481966274671,0.999953,0,0,0,0,0,0,0
1778,2509.12,0,0,1,-12.3919293188,-15.5704108367,0.0001,-0.0213531,-0.0104864212861,0.999717,0,0,0,0,0,0,0
1779,3048.47,0,0,1,0.0967453748508,-21.8283465598,0.0001,0.000914147,-0.00729133775534,0.999973,0,0,0,0,0,0,0
1780,2387,0,0,1,-6.50221612833,-21.0046261267,0.0001,0.00864887,-0.0162224685767,0.999831,0,0,0,0,0,0,0
1781,2632.36,0,0,1,-3.61314523648,-13.8020663402,0.0001,0.00421696,0.00664953286769,0.999969,0,0,0,0,0,0,0
1782,3001.16,0,0,1,-3.95950808882,-20.135317907,0.0001,-0.00189493,-0.00586590822423,0.999981,0,0,0,0,0,0,0
1783,3032.99,0,0,1,-0.0860858109371,-16.7751579962,0.0001,-0.00129407,-0.00288536961846,0.999995,0,0,0,0,0,0,0
1784,787.548,0,0,1,-3.04771407698,-10.3685236353,0.0001,0.00974603,0.013747535606,0.999858,0,0,0,0,0,0,0
1785,1098.47,0,0,1,0.0375747563981,-11.8118476132,0.0001,0.0026494,0.0621869838362,0.998061,0,0,0,0,0,0,0
1786,2288.22,0,0,1,4.3525386411,-12.5960920878,0.0001,0.00739454,-0.0095559117403,0.999927,0,0,0,0,0,0,0
1787,3058.23,0,0,1,4.12967276823,-11.7544854413,0.0001,0.00561027,0.000724302786929,0.999984,0,0,0,0,0,0,0
1788,3024.55,0,0,1,0.39755458163,-10.6791760953,0.0001,0.00256624,0.00118928392844,0.999996,0,0,0,0,0,0,0
1789,3038.29,0,0,1,-3.8257881029,-12.1344,0.0001,-0.00289068,-0,0.999996,0,0,0,0,0,0,0
1790,1831.27,0,0,1,4.34358842025,-12.5994706544,0.0001,0.00937372,0.00145991381991,0.999955,0,0,0,0,0,0,0
1791,2964.75,0,0,1,-3.60774600138,-11.996982113,0.0001,-0.00179111,0.00088989941443,0.999998,0,0,0,0,0,0,0
1792,1270.77,0,0,1,-3.10553795766,-10.5646646543,0.0001,0.00954567,0.0415217499661,0.999092,0,0,0,0,0,0,0
1793,2959.59,0,0,1,-3.53847152806,-12.2439614883,0.0001,-0.000573534,0.00191599967399,0.999998,0,0,0,0,0,0,0
1794,3015.23,0,0,1,-3.43940492223,-8.79413055664,0.0001,0.000252624,0.00345487266256,0.999994,0,0,0,0,0,0,0
1795,2953.39,0,0,1,0.0271739293373,-16.7643874678,0.0001,0.0010313,-0.00435158825142,0.99999,0,0,0,0,0,0,0
1796,2969.49,0,0,1,0.432526840494,-21.8277121368,0.0001,0.00456906,-0.00557880047289,0.999974,0,0,0,0,0,0,0
1797,2985.46,0,0,1,-0.054755677147,-16.756031854,0.0001,0.00122004,-0.00158477077152,0.999998,0,0,0,0,0,0,0
1798,2990.48,0,0,1,-4.02033467713,-19.2077274392,0.0001,-0.00371518,-0.00634008742586,0.999973,0,0,0,0,0,0,0
1799,1519.24,0,0,1,1.41891501524,-12.5122506018,0.0001,0.0176592,-0.00749124818438,0.999816,0,0,0,0,0,0,0
1800,2980.2,0,0,1,-0.22471618756,-12.3674544983,0.0001,-0.000805348,-0.00271134627058,0.999996,0,0,0,0,0,0,0
1801,2982.09,0,0,1,-0.519065351236,-15.1770289265,0.0001,-0.00509203,-0.0014391089184,0.999986,0,0,0,0,0,0,0
1802,2944.82,0,0,1,0.23895934595,-7.37257838135,0.0001,0.000663969,0.00505558860738,0.999987,0,0,0,0,0,0,0
1803,2991.16,0,0,1,-0.0745437050986,-13.0418363523,0.0001,-0.00165199,-0.0018085685057,0.999997,0,0,0,0,0,0,0
1804,1713.88,0,0,1,-2.13552476552,-8.78798750488,0.0001,0.0221449,0.00758474310639,0.999726,0,0,0,0,0,0,0
1805,2780.03,0,0,1,-4.38413101433,-10.5914741701,0.0001,-0.00850781,-0.00368989430797,0.999957,0,0,0,0,0,0,0
1806,2956.49,0,0,1,-7.44947749933,-24.1419605743,0.0001,-0.00286056,-0.00798848549392,0.999964,0,0,0,0,0,0,0
1807,3001.09,0,0,1,0.177115218858,-16.2443537853,0.0001,0.00219993,-0.00267586845622,0.999994,0,0,0,0,0,0,0
1808,2984.3,0,0,1,0.137582910627,-13.8706180484,0.0001,0.00268211,-0.000897925357654,0.999996,0,0,0,0,0,0,0
1809,2269.34,0,0,1,-2.65405687282,-17.4337714996,0.0001,0.0130897,-0.00355686518019,0.999908,0,0,0,0,0,0,0
1810,2984.68,0,0,1,-0.214142335879,-18.2817718144,0.0001,-0.00111123,-0.00357283065468,0.999993,0,0,0,0,0,0,0
1811,1260.02,0,0,1,-6.80464266188,-16.9932680435,0.0001,0.0103124,0.0214842675053,0.999716,0,0,0,0,0,0,0
1812,172.621,0,0,1,-3.99137302388,-20.0808312083,0.0001,-0.00711193,-0.0313871331548,0.999482,0,0,0,0,0,0,0
1813,2968.37,0,0,1,-0.069516758897,-13.0801191126,0.0001,0.00104682,-0.000950876904596,0.999999,0,0,0,0,0,0,0
1814,707.688,0,0,1,-9.7909364103,-11.0970736925,0.0001,-0.0321419,-0.00863662829987,0.999446,0,0,0,0,0,0,0
1815,1121.24,0,0,1,4.0322390735,-13.9790937421,0.0001,0.0580641,-0.00465586589046,0.998302,0,0,0,0,0,0,0
1816,2996.63,0,0,1,-0.220171923809,-11.4244,0.0001,-0.00168775,0,0.999999,0,0,0,0,0,0,0
1817,2990.98,0,0,1,0.22913487061,-12.9130741715,0.0001,0.000590577,0.00128499720122,0.999999,0,0,0,0,0,0,0
1818,2997.11,0,0,1,0.0993477677363,-9.63669534094,0.0001,0.000451128,0.00371435519675,0.999993,0,0,0,0,0,0,0
1819,2988.87,0,0,1,0.318164129405,-8.22516396388,0.0001,0.00129996,0.00378286135067,0.999992,0,0,0,0,0,0,0
1820,2038.44,0,0,1,-0.180228701265,-14.4064160519,0.0001,-0.00381485,0.0240698714263,0.999703,0,0,0,0,0,0,0
1821,2805.09,0,0,1,7.11930402148,-14.7027,0.0001,-0.0042775,-0,0.999991,0,0,0,0,0,0,0
1822,2222.73,0,0,1,6.76130294877,-18.2364071479,0.0001,-0.0112952,-0.00533032578367,0.999922,0,0,0,0,0,0,0
1823,3049.99,0,0,1,-0.132646228319,-15.4907599123,0.0001,-0.00105613,-0.00298069864682,0.999995,0,0,0,0,0,0,0
1824,2149.35,0,0,1,-3.20966990726,-16.3460950997,0.0001,0.00746565,-0.0196523593769,0.999779,0,0,0,0,0,0,0
1825,2276.03,0,0,1,-7.08926401325,-10.7626784233,0.0001,0.00328288,-0.00390160606745,0.999987,0,0,0,0,0,0,0
1826,2957.43,0,0,1,4.07853777988,-10.3906656044,0.0001,0.00436711,0.00171120695647,0.999989,0,0,0,0,0,0,0
1827,3051.62,0,0,1,0.178442137067,-14.0442484548,0.0001,0.00204661,-0.00241067677385,0.999995,0,0,0,0,0,0,0
1828,2242.77,0,0,1,8.3822072669,-17.1282249511,0.0001,0.0137864,-0.0310741225305,0.999422,0,0,0,0,0,0,0
1829,1989.41,0,0,1,-3.17338482427,-15.9117078485,0.0001,0.00622687,0.0145330817449,0.999875,0,0,0,0,0,0,0
1830,520.793,0,0,1,-1.55114219796,-8.55147077835,0.0001,-0.022982,-0.0244031111131,0.999438,0,0,0,0,0,0,0
1831,2700.22,0,0,1,3.95198968294,-7.72640994499,0.0001,0.00147675,-0.00397732679543,0.999991,0,0,0,0,0,0,0
1832,2990.81,0,0,1,0.179102485896,-11.1475,0.0001,-0.000373836,0,1,0,0,0,0,0,0,0
1833,1030.84,0,0,1,1.96216557643,-14.8018588356,0.0001,-0.0300563,-0.00789845182995,0.999517,0,0,0,0,0,0,0
1834,2289.48,0,0,1,2.95232831377,-16.3116567402,0.0001,-0.00555599,-0.0127719053441,0.999903,0,0,0,0,0,0,0
1835,2964.89,0,0,1,0.234398782363,-12.9686660343,0.0001,0.00302398,0.0016898251269,0.999994,0,0,0,0,0,0,0
1836,3049.13,0,0,1,4.11445315621,-14.217651084,0.0001,0.00612704,-0.00254143597959,0.999978,0,0,0,0,0,0,0
1837,3048.95,0,0,1,3.82321318084,-19.9937124087,0.0001,0.00165076,-0.00559237895913,0.999983,0,0,0,0,0,0,0
1838,3013.4,0,0,1,3.47872154908,-11.4138437801,0.0001,-0.000420442,0.00279700063008,0.999996,0,0,0,0,0,0,0
1839,2958.84,0,0,1,0.414019356174,-23.1638189828,0.0001,0.00364932,-0.010893948207,0.999934,0,0,0,0,0,0,0
1840,3029.62,0,0,1,-0.328901094648,-10.0981102631,0.0001,-0.00284049,0.00446446195636,0.999986,0,0,0,0,0,0,0
1841,1827.53,0,0,1,1.27234333947,-16.2217839739,0.0001,0.0200606,-0.0141238000071,0.999699,0,0,0,0,0,0,0
1842,792.886,0,0,1,-3.56861984075,-13.1844824355,0.0001,-0.0501713,0.0157773635412,0.998616,0,0,0,0,0,0,0
1843,2992.77,0,0,1,-0.206687272713,-18.231802071,0.0001,-0.000461323,-0.00507809138256,0.999987,0,0,0,0,0,0,0
1844,3024.62,0,0,1,3.72067294222,-13.6588463348,0.0001,0.00163891,-0.00230520237983,0.999996,0,0,0,0,0,0,0
1845,3029.55,0,0,1,0.0487029746544,-16.3934632806,0.0001,0.000297245,-0.00314827260733,0.999995,0,0,0,0,0,0,0
1846,3005.61,0,0,1,0.0314749773894,-10.8568696164,0.0001,-0.00130958,0.00151162039661,0.999998,0,0,0,0,0,0,0
1847,2973.43,0,0,1,-0.11412796681,-13.9543437466,0.0001,0.00204144,0.00279865802239,0.999994,0,0,0,0,0,0,0
1848,656.826,0,0,1,-2.81416977857,-16.6728508819,0.0001,0.0109556,0.00244353425187,0.999937,0,0,0,0,0,0,0
1849,2972.57,0,0,1,3.76423320536,-17.201467573,0.0001,-0.000835549,-0.00336181823847,0.999994,0,0,0,0,0,0,0
1850,2913.55,0,0,1,3.7163894242,-14.1190637105,0.0001,0.00295641,0.00180543731871,0.999994,0,0,0,0,0,0,0
1851,1983.82,0,0,1,4.62814279533,-13.0669129524,0.0001,0.0115799,0.0142785627775,0.999831,0,0,0,0,0,0,0
1852,2025.91,0,0,1,1.28630183828,-16.1465099597,0.0001,0.0160079,-0.0154170726336,0.999753,0,0,0,0,0,0,0
1853,2921.79,0,0,1,7.5691902862,-8.6112306217,0.0001,0.00349677,0.00444661034577,0.999984,0,0,0,0,0,0,0
1854,2384.02,0,0,1,-8.10939032943,-15.823083503,0.0001,-0.00996614,0.000820703052522,0.99995,0,0,0,0,0,0,0
1855,2931.14,0,0,1,7.54647248252,-20.3371991596,0.0001,0.00310853,-0.00493322939251,0.999983,0,0,0,0,0,0,0
1856,2948.03,0,0,1,3.63888489586,-18.8885293863,0.0001,-0.000751434,-0.00643699510205,0.999979,0,0,0,0,0,0,0
1857,3008.69,0,0,1,3.95728751049,-12.1154855429,0.0001,0.00186619,0.000719257175006,0.999998,0,0,0,0,0,0,0
1858,3013.81,0,0,1,-0.178620689328,-9.56586343384,0.0001,-0.00028305,0.00281422577232,0.999996,0,0,0,0,0,0,0
1859,3038.14,0,0,1,3.61923656332,-9.42016337076,0.0001,0.000824044,0.0018223466975,0.999998,0,0,0,0,0,0,0
1860,2983.29,0,0,1,0.155887526795,-15.5382160322,0.0001,-0.00116782,-0.0007976186104,0.999999,0,0,0,0,0,0,0
1861,2986.05,0,0,1,-0.165409020674,-14.1998145989,0.0001,-0.00233933,-0.000726309955173,0.999997,0,0,0,0,0,0,0
1862,2975.79,0,0,1,-7.83069133071,-16.9426675993,0.0001,-0.00653369,-0.00336305902177,0.999973,0,0,0,0,0,0,0
1863,3008.6,0,0,1,3.93034441609,-14.9975207744,0.0001,0.00171224,-0.00103355221557,0.999998,0,0,0,0,0,0,0
1864,2970.49,0,0,1,7.63859845828,-17.4661032777,0.0001,0.00340582,-0.00513809586594,0.999981,0,0,0,0,0,0,0
1865,2970.72,0,0,1,3.68175246904,-7.14994153406,0.0001,-0.00087218,0.00390374666796,0.999992,0,0,0,0,0,0,0
1866,1778.61,0,0,1,7.24571293767,-14.9848904549,0.0001,0.00512098,-0.00947481925103,0.999942,0,0,0,0,0,0,0
1867,1723.12,0,0,1,1.07303015682,-19.1338863218,0.0001,0.0184116,0.0106283540325,0.999774,0,0,0,0,0,0,0
1868,2987.75,0,0,1,-0.285652341896,-16.5950368905,0.0001,-0.0031015,-0.00681028000527,0.999972,0,0,0,0,0,0,0
1869,2994.08,0,0,1,11.1576861724,-13.249025586,0.0001,0.00428714,-0.00127292207945,0.99999,0,0,0,0,0,0,0
1870,1032.08,0,0,1,10.4524808199,-16.7593618687,0.0001,0.0536676,0.0316861101153,0.998056,0,0,0,0,0,0,0
1871,1773.6,0,0,1,4.60534147224,-17.2474754874,0.0001,0.0130052,-0.0186761262568,0.999741,0,0,0,0,0,0,0
1872,2978.3,0,0,1,7.17330001982,-16.0388603401,0.0001,-0.000994034,-0.00300197791579,0.999995,0,0,0,0,0,0,0
1873,1342.89,0,0,1,8.49003937168,-17.0881200229,0.0001,0.0114101,-0.0109450442206,0.999875,0,0,0,0,0,0,0
1874,2591.14,0,0,1,4.05921548918,-20.7497747545,0.0001,0.00723606,-0.0236124206865,0.999695,0,0,0,0,0,0,0
1875,2057.25,0,0,1,-2.61799699543,-13.441400288,0.0001,-0.0361435,-0.00995756992193,0.999297,0,0,0,0,0,0,0
1876,2039.35,0,0,1,2.89023887327,-12.2882981759,0.0001,-0.00901046,0.0100400861345,0.999909,0,0,0,0,0,0,0
1877,2972.98,0,0,1,3.21660739225,-10.3206823316,0.0001,-0.0046073,0.000879014055615,0.999989,0,0,0,0,0,0,0
1878,3010.11,0,0,1,3.54412540823,-10.1674366685,0.0001,0.000269065,0.00315080609144,0.999995,0,0,0,0,0,0,0
1879,1766.69,0,0,1,2.9651769181,-8.28718362408,0.0001,-0.0130875,-0.00217016122672,0.999912,0,0,0,0,0,0,0
1880,3013.95,0,0,1,7.18612290076,-13.0698746703,0.0001,0.000641828,0.00126018086738,0.999999,0,0,0,0,0,0,0
1881,3006.68,0,0,1,4.06044276081,-20.9654134628,0.0001,0.00511233,-0.00564475340214,0.999971,0,0,0,0,0,0,0
1882,2985.15,0,0,1,4.01940298783,-6.8434454722,0.0001,0.00512367,0.00370777638635,0.99998,0,0,0,0,0,0,0
1883,2740.15,0,0,1,0.0116166479864,-19.6745798653,0.0001,0.00376319,-0.0139221975645,0.999896,0,0,0,0,0,0,0
1884,937.745,0,0,1,-4.01761259276,-15.6512186326,0.0001,-0.0577439,-0.000925446805626,0.998331,0,0,0,0,0,0,0
1885,2944.41,0,0,1,6.9688399268,-9.48043643802,0.0001,-3.642e-06,0.00316227161008,0.999995,0,0,0,0,0,0,0
1886,2971.83,0,0,1,-0.0776222213243,-21.523055633,0.0001,0.000222813,-0.0077427032984,0.99997,0,0,0,0,0,0,0
1887,994.941,0,0,1,8.47032268726,-22.7331674193,0.0001,0.0210162,-0.0282123408557,0.999381,0,0,0,0,0,0,0
1888,1195.72,0,0,1,5.68550656175,-11.330573095,0.0001,0.023702,-0.00860895301416,0.999682,0,0,0,0,0,0,0
1889,2972.07,0,0,1,7.2517682036,-11.6413641577,0.0001,0.00090565,0.00178319771124,0.999998,0,0,0,0,0,0,0
1890,2648.31,0,0,1,3.54027802189,-16.6507468393,0.0001,-0.00407837,-0.00730518125327,0.999965,0,0,0,0,0,0,0
1891,2596.72,0,0,1,11.2612217991,-17.4974213732,0.0001,0.00605918,-0.01101272431,0.999921,0,0,0,0,0,0,0
1892,3015.69,0,0,1,6.98373599808,-15.3779751012,0.0001,-0.000199099,-0.00373634990172,0.999993,0,0,0,0,0,0,0
1893,2417.85,0,0,1,-0.668591457276,-18.5095050488,0.0001,-0.00614133,-0.0151745217332,0.999866,0,0,0,0,0,0,0
1894,3006.14,0,0,1,-0.199698129725,-7.53135116457,0.0001,-0.00134972,0.00491712181278,0.999987,0,0,0,0,0,0,0
1895,2960.79,0,0,1,7.18812972603,-11.9945508254,0.0001,-0.00200367,0.00244648350315,0.999995,0,0,0,0,0,0,0
1896,2690.07,0,0,1,-0.0582704094144,-16.7678747163,0.0001,0.0021089,-0.00869200441728,0.99996,0,0,0,0,0,0,0
1897,199.275,0,0,1,4.39107163536,-13.930565637,0.0001,0.0105233,0.0315428969518,0.999447,0,0,0,0,0,0,0
1898,2884.83,0,0,1,7.11773091503,-6.57325123533,0.0001,-0.00542701,0.00292355972402,0.999981,0,0,0,0,0,0,0
1899,2971.39,0,0,1,3.96812955252,-18.2286569453,0.0001,0.00346029,-0.00283307132205,0.99999,0,0,0,0,0,0,0
1900,2947.56,0,0,1,3.40580248202,-7.19454516899,0.0001,-0.000374026,0.00372290955454,0.999993,0,0,0,0,0,0,0
1901,3000.06,0,0,1,3.53649517553,-12.7636,0.0001,0.000257489,0,1,0,0,0,0,0,0,0
1902,2142.49,0,0,1,10.0812576951,-14.9845,0.0001,-0.00707967,0,0.999975,0,0,0,0,0,0,0
1903,1310.24,0,0,1,3.13569266632,-17.3672902928,0.0001,-0.0018572,-0.014440899285,0.999894,0,0,0,0,0,0,0
1904,3071.56,0,0,1,0.0997042493624,-12.6327398815,0.0001,-0.000251275,-0.00198415142423,0.999998,0,0,0,0,0,0,0
1905,2972.67,0,0,1,-0.241581210835,-19.1250908316,0.0001,-0.00309502,-0.00451891869805,0.999985,0,0,0,0,0,0,0
1906,3055.12,0,0,1,7.10951172428,-6.71456146565,0.0001,-0.000411726,0.00241463717789,0.999997,0,0,0,0,0,0,0
1907,3031.37,0,0,1,3.47822109103,-14.9373698584,0.0001,-0.00243326,-0.00347550928247,0.999991,0,0,0,0,0,0,0
1908,3080.41,0,0,1,7.10325614255,-13.6322766026,0.0001,0.000803111,0.00116404970758,0.999999,0,0,0,0,0,0,0
1909,1737.19,0,0,1,6.62111715664,-21.0889876512,0.0001,-0.00909099,-0.0341900866454,0.999374,0,0,0,0,0,0,0
1910,3017.52,0,0,1,3.37710317314,-22.3170962259,0.0001,-0.000837117,-0.00976201470642,0.999952,0,0,0,0,0,0,0
1911,2592.41,0,0,1,10.9970747713,-8.66753554389,0.0001,-0.00125514,0.00569423696209,0.999983,0,0,0,0,0,0,0
1912,2997.75,0,0,1,3.62527147353,-16.2118505553,0.0001,-0.00191673,-0.00251517814621,0.999995,0,0,0,0,0,0,0
1913,2996.41,0,0,1,3.82464635934,-16.0839850402,0.0001,0.000316382,-0.00423081805685,0.999991,0,0,0,0,0,0,0
1914,1154.61,0,0,1,10.1503289173,-18.5434207512,0.0001,0.0411517,-0.0506753184313,0.997867,0,0,0,0,0,0,0
1915,3048.11,0,0,1,-0.224425442579,-17.2142078137,0.0001,-0.00390253,-0.0053637464145,0.999978,0,0,0,0,0,0,0
1916,3051.42,0,0,1,7.34903481437,-17.3682684651,0.0001,0.00322456,-0.0034061843471,0.999989,0,0,0,0,0,0,0
1917,3000.85,0,0,1,3.81802849232,-16.5377659046,0.0001,0.00390504,-0.00327879453434,0.999987,0,0,0,0,0,0,0
1918,2315.13,0,0,1,6.52986213545,-23.1803391327,0.0001,-0.0103385,-0.0218410199796,0.999708,0,0,0,0,0,0,0
1919,2464.47,0,0,1,8.17741748626,-10.3194,0.0001,0.011317,0,0.999936,0,0,0,0,0,0,0
1920,3026.02,0,0,1,3.32266107642,-19.6162224529,0.0001,-0.000941454,-0.00609206889044,0.999981,0,0,0,0,0,0,0
1921,3013.47,0,0,1,10.5853025101,-5.69599993515,0.0001,0.00012488,0.00547578122148,0.999985,0,0,0,0,0,0,0
1922,725.337,0,0,1,2.55458427262,-18.5637584965,0.0001,-0.0191766,-0.0327374344206,0.99928,0,0,0,0,0,0,0
1923,3001.06,0,0,1,4.01760131492,-14.1202555365,0.0001,0.00404547,-0.00276297457085,0.999988,0,0,0,0,0,0,0
1924,2940.63,0,0,1,7.41449631186,-14.7836693421,0.0001,0.000314021,-0.00344983402665,0.999994,0,0,0,0,0,0,0
1925,1498.86,0,0,1,-2.82016012181,-7.36945724171,0.0001,0.0134255,0.00312200652625,0.999905,0,0,0,0,0,0,0
1926,2979.54,0,0,1,-0.0371501193523,-9.76412508159,0.0001,-0.000389019,0.00422475836205,0.999991,0,0,0,0,0,0,0
1927,3065.96,0,0,1,11.069115574,-18.5039412753,0.0001,0.000774807,-0.00702844571103,0.999975,0,0,0,0,0,0,0
1928,137.652,0,0,1,1.77816485847,-10.2392716902,0.0001,0.0345494,0.00140760635122,0.999402,0,0,0,0,0,0,0
1929,2956.2,0,0,1,3.4770798174,-2.3142053826,0.0001,-0.000506573,0.00968200262321,0.999953,0,0,0,0,0,0,0
1930,1820.56,0,0,1,1.16929406672,-11.2849769871,0.0001,-0.0321123,0.0210299077437,0.999263,0,0,0,0,0,0,0
1931,1076.11,0,0,1,5.91766374394,-20.7994582463,0.0001,-0.0167183,0.0319073227349,0.999351,0,0,0,0,0,0,0
1932,1153.1,0,0,1,5.94346501335,-18.4219163275,0.0001,-0.0171607,-0.00578649112245,0.999836,0,0,0,0,0,0,0
1933,2547.98,0,0,1,3.2204623474,-20.8909395584,0.0001,-0.00535501,-0.0168908027903,0.999843,0,0,0,0,0,0,0
1934,2979.48,0,0,1,3.13744434015,-14.362256249,0.0001,-0.00376413,-0.00279842890621,0.999989,0,0,0,0,0,0,0
1935,2839.14,0,0,1,7.67042267347,-13.5735193589,0.0001,0.00361557,-0.000963122305339,0.999993,0,0,0,0,0,0,0
1936,3002.19,0,0,1,7.193758316,-12.718450794,0.0001,-8.37806e-05,0.00244805469935,0.999997,0,0,0,0,0,0,0
1937,3055.94,0,0,1,3.70622169934,-18.5431097801,0.0001,-0.000412962,-0.00546161490646,0.999985,0,0,0,0,0,0,0
1938,1873.22,0,0,1,4.17720377154,-18.054159447,0.0001,0.0111322,0.00201743083152,0.999936,0,0,0,0,0,0,0
1939,2504.63,0,0,1,7.12620955367,-14.9470601263,0.0001,-0.00549332,-0.0228855130241,0.999723,0,0,0,0,0,0,0
1940,2956.02,0,0,1,7.16925964663,-12.7740800601,0.0001,-0.00300264,0.000992032272919,0.999995,0,0,0,0,0,0,0
1941,2950.14,0,0,1,3.0150486105,-14.6609675376,0.0001,-0.00554165,-0.00336001105319,0.999979,0,0,0,0,0,0,0
1942,2246.43,0,0,1,7.24288432092,-15.4864679633,0.0001,-0.00376497,-0.00835602997237,0.999958,0,0,0,0,0,0,0
1943,994.431,0,0,1,13.9376442137,-11.5985279361,0.0001,-0.00775032,-0.00138981254046,0.999969,0,0,0,0,0,0,0
1944,2693.56,0,0,1,7.90826734017,-21.7182167169,0.0001,0.00832509,-0.000831655873525,0.999965,0,0,0,0,0,0,0
1945,2976.9,0,0,1,11.0307623906,-15.0407419953,0.0001,0.00310399,-0.00208930540606,0.999993,0,0,0,0,0,0,0
1946,2985.64,0,0,1,7.41738601862,-8.51756774629,0.0001,0.00228947,0.00259967134828,0.999994,0,0,0,0,0,0,0
1947,1788.44,0,0,1,0.0458589242852,-17.8793771282,0.0001,0.00472734,-0.00881190992489,0.99995,0,0,0,0,0,0,0
1948,2986.13,0,0,1,7.26662544987,-15.8315341669,0.0001,0.00176367,-0.00169984091346,0.999997,0,0,0,0,0,0,0
1949,2047.9,0,0,1,10.3252947602,-13.6227818675,0.0001,-0.0102098,0.0108511595214,0.999889,0,0,0,0,0,0,0
1950,299.576,0,0,1,9.40806749725,-13.6609453927,0.0001,0.0292139,0.012660608113,0.999493,0,0,0,0,0,0,0
1951,3068.73,0,0,1,3.59716977689,-15.0653559168,0.0001,-0.00150363,-0.00278191873051,0.999995,0,0,0,0,0,0,0
1952,2418.92,0,0,1,10.3907717124,-17.3768593958,0.0001,-0.00638188,0.0119692582755,0.999908,0,0,0,0,0,0,0
1953,2905.32,0,0,1,7.61250462794,-19.271106051,0.0001,0.00470774,-0.00527603630507,0.999975,0,0,0,0,0,0,0
1954,2330.61,0,0,1,7.58162200696,-15.9025117309,0.0001,0.00557209,-0.0105331273624,0.999929,0,0,0,0,0,0,0
1955,3001.49,0,0,1,7.56316104066,-11.0183,0.0001,0.00204182,-0,0.999998,0,0,0,0,0,0,0
1956,2940.9,0,0,1,7.71768285166,-12.690667213,0.0001,0.00461943,0.00163117211695,0.999988,0,0,0,0,0,0,0
1957,2600.29,0,0,1,10.7744127494,-17.2438832591,0.0001,-0.00434075,-0.00414216917054,0.999982,0,0,0,0,0,0,0
1958,1123.88,0,0,1,5.77860090648,-21.5730350609,0.0001,-0.0153657,-0.0365414486236,0.999214,0,0,0,0,0,0,0
1959,2738.73,0,0,1,4.08203861812,-11.4452832608,0.0001,0.00789107,0.00580764240077,0.999952,0,0,0,0,0,0,0
1960,1459.12,0,0,1,4.32808360622,-18.4399566844,0.0001,0.0126159,0.00712937880815,0.999895,0,0,0,0,0,0,0
1961,2968.02,0,0,1,6.94831901396,-15.4765440103,0.0001,-0.00303411,-0.00218954961302,0.999993,0,0,0,0,0,0,0
1962,2936.78,0,0,1,7.18369086342,-16.0228193064,0.0001,0.00103798,-0.000960518880411,0.999999,0,0,0,0,0,0,0
1963,2884.01,0,0,1,4.45678962649,-7.73229650044,0.0001,0.00993111,0.00365648986978,0.999944,0,0,0,0,0,0,0
1964,2591.11,0,0,1,-0.126943291098,-12.4768222355,0.0001,0.000881039,-0.00110624105898,0.999999,0,0,0,0,0,0,0
1965,2885.66,0,0,1,7.1347916356,-11.5678871534,0.0001,-0.00389866,-0.00433591526722,0.999983,0,0,0,0,0,0,0
1966,3001.01,0,0,1,3.58011567392,-10.1012647042,0.0001,-0.00170776,0.00175600307014,0.999997,0,0,0,0,0,0,0
1967,2967.41,0,0,1,7.07533221676,-9.48370081666,0.0001,-0.00237724,0.00493442043024,0.999985,0,0,0,0,0,0,0
1968,1240.2,0,0,1,12.6765964528,-16.6712093394,0.0001,0.0246865,-0.0203547187097,0.999488,0,0,0,0,0,0,0
1969,2623.48,0,0,1,7.35674355912,-6.11101394215,0.0001,-0.000817938,0.00627140952483,0.99998,0,0,0,0,0,0,0
1970,2987.24,0,0,1,3.205245382,-17.9385478409,0.0001,-0.0032148,-0.00238012540846,0.999992,0,0,0,0,0,0,0
1971,515.276,0,0,1,13.8016284731,-13.7771807187,0.0001,0.0362141,0.0158722221881,0.999218,0,0,0,0,0,0,0
1972,2546.02,0,0,1,3.47887471502,-17.5947668192,0.0001,0.00222461,-0.00332431140959,0.999992,0,0,0,0,0,0,0
1973,2936.27,0,0,1,4.10762471248,-13.6137468387,0.0001,0.00570698,-0.0023302399618,0.999981,0,0,0,0,0,0,0
1974,3043,0,0,1,3.66159898012,-17.9776845626,0.0001,-0.000548248,-0.00420705872678,0.999991,0,0,0,0,0,0,0
1975,1620.22,0,0,1,5.02301036109,-15.598812714,0.0001,0.0189139,-0.0254953009551,0.999496,0,0,0,0,0,0,0
1976,2116.41,0,0,1,12.4736142116,-17.4005858182,0.0001,0.020602,0.010652944898,0.999731,0,0,0,0,0,0,0
1977,2936.61,0,0,1,3.25351390634,-14.2992500969,0.0001,-0.00279071,-0.00249236608384,0.999993,0,0,0,0,0,0,0
1978,2974.88,0,0,1,11.0968226797,-16.0710521318,0.0001,0.00112834,-0.002593613858,0.999996,0,0,0,0,0,0,0
1979,586.315,0,0,1,13.3425514968,-12.0671910953,0.0001,0.0323943,-0.00950181180144,0.99943,0,0,0,0,0,0,0
1980,3010.14,0,0,1,14.7905815167,-15.8338792696,0.0001,0.00405549,-0.00394369685194,0.999984,0,0,0,0,0,0,0
1981,3022.98,0,0,1,10.6739957279,-13.202,0.0001,-0.00021254,0,1,0,0,0,0,0,0,0
1982,3035.66,0,0,1,14.8046035561,-11.797453045,0.0001,0.00515196,0.00233603342409,0.999984,0,0,0,0,0,0,0
1983,2917.43,0,0,1,2.98277371509,-19.2264279643,0.0001,-0.00628258,-0.00636612822237,0.99996,0,0,0,0,0,0,0
1984,2492.07,0,0,1,7.23495062614,-21.2773924393,0.0001,0.00251859,-0.00957362540587,0.999951,0,0,0,0,0,0,0
1985,3038.17,0,0,1,11.1694812041,-12.5003260417,0.0001,0.00403997,-0.00129559306852,0.999991,0,0,0,0,0,0,0
1986,2999.59,0,0,1,3.03717196986,-14.897183154,0.0001,-0.00537451,-0.00413692074615,0.999977,0,0,0,0,0,0,0
1987,627.072,0,0,1,9.06608629831,-10.2041012341,0.0001,-0.0275152,0.0396932220909,0.998833,0,0,0,0,0,0,0
1988,2964.89,0,0,1,14.7732423724,-8.94654790358,0.0001,0.00210807,-0.0018857425262,0.999996,0,0,0,0,0,0,0
1989,3010.69,0,0,1,10.9260041569,-16.6389897944,0.0001,0.000206807,-0.00446734046885,0.99999,0,0,0,0,0,0,0
1990,3046.47,0,0,1,7.56659291664,-9.58350579862,0.0001,0.00313015,0.00319406652676,0.99999,0,0,0,0,0,0,0
1991,337.456,0,0,1,11.0231962848,-0.767764810879,0.0001,0.00478187,0.0590596873536,0.998243,0,0,0,0,0,0,0
1992,2925.02,0,0,1,11.3650361128,-18.2783066382,0.0001,0.00677153,-0.0053051873161,0.999963,0,0,0,0,0,0,0
1993,2107.31,0,0,1,10.6130135011,-19.7973127794,0.0001,-0.00430332,-0.00561077641487,0.999975,0,0,0,0,0,0,0
1994,1444.35,0,0,1,13.5218359064,-12.886487445,0.0001,0.0365874,-0.00434754186178,0.999321,0,0,0,0,0,0,0
1995,2951.57,0,0,1,3.55485465957,-18.2052776181,0.0001,-0.00225572,-0.00386155762375,0.99999,0,0,0,0,0,0,0
1996,3035.38,0,0,1,7.08948111937,-13.8843645096,0.0001,-0.000939333,0.00176568669786,0.999998,0,0,0,0,0,0,0
1997,1555.71,0,0,1,9.82663682465,-22.19902509,0.0001,-0.012594,-0.0111969192191,0.999858,0,0,0,0,0,0,0
1998,3078.97,0,0,1,10.8475497303,-12.4952604143,0.0001,0.00247413,0.00196943030929,0.999995,0,0,0,0,0,0,0
1999,2966.8,0,0,1,11.1614897421,-17.7553288917,0.0001,0.00446473,-0.00143738130886,0.999989,0,0,0,0,0,0,0
2000,2056.93,0,0,1,8.73478009966,-17.8143201243,0.0001,0.0203975,-0.0109485236334,0.999732,0,0,0,0,0,0,0
