energy_MeV_per_u,section_00_mass_xs_per_mm_at_1g_cm3,section_01_mass_xs_per_mm_at_1g_cm3,section_02_mass_xs_per_mm_at_1g_cm3,section_03_mass_xs_per_mm_at_1g_cm3,section_04_mass_xs_per_mm_at_1g_cm3,section_05_mass_xs_per_mm_at_1g_cm3,section_06_mass_xs_per_mm_at_1g_cm3,section_07_mass_xs_per_mm_at_1g_cm3,section_08_mass_xs_per_mm_at_1g_cm3,section_09_mass_xs_per_mm_at_1g_cm3,section_10_mass_xs_per_mm_at_1g_cm3,section_11_mass_xs_per_mm_at_1g_cm3,section_12_mass_xs_per_mm_at_1g_cm3,section_13_mass_xs_per_mm_at_1g_cm3,section_14_mass_xs_per_mm_at_1g_cm3,section_15_mass_xs_per_mm_at_1g_cm3,section_16_mass_xs_per_mm_at_1g_cm3,section_17_mass_xs_per_mm_at_1g_cm3,section_18_mass_xs_per_mm_at_1g_cm3,section_19_mass_xs_per_mm_at_1g_cm3,section_20_mass_xs_per_mm_at_1g_cm3,section_21_mass_xs_per_mm_at_1g_cm3,section_22_mass_xs_per_mm_at_1g_cm3,section_23_mass_xs_per_mm_at_1g_cm3,section_24_mass_xs_per_mm_at_1g_cm3
0.5,0.0000000000e+00,7.4787648608e-03,8.4226866393e-03,8.2048585366e-03,7.9870304338e-03,7.8418116987e-03,7.6965929635e-03,7.4787648608e-03,6.8252805526e-03,6.8978899201e-03,6.4622337147e-03,5.9539681416e-03,5.5183119361e-03,5.1552650982e-03,4.7922182603e-03,4.4291714224e-03,4.0661245845e-03,3.7756871142e-03,3.5578590114e-03,3.2674215411e-03,3.0495934384e-03,2.8317653356e-03,2.6139372329e-03,2.4687184977e-03,0.0000000000e+00
1,2.4629550564e-04,7.1405372872e-03,8.4523566911e-03,8.1638970229e-03,7.8788545837e-03,7.6678433861e-03,7.4783142197e-03,7.1619230672e-03,6.6108386704e-03,6.8529077826e-03,6.4188169831e-03,5.9162619887e-03,5.4833423493e-03,5.1222078826e-03,4.7614958863e-03,4.4026074885e-03,4.0441415610e-03,3.7563858975e-03,3.5370944288e-03,3.2508361445e-03,3.0337907448e-03,2.8174940347e-03,2.6019460142e-03,2.4575307280e-03,0.0000000000e+00
1.5,3.0739935686e-03,9.2648331829e-03,1.0798668829e-02,1.0472643206e-02,1.0145127525e-02,9.8988521278e-03,9.6833466959e-03,9.3042961814e-03,8.8341626523e-03,9.0350167677e-03,8.5463626322e-03,7.9937242942e-03,7.5101263364e-03,7.1070262062e-03,6.7045224312e-03,6.3098253732e-03,5.9143356192e-03,5.5974974378e-03,5.3446434588e-03,5.0302478876e-03,4.7882346041e-03,4.5474426258e-03,4.3078719526e-03,4.1461601560e-03,0.0000000000e+00
2,4.4539270922e-03,1.0289608054e-02,1.1816763392e-02,1.1493652068e-02,1.1169194966e-02,1.0923430046e-02,1.0709872536e-02,1.0330905887e-02,9.8958346379e-03,1.0089124978e-02,9.6101033743e-03,9.0703458269e-03,8.5970723463e-03,8.2020730498e-03,7.8080294597e-03,7.4224055363e-03,7.0363386685e-03,6.7267642329e-03,6.4779257406e-03,6.1709184354e-03,5.9339465487e-03,5.6982582272e-03,5.4638534708e-03,5.3054982023e-03,8.5135900756e-04
2.5,5.2236217908e-03,1.0797711722e-02,1.2307562893e-02,1.1988960630e-02,1.1669102595e-02,1.1425749768e-02,1.1215303788e-02,1.0839754991e-02,1.0429074301e-02,1.0627329510e-02,1.0162802192e-02,9.6399965000e-03,9.1812144837e-03,8.7983462122e-03,8.4163918412e-03,8.0429069961e-03,7.6689420387e-03,7.3690417911e-03,7.1274199176e-03,6.8301390228e-03,6.6004050239e-03,6.3719807015e-03,6.1448660554e-03,5.9913360068e-03,1.6076105809e-03
3,5.6962141991e-03,1.1062746223e-02,1.2552120960e-02,1.2238414873e-02,1.1923515332e-02,1.1683213632e-02,1.1476087921e-02,1.1105041483e-02,1.0713064167e-02,1.0913287072e-02,1.0461105886e-02,9.9526310816e-03,9.5061635721e-03,9.1335954678e-03,8.7619095412e-03,8.3986808565e-03,8.0349505773e-03,7.7432375384e-03,7.5078181182e-03,7.2187437453e-03,6.9951639596e-03,6.7729035069e-03,6.5519623872e-03,6.4025369132e-03,2.0900625275e-03
3.5,6.0041204958e-03,1.1198103663e-02,1.2666302509e-02,1.2357478422e-02,1.2047507100e-02,1.1810441996e-02,1.1606600680e-02,1.1240399420e-02,1.0863571125e-02,1.1064216569e-02,1.0622819930e-02,1.0126801086e-02,9.6910737288e-03,9.3274840847e-03,8.9647511318e-03,8.6104332803e-03,8.2556009033e-03,7.9710089993e-03,7.7410392997e-03,7.4590884987e-03,7.2408782213e-03,7.0239884954e-03,6.8084193209e-03,6.6625760940e-03,2.4188077067e-03
4,6.2124103385e-03,1.1258306844e-02,1.2705596478e-02,1.2401496851e-02,1.2096285981e-02,1.1862459729e-02,1.1661782405e-02,1.1300465378e-02,1.0936375231e-02,1.1136584392e-02,1.0704786492e-02,1.0219814960e-02,9.7936363161e-03,9.4380260622e-03,9.0832512082e-03,8.7368342561e-03,8.3898949262e-03,8.1116220189e-03,7.8865227431e-03,7.6108840608e-03,7.3974489427e-03,7.1853309370e-03,6.9745300438e-03,6.8318731955e-03,2.6533105449e-03
4.5,6.3565425087e-03,1.1272399519e-02,1.2699433176e-02,1.2399852570e-02,1.2099189784e-02,1.1868527095e-02,1.1670867323e-02,1.1314342197e-02,1.0961255483e-02,1.1160528184e-02,1.0737396970e-02,1.0262373940e-02,9.8448097877e-03,9.4963961955e-03,9.1487997088e-03,8.8094963222e-03,8.4696659110e-03,8.1970856274e-03,7.9763971605e-03,7.7064388487e-03,7.4973125750e-03,7.2894972872e-03,7.0829929853e-03,6.9432117864e-03,2.8262317616e-03
5,6.4573605024e-03,1.1257046500e-02,1.2664618865e-02,1.2369342204e-02,1.2073007499e-02,1.1845401177e-02,1.1650609484e-02,1.1298727621e-02,1.0955339452e-02,1.1153376901e-02,1.0738159450e-02,1.0272202341e-02,9.8624993674e-03,9.5206516737e-03,9.1796050313e-03,8.8467830936e-03,8.5134316001e-03,8.2460404245e-03,8.0293889075e-03,7.7646042794e-03,7.5594106665e-03,7.3555203273e-03,7.1529332620e-03,7.0157769587e-03,2.9569281467e-03
5.5,6.5278478057e-03,1.1222362400e-02,1.2611300245e-02,1.2320118546e-02,1.2027899297e-02,1.1803231198e-02,1.1611164237e-02,1.1263755603e-02,1.0929049932e-02,1.1125672607e-02,1.0717747138e-02,1.0260130318e-02,9.8576672852e-03,9.5218655693e-03,9.1868505844e-03,8.8599905674e-03,8.5325999085e-03,8.2699836046e-03,8.0570586506e-03,7.7970315993e-03,7.5954603108e-03,7.3951836487e-03,7.1962016129e-03,7.0614632901e-03,3.0575605758e-03
6,6.5764708572e-03,1.1174760557e-02,1.2545873152e-02,1.2258589703e-02,1.1970286417e-02,1.1748437387e-02,1.1558961297e-02,1.1215851287e-02,1.0889014878e-02,1.1084116803e-02,1.0682960460e-02,1.0233075904e-02,9.8373309951e-03,9.5071387121e-03,9.1777202203e-03,8.8563869188e-03,8.5345229017e-03,8.2763341953e-03,8.0668737019e-03,7.8112558805e-03,7.6130461733e-03,7.4161219086e-03,7.2204830864e-03,7.0879888593e-03,3.1361300712e-03
6.5,6.6089591382e-03,1.1118451019e-02,1.2472508390e-02,1.2188940692e-02,1.1904368701e-02,1.1685223267e-02,1.1498214532e-02,1.1159232130e-02,1.0839599316e-02,1.1033121264e-02,1.0638287705e-02,1.0195617858e-02,9.8061460196e-03,9.4811909612e-03,9.1569978786e-03,8.8408209278e-03,8.5241139118e-03,8.2700570797e-03,8.0638365368e-03,7.8123316535e-03,7.6172610913e-03,7.4234665035e-03,7.2309478900e-03,7.1005493952e-03,3.1981017773e-03
7,6.6293105127e-03,1.1056275639e-02,1.2394000251e-02,1.2113980082e-02,1.1832969430e-02,1.1616417908e-02,1.1431763111e-02,1.1096744736e-02,1.0783760413e-02,1.0975673558e-02,1.0586776875e-02,1.0150875326e-02,9.7672920499e-03,9.4472527284e-03,9.1279645006e-03,8.8166245075e-03,8.5047556245e-03,8.2545755071e-03,8.0514002568e-03,7.8037529086e-03,7.6116292799e-03,7.4207720359e-03,7.2311811765e-03,7.1027501927e-03,3.2473263646e-03
7.5,6.6403871518e-03,1.0990196475e-02,1.2312261482e-02,1.2035634138e-02,1.1758028709e-02,1.1543967987e-02,1.1361563128e-02,1.1030354242e-02,1.0723548220e-02,1.0913843820e-02,1.0530546698e-02,1.0101024034e-02,9.7229934423e-03,9.4075890919e-03,9.0929257398e-03,8.7861441370e-03,8.4788352045e-03,8.2323091568e-03,8.0320086529e-03,7.7879961652e-03,7.5986515416e-03,7.4105636980e-03,7.2237326344e-03,7.0971571259e-03,3.2865887806e-03
8,6.6442833724e-03,1.0921593076e-02,1.2228623739e-02,1.1955246954e-02,1.1680903316e-02,1.1469236977e-02,1.1288986636e-02,1.0961442203e-02,1.0660410875e-02,1.0849093582e-02,1.0471098393e-02,1.0047611603e-02,9.6748374916e-03,9.3638205570e-03,9.0535351983e-03,8.7510666460e-03,8.4480726083e-03,8.2050044676e-03,8.0074279275e-03,7.7668542484e-03,7.5801405171e-03,7.3946740165e-03,7.2104547468e-03,7.0856358886e-03,3.3179486058e-03
8.5,6.6425606353e-03,1.0851449649e-02,1.2144026200e-02,1.1873768997e-02,1.1602555196e-02,1.1393193300e-02,1.1215009784e-02,1.0890994127e-02,1.0595387052e-02,1.0782470481e-02,1.0409512440e-02,9.9917568189e-03,9.6239757911e-03,9.3171261736e-03,9.0109992913e-03,8.7126258728e-03,8.4137290229e-03,8.1739444947e-03,7.9789575459e-03,7.7416485846e-03,7.5574340231e-03,7.3744572451e-03,7.1927182505e-03,7.0695681462e-03,3.3429585723e-03
9,6.6364021897e-03,1.0780476378e-02,1.2059137435e-02,1.1791879007e-02,1.1523673409e-02,1.1316532117e-02,1.1140334665e-02,1.0819721025e-02,1.0529230876e-02,1.0714734611e-02,1.0346576440e-02,9.9342792859e-03,9.5712554032e-03,9.2683759760e-03,8.9662109516e-03,8.6717376592e-03,8.3767431442e-03,8.1400862121e-03,7.9475682624e-03,7.7133682668e-03,7.5315348720e-03,7.3509299455e-03,7.1715534872e-03,7.0499933894e-03,3.3628090937e-03
9.5,6.6267174937e-03,1.0709190032e-02,1.1974436124e-02,1.1710064800e-02,1.1444755026e-02,1.1239756162e-02,1.1065470212e-02,1.0748140178e-02,1.0462495076e-02,1.0646442614e-02,1.0282870314e-02,9.8757859553e-03,9.5173064999e-03,9.2182195595e-03,8.9198391376e-03,8.6290903082e-03,8.3378225787e-03,8.1041526675e-03,7.9139948144e-03,7.6827635122e-03,7.5032048854e-03,7.3248655631e-03,7.1477455453e-03,7.0277044457e-03,3.3784263634e-03
10,6.6142143346e-03,1.0637968727e-02,1.1890265686e-02,1.1628677997e-02,1.1366159966e-02,1.1163230567e-02,1.0990787105e-02,1.0676629992e-02,1.0395587557e-02,1.0578004887e-02,1.0218824341e-02,9.8167301525e-03,9.4626022293e-03,9.1671466501e-03,8.8723901031e-03,8.5852065655e-03,8.2975065319e-03,8.0666962354e-03,7.8787995816e-03,7.6504098930e-03,7.4730295431e-03,7.2968594971e-03,7.1218997551e-03,7.0033132541e-03,3.3905404704e-03
10.5,6.5994496458e-03,1.0567089834e-02,1.1806871964e-02,1.1547971807e-02,1.1288148881e-02,1.1087220759e-02,1.0916555741e-02,1.0605467978e-02,1.0328810641e-02,1.0509725251e-02,1.0154759466e-02,9.7574526392e-03,9.4075004174e-03,9.1155293421e-03,8.8242501690e-03,8.5404869317e-03,8.2562096598e-03,8.0281428984e-03,7.8424171797e-03,7.6167533647e-03,7.4414633304e-03,7.2673747693e-03,7.0944876815e-03,6.9772970695e-03,3.3997336576e-03
11,6.5828659572e-03,1.0496756675e-02,1.1724429646e-02,1.1468127545e-02,1.1210909780e-02,1.1011919112e-02,1.0842972956e-02,1.0534857494e-02,1.0262388759e-02,1.0441828928e-02,1.0090915772e-02,9.6982106720e-03,9.3522731219e-03,9.0636520672e-03,8.7757161056e-03,8.4952404626e-03,8.2142532853e-03,7.9888237963e-03,7.8051862519e-03,7.5821423931e-03,7.4088621127e-03,7.2367746473e-03,7.0658799971e-03,6.9500315008e-03,3.4064751315e-03
11.5,6.5648179608e-03,1.0427117600e-02,1.1643061072e-02,1.1389273525e-02,1.1134577002e-02,1.0937463951e-02,1.0770181090e-02,1.0464946860e-02,1.0196488277e-02,1.0374482590e-02,1.0027472911e-02,9.6391988859e-03,9.2971279034e-03,9.0117331909e-03,8.7270170528e-03,8.4497070170e-03,8.1718879711e-03,7.9489980591e-03,7.7673724932e-03,7.5468512412e-03,7.3755066153e-03,7.2053463193e-03,7.0363703534e-03,6.9218145112e-03,3.4111465782e-03
12,6.5455921542e-03,1.0358279818e-02,1.1562849794e-02,1.1311498692e-02,1.1059244935e-02,1.0863953306e-02,1.0698281794e-02,1.0395843199e-02,1.0131231902e-02,1.0307808894e-02,9.9645649521e-03,9.5805645082e-03,9.2422233476e-03,8.9599407923e-03,8.6783305569e-03,8.4040735522e-03,8.1293100741e-03,7.9088695674e-03,7.7291855628e-03,7.5110970889e-03,7.3416196976e-03,7.1733183227e-03,7.0061929641e-03,6.8928841036e-03,3.4140611428e-03
12.5,6.5254215541e-03,1.0290319520e-02,1.1483850462e-02,1.1234862584e-02,1.0984978040e-02,1.0791454968e-02,1.0627346133e-02,1.0327622588e-02,1.0066709258e-02,1.0241897175e-02,9.9022913182e-03,9.5224185803e-03,9.1876805336e-03,8.9084043392e-03,8.6297944518e-03,8.3584862122e-03,8.0866740395e-03,7.8685994118e-03,7.6907916656e-03,7.4750527812e-03,7.3073792241e-03,7.1408735386e-03,6.9755357248e-03,6.8634315229e-03,3.4154777319e-03
13,6.5044968510e-03,1.0223289394e-02,1.1406096108e-02,1.1159402668e-02,1.0911818254e-02,1.0720013919e-02,1.0557422061e-02,1.0260337578e-02,1.0002984750e-02,1.0176811376e-02,9.8407249179e-03,9.4648443258e-03,9.1335916021e-03,8.8572234236e-03,8.5815157612e-03,8.3130593978e-03,8.0441016379e-03,7.8283152632e-03,7.6523230221e-03,7.4388564321e-03,7.2729277681e-03,7.1081589964e-03,6.9445501170e-03,6.8336112264e-03,3.4156119243e-03
13.5,6.4829749555e-03,1.0157224232e-02,1.1329603564e-02,1.1085139812e-02,1.0839790511e-02,1.0649657886e-02,1.0488540002e-02,1.0194022814e-02,9.9401034584e-03,1.0112596004e-02,9.7799182592e-03,9.4079034547e-03,9.0800262226e-03,8.8064743654e-03,8.5335774380e-03,8.2678826425e-03,8.0016889778e-03,7.7881184944e-03,7.6138850711e-03,7.4026187365e-03,7.2383800052e-03,7.0752933483e-03,6.9133587657e-03,6.8035484953e-03,3.4146443842e-03
14,6.4609856136e-03,1.0092145173e-02,1.1254377516e-02,1.1012082387e-02,1.0768906888e-02,1.0580401510e-02,1.0420717061e-02,1.0128699276e-02,9.8780955978e-03,1.0049280621e-02,9.7199080841e-03,9.3516409547e-03,9.0270365186e-03,8.7562152502e-03,8.4860435144e-03,8.2230258747e-03,7.9595118795e-03,7.7480896433e-03,7.5755620001e-03,7.3664285910e-03,7.2038284011e-03,7.0423726247e-03,6.8820612618e-03,6.7733453024e-03,3.4127274161e-03
14.5,6.4386365727e-03,1.0028062914e-02,1.1180413568e-02,1.0940229363e-02,1.0699169747e-02,1.0512249509e-02,1.0353960204e-02,1.0064377501e-02,9.8169799204e-03,9.9868832818e-03,9.6607189096e-03,9.2960887621e-03,8.9746608507e-03,8.7064898052e-03,8.4389630709e-03,8.1785434800e-03,7.9176300301e-03,7.7082926425e-03,7.5374210305e-03,7.3303574531e-03,7.1693476267e-03,7.0094747053e-03,6.8507386890e-03,6.7430848761e-03,3.4099901187e-03
15,6.4160176506e-03,9.9649801755e-03,1.1107700562e-02,1.0869572672e-02,1.0630574125e-02,1.0445199091e-02,1.0288268699e-02,1.0001060051e-02,9.7567663264e-03,9.9254131639e-03,9.6023657539e-03,9.2412685963e-03,8.9229267435e-03,8.6573304044e-03,8.3923733186e-03,8.1344774611e-03,7.8760902211e-03,7.6687781186e-03,7.4995157636e-03,7.2944627500e-03,7.1349980129e-03,6.9766628203e-03,6.8194571721e-03,6.7128352790e-03,3.4065424722e-03
15.5,6.3932039655e-03,9.9028935951e-03,1.1036222351e-02,1.0800099002e-02,1.0563109564e-02,1.0379241804e-02,1.0223635986e-02,9.9387434050e-03,9.6974578817e-03,9.8648725983e-03,9.5448562466e-03,9.1871941621e-03,8.8718531660e-03,8.6087604144e-03,8.3463020106e-03,8.0908599142e-03,7.8349288900e-03,7.6295859854e-03,7.4618888137e-03,7.2587905635e-03,7.1008282749e-03,6.9439883136e-03,6.7882706794e-03,6.6826522370e-03,3.4024786066e-03
16,6.3702585182e-03,9.8417951922e-03,1.0965959155e-02,1.0731791185e-02,1.0496761522e-02,1.0314364957e-02,1.0160051115e-02,9.8774194264e-03,9.6390523850e-03,9.8052586495e-03,9.4881922739e-03,9.1338728706e-03,8.8214523195e-03,8.5607960369e-03,8.3007693397e-03,8.0477149823e-03,7.7941741281e-03,7.5907474968e-03,7.4245738932e-03,7.2233777591e-03,7.0668776746e-03,6.9114928387e-03,6.7572232514e-03,6.6525813901e-03,3.3978794332e-03
16.5,6.3472342705e-03,9.7816735056e-03,1.0896888599e-02,1.0664629258e-02,1.0431512459e-02,1.0250552726e-02,1.0097499867e-02,9.8170765032e-03,9.5815435907e-03,9.7465643460e-03,9.4323712655e-03,9.0813071922e-03,8.7717310461e-03,8.5134477654e-03,8.2557894416e-03,8.0050604049e-03,7.7538472772e-03,7.5522868798e-03,7.3875974752e-03,7.1882536862e-03,7.0331777483e-03,6.8792101146e-03,6.7263507852e-03,6.6226600951e-03,3.3928147792e-03
17,6.3241758289e-03,9.7225144795e-03,1.0828986516e-02,1.0598591281e-02,1.0367342679e-02,1.0187787004e-02,1.0035965620e-02,9.7577004337e-03,9.5249221671e-03,9.6887796438e-03,9.3773872066e-03,9.0294957248e-03,8.7226919451e-03,8.4667215410e-03,8.2113715915e-03,7.9629087541e-03,7.7139642062e-03,7.5142226437e-03,7.3509801257e-03,7.1534415426e-03,6.9997536959e-03,6.8471673389e-03,6.6956824715e-03,6.5929188791e-03,3.3873451296e-03
17.5,6.3011208155e-03,9.6643021572e-03,1.0762227568e-02,1.0533653982e-02,1.0304230980e-02,1.0126048070e-02,9.9754300275e-03,9.6992751198e-03,9.4691764498e-03,9.6318921842e-03,9.3232314370e-03,8.9784340401e-03,8.6743342611e-03,8.4206196754e-03,8.1675211609e-03,7.9212684270e-03,7.6745363364e-03,7.4765686326e-03,7.3147375785e-03,7.1189594763e-03,6.9666255028e-03,6.8153863301e-03,6.6652419582e-03,6.5633826163e-03,3.3815230583e-03
18,6.2781009915e-03,9.6070192223e-03,1.0696585712e-02,1.0469793235e-02,1.0242155166e-02,1.0065315101e-02,9.9158735414e-03,9.6417831098e-03,9.4142930358e-03,9.5758878899e-03,9.2698932834e-03,8.9281153581e-03,8.6266545935e-03,8.3751415902e-03,8.1242403868e-03,7.8801444435e-03,7.6355714703e-03,7.4393348780e-03,7.2788816044e-03,7.0848214790e-03,6.9338088516e-03,6.7838844577e-03,6.6350482972e-03,6.5340714876e-03,3.3753944090e-03
18.5,6.2551431818e-03,9.5506474247e-03,1.0632034576e-02,1.0406984447e-02,1.0181092433e-02,1.0005566579e-02,9.8572758278e-03,9.5852060230e-03,9.3602572524e-03,9.5207514358e-03,9.2173605608e-03,8.8785310839e-03,8.5796474649e-03,8.3302844111e-03,8.0815289920e-03,7.8395390926e-03,7.5970744629e-03,7.4025282902e-03,7.2434207194e-03,7.0510381142e-03,6.9013158657e-03,6.7526754009e-03,6.6051167198e-03,6.5050017654e-03,3.3689992765e-03
19,6.2322700400e-03,9.4951679131e-03,1.0568547729e-02,1.0345202851e-02,1.0121019681e-02,9.9467805992e-03,9.7996160856e-03,9.5295248834e-03,9.3070535284e-03,9.4664666211e-03,9.1656199720e-03,8.8296712386e-03,8.5333057785e-03,8.2860434478e-03,8.0393846871e-03,7.7994524567e-03,7.5590477685e-03,7.3661532236e-03,7.2083607629e-03,7.0176171137e-03,6.8691557189e-03,6.7217697719e-03,6.5754592727e-03,6.4761864590e-03,3.3623728250e-03
19.5,6.2095006837e-03,9.4405614962e-03,1.0506098900e-02,1.0284423721e-02,1.0061913742e-02,9.8889351137e-03,9.7428732970e-03,9.4747203802e-03,9.2546656872e-03,9.4130166634e-03,9.1146574247e-03,8.7815248038e-03,8.4876211863e-03,8.2424125818e-03,7.9978035783e-03,7.7598828391e-03,7.5214918870e-03,7.3302119383e-03,7.1737053719e-03,6.9845638674e-03,6.8373351373e-03,6.6911756292e-03,6.5460853433e-03,6.4476358478e-03,3.3555459742e-03
20,6.1868512247e-03,9.3868088463e-03,1.0444662136e-02,1.0224622556e-02,1.0003751565e-02,9.8320081202e-03,9.6870264212e-03,9.4207730715e-03,9.2030771796e-03,9.3603844301e-03,9.0644582849e-03,8.7340799986e-03,8.4425843865e-03,8.1993845813e-03,7.9567804990e-03,7.7208271124e-03,7.4844057307e-03,7.2947049802e-03,7.1394563709e-03,6.9518818268e-03,6.8058588128e-03,6.6608989020e-03,6.5170020944e-03,6.4193579228e-03,3.3485459772e-03
20.5,6.1643352132e-03,9.3338906584e-03,1.0384211927e-02,1.0165775196e-02,9.9465103539e-03,9.7759778047e-03,9.6320545440e-03,9.3676635429e-03,9.1522712661e-03,9.3085526222e-03,9.0150075774e-03,8.6873245015e-03,8.3981853639e-03,8.1569513567e-03,7.9163092807e-03,7.6822810048e-03,7.4477869242e-03,7.2596314937e-03,7.1056140944e-03,6.9195728392e-03,6.7747297470e-03,6.6309437425e-03,6.4882148256e-03,6.3913587541e-03,3.3413969090e-03
21,6.1419640110e-03,9.2817877724e-03,1.0324723287e-02,1.0107857928e-02,9.8901676690e-03,9.7208226510e-03,9.5779369923e-03,9.3153725299e-03,9.1022311622e-03,9.2575039176e-03,8.9662901465e-03,8.6412456292e-03,8.3544135847e-03,8.1151041686e-03,7.8763829745e-03,7.6442393343e-03,7.4116320531e-03,7.2249894802e-03,7.0721776536e-03,6.8876374253e-03,6.7439495362e-03,6.6013128194e-03,6.4597272748e-03,6.3636427975e-03,3.3341200817e-03
21.5,6.1197471070e-03,9.2304812678e-03,1.0266171825e-02,1.0050847551e-02,9.8347015064e-03,9.6665215228e-03,9.5246534211e-03,9.2638810124e-03,9.0529401506e-03,9.2072210837e-03,8.9182907820e-03,8.5958304796e-03,8.3112581535e-03,8.0738337968e-03,7.8369940318e-03,7.6066962020e-03,7.3759368679e-03,7.1907760123e-03,7.0391451573e-03,6.8560750097e-03,6.7135186091e-03,6.5720075625e-03,6.4315418699e-03,6.3362131515e-03,3.3267343975e-03
22,6.0976923829e-03,9.1799525353e-03,1.0208533783e-02,9.9947214273e-03,9.7800903537e-03,9.6130537243e-03,9.4721838784e-03,9.2131702857e-03,9.0043816699e-03,9.1576870652e-03,8.8709943202e-03,8.5510660469e-03,8.2687079410e-03,8.0331306788e-03,7.7981344533e-03,7.5696451506e-03,7.3406964542e-03,7.1569874111e-03,7.0065138964e-03,6.8248841134e-03,6.6834364257e-03,6.5430283681e-03,6.4036599405e-03,6.3090717725e-03,3.3192566517e-03
22.5,6.0758063404e-03,9.1301833301e-03,1.0151786066e-02,9.9394575183e-03,9.7263132299e-03,9.5603990442e-03,9.4205088525e-03,9.1632220140e-03,8.9565393824e-03,9.1088850506e-03,8.8243857216e-03,8.5069393128e-03,8.2267516869e-03,7.9929850216e-03,7.7597959100e-03,7.5330792956e-03,7.3059053719e-03,7.1236193945e-03,6.9742804969e-03,6.7940625143e-03,6.6537016439e-03,6.5143747709e-03,6.3760818953e-03,6.2822196567e-03,3.3117017921e-03
23,6.0540942935e-03,9.0811558112e-03,1.0095906260e-02,9.8850344026e-03,9.6733497112e-03,9.5085377851e-03,9.3696093055e-03,9.1140182692e-03,8.9093972262e-03,9.0607985244e-03,8.7784501332e-03,8.4634373197e-03,8.1853780825e-03,7.9533868931e-03,7.7219698435e-03,7.4969914333e-03,7.2715577725e-03,7.0906671994e-03,6.9424410485e-03,6.7636073826e-03,6.6243122589e-03,6.4860455888e-03,6.3488073722e-03,6.2556569928e-03,3.3040831421e-03
23.5,6.0325605329e-03,9.0328525687e-03,1.0040872638e-02,9.8314312895e-03,9.6211799481e-03,9.4574507836e-03,9.3194666957e-03,9.0655415583e-03,8.8629394544e-03,9.0134113044e-03,8.7331729346e-03,8.4205472283e-03,8.1445758378e-03,7.9143262964e-03,7.6846475474e-03,7.4613741298e-03,7.2376474949e-03,7.0581256849e-03,6.9109912115e-03,6.7335153934e-03,6.5952657212e-03,6.4580390449e-03,6.3218353646e-03,6.2293832918e-03,3.2964125941e-03
24,6.0112084671e-03,8.9852566425e-03,9.9866641556e-03,9.7786280221e-03,9.5697846726e-03,9.4071194206e-03,9.2700629915e-03,9.0177748416e-03,8.8171506630e-03,8.9667075699e-03,8.6885397750e-03,8.3782563625e-03,8.1043337345e-03,7.8757932299e-03,7.6478202341e-03,7.4262197946e-03,7.2041681460e-03,7.0259894173e-03,6.8799263062e-03,6.7037828215e-03,6.5665590351e-03,6.4303528708e-03,6.2951643285e-03,6.2033974970e-03,3.2887007769e-03
24.5,5.9900407431e-03,8.9383515331e-03,9.9332604514e-03,9.7266050756e-03,9.5191452002e-03,9.3575256258e-03,9.2213806780e-03,8.9707015437e-03,8.7720158120e-03,8.9206718813e-03,8.6445365991e-03,8.3365522451e-03,8.0646406682e-03,7.8377777357e-03,7.6114790893e-03,7.3915207409e-03,7.1711131670e-03,6.9942527416e-03,6.8492413881e-03,6.6744056217e-03,6.5381888428e-03,6.4029843933e-03,6.2687922734e-03,6.1776980764e-03,3.2809572004e-03
25,5.9690593502e-03,8.8921212071e-03,9.8806418324e-03,9.6753435499e-03,9.4692434267e-03,9.3086518772e-03,9.1734027590e-03,8.9243055585e-03,8.7275202382e-03,8.8752891922e-03,8.6011496669e-03,8.2954226241e-03,8.0254856825e-03,7.8002699382e-03,7.5756153166e-03,7.3572692356e-03,7.1384758886e-03,6.9629098412e-03,6.8189313111e-03,6.6453794958e-03,6.5101514941e-03,6.3759306085e-03,6.2427168390e-03,6.1522831029e-03,3.2731903824e-03
25.5,5.9482657098e-03,8.8465500980e-03,9.8287892615e-03,9.6248251596e-03,9.4200618206e-03,9.2604811955e-03,9.1261127534e-03,8.8785712498e-03,8.6836496636e-03,8.8305448572e-03,8.5583655664e-03,8.2548554932e-03,7.9868579944e-03,7.7632600758e-03,7.5402201730e-03,7.3234575403e-03,7.1062495770e-03,6.9319547870e-03,6.7889907796e-03,6.6166999490e-03,6.4824431066e-03,6.3491882440e-03,6.2169353611e-03,6.1271503209e-03,3.2654079592e-03
26,5.9276607523e-03,8.8016231035e-03,9.7776843422e-03,9.5750322211e-03,9.3715834137e-03,9.2129971370e-03,9.0794946899e-03,8.8334834486e-03,8.6403901989e-03,8.7864246346e-03,8.5161712229e-03,8.2148391062e-03,7.9487470146e-03,7.7267385246e-03,7.5052849984e-03,7.2900779441e-03,7.0744274713e-03,6.9013815797e-03,6.7594143931e-03,6.5883623379e-03,6.4550596161e-03,6.3227538125e-03,6.1914449272e-03,6.1022972045e-03,3.2576167823e-03
26.5,5.9072449842e-03,8.7573255795e-03,9.7273093008e-03,9.5259476376e-03,9.3237917884e-03,9.1661837824e-03,9.0335330982e-03,8.7890274472e-03,8.5977283444e-03,8.7429146863e-03,8.4745539026e-03,8.1753619874e-03,7.9111423625e-03,7.6906958180e-03,7.4708012382e-03,7.2571227913e-03,7.0430028150e-03,6.8711841833e-03,6.7301966830e-03,6.5603619106e-03,6.4279968186e-03,6.2966236563e-03,6.1662424237e-03,6.0777210062e-03,3.2498230030e-03
27,5.8870185461e-03,8.7136433330e-03,9.6776469673e-03,9.4775548828e-03,9.2766710642e-03,9.1200257254e-03,8.9882129982e-03,8.7451889913e-03,8.5556509868e-03,8.7000015746e-03,8.4335012147e-03,8.1364129377e-03,7.8740338771e-03,7.6551226614e-03,7.4367604624e-03,7.2245845036e-03,7.0119688818e-03,6.8413565541e-03,6.7013321435e-03,6.5326938403e-03,6.4012504069e-03,6.2707939857e-03,6.1413245767e-03,6.0534187988e-03,3.2420321473e-03
27.5,5.8669812625e-03,8.6705626123e-03,9.6286807569e-03,9.4298379841e-03,9.2302058827e-03,9.0745080590e-03,8.9435198888e-03,8.7019542706e-03,8.5141453957e-03,8.6576722570e-03,8.3930011099e-03,8.0979810388e-03,7.8374116246e-03,7.6200099429e-03,7.4031543790e-03,7.1924555971e-03,6.9813189961e-03,6.8118926647e-03,6.6728152573e-03,6.5053532538e-03,6.3748160006e-03,6.2452609114e-03,6.1166879862e-03,6.0293875115e-03,3.2342491817e-03
28,5.8471326863e-03,8.6280700968e-03,9.5803946495e-03,9.3827815046e-03,9.1843813918e-03,9.0296163613e-03,8.8994397343e-03,8.6593099082e-03,8.4731992163e-03,8.6159140797e-03,8.3530418777e-03,8.0600556538e-03,7.8012659035e-03,7.5853487415e-03,7.3699748461e-03,7.1607286968e-03,6.9510465508e-03,6.7827865229e-03,6.6446405169e-03,6.4783352555e-03,6.3486891723e-03,6.2200204723e-03,6.0923291555e-03,6.0056239601e-03,3.2264785709e-03
28.5,5.8274721357e-03,8.5861528854e-03,9.5327731701e-03,9.3363705249e-03,9.1391832297e-03,8.9853366808e-03,8.8559589515e-03,8.6172429490e-03,8.4328004633e-03,8.5747147691e-03,8.3136121414e-03,8.0226264268e-03,7.7655872469e-03,7.5511303322e-03,7.3372138792e-03,7.1293965479e-03,6.9211450205e-03,6.7540321882e-03,6.6168024428e-03,6.4516349471e-03,6.3228654686e-03,6.1950686585e-03,6.0682445166e-03,5.9821248738e-03,3.2187243300e-03
29,5.8079987286e-03,8.5447984845e-03,9.4858013689e-03,9.2905906253e-03,9.0945975083e-03,8.9416555213e-03,8.8130643952e-03,8.5757408478e-03,8.3929375112e-03,8.5340624234e-03,8.2747008526e-03,7.9856832806e-03,7.7303664236e-03,7.5173461899e-03,7.3048636577e-03,7.0984520235e-03,6.8916079728e-03,6.7256237847e-03,6.5892955977e-03,6.4252474447e-03,6.2973404292e-03,6.1704014313e-03,6.0444304509e-03,5.9588869166e-03,3.2109900690e-03
29.5,5.7887114102e-03,8.5039947958e-03,9.4394648016e-03,9.2454278677e-03,9.0506107974e-03,8.8985598266e-03,8.7707433443e-03,8.5347914563e-03,8.3535990863e-03,8.4939455026e-03,8.2362972841e-03,7.9492164130e-03,7.6955944373e-03,7.4839879908e-03,7.2729165289e-03,7.0678881319e-03,6.8624290771e-03,6.6975555117e-03,6.5621145988e-03,6.3991678923e-03,6.2721096014e-03,6.1460147399e-03,6.0208833080e-03,5.9359067075e-03,3.2032790345e-03
30,5.7696089793e-03,8.4637301036e-03,9.3937495105e-03,9.2008687779e-03,9.0072101074e-03,8.8560369648e-03,8.7289834875e-03,8.4943830112e-03,8.3147742564e-03,8.4543528188e-03,8.1983910228e-03,7.9132162926e-03,7.6612625248e-03,7.4510476127e-03,7.2413650104e-03,7.0376980207e-03,6.8336021115e-03,6.6698216524e-03,6.5352541276e-03,6.3733914737e-03,6.2471685534e-03,6.1219045356e-03,5.9975994204e-03,5.9131808359e-03,3.1955941446e-03
30.5,5.7506901096e-03,8.4239930621e-03,9.3486420050e-03,9.1569003278e-03,8.9643828743e-03,8.8140747141e-03,8.6877729088e-03,8.4545041208e-03,8.2764524216e-03,8.4152735252e-03,8.1609719617e-03,7.8776736535e-03,7.6273621530e-03,7.4185171343e-03,7.2102017914e-03,7.0078749799e-03,6.8051209673e-03,6.6424165802e-03,6.5087089379e-03,6.3479134216e-03,6.2225128849e-03,6.0980667835e-03,5.9745751176e-03,5.8907058760e-03,3.1879380218e-03
31,5.7319533691e-03,8.3847726833e-03,9.3041292441e-03,9.1135099186e-03,8.9221169428e-03,8.7726612469e-03,8.6471000739e-03,8.4151437525e-03,8.2386233037e-03,8.3766971064e-03,8.1240302913e-03,7.8425794895e-03,7.5938850158e-03,7.3863888334e-03,7.1794197325e-03,6.9784124443e-03,6.7769796534e-03,6.6153347643e-03,6.4824738617e-03,6.3227290258e-03,6.1981382359e-03,6.0744974726e-03,5.9518067359e-03,5.8684783982e-03,3.1803130213e-03
31.5,5.7133972373e-03,8.3460583235e-03,9.2601986179e-03,9.0706853642e-03,8.8804005518e-03,8.7317851161e-03,8.6069538159e-03,8.3762912206e-03,8.2012769360e-03,8.3386133673e-03,8.0875564914e-03,7.8079250481e-03,7.5608230295e-03,7.3546551846e-03,7.1490118653e-03,6.9493039938e-03,6.7491722987e-03,6.5885707732e-03,6.4565438150e-03,6.2978336393e-03,6.1740402943e-03,6.0511926242e-03,5.9292906289e-03,5.8464949797e-03,3.1727212566e-03
32,5.6950201195e-03,8.3078396724e-03,9.2168379307e-03,9.0284148750e-03,8.8392223187e-03,8.6914352399e-03,8.5673233220e-03,8.3379361734e-03,8.1644036539e-03,8.3010124226e-03,8.0515413222e-03,7.7737018236e-03,7.5281683282e-03,7.3233088560e-03,7.1189713909e-03,6.9205433539e-03,6.7216931536e-03,6.5621192781e-03,6.4309138008e-03,6.2732226831e-03,6.1502148014e-03,6.0281482987e-03,5.9070231748e-03,5.8247522125e-03,3.1651646228e-03
32.5,5.6768203600e-03,8.2701067398e-03,9.1740353845e-03,8.9866870421e-03,8.7985712253e-03,8.6516008889e-03,8.5281981205e-03,8.3000685816e-03,8.1279940839e-03,8.2638846866e-03,8.0159758160e-03,7.7399015508e-03,7.4959132593e-03,7.2923427059e-03,7.0892916776e-03,6.8921243951e-03,6.6945365908e-03,6.5359750543e-03,6.4055789123e-03,6.2488916507e-03,6.1266575574e-03,6.0053606015e-03,5.8850007830e-03,5.8032467106e-03,3.1576448167e-03
33,5.6587962532e-03,8.2328498449e-03,9.1317795628e-03,8.9454908228e-03,8.7584366032e-03,8.6122716719e-03,8.4895680674e-03,8.2626787261e-03,8.0920391345e-03,8.2272208627e-03,7.9808512679e-03,7.7065161983e-03,7.4640503778e-03,7.2617497790e-03,7.0599662586e-03,6.8640411314e-03,6.6676971054e-03,6.5101329827e-03,6.3805343349e-03,6.2248361109e-03,6.1033644244e-03,5.9828256873e-03,5.8632198996e-03,5.7819751163e-03,3.1501633556e-03
33.5,5.6409460538e-03,8.1960596042e-03,9.0900594153e-03,8.9048155255e-03,8.7188081206e-03,8.5734375234e-03,8.4514233348e-03,8.2257571870e-03,8.0565299860e-03,8.1910119334e-03,7.9461592281e-03,7.6735379610e-03,7.4325724412e-03,7.2315233018e-03,7.0309888288e-03,6.8362877188e-03,6.6411693149e-03,6.4845880504e-03,6.3557753476e-03,6.2010517099e-03,6.0803313305e-03,5.9605397645e-03,5.8416770120e-03,5.7609341049e-03,3.1427215938e-03
34,5.6232679848e-03,8.1597269207e-03,9.0488642432e-03,8.8646507959e-03,8.6796757689e-03,8.5350886907e-03,8.4137543979e-03,8.1892948319e-03,8.0214580809e-03,8.1552491503e-03,7.9118914924e-03,7.6409592539e-03,7.4014724039e-03,7.2016566791e-03,7.0023532422e-03,6.8088584532e-03,6.6149479576e-03,6.4593353503e-03,6.3312973235e-03,6.1775341735e-03,6.0575542712e-03,5.9384990976e-03,5.8203686527e-03,5.7401203894e-03,3.1353207376e-03
34.5,5.6057602461e-03,8.1238429734e-03,9.0081836848e-03,8.8249866038e-03,8.6410298500e-03,8.4972157219e-03,8.3765520243e-03,8.1532828056e-03,7.9868151152e-03,8.1199240249e-03,7.8780400949e-03,7.6087727051e-03,7.3707434117e-03,7.1721434888e-03,6.9740535079e-03,6.7817477684e-03,6.5890278919e-03,6.4343700812e-03,6.3070957303e-03,6.1542793074e-03,6.0350293117e-03,5.9167000099e-03,5.7992914020e-03,5.7195307230e-03,3.1279618588e-03
35,5.5884210200e-03,8.0883992066e-03,8.9680077022e-03,8.7858132300e-03,8.6028609644e-03,8.4598094544e-03,8.3398072621e-03,8.1177125197e-03,7.9525930287e-03,8.0850283189e-03,7.8445972991e-03,7.5769711486e-03,7.3403787963e-03,7.1429774775e-03,6.9460837870e-03,6.7549502328e-03,6.5634040943e-03,6.4096875466e-03,6.2831661298e-03,6.1312829985e-03,6.0127525878e-03,5.8951388851e-03,5.7784418907e-03,5.6991619028e-03,3.1206459068e-03
35.5,5.5712484779e-03,8.0533873200e-03,8.9283265681e-03,8.7471212540e-03,8.5651599992e-03,8.4228610033e-03,8.3035114298e-03,8.0825756419e-03,7.9187839967e-03,8.0505540351e-03,7.8115555906e-03,7.5455476185e-03,7.3103720697e-03,7.1141525563e-03,6.9184383885e-03,6.7284605476e-03,6.5380716578e-03,6.3852831539e-03,6.2595041776e-03,6.1085412147e-03,5.9907203066e-03,5.8738121690e-03,5.7578168018e-03,5.6790107717e-03,3.1133737198e-03
36,5.5542407849e-03,8.0187992591e-03,8.8891308532e-03,8.7089015422e-03,8.5279181171e-03,8.3863617511e-03,8.2676561051e-03,8.0478640872e-03,7.8853804211e-03,8.0164934091e-03,7.7789076687e-03,7.5144953415e-03,7.2807169187e-03,7.0856627956e-03,6.8911117660e-03,6.7022735429e-03,6.5130257900e-03,6.3611524128e-03,6.2361056224e-03,6.0860500049e-03,5.9689287474e-03,5.8527163697e-03,5.7374128719e-03,5.6590742199e-03,3.1061460343e-03
36.5,5.5373961041e-03,7.9846272061e-03,8.8504114147e-03,8.6711452364e-03,8.4911267453e-03,8.3503033369e-03,8.2322331157e-03,8.0135700080e-03,7.8523749225e-03,7.9828389004e-03,7.7466464397e-03,7.4838077316e-03,7.2514071996e-03,7.0575024211e-03,6.8640985136e-03,6.6763841756e-03,6.4882618104e-03,6.3372909337e-03,6.2129663045e-03,6.0638054986e-03,5.9473742611e-03,5.8318480590e-03,5.7172268922e-03,5.6393491867e-03,3.0989634947e-03
37,5.5207126009e-03,7.9508635707e-03,8.8121593845e-03,8.6338437430e-03,8.4547775657e-03,8.3146776468e-03,8.1972345293e-03,7.9796857854e-03,7.8197603324e-03,7.9495831842e-03,7.7147650088e-03,7.4534783827e-03,7.2224369327e-03,7.0296658088e-03,6.8373933621e-03,6.6507875257e-03,6.4637751485e-03,6.3136944264e-03,6.1900821549e-03,6.0418039049e-03,5.9260532704e-03,5.8112038719e-03,5.6972557095e-03,5.6198326613e-03,3.0918266611e-03
37.5,5.5041884458e-03,7.9175009815e-03,8.7743661585e-03,8.5969887229e-03,8.4188625044e-03,8.2794768042e-03,8.1626526446e-03,7.9462040203e-03,7.7875296849e-03,7.9167191440e-03,7.6832566740e-03,7.4235010637e-03,7.1938002974e-03,7.0021474804e-03,6.8109911755e-03,6.6254787936e-03,6.4395613414e-03,6.2903586975e-03,6.1674491939e-03,6.0200415123e-03,5.9049622691e-03,5.7907805070e-03,5.6774962261e-03,5.6005216832e-03,3.0847360166e-03
38,5.4878218178e-03,7.8845322784e-03,8.7370233860e-03,8.5605720811e-03,8.3833737229e-03,8.2446931609e-03,8.1284799823e-03,7.9131175254e-03,7.7556762102e-03,7.8842398635e-03,7.6521149184e-03,7.3938697118e-03,7.1654916268e-03,6.9749420996e-03,6.7848869468e-03,6.6004532965e-03,6.4156160311e-03,6.2672796494e-03,6.1450635292e-03,5.9985146872e-03,5.8840978218e-03,5.7705747262e-03,5.6579454004e-03,5.5814133433e-03,3.0776919744e-03
38.5,5.4716109065e-03,7.8519505036e-03,8.7001229600e-03,8.5245859574e-03,8.3483036084e-03,8.2103192879e-03,8.0947092771e-03,7.8804193174e-03,7.7241933266e-03,7.8521386195e-03,7.6213334042e-03,7.3645784270e-03,7.1375054029e-03,6.9480444668e-03,6.7590757947e-03,6.5757064661e-03,6.3919349621e-03,6.2444532775e-03,6.1229213548e-03,5.9772198727e-03,5.8634565628e-03,5.7505833542e-03,5.6386002467e-03,5.5625047833e-03,3.0706948837e-03
39,5.4555539142e-03,7.8197488950e-03,8.6636570075e-03,8.4890227172e-03,8.3136447655e-03,8.1763479677e-03,8.0613334689e-03,7.8481026087e-03,7.6930746345e-03,7.8204088749e-03,7.5909059662e-03,7.3356214668e-03,7.1098362516e-03,6.9214495155e-03,6.7335529594e-03,6.5512338445e-03,6.3685139787e-03,6.2218756684e-03,6.1010189489e-03,5.9561535875e-03,5.8430351955e-03,5.7308032779e-03,5.6194578348e-03,5.5437931963e-03,3.0637450353e-03
39.5,5.4396490583e-03,7.7879208784e-03,8.6276178804e-03,8.4538749432e-03,8.2793900079e-03,8.1427721855e-03,8.0283456957e-03,7.8161608008e-03,7.6623139091e-03,7.7890442718e-03,7.5608266058e-03,7.3069932406e-03,7.0824789382e-03,6.8951523079e-03,6.7083137997e-03,6.5270310819e-03,6.3453490229e-03,6.1995429979e-03,6.0793526719e-03,5.9353124247e-03,5.8228304908e-03,5.7112314459e-03,5.6005152899e-03,5.5252758266e-03,3.0568426666e-03
40,5.4238945720e-03,7.7564600609e-03,8.5919981467e-03,8.4191354263e-03,8.2455323501e-03,8.1095851224e-03,7.9957392859e-03,7.7845874771e-03,7.6319050946e-03,7.7580386253e-03,7.5310894849e-03,7.2786883046e-03,7.0554283628e-03,6.8691480310e-03,6.6833537886e-03,6.5030939330e-03,6.3224361314e-03,6.1774515284e-03,6.0579189655e-03,5.9146930501e-03,5.8028392869e-03,5.6918648675e-03,5.5817697919e-03,5.5069499689e-03,3.0499879662e-03
40.5,5.4082887066e-03,7.7253602237e-03,8.5567905827e-03,8.3847971585e-03,8.2120650005e-03,8.0767801472e-03,7.9635077511e-03,7.7533763960e-03,7.6018422977e-03,7.7273859167e-03,7.5016889205e-03,7.2507013567e-03,7.0286795557e-03,6.8434319924e-03,6.6586685106e-03,6.4794182546e-03,6.2997714333e-03,6.1555976077e-03,6.0367143496e-03,5.8942922009e-03,5.7830584871e-03,5.6727006118e-03,5.5632185750e-03,5.4888129685e-03,3.0431810785e-03
41,5.3928297317e-03,7.6946153161e-03,8.5219881644e-03,8.3508533247e-03,8.1789813531e-03,8.0443508100e-03,7.9316447795e-03,7.7225214844e-03,7.5721197823e-03,7.6970802882e-03,7.4726193789e-03,7.2230272320e-03,7.0022276732e-03,6.8179996165e-03,6.6342536578e-03,6.4560000021e-03,6.2773511473e-03,6.1339776657e-03,6.0157354215e-03,5.8741066839e-03,5.7634850594e-03,5.6537358070e-03,5.5448589267e-03,5.4708622205e-03,3.0364221069e-03
41.5,5.3775159369e-03,7.6642194492e-03,8.4875840603e-03,8.3172972958e-03,8.1462749815e-03,8.0122908351e-03,7.9001442292e-03,7.6920168320e-03,7.5427319632e-03,7.6671160366e-03,7.4438754709e-03,7.1956608977e-03,6.9760679936e-03,6.7928464411e-03,6.6101050270e-03,6.4328352268e-03,6.2551715800e-03,6.1125882130e-03,5.9949788534e-03,5.8541333745e-03,5.7441160348e-03,5.6349676391e-03,5.5266881874e-03,5.4530951690e-03,3.0297111179e-03
42,5.3623456319e-03,7.6341668901e-03,8.4535716242e-03,8.2841226212e-03,8.1139396318e-03,7.9805941148e-03,7.8690001220e-03,7.6618566848e-03,7.5136734014e-03,7.6374876081e-03,7.4154519464e-03,7.1685974489e-03,6.9501959130e-03,6.7679681135e-03,6.5862185161e-03,6.4099200732e-03,6.2332291225e-03,6.0914258388e-03,5.9744413910e-03,5.8343692147e-03,5.7249485059e-03,5.6163933507e-03,5.5087037492e-03,5.4355093069e-03,3.0230481438e-03
42.5,5.3473171478e-03,7.6044520561e-03,8.4199443879e-03,8.2513230230e-03,8.0819692162e-03,7.9492547030e-03,7.8382066375e-03,7.6320354399e-03,7.4849387984e-03,7.6081895926e-03,7.3873436897e-03,7.1418321041e-03,6.9246069415e-03,6.7433603870e-03,6.5625901210e-03,6.3872507762e-03,6.2115202486e-03,6.0704872085e-03,5.9541198511e-03,5.8148112117e-03,5.7059796259e-03,5.5980102404e-03,5.4909030553e-03,5.4181021749e-03,3.0164331862e-03
43,5.3324288369e-03,7.5750695093e-03,8.3866960551e-03,8.2188923889e-03,8.0503578071e-03,7.9182668095e-03,7.8077581073e-03,7.6025476396e-03,7.4565229916e-03,7.5792167191e-03,7.3595457149e-03,7.1153602012e-03,6.8992966994e-03,6.7190191175e-03,6.5392159332e-03,6.3648236584e-03,6.1900415125e-03,6.0497690616e-03,5.9340111203e-03,5.7954564365e-03,5.6872066071e-03,5.5798156613e-03,5.4732835989e-03,5.4008713605e-03,3.0098662181e-03
43.5,5.3176790735e-03,7.5460139517e-03,8.3538204945e-03,8.1868247663e-03,8.0190996310e-03,7.8876247944e-03,7.7776490095e-03,7.5733879668e-03,7.4284209492e-03,7.5505638506e-03,7.3320531612e-03,7.0891771933e-03,6.8742609138e-03,6.6949402604e-03,6.5160921359e-03,6.3426351273e-03,6.1687895461e-03,6.0292682102e-03,5.9141121528e-03,5.7763020218e-03,5.6686267196e-03,5.5618070198e-03,5.4558429224e-03,5.3838144976e-03,3.0033471869e-03
44,5.3030662544e-03,7.5172802200e-03,8.3213117344e-03,8.1551143568e-03,7.9881890632e-03,7.8573231622e-03,7.7478739635e-03,7.5445512394e-03,7.4006277660e-03,7.5222259793e-03,7.3048612888e-03,7.0632786451e-03,6.8494954145e-03,6.6711198674e-03,6.4932150018e-03,6.3206816731e-03,6.1477610571e-03,6.0089815364e-03,5.8944199689e-03,5.7573451614e-03,5.6502372897e-03,5.5439817747e-03,5.4385786162e-03,5.3669292656e-03,2.9968760161e-03
44.5,5.2885887982e-03,7.4888632807e-03,8.2891639561e-03,8.1237555102e-03,7.9576206223e-03,7.8273565574e-03,7.7184277248e-03,7.5160324058e-03,7.3731386588e-03,7.4941982221e-03,7.2779654748e-03,7.0376602287e-03,6.8249961316e-03,6.6475540832e-03,6.4705808902e-03,6.2989598660e-03,6.1269528271e-03,5.9889059907e-03,5.8749316531e-03,5.7385831077e-03,5.6320356990e-03,5.5263374358e-03,5.4214883181e-03,5.3502133883e-03,2.9904526078e-03
45,5.2742451466e-03,7.4607582258e-03,8.2573714892e-03,8.0927427196e-03,7.9273889651e-03,7.7977197587e-03,7.6893051805e-03,7.4878265405e-03,7.3459489620e-03,7.4664758166e-03,7.2513612088e-03,7.0123177207e-03,6.8007590915e-03,6.6242391427e-03,6.4481862441e-03,6.2774663537e-03,6.1063617085e-03,5.9690385901e-03,5.8556443522e-03,5.7200131708e-03,5.6140193827e-03,5.5088715631e-03,5.4045697120e-03,5.3336646330e-03,2.9840768446e-03
45.5,5.2600337634e-03,7.4329602683e-03,8.2259288058e-03,8.0620706157e-03,7.8974888818e-03,7.7684076749e-03,7.6605013443e-03,7.4599288392e-03,7.3190541241e-03,7.4390541166e-03,7.2250440898e-03,6.9872469979e-03,6.7767804137e-03,6.6011713682e-03,6.4260275881e-03,6.2561978594e-03,6.0859846235e-03,5.9493764162e-03,5.8365552740e-03,5.7016327168e-03,5.5961858285e-03,5.4915817652e-03,5.3878205269e-03,5.3172808101e-03,2.9777485910e-03
46,5.2459531351e-03,7.4054647381e-03,8.1948305153e-03,8.0317339626e-03,7.8679152909e-03,7.7394153401e-03,7.6320113523e-03,7.4323346152e-03,7.2924497033e-03,7.4119285882e-03,7.1990098218e-03,6.9624440349e-03,6.7530563086e-03,6.5783471665e-03,6.4041015251e-03,6.2351511793e-03,6.0658185614e-03,5.9299166132e-03,5.8176616854e-03,5.6834391665e-03,5.5785325750e-03,5.4744656983e-03,5.3712385361e-03,5.3010597715e-03,2.9714676951e-03
46.5,5.2320017707e-03,7.3782670778e-03,8.1640713601e-03,8.0017276527e-03,7.8386632354e-03,7.7107379094e-03,7.6038304589e-03,7.4050392947e-03,7.2661313639e-03,7.3850948062e-03,7.1732542108e-03,6.9379049001e-03,6.7295830737e-03,6.5557630263e-03,6.3824047346e-03,6.2143231804e-03,6.0458605772e-03,5.9106563864e-03,5.7989609109e-03,5.6654299938e-03,5.5610572110e-03,5.4575210651e-03,5.3548215560e-03,5.2849994103e-03,2.9652339905e-03
47,5.2181782015e-03,7.3513628390e-03,8.1336462105e-03,7.9720467023e-03,7.8097278779e-03,7.6823706544e-03,7.5759540324e-03,7.3780384137e-03,7.2400948729e-03,7.3585484500e-03,7.1477731610e-03,6.9136257531e-03,6.7063570912e-03,6.5334155156e-03,6.3609339702e-03,6.1937107987e-03,6.0261077891e-03,5.8915930005e-03,5.7804503309e-03,5.6476027244e-03,5.5437573736e-03,5.4407456139e-03,5.3385674453e-03,5.2690976596e-03,2.9590472970e-03
47.5,5.2044809810e-03,7.3247476786e-03,8.1035500603e-03,7.9426862474e-03,7.7811044968e-03,7.6543089598e-03,7.5483775512e-03,7.3513276134e-03,7.2143360964e-03,7.3322853007e-03,7.1225626721e-03,6.8896028415e-03,6.6833748254e-03,6.5113012794e-03,6.3396860570e-03,6.1733110364e-03,6.0065573771e-03,5.8727237776e-03,5.7621273801e-03,5.6299549343e-03,5.5266307473e-03,5.4241371371e-03,5.3224741037e-03,5.2533524916e-03,2.9529074222e-03
48,5.1909086848e-03,7.2984173551e-03,8.0737780228e-03,7.9136415394e-03,7.7527884821e-03,7.6265483189e-03,7.5210966001e-03,7.3249026374e-03,7.1888509964e-03,7.3063012371e-03,7.0976188354e-03,6.8658324985e-03,6.6606328199e-03,6.4894170369e-03,6.3186578898e-03,6.1531209608e-03,5.9872065809e-03,5.8540460960e-03,5.7439895462e-03,5.6124842489e-03,5.5096750627e-03,5.4076934702e-03,5.3065394715e-03,5.2377619168e-03,2.9468141625e-03
48.5,5.1774599102e-03,7.2723677254e-03,8.0443253263e-03,7.8849079415e-03,7.7247753319e-03,7.5990843305e-03,7.4941068669e-03,7.2987593279e-03,7.1636356275e-03,7.2805922329e-03,7.0729378315e-03,6.8423111393e-03,6.6381276951e-03,6.4677595795e-03,6.2978464305e-03,6.1331377019e-03,5.9680526985e-03,5.8355573882e-03,5.7260343686e-03,5.5951883409e-03,5.4928880953e-03,5.3914124910e-03,5.2907615280e-03,5.2223239833e-03,2.9407673045e-03
49,5.1641332760e-03,7.2465947412e-03,8.0151873107e-03,7.8564809245e-03,7.6970606485e-03,7.5719126949e-03,7.4674041387e-03,7.2728936225e-03,7.1386861340e-03,7.2551543533e-03,7.0485159271e-03,6.8190352594e-03,6.6158561459e-03,6.4463257687e-03,6.2772487068e-03,6.1133584506e-03,5.9490930842e-03,5.8172551396e-03,5.7082594364e-03,5.5780649298e-03,5.4762676645e-03,5.3752921182e-03,5.2751382909e-03,5.2070367753e-03,2.9347666254e-03
49.5,5.1509274227e-03,7.2210944464e-03,7.9863594232e-03,7.8283560635e-03,7.6696401350e-03,7.5450292108e-03,7.4409842987e-03,7.2473015510e-03,7.1139987470e-03,7.2299837522e-03,7.0243494721e-03,6.7960014315e-03,6.5938149393e-03,6.4251125335e-03,6.2568618095e-03,6.0937804567e-03,5.9303251473e-03,5.7991368872e-03,5.6906623875e-03,5.5611117802e-03,5.4598116322e-03,5.3593303107e-03,5.2596678156e-03,5.1918984132e-03,2.9288118943e-03
50,5.1378410114e-03,7.1958629736e-03,7.9578372152e-03,7.8005290345e-03,7.6425095920e-03,7.5184297720e-03,7.4148433228e-03,7.2219792324e-03,7.0895697814e-03,7.2050766692e-03,7.0004348972e-03,6.7732063031e-03,6.5720009122e-03,6.4041168687e-03,6.2366828911e-03,6.0744010276e-03,5.9117463502e-03,5.7812002176e-03,5.6732409071e-03,5.5443267010e-03,5.4435179019e-03,5.3435250661e-03,5.2443481935e-03,5.1769070517e-03,2.9229028728e-03
50.5,5.1248727242e-03,7.1708965415e-03,7.9296163384e-03,7.7729956105e-03,7.6156649146e-03,7.4921103643e-03,7.3889772772e-03,7.1969228722e-03,7.0653956334e-03,7.1804294269e-03,6.9767687112e-03,6.7506465945e-03,6.5504109692e-03,6.3833358326e-03,6.2167091634e-03,6.0552175264e-03,5.8933542071e-03,5.7634427662e-03,5.6559927265e-03,5.5277075435e-03,5.4273844174e-03,5.3278744203e-03,5.2291775521e-03,5.1620608800e-03,2.9170393159e-03
51,5.1120212636e-03,7.1461914518e-03,7.9016925419e-03,7.7457516591e-03,7.5891020886e-03,7.4660670622e-03,7.3633823147e-03,7.1721287591e-03,7.0414727776e-03,7.1560384282e-03,6.9533474986e-03,6.7283190960e-03,6.5290420804e-03,6.3627665456e-03,6.1969378964e-03,6.0362273701e-03,5.8751462823e-03,5.7458622155e-03,5.6389156216e-03,5.5112522011e-03,5.4114091620e-03,5.3123764461e-03,5.2141540533e-03,5.1473581200e-03,2.9112209726e-03
51.5,5.0992853522e-03,7.1217440870e-03,7.8740616687e-03,7.7187931389e-03,7.5628171886e-03,7.4402960266e-03,7.3380546725e-03,7.1475932629e-03,7.0177977651e-03,7.1319001540e-03,6.9301679168e-03,6.7062206663e-03,6.5078912798e-03,6.3424061877e-03,6.1773664161e-03,6.0174280282e-03,5.8571201890e-03,5.7284562938e-03,5.6220074120e-03,5.4949586077e-03,5.3955901574e-03,5.2970292525e-03,5.1992758931e-03,5.1327970264e-03,2.9054475866e-03
52,5.0866637323e-03,7.0975509074e-03,7.8467196529e-03,7.6921160965e-03,7.5368063742e-03,7.4147935015e-03,7.3129906690e-03,7.1233128318e-03,6.9943672205e-03,7.1080111602e-03,6.9072266948e-03,6.6843482300e-03,6.4869556629e-03,6.3222519970e-03,6.1579921031e-03,5.9988170213e-03,5.8392735878e-03,5.7112227739e-03,5.6052659594e-03,5.4788247366e-03,5.3799254624e-03,5.2818309837e-03,5.1845413005e-03,5.1183758853e-03,2.8997188968e-03
52.5,5.0741551659e-03,7.0736084490e-03,7.8196625167e-03,7.6657166643e-03,7.5110658878e-03,7.3895558116e-03,7.2881867019e-03,7.0992839894e-03,6.9711778399e-03,7.0843680760e-03,6.8845206297e-03,6.6626987755e-03,6.4662323851e-03,6.3023012681e-03,6.1388123908e-03,5.9803919192e-03,5.8216041854e-03,5.6941594722e-03,5.5886891669e-03,5.4628485995e-03,5.3644131724e-03,5.2667798181e-03,5.1699485367e-03,5.1040930137e-03,2.8940346379e-03
53,5.0617584341e-03,7.0499133207e-03,7.7928863673e-03,7.6395910569e-03,7.4855920520e-03,7.3645793599e-03,7.2636392449e-03,7.0755033331e-03,6.9482263885e-03,7.0609676011e-03,6.8620465857e-03,6.6412693537e-03,6.4457186599e-03,6.2825513502e-03,6.1198247639e-03,5.9621503402e-03,5.8041097331e-03,5.6772642470e-03,5.5722749776e-03,5.4470282458e-03,5.3490514181e-03,5.2518739676e-03,5.1554958942e-03,5.0899467585e-03,2.8883945409e-03
53.5,5.0494723367e-03,7.0264622027e-03,7.7663873948e-03,7.6137355693e-03,7.4603812666e-03,7.3398606248e-03,7.2393448460e-03,7.0519675313e-03,6.9255096989e-03,7.0378065038e-03,6.8398014916e-03,6.6200570753e-03,6.4254117569e-03,6.2629996456e-03,6.1010267572e-03,5.9440899488e-03,5.7867880261e-03,5.6605349976e-03,5.5560213733e-03,5.4313617611e-03,5.3338383648e-03,5.2371116765e-03,5.1411816964e-03,5.0759354962e-03,2.8827983336e-03
54,5.0372956920e-03,7.0032518434e-03,7.7401618690e-03,7.5881465740e-03,7.4354300069e-03,7.3153961582e-03,7.2153001247e-03,7.0286733215e-03,6.9030246683e-03,7.0148816189e-03,6.8177823387e-03,6.5990591095e-03,6.4053090005e-03,6.2436436082e-03,6.0824159536e-03,5.9262084552e-03,5.7696369014e-03,5.6439696633e-03,5.5399263742e-03,5.4158472666e-03,5.3187722112e-03,5.2224912211e-03,5.1270042963e-03,5.0620576318e-03,2.8772457407e-03
54.5,5.0252273365e-03,6.9802790583e-03,7.7142061375e-03,7.5628205184e-03,7.4107348207e-03,7.2911825830e-03,7.1915017702e-03,7.0056175077e-03,6.8807682574e-03,6.9921898454e-03,6.7959861791e-03,6.5782726822e-03,6.3854077683e-03,6.2244807419e-03,6.0639899832e-03,5.9085036136e-03,5.7526542376e-03,5.6275662219e-03,5.5239880368e-03,5.4004829179e-03,5.3038511890e-03,5.2080109085e-03,5.1129620763e-03,5.0483115982e-03,2.8717364849e-03
55,5.0132661246e-03,6.9575407270e-03,7.6885166227e-03,7.5377539231e-03,7.3862923268e-03,7.2672165911e-03,7.1679465390e-03,6.9827969592e-03,6.8587374878e-03,6.9697281451e-03,6.7744101240e-03,6.5576950743e-03,6.3657054892e-03,6.2055085991e-03,6.0457465219e-03,5.8909732209e-03,5.7358379529e-03,5.6113226891e-03,5.5082044540e-03,5.3852669043e-03,5.2890735616e-03,5.1936690758e-03,5.0990534472e-03,5.0346958557e-03,2.8662702863e-03
55.5,5.0014109278e-03,6.9350337921e-03,7.6630898200e-03,7.5129433791e-03,7.3620992118e-03,7.2434949411e-03,7.1446312530e-03,6.9602086077e-03,6.8369294406e-03,6.9474935401e-03,6.7530513418e-03,6.5373236199e-03,6.3461996420e-03,6.1867247795e-03,6.0276832898e-03,5.8736151159e-03,5.7191860046e-03,5.5952371172e-03,5.4925737534e-03,5.3701974478e-03,5.2744376234e-03,5.1794640898e-03,5.0852768471e-03,5.0212088911e-03,2.8608468638e-03
56,4.9896606351e-03,6.9127552568e-03,7.6379222952e-03,7.4883855459e-03,7.3381522293e-03,7.2200144564e-03,7.1215527976e-03,6.9378494462e-03,6.8153412543e-03,6.9254831115e-03,6.7319070561e-03,6.5171557051e-03,6.3268877542e-03,6.1681269286e-03,6.0097980503e-03,5.8564271777e-03,5.7026963878e-03,5.5793075943e-03,5.4770940965e-03,5.3552728024e-03,5.2599416991e-03,5.1653943456e-03,5.0716307417e-03,5.0078492170e-03,2.8554659343e-03
56.5,4.9780141521e-03,6.8907021832e-03,7.6130106827e-03,7.4640771494e-03,7.3144481969e-03,7.1967720234e-03,7.0987081194e-03,6.9157165268e-03,6.7939701234e-03,6.9036939975e-03,6.7109745449e-03,6.4971887661e-03,6.3077674007e-03,6.1497127364e-03,5.9920886085e-03,5.8394073247e-03,5.6863671343e-03,5.5635322431e-03,5.4617636781e-03,5.3404912530e-03,5.2455841431e-03,5.1514582664e-03,5.0581136227e-03,4.9946153716e-03,2.8501272138e-03
57,4.9664704009e-03,6.8688716909e-03,7.5883516833e-03,7.4400149801e-03,7.2909839948e-03,7.1737645892e-03,7.0760942250e-03,6.8938069590e-03,6.7728132968e-03,6.8821233915e-03,6.6902511383e-03,6.4774202882e-03,6.2888362017e-03,6.1314799364e-03,5.9745528107e-03,5.8225535139e-03,5.6701963119e-03,5.5479092201e-03,5.4465807251e-03,5.3258511147e-03,5.2313633383e-03,5.1376543026e-03,5.0447240076e-03,4.9815059176e-03,2.8448304176e-03
57.5,4.9550283197e-03,6.8472609546e-03,7.5639420622e-03,7.4161958909e-03,7.2677565638e-03,7.1509891603e-03,7.0537081788e-03,6.8721179080e-03,6.7518680757e-03,6.8607685409e-03,6.6697342172e-03,6.4578478040e-03,6.2700918224e-03,6.1134263040e-03,5.9571885423e-03,5.8058637392e-03,5.6541820230e-03,5.5324367148e-03,5.4315434959e-03,5.3113507324e-03,5.2172776955e-03,5.1239809311e-03,5.0314604390e-03,4.9685194417e-03,2.8395752598e-03
58,4.9436868626e-03,6.8258672034e-03,7.5397786473e-03,7.3926167954e-03,7.2447629035e-03,7.1284428007e-03,7.0315471015e-03,6.8506465932e-03,6.7311318129e-03,6.8396267453e-03,6.6494212119e-03,6.4384688923e-03,6.2515319711e-03,6.0955496555e-03,5.9399937277e-03,5.7893360308e-03,5.6383224040e-03,5.5171129486e-03,5.4166502793e-03,5.2969884792e-03,5.2033256531e-03,5.1104366546e-03,5.0183214838e-03,4.9556545544e-03,2.8343614544e-03
58.5,4.9324449991e-03,6.8046877185e-03,7.5158583271e-03,7.3692746662e-03,7.2220000707e-03,7.1061226303e-03,7.0096081684e-03,6.8293902867e-03,6.7106019107e-03,6.8186953551e-03,6.6293096008e-03,6.4192811767e-03,6.2331543982e-03,6.0778478471e-03,5.9229663285e-03,5.7729684544e-03,5.6226156243e-03,5.5019361742e-03,5.4018993939e-03,5.2827627566e-03,5.1895056757e-03,5.0970200012e-03,5.0053057330e-03,4.9429098889e-03,2.8291887151e-03
59,4.9213017139e-03,6.7837198321e-03,7.4921780490e-03,7.3461665333e-03,7.1994651777e-03,7.0840258229e-03,6.9878886079e-03,6.8083463116e-03,6.6902758197e-03,6.7979717698e-03,6.6093969088e-03,6.4002823245e-03,6.2149568949e-03,6.0603187738e-03,5.9061043431e-03,5.7567591097e-03,5.6070598854e-03,5.4869046748e-03,5.3872891875e-03,5.2686719931e-03,5.1758162542e-03,5.0837295234e-03,4.9924118007e-03,4.9302841008e-03,2.8240567554e-03
59.5,4.9102560065e-03,6.7629609259e-03,7.4687348179e-03,7.3232894819e-03,7.1771553909e-03,7.0621496052e-03,6.9663857001e-03,6.7875120404e-03,6.6701510375e-03,6.7774534370e-03,6.5896807062e-03,6.3814700451e-03,6.1969372925e-03,6.0429603679e-03,5.8894058051e-03,5.7407061298e-03,5.5916534202e-03,5.4720167628e-03,5.3728180358e-03,5.2547146440e-03,5.1622559045e-03,5.0705637978e-03,4.9796383238e-03,4.9177758677e-03,2.8189652889e-03
60,4.8993068911e-03,6.7424084297e-03,7.4455256943e-03,7.3006406517e-03,7.1550679288e-03,7.0404912551e-03,6.9450967748e-03,6.7668848943e-03,6.6502251073e-03,6.7571378511e-03,6.5701586075e-03,6.3628420894e-03,6.1790934608e-03,6.0257705987e-03,5.8728687828e-03,5.7248076807e-03,5.5763944919e-03,5.4572707798e-03,5.3584843423e-03,5.2408891901e-03,5.1488231673e-03,5.0575214244e-03,4.9669839614e-03,4.9053838884e-03,2.8139140297e-03
60.5,4.8884533960e-03,6.7220598198e-03,7.4225477926e-03,7.2782172345e-03,7.1332000611e-03,7.0190481003e-03,6.9240192110e-03,6.7464623411e-03,6.6304956168e-03,6.7370225515e-03,6.5508282698e-03,6.3443962483e-03,6.1614233073e-03,6.0087474709e-03,5.8564913781e-03,5.7090619596e-03,5.5612813934e-03,5.4426650954e-03,5.3442865373e-03,5.2271941379e-03,5.1355166073e-03,5.0446010260e-03,4.9544473940e-03,4.8931068825e-03,2.8089026919e-03
61,4.8776945635e-03,6.7019126183e-03,7.3997982801e-03,7.2560164735e-03,7.1115491068e-03,6.9978175166e-03,6.9031504348e-03,6.7262418943e-03,6.6109601966e-03,6.7171051218e-03,6.5316873922e-03,6.3261303517e-03,6.1439247762e-03,5.9918890241e-03,5.8402717257e-03,5.6934671947e-03,5.5463124466e-03,5.4281981064e-03,5.3302230770e-03,5.2136280183e-03,5.1223348126e-03,5.0318012476e-03,4.9420273234e-03,4.8809435900e-03,2.8039309903e-03
61.5,4.8670294498e-03,6.6819643912e-03,7.3772743750e-03,7.2340356614e-03,7.0901124332e-03,6.9767969272e-03,6.8824879183e-03,6.7062211117e-03,6.5916165196e-03,6.6973831883e-03,6.5127337140e-03,6.3080422674e-03,6.1265958473e-03,5.9751933315e-03,5.8242079922e-03,5.6780216443e-03,5.5314860015e-03,5.4138682364e-03,5.3162924434e-03,5.2001893861e-03,5.1092763942e-03,5.0191207562e-03,4.9297224721e-03,4.8688927707e-03,2.7989986404e-03
62,4.8564571241e-03,6.6622127478e-03,7.3549733453e-03,7.2122721391e-03,7.0688874543e-03,6.9559838009e-03,6.8620291787e-03,6.6863975945e-03,6.5724622994e-03,6.6778544194e-03,6.4939650143e-03,6.2901299003e-03,6.1094345353e-03,5.9586584995e-03,5.8082983752e-03,5.6627235960e-03,5.5168004356e-03,5.3996739350e-03,5.3024931432e-03,5.1868768197e-03,5.0963399854e-03,5.0065582396e-03,4.9175315825e-03,4.8569532039e-03,2.7941053583e-03
62.5,4.8459766690e-03,6.6426553389e-03,7.3328925073e-03,7.1907232946e-03,7.0478716300e-03,6.9353756509e-03,6.8417717766e-03,6.6667689856e-03,6.5534952893e-03,6.6585165237e-03,6.4753791105e-03,6.2723911912e-03,6.0924388886e-03,5.9422826662e-03,5.7925411026e-03,5.6475713656e-03,5.5022541531e-03,5.3856136771e-03,5.2888237073e-03,5.1736889204e-03,5.0835242413e-03,4.9941124068e-03,4.9054534167e-03,4.8451236877e-03,2.7892508611e-03
63,4.8355871798e-03,6.6232898565e-03,7.3110292246e-03,7.1693865616e-03,7.0270624641e-03,6.9149700340e-03,6.8217133150e-03,6.6473329689e-03,6.5347132815e-03,6.6393672494e-03,6.4569738575e-03,6.2548241158e-03,6.0756069887e-03,5.9260640010e-03,5.7769344318e-03,5.6325632971e-03,5.4878455842e-03,5.3716859624e-03,5.2752826904e-03,5.1606243114e-03,5.0708278382e-03,4.9817819864e-03,4.8934867560e-03,4.8334030385e-03,2.7844348668e-03
63.5,4.8252877645e-03,6.6041140317e-03,7.2893809061e-03,7.1482594181e-03,7.0064575039e-03,6.8947645490e-03,6.8018514383e-03,6.6280872682e-03,6.5161141058e-03,6.6204043834e-03,6.4387471465e-03,6.2374266842e-03,6.0589369490e-03,5.9100007040e-03,5.7614766489e-03,5.6176977612e-03,5.4735731849e-03,5.3578893147e-03,5.2618686701e-03,5.1476816380e-03,5.0582494732e-03,4.9695657273e-03,4.8816304005e-03,4.8217900912e-03,2.7796570942e-03
64,4.8150775433e-03,6.5851256347e-03,7.2679450059e-03,7.1273393856e-03,6.9860543384e-03,6.8747568357e-03,6.7821838310e-03,6.6090296458e-03,6.4976956286e-03,6.6016257497e-03,6.4206969044e-03,6.2201969394e-03,6.0424269144e-03,5.8940910047e-03,5.7461660681e-03,5.6029731554e-03,5.4594354355e-03,5.3442222813e-03,5.2485802466e-03,5.1348595667e-03,5.0457878635e-03,4.9574623974e-03,4.8698831685e-03,4.8102836980e-03,2.7749172635e-03
64.5,4.8049556485e-03,6.5663224730e-03,7.2467190210e-03,7.1066240277e-03,6.9658505980e-03,6.8549445742e-03,6.7627082171e-03,6.5901579021e-03,6.4794557523e-03,6.5830292092e-03,6.4028210923e-03,6.2031329572e-03,6.0260750601e-03,5.8783331614e-03,5.7310010308e-03,5.5883879027e-03,5.4454308409e-03,5.3306834323e-03,5.2354160420e-03,5.1221567846e-03,5.0334417462e-03,4.9454707833e-03,4.8582438961e-03,4.7988827283e-03,2.7702150959e-03
65,4.7949212242e-03,6.5477023909e-03,7.2257004910e-03,7.0861109491e-03,6.9458439524e-03,6.8353254831e-03,6.7434223582e-03,6.5714698739e-03,6.4613924138e-03,6.5646126579e-03,6.3851177055e-03,6.1862328446e-03,6.0098795911e-03,5.8627254609e-03,5.7159799052e-03,5.5739404513e-03,5.4315579294e-03,5.3172713604e-03,5.2223746998e-03,5.1095719990e-03,5.0212098776e-03,4.9335896903e-03,4.8467114370e-03,4.7875860686e-03,2.7655503138e-03
65.5,4.7849734261e-03,6.5292632683e-03,7.2048869965e-03,7.0657977944e-03,6.9260321105e-03,6.8158973194e-03,6.7243240537e-03,6.5529634342e-03,6.4435035843e-03,6.5463740270e-03,6.3675847717e-03,6.1694947396e-03,5.9938387414e-03,5.8472662172e-03,5.7011010853e-03,5.5596292739e-03,5.4178152524e-03,5.3039846801e-03,5.2094548846e-03,5.0971039371e-03,5.0090910330e-03,4.9218179413e-03,4.8352846619e-03,4.7763926218e-03,2.7609226409e-03
66,4.7751114211e-03,6.5110030201e-03,7.1842761582e-03,7.0456822473e-03,6.9064128189e-03,6.7966578767e-03,6.7054111386e-03,6.5346364905e-03,6.4257872679e-03,6.5283112809e-03,6.3502203507e-03,6.1529168101e-03,5.9779507732e-03,5.8319537712e-03,5.6863629906e-03,5.5454528670e-03,5.4042013837e-03,5.2908220271e-03,5.1966552811e-03,5.0847513451e-03,4.9970840058e-03,4.9101543769e-03,4.8239624582e-03,4.7653013065e-03,2.7563318024e-03
66.5,4.7653343873e-03,6.4929195948e-03,7.1638656361e-03,7.0257620294e-03,6.8869838612e-03,6.7776049849e-03,6.6866814838e-03,6.5164869846e-03,6.4082415009e-03,6.5104224173e-03,6.3330225338e-03,6.1364972533e-03,5.9622139764e-03,5.8167864899e-03,5.6717640651e-03,5.5314097506e-03,5.3907149192e-03,5.2777820582e-03,5.1839745942e-03,5.0725129884e-03,4.9851876078e-03,4.8985978549e-03,4.8127437295e-03,4.7543110576e-03,2.7517775247e-03
67,4.7556415137e-03,6.4750109742e-03,7.1436531282e-03,7.0060348993e-03,6.8677430567e-03,6.7587365091e-03,6.6681329941e-03,6.4985128915e-03,6.3908643513e-03,6.4927054659e-03,6.3159894424e-03,6.1202342949e-03,5.9466266677e-03,5.8017627660e-03,5.6573027772e-03,5.5174984674e-03,5.3773544761e-03,5.2648634502e-03,5.1714115483e-03,5.0603876505e-03,4.9734006681e-03,4.8871472497e-03,4.8016273954e-03,4.7434208249e-03,2.7472595355e-03
67.5,4.7460319999e-03,6.4572751723e-03,7.1236363696e-03,6.9864986520e-03,6.8486882599e-03,6.7400503484e-03,6.6497636083e-03,6.4807122186e-03,6.3736539175e-03,6.4751584878e-03,6.2991192277e-03,6.1041261885e-03,5.9311871898e-03,5.7868810169e-03,5.6429776188e-03,5.5037175825e-03,5.3641186925e-03,5.2520648999e-03,5.1589648866e-03,5.0483741330e-03,4.9617220328e-03,4.8758014522e-03,4.7906123910e-03,4.7326295736e-03,2.7427775644e-03
68,4.7365050557e-03,6.4397102346e-03,7.1038131316e-03,6.9671511173e-03,6.8298173597e-03,6.7215444354e-03,6.6315712978e-03,6.4630830046e-03,6.3566083282e-03,6.4577795744e-03,6.2824100699e-03,6.0881712148e-03,5.9158939115e-03,5.7721396842e-03,5.6287871047e-03,5.4900656824e-03,5.3510062270e-03,5.2393851237e-03,5.1466333710e-03,5.0364712551e-03,4.9501505653e-03,4.8645593691e-03,4.7796976667e-03,4.7219362832e-03,2.7383313419e-03
68.5,4.7270599015e-03,6.4223142372e-03,7.0841812212e-03,6.9479901597e-03,6.8111282779e-03,6.7032167355e-03,6.6135540657e-03,6.4456233193e-03,6.3397257409e-03,6.4405668472e-03,6.2658601775e-03,6.0723676812e-03,5.9007452262e-03,5.7575372336e-03,5.6147297720e-03,5.4765413750e-03,5.3380157581e-03,5.2268228567e-03,5.1344157817e-03,5.0246778530e-03,4.9386851449e-03,4.8534199231e-03,4.7688821877e-03,4.7113399479e-03,2.7339206006e-03
69,4.7176957675e-03,6.4050852862e-03,7.0647384794e-03,6.9290136769e-03,6.7926189693e-03,6.6850652457e-03,6.5957099467e-03,6.4283312625e-03,6.3230043419e-03,6.4235184567e-03,6.2494677865e-03,6.0567139208e-03,5.8857395518e-03,5.7430721535e-03,5.6008041802e-03,5.4631432889e-03,5.3251459840e-03,5.2143768525e-03,5.1223109164e-03,5.0129927799e-03,4.9273246671e-03,4.8423820518e-03,4.7581649340e-03,4.7008395759e-03,2.7295450742e-03
69.5,4.7084118937e-03,6.3880215171e-03,7.0454827813e-03,6.9102195996e-03,6.7742874201e-03,6.6670879942e-03,6.5780370057e-03,6.4112049632e-03,6.3064423452e-03,6.4066325817e-03,6.2332311599e-03,6.0412082920e-03,5.8708753301e-03,5.7287429554e-03,5.5870089098e-03,5.4498700730e-03,5.3123956215e-03,5.2020458830e-03,5.1103175904e-03,5.0014149053e-03,4.9160680433e-03,4.8314447080e-03,4.7475448994e-03,4.6904341891e-03,2.7252044981e-03
70,4.6992075296e-03,6.3711210936e-03,7.0264120345e-03,6.8916058903e-03,6.7561316478e-03,6.6492830394e-03,6.5605333372e-03,6.3942425792e-03,6.2900379921e-03,6.3899074288e-03,6.2171485869e-03,6.0258491781e-03,5.8561510262e-03,5.7145481725e-03,5.5733425624e-03,5.4367203958e-03,5.2997634066e-03,5.1898287377e-03,5.0984346357e-03,4.9899431147e-03,4.9049141999e-03,4.8206068590e-03,4.7370210921e-03,4.6801228228e-03,2.7208986095e-03
70.5,4.6900819343e-03,6.3543822076e-03,7.0075241788e-03,6.8731705426e-03,6.7381496999e-03,6.6316484695e-03,6.5431970650e-03,6.3774422962e-03,6.2737895503e-03,6.3733412318e-03,6.2012183827e-03,6.0106349861e-03,5.8415651279e-03,5.7004863598e-03,5.5598037599e-03,5.4236929453e-03,5.2872480930e-03,5.1777242233e-03,5.0866609012e-03,4.9785763093e-03,4.8938620785e-03,4.8098674866e-03,4.7265925336e-03,4.6699045256e-03,2.7166271469e-03
71,4.6810343762e-03,6.3378030782e-03,6.9888171854e-03,6.8549115807e-03,6.7203396536e-03,6.6141824012e-03,6.5260263409e-03,6.3608023273e-03,6.2576953135e-03,6.3569322506e-03,6.1854388873e-03,5.9955641471e-03,5.8271161451e-03,5.6865560935e-03,5.5463911446e-03,5.4107864283e-03,5.2748484524e-03,5.1657311636e-03,5.0749952516e-03,4.9673134057e-03,4.8829106353e-03,4.7992255864e-03,4.7162582590e-03,4.6597783590e-03,2.7123898506e-03
71.5,4.6720641324e-03,6.3213819509e-03,6.9702890559e-03,6.8368270584e-03,6.7026996150e-03,6.5968829799e-03,6.5090193447e-03,6.3443209122e-03,6.2417536007e-03,6.3406787714e-03,6.1698084652e-03,5.9806351147e-03,5.8128026097e-03,5.6727559702e-03,5.5331033779e-03,5.3979995701e-03,5.2625632741e-03,5.1538483989e-03,5.0634365680e-03,4.9561533355e-03,4.8720588410e-03,4.7886801679e-03,4.7060173162e-03,4.6497433970e-03,2.7081864624e-03
72,4.6631704891e-03,6.3051170973e-03,6.9519378221e-03,6.8189150586e-03,6.6852277184e-03,6.5797483784e-03,6.4921742829e-03,6.3279963168e-03,6.2259627556e-03,6.3245791053e-03,6.1543255050e-03,5.9658463654e-03,5.7986230745e-03,5.6590846068e-03,5.5199391405e-03,5.3853311142e-03,5.2503913641e-03,5.1420747856e-03,5.0519837465e-03,4.9450950451e-03,4.8613056802e-03,4.7782302538e-03,4.6958687661e-03,4.6397987261e-03,2.7040167259e-03
72.5,4.6543527411e-03,6.2890068145e-03,6.9337615445e-03,6.8011736925e-03,6.6679221255e-03,6.5627767963e-03,6.4754893887e-03,6.3118268322e-03,6.2103211463e-03,6.3086315882e-03,6.1389884188e-03,5.9511963975e-03,5.7845761134e-03,5.6455406398e-03,5.5068971317e-03,5.3727798214e-03,5.2383315451e-03,5.1304091959e-03,5.0406356987e-03,4.9341374950e-03,4.8506501512e-03,4.7678748802e-03,4.6858116820e-03,4.6299434448e-03,2.6998803862e-03
73,4.6456101919e-03,6.2730494242e-03,6.9157583127e-03,6.7836010991e-03,6.6507810252e-03,6.5459664597e-03,6.4589629210e-03,6.2958107748e-03,6.1948271642e-03,6.2928345801e-03,6.1237956415e-03,5.9366837309e-03,5.7706603203e-03,5.6321227253e-03,5.4939760692e-03,5.3603444702e-03,5.2263826563e-03,5.1188505177e-03,5.0293913510e-03,4.9232796599e-03,4.8400912661e-03,4.7576130959e-03,4.6758451495e-03,4.6201766636e-03,2.6957771903e-03
73.5,4.6369421532e-03,6.2572432727e-03,6.8979262436e-03,6.7661954447e-03,6.6338026326e-03,6.5293156205e-03,6.4425931638e-03,6.2799464852e-03,6.1794792242e-03,6.2771864647e-03,6.1087456303e-03,5.9223069064e-03,5.7568743092e-03,5.6188295379e-03,5.4811746885e-03,5.3480238557e-03,5.2145435527e-03,5.1073976539e-03,5.0182496444e-03,4.9125205286e-03,4.8296280497e-03,4.7474439623e-03,4.6659682664e-03,4.6104975044e-03,2.6917068865e-03
74,4.6283479448e-03,6.2415867297e-03,6.8802634819e-03,6.7489549216e-03,6.6169851884e-03,6.5128225558e-03,6.4263784262e-03,6.2642323276e-03,6.1642757635e-03,6.2616856486e-03,6.0938368643e-03,5.9080644856e-03,5.7432167132e-03,5.6056597708e-03,5.4684917427e-03,5.3358167899e-03,5.2028131049e-03,5.0960495222e-03,5.0072095341e-03,4.9018591028e-03,4.8192595401e-03,4.7373665531e-03,4.6561801418e-03,4.6009051007e-03,2.6876692251e-03
74.5,4.6198268947e-03,6.2260781884e-03,6.8627681986e-03,6.7318777487e-03,6.6003269589e-03,6.4964855671e-03,6.4103170410e-03,6.2486666900e-03,6.1492152415e-03,6.2463305611e-03,6.0790678444e-03,5.8939550500e-03,5.7296861848e-03,5.5926121354e-03,5.4559260018e-03,5.3237221006e-03,5.1911901988e-03,5.0848050551e-03,4.9962699891e-03,4.8912943979e-03,4.8089847879e-03,4.7273799543e-03,4.6464798969e-03,4.5913985970e-03,2.6836639578e-03
75,4.6113783387e-03,6.2107160645e-03,6.8454385910e-03,6.7149621696e-03,6.5838262346e-03,6.4803029804e-03,6.3944073648e-03,6.2332479826e-03,6.1342961395e-03,6.2311196534e-03,6.0644370919e-03,5.8799772009e-03,5.7162813948e-03,5.5796853605e-03,5.4434762529e-03,5.3117386317e-03,5.1796737353e-03,5.0736631990e-03,4.9854299923e-03,4.8808254420e-03,4.7988028562e-03,4.7174832634e-03,4.6368666637e-03,4.5819771488e-03,2.6796908381e-03
75.5,4.6030016205e-03,6.1954987961e-03,6.8282728816e-03,6.6982064532e-03,6.5674813303e-03,6.4642731447e-03,6.3786477774e-03,6.2179746384e-03,6.1195169595e-03,6.2160513985e-03,6.0499431491e-03,5.8661295590e-03,5.7030010324e-03,5.5668781925e-03,5.4311412992e-03,5.2998652426e-03,5.1682626298e-03,5.0626229144e-03,4.9746885398e-03,4.8704512761e-03,4.7887128201e-03,4.7076755899e-03,4.6273395855e-03,4.5726399223e-03,2.6757496213e-03
76,4.5946960910e-03,6.1804248428e-03,6.8112693183e-03,6.6816088924e-03,6.5512905843e-03,6.4483944327e-03,6.3630366811e-03,6.2028451120e-03,6.1048762246e-03,6.2011242904e-03,6.0355845781e-03,5.8524107637e-03,5.6898438044e-03,5.5541893946e-03,5.4189199600e-03,5.2881008079e-03,5.1569558122e-03,5.0516831756e-03,4.9640446410e-03,4.8601709532e-03,4.7787137666e-03,4.6979560543e-03,4.6178978165e-03,4.5633860942e-03,2.6718400642e-03
76.5,4.5864611091e-03,6.1654926858e-03,6.7944261731e-03,6.6651678039e-03,6.5352523582e-03,6.4326652392e-03,6.3475725004e-03,6.1878578793e-03,6.0903724781e-03,6.1863368439e-03,6.0213599607e-03,5.8388194729e-03,5.6768084353e-03,5.5416177465e-03,5.4068110706e-03,5.2764442171e-03,5.1457522265e-03,5.0408429700e-03,4.9534973180e-03,4.8499835389e-03,4.7688047944e-03,4.6883237886e-03,4.6085405215e-03,4.5542148514e-03,2.6679619251e-03
77,4.5782960405e-03,6.1507008270e-03,6.7777417420e-03,6.6488815277e-03,6.5193650359e-03,6.4170839814e-03,6.3322536813e-03,6.1730114372e-03,6.0760042831e-03,6.1716875940e-03,6.0072678979e-03,5.8253543626e-03,5.6638936666e-03,5.5291620443e-03,5.3948134814e-03,5.2648943742e-03,5.1346508302e-03,5.0301012983e-03,4.9430456055e-03,4.8398881106e-03,4.7589850137e-03,4.6787779354e-03,4.5992668755e-03,4.5451253910e-03,2.6641149644e-03
77.5,4.5702002583e-03,6.1360477887e-03,6.7612143444e-03,6.6327484267e-03,6.5036270237e-03,6.4016490979e-03,6.3170786913e-03,6.1583043031e-03,6.0617702221e-03,6.1571750955e-03,5.9933070098e-03,5.8120141267e-03,5.6510982563e-03,5.5168211000e-03,5.3829260582e-03,5.2534501976e-03,5.1236505946e-03,5.0194571739e-03,4.9326885506e-03,4.8298837573e-03,4.7492535459e-03,4.6693176482e-03,4.5900760642e-03,4.5361169201e-03,2.6602989439e-03
78,4.5621731427e-03,6.1215321132e-03,6.7448423226e-03,6.6167668857e-03,6.4880367492e-03,6.3863590488e-03,6.3020460183e-03,6.1437350145e-03,6.0476688968e-03,6.1427979227e-03,5.9794759347e-03,5.7987974762e-03,5.6384209793e-03,5.5045937412e-03,5.3711476813e-03,5.2421106198e-03,5.1127505040e-03,5.0089096230e-03,4.9224252124e-03,4.8199695796e-03,4.7396095233e-03,4.6599420910e-03,4.5809672829e-03,4.5271886552e-03,2.6565136269e-03
78.5,4.5542140806e-03,6.1071523624e-03,6.7286240416e-03,6.6009353118e-03,6.4725926616e-03,6.3712123146e-03,6.2871541710e-03,6.1293021284e-03,6.0336989276e-03,6.1285546689e-03,5.9657733291e-03,5.7857031393e-03,5.6258606261e-03,5.4924788107e-03,5.3594772458e-03,5.2308745868e-03,5.1019495559e-03,4.9984576840e-03,4.9122546620e-03,4.8101446893e-03,4.7300520889e-03,4.6506504381e-03,4.5719397368e-03,4.5183398227e-03,2.6527587786e-03
79,4.5463224660e-03,6.0929071174e-03,6.7125578879e-03,6.5852521331e-03,6.4572932306e-03,6.3562073964e-03,6.2724016778e-03,6.1150042212e-03,6.0198589529e-03,6.1144439461e-03,5.9521978672e-03,5.7727298608e-03,5.6134160031e-03,5.4804751664e-03,5.3479136607e-03,5.2197410582e-03,5.0912467602e-03,4.9881004074e-03,4.9021759820e-03,4.8004082092e-03,4.7205803965e-03,4.6414418738e-03,4.5629926411e-03,4.5095696581e-03,2.6490341658e-03
79.5,4.5384976993e-03,6.0787949780e-03,6.6966422700e-03,6.5697157989e-03,6.4421369465e-03,6.3413428151e-03,6.2577870865e-03,6.1008398881e-03,6.0061476292e-03,6.1004643845e-03,5.9387482405e-03,5.7598764017e-03,5.6010859324e-03,5.4685816808e-03,5.3364558493e-03,5.2087090069e-03,5.0806411396e-03,4.9778368556e-03,4.8921882665e-03,4.7907592728e-03,4.7111936101e-03,4.6323155925e-03,4.5541252201e-03,4.5008774061e-03,2.6453395568e-03
80,4.5307391876e-03,6.0648145626e-03,6.6808756174e-03,6.5543247790e-03,6.4271223195e-03,6.3266171112e-03,6.2433089643e-03,6.0868077427e-03,5.9925636307e-03,6.0866146323e-03,5.9254231577e-03,5.7471415393e-03,5.5888692508e-03,5.4567972409e-03,5.3251027482e-03,5.1977774186e-03,5.0701317287e-03,4.9676661028e-03,4.8822906206e-03,4.7811970246e-03,4.7018909040e-03,4.6232707983e-03,4.5453367076e-03,4.4922623206e-03,2.6416747218e-03
80.5,4.5230463443e-03,6.0509645075e-03,6.6652563801e-03,6.5390775632e-03,6.4122478791e-03,6.3120288444e-03,6.2289658971e-03,6.0729064170e-03,5.9791056487e-03,6.0728933552e-03,5.9122213440e-03,5.7345240664e-03,5.5767648102e-03,5.4451207477e-03,5.3138533077e-03,5.1869452917e-03,5.0597175744e-03,4.9575872344e-03,4.8724821608e-03,4.7717206192e-03,4.6926714624e-03,4.6143067047e-03,4.5366263464e-03,4.4837236640e-03,2.6380394322e-03
81,4.5154185893e-03,6.0372434668e-03,6.6497830285e-03,6.5239726613e-03,6.3975121745e-03,6.2975765930e-03,6.2147564891e-03,6.0591345604e-03,5.9657723912e-03,6.0592992362e-03,5.8991415412e-03,5.7220227913e-03,5.5647714771e-03,5.4335511162e-03,5.3027064911e-03,5.1762116372e-03,5.0493977352e-03,4.9475993471e-03,4.8627620139e-03,4.7623292214e-03,4.6835344792e-03,4.6054225349e-03,4.5279933884e-03,4.4752607077e-03,2.6344334615e-03
81.5,4.5078553485e-03,6.0236501120e-03,6.6344540531e-03,6.5090086022e-03,6.3829137731e-03,6.2832589538e-03,6.2006793627e-03,6.0454908400e-03,5.9525625830e-03,6.0458309750e-03,5.8861825069e-03,5.7096365373e-03,5.5528881322e-03,5.4220872748e-03,5.2916612747e-03,5.1655754781e-03,5.0391712812e-03,4.9377015486e-03,4.8531293175e-03,4.7530220063e-03,4.6744791582e-03,4.5966175209e-03,4.5194370941e-03,4.4668727314e-03,2.6308565844e-03
82,4.5003560542e-03,6.0101831316e-03,6.6192679636e-03,6.4941839338e-03,6.3684512613e-03,6.2690745417e-03,6.1867331579e-03,6.0319739400e-03,5.9394749652e-03,6.0324872880e-03,5.8733430145e-03,5.6973641427e-03,5.5411136701e-03,5.4107281654e-03,5.2807166474e-03,5.1550358497e-03,5.0290372937e-03,4.9278929575e-03,4.8435832197e-03,4.7437981586e-03,4.6655047125e-03,4.5878909040e-03,4.5109567330e-03,4.4585590235e-03,2.6273085774e-03
82.5,4.4929201444e-03,5.9968412307e-03,6.6042232890e-03,6.4794972227e-03,6.3541232432e-03,6.2550219892e-03,6.1729165321e-03,6.0185825611e-03,5.9265082945e-03,6.0192669080e-03,5.8606218531e-03,5.6852044601e-03,5.5294469993e-03,5.3994727430e-03,5.2698716105e-03,5.1445917988e-03,5.0189948654e-03,4.9181727029e-03,4.8341228785e-03,4.7346568728e-03,4.6566103644e-03,4.5792419343e-03,4.5025515827e-03,4.4503188802e-03,2.6237892185e-03
83,4.4855470631e-03,5.9836231310e-03,6.5893185771e-03,6.4649470538e-03,6.3399283409e-03,6.2410999462e-03,6.1592281598e-03,6.0053154207e-03,5.9136613436e-03,6.0061685835e-03,5.8480178267e-03,5.6731563566e-03,5.5178870418e-03,5.3883199754e-03,5.2591251775e-03,5.1342423840e-03,5.0090430997e-03,4.9085399243e-03,4.8247474623e-03,4.7255973528e-03,4.6477953454e-03,4.5706698709e-03,4.4942209293e-03,4.4421516060e-03,2.6202982874e-03
83.5,4.4782362603e-03,5.9705275702e-03,6.5745523939e-03,6.4505320298e-03,6.3258651937e-03,6.2273070797e-03,6.1456667319e-03,5.9921712523e-03,5.9009329003e-03,5.9931910786e-03,5.8355297542e-03,5.6612187131e-03,5.5064327328e-03,5.3772688428e-03,5.2484763740e-03,5.1239866749e-03,4.9991811107e-03,4.8989937715e-03,4.8154561488e-03,4.7166188121e-03,4.6390588959e-03,4.5621739810e-03,4.4859640673e-03,4.4340565134e-03,2.6168355653e-03
84,4.4709871914e-03,5.9575533017e-03,6.5599233236e-03,6.4362507710e-03,6.3119324582e-03,6.2136420735e-03,6.1322309562e-03,5.9791488053e-03,5.8883217676e-03,5.9803331732e-03,5.8231564691e-03,5.6493904245e-03,5.4950830204e-03,5.3663183381e-03,5.2379242372e-03,5.1138237527e-03,4.9894080233e-03,4.8895334043e-03,4.8062481259e-03,4.7077204729e-03,4.6304002652e-03,4.5537535405e-03,4.4777802988e-03,4.4260329226e-03,2.6134008348e-03
84.5,4.4637993176e-03,5.9446990946e-03,6.5454299683e-03,6.4221019151e-03,6.2981288076e-03,6.2001036275e-03,6.1189195562e-03,5.9662468444e-03,5.8758267632e-03,5.9675936616e-03,5.8108968195e-03,5.6376703989e-03,5.4838368656e-03,5.3554674663e-03,5.2274678159e-03,5.1037527092e-03,4.9797229725e-03,4.8801579924e-03,4.7971225907e-03,4.6989015670e-03,4.6218187112e-03,4.5454078336e-03,4.4696689342e-03,4.4180801614e-03,2.6099938804e-03
85,4.4566721055e-03,5.9319637330e-03,6.5310709473e-03,6.4080841166e-03,6.2844529317e-03,6.1866904580e-03,6.1057312714e-03,5.9534641498e-03,5.8634467194e-03,5.9549713536e-03,5.7987496672e-03,5.6260575579e-03,5.4726932419e-03,5.3447152441e-03,5.2171061703e-03,5.0937726471e-03,4.9701251034e-03,4.8708667150e-03,4.7880787495e-03,4.6901613344e-03,4.6133135002e-03,4.5371361526e-03,4.4616292916e-03,4.4101975654e-03,2.6066144877e-03
85.5,4.4496050273e-03,5.9193460160e-03,6.5168448971e-03,6.3941960465e-03,6.2709035365e-03,6.1734012972e-03,6.0926648567e-03,5.9407995166e-03,5.8511804825e-03,5.9424650730e-03,5.7867138881e-03,5.6145508360e-03,5.4616511352e-03,5.3340607001e-03,5.2068383716e-03,5.0838826796e-03,4.9606135715e-03,4.8616587612e-03,4.7791158182e-03,4.6814990244e-03,4.6048839069e-03,4.5289377977e-03,4.4536606966e-03,4.4023844774e-03,2.6032624443e-03
86,4.4425975605e-03,5.9068447576e-03,6.5027504708e-03,6.3804363925e-03,6.2574793436e-03,6.1602348925e-03,6.0797190824e-03,5.9282517548e-03,5.8390269132e-03,5.9300736582e-03,5.7747883715e-03,5.6031491805e-03,5.4507095433e-03,5.3235028746e-03,5.1966635022e-03,5.0740819304e-03,4.9511875416e-03,4.8525333292e-03,4.7702330212e-03,4.6729138945e-03,4.5965292143e-03,4.5208120770e-03,4.4457624825e-03,4.3946402475e-03,2.5999375389e-03
86.5,4.4356491876e-03,5.8944587860e-03,6.4887863383e-03,6.3668038581e-03,6.2441790906e-03,6.1471900069e-03,6.0668927337e-03,5.9158196886e-03,5.8269848857e-03,5.9177959614e-03,5.7629720202e-03,5.5918515513e-03,5.4398674760e-03,5.3130408188e-03,5.1865806550e-03,5.0643695332e-03,4.9418461885e-03,4.8434896264e-03,4.7614295921e-03,4.6644052107e-03,4.5882487134e-03,4.5127583065e-03,4.4379339899e-03,4.3869642329e-03,2.5966395620e-03
87,4.4287593967e-03,5.8821869435e-03,6.4749511854e-03,6.3532971625e-03,6.2310015302e-03,6.1342654182e-03,6.0541846104e-03,5.9035021566e-03,5.8150532878e-03,5.9056308488e-03,5.7512637499e-03,5.5806569206e-03,5.4291239548e-03,5.3026735955e-03,5.1765889335e-03,5.0547446320e-03,4.9325886964e-03,4.8345268694e-03,4.7527047730e-03,4.6559722473e-03,4.5800417031e-03,4.5047758095e-03,4.4301745666e-03,4.3793557982e-03,2.5933683055e-03
87.5,4.4219276807e-03,5.8700280865e-03,6.4612437140e-03,6.3399150405e-03,6.2179454300e-03,6.1214599190e-03,6.0415935269e-03,5.8912980112e-03,5.8032310204e-03,5.8935771999e-03,5.7396624895e-03,5.5695642727e-03,5.4184780126e-03,5.2924002779e-03,5.1666874518e-03,5.0452063804e-03,4.9234142586e-03,4.8256442835e-03,4.7440578147e-03,4.6476142866e-03,4.5719074901e-03,4.4968639171e-03,4.4224835677e-03,4.3718143146e-03,2.5901235627e-03
88,4.4151535376e-03,5.8579810851e-03,6.4476626415e-03,6.3266562422e-03,6.2050095728e-03,6.1087723165e-03,6.0291183118e-03,5.8792061187e-03,5.7915169976e-03,5.8816339076e-03,5.7281671801e-03,5.5585726040e-03,5.4079286938e-03,5.2822199505e-03,5.1568753341e-03,5.0357539418e-03,4.9143220781e-03,4.8168411029e-03,4.7354879763e-03,4.6393306191e-03,4.5638453888e-03,4.4890219676e-03,4.4148603553e-03,4.3643391601e-03,2.5869051285e-03
88.5,4.4084364703e-03,5.8460448226e-03,6.4342067008e-03,6.3135195325e-03,6.1921927556e-03,6.0962014318e-03,6.0167578076e-03,5.8672253589e-03,5.7799101465e-03,5.8697998781e-03,5.7167767758e-03,5.5476809224e-03,5.3974750536e-03,5.2721317080e-03,5.1471517145e-03,5.0263864891e-03,4.9053113663e-03,4.8081165703e-03,4.7269945253e-03,4.6311205430e-03,4.5558547213e-03,4.4812493064e-03,4.4073042984e-03,4.3569297197e-03,2.5837127992e-03
89,4.4017759867e-03,5.8342181958e-03,6.4208746398e-03,6.3005036910e-03,6.1794937898e-03,6.0837461004e-03,6.0045108705e-03,5.8553546246e-03,5.7684094064e-03,5.8580740301e-03,5.7054902424e-03,5.5368882474e-03,5.3871161583e-03,5.2621346557e-03,5.1375157371e-03,5.0171032048e-03,4.8963813439e-03,4.7994699369e-03,4.7185767372e-03,4.6229833643e-03,4.5479348168e-03,4.4735452863e-03,4.3998147729e-03,4.3495853848e-03,2.5805463726e-03
89.5,4.3951715994e-03,5.8225001143e-03,6.4076652213e-03,6.2876075118e-03,6.1669115008e-03,6.0714051711e-03,5.9923763703e-03,5.8435928219e-03,5.7570137294e-03,5.8464552952e-03,5.6943065581e-03,5.5261936099e-03,5.3768510848e-03,5.2522279089e-03,5.1279665559e-03,5.0079032802e-03,4.8875312401e-03,4.7909004623e-03,4.7102338957e-03,4.6149183967e-03,4.5400850121e-03,4.4659092670e-03,4.3923911612e-03,4.3423055533e-03,2.5774056480e-03
90,4.3886228256e-03,5.8108895005e-03,6.3945772226e-03,6.2748298032e-03,6.1544447279e-03,6.0591775068e-03,5.9803531899e-03,5.8319388695e-03,5.7457220794e-03,5.8349426172e-03,5.6832247128e-03,5.5155960520e-03,5.3666789207e-03,5.2424105932e-03,5.1185033341e-03,4.9987859160e-03,4.8787602927e-03,4.7824074142e-03,4.7019652921e-03,4.6069249612e-03,4.5323046512e-03,4.4583406149e-03,4.3850328525e-03,4.3350896297e-03,2.5742904259e-03
90.5,4.3821291874e-03,5.7993852894e-03,6.3816094355e-03,6.2621693874e-03,6.1420923240e-03,6.0470619831e-03,5.9684402253e-03,5.8203916990e-03,5.7345334326e-03,5.8235349523e-03,5.6722437080e-03,5.5050946266e-03,5.3565987639e-03,5.2326818439e-03,5.1091252446e-03,4.9897503217e-03,4.8700677481e-03,4.7739900684e-03,4.6937702257e-03,4.5990023863e-03,4.5245930849e-03,4.4508387036e-03,4.3777392425e-03,4.3279370245e-03,2.5712005086e-03
91,4.3756902113e-03,5.7879864284e-03,6.3687606658e-03,6.2496251005e-03,6.1298531553e-03,6.0350574891e-03,5.9566363855e-03,5.8089502542e-03,5.7234467770e-03,5.8122312687e-03,5.6613625567e-03,5.4946883974e-03,5.3466097224e-03,5.2230408061e-03,5.0998314694e-03,4.9807957157e-03,4.8614528610e-03,4.7656477086e-03,4.6856480035e-03,4.5911500078e-03,4.5169496712e-03,4.4434029130e-03,4.3705097332e-03,4.3208471547e-03,2.5681356995e-03
91.5,4.3693054284e-03,5.7766918771e-03,6.3560297332e-03,6.2371957920e-03,6.1177261010e-03,6.0231629265e-03,5.9449405918e-03,5.7976134910e-03,5.7124611119e-03,5.8010305465e-03,5.6505802830e-03,5.4843764387e-03,5.3367109145e-03,5.2134866346e-03,5.0906211997e-03,4.9719213248e-03,4.8529148940e-03,4.7573796264e-03,4.6775979396e-03,4.5833671686e-03,4.5093737751e-03,4.4360326298e-03,4.3633437329e-03,4.3138194432e-03,2.5650958035e-03
92,4.3629743742e-03,5.7655006068e-03,6.3434154710e-03,6.2248803246e-03,6.1057100536e-03,6.0113772099e-03,5.9333517783e-03,5.7863803775e-03,5.7015754483e-03,5.7899317772e-03,5.6398959225e-03,5.4741578355e-03,5.3269014682e-03,5.2040184934e-03,5.0814936356e-03,4.9631263846e-03,4.8444531181e-03,4.7491851210e-03,4.6696193560e-03,4.5756532186e-03,4.5018647680e-03,4.4287272472e-03,4.3562406563e-03,4.3068533192e-03,2.5620806270e-03
92.5,4.3566965886e-03,5.7544116008e-03,6.3309167262e-03,6.2126775742e-03,6.0938039179e-03,5.9996992661e-03,5.9218688909e-03,5.7752498935e-03,5.6907888083e-03,5.7789339639e-03,5.6293085211e-03,5.4640316828e-03,5.3171805213e-03,5.1946355560e-03,5.0724479859e-03,4.9544101389e-03,4.8360668120e-03,4.7410634991e-03,4.6617115817e-03,4.5680075147e-03,4.4944220282e-03,4.4214861646e-03,4.3491999240e-03,4.2999482175e-03,2.5590899776e-03
93,4.3504716160e-03,5.7434238540e-03,6.3185323586e-03,6.2005864296e-03,6.0820066114e-03,5.9881280343e-03,5.9104908879e-03,5.7642210305e-03,5.6801002250e-03,5.7680361211e-03,5.6188171360e-03,5.4539970858e-03,5.3075472212e-03,5.1853370048e-03,5.0634834684e-03,4.9457718397e-03,4.8277552623e-03,4.7330140751e-03,4.6538739530e-03,4.5604294206e-03,4.4870449405e-03,4.4143087879e-03,4.3422209626e-03,4.2931035789e-03,2.5561236644e-03
93.5,4.3442990048e-03,5.7325363725e-03,6.3062612414e-03,6.1886057921e-03,6.0703170641e-03,5.9766624658e-03,5.8992167392e-03,5.7532927913e-03,5.6695087427e-03,5.7572372741e-03,5.6084208347e-03,5.4440531597e-03,5.2980007245e-03,5.1761220315e-03,5.0545993093e-03,4.9372107473e-03,4.8195177634e-03,4.7250361705e-03,4.6461058131e-03,4.5529183067e-03,4.4797328962e-03,4.4071945290e-03,4.3353032050e-03,4.2863188501e-03,2.5531814979e-03
94,4.3381783077e-03,5.7217481739e-03,6.2941022603e-03,6.1767345758e-03,6.0587342177e-03,5.9653015237e-03,5.8880454265e-03,5.7424641901e-03,5.6590134161e-03,5.7465364594e-03,5.5981186949e-03,5.4341990294e-03,5.2885401976e-03,5.1669898363e-03,5.0457947431e-03,4.9287261300e-03,4.8113536170e-03,4.7171291142e-03,4.6384065124e-03,4.5454735501e-03,4.4724852930e-03,4.4001428061e-03,4.3284460895e-03,4.2795934832e-03,2.5502632899e-03
94.5,4.3321090816e-03,5.7110582866e-03,6.2820543139e-03,6.1649717066e-03,6.0472570264e-03,5.9540441828e-03,5.8769759427e-03,5.7317342520e-03,5.6486133104e-03,5.7359327241e-03,5.5879098050e-03,5.4244338296e-03,5.2791648154e-03,5.1579396283e-03,5.0370690127e-03,4.9203172637e-03,4.8032621325e-03,4.7092922421e-03,4.6307754080e-03,4.5380945343e-03,4.4653015347e-03,4.3931530434e-03,4.3216490605e-03,4.2729269362e-03,2.5473688535e-03
95,4.3260908876e-03,5.7004657500e-03,6.2701163130e-03,6.1533161229e-03,6.0358844556e-03,5.9428894293e-03,5.8660072923e-03,5.7211020134e-03,5.6383075015e-03,5.7254251260e-03,5.5777932631e-03,5.4147567043e-03,5.2698737624e-03,5.1489706253e-03,5.0284213693e-03,4.9119834323e-03,4.7952426265e-03,4.7015248972e-03,4.6232118638e-03,4.5307806494e-03,4.4581810315e-03,4.3862246709e-03,4.3149115678e-03,4.2663186723e-03,2.5444980032e-03
95.5,4.3201232906e-03,5.6899696142e-03,6.2582871807e-03,6.1417667747e-03,6.0246154826e-03,5.9318362609e-03,5.8551384908e-03,5.7105665209e-03,5.6280950752e-03,5.7150127332e-03,5.5677681774e-03,5.4051668072e-03,5.2606662315e-03,5.1400820533e-03,5.0198510719e-03,4.9037239274e-03,4.7872944230e-03,4.6938264295e-03,4.6157152505e-03,4.5235312917e-03,4.4511231995e-03,4.3793571246e-03,4.3082330670e-03,4.2597681605e-03,2.5416505548e-03
96,4.3142058596e-03,5.6795689399e-03,6.2465658520e-03,6.1303226240e-03,6.0134490961e-03,5.9208836864e-03,5.8443685646e-03,5.7001268322e-03,5.6179751276e-03,5.7046946240e-03,5.5578336658e-03,5.3956633008e-03,5.2515414247e-03,5.1312731469e-03,5.0113573875e-03,4.8955380480e-03,4.7794168530e-03,4.6861961956e-03,4.6082849450e-03,4.5163458639e-03,4.4441274609e-03,4.3725498460e-03,4.3016130193e-03,4.2532748748e-03,2.5388263255e-03
96.5,4.3083381676e-03,5.6692627980e-03,6.2349512741e-03,6.1189826440e-03,6.0023842958e-03,5.9100307257e-03,5.8336965509e-03,5.6897820151e-03,5.6079467647e-03,5.6944698872e-03,5.5479888560e-03,5.3862453571e-03,5.2424985523e-03,5.1225431488e-03,5.0029395912e-03,4.8874251005e-03,4.7716092546e-03,4.6786335589e-03,4.6009203311e-03,4.5092237746e-03,4.4371932439e-03,4.3658022827e-03,4.2950508912e-03,4.2468382947e-03,2.5360251337e-03
97,4.3025197913e-03,5.6590502698e-03,6.2234424054e-03,6.1077458196e-03,5.9914200926e-03,5.8992764092e-03,5.8231214976e-03,5.6795311477e-03,5.5980091021e-03,5.6843376211e-03,5.5382328851e-03,5.3769121568e-03,5.2335368335e-03,5.1138913098e-03,4.9945969654e-03,4.8793843987e-03,4.7638709728e-03,4.6711378896e-03,4.5936207987e-03,4.5021644388e-03,4.4303199824e-03,4.3591138876e-03,4.2885461545e-03,4.2404579049e-03,2.5332467991e-03
97.5,4.2967503116e-03,5.6489304468e-03,6.2120382163e-03,6.0966111468e-03,5.9805555084e-03,5.8886197784e-03,5.8126424630e-03,5.6693733185e-03,5.5881612652e-03,5.6742969342e-03,5.5285648993e-03,5.3676628894e-03,5.2246554954e-03,5.1053168885e-03,4.9863288003e-03,4.8714152636e-03,4.7562013595e-03,4.6637085642e-03,4.5863857441e-03,4.4951672773e-03,4.4235071162e-03,4.3524841192e-03,4.2820982864e-03,4.2341331952e-03,2.5304911428e-03
98,4.2910293128e-03,5.6389024302e-03,6.2007376881e-03,6.0855776324e-03,5.9697895757e-03,5.8780598850e-03,5.8022585158e-03,5.6593076255e-03,5.5784023889e-03,5.6643469443e-03,5.5189840545e-03,5.3584967533e-03,5.2158537736e-03,5.0968191518e-03,4.9781343936e-03,4.8635170234e-03,4.7485997732e-03,4.6563449659e-03,4.5792145699e-03,4.4882317168e-03,4.4167540906e-03,4.3459124415e-03,4.2757067695e-03,4.2278636605e-03,2.5277579871e-03
98.5,4.2853563831e-03,5.6289653310e-03,6.1895398134e-03,6.0746442943e-03,5.9591213375e-03,5.8675957911e-03,5.7919687346e-03,5.6493331770e-03,5.5687316173e-03,5.6544867792e-03,5.5094895154e-03,5.3494129554e-03,5.2071309118e-03,5.0883973738e-03,4.9700130503e-03,4.8556890130e-03,4.7410655793e-03,4.6490464838e-03,4.5721066846e-03,4.4813571900e-03,4.4100603566e-03,4.3393983238e-03,4.2693710913e-03,4.2216488007e-03,2.5250471554e-03
99,4.2797311144e-03,5.6191182701e-03,6.1784435961e-03,6.0638101612e-03,5.9485498475e-03,5.8572265691e-03,5.7817722084e-03,5.6394490906e-03,5.5591481040e-03,5.6447155757e-03,5.5000804556e-03,5.3404107109e-03,5.1984861617e-03,5.0800508368e-03,4.9619640828e-03,4.8479305747e-03,4.7335981494e-03,4.6418125138e-03,4.5650615028e-03,4.4745431350e-03,4.4034253709e-03,4.3329412407e-03,4.2630907444e-03,4.2154881206e-03,2.5223584729e-03
99.5,4.2741531023e-03,5.6117534514e-03,6.1701431626e-03,6.0556996832e-03,5.9406298792e-03,5.8494605438e-03,5.7741308107e-03,5.6320475674e-03,5.5518349815e-03,5.6372396840e-03,5.4928238592e-03,5.3333944090e-03,5.1916845460e-03,5.0734284246e-03,4.9555202364e-03,4.8416583144e-03,4.7274979505e-03,4.6358506114e-03,4.5592168978e-03,4.4688345136e-03,4.3978244118e-03,4.3274467875e-03,4.2577016407e-03,4.2101710767e-03,2.5196917653e-03
100,4.2713469677e-03,5.6043640908e-03,6.1618072241e-03,6.0475687227e-03,5.9327041974e-03,5.8416856702e-03,5.7664915553e-03,5.6246391710e-03,5.5447919567e-03,5.6300773193e-03,5.4859884328e-03,5.3269323109e-03,5.1855469832e-03,5.0675614703e-03,4.9499235530e-03,4.8363282704e-03,4.7224347889e-03,4.6310012922e-03,4.5545350308e-03,4.4643652903e-03,4.3935176216e-03,4.3233018309e-03,4.2537179184e-03,4.2062957917e-03,2.5184017893e-03
100.5,4.2658533768e-03,5.5947641698e-03,6.1509900314e-03,6.0370068885e-03,5.9223982679e-03,5.8315768588e-03,5.7565510052e-03,5.6150031189e-03,5.5354480419e-03,5.6205503969e-03,5.4768141271e-03,5.3181540836e-03,5.1771168352e-03,5.0594216820e-03,4.9420734966e-03,4.8287610752e-03,4.7151509228e-03,4.6239447265e-03,4.5476623038e-03,4.4577175871e-03,4.3870442722e-03,4.3170016970e-03,4.2475898617e-03,4.2002842514e-03,2.5157742485e-03
101,4.2604059585e-03,5.5852510817e-03,6.1402708633e-03,6.0265407176e-03,5.9121856360e-03,5.8215595375e-03,5.7467003882e-03,5.6054542129e-03,5.5261882990e-03,5.6111092898e-03,5.4677222883e-03,5.3094545491e-03,5.1687620709e-03,5.0513545173e-03,4.9342933091e-03,4.8212610535e-03,4.7079315309e-03,4.6169504700e-03,4.5408501468e-03,4.4511283085e-03,4.3806276902e-03,4.3107566831e-03,4.2415152873e-03,4.1943250862e-03,2.5131682203e-03
101.5,4.2550043204e-03,5.5758239894e-03,6.1296487716e-03,6.0161692852e-03,5.9020654006e-03,5.8116328231e-03,5.7369388368e-03,5.5959916129e-03,5.5170119216e-03,5.6017531758e-03,5.4587121293e-03,5.3008329595e-03,5.1604819768e-03,5.0433592914e-03,4.9265823344e-03,4.8138275774e-03,4.7007760134e-03,4.6100179454e-03,4.5340980005e-03,4.4445969178e-03,4.3742673559e-03,4.3045662866e-03,4.2354937099e-03,4.1884178222e-03,2.5105835349e-03
102,4.2496480734e-03,5.5664820648e-03,6.1191228180e-03,6.0058916767e-03,5.8920366704e-03,5.8017958420e-03,5.7272654927e-03,5.5866144880e-03,5.5079181118e-03,5.5924812416e-03,5.4497828709e-03,5.2922885748e-03,5.1522758470e-03,5.0354353266e-03,4.9189399231e-03,4.8064600253e-03,4.6936837766e-03,4.6031465813e-03,4.5274053114e-03,4.4381228834e-03,4.3679627549e-03,4.2984300101e-03,4.2295246489e-03,4.1825619902e-03,2.5080200233e-03
102.5,4.2443368321e-03,5.5572244885e-03,6.1086920746e-03,5.9957069870e-03,5.8820985635e-03,5.7920477299e-03,5.7176795069e-03,5.5773220159e-03,5.4989060803e-03,5.5832926823e-03,5.4409337423e-03,5.2838206625e-03,5.1441429827e-03,5.0275819523e-03,4.9113654326e-03,4.7991577820e-03,4.6866542327e-03,4.5963358120e-03,4.5207715312e-03,4.4317056791e-03,4.3617133779e-03,4.2923473609e-03,4.2236076282e-03,4.1767571255e-03,2.5054775181e-03
103,4.2390702143e-03,5.5480504497e-03,6.0983556231e-03,5.9856143208e-03,5.8722502076e-03,5.7823876316e-03,5.7081800394e-03,5.5681133833e-03,5.4899750460e-03,5.5741867017e-03,5.4321639809e-03,5.2754284981e-03,5.1360826924e-03,5.0197985047e-03,4.9038582269e-03,4.7919202386e-03,4.6796868000e-03,4.5895850777e-03,4.5141961174e-03,4.4253447840e-03,4.3555187205e-03,4.2863178513e-03,4.2177421767e-03,4.1710027679e-03,2.5029558529e-03
103.5,4.2338478412e-03,5.5389591464e-03,6.0881125552e-03,5.9756127925e-03,5.8624907395e-03,5.7728147011e-03,5.6987662591e-03,5.5589877853e-03,5.4811242359e-03,5.5651625119e-03,5.4234728320e-03,5.2671113643e-03,5.1280942918e-03,5.0120843270e-03,4.8964176762e-03,4.7847467924e-03,4.6727809028e-03,4.5828938240e-03,4.5076785329e-03,4.4190396822e-03,4.3493782833e-03,4.2803409984e-03,4.2119278275e-03,4.1652984616e-03,2.5004548626e-03
104,4.2286693374e-03,5.5299497850e-03,6.0779619722e-03,5.9657015256e-03,5.8528193053e-03,5.7633281015e-03,5.6894373435e-03,5.5499444257e-03,5.4723528854e-03,5.5562193332e-03,5.4148595486e-03,5.2588685515e-03,5.1201771037e-03,5.0044387688e-03,4.8890431576e-03,4.7776368467e-03,4.6659359707e-03,4.5762615021e-03,4.5012182458e-03,4.4127898630e-03,4.3432915719e-03,4.2744163237e-03,4.2061641184e-03,4.1596437554e-03,2.4979743832e-03
104.5,4.2235343306e-03,5.5210215804e-03,6.0679029849e-03,5.9558796531e-03,5.8432350600e-03,5.7539270043e-03,5.6801924792e-03,5.5409825166e-03,5.4636602377e-03,5.5473563942e-03,5.4063233917e-03,5.2506993572e-03,5.1123304577e-03,4.9968611868e-03,4.8817340541e-03,4.7705898109e-03,4.6591514396e-03,4.5696875686e-03,4.4948147296e-03,4.4065948208e-03,4.3372580967e-03,4.2685433537e-03,4.2004505918e-03,4.1540382021e-03,2.4955142521e-03
105,4.2184424520e-03,5.5121737555e-03,6.0579347135e-03,5.9461463170e-03,5.8337371675e-03,5.7446105903e-03,5.6710308610e-03,5.5321012783e-03,5.4550455438e-03,5.5385729314e-03,5.3978636300e-03,5.2426030864e-03,5.1045536905e-03,4.9893509439e-03,4.8744897552e-03,4.7636051003e-03,4.6524267507e-03,4.5631714857e-03,4.4884674629e-03,4.4004540549e-03,4.3312773728e-03,4.2627216193e-03,4.1947867942e-03,4.1484813591e-03,2.4930743077e-03
105.5,4.2133933358e-03,5.5034055415e-03,6.0480562875e-03,5.9365006684e-03,5.8243248007e-03,5.7353780484e-03,5.6619516923e-03,5.5232999393e-03,5.4465080627e-03,5.5298681892e-03,5.3894795395e-03,5.2345790509e-03,5.0968461455e-03,4.9819074097e-03,4.8673096566e-03,4.7566821362e-03,4.6457613508e-03,4.5567127207e-03,4.4821759295e-03,4.3943670693e-03,4.3253489202e-03,4.2569506560e-03,4.1891722768e-03,4.1429727878e-03,2.4906543896e-03
106,4.2083866194e-03,5.4947161776e-03,6.0382668456e-03,5.9269418673e-03,5.8149971408e-03,5.7262285762e-03,5.6529541848e-03,5.5145777363e-03,5.4380470610e-03,5.5212414200e-03,5.3811704039e-03,5.2266265700e-03,5.0892071726e-03,4.9745299600e-03,4.8601931598e-03,4.7498203456e-03,4.6391546922e-03,4.5503107464e-03,4.4759396182e-03,4.3883333732e-03,4.3194722633e-03,4.2512300038e-03,4.1836065948e-03,4.1375120541e-03,2.4882543385e-03
106.5,4.2034219435e-03,5.4861049109e-03,6.0285655353e-03,5.9174690825e-03,5.8057533779e-03,5.7171613797e-03,5.6440375585e-03,5.5059339139e-03,5.4296618129e-03,5.5126918839e-03,5.3729355142e-03,5.2187449697e-03,5.0816361285e-03,4.9672179771e-03,4.8531396728e-03,4.7430191612e-03,4.6326062329e-03,4.5439650406e-03,4.4697580231e-03,4.3823524803e-03,4.3136469313e-03,4.2455592072e-03,4.1780893078e-03,4.1320987277e-03,2.4858739964e-03
107,4.1984989516e-03,5.4775709965e-03,6.0189515133e-03,5.9080814915e-03,5.7965927105e-03,5.7081756733e-03,5.6352010413e-03,5.4973677245e-03,5.4213516000e-03,5.5042188485e-03,5.3647741687e-03,5.2109335828e-03,5.0741323765e-03,4.9599708494e-03,4.8461486090e-03,4.7362780214e-03,4.6261154360e-03,4.5376750863e-03,4.4636306428e-03,4.3764239092e-03,4.3078724580e-03,4.2399378148e-03,4.1726199797e-03,4.1267323825e-03,2.4835132064e-03
107.5,4.1936172907e-03,5.4691136970e-03,6.0094239449e-03,5.8987782804e-03,5.7875143451e-03,5.6992706793e-03,5.6264438693e-03,5.4888784282e-03,5.4131157114e-03,5.4958215891e-03,5.3566856729e-03,5.2031917490e-03,5.0666952862e-03,4.9527879716e-03,4.8392193881e-03,4.7295963703e-03,4.6196817698e-03,4.5314403716e-03,4.4575569812e-03,4.3705471832e-03,4.3021483815e-03,4.2343653799e-03,4.1671981784e-03,4.1214125966e-03,2.4811718127e-03
108,4.1887766104e-03,5.4607322827e-03,5.9999820041e-03,5.8895586435e-03,5.7785174969e-03,5.6904456281e-03,5.6177652866e-03,5.4804652929e-03,5.4049534434e-03,5.4874993882e-03,5.3486693394e-03,5.1955188149e-03,5.0593242336e-03,4.9456687443e-03,4.8323514354e-03,4.7229736573e-03,4.6133047081e-03,4.5252603897e-03,4.4515365468e-03,4.3647218299e-03,4.2964742445e-03,4.2288414598e-03,4.1618234759e-03,4.1161389518e-03,2.4788496606e-03
108.5,4.1839765636e-03,5.4524260315e-03,5.9906248736e-03,5.8804217838e-03,5.7696013889e-03,5.6816997582e-03,5.6091645449e-03,5.4721275939e-03,5.3968640996e-03,5.4792515360e-03,5.3407244876e-03,5.1879141333e-03,5.0520186009e-03,4.9386125742e-03,4.8255441820e-03,4.7164093373e-03,4.6069837299e-03,4.5191346385e-03,4.4455688530e-03,4.3589473819e-03,4.2908495939e-03,4.2233656161e-03,4.1564954484e-03,4.1109110340e-03,2.4765465967e-03
109,4.1792168060e-03,5.4441942286e-03,5.9813517443e-03,5.8713669123e-03,5.7607652522e-03,5.6730323160e-03,5.6006409036e-03,5.4638646141e-03,5.3888469907e-03,5.4710773297e-03,5.3328504441e-03,5.1803770639e-03,5.0447777768e-03,4.9316188740e-03,4.8187970645e-03,4.7099028707e-03,4.6007183189e-03,4.5130626210e-03,4.4396534179e-03,4.3532233760e-03,4.2852739813e-03,4.2179374146e-03,4.1512136759e-03,4.1057284330e-03,2.4742624685e-03
109.5,4.1744969963e-03,5.4360361668e-03,5.9721618158e-03,5.8623932483e-03,5.7520083259e-03,5.6644425554e-03,5.5921936300e-03,5.4556756437e-03,5.3809014343e-03,5.4629760736e-03,5.3250465423e-03,5.1729069727e-03,5.0376011557e-03,4.9246870621e-03,4.8121095252e-03,4.7034537231e-03,4.5945079644e-03,4.5070438451e-03,4.4337897641e-03,4.3475493535e-03,4.2797469622e-03,4.2125564251e-03,4.1459777425e-03,4.1005907426e-03,2.4719971247e-03
110,4.1698167962e-03,5.4279511458e-03,5.9630542957e-03,5.8535000189e-03,5.7433298569e-03,5.6559297381e-03,5.5838219986e-03,5.4475599802e-03,5.3730267552e-03,5.4549470793e-03,5.3173121221e-03,5.1655032321e-03,5.0304881384e-03,4.9178165628e-03,4.8054810120e-03,4.6970613655e-03,4.5883521603e-03,4.5010778233e-03,4.4279774191e-03,4.3419248602e-03,4.2742680965e-03,4.2072222218e-03,4.1407872362e-03,4.0954975601e-03,2.4697504152e-03
110.5,4.1651758702e-03,5.4199384728e-03,5.9540283998e-03,5.8446864595e-03,5.7347290996e-03,5.6474931335e-03,5.5755252915e-03,5.4395169281e-03,5.3652222847e-03,5.4469896653e-03,5.3096465304e-03,5.1581652207e-03,5.0234381316e-03,4.9110068061e-03,4.7989109781e-03,4.6907252739e-03,4.5822504056e-03,4.4951640727e-03,4.4222159147e-03,4.3363494461e-03,4.2688369483e-03,4.2019343826e-03,4.1356417489e-03,4.0904484867e-03,2.4675221908e-03
111,4.1605738856e-03,5.4119974619e-03,5.9450833519e-03,5.8359518128e-03,5.7262053164e-03,5.6391320183e-03,5.5673027981e-03,5.4315457994e-03,5.3574873611e-03,5.4391031568e-03,5.3020491204e-03,5.1508923235e-03,5.0164505477e-03,4.9042572276e-03,4.7923988822e-03,4.6844449296e-03,4.5762022040e-03,4.4893021155e-03,4.4165047875e-03,4.3308226657e-03,4.2634530859e-03,4.1966924894e-03,4.1305408763e-03,4.0854431274e-03,2.4653123036e-03
111.5,4.1560105126e-03,5.4041274341e-03,5.9362183839e-03,5.8272953299e-03,5.7177577769e-03,5.6308456765e-03,5.5591538149e-03,5.4236459128e-03,5.3498213294e-03,5.4312868862e-03,5.2945192519e-03,5.1436839316e-03,5.0095248053e-03,4.8975672685e-03,4.7859441882e-03,4.6782198188e-03,4.5702070643e-03,4.4834914782e-03,4.4108435781e-03,4.3253440775e-03,4.2581160816e-03,4.1914961283e-03,4.1254842179e-03,4.0804810908e-03,2.4631206065e-03
112,4.1514854241e-03,5.3963277174e-03,5.9274327353e-03,5.8187162689e-03,5.7093857584e-03,5.6226333997e-03,5.5510776459e-03,5.4158165938e-03,5.3422235412e-03,5.4235401923e-03,5.2870562912e-03,5.1365394422e-03,5.0026603284e-03,4.8909363755e-03,4.7795463653e-03,4.6720494328e-03,4.5642644998e-03,4.4777316918e-03,4.4052318318e-03,4.3199132445e-03,4.2528255116e-03,4.1863448891e-03,4.1204713769e-03,4.0755619892e-03,2.4609469538e-03
112.5,4.1469982960e-03,5.3885976467e-03,5.9187256536e-03,5.8102138959e-03,5.7010885453e-03,5.6144944863e-03,5.5430736017e-03,5.4080571751e-03,5.3346933544e-03,5.4158624206e-03,5.2796596109e-03,5.1294582582e-03,4.9958565470e-03,4.8843640009e-03,4.7732048881e-03,4.6659332679e-03,4.5583740286e-03,4.4720222920e-03,4.3996690984e-03,4.3145297335e-03,4.2475809565e-03,4.1812383654e-03,4.1155019601e-03,4.0706854385e-03,2.4587912006e-03
113,4.1425488067e-03,5.3809365635e-03,5.9100963938e-03,5.8017874842e-03,5.6928654295e-03,5.6064282422e-03,5.5351410004e-03,5.4003669959e-03,5.3272301336e-03,5.4082529233e-03,5.2723285898e-03,5.1224397889e-03,4.9891128965e-03,4.8778496020e-03,4.7669192359e-03,4.6598708252e-03,4.5525351734e-03,4.4663628189e-03,4.3941549316e-03,4.3091931157e-03,4.2423820006e-03,4.1761761548e-03,4.1105755783e-03,4.0658510580e-03,2.4566532033e-03
113.5,4.1381366374e-03,5.3733438160e-03,5.9015442185e-03,5.7934363147e-03,5.6847157099e-03,5.5984339801e-03,5.5272791665e-03,5.3927454022e-03,5.3198332496e-03,5.4007110591e-03,5.2650626129e-03,5.1154834491e-03,4.9824288181e-03,4.8713926419e-03,4.7606888936e-03,4.6538616107e-03,4.5467474617e-03,4.4607528169e-03,4.3886888897e-03,4.3039029662e-03,4.2372282320e-03,4.1711578584e-03,4.1056918455e-03,4.0610584707e-03,2.4545328191e-03
114,4.1337614720e-03,5.3658187590e-03,5.8930683978e-03,5.7851596753e-03,5.6766386925e-03,5.5905110195e-03,5.5194874316e-03,5.3851917465e-03,5.3125020797e-03,5.3932361930e-03,5.2578610715e-03,5.1085886596e-03,4.9758037583e-03,4.8649925887e-03,4.7545133507e-03,4.6479051351e-03,4.5410104253e-03,4.4551918349e-03,4.3832705350e-03,4.2986588642e-03,4.2321192429e-03,4.1661830814e-03,4.1008503797e-03,4.0563073031e-03,2.4524299063e-03
114.5,4.1294229970e-03,5.3583607537e-03,5.8846682091e-03,5.7769568614e-03,5.6686336904e-03,5.5826586872e-03,5.5117651341e-03,5.3777053879e-03,5.3052360072e-03,5.3858276963e-03,5.2507233628e-03,5.1017548467e-03,4.9692371690e-03,4.8586489157e-03,4.7483921018e-03,4.6420009140e-03,4.5353236005e-03,4.4496794260e-03,4.3778994339e-03,4.2934603928e-03,4.2270546292e-03,4.1612514323e-03,4.0960508021e-03,4.0515971851e-03,2.4503443244e-03
115,4.1251209016e-03,5.3509691678e-03,5.8763429371e-03,5.7688271751e-03,5.6607000236e-03,5.5748763164e-03,5.5041116188e-03,5.3702856919e-03,5.2980344217e-03,5.3784849468e-03,5.2436488899e-03,5.0949814427e-03,4.9627285078e-03,4.8523611014e-03,4.7423246466e-03,4.6361484675e-03,4.5296865283e-03,4.4442151476e-03,4.3725751573e-03,4.2883071391e-03,4.2220339906e-03,4.1563625234e-03,4.0912927375e-03,4.0469277499e-03,2.4482759339e-03
115.5,4.1208548777e-03,5.3436433753e-03,5.8680918739e-03,5.7607699260e-03,5.6528370188e-03,5.5671632472e-03,5.4965262372e-03,5.3629320302e-03,5.2908967187e-03,5.3712073282e-03,5.2366370621e-03,5.0882678852e-03,4.9562772373e-03,4.8461286292e-03,4.7363104893e-03,4.6303473204e-03,4.5240987537e-03,4.4387985613e-03,4.3672972796e-03,4.2831986940e-03,4.2170569307e-03,4.1515159708e-03,4.0865758143e-03,4.0422986342e-03,2.4462245961e-03
116,4.1166246195e-03,5.3363827566e-03,5.8599143185e-03,5.7527844303e-03,5.6450440096e-03,5.5595188261e-03,5.4890083474e-03,5.3556437812e-03,5.2838223000e-03,5.3639942305e-03,5.2296872942e-03,5.0816136174e-03,4.9498828254e-03,4.8399509879e-03,4.7303491391e-03,4.6245970021e-03,4.5185598265e-03,4.4334292329e-03,4.3620653797e-03,4.2781346523e-03,4.2121230565e-03,4.1467113938e-03,4.0818996642e-03,4.0377094781e-03,2.4441901736e-03
116.5,4.1124298240e-03,5.3291866981e-03,5.8518095770e-03,5.7448700111e-03,5.6373203363e-03,5.5519424063e-03,5.4815573137e-03,5.3484203290e-03,5.2768105729e-03,5.3568450498e-03,5.2227990069e-03,5.0750180880e-03,4.9435447453e-03,4.8338276710e-03,4.7244401099e-03,4.6188970463e-03,4.5130693004e-03,4.4281067323e-03,4.3568790402e-03,4.2731146126e-03,4.2072319789e-03,4.1419484155e-03,4.0772639224e-03,4.0331599247e-03,2.4421725297e-03
117,4.1082701907e-03,5.3220545925e-03,5.8437769625e-03,5.7370259985e-03,5.6296653456e-03,5.5444333476e-03,5.4741725070e-03,5.3412610643e-03,5.2698609510e-03,5.3497591880e-03,5.2159716268e-03,5.0684807511e-03,4.9372624753e-03,4.8277581768e-03,4.7185829204e-03,4.6132469914e-03,4.5076267336e-03,4.4228306334e-03,4.3517378478e-03,4.2681381772e-03,4.2023833124e-03,4.1372266625e-03,4.0726682272e-03,4.0286496208e-03,2.4401715291e-03
117.5,4.1041454216e-03,5.3149858383e-03,5.8358157950e-03,5.7292517290e-03,5.6220783910e-03,5.5369910159e-03,5.4668533043e-03,5.3341653836e-03,5.2629728535e-03,5.3427360529e-03,5.2092045859e-03,5.0620010661e-03,4.9310354987e-03,4.8217420088e-03,4.7127770937e-03,4.6076463803e-03,4.5022316883e-03,4.4176005142e-03,4.3466413929e-03,4.2632049522e-03,4.1975766750e-03,4.1325457645e-03,4.0681122206e-03,4.0241782161e-03,2.4381870371e-03
118,4.1000552211e-03,5.3079798402e-03,5.8279254011e-03,5.7215465458e-03,5.6145588321e-03,5.5296147836e-03,5.4595990887e-03,5.3271326895e-03,5.2561457053e-03,5.3357750584e-03,5.2024973219e-03,5.0555784978e-03,4.9248633039e-03,4.8157786749e-03,4.7070221577e-03,4.6020947600e-03,4.4968837310e-03,4.4124159567e-03,4.3415892700e-03,4.2583145473e-03,4.1928116883e-03,4.1279053551e-03,4.0635955476e-03,4.0197453637e-03,2.4362189203e-03
118.5,4.0959992963e-03,5.3010360089e-03,5.8201051144e-03,5.7139097989e-03,5.6071060353e-03,5.5223040292e-03,5.4524092498e-03,5.3201623904e-03,5.2493789370e-03,5.3288756240e-03,5.1958492779e-03,5.0492125159e-03,4.9187453842e-03,4.8098676882e-03,4.7013176447e-03,4.5965916820e-03,4.4915824323e-03,4.4072765468e-03,4.3365810772e-03,4.2534665760e-03,4.1880879774e-03,4.1233050710e-03,4.0591178567e-03,4.0153507196e-03,2.4342670461e-03
119,4.0919773564e-03,5.2941537606e-03,5.8123542749e-03,5.7063408445e-03,5.5997193729e-03,5.5150581376e-03,5.4452831829e-03,5.3132539008e-03,5.2426719848e-03,5.3220371749e-03,5.1892599026e-03,5.0429025958e-03,4.9126812379e-03,4.8040085661e-03,4.6956630916e-03,4.5911367019e-03,4.4863273668e-03,4.4021818743e-03,4.3316164164e-03,4.2486606551e-03,4.1834051709e-03,4.1187445522e-03,4.0546787992e-03,4.0109939433e-03,2.4323312830e-03
119.5,4.0879891133e-03,5.2873325176e-03,5.8046722293e-03,5.6988390452e-03,5.5923982237e-03,5.5078764997e-03,5.4382202895e-03,5.3064066408e-03,5.2360242904e-03,5.3152591420e-03,5.1827286501e-03,5.0366482174e-03,4.9066703681e-03,4.7982008309e-03,4.6900580396e-03,4.5857293798e-03,4.4811181133e-03,4.3971315329e-03,4.3266948934e-03,4.2438964052e-03,4.1787629007e-03,4.1142234423e-03,4.0502780301e-03,4.0066746972e-03,2.4304115003e-03
120,4.0840342813e-03,5.2805717078e-03,5.7970583308e-03,5.6914037700e-03,5.5851419725e-03,5.5007585123e-03,5.4312199770e-03,5.2996200364e-03,5.2294353012e-03,5.3085409617e-03,5.1762549796e-03,5.0304488661e-03,4.9007122826e-03,4.7924440092e-03,4.6845020344e-03,4.5803692798e-03,4.4759542543e-03,4.3921251201e-03,4.3218161174e-03,4.2391734505e-03,4.1741608024e-03,4.1097413879e-03,4.0459152072e-03,4.0023926467e-03,2.4285075684e-03
120.5,4.0801125769e-03,5.2738707647e-03,5.7895119390e-03,5.6840343942e-03,5.5779500103e-03,5.4937035783e-03,5.4242816585e-03,5.2928935190e-03,5.2229044698e-03,5.3018820760e-03,5.1698383559e-03,5.0243040322e-03,4.8948064942e-03,4.7867376326e-03,4.6789946259e-03,4.5750559702e-03,4.4708353764e-03,4.3871622371e-03,4.3169797014e-03,4.2344914184e-03,4.1695985146e-03,4.1052980390e-03,4.0415899915e-03,3.9981474604e-03,2.4266193588e-03
121,4.0762237190e-03,5.2672291274e-03,5.7820324196e-03,5.6767302993e-03,5.5708217340e-03,5.4867111064e-03,5.4174047530e-03,5.2862265260e-03,5.2164312541e-03,5.2952819324e-03,5.1634782487e-03,5.0182132107e-03,4.8889525201e-03,4.7810812368e-03,4.6735353685e-03,4.5697890233e-03,4.4657610701e-03,4.3822424890e-03,4.3121852621e-03,4.2298499400e-03,4.1650756796e-03,4.1008930486e-03,4.0373020473e-03,3.9939388098e-03,2.4247467436e-03
121.5,4.0723674291e-03,5.2606462406e-03,5.7746191451e-03,5.6694908727e-03,5.5637565467e-03,5.4797805114e-03,5.4105886853e-03,5.2796184999e-03,5.2100151175e-03,5.2887399837e-03,5.1571741332e-03,5.0121759018e-03,4.8831498823e-03,4.7754743621e-03,4.6681238206e-03,4.5645680156e-03,4.4607309298e-03,4.3773654843e-03,4.3074324197e-03,4.2252486497e-03,4.1605919426e-03,4.0965260732e-03,4.0330510416e-03,3.9897663695e-03,2.4228895961e-03
122,4.0685434306e-03,5.2541215545e-03,5.7672714937e-03,5.6623155081e-03,5.5567538569e-03,5.4729112135e-03,5.4038328858e-03,5.2730688890e-03,5.2036555285e-03,5.2822556881e-03,5.1509254893e-03,5.0061916103e-03,4.8773981075e-03,4.7699165531e-03,4.6627595451e-03,4.5593925274e-03,4.4557445536e-03,4.3725308356e-03,4.3027207979e-03,4.2206871853e-03,4.1561469524e-03,4.0921967722e-03,4.0288366448e-03,3.9856298170e-03,2.4210477905e-03
122.5,4.0647514494e-03,5.2476545245e-03,5.7599888499e-03,5.6552036050e-03,5.5498130795e-03,5.4661026388e-03,5.3971367905e-03,5.2665771469e-03,5.1973519608e-03,5.2758285090e-03,5.1447318023e-03,5.0002598460e-03,4.8716967267e-03,4.7644073589e-03,4.6574421088e-03,4.5542621433e-03,4.4508015434e-03,4.3677381588e-03,4.2980500239e-03,4.2161651880e-03,4.1517403609e-03,4.0879048083e-03,4.0246585300e-03,3.9815288326e-03,2.4192212018e-03
123,4.0609912139e-03,5.2412446116e-03,5.7527706044e-03,5.6481545689e-03,5.5429336348e-03,5.4593542190e-03,5.3904998408e-03,5.2601427327e-03,5.1911038933e-03,5.2694579152e-03,5.1385925624e-03,4.9943801232e-03,4.8660452757e-03,4.7589463328e-03,4.6521710827e-03,4.5491764514e-03,4.4459015049e-03,4.3629870734e-03,4.2934197283e-03,4.2116823022e-03,4.1473718232e-03,4.0836498470e-03,4.0205163734e-03,3.9774630996e-03,2.4174097063e-03
123.5,4.0572624543e-03,5.2348912819e-03,5.7456161538e-03,5.6411678111e-03,5.5361149489e-03,5.4526653915e-03,5.3839214839e-03,5.2537651105e-03,5.1849108099e-03,5.2631433805e-03,5.1325072646e-03,4.9885519610e-03,4.8604432944e-03,4.7535330325e-03,4.6469460420e-03,4.5441350441e-03,4.4410440474e-03,4.3582772026e-03,4.2888295455e-03,4.2072381758e-03,4.1430409976e-03,4.0794315571e-03,4.0164098541e-03,3.9734323041e-03,2.4156131807e-03
124,4.0535649034e-03,5.2285940067e-03,5.7385249006e-03,5.6342427487e-03,5.5293564534e-03,5.4460355991e-03,5.3774011721e-03,5.2474437500e-03,5.1787721995e-03,5.2568843839e-03,5.1264754088e-03,4.9827748830e-03,4.8548903274e-03,4.7481670197e-03,4.6417665656e-03,4.5391375173e-03,4.4362287840e-03,4.3536081730e-03,4.2842791127e-03,4.2028324597e-03,4.1387475455e-03,4.0752496104e-03,4.0123386542e-03,3.9694361353e-03,2.4138315031e-03
124.5,4.0498982961e-03,5.2223522627e-03,5.7314962531e-03,5.6273788046e-03,5.5226575858e-03,5.4394642900e-03,5.3709383633e-03,5.2411781258e-03,5.1726875561e-03,5.2506804093e-03,5.1204965000e-03,4.9770484177e-03,4.8493859234e-03,4.7428478603e-03,4.6366322367e-03,4.5341834710e-03,4.4314553313e-03,4.3489796146e-03,4.2797680709e-03,4.1984648081e-03,4.1344911314e-03,4.0711036815e-03,4.0083024586e-03,3.9654742848e-03,2.4120645521e-03
125,4.0462623694e-03,5.2161655315e-03,5.7245296257e-03,5.6205754073e-03,5.5160177887e-03,5.4329509179e-03,5.3645325205e-03,5.2349677178e-03,5.1666563783e-03,5.2445309459e-03,5.1145700477e-03,4.9713720977e-03,4.8439296357e-03,4.7375751246e-03,4.6315426423e-03,4.5292725086e-03,4.4267233095e-03,4.3443911611e-03,4.2752960644e-03,4.1941348784e-03,4.1302714228e-03,4.0669934484e-03,4.0043009552e-03,3.9615464473e-03,2.4103122076e-03
125.5,4.0426568627e-03,5.2100332997e-03,5.7176244381e-03,5.6138319908e-03,5.5094365104e-03,5.4264949418e-03,5.3581831121e-03,5.2288120109e-03,5.1606781700e-03,5.2384354877e-03,5.1086955661e-03,4.9657454605e-03,4.8385210216e-03,4.7323483867e-03,4.6264973734e-03,4.5244042377e-03,4.4220323424e-03,4.3398424494e-03,4.2708627405e-03,4.1898423312e-03,4.1260880904e-03,4.0629185914e-03,4.0003338344e-03,3.9576523200e-03,2.4085743500e-03
126,4.0390815174e-03,5.2039550593e-03,5.7107801161e-03,5.6071479947e-03,5.5029132045e-03,5.4200958260e-03,5.3518896116e-03,5.2227104951e-03,5.1547524394e-03,5.2323935334e-03,5.1028725744e-03,4.9601680476e-03,4.8331596427e-03,4.7271672248e-03,4.6214960247e-03,4.5195782691e-03,4.4173820572e-03,4.3353331197e-03,4.2664677500e-03,4.1855868301e-03,4.1219408078e-03,4.0588787943e-03,3.9964007896e-03,3.9537916030e-03,2.4068508610e-03
126.5,4.0355360770e-03,5.1979303067e-03,5.7039960909e-03,5.6005228641e-03,5.4964473300e-03,5.4137530400e-03,5.3456514976e-03,5.2166626652e-03,5.1488786999e-03,5.2264045868e-03,5.0971005962e-03,4.9546394053e-03,4.8278450650e-03,4.7220312211e-03,4.6165381949e-03,4.5147942176e-03,4.4127720848e-03,4.3308628158e-03,4.2621107470e-03,4.1813680420e-03,4.1178292517e-03,4.0548737434e-03,3.9925015172e-03,3.9499639992e-03,2.4051416229e-03
127,4.0320202873e-03,5.1919585437e-03,5.6972717992e-03,5.5939560496e-03,5.4900383512e-03,5.4074660585e-03,5.3394682538e-03,5.2106680211e-03,5.1430564694e-03,5.2204681564e-03,5.0913791595e-03,4.9491590839e-03,4.8225768582e-03,4.7169399619e-03,4.6116234863e-03,4.5100517014e-03,4.4082020593e-03,4.3264311845e-03,4.2577913885e-03,4.1771856366e-03,4.1137531016e-03,4.0509031281e-03,3.9886357159e-03,3.9461692139e-03,2.4034465190e-03
127.5,4.0285338960e-03,5.1860392766e-03,5.6906066834e-03,5.5874470069e-03,5.4836857374e-03,5.4012343613e-03,5.3333393691e-03,5.2047260675e-03,5.1372852703e-03,5.2145837555e-03,5.0857077973e-03,4.9437266382e-03,4.8173545964e-03,4.7118930372e-03,4.6067515052e-03,4.5053503425e-03,4.4036716183e-03,4.3220378762e-03,4.2535093350e-03,4.1730392867e-03,4.1097120400e-03,4.0469666402e-03,3.9848030874e-03,3.9424069552e-03,2.4017654335e-03
128,4.0250766531e-03,5.1801720167e-03,5.6840001912e-03,5.5809951973e-03,5.4773889634e-03,5.3950574333e-03,5.3272643372e-03,5.1988363139e-03,5.1315646300e-03,5.2087509020e-03,5.0800860467e-03,4.9383416273e-03,4.8121778577e-03,4.7068900410e-03,4.6019218613e-03,4.5006897661e-03,4.3991804027e-03,4.3176825442e-03,4.2492642498e-03,4.1689286683e-03,4.1057057524e-03,4.0430639749e-03,3.9810033360e-03,3.9386769338e-03,2.4000982513e-03
128.5,4.0216483106e-03,5.1743562798e-03,5.6774517757e-03,5.5746000871e-03,5.4711475087e-03,5.3889347643e-03,5.3212426566e-03,5.1929982745e-03,5.1258940800e-03,5.2029691185e-03,5.0745134493e-03,4.9330036143e-03,4.8070462242e-03,4.7019305711e-03,4.5971341682e-03,4.4960696014e-03,4.3947280570e-03,4.3133648453e-03,4.2450557995e-03,4.1648534600e-03,4.1017339268e-03,4.0391948298e-03,3.9772361688e-03,3.9349788630e-03,2.3984448583e-03
129,4.0182486224e-03,5.1685915868e-03,5.6709608953e-03,5.5682611480e-03,5.4649608583e-03,5.3828658491e-03,5.3152738308e-03,5.1872114683e-03,5.1202731566e-03,5.1972379321e-03,5.0689895513e-03,4.9277121666e-03,4.8019592819e-03,4.6970142291e-03,4.5923880430e-03,4.4914894804e-03,4.3903142287e-03,4.3090844393e-03,4.2408836538e-03,4.1608133437e-03,4.0977962546e-03,4.0353589051e-03,3.9735012954e-03,3.9313124587e-03,2.3968051414e-03
129.5,4.0148773447e-03,5.1628774627e-03,5.6645270137e-03,5.5619778567e-03,5.4588285019e-03,5.3768501875e-03,5.3093573683e-03,5.1814754189e-03,5.1147014005e-03,5.1915568746e-03,5.0635139030e-03,4.9224668556e-03,4.7969166207e-03,4.6921406204e-03,4.5876831065e-03,4.4869490392e-03,4.3859385687e-03,4.3048409891e-03,4.2367474853e-03,4.1568080041e-03,4.0938924295e-03,4.0315559041e-03,3.9697984279e-03,3.9276774394e-03,2.3951789881e-03
130,4.0115342355e-03,5.1572134377e-03,5.6581495999e-03,5.5557496949e-03,5.4527499342e-03,5.3708872840e-03,5.3034927820e-03,5.1757896545e-03,5.1091783567e-03,5.1859254822e-03,5.0580860592e-03,4.9172672571e-03,4.7919178346e-03,4.6873093541e-03,4.5830189830e-03,4.4824479169e-03,4.3816007311e-03,4.3006341608e-03,4.2326469697e-03,4.1528371286e-03,4.0900221482e-03,4.0277855325e-03,3.9661272814e-03,3.9240735260e-03,2.3935662869e-03
130.5,4.0082190549e-03,5.1515990460e-03,5.6518281278e-03,5.5495761496e-03,5.4467246548e-03,5.3649766479e-03,5.2976795897e-03,5.1701537079e-03,5.1037035748e-03,5.1803432956e-03,5.0527055788e-03,4.9121129504e-03,4.7869625211e-03,4.6825200429e-03,4.5783953002e-03,4.4779857561e-03,4.3773003733e-03,4.2964636237e-03,4.2285817856e-03,4.1489004076e-03,4.0861851103e-03,4.0240474988e-03,3.9624875731e-03,3.9205004419e-03,2.3919669271e-03
131,4.0049315651e-03,5.1460338266e-03,5.6455620767e-03,5.5434567124e-03,5.4407521682e-03,5.3591177935e-03,5.2919173139e-03,5.1645671165e-03,5.0982766085e-03,5.1748098599e-03,5.0473720249e-03,4.9070035194e-03,4.7820502818e-03,4.6777723033e-03,4.5738116896e-03,4.4735622026e-03,4.3730371557e-03,4.2923290500e-03,4.2245516148e-03,4.1449975344e-03,4.0823810179e-03,4.0203415141e-03,3.9588790230e-03,3.9169579131e-03,2.3903807988e-03
131.5,4.0016715300e-03,5.1405173230e-03,5.6393509308e-03,5.5373908802e-03,5.4348319837e-03,5.3533102394e-03,5.2862054816e-03,5.1590294219e-03,5.0928970159e-03,5.1693247244e-03,5.0420849649e-03,4.9019385514e-03,4.7771807220e-03,4.6730657553e-03,4.5692677859e-03,4.4691769057e-03,4.3688107421e-03,4.2882301148e-03,4.2205561416e-03,4.1411282051e-03,4.0786095759e-03,4.0166672921e-03,3.9553013536e-03,3.9134456680e-03,2.3888077931e-03
132,3.9984387157e-03,5.1350490829e-03,5.6331941792e-03,5.5313781546e-03,5.4289636152e-03,5.3475535092e-03,5.2805436245e-03,5.1535401704e-03,5.0875643592e-03,5.1638874429e-03,5.0368439704e-03,4.8969176380e-03,4.7723534506e-03,4.6684000224e-03,4.5647632272e-03,4.4648295179e-03,4.3646207991e-03,4.2841664965e-03,4.2165950536e-03,4.1372921183e-03,4.0748704918e-03,4.0130245490e-03,3.9517542899e-03,3.9099634375e-03,2.3872478017e-03
132.5,3.9952328901e-03,5.1296286583e-03,5.6270913162e-03,5.5254180418e-03,5.4231465815e-03,5.3418471309e-03,5.2749312786e-03,5.1480989126e-03,5.0822782050e-03,5.1584975735e-03,5.0316486167e-03,4.8919403746e-03,4.7675680803e-03,4.6637747319e-03,4.5602976552e-03,4.4605196947e-03,4.3604669967e-03,4.2801378762e-03,4.2126680410e-03,4.1334889757e-03,4.0711634759e-03,4.0094130038e-03,3.9482375593e-03,3.9065109546e-03,2.3857007173e-03
133,3.9920538231e-03,5.1242556059e-03,5.6210418408e-03,5.5195100532e-03,5.4173804059e-03,5.3361906370e-03,5.2693679847e-03,5.1427052033e-03,5.0770381239e-03,5.1531546784e-03,5.0264984836e-03,4.8870063602e-03,4.7628242274e-03,4.6591895144e-03,4.5558707147e-03,4.4562470952e-03,4.3563490077e-03,4.2761439380e-03,4.2087747970e-03,4.1297184814e-03,4.0674882411e-03,4.0058323778e-03,3.9447508916e-03,3.9030879552e-03,2.3841664333e-03
133.5,3.9889012865e-03,5.1189294864e-03,5.6150452567e-03,5.5136537047e-03,5.4116646163e-03,5.3305835648e-03,5.2638532877e-03,5.1373586017e-03,5.0718436905e-03,5.1478583241e-03,5.0213931547e-03,4.8821151978e-03,4.7581215119e-03,4.6546440039e-03,4.5514820540e-03,4.4520113814e-03,4.3522665081e-03,4.2721843691e-03,4.2049150175e-03,4.1259803426e-03,4.0638445028e-03,4.0022823950e-03,3.9412940193e-03,3.8996941771e-03,2.3826448441e-03
134,3.9857750539e-03,5.1136498646e-03,5.6091010729e-03,5.5078485167e-03,5.4059987452e-03,5.3250254558e-03,5.2583867370e-03,5.1320586712e-03,5.0666944837e-03,5.1426080810e-03,5.0163322174e-03,4.8772664943e-03,4.7534595574e-03,4.6501378380e-03,4.5471313246e-03,4.4478122185e-03,4.3482191767e-03,4.2682588592e-03,4.2010884012e-03,4.1222742688e-03,4.0602319790e-03,3.9987627817e-03,3.9378666770e-03,3.8963293608e-03,2.3811358446e-03
134.5,3.9826749010e-03,5.1084163098e-03,5.6032088025e-03,5.5020940145e-03,5.4003823296e-03,5.3195158560e-03,5.2529678865e-03,5.1268049794e-03,5.0615900863e-03,5.1374035239e-03,5.0113152633e-03,4.8724598600e-03,4.7488379907e-03,4.6456706577e-03,4.5428181812e-03,4.4436492749e-03,4.3442066955e-03,4.2643671013e-03,4.1972946497e-03,4.1185999722e-03,4.0566503903e-03,3.9952732669e-03,3.9344686018e-03,3.8929932488e-03,2.3796393308e-03
135,3.9796006050e-03,5.1032283953e-03,5.5973679638e-03,5.4963897278e-03,5.3948149110e-03,5.3140543156e-03,5.2475962940e-03,5.1215970981e-03,5.0565300850e-03,5.1322442315e-03,5.0063418878e-03,4.8676949091e-03,4.7442564427e-03,4.6412421072e-03,4.5385422820e-03,4.4395222219e-03,4.3402287493e-03,4.2605087908e-03,4.1935334671e-03,4.1149571677e-03,4.0530994600e-03,3.9918135818e-03,3.9310995332e-03,3.8896855862e-03,2.3781551993e-03
135.5,3.9765519454e-03,5.0980856983e-03,5.5915780795e-03,5.4907351910e-03,5.3892960352e-03,5.3086403895e-03,5.2422715221e-03,5.1164346032e-03,5.0515140707e-03,5.1271297866e-03,5.0014116900e-03,4.8629712594e-03,4.7397145473e-03,4.6368518342e-03,4.5343032880e-03,4.4354307339e-03,4.3362850258e-03,4.2566836261e-03,4.1898045604e-03,4.1113455730e-03,4.0495789135e-03,3.9883834601e-03,3.9277592129e-03,3.8864061201e-03,2.3766833477e-03
136,3.9735287031e-03,5.0929878004e-03,5.5858386769e-03,5.4851299429e-03,5.3838252524e-03,5.3032736365e-03,5.2369931370e-03,5.1113170746e-03,5.0465416379e-03,5.1220597758e-03,4.9965242729e-03,4.8582885322e-03,4.7352119420e-03,4.6324994895e-03,4.5301008635e-03,4.4313744885e-03,4.3323752157e-03,4.2528913084e-03,4.1861076391e-03,4.1077649079e-03,4.0460884790e-03,3.9849826381e-03,3.9244473852e-03,3.8831546001e-03,2.3752236741e-03
136.5,3.9705306612e-03,5.0879342870e-03,5.5801492880e-03,5.4795735265e-03,5.3784021172e-03,5.2979536198e-03,5.2317607095e-03,5.1062440963e-03,5.0416123852e-03,5.1170337898e-03,4.9916792434e-03,4.8536463525e-03,4.7307482677e-03,4.6281847275e-03,4.5259346761e-03,4.4273531660e-03,4.3284990123e-03,4.2491315417e-03,4.1824424156e-03,4.1042148951e-03,4.0426278871e-03,3.9816108542e-03,3.9211637963e-03,3.8799307779e-03,2.3737760776e-03
137,3.9675576042e-03,5.0829247476e-03,5.5745094491e-03,5.4740654896e-03,5.3730261884e-03,5.2926799068e-03,5.2265738143e-03,5.1012152562e-03,5.0367259148e-03,5.1120514232e-03,4.9868762120e-03,4.8490443488e-03,4.7263231686e-03,4.6239072054e-03,4.5218043963e-03,4.4233664500e-03,4.3246561119e-03,4.2454040324e-03,4.1788086048e-03,4.1006952597e-03,4.0391968709e-03,3.9782678493e-03,3.9179081950e-03,3.8767344075e-03,2.3723404581e-03
137.5,3.9646093188e-03,5.0779587753e-03,5.5689187011e-03,5.4686053840e-03,5.3676970290e-03,5.2874520691e-03,5.2214320303e-03,5.0962301463e-03,5.0318818328e-03,5.1071122744e-03,4.9821147927e-03,4.8444821531e-03,4.7219362925e-03,4.6196665841e-03,4.5177096978e-03,4.4194140267e-03,4.3208462138e-03,4.2417084899e-03,4.1752059240e-03,4.0972057294e-03,4.0357951657e-03,3.9749533666e-03,3.9146803322e-03,3.8735652450e-03,2.3709167161e-03
138,3.9616855932e-03,5.0730359677e-03,5.5633765893e-03,5.4631927661e-03,5.3624142063e-03,5.2822696822e-03,5.2163349403e-03,5.0912883623e-03,5.0270797490e-03,5.1022159455e-03,4.9773946036e-03,4.8399594010e-03,4.7175872902e-03,4.6154625272e-03,4.5136502571e-03,4.4154955854e-03,4.3170690196e-03,4.2380446262e-03,4.1716340935e-03,4.0937460342e-03,4.0324225094e-03,3.9716671517e-03,3.9114799610e-03,3.8704230487e-03,2.3695047531e-03
138.5,3.9587862175e-03,5.0681559256e-03,5.5578826632e-03,5.4578271962e-03,5.3571772917e-03,5.2771323259e-03,5.2112821312e-03,5.0863895039e-03,5.0223192771e-03,5.0973620427e-03,4.9727152660e-03,4.8354757312e-03,4.7132758159e-03,4.6112947017e-03,4.5096257540e-03,4.4116108182e-03,4.3133242340e-03,4.2344121558e-03,4.1680928357e-03,4.0903159066e-03,4.0290786422e-03,3.9684089523e-03,3.9083068370e-03,3.8673075792e-03,2.3681044710e-03
139,3.9559109834e-03,5.0633182541e-03,5.5524364769e-03,5.4525082392e-03,5.3519858606e-03,5.2720395839e-03,5.2062731938e-03,5.0815331746e-03,5.0176000343e-03,5.0925501756e-03,4.9680764050e-03,4.8310307861e-03,4.7090015271e-03,4.6071627776e-03,4.5056358712e-03,4.4077594201e-03,4.3096115643e-03,4.2308107960e-03,4.1645818760e-03,4.0869150817e-03,4.0257633066e-03,3.9651785185e-03,3.9051607175e-03,3.8642185991e-03,2.3667157729e-03
139.5,3.9530596845e-03,5.0585225618e-03,5.5470375885e-03,5.4472354639e-03,5.3468394927e-03,5.2669910439e-03,5.2013077229e-03,5.0767189818e-03,5.0129216413e-03,5.0877799577e-03,4.9634776492e-03,4.8266242114e-03,4.7047640844e-03,4.6030664281e-03,4.5016802941e-03,4.4039410889e-03,4.3059307206e-03,4.2272402666e-03,4.1611009420e-03,4.0835432969e-03,4.0224762476e-03,3.9619756027e-03,3.9020413623e-03,3.8611558732e-03,2.3653385623e-03
140,3.9502321160e-03,5.0537684612e-03,5.5416855606e-03,5.4420084434e-03,5.3417377715e-03,5.2619862975e-03,5.1963853170e-03,5.0719465364e-03,5.0082837226e-03,5.0830510061e-03,4.9589186307e-03,4.8222556561e-03,4.7005631515e-03,4.5990053294e-03,4.4977587113e-03,4.4001555252e-03,4.3022814155e-03,4.2237002900e-03,4.1576497637e-03,4.0802002918e-03,4.0192172122e-03,3.9587999595e-03,3.8989485335e-03,3.8581191682e-03,2.3639727437e-03
140.5,3.9474280748e-03,5.0490555684e-03,5.5363799598e-03,5.4368267547e-03,5.3366802845e-03,5.2570249403e-03,5.1915055787e-03,5.0672154533e-03,5.0036859063e-03,5.0783629415e-03,4.9543989851e-03,4.8179247725e-03,4.6963983956e-03,4.5949791607e-03,4.4938708143e-03,4.3964024323e-03,4.2986633643e-03,4.2201905910e-03,4.1542280739e-03,4.0768858087e-03,4.0159859501e-03,3.9556513455e-03,3.8958819949e-03,3.8551082531e-03,2.3626182221e-03
141,3.9446473596e-03,5.0443835032e-03,5.5311203569e-03,5.4316899790e-03,5.3316666234e-03,5.2521065718e-03,5.1866681141e-03,5.0625253508e-03,4.9991278239e-03,5.0737153884e-03,4.9499183514e-03,4.8136312161e-03,4.6922694866e-03,4.5909876042e-03,4.4900162973e-03,4.3926815163e-03,4.2950762849e-03,4.2167108971e-03,4.1508356076e-03,4.0735995919e-03,4.0127822128e-03,3.9525295197e-03,3.8928415127e-03,3.8521228989e-03,2.3612749035e-03
141.5,3.9418897708e-03,5.0397518890e-03,5.5259063269e-03,5.4265977014e-03,5.3266963835e-03,5.2472307951e-03,5.1818725332e-03,5.0578758510e-03,4.9946091104e-03,5.0691079745e-03,4.9454763720e-03,4.8093746459e-03,4.6881760979e-03,4.5870303450e-03,4.4861948574e-03,4.3889924860e-03,4.2915198979e-03,4.2132609383e-03,4.1474721023e-03,4.0703413883e-03,4.0096057544e-03,3.9494342433e-03,3.8898268551e-03,3.8491628787e-03,2.3599426944e-03
142,3.9391551103e-03,5.0351603529e-03,5.5207374486e-03,5.4215495111e-03,5.3217691640e-03,5.2423972174e-03,5.1771184498e-03,5.0532665797e-03,4.9901294043e-03,5.0645403314e-03,4.9410726928e-03,4.8051547238e-03,4.6841179055e-03,4.5831070712e-03,4.4824061946e-03,4.3853350530e-03,4.2879939264e-03,4.2098404468e-03,4.1441372977e-03,4.0671109469e-03,4.0064563311e-03,3.9463652796e-03,3.8868377926e-03,3.8462279675e-03,2.3586215021e-03
142.5,3.9364431817e-03,5.0306085254e-03,5.5156133052e-03,5.4165450011e-03,5.3168845682e-03,5.2376054493e-03,5.1724054812e-03,5.0486971659e-03,4.9856883474e-03,5.0600120939e-03,4.9367069629e-03,4.8009711149e-03,4.6800945887e-03,4.5792174738e-03,4.4786500115e-03,4.3817089314e-03,4.2844980961e-03,4.2064491577e-03,4.1408309363e-03,4.0639080192e-03,4.0033337013e-03,3.9433223940e-03,3.8838740973e-03,3.8433179423e-03,2.3573112348e-03
143,3.9337537904e-03,5.0260960406e-03,5.5105334837e-03,5.4115837684e-03,5.3120422028e-03,5.2328551054e-03,5.1677332485e-03,5.0441672426e-03,4.9812855852e-03,5.0555229004e-03,4.9323788348e-03,4.7968234878e-03,4.6761058299e-03,4.5753612467e-03,4.4749260136e-03,4.3781138380e-03,4.2810321350e-03,4.2030868081e-03,4.1375527625e-03,4.0607323587e-03,4.0002376255e-03,3.9403053539e-03,3.8809355438e-03,3.8404325824e-03,2.3560118012e-03
143.5,3.9310867431e-03,5.0216225360e-03,5.5054975749e-03,5.4066654137e-03,5.3072416785e-03,5.2281458039e-03,5.1631013764e-03,5.0396764460e-03,4.9769207662e-03,5.0510723928e-03,4.9280879641e-03,4.7927115137e-03,4.6721513142e-03,4.5715380866e-03,4.4712339092e-03,4.3745494923e-03,4.2775957738e-03,4.1997531377e-03,4.1343025233e-03,4.0575837212e-03,3.9971678666e-03,3.9373139289e-03,3.8780219084e-03,3.8375716686e-03,2.3547231108e-03
144,3.9284418485e-03,5.0171876528e-03,5.5005051737e-03,5.4017895416e-03,5.3024826097e-03,5.2234771665e-03,5.1585094931e-03,5.0352244158e-03,4.9725935425e-03,5.0466602161e-03,4.9238340099e-03,4.7886348672e-03,4.6682307299e-03,4.5677476930e-03,4.4675734090e-03,4.3710156161e-03,4.2741887458e-03,4.1964478885e-03,4.1310799678e-03,4.0544618649e-03,3.9941241893e-03,3.9343478909e-03,3.8751329696e-03,3.8347349840e-03,2.3534450738e-03
144.5,3.9258189167e-03,5.0127910353e-03,5.4955558789e-03,5.3969557606e-03,5.2977646144e-03,5.2188488187e-03,5.1539572304e-03,5.0308107952e-03,4.9683035693e-03,5.0422860190e-03,4.9196166344e-03,4.7845932260e-03,4.6643437679e-03,4.5639897684e-03,4.4639442267e-03,4.3675119341e-03,4.2708107863e-03,4.1931708051e-03,4.1278848476e-03,4.0513665499e-03,3.9911063608e-03,3.9314070134e-03,3.8722685078e-03,3.8319223135e-03,2.3521776011e-03
145,3.9232177594e-03,5.0084323314e-03,5.4906492930e-03,5.3921636827e-03,5.2930873142e-03,5.2142603895e-03,5.1494442235e-03,5.0264352308e-03,4.9640505051e-03,5.0379494532e-03,4.9154355029e-03,4.7805862706e-03,4.6604901223e-03,4.5602640177e-03,4.4603460785e-03,4.3640381735e-03,4.2674616336e-03,4.1899216340e-03,4.1247169165e-03,4.0482975388e-03,3.9881141501e-03,3.9284910723e-03,3.8694283054e-03,3.8291334440e-03,2.3509206043e-03
145.5,3.9206381898e-03,5.0041111923e-03,5.4857850224e-03,5.3874129236e-03,5.2884503345e-03,5.2097115114e-03,5.1449701112e-03,5.0220973724e-03,4.9598340116e-03,5.0336501739e-03,4.9112902840e-03,4.7766136846e-03,4.6566694899e-03,4.5565701489e-03,4.4567786833e-03,4.3605940638e-03,4.2641410278e-03,4.1867001244e-03,4.1215759305e-03,4.0452545960e-03,3.9851473285e-03,3.9255998454e-03,3.8666121467e-03,3.8263681642e-03,2.3496739956e-03
146,3.9180800227e-03,4.9998272724e-03,5.4809626771e-03,5.3827031029e-03,5.2838533041e-03,5.2052018203e-03,5.1405345356e-03,5.0177968733e-03,4.9556537539e-03,5.0293878396e-03,4.9071806493e-03,4.7726751546e-03,4.6528815703e-03,4.5529078725e-03,4.4532417625e-03,4.3571793371e-03,4.2608487120e-03,4.1835060277e-03,4.1184616477e-03,4.0422374883e-03,3.9822056691e-03,3.9227331123e-03,3.8638198179e-03,3.8236262647e-03,2.3484376882e-03
146.5,3.9155430747e-03,4.9955802294e-03,5.4761818709e-03,5.3780338437e-03,5.2792958553e-03,5.2007309558e-03,5.1361371425e-03,5.0135333900e-03,4.9515094000e-03,5.0251621119e-03,4.9031062735e-03,4.7687703701e-03,4.6491260660e-03,4.5492769018e-03,4.4497350401e-03,4.3537937280e-03,4.2575844311e-03,4.1803390974e-03,4.1153738287e-03,4.0392459846e-03,3.9792889474e-03,3.9198906549e-03,3.8610511073e-03,3.8209075380e-03,2.3472115957e-03
147,3.9130271636e-03,4.9913697246e-03,5.4714422214e-03,5.3734047725e-03,5.2747776241e-03,5.1962985608e-03,5.1317775806e-03,5.0093065823e-03,4.9474006212e-03,5.0209726555e-03,4.8990668345e-03,4.7648990235e-03,4.6454026823e-03,4.5456769527e-03,4.4462582428e-03,4.3504369737e-03,4.2543479327e-03,4.1771990894e-03,4.1123122360e-03,4.0362798556e-03,3.9763969406e-03,3.9170722570e-03,3.8583058048e-03,3.8182117786e-03,2.3459956324e-03
147.5,3.9105321088e-03,4.9871954219e-03,5.4667433497e-03,5.3688155197e-03,5.2702982497e-03,5.1919042815e-03,5.1274555024e-03,5.0051161133e-03,4.9433270918e-03,5.0168191385e-03,4.8950620130e-03,4.7610608101e-03,4.6417111270e-03,4.5421077438e-03,4.4428110997e-03,4.3471088134e-03,4.2511389666e-03,4.1740857618e-03,4.1092766345e-03,4.0333388746e-03,3.9735294281e-03,3.9142777041e-03,3.8555837026e-03,3.8155387825e-03,2.3447897134e-03
148,3.9080577315e-03,4.9830569891e-03,5.4620848805e-03,5.3642657191e-03,5.2658573749e-03,5.1875477676e-03,5.1231705633e-03,5.0009616492e-03,4.9392884893e-03,5.0127012319e-03,4.8910914929e-03,4.7572554280e-03,4.6380511110e-03,4.5385689961e-03,4.4393933424e-03,4.3438089891e-03,4.2479572849e-03,4.1709988750e-03,4.1062667909e-03,4.0304228164e-03,3.9706861913e-03,3.9115067839e-03,3.8528845942e-03,3.8128883479e-03,2.3435937544e-03
148.5,3.9056038539e-03,4.9789540964e-03,5.4574664421e-03,5.3597550077e-03,5.2614546458e-03,5.1832286722e-03,5.1189224223e-03,4.9968428594e-03,4.9352844941e-03,5.0086186101e-03,4.8871549609e-03,4.7534825782e-03,4.6344223475e-03,4.5350604337e-03,4.4360047051e-03,4.3405372451e-03,4.2448026420e-03,4.1679381915e-03,4.1032824745e-03,4.0275314582e-03,3.9678670135e-03,3.9087592859e-03,3.8502082755e-03,3.8102602745e-03,2.3424076718e-03
149,3.9031703002e-03,4.9748864178e-03,5.4528876665e-03,5.3552830263e-03,5.2570897120e-03,5.1789466514e-03,5.1147107414e-03,4.9927594164e-03,4.9313147896e-03,5.0045709502e-03,4.8832521069e-03,4.7497419645e-03,4.6308245527e-03,4.5315817826e-03,4.4326449242e-03,4.3372933278e-03,4.2416747945e-03,4.1649034758e-03,4.1003234562e-03,4.0246645792e-03,3.9650716799e-03,3.9060350015e-03,3.8475545438e-03,3.8076543639e-03,2.3412313826e-03
149.5,3.9007568957e-03,4.9708536300e-03,5.4483481889e-03,5.3508494189e-03,5.2527622264e-03,5.1747013648e-03,5.1105351860e-03,4.9887109958e-03,4.9273790623e-03,5.0005579327e-03,4.8793826235e-03,4.7460332934e-03,4.6272574454e-03,4.5281327718e-03,4.4293137389e-03,4.3340769863e-03,4.2385735011e-03,4.1618944948e-03,4.0973895094e-03,4.0218219603e-03,3.9622999778e-03,3.9033337239e-03,3.8449231986e-03,3.8050704195e-03,2.3400648045e-03
150,3.8983634675e-03,4.9668554129e-03,5.4438476481e-03,5.3464538331e-03,5.2484718450e-03,5.1704924752e-03,5.1063954245e-03,4.9846972763e-03,4.9234770017e-03,4.9965792408e-03,4.8755462062e-03,4.7423562742e-03,4.6237207467e-03,4.5247131327e-03,4.4260108904e-03,4.3308879717e-03,4.2354985231e-03,4.1589110176e-03,4.0944804094e-03,4.0190033848e-03,3.9595516963e-03,3.9006552483e-03,3.8423140408e-03,3.8025082465e-03,2.3389078560e-03
150.5,3.8959898437e-03,4.9628914494e-03,5.4393856865e-03,5.3420959197e-03,5.2442182273e-03,5.1663196485e-03,5.1022911285e-03,4.9807179398e-03,4.9196083000e-03,4.9926345608e-03,4.8717425533e-03,4.7387106189e-03,4.6202141807e-03,4.5213225992e-03,4.4227361227e-03,4.3277260376e-03,4.2324496237e-03,4.1559528151e-03,4.0915959333e-03,4.0162086377e-03,3.9568266264e-03,3.8979993717e-03,3.8397268735e-03,3.7999676517e-03,2.3377604559e-03
151,3.8936358543e-03,4.9589614253e-03,5.4349619497e-03,5.3377753328e-03,5.2400010359e-03,5.1621825540e-03,5.0982219728e-03,4.9767726709e-03,4.9157726525e-03,4.9887235821e-03,4.8679713662e-03,4.7350960421e-03,4.6167374738e-03,4.5179609077e-03,4.4194891819e-03,4.3245909398e-03,4.2294265682e-03,4.1530196604e-03,4.0887358607e-03,4.0134375059e-03,3.9541245612e-03,3.8953658929e-03,3.8371615011e-03,3.7974484437e-03,2.3366225241e-03
151.5,3.8913013306e-03,4.9550650296e-03,5.4305760867e-03,5.3334917299e-03,5.2358199366e-03,5.1580808638e-03,5.0941876352e-03,4.9728611574e-03,4.9119697574e-03,4.9848459969e-03,4.8642323489e-03,4.7315122613e-03,4.6132903551e-03,4.5146277968e-03,4.4162698166e-03,4.3214824364e-03,4.2264291243e-03,4.1501113289e-03,4.0858999729e-03,4.0106897785e-03,3.9514452952e-03,3.8927546125e-03,3.8346177302e-03,3.7949504328e-03,2.3354939807e-03
152,3.8889861051e-03,4.9512019541e-03,5.4262277499e-03,5.3292447715e-03,5.2316745985e-03,5.1540142535e-03,5.0901877966e-03,4.9689830901e-03,4.9081993155e-03,4.9810015002e-03,4.8605252081e-03,4.7279589965e-03,4.6098725562e-03,4.5113230079e-03,4.4130777776e-03,4.3184002875e-03,4.2234570617e-03,4.1472275977e-03,4.0830880533e-03,4.0079652463e-03,3.9487886253e-03,3.8901653328e-03,3.8320953688e-03,3.7924734310e-03,2.3343747468e-03
152.5,3.8866900121e-03,4.9473718936e-03,5.4219165949e-03,5.3250341217e-03,5.2275646936e-03,5.1499824013e-03,5.0862221408e-03,4.9651381625e-03,4.9044610305e-03,4.9771897901e-03,4.8568496535e-03,4.7244359702e-03,4.6064838111e-03,4.5080462846e-03,4.4099128180e-03,4.3153442557e-03,4.2205101521e-03,4.1443682462e-03,4.0802998871e-03,4.0052637020e-03,3.9461543499e-03,3.8875978582e-03,3.8295942269e-03,3.7900172520e-03,2.3332647438e-03
153,3.8844128868e-03,4.9435745456e-03,5.4176422806e-03,5.3208594474e-03,5.2234898973e-03,5.1459849889e-03,5.0822903547e-03,4.9613260712e-03,4.9007546091e-03,4.9734105673e-03,4.8532053973e-03,4.7209429076e-03,4.6031238564e-03,4.5047973728e-03,4.4067746933e-03,4.3123141056e-03,4.2175881695e-03,4.1415330557e-03,4.0775352616e-03,4.0025849404e-03,3.9435422693e-03,3.8850519944e-03,3.8271141159e-03,3.7875817112e-03,2.3321638940e-03
153.5,3.8821545663e-03,4.9398096107e-03,5.4134044693e-03,5.3167204190e-03,5.2194498879e-03,5.1420217007e-03,5.0783921282e-03,4.9575465156e-03,4.8970797606e-03,4.9696635354e-03,4.8495921545e-03,4.7174795365e-03,4.5997924310e-03,4.5015760209e-03,4.4036631612e-03,4.3093096041e-03,4.2146908898e-03,4.1387218094e-03,4.0747939662e-03,3.9999287577e-03,3.9409521856e-03,3.8825275494e-03,3.8246548491e-03,3.7851666256e-03,2.3310721203e-03
154,3.8799148888e-03,4.9360767923e-03,5.4092028262e-03,5.3126167097e-03,5.2154443467e-03,5.1380922243e-03,5.0745271541e-03,4.9537991979e-03,4.8934361970e-03,4.9659484009e-03,4.8460096428e-03,4.7140455874e-03,4.5964892765e-03,4.4983819797e-03,4.4005779816e-03,4.3063305202e-03,4.2118180911e-03,4.1359342928e-03,4.0720757918e-03,3.9972949524e-03,3.9383839026e-03,3.8800243323e-03,3.8222162414e-03,3.7827718137e-03,2.3299893460e-03
154.5,3.8776936939e-03,4.9323757963e-03,5.4050370199e-03,5.3085479961e-03,5.2114729582e-03,5.1341962502e-03,5.0706951280e-03,4.9500838233e-03,4.8898236330e-03,4.9622648730e-03,4.8424575824e-03,4.7106407928e-03,4.5932141365e-03,4.4952150020e-03,4.3975189167e-03,4.3033766248e-03,4.2089695535e-03,4.1331702930e-03,4.0693805316e-03,3.9946833247e-03,3.9358372262e-03,3.8775421545e-03,3.8197981095e-03,3.7803970959e-03,2.3289154952e-03
155,3.8754908226e-03,4.9287063319e-03,5.4009067221e-03,5.3045139576e-03,5.2075354096e-03,5.1303334717e-03,5.0668957485e-03,4.9464000995e-03,4.8862417860e-03,4.9586126635e-03,4.8389356963e-03,4.7072648883e-03,4.5899667574e-03,4.4920748432e-03,4.3944857307e-03,4.3004476913e-03,4.2061450589e-03,4.1304295993e-03,4.0667079805e-03,3.9920936765e-03,3.9333119637e-03,3.8750808286e-03,3.8174002714e-03,3.7780422940e-03,2.3278504927e-03
155.5,3.8733061172e-03,4.9250681105e-03,5.3968116077e-03,5.3005142769e-03,5.2036313914e-03,5.1265035851e-03,5.0631287171e-03,4.9427477372e-03,4.8826903763e-03,4.9549914870e-03,4.8354437100e-03,4.7039176116e-03,4.5867468877e-03,4.4889612608e-03,4.3914781904e-03,4.2975434950e-03,4.2033443916e-03,4.1277120027e-03,4.0640579352e-03,3.9895258116e-03,3.9308079242e-03,3.8726401694e-03,3.8150225472e-03,3.7757072315e-03,2.3267942637e-03
156,3.8711394213e-03,4.9214608467e-03,5.3927513544e-03,5.2965486395e-03,5.1997605969e-03,5.1227062897e-03,5.0593937380e-03,4.9391264498e-03,4.8791691263e-03,4.9514010610e-03,4.8319813516e-03,4.7005987029e-03,4.5835542783e-03,4.4858740147e-03,4.3884960642e-03,4.2946638131e-03,4.2005673375e-03,4.1250172963e-03,4.0614301944e-03,3.9869795355e-03,3.9283249186e-03,3.8702199928e-03,3.8126647582e-03,3.7733917334e-03,2.3257467340e-03
156.5,3.8689905799e-03,4.9178842575e-03,5.3887256432e-03,5.2926167339e-03,5.1959227221e-03,5.1189412873e-03,5.0556905181e-03,4.9355359532e-03,4.8756777616e-03,4.9478411052e-03,4.8285483518e-03,4.6973079049e-03,4.5803886823e-03,4.4828128668e-03,4.3855391230e-03,4.2918084251e-03,4.1978136847e-03,4.1223452750e-03,4.0588245586e-03,3.9844546555e-03,3.9258627595e-03,3.8678201169e-03,3.8103267275e-03,3.7710956263e-03,2.3247078302e-03
157,3.8668594394e-03,4.9143380627e-03,5.3847341581e-03,5.2887182516e-03,5.1921174662e-03,5.1152082830e-03,5.0520187674e-03,4.9319759663e-03,4.8722160100e-03,4.9443113423e-03,4.8251444436e-03,4.6940449627e-03,4.5772498555e-03,4.4797775815e-03,4.3826071398e-03,4.2889771125e-03,4.1950832230e-03,4.1196957355e-03,4.0562408301e-03,3.9819509807e-03,3.9234212613e-03,3.8654403610e-03,3.8080082798e-03,3.7688187384e-03,2.3236774793e-03
157.5,3.8647458473e-03,4.9108219846e-03,5.3807765860e-03,5.2848528871e-03,5.1883445310e-03,5.1115069842e-03,5.0483781984e-03,4.9284462104e-03,4.8687836018e-03,4.9408114976e-03,4.8217693627e-03,4.6908096237e-03,4.5741375554e-03,4.4767679251e-03,4.3796998896e-03,4.2861696586e-03,4.1923757445e-03,4.1170684766e-03,4.0536788128e-03,3.9794683219e-03,3.9210002399e-03,3.8630805464e-03,3.8057092413e-03,3.7665608993e-03,2.3226556091e-03
158,3.8626496524e-03,4.9073357484e-03,5.3768526169e-03,5.2810203376e-03,5.1846036213e-03,5.1078371015e-03,5.0447685262e-03,4.9249464095e-03,4.8653802703e-03,4.9373412986e-03,4.8184228473e-03,4.6876016378e-03,4.5710515423e-03,4.4737836661e-03,4.3768171494e-03,4.2833858489e-03,4.1896910428e-03,4.1144632987e-03,4.0511383128e-03,3.9770064915e-03,3.9185995129e-03,3.8607404956e-03,3.8034294398e-03,3.7643219403e-03,2.3216421477e-03
158.5,3.8605707051e-03,4.9038790816e-03,5.3729619435e-03,5.2772203034e-03,5.1808944446e-03,5.1041983478e-03,5.0411894690e-03,4.9214762903e-03,4.8620057507e-03,4.9339004758e-03,4.8151046380e-03,4.6844207570e-03,4.5679915782e-03,4.4708245754e-03,4.3739586985e-03,4.2806254709e-03,4.1870289136e-03,4.1118800040e-03,4.0486191377e-03,3.9745653039e-03,3.9162188996e-03,3.8584200331e-03,3.8011687046e-03,3.7621016941e-03,2.3206370240e-03
159,3.8585088567e-03,4.9004517145e-03,5.3691042616e-03,5.2734524874e-03,5.1772167110e-03,5.1005904391e-03,5.0376407473e-03,4.9180355820e-03,4.8586597811e-03,4.9304887621e-03,4.8118144778e-03,4.6812667357e-03,4.5649574278e-03,4.4678904258e-03,4.3711243181e-03,4.2778883138e-03,4.1843891545e-03,4.1093183967e-03,4.0461210967e-03,3.9721445747e-03,3.9138582208e-03,3.8561189848e-03,3.7989268666e-03,3.7598999950e-03,2.3196401675e-03
159.5,3.8564639598e-03,4.8970533797e-03,5.3652792699e-03,5.2697165954e-03,5.1735701337e-03,5.0970130938e-03,5.0341220843e-03,4.9146240163e-03,4.8553421020e-03,4.9271058927e-03,4.8085521121e-03,4.6781393308e-03,4.5619488577e-03,4.4649809922e-03,4.3683137913e-03,4.2751741691e-03,4.1817715649e-03,4.1067782827e-03,4.0436440011e-03,3.9697441217e-03,3.9115172992e-03,3.8538371780e-03,3.7967037582e-03,3.7577166785e-03,2.3186515081e-03
160,3.8544358686e-03,4.8936838126e-03,5.3614866698e-03,5.2660123360e-03,5.1699544283e-03,5.0934660332e-03,5.0306332059e-03,4.9112413276e-03,4.8520524562e-03,4.9237516056e-03,4.8053172886e-03,4.6750383013e-03,4.5589656366e-03,4.4620960516e-03,4.3655269034e-03,4.2724828298e-03,4.1791759460e-03,4.1042594697e-03,4.0411876637e-03,3.9673637640e-03,3.9091959588e-03,3.8515744419e-03,3.7944992133e-03,3.7555515820e-03,2.3176709764e-03
160.5,3.8524244382e-03,4.8903427509e-03,5.3577261657e-03,5.2623394207e-03,5.1663693133e-03,5.0899489811e-03,5.0271738406e-03,4.9078872526e-03,4.8487905890e-03,4.9204256410e-03,4.8021097576e-03,4.6719634083e-03,4.5560075357e-03,4.4592353832e-03,4.3627634416e-03,4.2698140912e-03,4.1766021008e-03,4.1017617670e-03,4.0387518991e-03,3.9650033224e-03,3.9068940254e-03,3.8493306070e-03,3.7923130672e-03,3.7534045441e-03,2.3166985035e-03
161,3.8504295250e-03,4.8870299349e-03,5.3539974647e-03,5.2586975633e-03,5.1628145096e-03,5.0864616638e-03,5.0237437193e-03,4.9045615306e-03,4.8455562480e-03,4.9171277417e-03,4.7989292715e-03,4.6689144154e-03,4.5530743280e-03,4.4563987681e-03,4.3600231951e-03,4.2671677502e-03,4.1740498343e-03,4.0992849858e-03,4.0363365234e-03,3.9626626195e-03,3.9046113264e-03,3.8471055055e-03,3.7901451569e-03,3.7512754048e-03,2.3157340211e-03
161.5,3.8484509867e-03,4.8837451072e-03,5.3503002765e-03,5.2550864808e-03,5.1592897411e-03,5.0830038104e-03,5.0203425757e-03,4.9012639034e-03,4.8423491833e-03,4.9138576528e-03,4.7957755852e-03,4.6658910882e-03,4.5501657887e-03,4.4535859895e-03,4.3573059549e-03,4.2645436057e-03,4.1715189530e-03,4.0968289391e-03,4.0339413545e-03,3.9603414793e-03,3.9023476904e-03,3.8448989708e-03,3.7879953206e-03,3.7491640056e-03,2.3147774615e-03
162,3.8464886821e-03,4.8804880130e-03,5.3466343139e-03,5.2515058926e-03,5.1557947340e-03,5.0795751525e-03,5.0169701458e-03,4.8979941152e-03,4.8391691473e-03,4.9106151219e-03,4.7926484558e-03,4.6628931946e-03,4.5472816952e-03,4.4507968325e-03,4.3546115142e-03,4.2619414585e-03,4.1690092655e-03,4.0943934413e-03,4.0315662122e-03,3.9580397275e-03,3.9001029480e-03,3.8427108382e-03,3.7858633981e-03,3.7470701896e-03,2.3138287575e-03
162.5,3.8445424714e-03,4.8772583997e-03,5.3429992922e-03,5.2479555208e-03,5.1523292171e-03,5.0761754241e-03,5.0136261682e-03,4.8947519125e-03,4.8360158947e-03,4.9073998989e-03,4.7895476425e-03,4.6599205047e-03,4.5444218267e-03,4.4480310844e-03,4.3519396678e-03,4.2593611111e-03,4.1665205818e-03,4.0919783088e-03,4.0292109175e-03,3.9557571914e-03,3.8978769310e-03,3.8405409441e-03,3.7837492306e-03,3.7449938010e-03,2.3128878424e-03
163,3.8426122158e-03,4.8740560173e-03,5.3393949294e-03,5.2444350901e-03,5.1488929220e-03,5.0728043618e-03,5.0103103838e-03,4.8915370443e-03,4.8328891826e-03,4.9042117360e-03,4.7864729072e-03,4.6569727905e-03,4.5415859648e-03,4.4452885342e-03,4.3492902126e-03,4.2568023678e-03,4.1640527138e-03,4.0895833596e-03,4.0268752932e-03,3.9534936997e-03,3.8956694731e-03,3.8383891268e-03,3.7816526609e-03,3.7429346855e-03,2.3119546501e-03
163.5,3.8406977777e-03,4.8708806180e-03,5.3358209462e-03,5.2409443278e-03,5.1454855826e-03,5.0694617047e-03,5.0070225361e-03,4.8883492619e-03,4.8297887700e-03,4.9010503878e-03,4.7834240135e-03,4.6540498264e-03,4.5387738928e-03,4.4425689731e-03,4.3466629474e-03,4.2542650349e-03,4.1616054753e-03,4.0872084132e-03,4.0245591639e-03,3.9512490829e-03,3.8934804090e-03,3.8362552257e-03,3.7795735329e-03,3.7408926905e-03,2.3110291151e-03
164,3.8387990208e-03,4.8677319565e-03,5.3322770659e-03,5.2374829638e-03,5.1421069354e-03,5.0661471944e-03,5.0037623710e-03,4.8851883191e-03,4.8267144188e-03,4.8979156113e-03,4.7804007276e-03,4.6511513887e-03,4.5359853963e-03,4.4398721941e-03,4.3440576727e-03,4.2517489203e-03,4.1591786815e-03,4.0848532909e-03,4.0222623556e-03,3.9490231729e-03,3.8913095754e-03,3.8341390818e-03,3.7775116921e-03,3.7388676642e-03,2.3101111724e-03
164.5,3.8369158099e-03,4.8646097895e-03,5.3287630144e-03,5.2340507307e-03,5.1387567193e-03,5.0628605748e-03,5.0005296368e-03,4.8820539718e-03,4.8236658925e-03,4.8948071654e-03,4.7774028177e-03,4.6482772560e-03,4.5332202626e-03,4.4371979921e-03,4.3414741908e-03,4.2492538336e-03,4.1567721495e-03,4.0825178157e-03,4.0199846959e-03,3.9468158030e-03,3.8891568100e-03,3.8320405374e-03,3.7754669853e-03,3.7368594566e-03,2.3092007574e-03
165,3.8350480109e-03,4.8615138763e-03,5.3252785203e-03,5.2306473633e-03,5.1354346759e-03,5.0596015923e-03,4.9973240842e-03,4.8789459783e-03,4.8206429572e-03,4.8917248118e-03,4.7744300543e-03,4.6454272088e-03,4.5304782813e-03,4.4345461640e-03,4.3389123061e-03,4.2467795865e-03,4.1543856980e-03,4.0802018120e-03,4.0177260141e-03,3.9446268084e-03,3.8870219524e-03,3.8299594365e-03,3.7734392609e-03,3.7348679188e-03,2.3082978063e-03
165.5,3.8331954910e-03,4.8584439783e-03,5.3218233146e-03,5.2272725991e-03,5.1321405489e-03,5.0563699957e-03,4.9941454660e-03,4.8758640992e-03,4.8176453810e-03,4.8886683139e-03,4.7714822098e-03,4.6426010296e-03,4.5277592436e-03,4.4319165085e-03,4.3363718247e-03,4.2443259920e-03,4.1520191474e-03,4.0779051060e-03,4.0154861408e-03,3.9424560255e-03,3.8849048434e-03,3.8278956243e-03,3.7714283683e-03,3.7328929035e-03,2.3074022556e-03
166,3.8313581183e-03,4.8553998593e-03,5.3183971311e-03,5.2239261781e-03,5.1288740847e-03,5.0531655363e-03,4.9909935377e-03,4.8728080974e-03,4.8146729344e-03,4.8856374378e-03,4.7685590590e-03,4.6397985031e-03,4.5250629430e-03,4.4293088261e-03,4.3338525542e-03,4.2418928651e-03,4.1496723196e-03,4.0756275254e-03,4.0132649084e-03,3.9403032920e-03,3.8828053253e-03,3.8258489474e-03,3.7694341585e-03,3.7309342645e-03,2.3065140423e-03
166.5,3.8295357622e-03,4.8523812852e-03,5.3149997057e-03,5.2206078427e-03,5.1256350319e-03,5.0499879673e-03,4.9878680568e-03,4.8697777378e-03,4.8117253898e-03,4.8826319513e-03,4.7656603787e-03,4.6370194158e-03,4.5223891746e-03,4.4267229193e-03,4.3313543044e-03,4.2394800225e-03,4.1473450384e-03,4.0733688994e-03,4.0110621507e-03,3.9381684476e-03,3.8807232418e-03,3.8238192539e-03,3.7674564839e-03,3.7289918569e-03,2.3056331042e-03
167,3.8277282933e-03,4.8493880241e-03,5.3116307772e-03,5.2173173377e-03,5.1224231417e-03,5.0468370448e-03,4.9847687833e-03,4.8667727879e-03,4.8088025219e-03,4.8796516248e-03,4.7627859477e-03,4.6342635564e-03,4.5197377355e-03,4.4241585924e-03,4.3288768866e-03,4.2370872823e-03,4.1450371290e-03,4.0711290590e-03,4.0088777031e-03,3.9360513331e-03,3.8786584381e-03,3.8218063930e-03,3.7654951980e-03,3.7270655372e-03,2.3047593794e-03
167.5,3.8259355831e-03,4.8464198463e-03,5.3082900867e-03,5.2140544103e-03,5.1192381673e-03,5.0437125268e-03,4.9816954794e-03,4.8637930169e-03,4.8059041073e-03,4.8766962307e-03,4.7599355469e-03,4.6315307155e-03,4.5171084249e-03,4.4216156514e-03,4.3264201139e-03,4.2347144647e-03,4.1427484182e-03,4.0689078364e-03,4.0067114024e-03,3.9339517907e-03,3.8766107607e-03,3.8198102157e-03,3.7635501558e-03,3.7251551632e-03,2.3038928064e-03
168,3.8241575043e-03,4.8434765243e-03,5.3049773776e-03,5.2108188102e-03,5.1160798644e-03,5.0406141736e-03,4.9786479093e-03,4.8608381967e-03,4.8030299250e-03,4.8737655434e-03,4.7571089594e-03,4.6288206855e-03,4.5145010435e-03,4.4190939042e-03,4.3239838011e-03,4.2323613912e-03,4.1404787346e-03,4.0667050657e-03,4.0045630869e-03,3.9318696642e-03,3.8745800575e-03,3.8178305739e-03,3.7616212134e-03,3.7232605939e-03,2.3030333246e-03
168.5,3.8223939308e-03,4.8405578327e-03,5.3016923960e-03,5.2076102894e-03,5.1129479912e-03,5.0375417480e-03,4.9756258398e-03,4.8579081009e-03,4.8001797559e-03,4.8708593395e-03,4.7543059702e-03,4.6261332608e-03,4.5119153941e-03,4.4165931604e-03,4.3215677648e-03,4.2300278851e-03,4.1382279080e-03,4.0645205822e-03,4.0024325965e-03,3.9298047989e-03,3.8725661780e-03,3.8158673212e-03,3.7597082286e-03,3.7213816897e-03,2.3021808734e-03
169,3.8206447373e-03,4.8376635482e-03,5.2984348902e-03,5.2044286021e-03,5.1098423079e-03,5.0344950148e-03,4.9726290397e-03,4.8550025054e-03,4.7973533828e-03,4.8679773979e-03,4.7515263662e-03,4.6234682380e-03,4.5093512813e-03,4.4141132314e-03,4.3191718232e-03,4.2277137714e-03,4.1359957702e-03,4.0623542229e-03,4.0003197723e-03,3.9277570412e-03,3.8705689727e-03,3.8139203123e-03,3.7578110599e-03,3.7195183121e-03,2.3013353931e-03
169.5,3.8189097998e-03,4.8347934497e-03,5.2952046109e-03,5.2012735051e-03,5.1067625770e-03,5.0314737412e-03,4.9696572800e-03,4.8521211883e-03,4.7945505908e-03,4.8651194992e-03,4.7487699365e-03,4.6208254151e-03,4.5068085114e-03,4.4116539304e-03,4.3167957962e-03,4.2254188765e-03,4.1337821542e-03,4.0602058263e-03,3.9982244572e-03,3.9257262391e-03,3.8685882937e-03,3.8119894032e-03,3.7559295677e-03,3.7176703239e-03,2.3004968243e-03
170,3.8171889954e-03,4.8319473181e-03,5.2920013111e-03,5.1981447571e-03,5.1037085634e-03,5.0284776964e-03,4.9667103338e-03,4.8492639297e-03,4.7917711670e-03,4.8622854263e-03,4.7460364721e-03,4.6182045923e-03,4.5042868926e-03,4.4092150722e-03,4.3144395053e-03,4.2231430284e-03,4.1315868947e-03,4.0580752322e-03,3.9961464952e-03,3.9237122419e-03,3.8666239944e-03,3.8100744514e-03,3.7540636131e-03,3.7158375892e-03,2.2996651082e-03
170.5,3.8154822022e-03,4.8291249363e-03,5.2888247464e-03,5.1950421195e-03,5.1006800340e-03,5.0255066519e-03,4.9637879763e-03,4.8464305117e-03,4.7890149002e-03,4.8594749640e-03,4.7433257659e-03,4.6156055717e-03,4.5017862349e-03,4.4067964735e-03,4.3121027739e-03,4.2208860570e-03,4.1294098279e-03,4.0559622819e-03,3.9940857320e-03,3.9217149005e-03,3.8646759294e-03,3.8081753155e-03,3.7522130589e-03,3.7140199731e-03,2.2988401864e-03
171,3.8137892992e-03,4.8263260895e-03,5.2856746744e-03,5.1919653557e-03,5.0976767581e-03,5.0225603813e-03,4.9608899851e-03,4.8436207186e-03,4.7862815814e-03,4.8566878994e-03,4.7406376127e-03,4.6130281571e-03,4.4993063499e-03,4.4043979525e-03,4.3097854267e-03,4.2186477935e-03,4.1272507914e-03,4.0538668184e-03,3.9920420144e-03,3.9197340668e-03,3.8627439548e-03,3.8062918554e-03,3.7503777688e-03,3.7122173423e-03,2.2980220011e-03
171.5,3.8121101666e-03,4.8235505646e-03,5.2825508551e-03,5.1889142313e-03,5.0946985070e-03,5.0196386603e-03,4.9580161396e-03,4.8408343366e-03,4.7835710037e-03,4.8539240211e-03,4.7379718094e-03,4.6104721540e-03,4.4968470512e-03,4.4020193292e-03,4.3074872901e-03,4.2164280707e-03,4.1251096243e-03,4.0517886859e-03,3.9900151910e-03,3.9177695943e-03,3.8608279279e-03,3.8044239324e-03,3.7485576078e-03,3.7104295643e-03,2.2972104948e-03
172,3.8104446856e-03,4.8207981506e-03,5.2794530507e-03,5.1858885142e-03,5.0917450542e-03,5.0167412669e-03,4.9551662213e-03,4.8380711539e-03,4.7808829618e-03,4.8511831201e-03,4.7353281545e-03,4.6079373701e-03,4.4944081539e-03,4.3996604252e-03,4.3052081924e-03,4.2142267228e-03,4.1229861674e-03,4.0497277300e-03,3.9880051113e-03,3.9158213377e-03,3.8589277074e-03,3.8025714089e-03,3.7467524424e-03,3.7086565080e-03,2.2964056106e-03
172.5,3.8087927386e-03,4.8180686386e-03,5.2763810257e-03,5.1828879745e-03,5.0888161753e-03,5.0138679809e-03,4.9523400138e-03,4.8353309609e-03,4.7782172525e-03,4.8484649892e-03,4.7327064487e-03,4.6054236144e-03,4.4919894749e-03,4.3973210638e-03,4.3029479630e-03,4.2120435859e-03,4.1208802628e-03,4.0476837978e-03,3.9860116266e-03,3.9138891531e-03,3.8570431530e-03,3.8007341486e-03,3.7449621400e-03,3.7068980436e-03,2.2956072922e-03
173,3.8071542086e-03,4.8153618215e-03,5.2733345469e-03,5.1799123845e-03,5.0859116482e-03,5.0110185843e-03,4.9495373029e-03,4.8326135497e-03,4.7755736745e-03,4.8457694232e-03,4.7301064944e-03,4.6029306982e-03,4.4895908329e-03,4.3950010700e-03,4.3007064332e-03,4.2098784972e-03,4.1187917538e-03,4.0456567379e-03,3.9840345894e-03,3.9119728979e-03,3.8551741261e-03,3.7989120165e-03,3.7431865692e-03,3.7051540421e-03,2.2948154835e-03
173.5,3.8055289800e-03,4.8126774944e-03,5.2703133832e-03,5.1769615184e-03,5.0830312527e-03,5.0081928613e-03,4.9467578762e-03,4.8299187145e-03,4.7729520284e-03,4.8430962186e-03,4.7275280957e-03,4.6004584341e-03,4.4872120480e-03,4.3927002702e-03,4.2984834359e-03,4.2077312956e-03,4.1167204856e-03,4.0436464001e-03,3.9820738533e-03,3.9100724308e-03,3.8533204890e-03,3.7971048788e-03,3.7414256000e-03,3.7034243760e-03,2.2940301290e-03
174,3.8039169379e-03,4.8100154540e-03,5.2673173055e-03,5.1740351528e-03,5.0801747708e-03,5.0053905979e-03,4.9440015233e-03,4.8272462514e-03,4.7703521166e-03,4.8404451741e-03,4.7249710589e-03,4.5980066367e-03,4.4848529423e-03,4.3904184926e-03,4.2962788053e-03,4.2056018215e-03,4.1146663046e-03,4.0416526357e-03,3.9801292737e-03,3.9081876117e-03,3.8514821055e-03,3.7953126027e-03,3.7396791033e-03,3.7017089187e-03,2.2932511737e-03
174.5,3.8023179687e-03,4.8073754992e-03,5.2643460873e-03,5.1711330663e-03,5.0773419862e-03,5.0026115822e-03,4.9412680359e-03,4.8245959585e-03,4.7677737434e-03,4.8378160901e-03,4.7224351918e-03,4.5955751223e-03,4.4825133394e-03,4.3881555669e-03,4.2940923772e-03,4.2034899167e-03,4.1126290584e-03,4.0396752972e-03,3.9782007070e-03,3.9063183018e-03,3.8496588403e-03,3.7935350568e-03,3.7379469514e-03,3.7000075451e-03,2.2924785631e-03
175,3.8007319596e-03,4.8047574305e-03,5.2613995038e-03,5.1682550395e-03,5.0745326852e-03,4.9998556044e-03,4.9385572076e-03,4.8219676355e-03,4.7652167149e-03,4.8352087690e-03,4.7199203040e-03,4.5931637088e-03,4.4801930645e-03,4.3859113245e-03,4.2919239891e-03,4.2013954245e-03,4.1106085964e-03,4.0377142386e-03,3.9762880110e-03,3.9044643636e-03,3.8478505597e-03,3.7917721110e-03,3.7362290176e-03,3.6983201308e-03,2.2917122430e-03
175.5,3.7991587988e-03,4.8021610505e-03,5.2584773325e-03,5.1654008553e-03,5.0717466557e-03,4.9971224564e-03,4.9358688339e-03,4.8193610844e-03,4.7626808390e-03,4.8326230148e-03,4.7174262071e-03,4.5907722158e-03,4.4778919445e-03,4.3836855982e-03,4.2897734797e-03,4.1993181896e-03,4.1086047692e-03,4.0357693152e-03,3.9743910448e-03,3.9026256610e-03,3.8460571310e-03,3.7900236362e-03,3.7345251764e-03,3.6966465528e-03,2.2909521597e-03
176,3.7975983754e-03,4.7995861636e-03,5.2555793531e-03,5.1625702984e-03,5.0689836877e-03,4.9944119323e-03,4.9332027122e-03,4.8167761088e-03,4.7601659254e-03,4.8300586336e-03,4.7149527143e-03,4.5884004648e-03,4.4756098078e-03,4.3814782224e-03,4.2876406895e-03,4.1972580581e-03,4.1066174286e-03,4.0338403836e-03,3.9725096687e-03,3.9008020588e-03,3.8442784229e-03,3.7882895044e-03,3.7328353035e-03,3.6949866890e-03,2.2901982600e-03
176.5,3.7960505796e-03,4.7970325761e-03,5.2527053471e-03,5.1597631556e-03,5.0662435731e-03,4.9917238281e-03,4.9305586420e-03,4.8142125142e-03,4.7576717857e-03,4.8275154333e-03,4.7124996404e-03,4.5860482787e-03,4.4733464845e-03,4.3792890331e-03,4.2855254603e-03,4.1952148777e-03,4.1046464280e-03,4.0319273018e-03,3.9706437445e-03,3.8989934233e-03,3.8425143049e-03,3.7865695890e-03,3.7311592757e-03,3.6933404187e-03,2.2894504913e-03
177,3.7945153024e-03,4.7945000959e-03,5.2498550983e-03,5.1569792157e-03,5.0635261060e-03,4.9890579417e-03,4.9279364244e-03,4.8116701078e-03,4.7551982330e-03,4.8249932233e-03,4.7100668023e-03,4.5837154821e-03,4.4711018062e-03,4.3771178678e-03,4.2834276353e-03,4.1931884972e-03,4.1026916220e-03,4.0300299289e-03,3.9687931349e-03,3.8971996220e-03,3.8407646481e-03,3.7848637644e-03,3.7294969707e-03,3.6917076220e-03,2.2887088011e-03
177.5,3.7929924359e-03,4.7919885328e-03,5.2470283924e-03,5.1542182696e-03,5.0608310823e-03,4.9864140728e-03,4.9253358627e-03,4.8091486989e-03,4.7527450825e-03,4.8224918151e-03,4.7076540182e-03,4.5814019014e-03,4.4688756062e-03,4.3749645653e-03,4.2813470593e-03,4.1911787671e-03,4.1007528667e-03,4.0281481255e-03,3.9669577042e-03,3.8954205234e-03,3.8390293246e-03,3.7831719060e-03,3.7278482676e-03,3.6900881802e-03,2.2879731376e-03
178,3.7914818731e-03,4.7894976987e-03,5.2442250172e-03,5.1514801100e-03,5.0581582996e-03,4.9837920231e-03,4.9227567616e-03,4.8066480984e-03,4.7503121508e-03,4.8200110219e-03,4.7052611084e-03,4.5791073643e-03,4.4666677191e-03,4.3728289663e-03,4.2792835785e-03,4.1891855390e-03,4.0988300193e-03,4.0262817533e-03,3.9651373179e-03,3.8936559975e-03,3.8373082077e-03,3.7814938906e-03,3.7262130464e-03,3.6884819756e-03,2.2872434494e-03
178.5,3.7899835078e-03,4.7870274067e-03,5.2414447624e-03,5.1487645316e-03,5.0555075577e-03,4.9811915960e-03,4.9201989281e-03,4.8041681189e-03,4.7478992563e-03,4.8175506585e-03,4.7028878945e-03,4.5768317005e-03,4.4644779812e-03,4.3707109125e-03,4.2772370404e-03,4.1872086661e-03,4.0969229385e-03,4.0244306755e-03,3.9633318424e-03,3.8919059151e-03,3.8356011717e-03,3.7798295961e-03,3.7245911883e-03,3.6868888918e-03,2.2865196854e-03
179,3.7884972348e-03,4.7845774721e-03,5.2386874198e-03,5.1460713311e-03,5.0528786581e-03,4.9786125970e-03,4.9176621707e-03,4.8017085750e-03,4.7455062193e-03,4.8151105416e-03,4.7005342000e-03,4.5745747410e-03,4.4623062304e-03,4.3686102474e-03,4.2752072940e-03,4.1852480028e-03,4.0950314842e-03,4.0225947563e-03,3.9615411457e-03,3.8901701486e-03,3.8339080922e-03,3.7781789012e-03,3.7229825755e-03,3.6853088131e-03,2.2858017950e-03
179.5,3.7870229499e-03,4.7821477117e-03,5.2359527831e-03,5.1434003071e-03,5.0502714044e-03,4.9760548333e-03,4.9151462998e-03,4.7992692828e-03,4.7431328616e-03,4.8126904895e-03,4.6981998499e-03,4.5723363184e-03,4.4601523060e-03,4.3665268159e-03,4.2731941896e-03,4.1833034050e-03,4.0931555176e-03,4.0207738613e-03,3.9597650969e-03,3.8884485713e-03,3.8322288460e-03,3.7765416860e-03,3.7213870914e-03,3.6837416251e-03,2.2850897282e-03
180,3.7855605498e-03,4.7797379443e-03,5.2332406479e-03,5.1407512599e-03,5.0476856018e-03,4.9735181138e-03,4.9126511277e-03,4.7968500602e-03,4.7407790065e-03,4.8102903222e-03,4.6958846710e-03,4.5701162669e-03,4.4580160486e-03,4.3644604642e-03,4.2711975792e-03,4.1813747296e-03,4.0912949011e-03,4.0189678572e-03,3.9580035661e-03,3.8867410577e-03,3.8305633107e-03,3.7749178315e-03,3.7198046201e-03,3.6821872143e-03,2.2843834352e-03
180.5,3.7841099318e-03,4.7773479899e-03,5.2305508117e-03,5.1381239920e-03,5.0451210573e-03,4.9710022494e-03,4.9101764682e-03,4.7944507269e-03,4.7384444794e-03,4.8079098615e-03,4.6935884916e-03,4.5679144223e-03,4.4558973006e-03,4.3624110400e-03,4.2692173157e-03,4.1794618352e-03,4.0894494986e-03,4.0171766120e-03,3.9562564249e-03,3.8850474835e-03,3.8289113655e-03,3.7733072201e-03,3.7182350472e-03,3.6806454684e-03,2.2836828667e-03
181,3.7826709945e-03,4.7749776707e-03,5.2278830740e-03,5.1355183075e-03,5.0425775800e-03,4.9685070527e-03,4.9077221370e-03,4.7920711042e-03,4.7361291068e-03,4.8055489307e-03,4.6913111417e-03,4.5657306219e-03,4.4537959058e-03,4.3603783925e-03,4.2672532537e-03,4.1775645815e-03,4.0876191750e-03,4.0153999950e-03,3.9545235458e-03,3.8833677254e-03,3.8272728902e-03,3.7717097348e-03,3.7166782591e-03,3.6791162758e-03,2.2829879738e-03
181.5,3.7812436372e-03,4.7726268103e-03,5.2252372362e-03,5.1329340124e-03,5.0400549805e-03,4.9660323378e-03,4.9052879516e-03,4.7897110151e-03,4.7338327174e-03,4.8032073549e-03,4.6890524526e-03,4.5635647044e-03,4.4517117092e-03,4.3583623721e-03,4.2653052491e-03,4.1756828294e-03,4.0858037965e-03,4.0136378766e-03,3.9528048026e-03,3.8817016613e-03,3.8256477660e-03,3.7701252600e-03,3.7151341432e-03,3.6775995262e-03,2.2822987080e-03
182,3.7798277601e-03,4.7702952340e-03,5.2226131015e-03,5.1303709146e-03,5.0375530714e-03,4.9635779210e-03,4.9028737311e-03,4.7873702843e-03,4.7315551410e-03,4.8008849607e-03,4.6868122576e-03,4.5614165101e-03,4.4496445576e-03,4.3563628308e-03,4.2633731588e-03,4.1738164414e-03,4.0840032305e-03,4.0118901283e-03,3.9511000703e-03,3.8800491704e-03,3.8240358751e-03,3.7685536810e-03,3.7136025880e-03,3.6760951102e-03,2.2816150213e-03
182.5,3.7784232642e-03,4.7679827688e-03,5.2200104749e-03,5.1278288237e-03,5.0350716669e-03,4.9611436201e-03,4.9004792963e-03,4.7850487380e-03,4.7292962091e-03,4.7985815765e-03,4.6845903912e-03,4.5592858808e-03,4.4475942988e-03,4.3543796217e-03,4.2614568416e-03,4.1719652810e-03,4.0822173459e-03,4.0101566229e-03,3.9494092249e-03,3.8784101326e-03,3.8224371007e-03,3.7669948842e-03,3.7120834829e-03,3.6746029194e-03,2.2809368660e-03
183,3.7770300514e-03,4.7656892433e-03,5.2174291633e-03,5.1253075513e-03,5.0326105829e-03,4.9587292545e-03,4.8981044697e-03,4.7827462042e-03,4.7270557551e-03,4.7962970321e-03,4.6823866896e-03,4.5571726597e-03,4.4455607825e-03,4.3524125996e-03,4.2595561570e-03,4.1701292130e-03,4.0804460124e-03,4.0084372344e-03,3.9477321437e-03,3.8767844293e-03,3.8208513273e-03,3.7654487570e-03,3.7105767186e-03,3.6731228462e-03,2.2802641950e-03
183.5,3.7756480245e-03,4.7634144875e-03,5.2148689754e-03,5.1228069104e-03,5.0301696373e-03,4.9563346455e-03,4.8957490756e-03,4.7804625125e-03,4.7248336135e-03,4.7940311590e-03,4.6802009905e-03,4.5550766915e-03,4.4435438593e-03,4.3504616204e-03,4.2576709663e-03,4.1683081034e-03,4.0786891010e-03,4.0067318378e-03,3.9460687049e-03,3.8751719427e-03,3.8192784400e-03,3.7639151879e-03,3.7090821863e-03,3.6716547843e-03,2.2795969612e-03
184,3.7742770871e-03,4.7611583334e-03,5.2123297218e-03,5.1203267161e-03,5.0277486495e-03,4.9539596159e-03,4.8934129397e-03,4.7781974939e-03,4.7226296207e-03,4.7917837903e-03,4.6780331332e-03,4.5529978224e-03,4.4415433816e-03,4.3485265414e-03,4.2558011317e-03,4.1665018197e-03,4.0769464842e-03,4.0050403093e-03,3.9444187880e-03,3.8735725562e-03,3.8177183255e-03,3.7623940663e-03,3.7075997787e-03,3.6701986282e-03,2.2789351184e-03
184.5,3.7729171437e-03,4.7589206142e-03,5.2098112147e-03,5.1178667850e-03,5.0253474405e-03,4.9516039902e-03,4.8910958894e-03,4.7759509813e-03,4.7204436144e-03,4.7895547606e-03,4.6758829583e-03,4.5509358999e-03,4.4395592030e-03,4.3466072211e-03,4.2539465170e-03,4.1647102302e-03,4.0752180353e-03,4.0033625264e-03,3.9427822736e-03,3.8719861543e-03,3.8161708711e-03,3.7608852827e-03,3.7061293890e-03,3.6687542733e-03,2.2782786204e-03
185,3.7715680996e-03,4.7567011649e-03,5.2073132681e-03,5.1154269357e-03,5.0229658333e-03,4.9492675948e-03,4.8887977539e-03,4.7737228089e-03,4.7182754340e-03,4.7873439060e-03,4.6737503081e-03,4.5488907731e-03,4.4375911783e-03,4.3447035197e-03,4.2521069869e-03,4.1629332048e-03,4.0735036288e-03,4.0016983675e-03,3.9411590432e-03,3.8704126224e-03,3.8146359653e-03,3.7593887284e-03,3.7046709118e-03,3.6673216159e-03,2.2776274216e-03
185.5,3.7702298610e-03,4.7544998220e-03,5.2048356979e-03,5.1130069881e-03,5.0206036523e-03,4.9469502574e-03,4.8865183639e-03,4.7715128125e-03,4.7161249202e-03,4.7851510642e-03,4.6716350262e-03,4.5468622922e-03,4.4356391639e-03,4.3428152981e-03,4.2502824077e-03,4.1611706145e-03,4.0718031406e-03,4.0000477122e-03,3.9395489797e-03,3.8688518471e-03,3.8131134976e-03,3.7579042960e-03,3.7032242424e-03,3.6659005535e-03,2.2769814767e-03
186,3.7689023347e-03,4.7523164233e-03,5.2023783215e-03,5.1106067642e-03,5.0182607236e-03,4.9446518073e-03,4.8842575516e-03,4.7693208296e-03,4.7139919153e-03,4.7829760744e-03,4.6695369577e-03,4.5448503092e-03,4.4337030175e-03,4.3409424190e-03,4.2484726467e-03,4.1594223312e-03,4.0701164475e-03,3.9984104412e-03,3.9379519668e-03,3.8673037159e-03,3.8116033586e-03,3.7564318789e-03,3.7017892770e-03,3.6644909842e-03,2.2763407409e-03
186.5,3.7675854284e-03,4.7501508086e-03,5.1999409583e-03,5.1082260875e-03,5.0159368749e-03,4.9423720758e-03,4.8820151508e-03,4.7671466991e-03,4.7118762632e-03,4.7808187774e-03,4.6674559493e-03,4.5428546771e-03,4.4317825979e-03,4.3390847462e-03,4.2466775724e-03,4.1576882283e-03,4.0684434276e-03,3.9967864364e-03,3.9363678893e-03,3.8657681175e-03,3.8101054396e-03,3.7549713714e-03,3.7003659130e-03,3.6630928073e-03,2.2757051696e-03
187,3.7662790509e-03,4.7480028186e-03,5.1975234291e-03,5.1058647830e-03,5.0136319357e-03,4.9401108954e-03,4.8797909970e-03,4.7649902613e-03,4.7097778089e-03,4.7786790153e-03,4.6653918490e-03,4.5408752504e-03,4.4298777654e-03,4.3372421447e-03,4.2448970548e-03,4.1559681804e-03,4.0667839599e-03,3.9951755805e-03,3.9347966333e-03,3.8642449414e-03,3.8086196333e-03,3.7535226689e-03,3.6989540484e-03,3.6617059229e-03,2.2750747187e-03
187.5,3.7649831115e-03,4.7458722961e-03,5.1951255566e-03,5.1035226776e-03,5.0113457368e-03,4.9378681002e-03,4.8775849270e-03,4.7628513582e-03,4.7076963993e-03,4.7765566318e-03,4.6633445060e-03,4.5389118851e-03,4.4279883816e-03,4.3354144807e-03,4.2431309649e-03,4.1542620629e-03,4.0651379248e-03,3.9935777576e-03,3.9332380855e-03,3.8627340784e-03,3.8071458330e-03,3.7520856677e-03,3.6975535824e-03,3.6603302319e-03,2.2744493445e-03
188,3.7636975203e-03,4.7437590850e-03,5.1927471650e-03,5.1011995996e-03,5.0090781110e-03,4.9356435261e-03,4.8753967794e-03,4.7607298333e-03,4.7056318823e-03,4.7744514720e-03,4.6613137714e-03,4.5369644384e-03,4.4261143093e-03,4.3336016219e-03,4.2413791748e-03,4.1525697528e-03,4.0635052035e-03,3.9919928526e-03,3.9316921340e-03,3.8612354199e-03,3.8056839332e-03,3.7506602650e-03,3.6961644151e-03,3.6589656362e-03,2.2738290037e-03
188.5,3.7624221882e-03,4.7416630306e-03,5.1903880804e-03,5.0988953792e-03,5.0068288922e-03,4.9334370104e-03,4.8732263942e-03,4.7586255313e-03,4.7035841075e-03,4.7723633826e-03,4.6592994972e-03,4.5350327688e-03,4.4242554127e-03,4.3318034369e-03,4.2396415579e-03,4.1508911279e-03,4.0618856786e-03,3.9904207517e-03,3.9301586679e-03,3.8597488587e-03,3.8042338294e-03,3.7492463589e-03,3.6947864472e-03,3.6576120387e-03,2.2732136531e-03
189,3.7611570270e-03,4.7395839800e-03,5.1880481302e-03,5.0966098479e-03,5.0045979162e-03,4.9312483917e-03,4.8710736128e-03,4.7565382986e-03,4.7015529259e-03,4.7702922114e-03,4.6573015371e-03,4.5331167362e-03,4.4224115570e-03,4.3300197957e-03,4.2379179888e-03,4.1492260672e-03,4.0602792335e-03,3.9888613420e-03,3.9286375771e-03,3.8582742882e-03,3.8027954178e-03,3.7478438486e-03,3.6934195807e-03,3.6562693430e-03,2.2726032503e-03
189.5,3.7599019493e-03,4.7375217814e-03,5.1857271436e-03,5.0943428390e-03,5.0023850202e-03,4.9290775106e-03,4.8689382782e-03,4.7544679830e-03,4.6995381897e-03,4.7682378080e-03,4.6553197461e-03,4.5312162018e-03,4.4205826090e-03,4.3282505695e-03,4.2362083432e-03,4.1475744509e-03,4.0586857528e-03,3.9873145115e-03,3.9271287527e-03,3.8568116032e-03,3.8013685957e-03,3.7464526341e-03,3.6920637183e-03,3.6549374536e-03,2.2719977530e-03
190,3.7586568682e-03,4.7354762847e-03,5.1834249515e-03,5.0920941871e-03,5.0001900430e-03,4.9269242087e-03,4.8668202348e-03,4.7524144337e-03,4.6975397527e-03,4.7662000232e-03,4.6533539804e-03,4.5293310279e-03,4.4187684365e-03,4.3264956307e-03,4.2345124979e-03,4.1459361602e-03,4.0571051222e-03,3.9857801496e-03,3.9256320867e-03,3.8553606990e-03,3.7999532614e-03,3.7450726163e-03,3.6907187635e-03,3.6536162759e-03,2.2713971191e-03
190.5,3.7574216978e-03,4.7334473409e-03,5.1811413862e-03,5.0898637287e-03,4.9980128247e-03,4.9247883294e-03,4.8647193286e-03,4.7503775012e-03,4.6955574698e-03,4.7641787091e-03,4.6514040976e-03,4.5274610784e-03,4.4169689085e-03,4.3247548528e-03,4.2328303310e-03,4.1443110775e-03,4.0555372283e-03,3.9842581463e-03,3.9241474722e-03,3.8539214722e-03,3.7985493141e-03,3.7437036970e-03,3.6893846208e-03,3.6523057162e-03,2.2708013073e-03
191,3.7561963530e-03,4.7314348026e-03,5.1788762816e-03,5.0876513015e-03,4.9958532072e-03,4.9226697175e-03,4.8626354069e-03,4.7483570375e-03,4.6935911976e-03,4.7621737194e-03,4.6494699569e-03,4.5256062181e-03,4.4151838954e-03,4.3230281105e-03,4.2311617216e-03,4.1426990863e-03,4.0539819590e-03,3.9827483930e-03,3.9226748031e-03,3.8524938203e-03,3.7971566538e-03,3.7423457789e-03,3.6880611955e-03,3.6510056816e-03,2.2702102764e-03
191.5,3.7549807492e-03,4.7294385238e-03,5.1766294733e-03,5.0854567450e-03,4.9937110338e-03,4.9205682192e-03,4.8605683184e-03,4.7463528961e-03,4.6916407937e-03,4.7601849091e-03,4.6475514183e-03,4.5237663135e-03,4.4134132686e-03,4.3213152798e-03,4.2295065500e-03,4.1411000709e-03,4.0524392029e-03,3.9812507817e-03,3.9212139745e-03,3.8510776415e-03,3.7957751815e-03,3.7409987657e-03,3.6867483939e-03,3.6497160800e-03,2.2696239854e-03
192,3.7537748027e-03,4.7274583597e-03,5.1744007984e-03,5.0832799001e-03,4.9915861491e-03,4.9184836822e-03,4.8585179134e-03,4.7443649317e-03,4.6897061173e-03,4.7582121345e-03,4.6456483436e-03,4.5219412320e-03,4.4116569009e-03,4.3196162375e-03,4.2278646974e-03,4.1395139171e-03,4.0509088500e-03,3.9797652057e-03,3.9197648822e-03,3.8496728351e-03,3.7944047991e-03,3.7396625618e-03,3.6854461230e-03,3.6484368203e-03,2.2690423940e-03
192.5,3.7525784305e-03,4.7254941671e-03,5.1721900953e-03,5.0811206090e-03,4.9894783993e-03,4.9164159555e-03,4.8564840435e-03,4.7423930004e-03,4.6877870288e-03,4.7562552533e-03,4.6437605957e-03,4.5201308422e-03,4.4099146661e-03,4.3179308620e-03,4.2262360463e-03,4.1379405114e-03,4.0493907910e-03,3.9782915592e-03,3.9183274231e-03,3.8482793015e-03,3.7930454095e-03,3.7383370725e-03,3.6841542907e-03,3.6471678120e-03,2.2684654620e-03
193,3.7513915505e-03,4.7235458040e-03,5.1699972043e-03,5.0789787157e-03,4.9873876321e-03,4.9143648898e-03,4.8544665616e-03,4.7404369597e-03,4.6858833898e-03,4.7543141245e-03,4.6418880386e-03,4.5183350143e-03,4.4081864393e-03,4.3162590324e-03,4.2246204804e-03,4.1363797415e-03,4.0478849177e-03,3.9768297372e-03,3.9169014952e-03,3.8468969416e-03,3.7916969162e-03,3.7370222042e-03,3.6828728056e-03,3.6459089656e-03,2.2678931497e-03
193.5,3.7502140810e-03,4.7216131296e-03,5.1678219670e-03,5.0768540655e-03,4.9853136964e-03,4.9123303368e-03,4.8524653222e-03,4.7384966684e-03,4.6839950634e-03,4.7523886083e-03,4.6400305378e-03,4.5165536193e-03,4.4064720967e-03,4.3146006293e-03,4.2230178841e-03,4.1348314960e-03,4.0463911229e-03,3.9753796360e-03,3.9154869970e-03,3.8455256576e-03,3.7903592238e-03,3.7357178638e-03,3.6816015775e-03,3.6446601923e-03,2.2673254175e-03
194,3.7490459413e-03,4.7196960047e-03,5.1656642263e-03,5.0747465051e-03,4.9832564427e-03,4.9103121500e-03,4.8504801809e-03,4.7365719867e-03,4.6821219138e-03,4.7504785664e-03,4.6381879599e-03,4.5147865295e-03,4.4047715157e-03,4.3129555341e-03,4.2214281431e-03,4.1332956649e-03,4.0449093005e-03,3.9739411525e-03,3.9140838285e-03,3.8441653523e-03,3.7890322378e-03,3.7344239592e-03,3.6803405166e-03,3.6434214042e-03,2.2667622265e-03
194.5,3.7478870513e-03,4.7177942912e-03,5.1635238269e-03,5.0726558828e-03,4.9812157229e-03,4.9083101840e-03,4.8485109948e-03,4.7346627759e-03,4.6802638066e-03,4.7485838617e-03,4.6363601730e-03,4.5130336186e-03,4.4030845746e-03,4.3113236294e-03,4.2198511443e-03,4.1317721387e-03,4.0434393451e-03,3.9725141847e-03,3.9126918901e-03,3.8428159296e-03,3.7877158645e-03,3.7331403993e-03,3.6790895341e-03,3.6421925142e-03,2.2662035379e-03
195,3.7467373315e-03,4.7159078523e-03,5.1614006148e-03,5.0705820481e-03,4.9791913903e-03,4.9063242948e-03,4.8465576224e-03,4.7327688989e-03,4.6784206085e-03,4.7467043584e-03,4.6345470461e-03,4.5112947613e-03,4.4014111532e-03,4.3097047990e-03,4.2182867753e-03,4.1302608092e-03,4.0419811526e-03,3.9710986317e-03,3.9113110834e-03,3.8414772942e-03,3.7864100110e-03,3.7318670936e-03,3.6778485421e-03,3.6409734358e-03,2.2656493132e-03
195.5,3.7455967034e-03,4.7140365527e-03,5.1592944374e-03,5.0685248522e-03,4.9771832995e-03,4.9043543399e-03,4.8446199234e-03,4.7308902196e-03,4.6765921877e-03,4.7448399219e-03,4.6327484496e-03,4.5095698334e-03,4.3997511322e-03,4.3080989276e-03,4.2167349250e-03,4.1287615693e-03,4.0405346197e-03,3.9696943933e-03,3.9099413108e-03,3.8401493516e-03,3.7851145852e-03,3.7306039525e-03,3.6766174534e-03,3.6397640835e-03,2.2650995143e-03
196,3.7444650888e-03,4.7121802580e-03,5.1572051437e-03,5.0664841475e-03,4.9751913064e-03,4.9024001780e-03,4.8426977589e-03,4.7290266034e-03,4.6747784133e-03,4.7429904191e-03,4.6309642552e-03,4.5078587120e-03,4.3981043934e-03,4.3065059011e-03,4.2151954833e-03,4.1272743126e-03,4.0390996440e-03,3.9683013702e-03,3.9085824757e-03,3.8388320083e-03,3.7838294961e-03,3.7293508872e-03,3.6753961815e-03,3.6385643725e-03,2.2645541035e-03
196.5,3.7433424105e-03,4.7103388354e-03,5.1551325840e-03,5.0644597878e-03,4.9732152685e-03,4.9004616691e-03,4.8407909912e-03,4.7271779167e-03,4.6729791559e-03,4.7411557177e-03,4.6291943355e-03,4.5061612752e-03,4.3964708198e-03,4.3049256064e-03,4.2136683409e-03,4.1257989340e-03,4.0376761241e-03,3.9669194642e-03,3.9072344822e-03,3.8375251715e-03,3.7825546533e-03,3.7281078098e-03,3.6741846408e-03,3.6373742189e-03,2.2640130435e-03
197,3.7422285919e-03,4.7085121532e-03,5.1530766099e-03,5.0624516282e-03,4.9712550443e-03,4.8985386745e-03,4.8388994840e-03,4.7253440275e-03,4.6711942872e-03,4.7393356871e-03,4.6274385646e-03,4.5044774025e-03,4.3948502955e-03,4.3033579315e-03,4.2121533899e-03,4.1243353290e-03,4.0362639596e-03,3.9655485778e-03,3.9058972356e-03,3.8362287494e-03,3.7812899673e-03,3.7268746330e-03,3.6729827466e-03,3.6361935392e-03,2.2634762969e-03
197.5,3.7411235571e-03,4.7067000809e-03,5.1510370747e-03,5.0604595254e-03,4.9693104939e-03,4.8966310571e-03,4.8370231023e-03,4.7235248047e-03,4.6694236801e-03,4.7375301976e-03,4.6256968175e-03,4.5028069742e-03,4.3932427054e-03,4.3018027653e-03,4.2106505230e-03,4.1228833943e-03,4.0348630508e-03,3.9641886146e-03,3.9045706416e-03,3.8349426510e-03,3.7800353494e-03,3.7256512707e-03,3.6717904147e-03,3.6350222512e-03,2.2629438272e-03
198,3.7400272306e-03,4.7049024893e-03,5.1490138327e-03,5.0584833373e-03,4.9673814786e-03,4.8947386807e-03,4.8351617122e-03,4.7217201187e-03,4.6676672087e-03,4.7357391209e-03,4.6239689707e-03,4.5011498719e-03,4.3916479358e-03,4.3002599978e-03,4.2091596341e-03,4.1214430276e-03,4.0334732993e-03,3.9628394790e-03,3.9032546073e-03,3.8336667861e-03,3.7787907118e-03,3.7244376371e-03,3.6706075618e-03,3.6338602728e-03,2.2624155978e-03
198.5,3.7389395381e-03,4.7031192504e-03,5.1470067399e-03,5.0565229230e-03,4.9654678611e-03,4.8928614105e-03,4.8333151812e-03,4.7199298409e-03,4.6659247482e-03,4.7339623298e-03,4.6222549015e-03,4.4995059783e-03,4.3900658739e-03,4.2987295202e-03,4.2076806181e-03,4.1200141275e-03,4.0320946071e-03,3.9615010762e-03,3.9019490401e-03,3.8324010652e-03,3.7775559673e-03,3.7232336474e-03,3.6694341055e-03,3.6327075233e-03,2.2618915725e-03
199,3.7378604054e-03,4.7013502373e-03,5.1450156534e-03,5.0545781432e-03,4.9635695052e-03,4.8909991130e-03,4.8314833780e-03,4.7181538441e-03,4.6641961750e-03,4.7321996983e-03,4.6205544885e-03,4.4978751771e-03,4.3884964080e-03,4.2972112245e-03,4.2062133708e-03,4.1185965934e-03,4.0307268777e-03,3.9601733124e-03,3.9006538488e-03,3.8311454000e-03,3.7763310297e-03,3.7220392177e-03,3.6682699639e-03,3.6315639223e-03,2.2613717156e-03
199.5,3.7367897594e-03,4.6995953244e-03,5.1430404319e-03,5.0526488597e-03,4.9616862761e-03,4.8891516561e-03,4.8296661726e-03,4.7163920021e-03,4.6624813669e-03,4.7304511016e-03,4.6188676116e-03,4.4962573531e-03,4.3869394274e-03,4.2957050036e-03,4.2047577890e-03,4.1171903257e-03,4.0293700149e-03,3.9588560945e-03,3.8993689426e-03,3.8298997026e-03,3.7751158135e-03,3.7208542647e-03,3.6671150560e-03,3.6304293902e-03,2.2608559915e-03
200,3.7357275274e-03,4.6978543873e-03,5.1410809351e-03,5.0507349357e-03,4.9598180403e-03,4.8873189087e-03,4.8278634360e-03,4.7146441900e-03,4.6607802024e-03,4.7287164160e-03,4.6171941515e-03,4.4946523922e-03,4.3853948224e-03,4.2942107518e-03,4.2033137704e-03,4.1157952259e-03,4.0280239238e-03,3.9575493305e-03,3.8980942318e-03,3.8286638861e-03,3.7739102340e-03,3.7196787059e-03,3.6659693015e-03,3.6293038483e-03,2.2603443650e-03
200.5,3.7346736373e-03,4.6961273026e-03,5.1391370243e-03,5.0488362355e-03,4.9579646655e-03,4.8855007409e-03,4.8260750406e-03,4.7129102840e-03,4.6590925615e-03,4.7269955191e-03,4.6155339901e-03,4.4930601815e-03,4.3838624845e-03,4.2927283639e-03,4.2018812137e-03,4.1144111961e-03,4.0266885102e-03,3.9562529289e-03,3.8968296273e-03,3.8274378643e-03,3.7727142073e-03,3.7185124595e-03,3.6648326208e-03,3.6281872185e-03,2.2598368013e-03
201,3.7336280179e-03,4.6944139483e-03,5.1372085620e-03,5.0469526250e-03,4.9561260206e-03,4.8836970243e-03,4.8243008601e-03,4.7111901616e-03,4.6574183251e-03,4.7252882895e-03,4.6138870107e-03,4.4914806089e-03,4.3823423060e-03,4.2912577361e-03,4.2004600186e-03,4.1130381395e-03,4.0253636809e-03,3.9549667995e-03,3.8955750411e-03,3.8262215521e-03,3.7715276502e-03,3.7173554446e-03,3.6637049351e-03,3.6270794233e-03,2.2593332656e-03
201.5,3.7325905984e-03,4.6927142034e-03,5.1352954120e-03,5.0450839711e-03,4.9543019758e-03,4.8819076315e-03,4.8225407690e-03,4.7094837013e-03,4.6557573754e-03,4.7235946071e-03,4.6122530973e-03,4.4899135634e-03,4.3808341802e-03,4.2897987652e-03,4.1990500856e-03,4.1116759602e-03,4.0240493433e-03,3.9536908525e-03,3.8943303858e-03,3.8250148647e-03,3.7703504804e-03,3.7162075809e-03,3.6625861663e-03,3.6259803861e-03,2.2588337238e-03
202,3.7315613087e-03,4.6910279479e-03,5.1333974393e-03,5.0432301420e-03,4.9524924025e-03,4.8801324362e-03,4.8207946434e-03,4.7077907828e-03,4.6541095955e-03,4.7219143527e-03,4.6106321352e-03,4.4883589353e-03,4.3793380015e-03,4.2883513492e-03,4.1976513161e-03,4.1103245632e-03,4.0227454059e-03,3.9524249992e-03,3.8930955749e-03,3.8238177185e-03,3.7691826161e-03,3.7150687889e-03,3.6614762368e-03,3.6248900310e-03,2.2583381417e-03
202.5,3.7305400793e-03,4.6893550632e-03,5.1315145102e-03,5.0413910072e-03,4.9506971732e-03,4.8783713136e-03,4.8190623604e-03,4.7061112869e-03,4.6524748697e-03,4.7202474083e-03,4.6090240107e-03,4.4868166156e-03,4.3778536653e-03,4.2869153870e-03,4.1962636127e-03,4.1089838542e-03,4.0214517780e-03,3.9511691515e-03,3.8918705225e-03,3.8226300303e-03,3.7680239765e-03,3.7139389898e-03,3.6603750702e-03,3.6238082826e-03,2.2578464858e-03
203,3.7295268414e-03,4.6876954317e-03,5.1296464925e-03,5.0395664374e-03,4.9489161619e-03,4.8766241398e-03,4.8173437981e-03,4.7044450956e-03,4.6508530835e-03,4.7185936571e-03,4.6074286111e-03,4.4852864964e-03,4.3763810679e-03,4.2854907784e-03,4.1948868785e-03,4.1076537400e-03,4.0201683697e-03,3.9499232224e-03,3.8906551439e-03,3.8214517180e-03,3.7668744814e-03,3.7128181055e-03,3.6592825903e-03,3.6227350663e-03,2.2573587226e-03
203.5,3.7285215267e-03,4.6860489368e-03,5.1277932548e-03,5.0377563044e-03,4.9471492433e-03,4.8748907922e-03,4.8156388359e-03,4.7027920918e-03,4.6492441232e-03,4.7169529833e-03,4.6058458250e-03,4.4837684709e-03,4.3749201066e-03,4.2840774241e-03,4.1935210177e-03,4.1063341281e-03,4.0188950918e-03,3.9486871254e-03,3.8894493547e-03,3.8202827000e-03,3.7657340514e-03,3.7117060587e-03,3.6581987219e-03,3.6216703082e-03,2.2568748190e-03
204,3.7275240677e-03,4.6844154631e-03,5.1259546672e-03,5.0359604815e-03,4.9453962938e-03,4.8731711492e-03,4.8139473544e-03,4.7011521598e-03,4.6476478764e-03,4.7153252723e-03,4.6042755417e-03,4.4822624332e-03,4.3734706796e-03,4.2826752258e-03,4.1921659355e-03,4.1050249269e-03,4.0176318562e-03,3.9474607750e-03,3.8882530716e-03,3.8191228957e-03,3.7646026079e-03,3.7106027728e-03,3.6571233903e-03,3.6206139351e-03,2.2563947422e-03
204.5,3.7265343972e-03,4.6827948964e-03,5.1241306011e-03,5.0341788428e-03,4.9436571906e-03,4.8714650906e-03,4.8122692351e-03,4.6995251848e-03,4.6460642316e-03,4.7137104104e-03,4.6027176517e-03,4.4807682784e-03,4.3720326861e-03,4.2812840861e-03,4.1908215379e-03,4.1037260458e-03,4.0163785754e-03,3.9462440864e-03,3.8870662120e-03,3.8179722249e-03,3.7634800728e-03,3.7095081717e-03,3.6560565216e-03,3.6195658745e-03,2.2559184596e-03
205,3.7255524489e-03,4.6811871232e-03,5.1223209290e-03,5.0324112639e-03,4.9419318122e-03,4.8697724971e-03,4.8106043609e-03,4.6979110531e-03,4.6444930784e-03,4.7121082850e-03,4.6011720467e-03,4.4792859027e-03,4.3706060262e-03,4.2799039084e-03,4.1894877315e-03,4.1024373947e-03,4.0151351629e-03,3.9450369756e-03,3.8858886940e-03,3.8168306086e-03,3.7623663690e-03,3.7084221803e-03,3.6549980425e-03,3.6185260543e-03,2.2554459390e-03
205.5,3.7245781569e-03,4.6795920315e-03,5.1205255245e-03,5.0306576214e-03,4.9402200381e-03,4.8680932505e-03,4.8089526155e-03,4.6963096520e-03,4.6429343075e-03,4.7105187846e-03,4.5996386190e-03,4.4778152031e-03,4.3691906010e-03,4.2785345972e-03,4.1881644242e-03,4.1011588846e-03,4.0139015326e-03,3.9438393594e-03,3.8847204365e-03,3.8156979680e-03,3.7612614198e-03,3.7073447239e-03,3.6539478805e-03,3.6174944033e-03,2.2549771485e-03
206,3.7236114559e-03,4.6780095100e-03,5.1187442625e-03,5.0289177931e-03,4.9385217492e-03,4.8664272340e-03,4.8073138838e-03,4.6947208700e-03,4.6413878106e-03,4.7089417988e-03,4.5981172623e-03,4.4763560776e-03,4.3677863125e-03,4.2771760577e-03,4.1868515245e-03,4.0998904274e-03,4.0126775998e-03,3.9426511554e-03,3.8835613591e-03,3.8145742254e-03,3.7601651494e-03,3.7062757288e-03,3.6529059635e-03,3.6164708510e-03,2.2545120562e-03
206.5,3.7226522813e-03,4.6764394487e-03,5.1169770190e-03,5.0271916580e-03,4.9368368273e-03,4.8647743315e-03,4.8056880520e-03,4.6931445966e-03,4.6398534802e-03,4.7073772182e-03,4.5966078711e-03,4.4749084252e-03,4.3663930635e-03,4.2758281960e-03,4.1855489418e-03,4.0986319354e-03,4.0114632800e-03,3.9414722817e-03,3.8824113823e-03,3.8134593037e-03,3.7590774828e-03,3.7052151217e-03,3.6518722205e-03,3.6154553274e-03,2.2540506310e-03
207,3.7217005689e-03,4.6748817386e-03,5.1152236714e-03,5.0254790961e-03,4.9351651554e-03,4.8631344283e-03,4.8040750070e-03,4.6915807222e-03,4.6383312101e-03,4.7058249343e-03,4.5951103409e-03,4.4734721459e-03,4.3650107578e-03,4.2744909192e-03,4.1842565863e-03,4.0973833223e-03,4.0102584899e-03,3.9403026576e-03,3.8812704270e-03,3.8123531265e-03,3.7579983454e-03,3.7041628301e-03,3.6508465807e-03,3.6144477631e-03,2.2535928415e-03
207.5,3.7207562553e-03,4.6733362714e-03,5.1134840979e-03,5.0237799887e-03,4.9335066174e-03,4.8615074107e-03,4.8024746370e-03,4.6900291384e-03,4.6368208950e-03,4.7042848398e-03,4.5936245683e-03,4.4720471404e-03,4.3636393002e-03,4.2731641352e-03,4.1829743692e-03,4.0961445021e-03,4.0090631467e-03,3.9391422028e-03,3.8801384152e-03,3.8112556181e-03,3.7569276634e-03,3.7031187821e-03,3.6498289742e-03,3.6134480895e-03,2.2531386570e-03
208,3.7198192776e-03,4.6718029404e-03,5.1117581781e-03,5.0220942182e-03,4.9318610986e-03,4.8598931659e-03,4.8008868313e-03,4.6884897379e-03,4.6353224305e-03,4.7027568283e-03,4.5921504505e-03,4.4706333107e-03,4.3622785962e-03,4.2718477526e-03,4.1817022023e-03,4.0949153898e-03,4.0078771686e-03,3.9379908379e-03,3.8790152694e-03,3.8101667036e-03,3.7558653639e-03,3.7020829066e-03,3.6488193317e-03,3.6124562386e-03,2.2526880469e-03
208.5,3.7188895732e-03,4.6702816393e-03,5.1100457927e-03,5.0204216678e-03,4.9302284853e-03,4.8582915825e-03,4.7993114799e-03,4.6869624140e-03,4.6338357132e-03,4.7012407944e-03,4.5906878863e-03,4.4692305592e-03,4.3609285522e-03,4.2705416812e-03,4.1804399983e-03,4.0936959012e-03,4.0067004742e-03,3.9368484841e-03,3.8779009129e-03,3.8090863086e-03,3.7548113743e-03,3.7010551329e-03,3.6478175844e-03,3.6114721429e-03,2.2522409808e-03
209,3.7179670804e-03,4.6687722632e-03,5.1083468234e-03,5.0187622223e-03,4.9286086647e-03,4.8567025498e-03,4.7977484743e-03,4.6854470615e-03,4.6323606409e-03,4.6997366337e-03,4.5892367748e-03,4.4678387898e-03,4.3595890757e-03,4.2692458313e-03,4.1791876708e-03,4.0924859529e-03,4.0055329834e-03,3.9357150635e-03,3.8767952696e-03,3.8080143594e-03,3.7537656229e-03,3.7000353912e-03,3.6468236644e-03,3.6104957355e-03,2.2517974288e-03
209.5,3.7170517380e-03,4.6672747080e-03,5.1066611531e-03,5.0171157672e-03,4.9270015251e-03,4.8551259582e-03,4.7961977066e-03,4.6839435759e-03,4.6308971119e-03,4.6982442427e-03,4.5877970163e-03,4.4664579069e-03,4.3582600747e-03,4.2679601143e-03,4.1779451341e-03,4.0912854622e-03,4.0043746163e-03,3.9345904988e-03,3.8756982643e-03,3.8069507833e-03,3.7527280387e-03,3.6990236123e-03,3.6458375041e-03,3.6095269504e-03,2.2513573610e-03
210,3.7161434851e-03,4.6657888707e-03,5.1049886658e-03,5.0154821893e-03,4.9254069561e-03,4.8535616995e-03,4.7946590702e-03,4.6824518537e-03,4.6294450259e-03,4.6967635192e-03,4.5863685123e-03,4.4650878158e-03,4.3569414584e-03,4.2666844421e-03,4.1767123034e-03,4.0900943472e-03,4.0032252940e-03,3.9334747134e-03,3.8746098224e-03,3.8058955079e-03,3.7516985512e-03,3.6980197275e-03,3.6448590369e-03,3.6085657218e-03,2.2509207479e-03
210.5,3.7152422616e-03,4.6643146491e-03,5.1033292466e-03,5.0138613762e-03,4.9238248481e-03,4.8520096659e-03,4.7931324594e-03,4.6809717925e-03,4.6280042833e-03,4.6952943614e-03,4.5849511647e-03,4.4637284230e-03,4.3556331367e-03,4.2654187278e-03,4.1754890945e-03,4.0889125268e-03,4.0020849384e-03,3.9323676316e-03,3.8735298698e-03,3.8048484616e-03,3.7506770906e-03,3.6970236688e-03,3.6438881964e-03,3.6076119849e-03,2.2504875603e-03
211,3.7143480078e-03,4.6628519422e-03,5.1016827816e-03,5.0122532168e-03,4.9222550925e-03,4.8504697512e-03,4.7916177695e-03,4.6795032907e-03,4.6265747855e-03,4.6938366690e-03,4.5835448768e-03,4.4623796355e-03,4.3543350202e-03,4.2641628849e-03,4.1742754243e-03,4.0877399205e-03,4.0009534719e-03,3.9312691781e-03,3.8724583334e-03,3.8038095736e-03,3.7496635878e-03,3.6960353690e-03,3.6429249171e-03,3.6066656752e-03,2.2500577691e-03
211.5,3.7134606646e-03,4.6614006498e-03,5.1000491581e-03,5.0106576011e-03,4.9206975818e-03,4.8489418499e-03,4.7901148968e-03,4.6780462477e-03,4.6251564348e-03,4.6923903423e-03,4.5821495525e-03,4.4610413613e-03,4.3530470206e-03,4.2629168282e-03,4.1730712101e-03,4.0865764487e-03,3.9998308178e-03,3.9301792785e-03,3.8713951407e-03,3.8027787734e-03,3.7486579742e-03,3.6950547611e-03,3.6419691340e-03,3.6057267289e-03,2.2496313457e-03
212,3.7125801736e-03,4.6599606726e-03,5.0984282645e-03,5.0090744198e-03,4.9191522096e-03,4.8474258574e-03,4.7886237385e-03,4.6766005640e-03,4.6237491345e-03,4.6909552826e-03,4.5807650967e-03,4.4597135094e-03,4.3517690502e-03,4.2616804729e-03,4.1718763702e-03,4.0854220326e-03,3.9987169001e-03,3.9290978591e-03,3.8703402196e-03,3.8017559915e-03,3.7476601821e-03,3.6940817792e-03,3.6410207827e-03,3.6047950829e-03,2.2492082615e-03
212.5,3.7117064765e-03,4.6585319123e-03,5.0968199899e-03,5.0075035649e-03,4.9176188705e-03,4.8459216704e-03,4.7871441928e-03,4.6751661408e-03,4.6223527887e-03,4.6895313923e-03,4.5793914152e-03,4.4583959895e-03,4.3505010223e-03,4.2604537351e-03,4.1706908237e-03,4.0842765939e-03,3.9976116434e-03,3.9280248468e-03,3.8692934989e-03,3.8007411589e-03,3.7466701441e-03,3.6931163577e-03,3.6400797994e-03,3.6038706744e-03,2.2487884884e-03
213,3.7108395159e-03,4.6571142715e-03,5.0952242250e-03,5.0059449295e-03,4.9160974599e-03,4.8444291863e-03,4.7856761590e-03,4.6737428805e-03,4.6209673024e-03,4.6881185745e-03,4.5780284147e-03,4.4570887122e-03,4.3492428510e-03,4.2592365318e-03,4.1695144902e-03,4.0831400552e-03,3.9965149731e-03,3.9269601693e-03,3.8682549082e-03,3.7997342073e-03,3.7456877937e-03,3.6921584316e-03,3.6391461209e-03,3.6029534415e-03,2.2483719983e-03
213.5,3.7099792349e-03,4.6557076538e-03,5.0936408610e-03,5.0043984074e-03,4.9145878743e-03,4.8429483036e-03,4.7842195371e-03,4.6723306861e-03,4.6195925816e-03,4.6867167333e-03,4.5766760027e-03,4.4557915889e-03,4.3479944510e-03,4.2580287806e-03,4.1683472904e-03,4.0820123399e-03,3.9954268152e-03,3.9259037547e-03,3.8672243775e-03,3.7987350689e-03,3.7447130648e-03,3.6912079368e-03,3.6382196847e-03,3.6020433226e-03,2.2479587635e-03
214,3.7091255767e-03,4.6543119636e-03,5.0920697904e-03,5.0028638936e-03,4.9130900112e-03,4.8414789218e-03,4.7827742283e-03,4.6709294618e-03,4.6182285332e-03,4.6853257736e-03,4.5753340877e-03,4.4545045319e-03,4.3467557379e-03,4.2568303999e-03,4.1671891455e-03,4.0808933718e-03,3.9943470965e-03,3.9248555320e-03,3.8662018375e-03,3.7977436766e-03,3.7437458921e-03,3.6902648094e-03,3.6373004285e-03,3.6011402568e-03,2.2475487565e-03
214.5,3.7082784856e-03,4.6529271063e-03,5.0905109067e-03,5.0013412840e-03,4.9116037690e-03,4.8400209411e-03,4.7813401346e-03,4.6695391125e-03,4.6168750647e-03,4.6839456016e-03,4.5740025789e-03,4.4532274542e-03,4.3455266283e-03,4.2556413090e-03,4.1660399774e-03,4.0797830758e-03,3.9932757444e-03,3.9238154309e-03,3.8651872195e-03,3.7967599641e-03,3.7427862107e-03,3.6893289863e-03,3.6363882910e-03,3.6002441837e-03,2.2471419501e-03
215,3.7074379060e-03,4.6515529881e-03,5.0889641044e-03,4.9998304757e-03,4.9101290472e-03,4.8385742629e-03,4.7799171588e-03,4.6681595441e-03,4.6155320848e-03,4.6825761237e-03,4.5726813865e-03,4.4519602697e-03,4.3443070392e-03,4.2544614279e-03,4.1648997089e-03,4.0786813772e-03,3.9922126870e-03,3.9227833816e-03,3.8641804557e-03,3.7957838653e-03,3.7418339564e-03,3.6884004051e-03,3.6354832112e-03,3.5993550437e-03,2.2467383173e-03
215.5,3.7066037829e-03,4.6501895161e-03,5.0874292790e-03,4.9983313665e-03,4.9086657462e-03,4.8371387894e-03,4.7785052049e-03,4.6667906635e-03,4.6141995029e-03,4.6812172478e-03,4.5713704214e-03,4.4507028932e-03,4.3430968888e-03,4.2532906771e-03,4.1637682635e-03,4.0775882021e-03,3.9911578531e-03,3.9217593150e-03,3.8631814786e-03,3.7948153152e-03,3.7408890657e-03,3.6874790036e-03,3.6345851289e-03,3.5984727773e-03,2.2463378313e-03
216,3.7057760618e-03,4.6488365983e-03,5.0859063268e-03,4.9968438553e-03,4.9072137671e-03,4.8357144239e-03,4.7771041776e-03,4.6654323782e-03,4.6128772293e-03,4.6798688824e-03,4.5700695955e-03,4.4494552402e-03,4.3418960957e-03,4.2521289783e-03,4.1626455652e-03,4.0765034774e-03,3.9901111721e-03,3.9207431626e-03,3.8621902216e-03,3.7938542490e-03,3.7399514756e-03,3.6865647206e-03,3.6336939841e-03,3.5975973260e-03,2.2459404657e-03
216.5,3.7049546889e-03,4.6474941437e-03,5.0843951455e-03,4.9953678419e-03,4.9057730123e-03,4.8343010704e-03,4.7757139825e-03,4.6640845967e-03,4.6115651750e-03,4.6785309368e-03,4.5687788214e-03,4.4482172269e-03,4.3407045794e-03,4.2509762536e-03,4.1615315390e-03,4.0754271305e-03,3.9890725741e-03,3.9197348567e-03,3.8612066184e-03,3.7929006028e-03,3.7390211236e-03,3.6856574952e-03,3.6328097177e-03,3.5967286315e-03,2.2455461941e-03
217,3.7041396104e-03,4.6461620618e-03,5.0828956332e-03,4.9939032271e-03,4.9043433849e-03,4.8328986338e-03,4.7743345262e-03,4.6627472286e-03,4.6102632522e-03,4.6772033212e-03,4.5674980125e-03,4.4469887704e-03,4.3395222603e-03,4.2498324260e-03,4.1604261105e-03,4.0743590894e-03,3.9880419898e-03,3.9187343301e-03,3.8602306037e-03,3.7919543130e-03,3.7380979478e-03,3.6847572672e-03,3.6319322711e-03,3.5958666362e-03,2.2451549905e-03
217.5,3.7033307735e-03,4.6448402634e-03,5.0814076895e-03,4.9924499126e-03,4.9029247889e-03,4.8315070201e-03,4.7729657162e-03,4.6614201839e-03,4.6089713734e-03,4.6758859468e-03,4.5662270831e-03,4.4457697887e-03,4.3383490592e-03,4.2486974189e-03,4.1593292058e-03,4.0732992832e-03,3.9870193507e-03,3.9177415162e-03,3.8592621125e-03,3.7910153169e-03,3.7371818871e-03,3.6838639768e-03,3.6310615859e-03,3.5950112831e-03,2.2447668291e-03
218,3.7025281257e-03,4.6435286599e-03,5.0799312147e-03,4.9910078011e-03,4.9015171293e-03,4.8301261360e-03,4.7716074607e-03,4.6601033738e-03,4.6076894525e-03,4.6745787255e-03,4.5649659484e-03,4.4445602002e-03,4.3371848981e-03,4.2475711569e-03,4.1582407520e-03,4.0722476413e-03,3.9860045887e-03,3.9167563491e-03,3.8583010805e-03,3.7900835521e-03,3.7362728807e-03,3.6829775649e-03,3.6301976047e-03,3.5941625156e-03,2.2443816843e-03
218.5,3.7017316147e-03,4.6422271634e-03,5.0784661099e-03,4.9895767961e-03,4.9001203120e-03,4.8287558892e-03,4.7702596689e-03,4.6587967102e-03,4.6064174037e-03,4.6732815700e-03,4.5637145242e-03,4.4433599245e-03,4.3360296993e-03,4.2464535650e-03,4.1571606767e-03,4.0712040938e-03,3.9849976366e-03,3.9157787634e-03,3.8573474442e-03,3.7891589571e-03,3.7353708685e-03,3.6820979729e-03,3.6293402703e-03,3.5933202776e-03,2.2439995307e-03
219,3.7009411892e-03,4.6409356872e-03,5.0770122775e-03,4.9881568021e-03,4.8987342438e-03,4.8273961883e-03,4.7689222508e-03,4.6575001059e-03,4.6051551424e-03,4.6719943940e-03,4.5624727272e-03,4.4421688817e-03,4.3348833861e-03,4.2453445690e-03,4.1560889082e-03,4.0701685715e-03,3.9839984276e-03,3.9148086945e-03,3.8564011403e-03,3.7882414706e-03,3.7344757908e-03,3.6812251427e-03,3.6284895263e-03,3.5924845136e-03,2.2436203433e-03
219.5,3.7001567978e-03,4.6396541451e-03,5.0755696205e-03,4.9867477245e-03,4.8973588323e-03,4.8260469426e-03,4.7675951174e-03,4.6562134745e-03,4.6039025845e-03,4.6707171117e-03,4.5612404749e-03,4.4409869926e-03,4.3337458825e-03,4.2442440954e-03,4.1550253756e-03,4.0691410059e-03,3.9830068956e-03,3.9138460783e-03,3.8554621064e-03,3.7873310321e-03,3.7335875887e-03,3.6803590169e-03,3.6276453166e-03,3.5916551686e-03,2.2432440972e-03
220,3.6993783901e-03,4.6383824519e-03,5.0741380431e-03,4.9853494697e-03,4.8959939861e-03,4.8247080623e-03,4.7662781803e-03,4.6549367303e-03,4.6026596470e-03,4.6694496385e-03,4.5600176854e-03,4.4398141790e-03,4.3326171130e-03,4.2431520712e-03,4.1539700084e-03,4.0681213290e-03,3.9820229752e-03,3.9128908512e-03,3.8545302805e-03,3.7864275817e-03,3.7327062037e-03,3.6794995384e-03,3.6268075856e-03,3.5908321882e-03,2.2428707676e-03
220.5,3.6986059158e-03,4.6371205231e-03,5.0727174501e-03,4.9839619446e-03,4.8946396145e-03,4.8233794587e-03,4.7649713522e-03,4.6536697887e-03,4.6014262474e-03,4.6681918902e-03,4.5588042779e-03,4.4386503633e-03,4.3314970032e-03,4.2420684244e-03,4.1529227370e-03,4.0671094738e-03,3.9810466016e-03,3.9119429503e-03,3.8536056014e-03,3.7855310600e-03,3.7318315779e-03,3.6786466508e-03,3.6259762785e-03,3.5900155183e-03,2.2425003302e-03
221,3.6978393251e-03,4.6358682751e-03,5.0713077474e-03,4.9825850575e-03,4.8932956278e-03,4.8220610436e-03,4.7636745463e-03,4.6524125656e-03,4.6002023040e-03,4.6669437838e-03,4.5576001721e-03,4.4374954685e-03,4.3303854789e-03,4.2409930834e-03,4.1518834924e-03,4.0661053733e-03,3.9800777104e-03,3.9110023134e-03,3.8526880083e-03,3.7846414080e-03,3.7309636539e-03,3.6778002981e-03,3.6251513408e-03,3.5892051055e-03,2.2421327607e-03
221.5,3.6970785688e-03,4.6346256250e-03,5.0699088418e-03,4.9812187172e-03,4.8919619370e-03,4.8207527299e-03,4.7623876771e-03,4.6511649779e-03,4.5989877362e-03,4.6657052368e-03,4.5564052886e-03,4.4363494186e-03,4.3292824671e-03,4.2399259776e-03,4.1508522063e-03,4.0651089618e-03,3.9791162381e-03,3.9100688786e-03,3.8517774409e-03,3.7837585675e-03,3.7301023748e-03,3.6769604251e-03,3.6243327184e-03,3.5884008968e-03,2.2417680351e-03
222,3.6963235981e-03,4.6333924907e-03,5.0685206408e-03,4.9798628335e-03,4.8906384542e-03,4.8194544311e-03,4.7611106594e-03,4.6499269431e-03,4.5977824639e-03,4.6644761675e-03,4.5552195486e-03,4.4352121381e-03,4.3281878952e-03,4.2388670367e-03,4.1498288108e-03,4.0641201738e-03,3.9781621217e-03,3.9091425849e-03,3.8508738397e-03,3.7828824806e-03,3.7292476843e-03,3.6761269767e-03,3.6235203580e-03,3.5876028396e-03,2.2414061296e-03
222.5,3.6955743646e-03,4.6321687910e-03,5.0671430532e-03,4.9785173171e-03,4.8893250922e-03,4.8181660617e-03,4.7598434091e-03,4.6486983798e-03,4.5965864076e-03,4.6632564952e-03,4.5540428742e-03,4.4340835523e-03,4.3271016912e-03,4.2378161913e-03,4.1488132389e-03,4.0631389444e-03,3.9772152985e-03,3.9082233716e-03,3.8499771456e-03,3.7820130903e-03,3.7283995266e-03,3.6752998987e-03,3.6227142066e-03,3.5868108820e-03,2.2410470206e-03
223,3.6948308203e-03,4.6309544453e-03,5.0657759882e-03,4.9771820796e-03,4.8880217645e-03,4.8168875370e-03,4.7585858429e-03,4.6474792069e-03,4.5953994890e-03,4.6620461398e-03,4.5528751882e-03,4.4329635872e-03,4.3260237842e-03,4.2367733726e-03,4.1478054241e-03,4.0621652097e-03,3.9762757069e-03,3.9073111788e-03,3.8490873000e-03,3.7811503397e-03,3.7275578464e-03,3.6744791371e-03,3.6219142117e-03,3.5860249725e-03,2.2406906848e-03
223.5,3.6940929178e-03,4.6297493739e-03,5.0644193561e-03,4.9758570331e-03,4.8867283856e-03,4.8156187729e-03,4.7573378782e-03,4.6462693446e-03,4.5942216301e-03,4.6608450218e-03,4.5517164141e-03,4.4318521695e-03,4.3249541034e-03,4.2357385124e-03,4.1468053006e-03,4.0611989059e-03,3.9753432856e-03,3.9064059469e-03,3.8482042450e-03,3.7802941728e-03,3.7267225891e-03,3.6736646386e-03,3.6211203213e-03,3.5852450600e-03,2.2403370991e-03
224,3.6933606099e-03,4.6285534977e-03,5.0630730680e-03,4.9745420910e-03,4.8854448707e-03,4.8143596865e-03,4.7560994333e-03,4.6450687135e-03,4.5930527539e-03,4.6596530628e-03,4.5505664761e-03,4.4307492267e-03,4.3238925792e-03,4.2347115432e-03,4.1458128033e-03,4.0602399702e-03,3.9744179737e-03,3.9055076171e-03,3.8473279233e-03,3.7794445339e-03,3.7258937003e-03,3.6728563503e-03,3.6203324839e-03,3.5844710939e-03,2.2399862404e-03
224.5,3.6926338501e-03,4.6273667387e-03,5.0617370359e-03,4.9732371673e-03,4.8841711360e-03,4.8131101953e-03,4.7548704271e-03,4.6438772350e-03,4.5918927842e-03,4.6584701849e-03,4.5494252992e-03,4.4296546867e-03,4.3228391424e-03,4.2336923981e-03,4.1448278674e-03,4.0592883402e-03,3.9734997113e-03,3.9046161311e-03,3.8464582778e-03,3.7786013678e-03,3.7250711263e-03,3.6720542199e-03,3.6195506486e-03,3.5837030243e-03,2.2396380861e-03
225,3.6919125922e-03,4.6261890192e-03,5.0604111725e-03,4.9719421767e-03,4.8829070982e-03,4.8118702178e-03,4.7536507794e-03,4.6426948314e-03,4.5907416452e-03,4.6572963110e-03,4.5482928091e-03,4.4285684783e-03,4.3217937244e-03,4.2326810109e-03,4.1438504291e-03,4.0583439542e-03,3.9725884387e-03,3.9037314311e-03,3.8455952523e-03,3.7777646201e-03,3.7242548139e-03,3.6712581955e-03,3.6187747648e-03,3.5829408014e-03,2.2392926137e-03
225.5,3.6911967903e-03,4.6250202625e-03,5.0590953916e-03,4.9706570349e-03,4.8816526751e-03,4.8106396732e-03,4.7524404108e-03,4.6415214256e-03,4.5895992622e-03,4.6561313649e-03,4.5471689322e-03,4.4274905311e-03,4.3207562573e-03,4.2316773160e-03,4.1428804249e-03,4.0574067508e-03,3.9716840970e-03,3.9028534598e-03,3.8447387909e-03,3.7769342366e-03,3.7234447104e-03,3.6704682257e-03,3.6180047825e-03,3.5821843761e-03,2.2389498008e-03
226,3.6904863992e-03,4.6238603927e-03,5.0577896076e-03,4.9693816584e-03,4.8804077852e-03,4.8094184815e-03,4.7512392425e-03,4.6403569414e-03,4.5884655609e-03,4.6549752708e-03,4.5460535955e-03,4.4264207750e-03,4.3197266741e-03,4.2306812484e-03,4.1419177922e-03,4.0564766696e-03,3.9707866277e-03,3.9019821605e-03,3.8438888384e-03,3.7761101637e-03,3.7226407635e-03,3.6696842597e-03,3.6172406520e-03,3.5814336997e-03,2.2386096253e-03
226.5,3.6897813738e-03,4.6227093344e-03,5.0564937357e-03,4.9681159645e-03,4.8791723475e-03,4.8082065634e-03,4.7500471967e-03,4.6392013032e-03,4.5873404679e-03,4.6538279539e-03,4.5449467268e-03,4.4253591410e-03,4.3187049080e-03,4.2296927436e-03,4.1409624686e-03,4.0555536505e-03,3.9698959730e-03,3.9011174771e-03,3.8430453400e-03,3.7752923485e-03,3.7218429216e-03,3.6689062469e-03,3.6164823243e-03,3.5806887241e-03,2.2382720653e-03
227,3.6890816697e-03,4.6215670130e-03,5.0552076922e-03,4.9668598711e-03,4.8779462822e-03,4.8070038406e-03,4.7488641962e-03,4.6380544360e-03,4.5862239104e-03,4.6526893400e-03,4.5438482547e-03,4.4243055604e-03,4.3176908932e-03,4.2287117380e-03,4.1400143927e-03,4.0546376340e-03,3.9690120754e-03,3.9002593539e-03,3.8422082414e-03,3.7744807383e-03,3.7210511333e-03,3.6681341375e-03,3.6157297508e-03,3.5799494013e-03,2.2379370992e-03
227.5,3.6883872428e-03,4.6204333548e-03,5.0539313938e-03,4.9656132972e-03,4.8767295100e-03,4.8058102352e-03,4.7476901644e-03,4.6369162659e-03,4.5851158165e-03,4.6515593556e-03,4.5427581082e-03,4.4232599653e-03,4.3166845643e-03,4.2277381684e-03,4.1390735035e-03,4.0537285613e-03,3.9681348782e-03,3.8994077359e-03,3.8413774890e-03,3.7736752812e-03,3.7202653479e-03,3.6673678819e-03,3.6149828831e-03,3.5792156841e-03,2.2376047053e-03
228,3.6876980494e-03,4.6193082866e-03,5.0526647584e-03,4.9643761624e-03,4.8755219525e-03,4.8046256703e-03,4.7465250258e-03,4.6357867193e-03,4.5840161147e-03,4.6504379281e-03,4.5416762172e-03,4.4222222886e-03,4.3156858567e-03,4.2267719723e-03,4.1381397404e-03,4.0528263740e-03,3.9672643252e-03,3.8985625685e-03,3.8405530295e-03,3.7728759254e-03,3.7194855152e-03,3.6666074312e-03,3.6142416736e-03,3.5784875257e-03,2.2372748624e-03
228.5,3.6870140461e-03,4.6181917359e-03,5.0514077043e-03,4.9631483870e-03,4.8743235320e-03,4.8034500697e-03,4.7453687052e-03,4.6346657235e-03,4.5829247343e-03,4.6493249852e-03,4.5406025122e-03,4.4211924635e-03,4.3146947063e-03,4.2258130877e-03,4.1372130438e-03,4.0519310144e-03,3.9664003607e-03,3.8977237976e-03,3.8397348102e-03,3.7720826201e-03,3.7187115853e-03,3.6658527369e-03,3.6135060750e-03,3.5777648795e-03,2.2369475494e-03
229,3.6863351901e-03,4.6170836310e-03,5.0501601509e-03,4.9619298922e-03,4.8731341715e-03,4.8022833578e-03,4.7442211285e-03,4.6335532067e-03,4.5818416053e-03,4.6482204557e-03,4.5395369245e-03,4.4201704242e-03,4.3137110496e-03,4.2248614532e-03,4.1362933543e-03,4.0510424252e-03,3.9655429294e-03,3.8968913696e-03,3.8389227789e-03,3.7712953145e-03,3.7179435088e-03,3.6651037508e-03,3.6127760405e-03,3.5770476996e-03,2.2366227454e-03
229.5,3.6856614389e-03,4.6159839010e-03,5.0489220182e-03,4.9607205999e-03,4.8719537948e-03,4.8011254599e-03,4.7430822221e-03,4.6324490973e-03,4.5807666585e-03,4.6471242689e-03,4.5384793858e-03,4.4191561053e-03,4.3127348238e-03,4.2239170081e-03,4.1353806132e-03,4.0501605497e-03,3.9646919767e-03,3.8960652316e-03,3.8381168839e-03,3.7705139585e-03,3.7171812370e-03,3.6643604254e-03,3.6120515236e-03,3.5763359404e-03,2.2363004296e-03
230,3.6849927505e-03,4.6148924753e-03,5.0476932272e-03,4.9595204329e-03,4.8707823263e-03,4.7999763020e-03,4.7419519131e-03,4.6313533249e-03,4.5796998252e-03,4.6460363547e-03,4.5374298286e-03,4.4181494421e-03,4.3117659667e-03,4.2229796922e-03,4.1344747625e-03,4.0492853318e-03,3.9638474485e-03,3.8952453310e-03,3.8373170739e-03,3.7697385026e-03,3.7164247214e-03,3.6636227134e-03,3.6113324785e-03,3.5756295568e-03,2.2359805816e-03
230.5,3.6843290830e-03,4.6138092844e-03,5.0464736993e-03,4.9583293145e-03,4.8696196915e-03,4.7988358107e-03,4.7408301295e-03,4.6302658194e-03,4.5786410374e-03,4.6449566439e-03,4.5363881861e-03,4.4171503705e-03,4.3108044166e-03,4.2220494459e-03,4.1335757444e-03,4.0484167159e-03,3.9630092912e-03,3.8944316158e-03,3.8365232982e-03,3.7689688976e-03,3.7156739142e-03,3.6628905681e-03,3.6106188595e-03,3.5749285040e-03,2.2356631809e-03
231,3.6836703953e-03,4.6127342593e-03,5.0452633570e-03,4.9571471690e-03,4.8684658162e-03,4.7977039134e-03,4.7397167998e-03,4.6291865116e-03,4.5775902276e-03,4.6438850678e-03,4.5353543920e-03,4.4161588270e-03,4.3098501125e-03,4.2211262102e-03,4.1326835021e-03,4.0475546470e-03,3.9621774516e-03,3.8936240345e-03,3.8357355066e-03,3.7682050948e-03,3.7149287678e-03,3.6621639434e-03,3.6099106216e-03,3.5742327379e-03,2.2353482074e-03
231.5,3.6830166463e-03,4.6116673316e-03,5.0440621234e-03,4.9559739212e-03,4.8673206272e-03,4.7965805381e-03,4.7386118532e-03,4.6281153330e-03,4.5765473294e-03,4.6428215584e-03,4.5343283809e-03,4.4151747489e-03,4.3089029939e-03,4.2202099266e-03,4.1317979790e-03,4.0466990704e-03,3.9613518773e-03,3.8928225360e-03,3.8349536494e-03,3.7674470459e-03,3.7141892351e-03,3.6614427932e-03,3.6092077202e-03,3.5735422146e-03,2.2350356412e-03
232,3.6823677956e-03,4.6106084337e-03,5.0428699224e-03,4.9548094968e-03,4.8661840519e-03,4.7954656138e-03,4.7375152198e-03,4.6270522156e-03,4.5755122767e-03,4.6417660484e-03,4.5333100879e-03,4.4141980738e-03,4.3079630009e-03,4.2193005372e-03,4.1309191193e-03,4.0458499323e-03,3.9605325160e-03,3.8920270698e-03,3.8341776771e-03,3.7666947033e-03,3.7134552697e-03,3.6607270723e-03,3.6085101111e-03,3.5728568906e-03,2.2347254624e-03
232.5,3.6817238030e-03,4.6095574986e-03,5.0416866785e-03,4.9536538221e-03,4.8650560184e-03,4.7943590698e-03,4.7364268301e-03,4.6259970920e-03,4.5744850039e-03,4.6407184711e-03,4.5322994485e-03,4.4132287402e-03,4.3070300743e-03,4.2183979846e-03,4.1300468674e-03,4.0450071792e-03,3.9597193163e-03,3.8912375859e-03,3.8334075412e-03,3.7659480196e-03,3.7127268254e-03,3.6600167357e-03,3.6078177504e-03,3.5721767229e-03,2.2344176516e-03
233,3.6810846287e-03,4.6085144599e-03,5.0405123172e-03,4.9525068242e-03,4.8639364555e-03,4.7932608363e-03,4.7353466155e-03,4.6249498959e-03,4.5734654465e-03,4.6396787605e-03,4.5312963991e-03,4.4122666870e-03,4.3061041554e-03,4.2175022122e-03,4.1291811687e-03,4.0441707580e-03,3.9589122270e-03,3.8904540347e-03,3.8326431931e-03,3.7652069479e-03,3.7120038566e-03,3.6593117389e-03,3.6071305947e-03,3.5715016689e-03,2.2341121893e-03
233.5,3.6804502334e-03,4.6074792519e-03,5.0393467644e-03,4.9513684310e-03,4.8628252928e-03,4.7921708443e-03,4.7342745080e-03,4.6239105611e-03,4.5724535402e-03,4.6386468512e-03,4.5303008767e-03,4.4113118537e-03,4.3051851859e-03,4.2166131636e-03,4.1283219687e-03,4.0433406163e-03,3.9581111976e-03,3.8896763671e-03,3.8318845850e-03,3.7644714420e-03,3.7112863180e-03,3.6586120377e-03,3.6064486012e-03,3.5708316865e-03,2.2338090562e-03
234,3.6798205780e-03,4.6064518096e-03,5.0381899471e-03,4.9502385709e-03,4.8617224604e-03,4.7910890251e-03,4.7332104402e-03,4.6228790224e-03,4.5714492217e-03,4.6376226786e-03,4.5293128189e-03,4.4103641807e-03,4.3042731084e-03,4.2157307833e-03,4.1274692137e-03,4.0425167022e-03,3.9573161779e-03,3.8889045344e-03,3.8311316696e-03,3.7637414559e-03,3.7105741648e-03,3.6579175885e-03,3.6057717272e-03,3.5701667338e-03,2.2335082333e-03
234.5,3.6791956239e-03,4.6054320686e-03,5.0370417927e-03,4.9491171732e-03,4.8606278893e-03,4.7900153111e-03,4.7321543454e-03,4.6218552151e-03,4.5704524279e-03,4.6366061783e-03,4.5283321638e-03,4.4094236084e-03,4.3033678659e-03,4.2148550160e-03,4.1266228504e-03,4.0416989643e-03,3.9565271185e-03,3.8881384887e-03,3.8303843998e-03,3.7630169440e-03,3.7098673526e-03,3.6572283481e-03,3.6050999307e-03,3.5695067695e-03,2.2332097018e-03
235,3.6785753327e-03,4.6044199650e-03,5.0359022295e-03,4.9480041677e-03,4.8595415110e-03,4.7889496351e-03,4.7311061577e-03,4.6208390752e-03,4.5694630968e-03,4.6355972872e-03,4.5273588503e-03,4.4084900784e-03,4.3024694018e-03,4.2139858072e-03,4.1257828261e-03,4.0408873516e-03,3.9557439700e-03,3.8873781821e-03,3.8296427293e-03,3.7622978613e-03,3.7091658375e-03,3.6565442737e-03,3.6044331698e-03,3.5688517526e-03,2.2329134430e-03
235.5,3.6779596667e-03,4.6034154358e-03,5.0347711865e-03,4.9468994851e-03,4.8584632579e-03,4.7878919307e-03,4.7300658116e-03,4.6198305393e-03,4.5684811665e-03,4.6345959422e-03,4.5263928177e-03,4.4075635324e-03,4.3015776603e-03,4.2131231028e-03,4.1249490887e-03,4.0400818137e-03,3.9549666840e-03,3.8866235676e-03,3.8289066119e-03,3.7615841633e-03,3.7084695761e-03,3.6558653228e-03,3.6037714034e-03,3.5682016425e-03,2.2326194384e-03
236,3.6773485881e-03,4.6024184185e-03,5.0336485933e-03,4.9458030567e-03,4.8573930628e-03,4.7868421320e-03,4.7290332424e-03,4.6188295447e-03,4.5675065762e-03,4.6336020811e-03,4.5254340060e-03,4.4066439131e-03,4.3006925861e-03,4.2122668493e-03,4.1241215862e-03,4.0392823006e-03,3.9541952123e-03,3.8858745982e-03,3.8281760021e-03,3.7608758057e-03,3.7077785251e-03,3.6551914534e-03,3.6031145904e-03,3.5675563991e-03,2.2323276697e-03
236.5,3.6767420599e-03,4.6014288510e-03,5.0325343802e-03,4.9447148144e-03,4.8563308593e-03,4.7858001740e-03,4.7280083861e-03,4.6178360292e-03,4.5665392655e-03,4.6326156424e-03,4.5244823559e-03,4.4057311633e-03,4.2998141243e-03,4.2114169938e-03,4.1233002677e-03,4.0384887629e-03,3.9534295071e-03,3.8851312279e-03,3.8274508548e-03,3.7601727448e-03,3.7070926421e-03,3.6545226240e-03,3.6024626905e-03,3.5669159825e-03,2.2320381186e-03
237,3.6761400452e-03,4.6004466722e-03,5.0314284784e-03,4.9436346910e-03,4.8552765817e-03,4.7847659920e-03,4.7269911792e-03,4.6168499313e-03,4.5655791743e-03,4.6316365651e-03,4.5235378084e-03,4.4048252267e-03,4.2989422207e-03,4.2105734836e-03,4.1224850823e-03,4.0377011518e-03,3.9526695213e-03,3.8843934108e-03,3.8267311252e-03,3.7594749374e-03,3.7064118847e-03,3.6538587934e-03,3.6018156633e-03,3.5662803534e-03,2.2317507673e-03
237.5,3.6755425075e-03,4.5994718214e-03,5.0303308195e-03,4.9425626196e-03,4.8542301650e-03,4.7837395223e-03,4.7259815588e-03,4.6158711901e-03,4.5646262437e-03,4.6306647888e-03,4.5226003054e-03,4.4039260476e-03,4.2980768215e-03,4.2097362670e-03,4.1216759800e-03,4.0369194186e-03,3.9519152081e-03,3.8836611015e-03,3.8260167692e-03,3.7587823404e-03,3.7057362111e-03,3.6531999208e-03,3.6011734694e-03,3.5656494727e-03,2.2314655979e-03
238,3.6749494108e-03,4.5985042386e-03,5.0292413361e-03,4.9414985344e-03,4.8531915447e-03,4.7827207017e-03,4.7249794629e-03,4.6148997453e-03,4.5636804149e-03,4.6297002537e-03,4.5216697892e-03,4.4030335705e-03,4.2972178737e-03,4.2089052924e-03,4.1208729110e-03,4.0361435154e-03,3.9511665212e-03,3.8829342550e-03,3.8253077429e-03,3.7580949115e-03,3.7050655800e-03,3.6525459659e-03,3.6005360692e-03,3.5650233018e-03,2.2311825928e-03
238.5,3.6743607192e-03,4.5975438642e-03,5.0281599611e-03,4.9404423700e-03,4.8521606569e-03,4.7817094675e-03,4.7239848299e-03,4.6139355373e-03,4.5627416299e-03,4.6287429006e-03,4.5207462027e-03,4.4021477409e-03,4.2963653246e-03,4.2080805091e-03,4.1200758261e-03,4.0353733948e-03,3.9504234149e-03,3.8822128270e-03,3.8246040030e-03,3.7574126087e-03,3.7043999503e-03,3.6518968887e-03,3.5999034239e-03,3.5644018026e-03,2.2309017345e-03
239,3.6737763973e-03,4.5965906394e-03,5.0270866285e-03,4.9393940617e-03,4.8511374387e-03,4.7807057580e-03,4.7229975988e-03,4.6129785069e-03,4.5618098312e-03,4.6277926710e-03,4.5198294895e-03,4.4012685045e-03,4.2955191220e-03,4.2072618664e-03,4.1192846767e-03,4.0346090096e-03,3.9496858437e-03,3.8814967733e-03,3.8239055065e-03,3.7567353903e-03,3.7037392815e-03,3.6512526496e-03,3.5992754950e-03,3.5637849370e-03,2.2306230058e-03
239.5,3.6731964102e-03,4.5956445061e-03,5.0260212727e-03,4.9383535456e-03,4.8501218275e-03,4.7797095116e-03,4.7220177094e-03,4.6120285956e-03,4.5608849621e-03,4.6268495069e-03,4.5189195937e-03,4.4003958078e-03,4.2946792144e-03,4.2064493146e-03,4.1184994145e-03,4.0338503133e-03,3.9489537628e-03,3.8807860506e-03,3.8232122109e-03,3.7560632152e-03,3.7030835333e-03,3.6506132096e-03,3.5986522442e-03,3.5631726677e-03,2.2303463896e-03
240,3.6726207230e-03,4.5947054064e-03,5.0249638287e-03,4.9373207582e-03,4.8491137615e-03,4.7787206679e-03,4.7210451019e-03,4.6110857457e-03,4.5599669661e-03,4.6259133510e-03,4.5180164597e-03,4.3995295976e-03,4.2938455507e-03,4.2056428044e-03,4.1177199918e-03,4.0330972600e-03,3.9482271276e-03,3.8800806154e-03,3.8225240742e-03,3.7553960426e-03,3.7024326660e-03,3.6499785298e-03,3.5980336338e-03,3.5625649575e-03,2.2300718688e-03
240.5,3.6720493014e-03,4.5937732834e-03,5.0239142325e-03,4.9362956369e-03,4.8481131794e-03,4.7777391666e-03,4.7200797173e-03,4.6101498998e-03,4.5590557877e-03,4.6249841463e-03,4.5171200330e-03,4.3986698215e-03,4.2930180804e-03,4.2048422867e-03,4.1169463615e-03,4.0323498038e-03,3.9475058943e-03,3.8793804253e-03,3.8218410547e-03,3.7547338320e-03,3.7017866403e-03,3.6493485718e-03,3.5974196264e-03,3.5619617698e-03,2.2297994268e-03
241,3.6714821113e-03,4.5928480806e-03,5.0228724205e-03,4.9352781196e-03,4.8471200206e-03,4.7767649485e-03,4.7191214972e-03,4.6092210013e-03,4.5581513716e-03,4.6240618367e-03,4.5162302593e-03,4.3978164274e-03,4.2921967535e-03,4.2040477133e-03,4.1161784768e-03,4.0316078998e-03,3.9467900193e-03,3.8786854379e-03,3.8211631112e-03,3.7540765437e-03,3.7011454172e-03,3.6487232977e-03,3.5968101850e-03,3.5613630681e-03,2.2295290468e-03
241.5,3.6709191192e-03,4.5919297422e-03,5.0218383297e-03,4.9342681449e-03,4.8461342253e-03,4.7757979546e-03,4.7181703836e-03,4.6082989939e-03,4.5572536634e-03,4.6231463666e-03,4.5153470849e-03,4.3969693639e-03,4.2913815204e-03,4.2032590363e-03,4.1154162914e-03,4.0308715032e-03,3.9460794594e-03,3.8779956115e-03,3.8204902029e-03,3.7534241379e-03,3.7005089581e-03,3.6481026698e-03,3.5962052730e-03,3.5607688164e-03,2.2292607125e-03
242,3.6703602915e-03,4.5910182127e-03,5.0208118981e-03,4.9332656519e-03,4.8451557340e-03,4.7748381268e-03,4.7172263194e-03,4.6073838223e-03,4.5563626090e-03,4.6222376809e-03,4.5144704567e-03,4.3961285801e-03,4.2905723322e-03,4.2024762082e-03,4.1146597595e-03,4.0301405698e-03,3.9453741720e-03,3.8773109045e-03,3.8198222894e-03,3.7527765757e-03,3.6998772249e-03,3.6474866511e-03,3.5956048541e-03,3.5601789793e-03,2.2289944076e-03
242.5,3.6698055955e-03,4.5901134375e-03,5.0197930640e-03,4.9322705807e-03,4.8441844882e-03,4.7738854074e-03,4.7162892478e-03,4.6064754314e-03,4.5554781549e-03,4.6213357251e-03,4.5136003222e-03,4.3952940257e-03,4.2897691405e-03,4.2016991822e-03,4.1139088359e-03,4.0294150559e-03,3.9446741150e-03,3.8766312761e-03,3.8191593308e-03,3.7521338182e-03,3.6992501798e-03,3.6468752045e-03,3.5950088924e-03,3.5595935213e-03,2.2287301160e-03
243,3.6692549982e-03,4.5892153625e-03,5.0187817665e-03,4.9312828716e-03,4.8432204297e-03,4.7729397395e-03,4.7153591129e-03,4.6055737670e-03,4.5546002484e-03,4.6204404454e-03,4.5127366294e-03,4.3944656507e-03,4.2889718971e-03,4.2009279120e-03,4.1131634757e-03,4.0286949181e-03,3.9439792466e-03,3.8759566857e-03,3.8185012876e-03,3.7514958272e-03,3.6986277853e-03,3.6462682938e-03,3.5944173524e-03,3.5590124077e-03,2.2284678216e-03
243.5,3.6687084675e-03,4.5883239340e-03,5.0177779455e-03,4.9303024659e-03,4.8422635010e-03,4.7720010668e-03,4.7144358591e-03,4.6046787752e-03,4.5537288372e-03,4.6195517884e-03,4.5118793269e-03,4.3936434059e-03,4.2881805548e-03,4.2001623515e-03,4.1124236346e-03,4.0279801137e-03,3.9432895254e-03,3.8752870932e-03,3.8178481206e-03,3.7508625647e-03,3.6980100046e-03,3.6456658828e-03,3.5938301990e-03,3.5584356040e-03,2.2282075088e-03
244,3.6681659713e-03,4.5874390992e-03,5.0167815411e-03,4.9293293053e-03,4.8413136454e-03,4.7710693335e-03,4.7135194317e-03,4.6037904030e-03,4.5528638694e-03,4.6186697014e-03,4.5110283638e-03,4.3928272425e-03,4.2873950666e-03,4.1994024555e-03,4.1116892687e-03,4.0272706003e-03,3.9426049105e-03,3.8746224590e-03,3.8171997911e-03,3.7502339932e-03,3.6973968011e-03,3.6450679358e-03,3.5932473974e-03,3.5578630759e-03,2.2279491620e-03
244.5,3.6676274780e-03,4.5865608056e-03,5.0157924947e-03,4.9283633322e-03,4.8403708066e-03,4.7701444844e-03,4.7126097764e-03,4.6029085976e-03,4.5520052940e-03,4.6177941322e-03,4.5101836897e-03,4.3920171122e-03,4.2866153860e-03,4.1986481790e-03,4.1109603347e-03,4.0265663359e-03,3.9419253616e-03,3.8739627437e-03,3.8165562608e-03,3.7496100757e-03,3.6967881385e-03,3.6444744177e-03,3.5926689133e-03,3.5572947898e-03,2.2276927655e-03
245,3.6670929563e-03,4.5856890014e-03,5.0148107477e-03,4.9274044898e-03,4.8394349290e-03,4.7692264650e-03,4.7117068395e-03,4.6020333071e-03,4.5511530604e-03,4.6169250292e-03,4.5093452550e-03,4.3912129674e-03,4.2858414671e-03,4.1978994776e-03,4.1102367896e-03,4.0258672791e-03,3.9412508387e-03,3.8733079087e-03,3.8159174920e-03,3.7489907754e-03,3.6961839811e-03,3.6438852935e-03,3.5920947126e-03,3.5567307122e-03,2.2274383043e-03
245.5,3.6665623752e-03,4.5848236353e-03,5.0138362426e-03,4.9264527216e-03,4.8385059577e-03,4.7683152213e-03,4.7108105680e-03,4.6011644800e-03,4.5503071185e-03,4.6160623415e-03,4.5085130104e-03,4.3904147608e-03,4.2850732645e-03,4.1971563074e-03,4.1095185910e-03,4.0251733889e-03,3.9405813021e-03,3.8726579154e-03,3.8152834471e-03,3.7483760561e-03,3.6955842934e-03,3.6433005287e-03,3.5915247617e-03,3.5561708101e-03,2.2271857631e-03
246,3.6660357040e-03,4.5839646568e-03,5.0128689225e-03,4.9255079721e-03,4.8375838384e-03,4.7674107002e-03,4.7099209095e-03,4.6003020655e-03,4.5494674189e-03,4.6152060185e-03,4.5076869072e-03,4.3896224458e-03,4.2843107333e-03,4.1964186249e-03,4.1088056968e-03,4.0244846248e-03,3.9399167129e-03,3.8720127259e-03,3.8146540892e-03,3.7477658818e-03,3.6949890405e-03,3.6427200890e-03,3.5909590273e-03,3.5556150507e-03,2.2269351270e-03
246.5,3.6655129124e-03,4.5831120157e-03,5.0119087310e-03,4.9245701862e-03,4.8366685173e-03,4.7665128487e-03,4.7090378122e-03,4.5994460134e-03,4.5486339126e-03,4.6143560105e-03,4.5068668974e-03,4.3888359762e-03,4.2835538292e-03,4.1956863873e-03,4.1080980658e-03,4.0238009467e-03,3.9392570323e-03,3.8713723028e-03,3.8140293816e-03,3.7471602171e-03,3.6943981878e-03,3.6421439410e-03,3.5903974766e-03,3.5550634019e-03,2.2266863812e-03
247,3.6649939705e-03,4.5822656627e-03,5.0109556124e-03,4.9236393095e-03,4.8357599413e-03,4.7656216151e-03,4.7081612247e-03,4.5985962739e-03,4.5478065514e-03,4.6135122682e-03,4.5060529335e-03,4.3880553065e-03,4.2828025083e-03,4.1949595521e-03,4.1073956568e-03,4.0231223150e-03,3.9386022221e-03,3.8707366090e-03,3.8134092881e-03,3.7465590269e-03,3.6938117010e-03,3.6415720511e-03,3.5898400771e-03,3.5545158317e-03,2.2264395111e-03
247.5,3.6644788486e-03,4.5814255487e-03,5.0100095118e-03,4.9227152885e-03,4.8348580582e-03,4.7647369477e-03,4.7072910967e-03,4.5977527980e-03,4.5469852876e-03,4.6126747429e-03,4.5052449685e-03,4.3872803918e-03,4.2820567273e-03,4.1942380774e-03,4.1066984293e-03,4.0224486907e-03,3.9379522446e-03,3.8701056077e-03,3.8127937731e-03,3.7459622766e-03,3.6932295464e-03,3.6410043863e-03,3.5892867965e-03,3.5539723085e-03,2.2261945021e-03
248,3.6639675175e-03,4.5805916257e-03,5.0090703749e-03,4.9217980700e-03,4.8339628160e-03,4.7638587959e-03,4.7064273780e-03,4.5969155374e-03,4.5461700740e-03,4.6118433866e-03,4.5044429561e-03,4.3865111875e-03,4.2813164435e-03,4.1935219219e-03,4.1060063435e-03,4.0217800350e-03,3.9373070626e-03,3.8694792629e-03,3.8121828012e-03,3.7453699319e-03,3.6926516905e-03,3.6404409143e-03,3.5887376033e-03,3.5534328011e-03,2.2259513402e-03
248.5,3.6634599483e-03,4.5797638460e-03,5.0081381482e-03,4.9208876019e-03,4.8330741639e-03,4.7629871095e-03,4.7055700196e-03,4.5960844442e-03,4.5453608642e-03,4.6110181519e-03,4.5036468506e-03,4.3857476499e-03,4.2805816145e-03,4.1928110447e-03,4.1053193598e-03,4.0211163098e-03,3.9366666393e-03,3.8688575388e-03,3.8115763377e-03,3.7447819591e-03,3.6920781005e-03,3.6398816028e-03,3.5881924662e-03,3.5528972789e-03,2.2257100110e-03
249,3.6629561124e-03,4.5789425359e-03,5.0072131992e-03,4.9199842418e-03,4.8321924500e-03,4.7621222305e-03,4.7047193567e-03,4.5952598446e-03,4.5445579528e-03,4.6101993362e-03,4.5028569292e-03,4.3849900326e-03,4.2798524742e-03,4.1921056627e-03,4.1046376784e-03,4.0204576986e-03,3.9360311412e-03,3.8682405886e-03,3.8109745256e-03,3.7441984880e-03,3.6915088960e-03,3.6393265615e-03,3.5876514845e-03,3.5523658347e-03,2.2254705007e-03
249.5,3.6624559816e-03,4.5781287549e-03,5.0062967212e-03,4.9190891522e-03,4.8313188055e-03,4.7612652697e-03,4.7038764797e-03,4.5944427978e-03,4.5437623040e-03,4.6093879134e-03,4.5020741032e-03,4.3842391736e-03,4.2791297975e-03,4.1914064986e-03,4.1039619696e-03,4.0198048192e-03,3.9354011339e-03,3.8676289358e-03,3.8103778572e-03,3.7436199687e-03,3.6909444958e-03,3.6387761778e-03,3.5871150144e-03,3.5518388035e-03,2.2252327955e-03
250,3.6619595281e-03,4.5773225241e-03,5.0053887380e-03,4.9182023561e-03,4.8304532528e-03,4.7604162489e-03,4.7030414097e-03,4.5936333247e-03,4.5429739339e-03,4.6085838996e-03,4.5012983862e-03,4.3834950837e-03,4.2784135929e-03,4.1907135591e-03,4.1032922381e-03,4.0191576745e-03,3.9347766181e-03,3.8670225799e-03,3.8097863307e-03,3.7430463980e-03,3.6903848956e-03,3.6382304460e-03,3.5865830492e-03,3.5513161778e-03,2.2249968819e-03
250.5,3.6614667246e-03,4.5765237914e-03,5.0044891910e-03,4.9173237962e-03,4.8295957361e-03,4.7595751134e-03,4.7022140929e-03,4.5928313732e-03,4.5421927921e-03,4.6077872433e-03,4.5005297288e-03,4.3827577159e-03,4.2777038155e-03,4.1900268008e-03,4.1026284423e-03,4.0185162242e-03,3.9341575554e-03,3.8664214834e-03,3.8091999098e-03,3.7424777408e-03,3.6898300613e-03,3.6376893332e-03,3.5860555567e-03,3.5507979262e-03,2.2247627465e-03
251,3.6609784278e-03,4.5757332493e-03,5.0035988546e-03,4.9164542319e-03,4.8287469994e-03,4.7587425932e-03,4.7013952497e-03,4.5920376410e-03,4.5414196007e-03,4.6069986860e-03,4.4997688653e-03,4.3820277983e-03,4.2770011869e-03,4.1893469398e-03,4.1019712928e-03,4.0178811750e-03,3.9335446480e-03,3.8658263451e-03,3.8086192885e-03,3.7419146879e-03,3.6892806802e-03,3.6371535237e-03,3.5855332183e-03,3.5502847279e-03,2.2245308226e-03
251.5,3.6604957333e-03,4.5749517917e-03,5.0027187285e-03,4.9155946432e-03,4.8279080030e-03,4.7579196305e-03,4.7005858094e-03,4.5912530287e-03,4.5406552903e-03,4.6062191832e-03,4.4990167418e-03,4.3813062686e-03,4.2763066362e-03,4.1886748980e-03,4.1013217044e-03,4.0172534354e-03,3.9329387984e-03,3.8652380624e-03,3.8080453582e-03,3.7413581262e-03,3.6887376349e-03,3.6366238956e-03,3.5850169083e-03,3.5497774540e-03,2.2243016639e-03
252,3.6600186108e-03,4.5741793646e-03,5.0018487522e-03,4.9147449710e-03,4.8270786892e-03,4.7571061686e-03,4.6997857164e-03,4.5904774824e-03,4.5398998086e-03,4.6054486815e-03,4.4982733068e-03,4.3805930778e-03,4.2756201160e-03,4.1880106296e-03,4.1006796330e-03,4.0166329630e-03,3.9323399657e-03,3.8646565960e-03,3.8074780805e-03,3.7408080184e-03,3.6882008892e-03,3.6361004139e-03,3.5845065924e-03,3.5492760711e-03,2.2240752557e-03
252.5,3.6595470260e-03,4.5734159111e-03,5.0009888614e-03,4.9139051526e-03,4.8262589968e-03,4.7563021476e-03,4.6989949115e-03,4.5897109446e-03,4.5391530999e-03,4.6046871243e-03,4.4975385056e-03,4.3798881733e-03,4.2749415760e-03,4.1873540859e-03,4.1000450314e-03,4.0160197123e-03,3.9317481062e-03,3.8640819032e-03,3.8069174137e-03,3.7402643243e-03,3.6876704038e-03,3.6355830401e-03,3.5840022332e-03,3.5487805424e-03,2.2238515812e-03
253,3.6590809450e-03,4.5726613746e-03,5.0001389926e-03,4.9130751257e-03,4.8254488650e-03,4.7555075077e-03,4.6982133361e-03,4.5889533587e-03,4.5384151090e-03,4.6039344552e-03,4.4968122838e-03,4.3791915030e-03,4.2742709660e-03,4.1867052185e-03,4.0994178529e-03,4.0154136382e-03,3.9311631762e-03,3.8635139417e-03,3.8063633166e-03,3.7397270039e-03,3.6871461396e-03,3.6350717363e-03,3.5835037938e-03,3.5482908316e-03,2.2236306237e-03
253.5,3.6586203341e-03,4.5719156987e-03,4.9992990823e-03,4.9122548285e-03,4.8246482337e-03,4.7547221899e-03,4.6974409321e-03,4.5882046682e-03,4.5376857810e-03,4.6031906182e-03,4.4960945876e-03,4.3785030153e-03,4.2736082362e-03,4.1860639791e-03,4.0987980509e-03,4.0148146956e-03,3.9305851324e-03,3.8629526694e-03,3.8058157482e-03,3.7391960174e-03,3.6866280580e-03,3.6345664647e-03,3.5830112374e-03,3.5478069025e-03,2.2234123667e-03
254,3.6581651596e-03,4.5711788277e-03,4.9984690679e-03,4.9114441998e-03,4.8238570427e-03,4.7539461354e-03,4.6966776417e-03,4.5874648169e-03,4.5369650614e-03,4.6024555577e-03,4.4953853632e-03,4.3778226586e-03,4.2729533372e-03,4.1854303200e-03,4.0981855792e-03,4.0142228400e-03,3.9300139316e-03,3.8623980446e-03,3.8052746677e-03,3.7386713254e-03,3.6861161203e-03,3.6340671876e-03,3.5825245273e-03,3.5473287191e-03,2.2231967938e-03
254.5,3.6577153882e-03,4.5704507060e-03,4.9976488868e-03,4.9106431785e-03,4.8230752326e-03,4.7531792856e-03,4.6959234072e-03,4.5867337491e-03,4.5362528959e-03,4.6017292185e-03,4.4946845574e-03,4.3771503819e-03,4.2723062199e-03,4.1848041936e-03,4.0975803919e-03,4.0136380269e-03,3.9294495312e-03,3.8618500258e-03,3.8047400347e-03,3.7381528885e-03,3.6856102884e-03,3.6335738679e-03,3.5820436271e-03,3.5468562458e-03,2.2229838885e-03
255,3.6572709868e-03,4.5697312785e-03,4.9968384770e-03,4.9098517040e-03,4.8223027443e-03,4.7524215827e-03,4.6951781718e-03,4.5860114095e-03,4.5355492307e-03,4.6010115457e-03,4.4939921173e-03,4.3764861345e-03,4.2716668353e-03,4.1841855528e-03,4.0969824433e-03,4.0130602124e-03,3.9288918887e-03,3.8613085716e-03,3.8042118088e-03,3.7376406679e-03,3.6851105241e-03,3.6330864685e-03,3.5815685009e-03,3.5463894471e-03,2.2227736347e-03
255.5,3.6568319225e-03,4.5690204903e-03,4.9960377770e-03,4.9090697161e-03,4.8215395190e-03,4.7516729690e-03,4.6944418786e-03,4.5852977432e-03,4.5348540125e-03,4.6003024849e-03,4.4933079903e-03,4.3758298660e-03,4.2710351351e-03,4.1835743504e-03,4.0963916882e-03,4.0124893526e-03,3.9283409617e-03,3.8607736411e-03,3.8036899502e-03,3.7371346247e-03,3.6846167898e-03,3.6326049524e-03,3.5810991126e-03,3.5459282877e-03,2.2225660160e-03
256,3.6563981624e-03,4.5683182872e-03,4.9952467255e-03,4.9082971552e-03,4.8207854983e-03,4.7509333871e-03,4.6937144714e-03,4.5845926953e-03,4.5341671880e-03,4.5996019817e-03,4.4926321241e-03,4.3751815262e-03,4.2704110710e-03,4.1829705401e-03,4.0958080815e-03,4.0119254041e-03,3.9277967084e-03,3.8602451936e-03,3.8031744191e-03,3.7366347205e-03,3.6841290478e-03,3.6321292831e-03,3.5806354266e-03,3.5454727326e-03,2.2223610166e-03
256.5,3.6559696741e-03,4.5676246150e-03,4.9944652617e-03,4.9075339616e-03,4.8200406243e-03,4.7502027803e-03,4.6929958942e-03,4.5838962119e-03,4.5334887045e-03,4.5989099826e-03,4.4919644669e-03,4.3745410654e-03,4.2697945951e-03,4.1823740754e-03,4.0952315784e-03,4.0113683236e-03,3.9272590871e-03,3.8597231887e-03,3.8026651761e-03,3.7361409170e-03,3.6836472608e-03,3.6316594243e-03,3.5801774074e-03,3.5450227470e-03,2.2221586204e-03
257,3.6555464253e-03,4.5669394200e-03,4.9936933252e-03,4.9067800766e-03,4.8193048393e-03,4.7494810919e-03,4.6922860913e-03,4.5832082388e-03,4.5328185096e-03,4.5982264339e-03,4.4913049671e-03,4.3739084343e-03,4.2691856599e-03,4.1817849104e-03,4.0946621346e-03,4.0108180682e-03,3.9267280563e-03,3.8592075861e-03,3.8021621820e-03,3.7356531763e-03,3.6831713919e-03,3.6311953398e-03,3.5797250199e-03,3.5445782962e-03,2.2219588115e-03
257.5,3.6551283837e-03,4.5662626488e-03,4.9929308561e-03,4.9060354413e-03,4.8185780862e-03,4.7487682660e-03,4.6915850077e-03,4.5825287225e-03,4.5321565511e-03,4.5975512826e-03,4.4906535736e-03,4.3732835836e-03,4.2685842182e-03,4.1812029994e-03,4.0940997059e-03,4.0102745953e-03,3.9262035749e-03,3.8586983459e-03,3.8016653977e-03,3.7351714605e-03,3.6827014041e-03,3.6307369936e-03,3.5792782291e-03,3.5441393460e-03,2.2217615742e-03
258,3.6547155174e-03,4.5655942485e-03,4.9921777947e-03,4.9052999977e-03,4.8178603080e-03,4.7480642466e-03,4.6908925883e-03,4.5818576099e-03,4.5315027774e-03,4.5968844760e-03,4.4900102353e-03,4.3726664645e-03,4.2679902229e-03,4.1806282969e-03,4.0935442483e-03,4.0097378624e-03,3.9256856021e-03,3.8581954284e-03,3.8011747847e-03,3.7346957322e-03,3.6822372609e-03,3.6302843502e-03,3.5788370002e-03,3.5437058622e-03,2.2215668927e-03
258.5,3.6543077948e-03,4.5649341665e-03,4.9914340818e-03,4.9045736879e-03,4.8171514484e-03,4.7473689784e-03,4.6902087787e-03,4.5811948480e-03,4.5308571370e-03,4.5962259616e-03,4.4893749018e-03,4.3720570287e-03,4.2674036275e-03,4.1800607578e-03,4.0929957183e-03,4.0092078275e-03,3.9251740972e-03,3.8576987942e-03,3.8006903044e-03,3.7342259540e-03,3.6817789259e-03,3.6298373741e-03,3.5784012986e-03,3.5432778109e-03,2.2213747516e-03
259,3.6539051842e-03,4.5642823503e-03,4.9906996585e-03,4.9038564544e-03,4.8164514512e-03,4.7466824063e-03,4.6895335248e-03,4.5805403844e-03,4.5302195789e-03,4.5955756874e-03,4.4887475228e-03,4.3714552280e-03,4.2668243855e-03,4.1795003374e-03,4.0924540726e-03,4.0086844488e-03,3.9246690198e-03,3.8572084041e-03,3.8002119186e-03,3.7337620890e-03,3.6813263630e-03,3.6293960300e-03,3.5779710901e-03,3.5428551583e-03,2.2211851352e-03
259.5,3.6535076544e-03,4.5636387481e-03,4.9899744665e-03,4.9031482402e-03,4.8157602607e-03,4.7460044758e-03,4.6888667728e-03,4.5798941669e-03,4.5295900524e-03,4.5949336016e-03,4.4881280484e-03,4.3708610145e-03,4.2662524510e-03,4.1789469910e-03,4.0919192681e-03,4.0081676846e-03,3.9241703298e-03,3.8567242192e-03,3.7997395894e-03,3.7333041004e-03,3.6808795362e-03,3.6289602829e-03,3.5775463405e-03,3.5424378709e-03,2.2209980282e-03
260,3.6531151740e-03,4.5630033081e-03,4.9892584477e-03,4.9024489884e-03,4.8150778215e-03,4.7453351323e-03,4.6882084691e-03,4.5792561437e-03,4.5289685070e-03,4.5942996529e-03,4.4875164291e-03,4.3702743406e-03,4.2656877782e-03,4.1784006745e-03,4.0913912622e-03,4.0076574936e-03,3.9236779875e-03,3.8562462008e-03,3.7992732790e-03,3.7328519515e-03,3.6804384100e-03,3.6285300982e-03,3.5771270159e-03,3.5420259154e-03,2.2208134154e-03
260.5,3.6527277123e-03,4.5623759793e-03,4.9885515443e-03,4.9017586428e-03,4.8144040786e-03,4.7446743220e-03,4.6875585608e-03,4.5786262633e-03,4.5283548926e-03,4.5936737901e-03,4.4869126157e-03,4.3696951592e-03,4.2651303218e-03,4.1778613438e-03,4.0908700122e-03,4.0071538349e-03,3.9231919532e-03,3.8557743106e-03,3.7988129500e-03,3.7324056060e-03,3.6800029489e-03,3.6281054411e-03,3.5767130826e-03,3.5416192588e-03,2.2206312814e-03
261,3.6523452384e-03,4.5617567105e-03,4.9878536992e-03,4.9010771475e-03,4.8137389774e-03,4.7440219913e-03,4.6869169952e-03,4.5780044745e-03,4.5277491596e-03,4.5930559627e-03,4.4863165592e-03,4.3691234233e-03,4.2645800364e-03,4.1773289553e-03,4.0903554761e-03,4.0066566677e-03,3.9227121876e-03,3.8553085102e-03,3.7983585651e-03,3.7319650279e-03,3.6795731176e-03,3.6276862774e-03,3.5763045073e-03,3.5412178683e-03,2.2204516111e-03
261.5,3.6519677216e-03,4.5611454511e-03,4.9871648554e-03,4.9004044467e-03,4.8130824636e-03,4.7433780869e-03,4.6862837197e-03,4.5773907265e-03,4.5271512585e-03,4.5924461202e-03,4.4857282109e-03,4.3685590864e-03,4.2640368773e-03,4.1768034657e-03,4.0898476119e-03,4.0061659514e-03,3.9222386515e-03,3.8548487618e-03,3.7979100873e-03,3.7315301813e-03,3.6791488812e-03,3.6272725730e-03,3.5759012566e-03,3.5408217110e-03,2.2202743896e-03
262,3.6515951317e-03,4.5605421509e-03,4.9864849563e-03,4.8997404852e-03,4.8124344833e-03,4.7427425558e-03,4.6856586823e-03,4.5767849689e-03,4.5265611401e-03,4.5918442126e-03,4.4851475226e-03,4.3680021020e-03,4.2635007999e-03,4.1762848318e-03,4.0893463779e-03,4.0056816458e-03,3.9217713063e-03,3.8543950278e-03,3.7974674799e-03,3.7311010305e-03,3.6787302050e-03,3.6268642940e-03,3.5755032975e-03,3.5404307546e-03,2.2200996019e-03
262.5,3.6512274384e-03,4.5599467599e-03,4.9858139457e-03,4.8990852083e-03,4.8117949828e-03,4.7421153456e-03,4.6850418315e-03,4.5761871515e-03,4.5259787558e-03,4.5912501900e-03,4.4845744464e-03,4.3674524243e-03,4.2629717600e-03,4.1757730107e-03,4.0888517327e-03,4.0052037109e-03,3.9213101133e-03,3.8539472705e-03,3.7970307063e-03,3.7306775401e-03,3.6783170542e-03,3.6264614066e-03,3.5751105972e-03,3.5400449669e-03,2.2199272331e-03
263,3.6508646117e-03,4.5593592285e-03,4.9851517679e-03,4.8984385613e-03,4.8111639090e-03,4.7414964039e-03,4.6844331156e-03,4.5755972245e-03,4.5254040570e-03,4.5906640032e-03,4.4840089346e-03,4.3669100075e-03,4.2624497135e-03,4.1752679599e-03,4.0883636352e-03,4.0047321071e-03,3.9208550341e-03,3.8535054530e-03,3.7965997303e-03,3.7302596749e-03,3.6779093948e-03,3.6260638775e-03,3.5747231231e-03,3.5396643157e-03,2.2197572685e-03
263.5,3.6505066217e-03,4.5587795074e-03,4.9844983674e-03,4.8978004901e-03,4.8105412090e-03,4.7408856790e-03,4.6838324838e-03,4.5750151383e-03,4.5248369957e-03,4.5900856030e-03,4.4834509397e-03,4.3663748061e-03,4.2619346167e-03,4.1747696372e-03,4.0878820446e-03,4.0042667948e-03,3.9204060307e-03,3.8530695381e-03,3.7961745157e-03,3.7298474000e-03,3.6775071924e-03,3.6256716733e-03,3.5743408427e-03,3.5392887693e-03,2.2195896933e-03
264,3.6501534388e-03,4.5582075476e-03,4.9838536891e-03,4.8971709409e-03,4.8099268302e-03,4.7402831192e-03,4.6832398853e-03,4.5744408439e-03,4.5242775239e-03,4.5895149406e-03,4.4829004148e-03,4.3658467752e-03,4.2614264262e-03,4.1742780004e-03,4.0874069203e-03,4.0038077347e-03,3.9199630653e-03,3.8526394891e-03,3.7957550267e-03,3.7294406807e-03,3.6771104133e-03,3.6252847610e-03,3.5739637238e-03,3.5389182960e-03,2.2194244931e-03
264.5,3.6498050335e-03,4.5576433004e-03,4.9832176783e-03,4.8965498602e-03,4.8093207205e-03,4.7396886734e-03,4.6826552698e-03,4.5738742923e-03,4.5237255941e-03,4.5889519676e-03,4.4823573131e-03,4.3653258697e-03,4.2609250989e-03,4.1737930080e-03,4.0869382219e-03,4.0033548880e-03,3.9195261002e-03,3.8522152695e-03,3.7953412278e-03,3.7290394823e-03,3.6767190237e-03,3.6249031078e-03,3.5735917345e-03,3.5385528643e-03,2.2192616533e-03
265,3.6494613765e-03,4.5570867174e-03,4.9825902807e-03,4.8959371950e-03,4.8087228280e-03,4.7391022907e-03,4.6820785872e-03,4.5733154351e-03,4.5231811592e-03,4.5883966359e-03,4.4818215883e-03,4.3648120452e-03,4.2604305919e-03,4.1733146184e-03,4.0864759093e-03,4.0029082160e-03,3.9190950981e-03,3.8517968431e-03,3.7949330835e-03,3.7286437706e-03,3.6763329903e-03,3.6245266811e-03,3.5732248429e-03,3.5381924431e-03,2.2191011595e-03
265.5,3.6491224387e-03,4.5565377508e-03,4.9819714422e-03,4.8953328923e-03,4.8081331012e-03,4.7385239205e-03,4.6815097878e-03,4.5727642239e-03,4.5226441722e-03,4.5878488976e-03,4.4812931940e-03,4.3643052575e-03,4.2599428626e-03,4.1728427904e-03,4.0860199428e-03,4.0024676801e-03,3.9186700219e-03,3.8513841739e-03,3.7945305586e-03,3.7282535116e-03,3.6759522797e-03,3.6241554483e-03,3.5728630175e-03,3.5378370013e-03,2.2189429974e-03
266,3.6487881912e-03,4.5559963526e-03,4.9813611091e-03,4.8947369000e-03,4.8075514889e-03,4.7379535127e-03,4.6809488221e-03,4.5722206109e-03,4.5221145866e-03,4.5873087053e-03,4.4807720845e-03,4.3638054626e-03,4.2594618687e-03,4.1723774831e-03,4.0855702828e-03,4.0020332421e-03,3.9182508347e-03,3.8509772259e-03,3.7941336184e-03,3.7278686713e-03,3.6755768589e-03,3.6237893774e-03,3.5725062267e-03,3.5374865080e-03,2.2187871528e-03
266.5,3.6484586052e-03,4.5554624756e-03,4.9807592282e-03,4.8941491658e-03,4.8069779403e-03,4.7373910173e-03,4.6803956412e-03,4.5716845485e-03,4.5215923560e-03,4.5867760117e-03,4.4802582144e-03,4.3633126168e-03,4.2589875681e-03,4.1719186558e-03,4.0851268899e-03,4.0016048641e-03,3.9178374998e-03,3.8505759638e-03,3.7937422280e-03,3.7274892162e-03,3.6752066951e-03,3.6234284363e-03,3.5721544395e-03,3.5371409325e-03,2.2186336115e-03
267,3.6481336521e-03,4.5549360725e-03,4.9801657465e-03,4.8935696381e-03,4.8064124049e-03,4.7368363848e-03,4.6798501962e-03,4.5711559895e-03,4.5210774343e-03,4.5862507699e-03,4.4797515382e-03,4.3628266767e-03,4.2585199192e-03,4.1714662681e-03,4.0846897251e-03,4.0011825083e-03,3.9174299809e-03,3.8501803520e-03,3.7933563529e-03,3.7271151127e-03,3.6748417557e-03,3.6230725931e-03,3.5718076248e-03,3.5368002445e-03,2.2184823594e-03
267.5,3.6478133035e-03,4.5544170968e-03,4.9795806114e-03,4.8929982653e-03,4.8058548325e-03,4.7362895660e-03,4.6793124388e-03,4.5706348868e-03,4.5205697761e-03,4.5857329333e-03,4.4792520111e-03,4.3623475991e-03,4.2580588804e-03,4.1710202798e-03,4.0842587497e-03,4.0007661372e-03,3.9170282417e-03,3.8497903555e-03,3.7929759590e-03,3.7267463277e-03,3.6744820083e-03,3.6227218164e-03,3.5714657519e-03,3.5364644137e-03,2.2183333826e-03
268,3.6474975313e-03,4.5539055017e-03,4.9790037706e-03,4.8924349966e-03,4.8053051732e-03,4.7357505119e-03,4.6787823208e-03,4.5701211938e-03,4.5200693357e-03,4.5852224557e-03,4.4787595884e-03,4.3618753413e-03,4.2576044104e-03,4.1705806512e-03,4.0838339250e-03,4.0003557136e-03,3.9166322464e-03,3.8494059394e-03,3.7926010122e-03,3.7263828281e-03,3.6741274206e-03,3.6223760746e-03,3.5711287900e-03,3.5361334099e-03,2.2181866671e-03
268.5,3.6471863072e-03,4.5534012412e-03,4.9784351722e-03,4.8918797811e-03,4.8047633776e-03,4.7352191739e-03,4.6782597944e-03,4.5696148641e-03,4.5195760682e-03,4.5847192910e-03,4.4782742258e-03,4.3614098608e-03,4.2571564683e-03,4.1701473424e-03,4.0834152128e-03,3.9999512004e-03,3.9162419591e-03,3.8490270690e-03,3.7922314785e-03,3.7260245812e-03,3.6737779607e-03,3.6220353366e-03,3.5707967089e-03,3.5358072033e-03,2.2180421993e-03
269,3.6468796036e-03,4.5529042693e-03,4.9778747647e-03,4.8913325684e-03,4.8042293963e-03,4.7346955039e-03,4.6777448121e-03,4.5691158516e-03,4.5190899287e-03,4.5842233936e-03,4.4777958791e-03,4.3609511151e-03,4.2567150135e-03,4.1697203142e-03,4.0830025749e-03,3.9995525610e-03,3.9158573445e-03,3.8486537098e-03,3.7918673245e-03,3.7256715544e-03,3.6734335967e-03,3.6216995713e-03,3.5704694782e-03,3.5354857643e-03,2.2178999652e-03
269.5,3.6465773925e-03,4.5524145406e-03,4.9773224966e-03,4.8907933085e-03,4.8037031806e-03,4.7341794537e-03,4.6772373267e-03,4.5686241107e-03,4.5186108726e-03,4.5837347181e-03,4.4773245045e-03,4.3604990623e-03,4.2562800054e-03,4.1692995274e-03,4.0825959736e-03,3.9991597587e-03,3.9154783672e-03,3.8482858277e-03,3.7915085167e-03,3.7253237152e-03,3.6730942971e-03,3.6213687480e-03,3.5701470679e-03,3.5351690632e-03,2.2177599514e-03
270,3.6462796466e-03,4.5519320096e-03,4.9767783172e-03,4.8902619516e-03,4.8031846819e-03,4.7336709758e-03,4.6767372914e-03,4.5681395958e-03,4.5181388558e-03,4.5832532193e-03,4.4768600585e-03,4.3600536607e-03,4.2558514038e-03,4.1688849432e-03,4.0821953714e-03,3.9987727573e-03,3.9151049923e-03,3.8479233886e-03,3.7911550220e-03,3.7249810315e-03,3.6727600304e-03,3.6210428360e-03,3.5698294482e-03,3.5348570708e-03,2.2176221441e-03
270.5,3.6459863384e-03,4.5514566314e-03,4.9762421758e-03,4.8897384484e-03,4.8026738518e-03,4.7331700227e-03,4.6762446595e-03,4.5676622617e-03,4.5176738342e-03,4.5827788525e-03,4.4764024980e-03,4.3596148688e-03,4.2554291690e-03,4.1684765229e-03,4.0818007308e-03,3.9983915206e-03,3.9147371848e-03,3.8475663586e-03,3.7908068072e-03,3.7246434713e-03,3.6724307656e-03,3.6207218049e-03,3.5695165894e-03,3.5345497579e-03,2.2174865301e-03
271,3.6456974408e-03,4.5509883613e-03,4.9757140222e-03,4.8892227496e-03,4.8021706425e-03,4.7326765476e-03,4.6757593849e-03,4.5671920636e-03,4.5172157642e-03,4.5823115731e-03,4.4759517799e-03,4.3591826453e-03,4.2550132611e-03,4.1680742282e-03,4.0814120147e-03,3.9980160129e-03,3.9143749103e-03,3.8472147043e-03,3.7904638398e-03,3.7243110029e-03,3.6721064715e-03,3.6204056245e-03,3.5692084621e-03,3.5342470956e-03,2.2173530957e-03
271.5,3.6454129266e-03,4.5505271548e-03,4.9751938064e-03,4.8887148065e-03,4.8016750063e-03,4.7321905035e-03,4.6752814214e-03,4.5667289568e-03,4.5167646025e-03,4.5818513369e-03,4.4755078616e-03,4.3587569493e-03,4.2546036408e-03,4.1676780208e-03,4.0810291864e-03,3.9976461984e-03,3.9140181343e-03,3.8468683923e-03,3.7901260871e-03,3.7239835947e-03,3.6717871173e-03,3.6200942647e-03,3.5689050369e-03,3.5339490551e-03,2.2172218279e-03
272,3.6451327690e-03,4.5500729679e-03,4.9746814788e-03,4.8882145707e-03,4.8011868959e-03,4.7317118442e-03,4.6748107235e-03,4.5662728972e-03,4.5163203059e-03,4.5813981000e-03,4.4750707006e-03,4.3583377403e-03,4.2542002690e-03,4.1672878630e-03,4.0806522092e-03,3.9972820420e-03,3.9136668226e-03,3.8465273893e-03,3.7897935168e-03,3.7236612152e-03,3.6714726725e-03,3.6197876957e-03,3.5686062848e-03,3.5336556078e-03,2.2170927132e-03
272.5,3.6448569414e-03,4.5496257567e-03,4.9741769902e-03,4.8877219940e-03,4.8007062644e-03,4.7312405234e-03,4.6743472457e-03,4.5658238406e-03,4.5158828316e-03,4.5809518186e-03,4.4746402548e-03,4.3579249777e-03,4.2538031067e-03,4.1669037171e-03,4.0802810468e-03,3.9969235082e-03,3.9133209415e-03,3.8461916625e-03,3.7894660967e-03,3.7233438334e-03,3.6711631067e-03,3.6194858878e-03,3.5683121768e-03,3.5333667253e-03,2.2169657385e-03
273,3.6445854172e-03,4.5491854776e-03,4.9736802915e-03,4.8872370285e-03,4.8002330649e-03,4.7307764954e-03,4.6738909431e-03,4.5653817434e-03,4.5154521370e-03,4.5805124495e-03,4.4742164824e-03,4.3575186213e-03,4.2534121153e-03,4.1665255457e-03,4.0799156628e-03,3.9965705624e-03,3.9129804571e-03,3.8458611790e-03,3.7891437949e-03,3.7230314183e-03,3.6708583896e-03,3.6191888116e-03,3.5680226843e-03,3.5330823794e-03,2.2168408909e-03
273.5,3.6443181699e-03,4.5487520874e-03,4.9731913342e-03,4.8867596268e-03,4.7997672511e-03,4.7303197146e-03,4.6734417706e-03,4.5649465621e-03,4.5150281799e-03,4.5800799495e-03,4.4737993417e-03,4.3571186314e-03,4.2530272563e-03,4.1661533116e-03,4.0795560216e-03,3.9962231696e-03,3.9126453360e-03,3.8455359065e-03,3.7888265797e-03,3.7227239390e-03,3.6705584911e-03,3.6188964377e-03,3.5677377786e-03,3.5328025420e-03,2.2167181572e-03
274,3.6440551734e-03,4.5483255430e-03,4.9727100698e-03,4.8862897415e-03,4.7993087769e-03,4.7298701358e-03,4.6729996840e-03,4.5645182535e-03,4.5146109183e-03,4.5796542757e-03,4.4733887916e-03,4.3567249682e-03,4.2526484917e-03,4.1657869779e-03,4.0792020872e-03,3.9958812955e-03,3.9123155448e-03,3.8452158125e-03,3.7885144195e-03,3.7224213650e-03,3.6702633816e-03,3.6186087370e-03,3.5674574314e-03,3.5325271853e-03,2.2165975245e-03
274.5,3.6437964017e-03,4.5479058019e-03,4.9722364504e-03,4.8858273259e-03,4.7988575965e-03,4.7294277140e-03,4.6725646390e-03,4.5640967748e-03,4.5142003104e-03,4.5792353857e-03,4.4729847908e-03,4.3563375923e-03,4.2522757835e-03,4.1654265079e-03,4.0788538244e-03,3.9955449057e-03,3.9119910505e-03,3.8449008649e-03,3.7882072829e-03,3.7221236660e-03,3.6699730312e-03,3.6183256807e-03,3.5671816145e-03,3.5322562815e-03,2.2164789801e-03
275,3.6435418288e-03,4.5474928214e-03,4.9717704282e-03,4.8853723332e-03,4.7984136643e-03,4.7289924046e-03,4.6721365916e-03,4.5636820833e-03,4.5137963147e-03,4.5788232371e-03,4.4725872986e-03,4.3559564647e-03,4.2519090940e-03,4.1650718652e-03,4.0785111978e-03,3.9952139663e-03,3.9116718202e-03,3.8445910319e-03,3.7879051389e-03,3.7218308116e-03,3.6696874105e-03,3.6180472400e-03,3.5669102999e-03,3.5319898031e-03,2.2163625111e-03
275.5,3.6432914290e-03,4.5470865594e-03,4.9713119559e-03,4.8849247172e-03,4.7979769352e-03,4.7285641632e-03,4.6717154982e-03,4.5632741368e-03,4.5133988901e-03,4.5784177880e-03,4.4721962745e-03,4.3555815465e-03,4.2515483857e-03,4.1647230135e-03,4.0781741725e-03,3.9948884433e-03,3.9113578213e-03,3.8442862816e-03,3.7876079565e-03,3.7215427720e-03,3.6694064904e-03,3.6177733863e-03,3.5666434597e-03,3.5317277228e-03,2.2162481048e-03
276,3.6430451767e-03,4.5466869741e-03,4.9708609863e-03,4.8844844319e-03,4.7975473643e-03,4.7281429457e-03,4.6713013154e-03,4.5628728932e-03,4.5130079957e-03,4.5780189967e-03,4.4718116782e-03,4.3552127990e-03,4.2511936217e-03,4.1643799169e-03,4.0778427136e-03,3.9945683032e-03,3.9110490213e-03,3.8439865827e-03,3.7873157050e-03,3.7212595173e-03,3.6691302416e-03,3.6175040912e-03,3.5663810663e-03,3.5314700133e-03,2.2161357487e-03
276.5,3.6428030465e-03,4.5462940239e-03,4.9704174727e-03,4.8840514315e-03,4.7971249068e-03,4.7277287084e-03,4.6708940001e-03,4.5624783106e-03,4.5126235907e-03,4.5776268216e-03,4.4714334697e-03,4.3548501838e-03,4.2508447647e-03,4.1640425396e-03,4.0775167866e-03,3.9942535125e-03,3.9107453879e-03,3.8436919038e-03,3.7870283537e-03,3.7209810178e-03,3.6688586352e-03,3.6172393266e-03,3.5661230922e-03,3.5312166477e-03,2.2160254302e-03
277,3.6425650131e-03,4.5459076673e-03,4.9699813685e-03,4.8836256706e-03,4.7967095185e-03,4.7273214077e-03,4.6704935096e-03,4.5620903476e-03,4.5122456348e-03,4.5772412216e-03,4.4710616093e-03,4.3544936628e-03,4.2505017782e-03,4.1637108461e-03,4.0771963571e-03,3.9939440381e-03,3.9104468892e-03,3.8434022137e-03,3.7867458725e-03,3.7207072442e-03,3.6685916425e-03,3.6169790645e-03,3.5658695101e-03,3.5309675992e-03,2.2159171369e-03
277.5,3.6423310515e-03,4.5455278633e-03,4.9695526276e-03,4.8832071041e-03,4.7963011553e-03,4.7269210004e-03,4.6700998013e-03,4.5617089629e-03,4.5118740879e-03,4.5768621557e-03,4.4706960575e-03,4.3541431982e-03,4.2501646257e-03,4.1633848010e-03,4.0768813910e-03,3.9936398470e-03,3.9101534933e-03,3.8431174816e-03,3.7864682310e-03,3.7204381671e-03,3.6683292351e-03,3.6167232770e-03,3.5656202928e-03,3.5307228410e-03,2.2158108563e-03
278,3.6421011366e-03,4.5451545711e-03,4.9691312041e-03,4.8827956872e-03,4.7958997734e-03,4.7265274436e-03,4.6697128330e-03,4.5613341155e-03,4.5115089100e-03,4.5764895834e-03,4.4703367749e-03,4.3537987522e-03,4.2498332709e-03,4.1630643693e-03,4.0765718545e-03,3.9933409063e-03,3.9098651686e-03,3.8428376768e-03,3.7861953993e-03,3.7201737576e-03,3.6680713845e-03,3.6164719364e-03,3.5653754133e-03,3.5304823466e-03,2.2157065762e-03
278.5,3.6418752437e-03,4.5447877500e-03,4.9687170524e-03,4.8823913753e-03,4.7955053294e-03,4.7261406945e-03,4.6693325626e-03,4.5609657648e-03,4.5111500615e-03,4.5761234641e-03,4.4699837227e-03,4.3534602874e-03,4.2495076777e-03,4.1627495161e-03,4.0762677138e-03,3.9930471837e-03,3.9095818836e-03,3.8425627687e-03,3.7859273476e-03,3.7199139867e-03,3.6678180624e-03,3.6162250152e-03,3.5651348449e-03,3.5302460898e-03,2.2156042843e-03
279,3.6416533481e-03,4.5444273599e-03,4.9683101271e-03,4.8819941242e-03,4.7951177800e-03,4.7257607108e-03,4.6689589485e-03,4.5606038702e-03,4.5107975030e-03,4.5757637578e-03,4.4696368620e-03,4.3531277668e-03,4.2491878106e-03,4.1624402069e-03,4.0759689354e-03,3.9927586466e-03,3.9093036071e-03,3.8422927270e-03,3.7856640464e-03,3.7196588257e-03,3.6675692411e-03,3.6159824861e-03,3.5648985608e-03,3.5300140443e-03,2.2155039685e-03
279.5,3.6414354253e-03,4.5440733607e-03,4.9679103834e-03,4.8816038899e-03,4.7947370823e-03,4.7253874504e-03,4.6685919493e-03,4.5602483917e-03,4.5104511954e-03,4.5754104245e-03,4.4692961545e-03,4.3528011533e-03,4.2488736337e-03,4.1621364071e-03,4.0756754861e-03,3.9924752629e-03,3.9090303080e-03,3.8420275215e-03,3.7854054662e-03,3.7194082461e-03,3.6673248925e-03,3.6157443220e-03,3.5646665348e-03,3.5297861841e-03,2.2154056166e-03
280,3.6412214510e-03,4.5437257125e-03,4.9675177764e-03,4.8812206287e-03,4.7943631936e-03,4.7250208713e-03,4.6682315236e-03,4.5598992891e-03,4.5101110999e-03,4.5750634246e-03,4.4689615618e-03,4.3524804102e-03,4.2485651119e-03,4.1618380827e-03,4.0753873328e-03,3.9921970008e-03,3.9087619557e-03,3.8417671224e-03,3.7851515779e-03,3.7191622196e-03,3.6670849890e-03,3.6155104959e-03,3.5644387403e-03,3.5295624835e-03,2.2153092167e-03
280.5,3.6410114010e-03,4.5433843759e-03,4.9671322618e-03,4.8808442973e-03,4.7939960716e-03,4.7246609321e-03,4.6678776307e-03,4.5595565229e-03,4.5097771778e-03,4.5747227188e-03,4.4686330459e-03,4.3521655012e-03,4.2482622100e-03,4.1615451996e-03,4.0751044427e-03,3.9919238284e-03,3.9084985193e-03,3.8415114998e-03,3.7849023523e-03,3.7189207179e-03,3.6668495032e-03,3.6152809810e-03,3.5642151514e-03,3.5293429166e-03,2.2152147569e-03
281,3.6408052512e-03,4.5430493115e-03,4.9667537954e-03,4.8804748523e-03,4.7936356741e-03,4.7243075914e-03,4.6675302300e-03,4.5592200537e-03,4.5094493907e-03,4.5743882679e-03,4.4683105692e-03,4.3518563899e-03,4.2479648932e-03,4.1612577241e-03,4.0748267831e-03,3.9916557142e-03,3.9082399684e-03,3.8412606243e-03,3.7846577606e-03,3.7186837132e-03,3.6666184077e-03,3.6150557507e-03,3.5639957419e-03,3.5291274580e-03,2.2151222252e-03
281.5,3.6406029777e-03,4.5427204805e-03,4.9663823333e-03,4.8801122512e-03,4.7932819594e-03,4.7239608082e-03,4.6671892809e-03,4.5588898422e-03,4.5091277006e-03,4.5740600331e-03,4.4679940940e-03,4.3515530404e-03,4.2476731268e-03,4.1609756227e-03,4.0745543216e-03,3.9913926268e-03,3.9079862729e-03,3.8410144663e-03,3.7844177742e-03,3.7184511776e-03,3.6663916755e-03,3.6148347784e-03,3.5637804862e-03,3.5289160823e-03,2.2150316099e-03
282,3.6404045567e-03,4.5423978440e-03,4.9660178320e-03,4.8797564512e-03,4.7929348858e-03,4.7236205416e-03,4.6668547434e-03,4.5585658496e-03,4.5088120695e-03,4.5737379757e-03,4.4676835831e-03,4.3512554169e-03,4.2473868763e-03,4.1606988619e-03,4.0742870261e-03,3.9911345352e-03,3.9077374026e-03,3.8407729968e-03,3.7841823645e-03,3.7182230835e-03,3.6661692795e-03,3.6146180378e-03,3.5635693586e-03,3.5287087644e-03,2.2149428992e-03
282.5,3.6402099647e-03,4.5420813634e-03,4.9656602481e-03,4.8794074100e-03,4.7925944121e-03,4.7232867512e-03,4.6665265776e-03,4.5582480372e-03,4.5085024598e-03,4.5734220574e-03,4.4673789995e-03,4.3509634839e-03,4.2471061076e-03,4.1604274088e-03,4.0740248644e-03,3.9908814084e-03,3.9074933276e-03,3.8405361866e-03,3.7839515033e-03,3.7179994033e-03,3.6659511929e-03,3.6144055029e-03,3.5633623335e-03,3.5285054791e-03,2.2148560814e-03
283,3.6400191781e-03,4.5417710006e-03,4.9653095387e-03,4.8790650858e-03,4.7922604972e-03,4.7229593966e-03,4.6662047439e-03,4.5579363665e-03,4.5081988340e-03,4.5731122399e-03,4.4670803063e-03,4.3506772061e-03,4.2468307866e-03,4.1601612304e-03,4.0737678048e-03,3.9906332156e-03,3.9072540184e-03,3.8403040071e-03,3.7837251624e-03,3.7177801100e-03,3.6657373891e-03,3.6141971477e-03,3.5631593857e-03,3.5283062015e-03,2.2147711451e-03
283.5,3.6398321738e-03,4.5414667175e-03,4.9649656611e-03,4.8787294365e-03,4.7919331003e-03,4.7226384379e-03,4.6658892030e-03,4.5576307995e-03,4.5079011552e-03,4.5728084855e-03,4.4667874671e-03,4.3503965483e-03,4.2465608796e-03,4.1599002939e-03,4.0735158157e-03,3.9903899264e-03,3.9070194453e-03,3.8400764294e-03,3.7835033139e-03,3.7175651762e-03,3.6655278417e-03,3.6139929463e-03,3.5629604900e-03,3.5281109071e-03,2.2146880787e-03
284,3.6396489284e-03,4.5411684763e-03,4.9646285727e-03,4.8784004209e-03,4.7916121810e-03,4.7223238354e-03,4.6655799157e-03,4.5573312981e-03,4.5076093862e-03,4.5725107566e-03,4.4665004454e-03,4.3501214758e-03,4.2462963530e-03,4.1596445671e-03,4.0732688656e-03,3.9901515102e-03,3.9067895791e-03,3.8398534253e-03,3.7832859300e-03,3.7173545751e-03,3.6653225244e-03,3.6137928731e-03,3.5627656213e-03,3.5279195711e-03,2.2146068706e-03
284.5,3.6394694189e-03,4.5408762394e-03,4.9642982313e-03,4.8780779977e-03,4.7912976989e-03,4.7220155495e-03,4.6652768432e-03,4.5570378246e-03,4.5073234904e-03,4.5722190156e-03,4.4662192052e-03,4.3498519539e-03,4.2460371734e-03,4.1593940174e-03,4.0730269234e-03,3.9899179370e-03,3.9065643906e-03,3.8396349663e-03,3.7830729830e-03,3.7171482799e-03,3.6651214110e-03,3.6135969026e-03,3.5625747548e-03,3.5277321692e-03,2.2145275097e-03
285,3.6392936225e-03,4.5405899697e-03,4.9639745951e-03,4.8777621258e-03,4.7909896142e-03,4.7217135409e-03,4.6649799468e-03,4.5567503418e-03,4.5070434315e-03,4.5719332254e-03,4.4659437106e-03,4.3495879481e-03,4.2457833077e-03,4.1591486129e-03,4.0727899580e-03,3.9896891768e-03,3.9063438510e-03,3.8394210244e-03,3.7828644456e-03,3.7169462640e-03,3.6649244755e-03,3.6134050095e-03,3.5623878659e-03,3.5275486770e-03,2.2144499845e-03
285.5,3.6391215163e-03,4.5403096299e-03,4.9636576224e-03,4.8774527647e-03,4.7906878871e-03,4.7214177708e-03,4.6646891884e-03,4.5564688122e-03,4.5067691730e-03,4.5716533492e-03,4.4656739260e-03,4.3493294243e-03,4.2455347231e-03,4.1589083217e-03,4.0725579386e-03,3.9894651997e-03,3.9061279315e-03,3.8392115717e-03,3.7826602905e-03,3.7167485010e-03,3.6647316922e-03,3.6132171685e-03,3.5622049300e-03,3.5273690705e-03,2.2143742838e-03
286,3.6389530779e-03,4.5400351834e-03,4.9633472717e-03,4.8771498739e-03,4.7903924780e-03,4.7211282004e-03,4.6644045296e-03,4.5561931991e-03,4.5065006792e-03,4.5713793501e-03,4.4654098160e-03,4.3490763485e-03,4.2452913866e-03,4.1586731122e-03,4.0723308346e-03,3.9892459763e-03,3.9059166034e-03,3.8390065804e-03,3.7824604907e-03,3.7165549645e-03,3.6645430354e-03,3.6130333548e-03,3.5620259226e-03,3.5271933257e-03,2.2143003964e-03
286.5,3.6387882846e-03,4.5397665935e-03,4.9630435021e-03,4.8768534132e-03,4.7901033478e-03,4.7208447911e-03,4.6641259326e-03,4.5559234656e-03,4.5062379141e-03,4.5711111919e-03,4.4651513453e-03,4.3488286869e-03,4.2450532660e-03,4.1584429528e-03,4.0721086156e-03,3.9890314771e-03,3.9057098384e-03,3.8388060228e-03,3.7822650191e-03,3.7163656286e-03,3.6643584797e-03,3.6128535434e-03,3.5618508196e-03,3.5270214187e-03,2.2142283113e-03
287,3.6386271141e-03,4.5395038238e-03,4.9627462726e-03,4.8765633427e-03,4.7898204575e-03,4.7205675048e-03,4.6638533599e-03,4.5556595752e-03,4.5059808424e-03,4.5708488381e-03,4.4648984791e-03,4.3485864060e-03,4.2448203287e-03,4.1582178123e-03,4.0718912514e-03,3.9888216728e-03,3.9055076083e-03,3.8386098717e-03,3.7820738491e-03,3.7161804672e-03,3.6641779998e-03,3.6126777096e-03,3.5616795968e-03,3.5268533260e-03,2.2141580173e-03
287.5,3.6384695443e-03,4.5392468383e-03,4.9624555426e-03,4.8762796227e-03,4.7895437684e-03,4.7202963034e-03,4.6635867741e-03,4.5554014917e-03,4.5057294286e-03,4.5705922530e-03,4.4646511825e-03,4.3483494724e-03,4.2445925428e-03,4.1579976596e-03,4.0716787118e-03,3.9886165345e-03,3.9053098851e-03,3.8384180998e-03,3.7818869542e-03,3.7159994545e-03,3.6640015703e-03,3.6125058290e-03,3.5615122304e-03,3.5266890240e-03,2.2140895036e-03
288,3.6383155531e-03,4.5389956011e-03,4.9621712718e-03,4.8760022139e-03,4.7892732419e-03,4.7200311492e-03,4.6633261379e-03,4.5551491791e-03,4.5054836377e-03,4.5703414006e-03,4.4644094211e-03,4.3481178531e-03,4.2443698764e-03,4.1577824639e-03,4.0714709671e-03,3.9884160332e-03,3.9051166408e-03,3.8382306800e-03,3.7817043078e-03,3.7158225650e-03,3.6638291665e-03,3.6123378770e-03,3.5613486965e-03,3.5265284892e-03,2.2140227593e-03
288.5,3.6381651186e-03,4.5387500765e-03,4.9618934202e-03,4.8757310771e-03,4.7890088399e-03,4.7197720047e-03,4.6630714145e-03,4.5549026016e-03,4.5052434349e-03,4.5700962454e-03,4.4641731605e-03,4.3478915150e-03,4.2441522977e-03,4.1575721945e-03,4.0712679876e-03,3.9882201403e-03,3.9049278479e-03,3.8380475855e-03,3.7815258837e-03,3.7156497732e-03,3.6636607634e-03,3.6121738295e-03,3.5611889715e-03,3.5263716985e-03,2.2139577734e-03
289,3.6380182188e-03,4.5385102290e-03,4.9616219478e-03,4.8754661733e-03,4.7887505244e-03,4.7195188326e-03,4.6628225673e-03,4.5546617236e-03,4.5050087855e-03,4.5698567523e-03,4.4639423668e-03,4.3476704256e-03,4.2439397753e-03,4.1573668209e-03,4.0710697439e-03,3.9880288273e-03,3.9047434787e-03,3.8378687895e-03,3.7813516559e-03,3.7154810538e-03,3.6634963363e-03,3.6120136623e-03,3.5610330320e-03,3.5262186289e-03,2.2138945352e-03
289.5,3.6378748323e-03,4.5382760235e-03,4.9613568152e-03,4.8752074639e-03,4.7884982576e-03,4.7192715959e-03,4.6625795597e-03,4.5544265098e-03,4.5047796551e-03,4.5696228860e-03,4.4637170060e-03,4.3474545523e-03,4.2437322778e-03,4.1571663128e-03,4.0708762065e-03,3.9878420659e-03,3.9045635060e-03,3.8376942654e-03,3.7811815985e-03,3.7153163816e-03,3.6633358607e-03,3.6118573516e-03,3.5608808545e-03,3.5260692573e-03,2.2138330340e-03
290,3.6377349374e-03,4.5380474250e-03,4.9610979830e-03,4.8749549106e-03,4.7882520020e-03,4.7190302577e-03,4.6623423556e-03,4.5541969250e-03,4.5045560095e-03,4.5693946117e-03,4.4634970444e-03,4.3472438628e-03,4.2435297742e-03,4.1569706401e-03,4.0706873465e-03,3.9876598280e-03,3.9043879026e-03,3.8375239869e-03,3.7810156856e-03,3.7151557318e-03,3.6631793122e-03,3.6117048736e-03,3.5607324159e-03,3.5259235609e-03,2.2137732592e-03
290.5,3.6375985127e-03,4.5378243987e-03,4.9608454122e-03,4.8747084751e-03,4.7880117204e-03,4.7187947815e-03,4.6621109191e-03,4.5539729343e-03,4.5043378148e-03,4.5691718947e-03,4.4632824487e-03,4.3470383250e-03,4.2433322336e-03,4.1567797729e-03,4.0705031349e-03,3.9874820856e-03,3.9042166415e-03,3.8373579278e-03,3.7808538918e-03,3.7149990794e-03,3.6630266667e-03,3.6115562046e-03,3.5605876931e-03,3.5257815172e-03,2.2137152002e-03
291,3.6374655370e-03,4.5376069102e-03,4.9605990639e-03,4.8744681195e-03,4.7877773757e-03,4.7185651310e-03,4.6618852142e-03,4.5537545032e-03,4.5041250372e-03,4.5689547008e-03,4.4630731857e-03,4.3468379071e-03,4.2431396253e-03,4.1565936815e-03,4.0703235430e-03,3.9873088109e-03,3.9040496959e-03,3.8371960620e-03,3.7806961916e-03,3.7148463997e-03,3.6628778999e-03,3.6114113211e-03,3.5604466633e-03,3.5256431036e-03,2.2136588465e-03
291.5,3.6373359892e-03,4.5373949250e-03,4.9603588997e-03,4.8742338062e-03,4.7875489312e-03,4.7183412700e-03,4.6616652057e-03,4.5535415971e-03,4.5039176431e-03,4.5687429956e-03,4.4628692222e-03,4.3466425773e-03,4.2429519187e-03,4.1564123363e-03,4.0701485422e-03,3.9871399763e-03,3.9038870391e-03,3.8370383636e-03,3.7805425597e-03,3.7146976684e-03,3.6627329880e-03,3.6112701997e-03,3.5603093036e-03,3.5255082977e-03,2.2136041875e-03
292,3.6372098482e-03,4.5371884092e-03,4.9601248811e-03,4.8740054977e-03,4.7873263503e-03,4.7181231628e-03,4.6614508581e-03,4.5533341818e-03,4.5037155992e-03,4.5685367451e-03,4.4626705256e-03,4.3464523043e-03,4.2427690836e-03,4.1562357081e-03,4.0699781041e-03,3.9869755545e-03,3.9037286447e-03,3.8368848069e-03,3.7803929710e-03,3.7145528610e-03,3.6625919073e-03,3.6111328174e-03,3.5601755914e-03,3.5253770773e-03,2.2135512131e-03
292.5,3.6370870931e-03,4.5369873287e-03,4.9598969701e-03,4.8737831569e-03,4.7871095967e-03,4.7179107736e-03,4.6612421364e-03,4.5531322233e-03,4.5035188725e-03,4.5683359157e-03,4.4624770632e-03,4.3462670567e-03,4.2425910898e-03,4.1560637676e-03,4.0698122006e-03,3.9868155180e-03,3.9035744863e-03,3.8367353664e-03,3.7802474006e-03,3.7144119533e-03,3.6624546340e-03,3.6109991510e-03,3.5600455043e-03,3.5252494203e-03,2.2134999127e-03
293,3.6369677032e-03,4.5245798747e-03,4.9459220616e-03,4.8601693621e-03,4.7738569325e-03,4.7048994872e-03,4.6484715477e-03,4.5407239126e-03,4.4921827029e-03,4.5568771859e-03,4.4517368804e-03,4.3363648075e-03,4.2334072771e-03,4.1474786602e-03,4.0618257826e-03,3.9794276235e-03,3.8967851259e-03,3.8304248485e-03,3.7742963383e-03,3.7089396796e-03,3.6573415859e-03,3.6062453015e-03,3.5556508266e-03,3.5210942333e-03,2.2134502762e-03
293.5,3.6368516579e-03,4.5244405129e-03,4.9457636315e-03,4.8600147408e-03,4.7737061364e-03,4.7047518499e-03,4.6483264059e-03,4.5405837151e-03,4.4920430086e-03,4.5567340895e-03,4.4515978130e-03,4.3362300786e-03,4.2332764695e-03,4.1473511284e-03,4.0617015109e-03,3.9793064502e-03,3.8966670615e-03,3.8303092857e-03,3.7741829678e-03,3.7088287584e-03,3.6572326324e-03,3.6061382896e-03,3.5555457300e-03,3.5209904553e-03,2.2134022933e-03
294,3.6367389366e-03,4.5243060759e-03,4.9456107343e-03,4.8598655270e-03,4.7735606220e-03,4.7046093950e-03,4.6481863641e-03,4.5404484635e-03,4.4919081589e-03,4.5565959357e-03,4.4514635289e-03,4.3360999560e-03,4.2331501113e-03,4.1472279152e-03,4.0615814275e-03,3.9791893387e-03,3.8965529320e-03,3.8301975563e-03,3.7740733466e-03,3.7087214860e-03,3.6571272492e-03,3.6060347700e-03,3.5554440484e-03,3.5208900399e-03,2.2133559539e-03
294.5,3.6203582051e-03,4.5104743909e-03,4.9301372248e-03,4.8446990625e-03,4.7587028614e-03,4.6900317600e-03,4.6338079094e-03,4.5265152387e-03,4.4775652317e-03,4.5418771069e-03,4.4369155376e-03,4.3217081713e-03,4.2189163869e-03,4.1331266892e-03,4.0476109764e-03,3.9653303032e-03,3.8828066708e-03,3.8165432763e-03,3.7605256787e-03,3.6952594058e-03,3.6437450689e-03,3.5927292927e-03,3.5422120774e-03,3.5077121407e-03,2.2050829044e-03
295,3.6203192123e-03,4.5104062575e-03,4.9300585529e-03,4.8446225700e-03,4.7586285568e-03,4.6899591720e-03,4.6337367566e-03,4.5264467488e-03,4.4774986360e-03,4.5418089429e-03,4.4368502352e-03,4.3216460489e-03,4.2188570785e-03,4.1330697302e-03,4.0475563594e-03,3.9652779578e-03,3.8827566010e-03,3.8164950333e-03,3.7604789442e-03,3.6952144758e-03,3.6437015489e-03,3.5926871717e-03,3.5421713442e-03,3.5076723505e-03,2.2050737252e-03
295.5,3.6202829563e-03,4.5103425263e-03,4.9299848285e-03,4.8445509114e-03,4.7585589722e-03,4.6898912154e-03,4.6336701605e-03,4.5263826784e-03,4.4774363463e-03,4.5417451691e-03,4.4367891713e-03,4.3215879953e-03,4.2188016895e-03,4.1330165660e-03,4.0475054128e-03,3.9652291615e-03,3.8827099589e-03,3.8164501207e-03,3.7604354607e-03,3.6951727005e-03,3.6436611089e-03,3.5926480563e-03,3.5421335427e-03,3.5076354421e-03,2.2050658944e-03
296,3.6202494251e-03,4.5102831781e-03,4.9299160300e-03,4.8444840655e-03,4.7584940871e-03,4.6898278701e-03,4.6336081012e-03,4.5263230082e-03,4.4773783436e-03,4.5416857661e-03,4.4367323273e-03,4.3215339927e-03,4.2187502027e-03,4.1329671798e-03,4.0474581203e-03,3.9651838990e-03,3.8826667298e-03,3.8164085241e-03,3.7603952141e-03,3.6951340663e-03,3.6436237353e-03,3.5926119332e-03,3.5420986601e-03,3.5076014027e-03,2.2050594061e-03
296.5,3.6202186069e-03,4.5102281935e-03,4.9298521355e-03,4.8444220112e-03,4.7584338807e-03,4.6897691157e-03,4.6335505588e-03,4.5262677189e-03,4.4773246093e-03,4.5416307148e-03,4.4366796846e-03,4.3214840235e-03,4.2187026011e-03,4.1329215552e-03,4.0474144661e-03,3.9651421546e-03,3.8826268987e-03,3.8163702289e-03,3.7603581901e-03,3.6950985593e-03,3.6435894147e-03,3.5925787896e-03,3.5420666839e-03,3.5075702199e-03,2.2050542544e-03
297,3.6201904900e-03,4.5101775536e-03,4.9297931237e-03,4.8443647275e-03,4.7583783325e-03,4.6897149320e-03,4.6334975133e-03,4.5262167913e-03,4.4772751245e-03,4.5415799962e-03,4.4366312249e-03,4.3214380698e-03,4.2186588676e-03,4.1328796756e-03,4.0473744342e-03,3.9651039131e-03,3.8825904506e-03,3.8163352208e-03,3.7603243748e-03,3.6950661660e-03,3.6435581339e-03,3.5925486123e-03,3.5420376011e-03,3.5075418813e-03,2.2050504337e-03
297.5,3.6201650625e-03,4.5101312392e-03,4.9297389732e-03,4.8443121935e-03,4.7583274221e-03,4.6896652992e-03,4.6334489452e-03,4.5261702063e-03,4.4772298706e-03,4.5415335911e-03,4.4365869298e-03,4.3213961142e-03,4.2186189853e-03,4.1328415247e-03,4.0473380088e-03,3.9650691590e-03,3.8825573708e-03,3.8163034854e-03,3.7602937541e-03,3.6950368727e-03,3.6435298795e-03,3.5925213884e-03,3.5420113993e-03,3.5075163745e-03,2.2050479381e-03
298,3.6201423129e-03,4.5100892313e-03,4.9296896625e-03,4.8442643882e-03,4.7582811291e-03,4.6896201971e-03,4.6334048346e-03,4.5261279447e-03,4.4771888291e-03,4.5414914807e-03,4.4365467810e-03,4.3213581392e-03,4.2185829373e-03,4.1328070862e-03,4.0473051740e-03,3.9650378773e-03,3.8825276447e-03,3.8162750083e-03,3.7602663141e-03,3.6950106658e-03,3.6435046384e-03,3.5924971051e-03,3.5419880659e-03,3.5074936870e-03,2.2050467621e-03
298.5,3.6201222294e-03,4.5100515110e-03,4.9296451704e-03,4.8442212909e-03,4.7582394333e-03,4.6895796059e-03,4.6333651622e-03,4.5260899876e-03,4.4771519816e-03,4.5414536462e-03,4.4365107604e-03,4.3213241272e-03,4.2185507068e-03,4.1327763438e-03,4.0472759142e-03,3.9650100525e-03,3.8825012574e-03,3.8162497754e-03,3.7602420408e-03,3.6949875320e-03,3.6434823974e-03,3.5924757495e-03,3.5419675883e-03,3.5074738066e-03,2.2050468999e-03
299,3.6201048005e-03,4.5100180597e-03,4.9296054758e-03,4.8441828811e-03,4.7582023145e-03,4.6895435059e-03,4.6333299084e-03,4.5260563163e-03,4.4771193095e-03,4.5414200688e-03,4.4364788500e-03,4.3212940609e-03,4.2185222772e-03,4.1327492813e-03,4.0472502138e-03,3.9649856698e-03,3.8824781946e-03,3.8162277724e-03,3.7602209204e-03,3.6949674579e-03,3.6434631434e-03,3.5924573088e-03,3.5419499541e-03,3.5074567212e-03,2.2050483457e-03
299.5,3.6200900147e-03,4.5099888584e-03,4.9295705577e-03,4.8441491381e-03,4.7581697526e-03,4.6895118773e-03,4.6332990539e-03,4.5260269118e-03,4.4770907948e-03,4.5413907300e-03,4.4364510316e-03,4.3212679231e-03,4.2184976317e-03,4.1327258827e-03,4.0472280571e-03,3.9649647139e-03,3.8824584415e-03,3.8162089853e-03,3.7602029392e-03,3.6949504299e-03,3.6434468634e-03,3.5924417704e-03,3.5419351509e-03,3.5074424184e-03,2.2050510941e-03
300,3.6200778605e-03,4.5099638887e-03,4.9295403951e-03,4.8441200415e-03,4.7581417277e-03,4.6894847005e-03,4.6332725793e-03,4.5260017555e-03,4.4770664190e-03,4.5413656110e-03,4.4364272875e-03,4.3212456966e-03,4.2184767539e-03,4.1327061318e-03,4.0472094288e-03,3.9649471699e-03,3.8824419838e-03,3.8161933999e-03,3.7601880834e-03,3.6949364350e-03,3.6434335444e-03,3.5924291215e-03,3.5419231664e-03,3.5074308861e-03,2.2050551393e-03
300.5,3.6200683264e-03,4.5099431319e-03,4.9295149671e-03,4.8440955709e-03,4.7581182199e-03,4.6894619561e-03,4.6332504655e-03,4.5259808287e-03,4.4770461642e-03,4.5413446935e-03,4.4364075996e-03,4.3212273642e-03,4.2184596273e-03,4.1326900129e-03,4.0471943132e-03,3.9649330230e-03,3.8824288070e-03,3.8161810025e-03,3.7601763395e-03,3.6949254597e-03,3.6434231735e-03,3.5924193496e-03,3.5419139882e-03,3.5074221124e-03,2.2050604759e-03
301,3.6200614011e-03,4.5099265697e-03,4.9294942531e-03,4.8440757060e-03,4.7580992094e-03,4.6894436245e-03,4.6332326935e-03,4.5259641130e-03,4.4770300123e-03,4.5413279591e-03,4.4363919505e-03,4.3212129089e-03,4.2184462354e-03,4.1326775099e-03,4.0471826952e-03,3.9649222583e-03,3.8824188969e-03,3.8161717789e-03,3.7601676938e-03,3.6949174910e-03,3.6434157378e-03,3.5924124422e-03,3.5419076042e-03,3.5074160851e-03,2.2050670981e-03
301.5,3.6200570732e-03,4.5099141836e-03,4.9294782324e-03,4.8440604268e-03,4.7580846765e-03,4.6894296866e-03,4.6332192440e-03,4.5259515899e-03,4.4770179452e-03,4.5413153893e-03,4.4363803222e-03,4.3212023138e-03,4.2184365619e-03,4.1326686071e-03,4.0471745594e-03,3.9649148609e-03,3.8824122392e-03,3.8161657154e-03,3.7601621328e-03,3.6949125157e-03,3.6434112245e-03,3.5924083866e-03,3.5419040022e-03,3.5074127923e-03,2.2050750005e-03
302,3.6200553314e-03,4.5099059555e-03,4.9294668844e-03,4.8440497130e-03,4.7580746016e-03,4.6894201230e-03,4.6332100984e-03,4.5259432410e-03,4.4770099453e-03,4.5413069661e-03,4.4363726972e-03,4.3211955620e-03,4.2184305906e-03,4.1326632887e-03,4.0471698906e-03,3.9649108163e-03,3.8824088196e-03,3.8161627981e-03,3.7601596430e-03,3.6949105209e-03,3.6434096209e-03,3.5924071706e-03,3.5419031700e-03,3.5074122221e-03,2.2050841776e-03
302.5,3.6200561646e-03,4.5099018669e-03,4.9294601886e-03,4.8440435447e-03,4.7580689651e-03,4.6894149146e-03,4.6332052376e-03,4.5259390481e-03,4.4770059945e-03,4.5413026713e-03,4.4363690581e-03,4.3211926366e-03,4.2184283053e-03,4.1326615391e-03,4.0471686736e-03,3.9649101097e-03,3.8824086240e-03,3.8161630134e-03,3.7601602111e-03,3.6949114933e-03,3.6434109143e-03,3.5924087817e-03,3.5419050955e-03,3.5074143626e-03,2.2050946237e-03
303,3.6200595615e-03,4.5099019000e-03,4.9294581248e-03,4.8440419020e-03,4.7580677476e-03,4.6894140423e-03,4.6332046430e-03,4.5259389930e-03,4.4770060753e-03,4.5413024867e-03,4.4363693874e-03,4.3211935209e-03,4.2184296898e-03,4.1326633427e-03,4.0471708934e-03,3.9649127266e-03,3.8824116385e-03,3.8161663475e-03,3.7601638237e-03,3.6949154202e-03,3.6434150920e-03,3.5924132076e-03,3.5419097668e-03,3.5074192020e-03,2.2051063336e-03
303.5,3.6200655109e-03,4.5099060365e-03,4.9294606725e-03,4.8440447651e-03,4.7580709299e-03,4.6894174871e-03,4.6332082959e-03,4.5259430575e-03,4.4770101699e-03,4.5413063945e-03,4.4363736677e-03,4.3211981984e-03,4.2184347282e-03,4.1326686840e-03,4.0471765351e-03,3.9649186524e-03,3.8824178488e-03,3.8161727869e-03,3.7601704675e-03,3.6949222887e-03,3.6434221416e-03,3.5924204360e-03,3.5419171719e-03,3.5074267286e-03,2.2051193016e-03
304,3.6200740019e-03,4.5099142586e-03,4.9294678116e-03,4.8440521143e-03,4.7580784926e-03,4.6894252303e-03,4.6332161776e-03,4.5259512237e-03,4.4770182609e-03,4.5413143767e-03,4.4363818818e-03,4.3212066523e-03,4.2184434044e-03,4.1326775475e-03,4.0471855835e-03,3.9649278728e-03,3.8824272412e-03,3.8161823180e-03,3.7601801294e-03,3.6949320859e-03,3.6434320504e-03,3.5924304547e-03,3.5419272989e-03,3.5074369305e-03,2.2051335224e-03
304.5,3.6200850233e-03,4.5099265484e-03,4.9294795221e-03,4.8440639299e-03,4.7580904166e-03,4.6894372528e-03,4.6332282698e-03,4.5259634737e-03,4.4770303308e-03,4.5413264156e-03,4.4363940124e-03,4.3212188662e-03,4.2184557027e-03,4.1326899178e-03,4.0471980238e-03,3.9649403733e-03,3.8824398017e-03,3.8161949273e-03,3.7601927960e-03,3.6949447990e-03,3.6434448060e-03,3.5924432516e-03,3.5419401359e-03,3.5074497963e-03,2.2051489906e-03
305,3.6200985641e-03,4.5099428881e-03,4.9294957839e-03,4.8440801924e-03,4.7581066828e-03,4.6894535362e-03,4.6332445539e-03,4.5259797894e-03,4.4770463621e-03,4.5413424933e-03,4.4364100425e-03,4.3212348237e-03,4.2184716070e-03,4.1327057795e-03,4.0472138414e-03,3.9649561396e-03,3.8824555164e-03,3.8162106014e-03,3.7602084544e-03,3.6949604153e-03,3.6434603960e-03,3.5924588145e-03,3.5419556710e-03,3.5074653143e-03,2.2051657007e-03
305.5,3.6201146134e-03,4.5099632600e-03,4.9295165771e-03,4.8441008823e-03,4.7581272721e-03,4.6894740616e-03,4.6332650116e-03,4.5260001533e-03,4.4770663376e-03,4.5413625922e-03,4.4364299550e-03,4.3212545084e-03,4.2184911018e-03,4.1327251176e-03,4.0472330212e-03,3.9649751575e-03,3.8824743717e-03,3.8162293269e-03,3.7602270915e-03,3.6949789223e-03,3.6434788080e-03,3.5924771314e-03,3.5419738927e-03,3.5074834729e-03,2.2051836475e-03
306,3.6201331603e-03,4.5099876465e-03,4.9295418820e-03,4.8441259803e-03,4.7581521658e-03,4.6894988106e-03,4.6332896248e-03,4.5260245475e-03,4.4770902400e-03,4.5413866948e-03,4.4364537329e-03,4.3212779040e-03,4.2185141712e-03,4.1327479167e-03,4.0472555489e-03,3.9649974128e-03,3.8824963538e-03,3.8162510906e-03,3.7602486943e-03,3.6950003072e-03,3.6435000297e-03,3.5924981904e-03,3.5419947890e-03,3.5075042606e-03,2.2052028255e-03
306.5,3.6201541940e-03,4.5100160300e-03,4.9295716787e-03,4.8441554672e-03,4.7581813450e-03,4.6895277646e-03,4.6333183752e-03,4.5260529544e-03,4.4771180522e-03,4.5414147835e-03,4.4364813594e-03,4.3213049944e-03,4.2185407998e-03,4.1327741619e-03,4.0472814096e-03,3.9650228913e-03,3.8825214491e-03,3.8162758791e-03,3.7602732498e-03,3.6950245575e-03,3.6435240490e-03,3.5925219793e-03,3.5420183485e-03,3.5075276659e-03,2.2052232295e-03
307,3.6201777035e-03,4.5100483930e-03,4.9296059476e-03,4.8441893237e-03,4.7582147909e-03,4.6895609054e-03,4.6333512448e-03,4.5260853566e-03,4.4771497570e-03,4.5414468410e-03,4.4365128176e-03,4.3213357633e-03,4.2185709719e-03,4.1328038379e-03,4.0473105889e-03,3.9650515790e-03,3.8825496440e-03,3.8163036792e-03,3.7603007453e-03,3.6950516608e-03,3.6435508535e-03,3.5925484864e-03,3.5420445595e-03,3.5075536776e-03,2.2052448541e-03
307.5,3.6202036783e-03,4.5100847182e-03,4.9296446693e-03,4.8442275307e-03,4.7582524850e-03,4.6895982146e-03,4.6333882155e-03,4.5261217366e-03,4.4771853375e-03,4.5414828499e-03,4.4365480908e-03,4.3213701948e-03,4.2186046722e-03,4.1328369299e-03,4.0473430723e-03,3.9650834619e-03,3.8825809250e-03,3.8163344779e-03,3.7603311678e-03,3.6950816046e-03,3.6435804312e-03,3.5925776998e-03,3.5420734104e-03,3.5075822842e-03,2.2052676940e-03
308,3.6202321074e-03,4.5101249883e-03,4.9296878242e-03,4.8442700692e-03,4.7582944086e-03,4.6896396740e-03,4.6334292694e-03,4.5261620769e-03,4.4772247768e-03,4.5415227929e-03,4.4365871624e-03,4.3214082728e-03,4.2186418852e-03,4.1328734230e-03,4.0473788453e-03,3.9651185261e-03,3.8826152787e-03,3.8163682621e-03,3.7603645046e-03,3.6951143765e-03,3.6436127700e-03,3.5926096078e-03,3.5421048898e-03,3.5076134744e-03,2.2052917441e-03
308.5,3.6202629803e-03,4.5101691860e-03,4.9297353929e-03,4.8443169204e-03,4.7583405432e-03,4.6896852655e-03,4.6334743887e-03,4.5262063604e-03,4.4772680579e-03,4.5415666529e-03,4.4366300157e-03,4.3214499814e-03,4.2186825955e-03,4.1329133022e-03,4.0474178937e-03,3.9651567576e-03,3.8826526915e-03,3.8164050187e-03,3.7604007431e-03,3.6951499643e-03,3.6436478579e-03,3.5926441985e-03,3.5421389861e-03,3.5076472370e-03,2.2053169991e-03
309,3.6202962864e-03,4.5102172941e-03,4.9297873562e-03,4.8443680652e-03,4.7583908706e-03,4.6897349710e-03,4.6335235557e-03,4.5262545697e-03,4.4773151642e-03,4.5416144127e-03,4.4366766344e-03,4.3214953048e-03,4.2187267879e-03,4.1329565529e-03,4.0474602031e-03,3.9651981427e-03,3.8826931503e-03,3.8164447348e-03,3.7604398705e-03,3.6951883555e-03,3.6436856828e-03,3.5926814603e-03,3.5421756881e-03,3.5076835607e-03,2.2053434537e-03
309.5,3.6203320150e-03,4.5102692957e-03,4.9298436950e-03,4.8444234852e-03,4.7584453723e-03,4.6897887726e-03,4.6335767526e-03,4.5263066877e-03,4.4773660789e-03,4.5416660554e-03,4.4367270018e-03,4.3215442272e-03,4.2187744473e-03,4.1330031604e-03,4.0475057593e-03,3.9652426677e-03,3.8827366417e-03,3.8164873975e-03,3.7604818743e-03,3.6952295381e-03,3.6437262328e-03,3.5927213816e-03,3.5422149843e-03,3.5077224345e-03,2.2053711028e-03
310,3.6203701556e-03,4.5103251736e-03,4.9299043900e-03,4.8444831614e-03,4.7585040301e-03,4.6898466523e-03,4.6336339620e-03,4.5263626974e-03,4.4774207853e-03,4.5417215640e-03,4.4367811017e-03,4.3215967329e-03,4.2188255585e-03,4.1330531099e-03,4.0475545482e-03,3.9652903187e-03,3.8827831525e-03,3.8165329940e-03,3.7605267419e-03,3.6952734998e-03,3.6437694962e-03,3.5927639507e-03,3.5422568634e-03,3.5077638472e-03,2.2053999412e-03
310.5,3.6204106978e-03,4.5103849110e-03,4.9299694222e-03,4.8445470754e-03,4.7585668259e-03,4.6899085924e-03,4.6336951661e-03,4.5264225817e-03,4.4774792671e-03,4.5417809216e-03,4.4368389177e-03,4.3216528063e-03,4.2188801064e-03,4.1331063870e-03,4.0476065556e-03,3.9653410822e-03,3.8828326695e-03,3.8165815114e-03,3.7605744609e-03,3.6953202286e-03,3.6438154609e-03,3.5928091562e-03,3.5423013143e-03,3.5078077877e-03,2.2054299638e-03
311,3.6204536310e-03,4.5104484911e-03,4.9300387728e-03,4.8446152087e-03,4.7586337417e-03,4.6899745752e-03,4.6337603477e-03,4.5264863238e-03,4.4775415076e-03,4.5418441114e-03,4.4369004338e-03,4.3217124317e-03,4.2189380760e-03,4.1331629770e-03,4.0476617676e-03,3.9653949447e-03,3.8828851797e-03,3.8166329371e-03,3.7606250189e-03,3.6953697124e-03,3.6438641154e-03,3.5928569865e-03,3.5423483257e-03,3.5078542451e-03,2.2054611653e-03
311.5,3.6204989449e-03,4.5105158970e-03,4.9301124229e-03,4.8446875427e-03,4.7587047594e-03,4.6900445829e-03,4.6338294894e-03,4.5265539069e-03,4.4776074904e-03,4.5419111167e-03,4.4369656336e-03,4.3217755938e-03,4.2189994525e-03,4.1332228657e-03,4.0477201700e-03,3.9654518926e-03,3.8829406699e-03,3.8166872583e-03,3.7606784034e-03,3.6954219391e-03,3.6439154479e-03,3.5929074303e-03,3.5423978864e-03,3.5079032084e-03,2.2054935409e-03
312,3.6205466291e-03,4.5105871121e-03,4.9301903537e-03,4.8447640593e-03,4.7587798612e-03,4.6901185981e-03,4.6339025738e-03,4.5266253141e-03,4.4776771994e-03,4.5419819209e-03,4.4370345012e-03,4.3218422771e-03,4.2190642210e-03,4.1332860385e-03,4.0477817492e-03,3.9655119124e-03,3.8829991273e-03,3.8167444625e-03,3.7607346021e-03,3.6954768970e-03,3.6439694466e-03,3.5929604761e-03,3.5424499854e-03,3.5079546667e-03,2.2055270853e-03
312.5,3.6205966734e-03,4.5106621198e-03,4.9302725465e-03,4.8448447402e-03,4.7588590292e-03,4.6901966033e-03,4.6339795838e-03,4.5267005288e-03,4.4777506181e-03,4.5420565074e-03,4.4371070205e-03,4.3219124661e-03,4.2191323666e-03,4.1333524811e-03,4.0478464911e-03,3.9655749909e-03,3.8830605388e-03,3.8168045370e-03,3.7607936029e-03,3.6955345739e-03,3.6440261001e-03,3.5930161127e-03,3.5425046116e-03,3.5080086090e-03,2.2055617934e-03
313,3.6206490674e-03,4.5107409034e-03,4.9303589827e-03,4.8449295672e-03,4.7589422457e-03,4.6902785810e-03,4.6340605023e-03,4.5267795344e-03,4.4778277304e-03,4.5421348596e-03,4.4371831757e-03,4.3219861457e-03,4.2192038747e-03,4.1334221794e-03,4.0479143820e-03,3.9656411146e-03,3.8831248916e-03,3.8168674695e-03,3.7608553934e-03,3.6955949581e-03,3.6440853967e-03,3.5930743286e-03,3.5425617540e-03,3.5080650247e-03,2.2055976603e-03
313.5,3.6207038008e-03,4.5108234466e-03,4.9304496439e-03,4.8450185221e-03,4.7590294930e-03,4.6903645140e-03,4.6341453121e-03,4.5268623143e-03,4.4779085203e-03,4.5422169612e-03,4.4372629509e-03,4.3220633007e-03,4.2192787306e-03,4.1334951190e-03,4.0479854082e-03,3.9657102703e-03,3.8831921729e-03,3.8169332473e-03,3.7609199616e-03,3.6956580379e-03,3.6441473249e-03,3.5931351128e-03,3.5426214017e-03,3.5081239029e-03,2.2056346810e-03
314,3.6207608636e-03,4.5109097329e-03,4.9305445116e-03,4.8451115871e-03,4.7591207536e-03,4.6904543849e-03,4.6342339964e-03,4.5269488522e-03,4.4779929716e-03,4.5423027959e-03,4.4373463302e-03,4.3221439158e-03,4.2193569197e-03,4.1335712860e-03,4.0480595561e-03,3.9657824447e-03,3.8832623699e-03,3.8170018582e-03,3.7609872953e-03,3.6957238014e-03,3.6442118732e-03,3.5931984540e-03,3.5426835437e-03,3.5081852330e-03,2.2056728503e-03
314.5,3.6208202456e-03,4.5109997461e-03,4.9306435674e-03,4.8452087441e-03,4.7592160099e-03,4.6905481766e-03,4.6343265383e-03,4.5270391315e-03,4.4780810684e-03,4.5423923473e-03,4.4374332980e-03,4.3222279760e-03,4.2194384275e-03,4.1336506662e-03,4.0481368119e-03,3.9658576247e-03,3.8833354700e-03,3.8170732898e-03,3.7610573825e-03,3.6957922370e-03,3.6442790304e-03,3.5932643410e-03,3.5427481691e-03,3.5082490041e-03,2.2057121634e-03
315,3.6208819367e-03,4.5110934699e-03,4.9307467932e-03,4.8453099754e-03,4.7593152446e-03,4.6906458720e-03,4.6344229209e-03,4.5271331360e-03,4.4781727949e-03,4.5424855992e-03,4.4375238387e-03,4.3223154663e-03,4.2195232395e-03,4.1337332456e-03,4.0482171622e-03,3.9659357973e-03,3.8834114604e-03,3.8171475298e-03,3.7611302111e-03,3.6958633331e-03,3.6443487849e-03,3.5933327629e-03,3.5428152672e-03,3.5083152058e-03,2.2057526152e-03
315.5,3.6209459268e-03,4.5111908880e-03,4.9308541706e-03,4.8454152631e-03,4.7594184402e-03,4.6907474541e-03,4.6345231275e-03,4.5272308495e-03,4.4782681351e-03,4.5425825355e-03,4.4376179367e-03,4.3224063717e-03,4.2196113414e-03,4.1338190103e-03,4.0483005935e-03,3.9660169494e-03,3.8834903286e-03,3.8172245659e-03,3.7612057694e-03,3.6959370780e-03,3.6444211254e-03,3.5934037085e-03,3.5428848272e-03,3.5083838274e-03,2.2057942010e-03
316,3.6210122060e-03,4.5112919845e-03,4.9309656817e-03,4.8455245897e-03,4.7595255796e-03,4.6908529060e-03,4.6346271413e-03,4.5273322557e-03,4.4783670734e-03,4.5426831402e-03,4.4377155763e-03,4.3225006773e-03,4.2197027187e-03,4.1339079464e-03,4.0483870924e-03,3.9661010680e-03,3.8835720620e-03,3.8173043861e-03,3.7612840453e-03,3.6960134602e-03,3.6444960408e-03,3.5934771669e-03,3.5429568384e-03,3.5084548584e-03,2.2058369156e-03
316.5,3.6210807642e-03,4.5113967432e-03,4.9310813084e-03,4.8456379374e-03,4.7596366455e-03,4.6909622108e-03,4.6347349460e-03,4.5274373387e-03,4.4784695941e-03,4.5427873973e-03,4.4378167424e-03,4.3225983684e-03,4.2197973572e-03,4.1340000400e-03,4.0484766455e-03,3.9661881401e-03,3.8836566482e-03,3.8173869781e-03,3.7613650270e-03,3.6960924683e-03,3.6445735198e-03,3.5935531271e-03,3.5430312901e-03,3.5085282883e-03,2.2058807543e-03
317,3.6211515915e-03,4.5115051483e-03,4.9312010327e-03,4.8457552888e-03,4.7597516208e-03,4.6910753516e-03,4.6348465248e-03,4.5275460823e-03,4.4785756815e-03,4.5428952908e-03,4.4379214194e-03,4.3226994301e-03,4.2198952427e-03,4.1340952775e-03,4.0485692395e-03,3.9662781530e-03,3.8837440748e-03,3.8174723299e-03,3.7614487028e-03,3.6961740907e-03,3.6446535512e-03,3.5936315782e-03,3.5431081716e-03,3.5086041066e-03,2.2059257121e-03
317.5,3.6212246780e-03,4.5116171838e-03,4.9313248368e-03,4.8458766264e-03,4.7598704886e-03,4.6911923119e-03,4.6349618613e-03,4.5276584706e-03,4.4786853201e-03,4.5430068049e-03,4.4380295920e-03,4.3228038479e-03,4.2199963611e-03,4.1341936452e-03,4.0486648611e-03,3.9663710937e-03,3.8838343293e-03,3.8175604294e-03,3.7615350608e-03,3.6962583162e-03,3.6447361240e-03,3.5937125094e-03,3.5431874725e-03,3.5086823030e-03,2.2059717842e-03
318,3.6213000140e-03,4.5117328339e-03,4.9314527030e-03,4.8460019329e-03,4.7599932317e-03,4.6913130749e-03,4.6350809393e-03,4.5277744878e-03,4.4787984945e-03,4.5431219238e-03,4.4381412451e-03,4.3229116070e-03,4.2201006983e-03,4.1342951293e-03,4.0487634973e-03,3.9664669497e-03,3.8839273995e-03,3.8176512648e-03,3.7616240896e-03,3.6963451333e-03,3.6448212270e-03,3.5937959099e-03,3.5432691821e-03,3.5087628671e-03,2.2060189658e-03
318.5,3.6213775896e-03,4.5118520829e-03,4.9315846135e-03,4.8461311909e-03,4.7601198334e-03,4.6914376240e-03,4.6352037424e-03,4.5278941180e-03,4.4789151893e-03,4.5432406319e-03,4.4382563635e-03,4.3230226930e-03,4.2202082402e-03,4.1343997164e-03,4.0488651347e-03,3.9665657080e-03,3.8840232731e-03,3.8177448241e-03,3.7617157773e-03,3.6964345308e-03,3.6449088492e-03,3.5938817690e-03,3.5433532899e-03,3.5088457886e-03,2.2060672520e-03
319,3.6214573950e-03,4.5119749151e-03,4.9317205508e-03,4.8462643833e-03,4.7602502769e-03,4.6915659429e-03,4.6353302543e-03,4.5280173456e-03,4.4790353890e-03,4.5433629135e-03,4.4383749321e-03,4.3231370913e-03,4.2203189729e-03,4.1345073928e-03,4.0489697604e-03,3.9666673563e-03,3.8841219378e-03,3.8178410954e-03,3.7618101124e-03,3.6965264975e-03,3.6449989798e-03,3.5939700758e-03,3.5434397856e-03,3.5089310572e-03,2.2061166380e-03
319.5,3.6215394205e-03,4.5121013148e-03,4.9318604972e-03,4.8464014929e-03,4.7603845453e-03,4.6916980150e-03,4.6354604590e-03,4.5281441547e-03,4.4791590785e-03,4.5434887531e-03,4.4384969359e-03,4.3232547874e-03,4.2204328826e-03,4.1346181453e-03,4.0490773614e-03,3.9667718817e-03,3.8842233816e-03,3.8179400669e-03,3.7619070834e-03,3.6966210221e-03,3.6450916076e-03,3.5940608198e-03,3.5435286588e-03,3.5090186627e-03,2.2061671191e-03
320,3.6216236565e-03,4.5122312666e-03,4.9320044354e-03,4.8465425027e-03,4.7605226221e-03,4.6918338241e-03,4.6355943402e-03,4.5282745299e-03,4.4792862426e-03,4.5436181350e-03,4.4386223598e-03,4.3233757672e-03,4.2205499553e-03,4.1347319603e-03,4.0491879247e-03,3.9668792718e-03,3.8843275923e-03,3.8180417269e-03,3.7620066788e-03,3.6967180936e-03,3.6451867219e-03,3.5941539904e-03,3.5436198990e-03,3.5091085949e-03,2.2062186905e-03
320.5,3.6217100933e-03,4.5123647551e-03,4.9321523479e-03,4.8466873956e-03,4.7606644907e-03,4.6919733537e-03,4.6357318822e-03,4.5284084557e-03,4.4794168660e-03,4.5437510440e-03,4.4387511891e-03,4.3235000161e-03,4.2206701773e-03,4.1348488245e-03,4.0493014373e-03,3.9669895142e-03,3.8844345579e-03,3.8181460636e-03,3.7621088872e-03,3.6968177008e-03,3.6452843119e-03,3.5942495769e-03,3.5437134959e-03,3.5092008437e-03,2.2062713475e-03
321,3.6217987213e-03,4.5125017646e-03,4.9323042174e-03,4.8468361549e-03,4.7608101346e-03,4.6921165879e-03,4.6358730687e-03,4.5285459164e-03,4.4795509339e-03,4.5438874647e-03,4.4388834088e-03,4.3236275201e-03,4.2207935349e-03,4.1349687247e-03,4.0494178865e-03,3.9671025964e-03,3.8845442664e-03,3.8182530654e-03,3.7622136972e-03,3.6969198327e-03,3.6453843667e-03,3.5943475689e-03,3.5438094394e-03,3.5092953991e-03,2.2063250853e-03
321.5,3.6218895310e-03,4.5126422801e-03,4.9324600267e-03,4.8469887635e-03,4.7609595373e-03,4.6922635104e-03,4.6360178842e-03,4.5286868969e-03,4.4796884311e-03,4.5440273817e-03,4.4390190043e-03,4.3237582649e-03,4.2209200144e-03,4.1350916476e-03,4.0495372595e-03,3.9672185060e-03,3.8846567058e-03,3.8183627207e-03,3.7623210975e-03,3.6970244783e-03,3.6454868757e-03,3.5944479560e-03,3.5439077192e-03,3.5093922509e-03,2.2063798993e-03
322,3.6219825128e-03,4.5127862862e-03,4.9326197588e-03,4.8471452048e-03,4.7611126824e-03,4.6924141051e-03,4.6361663126e-03,4.5288313817e-03,4.4798293427e-03,4.5441707799e-03,4.4391579608e-03,4.3238922365e-03,4.2210496022e-03,4.1352175800e-03,4.0496595436e-03,3.9673372308e-03,3.8847718642e-03,3.8184750179e-03,3.7624310768e-03,3.6971316266e-03,3.6455918281e-03,3.5945507275e-03,3.5440083250e-03,3.5094913891e-03,2.2064357847e-03
322.5,3.6220776573e-03,4.5129337677e-03,4.9327833964e-03,4.8473054621e-03,4.7612695537e-03,4.6925683562e-03,4.6363183384e-03,4.5289793556e-03,4.4799736539e-03,4.5443176441e-03,4.4393002636e-03,4.3240294207e-03,4.2211822849e-03,4.1353465090e-03,4.0497847260e-03,3.9674587584e-03,3.8848897299e-03,3.8185899456e-03,3.7625436239e-03,3.6972412668e-03,3.6456992133e-03,3.5946558733e-03,3.5441112469e-03,3.5095928039e-03,2.2064927370e-03
323,3.6221749550e-03,4.5130847094e-03,4.9329509225e-03,4.8474695189e-03,4.7614301350e-03,4.6927262476e-03,4.6364739457e-03,4.5291308034e-03,4.4801213498e-03,4.5444679591e-03,4.4394458983e-03,4.3241698037e-03,4.2213180489e-03,4.1354784213e-03,4.0499127941e-03,3.9675830767e-03,3.8850102909e-03,3.8187074923e-03,3.7626587275e-03,3.6973533881e-03,3.6458090206e-03,3.5947633828e-03,3.5442164746e-03,3.5096964852e-03,2.2065507513e-03
323.5,3.6222743966e-03,4.5132390965e-03,4.9331223204e-03,4.8476373584e-03,4.7615944101e-03,4.6928877635e-03,4.6366331192e-03,4.5292857099e-03,4.4802724159e-03,4.5446217101e-03,4.4395948504e-03,4.3243133714e-03,4.2214568808e-03,4.1356133041e-03,4.0500437354e-03,3.9677101735e-03,3.8851335357e-03,3.8188276465e-03,3.7627763766e-03,3.6974679794e-03,3.6459212397e-03,3.5948732459e-03,3.5443239982e-03,3.5098024232e-03,2.2066098233e-03
324,3.6223759726e-03,4.5133969137e-03,4.9332975731e-03,4.8478089644e-03,4.7617623630e-03,4.6930528883e-03,4.6367958432e-03,4.5294440603e-03,4.4804268372e-03,4.5447788820e-03,4.4397471053e-03,4.3244601100e-03,4.2215987673e-03,4.1357511444e-03,4.0501775374e-03,3.9678400367e-03,3.8852594524e-03,3.8189503969e-03,3.7628965600e-03,3.6975850303e-03,3.6460358599e-03,3.5949854523e-03,3.5444338076e-03,3.5099106082e-03,2.2066699482e-03
324.5,3.6224796739e-03,4.5135581462e-03,4.9334766638e-03,4.8479843204e-03,4.7619339775e-03,4.6932216060e-03,4.6369621023e-03,4.5296058394e-03,4.4805845994e-03,4.5449394600e-03,4.4399026487e-03,4.3246100057e-03,4.2217436950e-03,4.1358919294e-03,4.0503141876e-03,3.9679726544e-03,3.8853880295e-03,3.8190757323e-03,3.7630192668e-03,3.6977045298e-03,3.6461528708e-03,3.5950999918e-03,3.5445458930e-03,3.5100210302e-03,2.2067311214e-03
325,3.6225854910e-03,4.5137227792e-03,4.9336595759e-03,4.8481634100e-03,4.7621092379e-03,4.6933939012e-03,4.6371318811e-03,4.5297710323e-03,4.4807456878e-03,4.5451034292e-03,4.4400614663e-03,4.3247630448e-03,4.2218916508e-03,4.1360356461e-03,4.0504536736e-03,3.9681080144e-03,3.8855192554e-03,3.8192036413e-03,3.7631444859e-03,3.6978264675e-03,3.6462722619e-03,3.5952168542e-03,3.5446602442e-03,3.5101336795e-03,2.2067933384e-03
325.5,3.6226934148e-03,4.5138907979e-03,4.9338462927e-03,4.8483462171e-03,4.7622881282e-03,4.6935697583e-03,4.6373051642e-03,4.5299396242e-03,4.4809100879e-03,4.5452707749e-03,4.4402235439e-03,4.3249192136e-03,4.2220426214e-03,4.1361822819e-03,4.0505959831e-03,3.9682461048e-03,3.8856531185e-03,3.8193341128e-03,3.7632722064e-03,3.6979508325e-03,3.6463940230e-03,3.5953360294e-03,3.5447768517e-03,3.5102485465e-03,2.2068565946e-03
326,3.6228034360e-03,4.5140621875e-03,4.9340367977e-03,4.8485327255e-03,4.7624706327e-03,4.6937491617e-03,4.6374819366e-03,4.5301116003e-03,4.4810777854e-03,4.5454414823e-03,4.4403888673e-03,4.3250784984e-03,4.2221965938e-03,4.1363318240e-03,4.0507411038e-03,3.9683869138e-03,3.8857896074e-03,3.8194671355e-03,3.7634024174e-03,3.6980776144e-03,3.6465181436e-03,3.5954575073e-03,3.5448957053e-03,3.5103656215e-03,2.2069208856e-03
326.5,3.6229155455e-03,4.5142369334e-03,4.9342310744e-03,4.8487229191e-03,4.7626567357e-03,4.6939320961e-03,4.6376621829e-03,4.5302869459e-03,4.4812487659e-03,4.5456155370e-03,4.4405574223e-03,4.3252408858e-03,4.2223535548e-03,4.1364842598e-03,4.0508890235e-03,3.9685304296e-03,3.8859287106e-03,3.8196026984e-03,3.7635351081e-03,3.6982068027e-03,3.6466446136e-03,3.5955812779e-03,3.5450167955e-03,3.5104848949e-03,2.2069862067e-03
327,3.6230297342e-03,4.5144150209e-03,4.9344291064e-03,4.8489167818e-03,4.7628464214e-03,4.6941185461e-03,4.6378458881e-03,4.5304656464e-03,4.4814230151e-03,4.5457929242e-03,4.4407291949e-03,4.3254063621e-03,4.2225134915e-03,4.1366395767e-03,4.0510397299e-03,3.9686766403e-03,3.8860704167e-03,3.8197407905e-03,3.7636702677e-03,3.6983383869e-03,3.6467734226e-03,3.5957073312e-03,3.5451401124e-03,3.5106063570e-03,2.2070525536e-03
327.5,3.6231459930e-03,4.5145964356e-03,4.9346308773e-03,4.8491142977e-03,4.7630396743e-03,4.6943084963e-03,4.6380330371e-03,4.5306476870e-03,4.4816005189e-03,4.5459736294e-03,4.4409041710e-03,4.3255749141e-03,4.2226763909e-03,4.1367977622e-03,4.0511932109e-03,3.9688255341e-03,3.8862147145e-03,3.8198814006e-03,3.7638078853e-03,3.6984723564e-03,3.6469045606e-03,3.5958356572e-03,3.5452656464e-03,3.5107299984e-03,2.2071199217e-03
328,3.6232643129e-03,4.5147811630e-03,4.9348363710e-03,4.8493154510e-03,4.7632364789e-03,4.6945019317e-03,4.6382236150e-03,4.5308330534e-03,4.4817812629e-03,4.5461576384e-03,4.4410823368e-03,4.3257465282e-03,4.2228422401e-03,4.1369588038e-03,4.0513494544e-03,3.9689770995e-03,3.8863615926e-03,3.8200245179e-03,3.7639479503e-03,3.6986087010e-03,3.6470380173e-03,3.5959662461e-03,3.5453933877e-03,3.5108558095e-03,2.2071883065e-03
328.5,3.6233846848e-03,4.5149691886e-03,4.9350455711e-03,4.8495202257e-03,4.7634368197e-03,4.6946988369e-03,4.6384176068e-03,4.5310217310e-03,4.4819652332e-03,4.5463449367e-03,4.4412636784e-03,4.3259211912e-03,4.2230110263e-03,4.1371226889e-03,4.0515084485e-03,3.9691313249e-03,3.8865110397e-03,3.8201701314e-03,3.7640904521e-03,3.6987474103e-03,3.6471737826e-03,3.5960990880e-03,3.5455233268e-03,3.5109837809e-03,2.2072577037e-03
329,3.6235070998e-03,4.5151604981e-03,4.9352584617e-03,4.8497286062e-03,4.7636406815e-03,4.6948991970e-03,4.6386149977e-03,4.5312137055e-03,4.4821524158e-03,4.5465355099e-03,4.4414481820e-03,4.3260988897e-03,4.2231827366e-03,4.1372894054e-03,4.0516701812e-03,3.9692881985e-03,3.8866630448e-03,3.8203182303e-03,3.7642353800e-03,3.6988884740e-03,3.6473118464e-03,3.5962341731e-03,3.5456554541e-03,3.5111139032e-03,2.2073281088e-03
329.5,3.6236315489e-03,4.5153550773e-03,4.9354750267e-03,4.8499405767e-03,4.7638480487e-03,4.6951029969e-03,4.6388157729e-03,4.5314089625e-03,4.4823427965e-03,4.5467293439e-03,4.4416358337e-03,4.3262796106e-03,4.2233573585e-03,4.1374589408e-03,4.0518346405e-03,3.9694477089e-03,3.8868175966e-03,3.8204688036e-03,3.7643827235e-03,3.6990318818e-03,3.6474521989e-03,3.5963714916e-03,3.5457897600e-03,3.5112461669e-03,2.2073995175e-03
330,3.6237580232e-03,4.5155529119e-03,4.9356952500e-03,4.8501561217e-03,4.7640589064e-03,4.6953102217e-03,4.6390199177e-03,4.5316074877e-03,4.4825363616e-03,4.5469264244e-03,4.4418266199e-03,4.3264633408e-03,4.2235348791e-03,4.1376312828e-03,4.0520018145e-03,3.9696098446e-03,3.8869746842e-03,3.8206218408e-03,3.7645324720e-03,3.6991776235e-03,3.6475948299e-03,3.5965110338e-03,3.5459262350e-03,3.5113805629e-03,2.2074719252e-03
330.5,3.6238865140e-03,4.5157539878e-03,4.9359191158e-03,4.8503752256e-03,4.7642732391e-03,4.6955208564e-03,4.6392274174e-03,4.5318092669e-03,4.4827330972e-03,4.5471267373e-03,4.4420205270e-03,4.3266500671e-03,4.2237152860e-03,4.1378064193e-03,4.0521716915e-03,3.9697745941e-03,3.8871342963e-03,3.8207773309e-03,3.7646846151e-03,3.6993256890e-03,3.6477397296e-03,3.5966527899e-03,3.5460648698e-03,3.5115170817e-03,2.2075453278e-03
331,3.6240170123e-03,4.5159582909e-03,4.9361466082e-03,4.8505978729e-03,4.7644910319e-03,4.6957348863e-03,4.6394382575e-03,4.5320142861e-03,4.4829329895e-03,4.5473302687e-03,4.4422175415e-03,4.3268397766e-03,4.2238985664e-03,4.1379843381e-03,4.0523442597e-03,3.9699419462e-03,3.8872964220e-03,3.8209352633e-03,3.7648391423e-03,3.6994760681e-03,3.6478868881e-03,3.5967967503e-03,3.5462056548e-03,3.5116557141e-03,2.2076197208e-03
331.5,3.6241495095e-03,4.5161658071e-03,4.9363777115e-03,4.8508240483e-03,4.7647122696e-03,4.6959522965e-03,4.6396524235e-03,4.5322225310e-03,4.4831360247e-03,4.5475370044e-03,4.4424176496e-03,4.3270324561e-03,4.2240847080e-03,4.1381650271e-03,4.0525195073e-03,3.9701118894e-03,3.8874610505e-03,3.8210956275e-03,3.7649960432e-03,3.6996287507e-03,3.6480362955e-03,3.5969429055e-03,3.5463485808e-03,3.5117964509e-03,2.2076950999e-03
332,3.6242839966e-03,4.5163765225e-03,4.9366124100e-03,4.8510537364e-03,4.7649369374e-03,4.6961730724e-03,4.6398699008e-03,4.5324339877e-03,4.4833421892e-03,4.5477469306e-03,4.4426208381e-03,4.3272280929e-03,4.2242736983e-03,4.1383484742e-03,4.0526974227e-03,3.9702844125e-03,3.8876281707e-03,3.8212584127e-03,3.7651553076e-03,3.6997837268e-03,3.6481879420e-03,3.5970912458e-03,3.5464936383e-03,3.5119392829e-03,2.2077714607e-03
332.5,3.6244204651e-03,4.5165904232e-03,4.9368506881e-03,4.8512869219e-03,4.7651650203e-03,4.6963971994e-03,4.6400906751e-03,4.5326486422e-03,4.4835514695e-03,4.5479600333e-03,4.4428270936e-03,4.3274266739e-03,4.2244655248e-03,4.1385346675e-03,4.0528779943e-03,3.9704595042e-03,3.8877977719e-03,3.8214236085e-03,3.7653169250e-03,3.6999409865e-03,3.6483418179e-03,3.5972417618e-03,3.5466408180e-03,3.5120842010e-03,2.2078487991e-03
333,3.6245589063e-03,4.5168074953e-03,4.9370925301e-03,4.8515235897e-03,4.7653965035e-03,4.6966246629e-03,4.6403147321e-03,4.5328664806e-03,4.4837638518e-03,4.5481762988e-03,4.4430364026e-03,4.3276281866e-03,4.2246601753e-03,4.1387235949e-03,4.0530612106e-03,3.9706371534e-03,3.8879698432e-03,3.8215912044e-03,3.7654808853e-03,3.7001005197e-03,3.6484979135e-03,3.5973944439e-03,3.5467901108e-03,3.5122311961e-03,2.2079271106e-03
333.5,3.6246993114e-03,4.5170277250e-03,4.9373379207e-03,4.8517637246e-03,4.7656313721e-03,4.6968554483e-03,4.6405420574e-03,4.5330874891e-03,4.4839793228e-03,4.5483957133e-03,4.4432487519e-03,4.3278326180e-03,4.2248576374e-03,4.1389152445e-03,4.0532470599e-03,3.9708173489e-03,3.8881443739e-03,3.8217611898e-03,3.7656471782e-03,3.7002623165e-03,3.6486562190e-03,3.5975492826e-03,3.5469415074e-03,3.5123802591e-03,2.2080063912e-03
334,3.6248416721e-03,4.5172510987e-03,4.9375868443e-03,4.8520073115e-03,4.7658696116e-03,4.6970895413e-03,4.6407726370e-03,4.5333116539e-03,4.4841978690e-03,4.5486182631e-03,4.4434641282e-03,4.3280399554e-03,4.2250578989e-03,4.1391096046e-03,4.0534355309e-03,3.9710000796e-03,3.8883213532e-03,3.8219335544e-03,3.7658157936e-03,3.7004263671e-03,3.6488167248e-03,3.5977062687e-03,3.5470949987e-03,3.5125313810e-03,2.2080866364e-03
334.5,3.6249859795e-03,4.5174776027e-03,4.9378392857e-03,4.8522543355e-03,4.7661112071e-03,4.6973269275e-03,4.6410064565e-03,4.5335389613e-03,4.4844194770e-03,4.5488439345e-03,4.4436825185e-03,4.3282501863e-03,4.2252609476e-03,4.1393066633e-03,4.0536266121e-03,3.9711853346e-03,3.8885007705e-03,3.8221082878e-03,3.7659867214e-03,3.7005926617e-03,3.6489794214e-03,3.5978653927e-03,3.5472505753e-03,3.5126845529e-03,2.2081678421e-03
335,3.6251322253e-03,4.5177072232e-03,4.9380952295e-03,4.8525047815e-03,4.7663561442e-03,4.6975675925e-03,4.6412435020e-03,4.5337693975e-03,4.4846441336e-03,4.5490727141e-03,4.4439039096e-03,4.3284632981e-03,4.2254667714e-03,4.1395064089e-03,4.0538202921e-03,3.9713731027e-03,3.8886826152e-03,3.8222853797e-03,3.7661599514e-03,3.7007611904e-03,3.6491442992e-03,3.5980266452e-03,3.5474082284e-03,3.5128397657e-03,2.2082500041e-03
335.5,3.6252804010e-03,4.5179399469e-03,4.9383546606e-03,4.8527586348e-03,4.7666044083e-03,4.6978115222e-03,4.6414837595e-03,4.5340029491e-03,4.4848718254e-03,4.5493045882e-03,4.4441282885e-03,4.3286792781e-03,4.2256753582e-03,4.1397088297e-03,4.0540165598e-03,3.9715633731e-03,3.8888668766e-03,3.8224648199e-03,3.7663354737e-03,3.7009319436e-03,3.6493113487e-03,3.5981900171e-03,3.5475679489e-03,3.5129970105e-03,2.2083331183e-03
336,3.6254304980e-03,4.5181757602e-03,4.9386175637e-03,4.8530158804e-03,4.7668559849e-03,4.6980587022e-03,4.6417272149e-03,4.5342396025e-03,4.4851025393e-03,4.5495395435e-03,4.4443556421e-03,4.3288981140e-03,4.2258866961e-03,4.1399139139e-03,4.0542154036e-03,3.9717561348e-03,3.8890535444e-03,3.8226465980e-03,3.7665132782e-03,3.7011049115e-03,3.6494805603e-03,3.5983554991e-03,3.5477297276e-03,3.5131562786e-03,2.2084171803e-03
336.5,3.6255825080e-03,4.5184146497e-03,4.9388839239e-03,4.8532765038e-03,4.7671108597e-03,4.6983091186e-03,4.6419738544e-03,4.5344793441e-03,4.4853362622e-03,4.5497775665e-03,4.4445859575e-03,4.3291197933e-03,4.2261007729e-03,4.1401216502e-03,4.0544168126e-03,3.9719513770e-03,3.8892426079e-03,3.8228307038e-03,3.7666933550e-03,3.7012800844e-03,3.6496519248e-03,3.5985230819e-03,3.5478935557e-03,3.5133175610e-03,2.2085021861e-03
337,3.6257364225e-03,4.5186566020e-03,4.9391537259e-03,4.8535404901e-03,4.7673690183e-03,4.6985627571e-03,4.6422236641e-03,4.5347221607e-03,4.4855729809e-03,4.5500186439e-03,4.4448192218e-03,4.3293443036e-03,4.2263175769e-03,4.1403320268e-03,4.0546207754e-03,3.9721490889e-03,3.8894340567e-03,3.8230171274e-03,3.7668756942e-03,3.7014574529e-03,3.6498254326e-03,3.5986927564e-03,3.5480594241e-03,3.5134808490e-03,2.2085881316e-03
337.5,3.6258922333e-03,4.5189016038e-03,4.9394269550e-03,4.8538078248e-03,4.7676304465e-03,4.6988196039e-03,4.6424766303e-03,4.5349680387e-03,4.4858126823e-03,4.5502627624e-03,4.4450554223e-03,4.3295716326e-03,4.2265370961e-03,4.1405450323e-03,4.0548272810e-03,3.9723492598e-03,3.8896278805e-03,3.8232058584e-03,3.7670602860e-03,3.7016370072e-03,3.6500010745e-03,3.5988645135e-03,3.5482273240e-03,3.5136461338e-03,2.2086750125e-03
338,3.6260499320e-03,4.5191496419e-03,4.9397035963e-03,4.8540784934e-03,4.7678951300e-03,4.6990796450e-03,4.6427327392e-03,4.5352169649e-03,4.4860553537e-03,4.5505099087e-03,4.4452945460e-03,4.3298017681e-03,4.2267593187e-03,4.1407606552e-03,4.0550363183e-03,3.9725518788e-03,3.8898240689e-03,3.8233968870e-03,3.7672471204e-03,3.7018187378e-03,3.6501788411e-03,3.5990383440e-03,3.5483972466e-03,3.5138134068e-03,2.2087628249e-03
338.5,3.6262095103e-03,4.5194007030e-03,4.9399836348e-03,4.8543524813e-03,4.7681630547e-03,4.6993428665e-03,4.6429919772e-03,4.5354689261e-03,4.4863009819e-03,4.5507600698e-03,4.4455365804e-03,4.3300346978e-03,4.2269842329e-03,4.1409788842e-03,4.0552478763e-03,3.9727569355e-03,3.8900226115e-03,3.8235902030e-03,3.7674361878e-03,3.7020026353e-03,3.6503587231e-03,3.5992142390e-03,3.5485691829e-03,3.5139826591e-03,2.2088515646e-03
339,3.6263709600e-03,4.5196547740e-03,4.9402670558e-03,4.8546297741e-03,4.7684342066e-03,4.6996092546e-03,4.6432543307e-03,4.5357239090e-03,4.4865495543e-03,4.5510132325e-03,4.4457815128e-03,4.3302704095e-03,4.2272118271e-03,4.1411997080e-03,4.0554619440e-03,3.9729644190e-03,3.8902234982e-03,3.8237857965e-03,3.7676274783e-03,3.7021886902e-03,3.6505407114e-03,3.5993921894e-03,3.5487431242e-03,3.5141538822e-03,2.2089412275e-03
339.5,3.6265342728e-03,4.5199118419e-03,4.9405538447e-03,4.8549103575e-03,4.7687085715e-03,4.6998787955e-03,4.6435197861e-03,4.5359819005e-03,4.4868010579e-03,4.5512693837e-03,4.4460293305e-03,4.3305088913e-03,4.2274420895e-03,4.1414231151e-03,4.0556785104e-03,3.9731743189e-03,3.8904267187e-03,3.8239836575e-03,3.7678209824e-03,3.7023768931e-03,3.6507247967e-03,3.5995721862e-03,3.5489190617e-03,3.5143270675e-03,2.2090318096e-03
340,3.6266994406e-03,4.5201718936e-03,4.9408439867e-03,4.8551942172e-03,4.7689861355e-03,4.7001514755e-03,4.6437883300e-03,4.5362428876e-03,4.4870554800e-03,4.5515285105e-03,4.4462800210e-03,4.3307501310e-03,4.2276750085e-03,4.1416490944e-03,4.0558975647e-03,3.9733866247e-03,3.8906322628e-03,3.8241837763e-03,3.7680166902e-03,3.7025672346e-03,3.6509109699e-03,3.5997542206e-03,3.5490969867e-03,3.5145022063e-03,2.2091233069e-03
340.5,3.6268664552e-03,4.5204349161e-03,4.9411374674e-03,4.8554813388e-03,4.7692668848e-03,4.7004272809e-03,4.6440599489e-03,4.5365068573e-03,4.4873128079e-03,4.5517905999e-03,4.4465335718e-03,4.3309941166e-03,4.2279105727e-03,4.1418776346e-03,4.0561190960e-03,3.9736013258e-03,3.8908401204e-03,3.8243861428e-03,3.7682145923e-03,3.7027597053e-03,3.6510992218e-03,3.5999382835e-03,3.5492768906e-03,3.5146792903e-03,2.2092157153e-03
341,3.6270353086e-03,4.5207008966e-03,4.9414342723e-03,4.8557717084e-03,4.7695508055e-03,4.7007061983e-03,4.6443346294e-03,4.5367737965e-03,4.4875730291e-03,4.5520556391e-03,4.4467899705e-03,4.3312408361e-03,4.2281487704e-03,4.1421087246e-03,4.0563430936e-03,3.9738184118e-03,3.8910502815e-03,3.8245907474e-03,3.7684146791e-03,3.7029542961e-03,3.6512895434e-03,3.6001243663e-03,3.5494587646e-03,3.5148583107e-03,2.2093090308e-03
341.5,3.6272059926e-03,4.5209698221e-03,4.9417343868e-03,4.8560653116e-03,4.7698378837e-03,4.7009882140e-03,4.6446123584e-03,4.5370436924e-03,4.4878361308e-03,4.5523236151e-03,4.4470492046e-03,4.3314902777e-03,4.2283895902e-03,4.1423423534e-03,4.0565695467e-03,3.9740378723e-03,3.8912627359e-03,3.8247975802e-03,3.7686169410e-03,3.7031509976e-03,3.6514819257e-03,3.6003124599e-03,3.5496426003e-03,3.5150392593e-03,2.2094032495e-03
342,3.6273784992e-03,4.5212416799e-03,4.9420377966e-03,4.8563621346e-03,4.7701281059e-03,4.7012733147e-03,4.6448931225e-03,4.5373165320e-03,4.4881021006e-03,4.5525945153e-03,4.4473112619e-03,4.3317424296e-03,4.2286330207e-03,4.1425785098e-03,4.0567984445e-03,3.9742596970e-03,3.8914774736e-03,3.8250066316e-03,3.7688213685e-03,3.7033498006e-03,3.6516763596e-03,3.6005025557e-03,3.5498283889e-03,3.5152221276e-03,2.2094983673e-03
342.5,3.6275528204e-03,4.5215164573e-03,4.9423444874e-03,4.8566621632e-03,4.7704214582e-03,4.7015614868e-03,4.6451769085e-03,4.5375923027e-03,4.4883709261e-03,4.5528683269e-03,4.4475761300e-03,4.3319972798e-03,4.2288790505e-03,4.1428171828e-03,4.0570297765e-03,3.9744838755e-03,3.8916944848e-03,3.8252178918e-03,3.7690279521e-03,3.7035506960e-03,3.6518728362e-03,3.6006946449e-03,3.5500161220e-03,3.5154069071e-03,2.2095943803e-03
343,3.6277289482e-03,4.5217941415e-03,4.9426544449e-03,4.8569653836e-03,4.7707179272e-03,4.7018527171e-03,4.6454637032e-03,4.5378709917e-03,4.4886425947e-03,4.5531450372e-03,4.4478437968e-03,4.3322548168e-03,4.2291276682e-03,4.1430583614e-03,4.0572635321e-03,3.9747103976e-03,3.8919137595e-03,3.8254313512e-03,3.7692366826e-03,3.7037536745e-03,3.6520713466e-03,3.6008887188e-03,3.5502057911e-03,3.5155935896e-03,2.2096912846e-03
343.5,3.6279068747e-03,4.5220747199e-03,4.9429676549e-03,4.8572717819e-03,4.7710174992e-03,4.7021469922e-03,4.6457534937e-03,4.5381525862e-03,4.4889170941e-03,4.5534246337e-03,4.4481142500e-03,4.3325150287e-03,4.2293788628e-03,4.1433020349e-03,4.0574997006e-03,3.9749392531e-03,3.8921352878e-03,3.8256470003e-03,3.7694475504e-03,3.7039587272e-03,3.6522718819e-03,3.6010847687e-03,3.5503973877e-03,3.5157821666e-03,2.2097890763e-03
344,3.6280865920e-03,4.5223581799e-03,4.9432841034e-03,4.8575813443e-03,4.7713201608e-03,4.7024442990e-03,4.6460462669e-03,4.5384370738e-03,4.4891944120e-03,4.5537071037e-03,4.4483874775e-03,4.3327779039e-03,4.2296326228e-03,4.1435481922e-03,4.0577382716e-03,3.9751704318e-03,3.8923590599e-03,3.8258648294e-03,3.7696605463e-03,3.7041658449e-03,3.6524744332e-03,3.6012827860e-03,3.5505909033e-03,3.5159726300e-03,2.2098877514e-03
344.5,3.6282680921e-03,4.5226445090e-03,4.9436037762e-03,4.8578940571e-03,4.7716258986e-03,4.7027446242e-03,4.6463420098e-03,4.5387244416e-03,4.4894745362e-03,4.5539924348e-03,4.4486634673e-03,4.3330434309e-03,4.2298889371e-03,4.1437968225e-03,4.0579792346e-03,3.9754039236e-03,3.8925850660e-03,3.8260848291e-03,3.7698756610e-03,3.7043750187e-03,3.6526789917e-03,3.6014827620e-03,3.5507863297e-03,3.5161649714e-03,2.2099873060e-03
345,3.6284513672e-03,4.5229336948e-03,4.9439266593e-03,4.8582099064e-03,4.7719346992e-03,4.7030479547e-03,4.6466407096e-03,4.5390146774e-03,4.4897574544e-03,4.5542806146e-03,4.4489422072e-03,4.3333115981e-03,4.2301477947e-03,4.1440479152e-03,4.0582225791e-03,3.9756397183e-03,3.8928132964e-03,3.8263069899e-03,3.7700928852e-03,3.7045862395e-03,3.6528855487e-03,3.6016846883e-03,3.5509836584e-03,3.5163591827e-03,2.2100877363e-03
345.5,3.6286364096e-03,4.5232257248e-03,4.9442527388e-03,4.8585288788e-03,4.7722465492e-03,4.7033542776e-03,4.6469423533e-03,4.5393077686e-03,4.4900431544e-03,4.5545716306e-03,4.4492236855e-03,4.3335823940e-03,4.2304091843e-03,4.1443014594e-03,4.0584682948e-03,3.9758778060e-03,3.8930437413e-03,3.8265313023e-03,3.7703122097e-03,3.7047994984e-03,3.6530940954e-03,3.6018885563e-03,3.5511828811e-03,3.5165552556e-03,2.2101890385e-03
346,3.6288232114e-03,4.5235205866e-03,4.9445820007e-03,4.8588509607e-03,4.7725614354e-03,4.7036635796e-03,4.6472469282e-03,4.5396037027e-03,4.4903316243e-03,4.5548654705e-03,4.4495078901e-03,4.3338558071e-03,4.2306730951e-03,4.1445574445e-03,4.0587163713e-03,3.9761181766e-03,3.8932763911e-03,3.8267577570e-03,3.7705336253e-03,3.7050147866e-03,3.6533046232e-03,3.6020943575e-03,3.5513839895e-03,3.5167531821e-03,2.2102912085e-03
346.5,3.6290117649e-03,4.5238182679e-03,4.9449144313e-03,4.8591761384e-03,4.7728793447e-03,4.7039758480e-03,4.6475544214e-03,4.5399024675e-03,4.4906228518e-03,4.5551621221e-03,4.4497948091e-03,4.3341318261e-03,4.2309395159e-03,4.1448158597e-03,4.0589667984e-03,3.9763608202e-03,3.8935112361e-03,3.8269863445e-03,3.7707571229e-03,3.7052320950e-03,3.6535171233e-03,3.6023020834e-03,3.5515869754e-03,3.5169529539e-03,2.2103942427e-03
347,3.6292020623e-03,4.5241187566e-03,4.9452500168e-03,4.8595043986e-03,4.7732002639e-03,4.7042910698e-03,4.6478648205e-03,4.5402040506e-03,4.4909168251e-03,4.5554615730e-03,4.4500844308e-03,4.3344104396e-03,4.2312084360e-03,4.1450766947e-03,4.0592195658e-03,3.9766057269e-03,3.8937482669e-03,3.8272170556e-03,3.7709826935e-03,3.7054514150e-03,3.6537315871e-03,3.6025117257e-03,3.5517918306e-03,3.5171545631e-03,2.2104981373e-03
347.5,3.6293940961e-03,4.5244220403e-03,4.9455887434e-03,4.8598357280e-03,4.7735241798e-03,4.7046092321e-03,4.6481781126e-03,4.5405084397e-03,4.4912135322e-03,4.5557638112e-03,4.4503767434e-03,4.3346916363e-03,4.2314798443e-03,4.1453399387e-03,4.0594746633e-03,3.9768528867e-03,3.8939874737e-03,3.8274498811e-03,3.7712103279e-03,3.7056727377e-03,3.6539480062e-03,3.6027232759e-03,3.5519985468e-03,3.5173580016e-03,2.2106028883e-03
348,3.6295878585e-03,4.5247281069e-03,4.9459305975e-03,4.8601701130e-03,4.7738510795e-03,4.7049303223e-03,4.6484942853e-03,4.5408156227e-03,4.4915129612e-03,4.5560688244e-03,4.4506717352e-03,4.3349754049e-03,4.2317537300e-03,4.1456055813e-03,4.0597320807e-03,3.9771022899e-03,3.8942288472e-03,3.8276848116e-03,3.7714400171e-03,3.7058960543e-03,3.6541663718e-03,3.6029367257e-03,3.5522071160e-03,3.5175632614e-03,2.2107084921e-03
348.5,3.6297833419e-03,4.5250369443e-03,4.9462755656e-03,4.8605075405e-03,4.7741809500e-03,4.7052543275e-03,4.6488133260e-03,4.5411255874e-03,4.4918151001e-03,4.5563766006e-03,4.4509693945e-03,4.3352617343e-03,4.2320300824e-03,4.1458736121e-03,4.0599918079e-03,3.9773539267e-03,3.8944723779e-03,3.8279218380e-03,3.7716717522e-03,3.7061213562e-03,3.6543866755e-03,3.6031520667e-03,3.5524175300e-03,3.5177703345e-03,2.2108149449e-03
349,3.6299805387e-03,4.5253485405e-03,4.9466236340e-03,4.8608479972e-03,4.7745137784e-03,4.7055812351e-03,4.6491352222e-03,4.5414383217e-03,4.4921199374e-03,4.5566871278e-03,4.4512697097e-03,4.3355506133e-03,4.2323088907e-03,4.1461440206e-03,4.0602538348e-03,3.9776077872e-03,3.8947180563e-03,3.8281609511e-03,3.7719055242e-03,3.7063486346e-03,3.6546089088e-03,3.6033692908e-03,3.5526297807e-03,3.5179792129e-03,2.2109222428e-03
349.5,3.6301794414e-03,4.5256628835e-03,4.9469747894e-03,4.8611914699e-03,4.7748495518e-03,4.7059110324e-03,4.6494599615e-03,4.5417538136e-03,4.4924274611e-03,4.5570003940e-03,4.4515726693e-03,4.3358420308e-03,4.2325901442e-03,4.1464167964e-03,4.0605181514e-03,3.9778638619e-03,3.8949658731e-03,3.8284021418e-03,3.7721413241e-03,3.7065778809e-03,3.6548330633e-03,3.6035883897e-03,3.5528438601e-03,3.5181898888e-03,2.2110303823e-03
350,3.6303800425e-03,4.5259799613e-03,4.9473290182e-03,4.8615379457e-03,4.7751882575e-03,4.7062437070e-03,4.6497875316e-03,4.5420720511e-03,4.4927376596e-03,4.5573163873e-03,4.4518782616e-03,4.3361359758e-03,4.2328738322e-03,4.1466919292e-03,4.0607847477e-03,3.9781221410e-03,3.8952158189e-03,3.8286454010e-03,3.7723791433e-03,3.7068090866e-03,3.6550591305e-03,3.6038093550e-03,3.5530597602e-03,3.5184023542e-03,2.2111393595e-03
350.5,3.6305823344e-03,4.5262997621e-03,4.9476863072e-03,4.8618874112e-03,4.7755298826e-03,4.7065792462e-03,4.6501179201e-03,4.5423930223e-03,4.4930505213e-03,4.5576350958e-03,4.4521864754e-03,4.3364324371e-03,4.2331599441e-03,4.1469694088e-03,4.0610536138e-03,3.9783826149e-03,3.8954678845e-03,3.8288907196e-03,3.7726189727e-03,3.7070422429e-03,3.6552871021e-03,3.6040321788e-03,3.5532774730e-03,3.5186166014e-03,2.2112491708e-03
351,3.6307863097e-03,4.5266222739e-03,4.9480466430e-03,4.8622398537e-03,4.7758744144e-03,4.7069176377e-03,4.6504511148e-03,4.5427167151e-03,4.4933660345e-03,4.5579565076e-03,4.4524972990e-03,4.3367314039e-03,4.2334484693e-03,4.1472492248e-03,4.0613247397e-03,3.9786452740e-03,3.8957220605e-03,3.8291380888e-03,3.7728608036e-03,3.7072773415e-03,3.6555169698e-03,3.6042568528e-03,3.5534969906e-03,3.5188326225e-03,2.2113598124e-03
351.5,3.6309919609e-03,4.5269474850e-03,4.9484100124e-03,4.8625952602e-03,4.7762218405e-03,4.7072588690e-03,4.6507871035e-03,4.5430431179e-03,4.4936841878e-03,4.5582806111e-03,4.4528107212e-03,4.3370328652e-03,4.2337393974e-03,4.1475313672e-03,4.0615981156e-03,3.9789101088e-03,3.8959783377e-03,3.8293874995e-03,3.7731046273e-03,3.7075143737e-03,3.6557487252e-03,3.6044833690e-03,3.5537183051e-03,3.5190504097e-03,2.2114712807e-03
352,3.6311992806e-03,4.5272753837e-03,4.9487764022e-03,4.8629536176e-03,4.7765721480e-03,4.7076029278e-03,4.6511258740e-03,4.5433722188e-03,4.4940049696e-03,4.5586073945e-03,4.4531267307e-03,4.3373368102e-03,4.2340327178e-03,4.1478158258e-03,4.0618737317e-03,3.9791771099e-03,3.8962367071e-03,3.8296389427e-03,3.7733504351e-03,3.7077533312e-03,3.6559823601e-03,3.6047117192e-03,3.5539414085e-03,3.5192699553e-03,2.2115835721e-03
352.5,3.6314082616e-03,4.5276059583e-03,4.9491457992e-03,4.8633149133e-03,4.7769253246e-03,4.7079498018e-03,4.6514674143e-03,4.5437040061e-03,4.4943283685e-03,4.5589368462e-03,4.4534453162e-03,4.3376432280e-03,4.2343284201e-03,4.1481025904e-03,4.0621515781e-03,3.9794462676e-03,3.8964971593e-03,3.8298924096e-03,3.7735982182e-03,3.7079942055e-03,3.6562178662e-03,3.6049418954e-03,3.5541662931e-03,3.5194912516e-03,2.2116966828e-03
353,3.6316188963e-03,4.5279391971e-03,4.9495181904e-03,4.8636791345e-03,4.7772813577e-03,4.7082994787e-03,4.6518117122e-03,4.5440384680e-03,4.4946543730e-03,4.5592689544e-03,4.4537664664e-03,4.3379521078e-03,4.2346264940e-03,4.1483916509e-03,4.0624316452e-03,3.9797175726e-03,3.8967596853e-03,3.8301478914e-03,3.7738479680e-03,3.7082369881e-03,3.6564552354e-03,3.6051738897e-03,3.5543929509e-03,3.5197142909e-03,2.2118106092e-03
353.5,3.6318311777e-03,4.5282750885e-03,4.9498935627e-03,4.8640462683e-03,4.7776402349e-03,4.7086519463e-03,4.6521587557e-03,4.5443755931e-03,4.4949829719e-03,4.5596037077e-03,4.4540901702e-03,4.3382634390e-03,4.2349269290e-03,4.1486829975e-03,4.0627139232e-03,3.9799910155e-03,3.8970242761e-03,3.8304053792e-03,3.7740996760e-03,3.7084816709e-03,3.6566944595e-03,3.6054076940e-03,3.5546213744e-03,3.5199390656e-03,2.2119253478e-03
354,3.6320450982e-03,4.5286136210e-03,4.9502719033e-03,4.8644163023e-03,4.7780019438e-03,4.7090071926e-03,4.6525085331e-03,4.5447153696e-03,4.4953141538e-03,4.5599410945e-03,4.4544164164e-03,4.3385772108e-03,4.2352297149e-03,4.1489766200e-03,4.0629984026e-03,3.9802665870e-03,3.8972909226e-03,3.8306648642e-03,3.7743533334e-03,3.7087282453e-03,3.6569355303e-03,3.6056433004e-03,3.5548515556e-03,3.5201655680e-03,2.2120408949e-03
354.5,3.6322606507e-03,4.5289547830e-03,4.9506531991e-03,4.8647892236e-03,4.7783664721e-03,4.7093652053e-03,4.6528610322e-03,4.5450577860e-03,4.4956479075e-03,4.5602811033e-03,4.4547451941e-03,4.3388934125e-03,4.2355348414e-03,4.1492725086e-03,4.0632850736e-03,3.9805442777e-03,3.8975596158e-03,3.8309263377e-03,3.7746089319e-03,3.7089767032e-03,3.6571784398e-03,3.6058807010e-03,3.5550834869e-03,3.5203937906e-03,2.2121572470e-03
355,3.6324778280e-03,4.5292985633e-03,4.9510374373e-03,4.8651650198e-03,4.7787338076e-03,4.7097259725e-03,4.6532162414e-03,4.5454028308e-03,4.4959842218e-03,4.5606237228e-03,4.4550764920e-03,4.3392120337e-03,4.2358422982e-03,4.1495706534e-03,4.0635739266e-03,3.9808240785e-03,3.8978303467e-03,3.8311897910e-03,3.7748664629e-03,3.7092270362e-03,3.6574231799e-03,3.6061198880e-03,3.5553171606e-03,3.5206237258e-03,2.2122744004e-03
355.5,3.6326966228e-03,4.5296449503e-03,4.9514246052e-03,4.8655436784e-03,4.7791039381e-03,4.7100894822e-03,4.6535741487e-03,4.5457504927e-03,4.4963230855e-03,4.5609689416e-03,4.4554102993e-03,4.3395330637e-03,4.2361520753e-03,4.1498710444e-03,4.0638649522e-03,3.9811059800e-03,3.8981031065e-03,3.8314552155e-03,3.7751259179e-03,3.7094792363e-03,3.6576697425e-03,3.6063608535e-03,3.5555525691e-03,3.5208553660e-03,2.2123923516e-03
356,3.6329170281e-03,4.5299939327e-03,4.9518146900e-03,4.8659251869e-03,4.7794768513e-03,4.7104557225e-03,4.6539347425e-03,4.5461007602e-03,4.4966644875e-03,4.5613167482e-03,4.4557466051e-03,4.3398564920e-03,4.2364641625e-03,4.1501736720e-03,4.0641581409e-03,3.9813899731e-03,3.8983778863e-03,3.8317226025e-03,3.7753872885e-03,3.7097332951e-03,3.6579181198e-03,3.6066035897e-03,3.5557897048e-03,3.5210887039e-03,2.2125110971e-03
356.5,3.6331390366e-03,4.5303454992e-03,4.9522076789e-03,4.8663095329e-03,4.7798525351e-03,4.7108246814e-03,4.6542980110e-03,4.5464536219e-03,4.4970084167e-03,4.5616671316e-03,4.4560853983e-03,4.3401823081e-03,4.2367785497e-03,4.1504785262e-03,4.0644534833e-03,3.9816760486e-03,3.8986546772e-03,3.8319919433e-03,3.7756505664e-03,3.7099892046e-03,3.6581683036e-03,3.6068480888e-03,3.5560285600e-03,3.5213237319e-03,2.2126306333e-03
357,3.6333626414e-03,4.5306996386e-03,4.9526035594e-03,4.8666967041e-03,4.7802309776e-03,4.7111963471e-03,4.6546639427e-03,4.5468090666e-03,4.4973548622e-03,4.5620200803e-03,4.4564266682e-03,4.3405105017e-03,4.2370952269e-03,4.1507855975e-03,4.0647509698e-03,3.9819641975e-03,3.8989334705e-03,3.8322632295e-03,3.7759157431e-03,3.7102469565e-03,3.6584202862e-03,3.6070943431e-03,3.5562691272e-03,3.5215604426e-03,2.2127509567e-03
357.5,3.6335878352e-03,4.5310563397e-03,4.9530023189e-03,4.8670866881e-03,4.7806121666e-03,4.7115707079e-03,4.6550325259e-03,4.5471670830e-03,4.4977038130e-03,4.5623755833e-03,4.4567704041e-03,4.3408410624e-03,4.2374141841e-03,4.1510948760e-03,4.0650505911e-03,3.9822544106e-03,3.8992142573e-03,3.8325364526e-03,3.7761828103e-03,3.7105065429e-03,3.6586740596e-03,3.6073423449e-03,3.5565113988e-03,3.5217988286e-03,2.2128720638e-03
358,3.6338146111e-03,4.5314155912e-03,4.9534039448e-03,4.8674794727e-03,4.7809960903e-03,4.7119477520e-03,4.6554037491e-03,4.5475276600e-03,4.4980552581e-03,4.5627336294e-03,4.4571165950e-03,4.3411739798e-03,4.2377354112e-03,4.1514063523e-03,4.0653523379e-03,3.9825466790e-03,3.8994970289e-03,3.8328116040e-03,3.7764517598e-03,3.7107679557e-03,3.6589296159e-03,3.6075920865e-03,3.5567553675e-03,3.5220388825e-03,2.2129939512e-03
358.5,3.6340429620e-03,4.5317773821e-03,4.9538084247e-03,4.8678750458e-03,4.7813827367e-03,4.7123274677e-03,4.6557776007e-03,4.5478907863e-03,4.4984091867e-03,4.5630942075e-03,4.4574652303e-03,4.3415092436e-03,4.2380588984e-03,4.1517200165e-03,4.0656562009e-03,3.9828409935e-03,3.8997817766e-03,3.8330886752e-03,3.7767225833e-03,3.7110311869e-03,3.6591869473e-03,3.6078435603e-03,3.5570010257e-03,3.5222805971e-03,2.2131166153e-03
359,3.6342728810e-03,4.5321417014e-03,4.9542157461e-03,4.8682733952e-03,4.7817720940e-03,4.7127098435e-03,4.6561540694e-03,4.5482564509e-03,4.4987655879e-03,4.5634573065e-03,4.4578162994e-03,4.3418468437e-03,4.2383846359e-03,4.1520358593e-03,4.0659621708e-03,3.9831373454e-03,3.9000684919e-03,3.8333676579e-03,3.7769952725e-03,3.7112962285e-03,3.6594460461e-03,3.6080967586e-03,3.5572483661e-03,3.5225239650e-03,2.2132400527e-03
359.5,3.6345043611e-03,4.5325085380e-03,4.9546258967e-03,4.8686745088e-03,4.7821641504e-03,4.7130948676e-03,4.6565331437e-03,4.5486246427e-03,4.4991244510e-03,4.5638229156e-03,4.4581697916e-03,4.3421867697e-03,4.2387126138e-03,4.1523538710e-03,4.0662702385e-03,3.9834357256e-03,3.9003571660e-03,3.8336485438e-03,3.7772698194e-03,3.7115630725e-03,3.6597069044e-03,3.6083516739e-03,3.5574973811e-03,3.5227689790e-03,2.2133642599e-03
360,3.6347373953e-03,4.5328778810e-03,4.9550388642e-03,4.8690783745e-03,4.7825588940e-03,4.7134825286e-03,4.6569148123e-03,4.5489953507e-03,4.4994857652e-03,4.5641910237e-03,4.4585256963e-03,4.3425290116e-03,4.2390428222e-03,4.1526740423e-03,4.0665803947e-03,3.9837361252e-03,3.9006477904e-03,3.8339313244e-03,3.7775462157e-03,3.7118317110e-03,3.6599695145e-03,3.6086082987e-03,3.5577480635e-03,3.5230156317e-03,2.2134892335e-03
360.5,3.6349719769e-03,4.5332497194e-03,4.9554546362e-03,4.8694849805e-03,4.7829563133e-03,4.7138728150e-03,4.6572990639e-03,4.5493685639e-03,4.4998495198e-03,4.5645616200e-03,4.4588840031e-03,4.3428735592e-03,4.2393752515e-03,4.1529963635e-03,4.0668926302e-03,3.9840385355e-03,3.9009403565e-03,3.8342159914e-03,3.7778244534e-03,3.7121021363e-03,3.6602338688e-03,3.6088666254e-03,3.5580004059e-03,3.5232639161e-03,2.2136149702e-03
361,3.6352080988e-03,4.5336240423e-03,4.9558732006e-03,4.8698943146e-03,4.7833563966e-03,4.7142657154e-03,4.6576858872e-03,4.5497442715e-03,4.5002157042e-03,4.5649346935e-03,4.4592447014e-03,4.3432204025e-03,4.2397098920e-03,4.1533208254e-03,4.0672069361e-03,3.9843429477e-03,3.9012348558e-03,3.8345025366e-03,3.7781045242e-03,3.7123743403e-03,3.6604999596e-03,3.6091266465e-03,3.5582544010e-03,3.5235138248e-03,2.2137414665e-03
361.5,3.6354457542e-03,4.5340008390e-03,4.9562945453e-03,4.8703063652e-03,4.7837591322e-03,4.7146612183e-03,4.6580752710e-03,4.5501224625e-03,4.5005843079e-03,4.5653102335e-03,4.4596077809e-03,4.3435695314e-03,4.2400467339e-03,4.1536474186e-03,4.0675233032e-03,3.9846493528e-03,3.9015312798e-03,3.8347909517e-03,3.7783864203e-03,3.7126483153e-03,3.6607677791e-03,3.6093883545e-03,3.5585100415e-03,3.5237653508e-03,2.2138687189e-03
362,3.6356849365e-03,4.5343800987e-03,4.9567186580e-03,4.8707211203e-03,4.7841645085e-03,4.7150593125e-03,4.6584672042e-03,4.5505031262e-03,4.5009553201e-03,4.5656882292e-03,4.4599732310e-03,4.3439209359e-03,4.2403857676e-03,4.1539761337e-03,4.0678417226e-03,3.9849577423e-03,3.9018296202e-03,3.8350812285e-03,3.7786701336e-03,3.7129240536e-03,3.6610373200e-03,3.6096517422e-03,3.5587673203e-03,3.5240184869e-03,2.2139967242e-03
362.5,3.6359256386e-03,4.5347618106e-03,4.9571455269e-03,4.8711385681e-03,4.7845725142e-03,4.7154599866e-03,4.6588616757e-03,4.5508862516e-03,4.5013287304e-03,4.5660686699e-03,4.4603410415e-03,4.3442746061e-03,4.2407269837e-03,4.1543069615e-03,4.0681621851e-03,3.9852681074e-03,3.9021298685e-03,3.8353733589e-03,3.7789556561e-03,3.7132015473e-03,3.6613085745e-03,3.6099168020e-03,3.5590262300e-03,3.5242732260e-03,2.2141254789e-03
363,3.6361678540e-03,4.5351459640e-03,4.9575751397e-03,4.8715586969e-03,4.7849831377e-03,4.7158632294e-03,4.6592586743e-03,4.5512718283e-03,4.5017045285e-03,4.5664515450e-03,4.4607112020e-03,4.3446305321e-03,4.2410703724e-03,4.1546398926e-03,4.0684846819e-03,3.9855804395e-03,3.9024320162e-03,3.8356673346e-03,3.7792429798e-03,3.7134807887e-03,3.6615815351e-03,3.6101835267e-03,3.5592867635e-03,3.5245295612e-03,2.2142549798e-03
363.5,3.6364115757e-03,4.5355325483e-03,4.9580074847e-03,4.8719814951e-03,4.7853963676e-03,4.7162690297e-03,4.6596581891e-03,4.5516598453e-03,4.5020827037e-03,4.5668368437e-03,4.4610837022e-03,4.3449887041e-03,4.2414159243e-03,4.1549749180e-03,4.0688092041e-03,3.9858947299e-03,3.9027360552e-03,3.8359631477e-03,3.7795320969e-03,3.7137617702e-03,3.6618561943e-03,3.6104519088e-03,3.5595489137e-03,3.5247874853e-03,2.2143852234e-03
364,3.6366567973e-03,4.5359215529e-03,4.9584425498e-03,4.8724069510e-03,4.7858121926e-03,4.7166773763e-03,4.6600602091e-03,4.5520502921e-03,4.5024632458e-03,4.5672245556e-03,4.4614585321e-03,4.3453491121e-03,4.2417636300e-03,4.1553120284e-03,4.0691357427e-03,3.9862109700e-03,3.9030419771e-03,3.8362607901e-03,3.7798229995e-03,3.7140444842e-03,3.6621325447e-03,3.6107219411e-03,3.5598126734e-03,3.5250469913e-03,2.2145162066e-03
364.5,3.6369035119e-03,4.5363129672e-03,4.9588803232e-03,4.8728350530e-03,4.7862306013e-03,4.7170882581e-03,4.6604647234e-03,4.5524431581e-03,4.5028461443e-03,4.5676146700e-03,4.4618356813e-03,4.3457117465e-03,4.2421134800e-03,4.1556512147e-03,4.0694642890e-03,3.9865291514e-03,3.9033497736e-03,3.8365602536e-03,3.7801156797e-03,3.7143289229e-03,3.6624105788e-03,3.6109936164e-03,3.5600780355e-03,3.5253080722e-03,2.2146479258e-03
365,3.6371517130e-03,4.5367067807e-03,4.9593207932e-03,4.8732657895e-03,4.7866515825e-03,4.7175016642e-03,4.6608717211e-03,4.5528384328e-03,4.5032313891e-03,4.5680071766e-03,4.4622151398e-03,4.3460765974e-03,4.2424654650e-03,4.1559924678e-03,4.0697948341e-03,3.9868492654e-03,3.9036594365e-03,3.8368615303e-03,3.7804101297e-03,3.7146150788e-03,3.6626902892e-03,3.6112669273e-03,3.5603449930e-03,3.5255707212e-03,2.2147803779e-03
365.5,3.6374013938e-03,4.5371029830e-03,4.9597639479e-03,4.8736991492e-03,4.7870751250e-03,4.7179175834e-03,4.6612811913e-03,4.5532361056e-03,4.5036189699e-03,4.5684020647e-03,4.4625968974e-03,4.3464436553e-03,4.2428195755e-03,4.1563357787e-03,4.0701273694e-03,3.9871713037e-03,3.9039709575e-03,3.8371646123e-03,3.7807063417e-03,3.7149029444e-03,3.6629716685e-03,3.6115418666e-03,3.5606135388e-03,3.5258349313e-03,2.2149135596e-03
366,3.6376525478e-03,4.5375015636e-03,4.9602097757e-03,4.8741351205e-03,4.7875012175e-03,4.7183360048e-03,4.6616931234e-03,4.5536361660e-03,4.5040088764e-03,4.5687993241e-03,4.4629809441e-03,4.3468129104e-03,4.2431758023e-03,4.1566811383e-03,4.0704618860e-03,3.9874952577e-03,3.9042843287e-03,3.8374694915e-03,3.7810043080e-03,3.7151925121e-03,3.6632547094e-03,3.6118184273e-03,3.5608836659e-03,3.5261006956e-03,2.2150474676e-03
366.5,3.6379051685e-03,4.5379025122e-03,4.9606582649e-03,4.8745736921e-03,4.7879298490e-03,4.7187569175e-03,4.6621075064e-03,4.5540386038e-03,4.5044010986e-03,4.5691989444e-03,4.4633672699e-03,4.3471843531e-03,4.2435341361e-03,4.1570285377e-03,4.0707983752e-03,3.9878211190e-03,3.9045995417e-03,3.8377761602e-03,3.7813040208e-03,3.7154837744e-03,3.6635394045e-03,3.6120966021e-03,3.5611553674e-03,3.5263680072e-03,2.2151820987e-03
367,3.6381592493e-03,4.5383058184e-03,4.9611094039e-03,4.8750148526e-03,4.7883610084e-03,4.7191803107e-03,4.6625243298e-03,4.5544434083e-03,4.5047956262e-03,4.5696009153e-03,4.4637558648e-03,4.3475579739e-03,4.2438945677e-03,4.1573779679e-03,4.0711368285e-03,3.9881488793e-03,3.9049165885e-03,3.8380846103e-03,3.7816054725e-03,3.7157767239e-03,3.6638257466e-03,3.6123763840e-03,3.5614286362e-03,3.5266368594e-03,2.2153174496e-03
367.5,3.6384147837e-03,4.5387114719e-03,4.9615631812e-03,4.8754585907e-03,4.7887946846e-03,4.7196061735e-03,4.6629435829e-03,4.5548505694e-03,4.5051924492e-03,4.5700052264e-03,4.4641467189e-03,4.3479337632e-03,4.2442570879e-03,4.1577294200e-03,4.0714772371e-03,3.9884785303e-03,3.9052354611e-03,3.8383948342e-03,3.7819086555e-03,3.7160713532e-03,3.6641137283e-03,3.6126577658e-03,3.5617034656e-03,3.5269072452e-03,2.2154535170e-03
368,3.6386717651e-03,4.5391194625e-03,4.9620195852e-03,4.8759048952e-03,4.7892308667e-03,4.7200344950e-03,4.6633652551e-03,4.5552600768e-03,4.5055915576e-03,4.5704118676e-03,4.4645398223e-03,4.3483117115e-03,4.2446216875e-03,4.1580828851e-03,4.0718195926e-03,3.9888100636e-03,3.9055561514e-03,3.8387068240e-03,3.7822135620e-03,3.7163676547e-03,3.6644033426e-03,3.6129407405e-03,3.5619798485e-03,3.5271791580e-03,2.2155902978e-03
368.5,3.6389301872e-03,4.5395297799e-03,4.9624786044e-03,4.8763537549e-03,4.7896695438e-03,4.7204652647e-03,4.6637893358e-03,4.5556719202e-03,4.5059929414e-03,4.5708208286e-03,4.4649351652e-03,4.3486918094e-03,4.2449883575e-03,4.1584383545e-03,4.0721638863e-03,3.9891434709e-03,3.9058786515e-03,3.8390205718e-03,3.7825201846e-03,3.7166656212e-03,3.6646945820e-03,3.6132253010e-03,3.5622577781e-03,3.5274525910e-03,2.2157277888e-03
369,3.6391900435e-03,4.5399424141e-03,4.9629402275e-03,4.8768051586e-03,4.7901107049e-03,4.7208984718e-03,4.6642158145e-03,4.5560860894e-03,4.5063965906e-03,4.5712320994e-03,4.4653327378e-03,4.3490740474e-03,4.2453570887e-03,4.1587958193e-03,4.0725101098e-03,3.9894787441e-03,3.9062029533e-03,3.8393360701e-03,3.7828285156e-03,3.7169652454e-03,3.6649874396e-03,3.6135114404e-03,3.5625372477e-03,3.5277275375e-03,2.2158659867e-03
369.5,3.6394513276e-03,4.5403573549e-03,4.9634044431e-03,4.8772590952e-03,4.7905543392e-03,4.7213341056e-03,4.6646446807e-03,4.5565025742e-03,4.5068024954e-03,4.5716456698e-03,4.4657325303e-03,4.3494584162e-03,4.2457278721e-03,4.1591552707e-03,4.0728582546e-03,3.9898158749e-03,3.9065290490e-03,3.8396533110e-03,3.7831385475e-03,3.7172665199e-03,3.6652819081e-03,3.6137991516e-03,3.5628182503e-03,3.5280039907e-03,2.2160048885e-03
370,3.6397140330e-03,4.5407745922e-03,4.9638712399e-03,4.8777155537e-03,4.7910004359e-03,4.7217721556e-03,4.6650759241e-03,4.5569213645e-03,4.5072106457e-03,4.5720615297e-03,4.4661345330e-03,4.3498449065e-03,4.2461006987e-03,4.1595167001e-03,4.0732083122e-03,3.9901548552e-03,3.9068569306e-03,3.8399722869e-03,3.7834502728e-03,3.7175694373e-03,3.6655779805e-03,3.6140884278e-03,3.5631007793e-03,3.5282819440e-03,2.2161444908e-03
370.5,3.6399781536e-03,4.5411941160e-03,4.9643406066e-03,4.8781745230e-03,4.7914489842e-03,4.7222126112e-03,4.6655095342e-03,4.5573424504e-03,4.5076210319e-03,4.5724796692e-03,4.4665387362e-03,4.3502335089e-03,4.2464755596e-03,4.1598800988e-03,4.0735602743e-03,3.9904956768e-03,3.9071865904e-03,3.8402929901e-03,3.7837636841e-03,3.7178739906e-03,3.6658756496e-03,3.6143792620e-03,3.5633848278e-03,3.5285613909e-03,2.2162847907e-03
371,3.6402436828e-03,4.5416159162e-03,4.9648125320e-03,4.8786359922e-03,4.7918999735e-03,4.7226554619e-03,4.6659455006e-03,4.5577658216e-03,4.5080336442e-03,4.5729000783e-03,4.4669451302e-03,4.3506242141e-03,4.2468524458e-03,4.1602454581e-03,4.0739141324e-03,3.9908383316e-03,3.9075180204e-03,3.8406154131e-03,3.7840787740e-03,3.7181801725e-03,3.6661749085e-03,3.6146716474e-03,3.5636703892e-03,3.5288423246e-03,2.2164257849e-03
371.5,3.6405106145e-03,4.5420399831e-03,4.9652870049e-03,4.8790999504e-03,4.7923533930e-03,4.7231006972e-03,4.6663838132e-03,4.5581914683e-03,4.5084484728e-03,4.5733227470e-03,4.4673537056e-03,4.3510170131e-03,4.2472313485e-03,4.1606127695e-03,4.0742698783e-03,3.9911828116e-03,3.9078512128e-03,3.8409395483e-03,3.7843955349e-03,3.7184879757e-03,3.6664757500e-03,3.6149655770e-03,3.5639574567e-03,3.5291247386e-03,2.2165674703e-03
372,3.6407789423e-03,4.5424663065e-03,4.9657640142e-03,4.8795663867e-03,4.7928092322e-03,4.7235483068e-03,4.6668244615e-03,4.5586193804e-03,4.5088655079e-03,4.5737476654e-03,4.4677644527e-03,4.3514118965e-03,4.2476122587e-03,4.1609820242e-03,4.0746275036e-03,3.9915291087e-03,3.9081861600e-03,3.8412653881e-03,3.7847139596e-03,3.7187973931e-03,3.6667781673e-03,3.6152610441e-03,3.5642460237e-03,3.5294086263e-03,2.2167098438e-03
372.5,3.6410486600e-03,4.5428948768e-03,4.9662435487e-03,4.8800352902e-03,4.7932674805e-03,4.7239982802e-03,4.6672674355e-03,4.5590495482e-03,4.5092847400e-03,4.5741748237e-03,4.4681773620e-03,4.3518088552e-03,4.2479951677e-03,4.1613532138e-03,4.0749870001e-03,3.9918772149e-03,3.9085228542e-03,3.8415929249e-03,3.7850340408e-03,3.7191084177e-03,3.6670821532e-03,3.6155580419e-03,3.5645360836e-03,3.5296939812e-03,2.2168529023e-03
373,3.6413197613e-03,4.5433256839e-03,4.9667255976e-03,4.8805066503e-03,4.7937281273e-03,4.7244506070e-03,4.6677127249e-03,4.5594819616e-03,4.5097061594e-03,4.5746042122e-03,4.4685924241e-03,4.3522078802e-03,4.2483800667e-03,4.1617263299e-03,4.0753483595e-03,3.9922271224e-03,3.9088612876e-03,3.8419221514e-03,3.7853557710e-03,3.7194210422e-03,3.6673877010e-03,3.6158565635e-03,3.5648276297e-03,3.5299807968e-03,2.2169966427e-03
373.5,3.6415922402e-03,4.5437587182e-03,4.9672101498e-03,4.8809804560e-03,4.7941911621e-03,4.7249052771e-03,4.6681603196e-03,4.5599166110e-03,4.5101297565e-03,4.5750358209e-03,4.4690096295e-03,4.3526089624e-03,4.2487669469e-03,4.1621013639e-03,4.0757115737e-03,3.9925788230e-03,3.9092014527e-03,3.8422530601e-03,3.7856791431e-03,3.7197352597e-03,3.6676948037e-03,3.6161566023e-03,3.5651206554e-03,3.5302690667e-03,2.2171410619e-03
374,3.6418660902e-03,4.5441939700e-03,4.9676971943e-03,4.8814566968e-03,4.7946565746e-03,4.7253622802e-03,4.6686102096e-03,4.5603534864e-03,4.5105555218e-03,4.5754696402e-03,4.4694289687e-03,4.3530120927e-03,4.2491557998e-03,4.1624783073e-03,4.0760766345e-03,3.9929323090e-03,3.9095433417e-03,3.8425856434e-03,3.7860041498e-03,3.7200510630e-03,3.6680034543e-03,3.6164581514e-03,3.5654151543e-03,3.5305587843e-03,2.2172861570e-03
374.5,3.6421413054e-03,4.5446314295e-03,4.9681867202e-03,4.8819353621e-03,4.7951243543e-03,4.7258216060e-03,4.6690623848e-03,4.5607925783e-03,4.5109834458e-03,4.5759056604e-03,4.4698504325e-03,4.3534172621e-03,4.2495466165e-03,4.1628571519e-03,4.0764435337e-03,3.9932875725e-03,3.9098869471e-03,3.8429198942e-03,3.7863307837e-03,3.7203684452e-03,3.6683136462e-03,3.6167612044e-03,3.5657111197e-03,3.5308499434e-03,2.2174319247e-03
375,3.6424178797e-03,4.5450710870e-03,4.9686787167e-03,4.8824164411e-03,4.7955944909e-03,4.7262832444e-03,4.6695168352e-03,4.5612338768e-03,4.5114135191e-03,4.5763438719e-03,4.4702740116e-03,4.3538244618e-03,4.2499393884e-03,4.1632378892e-03,4.0768122633e-03,3.9936446056e-03,3.9102322613e-03,3.8432558049e-03,3.7866590379e-03,3.7206873993e-03,3.6686253724e-03,3.6170657543e-03,3.5660085452e-03,3.5311425374e-03,2.2175783622e-03
375.5,3.6426958068e-03,4.5455129329e-03,4.9691731731e-03,4.8828999234e-03,4.7960669740e-03,4.7267471853e-03,4.6699735508e-03,4.5616773723e-03,4.5118457321e-03,4.5767842650e-03,4.4706996966e-03,4.3542336827e-03,4.2503341070e-03,4.1636205109e-03,4.0771828152e-03,3.9940034006e-03,3.9105792768e-03,3.8435933683e-03,3.7869889051e-03,3.7210079184e-03,3.6689386261e-03,3.6173717948e-03,3.5663074243e-03,3.5314365600e-03,2.2177254662e-03
376,3.6429750807e-03,4.5459569577e-03,4.9696700784e-03,4.8833857984e-03,4.7965417934e-03,4.7272134185e-03,4.6704325217e-03,4.5621230553e-03,4.5122800756e-03,4.5772268302e-03,4.4711274782e-03,4.3546449161e-03,4.2507307637e-03,4.1640050088e-03,4.0775551814e-03,3.9943639496e-03,3.9109279860e-03,3.8439325770e-03,3.7873203782e-03,3.7213299954e-03,3.6692534007e-03,3.6176793190e-03,3.5666077505e-03,3.5317320048e-03,2.2178732340e-03
376.5,3.6432556954e-03,4.5464031519e-03,4.9701694221e-03,4.8838740556e-03,4.7970189388e-03,4.7276819341e-03,4.6708937381e-03,4.5625709160e-03,4.5127165401e-03,4.5776715580e-03,4.4715573474e-03,4.3550581529e-03,4.2511293500e-03,4.1643913745e-03,4.0779293539e-03,3.9947262450e-03,3.9112783815e-03,3.8442734238e-03,3.7876534500e-03,3.7216536236e-03,3.6695696892e-03,3.6179883205e-03,3.5669095175e-03,3.5320288656e-03,2.2180216623e-03
377,3.6435376449e-03,4.5468515058e-03,4.9706711934e-03,4.8843646847e-03,4.7974984001e-03,4.7281527222e-03,4.6713571901e-03,4.5630209450e-03,4.5131551164e-03,4.5781184388e-03,4.4719892950e-03,4.3554733846e-03,4.2515298574e-03,4.1647795998e-03,4.0783053247e-03,3.9950902790e-03,3.9116304558e-03,3.8446159014e-03,3.7879881135e-03,3.7219787960e-03,3.6698874852e-03,3.6182987928e-03,3.5672127188e-03,3.5323271361e-03,2.2181707483e-03
377.5,3.6438209231e-03,4.5473020101e-03,4.9711753818e-03,4.8848576752e-03,4.7979801672e-03,4.7286257726e-03,4.6718228679e-03,4.5634731328e-03,4.5135957952e-03,4.5785674633e-03,4.4724233117e-03,4.3558906022e-03,4.2519322774e-03,4.1651696766e-03,4.0786830859e-03,3.9954560440e-03,3.9119842016e-03,3.8449600027e-03,3.7883243617e-03,3.7223055058e-03,3.6702067817e-03,3.6186107292e-03,3.5675173481e-03,3.5326268100e-03,2.2183204890e-03
378,3.6441055241e-03,4.5477546553e-03,4.9716819766e-03,4.8853530168e-03,4.7984642298e-03,4.7291010755e-03,4.6722907618e-03,4.5639274699e-03,4.5140385674e-03,4.5790186220e-03,4.4728593886e-03,4.3563097971e-03,4.2523366017e-03,4.1655615966e-03,4.0790626296e-03,3.9958235323e-03,3.9123396114e-03,3.8453057204e-03,3.7886621876e-03,3.7226337462e-03,3.6705275723e-03,3.6189241232e-03,3.5678233990e-03,3.5329278810e-03,2.2184708814e-03
378.5,3.6443914419e-03,4.5482094320e-03,4.9721909673e-03,4.8858506993e-03,4.7989505781e-03,4.7295786211e-03,4.6727608620e-03,4.5643839469e-03,4.5144834235e-03,4.5794719055e-03,4.4732975165e-03,4.3567309605e-03,4.2527428217e-03,4.1659553519e-03,4.0794439480e-03,3.9961927363e-03,3.9126966778e-03,3.8456530474e-03,3.7890015841e-03,3.7229635104e-03,3.6708498503e-03,3.6192389685e-03,3.5681308651e-03,3.5332303430e-03,2.2186219225e-03
379,3.6446786705e-03,4.5486663309e-03,4.9727023434e-03,4.8863507123e-03,4.7994392019e-03,4.7300583994e-03,4.6732331590e-03,4.5648425545e-03,4.5149303547e-03,4.5799273045e-03,4.4737376866e-03,4.3571540838e-03,4.2531509293e-03,4.1663509342e-03,4.0798270332e-03,3.9965636485e-03,3.9130553936e-03,3.8460019766e-03,3.7893425443e-03,3.7232947917e-03,3.6711736090e-03,3.6195552586e-03,3.5684397404e-03,3.5335341898e-03,2.2187736095e-03
379.5,3.6449672042e-03,4.5491253428e-03,4.9732160944e-03,4.8868530456e-03,4.7999300913e-03,4.7305404008e-03,4.6737076430e-03,4.5653032832e-03,4.5153793516e-03,4.5803848098e-03,4.4741798896e-03,4.3575791584e-03,4.2535609160e-03,4.1667483355e-03,4.0802118773e-03,3.9969362612e-03,3.9134157515e-03,3.8463525009e-03,3.7896850613e-03,3.7236275833e-03,3.6714988420e-03,3.6198729870e-03,3.5687500183e-03,3.5338394151e-03,2.2189259393e-03
380,3.6452570369e-03,4.5495864583e-03,4.9737322101e-03,4.8873576892e-03,4.8004232364e-03,4.7310246155e-03,4.6741843045e-03,4.5657661238e-03,4.5158304054e-03,4.5808444121e-03,4.4746241169e-03,4.3580061757e-03,4.2539727737e-03,4.1671475479e-03,4.0805984728e-03,3.9973105670e-03,3.9137777442e-03,3.8467046132e-03,3.7900291282e-03,3.7239618786e-03,3.6718255426e-03,3.6201921474e-03,3.5690616928e-03,3.5341460130e-03,2.2190789091e-03
380.5,3.6455481629e-03,4.5500496681e-03,4.9742506799e-03,4.8878646327e-03,4.8009186272e-03,4.7315110338e-03,4.6746631339e-03,4.5662310669e-03,4.5162835068e-03,4.5813061021e-03,4.4750703594e-03,4.3584351271e-03,4.2543864939e-03,4.1675485632e-03,4.0809868117e-03,3.9976865585e-03,3.9141413644e-03,3.8470583065e-03,3.7903747381e-03,3.7242976708e-03,3.6721537044e-03,3.6205127333e-03,3.5693747575e-03,3.5344539772e-03,2.2192325159e-03
381,3.6458405763e-03,4.5505149632e-03,4.9747714936e-03,4.8883738663e-03,4.8014162539e-03,4.7319996460e-03,4.6751441217e-03,4.5666981035e-03,4.5167386469e-03,4.5817698707e-03,4.4755186082e-03,4.3588660042e-03,4.2548020687e-03,4.1679513736e-03,4.0813768865e-03,3.9980642280e-03,3.9145066050e-03,3.8474135738e-03,3.7907218842e-03,3.7246349533e-03,3.6724833209e-03,3.6208347386e-03,3.5696892064e-03,3.5347633016e-03,2.2193867569e-03
381.5,3.6461342714e-03,4.5509823344e-03,4.9752946409e-03,4.8888853797e-03,4.8019161068e-03,4.7324904424e-03,4.6756272584e-03,4.5671672243e-03,4.5171958168e-03,4.5822357087e-03,4.4759688547e-03,4.3592987983e-03,4.2552194897e-03,4.1683559712e-03,4.0817686895e-03,3.9984435683e-03,3.9148734587e-03,3.8477704081e-03,3.7910705596e-03,3.7249737195e-03,3.6728143855e-03,3.6211581567e-03,3.5700050333e-03,3.5350739803e-03,2.2195416292e-03
382,3.6464292422e-03,4.5514517725e-03,4.9758201116e-03,4.8893991631e-03,4.8024181760e-03,4.7329834136e-03,4.6761125347e-03,4.5676384201e-03,4.5176550076e-03,4.5827036072e-03,4.4764210898e-03,4.3597335012e-03,4.2556387488e-03,4.1687623480e-03,4.0821622129e-03,3.9988245719e-03,3.9152419185e-03,3.8481288024e-03,3.7914207576e-03,3.7253139629e-03,3.6731468919e-03,3.6214829816e-03,3.5703222319e-03,3.5353860072e-03,2.2196971298e-03
382.5,3.6467254831e-03,4.5519232684e-03,4.9763478954e-03,4.8899152064e-03,4.8029224518e-03,4.7334785499e-03,4.6765999411e-03,4.5681116819e-03,4.5181162102e-03,4.5831735569e-03,4.4768753050e-03,4.3601701043e-03,4.2560598379e-03,4.1691704962e-03,4.0825574493e-03,3.9992072315e-03,3.9156119773e-03,3.8484887499e-03,3.7917724715e-03,3.7256556767e-03,3.6734808336e-03,3.6218092068e-03,3.5706407963e-03,3.5356993762e-03,2.2198532560e-03
383,3.6470229883e-03,4.5523968132e-03,4.9768779823e-03,4.8904334998e-03,4.8034289246e-03,4.7339758418e-03,4.6770894682e-03,4.5685870005e-03,4.5185794160e-03,4.5836455489e-03,4.4773314915e-03,4.3606085994e-03,4.2564827489e-03,4.1695804080e-03,4.0829543910e-03,3.9995915397e-03,3.9159836278e-03,3.8488502437e-03,3.7921256944e-03,3.7259988546e-03,3.6738162043e-03,3.6221368262e-03,3.5709607202e-03,3.5360140814e-03,2.2200100049e-03
383.5,3.6473217521e-03,4.5528723979e-03,4.9774103621e-03,4.8909540334e-03,4.8039375846e-03,4.7344752800e-03,4.6775811068e-03,4.5690643669e-03,4.5190446160e-03,4.5841195741e-03,4.4777896406e-03,4.3610489779e-03,4.2569074739e-03,4.1699920755e-03,4.0833530305e-03,3.9999774893e-03,3.9163568632e-03,3.8492132768e-03,3.7924804197e-03,3.7263434900e-03,3.6741529976e-03,3.6224658335e-03,3.5712819978e-03,3.5363301169e-03,2.2201673737e-03
384,3.6476217688e-03,4.5533500134e-03,4.9779450247e-03,4.8914767973e-03,4.8044484223e-03,4.7349768549e-03,4.6780748476e-03,4.5695437722e-03,4.5195118016e-03,4.5845956237e-03,4.4782497437e-03,4.3614912318e-03,4.2573340047e-03,4.1704054911e-03,4.0837533603e-03,4.0003650729e-03,3.9167316763e-03,3.8495778426e-03,3.7928366407e-03,3.7266895764e-03,3.6744912072e-03,3.6227962226e-03,3.5716046228e-03,3.5366474766e-03,2.2203253594e-03
384.5,3.6479230327e-03,4.5538296509e-03,4.9784819602e-03,4.8920017817e-03,4.8049614282e-03,4.7354805572e-03,4.6785706813e-03,4.5700252074e-03,4.5199809639e-03,4.5850736887e-03,4.4787117921e-03,4.3619353526e-03,4.2577623334e-03,4.1708206469e-03,4.0841553729e-03,4.0007542834e-03,3.9171080601e-03,3.8499439340e-03,3.7931943508e-03,3.7270371074e-03,3.6748308267e-03,3.6231279873e-03,3.5719285894e-03,3.5369661547e-03,2.2204839594e-03
385,3.6482255382e-03,4.5543113014e-03,4.9790211586e-03,4.8925289770e-03,4.8054765926e-03,4.7359863775e-03,4.6790685987e-03,4.5705086634e-03,4.5204520942e-03,4.5855537603e-03,4.4791757773e-03,4.3623813322e-03,4.2581924521e-03,4.1712375353e-03,4.0845590609e-03,4.0011451135e-03,3.9174860078e-03,3.8503115445e-03,3.7935535433e-03,3.7273860765e-03,3.6751718499e-03,3.6234611215e-03,3.5722538914e-03,3.5372861453e-03,2.2206431708e-03
385.5,3.6485292797e-03,4.5547949562e-03,4.9795626099e-03,4.8930583733e-03,4.8059939062e-03,4.7364943065e-03,4.6795685907e-03,4.5709941316e-03,4.5209251840e-03,4.5860358296e-03,4.4796416908e-03,4.3628291623e-03,4.2586243529e-03,4.1716561487e-03,4.0849644167e-03,4.0015375561e-03,3.9178655123e-03,3.8506806672e-03,3.7939142117e-03,3.7277364774e-03,3.6755142706e-03,3.6237956191e-03,3.5725805231e-03,3.5376074426e-03,2.2208029908e-03
386,3.6488342516e-03,4.5552806063e-03,4.9801063041e-03,4.8935899610e-03,4.8065133593e-03,4.7370043349e-03,4.6800706482e-03,4.5714816030e-03,4.5214002245e-03,4.5865198878e-03,4.4801095240e-03,4.3632788347e-03,4.2590580278e-03,4.1720764794e-03,4.0853714332e-03,4.0019316039e-03,3.9182465667e-03,3.8510512953e-03,3.7942763494e-03,3.7280883036e-03,3.6758580824e-03,3.6241314740e-03,3.5729084783e-03,3.5379300406e-03,2.2209634167e-03
386.5,3.6491404483e-03,4.5557682431e-03,4.9806522316e-03,4.8941237305e-03,4.8070349428e-03,4.7375164536e-03,4.6805747621e-03,4.5719710687e-03,4.5218772071e-03,4.5870059261e-03,4.4805792684e-03,4.3637303414e-03,4.2594934691e-03,4.1724985198e-03,4.0857801028e-03,4.0023272499e-03,3.9186291642e-03,3.8514234224e-03,3.7946399499e-03,3.7284415489e-03,3.6762032793e-03,3.6244686801e-03,3.5732377513e-03,3.5382539336e-03,2.2211244456e-03
387,3.6494478642e-03,4.5562578578e-03,4.9812003824e-03,4.8946596721e-03,4.8075586471e-03,4.7380306533e-03,4.6810809232e-03,4.5724625201e-03,4.5223561233e-03,4.5874939358e-03,4.4810509157e-03,4.3641836742e-03,4.2599306689e-03,4.1729222622e-03,4.0861904183e-03,4.0027244870e-03,3.9190132978e-03,3.8517970415e-03,3.7950050066e-03,3.7287962068e-03,3.6765498549e-03,3.6248072314e-03,3.5735683360e-03,3.5385791157e-03,2.2212860748e-03
387.5,3.6497564938e-03,4.5567494416e-03,4.9817507467e-03,4.8951977764e-03,4.8080844630e-03,4.7385469248e-03,4.6815891227e-03,4.5729559484e-03,4.5228369646e-03,4.5879839083e-03,4.4815244575e-03,4.3646388251e-03,4.2603696195e-03,4.1733476993e-03,4.0866023724e-03,4.0031233082e-03,3.9193989609e-03,3.8521721462e-03,3.7953715130e-03,3.7291522711e-03,3.6768978033e-03,3.6251471218e-03,3.5739002268e-03,3.5389055813e-03,2.2214483016e-03
388,3.6500663316e-03,4.5572429859e-03,4.9823033149e-03,4.8957380338e-03,4.8086123811e-03,4.7390652591e-03,4.6820993516e-03,4.5734513448e-03,4.5233197225e-03,4.5884758348e-03,4.4819998853e-03,4.3650957860e-03,4.2608103130e-03,4.1737748235e-03,4.0870159578e-03,4.0035237062e-03,3.9197861465e-03,3.8525487298e-03,3.7957394628e-03,3.7295097355e-03,3.6772471181e-03,3.6254883455e-03,3.5742334176e-03,3.5392333245e-03,2.2216111232e-03
388.5,3.6503773722e-03,4.5577384821e-03,4.9828580772e-03,4.8962804348e-03,4.8091423923e-03,4.7395856471e-03,4.6826116008e-03,4.5739487008e-03,4.5238043885e-03,4.5889697068e-03,4.4824771908e-03,4.3655545489e-03,4.2612527418e-03,4.1742036273e-03,4.0874311672e-03,4.0039256743e-03,3.9201748479e-03,3.8529267856e-03,3.7961088494e-03,3.7298685938e-03,3.6775977934e-03,3.6258308964e-03,3.5745679028e-03,3.5395623397e-03,2.2217745369e-03
389,3.6506896100e-03,4.5582359216e-03,4.9834150241e-03,4.8968249700e-03,4.8096744872e-03,4.7401080796e-03,4.6831258616e-03,4.5744480076e-03,4.5242909542e-03,4.5894655156e-03,4.4829563658e-03,4.3660151058e-03,4.2616968982e-03,4.1746341032e-03,4.0878479935e-03,4.0043292054e-03,3.9205650584e-03,3.8533063073e-03,3.7964796664e-03,3.7302288397e-03,3.6779498231e-03,3.6261747687e-03,3.5749036764e-03,3.5398926211e-03,2.2219385400e-03
389.5,3.6510030395e-03,4.5587352958e-03,4.9839741457e-03,4.8973716300e-03,4.8102086568e-03,4.7406325478e-03,4.6836421249e-03,4.5749492567e-03,4.5247794112e-03,4.5899632528e-03,4.4834374020e-03,4.3664774489e-03,4.2621427746e-03,4.1750662439e-03,4.0882664295e-03,4.0047342926e-03,3.9209567712e-03,3.8536872882e-03,3.7968519076e-03,3.7305904671e-03,3.6783032011e-03,3.6265199563e-03,3.5752407328e-03,3.5402241631e-03,2.2221031298e-03
390,3.6513176555e-03,4.5592365961e-03,4.9845354327e-03,4.8979204055e-03,4.8107448918e-03,4.7411590426e-03,4.6841603822e-03,4.5754524396e-03,4.5252697511e-03,4.5904629097e-03,4.4839202912e-03,4.3669415701e-03,4.2625903633e-03,4.1755000419e-03,4.0886864680e-03,4.0051409289e-03,3.9213499796e-03,3.8540697218e-03,3.7972255665e-03,3.7309534698e-03,3.6786579214e-03,3.6268664535e-03,3.5755790661e-03,3.5405569601e-03,2.2222683036e-03
390.5,3.6516334524e-03,4.5597398142e-03,4.9850988754e-03,4.8984712871e-03,4.8112831832e-03,4.7416875552e-03,4.6846806244e-03,4.5759575476e-03,4.5257619657e-03,4.5909644780e-03,4.4844050251e-03,4.3674074617e-03,4.2630396567e-03,4.1759354900e-03,4.0891081019e-03,4.0055491074e-03,3.9217446770e-03,3.8544536016e-03,3.7976006368e-03,3.7313178417e-03,3.6790139779e-03,3.6272142543e-03,3.5759186707e-03,3.5408910063e-03,2.2224340586e-03
391,3.6519504250e-03,4.5602449415e-03,4.9856644644e-03,4.8990242656e-03,4.8118235219e-03,4.7422180765e-03,4.6852028429e-03,4.5764645723e-03,4.5262560467e-03,4.5914679491e-03,4.4848915957e-03,4.3678751157e-03,4.2634906473e-03,4.1763725807e-03,4.0895313241e-03,4.0059588213e-03,3.9221408568e-03,3.8548389213e-03,3.7979771123e-03,3.7316835765e-03,3.6793713648e-03,3.6275633529e-03,3.5762595409e-03,3.5412262962e-03,2.2226003924e-03
391.5,3.6522685678e-03,4.5607519696e-03,4.9862321902e-03,4.8995793316e-03,4.8123658989e-03,4.7427505979e-03,4.6857270290e-03,4.5769735053e-03,4.5267519857e-03,4.5919733146e-03,4.4853799947e-03,4.3683445245e-03,4.2639433275e-03,4.1768113068e-03,4.0899561276e-03,4.0063700638e-03,3.9225385124e-03,3.8552256743e-03,3.7983549865e-03,3.7320506683e-03,3.6797300759e-03,3.6279137435e-03,3.5766016710e-03,3.5415628242e-03,2.2227673021e-03
392,3.6525878755e-03,4.5612608901e-03,4.9868020434e-03,4.9001364761e-03,4.8129103052e-03,4.7432851103e-03,4.6862531740e-03,4.5774843381e-03,4.5272497747e-03,4.5924805663e-03,4.4858702141e-03,4.3688156801e-03,4.2643976898e-03,4.1772516611e-03,4.0903825054e-03,4.0067828280e-03,3.9229376371e-03,3.8556138543e-03,3.7987342534e-03,3.7324191109e-03,3.6800901055e-03,3.6282654203e-03,3.5769450553e-03,3.5419005848e-03,2.2229347851e-03
392.5,3.6529083429e-03,4.5617716946e-03,4.9873740146e-03,4.9006956898e-03,4.8134567318e-03,4.7438216051e-03,4.6867812692e-03,4.5779970623e-03,4.5277494053e-03,4.5929896957e-03,4.4863622459e-03,4.3692885749e-03,4.2648537269e-03,4.1776936362e-03,4.0908104503e-03,4.0071971072e-03,3.9233382244e-03,3.8560034549e-03,3.7991149066e-03,3.7327888984e-03,3.6804514477e-03,3.6286183776e-03,3.5772896882e-03,3.5422395723e-03,2.2231028388e-03
393,3.6532299645e-03,4.5622843750e-03,4.9879480945e-03,4.9012569636e-03,4.8140051699e-03,4.7443600735e-03,4.6873113061e-03,4.5785116697e-03,4.5282508695e-03,4.5935006945e-03,4.4868560819e-03,4.3697632012e-03,4.2653114312e-03,4.1781372250e-03,4.0912399556e-03,4.0076128947e-03,3.9237402678e-03,3.8563944698e-03,3.7994969399e-03,3.7331600246e-03,3.6808140964e-03,3.6289726096e-03,3.5776355640e-03,3.5425797814e-03,2.2232714605e-03
393.5,3.6535527352e-03,4.5627989228e-03,4.9885242737e-03,4.9018202884e-03,4.8145556105e-03,4.7449005069e-03,4.6878432760e-03,4.5790281518e-03,4.5287541592e-03,4.5940135545e-03,4.4873517143e-03,4.3702395512e-03,4.2657707953e-03,4.1785824204e-03,4.0916710141e-03,4.0080301836e-03,3.9241437608e-03,3.8567868926e-03,3.7998803473e-03,3.7335324837e-03,3.6811780459e-03,3.6293281105e-03,3.5779826774e-03,3.5429212065e-03,2.2234406477e-03
394,3.6538766497e-03,4.5633153298e-03,4.9891025431e-03,4.9023856552e-03,4.8151080448e-03,4.7454428964e-03,4.6883771704e-03,4.5795465004e-03,4.5292592662e-03,4.5945282675e-03,4.4878491351e-03,4.3707176173e-03,4.2662318120e-03,4.1790292151e-03,4.0921036190e-03,4.0084489673e-03,3.9245486970e-03,3.8571807171e-03,3.8002651225e-03,3.7339062695e-03,3.6815432904e-03,3.6296848747e-03,3.5783310225e-03,3.5432638421e-03,2.2236103977e-03
394.5,3.6542017028e-03,4.5638335879e-03,4.9896828932e-03,4.9029530549e-03,4.8156624641e-03,4.7459872335e-03,4.6889129809e-03,4.5800667072e-03,4.5297661826e-03,4.5950448251e-03,4.4883483362e-03,4.3711973920e-03,4.2666944737e-03,4.1794776021e-03,4.0925377634e-03,4.0088692392e-03,3.9249550698e-03,3.8575759369e-03,3.8006512594e-03,3.7342813763e-03,3.6819098240e-03,3.6300428966e-03,3.5786805940e-03,3.5436076828e-03,2.2237807080e-03
395,3.6545278893e-03,4.5643536887e-03,4.9902653151e-03,4.9035224786e-03,4.8162188594e-03,4.7465335096e-03,4.6894506988e-03,4.5805887641e-03,4.5302749002e-03,4.5955632193e-03,4.4888493099e-03,4.3716788676e-03,4.2671587733e-03,4.1799275742e-03,4.0929734405e-03,4.0092909926e-03,3.9253628729e-03,3.8579725459e-03,3.8010387520e-03,3.7346577980e-03,3.6822776409e-03,3.6304021704e-03,3.5790313863e-03,3.5439527231e-03,2.2239515759e-03
395.5,3.6548552039e-03,4.5648756242e-03,4.9908497996e-03,4.9040939173e-03,4.8167772222e-03,4.7470817160e-03,4.6899903159e-03,4.5811126628e-03,4.5307854112e-03,4.5960834419e-03,4.4893520483e-03,4.3721620365e-03,4.2676247033e-03,4.1803791244e-03,4.0934106434e-03,4.0097142208e-03,3.9257720998e-03,3.8583705378e-03,3.8014275941e-03,3.7350355288e-03,3.6826467355e-03,3.6307626905e-03,3.5793833938e-03,3.5442989578e-03,2.2241229989e-03
396,3.6551836416e-03,4.5653993863e-03,4.9914363374e-03,4.9046673622e-03,4.8173375436e-03,4.7476318444e-03,4.6905318238e-03,4.5816383952e-03,4.5312977075e-03,4.5966054848e-03,4.4898565435e-03,4.3726468912e-03,4.2680922567e-03,4.1808322457e-03,4.0938493653e-03,4.0101389174e-03,3.9261827442e-03,3.8587699065e-03,3.8018177797e-03,3.7354145628e-03,3.6830171018e-03,3.6311244513e-03,3.5797366112e-03,3.5446463813e-03,2.2242949744e-03
396.5,3.6555131971e-03,4.5659249669e-03,4.9920249196e-03,4.9052428043e-03,4.8178998152e-03,4.7481838861e-03,4.6910752139e-03,4.5821659531e-03,4.5318117814e-03,4.5971293400e-03,4.4903627878e-03,4.3731334243e-03,4.2685614261e-03,4.1812869312e-03,4.0942895994e-03,4.0105650757e-03,3.9265947998e-03,3.8591706457e-03,3.8022093028e-03,3.7357948941e-03,3.6833887343e-03,3.6314874473e-03,3.5800910330e-03,3.5449949883e-03,2.2244674998e-03
397,3.6558438655e-03,4.5664523578e-03,4.9926155372e-03,4.9058202348e-03,4.8184640281e-03,4.7487378326e-03,4.6916204781e-03,4.5826953286e-03,4.5323276248e-03,4.5976549993e-03,4.4908707733e-03,4.3736216283e-03,4.2690322044e-03,4.1817431736e-03,4.0947313390e-03,4.0109926892e-03,3.9270082603e-03,3.8595727493e-03,3.8026021574e-03,3.7361765169e-03,3.6837616273e-03,3.6318516729e-03,3.5804466538e-03,3.5453447735e-03,2.2246405727e-03
397.5,3.6561756414e-03,4.5669815512e-03,4.9932081810e-03,4.9063996450e-03,4.8190301738e-03,4.7492936757e-03,4.6921676080e-03,4.5832265136e-03,4.5328452299e-03,4.5981824549e-03,4.4913804924e-03,4.3741114958e-03,4.2695045843e-03,4.1822009663e-03,4.0951745774e-03,4.0114217514e-03,3.9274231193e-03,3.8599762112e-03,3.8029963375e-03,3.7365594254e-03,3.6841357750e-03,3.6322171225e-03,3.5808034681e-03,3.5456957316e-03,2.2248141904e-03
398,3.6565085200e-03,4.5675125391e-03,4.9938028422e-03,4.9069810260e-03,4.8195982439e-03,4.7498514068e-03,4.6927165954e-03,4.5837595000e-03,4.5333645889e-03,4.5987116986e-03,4.4918919374e-03,4.3746030193e-03,4.2699785588e-03,4.1826603022e-03,4.0956193078e-03,4.0118522558e-03,3.9278393705e-03,3.8603810254e-03,3.8033918371e-03,3.7369436139e-03,3.6845111718e-03,3.6325837907e-03,3.5811614706e-03,3.5460478572e-03,2.2249883505e-03
398.5,3.6568424961e-03,4.5680453133e-03,4.9943995118e-03,4.9075643692e-03,4.8201682296e-03,4.7504110177e-03,4.6932674320e-03,4.5842942798e-03,4.5338856940e-03,4.5992427227e-03,4.4924051005e-03,4.3750961914e-03,4.2704541207e-03,4.1831211745e-03,4.0960655237e-03,4.0122841960e-03,3.9282570079e-03,3.8607871857e-03,3.8037886504e-03,3.7373290765e-03,3.6848878122e-03,3.6329516719e-03,3.5815206558e-03,3.5464011452e-03,2.2251630504e-03
399,3.6571775647e-03,4.5685798662e-03,4.9949981809e-03,4.9081496658e-03,4.8207401227e-03,4.7509724999e-03,4.6938201097e-03,4.5848308452e-03,4.5344085375e-03,4.5997755191e-03,4.4929199741e-03,4.3755910049e-03,4.2709312630e-03,4.1835835763e-03,4.0965132183e-03,4.0127175656e-03,3.9286760250e-03,3.8611946861e-03,3.8041867715e-03,3.7377158076e-03,3.6852656904e-03,3.6333207607e-03,3.5818810186e-03,3.5467555902e-03,2.2253382876e-03
399.5,3.6575137207e-03,4.5691161897e-03,4.9955988408e-03,4.9087369073e-03,4.8213139145e-03,4.7515358452e-03,4.6943746202e-03,4.5853691881e-03,4.5349331116e-03,4.6003100801e-03,4.4934365507e-03,4.3760874524e-03,4.2714099787e-03,4.1840475008e-03,4.0969623850e-03,4.0131523581e-03,3.9290964158e-03,3.8616035206e-03,3.8045861943e-03,3.7381038015e-03,3.6856448010e-03,3.6336910516e-03,3.5822425535e-03,3.5471111871e-03,2.2255140597e-03
400,3.6578509592e-03,4.5696542761e-03,4.9962014824e-03,4.9093260849e-03,4.8218895968e-03,4.7521010454e-03,4.6949309555e-03,4.5859093008e-03,4.5354594087e-03,4.6008463977e-03,4.4939548226e-03,4.3765855267e-03,4.2718902606e-03,4.1845129411e-03,4.0974130174e-03,4.0135885672e-03,3.9295181741e-03,3.8620136832e-03,3.8049869132e-03,3.7384930523e-03,3.6860251383e-03,3.6340625393e-03,3.5826052553e-03,3.5474679305e-03,2.2256903641e-03
400.5,3.6581892752e-03,4.5701941174e-03,4.9968060972e-03,4.9099171901e-03,4.8224671610e-03,4.7526680921e-03,4.6954891075e-03,4.5864511753e-03,4.5359874211e-03,4.6013844641e-03,4.4944747824e-03,4.3770852205e-03,4.2723721018e-03,4.1849798906e-03,4.0978651087e-03,4.0140261865e-03,3.9299412938e-03,3.8624251680e-03,3.8053889223e-03,3.7388835546e-03,3.6864066969e-03,3.6344352182e-03,3.5829691186e-03,3.5478258154e-03,2.2258671984e-03
401,3.6585286637e-03,4.5707357060e-03,4.9974126763e-03,4.9105102144e-03,4.8230465990e-03,4.7532369773e-03,4.6960490680e-03,4.5869948038e-03,4.5365171411e-03,4.6019242716e-03,4.4949964224e-03,4.3775865265e-03,4.2728554954e-03,4.1854483424e-03,4.0983186525e-03,4.0144652097e-03,3.9303657687e-03,3.8628379689e-03,3.8057922158e-03,3.7392753026e-03,3.6867894712e-03,3.6348090831e-03,3.5833341383e-03,3.5481848366e-03,2.2260445601e-03
401.5,3.6588691198e-03,4.5712790340e-03,4.9980212110e-03,4.9111051492e-03,4.8236279023e-03,4.7538076927e-03,4.6966108292e-03,4.5875401786e-03,4.5370485611e-03,4.6024658125e-03,4.4955197352e-03,4.3780894376e-03,4.2733404344e-03,4.1859182898e-03,4.0987736423e-03,4.0149056305e-03,3.9307915928e-03,3.8632520801e-03,3.8061967878e-03,3.7396682908e-03,3.6871734557e-03,3.6351841285e-03,3.5837003091e-03,3.5485449888e-03,2.2262224467e-03
402,3.6592106387e-03,4.5718240938e-03,4.9986316927e-03,4.9117019861e-03,4.8242110626e-03,4.7543802303e-03,4.6971743829e-03,4.5880872919e-03,4.5375816737e-03,4.6030090790e-03,4.4960447134e-03,4.3785939466e-03,4.2738269119e-03,4.1863897261e-03,4.0992300716e-03,4.0153474426e-03,3.9312187599e-03,3.8636674957e-03,3.8066026327e-03,3.7400625135e-03,3.6875586451e-03,3.6355603492e-03,3.5840676258e-03,3.5489062671e-03,2.2264008559e-03
402.5,3.6595532152e-03,4.5723708776e-03,4.9992441127e-03,4.9123007166e-03,4.8247960718e-03,4.7549545819e-03,4.6977397212e-03,4.5886361360e-03,4.5381164712e-03,4.6035540634e-03,4.4965713494e-03,4.3791000464e-03,4.2743149210e-03,4.1868626448e-03,4.0996879339e-03,4.0157906399e-03,3.9316472641e-03,3.8640842098e-03,3.8070097446e-03,3.7404579652e-03,3.6879450337e-03,3.6359377397e-03,3.5844360832e-03,3.5492686662e-03,2.2265797851e-03
403,3.6598968447e-03,4.5729193777e-03,4.9998584624e-03,4.9129013324e-03,4.8253829216e-03,4.7555307395e-03,4.6983068362e-03,4.5891867031e-03,4.5386529462e-03,4.6041007580e-03,4.4970996361e-03,4.3796077299e-03,4.2748044550e-03,4.1873370391e-03,4.1001472228e-03,4.0162352160e-03,3.9320770994e-03,3.8645022166e-03,3.8074181180e-03,3.7408546403e-03,3.6883326163e-03,3.6363162949e-03,3.5848056761e-03,3.5496321812e-03,2.2267592320e-03
403.5,3.6602415222e-03,4.5734695867e-03,5.0004747332e-03,4.9135038250e-03,4.8259716039e-03,4.7561086950e-03,4.6988757200e-03,4.5897389857e-03,4.5391910911e-03,4.6046491554e-03,4.4976295659e-03,4.3801169900e-03,4.2752955068e-03,4.1878129024e-03,4.1006079320e-03,4.0166811648e-03,3.9325082597e-03,3.8649215102e-03,3.8078277470e-03,3.7412525333e-03,3.6887213874e-03,3.6366960095e-03,3.5851763994e-03,3.5499968069e-03,2.2269391941e-03
404,3.6605872430e-03,4.5740214967e-03,5.0010929167e-03,4.9141081861e-03,4.8265621105e-03,4.7566884405e-03,4.6994463647e-03,4.5902929760e-03,4.5397308986e-03,4.6051992478e-03,4.4981611315e-03,4.3806278197e-03,4.2757880698e-03,4.1882902282e-03,4.1010700550e-03,4.0171284801e-03,3.9329407391e-03,3.8653420848e-03,3.8082386261e-03,3.7416516387e-03,3.6891113417e-03,3.6370768781e-03,3.5855482479e-03,3.5503625383e-03,2.2271196690e-03
404.5,3.6609340021e-03,4.5745751004e-03,5.0017130043e-03,4.9147144074e-03,4.8271544333e-03,4.7572699680e-03,4.7000187625e-03,4.5908486666e-03,4.5402723612e-03,4.6057510277e-03,4.4986943257e-03,4.3811402119e-03,4.2762821373e-03,4.1887690098e-03,4.1015335855e-03,4.0175771558e-03,3.9333745316e-03,3.8657639347e-03,3.8086507496e-03,3.7420519510e-03,3.6895024737e-03,3.6374588956e-03,3.5859212166e-03,3.5507293704e-03,2.2273006544e-03
405,3.6612817948e-03,4.5751303900e-03,5.0023349875e-03,4.9153224806e-03,4.8277485641e-03,4.7578532696e-03,4.7005929056e-03,4.5914060498e-03,4.5408154715e-03,4.6063044876e-03,4.4992291411e-03,4.3816541596e-03,4.2767777023e-03,4.1892492408e-03,4.1019985172e-03,4.0180271858e-03,3.9338096314e-03,3.8661870541e-03,3.8090641118e-03,3.7424534648e-03,3.6898947782e-03,3.6378420568e-03,3.5862953004e-03,3.5510972982e-03,2.2274821477e-03
405.5,3.6616306163e-03,4.5756873582e-03,5.0029588579e-03,4.9159323976e-03,4.8283444951e-03,4.7584383374e-03,4.7011687863e-03,4.5919651180e-03,4.5413602222e-03,4.6068596200e-03,4.4997655705e-03,4.3821696559e-03,4.2772747584e-03,4.1897309147e-03,4.1024648437e-03,4.0184785638e-03,3.9342460325e-03,3.8666114373e-03,3.8094787073e-03,3.7428561746e-03,3.6902882499e-03,3.6382263564e-03,3.5866704942e-03,3.5514663167e-03,2.2276641468e-03
406,3.6619804619e-03,4.5762459975e-03,5.0035846071e-03,4.9165441500e-03,4.8289422180e-03,4.7590251635e-03,4.7017463967e-03,4.5925258638e-03,4.5419066059e-03,4.6074164174e-03,4.5003036068e-03,4.3826866939e-03,4.2777732986e-03,4.1902140249e-03,4.1029325589e-03,4.0189312840e-03,3.9346837291e-03,3.8670370785e-03,3.8098945303e-03,3.7432600750e-03,3.6906828834e-03,3.6386117894e-03,3.5870467930e-03,3.5518364210e-03,2.2278466492e-03
406.5,3.6623313267e-03,4.5768063004e-03,5.0042122269e-03,4.9171577298e-03,4.8295417251e-03,4.7596137400e-03,4.7023257292e-03,4.5930882797e-03,4.5424546154e-03,4.6079748724e-03,4.5008432426e-03,4.3832052666e-03,4.2782733165e-03,4.1906985651e-03,4.1034016564e-03,4.0193853402e-03,3.9351227153e-03,3.8674639722e-03,3.8103115754e-03,3.7436651607e-03,3.6910786735e-03,3.6389983505e-03,3.5874241917e-03,3.5522076060e-03,2.2280296525e-03
407,3.6626832062e-03,4.5773682594e-03,5.0048417087e-03,4.9177731287e-03,4.8301430083e-03,4.7602040593e-03,4.7029067761e-03,4.5936523583e-03,4.5430042435e-03,4.6085349775e-03,4.5013844710e-03,4.3837253672e-03,4.2787748054e-03,4.1911845288e-03,4.1038721301e-03,4.0198407265e-03,3.9355629853e-03,3.8678921126e-03,3.8107298370e-03,3.7440714261e-03,3.6914756149e-03,3.6393860346e-03,3.5878026854e-03,3.5525798669e-03,2.2282131544e-03
407.5,3.6630360955e-03,4.5779318673e-03,5.0054730444e-03,4.9183903387e-03,4.8307460597e-03,4.7607961135e-03,4.7034895297e-03,4.5942180922e-03,4.5435554827e-03,4.6090967255e-03,4.5019272846e-03,4.3842469889e-03,4.2792777586e-03,4.1916719096e-03,4.1043439737e-03,4.0202974367e-03,3.9360045334e-03,3.8683214940e-03,3.8111493096e-03,3.7444788661e-03,3.6918737025e-03,3.6397748367e-03,3.5881822690e-03,3.5529531989e-03,2.2283971525e-03
408,3.6633899900e-03,4.5784971167e-03,5.0061062257e-03,4.9190093517e-03,4.8313508714e-03,4.7613898948e-03,4.7040739825e-03,4.5947854738e-03,4.5441083261e-03,4.6096601089e-03,4.5024716765e-03,4.3847701247e-03,4.2797821696e-03,4.1921607011e-03,4.1048171811e-03,4.0207554650e-03,3.9364473537e-03,3.8687521110e-03,3.8115699877e-03,3.7448874753e-03,3.6922729309e-03,3.6401647517e-03,3.5885629376e-03,3.5533275969e-03,2.2285816446e-03
408.5,3.6637448850e-03,4.5790640001e-03,5.0067412444e-03,4.9196301597e-03,4.8319574356e-03,4.7619853957e-03,4.7046601269e-03,4.5953544960e-03,4.5446627663e-03,4.6102251205e-03,4.5030176396e-03,4.3852947679e-03,4.2802880319e-03,4.1926508970e-03,4.1052917462e-03,4.0212148055e-03,3.9368914405e-03,3.8691839578e-03,3.8119918659e-03,3.7452972483e-03,3.6926732951e-03,3.6405557744e-03,3.5889446862e-03,3.5537030561e-03,2.2287666282e-03
409,3.6641007759e-03,4.5796325104e-03,5.0073780922e-03,4.9202527547e-03,4.8325657445e-03,4.7625826084e-03,4.7052479552e-03,4.5959251514e-03,4.5452187962e-03,4.6107917529e-03,4.5035651668e-03,4.3858209118e-03,4.2807953388e-03,4.1931424910e-03,4.1057676628e-03,4.0216754521e-03,3.9373367880e-03,3.8696170290e-03,3.8124149388e-03,3.7457081799e-03,3.6930747899e-03,3.6409478999e-03,3.5893275100e-03,3.5540795718e-03,2.2289521012e-03
409.5,3.6644576580e-03,4.5802026403e-03,5.0080167611e-03,4.9208771287e-03,4.8331757902e-03,4.7631815252e-03,4.7058374601e-03,4.5964974326e-03,4.5457764088e-03,4.6113599989e-03,4.5041142511e-03,4.3863485496e-03,4.2813040841e-03,4.1936354767e-03,4.1062449248e-03,4.0221373990e-03,3.9377833906e-03,3.8700513189e-03,3.8128392008e-03,3.7461202648e-03,3.6934774100e-03,3.6413411231e-03,3.5897114040e-03,3.5544571391e-03,2.2291380611e-03
410,3.6648155268e-03,4.5807743825e-03,5.0086572428e-03,4.9215032737e-03,4.8337875651e-03,4.7637821386e-03,4.7064286340e-03,4.5970713325e-03,4.5463355969e-03,4.6119298513e-03,4.5046648856e-03,4.3868776746e-03,4.2818142610e-03,4.1941298479e-03,4.1067235261e-03,4.0226006403e-03,3.9382312426e-03,3.8704868221e-03,3.8132646467e-03,3.7465334979e-03,3.6938811505e-03,3.6417354391e-03,3.5900963634e-03,3.5548357531e-03,2.2293245058e-03
410.5,3.6651743777e-03,4.5813477298e-03,5.0092995293e-03,4.9221311818e-03,4.8344010613e-03,4.7643844409e-03,4.7070214695e-03,4.5976468438e-03,4.5468963535e-03,4.6125013029e-03,4.5052170632e-03,4.3874082802e-03,4.2823258633e-03,4.1946255985e-03,4.1072034608e-03,4.0230651702e-03,3.9386803383e-03,3.8709235330e-03,3.8136912710e-03,3.7469478737e-03,3.6942860062e-03,3.6421308427e-03,3.5904823833e-03,3.5552154091e-03,2.2295114328e-03
411,3.6655342060e-03,4.5819226751e-03,5.0099436126e-03,4.9227608453e-03,4.8350162713e-03,4.7649884247e-03,4.7076159590e-03,4.5982239592e-03,4.5474586715e-03,4.6130743465e-03,4.5057707771e-03,4.3879403595e-03,4.2828388845e-03,4.1951227220e-03,4.1076847228e-03,4.0235309828e-03,3.9391306721e-03,3.8713614462e-03,3.8141190685e-03,3.7473633873e-03,3.6946919720e-03,3.6425273292e-03,3.5908694588e-03,3.5555961024e-03,2.2296988400e-03
411.5,3.6658950072e-03,4.5824992112e-03,5.0105894846e-03,4.9233922561e-03,4.8356331873e-03,4.7655940824e-03,4.7082120953e-03,4.5988026717e-03,4.5480225439e-03,4.6136489749e-03,4.5063260204e-03,4.3884739062e-03,4.2833533182e-03,4.1956212124e-03,4.1081673060e-03,4.0239980723e-03,3.9395822384e-03,3.8718005562e-03,3.8145480336e-03,3.7477800333e-03,3.6950990429e-03,3.6429248935e-03,3.5912575851e-03,3.5559778281e-03,2.2298867250e-03
412,3.6662567768e-03,4.5830773309e-03,5.0112371373e-03,4.9240254066e-03,4.8362518017e-03,4.7662014065e-03,4.7088098710e-03,4.5993829739e-03,4.5485879638e-03,4.6142251811e-03,4.5068827861e-03,4.3890089134e-03,4.2838691580e-03,4.1961210635e-03,4.1086512046e-03,4.0244664330e-03,3.9400350316e-03,3.8722408576e-03,3.8149781613e-03,3.7481978066e-03,3.6955072139e-03,3.6433235308e-03,3.5916467574e-03,3.5563605817e-03,2.2300750856e-03
412.5,3.6666195103e-03,4.5836570273e-03,5.0118865627e-03,4.9246602889e-03,4.8368721069e-03,4.7668103896e-03,4.7094092786e-03,4.5999648590e-03,4.5491549242e-03,4.6148029580e-03,4.5074410675e-03,4.3895453747e-03,4.2843863976e-03,4.1966222691e-03,4.1091364126e-03,4.0249360590e-03,3.9404890461e-03,3.8726823450e-03,3.8154094461e-03,3.7486167022e-03,3.6959164798e-03,3.6437232361e-03,3.5920369710e-03,3.5567443582e-03,2.2302639197e-03
413,3.6669832032e-03,4.5842382932e-03,5.0125377530e-03,4.9252968953e-03,4.8374940954e-03,4.7674210243e-03,4.7100103110e-03,4.6005483196e-03,4.5497234182e-03,4.6153822985e-03,4.5080008577e-03,4.3900832835e-03,4.2849050307e-03,4.1971248231e-03,4.1096229240e-03,4.0254069448e-03,3.9409442764e-03,3.8731250129e-03,3.8158418828e-03,3.7490367148e-03,3.6963268357e-03,3.6441240045e-03,3.5924282210e-03,3.5571291532e-03,2.2304532248e-03
413.5,3.6673478509e-03,4.5848211215e-03,5.0131907002e-03,4.9259352181e-03,4.8381177595e-03,4.7680333030e-03,4.7106129608e-03,4.6011333489e-03,4.5502934390e-03,4.6159631956e-03,4.5085621500e-03,4.3906226333e-03,4.2854250510e-03,4.1976287194e-03,4.1101107330e-03,4.0258790844e-03,3.9414007170e-03,3.8735688560e-03,3.8162754662e-03,3.7494578394e-03,3.6967382767e-03,3.6445258312e-03,3.5928205027e-03,3.5575149619e-03,2.2306429988e-03
414,3.6677134491e-03,4.5854055054e-03,5.0138453965e-03,4.9265752495e-03,4.8387430919e-03,4.7686472186e-03,4.7112172208e-03,4.6017199397e-03,4.5508649795e-03,4.6165456423e-03,4.5091249375e-03,4.3911634176e-03,4.2859464522e-03,4.1981339520e-03,4.1105998336e-03,4.0263524724e-03,3.9418583623e-03,3.8740138690e-03,3.8167101909e-03,3.7498800709e-03,3.6971507978e-03,3.6449287113e-03,3.5932138115e-03,3.5579017796e-03,2.2308332395e-03
414.5,3.6680799932e-03,4.5859914377e-03,5.0145018340e-03,4.9272169820e-03,4.8393700850e-03,4.7692627635e-03,4.7118230837e-03,4.6023080850e-03,4.5514380331e-03,4.6171296316e-03,4.5096892136e-03,4.3917056298e-03,4.2864692281e-03,4.1986405148e-03,4.1110902201e-03,4.0268271029e-03,3.9423172069e-03,3.8744600466e-03,3.8171460520e-03,3.7503034043e-03,3.6975643940e-03,3.6453326401e-03,3.5936081425e-03,3.5582896017e-03,2.2310239447e-03
415,3.6684474789e-03,4.5865789117e-03,5.0151600049e-03,4.9278604079e-03,4.8399987314e-03,4.7698799306e-03,4.7124305424e-03,4.6028977780e-03,4.5520125929e-03,4.6177151567e-03,4.5102549716e-03,4.3922492637e-03,4.2869933725e-03,4.1991484018e-03,4.1115818866e-03,4.0273029704e-03,3.9427772454e-03,3.8749073833e-03,3.8175830440e-03,3.7507278345e-03,3.6979790605e-03,3.6457376126e-03,3.5940034911e-03,3.5586784237e-03,2.2312151122e-03
415.5,3.6688159018e-03,4.5871679203e-03,5.0158199016e-03,4.9285055196e-03,4.8406290236e-03,4.7704987126e-03,4.7130395897e-03,4.6034890115e-03,4.5525886521e-03,4.6183022105e-03,4.5108222047e-03,4.3927943127e-03,4.2875188792e-03,4.1996576070e-03,4.1120748273e-03,4.0277800692e-03,3.9432384722e-03,3.8753558740e-03,3.8180211620e-03,3.7511533566e-03,3.6983947922e-03,3.6461436242e-03,3.5943998526e-03,3.5590682409e-03,2.2314067397e-03
416,3.6691852573e-03,4.5877584566e-03,5.0164815161e-03,4.9291523095e-03,4.8412609543e-03,4.7711191022e-03,4.7136502185e-03,4.6040817788e-03,4.5531662040e-03,4.6188907862e-03,4.5113909063e-03,4.3933407705e-03,4.2880457420e-03,4.2001681244e-03,4.1125690364e-03,4.0282583938e-03,3.9437008820e-03,3.8758055134e-03,3.8184604007e-03,3.7515799654e-03,3.6988115844e-03,3.6465506701e-03,3.5947972225e-03,3.5594590487e-03,2.2315988250e-03
416.5,3.6695555413e-03,4.5883505138e-03,5.0171448409e-03,4.9298007702e-03,4.8418945162e-03,4.7717410921e-03,4.7142624217e-03,4.6046760728e-03,4.5537452419e-03,4.6194808770e-03,4.5119610699e-03,4.3938886307e-03,4.2885739548e-03,4.2006799481e-03,4.1130645081e-03,4.0287379385e-03,3.9441644695e-03,3.8762562963e-03,3.8189007551e-03,3.7520076561e-03,3.6992294322e-03,3.6469587455e-03,3.5951955959e-03,3.5598508427e-03,2.2317913661e-03
417,3.6699267493e-03,4.5889440851e-03,5.0178098681e-03,4.9304508941e-03,4.8425297018e-03,4.7723646753e-03,4.7148761922e-03,4.6052718868e-03,4.5543257590e-03,4.6200724760e-03,4.5125326887e-03,4.3944378869e-03,4.2891035115e-03,4.2011930721e-03,4.1135612367e-03,4.0292186979e-03,3.9446292291e-03,3.8767082173e-03,3.8193422199e-03,3.7524364236e-03,3.6996483308e-03,3.6473678457e-03,3.5955949684e-03,3.5602436182e-03,2.2319843607e-03
417.5,3.6702988769e-03,4.5895391636e-03,5.0184765903e-03,4.9311026737e-03,4.8431665039e-03,4.7729898444e-03,4.7154915229e-03,4.6058692140e-03,4.5549077487e-03,4.6206655765e-03,4.5131057563e-03,4.3949885329e-03,4.2896344059e-03,4.2017074906e-03,4.1140592166e-03,4.0297006663e-03,3.9450951557e-03,3.8771612714e-03,3.8197847903e-03,3.7528662632e-03,3.7000682753e-03,3.6477779660e-03,3.5959953353e-03,3.5606373707e-03,2.2321778067e-03
418,3.6706719199e-03,4.5901357426e-03,5.0191449998e-03,4.9317561016e-03,4.8438049153e-03,4.7736165925e-03,4.7161084068e-03,4.6064680474e-03,4.5554912043e-03,4.6212601715e-03,4.5136802660e-03,4.3955405624e-03,4.2901666321e-03,4.2022231976e-03,4.1145584420e-03,4.0301838383e-03,3.9455622438e-03,3.8776154533e-03,3.8202284610e-03,3.7532971698e-03,3.7004892609e-03,3.6481891017e-03,3.5963966921e-03,3.5610320957e-03,2.2323717020e-03
418.5,3.6710458740e-03,4.5907338153e-03,5.0198150890e-03,4.9324111704e-03,4.8444449286e-03,4.7742449124e-03,4.7167268370e-03,4.6070683803e-03,4.5560761192e-03,4.6218562545e-03,4.5142562114e-03,4.3960939690e-03,4.2907001840e-03,4.2027401874e-03,4.1150589073e-03,4.0306682085e-03,3.9460304882e-03,3.8780707580e-03,3.8206732271e-03,3.7537291385e-03,3.7009112829e-03,3.6486012482e-03,3.5967990342e-03,3.5614277889e-03,2.2325660443e-03
419,3.6714207348e-03,4.5913333749e-03,5.0204868503e-03,4.9330678728e-03,4.8450865368e-03,4.7748747970e-03,4.7173468065e-03,4.6076702061e-03,4.5566624869e-03,4.6224538186e-03,4.5148335860e-03,4.3966487466e-03,4.2912350556e-03,4.2032584540e-03,4.1155606067e-03,4.0311537712e-03,3.9464998835e-03,3.8785271802e-03,3.8211190835e-03,3.7541621646e-03,3.7013343365e-03,3.6490144007e-03,3.5972023571e-03,3.5618244456e-03,2.2327608316e-03
419.5,3.6717964981e-03,4.5919344149e-03,5.0211602763e-03,4.9337262013e-03,4.8457297325e-03,4.7755062393e-03,4.7179683083e-03,4.6082735178e-03,4.5572503008e-03,4.6230528573e-03,4.5154123833e-03,4.3972048889e-03,4.2917712409e-03,4.2037779918e-03,4.1160635348e-03,4.0316405212e-03,3.9469704246e-03,3.8789847148e-03,3.8215660253e-03,3.7545962430e-03,3.7017584169e-03,3.6494285547e-03,3.5976066561e-03,3.5622220614e-03,2.2329560616e-03
420,3.6721731597e-03,4.5925369285e-03,5.0218353594e-03,4.9343861486e-03,4.8463745087e-03,4.7761392322e-03,4.7185913356e-03,4.6088783090e-03,4.5578395543e-03,4.6236533638e-03,4.5159925968e-03,4.3977623898e-03,4.2923087338e-03,4.2042987948e-03,4.1165676858e-03,4.0321284529e-03,3.9474421062e-03,3.8794433568e-03,3.8220140474e-03,3.7550313691e-03,3.7021835195e-03,3.6498437055e-03,3.5980119270e-03,3.5626206320e-03,2.2331517324e-03
420.5,3.6725507153e-03,4.5931409090e-03,5.0225120922e-03,4.9350477075e-03,4.8470208582e-03,4.7767737689e-03,4.7192158814e-03,4.6094845727e-03,4.5584302409e-03,4.6242553315e-03,4.5165742203e-03,4.3983212431e-03,4.2928475286e-03,4.2048208575e-03,4.1170730543e-03,4.0326175610e-03,3.9479149230e-03,3.8799031011e-03,3.8224631450e-03,3.7554675379e-03,3.7026096395e-03,3.6502598485e-03,3.5984181650e-03,3.5630201528e-03,2.2333478418e-03
421,3.6729291606e-03,4.5937463499e-03,5.0231904672e-03,4.9357108707e-03,4.8476687740e-03,4.7774098422e-03,4.7198419390e-03,4.6100923026e-03,4.5590223542e-03,4.6248587537e-03,4.5171572472e-03,4.3988814427e-03,4.2933876192e-03,4.2053441739e-03,4.1175796346e-03,4.0331078401e-03,3.9483888700e-03,3.8803639425e-03,3.8229133130e-03,3.7559047448e-03,3.7030367722e-03,3.6506769793e-03,3.5988253659e-03,3.5634206196e-03,2.2335443877e-03
421.5,3.6733084915e-03,4.5943532445e-03,5.0238704770e-03,4.9363756309e-03,4.8483182490e-03,4.7780474453e-03,4.7204695014e-03,4.6107014918e-03,4.5596158876e-03,4.6254636240e-03,4.5177416712e-03,4.3994429823e-03,4.2939289998e-03,4.2058687384e-03,4.1180874213e-03,4.0335992849e-03,3.9488639418e-03,3.8808258762e-03,3.8233645467e-03,3.7563429848e-03,3.7034649131e-03,3.6510950931e-03,3.5992335251e-03,3.5638220279e-03,2.2337413680e-03
422,3.6736887039e-03,4.5949615864e-03,5.0245521144e-03,4.9370419810e-03,4.8489692760e-03,4.7786865713e-03,4.7210985620e-03,4.6113121339e-03,4.5602108348e-03,4.6260699357e-03,4.5183274859e-03,4.4000058561e-03,4.2944716644e-03,4.2063945453e-03,4.1185964088e-03,4.0340918900e-03,3.9493401333e-03,3.8812888971e-03,3.8238168409e-03,3.7567822533e-03,3.7038940573e-03,3.6515141856e-03,3.5996426382e-03,3.5642243734e-03,2.2339387807e-03
422.5,3.6740697934e-03,4.5955713688e-03,5.0252353718e-03,4.9377099137e-03,4.8496218482e-03,4.7793272133e-03,4.7217291139e-03,4.6119242222e-03,4.5608071894e-03,4.6266776823e-03,4.5189146852e-03,4.4005700578e-03,4.2950156073e-03,4.2069215890e-03,4.1191065917e-03,4.0345856501e-03,3.9498174395e-03,3.8817530001e-03,3.8242701910e-03,3.7572225456e-03,3.7043242003e-03,3.6519342521e-03,3.6000527008e-03,3.5646276517e-03,2.2341366236e-03
423,3.6744517561e-03,4.5961825855e-03,5.0259202421e-03,4.9383794220e-03,4.8502759586e-03,4.7799693644e-03,4.7223611504e-03,4.6125377502e-03,4.5614049449e-03,4.6272868574e-03,4.5195032626e-03,4.4011355814e-03,4.2955608226e-03,4.2074498638e-03,4.1196179644e-03,4.0350805599e-03,3.9502958551e-03,3.8822181804e-03,3.8247245920e-03,3.7576638568e-03,3.7047553376e-03,3.6523552881e-03,3.6004637084e-03,3.5650318585e-03,2.2343348946e-03
423.5,3.6748345877e-03,4.5967952297e-03,5.0266067179e-03,4.9390504987e-03,4.8509316002e-03,4.7806130179e-03,4.7229946647e-03,4.6131527114e-03,4.5620040951e-03,4.6278974543e-03,4.5200932120e-03,4.4017024210e-03,4.2961073046e-03,4.2079793641e-03,4.1201305216e-03,4.0355766142e-03,3.9507753752e-03,3.8826844329e-03,3.8251800391e-03,3.7581061823e-03,3.7051874644e-03,3.6527772892e-03,3.6008756569e-03,3.5654369895e-03,2.2345335918e-03
424,3.6752182841e-03,4.5974092952e-03,5.0272947920e-03,4.9397231368e-03,4.8515887660e-03,4.7812581669e-03,4.7236296503e-03,4.6137690994e-03,4.5626046335e-03,4.6285094668e-03,4.5206845270e-03,4.4022705706e-03,4.2966550474e-03,4.2085100843e-03,4.1206442578e-03,4.0360738077e-03,3.9512559946e-03,3.8831517527e-03,3.8256365275e-03,3.7585495175e-03,3.7056205763e-03,3.6532002510e-03,3.6012885416e-03,3.5658430404e-03,2.2347327131e-03
424.5,3.6756028412e-03,4.5980247754e-03,5.0279844572e-03,4.9403973291e-03,4.8522474493e-03,4.7819048047e-03,4.7242661004e-03,4.6143869076e-03,4.5632065539e-03,4.6291228883e-03,4.5212772015e-03,4.4028400241e-03,4.2972040453e-03,4.2090420187e-03,4.1211591676e-03,4.0365721352e-03,3.9517377082e-03,3.8836201350e-03,3.8260940523e-03,3.7589938576e-03,3.7060546686e-03,3.6536241688e-03,3.6017023584e-03,3.5662500070e-03,2.2349322564e-03
425,3.6759882550e-03,4.5986416640e-03,5.0286757062e-03,4.9410730686e-03,4.8529076430e-03,4.7825529244e-03,4.7249040084e-03,4.6150061296e-03,4.5638098501e-03,4.6297377124e-03,4.5218712293e-03,4.4034107756e-03,4.2977542925e-03,4.2095751620e-03,4.1216752457e-03,4.0370715915e-03,3.9522205111e-03,3.8840895747e-03,3.8265526089e-03,3.7594391980e-03,3.7064897369e-03,3.6540490385e-03,3.6021171028e-03,3.5666578850e-03,2.2351322198e-03
425.5,3.6763745214e-03,4.5992599546e-03,5.0293685319e-03,4.9417503484e-03,4.8535693404e-03,4.7832025196e-03,4.7255433677e-03,4.6156267591e-03,4.5644145156e-03,4.6303539329e-03,4.5224666043e-03,4.4039828193e-03,4.2983057834e-03,4.2101095084e-03,4.1221924867e-03,4.0375721714e-03,3.9527043983e-03,3.8845600672e-03,3.8270121924e-03,3.7598855342e-03,3.7069257765e-03,3.6544748554e-03,3.6025327706e-03,3.5670666701e-03,2.2353326011e-03
426,3.6767616363e-03,4.5998796407e-03,5.0300629272e-03,4.9424291614e-03,4.8542325347e-03,4.7838535833e-03,4.7261841717e-03,4.6162487896e-03,4.5650205444e-03,4.6309715432e-03,4.5230633202e-03,4.4045561492e-03,4.2988585123e-03,4.2106450526e-03,4.1227108852e-03,4.0380738697e-03,3.9531893647e-03,3.8850316074e-03,3.8274727981e-03,3.7603328614e-03,3.7073627831e-03,3.6549016152e-03,3.6029493576e-03,3.5674763581e-03,2.2355333983e-03
426.5,3.6771495956e-03,4.6005007162e-03,5.0307588850e-03,4.9431095007e-03,4.8548972191e-03,4.7845061090e-03,4.7268264139e-03,4.6168722148e-03,4.5656279303e-03,4.6315905372e-03,4.5236613710e-03,4.4051307594e-03,4.2994124734e-03,4.2111817890e-03,4.1232304360e-03,4.0385766814e-03,3.9536754053e-03,3.8855041906e-03,3.8279344212e-03,3.7607811751e-03,3.7078007522e-03,3.6553293136e-03,3.6033668593e-03,3.5678869449e-03,2.2357346095e-03
427,3.6775383955e-03,4.6011231746e-03,5.0314563981e-03,4.9437913594e-03,4.8555633868e-03,4.7851600901e-03,4.7274700877e-03,4.6174970283e-03,4.5662366669e-03,4.6322109085e-03,4.5242607506e-03,4.4057066441e-03,4.2999676613e-03,4.2117197122e-03,4.1237511337e-03,4.0390806011e-03,3.9541625153e-03,3.8859778119e-03,3.8283970572e-03,3.7612304708e-03,3.7082396792e-03,3.6557579461e-03,3.6037852716e-03,3.5682984262e-03,2.2359362327e-03
427.5,3.6779280317e-03,4.6017470097e-03,5.0321554595e-03,4.9444747306e-03,4.8562310311e-03,4.7858155198e-03,4.7281151867e-03,4.6181232239e-03,4.5668467483e-03,4.6328326508e-03,4.5248614530e-03,4.4062837975e-03,4.3005240702e-03,4.2122588167e-03,4.1242729732e-03,4.0395856240e-03,3.9546506897e-03,3.8864524666e-03,3.8288607012e-03,3.7616807438e-03,3.7086795597e-03,3.6561875085e-03,3.6042045902e-03,3.5687107979e-03,2.2361382658e-03
428,3.6783185005e-03,4.6023722152e-03,5.0328560622e-03,4.9451596075e-03,4.8569001452e-03,4.7864723918e-03,4.7287617043e-03,4.6187507952e-03,4.5674581682e-03,4.6334557579e-03,4.5254634721e-03,4.4068622137e-03,4.3010816945e-03,4.2127990971e-03,4.1247959490e-03,4.0400917449e-03,3.9551399236e-03,3.8869281498e-03,3.8293253486e-03,3.7621319897e-03,3.7091203893e-03,3.6566179964e-03,3.6046248109e-03,3.5691240558e-03,2.2363407069e-03
428.5,3.6787097977e-03,4.6029987850e-03,5.0335581993e-03,4.9458459831e-03,4.8575707226e-03,4.7871306993e-03,4.7294096342e-03,4.6193797360e-03,4.5680709206e-03,4.6340802236e-03,4.5260668019e-03,4.4074418871e-03,4.3016405287e-03,4.2133405480e-03,4.1253200561e-03,4.0405989587e-03,3.9556302120e-03,3.8874048569e-03,3.8297909948e-03,3.7625842039e-03,3.7095621637e-03,3.6570494055e-03,3.6050459295e-03,3.5695381958e-03,2.2365435540e-03
429,3.6791019195e-03,4.6036267127e-03,5.0342618636e-03,4.9465338508e-03,4.8582427566e-03,4.7877904359e-03,4.7300589698e-03,4.6200100401e-03,4.5686849994e-03,4.6347060416e-03,4.5266714363e-03,4.4080228118e-03,4.3022005673e-03,4.2138831640e-03,4.1258452893e-03,4.0411072604e-03,3.9561215502e-03,3.8878825830e-03,3.8302576352e-03,3.7630373820e-03,3.7100048783e-03,3.6574817316e-03,3.6054679418e-03,3.5699532138e-03,2.2367468051e-03
429.5,3.6794948619e-03,4.6042559923e-03,5.0349670484e-03,4.9472232036e-03,4.8589162404e-03,4.7884515951e-03,4.7307097049e-03,4.6206417013e-03,4.5693003985e-03,4.6353332058e-03,4.5272773696e-03,4.4086049821e-03,4.3027618047e-03,4.2144269398e-03,4.1263716432e-03,4.0416166450e-03,3.9566139332e-03,3.8883613235e-03,3.8307252651e-03,3.7634915194e-03,3.7104485288e-03,3.6579149702e-03,3.6058908436e-03,3.5703691056e-03,2.2369504583e-03
430,3.6798886210e-03,4.6048866176e-03,5.0356737467e-03,4.9479140349e-03,4.8595911676e-03,4.7891141704e-03,4.7313618330e-03,4.6212747134e-03,4.5699171119e-03,4.6359617101e-03,4.5278845956e-03,4.4091883923e-03,4.3033242353e-03,4.2149718701e-03,4.1268991128e-03,4.0421271074e-03,3.9571073562e-03,3.8888410737e-03,3.8311938799e-03,3.7639466117e-03,3.7108931109e-03,3.6583491173e-03,3.6063146308e-03,3.5707858672e-03,2.2371545115e-03
