energy_MeV_per_u,section_00_mass_xs_per_mm_at_1g_cm3,section_01_mass_xs_per_mm_at_1g_cm3,section_02_mass_xs_per_mm_at_1g_cm3,section_03_mass_xs_per_mm_at_1g_cm3,section_04_mass_xs_per_mm_at_1g_cm3,section_05_mass_xs_per_mm_at_1g_cm3,section_06_mass_xs_per_mm_at_1g_cm3,section_07_mass_xs_per_mm_at_1g_cm3,section_08_mass_xs_per_mm_at_1g_cm3,section_09_mass_xs_per_mm_at_1g_cm3,section_10_mass_xs_per_mm_at_1g_cm3,section_11_mass_xs_per_mm_at_1g_cm3,section_12_mass_xs_per_mm_at_1g_cm3,section_13_mass_xs_per_mm_at_1g_cm3,section_14_mass_xs_per_mm_at_1g_cm3,section_15_mass_xs_per_mm_at_1g_cm3,section_16_mass_xs_per_mm_at_1g_cm3,section_17_mass_xs_per_mm_at_1g_cm3,section_18_mass_xs_per_mm_at_1g_cm3,section_19_mass_xs_per_mm_at_1g_cm3,section_20_mass_xs_per_mm_at_1g_cm3,section_21_mass_xs_per_mm_at_1g_cm3,section_22_mass_xs_per_mm_at_1g_cm3,section_23_mass_xs_per_mm_at_1g_cm3,section_24_mass_xs_per_mm_at_1g_cm3
0.100000,0.000000000000e+00,7.797925370990e-03,8.782129544030e-03,8.555005504100e-03,8.327881464170e-03,8.176465437550e-03,8.025049410930e-03,7.797925370990e-03,7.116553251200e-03,7.192261264510e-03,6.738013184650e-03,6.208057091470e-03,5.753809011610e-03,5.375268945050e-03,4.996728878500e-03,4.618188811950e-03,4.239648745390e-03,3.936816692150e-03,3.709692652220e-03,3.406860598980e-03,3.179736559050e-03,2.952612519110e-03,2.725488479180e-03,2.574072452560e-03,0.000000000000e+00
0.600000,0.000000000000e+00,6.472407918320e-03,7.289313772080e-03,7.100797036600e-03,6.912280301110e-03,6.786602477460e-03,6.660924653800e-03,6.472407918320e-03,5.906857711860e-03,5.969696623690e-03,5.592663152720e-03,5.152790769920e-03,4.775757298950e-03,4.461562739810e-03,4.147368180670e-03,3.833173621530e-03,3.518979062390e-03,3.267623415070e-03,3.079106679590e-03,2.827751032270e-03,2.639234296790e-03,2.450717561300e-03,2.262200825820e-03,2.136523002160e-03,0.000000000000e+00
1.100000,1.078499344983e-03,6.690557508935e-03,8.132943450676e-03,7.824400935277e-03,7.519603999556e-03,7.284569727958e-03,7.082713012213e-03,6.726113549570e-03,6.310009732255e-03,6.613283716416e-03,6.210599242791e-03,5.749514615687e-03,5.349057262928e-03,5.015249835184e-03,4.681923379581e-03,4.352822971267e-03,4.023672108324e-03,3.759222698592e-03,3.553173442349e-03,3.291153476554e-03,3.090342666512e-03,2.890746578433e-03,2.692365212317e-03,2.558634844794e-03,0.000000000000e+00
1.600000,3.764456703809e-03,8.816672145432e-03,1.027429250242e-02,9.968507241625e-03,9.660986437169e-03,9.425678438870e-03,9.223561577686e-03,8.859698402995e-03,8.495568170445e-03,8.678306602788e-03,8.236297450508e-03,7.740998220417e-03,7.305158240905e-03,6.941286277537e-03,6.578434257347e-03,6.224535495718e-03,5.870136932712e-03,5.585916719170e-03,5.354986583467e-03,5.073425019461e-03,4.855165748176e-03,4.638235801651e-03,4.422635179874e-03,4.276713106208e-03,0.000000000000e+00
2.100000,5.073071164562e-03,9.742245305296e-03,1.117412243677e-02,1.087500320356e-02,1.057430670235e-02,1.034258998545e-02,1.014508616820e-02,9.786325647185e-03,9.457882079995e-03,9.645395527892e-03,9.223657332216e-03,8.752229506039e-03,8.336703787167e-03,7.989779280934e-03,7.643876937947e-03,7.307047831984e-03,6.969735262993e-03,6.699129130440e-03,6.478212628369e-03,6.210340567687e-03,6.002227355594e-03,5.795481179430e-03,5.590102039202e-03,5.450945872381e-03,1.160128828320e-03
2.600000,5.803042572008e-03,1.018286900561e-02,1.158328050871e-02,1.129154658433e-02,1.099833728009e-02,1.077136007799e-02,1.057885750419e-02,1.022714169962e-02,9.924498447474e-03,1.011468858309e-02,9.710859906384e-03,9.260123383534e-03,8.862430451815e-03,8.530429005169e-03,8.199396019094e-03,7.877377320197e-03,7.554843491454e-03,7.296063505484e-03,7.084191365625e-03,6.828162997465e-03,6.628963434604e-03,6.431139680663e-03,6.234691735602e-03,6.101482503477e-03,1.922848505770e-03
3.100000,6.244617916322e-03,1.039158353705e-02,1.175984814598e-02,1.147539179133e-02,1.118953218265e-02,1.096751983970e-02,1.077990323254e-02,1.043566806457e-02,1.015313141234e-02,1.034345300317e-02,9.954880949648e-03,9.521674984385e-03,9.139147980407e-03,8.819829083586e-03,8.501437262271e-03,8.191960554693e-03,7.881951563222e-03,7.633199239715e-03,7.429080827939e-03,7.183071859151e-03,6.991456240419e-03,6.801212299047e-03,6.612340035044e-03,6.484192155083e-03,2.411120315110e-03
3.600000,6.524475486389e-03,1.047616850400e-02,1.181322712665e-02,1.153570404184e-02,1.125683212166e-02,1.103969947696e-02,1.085671621342e-02,1.051988167869e-02,1.025379711272e-02,1.044297284823e-02,1.006772108928e-02,9.649764218971e-03,9.280463360232e-03,8.972199719800e-03,8.664829555507e-03,8.366259057455e-03,8.067147061349e-03,7.827122142454e-03,7.629802334929e-03,7.392499907725e-03,7.207500167234e-03,7.023861672574e-03,6.841584423763e-03,6.717852754129e-03,2.742839661860e-03
4.100000,6.706058333782e-03,1.048926463791e-02,1.179657353956e-02,1.152558474068e-02,1.125329008306e-02,1.104084394845e-02,1.086221486381e-02,1.053251538542e-02,1.028035431583e-02,1.046770837629e-02,1.010430057845e-02,9.699866467880e-03,9.342316256180e-03,9.043871291358e-03,8.746291523177e-03,8.457390295695e-03,8.167943047992e-03,7.935660568518e-03,7.744404401755e-03,7.514817149832e-03,7.335696471075e-03,7.157923406091e-03,6.981497954886e-03,6.861691251679e-03,2.977641984400e-03
4.600000,6.824347971543e-03,1.045913170244e-02,1.173825971592e-02,1.147341288198e-02,1.120729531097e-02,1.099931037198e-02,1.082476604428e-02,1.050187581203e-02,1.026179021461e-02,1.044695897532e-02,1.009423059111e-02,9.701964961064e-03,9.355003480083e-03,9.065404112258e-03,8.776645507546e-03,8.496443665618e-03,8.215694208191e-03,7.990380857590e-03,7.804604752860e-03,7.581956139049e-03,7.408134038445e-03,7.235644306220e-03,7.064486942415e-03,6.948218069917e-03,3.148754817790e-03
5.100000,6.900055125083e-03,1.040202350726e-02,1.165449870385e-02,1.139542849399e-02,1.113511702073e-02,1.093136612056e-02,1.076065814863e-02,1.044424204448e-02,1.021482403788e-02,1.039761650251e-02,1.005462390796e-02,9.673433960590e-03,9.336120922775e-03,9.054580109502e-03,8.773858527480e-03,8.501573739609e-03,8.228741639108e-03,8.009773033262e-03,7.829001780245e-03,7.612665920141e-03,7.443672478817e-03,7.275995410364e-03,7.109634714770e-03,6.996590201192e-03,3.276067770430e-03
5.600000,6.946132019682e-03,1.032778828790e-02,1.155504188328e-02,1.130141513282e-02,1.104657238015e-02,1.084683862410e-02,1.067974188547e-02,1.036947648218e-02,1.014961812672e-02,1.032994314201e-02,9.995904998510e-03,9.624888820938e-03,9.296446426934e-03,9.022313409077e-03,8.748980353907e-03,8.483967131203e-03,8.218408164305e-03,8.005268735511e-03,7.829107340788e-03,7.618568144034e-03,7.454014545463e-03,7.290761062904e-03,7.128807696373e-03,7.018728123763e-03,3.372164206220e-03
6.100000,6.971038528695e-03,1.024263812423e-02,1.144598839708e-02,1.119750360951e-02,1.094782484467e-02,1.075190598613e-02,1.058821761603e-02,1.028379931193e-02,1.007260575353e-02,1.025043172905e-02,9.924689485535e-03,9.563088884096e-03,9.242862088797e-03,8.975588999233e-03,8.709098416967e-03,8.450814256566e-03,8.191986780396e-03,7.984242948436e-03,7.812357474405e-03,7.607181405754e-03,7.446740127926e-03,7.287582731738e-03,7.129709217211e-03,7.022376031133e-03,3.445363793080e-03
6.600000,6.980498599043e-03,1.015061676334e-02,1.133126967763e-02,1.108765448189e-02,1.084286478595e-02,1.065057423134e-02,1.049011152210e-02,1.019125893923e-02,9.987991916739e-03,1.016332347907e-02,9.845313798835e-03,9.492481584236e-03,9.179910414480e-03,8.919029034110e-03,8.658914190242e-03,8.406896104962e-03,8.154337723276e-03,7.951619269334e-03,7.783723349743e-03,7.583540568081e-03,7.426931576277e-03,7.271590420595e-03,7.117517101080e-03,7.012743412874e-03,3.501368373400e-03
7.100000,6.978499518003e-03,1.005442218536e-02,1.121347869956e-02,1.097448675376e-02,1.073433773712e-02,1.054550407796e-02,1.038810216421e-02,1.009455597347e-02,9.898595575591e-03,1.007145953659e-02,9.760694460509e-03,9.416071034755e-03,9.110670706515e-03,8.855775780460e-03,8.601632657965e-03,8.355480386706e-03,8.108791246005e-03,7.910777972303e-03,7.746623048281e-03,7.551113927160e-03,7.398094752694e-03,7.246327654518e-03,7.095812632642e-03,6.993436608314e-03,3.544204035960e-03
7.600000,6.967887457228e-03,9.955889163608e-03,1.109435479271e-02,1.085976272922e-02,1.062402934959e-02,1.043849529349e-02,1.028400495564e-02,9.995526593846e-03,9.806344490109e-03,9.976781169296e-03,9.672833474870e-03,9.335929625005e-03,9.037275888130e-03,8.788012835357e-03,8.539487901160e-03,8.298851574946e-03,8.057682086092e-03,7.864094006135e-03,7.703462081627e-03,7.512347314851e-03,7.362705739744e-03,7.214300821217e-03,7.067132559290e-03,6.967012543630e-03,3.576786092180e-03
8.100000,6.950736527590e-03,9.856283391458e-03,1.097507805480e-02,1.074468268924e-02,1.051316037172e-02,1.033078147880e-02,1.017906717731e-02,9.895437149971e-03,9.712577314978e-03,9.880635052867e-03,9.583127207923e-03,9.253511171469e-03,8.961229265010e-03,8.717284920084e-03,8.474065907758e-03,8.238636780685e-03,8.002678386917e-03,7.813268347121e-03,7.655966498823e-03,7.468999669677e-03,7.322548211885e-03,7.177318359423e-03,7.033310112292e-03,6.935320952437e-03,3.601271448340e-03
8.600000,6.928585208258e-03,9.756486651583e-03,1.085645396650e-02,1.063006983356e-02,1.040257194300e-02,1.022321535561e-02,1.007415351780e-02,9.795169617569e-03,9.618234108890e-03,9.783965740993e-03,9.492561408946e-03,9.169848957650e-03,8.883605124429e-03,8.644700627563e-03,8.406509457206e-03,8.176012802347e-03,7.944990900569e-03,7.759538921075e-03,7.605395060814e-03,7.422356950090e-03,7.278928625653e-03,7.136707235596e-03,6.995692779940e-03,6.899722999630e-03,3.619285848610e-03
9.100000,6.902592212857e-03,9.657116661003e-03,1.073903236694e-02,1.051648957996e-02,1.029284523412e-02,1.011638848246e-02,9.969866027480e-03,9.695341620577e-03,9.523979862176e-03,9.687440427800e-03,9.401837825025e-03,9.085684531431e-03,8.805179388299e-03,8.571064632049e-03,8.337651879504e-03,8.111841449876e-03,7.885509869191e-03,7.703818728821e-03,7.552678279262e-03,7.373372429513e-03,7.232817440631e-03,7.093455097071e-03,6.955285398810e-03,6.861234989816e-03,3.632074712720e-03
9.600000,6.873641840617e-03,9.558606511080e-03,1.062318595239e-02,1.040432835737e-02,1.018438054631e-02,1.001071046237e-02,9.866623537101e-03,9.596385982808e-03,9.430286539321e-03,9.591531784816e-03,9.311458409410e-03,9.001553524063e-03,8.726516804456e-03,8.496966031362e-03,8.268106542949e-03,8.046760186964e-03,7.824896816938e-03,7.646788556360e-03,7.498511805713e-03,7.322761011506e-03,7.184944119806e-03,7.048305961306e-03,6.912846535996e-03,6.820625206084e-03,3.640605808880e-03
10.100000,6.842416761640e-03,9.461258428263e-03,1.050916313229e-02,1.029384672004e-02,1.007745069195e-02,9.906462438671e-03,9.764715335656e-03,9.498604559788e-03,9.337488719252e-03,9.496574121132e-03,9.221782514714e-03,8.917844053494e-03,8.648030383088e-03,8.422838649181e-03,8.198328018652e-03,7.981244162813e-03,7.763647445024e-03,7.588960560247e-03,7.443420530290e-03,7.271064023773e-03,7.135862439272e-03,7.001826043911e-03,6.868954837681e-03,6.778480602523e-03,3.645640706360e-03
10.600000,6.809449288331e-03,9.365280821023e-03,1.039712425306e-02,1.018521579293e-02,9.972237667517e-03,9.803833878935e-03,9.664338108788e-03,9.402205331569e-03,9.245822026250e-03,9.402802159277e-03,9.133066459361e-03,8.834837214275e-03,8.570022676507e-03,8.349002976827e-03,8.128654681347e-03,7.915649474537e-03,7.702135553608e-03,7.530722716451e-03,7.387803424483e-03,7.218694591086e-03,7.085996255694e-03,6.954449922183e-03,6.824055590552e-03,6.735253628592e-03,3.647785486820e-03
11.100000,6.775158121804e-03,9.270814217365e-03,1.028716680678e-02,1.007854266885e-02,9.868858243870e-03,9.702948267040e-03,9.565621761385e-03,9.307328369888e-03,9.155450103804e-03,9.310378240551e-03,9.045491346385e-03,8.752735611418e-03,8.492714925563e-03,8.275695832748e-03,8.059338879855e-03,7.850243849890e-03,7.640644234950e-03,7.472370421638e-03,7.331965449115e-03,7.165969953613e-03,7.035672130476e-03,6.906513466257e-03,6.778493960941e-03,6.691295672265e-03,3.647527371800e-03
11.600000,6.739875099382e-03,9.177949678862e-03,1.017934320948e-02,9.973888346778e-03,9.767382067545e-03,9.603881295415e-03,9.468647719633e-03,9.214064271372e-03,9.066483816871e-03,9.219411683878e-03,8.959182904266e-03,8.671683762134e-03,8.416267942159e-03,8.203091647912e-03,7.990568623813e-03,7.785228735635e-03,7.579388362159e-03,7.414129302150e-03,7.276140604641e-03,7.113134838742e-03,6.985142942018e-03,6.858277692355e-03,6.732539089760e-03,6.646881315315e-03,3.645261597490e-03
12.100000,6.703864937815e-03,9.086742034266e-03,1.007367348457e-02,9.871280550513e-03,9.667844617400e-03,9.506673901568e-03,9.373462060270e-03,9.122467403335e-03,8.978995093453e-03,9.129972733518e-03,8.874225817838e-03,8.591782871488e-03,8.340797267272e-03,8.131317943780e-03,7.922483380260e-03,7.720755412671e-03,7.518531022002e-03,7.356171900911e-03,7.220508810451e-03,7.060378595423e-03,6.934605210863e-03,6.809946279333e-03,6.686401800834e-03,6.602226168843e-03,3.641311416300e-03
12.600000,6.667339991491e-03,8.997219492371e-03,9.970154401466e-03,9.770722981956e-03,9.570256574339e-03,9.411341707892e-03,9.280085028506e-03,9.032565524476e-03,8.893027012058e-03,9.042102718984e-03,8.790674195848e-03,8.513101656753e-03,8.266384301909e-03,8.060466719967e-03,7.855185717154e-03,7.656936894943e-03,7.458195668558e-03,7.298630034859e-03,7.165208417090e-03,7.007847910741e-03,6.884211969573e-03,6.761678592075e-03,6.640247778258e-03,6.557500152933e-03,3.635943176290e-03
13.100000,6.630471411820e-03,8.909390690102e-03,9.868766115346e-03,9.672202058280e-03,9.474610657424e-03,9.317881918521e-03,9.188518001031e-03,8.944366837545e-03,8.808601224963e-03,8.955821527123e-03,8.708559292631e-03,8.435684357879e-03,8.193084566002e-03,7.990602921314e-03,7.788749977699e-03,7.593856810608e-03,7.398475210627e-03,7.241604047334e-03,7.110345584301e-03,6.955656353398e-03,6.834082430412e-03,6.713599473606e-03,6.594207482988e-03,6.512837496180e-03,3.629377824350e-03
13.600000,6.593397674246e-03,8.823249902173e-03,9.769477024910e-03,9.575691852600e-03,9.380886648668e-03,9.226278396945e-03,9.098748619819e-03,8.857865201747e-03,8.725723466941e-03,8.871133144005e-03,8.627895253863e-03,8.359556719091e-03,8.120933883475e-03,7.921770792837e-03,7.723228804723e-03,7.531576095188e-03,7.339438873356e-03,7.185169804591e-03,7.056001380464e-03,6.903891608139e-03,6.784309321372e-03,6.665806682816e-03,6.548383692479e-03,6.468344342932e-03,3.621799776410e-03
14.100000,6.556231156404e-03,8.738780917997e-03,9.672247346184e-03,9.481157738581e-03,9.289055109287e-03,9.136505428089e-03,9.010754602226e-03,8.773044010920e-03,8.644387673635e-03,8.788029794872e-03,8.548683424843e-03,8.284730491483e-03,8.049953052041e-03,7.853998689794e-03,7.658658090427e-03,7.470138080303e-03,7.281137425736e-03,7.129384034242e-03,7.002237206088e-03,6.852621010444e-03,6.734964504550e-03,6.618376596597e-03,6.502857286553e-03,6.424104595160e-03,3.613363825090e-03
14.600000,6.519063257721e-03,8.655959943580e-03,9.577031752196e-03,9.388559090887e-03,9.199080141642e-03,9.048530520208e-03,8.924506583702e-03,8.689879095903e-03,8.564579079609e-03,8.706495056227e-03,8.470915602241e-03,8.211206845815e-03,7.980151395195e-03,7.787302745945e-03,7.595060760474e-03,7.409572393153e-03,7.223607195195e-03,7.074288432016e-03,6.949098971248e-03,6.801895816098e-03,6.686103315268e-03,6.571368618456e-03,6.457691725664e-03,6.380184437014e-03,3.604200568630e-03
15.100000,6.481968416200e-03,8.574757783460e-03,9.483781327997e-03,9.297851292225e-03,9.110921449141e-03,8.962316499399e-03,8.839970247525e-03,8.608340906249e-03,8.486276560902e-03,8.626506207042e-03,8.394576502126e-03,8.138978975219e-03,7.911529481157e-03,7.721689689677e-03,7.532449687109e-03,7.349897965961e-03,7.166873173096e-03,7.019912844194e-03,6.896620337274e-03,6.751754519942e-03,6.637767938859e-03,6.524828613567e-03,6.412936544054e-03,6.336635866788e-03,3.594420713450e-03
15.600000,6.445007283554e-03,8.495141486764e-03,9.392445019593e-03,9.208987227545e-03,9.024535875900e-03,8.877823079450e-03,8.757107925063e-03,8.528396155870e-03,8.409454414169e-03,8.548036012388e-03,8.319645642063e-03,8.068034090478e-03,7.844081215856e-03,7.657159018931e-03,7.470829945587e-03,7.291125373316e-03,7.110951433100e-03,6.966277750758e-03,6.844825249666e-03,6.702225453433e-03,6.589990057221e-03,6.478791604059e-03,6.368630093939e-03,6.293499473752e-03,3.584118510970e-03
16.100000,6.408229252224e-03,8.417075591937e-03,9.302970707057e-03,9.121918396044e-03,8.939878558144e-03,8.795008039899e-03,8.675879799879e-03,8.450009066869e-03,8.334083711692e-03,8.471054080879e-03,8.246098781593e-03,7.998354956217e-03,7.777795462007e-03,7.593704689384e-03,7.410200571299e-03,7.233258657957e-03,7.055851025260e-03,6.913396214207e-03,6.793729929254e-03,6.653328830601e-03,6.542792936114e-03,6.433283897817e-03,6.324801715740e-03,6.250806635944e-03,3.573374522890e-03
16.600000,6.371674479670e-03,8.340523068539e-03,9.215305996508e-03,9.036595737102e-03,8.856903784494e-03,8.713828109167e-03,8.596244813776e-03,8.373142310551e-03,8.260133335833e-03,8.395527899119e-03,8.173909027759e-03,7.929921077929e-03,7.712657296571e-03,7.531316430856e-03,7.350555935081e-03,7.176296764141e-03,7.001575467591e-03,6.861275417731e-03,6.743344446351e-03,6.605078368800e-03,6.496193081152e-03,6.388324779635e-03,6.281473464277e-03,6.208581269998e-03,3.562257861120e-03
17.100000,6.335375519255e-03,8.265446029551e-03,9.129398801150e-03,8.952970240882e-03,8.775565636337e-03,8.634239625478e-03,8.518161347482e-03,8.297757718725e-03,8.187570769201e-03,8.321423621048e-03,8.103047684990e-03,7.862709621531e-03,7.648648990557e-03,7.469980777591e-03,7.291886823506e-03,7.120234667975e-03,6.948123926164e-03,6.809917885189e-03,6.693673971625e-03,6.557482579179e-03,6.450201558469e-03,6.343927862019e-03,6.238661489828e-03,6.166841232197e-03,3.550828013860e-03
17.600000,6.299358641617e-03,8.191806268684e-03,9.045197763432e-03,8.870993396317e-03,8.695818461957e-03,8.556199028823e-03,8.441587729987e-03,8.223816820031e-03,8.116362698066e-03,8.248706669527e-03,8.033484908915e-03,7.796696126924e-03,7.585750774462e-03,7.409681876912e-03,7.234181290930e-03,7.065064272143e-03,6.895492152666e-03,6.759322452796e-03,6.644719774295e-03,6.510545799354e-03,6.404825053205e-03,6.300102169545e-03,6.196377148324e-03,6.125599446025e-03,3.539136342980e-03
18.100000,6.263644910570e-03,8.119565663967e-03,8.962652556987e-03,8.790617515933e-03,8.617617224167e-03,8.479663224391e-03,8.366482617085e-03,8.151281242567e-03,8.046475472102e-03,8.177342193764e-03,7.965190208781e-03,7.731855062199e-03,7.523941437171e-03,7.350402125665e-03,7.177425333173e-03,7.010775116556e-03,6.843673231895e-03,6.709485046298e-03,6.596480022300e-03,6.464269022831e-03,6.360066721487e-03,6.256853013191e-03,6.154627897975e-03,6.084864813761e-03,3.527227318680e-03
18.600000,6.228251063333e-03,8.048686478468e-03,8.881714097932e-03,8.711795966908e-03,8.540917751672e-03,8.404589847847e-03,8.292805270154e-03,8.080113013639e-03,7.977875453348e-03,8.107295415575e-03,7.898132832842e-03,7.668160253779e-03,7.463198795060e-03,7.292122671654e-03,7.121603421254e-03,6.957354944241e-03,6.792658179649e-03,6.660399304514e-03,6.548950425698e-03,6.418650568171e-03,6.315926878828e-03,6.214182698293e-03,6.113418026564e-03,6.044642956697e-03,3.515139542990e-03
19.100000,6.193190233770e-03,7.979131582082e-03,8.802334687266e-03,8.634483331197e-03,8.465676916849e-03,8.330937455650e-03,8.220515758129e-03,8.010274780644e-03,7.910529279358e-03,8.038531889740e-03,7.832282062832e-03,7.605585219854e-03,7.403500059098e-03,7.234823809164e-03,7.066698925223e-03,6.904790152879e-03,6.742436422234e-03,6.612057081011e-03,6.502124755870e-03,6.373686620358e-03,6.272403558541e-03,6.172091099584e-03,6.072749243492e-03,6.004936818498e-03,3.502906602210e-03
19.600000,6.158472549155e-03,7.910864612255e-03,8.724468101094e-03,8.558635511557e-03,8.391852757536e-03,8.258665657692e-03,8.149575100719e-03,7.941729970961e-03,7.844404059756e-03,7.971017697643e-03,7.767607437314e-03,7.544103427904e-03,7.344822122089e-03,7.178485290765e-03,7.012694450477e-03,6.853066155712e-03,6.692996181634e-03,6.564448848982e-03,6.455995265400e-03,6.329371670207e-03,6.229492965897e-03,6.130576130337e-03,6.032621163514e-03,5.965747158784e-03,3.490557780210e-03
20.100000,6.124105624256e-03,7.843850087825e-03,8.648069641859e-03,8.484209796383e-03,8.319404555944e-03,8.187735206182e-03,8.079945366417e-03,7.874442904917e-03,7.779467521083e-03,7.904719589274e-03,7.704078919775e-03,7.483688492707e-03,7.287141782440e-03,7.123086572897e-03,6.959572105096e-03,6.802167670088e-03,6.644324785515e-03,6.517564028218e-03,6.410553028521e-03,6.285698871873e-03,6.187189848623e-03,6.089634125723e-03,5.993031703128e-03,5.927072958240e-03,3.478118658060e-03
20.600000,6.090094972059e-03,7.778053486401e-03,8.573096159813e-03,8.411164893702e-03,8.248292884997e-03,8.118108050671e-03,8.011589735900e-03,7.808378872455e-03,7.715688111277e-03,7.839605084769e-03,7.641667023359e-03,7.424314327228e-03,7.230435918174e-03,7.068607008845e-03,6.907313711762e-03,6.752078948331e-03,6.596408916778e-03,6.471391249845e-03,6.365788217634e-03,6.242660334321e-03,6.145487799820e-03,6.049260157118e-03,5.953977406232e-03,5.888911751838e-03,3.465611619880e-03
21.100000,6.056444346087e-03,7.713441293941e-03,8.499506052512e-03,8.339460941663e-03,8.178479629926e-03,8.049747367550e-03,7.944472538780e-03,7.743504181952e-03,7.653035072812e-03,7.775642544899e-03,7.580342901489e-03,7.365955256739e-03,7.174681620921e-03,7.015025999775e-03,6.855900975645e-03,6.702783962188e-03,6.549234814785e-03,6.425918570750e-03,6.321690328042e-03,6.200247359386e-03,6.104379506071e-03,6.009448290451e-03,5.915453712513e-03,5.851259903991e-03,3.453056281530e-03
21.600000,6.023156026694e-03,7.649981032584e-03,8.427259247946e-03,8.269059501510e-03,8.109927991192e-03,7.982617570035e-03,7.878559270221e-03,7.679786187427e-03,7.591478491413e-03,7.712801217118e-03,7.520078412052e-03,7.308586103406e-03,7.119856298672e-03,6.962323112236e-03,6.805315616790e-03,6.654266549942e-03,6.502788437076e-03,6.381133647168e-03,6.278248360830e-03,6.158450636483e-03,6.063856951125e-03,5.970191798543e-03,5.877455178744e-03,5.814112835887e-03,3.440469855070e-03
22.100000,5.990231061094e-03,7.587641272269e-03,8.356317175771e-03,8.199923537676e-03,8.042602473527e-03,7.916684303506e-03,7.813816592137e-03,7.617193299502e-03,7.530989325813e-03,7.651051262736e-03,7.460846160633e-03,7.252182247932e-03,7.065937753083e-03,6.910478168886e-03,6.755539474184e-03,6.606510533588e-03,6.457055589641e-03,6.337023875383e-03,6.235450971746e-03,6.117260401748e-03,6.023911583028e-03,5.931483336441e-03,5.839975661985e-03,5.777465213867e-03,3.427867459780e-03
22.600000,5.957669465095e-03,7.526391629594e-03,8.286642729972e-03,8.132017388396e-03,7.976468864497e-03,7.851914429791e-03,7.750212322784e-03,7.555694983678e-03,7.471539422828e-03,7.590363769690e-03,7.402619527454e-03,7.196719672689e-03,7.012904237011e-03,6.859471317832e-03,6.706554586739e-03,6.559499811469e-03,6.412022031226e-03,6.293576505441e-03,6.193286592178e-03,6.076666568503e-03,5.984534451634e-03,5.893315085814e-03,5.803008471054e-03,5.741311105768e-03,3.415262388430e-03
23.100000,5.925470393055e-03,7.466202757259e-03,8.218200225621e-03,8.065306729669e-03,7.911494205626e-03,7.788276003531e-03,7.687715417924e-03,7.495261749302e-03,7.413101521131e-03,7.530710753974e-03,7.345372681647e-03,7.142174990728e-03,6.960734495959e-03,6.809283084617e-03,6.658343255952e-03,6.513218431359e-03,6.367673556883e-03,6.250778732895e-03,6.151743527557e-03,6.036658833809e-03,5.945716321500e-03,5.855678874293e-03,5.766546492206e-03,5.705644110744e-03,3.402666335890e-03
23.600000,5.893632281380e-03,7.407046326490e-03,8.150955351736e-03,7.999758534450e-03,7.847646758230e-03,7.725738242547e-03,7.626295945473e-03,7.435865131406e-03,7.355649246259e-03,7.472065152602e-03,7.289080585683e-03,7.088525463054e-03,6.909407796871e-03,6.759894410583e-03,6.610888093692e-03,6.467650647528e-03,6.323996064204e-03,6.208617772740e-03,6.110810036994e-03,5.997226765671e-03,5.907447764771e-03,5.818566273938e-03,5.730582293185e-03,5.670457467131e-03,3.390089596180e-03
24.100000,5.862152969843e-03,7.348895004189e-03,8.084875121599e-03,7.935341029013e-03,7.784895965509e-03,7.664271494313e-03,7.565925055830e-03,7.377477667464e-03,7.299157099199e-03,7.414400810153e-03,7.233718992067e-03,7.035749007211e-03,6.858903946842e-03,6.711286679954e-03,6.564172057778e-03,6.422780964739e-03,6.280975605914e-03,6.167080918451e-03,6.070474397759e-03,5.958359874106e-03,5.869719237374e-03,5.781968682555e-03,5.695108209635e-03,5.635744142287e-03,3.377541232580e-03
24.600000,5.831029804377e-03,7.291722426375e-03,8.019927822031e-03,7.872023647349e-03,7.723212412391e-03,7.603847199518e-03,7.506574949004e-03,7.320072870393e-03,7.243600439951e-03,7.357692460431e-03,7.179264434380e-03,6.983824198800e-03,6.809203303759e-03,6.663441738263e-03,6.518178478013e-03,6.378594171869e-03,6.238598430800e-03,6.126155589174e-03,6.030724957078e-03,5.920047669013e-03,5.832521141461e-03,5.745877390694e-03,5.660116416707e-03,5.601496907223e-03,3.365029225010e-03
25.100000,5.800259724239e-03,7.235503169166e-03,7.956082962131e-03,7.809776984845e-03,7.662567783982e-03,7.544437854116e-03,7.448218839855e-03,7.263625199105e-03,7.188955467476e-03,7.301915704685e-03,7.125694213782e-03,6.932730267469e-03,6.760286780682e-03,6.616341903615e-03,6.472891074344e-03,6.335075366800e-03,6.196851015591e-03,6.085829366922e-03,5.991550173663e-03,5.882279707115e-03,5.795843876451e-03,5.710283636845e-03,5.625598988311e-03,5.567708398646e-03,3.352560598030e-03
25.600000,5.769839336045e-03,7.180212717968e-03,7.893311222447e-03,7.748572751772e-03,7.602934823516e-03,7.486016970318e-03,7.390830922068e-03,7.208110027366e-03,7.135199197085e-03,7.247046987370e-03,7.072986382331e-03,6.882447088882e-03,6.712135845171e-03,6.569969972229e-03,6.428293968736e-03,6.292209974407e-03,6.155720088970e-03,6.046090025585e-03,5.952938650608e-03,5.845045629765e-03,5.759677880638e-03,5.675178652781e-03,5.591547946191e-03,5.534371170549e-03,3.340141532280e-03
26.100000,5.739764976717e-03,7.125827435728e-03,7.831584404944e-03,7.688383727202e-03,7.544287290214e-03,7.428559037576e-03,7.334386331627e-03,7.153503611680e-03,7.082309436080e-03,7.193063570164e-03,7.021119723812e-03,6.832955173321e-03,6.664732514790e-03,6.524309219656e-03,6.384371691897e-03,6.249983758967e-03,6.115192649627e-03,6.006925553415e-03,5.914879161342e-03,5.808335193285e-03,5.724013664926e-03,5.640553700648e-03,5.557955300439e-03,5.501477736941e-03,3.327777461680e-03
26.600000,5.710032766991e-03,7.072324530855e-03,7.770875384001e-03,7.629183713785e-03,7.486599917752e-03,7.372039483501e-03,7.278861110302e-03,7.099783058951e-03,7.030264758091e-03,7.139943504974e-03,6.970073733054e-03,6.784235652054e-03,6.618059349524e-03,6.479343398326e-03,6.341109185999e-03,6.208382831890e-03,6.075255978982e-03,5.968324169764e-03,5.877360669635e-03,5.772138293089e-03,5.688841839976e-03,5.606400103193e-03,5.524813082751e-03,5.469020607199e-03,3.315473158460e-03
27.100000,5.680638656968e-03,7.019682025021e-03,7.711158059000e-03,7.570947493553e-03,7.429848373434e-03,7.316434635558e-03,7.224232169484e-03,7.046926293862e-03,6.979044477059e-03,7.087665606436e-03,6.919828593960e-03,6.736270261842e-03,6.572099441963e-03,6.435056732330e-03,6.298491804239e-03,6.167393655787e-03,6.035897649934e-03,5.930274337609e-03,5.840372344923e-03,5.736444982631e-03,5.654153137998e-03,5.572709268384e-03,5.492113373793e-03,5.436992315314e-03,3.303232807710e-03
27.600000,5.651578464862e-03,6.967878721300e-03,7.652407308413e-03,7.513650785019e-03,7.374009218385e-03,7.261721683538e-03,7.170477254674e-03,6.994912026909e-03,6.928628620668e-03,7.036209424196e-03,6.870365156969e-03,6.689041328243e-03,6.526836405686e-03,6.391433910187e-03,6.256505307701e-03,6.127003045667e-03,5.997105532169e-03,5.892764772120e-03,5.803903573591e-03,5.701245487982e-03,5.619938429915e-03,5.539472709060e-03,5.459848325443e-03,5.405385443811e-03,3.291060072770e-03
28.100000,5.622847910040e-03,6.916894172928e-03,7.594598945553e-03,7.457270201898e-03,7.319059868910e-03,7.207878642899e-03,7.117574910779e-03,6.943719722776e-03,6.878997903985e-03,6.985555215355e-03,6.821664916262e-03,6.642531748098e-03,6.482254362367e-03,6.348460075811e-03,6.215135860284e-03,6.087198167550e-03,5.958867794607e-03,5.855784446251e-03,5.767943966948e-03,5.666530218994e-03,5.586188738749e-03,5.506682058703e-03,5.428010178857e-03,5.374192643383e-03,3.278958152890e-03
28.600000,5.594442640982e-03,6.866708652653e-03,7.537709676225e-03,7.401783213143e-03,7.264978559358e-03,7.154884319498e-03,7.065504448404e-03,6.893329569505e-03,6.830133703451e-03,6.935683917242e-03,6.773709986742e-03,6.596724971531e-03,6.438337928109e-03,6.306120818288e-03,6.174370021987e-03,6.047966535426e-03,5.921172905882e-03,5.819322593929e-03,5.732483366681e-03,5.632289777348e-03,5.552895249936e-03,5.474329083814e-03,5.396591279012e-03,5.343406648826e-03,3.266929833930e-03
29.100000,5.566358259237e-03,6.817303123132e-03,7.481717058008e-03,7.347168104703e-03,7.211744306077e-03,7.102718275367e-03,7.014245911281e-03,6.843722448673e-03,6.782018031054e-03,6.886577120754e-03,6.726483081360e-03,6.551604983636e-03,6.395072198958e-03,6.264402160847e-03,6.134194741167e-03,6.009296006434e-03,5.884009632773e-03,5.783368711151e-03,5.697511847888e-03,5.598514962284e-03,5.520049318887e-03,5.442405693490e-03,5.365584086094e-03,5.313020291816e-03,3.254977533210e-03
29.600000,5.538590339627e-03,6.768659208049e-03,7.426599461451e-03,7.293403942900e-03,7.159336873037e-03,7.051360795842e-03,6.963780044864e-03,6.794879906272e-03,6.734633509446e-03,6.838217044269e-03,6.679967488667e-03,6.507156286184e-03,6.352442736244e-03,6.223290548985e-03,6.094597345629e-03,5.971174775225e-03,5.847367037324e-03,5.747912555423e-03,5.663019720396e-03,5.565196774235e-03,5.487642476504e-03,5.410903946641e-03,5.334981184644e-03,5.283026511148e-03,3.243103339180e-03
30.100000,5.511134447350e-03,6.720759164372e-03,7.372336033117e-03,7.240470539305e-03,7.107736738712e-03,7.000792858026e-03,6.914088266051e-03,6.746784124830e-03,6.687963347413e-03,6.790586508416e-03,6.634147050842e-03,6.463363879457e-03,6.310435551658e-03,6.182772838417e-03,6.055565533299e-03,5.933591367032e-03,5.811234472843e-03,5.712944143828e-03,5.628997528633e-03,5.532326416787e-03,5.455666432735e-03,5.379816057262e-03,5.304775290374e-03,5.253418360727e-03,3.231309046540e-03
30.600000,5.483986152581e-03,6.673585855695e-03,7.318906660050e-03,7.188348417346e-03,7.056925064570e-03,6.950996100557e-03,6.865152634242e-03,6.699417896525e-03,6.641991316359e-03,6.743668911587e-03,6.589006142254e-03,6.420213244214e-03,6.269037092260e-03,6.142836282607e-03,6.017087362300e-03,5.896534630437e-03,5.775601578955e-03,5.678453750244e-03,5.595436050265e-03,5.499895297331e-03,5.424113078774e-03,5.349134398105e-03,5.274959255330e-03,5.224189015707e-03,3.219596187430e-03
31.100000,5.457141042645e-03,6.627122726426e-03,7.266291936366e-03,7.137018780390e-03,7.006883664838e-03,6.901952794642e-03,6.816955823506e-03,6.652764597218e-03,6.596701727409e-03,6.697448206287e-03,6.544529648722e-03,6.377690324138e-03,6.228234225732e-03,6.103468520259e-03,5.979151240778e-03,5.859993729333e-03,5.740458275974e-03,5.644431901363e-03,5.562326293788e-03,5.467895026512e-03,5.392974487848e-03,5.318851502855e-03,5.245526071533e-03,5.195331777038e-03,3.207966059140e-03
31.600000,5.430594732337e-03,6.581353777269e-03,7.214473131113e-03,7.086463481267e-03,6.957594977694e-03,6.853645816484e-03,6.769481095996e-03,6.606808161792e-03,6.552079409363e-03,6.651908876366e-03,6.500702947195e-03,6.335781508584e-03,6.188014225708e-03,6.064657562869e-03,5.941745916494e-03,5.823958134724e-03,5.705794758780e-03,5.610869372400e-03,5.529659495476e-03,5.436317416801e-03,5.362242915145e-03,5.288960067342e-03,5.216468873386e-03,5.166840074826e-03,3.196419748770e-03
32.100000,5.404342872502e-03,6.536263541564e-03,7.163432157995e-03,7.036664993456e-03,6.909042037820e-03,6.806058620879e-03,6.722712276574e-03,6.561533060343e-03,6.508109687663e-03,6.607035915182e-03,6.457511886438e-03,6.294473615863e-03,6.148364757297e-03,6.026391782246e-03,5.904860466481e-03,5.788417616306e-03,5.671601490261e-03,5.577757182035e-03,5.497427115641e-03,5.405154480322e-03,5.331910796779e-03,5.259452949695e-03,5.187780939064e-03,5.138707470382e-03,3.184958155210e-03
32.600000,5.378381157209e-03,6.491837062756e-03,7.113151546364e-03,6.987606383456e-03,6.861208450225e-03,6.759175216050e-03,6.676633728610e-03,6.516924275534e-03,6.464778363848e-03,6.562814804562e-03,6.414942768128e-03,6.253753876903e-03,6.109273863179e-03,5.988659898340e-03,5.868484286561e-03,5.753362233741e-03,5.637869194546e-03,5.545086587057e-03,5.465620834362e-03,5.374398426055e-03,5.301970748101e-03,5.230323169748e-03,5.159455690984e-03,5.110927657551e-03,3.173582008740e-03
33.100000,5.352705329693e-03,6.448059872855e-03,7.063614413844e-03,6.939271284671e-03,6.814078365391e-03,6.712980139762e-03,6.631230330752e-03,6.472967280856e-03,6.422071696189e-03,6.519231494680e-03,6.372982328831e-03,6.213609919552e-03,6.070729949745e-03,5.951450967229e-03,5.832607081108e-03,5.718782328113e-03,5.604588850005e-03,5.512849076769e-03,5.434232546967e-03,5.344041656565e-03,5.272415561510e-03,5.201563907845e-03,5.131486695612e-03,5.083494463136e-03,3.162291888560e-03
33.600000,5.327311187110e-03,6.404917971816e-03,7.014804440278e-03,6.891643872498e-03,6.767636455531e-03,6.667458436394e-03,6.586487455017e-03,6.429648019989e-03,6.379976380907e-03,6.476272384783e-03,6.331617722638e-03,6.174029753423e-03,6.032721773871e-03,5.914754369343e-03,5.797218852803e-03,5.684668513285e-03,5.571751682159e-03,5.481036367108e-03,5.403254359161e-03,5.314076764443e-03,5.243238203683e-03,5.173168503104e-03,5.103867662683e-03,5.056401846730e-03,3.151088238470e-03
34.100000,5.302194584617e-03,6.362397807946e-03,6.966705842923e-03,6.844708840726e-03,6.721867892082e-03,6.622595635267e-03,6.542390945682e-03,6.386952887011e-03,6.338479534362e-03,6.433924304750e-03,6.290836504480e-03,6.135001755112e-03,5.995238429969e-03,5.878559798005e-03,5.762309892696e-03,5.651011667280e-03,5.539349156569e-03,5.449640394679e-03,5.372678581891e-03,5.284496528291e-03,5.214431812660e-03,5.145130451167e-03,5.076592443832e-03,5.029643900010e-03,3.139971380880e-03
34.600000,5.277351438369e-03,6.320486259131e-03,6.919303353039e-03,6.798451379002e-03,6.676758324210e-03,6.578377730011e-03,6.498927099339e-03,6.344868707568e-03,6.297568675869e-03,6.392174497508e-03,6.250626614114e-03,6.096514654172e-03,5.958269337512e-03,5.842857248352e-03,5.727870770393e-03,5.617802923911e-03,5.507372971777e-03,5.418653310741e-03,5.342497726252e-03,5.255293908675e-03,5.185989694380e-03,5.117443401805e-03,5.049655030970e-03,5.003214845568e-03,3.128941529390e-03
35.100000,5.252777728023e-03,6.279170614983e-03,6.872582193566e-03,6.752857151551e-03,6.632293858507e-03,6.534791158803e-03,6.456082645827e-03,6.303382720912e-03,6.257231711360e-03,6.351010602105e-03,6.210976360870e-03,6.058557519504e-03,5.921804228957e-03,5.807637006525e-03,5.693892324515e-03,5.585033664443e-03,5.475815052139e-03,5.388067475096e-03,5.312704498178e-03,5.226462043784e-03,5.157905319283e-03,5.090101156093e-03,5.023049554235e-03,4.977109035416e-03,3.117998800070e-03
35.600000,5.228469498634e-03,6.238438559846e-03,6.826528057923e-03,6.707912276875e-03,6.588461039577e-03,6.491822785658e-03,6.413844730151e-03,6.262482562795e-03,6.217456917714e-03,6.310420637698e-03,6.171874408945e-03,6.021119746312e-03,5.885833138090e-03,5.772889639144e-03,5.660365653512e-03,5.552695509453e-03,5.444667540937e-03,5.357875450090e-03,5.283291793098e-03,5.197994245059e-03,5.130172318527e-03,5.063097663405e-03,4.996770279702e-03,4.951320949177e-03,3.107143221630e-03
36.100000,5.204422861965e-03,6.198278156513e-03,6.781127089943e-03,6.663603308496e-03,6.545246831531e-03,6.449459882728e-03,6.372200895142e-03,6.222156249163e-03,6.178232927938e-03,6.270392988156e-03,6.133309763374e-03,5.984191043613e-03,5.850346388884e-03,5.738605983278e-03,5.627282106433e-03,5.520780310952e-03,5.413922793506e-03,5.328069994570e-03,5.254252690640e-03,5.169883992757e-03,5.102784480287e-03,5.036427018329e-03,4.970811606895e-03,4.925845192019e-03,3.096374744470e-03
36.600000,5.180633997440e-03,6.158677830882e-03,6.736365864788e-03,6.619917216632e-03,6.502638600600e-03,6.407690113194e-03,6.331139065091e-03,6.182392160621e-03,6.139548716763e-03,6.230916387415e-03,6.095271756661e-03,5.947761422134e-03,5.815334584658e-03,5.704777136643e-03,5.594633274480e-03,5.489280144595e-03,5.383573370492e-03,5.298644058044e-03,5.225580449410e-03,5.142124931451e-03,5.075735745791e-03,5.010083457350e-03,4.945168066174e-03,4.900676492425e-03,3.085693248910e-03
37.100000,5.157099152756e-03,6.119626357088e-03,6.692231370828e-03,6.576841370846e-03,6.460624098399e-03,6.366501515293e-03,6.290647530120e-03,6.143179027608e-03,6.101393587166e-03,6.191979905494e-03,6.057750035881e-03,5.911821182906e-03,5.780788597701e-03,5.671394448230e-03,5.562410982258e-03,5.458187302191e-03,5.353612031266e-03,5.269590774785e-03,5.197268501650e-03,5.114710865549e-03,5.049020205476e-03,4.984061355607e-03,4.919834315930e-03,4.875809699829e-03,3.075098552580e-03
37.600000,5.133814644031e-03,6.081112843572e-03,6.648710992404e-03,6.534363523435e-03,6.419191446039e-03,6.325882486870e-03,6.250714931274e-03,6.104505916307e-03,6.063757157318e-03,6.153572935149e-03,6.020734550446e-03,5.876360906182e-03,5.746699559384e-03,5.638449509181e-03,5.530607279863e-03,5.427494284390e-03,5.324031727550e-03,5.240903458084e-03,5.169310448183e-03,5.087635754836e-03,5.022632095090e-03,4.958355223396e-03,4.894805139754e-03,4.851239782121e-03,3.064590417020e-03
38.100000,5.110776855884e-03,6.043126719716e-03,6.605792493499e-03,6.492471793820e-03,6.378329119156e-03,6.285821770887e-03,6.211330246318e-03,6.066362215226e-03,6.026629348176e-03,6.115685179138e-03,5.984215540429e-03,5.841371440851e-03,5.713058850503e-03,5.605934144110e-03,5.499214434753e-03,5.397193793643e-03,5.294825597120e-03,5.212575594789e-03,5.141700053315e-03,5.060893710075e-03,4.996565791682e-03,4.932959702841e-03,4.870075443533e-03,4.826961823017e-03,3.054168553710e-03
38.600000,5.087982241105e-03,6.005657723046e-03,6.563464002164e-03,6.451154653534e-03,6.338025933504e-03,6.246308441446e-03,6.172482776328e-03,6.028737622379e-03,5.990000371717e-03,6.078306638110e-03,5.948183525296e-03,5.806843894353e-03,5.679858092171e-03,5.573840402686e-03,5.468224924347e-03,5.367278727302e-03,5.265986957748e-03,5.184600839711e-03,5.114431239828e-03,5.034478988630e-03,4.970815809828e-03,4.907869564443e-03,4.845640252463e-03,4.802971019513e-03,3.043832629480e-03
39.100000,5.065427320272e-03,5.968695887102e-03,6.521713995802e-03,6.410400912014e-03,6.298271031329e-03,6.207331890609e-03,6.134162132803e-03,5.991622133095e-03,5.953860719614e-03,6.041427598911e-03,5.912629293260e-03,5.772769622961e-03,5.647089136961e-03,5.542160551571e-03,5.437631428536e-03,5.337742171091e-03,5.237509301313e-03,5.156973010416e-03,5.087498084183e-03,5.008385990224e-03,4.945376797728e-03,4.883079703702e-03,4.821494708140e-03,4.779262679141e-03,3.033582271330e-03
39.600000,5.043108681085e-03,5.932231529976e-03,6.480531287053e-03,6.370199703140e-03,6.259053868422e-03,6.168881815857e-03,6.096358225390e-03,5.955006028388e-03,5.918201152457e-03,6.005038623674e-03,5.877543891057e-03,5.739140222538e-03,5.614744060484e-03,5.510887066624e-03,5.407426822679e-03,5.308577392612e-03,5.209386288103e-03,5.129686081976e-03,5.060894811734e-03,4.982609252707e-03,4.920243533442e-03,4.858585137720e-03,4.797634065554e-03,4.755832217325e-03,3.023417070930e-03
40.100000,5.021022977659e-03,5.896255243124e-03,6.439905010464e-03,6.330540472323e-03,6.220364201690e-03,6.130948207980e-03,6.059061250325e-03,5.918879863881e-03,5.883012689467e-03,5.969130539159e-03,5.842918614099e-03,5.705947519628e-03,5.582815153284e-03,5.480012625546e-03,5.377604170803e-03,5.279777835282e-03,5.181611741246e-03,5.102734181988e-03,5.034615792154e-03,4.957143447957e-03,4.895410921159e-03,4.834381001880e-03,4.774053690141e-03,4.732675154670e-03,3.013336588520e-03
40.600000,4.999166929689e-03,5.860757880980e-03,6.399824609800e-03,6.291412964247e-03,6.182192077454e-03,6.093521339848e-03,6.022261679267e-03,5.883234459254e-03,5.848286598755e-03,5.933694426707e-03,5.808744997295e-03,5.673183562974e-03,5.551294913077e-03,5.449530100594e-03,5.348156719009e-03,5.251337112261e-03,5.154179641387e-03,5.076111585692e-03,5.008655534897e-03,4.931983377831e-03,4.870873987547e-03,4.810462546559e-03,4.750749054903e-03,4.709787114289e-03,3.003340356550e-03
41.100000,4.977537321460e-03,5.825730550882e-03,6.360279825897e-03,6.252807211308e-03,6.144527820206e-03,6.056591755330e-03,5.985950248697e-03,5.848060888142e-03,5.814014387849e-03,5.898721612673e-03,5.775014805958e-03,5.640840615374e-03,5.520176037298e-03,5.419432551832e-03,5.319077889242e-03,5.223249000874e-03,5.127084121487e-03,5.049812711241e-03,4.983008684857e-03,4.907123970321e-03,4.846627878174e-03,4.786825133885e-03,4.727715737452e-03,4.687163819158e-03,2.993427882930e-03
41.600000,4.956131000799e-03,5.791164603513e-03,6.321260685218e-03,6.214713522420e-03,6.107362021977e-03,6.020150259077e-03,5.950117949913e-03,5.813350468558e-03,5.780187794817e-03,5.864203659192e-03,5.741720027444e-03,5.608911145955e-03,5.489451415976e-03,5.389713220450e-03,5.290361273190e-03,5.195507436894e-03,5.100319461869e-03,5.023832115139e-03,4.957670018154e-03,4.882560275653e-03,4.822667854064e-03,4.763464234597e-03,4.704949417229e-03,4.664801089439e-03,2.983598653950e-03
42.100000,4.934944878047e-03,5.757051623778e-03,6.282757488789e-03,6.177122472519e-03,6.070685532097e-03,5.984187906606e-03,5.914756019317e-03,5.779094753711e-03,5.746798779718e-03,5.830132355466e-03,5.708852862890e-03,5.577387822664e-03,5.459114124903e-03,5.360365522476e-03,5.262000626453e-03,5.168106509404e-03,5.073880085339e-03,4.998164487822e-03,4.932634437961e-03,4.858287462654e-03,4.798989288229e-03,4.740375424894e-03,4.682445872660e-03,4.642694839957e-03,2.973852137000e-03
42.600000,4.913975924866e-03,5.723383422125e-03,6.244760801858e-03,6.140024892413e-03,6.034489447521e-03,5.948695994848e-03,5.879855929328e-03,5.745285523288e-03,5.713839516412e-03,5.796499709362e-03,5.676405719501e-03,5.546263505151e-03,5.429157419034e-03,5.331383042718e-03,5.233989862989e-03,5.141040455543e-03,5.047760552592e-03,4.972804649353e-03,4.907896970632e-03,4.834300815072e-03,4.775587662362e-03,4.717554383469e-03,4.660200978409e-03,4.620841077573e-03,2.964187782900e-03
43.100000,4.893221173106e-03,5.690152026193e-03,6.207261443861e-03,6.103411859256e-03,5.998765103649e-03,5.913666053198e-03,5.845409379525e-03,5.711914775040e-03,5.681302384799e-03,5.763297939450e-03,5.644371203080e-03,5.515531237969e-03,5.399574726298e-03,5.302759528868e-03,5.206323049709e-03,5.114303655637e-03,5.021955557651e-03,4.947747545323e-03,4.883452761723e-03,4.810595728187e-03,4.752458563648e-03,4.694996888496e-03,4.638210702746e-03,4.599235898736e-03,2.954605028140e-03
43.600000,4.872677713566e-03,5.657349672942e-03,6.170250478969e-03,6.067274687335e-03,5.963504065349e-03,5.879089834907e-03,5.811408288443e-03,5.678974716908e-03,5.649179963363e-03,5.730519467366e-03,5.612742110871e-03,5.485184244027e-03,5.370359641476e-03,5.274488885991e-03,5.178994401312e-03,5.087890628417e-03,4.996459923622e-03,4.922988242815e-03,4.859297072362e-03,4.787167705306e-03,4.729597681613e-03,4.672698814789e-03,4.616471104840e-03,4.577875486978e-03,2.945103296870e-03
44.100000,4.852342694789e-03,5.624968801016e-03,6.133719207044e-03,6.031604919371e-03,5.928698118719e-03,5.844959308958e-03,5.777844785441e-03,5.646457759338e-03,5.617465022030e-03,5.698156910470e-03,5.581511424855e-03,5.455215918349e-03,5.341505920494e-03,5.246565171110e-03,5.151998275326e-03,5.061796026471e-03,4.971268598451e-03,4.898521926596e-03,4.835425275622e-03,4.764012354497e-03,4.707000805058e-03,4.650656130975e-03,4.594978332267e-03,4.556756110559e-03,2.935682002610e-03
44.600000,4.832213321827e-03,5.593002043516e-03,6.097659154980e-03,5.996394318152e-03,5.894339262932e-03,5.811266652197e-03,5.744711203199e-03,5.614356508059e-03,5.586150515407e-03,5.666203074964e-03,5.550672305102e-03,5.425619822081e-03,5.313007474895e-03,5.218982588073e-03,5.125329167354e-03,5.036014631858e-03,4.946376650919e-03,4.874343895377e-03,4.811832853006e-03,4.741125385494e-03,4.684663819127e-03,4.628864896782e-03,4.573728618449e-03,4.535874120079e-03,2.926340549940e-03
45.100000,4.812286855005e-03,5.561442221144e-03,6.062062068484e-03,5.961634858657e-03,5.860419702578e-03,5.778004241896e-03,5.712000070425e-03,5.582663757088e-03,5.555229576210e-03,5.634650949102e-03,5.520218083679e-03,5.396389676746e-03,5.284858366497e-03,5.191735482584e-03,5.098981706455e-03,5.010541351820e-03,4.921779266797e-03,4.850449558206e-03,4.788515391123e-03,4.718502606503e-03,4.662582702435e-03,4.607321260356e-03,4.552718280270e-03,4.515225946212e-03,2.917078335940e-03
45.600000,4.792560608628e-03,5.530282335540e-03,6.026919904209e-03,5.927318720329e-03,5.826931840411e-03,5.745164648663e-03,5.679704104858e-03,5.551372482140e-03,5.524695509097e-03,5.603493696945e-03,5.490142258567e-03,5.367519358708e-03,5.257052802322e-03,5.164818337511e-03,5.072950650752e-03,4.985371214819e-03,4.897471745094e-03,4.826834431014e-03,4.765468578404e-03,4.696139921274e-03,4.640753524255e-03,4.586021455726e-03,4.531943715661e-03,4.494808097450e-03,2.907894751520e-03
46.100000,4.773031949838e-03,5.499515562950e-03,5.992224822258e-03,5.893438279942e-03,5.793868270266e-03,5.712740629537e-03,5.647816206699e-03,5.520475834242e-03,5.494541784696e-03,5.572724652147e-03,5.460438488020e-03,5.339002894021e-03,5.229585129722e-03,5.138225768248e-03,5.047230883255e-03,4.960499366526e-03,4.873449494448e-03,4.803494133302e-03,4.742688202018e-03,4.674033326200e-03,4.619172441908e-03,4.564961800280e-03,4.511401401329e-03,4.474617157961e-03,2.898789182590e-03
46.600000,4.753698297319e-03,5.469135248236e-03,5.957969178961e-03,5.859986104594e-03,5.761221770389e-03,5.680725121601e-03,5.616329452187e-03,5.489967133696e-03,5.464762033878e-03,5.542337312167e-03,5.431100585090e-03,5.310834453283e-03,5.202449831713e-03,5.111952518477e-03,5.021817407726e-03,4.935921066086e-03,4.849708029695e-03,4.780424384858e-03,4.720170144770e-03,4.652178907553e-03,4.597835698066e-03,4.544138692371e-03,4.491087890498e-03,4.454649785425e-03,2.889761011190e-03
47.100000,4.734557120046e-03,5.439134899024e-03,5.924145520110e-03,5.826954945137e-03,5.728985297112e-03,5.649111235688e-03,5.585237087573e-03,5.459839864227e-03,5.435350042336e-03,5.512325332707e-03,5.402122512363e-03,5.283008346820e-03,5.175641522474e-03,5.085993455830e-03,4.996705344792e-03,4.911631682539e-03,4.826242968480e-03,4.757621002740e-03,4.697910382222e-03,4.630572838752e-03,4.576739618271e-03,4.523548608929e-03,4.470999810726e-03,4.434902709020e-03,2.880809616440e-03
47.600000,4.715605936189e-03,5.409508180259e-03,5.890746574309e-03,5.794337729777e-03,5.697151978600e-03,5.617892250377e-03,5.554532523352e-03,5.430087667488e-03,5.406299745334e-03,5.482682522287e-03,5.373498376989e-03,5.255519020069e-03,5.149154943042e-03,5.060343567940e-03,4.971889928206e-03,4.887626691277e-03,4.803050028126e-03,4.735079898173e-03,4.675904979871e-03,4.609211377769e-03,4.555880608526e-03,4.503188103212e-03,4.451133861818e-03,4.415372727405e-03,2.871934375450e-03
48.100000,4.696842311806e-03,5.380248908836e-03,5.857765246751e-03,5.762127558082e-03,5.665715109140e-03,5.587061606435e-03,5.524209328587e-03,5.400704337655e-03,5.377605222701e-03,5.453402837202e-03,5.345222425843e-03,5.228361049134e-03,5.122984957194e-03,5.034997958541e-03,4.947366501249e-03,4.863901670733e-03,4.780125022457e-03,4.712797073767e-03,4.654150090410e-03,4.588090864611e-03,4.535255152877e-03,4.483053802601e-03,4.431486813767e-03,4.396056706756e-03,2.863134664060e-03
48.600000,4.678263859760e-03,5.351351048523e-03,5.825194613268e-03,5.730317695130e-03,5.634668143438e-03,5.556612901270e-03,5.494261225661e-03,5.371683816405e-03,5.349260694072e-03,5.424480376559e-03,5.317289040880e-03,5.201529136481e-03,5.097126547437e-03,5.009951843797e-03,4.923130513230e-03,4.840452299137e-03,4.757463858880e-03,4.690768620635e-03,4.632641951104e-03,4.567207718890e-03,4.514859811167e-03,4.463142406456e-03,4.412055504752e-03,4.376951578904e-03,2.854409857650e-03
49.100000,4.659868238502e-03,5.322808705166e-03,5.793027914501e-03,5.698901566003e-03,5.604004691304e-03,5.526539883678e-03,5.464682085215e-03,5.343020188003e-03,5.321260514248e-03,5.395909377588e-03,5.289692734813e-03,5.175018106920e-03,5.071574811242e-03,4.985200548660e-03,4.899177516175e-03,4.817274351439e-03,4.735062535486e-03,4.668990715812e-03,4.611376881261e-03,4.546558437494e-03,4.494691216799e-03,4.443450684042e-03,4.392836839242e-03,4.358054339505e-03,2.845759331720e-03
49.600000,4.641653151008e-03,5.294616121981e-03,5.761258550480e-03,5.667872750427e-03,5.573718512533e-03,5.496836448934e-03,5.435465921190e-03,5.314707674637e-03,5.293599168806e-03,5.367684211125e-03,5.262428146812e-03,5.148822903568e-03,5.046324957396e-03,4.960739503492e-03,4.875503161593e-03,4.794363696267e-03,4.712917138282e-03,4.647459619575e-03,4.590351279795e-03,4.526139592275e-03,4.474746074623e-03,4.423975472567e-03,4.373827786105e-03,4.339362046261e-03,2.837182462490e-03
50.100000,4.623616343587e-03,5.266767675079e-03,5.729880075340e-03,5.637224977751e-03,5.543803511949e-03,5.467496633975e-03,5.406606886192e-03,5.286740631888e-03,5.266271269869e-03,5.339799377325e-03,5.235490038408e-03,5.122938584181e-03,5.021372302448e-03,4.936564240731e-03,4.852103197425e-03,4.771716293128e-03,4.691023838551e-03,4.626171673016e-03,4.569561622812e-03,4.505947827867e-03,4.455021158888e-03,4.404713675200e-03,4.355025376815e-03,4.320871817193e-03,2.828678627470e-03
50.600000,4.605755604871e-03,5.239257869243e-03,5.698886192271e-03,5.606952121978e-03,5.514253734697e-03,5.438514612731e-03,5.378099266960e-03,5.259113544520e-03,5.239271552092e-03,5.312249501450e-03,5.208873289721e-03,5.097360317481e-03,4.996712267360e-03,4.912670391783e-03,4.828973465076e-03,4.749328189599e-03,4.669378890238e-03,4.605123295567e-03,4.549004461409e-03,4.485979859608e-03,4.435513311199e-03,4.385662259230e-03,4.336426703684e-03,4.302580828961e-03,2.820247205870e-03
51.100000,4.588068764720e-03,5.212081333780e-03,5.668270748737e-03,5.577048197153e-03,5.485063361735e-03,5.409884691832e-03,5.349937480140e-03,5.231821022277e-03,5.212594868717e-03,5.285029329930e-03,5.182572895551e-03,5.072083379704e-03,4.972340374253e-03,4.889053683856e-03,4.806109896526e-03,4.727195518643e-03,4.647978627563e-03,4.584310982784e-03,4.528676419458e-03,4.466232471408e-03,4.416219438641e-03,4.366818254231e-03,4.318028918192e-03,4.284486315257e-03,2.811887579040e-03
51.600000,4.570553693162e-03,5.185232818579e-03,5.638027731780e-03,5.547507352925e-03,5.456226705521e-03,5.381601306312e-03,5.322116068137e-03,5.204857795971e-03,5.186236187832e-03,5.258133726560e-03,5.156583961885e-03,5.047103151251e-03,4.948252243306e-03,4.865709937195e-03,4.783508511618e-03,4.705314496108e-03,4.626819462560e-03,4.563731304004e-03,4.508574191416e-03,4.446702513919e-03,4.397136511855e-03,4.348178750328e-03,4.299829229318e-03,4.266585565278e-03,2.803599130910e-03
52.100000,4.553208299442e-03,5.158707190367e-03,5.608151263649e-03,5.518323870123e-03,5.427738205820e-03,5.353659015588e-03,5.294629695084e-03,5.178218713689e-03,5.160190588910e-03,5.231557668801e-03,5.130901702464e-03,5.022415113442e-03,4.924443589741e-03,4.842635062090e-03,4.761165415405e-03,4.683681418194e-03,4.605897882798e-03,4.543380900261e-03,4.488694540385e-03,4.427386902457e-03,4.378261563319e-03,4.329740896495e-03,4.281824901973e-03,4.248875922111e-03,2.795381248230e-03
52.600000,4.536030530959e-03,5.132499429057e-03,5.578635597493e-03,5.489492156770e-03,5.399592425705e-03,5.326052499584e-03,5.267473143145e-03,5.151898737112e-03,5.134453259196e-03,5.205296244287e-03,5.105521435403e-03,4.998014845534e-03,4.900910220960e-03,4.819825056299e-03,4.739076795609e-03,4.662292659148e-03,4.585210449214e-03,4.523256482155e-03,4.469034296060e-03,4.408282615292e-03,4.359591685536e-03,4.311501898913e-03,4.264013255443e-03,4.231354781364e-03,2.787233320950e-03
53.100000,4.519018372334e-03,5.106604624265e-03,5.549475113295e-03,5.461006743990e-03,5.371784047819e-03,5.298776554958e-03,5.240641308798e-03,5.125892938056e-03,5.109019490503e-03,5.179344647394e-03,5.080438580006e-03,4.973898021659e-03,4.877648033747e-03,4.797276002347e-03,4.717238920155e-03,4.641144668873e-03,4.564753793911e-03,4.503354827905e-03,4.449590352879e-03,4.389386691803e-03,4.341124029370e-03,4.293459019409e-03,4.246391661908e-03,4.214019589681e-03,2.779154742450e-03
53.600000,4.502169844480e-03,5.081017971950e-03,5.520664313954e-03,5.432862282384e-03,5.344307870584e-03,5.271826091545e-03,5.214129199389e-03,5.100196495095e-03,5.083884676046e-03,5.153698176064e-03,5.055648653786e-03,4.950060407968e-03,4.854653011643e-03,4.774984065067e-03,4.695648134850e-03,4.620233970799e-03,4.544524618174e-03,4.483672781369e-03,4.430359668126e-03,4.370696230773e-03,4.322855802455e-03,4.275609573853e-03,4.228957544988e-03,4.196867843371e-03,2.771144909800e-03
54.100000,4.485483003664e-03,5.055734771247e-03,5.492197821544e-03,5.405053538194e-03,5.317158804736e-03,5.245196128958e-03,5.187931929705e-03,5.074804690330e-03,5.059044307325e-03,5.128352228616e-03,5.031147269418e-03,4.926497859980e-03,4.831921222351e-03,4.752945489173e-03,4.674300861073e-03,4.599557159763e-03,4.524519690422e-03,4.464207250179e-03,4.411339260196e-03,4.352208388734e-03,4.304784267557e-03,4.257950930776e-03,4.211708378384e-03,4.179897087062e-03,2.763203223950e-03
54.600000,4.468955940619e-03,5.030750421322e-03,5.464070373619e-03,5.377575389917e-03,5.290331869930e-03,5.218881793170e-03,5.162044718793e-03,5.049712906294e-03,5.034493971235e-03,5.103302300774e-03,5.006930131970e-03,4.903206319868e-03,4.809448815234e-03,4.731156596916e-03,4.653193593603e-03,4.579110899863e-03,4.504735844343e-03,4.444955203971e-03,4.392526206882e-03,4.333920378400e-03,4.286906741147e-03,4.240480509840e-03,4.194641684471e-03,4.163104912472e-03,2.755329089930e-03
55.100000,4.452586779669e-03,5.006060418421e-03,5.436276819850e-03,5.350422824930e-03,5.263822191471e-03,5.192878313445e-03,5.136462886850e-03,5.024916622954e-03,5.010229347241e-03,5.078543982824e-03,4.982993036147e-03,4.880181813945e-03,4.787232019033e-03,4.709613785836e-03,4.632322898522e-03,4.558891922632e-03,4.485169977018e-03,4.425913672601e-03,4.373917643725e-03,4.315829467027e-03,4.269220591837e-03,4.223195780503e-03,4.177755033044e-03,4.146488957045e-03,2.747521917010e-03
55.600000,4.436373677885e-03,4.981660353031e-03,5.408812118571e-03,5.323590936183e-03,5.237624997171e-03,5.167181019223e-03,5.111181852154e-03,5.000411414861e-03,4.986246204643e-03,5.054072956722e-03,4.959331863718e-03,4.857420450204e-03,4.765267139476e-03,4.688313526653e-03,4.611685411140e-03,4.538897024974e-03,4.465819047168e-03,4.407079744517e-03,4.355510762357e-03,4.297932974997e-03,4.251723239015e-03,4.206094260684e-03,4.161046040003e-03,4.130046902827e-03,2.739781118820e-03
56.100000,4.420314824279e-03,4.957545907103e-03,5.381671333679e-03,5.297074919199e-03,5.211735614331e-03,5.141785337207e-03,5.086197128326e-03,4.976192948358e-03,4.962540399975e-03,5.029884993533e-03,4.935942580913e-03,4.834918416015e-03,4.743550557142e-03,4.667252361076e-03,4.591277834116e-03,4.519123067450e-03,4.446680073425e-03,4.388450565097e-03,4.337302809065e-03,4.280228274344e-03,4.234412151488e-03,4.189173515429e-03,4.144512366176e-03,4.113776475276e-03,2.732106113500e-03
56.600000,4.404408438962e-03,4.933712851393e-03,5.354849631442e-03,5.270870068940e-03,5.186149466878e-03,5.116686788499e-03,5.061504321425e-03,4.952256978963e-03,4.939107874481e-03,5.005975950811e-03,4.912821236104e-03,4.812671975766e-03,4.722078725303e-03,4.646426899948e-03,4.571096935489e-03,4.499566972415e-03,4.427750132669e-03,4.370023335102e-03,4.319291083192e-03,4.262712787365e-03,4.217284846079e-03,4.172431155662e-03,4.128151716107e-03,4.097675442062e-03,2.724496323800e-03
57.100000,4.388652772407e-03,4.910157042985e-03,5.328342277604e-03,5.244971777062e-03,5.160862072565e-03,5.091880985930e-03,5.037099127417e-03,4.928599348793e-03,4.915944651707e-03,4.982341770120e-03,4.889963957349e-03,4.790677468750e-03,4.700848167857e-03,4.625833821174e-03,4.551139546874e-03,4.480225722384e-03,4.409026358426e-03,4.351795309203e-03,4.301472935795e-03,4.245383985239e-03,4.200338886455e-03,4.155864837008e-03,4.111961836909e-03,4.081741612051e-03,2.716951177130e-03
57.600000,4.373046104647e-03,4.886874422748e-03,5.302144634495e-03,5.219375529047e-03,5.135869040226e-03,5.067363631396e-03,5.012977329480e-03,4.905215984061e-03,4.893046835157e-03,4.958978474666e-03,4.867366950208e-03,4.768931307083e-03,4.679855477420e-03,4.605469867918e-03,4.531402561749e-03,4.461096358335e-03,4.390505939369e-03,4.333763794428e-03,4.283845768151e-03,4.228239386772e-03,4.183571881787e-03,4.139472258571e-03,4.095940517142e-03,4.065972834179e-03,2.709470105700e-03
58.100000,4.357586744594e-03,4.863861013034e-03,5.276252158294e-03,5.194076901595e-03,5.111166067293e-03,5.043130513349e-03,4.989134795648e-03,4.882102892792e-03,4.870410606030e-03,4.935882166993e-03,4.845026495584e-03,4.747429973611e-03,4.659097313374e-03,4.585331846833e-03,4.511882933740e-03,4.442175978116e-03,4.372186117737e-03,4.315926148864e-03,4.266407030535e-03,4.211276557092e-03,4.166981485596e-03,4.123251161817e-03,4.080085585769e-03,4.050366996445e-03,2.702052546530e-03
58.600000,4.342273029280e-03,4.841112915367e-03,5.250660396333e-03,5.169071560024e-03,5.086748937194e-03,5.019177504378e-03,4.965567476358e-03,4.859256162462e-03,4.848032221113e-03,4.913049026754e-03,4.822938947559e-03,4.726170019955e-03,4.638570400016e-03,4.565416626255e-03,4.492577674927e-03,4.423461734934e-03,4.354064188000e-03,4.298279780188e-03,4.249154220785e-03,4.194493106451e-03,4.150565394599e-03,4.107199329480e-03,4.064394911093e-03,4.034922024888e-03,2.694697941500e-03
59.100000,4.327103323172e-03,4.818626308310e-03,5.225364984625e-03,5.144355255798e-03,5.062613517073e-03,4.995500558862e-03,4.942271402230e-03,4.836671957833e-03,4.825908010614e-03,4.890475308613e-03,4.801100731460e-03,4.705148064688e-03,4.618271524838e-03,4.545721134567e-03,4.473483854362e-03,4.404950835844e-03,4.336137495406e-03,4.280822144481e-03,4.232084883189e-03,4.177886689021e-03,4.134321347554e-03,4.091314584473e-03,4.048866399757e-03,4.019635882641e-03,2.687405737420e-03
59.600000,4.312076017489e-03,4.796397445276e-03,5.200361645341e-03,5.119923824117e-03,5.038755755353e-03,4.972095710718e-03,4.919242681769e-03,4.814346518809e-03,4.804034376207e-03,4.868157340150e-03,4.779508341873e-03,4.684360791462e-03,4.598197536779e-03,4.526242358599e-03,4.454598596472e-03,4.386640540319e-03,4.318403434614e-03,4.263550744819e-03,4.215196607150e-03,4.161455001792e-03,4.118247124226e-03,4.075594788876e-03,4.033497995762e-03,4.004506568977e-03,2.680175386040e-03
60.100000,4.297189529599e-03,4.774422652508e-03,5.175646184450e-03,5.095773181698e-03,5.015171679623e-03,4.948959071178e-03,4.896477499327e-03,4.792276158408e-03,4.782407789071e-03,4.846091519901e-03,4.758158340746e-03,4.663804947294e-03,4.578345344606e-03,4.506977342021e-03,4.435919079609e-03,4.368528158899e-03,4.300859448481e-03,4.246463130127e-03,4.198487026075e-03,4.145195783447e-03,4.102340544276e-03,4.060037842955e-03,4.018287679505e-03,3.989532118408e-03,2.673006344050e-03
60.600000,4.282442302279e-03,4.752698327155e-03,5.151214489466e-03,5.071899324455e-03,4.991857394400e-03,4.926086826762e-03,4.873972112989e-03,4.770457260762e-03,4.761024788007e-03,4.824274315437e-03,4.737047355617e-03,4.643477340811e-03,4.558711915280e-03,4.487923183894e-03,4.417442534663e-03,4.350611051804e-03,4.283503026730e-03,4.229556893996e-03,4.181953816256e-03,4.129106813260e-03,4.086599466277e-03,4.044641684151e-03,4.003233466909e-03,3.974710599796e-03,2.665898073120e-03
61.100000,4.267832803209e-03,4.731220935337e-03,5.127062527204e-03,5.048298325425e-03,4.968809079100e-03,4.903475237236e-03,4.851722852605e-03,4.748886279261e-03,4.739881977658e-03,4.802702261528e-03,4.716172077855e-03,4.623374840684e-03,4.539294272465e-03,4.469077037165e-03,4.399166243629e-03,4.332886627649e-03,4.266331704762e-03,4.212829673475e-03,4.165594695693e-03,4.113185910131e-03,4.071021786722e-03,4.029404286175e-03,3.988333408491e-03,3.960040115500e-03,2.658850039910e-03
61.600000,4.253359524299e-03,4.709987010319e-03,5.103186341670e-03,5.024966332697e-03,4.946022986079e-03,4.881120633618e-03,4.829726117904e-03,4.727559734667e-03,4.718976026731e-03,4.781371958321e-03,4.695529260947e-03,4.603494374007e-03,4.520089495022e-03,4.450436107281e-03,4.381087538295e-03,4.315352342233e-03,4.249343062502e-03,4.196279148039e-03,4.149407423143e-03,4.097430931531e-03,4.055605439096e-03,4.014323658095e-03,3.973585588526e-03,3.945518800555e-03,2.651861716030e-03
62.100000,4.239020981118e-03,4.688993150743e-03,5.079582052015e-03,5.001899567413e-03,4.923495438573e-03,4.859019416349e-03,4.807978376612e-03,4.706474213347e-03,4.698303666366e-03,4.760280069699e-03,4.675115718935e-03,4.583832924778e-03,4.501094715571e-03,4.431997650834e-03,4.363203799025e-03,4.298005697307e-03,4.232534723256e-03,4.179903038434e-03,4.133389796995e-03,4.081839772557e-03,4.040348392922e-03,3.999397843471e-03,3.958988124226e-03,3.931144821853e-03,2.644932578070e-03
62.600000,4.224815712340e-03,4.668236018933e-03,5.056245850581e-03,4.979094321854e-03,4.901222828955e-03,4.837168053415e-03,4.786476162724e-03,4.685626365585e-03,4.677861688439e-03,4.739423321511e-03,4.654928324755e-03,4.564387532447e-03,4.482307119121e-03,4.413758974257e-03,4.345512453402e-03,4.280844239390e-03,4.215904352572e-03,4.163699105678e-03,4.117539654337e-03,4.066410364978e-03,4.025248652839e-03,3.984624919479e-03,3.944539164881e-03,3.916916377392e-03,2.638062107560e-03
63.100000,4.210742279208e-03,4.647712339224e-03,5.033174000912e-03,4.956546957563e-03,4.879201616949e-03,4.815563078642e-03,4.765216074719e-03,4.665012903877e-03,4.657646944040e-03,4.718798500071e-03,4.634964008795e-03,4.545155290461e-03,4.463723941708e-03,4.395717432520e-03,4.328010975141e-03,4.263865558657e-03,4.199449657248e-03,4.147665150078e-03,4.101854869970e-03,4.051140676374e-03,4.010304257841e-03,3.970002996098e-03,3.930236891133e-03,3.902831695491e-03,2.631249790960e-03
63.600000,4.196799264965e-03,4.627418896408e-03,5.010362836002e-03,4.934253903561e-03,4.857428327759e-03,4.794201090019e-03,4.744194773954e-03,4.644630601417e-03,4.637656341960e-03,4.698402450571e-03,4.615219757381e-03,4.526133344926e-03,4.445342469137e-03,4.377870427959e-03,4.310696882852e-03,4.247067287821e-03,4.183168384262e-03,4.131799010219e-03,4.086333355452e-03,4.036028709183e-03,3.995513280311e-03,3.955530215323e-03,3.916079514218e-03,3.888889034103e-03,2.624495119660e-03
64.100000,4.182985274362e-03,4.607352534172e-03,4.987808756446e-03,4.912211654659e-03,4.835899550520e-03,4.773078747958e-03,4.723408983010e-03,4.624476290475e-03,4.617886847193e-03,4.678232075530e-03,4.595692611373e-03,4.507318893226e-03,4.427160035669e-03,4.360215409021e-03,4.293567738988e-03,4.230447101148e-03,4.167058319771e-03,4.116098562030e-03,4.070973058278e-03,4.021072499920e-03,3.980873825316e-03,3.941204750404e-03,3.902065275184e-03,3.875086680060e-03,2.617797589910e-03
64.600000,4.169298933142e-03,4.587510153569e-03,4.965508228755e-03,4.890416769744e-03,4.814611936648e-03,4.752192773788e-03,4.702855484214e-03,4.604546860910e-03,4.598335479535e-03,4.658284333433e-03,4.576379664794e-03,4.488709182788e-03,4.409174022893e-03,4.342749869169e-03,4.276621148663e-03,4.214002713325e-03,4.151117288190e-03,4.100561717866e-03,4.055771960903e-03,4.006270118305e-03,3.966384029753e-03,3.927024805059e-03,3.888192444222e-03,3.861422948429e-03,2.611156702820e-03
65.100000,4.155738887546e-03,4.567888711658e-03,4.943457783653e-03,4.868865870125e-03,4.793562198185e-03,4.731539948229e-03,4.682531118052e-03,4.584839258774e-03,4.578999312208e-03,4.638556237280e-03,4.557278063482e-03,4.470301509831e-03,4.391381858460e-03,4.325471345748e-03,4.259854758730e-03,4.197731878554e-03,4.135343151215e-03,4.085186425663e-03,4.040728079965e-03,3.991619666506e-03,3.952042061610e-03,3.912988612767e-03,3.874459319963e-03,3.847896181786e-03,2.604571964320e-03
65.600000,4.142303803874e-03,4.548485220075e-03,4.921654014523e-03,4.847555638087e-03,4.772747106436e-03,4.711117109893e-03,4.662432781777e-03,4.565350484891e-03,4.559875470537e-03,4.619044853242e-03,4.538385003863e-03,4.452093218112e-03,4.373781015068e-03,4.308377418949e-03,4.243266256627e-03,4.181632389563e-03,4.119733806982e-03,4.069970668027e-03,4.025839465450e-03,3.977119278311e-03,3.937846119236e-03,3.899094436072e-03,3.860864228802e-03,3.834504749653e-03,2.598042885140e-03
66.100000,4.128992367988e-03,4.529296743665e-03,4.900093575795e-03,4.826482815276e-03,4.752163490335e-03,4.690921153799e-03,4.642557427993e-03,4.546077593477e-03,4.540961130682e-03,4.599747299323e-03,4.519697731638e-03,4.434081697838e-03,4.356369009227e-03,4.291465710687e-03,4.226853369500e-03,4.165702076681e-03,4.104287189080e-03,4.054912461433e-03,4.011104199900e-03,3.962767118444e-03,3.923794430619e-03,3.885340565889e-03,3.847405524251e-03,3.821247047806e-03,2.591568980730e-03
66.600000,4.115803284879e-03,4.510320399227e-03,4.878773181475e-03,4.805644201235e-03,4.731808235193e-03,4.670949030078e-03,4.622902063264e-03,4.527017690871e-03,4.522253518376e-03,4.580660744159e-03,4.501213540624e-03,4.416264384455e-03,4.339143400324e-03,4.274733883677e-03,4.210613863210e-03,4.149938806914e-03,4.089001265863e-03,4.040009855418e-03,3.996520397615e-03,3.948561381773e-03,3.909885252667e-03,3.871725320854e-03,3.834081586346e-03,3.808121497687e-03,2.585149771280e-03
67.100000,4.102735278235e-03,4.491553354220e-03,4.857689603683e-03,4.785036652086e-03,4.711678281194e-03,4.651197742605e-03,4.603463746884e-03,4.508167934267e-03,4.503749907722e-03,4.561782405730e-03,4.482929771600e-03,4.398638757661e-03,4.322101789487e-03,4.258179640410e-03,4.194545541392e-03,4.134340483126e-03,4.073874039490e-03,4.025260931825e-03,3.982086203964e-03,3.934500292666e-03,3.896116870581e-03,3.858247046676e-03,3.820890820963e-03,3.795126545852e-03,2.578784781620e-03
67.600000,4.089787090006e-03,4.472992825543e-03,4.836839671224e-03,4.764657079053e-03,4.691770622127e-03,4.631664347640e-03,4.584239589518e-03,4.489525530474e-03,4.485447620040e-03,4.543109550206e-03,4.464843811119e-03,4.381202340223e-03,4.305241818698e-03,4.241800722240e-03,4.178646244598e-03,4.118905043157e-03,4.058903545212e-03,4.010663804002e-03,3.967799794593e-03,3.920582104256e-03,3.882487597172e-03,3.844904115520e-03,3.807831659301e-03,3.782260663314e-03,2.572473541210e-03
68.100000,4.076957480019e-03,4.454636078384e-03,4.816220268275e-03,4.744502447229e-03,4.672082304085e-03,4.612345952655e-03,4.565226751989e-03,4.471087734733e-03,4.467344022745e-03,4.524639490786e-03,4.446953090517e-03,4.363952697079e-03,4.288561169718e-03,4.225594908423e-03,4.162913849385e-03,4.103630458996e-03,4.044087850551e-03,3.996216616102e-03,3.953659374803e-03,3.906805097813e-03,3.868995772224e-03,3.831694925366e-03,3.794902557248e-03,3.769522345078e-03,2.566215584100e-03
68.600000,4.064245225567e-03,4.436480425050e-03,4.795828332988e-03,4.724569774198e-03,4.652610424223e-03,4.593239715074e-03,4.546422444169e-03,4.452851849577e-03,4.449436528243e-03,4.506369586563e-03,4.429255084750e-03,4.346887434262e-03,4.272057563256e-03,4.209560015275e-03,4.147346267536e-03,4.088514736006e-03,4.029425054622e-03,3.981917542363e-03,3.939663178783e-03,3.893167582087e-03,3.855639761901e-03,3.818617899503e-03,3.782101994880e-03,3.756910109537e-03,2.560010448850e-03
69.100000,4.051649121020e-03,4.418523223853e-03,4.775660856262e-03,4.704856128860e-03,4.633352129581e-03,4.574342841074e-03,4.527823923695e-03,4.434815223717e-03,4.431722592893e-03,4.488297241491e-03,4.411747311450e-03,4.330004197968e-03,4.255728757979e-03,4.193693895315e-03,4.131941445186e-03,4.073555912180e-03,4.014913287342e-03,3.967764786457e-03,3.925809469020e-03,3.879667892675e-03,3.842417958138e-03,3.805671485873e-03,3.769428475878e-03,3.744422498001e-03,2.553857678530e-03
69.600000,4.039167977477e-03,4.400761878062e-03,4.755714880525e-03,4.685358630242e-03,4.614304615850e-03,4.555652584505e-03,4.509428494946e-03,4.416975250969e-03,4.414199715958e-03,4.470419903309e-03,4.394427329891e-03,4.313300673625e-03,4.239572549679e-03,4.177994436385e-03,4.116697362074e-03,4.058752057337e-03,4.000550708731e-03,3.953756580753e-03,3.912096535638e-03,3.866304391445e-03,3.829328778073e-03,3.792854156586e-03,3.756880526992e-03,3.732058074160e-03,2.547756820630e-03
70.100000,4.026800622363e-03,4.383193834831e-03,4.735987498446e-03,4.666074446252e-03,4.595465126310e-03,4.537166245737e-03,4.491233507913e-03,4.399329369174e-03,4.396865438632e-03,4.452735062513e-03,4.377292740060e-03,4.296774584996e-03,4.223586770399e-03,4.162459560887e-03,4.101612030764e-03,4.044101272467e-03,3.986335508286e-03,3.939891185725e-03,3.898522695767e-03,3.853075465931e-03,3.816370663448e-03,3.780164407333e-03,3.744456697585e-03,3.719815423577e-03,2.541707427040e-03
70.600000,4.014545899093e-03,4.365816584243e-03,4.716475851886e-03,4.647000792630e-03,4.576830950663e-03,4.518881170593e-03,4.473236357180e-03,4.381875059254e-03,4.379717343079e-03,4.435240251431e-03,4.360341181686e-03,4.280423693283e-03,4.207769287678e-03,4.147087224963e-03,4.086683495891e-03,4.029601688940e-03,3.972265904271e-03,3.926166889286e-03,3.885086292948e-03,3.839979528760e-03,3.803542080143e-03,3.767600756920e-03,3.732155559093e-03,3.707693153240e-03,2.535709054000e-03
71.100000,4.002402666740e-03,4.348627658253e-03,4.697177130691e-03,4.628134931805e-03,4.558399424057e-03,4.500794749318e-03,4.455434480879e-03,4.364609844148e-03,4.362753051480e-03,4.417933043202e-03,4.343570333360e-03,4.264245796330e-03,4.192118003610e-03,4.131875417771e-03,4.071909833464e-03,4.015251467913e-03,3.958340143091e-03,3.912582006230e-03,3.871785696569e-03,3.827015017101e-03,3.790841517557e-03,3.755161746713e-03,3.719975704563e-03,3.695689891096e-03,2.529761262030e-03
71.600000,3.990369799715e-03,4.331624629816e-03,4.678088571596e-03,4.609474171828e-03,4.540167925954e-03,4.482904415573e-03,4.437825359727e-03,4.347531287950e-03,4.345970225140e-03,4.400811050894e-03,4.326977911674e-03,4.248238727689e-03,4.176630854217e-03,4.116822160738e-03,4.057289150149e-03,4.001048799660e-03,3.944556498681e-03,3.899134877594e-03,3.858619301236e-03,3.814180392124e-03,3.778267488148e-03,3.742845940155e-03,3.707915748166e-03,3.683804285573e-03,2.523863615890e-03
72.100000,3.978446187385e-03,4.314805111909e-03,4.659207457230e-03,4.591015865390e-03,4.522133879213e-03,4.465207645451e-03,4.420406515998e-03,4.330636994873e-03,4.329366563627e-03,4.383871926593e-03,4.310561670313e-03,4.232400355997e-03,4.161305808603e-03,4.101925506805e-03,4.042819582605e-03,3.986991902838e-03,3.930913271885e-03,3.885823870085e-03,3.845585526302e-03,3.801474138522e-03,3.765818526924e-03,3.730651922348e-03,3.695974324773e-03,3.672035005157e-03,2.518015684560e-03
72.600000,3.966630733832e-03,4.298166756678e-03,4.640531114997e-03,4.572757408780e-03,4.504294749063e-03,4.447701956509e-03,4.403175512728e-03,4.313924608479e-03,4.312939803877e-03,4.367113360557e-03,4.294319399303e-03,4.216728584006e-03,4.146140868258e-03,4.087183539787e-03,4.028499296782e-03,3.973079024009e-03,3.917408789862e-03,3.872647375562e-03,3.832682815284e-03,3.788894763922e-03,3.753493190972e-03,3.718578299509e-03,3.684150089500e-03,3.660380737969e-03,2.512217041140e-03
73.100000,3.954922357488e-03,4.281707254548e-03,4.622056916169e-03,4.554696240909e-03,4.486648042210e-03,4.430384906908e-03,4.386129952664e-03,4.297391810703e-03,4.296687719432e-03,4.350533080339e-03,4.278248924160e-03,4.201221347963e-03,4.131134066328e-03,4.072594373690e-03,4.014326487389e-03,3.959308436902e-03,3.904041405555e-03,3.859603810443e-03,3.819909635356e-03,3.776440798463e-03,3.741290058954e-03,3.706623698558e-03,3.672441717264e-03,3.648840191362e-03,2.506467262840e-03
73.600000,3.943319990882e-03,4.265424333374e-03,4.603782274850e-03,4.536829842411e-03,4.469191305877e-03,4.413254094427e-03,4.369267477504e-03,4.281036321077e-03,4.280608119562e-03,4.334128849980e-03,4.262348105145e-03,4.185876616857e-03,4.116283466949e-03,4.058156152018e-03,4.000299377135e-03,3.945678441895e-03,3.890809497091e-03,3.846691615243e-03,3.807264476822e-03,3.764110794288e-03,3.729207730664e-03,3.694786766703e-03,3.660847902397e-03,3.637412091478e-03,2.500765930910e-03
74.100000,3.931822580330e-03,4.249315757667e-03,4.585704647065e-03,4.519155734688e-03,4.451922126934e-03,4.396307155677e-03,4.352585766965e-03,4.264855895863e-03,4.264698848547e-03,4.317898469221e-03,4.246614836458e-03,4.170692391675e-03,4.101587164560e-03,4.043867047156e-03,3.986416216231e-03,3.932187365462e-03,3.877711467273e-03,3.833909253962e-03,3.794745852669e-03,3.751903325096e-03,3.717244826601e-03,3.683066170976e-03,3.649367358210e-03,3.626095182917e-03,2.495112630610e-03
74.600000,3.920429085668e-03,4.233379327746e-03,4.567821529851e-03,4.501671479029e-03,4.434838131044e-03,4.379541765230e-03,4.336082537996e-03,4.248848327288e-03,4.248957784885e-03,4.301839772732e-03,4.231047045578e-03,4.155666704711e-03,4.087043283273e-03,4.029725259784e-03,3.972675281748e-03,3.918833559556e-03,3.864745743055e-03,3.821255213713e-03,3.782352298069e-03,3.739816985675e-03,3.705399987520e-03,3.671460597841e-03,3.637998816634e-03,3.614888228286e-03,2.489506951140e-03
75.100000,3.909138479965e-03,4.217612879002e-03,4.550130460343e-03,4.484374675785e-03,4.417936981840e-03,4.362955634788e-03,4.319755543997e-03,4.233011442770e-03,4.233382840577e-03,4.285950629362e-03,4.215642692477e-03,4.140797618962e-03,4.072649976206e-03,4.015729018212e-03,3.959074877086e-03,3.905615401119e-03,3.851910775029e-03,3.808728004145e-03,3.770082369893e-03,3.727850391459e-03,3.693671874011e-03,3.659968752790e-03,3.626741027793e-03,3.603790007883e-03,2.483948485610e-03
75.600000,3.897949749261e-03,4.202014281143e-03,4.532629014956e-03,4.467262963466e-03,4.401216380039e-03,4.346546512382e-03,4.303602573967e-03,4.217343104133e-03,4.217971960399e-03,4.270228941369e-03,4.200399768991e-03,4.126083227408e-03,4.058405424918e-03,4.001876577900e-03,3.945613331384e-03,3.892531291558e-03,3.839205036928e-03,3.796326157009e-03,3.757934646297e-03,3.716002178133e-03,3.682059166106e-03,3.648589359950e-03,3.615592759687e-03,3.592799319327e-03,2.478436830970e-03
76.100000,3.886861892333e-03,4.186581437466e-03,4.515314808491e-03,4.450334018003e-03,4.384674062751e-03,4.330312181648e-03,4.287621451849e-03,4.201841206930e-03,4.202723121225e-03,4.254672643779e-03,4.185316298103e-03,4.111521652400e-03,4.044307838760e-03,3.988166220737e-03,3.932288999024e-03,3.879579656196e-03,3.826627025164e-03,3.784048225700e-03,3.745907726271e-03,3.704271001175e-03,3.670560562853e-03,3.637321161718e-03,3.604552797768e-03,3.581914977183e-03,2.472971587990e-03
76.600000,3.875873920406e-03,4.171312284124e-03,4.498185493371e-03,4.433585551894e-03,4.368307802670e-03,4.314250461024e-03,4.271810035691e-03,4.186503679690e-03,4.187634331319e-03,4.239279703664e-03,4.170390333318e-03,4.097111045065e-03,4.030355454344e-03,3.974596254670e-03,3.919100259066e-03,3.866758943845e-03,3.814175258322e-03,3.771892784818e-03,3.734000229202e-03,3.692655535492e-03,3.659174781979e-03,3.626162918366e-03,3.593619944665e-03,3.571135812662e-03,2.467552361190e-03
77.100000,3.864984856960e-03,4.156204789487e-03,4.481238758845e-03,4.417015313458e-03,4.352115407285e-03,4.298359203036e-03,4.256166216995e-03,4.171328483220e-03,4.172703629724e-03,4.224048119492e-03,4.155619957993e-03,4.082849584699e-03,4.016546534945e-03,3.961165013018e-03,3.906045514760e-03,3.854067626258e-03,3.801848276776e-03,3.759858429727e-03,3.722210794475e-03,3.681154475006e-03,3.647900559456e-03,3.615113407701e-03,3.582793019742e-03,3.560460673237e-03,2.462178758810e-03
77.600000,3.854193737447e-03,4.141256953433e-03,4.464472330189e-03,4.400621086126e-03,4.336094718215e-03,4.282636293597e-03,4.240687920022e-03,4.156313609989e-03,4.157929085602e-03,4.208975920416e-03,4.141003284773e-03,4.068735478163e-03,4.002879369969e-03,3.947870854017e-03,3.893123193062e-03,3.841504197673e-03,3.789644642171e-03,3.747943776120e-03,3.710538081059e-03,3.669766532276e-03,3.636736649180e-03,3.604171424713e-03,3.572070858877e-03,3.549888422386e-03,2.456850392750e-03
78.100000,3.843499609097e-03,4.126466806719e-03,4.447883967983e-03,4.384400687649e-03,4.320243610462e-03,4.267079651329e-03,4.225373101077e-03,4.141457083431e-03,4.143308797596e-03,4.194061165697e-03,4.126538454945e-03,4.054766959366e-03,3.989352274407e-03,3.934712160322e-03,3.880331744127e-03,3.829067174419e-03,3.777562937025e-03,3.736147459665e-03,3.698980767138e-03,3.658490438114e-03,3.625681822597e-03,3.593335781238e-03,3.561452314040e-03,3.539417939205e-03,2.451566878530e-03
78.600000,3.832901530668e-03,4.111832410345e-03,4.431471467378e-03,4.368351969428e-03,4.304559991790e-03,4.251687226835e-03,4.210219747878e-03,4.126756957317e-03,4.128840893267e-03,4.179301944128e-03,4.112223637871e-03,4.040942288663e-03,3.975963588354e-03,3.921687338501e-03,3.867669640905e-03,3.816755094390e-03,3.765601764352e-03,3.724468135554e-03,3.687537549700e-03,3.647324941274e-03,3.614734868336e-03,3.582605305592e-03,3.550936253044e-03,3.529048118190e-03,2.446327835250e-03
79.100000,3.822398572239e-03,4.097351854912e-03,4.415232657404e-03,4.352472815815e-03,4.289041801945e-03,4.236457002114e-03,4.195225878901e-03,4.112211315135e-03,4.114523528469e-03,4.164696373324e-03,4.098057030401e-03,4.027259752370e-03,3.962711676408e-03,3.908794818536e-03,3.855135378571e-03,3.804566516709e-03,3.753759747206e-03,3.712904478132e-03,3.676207144169e-03,3.636268808026e-03,3.603894591942e-03,3.571978842332e-03,3.540521559188e-03,3.518777868839e-03,2.441132885530e-03
79.600000,3.811989815026e-03,4.083023260082e-03,4.399165400247e-03,4.336761143452e-03,4.273687012132e-03,4.221386989898e-03,4.180389542796e-03,4.097818269525e-03,4.100354886803e-03,4.150242599238e-03,4.084036856359e-03,4.013717662193e-03,3.949594927346e-03,3.896033053375e-03,3.842727474201e-03,3.792500021170e-03,3.742035528279e-03,3.701455180527e-03,3.664988284071e-03,3.625320821867e-03,3.593159815476e-03,3.561455251859e-03,3.530207131016e-03,3.508606115447e-03,2.435981655480e-03
80.100000,3.801674351124e-03,4.068844773919e-03,4.383267590619e-03,4.321214900636e-03,4.258493624282e-03,4.206475233020e-03,4.165708817722e-03,4.083575961627e-03,4.086333179051e-03,4.135938795535e-03,4.070161365975e-03,4.000314354778e-03,3.936611753468e-03,3.883400518511e-03,3.830444466270e-03,3.780554208001e-03,3.730427769559e-03,3.690118954277e-03,3.653879720651e-03,3.614479783177e-03,3.582529377206e-03,3.551033410135e-03,3.519991881964e-03,3.498531796790e-03,2.430873774660e-03
80.600000,3.791451283349e-03,4.054814572404e-03,4.367537155085e-03,4.305832066675e-03,4.243459670493e-03,4.191719803845e-03,4.151181810795e-03,4.069482560565e-03,4.072456642659e-03,4.121783163067e-03,4.056428835360e-03,3.987048191170e-03,3.923760590233e-03,3.870895711463e-03,3.818284914261e-03,3.768727697315e-03,3.718935151921e-03,3.678894528996e-03,3.642880222562e-03,3.603744508889e-03,3.572002131337e-03,3.540712208417e-03,3.509874740121e-03,3.488553865842e-03,2.425808876030e-03
81.100000,3.781319725047e-03,4.040930858809e-03,4.351972051428e-03,4.290610651228e-03,4.228583212400e-03,4.177118803640e-03,4.136806657511e-03,4.055536262899e-03,4.058723541138e-03,4.107773929345e-03,4.042837566021e-03,3.973917556368e-03,3.911039895789e-03,3.858517151392e-03,3.806247398245e-03,3.757019128825e-03,3.707556374797e-03,3.667780651978e-03,3.631988575500e-03,3.593113832165e-03,3.561576947675e-03,3.530490552932e-03,3.499854647931e-03,3.478671289528e-03,2.420786595900e-03
81.600000,3.771278799843e-03,4.027191863198e-03,4.336570268052e-03,4.275548693757e-03,4.213862340639e-03,4.162670362033e-03,4.122581521190e-03,4.041735292027e-03,4.045132163659e-03,4.093909347982e-03,4.029385884316e-03,3.960920858830e-03,3.898448150548e-03,3.846263378683e-03,3.794330518471e-03,3.745427161424e-03,3.696290155757e-03,3.656776087923e-03,3.621203581896e-03,3.582586602112e-03,3.551252711354e-03,3.520367364636e-03,3.489930561942e-03,3.468883048451e-03,2.415806573890e-03
82.100000,3.761327641568e-03,4.013595841900e-03,4.321329823342e-03,4.260644262952e-03,4.199295174211e-03,4.148372636474e-03,4.108504592397e-03,4.028077897735e-03,4.031680824477e-03,4.080187698231e-03,4.016072141040e-03,3.948056530034e-03,3.885983856680e-03,3.834132954562e-03,3.782532895042e-03,3.733950472824e-03,3.685135230262e-03,3.645879618532e-03,3.610524060596e-03,3.572161683449e-03,3.541028322512e-03,3.510341578860e-03,3.480101452506e-03,3.459188136626e-03,2.410868452910e-03
82.600000,3.751465393957e-03,4.000141077001e-03,4.306248765133e-03,4.245895456126e-03,4.184879859982e-03,4.134223811646e-03,4.094574088442e-03,4.014562355597e-03,4.018367862445e-03,4.066607284434e-03,4.002894710857e-03,3.935323024053e-03,3.873645537805e-03,3.822124460598e-03,3.770853167420e-03,3.722587759178e-03,3.674090351203e-03,3.635090042267e-03,3.599948846562e-03,3.561837956243e-03,3.530902696043e-03,3.500412145154e-03,3.470366303567e-03,3.449585561277e-03,2.405971879100e-03
83.100000,3.741691210556e-03,3.986825875834e-03,4.291325170078e-03,4.231300398625e-03,4.170614572119e-03,4.120222098970e-03,4.080788252893e-03,4.001186966567e-03,4.005191640582e-03,4.053166435589e-03,3.989851991986e-03,3.922718817062e-03,3.861431738508e-03,3.810236498452e-03,3.759289994192e-03,3.711337734800e-03,3.663154288696e-03,3.624406173966e-03,3.589476790561e-03,3.551614315625e-03,3.520874761326e-03,3.490578026921e-03,3.460724112412e-03,3.440074342558e-03,2.401116501790e-03
83.600000,3.732004254539e-03,3.973648570479e-03,4.276557143160e-03,4.216857243397e-03,4.156497511586e-03,4.106365736087e-03,4.067145354983e-03,3.987950056440e-03,3.992150545587e-03,4.039863504823e-03,3.976942405575e-03,3.910242406990e-03,3.849341023956e-03,3.798467689369e-03,3.747842052594e-03,3.700199131739e-03,3.652325829661e-03,3.613826844600e-03,3.579106758862e-03,3.541489671492e-03,3.510943461945e-03,3.480838201238e-03,3.451173889375e-03,3.430653513310e-03,2.396301973470e-03
84.100000,3.722403698527e-03,3.960607517339e-03,4.261942817067e-03,4.202564170372e-03,4.142526905610e-03,4.092652986365e-03,4.053643689220e-03,3.974849975369e-03,3.979242987391e-03,4.026696869030e-03,3.964164395416e-03,3.897892313071e-03,3.837371979521e-03,3.786816673923e-03,3.736508038270e-03,3.689170699515e-03,3.641603777602e-03,3.603350900933e-03,3.568837632983e-03,3.531462948237e-03,3.501107755425e-03,3.471191658564e-03,3.441714657665e-03,3.421322118871e-03,2.391527949750e-03
84.600000,3.712888724421e-03,3.947701096650e-03,4.247480351747e-03,4.188419385994e-03,4.128701007167e-03,4.079082138375e-03,4.040281574825e-03,3.961885097441e-03,3.966467398704e-03,4.013664928278e-03,3.951516427439e-03,3.885667075459e-03,3.825523210419e-03,3.775282111584e-03,3.725286664844e-03,3.678251204735e-03,3.630986952191e-03,3.592977205218e-03,3.558668309382e-03,3.521533084501e-03,3.491366612994e-03,3.461637402526e-03,3.432345453103e-03,3.412079216819e-03,2.386794089310e-03
85.100000,3.703458523269e-03,3.934927712009e-03,4.233167933847e-03,4.174421122674e-03,4.115018094561e-03,4.065651505467e-03,4.027057355328e-03,3.949053820204e-03,3.953822234622e-03,4.000766105522e-03,3.938996989298e-03,3.873565254786e-03,3.813793341310e-03,3.763862680401e-03,3.714176663605e-03,3.667439430853e-03,3.620474189082e-03,3.582704635001e-03,3.548597699185e-03,3.511699032928e-03,3.481719019332e-03,3.452174449643e-03,3.423065323872e-03,3.402923876782e-03,2.382100053890e-03
85.600000,3.694112295101e-03,3.922285789992e-03,4.219003776212e-03,4.160567638366e-03,4.101476470873e-03,4.052359425259e-03,4.013969398068e-03,3.936354564226e-03,3.941305972186e-03,3.987998846084e-03,3.926604590025e-03,3.861585431905e-03,3.802181015927e-03,3.752557076596e-03,3.703176783237e-03,3.656734177804e-03,3.610064339572e-03,3.572532082732e-03,3.538624727956e-03,3.501959759877e-03,3.472163972336e-03,3.442801829164e-03,3.413873330380e-03,3.393855180185e-03,2.377445508220e-03
86.100000,3.684849248791e-03,3.909773779678e-03,4.204986117423e-03,4.146857216025e-03,4.088074463548e-03,4.039204259213e-03,4.001016093785e-03,3.923785772681e-03,3.928917109967e-03,3.975361617244e-03,3.914337759580e-03,3.849726207366e-03,3.790684896802e-03,3.741364014375e-03,3.692285789444e-03,3.646134261734e-03,3.599756270286e-03,3.562458455577e-03,3.528748335420e-03,3.492314245195e-03,3.462700482862e-03,3.433518582785e-03,3.404768544938e-03,3.384872220102e-03,2.372830120010e-03
86.600000,3.675668601890e-03,3.897390152251e-03,4.191113221288e-03,4.133288163207e-03,4.074810423931e-03,4.026184392197e-03,3.988195856138e-03,3.911345910918e-03,3.916654167675e-03,3.962852907906e-03,3.902195048481e-03,3.837986201164e-03,3.779303664816e-03,3.730282225433e-03,3.681502464657e-03,3.635638514685e-03,3.589548862985e-03,3.552482675130e-03,3.518967475169e-03,3.482761481984e-03,3.453327574539e-03,3.424323764432e-03,3.395750051643e-03,3.375974100986e-03,2.368253559900e-03
87.100000,3.666569580486e-03,3.885133400595e-03,4.177383376375e-03,4.119858811577e-03,4.061682726795e-03,4.013298232015e-03,3.975507121362e-03,3.899033466041e-03,3.904515685809e-03,3.950471228117e-03,3.890175027430e-03,3.826364052352e-03,3.768036018978e-03,3.719310458752e-03,3.670825607743e-03,3.625245784345e-03,3.579441014186e-03,3.542603677144e-03,3.509281114498e-03,3.473300476365e-03,3.444044283497e-03,3.415216440092e-03,3.386816946137e-03,3.367159938539e-03,2.363715501420e-03
87.600000,3.657551419111e-03,3.873002038894e-03,4.163794895600e-03,4.106567516426e-03,4.048689769986e-03,4.000544209040e-03,3.962948347786e-03,3.886846946540e-03,3.892500225219e-03,3.938215108729e-03,3.878276286977e-03,3.814858418701e-03,3.756880675990e-03,3.708447480261e-03,3.660254033714e-03,3.614954933721e-03,3.569431635034e-03,3.532820411306e-03,3.499688234102e-03,3.463930247249e-03,3.434849658186e-03,3.406195687564e-03,3.377968335377e-03,3.358428859457e-03,2.359215620990e-03
88.100000,3.648613360548e-03,3.860994602247e-03,4.150346115750e-03,4.093412656386e-03,4.035829973913e-03,3.987920775741e-03,3.950518015410e-03,3.874784881905e-03,3.880606366778e-03,3.926083101005e-03,3.866497437085e-03,3.803467976328e-03,3.745836370037e-03,3.697692072523e-03,3.649786573441e-03,3.604764840935e-03,3.559519650933e-03,3.523131840983e-03,3.490187827864e-03,3.454649826114e-03,3.425742759145e-03,3.397260596275e-03,3.369203337503e-03,3.349780001287e-03,2.354753597850e-03
88.600000,3.639754655736e-03,3.849109646287e-03,4.137035397031e-03,4.080392632790e-03,4.023101781214e-03,3.975426406369e-03,3.938214625626e-03,3.862845822189e-03,3.868832711003e-03,3.914073776296e-03,3.854837106869e-03,3.792191419431e-03,3.734901852387e-03,3.687043034431e-03,3.639422073346e-03,3.594674398886e-03,3.549704001346e-03,3.513536942966e-03,3.480778902620e-03,3.445458256790e-03,3.416722658793e-03,3.388410267071e-03,3.360521081618e-03,3.341212512249e-03,2.350329114040e-03
89.100000,3.630974563625e-03,3.837345746814e-03,4.123861122693e-03,4.067505869488e-03,4.010503656329e-03,3.963059596472e-03,3.926036700725e-03,3.851028337724e-03,3.857177877718e-03,3.902185725573e-03,3.843293944206e-03,3.781027459930e-03,3.724075891144e-03,3.676499180970e-03,3.629159395157e-03,3.584682515057e-03,3.539983639518e-03,3.504034707287e-03,3.471460477947e-03,3.436354595260e-03,3.407788441258e-03,3.379643812037e-03,3.351920707587e-03,3.332725550991e-03,2.345941854360e-03
89.600000,3.622272351079e-03,3.825701499434e-03,4.110821698588e-03,4.054750812283e-03,3.998034085059e-03,3.950818862597e-03,3.913982783556e-03,3.839331018689e-03,3.845640505702e-03,3.890417559230e-03,3.831866615419e-03,3.769974827164e-03,3.713357270938e-03,3.666059342869e-03,3.618997415644e-03,3.574788111210e-03,3.530357532321e-03,3.494624136913e-03,3.462231585948e-03,3.427337909418e-03,3.398939202139e-03,3.370960354290e-03,3.343401365883e-03,3.324318286512e-03,2.341591506360e-03
90.100000,3.613647292698e-03,3.814175519197e-03,4.097915552773e-03,4.042125928594e-03,3.985691574303e-03,3.938702741832e-03,3.902051437189e-03,3.827752474789e-03,3.834219252364e-03,3.878767906608e-03,3.820553804933e-03,3.759032267575e-03,3.702744792612e-03,3.655722366365e-03,3.608935026359e-03,3.564990123162e-03,3.520824659923e-03,3.485304247623e-03,3.453091271017e-03,3.418407278902e-03,3.390174048310e-03,3.362359027811e-03,3.334962217396e-03,3.315989897883e-03,2.337277760280e-03
90.600000,3.605098670779e-03,3.802766440290e-03,4.085141135124e-03,4.029629707079e-03,3.973474651548e-03,3.926709791506e-03,3.890241244521e-03,3.816291334909e-03,3.822912793392e-03,3.867235415755e-03,3.809354215002e-03,3.748198544411e-03,3.692237272996e-03,3.645487112964e-03,3.598971133352e-03,3.555287500571e-03,3.511384015593e-03,3.476074067706e-03,3.444038589655e-03,3.409561794897e-03,3.381492097791e-03,3.353838977250e-03,3.326602433282e-03,3.307739574201e-03,2.333000309060e-03
91.100000,3.596625775128e-03,3.791472915661e-03,4.072496916915e-03,4.017260657273e-03,3.961381864641e-03,3.914838588850e-03,3.878550807945e-03,3.804946246766e-03,3.811719822449e-03,3.855818753024e-03,3.798266565337e-03,3.737472437479e-03,3.681833544565e-03,3.635352459122e-03,3.589104656953e-03,3.545679206640e-03,3.502034605541e-03,3.466932637800e-03,3.435072610251e-03,3.400800559927e-03,3.372892479492e-03,3.345399357768e-03,3.318321194750e-03,3.299566514304e-03,2.328758848250e-03
91.600000,3.588227902997e-03,3.780293616675e-03,4.059981390522e-03,4.005017309203e-03,3.949411781288e-03,3.903087730556e-03,3.866978748995e-03,3.793715876582e-03,3.800639050885e-03,3.844516602806e-03,3.787289592868e-03,3.726852742787e-03,3.671532455208e-03,3.625317295989e-03,3.579334531515e-03,3.536164217956e-03,3.492775448587e-03,3.457879010661e-03,3.426192412881e-03,3.392122687649e-03,3.364374333077e-03,3.337039334850e-03,3.310117692961e-03,3.291469926711e-03,2.324553076040e-03
92.100000,3.579904358933e-03,3.769227232879e-03,4.047593068958e-03,3.992898213009e-03,3.937562988871e-03,3.891455832527e-03,3.855523708037e-03,3.782598908783e-03,3.789669207385e-03,3.833327667240e-03,3.776422051380e-03,3.716338272315e-03,3.661332868003e-03,3.615380529231e-03,3.569659705199e-03,3.526741524201e-03,3.483605576040e-03,3.448912250984e-03,3.417397089148e-03,3.383527302725e-03,3.355936808767e-03,3.328758084130e-03,3.301991128792e-03,3.283449029413e-03,2.320382693190e-03
92.600000,3.571654454716e-03,3.758272471595e-03,4.035330485592e-03,3.980901938642e-03,3.925834093961e-03,3.879941529520e-03,3.844184343924e-03,3.771594045662e-03,3.778809037694e-03,3.822250665823e-03,3.765662711314e-03,3.705927853738e-03,3.651233660870e-03,3.605541078711e-03,3.560079139722e-03,3.517410128009e-03,3.474524031463e-03,3.440031435183e-03,3.408685741958e-03,3.375013540593e-03,3.347579067192e-03,3.320554791252e-03,3.293940712764e-03,3.275503049725e-03,2.316247403030e-03
93.100000,3.563477509213e-03,3.747428057654e-03,4.023192193747e-03,3.969027075511e-03,3.914223722055e-03,3.868543474802e-03,3.832959333695e-03,3.760700007066e-03,3.768057304353e-03,3.811284335182e-03,3.755010359366e-03,3.695620330151e-03,3.641233726383e-03,3.595797878281e-03,3.550591810125e-03,3.508169044650e-03,3.465529870471e-03,3.431235651202e-03,3.400057485328e-03,3.366580547309e-03,3.339300279193e-03,3.312428651691e-03,3.285965664818e-03,3.267631224147e-03,2.312146911410e-03
93.600000,3.555372848302e-03,3.736692733108e-03,4.011176766409e-03,3.957272232106e-03,3.902730517279e-03,3.857260339840e-03,3.821847372227e-03,3.749915530129e-03,3.757412786343e-03,3.800427428782e-03,3.744463798343e-03,3.685414559815e-03,3.631331971519e-03,3.586149875563e-03,3.541196704549e-03,3.499017301906e-03,3.456622160531e-03,3.422523998348e-03,3.391511444258e-03,3.358227479382e-03,3.331099625664e-03,3.304378870597e-03,3.278065214182e-03,3.259832798238e-03,2.308080926690e-03
94.100000,3.547339804759e-03,3.726065256925e-03,3.999282795829e-03,3.945636035732e-03,3.891353142011e-03,3.846090814016e-03,3.810847171986e-03,3.739239368937e-03,3.746874278895e-03,3.789678716605e-03,3.734021846783e-03,3.675309415884e-03,3.621527317406e-03,3.576596031681e-03,3.531892824067e-03,3.489953939856e-03,3.447799980752e-03,3.413895587084e-03,3.383046754476e-03,3.349953503592e-03,3.322976297422e-03,3.296404662651e-03,3.270238599269e-03,3.252107026432e-03,2.304049159690e-03
94.600000,3.539377718166e-03,3.715544404684e-03,3.987508893266e-03,3.934117132169e-03,3.880090276614e-03,3.835033604283e-03,3.799957462679e-03,3.728670294274e-03,3.736440593143e-03,3.779036984900e-03,3.723683338740e-03,3.665303786204e-03,3.611818699090e-03,3.567135321063e-03,3.522679182415e-03,3.480978010615e-03,3.439062421745e-03,3.405349538863e-03,3.374662562353e-03,3.341757796846e-03,3.314929495027e-03,3.288505251903e-03,3.262485067463e-03,3.244453171935e-03,2.300051323700e-03
95.100000,3.531485934804e-03,3.705128968331e-03,3.975853688589e-03,3.922714185340e-03,3.868940619094e-03,3.824087434923e-03,3.789176991009e-03,3.718207093334e-03,3.726110555884e-03,3.768501035905e-03,3.713447123555e-03,3.655396573017e-03,3.602205065324e-03,3.557766731259e-03,3.513554805810e-03,3.472088578223e-03,3.430408585390e-03,3.396884985934e-03,3.366358024654e-03,3.333639545989e-03,3.306958428602e-03,3.280679871623e-03,3.254803875039e-03,3.236870506578e-03,2.296087134410e-03
95.600000,3.523663807582e-03,3.694817755884e-03,3.964315830032e-03,3.911425877019e-03,3.857902884866e-03,3.813251047208e-03,3.778504520345e-03,3.707848569423e-03,3.715883009363e-03,3.758069687581e-03,3.703312065520e-03,3.645586692766e-03,3.592685378279e-03,3.548489262619e-03,3.504518732749e-03,3.463284718378e-03,3.421837584673e-03,3.388501071198e-03,3.358132308419e-03,3.325597947674e-03,3.299062317747e-03,3.272927764182e-03,3.247194286982e-03,3.229358310667e-03,2.292156309930e-03
96.100000,3.515910695940e-03,3.684609591149e-03,3.952893983857e-03,3.900250906557e-03,3.846975806399e-03,3.802523199120e-03,3.767938830475e-03,3.697593541728e-03,3.705756810916e-03,3.747741773356e-03,3.693277043734e-03,3.635873075828e-03,3.583258613445e-03,3.539301928231e-03,3.495570013806e-03,3.454565518315e-03,3.413348543500e-03,3.380196948017e-03,3.349984590810e-03,3.317632208196e-03,3.291240391329e-03,3.265248180883e-03,3.239655576893e-03,3.221915872894e-03,2.288258570720e-03
96.600000,3.508225965737e-03,3.674503313500e-03,3.941586834055e-03,3.889187990553e-03,3.836158132960e-03,3.791902665117e-03,3.757478717330e-03,3.687440845027e-03,3.695730832831e-03,3.737516141856e-03,3.683340951762e-03,3.626254666297e-03,3.573923759303e-03,3.530203753619e-03,3.486707711423e-03,3.445930076552e-03,3.404940596563e-03,3.371971780044e-03,3.341914058905e-03,3.309741543354e-03,3.283491887359e-03,3.257640381845e-03,3.232187026816e-03,3.214542490143e-03,2.284393639600e-03
97.100000,3.500608989186e-03,3.664497777593e-03,3.930393082058e-03,3.878235862596e-03,3.825448630336e-03,3.781388235795e-03,3.747122992694e-03,3.677389329432e-03,3.685803962046e-03,3.727391656686e-03,3.673502697479e-03,3.616730421792e-03,3.564679817156e-03,3.521193776507e-03,3.477930899784e-03,3.437377502773e-03,3.396612889097e-03,3.363824741097e-03,3.333919909579e-03,3.301925178283e-03,3.275816052885e-03,3.250103635835e-03,3.224787927152e-03,3.207237467461e-03,2.280561241700e-03
97.600000,3.493059144765e-03,3.654591853122e-03,3.919311446438e-03,3.867393272964e-03,3.814846080579e-03,3.770978717688e-03,3.736870483999e-03,3.667437860146e-03,3.675975099881e-03,3.717367196136e-03,3.663761202787e-03,3.607299313198e-03,3.555525800941e-03,3.512271046774e-03,3.469238664520e-03,3.428906917616e-03,3.388364576800e-03,3.355755014953e-03,3.326001349343e-03,3.294182347315e-03,3.268212143797e-03,3.242637220188e-03,3.217457576489e-03,3.200000117830e-03,2.276761104480e-03
98.100000,3.485575817121e-03,3.644784424571e-03,3.908340662653e-03,3.856658988380e-03,3.804349281705e-03,3.760672932973e-03,3.726720033996e-03,3.657585317226e-03,3.666243161896e-03,3.707441653023e-03,3.654115403410e-03,3.597960324486e-03,3.546460736999e-03,3.503434626110e-03,3.460630102622e-03,3.420517452527e-03,3.380194825608e-03,3.347761795246e-03,3.318157594229e-03,3.286512293876e-03,3.260679424752e-03,3.235240420638e-03,3.210195281521e-03,3.192829762146e-03,2.272992957640e-03
98.600000,3.478158397030e-03,3.635074390978e-03,3.897479482742e-03,3.846031791701e-03,3.793957047472e-03,3.750469719216e-03,3.716670500569e-03,3.647830595337e-03,3.656607077570e-03,3.697613934357e-03,3.644564248687e-03,3.588712452481e-03,3.537483663924e-03,3.494683587917e-03,3.452104322253e-03,3.412208249568e-03,3.372102811549e-03,3.339844285271e-03,3.310387869557e-03,3.278914270293e-03,3.253217168989e-03,3.227912531193e-03,3.203000356902e-03,3.185725729035e-03,2.269256533160e-03
99.100000,3.470806281254e-03,3.625460665703e-03,3.886726675090e-03,3.835510481708e-03,3.783668207104e-03,3.740367929141e-03,3.706720756440e-03,3.638172603487e-03,3.647065790131e-03,3.687882961202e-03,3.635106701313e-03,3.579554706637e-03,3.528593632289e-03,3.486017017093e-03,3.443660442521e-03,3.403978461261e-03,3.364087720620e-03,3.332001697861e-03,3.302691409889e-03,3.271387537685e-03,3.245824658227e-03,3.220652854042e-03,3.195872125138e-03,3.178687354741e-03,2.265551565220e-03
99.600000,3.463518872502e-03,3.617531258186e-03,3.877870669884e-03,3.826837234629e-03,3.775178682881e-03,3.732032652263e-03,3.698505054915e-03,3.630199346845e-03,3.639068486508e-03,3.679713326579e-03,3.627114827444e-03,3.571751203347e-03,3.520962231067e-03,3.478529396480e-03,3.436315840069e-03,3.396768357233e-03,3.357012715507e-03,3.325035510216e-03,3.295823429899e-03,3.264625624963e-03,3.239149157723e-03,3.214062390657e-03,3.189365323770e-03,3.172238534427e-03,2.261877790240e-03
100.100000,3.459807269679e-03,3.611063197616e-03,3.870614538442e-03,3.819746783026e-03,3.768254426851e-03,3.725235719960e-03,3.691817405447e-03,3.623708452022e-03,3.632776735356e-03,3.673308879571e-03,3.620944242708e-03,3.565843521035e-03,3.515285451780e-03,3.473045232354e-03,3.431023887922e-03,3.391664168769e-03,3.352096600143e-03,3.320270238620e-03,3.291179961877e-03,3.260131569222e-03,3.234770741540e-03,3.209798898287e-03,3.185216039472e-03,3.168166538292e-03,2.260054628280e-03
100.600000,3.452634780165e-03,3.601710904421e-03,3.860155772985e-03,3.809512806082e-03,3.758246189842e-03,3.715409204609e-03,3.682138524979e-03,3.614313045650e-03,3.623493005684e-03,3.663840745736e-03,3.611741119409e-03,3.556930874935e-03,3.506632251106e-03,3.464608592339e-03,3.422803058990e-03,3.383650772503e-03,3.344291227297e-03,3.312632010112e-03,3.283683411073e-03,3.252799458828e-03,3.227568708796e-03,3.202725591232e-03,3.178270106139e-03,3.161307690357e-03,2.256436398100e-03
101.100000,3.445525393618e-03,3.592450984027e-03,3.849800918938e-03,3.799380365063e-03,3.748337106148e-03,3.705679957560e-03,3.672555350933e-03,3.605010417988e-03,3.614300243789e-03,3.654465447737e-03,3.602627844072e-03,3.548104764323e-03,3.498062649562e-03,3.456253101111e-03,3.414660935561e-03,3.375713716249e-03,3.336559823612e-03,3.305065847024e-03,3.276257346540e-03,3.245535956517e-03,3.220433812464e-03,3.195717961684e-03,3.171388404196e-03,3.154512089431e-03,2.252848656050e-03
101.600000,3.438478532835e-03,3.583282412851e-03,3.839548816661e-03,3.789348328760e-03,3.738526073150e-03,3.696046898284e-03,3.663066821519e-03,3.595799541342e-03,3.605197453331e-03,3.645181968310e-03,3.593603438307e-03,3.539364254376e-03,3.489575750570e-03,3.447977894045e-03,3.406596684945e-03,3.367852198397e-03,3.328901618646e-03,3.297571003925e-03,3.268901043131e-03,3.238340361882e-03,3.213365371313e-03,3.188775347486e-03,3.164570290389e-03,3.147779105116e-03,2.249291145740e-03
102.100000,3.431493626251e-03,3.574204180415e-03,3.829398321429e-03,3.779415580601e-03,3.728812002388e-03,3.686508960063e-03,3.653671888564e-03,3.586679401155e-03,3.596183650573e-03,3.635989303095e-03,3.584666935941e-03,3.530708421839e-03,3.481170668645e-03,3.439782117156e-03,3.398609484521e-03,3.360065426996e-03,3.321315851130e-03,3.290146744179e-03,3.261613784184e-03,3.231211982615e-03,3.206362711977e-03,3.181897094031e-03,3.157815128777e-03,3.141108114090e-03,2.245763612900e-03
102.600000,3.424570107880e-03,3.565215289148e-03,3.819348303263e-03,3.769581018289e-03,3.719193819345e-03,3.677065089889e-03,3.644369517291e-03,3.577648995846e-03,3.587257864186e-03,3.626886460352e-03,3.575817382920e-03,3.522136354921e-03,3.472846529164e-03,3.431664926822e-03,3.390698521642e-03,3.352352619585e-03,3.313801768844e-03,3.282792339818e-03,3.254394861372e-03,3.224150134418e-03,3.199425168756e-03,3.175082554135e-03,3.151122290544e-03,3.134498499983e-03,2.242265805390e-03
103.100000,3.417707417232e-03,3.556314754205e-03,3.809397646648e-03,3.759843553662e-03,3.709670463265e-03,3.667714248180e-03,3.635158686108e-03,3.568707336586e-03,3.578419135046e-03,3.617872460785e-03,3.567053837092e-03,3.513647153114e-03,3.464602468234e-03,3.423625489730e-03,3.382862993442e-03,3.344713003022e-03,3.306358628441e-03,3.275507071400e-03,3.247243574644e-03,3.217154140871e-03,3.192552083590e-03,3.168331087945e-03,3.144491153934e-03,3.127949653300e-03,2.238797473140e-03
103.600000,3.410904999223e-03,3.547501603233e-03,3.799545250341e-03,3.750202112453e-03,3.700240886854e-03,3.658455408578e-03,3.626038386438e-03,3.559853447084e-03,3.569666516029e-03,3.608946337426e-03,3.558375368041e-03,3.505239927001e-03,3.456437632526e-03,3.415662982623e-03,3.375102106732e-03,3.337145813401e-03,3.298985695336e-03,3.268290227878e-03,3.240159232066e-03,3.210223333348e-03,3.185742805920e-03,3.161642062860e-03,3.137921104165e-03,3.121460971348e-03,2.235358368170e-03
104.100000,3.404162304175e-03,3.538774876221e-03,3.789790027134e-03,3.740655634036e-03,3.690904056184e-03,3.649287557754e-03,3.617007622456e-03,3.551086363427e-03,3.560999071875e-03,3.600107135321e-03,3.549781056837e-03,3.496913798069e-03,3.448351179081e-03,3.407776592200e-03,3.367415077793e-03,3.329650295878e-03,3.291682243587e-03,3.261141106501e-03,3.233141149699e-03,3.203357050836e-03,3.178996692548e-03,3.155014853374e-03,3.131411533308e-03,3.115031858074e-03,2.231948244550e-03
104.600000,3.397478787677e-03,3.530133625261e-03,3.780130903648e-03,3.731203071281e-03,3.681658950352e-03,3.640209695229e-03,3.608065410959e-03,3.542405133874e-03,3.552415878951e-03,3.591353911445e-03,3.541269995982e-03,3.488667898614e-03,3.440342275208e-03,3.399965514999e-03,3.359801132292e-03,3.322225704518e-03,3.284447555742e-03,3.254059012664e-03,3.226188651488e-03,3.196554639901e-03,3.172313107581e-03,3.148448841014e-03,3.124961840175e-03,3.108661724050e-03,2.228566858380e-03
105.100000,3.390853910558e-03,3.521576914381e-03,3.770566820102e-03,3.721843390269e-03,3.672504561426e-03,3.631220833110e-03,3.599210781103e-03,3.533808818646e-03,3.543916025107e-03,3.582685734496e-03,3.532841289140e-03,3.480501371493e-03,3.432410098278e-03,3.392228957171e-03,3.352259505131e-03,3.314871302225e-03,3.277280922759e-03,3.247043259833e-03,3.219301069177e-03,3.189815454547e-03,3.165691422313e-03,3.141943414222e-03,3.118571430285e-03,3.102349986323e-03,2.225213967770e-03
105.600000,3.384287138837e-03,3.513103819390e-03,3.761096730095e-03,3.712575570177e-03,3.663439894123e-03,3.622319995992e-03,3.590442774283e-03,3.525296489784e-03,3.535498609500e-03,3.574101684686e-03,3.524494050977e-03,3.472413370039e-03,3.424553835620e-03,3.384566134419e-03,3.344789440269e-03,3.307586360566e-03,3.270181643830e-03,3.240093169377e-03,3.212477742153e-03,3.183138856099e-03,3.159131015105e-03,3.135497968304e-03,3.112239715711e-03,3.096096068354e-03,2.221889332830e-03
106.100000,3.377777943638e-03,3.504713427662e-03,3.751719600452e-03,3.703398602983e-03,3.654463965700e-03,3.613506220644e-03,3.581760443894e-03,3.516867230919e-03,3.527162742414e-03,3.565600853600e-03,3.516227407068e-03,3.464403057853e-03,3.416772684341e-03,3.376976271788e-03,3.337390190670e-03,3.300370159681e-03,3.263149026321e-03,3.233208070509e-03,3.205718017370e-03,3.176524213120e-03,3.152631271302e-03,3.129111905267e-03,3.105966115009e-03,3.089899399930e-03,2.218592715650e-03
106.600000,3.371325801124e-03,3.496404837966e-03,3.742434410973e-03,3.694311493364e-03,3.645575805686e-03,3.604778555979e-03,3.573162855153e-03,3.508520137169e-03,3.518907545094e-03,3.557182344010e-03,3.508040493642e-03,3.456469608686e-03,3.409065851196e-03,3.369458603586e-03,3.330061018104e-03,3.293221988108e-03,3.256182385594e-03,3.226387300125e-03,3.199021249235e-03,3.169970901330e-03,3.146191583162e-03,3.122784633765e-03,3.099750053159e-03,3.083759417066e-03,2.215323880280e-03
107.100000,3.364930192464e-03,3.488177160315e-03,3.733240154252e-03,3.685313258424e-03,3.636774455781e-03,3.596136062715e-03,3.564649084963e-03,3.500254314875e-03,3.510732149587e-03,3.548845269730e-03,3.499932457489e-03,3.448612206286e-03,3.401432552454e-03,3.362012373196e-03,3.322801193034e-03,3.286141142710e-03,3.249281044957e-03,3.219630202740e-03,3.192386799485e-03,3.163478303440e-03,3.139811349685e-03,3.116515569002e-03,3.093590961412e-03,3.077675561933e-03,2.212082592690e-03
107.600000,3.358590603767e-03,3.480029515769e-03,3.724135835492e-03,3.676402927557e-03,3.628058969612e-03,3.587577813317e-03,3.556218221694e-03,3.492068881511e-03,3.502635698583e-03,3.540588755412e-03,3.491902455786e-03,3.440830044191e-03,3.393872013740e-03,3.354636833016e-03,3.315609994519e-03,3.279126928546e-03,3.242444335488e-03,3.212936130331e-03,3.185814037130e-03,3.157045809119e-03,3.133489976607e-03,3.110304132663e-03,3.087488277296e-03,3.071647282747e-03,2.208868620800e-03
108.100000,3.352306526023e-03,3.471961036287e-03,3.715120472303e-03,3.667579542229e-03,3.619428412566e-03,3.579102891734e-03,3.547869365019e-03,3.483962965464e-03,3.494617345243e-03,3.532411936424e-03,3.483949655903e-03,3.433122325690e-03,3.386383469910e-03,3.347331244238e-03,3.308486710072e-03,3.272178658726e-03,3.235671595984e-03,3.206304442294e-03,3.179302338287e-03,3.150672814867e-03,3.127226876258e-03,3.104149752783e-03,3.081441444454e-03,3.065674033762e-03,2.205681734420e-03
108.600000,3.346077455023e-03,3.463970864569e-03,3.706193094509e-03,3.658842155852e-03,3.610881861633e-03,3.570710393275e-03,3.539601625761e-03,3.475935705910e-03,3.486676253065e-03,3.524313958681e-03,3.476073235355e-03,3.425488263617e-03,3.378966164932e-03,3.340094876785e-03,3.301430635506e-03,3.265295654326e-03,3.228962172811e-03,3.199734505280e-03,3.172851086150e-03,3.144358723946e-03,3.121021467483e-03,3.098051863701e-03,3.075449912565e-03,3.059755275079e-03,2.202521705260e-03
109.100000,3.339902891339e-03,3.456058153859e-03,3.697352743995e-03,3.650189833523e-03,3.602418405202e-03,3.562399424458e-03,3.531414125736e-03,3.467986252619e-03,3.478811595708e-03,3.516293978457e-03,3.468272381514e-03,3.417927080185e-03,3.371619351700e-03,3.332927009187e-03,3.294441074886e-03,3.258477244283e-03,3.222315419811e-03,3.193225693129e-03,3.166459670822e-03,3.138102946241e-03,3.114873175566e-03,3.092009905934e-03,3.069513137351e-03,3.053890472680e-03,2.199388306880e-03
109.600000,3.333782340282e-03,3.448222067855e-03,3.688598474509e-03,3.641621651937e-03,3.594037142950e-03,3.554169102785e-03,3.523305997509e-03,3.460113765815e-03,3.471022556863e-03,3.508351162297e-03,3.460546291590e-03,3.410438006955e-03,3.364342291990e-03,3.325826928412e-03,3.287517340358e-03,3.251722765259e-03,3.215730698199e-03,3.186777386784e-03,3.160127489304e-03,3.131904898234e-03,3.108781432102e-03,3.086023326148e-03,3.063630580364e-03,3.048079098259e-03,2.196281314720e-03
110.100000,3.327715311785e-03,3.440461780493e-03,3.679929351479e-03,3.633136699131e-03,3.585737185584e-03,3.546018556621e-03,3.515276384367e-03,3.452317416028e-03,3.463308330093e-03,3.500484686785e-03,3.452894172423e-03,3.403020284549e-03,3.357134256270e-03,3.318793929809e-03,3.280658752047e-03,3.245031561542e-03,3.209207376484e-03,3.180388974144e-03,3.153853945309e-03,3.125764002849e-03,3.102745674968e-03,3.080091577034e-03,3.057801709044e-03,3.042320629214e-03,2.193200506050e-03
110.600000,3.321701320424e-03,3.432776475820e-03,3.671344451856e-03,3.624734074394e-03,3.577517654773e-03,3.537946925017e-03,3.507324440066e-03,3.444596383938e-03,3.455668118724e-03,3.492693738507e-03,3.445315240352e-03,3.395673162672e-03,3.349994523583e-03,3.311827316934e-03,3.273864637973e-03,3.238402984933e-03,3.202744830310e-03,3.174059850020e-03,3.147638449244e-03,3.119679689422e-03,3.096765348227e-03,3.074214117261e-03,3.052025996525e-03,3.036614548534e-03,2.190145659960e-03
111.100000,3.315739885318e-03,3.425165347849e-03,3.662842863926e-03,3.616412888066e-03,3.569377682901e-03,3.529953357554e-03,3.499449328687e-03,3.436949860213e-03,3.448101135627e-03,3.484977513802e-03,3.437808721095e-03,3.388395899908e-03,3.342922381463e-03,3.304926401452e-03,3.267134333912e-03,3.231836394695e-03,3.196342442421e-03,3.167789416005e-03,3.141480418092e-03,3.113651393590e-03,3.090839901984e-03,3.068390411338e-03,3.046302921645e-03,3.030960344750e-03,2.187116557350e-03
111.600000,3.309830530093e-03,3.417627600414e-03,3.654423687173e-03,3.608172261352e-03,3.561316413010e-03,3.522037014226e-03,3.491650224527e-03,3.429377045381e-03,3.440606603185e-03,3.477335218664e-03,3.430373849601e-03,3.381187763563e-03,3.335917125769e-03,3.298090503032e-03,3.260467183257e-03,3.225331157341e-03,3.189999602539e-03,3.161577080420e-03,3.135379275307e-03,3.107678557188e-03,3.084968792399e-03,3.062619929616e-03,3.040631968829e-03,3.025357511838e-03,2.184112980900e-03
112.100000,3.303972782848e-03,3.410162447016e-03,3.646086032078e-03,3.600011326209e-03,3.553332998556e-03,3.514197065213e-03,3.483926311919e-03,3.421877149673e-03,3.433183753053e-03,3.469766068615e-03,3.423009869941e-03,3.374048029605e-03,3.328978060609e-03,3.291318949262e-03,3.253862537000e-03,3.218886646658e-03,3.183715707253e-03,3.155422258179e-03,3.129334450759e-03,3.101760628205e-03,3.079151481554e-03,3.056902148165e-03,3.035012628023e-03,3.019805549156e-03,2.181134715080e-03
112.600000,3.298166176080e-03,3.402769110700e-03,3.637829020003e-03,3.591929225182e-03,3.545426603281e-03,3.506432690837e-03,3.476276785080e-03,3.414449392898e-03,3.425831826094e-03,3.462269288568e-03,3.415716035117e-03,3.366975982553e-03,3.322104498181e-03,3.284611075461e-03,3.247319753566e-03,3.212502243519e-03,3.177490159943e-03,3.149324370728e-03,3.123345380636e-03,3.095897060688e-03,3.073387437378e-03,3.051236548695e-03,3.029444394651e-03,3.014303961426e-03,2.178181546120e-03
113.100000,3.292410246679e-03,3.395446823912e-03,3.629651782996e-03,3.583925111210e-03,3.537596401088e-03,3.498743081285e-03,3.468700847994e-03,3.407093004303e-03,3.418550072236e-03,3.454844112662e-03,3.408491607032e-03,3.359970915259e-03,3.315295758710e-03,3.277966224652e-03,3.240838198696e-03,3.206177335818e-03,3.171322370694e-03,3.143282845943e-03,3.117411507343e-03,3.090087314636e-03,3.067676133566e-03,3.045622618518e-03,3.023926769482e-03,3.008852258577e-03,2.175253261980e-03
113.600000,3.286704535813e-03,3.388194828344e-03,3.621553463658e-03,3.575998147539e-03,3.529841575896e-03,3.491127436613e-03,3.461197714268e-03,3.399807222416e-03,3.411337750314e-03,3.447489784159e-03,3.401335856285e-03,3.353032128902e-03,3.308551170287e-03,3.271383747426e-03,3.234417245401e-03,3.199911318402e-03,3.165211756213e-03,3.137297118082e-03,3.111532279453e-03,3.084330855979e-03,3.062017049542e-03,3.040059850441e-03,3.018459258650e-03,3.003449955746e-03,2.172349652380e-03
114.100000,3.281048588941e-03,3.381012374813e-03,3.613533214964e-03,3.568147507515e-03,3.522161321437e-03,3.483584966455e-03,3.453766606971e-03,3.392591294924e-03,3.404194127985e-03,3.440205555309e-03,3.394248062052e-03,3.346158932774e-03,3.301870068805e-03,3.264863001799e-03,3.228056273834e-03,3.193703592907e-03,3.159157739686e-03,3.131366627633e-03,3.105707151598e-03,3.078627156430e-03,3.056409670346e-03,3.034547742705e-03,3.013041373507e-03,2.998096573184e-03,2.169470508720e-03
114.600000,3.275441955766e-03,3.373898723177e-03,3.605590200176e-03,3.560372374477e-03,3.514554841229e-03,3.476114890015e-03,3.446406758528e-03,3.385444478580e-03,3.397118481562e-03,3.432990687237e-03,3.387227512044e-03,3.339350644288e-03,3.295251797806e-03,3.258403353207e-03,3.221754671196e-03,3.187553567757e-03,3.153159750773e-03,3.125490821304e-03,3.099935584389e-03,3.072975693487e-03,3.050853486567e-03,3.029085798929e-03,3.007672630587e-03,2.992791636202e-03,2.166615624120e-03
115.100000,3.269884190149e-03,3.366853142113e-03,3.597723592623e-03,3.552671941597e-03,3.507021348293e-03,3.468716435880e-03,3.439117410548e-03,3.378366038995e-03,3.390110095947e-03,3.425844449764e-03,3.380273502278e-03,3.332606588735e-03,3.288695708444e-03,3.252004174297e-03,3.215511831617e-03,3.181460657979e-03,3.147217225461e-03,3.119669151880e-03,3.094217044365e-03,3.067375950284e-03,3.045347994291e-03,3.023673528046e-03,3.002352551545e-03,2.987534675117e-03,2.163784793400e-03
115.600000,3.264374850089e-03,3.359874909073e-03,3.589932575582e-03,3.545045411767e-03,3.499560065149e-03,3.461388841843e-03,3.431897813741e-03,3.371355250596e-03,3.383168264425e-03,3.418766121374e-03,3.373385337080e-03,3.325926099277e-03,3.282201159293e-03,3.245664844885e-03,3.209327156109e-03,3.175424285196e-03,3.141329605998e-03,3.113901078203e-03,3.088551003899e-03,3.061827415572e-03,3.039892695023e-03,3.018310444207e-03,2.997080663116e-03,2.982325225156e-03,2.160977813030e-03
116.100000,3.258913497695e-03,3.352963310142e-03,3.582216342185e-03,3.537491997411e-03,3.492170223610e-03,3.454131354846e-03,3.424747227764e-03,3.364411396437e-03,3.376292288653e-03,3.411754989016e-03,3.366562328835e-03,3.319308516751e-03,3.275767516322e-03,3.239384751895e-03,3.203200052442e-03,3.169443877491e-03,3.135496340837e-03,3.108186065034e-03,3.082936941131e-03,3.056329583640e-03,3.034487095604e-03,3.012996066727e-03,2.991856496995e-03,2.977162826430e-03,2.158194481160e-03
116.600000,3.253499699122e-03,3.346117639869e-03,3.574574095206e-03,3.530010920397e-03,3.484851064660e-03,3.446943230816e-03,3.417664921100e-03,3.357533768141e-03,3.369481478469e-03,3.404810348025e-03,3.359803798002e-03,3.312753189672e-03,3.269394152750e-03,3.233163289158e-03,3.197129935089e-03,3.163518869344e-03,3.129716884510e-03,3.102523583027e-03,3.077374339849e-03,3.050881954189e-03,3.029130708154e-03,3.007729920035e-03,2.986679589823e-03,2.972047023870e-03,2.155434597560e-03
117.100000,3.248133024525e-03,3.339337201218e-03,3.567005046965e-03,3.522601411896e-03,3.477601838323e-03,3.439823734530e-03,3.410650170931e-03,3.350721665696e-03,3.362735151792e-03,3.397931501994e-03,3.353109072935e-03,3.306259474024e-03,3.263080448950e-03,3.226999857430e-03,3.191116225061e-03,3.157648701529e-03,3.123990697575e-03,3.096913108600e-03,3.071862689499e-03,3.045484032355e-03,3.023823050022e-03,3.002511533601e-03,2.981549483087e-03,2.966977367142e-03,2.152697963660e-03
117.600000,3.242813048050e-03,3.332621305408e-03,3.559508419205e-03,3.515262712222e-03,3.470421803590e-03,3.432772139511e-03,3.403702263004e-03,3.343974397434e-03,3.356052634532e-03,3.391117762667e-03,3.346477489794e-03,3.299826733217e-03,3.256825792411e-03,3.220893864238e-03,3.185158349910e-03,3.151832821058e-03,3.118317246542e-03,3.091354123936e-03,3.066401485041e-03,3.040135328576e-03,3.018563643687e-03,2.997340441874e-03,2.976465723117e-03,2.961953410612e-03,2.149984382490e-03
118.100000,3.237539347768e-03,3.325969271795e-03,3.552083442919e-03,3.507994070748e-03,3.463310228205e-03,3.425787727908e-03,3.396820491559e-03,3.337291279826e-03,3.349433260459e-03,3.384368449800e-03,3.339908392424e-03,3.293454337974e-03,3.250629577553e-03,3.214844723785e-03,3.179255743582e-03,3.146070681080e-03,3.112696003767e-03,3.085846116816e-03,3.060990226916e-03,3.034835358528e-03,3.013352016728e-03,2.992216184209e-03,2.971427860972e-03,2.956974713285e-03,2.147293658690e-03
118.600000,3.232311505608e-03,3.319380427806e-03,3.544729358270e-03,3.500794745743e-03,3.456266388596e-03,3.418869790373e-03,3.390004159139e-03,3.330671637447e-03,3.342876371120e-03,3.377682891130e-03,3.333401132260e-03,3.287141666235e-03,3.244491205683e-03,3.208851856918e-03,3.173407846384e-03,3.140361740783e-03,3.107126447438e-03,3.080388580620e-03,3.055628420964e-03,3.029583643103e-03,3.008187701732e-03,2.987138304827e-03,2.966435452402e-03,2.952040838770e-03,2.144625598500e-03
119.100000,3.227129107393e-03,3.312854108754e-03,3.537445414426e-03,3.493664004274e-03,3.449289569768e-03,3.412017625894e-03,3.383252576541e-03,3.324114802791e-03,3.336381315697e-03,3.371060422171e-03,3.326955068237e-03,3.280888103035e-03,3.238410084931e-03,3.202914690971e-03,3.167614104834e-03,3.134705465368e-03,3.101608061410e-03,3.074981014244e-03,3.050315578358e-03,3.024379708284e-03,3.003070236243e-03,2.982106352751e-03,2.961488057802e-03,2.947151355151e-03,2.141980009740e-03
119.600000,3.221991742731e-03,3.306389657798e-03,3.530230869446e-03,3.486601122072e-03,3.442379065138e-03,3.405230541787e-03,3.376565062690e-03,3.317620116239e-03,3.329947450934e-03,3.364500386131e-03,3.320569566685e-03,3.274693040474e-03,3.232385630096e-03,3.197032659729e-03,3.161873971624e-03,3.129101325927e-03,3.096140335218e-03,3.069622921983e-03,3.045051215523e-03,3.019223085124e-03,2.997999162711e-03,2.977119881717e-03,2.956585242142e-03,2.942305835030e-03,2.139356701780e-03
120.100000,3.216899005006e-03,3.299986425791e-03,3.523084990188e-03,3.479605383396e-03,3.435534176481e-03,3.398507853461e-03,3.369940944458e-03,3.311186925878e-03,3.323574141022e-03,3.358002133858e-03,3.314244001191e-03,3.268555877523e-03,3.226417262609e-03,3.191205203322e-03,3.156186905574e-03,3.123548799383e-03,3.090722763953e-03,3.064313813536e-03,3.039834854109e-03,3.014113309684e-03,2.992974028428e-03,2.972178450169e-03,2.951726574906e-03,2.937503855413e-03,2.136755485560e-03
120.600000,3.211850491338e-03,3.293643771193e-03,3.516007052113e-03,3.472676080973e-03,3.428754213741e-03,3.391848884416e-03,3.363379556672e-03,3.304814587439e-03,3.317260757501e-03,3.351565023712e-03,3.307977752564e-03,3.262476020058e-03,3.220504410393e-03,3.185431768144e-03,3.150552371449e-03,3.118047368422e-03,3.085354848218e-03,3.059053203873e-03,3.034666020885e-03,3.009049922939e-03,2.987994385453e-03,2.967281621153e-03,2.946911630063e-03,2.932744997654e-03,2.134176173560e-03
121.100000,3.206845802543e-03,3.287361059974e-03,3.508996339256e-03,3.465812515802e-03,3.422038494973e-03,3.385252966014e-03,3.356880241916e-03,3.298502464179e-03,3.311006679154e-03,3.345188421423e-03,3.301770208680e-03,3.256452880615e-03,3.214646507879e-03,3.179711806782e-03,3.144969839996e-03,3.112596521398e-03,3.080036094028e-03,3.053840613199e-03,3.029544247692e-03,3.004032470749e-03,2.983059790553e-03,2.962428962311e-03,2.942139986003e-03,2.928028847460e-03,2.131618579780e-03
121.600000,3.201884543116e-03,3.281137665482e-03,3.502052144047e-03,3.459013997123e-03,3.415386346241e-03,3.378719437513e-03,3.350442350449e-03,3.292249926795e-03,3.304811291934e-03,3.338871700055e-03,3.295620764439e-03,3.250485878472e-03,3.208842995763e-03,3.174044777911e-03,3.139438787781e-03,3.107195752273e-03,3.074766012791e-03,3.048675566913e-03,3.024469071385e-03,2.999060503771e-03,2.978169805198e-03,2.957620045758e-03,2.937411225440e-03,2.923354994754e-03,2.129082519750e-03
122.100000,3.196966321161e-03,3.274972968384e-03,3.495173767219e-03,3.452279842231e-03,3.408797101432e-03,3.372247645836e-03,3.344065240109e-03,3.286056353288e-03,3.298673988826e-03,3.332614239845e-03,3.289528821646e-03,3.244574439404e-03,3.203093321100e-03,3.168430146250e-03,3.133958697166e-03,3.101844560565e-03,3.069544121178e-03,3.043557595463e-03,3.019440033770e-03,2.994133577449e-03,2.973323995425e-03,2.952854448099e-03,2.932724935460e-03,2.918723033721e-03,2.126567810500e-03
122.600000,3.192090748357e-03,3.268866356545e-03,3.488360517696e-03,3.445609376414e-03,3.402270102256e-03,3.365836945531e-03,3.337748276203e-03,3.279921128903e-03,3.292594169806e-03,3.326415428190e-03,3.283493788892e-03,3.238717995727e-03,3.197396937065e-03,3.162867382454e-03,3.128529056233e-03,3.096542451255e-03,3.064369941117e-03,3.038486234392e-03,3.014456681527e-03,2.989251251892e-03,2.968521931837e-03,2.948131750327e-03,2.928080707360e-03,2.914132562655e-03,2.124074270560e-03
123.100000,3.187257439955e-03,3.262817224903e-03,3.481611712495e-03,3.439001932839e-03,3.395804698067e-03,3.359486698654e-03,3.331490831443e-03,3.273843646005e-03,3.286571241687e-03,3.320274659454e-03,3.277515081529e-03,3.232915986127e-03,3.191753303007e-03,3.157355963050e-03,3.123149358668e-03,3.091288934696e-03,3.059242999686e-03,3.033461024187e-03,3.009518566162e-03,2.984413091863e-03,2.963763189526e-03,2.943451537799e-03,2.923478136683e-03,2.909583184029e-03,2.121601719920e-03
123.600000,3.182466014734e-03,3.256824975444e-03,3.474926676566e-03,3.432456852413e-03,3.389400245783e-03,3.353196274686e-03,3.325292285758e-03,3.267823303998e-03,3.280604618097e-03,3.314191334957e-03,3.271592121545e-03,3.227167855604e-03,3.186161884252e-03,3.151895370374e-03,3.117819103727e-03,3.086083526601e-03,3.054162829072e-03,3.028481510251e-03,3.004625243949e-03,2.979618666696e-03,2.959047348051e-03,2.938813400185e-03,2.918916823097e-03,2.905074504318e-03,2.119149980060e-03
124.100000,3.177716094951e-03,3.250889017046e-03,3.468304742753e-03,3.425973483751e-03,3.383056109776e-03,3.346965050370e-03,3.319152026308e-03,3.261859509224e-03,3.274693719316e-03,3.308164862841e-03,3.265724337458e-03,3.221473055398e-03,3.180622152127e-03,3.146485092477e-03,3.112537796177e-03,3.080925747950e-03,3.049128966499e-03,3.023547242859e-03,2.999776275896e-03,2.974867550279e-03,2.954373991314e-03,2.934216931366e-03,2.914396370423e-03,2.900606134067e-03,2.116718873930e-03
124.600000,3.173007306289e-03,3.245008765395e-03,3.461745251630e-03,3.419551182975e-03,3.376771661792e-03,3.340792409706e-03,3.313069447291e-03,3.255951674868e-03,3.268837972247e-03,3.302194657983e-03,3.259911164243e-03,3.215831042895e-03,3.175133583790e-03,3.141124623064e-03,3.107304946170e-03,3.075815124891e-03,3.044140954145e-03,3.018657777074e-03,2.994971227624e-03,2.970159320962e-03,2.949742707606e-03,2.929661729465e-03,2.909916386515e-03,2.896177687771e-03,2.114308225890e-03
125.100000,3.168339277900e-03,3.239183642941e-03,3.455247551439e-03,3.413189313685e-03,3.370546280819e-03,3.334677743775e-03,3.307043949910e-03,3.250099220882e-03,3.263036810316e-03,3.296280141908e-03,3.254152043314e-03,3.210241281567e-03,3.169695662260e-03,3.135813461396e-03,3.102120069245e-03,3.070751188747e-03,3.039198339134e-03,3.013812672680e-03,2.990209669379e-03,2.965493561494e-03,2.945153089464e-03,2.925147396721e-03,2.905476483261e-03,2.891788783853e-03,2.111917861760e-03
125.600000,3.163711642264e-03,3.233413078734e-03,3.448810997981e-03,3.406887246859e-03,3.364379353038e-03,3.328620450710e-03,3.301074942265e-03,3.244301573874e-03,3.257289673368e-03,3.290420742755e-03,3.248446422316e-03,3.204703240879e-03,3.164307876253e-03,3.130551112291e-03,3.096982686222e-03,3.065733475881e-03,3.034300673413e-03,3.009011494177e-03,2.985491175920e-03,2.960869859019e-03,2.940604733688e-03,2.920673539524e-03,2.901076276528e-03,2.887439044625e-03,2.109547608780e-03
126.100000,3.159124035269e-03,3.227696508419e-03,3.442434954473e-03,3.400644360700e-03,3.358270271678e-03,3.322619935520e-03,3.295161839237e-03,3.238558167027e-03,3.251596007579e-03,3.284615895075e-03,3.242793755130e-03,3.199216396181e-03,3.158969720121e-03,3.125337085938e-03,3.091892323122e-03,3.060761527668e-03,3.029447513767e-03,3.004253810645e-03,2.980815326528e-03,2.956287804999e-03,2.936097241229e-03,2.916239768256e-03,2.896715386079e-03,2.883128096230e-03,2.107197295620e-03
126.600000,3.154576096071e-03,3.222033374075e-03,3.436118791510e-03,3.394460040605e-03,3.352218436965e-03,3.316675610117e-03,3.289304062450e-03,3.232868440026e-03,3.245955265418e-03,3.278865039879e-03,3.237193501792e-03,3.193780228725e-03,3.153680693837e-03,3.120170897963e-03,3.086848511128e-03,3.055834890446e-03,3.024638421657e-03,2.999539195770e-03,2.976181704874e-03,2.951746995137e-03,2.931630217217e-03,2.911845697362e-03,2.892393435592e-03,2.878855568607e-03,2.104866752310e-03
127.100000,3.150067467158e-03,3.216423124174e-03,3.429861886934e-03,3.388333679008e-03,3.346223256012e-03,3.310786893087e-03,3.283501040118e-03,3.227231838963e-03,3.240366905509e-03,3.273167624432e-03,3.231645128387e-03,3.188394225479e-03,3.148440302873e-03,3.115052069235e-03,3.081850786534e-03,3.050953115410e-03,3.019872963279e-03,2.994867227741e-03,2.971589899053e-03,2.947247029371e-03,2.927203270827e-03,2.907490945227e-03,2.888110052549e-03,2.874621095461e-03,2.102555810320e-03
127.600000,3.145597794252e-03,3.210865213489e-03,3.423663625742e-03,3.382264675358e-03,3.340284142680e-03,3.304953209713e-03,3.277752207018e-03,3.221647816234e-03,3.234830392607e-03,3.267523102283e-03,3.226148106976e-03,3.183057879132e-03,3.143248058159e-03,3.109980125914e-03,3.076898690661e-03,3.046115758617e-03,3.015150709421e-03,2.990237489174e-03,2.967039501443e-03,2.942787511805e-03,2.922816015316e-03,2.903175134141e-03,2.883864868261e-03,2.870424314178e-03,2.100264302460e-03
128.100000,3.141166726308e-03,3.205359103003e-03,3.417523399994e-03,3.376252435959e-03,3.334400517595e-03,3.299173991847e-03,3.272057004367e-03,3.216115830488e-03,3.229345197449e-03,3.261930933123e-03,3.220701915516e-03,3.177770687992e-03,3.138103475983e-03,3.104954599321e-03,3.071991769781e-03,3.041322380855e-03,3.010471235444e-03,2.985649567134e-03,2.962530108732e-03,2.938368050633e-03,2.918468067897e-03,2.898897890268e-03,2.879657517746e-03,2.866264865834e-03,2.097992062950e-03
128.600000,3.136773915467e-03,3.199904259832e-03,3.411440608719e-03,3.370296373919e-03,3.328571807972e-03,3.293448677821e-03,3.266414879735e-03,3.210635346541e-03,3.223910796762e-03,3.256390582695e-03,3.215306037812e-03,3.172532155917e-03,3.133006077945e-03,3.099975025833e-03,3.067129575062e-03,3.036572547640e-03,3.005834121204e-03,2.981103053004e-03,2.958061321825e-03,2.933988258164e-03,2.914159049757e-03,2.894658843631e-03,2.875487639763e-03,2.862142395125e-03,2.095738927330e-03
129.100000,3.132419017072e-03,3.194500157141e-03,3.405414657825e-03,3.364395909055e-03,3.322797447569e-03,3.287776712336e-03,3.260825287007e-03,3.205205835276e-03,3.218526673114e-03,3.250901522743e-03,3.209959963398e-03,3.167341792243e-03,3.127955390887e-03,3.095040946928e-03,3.062311662534e-03,3.031865829133e-03,3.001238951045e-03,2.976597542500e-03,2.953632745776e-03,2.929647750680e-03,2.909888585970e-03,2.890457627989e-03,2.871354876727e-03,2.858056550324e-03,2.093504732510e-03
129.600000,3.128101689544e-03,3.189146274086e-03,3.399444960019e-03,3.358550467795e-03,3.317076876581e-03,3.282157546435e-03,3.255287686243e-03,3.199826773568e-03,3.213192314884e-03,3.245463230938e-03,3.204663187513e-03,3.162199111721e-03,3.122950946864e-03,3.090151909045e-03,3.057537593030e-03,3.027201800110e-03,2.996685313690e-03,2.972132635571e-03,2.949243989810e-03,2.925346148471e-03,2.905656305470e-03,2.886293880859e-03,2.867258874649e-03,2.854006983253e-03,2.091289316730e-03
130.100000,3.123821594467e-03,3.183842095715e-03,3.393530934695e-03,3.352759483104e-03,3.311409541555e-03,3.276590637401e-03,3.249801543632e-03,3.194497644218e-03,3.207907216156e-03,3.240075190790e-03,3.199415210986e-03,3.157103634468e-03,3.117992283001e-03,3.085307463548e-03,3.052806932087e-03,3.022580039843e-03,2.992172802238e-03,2.967707936348e-03,2.944894667185e-03,2.921083075729e-03,2.901461840997e-03,2.882167243472e-03,2.863199283173e-03,2.849993349231e-03,2.089092519580e-03
130.600000,3.119578396460e-03,3.178587112890e-03,3.387672007871e-03,3.347022394399e-03,3.305794895373e-03,3.271075448646e-03,3.244366331416e-03,3.189217935877e-03,3.202670876671e-03,3.234736891586e-03,3.194215540195e-03,3.152054885823e-03,3.113078941480e-03,3.080507166655e-03,3.048119249921e-03,3.018000132131e-03,2.987701014040e-03,2.963323053155e-03,2.940584395222e-03,2.916858160552e-03,2.897304829073e-03,2.878077360697e-03,2.859175755433e-03,2.846015307065e-03,2.086914181940e-03
131.100000,3.115371763224e-03,3.173380822222e-03,3.381867612087e-03,3.341338647444e-03,3.300232397033e-03,3.265611449677e-03,3.238981527787e-03,3.183987142980e-03,3.197482801750e-03,3.229447828311e-03,3.189063686975e-03,3.147052396408e-03,3.108210469499e-03,3.075750579390e-03,3.043474121345e-03,3.013461665192e-03,2.983269550749e-03,2.958977598369e-03,2.936312795213e-03,2.912671034865e-03,2.893184909921e-03,2.874023881004e-03,2.855187948099e-03,2.842072518973e-03,2.084754146010e-03
131.600000,3.111201365461e-03,3.168222726008e-03,3.376117186329e-03,3.335707694312e-03,3.294721511719e-03,3.260198115984e-03,3.233646616837e-03,3.178804765617e-03,3.192342502214e-03,3.224207501540e-03,3.183959168582e-03,3.142095701964e-03,3.103386419149e-03,3.071037267533e-03,3.038871125754e-03,3.008964231605e-03,2.978878018195e-03,2.954671188458e-03,2.932079492382e-03,2.908521334367e-03,2.889101727484e-03,2.870006456467e-03,2.851235521295e-03,2.838164650550e-03,2.082612255290e-03
132.100000,3.107066876863e-03,3.163112332135e-03,3.370420175954e-03,3.330128993251e-03,3.289261710634e-03,3.254834928972e-03,3.228361088463e-03,3.173670309533e-03,3.187249494322e-03,3.219015417443e-03,3.178901507574e-03,3.137184343270e-03,3.098606347404e-03,3.066366801501e-03,3.034309847041e-03,3.004507428290e-03,2.974526026340e-03,2.950403443886e-03,2.927884115855e-03,2.904408698559e-03,2.885054929317e-03,2.866024742660e-03,2.847318138566e-03,2.834291370780e-03,2.080488354570e-03
132.600000,3.102967974094e-03,3.158049154021e-03,3.364776032577e-03,3.324602008646e-03,3.283852470951e-03,3.249521375897e-03,3.223124438301e-03,3.168583286030e-03,3.182203299694e-03,3.213871087664e-03,3.173890231807e-03,3.132317866202e-03,3.093869816050e-03,3.061738756388e-03,3.029789873542e-03,3.000090856461e-03,2.970213189258e-03,2.946173989063e-03,2.923726298606e-03,2.900332770596e-03,2.881044166580e-03,2.862078398670e-03,2.843435466858e-03,2.830452351923e-03,2.078382289900e-03
133.100000,3.098904336763e-03,3.153032710530e-03,3.359184214026e-03,3.319126210912e-03,3.278493275699e-03,3.244256949776e-03,3.217936167665e-03,3.163543211864e-03,3.177203445270e-03,3.208774029231e-03,3.168924874312e-03,3.127495821558e-03,3.089176391605e-03,3.057152711842e-03,3.025310797978e-03,2.995714121505e-03,2.965939125093e-03,2.941982452325e-03,2.919605677382e-03,2.896293197317e-03,2.877069094002e-03,2.858167087045e-03,2.839587176441e-03,2.826647269542e-03,2.076293908620e-03
133.600000,3.094875647362e-03,3.148062525944e-03,3.353644184262e-03,3.313701076448e-03,3.273183613771e-03,3.239041149342e-03,3.212795783440e-03,3.158549609204e-03,3.172249463198e-03,3.203723764534e-03,3.164004973256e-03,3.122717765030e-03,3.084525645289e-03,3.052608252027e-03,3.020872217441e-03,2.991376833029e-03,2.961703455965e-03,2.937828465871e-03,2.915521892725e-03,2.892289629200e-03,2.873129369822e-03,2.854290473730e-03,2.835772940921e-03,2.822875802426e-03,2.074223059320e-03
134.100000,3.090881591305e-03,3.143138129830e-03,3.348155413251e-03,3.308326087523e-03,3.267922979759e-03,3.233873478898e-03,3.207702798059e-03,3.153602005590e-03,3.167340890807e-03,3.198719821268e-03,3.159130071906e-03,3.117983257148e-03,3.079917152962e-03,3.048104965566e-03,3.016473733294e-03,2.987078604746e-03,2.957505807967e-03,2.933711665727e-03,2.911474588871e-03,2.888321720282e-03,2.869224655753e-03,2.850448228052e-03,2.831992437173e-03,2.819137632597e-03,2.072169591840e-03
134.600000,3.086921856829e-03,3.138259057042e-03,3.342717376947e-03,3.303000732251e-03,3.262710873937e-03,3.228753448355e-03,3.202656729375e-03,3.148699933804e-03,3.162477270532e-03,3.193761732325e-03,3.154299718504e-03,3.113291863246e-03,3.075350495024e-03,3.043642445498e-03,3.012114951127e-03,2.982819054436e-03,2.953345811094e-03,2.929631691698e-03,2.907463413737e-03,2.884389128152e-03,2.865354616965e-03,2.846640022681e-03,2.828245345299e-03,2.815432445218e-03,2.070133357260e-03
135.100000,3.082996135011e-03,3.133424847601e-03,3.337329557194e-03,3.297724504446e-03,3.257546802161e-03,3.223680573065e-03,3.197657100652e-03,3.143842931858e-03,3.157658149850e-03,3.188849035733e-03,3.149513466259e-03,3.108643153349e-03,3.070825256451e-03,3.039220289210e-03,3.007795480760e-03,2.978597803925e-03,2.949223099215e-03,2.925588187309e-03,2.903488018861e-03,2.880491513909e-03,2.861518922014e-03,2.842865533586e-03,2.824531348633e-03,2.811759928603e-03,2.068114207880e-03
135.600000,3.079104119732e-03,3.128635046660e-03,3.331991441644e-03,3.292496903621e-03,3.252430275837e-03,3.218654373818e-03,3.192703440470e-03,3.139030542896e-03,3.152883081215e-03,3.183981274603e-03,3.144770873256e-03,3.104036702153e-03,3.066341026630e-03,3.034838098394e-03,3.003514936115e-03,2.974414479015e-03,2.945137310007e-03,2.921580799815e-03,2.899548059391e-03,2.876628542088e-03,2.857717242829e-03,2.839124440014e-03,2.820850133646e-03,2.808119774181e-03,2.066111997240e-03
136.100000,3.075245507668e-03,3.123889204422e-03,3.326702523686e-03,3.287317434882e-03,3.247360811795e-03,3.213674376730e-03,3.187795282627e-03,3.134262315143e-03,3.148151621987e-03,3.179157997099e-03,3.140071502419e-03,3.099472088982e-03,3.061897399415e-03,3.030495478993e-03,2.999272935214e-03,2.970268709435e-03,2.941088084937e-03,2.917609180075e-03,2.895643193983e-03,2.872799880684e-03,2.853949254666e-03,2.835416424424e-03,2.817201389959e-03,2.804511676431e-03,2.064126580070e-03
136.600000,3.071419998212e-03,3.119186876093e-03,3.321462302387e-03,3.282185608858e-03,3.242337932275e-03,3.208740113196e-03,3.182932166149e-03,3.129537801829e-03,3.143463334402e-03,3.174378756314e-03,3.135414921427e-03,3.094948897671e-03,3.057493972971e-03,3.026192041149e-03,2.995069100147e-03,2.966160128796e-03,2.937075069207e-03,2.913672982594e-03,2.891773084848e-03,2.869005201045e-03,2.850214636067e-03,2.831741172483e-03,2.813584810316e-03,2.800935332883e-03,2.062157812330e-03
137.100000,3.067627293520e-03,3.114527621785e-03,3.316270282394e-03,3.277100941617e-03,3.237361164808e-03,3.203851119827e-03,3.178113635134e-03,3.124856561143e-03,3.138817785481e-03,3.169643110268e-03,3.130800702662e-03,3.090466716583e-03,3.053130349803e-03,3.021927399170e-03,2.990903056963e-03,2.962088374562e-03,2.933097911696e-03,2.909771865428e-03,2.887937397636e-03,2.865244177886e-03,2.846513068821e-03,2.828098373015e-03,2.810000090478e-03,2.797390444075e-03,2.060205551130e-03
137.600000,3.063867098434e-03,3.109911006517e-03,3.311125973910e-03,3.272062954658e-03,3.232430042196e-03,3.199006938370e-03,3.173339238766e-03,3.120218156187e-03,3.134214546963e-03,3.164950621778e-03,3.126228423180e-03,3.086025138516e-03,3.048806136665e-03,3.017701171450e-03,2.986774435693e-03,2.958053087998e-03,2.929156264932e-03,2.905905490147e-03,2.884135801425e-03,2.861516489215e-03,2.842844237948e-03,2.824487717970e-03,2.806446929290e-03,2.793876713496e-03,2.058269654820e-03
138.100000,3.060139120471e-03,3.105336600103e-03,3.306028892560e-03,3.267071174760e-03,3.227544102417e-03,3.194207115647e-03,3.168608531220e-03,3.115622154835e-03,3.129653195306e-03,3.160300858478e-03,3.121697664612e-03,3.081623760634e-03,3.044520944521e-03,3.013512980445e-03,2.982682870220e-03,2.954053914122e-03,2.925249785068e-03,2.902073521838e-03,2.880367968711e-03,2.857821816335e-03,2.839207831649e-03,2.820908902390e-03,2.802925028558e-03,2.790393847590e-03,2.056349982870e-03
138.600000,3.056443069808e-03,3.100803977081e-03,3.300978559376e-03,3.262125133975e-03,3.222702888579e-03,3.189451203531e-03,3.163921071572e-03,3.111068129795e-03,3.125133311561e-03,3.155693392725e-03,3.117208013141e-03,3.077262184472e-03,3.040274388451e-03,3.009362452608e-03,2.978627998349e-03,2.950090501659e-03,2.921378131791e-03,2.898275629008e-03,2.876633575308e-03,2.854159843754e-03,2.835603541248e-03,2.817361624363e-03,2.799434093088e-03,2.786941555715e-03,2.054446395950e-03
139.100000,3.052778659252e-03,3.096312716727e-03,3.295974500714e-03,3.257224369559e-03,3.217905948845e-03,3.184738758823e-03,3.159276423801e-03,3.106555658435e-03,3.120654481352e-03,3.151127801501e-03,3.112759059416e-03,3.072940015815e-03,3.036066087707e-03,3.005249218347e-03,2.974609461641e-03,2.946162502992e-03,2.917540968344e-03,2.894511483595e-03,2.872932300362e-03,2.850530259220e-03,2.832031061209e-03,2.813845585006e-03,2.795973830602e-03,2.783519550098e-03,2.052558755870e-03
139.600000,3.049145604211e-03,3.091862402922e-03,3.291016248184e-03,3.252368423861e-03,3.213152836354e-03,3.180069343205e-03,3.154674156673e-03,3.102084322810e-03,3.116216294821e-03,3.146603666441e-03,3.108350398548e-03,3.068656864713e-03,3.031895665556e-03,3.001172912011e-03,2.970626905444e-03,2.942269574143e-03,2.913737961420e-03,2.890780760882e-03,2.869263826302e-03,2.846932753609e-03,2.828490089064e-03,2.810360488441e-03,2.792543951733e-03,2.780127545797e-03,2.050686925610e-03
140.100000,3.045543622687e-03,3.087452624123e-03,3.286103338567e-03,3.247556844316e-03,3.208443109215e-03,3.175442523215e-03,3.150113843696e-03,3.097653709537e-03,3.111818346545e-03,3.142120573692e-03,3.103981629999e-03,3.064412345358e-03,3.027762749287e-03,2.997133171773e-03,2.966679978858e-03,2.938411374719e-03,2.909968781187e-03,2.887083139518e-03,2.865627838797e-03,2.843367020948e-03,2.824980325389e-03,2.806906041728e-03,2.789144169991e-03,2.776765260719e-03,2.048830769260e-03
140.600000,3.041972435217e-03,3.083082973304e-03,3.281235313815e-03,3.242789183341e-03,3.203776330367e-03,3.170857870163e-03,3.145595063098e-03,3.093263409799e-03,3.107460235512e-03,3.137678113918e-03,3.099652357549e-03,3.060206076094e-03,3.023666970137e-03,2.993129639679e-03,2.962768334609e-03,2.934587567855e-03,2.906233101194e-03,2.883418301407e-03,2.862024026700e-03,2.839832758360e-03,2.821501473760e-03,2.803481954875e-03,2.785774201728e-03,2.773432415540e-03,2.046990152060e-03
141.100000,3.038431764892e-03,3.078753047918e-03,3.276411720879e-03,3.238064998312e-03,3.199152067595e-03,3.166314960058e-03,3.141117397704e-03,3.088913019251e-03,3.103141565074e-03,3.133275882232e-03,3.095362189269e-03,3.056037679359e-03,3.019607963267e-03,2.989161961499e-03,2.958891629097e-03,2.930797820209e-03,2.902530598379e-03,2.879785931735e-03,2.858452082054e-03,2.836329666035e-03,2.818053240747e-03,2.800087940768e-03,2.782433766107e-03,2.770128733678e-03,2.045164940370e-03
141.600000,3.034921337308e-03,3.074462449807e-03,3.271632111768e-03,3.233383851462e-03,3.194569893418e-03,3.161813373589e-03,3.136680434943e-03,3.084602137975e-03,3.098861942853e-03,3.128913478093e-03,3.091110737460e-03,3.051906781600e-03,3.015585367733e-03,2.985229786769e-03,2.955049522312e-03,2.927041801887e-03,2.898860952999e-03,2.876185718907e-03,2.854911700042e-03,2.832857447155e-03,2.814635335858e-03,2.796723715163e-03,2.779122585070e-03,2.766853941313e-03,2.043355001650e-03
142.100000,3.031440880564e-03,3.070210785200e-03,3.266896043407e-03,3.228745309847e-03,3.190029385066e-03,3.157352696024e-03,3.132283766741e-03,3.080330370413e-03,3.094620980734e-03,3.124590505370e-03,3.086897618553e-03,3.047813013284e-03,3.011598826380e-03,2.981332768687e-03,2.951241677790e-03,2.923319186410e-03,2.895223848584e-03,2.872617354524e-03,2.851402578923e-03,2.829415807941e-03,2.811247471527e-03,2.793388996652e-03,2.775840383317e-03,2.763607767298e-03,2.041560204490e-03
142.600000,3.027990125207e-03,3.065997664586e-03,3.262203077576e-03,3.224148945279e-03,3.185530124374e-03,3.152932517185e-03,3.127926989505e-03,3.076097325364e-03,3.090418294788e-03,3.120306572117e-03,3.082722453142e-03,3.043756008779e-03,3.007647985838e-03,2.977470564127e-03,2.947467762596e-03,2.919629650719e-03,2.891618971940e-03,2.869080533300e-03,2.847924420035e-03,2.826004457548e-03,2.807889363052e-03,2.790083506624e-03,2.772586888281e-03,2.760389943163e-03,2.039780418560e-03
143.100000,3.024568804235e-03,3.061822702744e-03,3.257552780906e-03,3.219594334273e-03,3.181071697796e-03,3.148552431379e-03,3.123609704049e-03,3.071902615844e-03,3.086253505212e-03,3.116061290698e-03,3.078584865863e-03,3.039735406368e-03,3.003732496488e-03,2.973642833554e-03,2.943727447239e-03,2.915972875043e-03,2.888046013088e-03,2.865574953102e-03,2.844476927758e-03,2.822623108089e-03,2.804560728587e-03,2.786806969242e-03,2.769361830066e-03,2.757200203089e-03,2.038015514600e-03
143.600000,3.021176653077e-03,3.057685518622e-03,3.252944724788e-03,3.215081057983e-03,3.176653696268e-03,3.144212037347e-03,3.119331515538e-03,3.067745859127e-03,3.082126236317e-03,3.111854277632e-03,3.074484485394e-03,3.035750848172e-03,2.999852012385e-03,2.969849241007e-03,2.940020405688e-03,2.912348542980e-03,2.884504665230e-03,2.862100314848e-03,2.841059809441e-03,2.819271474535e-03,2.801261289114e-03,2.783559111419e-03,2.766164941461e-03,2.754038283842e-03,2.036265364480e-03
144.100000,3.017813409552e-03,3.053585735330e-03,3.248378485274e-03,3.210608702155e-03,3.172275715243e-03,3.139910938210e-03,3.115092033429e-03,3.063626676628e-03,3.078036116455e-03,3.107685153563e-03,3.070420944362e-03,3.031801980132e-03,2.996006191248e-03,2.966089453994e-03,2.936346315302e-03,2.908756341338e-03,2.880994624699e-03,2.858656322542e-03,2.837672775426e-03,2.815949274767e-03,2.797990768394e-03,2.780339662765e-03,2.762995957903e-03,2.750903924825e-03,2.034529841090e-03
144.600000,3.014478813860e-03,3.049522980067e-03,3.243853643107e-03,3.206176857040e-03,3.167937354555e-03,3.135648741407e-03,3.110890871457e-03,3.059544693891e-03,3.073982777970e-03,3.103553543215e-03,3.066393879372e-03,3.027888451916e-03,2.992194694398e-03,2.962363143596e-03,2.932704856790e-03,2.905195960221e-03,2.877515590966e-03,2.855242683153e-03,2.834315538970e-03,2.812656229462e-03,2.794748892958e-03,2.777148355600e-03,2.759854617401e-03,2.747796867946e-03,2.032808818420e-03
145.100000,3.011172608565e-03,3.045496884092e-03,3.239369783582e-03,3.201785117401e-03,3.163638218407e-03,3.131425058669e-03,3.106727647542e-03,3.055499540514e-03,3.069965857139e-03,3.099459075352e-03,3.062402930877e-03,3.024009916930e-03,2.988417186721e-03,2.958669984237e-03,2.929095714167e-03,2.901667092867e-03,2.874067266551e-03,2.851859106658e-03,2.830987816257e-03,2.809392062122e-03,2.791535392069e-03,2.773984924884e-03,2.756740660590e-03,2.744716857692e-03,2.031102171480e-03
145.600000,3.007894538558e-03,3.041507082645e-03,3.234926496535e-03,3.197433082380e-03,3.159377915333e-03,3.127239505924e-03,3.102601983751e-03,3.051490850106e-03,3.065984994167e-03,3.095401382710e-03,3.058447743155e-03,3.020166032236e-03,2.984673336622e-03,2.955009653815e-03,2.925518574760e-03,2.898169435731e-03,2.870649357024e-03,2.848505305982e-03,2.827689326293e-03,2.806156499035e-03,2.788349997672e-03,2.770849108207e-03,2.753653830638e-03,2.741663641035e-03,2.029409776370e-03
146.100000,3.004644351062e-03,3.037553214928e-03,3.230523376295e-03,3.193120355521e-03,3.155156058068e-03,3.123091703300e-03,3.098513506252e-03,3.047518260248e-03,3.062039833104e-03,3.091380101974e-03,3.054527964285e-03,3.016356458534e-03,2.980962815988e-03,2.951381833570e-03,2.921973129097e-03,2.894702688353e-03,2.867261570982e-03,2.845180996945e-03,2.824419790967e-03,2.802949269207e-03,2.785192444410e-03,2.767740645753e-03,2.750593873233e-03,2.738636967429e-03,2.027731510190e-03
146.600000,3.001421795582e-03,3.033634924040e-03,3.226160021593e-03,3.188846544665e-03,3.150972263616e-03,3.118981275025e-03,3.094461845261e-03,3.043581412451e-03,3.058130021792e-03,3.087394873735e-03,3.050643246119e-03,3.012580860093e-03,2.977285300152e-03,2.947786208034e-03,2.918459070951e-03,2.891266553379e-03,2.863903619972e-03,2.841885898262e-03,2.821178934944e-03,2.799770104371e-03,2.782062469544e-03,2.764659280290e-03,2.747560536598e-03,2.735636588772e-03,2.026067251090e-03
147.100000,2.998226623891e-03,3.029751856951e-03,3.221836035536e-03,3.184611261902e-03,3.146826153093e-03,3.114907849403e-03,3.090446635013e-03,3.039679952085e-03,3.054255211856e-03,3.083445342389e-03,3.046793244154e-03,3.008838904759e-03,2.973640467859e-03,2.944222465074e-03,2.914976097229e-03,2.887860736514e-03,2.860575218480e-03,2.838619731499e-03,2.817966485690e-03,2.796618738950e-03,2.778959812977e-03,2.761604757129e-03,2.744553571409e-03,2.732662259423e-03,2.024416878250e-03
147.600000,2.995058590030e-03,3.025903664413e-03,3.217551025545e-03,3.180414123570e-03,3.142717351731e-03,3.110871058764e-03,3.086467513660e-03,3.035813528349e-03,3.050415058642e-03,3.079531156166e-03,3.042977617630e-03,3.005130263828e-03,2.970028001206e-03,2.940690295760e-03,2.911523908006e-03,2.884484946471e-03,2.857276083929e-03,2.835382221029e-03,2.814782173388e-03,2.793494910016e-03,2.775884217176e-03,2.758576824107e-03,2.741572730792e-03,2.729713736115e-03,2.022780271840e-03
148.100000,2.991917450263e-03,3.022090000979e-03,3.213304603303e-03,3.176254750120e-03,3.138645488844e-03,3.106870539412e-03,3.082524123291e-03,3.031981794225e-03,3.046609221143e-03,3.075651967046e-03,3.039196029330e-03,3.001454612104e-03,2.966447585611e-03,2.937189394413e-03,2.908102206424e-03,2.881138894968e-03,2.854005936601e-03,2.832173094039e-03,2.811625730975e-03,2.790398357279e-03,2.772835427186e-03,2.755575231527e-03,2.738617770299e-03,2.726790777967e-03,2.021157313070e-03
148.600000,2.988802963074e-03,3.018310524894e-03,3.209096384707e-03,3.172132766145e-03,3.134610197707e-03,3.102905931580e-03,3.078616109840e-03,3.028184406435e-03,3.042837362032e-03,3.071807430695e-03,3.035448145630e-03,2.997811627802e-03,2.962898909799e-03,2.933719458518e-03,2.904710698712e-03,2.877822296667e-03,2.850764499625e-03,2.828992080448e-03,2.808496894025e-03,2.787328823038e-03,2.769813190559e-03,2.752599732175e-03,2.735688447886e-03,2.723893146463e-03,2.019547884130e-03
149.100000,2.985714889138e-03,3.014564898084e-03,3.204925989818e-03,3.168047800300e-03,3.130611115586e-03,3.098976879360e-03,3.074743123066e-03,3.024421025372e-03,3.039099147537e-03,3.067997206476e-03,3.031733636451e-03,2.994200992502e-03,2.959381665725e-03,2.930280188686e-03,2.901349094114e-03,2.874534869157e-03,2.847551498934e-03,2.825838912918e-03,2.805395400825e-03,2.784286052176e-03,2.766817257396e-03,2.749650081301e-03,2.732784523889e-03,2.721020605407e-03,2.017951868190e-03
149.600000,2.982652991307e-03,3.010852786111e-03,3.200793042804e-03,3.163999485225e-03,3.126647883641e-03,3.095083030715e-03,3.070904816480e-03,3.020691315101e-03,3.035394247443e-03,3.064220957344e-03,3.028052175202e-03,2.990622391131e-03,2.955895548578e-03,2.926871288632e-03,2.898017104866e-03,2.871276332917e-03,2.844366663273e-03,2.822713326789e-03,2.802320992232e-03,2.781269792097e-03,2.763847380224e-03,2.746726036514e-03,2.729905760980e-03,2.718172920920e-03,2.016369149430e-03
150.100000,2.979617034580e-03,3.007173858118e-03,3.196697171907e-03,3.159987457554e-03,3.122720146923e-03,3.091224037363e-03,3.067100847328e-03,3.016994943275e-03,3.031722335048e-03,3.060478349899e-03,3.024403438752e-03,2.987075511938e-03,2.952440256687e-03,2.923492465163e-03,2.894714446194e-03,2.868046411263e-03,2.841209724113e-03,2.819615060102e-03,2.799273411767e-03,2.778279792752e-03,2.760903314060e-03,2.743827357864e-03,2.727051924168e-03,2.715349861391e-03,2.014799613010e-03
150.600000,2.976606786097e-03,3.003527786814e-03,3.192638009368e-03,3.156011357817e-03,3.118827554266e-03,3.087399554792e-03,3.063330876534e-03,3.013331581118e-03,3.028083087100e-03,3.056769054181e-03,3.020787107347e-03,2.983560046449e-03,2.949015491569e-03,2.920143428091e-03,2.891440836211e-03,2.864844830374e-03,2.838080415650e-03,2.816543853517e-03,2.796252405467e-03,2.775315806568e-03,2.757984816354e-03,2.740953807752e-03,2.724222780763e-03,2.712551197485e-03,2.013243145020e-03
151.100000,2.973622015100e-03,2.999914248384e-03,3.188615191419e-03,3.152070830434e-03,3.114969758322e-03,3.083609242166e-03,3.059594568641e-03,3.009700903354e-03,3.024476183790e-03,3.053092743817e-03,3.017202864658e-03,2.980075689363e-03,2.945620957795e-03,2.916823890260e-03,2.888195995957e-03,2.861671319188e-03,2.834978474799e-03,2.813499450311e-03,2.793257721947e-03,2.772377588440e-03,2.755091646921e-03,2.738105150891e-03,2.721418100341e-03,2.709776702080e-03,2.011699632550e-03
151.600000,2.970662492960e-03,2.996332922508e-03,3.184628358182e-03,3.148165523615e-03,3.111146415431e-03,3.079852762321e-03,3.055891591828e-03,3.006102588223e-03,3.020901308675e-03,3.049449095858e-03,3.013650397637e-03,2.976622138635e-03,2.942256363062e-03,2.913533567443e-03,2.884979649327e-03,2.858525609430e-03,2.831903641104e-03,2.810481596340e-03,2.790289112335e-03,2.769464895699e-03,2.752223567982e-03,2.735281154337e-03,2.718637654747e-03,2.707026150282e-03,2.010168963630e-03
152.100000,2.967727993091e-03,2.992783492253e-03,3.180677153675e-03,3.144295089404e-03,3.107357185630e-03,3.076129781691e-03,3.052221617769e-03,3.002536317353e-03,3.017358148693e-03,3.045837790777e-03,3.010129396549e-03,2.973199095343e-03,2.938921418047e-03,2.910272178371e-03,2.881791523040e-03,2.855407435553e-03,2.828855656774e-03,2.807490040018e-03,2.787346330239e-03,2.766577488084e-03,2.749380344109e-03,2.732481587428e-03,2.715881218044e-03,2.704299319401e-03,2.008651027240e-03
152.600000,2.964818290982e-03,2.989265644100e-03,3.176761225736e-03,3.140459183535e-03,3.103601732615e-03,3.072439970278e-03,3.048584321674e-03,2.999001775812e-03,3.013846394041e-03,3.042258512415e-03,3.006639554937e-03,2.969806263694e-03,2.935615836477e-03,2.907039444676e-03,2.878631346634e-03,2.852316534707e-03,2.825834266597e-03,2.804524532285e-03,2.784429131740e-03,2.763715127738e-03,2.746561742179e-03,2.729706221776e-03,2.713148566525e-03,2.701595988879e-03,2.007145713300e-03
153.100000,2.961933164174e-03,2.985779067849e-03,3.172880225970e-03,3.136657465435e-03,3.099879723665e-03,3.068783001640e-03,3.044979382237e-03,2.995498651994e-03,3.010365738221e-03,3.038710947953e-03,3.003180569523e-03,2.966443350973e-03,2.932339334986e-03,2.903835090858e-03,2.875498852395e-03,2.849252646729e-03,2.822839217957e-03,2.801584826593e-03,2.781537275361e-03,2.760877579145e-03,2.743767531398e-03,2.726954831226e-03,2.710439478630e-03,2.698915940332e-03,2.005652912650e-03
153.600000,2.959072392198e-03,2.982323456610e-03,3.169033809741e-03,3.132889598206e-03,3.096190829632e-03,3.065158552789e-03,3.041406481537e-03,2.992026637627e-03,3.006915877968e-03,3.035194787892e-03,2.999752140261e-03,2.963110067536e-03,2.929091633203e-03,2.900658844246e-03,2.872393775361e-03,2.846215514077e-03,2.819870260774e-03,2.798670678858e-03,2.778670522027e-03,2.758064609139e-03,2.740997483238e-03,2.724227191851e-03,2.707753734987e-03,2.696258957504e-03,2.004172517080e-03
154.100000,2.956235756639e-03,2.978898506778e-03,3.165221636106e-03,3.129155248535e-03,3.092534724845e-03,3.061566304197e-03,3.037865305082e-03,2.988585427705e-03,3.003496513175e-03,3.031709725981e-03,2.996353970200e-03,2.959806126736e-03,2.925872453632e-03,2.897510434957e-03,2.869315853279e-03,2.843204881837e-03,2.816927147515e-03,2.795781847432e-03,2.775828635040e-03,2.755275986857e-03,2.738251371415e-03,2.721523081920e-03,2.705091118379e-03,2.693624826198e-03,2.002704419270e-03
154.600000,2.953423041009e-03,2.975503917935e-03,3.161443367758e-03,3.125454086666e-03,3.088911087161e-03,3.058005939737e-03,3.034355541700e-03,2.985174720474e-03,3.000107346929e-03,3.028255459203e-03,2.992985765535e-03,2.956531244902e-03,2.922681521629e-03,2.894389595916e-03,2.866264826569e-03,2.840220497703e-03,2.814009633119e-03,2.792918093118e-03,2.773011380081e-03,2.752511483740e-03,2.735528971889e-03,2.718842281878e-03,2.702451413686e-03,2.691013334360e-03,2.001248512820e-03
155.100000,2.950634030843e-03,2.972139392878e-03,3.157698671000e-03,3.121785786374e-03,3.085319597823e-03,3.054477146631e-03,3.030876883538e-03,2.981794217387e-03,2.996748085430e-03,3.024831687691e-03,2.989647235507e-03,2.953285141313e-03,2.919518565392e-03,2.891296062770e-03,2.863240438303e-03,2.837262111895e-03,2.811117474992e-03,2.790079179081e-03,2.770218525179e-03,2.749770873468e-03,2.732830062833e-03,2.716184574303e-03,2.699834407870e-03,2.688424271932e-03,1.999804692260e-03
155.600000,2.947868513593e-03,2.968804637560e-03,3.153987215711e-03,3.118150024903e-03,3.081759941496e-03,3.050979615475e-03,3.027429025997e-03,2.978443623038e-03,2.993418437956e-03,3.021438114803e-03,2.986338092423e-03,2.950067538189e-03,2.916383315952e-03,2.888229573876e-03,2.860242434171e-03,2.834329477182e-03,2.808250433002e-03,2.787264870888e-03,2.767449840628e-03,2.747053931971e-03,2.730154424594e-03,2.713549743937e-03,2.697239890005e-03,2.685857430950e-03,1.998372852970e-03
156.100000,2.945126278655e-03,2.965499361036e-03,3.150308675277e-03,3.114546482958e-03,3.078231806173e-03,3.047513040107e-03,3.024011667735e-03,2.975122645161e-03,2.990118116840e-03,3.018074446943e-03,2.983058051580e-03,2.946878160603e-03,2.913275507081e-03,2.885189870288e-03,2.857270562451e-03,2.831422348832e-03,2.805408269398e-03,2.784474936422e-03,2.764705099065e-03,2.744360437421e-03,2.727501839673e-03,2.710937577606e-03,2.694667651201e-03,2.683312605436e-03,1.996952891250e-03
156.600000,2.942407117348e-03,2.962223275438e-03,3.146662726569e-03,3.110974844615e-03,3.074734883189e-03,3.044077117603e-03,3.020624510586e-03,2.971830994603e-03,2.986846837412e-03,3.014740393628e-03,2.979806831253e-03,2.943716736474e-03,2.910194875297e-03,2.882176695696e-03,2.854324573998e-03,2.828540484580e-03,2.802590748867e-03,2.781709145897e-03,2.761984075331e-03,2.741690170142e-03,2.724872092743e-03,2.708347864218e-03,2.692117484599e-03,2.680789591417e-03,1.995544704270e-03
157.100000,2.939710822885e-03,2.958976095955e-03,3.143049049922e-03,3.107434797314e-03,3.071268867161e-03,3.040671548311e-03,3.017267259550e-03,2.968568385239e-03,2.983604318021e-03,3.011435667410e-03,2.976584152636e-03,2.940582996561e-03,2.907141159854e-03,2.879189796413e-03,2.851404222188e-03,2.825683644635e-03,2.799797638421e-03,2.778967271840e-03,2.759286546557e-03,2.739042912656e-03,2.722264970547e-03,2.705780394776e-03,2.689589185347e-03,2.678288186891e-03,1.994148190100e-03
157.600000,2.937037190355e-03,2.955757540770e-03,3.139467329032e-03,3.103926031827e-03,3.067833455880e-03,3.037296035693e-03,3.013939622718e-03,2.965334533985e-03,2.980390279923e-03,3.008159983850e-03,2.973389739841e-03,2.937476674394e-03,2.904114102650e-03,2.876228921367e-03,2.848509262911e-03,2.822851591609e-03,2.797028707411e-03,2.776249089003e-03,2.756612292048e-03,2.736418449613e-03,2.719680261956e-03,2.703234962287e-03,2.687082550604e-03,2.675808191826e-03,1.992763247640e-03
158.100000,2.934386016713e-03,2.952567331048e-03,3.135917250990e-03,3.100448242199e-03,3.064428350407e-03,3.033950286371e-03,3.010641311316e-03,2.962129160713e-03,2.977204447300e-03,3.004913061488e-03,2.970223319864e-03,2.934397506254e-03,2.901113448260e-03,2.873293822026e-03,2.845639454535e-03,2.820044090501e-03,2.794283727524e-03,2.773554374430e-03,2.753961093334e-03,2.733816567811e-03,2.717117757920e-03,2.700711361811e-03,2.684597379489e-03,2.673349408109e-03,1.991389776680e-03
158.600000,2.931757100786e-03,2.949405190883e-03,3.132398506187e-03,3.097001125719e-03,3.061053254953e-03,3.030634010084e-03,3.007372039582e-03,2.958951988295e-03,2.974046547236e-03,3.001694621814e-03,2.967084622528e-03,2.931345231163e-03,2.898138943863e-03,2.870384252404e-03,2.842794557875e-03,2.817260908705e-03,2.791562472715e-03,2.770882907366e-03,2.751332734101e-03,2.731237056145e-03,2.714577251425e-03,2.698209390399e-03,2.682133473060e-03,2.670911639565e-03,1.990027677860e-03
159.100000,2.929150243199e-03,2.946270847293e-03,3.128910788321e-03,3.093584382876e-03,3.057707876828e-03,3.027346919607e-03,3.004131524780e-03,2.955802742475e-03,2.970916309639e-03,2.998504389203e-03,2.963973380430e-03,2.928319590819e-03,2.895190339264e-03,2.867499969033e-03,2.839974336188e-03,2.814501815951e-03,2.788864719213e-03,2.768234469266e-03,2.748727000152e-03,2.728679705562e-03,2.712058537479e-03,2.695728847068e-03,2.679690634340e-03,2.668494691903e-03,1.988676852650e-03
159.600000,2.926565246418e-03,2.943164030152e-03,3.125453794322e-03,3.090197717329e-03,3.054391926447e-03,3.024088730752e-03,3.000919487129e-03,2.952681151896e-03,2.967813467231e-03,2.995342090927e-03,2.960889329011e-03,2.925320329580e-03,2.892267386792e-03,2.864640730917e-03,2.837178555117e-03,2.811766584277e-03,2.786190245496e-03,2.765608843731e-03,2.746143679464e-03,2.726144309111e-03,2.709561413117e-03,2.693269532823e-03,2.677268668232e-03,2.666098372725e-03,1.987337203390e-03
160.100000,2.924001914685e-03,2.940084472178e-03,3.122027224309e-03,3.086840835875e-03,3.051105117289e-03,3.020859162332e-03,2.997735649840e-03,2.949586948078e-03,2.964737755526e-03,2.992207457090e-03,2.957832206381e-03,2.922347194458e-03,2.889369841335e-03,2.861806299518e-03,2.834406982678e-03,2.809054988041e-03,2.783538832225e-03,2.763005816553e-03,2.743582562079e-03,2.723630661848e-03,2.707085677362e-03,2.690831250599e-03,2.674867381551e-03,2.663722491462e-03,1.986008633240e-03
160.600000,2.921460054064e-03,2.937031908898e-03,3.118630781611e-03,3.083513448407e-03,3.047847165831e-03,3.017657936127e-03,2.994579738997e-03,2.946519865311e-03,2.961688912794e-03,2.989100220606e-03,2.954801753401e-03,2.919399935049e-03,2.886497460285e-03,2.858996438729e-03,2.831659389229e-03,2.806366803841e-03,2.780910262295e-03,2.760425175631e-03,2.741043440133e-03,2.721138560868e-03,2.704631131202e-03,2.688413805239e-03,2.672486582975e-03,2.661366859431e-03,1.984691046190e-03
161.100000,2.918939472336e-03,2.934006078597e-03,3.115264172658e-03,3.080215267871e-03,3.044617791570e-03,3.014484776831e-03,2.991451483557e-03,2.943479640720e-03,2.958666680007e-03,2.986020117176e-03,2.951797713632e-03,2.916478303517e-03,2.883650003505e-03,2.856210914850e-03,2.828935547483e-03,2.803701810551e-03,2.778304320744e-03,2.757866710982e-03,2.738526107801e-03,2.718667805244e-03,2.702197577574e-03,2.686017003505e-03,2.670126083038e-03,2.659031289744e-03,1.983384347050e-03
161.600000,2.916439979072e-03,2.931006722335e-03,3.111927107001e-03,3.076946010234e-03,3.041416716927e-03,3.011339412030e-03,2.988350615360e-03,2.940466014147e-03,2.955670800834e-03,2.982966885231e-03,2.948819833245e-03,2.913582054625e-03,2.880827233317e-03,2.853449496512e-03,2.826235232401e-03,2.801059789248e-03,2.775720794749e-03,2.755330214710e-03,2.736030361311e-03,2.716218196034e-03,2.699784821351e-03,2.683640654038e-03,2.667785694128e-03,2.656715597321e-03,1.982088441450e-03
162.100000,2.913961385561e-03,2.928033583851e-03,3.108619297249e-03,3.073705394466e-03,3.038243667232e-03,3.008221572192e-03,2.985276869018e-03,2.937478728184e-03,2.952701021629e-03,2.979940265936e-03,2.945867861082e-03,2.910710945574e-03,2.878028914491e-03,2.850711954763e-03,2.823558221267e-03,2.798440523203e-03,2.773159473645e-03,2.752815480963e-03,2.733555998903e-03,2.713789536254e-03,2.697392669290e-03,2.681284567342e-03,2.665465230411e-03,2.654419598861e-03,1.980803235830e-03
162.600000,2.911503504824e-03,2.925086409586e-03,3.105340459020e-03,3.070493142483e-03,3.035098370711e-03,3.005130990575e-03,2.982229981941e-03,2.934517528102e-03,2.949757091342e-03,2.976940003139e-03,2.942941548514e-03,2.907864736125e-03,2.875254814156e-03,2.847998062932e-03,2.820904293577e-03,2.795843797864e-03,2.770620148834e-03,2.750322305941e-03,2.731102820808e-03,2.711381630846e-03,2.695020930064e-03,2.678948555748e-03,2.663164507886e-03,2.652143112857e-03,1.979528637420e-03
163.100000,2.909066151573e-03,2.922164948610e-03,3.102090310956e-03,3.067308979123e-03,3.031980558471e-03,3.002067403260e-03,2.979209694290e-03,2.931582161829e-03,2.946838761529e-03,2.973965843327e-03,2.940040649529e-03,2.905043188472e-03,2.872504701849e-03,2.845307596647e-03,2.818273231063e-03,2.793269400854e-03,2.768102613816e-03,2.747850487882e-03,2.728670629226e-03,2.708994286671e-03,2.692669414203e-03,2.676632433429e-03,2.660883344332e-03,2.649885959527e-03,1.978264554250e-03
163.600000,2.906649142219e-03,2.919268952634e-03,3.098868574625e-03,3.064152632125e-03,3.028889964397e-03,2.999030549075e-03,2.976215748938e-03,2.928672379924e-03,2.943945786334e-03,2.971017535640e-03,2.937164920647e-03,2.902246067237e-03,2.869778349428e-03,2.842640333840e-03,2.815664817656e-03,2.790717121899e-03,2.765606664126e-03,2.745399827012e-03,2.726259228306e-03,2.706627312476e-03,2.690337934100e-03,2.674336016367e-03,2.658621559275e-03,2.647647960836e-03,1.977010895160e-03
164.100000,2.904252294846e-03,2.916398175961e-03,3.095674974544e-03,3.061023832068e-03,3.025826325144e-03,2.996020169617e-03,2.973247891435e-03,2.925787935573e-03,2.941077922437e-03,2.968094831789e-03,2.934314120874e-03,2.899473139470e-03,2.867075531093e-03,2.839996054647e-03,2.813078839470e-03,2.788186752831e-03,2.763132097364e-03,2.742970125510e-03,2.723868424144e-03,2.704280518906e-03,2.688026303960e-03,2.672059122329e-03,2.656378973999e-03,2.645428940457e-03,1.975767569760e-03
164.600000,2.901875429197e-03,2.913552375424e-03,3.092509238122e-03,3.057922312351e-03,3.022789380184e-03,2.993036009116e-03,2.970305870003e-03,2.922928584502e-03,2.938234929026e-03,2.965197486077e-03,2.931488011698e-03,2.896724174583e-03,2.864396023320e-03,2.837374541460e-03,2.810515084748e-03,2.785678087572e-03,2.760678713126e-03,2.740561187548e-03,2.721498024732e-03,2.701953718442e-03,2.685734339815e-03,2.669801570833e-03,2.654155411492e-03,2.643228723769e-03,1.974534488420e-03
165.100000,2.899518366656e-03,2.910731310418e-03,3.089371095600e-03,3.054847809192e-03,3.019778871679e-03,2.990077814533e-03,2.967389435478e-03,2.920094084995e-03,2.935416567764e-03,2.962325255314e-03,2.928686357090e-03,2.893998944373e-03,2.861739604882e-03,2.834775578873e-03,2.807973343898e-03,2.783190922110e-03,2.758246312994e-03,2.738172819233e-03,2.719147839952e-03,2.699646725408e-03,2.683461859488e-03,2.667563183188e-03,2.651950696497e-03,2.641047137831e-03,1.973311562310e-03
165.600000,2.897180930249e-03,2.907934742825e-03,3.086260280060e-03,3.051800061524e-03,3.016794544439e-03,2.987145335445e-03,2.964498341297e-03,2.917284197847e-03,2.932622602808e-03,2.959477898843e-03,2.925908923391e-03,2.891297222944e-03,2.859106056782e-03,2.832198953627e-03,2.805453409405e-03,2.780725054468e-03,2.755834700533e-03,2.735804828546e-03,2.716817681565e-03,2.697359355949e-03,2.681208682577e-03,2.665343782394e-03,2.649764655405e-03,2.638884011363e-03,1.972098703340e-03
166.100000,2.894862944585e-03,2.905162437022e-03,3.083176527401e-03,3.048778811058e-03,3.013836146025e-03,2.984238324017e-03,2.961632343469e-03,2.914498686342e-03,2.929852800707e-03,2.956655178495e-03,2.923155479401e-03,2.888618786708e-03,2.856495162241e-03,2.829644454656e-03,2.802955075862e-03,2.778280284668e-03,2.753443681263e-03,2.733457025421e-03,2.714507363197e-03,2.695091427996e-03,2.678974630442e-03,2.663143193213e-03,2.647597116299e-03,2.636739174738e-03,1.970895824200e-03
166.600000,2.892564235909e-03,2.902414159810e-03,3.080119576255e-03,3.045783802162e-03,3.010903426571e-03,2.981356535046e-03,2.958791200526e-03,2.911737316223e-03,2.927106930438e-03,2.953856858548e-03,2.920425796254e-03,2.885963414362e-03,2.853906706682e-03,2.827111872983e-03,2.800478139897e-03,2.775856414769e-03,2.751073062614e-03,2.731129221639e-03,2.712216700279e-03,2.692842761290e-03,2.676759526181e-03,2.660961242066e-03,2.645447908934e-03,2.634612459955e-03,1.969702838320e-03
167.100000,2.890284632045e-03,2.899689680424e-03,3.077089167980e-03,3.042814781886e-03,3.007996138812e-03,2.978499725844e-03,2.955974673514e-03,2.908999855650e-03,2.924384763349e-03,2.951082705690e-03,2.917719647433e-03,2.883330886855e-03,2.851340477725e-03,2.824601001784e-03,2.798022400193e-03,2.773453248776e-03,2.748722653942e-03,2.728821230842e-03,2.709945510073e-03,2.690613177297e-03,2.674563194607e-03,2.658797757069e-03,2.643316864700e-03,2.632503700650e-03,1.968519659880e-03
167.600000,2.888023962385e-03,2.896988770488e-03,3.074085046662e-03,3.039871499914e-03,3.005114038086e-03,2.975667656239e-03,2.953182525975e-03,2.906286075210e-03,2.921686073125e-03,2.948332489038e-03,2.915036808750e-03,2.880720987358e-03,2.848796265100e-03,2.822111636267e-03,2.795587657463e-03,2.771070592637e-03,2.746392266486e-03,2.726532868511e-03,2.707693611645e-03,2.688402499259e-03,2.672385462246e-03,2.656652568025e-03,2.641203816593e-03,2.630412732022e-03,1.967346203800e-03
168.100000,2.885782057854e-03,2.894311203979e-03,3.071106959037e-03,3.036953708539e-03,3.002256882243e-03,2.972860088583e-03,2.950414523888e-03,2.903595747835e-03,2.919010635800e-03,2.945605980061e-03,2.912377058318e-03,2.878133501277e-03,2.846273860689e-03,2.819643573737e-03,2.793173714404e-03,2.768708254267e-03,2.744081713371e-03,2.724263951946e-03,2.705460825832e-03,2.686210552122e-03,2.670226157315e-03,2.654525506353e-03,2.639108599262e-03,2.628339390883e-03,1.966182385730e-03
168.600000,2.883558750971e-03,2.891656757240e-03,3.068154654473e-03,3.034061162640e-03,2.999424431666e-03,2.970076787662e-03,2.947670435655e-03,2.900928648842e-03,2.916358229691e-03,2.942902952583e-03,2.909740176498e-03,2.875568216170e-03,2.843773058489e-03,2.817196613539e-03,2.790780375674e-03,2.766366043471e-03,2.741790809550e-03,2.722014300251e-03,2.703246975207e-03,2.684037162577e-03,2.668085109688e-03,2.652416405133e-03,2.637031048913e-03,2.626283515593e-03,1.965028122060e-03
169.100000,2.881353875737e-03,2.889025208894e-03,3.065227884975e-03,3.031193619624e-03,2.996616449241e-03,2.967317520725e-03,2.944950032076e-03,2.898284555842e-03,2.913728635395e-03,2.940223182758e-03,2.907125945914e-03,2.873024921749e-03,2.841293654531e-03,2.814770557030e-03,2.788407447915e-03,2.764043771947e-03,2.739519371818e-03,2.719783734312e-03,2.701051884110e-03,2.681882158955e-03,2.665962150904e-03,2.650325099033e-03,2.634971003331e-03,2.624244946093e-03,1.963883329910e-03
169.600000,2.879167267705e-03,2.886416339885e-03,3.062326405096e-03,3.028350839433e-03,2.993832700268e-03,2.964582057424e-03,2.942253086350e-03,2.895663248769e-03,2.911121635756e-03,2.937566449030e-03,2.904534151394e-03,2.870503409891e-03,2.838835446979e-03,2.812365207544e-03,2.786054739681e-03,2.761741253282e-03,2.737267218771e-03,2.717572076765e-03,2.698875378609e-03,2.679745371304e-03,2.663857114145e-03,2.648251424345e-03,2.632928301889e-03,2.622223523837e-03,1.962747927080e-03
170.100000,2.876998763906e-03,2.883829933402e-03,3.059449971967e-03,3.025532584478e-03,2.991072952517e-03,2.961870169798e-03,2.939579373974e-03,2.893064509789e-03,2.908537015828e-03,2.934932532119e-03,2.901964579969e-03,2.868003474560e-03,2.836398235956e-03,2.809980370426e-03,2.783722061450e-03,2.759458302899e-03,2.735034170828e-03,2.715379152003e-03,2.696717286450e-03,2.677626631311e-03,2.661769834202e-03,2.646195218925e-03,2.630902785492e-03,2.620219091795e-03,1.961621832110e-03
170.600000,2.874848202874e-03,2.881265774857e-03,3.056598345215e-03,3.022738619680e-03,2.988336976138e-03,2.959181632236e-03,2.936928672819e-03,2.890488123352e-03,2.905974562891e-03,2.932321214972e-03,2.899417020856e-03,2.865524911818e-03,2.833981823676e-03,2.807615852934e-03,2.781409225579e-03,2.757194738061e-03,2.732820050137e-03,2.713204786151e-03,2.694577437093e-03,2.675525772308e-03,2.659700147458e-03,2.644156322219e-03,2.628894296573e-03,2.618231494469e-03,1.960504964260e-03
171.100000,2.872715424614e-03,2.878723651905e-03,3.053771286990e-03,3.019968712335e-03,2.985624543695e-03,2.956516221464e-03,2.934300762995e-03,2.887933876124e-03,2.903434066387e-03,2.929732282775e-03,2.896891265394e-03,2.863067519785e-03,2.831586014266e-03,2.805271464303e-03,2.779116046331e-03,2.754950377844e-03,2.730624680655e-03,2.711048807041e-03,2.692455661654e-03,2.673442629245e-03,2.657647891922e-03,2.642134575200e-03,2.626902679084e-03,2.616260577836e-03,1.959397243450e-03
171.600000,2.870600270591e-03,2.876203354355e-03,3.050968561878e-03,3.017222632203e-03,2.982935430044e-03,2.953873716502e-03,2.931695426914e-03,2.885401556951e-03,2.900915317895e-03,2.927165522908e-03,2.894387107057e-03,2.860631098636e-03,2.829210613894e-03,2.802947015641e-03,2.776842339774e-03,2.752725043127e-03,2.728447888026e-03,2.708911044172e-03,2.690351792891e-03,2.671377038684e-03,2.655612907121e-03,2.640129820380e-03,2.624927778474e-03,2.614306189350e-03,1.958298590320e-03
172.100000,2.868502583727e-03,2.873704674209e-03,3.048189936933e-03,3.014500151395e-03,2.980269412430e-03,2.951253898681e-03,2.929112449219e-03,2.882890956862e-03,2.898418111149e-03,2.924620724925e-03,2.891904341426e-03,2.858215450560e-03,2.826855430649e-03,2.800642319970e-03,2.774587923851e-03,2.750518556565e-03,2.726289499656e-03,2.706791328760e-03,2.688265665238e-03,2.669328838787e-03,2.653595034190e-03,2.638141901822e-03,2.622969441680e-03,2.612368177927e-03,1.957208926200e-03
172.600000,2.866422208363e-03,2.871227405579e-03,3.045435181594e-03,3.011801044366e-03,2.977626270345e-03,2.948656551541e-03,2.926551616771e-03,2.880401869033e-03,2.895942241967e-03,2.922097680518e-03,2.889442766149e-03,2.855820379745e-03,2.824520274542e-03,2.798357192184e-03,2.772352618295e-03,2.748330742561e-03,2.724149344620e-03,2.704689493634e-03,2.686197114695e-03,2.667297869289e-03,2.651594115780e-03,2.636170665057e-03,2.621027517125e-03,2.610446393947e-03,1.956128173090e-03
173.100000,2.864358990293e-03,2.868771344719e-03,3.042704067714e-03,3.009125087936e-03,2.975005785574e-03,2.946081460894e-03,2.924012718616e-03,2.877934088772e-03,2.893487508257e-03,2.919596183511e-03,2.887002180942e-03,2.853445692359e-03,2.822204957519e-03,2.796091449032e-03,2.770136244643e-03,2.746161427254e-03,2.722027253692e-03,2.702605373292e-03,2.684145978906e-03,2.665283971454e-03,2.649609996057e-03,2.634215957126e-03,2.619101854676e-03,2.608540689206e-03,1.955056253680e-03
173.600000,2.862312776691e-03,2.866336289944e-03,3.039996369464e-03,3.006472061209e-03,2.972407742175e-03,2.943528414721e-03,2.921495546000e-03,2.875487413467e-03,2.891053709977e-03,2.917116029850e-03,2.884582387546e-03,2.851091196526e-03,2.819909293386e-03,2.793844909082e-03,2.767938626213e-03,2.744010438527e-03,2.719923059325e-03,2.700538803850e-03,2.682112097098e-03,2.663286988125e-03,2.647642520713e-03,2.632277626545e-03,2.617192305626e-03,2.606650916924e-03,1.953993091320e-03
174.100000,2.860283416140e-03,2.863922041676e-03,3.037311863377e-03,3.003841745552e-03,2.969831926373e-03,2.940997203218e-03,2.918999892261e-03,2.873061642605e-03,2.888640649147e-03,2.914657017521e-03,2.882183189701e-03,2.848756702299e-03,2.817633097841e-03,2.791617392714e-03,2.765759588066e-03,2.741877605949e-03,2.717836595589e-03,2.698489623024e-03,2.680095310038e-03,2.661306763664e-03,2.645691536921e-03,2.630355523274e-03,2.615298722732e-03,2.604776931731e-03,1.952938610040e-03
174.600000,2.858270758611e-03,2.861528402358e-03,3.034650328273e-03,3.001233924603e-03,2.967278126655e-03,2.938487618695e-03,2.916525552913e-03,2.870656577727e-03,2.886248129763e-03,2.912218946591e-03,2.879804393174e-03,2.846442021671e-03,2.815376188421e-03,2.789408722111e-03,2.763598957008e-03,2.739762760782e-03,2.715767698225e-03,2.696457670118e-03,2.678095460080e-03,2.659343143928e-03,2.643756893354e-03,2.628449498752e-03,2.613420960133e-03,2.602918589634e-03,1.951892734510e-03
175.100000,2.856274655460e-03,2.859155176446e-03,3.032011545280e-03,2.998648384230e-03,2.964746133612e-03,2.935999455630e-03,2.914072325515e-03,2.868272022390e-03,2.883875957837e-03,2.909801619163e-03,2.877445805645e-03,2.844146968505e-03,2.813138384487e-03,2.787218721230e-03,2.761456561584e-03,2.737665735942e-03,2.713716204564e-03,2.694442786006e-03,2.676112391101e-03,2.657395976304e-03,2.641838440118e-03,2.626559405811e-03,2.611558873387e-03,2.601075748044e-03,1.950855390080e-03
175.600000,2.854294959371e-03,2.856802170435e-03,3.029395297754e-03,2.996084912480e-03,2.962235740063e-03,2.933532510608e-03,2.911640009751e-03,2.865907782166e-03,2.881523941350e-03,2.907404839340e-03,2.875107236805e-03,2.841871358532e-03,2.810919507223e-03,2.785047215798e-03,2.759332232019e-03,2.735586366019e-03,2.711681953531e-03,2.692444813152e-03,2.674145948503e-03,2.655465109620e-03,2.639936028801e-03,2.624685098737e-03,2.609712319423e-03,2.599248265709e-03,1.949826502740e-03
176.100000,2.852331524404e-03,2.854469192761e-03,3.026801371291e-03,2.993543299616e-03,2.959746740894e-03,2.931086582269e-03,2.909228407321e-03,2.863563664637e-03,2.879191890219e-03,2.905028413219e-03,2.872788498208e-03,2.839615009361e-03,2.808719379591e-03,2.782894033242e-03,2.757225800221e-03,2.733524487227e-03,2.709664785665e-03,2.690463595513e-03,2.672195979193e-03,2.653550394206e-03,2.638049512413e-03,2.622826433192e-03,2.607881156554e-03,2.597436002758e-03,1.948805999110e-03
176.600000,2.850384205938e-03,2.852156053823e-03,3.024229553683e-03,2.991023338012e-03,2.957278933115e-03,2.928661471344e-03,2.906837321975e-03,2.861239479319e-03,2.876879616319e-03,2.902672148879e-03,2.870489403353e-03,2.837377740430e-03,2.806537826344e-03,2.780759002736e-03,2.755137099778e-03,2.731479937383e-03,2.707664543047e-03,2.688498978606e-03,2.670262331588e-03,2.651651681832e-03,2.636178745361e-03,2.620983266233e-03,2.606065244449e-03,2.595638820616e-03,1.947793806490e-03
177.100000,2.848452860693e-03,2.849862565989e-03,3.021679634910e-03,2.988524822205e-03,2.954832115809e-03,2.926256980601e-03,2.904466559437e-03,2.858935037694e-03,2.874586933394e-03,2.900335856321e-03,2.868209767615e-03,2.835159372971e-03,2.804374673966e-03,2.778641955158e-03,2.753065965928e-03,2.729452555925e-03,2.705681069294e-03,2.686550809446e-03,2.668344855553e-03,2.649768825687e-03,2.634323583502e-03,2.619155456308e-03,2.604264444119e-03,2.593856582071e-03,1.946789852760e-03
177.600000,2.846537346685e-03,2.847588543505e-03,3.019151407112e-03,2.986047548815e-03,2.952406090145e-03,2.923872914808e-03,2.902115927462e-03,2.856650153150e-03,2.872313657090e-03,2.898019347495e-03,2.865949408229e-03,2.832959730037e-03,2.802229750662e-03,2.776542723067e-03,2.751012235535e-03,2.727442183870e-03,2.703714209604e-03,2.684618936546e-03,2.666443402423e-03,2.647901680404e-03,2.632483884048e-03,2.617342863224e-03,2.602478617910e-03,2.592089151214e-03,1.945794066470e-03
178.100000,2.844637523240e-03,2.845333802518e-03,3.016644664549e-03,2.983591316574e-03,2.950000659282e-03,2.921509080748e-03,2.899785235734e-03,2.854384641003e-03,2.870059604934e-03,2.895722436234e-03,2.863708144274e-03,2.830778636428e-03,2.800102886416e-03,2.774461140682e-03,2.748975747090e-03,2.725448663780e-03,2.701763810649e-03,2.682703209891e-03,2.664557825006e-03,2.646050102026e-03,2.630659505620e-03,2.615545348108e-03,2.600707629479e-03,2.590336393414e-03,1.944806376790e-03
178.600000,2.842753250973e-03,2.843098161072e-03,3.014159203611e-03,2.981155926248e-03,2.947615628413e-03,2.919165287163e-03,2.897474295890e-03,2.852138318428e-03,2.867824596283e-03,2.893444938286e-03,2.861485796648e-03,2.828615918749e-03,2.797993912826e-03,2.772397043854e-03,2.746956340657e-03,2.723471839801e-03,2.699829720620e-03,2.680803480936e-03,2.662687977502e-03,2.644213947985e-03,2.628850308173e-03,2.613762773452e-03,2.598951343809e-03,2.588598175348e-03,1.943826713480e-03
179.100000,2.840884391749e-03,2.840881439026e-03,3.011694822761e-03,2.978741180644e-03,2.945250804718e-03,2.916841344753e-03,2.895182921485e-03,2.849911004469e-03,2.865608452312e-03,2.891186671239e-03,2.859282188066e-03,2.826471405286e-03,2.795902663232e-03,2.770350270085e-03,2.744953857909e-03,2.721511557584e-03,2.697911789199e-03,2.678919602578e-03,2.660833715557e-03,2.642393077074e-03,2.627056153034e-03,2.611995003064e-03,2.597209627160e-03,2.586874364951e-03,1.942855006950e-03
179.600000,2.839030808747e-03,2.838683458098e-03,3.009251322520e-03,2.976346884613e-03,2.942905997360e-03,2.914537066154e-03,2.892910927982e-03,2.847702520004e-03,2.863410996023e-03,2.888947454527e-03,2.857097143017e-03,2.824344926081e-03,2.793828972621e-03,2.768320658505e-03,2.742968142073e-03,2.719567664332e-03,2.696009867543e-03,2.677051429176e-03,2.658994896219e-03,2.640587349496e-03,2.625276902864e-03,2.610241902050e-03,2.595482347061e-03,2.585164831437e-03,1.941891188200e-03
180.100000,2.837192366364e-03,2.836504041818e-03,3.006828505465e-03,2.973972844955e-03,2.940581017435e-03,2.912252265894e-03,2.890658132707e-03,2.845512687747e-03,2.861232052190e-03,2.886727109419e-03,2.854930487762e-03,2.822236312876e-03,2.791772677616e-03,2.766308049807e-03,2.740999037921e-03,2.717640008719e-03,2.694123808260e-03,2.675198816476e-03,2.657171377921e-03,2.638796626764e-03,2.623512421639e-03,2.608503336834e-03,2.593769372335e-03,2.583469445267e-03,1.940935188840e-03
180.600000,2.835368930242e-03,2.834343015494e-03,3.004426176167e-03,2.971618870478e-03,2.938275677958e-03,2.909986760426e-03,2.888424354860e-03,2.843341332207e-03,2.859071447375e-03,2.884525458978e-03,2.852782050309e-03,2.820145399087e-03,2.789733616460e-03,2.764312286280e-03,2.739046391770e-03,2.715728440918e-03,2.692253465384e-03,2.673361621643e-03,2.655363020456e-03,2.637020771742e-03,2.621762574659e-03,2.606779175098e-03,2.592070573042e-03,2.581788078098e-03,1.939986941070e-03
181.100000,2.833560367262e-03,2.832200206217e-03,3.002044141226e-03,2.969284771939e-03,2.935989793851e-03,2.907740368024e-03,2.886209415464e-03,2.841188279663e-03,2.856929009848e-03,2.882342328068e-03,2.850651660397e-03,2.818072019792e-03,2.787711629027e-03,2.762333211782e-03,2.737110051450e-03,2.713832812582e-03,2.690398694413e-03,2.671539703229e-03,2.653569684988e-03,2.635259648638e-03,2.620027228515e-03,2.605069285799e-03,2.590385820498e-03,2.580120602873e-03,1.939046377690e-03
181.600000,2.831766545528e-03,2.830075442834e-03,2.999682209181e-03,2.966970361994e-03,2.933723181936e-03,2.905512908836e-03,2.884013137373e-03,2.839053358158e-03,2.854804569654e-03,2.880177543298e-03,2.848539149478e-03,2.816016011739e-03,2.785706556773e-03,2.760370671725e-03,2.735189866286e-03,2.711952976829e-03,2.688559352221e-03,2.669732921180e-03,2.651791234059e-03,2.633513122963e-03,2.618306251077e-03,2.603373539159e-03,2.588714987229e-03,2.578466893705e-03,1.938113432090e-03
182.100000,2.829987334352e-03,2.827968555935e-03,2.997340190565e-03,2.964675455231e-03,2.931475660879e-03,2.903304204836e-03,2.881835345238e-03,2.836936397495e-03,2.852697958530e-03,2.878030933032e-03,2.846444350665e-03,2.813977213264e-03,2.783718242725e-03,2.758424513008e-03,2.733285687094e-03,2.710088788174e-03,2.686735297111e-03,2.667941136784e-03,2.650027531491e-03,2.631781061515e-03,2.616599511498e-03,2.601691806656e-03,2.587057946994e-03,2.576826825918e-03,1.937188038240e-03
182.600000,2.828222604238e-03,2.825879377797e-03,2.995017897788e-03,2.962399868127e-03,2.929247051206e-03,2.901114079814e-03,2.879675865478e-03,2.834837229199e-03,2.850609009891e-03,2.875902327373e-03,2.844367098801e-03,2.811955464370e-03,2.781746531482e-03,2.756494584105e-03,2.731397366159e-03,2.708240102629e-03,2.684926388757e-03,2.666164212686e-03,2.648278442469e-03,2.630063332393e-03,2.614906880182e-03,2.600023960982e-03,2.585414574775e-03,2.575200276019e-03,1.936270130690e-03
183.100000,2.826472226886e-03,2.823807742423e-03,2.992715145235e-03,2.960143419017e-03,2.927037175257e-03,2.898942359317e-03,2.877534526284e-03,2.832755686477e-03,2.848537558864e-03,2.873791558134e-03,2.842307230335e-03,2.809950606626e-03,2.779791269184e-03,2.754580734963e-03,2.729524757225e-03,2.706406777547e-03,2.683132488198e-03,2.664402012876e-03,2.646543833457e-03,2.628359804955e-03,2.613228228796e-03,2.598369876049e-03,2.583784746701e-03,2.573587121712e-03,1.935359644570e-03
183.600000,2.824736075155e-03,2.821753485489e-03,2.990431749122e-03,2.957905928093e-03,2.924845857170e-03,2.896788870705e-03,2.875411157583e-03,2.830691604236e-03,2.846483442186e-03,2.871698458800e-03,2.840264583375e-03,2.807962483174e-03,2.777852303492e-03,2.752682817002e-03,2.727667715466e-03,2.704588671735e-03,2.681353457829e-03,2.662654402644e-03,2.644823572243e-03,2.626670349838e-03,2.611563430215e-03,2.596729426985e-03,2.582168340144e-03,2.571987241848e-03,1.934456515580e-03
184.100000,2.823014023082e-03,2.819716444331e-03,2.988167527571e-03,2.955687217346e-03,2.922672922875e-03,2.894653443052e-03,2.873305591009e-03,2.828644819075e-03,2.844446498281e-03,2.869622864549e-03,2.838238997659e-03,2.805990938739e-03,2.775929483579e-03,2.750800683115e-03,2.725826097507e-03,2.702785645370e-03,2.679589161407e-03,2.660921248622e-03,2.643117527876e-03,2.624994838919e-03,2.609912358568e-03,2.595102490122e-03,2.580565233600e-03,2.570400516438e-03,1.933560679980e-03
184.600000,2.821305945871e-03,2.817696457923e-03,2.985922300545e-03,2.953487110613e-03,2.920518200071e-03,2.892535907192e-03,2.871217659940e-03,2.826615169209e-03,2.842426567170e-03,2.867564612210e-03,2.836230314516e-03,2.804035819596e-03,2.774022660120e-03,2.748934187671e-03,2.723999761362e-03,2.700997559971e-03,2.677839464002e-03,2.659202418722e-03,2.641425570669e-03,2.623333145312e-03,2.608274889165e-03,2.593488942971e-03,2.578975306746e-03,2.568826826623e-03,1.932672074580e-03
185.100000,2.819611719861e-03,2.815693366874e-03,2.983695889816e-03,2.951305433499e-03,2.918381518172e-03,2.890436095640e-03,2.869147199394e-03,2.824602494502e-03,2.840423490479e-03,2.865523540246e-03,2.834238376864e-03,2.802096973520e-03,2.772131685273e-03,2.747083186440e-03,2.722188566430e-03,2.699224278442e-03,2.676104231976e-03,2.657497782108e-03,2.639747572217e-03,2.621685143341e-03,2.606650898532e-03,2.591888664219e-03,2.577398440403e-03,2.567266054706e-03,1.931790636770e-03
185.600000,2.817931222508e-03,2.813707013389e-03,2.981488119004e-03,2.949142013363e-03,2.916262708381e-03,2.888353842611e-03,2.867094046069e-03,2.822606636427e-03,2.838437111416e-03,2.863499488740e-03,2.832263029198e-03,2.800174249824e-03,2.770256412651e-03,2.745247536651e-03,2.720392373533e-03,2.697465665029e-03,2.674383333061e-03,2.655807209277e-03,2.638083405311e-03,2.620050708567e-03,2.605040264371e-03,2.590301533688e-03,2.575834516533e-03,2.565718084086e-03,1.930916304470e-03
186.100000,2.816264332421e-03,2.811737241280e-03,2.979298813485e-03,2.946996679335e-03,2.914161603532e-03,2.886288984034e-03,2.865058038338e-03,2.820627438078e-03,2.836467274792e-03,2.861492299394e-03,2.830304117547e-03,2.798267499334e-03,2.768396697309e-03,2.743427096927e-03,2.718611044812e-03,2.695721585291e-03,2.672676636195e-03,2.654130571922e-03,2.636432944028e-03,2.618429717736e-03,2.603442865574e-03,2.588727432402e-03,2.574283418210e-03,2.564182799278e-03,1.930049016160e-03
186.600000,2.814610929308e-03,2.809783895933e-03,2.977127800407e-03,2.944869262267e-03,2.912078038207e-03,2.884241357448e-03,2.863039016173e-03,2.818664744106e-03,2.834513826920e-03,2.859501815466e-03,2.828361489507e-03,2.796376574306e-03,2.766552395769e-03,2.741621727269e-03,2.716844443801e-03,2.693991906118e-03,2.670984011660e-03,2.652467743025e-03,2.634796063639e-03,2.616822048774e-03,2.601858582181e-03,2.587166242478e-03,2.572745029655e-03,2.562660085900e-03,1.929188710850e-03
187.100000,2.812970893984e-03,2.807846824270e-03,2.974974908696e-03,2.942759594722e-03,2.910011848656e-03,2.882210802048e-03,2.861036821167e-03,2.816718400734e-03,2.832576615702e-03,2.857527881819e-03,2.826434994173e-03,2.794501328540e-03,2.764723365949e-03,2.739831289087e-03,2.715092435356e-03,2.692276495684e-03,2.669305330959e-03,2.650818596777e-03,2.633172640598e-03,2.615227580803e-03,2.600287295396e-03,2.585617847184e-03,2.571219236164e-03,2.561149830637e-03,1.928335328090e-03
187.600000,2.811344108356e-03,2.805925874780e-03,2.972839968987e-03,2.940667510954e-03,2.907962872733e-03,2.880197158672e-03,2.859051296529e-03,2.814788255734e-03,2.830655490541e-03,2.855570344859e-03,2.824524482151e-03,2.792641617205e-03,2.762909467156e-03,2.738055645141e-03,2.713354885662e-03,2.690575223457e-03,2.667640466862e-03,2.649183008596e-03,2.631562552581e-03,2.613646194084e-03,2.598728887551e-03,2.584082130898e-03,2.569705924132e-03,2.559651921297e-03,1.927488807980e-03
188.100000,2.809730455418e-03,2.804020897466e-03,2.970722813626e-03,2.938592846899e-03,2.905930949995e-03,2.878200269725e-03,2.857082287027e-03,2.812874158402e-03,2.828750302333e-03,2.853629052496e-03,2.822629805553e-03,2.790797296969e-03,2.761110560112e-03,2.736294659539e-03,2.711631662212e-03,2.688887960188e-03,2.665989293375e-03,2.647560855103e-03,2.629965678458e-03,2.612077770049e-03,2.597183242114e-03,2.582558979106e-03,2.568204981044e-03,2.558166246714e-03,1.926649091120e-03
188.600000,2.808129819236e-03,2.802131743826e-03,2.968623276668e-03,2.936535440148e-03,2.903915921556e-03,2.876219979237e-03,2.855129638983e-03,2.810975959563e-03,2.826860903478e-03,2.851703854218e-03,2.820750817931e-03,2.788968225898e-03,2.759326506921e-03,2.734548197738e-03,2.709922633805e-03,2.687214577896e-03,2.664351685737e-03,2.645952014115e-03,2.628381898229e-03,2.610522191267e-03,2.595650243662e-03,2.581048278398e-03,2.566716295452e-03,2.556692696795e-03,1.925816118660e-03
189.100000,2.806542084946e-03,2.800258266869e-03,2.966541193840e-03,2.934495129924e-03,2.901917630165e-03,2.874256132778e-03,2.853193200294e-03,2.809093511538e-03,2.824987147845e-03,2.849794600977e-03,2.818887374318e-03,2.787154263458e-03,2.757557171040e-03,2.732816126497e-03,2.708227670522e-03,2.685554949831e-03,2.662727520375e-03,2.644356364634e-03,2.626811093089e-03,2.608979341427e-03,2.594129777911e-03,2.579549916424e-03,2.565239756976e-03,2.555231162489e-03,1.924989832250e-03
189.600000,2.804967138738e-03,2.798400321078e-03,2.964476402527e-03,2.932471757069e-03,2.899935920170e-03,2.872308577497e-03,2.851272820379e-03,2.807226668119e-03,2.823128890775e-03,2.847901145210e-03,2.817039331193e-03,2.785355270539e-03,2.755802417244e-03,2.731098313917e-03,2.706546643725e-03,2.683908950482e-03,2.661116674938e-03,2.642773786834e-03,2.625253145368e-03,2.607449105364e-03,2.592621731618e-03,2.578063781932e-03,2.563775256287e-03,2.553781535791e-03,1.924170174070e-03
190.100000,2.803404867835e-03,2.796557762385e-03,2.962428741770e-03,2.930465164053e-03,2.897970637436e-03,2.870377162068e-03,2.849368350148e-03,2.805375284571e-03,2.821285989026e-03,2.846023340865e-03,2.815206546449e-03,2.783571109371e-03,2.754062111696e-03,2.729394629366e-03,2.704879426022e-03,2.682276455571e-03,2.659519028259e-03,2.641204162052e-03,2.623707938517e-03,2.605931368988e-03,2.591125992681e-03,2.576589764713e-03,2.562322685093e-03,2.552343709717e-03,1.923357086800e-03
190.600000,2.801855160514e-03,2.794730448171e-03,2.960398052188e-03,2.928475194898e-03,2.896021629443e-03,2.868461736682e-03,2.847479642029e-03,2.803539217620e-03,2.819458300815e-03,2.844161043305e-03,2.813388879403e-03,2.781801643559e-03,2.752336121827e-03,2.727704943516e-03,2.703225891281e-03,2.680657342034e-03,2.657934460347e-03,2.639647372778e-03,2.622175357129e-03,2.604426019318e-03,2.589642450041e-03,2.575127755643e-03,2.560881936127e-03,2.550917578288e-03,1.922550513630e-03
191.100000,2.800317906071e-03,2.792918237259e-03,2.958384176074e-03,2.926501695237e-03,2.894088745138e-03,2.866562153042e-03,2.845606549920e-03,2.801718325412e-03,2.817645685741e-03,2.842314109363e-03,2.811586190758e-03,2.780046738076e-03,2.750624316421e-03,2.726029128298e-03,2.701585914599e-03,2.679051487990e-03,2.656362852380e-03,2.638103302605e-03,2.620655286917e-03,2.602932944465e-03,2.588170993704e-03,2.573677646608e-03,2.559452903162e-03,2.549503036556e-03,1.921750398260e-03
191.600000,2.798792994829e-03,2.791120989868e-03,2.956386957251e-03,2.924544512208e-03,2.892171835041e-03,2.864678264344e-03,2.843748929200e-03,2.799912467524e-03,2.815848004826e-03,2.840482397296e-03,2.809798342622e-03,2.778306259209e-03,2.748926565504e-03,2.724367056911e-03,2.699959372284e-03,2.677458772772e-03,2.654804086669e-03,2.636571836307e-03,2.619147614670e-03,2.601452033612e-03,2.586711514745e-03,2.572239330531e-03,2.558035480979e-03,2.548099980556e-03,1.920956684880e-03
192.100000,2.797280318087e-03,2.789338567629e-03,2.954406241145e-03,2.922603494534e-03,2.890270751123e-03,2.862809925246e-03,2.841906636679e-03,2.798121504948e-03,2.814065120461e-03,2.838665766761e-03,2.808025198446e-03,2.776580074573e-03,2.747242740435e-03,2.722718603778e-03,2.698346141864e-03,2.675879076865e-03,2.653258046696e-03,2.635052859715e-03,2.617652228300e-03,2.599983177006e-03,2.585263905269e-03,2.570812701375e-03,2.556629565336e-03,2.546708307306e-03,1.920169318170e-03
192.600000,2.795779768181e-03,2.787570833558e-03,2.952441874737e-03,2.920678492430e-03,2.888385346895e-03,2.860956991876e-03,2.840079530621e-03,2.796345300041e-03,2.812296896420e-03,2.836864078807e-03,2.806266623056e-03,2.774868053095e-03,2.745572713803e-03,2.721083644574e-03,2.696746102072e-03,2.674312281914e-03,2.651724617060e-03,2.633546259809e-03,2.616169016771e-03,2.598526265936e-03,2.583828058417e-03,2.569397654101e-03,2.555235053010e-03,2.545327914813e-03,1.919388243310e-03
193.100000,2.794291238415e-03,2.785817652038e-03,2.950493706528e-03,2.918769357615e-03,2.886515477301e-03,2.859119321787e-03,2.838267470700e-03,2.794583716561e-03,2.810543197804e-03,2.835077195901e-03,2.804522482614e-03,2.773170064999e-03,2.743916359465e-03,2.719462056191e-03,2.695159132820e-03,2.672758270754e-03,2.650203683466e-03,2.632051924637e-03,2.614697870128e-03,2.597081192761e-03,2.582403868357e-03,2.567994084681e-03,2.553851841750e-03,2.543958702045e-03,1.918613405970e-03
193.600000,2.792814623086e-03,2.784078888804e-03,2.948561586560e-03,2.916875943322e-03,2.884660998751e-03,2.857296773989e-03,2.836470317980e-03,2.792836619615e-03,2.808803891083e-03,2.833304981841e-03,2.802792644606e-03,2.771485981783e-03,2.742273552510e-03,2.717853716712e-03,2.693585115187e-03,2.671216927311e-03,2.648695132748e-03,2.630569743326e-03,2.613238679487e-03,2.595647850844e-03,2.580991230262e-03,2.566601890075e-03,2.552479830275e-03,2.542600568937e-03,1.917844752280e-03
194.100000,2.791349817463e-03,2.782354410947e-03,2.946645366383e-03,2.914998104217e-03,2.882821769081e-03,2.855489208869e-03,2.834687934939e-03,2.791103875671e-03,2.807078844044e-03,2.831547301795e-03,2.801076977821e-03,2.769815676226e-03,2.740644169269e-03,2.716258505438e-03,2.692023931408e-03,2.669688136673e-03,2.647198852814e-03,2.629099606088e-03,2.611791336997e-03,2.594226134584e-03,2.579590040326e-03,2.565220968231e-03,2.551118918286e-03,2.541253416353e-03,1.917082228860e-03
194.600000,2.789896717762e-03,2.780644086857e-03,2.944744899027e-03,2.913135696462e-03,2.880997647591e-03,2.853696488240e-03,2.832920185411e-03,2.789385352510e-03,2.805367925798e-03,2.829804022272e-03,2.799375352360e-03,2.768159022326e-03,2.739028087272e-03,2.714676302823e-03,2.690475464877e-03,2.668171785034e-03,2.645714732681e-03,2.627641404201e-03,2.610355735844e-03,2.592815939411e-03,2.578200195715e-03,2.563851218053e-03,2.549769006406e-03,2.539917146128e-03,1.916325782820e-03
195.100000,2.788455221182e-03,2.778947786260e-03,2.942860038994e-03,2.911288577642e-03,2.879188494923e-03,2.851918475266e-03,2.831166934616e-03,2.787680919262e-03,2.803671006727e-03,2.828075011099e-03,2.797687639625e-03,2.766515895371e-03,2.737425185254e-03,2.713106990524e-03,2.688939600137e-03,2.666667759694e-03,2.644242662428e-03,2.626195029956e-03,2.608931770261e-03,2.591417161727e-03,2.576821594596e-03,2.562492539433e-03,2.548429996238e-03,2.538591661013e-03,1.915575361720e-03
195.600000,2.787025225832e-03,2.777265380196e-03,2.940990642260e-03,2.909456606770e-03,2.877394173185e-03,2.850155034509e-03,2.829428049101e-03,2.785990446318e-03,2.801987958517e-03,2.826360137428e-03,2.796013712259e-03,2.764886171848e-03,2.735835343149e-03,2.711550451328e-03,2.687416222834e-03,2.665175949046e-03,2.642782533205e-03,2.624760376725e-03,2.607519335484e-03,2.590029698942e-03,2.575454136092e-03,2.561144833202e-03,2.547101790292e-03,2.537276864687e-03,1.914830913580e-03
196.100000,2.785606630798e-03,2.775596740947e-03,2.939136566232e-03,2.907639644271e-03,2.875614545802e-03,2.848406031876e-03,2.827703396729e-03,2.784313805417e-03,2.800318654133e-03,2.824659271696e-03,2.794353444192e-03,2.763269729481e-03,2.734258442086e-03,2.710006569181e-03,2.685905219746e-03,2.663696242578e-03,2.641334237202e-03,2.623337338877e-03,2.606118327753e-03,2.588653449463e-03,2.574097720298e-03,2.559808001151e-03,2.545784292021e-03,2.535972661725e-03,1.914092386900e-03
196.600000,2.784199336056e-03,2.773941742114e-03,2.937297669746e-03,2.905837551959e-03,2.873849477615e-03,2.846671334610e-03,2.825992846727e-03,2.782650869528e-03,2.798662967794e-03,2.822972285642e-03,2.792706710577e-03,2.761666447167e-03,2.732694364317e-03,2.708475229173e-03,2.684406478733e-03,2.662228530838e-03,2.639897667664e-03,2.621925811830e-03,2.604728644322e-03,2.587288312645e-03,2.572752248281e-03,2.558481945989e-03,2.544477405782e-03,2.534678957634e-03,1.913359730630e-03
197.100000,2.782803242538e-03,2.772300258522e-03,2.935473813069e-03,2.904050193060e-03,2.872098834780e-03,2.844950811268e-03,2.824296269578e-03,2.781001512899e-03,2.797020774957e-03,2.821299052256e-03,2.791073387812e-03,2.760076205029e-03,2.731142993289e-03,2.706956317509e-03,2.682919888784e-03,2.660772705451e-03,2.638472718860e-03,2.620525691972e-03,2.603350183424e-03,2.585934188828e-03,2.571417622035e-03,2.557166571377e-03,2.543181036863e-03,2.533395658807e-03,1.912632894170e-03
197.600000,2.781418252063e-03,2.770672166262e-03,2.933664857851e-03,2.902277432125e-03,2.870362484807e-03,2.843244331753e-03,2.822613537094e-03,2.779365611064e-03,2.795391952320e-03,2.819639445801e-03,2.789453353531e-03,2.758498884349e-03,2.729604213563e-03,2.705449721486e-03,2.681445339938e-03,2.659328659079e-03,2.637059286100e-03,2.619136876736e-03,2.601982844268e-03,2.584590979303e-03,2.570093744479e-03,2.555861781859e-03,2.541895091436e-03,2.532122672506e-03,1.911911827380e-03
198.100000,2.780044267381e-03,2.769057342653e-03,2.931870667119e-03,2.900519135095e-03,2.868640296524e-03,2.841551767214e-03,2.820944522350e-03,2.777743040740e-03,2.793776377799e-03,2.817993341789e-03,2.787846486551e-03,2.756934367591e-03,2.728077910847e-03,2.703955329545e-03,2.679982723313e-03,2.657896285438e-03,2.635657265674e-03,2.617759264497e-03,2.600626527039e-03,2.583258586295e-03,2.568780519503e-03,2.554567482929e-03,2.540619476573e-03,2.530859906915e-03,1.911196480560e-03
198.600000,2.778681192095e-03,2.767455666235e-03,2.930091105292e-03,2.898775169225e-03,2.866932140059e-03,2.839872990136e-03,2.819289099672e-03,2.776133679914e-03,2.792173930516e-03,2.816360616944e-03,2.786252666890e-03,2.755382538355e-03,2.726563971978e-03,2.702473031183e-03,2.678531931091e-03,2.656475479260e-03,2.634266554905e-03,2.616392754640e-03,2.599281132874e-03,2.581936912973e-03,2.567477851866e-03,2.553283580951e-03,2.539354100209e-03,2.529607271041e-03,1.910486804450e-03
199.100000,2.777328930746e-03,2.765867016765e-03,2.928326038132e-03,2.897045403111e-03,2.865237886864e-03,2.838207874244e-03,2.817647144657e-03,2.774537407765e-03,2.790584490795e-03,2.814741149228e-03,2.784671775781e-03,2.753843281401e-03,2.725062284875e-03,2.701002716986e-03,2.677092856496e-03,2.655066136313e-03,2.632887052104e-03,2.615037247522e-03,2.597946563860e-03,2.580625863443e-03,2.566185647280e-03,2.552009983196e-03,2.538098871188e-03,2.528364674783e-03,1.909782750240e-03
199.600000,2.775987388718e-03,2.764291275172e-03,2.926575332725e-03,2.895329706649e-03,2.863557409619e-03,2.836556294519e-03,2.816018534133e-03,2.772954104681e-03,2.789007940141e-03,2.813134817815e-03,2.783103695586e-03,2.752316482628e-03,2.723572738571e-03,2.699544278612e-03,2.675665393809e-03,2.653668153373e-03,2.631518656535e-03,2.613692644424e-03,2.596622723036e-03,2.579325342718e-03,2.564903812314e-03,2.550746597807e-03,2.536853699187e-03,2.527132028900e-03,1.909084269530e-03
200.100000,2.774656472272e-03,2.762728323590e-03,2.924838857525e-03,2.893627951047e-03,2.861890582341e-03,2.834918127210e-03,2.814403146153e-03,2.771383652230e-03,2.787444161224e-03,2.811541503058e-03,2.781548309842e-03,2.750802029035e-03,2.722095223195e-03,2.698097608772e-03,2.674249438320e-03,2.652281428216e-03,2.630161268484e-03,2.612358847632e-03,2.595309514367e-03,2.578035256729e-03,2.563632254466e-03,2.549493333822e-03,2.535618494772e-03,2.525909244975e-03,1.908391314390e-03
200.600000,2.773336088566e-03,2.761178045312e-03,2.923116482265e-03,2.891940008783e-03,2.860237280241e-03,2.833293249774e-03,2.812800859974e-03,2.769825933168e-03,2.785893037879e-03,2.809961086512e-03,2.780005503258e-03,2.749299808740e-03,2.720629629937e-03,2.696662601215e-03,2.672844886342e-03,2.650905859597e-03,2.628814789147e-03,2.611035760314e-03,2.594006842738e-03,2.576755512293e-03,2.562370882115e-03,2.548250101121e-03,2.534393169320e-03,2.524696235440e-03,1.907703837290e-03
201.100000,2.772026145568e-03,2.759640324790e-03,2.921408077991e-03,2.890265753613e-03,2.858597379818e-03,2.831681540903e-03,2.811211556071e-03,2.768280831403e-03,2.784354455095e-03,2.808393450872e-03,2.778475161632e-03,2.747809710970e-03,2.719175851035e-03,2.695239150753e-03,2.671451635197e-03,2.649541347270e-03,2.627479120711e-03,2.609723286624e-03,2.592714613951e-03,2.575486017130e-03,2.561119604484e-03,2.547016810468e-03,2.533177635099e-03,2.523492913548e-03,1.907021791130e-03
201.600000,2.770726552128e-03,2.758115047644e-03,2.919713517022e-03,2.888605060551e-03,2.856970758753e-03,2.830082880488e-03,2.809635116098e-03,2.766748232006e-03,2.782828298988e-03,2.806838480029e-03,2.776957171935e-03,2.746331626020e-03,2.717733779833e-03,2.693827153194e-03,2.670069583211e-03,2.648187791950e-03,2.626154166309e-03,2.608421331592e-03,2.591432734698e-03,2.574226679860e-03,2.559878331692e-03,2.545793373455e-03,2.531971805156e-03,2.522299193402e-03,1.906345129230e-03
202.100000,2.769437217920e-03,2.756602100587e-03,2.918032672973e-03,2.886957805852e-03,2.855357295987e-03,2.828497149603e-03,2.808071422867e-03,2.765228021179e-03,2.781314456785e-03,2.805296058993e-03,2.775451422218e-03,2.744865445277e-03,2.716303310658e-03,2.692426505382e-03,2.668698629686e-03,2.646845095313e-03,2.624839829975e-03,2.607129801200e-03,2.590161112590e-03,2.572977409938e-03,2.558646974702e-03,2.544579702522e-03,2.530775593408e-03,2.521114989891e-03,1.905673805330e-03
202.600000,2.768158053457e-03,2.755101371498e-03,2.916365420699e-03,2.885323867009e-03,2.853756871649e-03,2.826924230534e-03,2.806520360391e-03,2.763720086254e-03,2.779812816854e-03,2.803766073929e-03,2.773957801650e-03,2.743411061174e-03,2.714884338890e-03,2.691037105154e-03,2.667338674926e-03,2.645513159996e-03,2.623536016708e-03,2.605848602314e-03,2.588899656117e-03,2.571738117711e-03,2.557425445336e-03,2.543375710962e-03,2.529588914576e-03,2.519940218724e-03,1.905007773590e-03
203.100000,2.766888970078e-03,2.753612749329e-03,2.914711636316e-03,2.883703122722e-03,2.852169367045e-03,2.825364006705e-03,2.804981813791e-03,2.762224315690e-03,2.778323268647e-03,2.802248412106e-03,2.772476200487e-03,2.741968367225e-03,2.713476760973e-03,2.689658851343e-03,2.665989620160e-03,2.644191889562e-03,2.622242632387e-03,2.604577642694e-03,2.587648274632e-03,2.570508714395e-03,2.556213656267e-03,2.542181312852e-03,2.528411684179e-03,2.518774796402e-03,1.904346988570e-03
203.600000,2.765629879937e-03,2.752136124172e-03,2.913071197154e-03,2.882095452907e-03,2.850594664678e-03,2.823816362702e-03,2.803455669362e-03,2.760740599030e-03,2.776845702700e-03,2.800742961927e-03,2.771006510056e-03,2.740537257974e-03,2.712080474299e-03,2.688291643784e-03,2.664651367629e-03,2.642881188531e-03,2.620959583842e-03,2.603316830999e-03,2.586406878380e-03,2.569289112035e-03,2.555011520956e-03,2.540996423137e-03,2.527243818545e-03,2.517618640219e-03,1.903691405250e-03
204.100000,2.764380696013e-03,2.750671387177e-03,2.911443981792e-03,2.880500738667e-03,2.849032648221e-03,2.822281184276e-03,2.801941814504e-03,2.759268826932e-03,2.775380010645e-03,2.799249612870e-03,2.769548622772e-03,2.739117628995e-03,2.710695377310e-03,2.686935383261e-03,2.663323820492e-03,2.641580962325e-03,2.619686778754e-03,2.602066076766e-03,2.585175378462e-03,2.568079223516e-03,2.553818953755e-03,2.539820957527e-03,2.526085234807e-03,2.516471668266e-03,1.903040978980e-03
204.600000,2.763141332062e-03,2.749218430576e-03,2.909829869989e-03,2.878918862296e-03,2.847483202496e-03,2.820758358302e-03,2.800440137753e-03,2.757808891126e-03,2.773926085173e-03,2.797768255530e-03,2.768102432093e-03,2.737709376899e-03,2.709321369399e-03,2.685589971553e-03,2.662006882835e-03,2.640291117285e-03,2.618424125741e-03,2.600825290397e-03,2.583953686823e-03,2.566878962566e-03,2.552635869793e-03,2.538654832564e-03,2.524935850869e-03,2.515333799391e-03,1.902395665550e-03
205.100000,2.761911702665e-03,2.747777147689e-03,2.908228742706e-03,2.877349707261e-03,2.845946213439e-03,2.819247772767e-03,2.798950528724e-03,2.756360684418e-03,2.772483820029e-03,2.796298781555e-03,2.766667832529e-03,2.736312399275e-03,2.707958350976e-03,2.684255311365e-03,2.660700459721e-03,2.639011560685e-03,2.617171534255e-03,2.599594383143e-03,2.582741716254e-03,2.565688243739e-03,2.551462185001e-03,2.537497965565e-03,2.523795585432e-03,2.514204953214e-03,1.901755421130e-03
205.600000,2.760691723180e-03,2.746347432866e-03,2.906640482112e-03,2.875793158164e-03,2.844421568175e-03,2.817749316770e-03,2.797472878157e-03,2.754924100675e-03,2.771053110003e-03,2.794841083688e-03,2.765244719623e-03,2.734926594766e-03,2.706606223420e-03,2.682931306370e-03,2.659404457085e-03,2.637742200648e-03,2.615928914670e-03,2.598373267134e-03,2.581539380396e-03,2.564506982401e-03,2.550297816154e-03,2.536350274662e-03,2.522664357956e-03,2.513085050142e-03,1.901120202290e-03
206.100000,2.759481309736e-03,2.744929181521e-03,2.905064971506e-03,2.874249100787e-03,2.842909154904e-03,2.816262880524e-03,2.796007077843e-03,2.753499034804e-03,2.769633850938e-03,2.793395055706e-03,2.763832989945e-03,2.733551862965e-03,2.705264889053e-03,2.681617861182e-03,2.658118781798e-03,2.636482946230e-03,2.614696178177e-03,2.597161855335e-03,2.580346593690e-03,2.563335094745e-03,2.549142680767e-03,2.535211678749e-03,2.521542088668e-03,2.511974011312e-03,1.900489965960e-03
206.600000,2.758280379259e-03,2.743522290086e-03,2.903502095390e-03,2.872717422000e-03,2.841408862945e-03,2.814788355314e-03,2.794553020669e-03,2.752085382760e-03,2.768225939678e-03,2.791960592450e-03,2.762432541084e-03,2.732188104471e-03,2.703934251157e-03,2.680314881326e-03,2.656843341649e-03,2.635233707349e-03,2.613473236859e-03,2.595960061531e-03,2.579163271444e-03,2.562172497728e-03,2.547996697202e-03,2.534082097466e-03,2.520428698551e-03,2.510871758599e-03,1.899864669500e-03
207.100000,2.757088849428e-03,2.742126656031e-03,2.901951739382e-03,2.871198009840e-03,2.839920582727e-03,2.813325633517e-03,2.793110600569e-03,2.750683041541e-03,2.766829274092e-03,2.790537589766e-03,2.761043271638e-03,2.730835220845e-03,2.702614213957e-03,2.679022273257e-03,2.655578045298e-03,2.633994394789e-03,2.612260003632e-03,2.594767800361e-03,2.577989329747e-03,2.561019109147e-03,2.546859784538e-03,2.532961451279e-03,2.519324109341e-03,2.509778214652e-03,1.899244270630e-03
207.600000,2.755906638700e-03,2.740742177836e-03,2.900413790252e-03,2.869690753426e-03,2.838444205746e-03,2.811874608541e-03,2.791679712532e-03,2.749291909128e-03,2.765443753073e-03,2.789125944573e-03,2.759665081190e-03,2.729493114616e-03,2.701304682632e-03,2.677739944333e-03,2.654322802294e-03,2.632764920196e-03,2.611056392261e-03,2.593584987276e-03,2.576824685478e-03,2.559874847550e-03,2.545731862682e-03,2.531849661351e-03,2.518228243540e-03,2.508693302832e-03,1.898628727450e-03
208.100000,2.754733666261e-03,2.739368754968e-03,2.898888135881e-03,2.868195542994e-03,2.836979624581e-03,2.810435174918e-03,2.790260252574e-03,2.747911884531e-03,2.764069276475e-03,2.787725554756e-03,2.758297870320e-03,2.728161689262e-03,2.700005563244e-03,2.676467802821e-03,2.653077523079e-03,2.631545196087e-03,2.609862317321e-03,2.592411538525e-03,2.575669256361e-03,2.558739632275e-03,2.544612852269e-03,2.530746649627e-03,2.517141024332e-03,2.507616947230e-03,1.898017998440e-03
208.600000,2.753569852067e-03,2.738006287919e-03,2.897374665269e-03,2.866712269854e-03,2.835526732895e-03,2.809007228142e-03,2.788852117743e-03,2.746542867769e-03,2.762705745156e-03,2.786336319232e-03,2.756941540573e-03,2.726840849213e-03,2.698716762815e-03,2.675205757872e-03,2.651842118936e-03,2.630335135811e-03,2.608677694218e-03,2.591247371190e-03,2.574522960857e-03,2.557613383444e-03,2.543502674713e-03,2.529652338795e-03,2.516062375687e-03,2.506549072660e-03,1.897412042450e-03
209.100000,2.752415116802e-03,2.736654678131e-03,2.895873268528e-03,2.865240826411e-03,2.834085425359e-03,2.807590664797e-03,2.787455206135e-03,2.745184759830e-03,2.761353060950e-03,2.784958137923e-03,2.755595994481e-03,2.725530499828e-03,2.697438189264e-03,2.673953719533e-03,2.650616502033e-03,2.629134653558e-03,2.607502439198e-03,2.590092403124e-03,2.573385718246e-03,2.556496021925e-03,2.542401252158e-03,2.528566652272e-03,2.514992222259e-03,2.505489604652e-03,1.896810818710e-03
209.600000,2.751269381906e-03,2.735313828051e-03,2.894383836843e-03,2.863781106110e-03,2.832655597723e-03,2.806185382481e-03,2.786069416804e-03,2.743837462680e-03,2.760011126649e-03,2.783590911703e-03,2.754261135495e-03,2.724230547393e-03,2.696169751385e-03,2.672711598707e-03,2.649400585385e-03,2.627943664345e-03,2.606336469281e-03,2.588946552977e-03,2.572257448573e-03,2.555387469353e-03,2.541308507513e-03,2.527489514209e-03,2.513930489444e-03,2.504438469426e-03,1.896214286820e-03
210.100000,2.750132569512e-03,2.733983641059e-03,2.892906262482e-03,2.862333003476e-03,2.831237146769e-03,2.804791279779e-03,2.784694649842e-03,2.742500879262e-03,2.758679845997e-03,2.782234542442e-03,2.752936868050e-03,2.722940899107e-03,2.694911358866e-03,2.671479307190e-03,2.648194282839e-03,2.626762084015e-03,2.605179702314e-03,2.587809740200e-03,2.571138072638e-03,2.554287648110e-03,2.540224364392e-03,2.526420849464e-03,2.512877103332e-03,2.503395593918e-03,1.895622406720e-03
210.600000,2.749004602503e-03,2.732664021503e-03,2.891440438801e-03,2.860896414077e-03,2.829829970287e-03,2.803408256312e-03,2.783330806308e-03,2.741174913478e-03,2.757359123697e-03,2.780888932982e-03,2.751623097499e-03,2.721661463084e-03,2.693662922303e-03,2.670256757595e-03,2.646997509096e-03,2.625589829220e-03,2.604032056910e-03,2.586681884996e-03,2.570027512021e-03,2.553196481325e-03,2.539148747183e-03,2.525360583646e-03,2.511831990711e-03,2.502360905750e-03,1.895035138730e-03
211.100000,2.747885404466e-03,2.731354874676e-03,2.889986260177e-03,2.859471234500e-03,2.828433967060e-03,2.802036212672e-03,2.781977788238e-03,2.739859470166e-03,2.756048865388e-03,2.779553987092e-03,2.750319730132e-03,2.720392148321e-03,2.692424353122e-03,2.669043863438e-03,2.645810179664e-03,2.624426817428e-03,2.602893452472e-03,2.585562908328e-03,2.568925689037e-03,2.552113892856e-03,2.538081580954e-03,2.524308643027e-03,2.510795079087e-03,2.501334333239e-03,1.894452443540e-03
211.600000,2.746774899707e-03,2.730056106818e-03,2.888543622066e-03,2.858057362365e-03,2.827049036922e-03,2.800675050430e-03,2.780635498644e-03,2.738554455120e-03,2.754748977615e-03,2.778229609526e-03,2.749026673151e-03,2.719132864731e-03,2.691195563657e-03,2.667840539016e-03,2.644632210879e-03,2.623272966884e-03,2.601763809214e-03,2.584452731957e-03,2.567832526753e-03,2.551039807297e-03,2.537022791506e-03,2.523264954621e-03,2.509766296630e-03,2.500315805378e-03,1.893874282160e-03
212.100000,2.745673013214e-03,2.728767625058e-03,2.887112420942e-03,2.856654696303e-03,2.825675080646e-03,2.799324672145e-03,2.779303841490e-03,2.737259775046e-03,2.753459367866e-03,2.776915705929e-03,2.747743834672e-03,2.717883523073e-03,2.689976467064e-03,2.666646699515e-03,2.643463519895e-03,2.622128196650e-03,2.600643048060e-03,2.583351278355e-03,2.566747948979e-03,2.549974149950e-03,2.535972305359e-03,2.522229446113e-03,2.508745572207e-03,2.499305251833e-03,1.893300616000e-03
212.600000,2.744579670699e-03,2.727489337468e-03,2.885692554327e-03,2.855263135948e-03,2.824312000022e-03,2.797984981340e-03,2.777982721698e-03,2.735975337576e-03,2.752179944516e-03,2.775612182907e-03,2.746471123702e-03,2.716644035005e-03,2.688766977358e-03,2.665462260907e-03,2.642304024660e-03,2.620992426554e-03,2.599531090755e-03,2.582258470756e-03,2.565671880252e-03,2.548916846851e-03,2.534930049718e-03,2.521202045891e-03,2.507732835366e-03,2.498302602937e-03,1.892731406760e-03
213.100000,2.743494798536e-03,2.726221153040e-03,2.884283920718e-03,2.853882581937e-03,2.822959697789e-03,2.796655882485e-03,2.776672045114e-03,2.734701051270e-03,2.750910616868e-03,2.774318947990e-03,2.745208450169e-03,2.715414313051e-03,2.687567009389e-03,2.664287139995e-03,2.641153643914e-03,2.619865577197e-03,2.598427859754e-03,2.581174233140e-03,2.564604245824e-03,2.547867824720e-03,2.533895952492e-03,2.520182683015e-03,2.506728016299e-03,2.497307789684e-03,1.892166616550e-03
213.600000,2.742418323800e-03,2.724962981633e-03,2.882886419652e-03,2.852512935879e-03,2.821618077672e-03,2.795337280997e-03,2.775371718534e-03,2.733436825564e-03,2.749651295094e-03,2.773035909579e-03,2.743955724843e-03,2.714194270562e-03,2.686376478834e-03,2.663121254398e-03,2.640012297189e-03,2.618747569952e-03,2.597333278285e-03,2.580098490211e-03,2.563544971675e-03,2.546827011008e-03,2.532869942274e-03,2.519171287239e-03,2.505731045902e-03,2.496320743729e-03,1.891606207780e-03
214.100000,2.741350174244e-03,2.723714734001e-03,2.881499951656e-03,2.851154100360e-03,2.820287044310e-03,2.794029083212e-03,2.774081649643e-03,2.732182570801e-03,2.748401890245e-03,2.771762977004e-03,2.742712859397e-03,2.712983821751e-03,2.685195302199e-03,2.661964522516e-03,2.638879904807e-03,2.617638326958e-03,2.596247270304e-03,2.579031167395e-03,2.562493984506e-03,2.545794333842e-03,2.531851948331e-03,2.518167788949e-03,2.504741855692e-03,2.495341397377e-03,1.891050143200e-03
214.600000,2.740290278279e-03,2.722476321795e-03,2.880124418229e-03,2.849805978939e-03,2.818966503327e-03,2.792731196410e-03,2.772801747077e-03,2.730938198215e-03,2.747162314257e-03,2.770500060487e-03,2.741479766360e-03,2.711782881689e-03,2.684023396801e-03,2.660816863553e-03,2.637756387862e-03,2.616537771099e-03,2.595169760514e-03,2.577972190831e-03,2.561451211704e-03,2.544769722035e-03,2.530841900643e-03,2.517172119250e-03,2.503760377863e-03,2.494369683567e-03,1.890498385930e-03
215.100000,2.739238565003e-03,2.721247657530e-03,2.878759721850e-03,2.848468476108e-03,2.817656361255e-03,2.791443528786e-03,2.771531920336e-03,2.729703619898e-03,2.745932479925e-03,2.769247071119e-03,2.740256359127e-03,2.710591366242e-03,2.682860680755e-03,2.659678197512e-03,2.636641668188e-03,2.615445826021e-03,2.594100674321e-03,2.576921487393e-03,2.560416581353e-03,2.543753105099e-03,2.529839729808e-03,2.516184209860e-03,2.502786545244e-03,2.493405535877e-03,1.889950899400e-03
215.600000,2.738194964159e-03,2.720028654580e-03,2.877405765989e-03,2.847141497323e-03,2.816356525551e-03,2.790165989415e-03,2.770272079829e-03,2.728478748813e-03,2.744712300922e-03,2.768003920875e-03,2.739042551936e-03,2.709409192117e-03,2.681707072987e-03,2.658548445161e-03,2.635535668407e-03,2.614362416083e-03,2.593039937877e-03,2.575878984625e-03,2.559390022240e-03,2.542744413201e-03,2.528845367131e-03,2.515203993160e-03,2.501820291304e-03,2.492448888517e-03,1.889407647380e-03
216.100000,2.737159406155e-03,2.718819227165e-03,2.876062455022e-03,2.845824948960e-03,2.815066904592e-03,2.788898488320e-03,2.769022136866e-03,2.727263498788e-03,2.743501691726e-03,2.766770522586e-03,2.737838259853e-03,2.708236276854e-03,2.680562493196e-03,2.657427528026e-03,2.634438311883e-03,2.613287466381e-03,2.591987478028e-03,2.574844610787e-03,2.558371463838e-03,2.541743577185e-03,2.527858744547e-03,2.514231402194e-03,2.500861550141e-03,2.491499676343e-03,1.888868593960e-03
216.600000,2.736131822029e-03,2.717619290371e-03,2.874729694311e-03,2.844518738348e-03,2.813787407663e-03,2.787640936369e-03,2.767782003606e-03,2.726057784510e-03,2.742300567693e-03,2.765546789951e-03,2.736643398818e-03,2.707072538747e-03,2.679426861891e-03,2.656315368413e-03,2.633349522710e-03,2.612220902765e-03,2.590943222328e-03,2.573818294832e-03,2.557360836270e-03,2.540750528567e-03,2.526879794646e-03,2.513266370622e-03,2.499910256494e-03,2.490557834807e-03,1.888333703570e-03
217.100000,2.735112143483e-03,2.716428760106e-03,2.873407390141e-03,2.843222773697e-03,2.812517944940e-03,2.786393245336e-03,2.766551593085e-03,2.724861521480e-03,2.741108844995e-03,2.764332637504e-03,2.735457885537e-03,2.705917896955e-03,2.678300100344e-03,2.655211889387e-03,2.632269225732e-03,2.611162651766e-03,2.589907099045e-03,2.572799966397e-03,2.556358070368e-03,2.539765199508e-03,2.525908450685e-03,2.512308832748e-03,2.498966345709e-03,2.489623299981e-03,1.887802940960e-03
217.600000,2.734100302838e-03,2.715247553123e-03,2.872095449741e-03,2.841936964153e-03,2.811258427481e-03,2.785155327835e-03,2.765330819210e-03,2.723674626062e-03,2.739926440622e-03,2.763127980630e-03,2.734281637583e-03,2.704772271365e-03,2.677182130563e-03,2.654117014757e-03,2.631197346524e-03,2.610112640644e-03,2.588879037113e-03,2.571789555781e-03,2.555363097618e-03,2.538787522832e-03,2.524944646532e-03,2.511358723503e-03,2.498029753759e-03,2.488696008551e-03,1.887276271190e-03
218.100000,2.733096233057e-03,2.714075586976e-03,2.870793781231e-03,2.840661219758e-03,2.810008767247e-03,2.783927097393e-03,2.764119596710e-03,2.722497015421e-03,2.738753272403e-03,2.761932735532e-03,2.733114573300e-03,2.703635582688e-03,2.676072875368e-03,2.653030669058e-03,2.630133811375e-03,2.609070797368e-03,2.587858966188e-03,2.570786993976e-03,2.554375850145e-03,2.537817431997e-03,2.523988316708e-03,2.510415978454e-03,2.497100417230e-03,2.487775897799e-03,1.886753659660e-03
218.600000,2.732099867746e-03,2.712912780039e-03,2.869502293665e-03,2.839395451418e-03,2.808768877043e-03,2.782708468328e-03,2.762917841187e-03,2.721328607549e-03,2.737589258944e-03,2.760746819268e-03,2.731956611871e-03,2.702507752388e-03,2.674972258316e-03,2.651952777585e-03,2.629078547291e-03,2.608037050588e-03,2.586846816578e-03,2.569792212621e-03,2.553396260739e-03,2.536854861088e-03,2.523039396340e-03,2.509480533742e-03,2.496178273303e-03,2.486862905605e-03,1.886235072060e-03
219.100000,2.731111141089e-03,2.711759051498e-03,2.868220896985e-03,2.838139570963e-03,2.807538670549e-03,2.781499355873e-03,2.761725469059e-03,2.720169321260e-03,2.736434319673e-03,2.759570149673e-03,2.730807673236e-03,2.701388702731e-03,2.673880203671e-03,2.650883266343e-03,2.628031481992e-03,2.607011329660e-03,2.585842519261e-03,2.568805144020e-03,2.552424262852e-03,2.535899744857e-03,2.522097821210e-03,2.508552326179e-03,2.495263259769e-03,2.485956970461e-03,1.885720474420e-03
219.600000,2.730129987920e-03,2.710614321348e-03,2.866949502018e-03,2.836893491059e-03,2.806318062293e-03,2.780299676057e-03,2.760542397574e-03,2.719019076155e-03,2.735288374797e-03,2.758402645417e-03,2.729667678151e-03,2.700278356703e-03,2.672796636501e-03,2.649822062059e-03,2.626992543911e-03,2.605993564623e-03,2.584846005916e-03,2.567825721149e-03,2.551459790560e-03,2.534952018662e-03,2.521163527673e-03,2.507631293123e-03,2.494355315006e-03,2.485058031405e-03,1.885209833060e-03
220.100000,2.729156343670e-03,2.709478510332e-03,2.865688020517e-03,2.835657125241e-03,2.805106967660e-03,2.779109345743e-03,2.759368544783e-03,2.717877792623e-03,2.734151345313e-03,2.757244225954e-03,2.728536548116e-03,2.699176638062e-03,2.671721482557e-03,2.648769092195e-03,2.625961662153e-03,2.604983686190e-03,2.583857208844e-03,2.566853877592e-03,2.550502778576e-03,2.534011618467e-03,2.520236452737e-03,2.506717372574e-03,2.493454377977e-03,2.484166028099e-03,1.884703114620e-03
220.600000,2.728190144380e-03,2.708351540031e-03,2.864436365040e-03,2.834430387936e-03,2.803905302866e-03,2.777928282618e-03,2.758203829584e-03,2.716745391843e-03,2.733023153001e-03,2.756094811545e-03,2.727414205435e-03,2.698083471313e-03,2.670654668333e-03,2.647724284872e-03,2.624938766512e-03,2.603981625734e-03,2.582876061016e-03,2.565889547623e-03,2.549553162253e-03,2.533078480887e-03,2.519316533999e-03,2.505810503113e-03,2.492560388252e-03,2.483280900766e-03,1.884200286040e-03
221.100000,2.727231326698e-03,2.707233332755e-03,2.863194449082e-03,2.833213194379e-03,2.802712984937e-03,2.776756405194e-03,2.757048171635e-03,2.715621795780e-03,2.731903720407e-03,2.754954323218e-03,2.726300573171e-03,2.696998781707e-03,2.669596121044e-03,2.646687568979e-03,2.623923787503e-03,2.602987315327e-03,2.581902496059e-03,2.564932666097e-03,2.548610877543e-03,2.532152543124e-03,2.518403709628e-03,2.504910623903e-03,2.491673285939e-03,2.482402590188e-03,1.883701314560e-03
221.600000,2.726279827835e-03,2.706123811601e-03,2.861962186940e-03,2.832005460659e-03,2.801529931755e-03,2.775593632777e-03,2.755901491417e-03,2.714506927174e-03,2.730792970825e-03,2.753822682812e-03,2.725195575104e-03,2.695922495211e-03,2.668545768604e-03,2.645658874036e-03,2.622916656265e-03,2.602000687668e-03,2.580936448235e-03,2.563983168551e-03,2.547675861052e-03,2.531233742977e-03,2.517497918431e-03,2.504017674683e-03,2.490793011755e-03,2.481531037722e-03,1.883206167730e-03
222.100000,2.725335585622e-03,2.705022900416e-03,2.860739493802e-03,2.830807103691e-03,2.800356061993e-03,2.774439885476e-03,2.754763710179e-03,2.713400709513e-03,2.729690828331e-03,2.752699812890e-03,2.724099135820e-03,2.694854538529e-03,2.667503539643e-03,2.644638130279e-03,2.621917304642e-03,2.601021676123e-03,2.579977852454e-03,2.563040991098e-03,2.546748049956e-03,2.530322018880e-03,2.516599099772e-03,2.503131595801e-03,2.489919506973e-03,2.480666185296e-03,1.882714813390e-03
222.600000,2.724398538469e-03,2.703930523825e-03,2.859526285680e-03,2.829618041216e-03,2.799191295133e-03,2.773295084185e-03,2.753634749958e-03,2.712303067050e-03,2.728597217717e-03,2.751585636809e-03,2.723011180611e-03,2.693794839091e-03,2.666469363482e-03,2.643625268635e-03,2.620925665135e-03,2.600050214708e-03,2.579026644234e-03,2.562106070500e-03,2.545827382078e-03,2.529417309807e-03,2.515707193613e-03,2.502252328152e-03,2.489052713418e-03,2.479807975379e-03,1.882227219690e-03
223.100000,2.723468625352e-03,2.702846607174e-03,2.858322479404e-03,2.828438191818e-03,2.798035551453e-03,2.772159150615e-03,2.752514533565e-03,2.711213924777e-03,2.727512064550e-03,2.750480078686e-03,2.721931635503e-03,2.692743325015e-03,2.665443170154e-03,2.642620220685e-03,2.619941670896e-03,2.599086238082e-03,2.578082759729e-03,2.561178344125e-03,2.544913795821e-03,2.528519555363e-03,2.514822140496e-03,2.501379813209e-03,2.488192573498e-03,2.478956350998e-03,1.881743355050e-03
223.600000,2.722545785833e-03,2.701771076546e-03,2.857127992657e-03,2.827267474837e-03,2.796888752034e-03,2.771032007186e-03,2.751402984566e-03,2.710133208448e-03,2.726435295103e-03,2.749383063353e-03,2.720860427265e-03,2.691699925145e-03,2.664424890335e-03,2.641622918694e-03,2.618965255748e-03,2.598129681521e-03,2.577146135740e-03,2.560257749937e-03,2.544007230175e-03,2.527628695734e-03,2.513943881521e-03,2.500513993001e-03,2.487339030152e-03,2.478111255727e-03,1.881263188200e-03
224.100000,2.721629960032e-03,2.700703858773e-03,2.855942743925e-03,2.826105810447e-03,2.795750818714e-03,2.769913577148e-03,2.750300027293e-03,2.709060844534e-03,2.725366836382e-03,2.748294516432e-03,2.719797483392e-03,2.690664569025e-03,2.663414455427e-03,2.640633295569e-03,2.617996354121e-03,2.597180480951e-03,2.576216709631e-03,2.559344226513e-03,2.543107624728e-03,2.526744671649e-03,2.513072358379e-03,2.499654810109e-03,2.486492026865e-03,2.477272633676e-03,1.880786688160e-03
224.600000,2.720721088662e-03,2.699644881402e-03,2.854766652518e-03,2.824953119619e-03,2.794621674140e-03,2.768803784473e-03,2.749205586824e-03,2.707996760242e-03,2.724306616139e-03,2.747214364229e-03,2.718742732060e-03,2.689637186871e-03,2.662411797475e-03,2.639651284907e-03,2.617034901125e-03,2.596238572926e-03,2.575294419402e-03,2.558437713026e-03,2.542214919670e-03,2.525867424448e-03,2.512207513285e-03,2.498802207699e-03,2.485651507688e-03,2.476440429492e-03,1.880313824210e-03
225.100000,2.719819112949e-03,2.698594072694e-03,2.853599638520e-03,2.823809324079e-03,2.793501241702e-03,2.767702553940e-03,2.748119588985e-03,2.706940883501e-03,2.723254562791e-03,2.746142533809e-03,2.717696102202e-03,2.688617709598e-03,2.661416849210e-03,2.638676820913e-03,2.616080832472e-03,2.595303894592e-03,2.574379203680e-03,2.557538149222e-03,2.541329055760e-03,2.524996896016e-03,2.511349289052e-03,2.497956129437e-03,2.484817417179e-03,2.475614588362e-03,1.879844565950e-03
225.600000,2.718923974711e-03,2.697551361620e-03,2.852441622843e-03,2.822674346375e-03,2.792389445555e-03,2.766609811001e-03,2.747041960325e-03,2.705893142945e-03,2.722210605516e-03,2.745078952948e-03,2.716657523398e-03,2.687606068816e-03,2.660429543988e-03,2.637709838471e-03,2.615134084542e-03,2.594376383733e-03,2.573471001631e-03,2.556645475452e-03,2.540449974313e-03,2.524133028813e-03,2.510497629023e-03,2.497116519574e-03,2.483989700465e-03,2.474795055983e-03,1.879378883230e-03
226.100000,2.718035616300e-03,2.696516677875e-03,2.851292527164e-03,2.821548109777e-03,2.791286210617e-03,2.765525481888e-03,2.745972628143e-03,2.704853467935e-03,2.721174674142e-03,2.744023550153e-03,2.715626925969e-03,2.686602196786e-03,2.659449815864e-03,2.636750273078e-03,2.614194594294e-03,2.593455978730e-03,2.572569753072e-03,2.555759632644e-03,2.539577617228e-03,2.523275765837e-03,2.509652477101e-03,2.496283322880e-03,2.483168303166e-03,2.473981778604e-03,1.878916746210e-03
226.600000,2.717153980633e-03,2.695489951826e-03,2.850152273955e-03,2.820430538359e-03,2.790191462547e-03,2.764449493595e-03,2.744911520430e-03,2.703821788509e-03,2.720146699227e-03,2.742976254608e-03,2.714604240909e-03,2.685606026445e-03,2.658477599521e-03,2.635798060896e-03,2.613262299324e-03,2.592542618561e-03,2.571675398366e-03,2.554880562292e-03,2.538711926977e-03,2.522425050654e-03,2.508813777714e-03,2.495456484644e-03,2.482353171455e-03,2.473174702954e-03,1.878458125290e-03
227.100000,2.716279011132e-03,2.694471114548e-03,2.849020786437e-03,2.819321556931e-03,2.789105127728e-03,2.763381773775e-03,2.743858565925e-03,2.702798035403e-03,2.719126612008e-03,2.741936996219e-03,2.713589399870e-03,2.684617491383e-03,2.657512830269e-03,2.634853138676e-03,2.612337137855e-03,2.591636242820e-03,2.570787878474e-03,2.554008206455e-03,2.537852846586e-03,2.521580827394e-03,2.507981475855e-03,2.494635950721e-03,2.481544252010e-03,2.472373776313e-03,1.878002991190e-03
227.600000,2.715410651783e-03,2.693460097789e-03,2.847897988620e-03,2.818221091043e-03,2.788027133309e-03,2.762322250870e-03,2.742813694052e-03,2.701782140075e-03,2.718114344378e-03,2.740905705588e-03,2.712582335221e-03,2.683636525852e-03,2.656555444092e-03,2.633915443817e-03,2.611419048678e-03,2.590736791668e-03,2.569907134932e-03,2.553142507771e-03,2.537000319618e-03,2.520743040683e-03,2.507155517015e-03,2.493821667467e-03,2.480741492025e-03,2.471578946437e-03,1.877551314870e-03
228.100000,2.714548847112e-03,2.692456834000e-03,2.846783805264e-03,2.817129067018e-03,2.786957407133e-03,2.761270853977e-03,2.741776834954e-03,2.700774034622e-03,2.717109828948e-03,2.739882313986e-03,2.711582979977e-03,2.682663064769e-03,2.655605377568e-03,2.632984914327e-03,2.610507971218e-03,2.589844205864e-03,2.569033109855e-03,2.552283409432e-03,2.536154290215e-03,2.519911635734e-03,2.506335847262e-03,2.493013581751e-03,2.479944839210e-03,2.470790161612e-03,1.877103067560e-03
228.600000,2.713693542140e-03,2.691461256266e-03,2.845678161891e-03,2.816045411891e-03,2.785895877800e-03,2.760227512942e-03,2.740747919468e-03,2.699773651843e-03,2.716112998969e-03,2.738866753400e-03,2.710591267813e-03,2.681697043661e-03,2.654662567916e-03,2.632061488825e-03,2.609603845489e-03,2.588958426752e-03,2.568165745901e-03,2.551430855194e-03,2.535314703050e-03,2.519086558252e-03,2.505522413134e-03,2.492211640977e-03,2.479154241771e-03,2.470007370604e-03,1.876658220780e-03
229.100000,2.712844682443e-03,2.690473298380e-03,2.844580984742e-03,2.814970053428e-03,2.784842474587e-03,2.759192158283e-03,2.739726879096e-03,2.698780925190e-03,2.715123788361e-03,2.737858956459e-03,2.709607133077e-03,2.680738398720e-03,2.653726952981e-03,2.631145106515e-03,2.608706612086e-03,2.588079396235e-03,2.567304986326e-03,2.550584789340e-03,2.534481503315e-03,2.518267754506e-03,2.504715161730e-03,2.491415793035e-03,2.478369648439e-03,2.469230522696e-03,1.876216746300e-03
229.600000,2.712002214094e-03,2.689492894773e-03,2.843492200822e-03,2.813902920123e-03,2.783797127470e-03,2.758164721212e-03,2.738713646065e-03,2.697795788795e-03,2.714142131710e-03,2.736858856486e-03,2.708630510748e-03,2.679787066764e-03,2.652798471217e-03,2.630235707232e-03,2.607816212183e-03,2.587207056814e-03,2.566450774898e-03,2.549745156708e-03,2.533654636772e-03,2.517455171275e-03,2.503914040642e-03,2.490625986356e-03,2.477591008414e-03,2.468459567642e-03,1.875778616160e-03
230.100000,2.711166083686e-03,2.688519980520e-03,2.842411737860e-03,2.812843941183e-03,2.782759767180e-03,2.757145133680e-03,2.737708153237e-03,2.696818177444e-03,2.713167964225e-03,2.735866387443e-03,2.707661336486e-03,2.678842985224e-03,2.651877061681e-03,2.629333231399e-03,2.606932587547e-03,2.586341351540e-03,2.565603055981e-03,2.548911902689e-03,2.532834049695e-03,2.516648755838e-03,2.503118997976e-03,2.489842169835e-03,2.476818271408e-03,2.467694455705e-03,1.875343802670e-03
230.600000,2.710336238348e-03,2.687554491373e-03,2.841339524305e-03,2.811793046522e-03,2.781730325089e-03,2.756133328243e-03,2.736710334184e-03,2.695848026557e-03,2.712201221798e-03,2.734881483986e-03,2.706699546545e-03,2.677906092165e-03,2.650962664043e-03,2.628437620007e-03,2.606055680531e-03,2.585482224012e-03,2.564761774454e-03,2.548084973199e-03,2.532019688889e-03,2.515848456036e-03,2.502329982371e-03,2.489064292894e-03,2.476051387618e-03,2.466935137617e-03,1.874912278380e-03
231.100000,2.709512625678e-03,2.686596363716e-03,2.840275489333e-03,2.810750166773e-03,2.780708733290e-03,2.755129238178e-03,2.735720123125e-03,2.694885272233e-03,2.711241840946e-03,2.733904081390e-03,2.705745077856e-03,2.676976326272e-03,2.650055218573e-03,2.627548814641e-03,2.605185434030e-03,2.584629618397e-03,2.563926875741e-03,2.547264314690e-03,2.531211501687e-03,2.515054220162e-03,2.501546942916e-03,2.488292305443e-03,2.475290307730e-03,2.466181564584e-03,1.874484016130e-03
231.600000,2.708695193797e-03,2.685645534556e-03,2.839219562813e-03,2.809715233246e-03,2.779694924532e-03,2.754132797423e-03,2.734737454938e-03,2.693929851176e-03,2.710289758803e-03,2.732934115591e-03,2.704797867955e-03,2.676053626841e-03,2.649154666119e-03,2.626666757485e-03,2.604321791516e-03,2.583783479430e-03,2.563098305832e-03,2.546449874136e-03,2.530409435928e-03,2.514265997072e-03,2.500769829256e-03,2.487526157870e-03,2.474534982894e-03,2.465433688311e-03,1.874058988980e-03
232.100000,2.707883891325e-03,2.684701941548e-03,2.838171675336e-03,2.808688177955e-03,2.778688832251e-03,2.753143940602e-03,2.733762265145e-03,2.692981700751e-03,2.709344913157e-03,2.731971523176e-03,2.703857855020e-03,2.675137933742e-03,2.648260948126e-03,2.625791391283e-03,2.603464697027e-03,2.582943752374e-03,2.562276011224e-03,2.545641599030e-03,2.529613439960e-03,2.513483736093e-03,2.499998591491e-03,2.486765801048e-03,2.473785364776e-03,2.464691460953e-03,1.873637170270e-03
232.600000,2.707078667382e-03,2.683765522983e-03,2.837131758207e-03,2.807668933585e-03,2.777690390563e-03,2.752162602926e-03,2.732794489938e-03,2.692040758950e-03,2.708407242409e-03,2.731016241340e-03,2.702924977825e-03,2.674229187493e-03,2.647374006636e-03,2.624922659329e-03,2.602614095152e-03,2.582110383020e-03,2.561459938946e-03,2.544839437397e-03,2.528823462665e-03,2.512707387039e-03,2.499233180221e-03,2.486011186357e-03,2.473041405463e-03,2.463954835142e-03,1.873218533580e-03
233.100000,2.706279471544e-03,2.682836217742e-03,2.836099743381e-03,2.806657433515e-03,2.776699534224e-03,2.751188720365e-03,2.731834066145e-03,2.691106964368e-03,2.707476685579e-03,2.730068207943e-03,2.701999175779e-03,2.673327329165e-03,2.646493784254e-03,2.624060505506e-03,2.601769931026e-03,2.581283317739e-03,2.560650036551e-03,2.544043337755e-03,2.528039453402e-03,2.511936900269e-03,2.498473546541e-03,2.485262265635e-03,2.472303057561e-03,2.463223763975e-03,1.872803052760e-03
233.600000,2.705486253928e-03,2.681913965343e-03,2.835075563545e-03,2.805653611787e-03,2.775716198681e-03,2.750222229423e-03,2.730880931227e-03,2.690180256247e-03,2.706553182294e-03,2.729127361440e-03,2.701080388877e-03,2.672432300459e-03,2.645620224153e-03,2.623204874270e-03,2.600932150340e-03,2.580462503405e-03,2.559846252133e-03,2.543253249161e-03,2.527261362052e-03,2.511172226572e-03,2.497719642011e-03,2.484518991187e-03,2.471570274118e-03,2.462498201011e-03,1.872390701880e-03
234.100000,2.704698965096e-03,2.680998705924e-03,2.834059152056e-03,2.804657403123e-03,2.774740320022e-03,2.749263067343e-03,2.729935023280e-03,2.689260574426e-03,2.705636672796e-03,2.728193640926e-03,2.700168557747e-03,2.671544043619e-03,2.644753270091e-03,2.622355710582e-03,2.600100699334e-03,2.579647887421e-03,2.559048534274e-03,2.542469121160e-03,2.526489138986e-03,2.510413317261e-03,2.496971418689e-03,2.483781315815e-03,2.470843008631e-03,2.461778100257e-03,1.871981455290e-03
234.600000,2.703917556105e-03,2.680090380214e-03,2.833050442923e-03,2.803668742893e-03,2.773771834953e-03,2.748311171936e-03,2.728996281018e-03,2.688347859350e-03,2.704727097924e-03,2.727266986103e-03,2.699263623580e-03,2.670662501498e-03,2.643892866391e-03,2.621512960009e-03,2.599275524757e-03,2.578839417719e-03,2.558256832078e-03,2.541690903785e-03,2.525722735051e-03,2.509660124133e-03,2.496228829104e-03,2.483049192763e-03,2.470121215098e-03,2.461063416186e-03,1.871575287550e-03
235.100000,2.703141978480e-03,2.679188929541e-03,2.832049370868e-03,2.802687567138e-03,2.772810680877e-03,2.747366481695e-03,2.728064643786e-03,2.687442052087e-03,2.703824399133e-03,2.726347337283e-03,2.698365528202e-03,2.669787617523e-03,2.643038957917e-03,2.620676568643e-03,2.598456573918e-03,2.578037042760e-03,2.557471095162e-03,2.540918547596e-03,2.524962101614e-03,2.508912599438e-03,2.495491826241e-03,2.482322575741e-03,2.469404847938e-03,2.460354103714e-03,1.871172173500e-03
235.600000,2.702372184236e-03,2.678294295831e-03,2.831055871233e-03,2.801713812532e-03,2.771856795787e-03,2.746428935684e-03,2.727140051552e-03,2.686543094281e-03,2.702928518447e-03,2.725434635387e-03,2.697474213986e-03,2.668919335682e-03,2.642191490106e-03,2.619846483098e-03,2.597643794633e-03,2.577240711522e-03,2.556691273651e-03,2.540152003628e-03,2.524207190511e-03,2.508170695928e-03,2.494760363562e-03,2.481601418933e-03,2.468693862017e-03,2.459650118191e-03,1.870772088190e-03
236.100000,2.701608125837e-03,2.677406421616e-03,2.830069880049e-03,2.800747416408e-03,2.770910118337e-03,2.745498473640e-03,2.726222444880e-03,2.685650928186e-03,2.702039398498e-03,2.724528821921e-03,2.696589623914e-03,2.668057600527e-03,2.641350408942e-03,2.619022650554e-03,2.596837135278e-03,2.576450373475e-03,2.555917318164e-03,2.539391223413e-03,2.523457954042e-03,2.507434366811e-03,2.494034395015e-03,2.480885676964e-03,2.467988212686e-03,2.458951415447e-03,1.870375006940e-03
236.600000,2.700849756236e-03,2.676525249996e-03,2.829091334007e-03,2.799788316736e-03,2.769970587779e-03,2.744575035885e-03,2.725311764957e-03,2.684765496638e-03,2.701156982483e-03,2.723629839009e-03,2.695711701550e-03,2.667202357194e-03,2.640515660949e-03,2.618205018723e-03,2.596036544722e-03,2.575665978629e-03,2.555149179807e-03,2.538636158967e-03,2.522714345029e-03,2.506703565766e-03,2.493313874952e-03,2.480175304936e-03,2.467287855700e-03,2.458257951723e-03,1.869980905280e-03
237.100000,2.700097028819e-03,2.675650724665e-03,2.828120170432e-03,2.798836452135e-03,2.769038144044e-03,2.743658563362e-03,2.724407953561e-03,2.683886743064e-03,2.700281214185e-03,2.722737629347e-03,2.694840391016e-03,2.666353551358e-03,2.639687193199e-03,2.617393535827e-03,2.595241972345e-03,2.574887477467e-03,2.554386810202e-03,2.537886762799e-03,2.521976316723e-03,2.505978246941e-03,2.492598758251e-03,2.479470258362e-03,2.466592747294e-03,2.457569683690e-03,1.869589759010e-03
237.600000,2.699349897454e-03,2.674782789891e-03,2.827156327286e-03,2.797891761831e-03,2.768112727600e-03,2.742748997618e-03,2.723510953063e-03,2.683014611463e-03,2.699412037989e-03,2.721852136241e-03,2.693975637027e-03,2.665511129240e-03,2.638864953321e-03,2.616588150639e-03,2.594453368073e-03,2.574114821003e-03,2.553630161427e-03,2.537142987868e-03,2.521243822877e-03,2.505258364959e-03,2.491889000188e-03,2.478770493241e-03,2.465902844110e-03,2.456886568482e-03,1.869201544140e-03
238.100000,2.698608316472e-03,2.673921390508e-03,2.826199743189e-03,2.796954185709e-03,2.767194279596e-03,2.741846280814e-03,2.722620706450e-03,2.682149046421e-03,2.698549398801e-03,2.720973303558e-03,2.693117384833e-03,2.664675037643e-03,2.638048889434e-03,2.615788812438e-03,2.593670682306e-03,2.573347960730e-03,2.552879186077e-03,2.536404787651e-03,2.520516817698e-03,2.504543874866e-03,2.491184556531e-03,2.478075965987e-03,2.465218103237e-03,2.456208563646e-03,1.868816236910e-03
238.600000,2.697872240651e-03,2.673066471946e-03,2.825250357407e-03,2.796023664242e-03,2.766282741769e-03,2.740950355693e-03,2.721737157281e-03,2.681289993087e-03,2.697693242143e-03,2.720101075736e-03,2.692265580289e-03,2.663845223891e-03,2.637238950240e-03,2.614995471038e-03,2.592893865984e-03,2.572586848640e-03,2.552133837224e-03,2.535672116067e-03,2.519795255864e-03,2.503834732190e-03,2.490485383462e-03,2.477386633477e-03,2.464538482221e-03,2.455535627154e-03,1.868433813830e-03
239.100000,2.697141625201e-03,2.672217980162e-03,2.824308109804e-03,2.795100138529e-03,2.765378056440e-03,2.740061165597e-03,2.720860249701e-03,2.680437397196e-03,2.696843514070e-03,2.719235397818e-03,2.691420169776e-03,2.663021635861e-03,2.636435084939e-03,2.614208076739e-03,2.592122870521e-03,2.571831437223e-03,2.551394068403e-03,2.534944927520e-03,2.519079092515e-03,2.503130892908e-03,2.489791437636e-03,2.476702452997e-03,2.463863938991e-03,2.454867717412e-03,1.868054251610e-03
239.600000,2.696416425798e-03,2.671375861705e-03,2.823372940905e-03,2.794183550321e-03,2.764480166566e-03,2.739178654465e-03,2.719989928430e-03,2.679591205010e-03,2.696000161210e-03,2.718376215396e-03,2.690581100246e-03,2.662204221955e-03,2.635637243254e-03,2.613426580381e-03,2.591357647843e-03,2.571081679435e-03,2.550659833651e-03,2.534223176874e-03,2.518368283242e-03,2.502432313445e-03,2.489102676130e-03,2.476023382295e-03,2.463194431951e-03,2.454204793239e-03,1.867677527190e-03
240.100000,2.695696598580e-03,2.670540063673e-03,2.822444791822e-03,2.793273841921e-03,2.763589015684e-03,2.738302766819e-03,2.719126138789e-03,2.678751363395e-03,2.695163130735e-03,2.717523474641e-03,2.689748319190e-03,2.661392931128e-03,2.634845375443e-03,2.612650933307e-03,2.590598150376e-03,2.570337528760e-03,2.549931087443e-03,2.533506819469e-03,2.517662784095e-03,2.501738950671e-03,2.488419056463e-03,2.475349379546e-03,2.462529919901e-03,2.453546813897e-03,1.867303617750e-03
240.600000,2.694982100092e-03,2.669710533726e-03,2.821523604315e-03,2.792370956271e-03,2.762704547904e-03,2.737433447758e-03,2.718268826660e-03,2.677917819750e-03,2.694332370384e-03,2.716677122257e-03,2.688921774661e-03,2.660587712863e-03,2.634059432264e-03,2.611881087353e-03,2.589844331056e-03,2.569598939113e-03,2.549207784761e-03,2.532795811073e-03,2.516962551581e-03,2.501050761903e-03,2.487740536616e-03,2.474680403342e-03,2.461870362068e-03,2.452893739044e-03,1.866932500710e-03
241.100000,2.694272887355e-03,2.668887220060e-03,2.820609320755e-03,2.791474836927e-03,2.761826707955e-03,2.736570642962e-03,2.717417938492e-03,2.677090522034e-03,2.693507828438e-03,2.715837105557e-03,2.688101415264e-03,2.659788517176e-03,2.633279365028e-03,2.611116994887e-03,2.589096143257e-03,2.568865864938e-03,2.548489881043e-03,2.532090107952e-03,2.516267542668e-03,2.500367704889e-03,2.487067074978e-03,2.474016412717e-03,2.461215718109e-03,2.452245528747e-03,1.866564153690e-03
241.600000,2.693568917809e-03,2.668070071425e-03,2.819701884118e-03,2.790585428002e-03,2.760955441154e-03,2.735714298698e-03,2.716573421298e-03,2.676269418754e-03,2.692689453730e-03,2.715003372380e-03,2.687287190127e-03,2.658995294589e-03,2.632505125508e-03,2.610358608733e-03,2.588353540899e-03,2.568138261111e-03,2.547777332170e-03,2.531389666821e-03,2.515577714744e-03,2.499689737848e-03,2.486398630362e-03,2.473357367120e-03,2.460565948093e-03,2.451602143517e-03,1.866198554560e-03
242.100000,2.692870149330e-03,2.667259037138e-03,2.818801237987e-03,2.789702674259e-03,2.760090693364e-03,2.734864361779e-03,2.715735222664e-03,2.675454458977e-03,2.691877195614e-03,2.714175871117e-03,2.686479048919e-03,2.658207996179e-03,2.631736666018e-03,2.609605882251e-03,2.587616478363e-03,2.567416083009e-03,2.547070094526e-03,2.530694444826e-03,2.514893025672e-03,2.499016819395e-03,2.485735162053e-03,2.472703226428e-03,2.459921012511e-03,2.450963544255e-03,1.865835681390e-03
242.600000,2.692176540249e-03,2.666454067019e-03,2.817907326553e-03,2.788826521004e-03,2.759232411086e-03,2.734020779625e-03,2.714903290738e-03,2.674645592313e-03,2.691071004023e-03,2.713354550727e-03,2.685676941859e-03,2.657426573505e-03,2.630973939371e-03,2.608858769284e-03,2.586884910511e-03,2.566699286482e-03,2.546368124930e-03,2.530004399592e-03,2.514213433740e-03,2.498348908601e-03,2.485076629714e-03,2.472053950938e-03,2.459280872259e-03,2.450329692262e-03,1.865475512510e-03
243.100000,2.691488049313e-03,2.665655111480e-03,2.817020094631e-03,2.787956914172e-03,2.758380541344e-03,2.733183500198e-03,2.714077574232e-03,2.673842768900e-03,2.690270829402e-03,2.712539360698e-03,2.684880819702e-03,2.656650978702e-03,2.630216898885e-03,2.608117224168e-03,2.586158792697e-03,2.565987827848e-03,2.545671380665e-03,2.529319489179e-03,2.513538897695e-03,2.497685964967e-03,2.484422993486e-03,2.471409501374e-03,2.458645488641e-03,2.449700549279e-03,1.865118026430e-03
243.600000,2.690804635698e-03,2.664862121424e-03,2.816139487596e-03,2.787093800258e-03,2.757535031769e-03,2.732352472036e-03,2.713258022401e-03,2.673045939439e-03,2.689476622749e-03,2.711730251089e-03,2.684090633721e-03,2.655881164364e-03,2.629465498401e-03,2.607381201731e-03,2.585438080739e-03,2.565281663877e-03,2.544979819473e-03,2.528639672099e-03,2.512869376714e-03,2.497027948447e-03,2.483774213885e-03,2.470769838871e-03,2.458014823407e-03,2.449076077431e-03,1.864763201930e-03
244.100000,2.690126259031e-03,2.664075048324e-03,2.815265451463e-03,2.786237126373e-03,2.756695830574e-03,2.731527644240e-03,2.712444585075e-03,2.672255055153e-03,2.688688335575e-03,2.710927172501e-03,2.683306335744e-03,2.655117083642e-03,2.628719692217e-03,2.606650657291e-03,2.584722730957e-03,2.564580751836e-03,2.544293399559e-03,2.527964907319e-03,2.512204830429e-03,2.496374819400e-03,2.483130251884e-03,2.470134924973e-03,2.457388838676e-03,2.448456239254e-03,1.864411017970e-03
244.600000,2.689452879346e-03,2.663293844175e-03,2.814397932832e-03,2.785386840183e-03,2.755862886513e-03,2.730708966480e-03,2.711637212629e-03,2.671470067821e-03,2.687905919946e-03,2.710130076068e-03,2.682527878107e-03,2.654358690177e-03,2.627979435186e-03,2.605925546660e-03,2.584012700138e-03,2.563885049444e-03,2.543612079569e-03,2.527295154243e-03,2.511545218887e-03,2.495726538620e-03,2.482491068878e-03,2.469504721672e-03,2.456767496989e-03,2.447840997684e-03,1.864061453770e-03
245.100000,2.688784457142e-03,2.662518461518e-03,2.813536878895e-03,2.784542889978e-03,2.755036148948e-03,2.729896388975e-03,2.710835855995e-03,2.670690929752e-03,2.687129328471e-03,2.709338913475e-03,2.681755213687e-03,2.653605938150e-03,2.627244682628e-03,2.605205826139e-03,2.583307945543e-03,2.563194514886e-03,2.542935818627e-03,2.526630372734e-03,2.510890502594e-03,2.495083067357e-03,2.481856626686e-03,2.468879191336e-03,2.456150761330e-03,2.447230316078e-03,1.863714488740e-03
245.600000,2.688120953305e-03,2.661748853431e-03,2.812682237444e-03,2.783705224610e-03,2.754215567800e-03,2.729089862521e-03,2.710040466665e-03,2.669917593811e-03,2.686358514270e-03,2.708553636944e-03,2.680988295900e-03,2.652858782240e-03,2.626515390376e-03,2.604491452518e-03,2.582608424933e-03,2.562509106818e-03,2.542264576302e-03,2.525970523084e-03,2.510240642494e-03,2.494444367240e-03,2.481226887529e-03,2.468258296796e-03,2.455538595040e-03,2.446624158189e-03,1.863370102530e-03
246.100000,2.687462329182e-03,2.660984973538e-03,2.811833956887e-03,2.782873793510e-03,2.753401093569e-03,2.728289338502e-03,2.709250996683e-03,2.669150013375e-03,2.685593431010e-03,2.707774199275e-03,2.680227078684e-03,2.652117177649e-03,2.625791514761e-03,2.603782383079e-03,2.581914096507e-03,2.561828784365e-03,2.541598312622e-03,2.525315566068e-03,2.509595599960e-03,2.493810400398e-03,2.480601814077e-03,2.467642001251e-03,2.454930961919e-03,2.446022488176e-03,1.863028275020e-03
246.600000,2.686808546552e-03,2.660226775977e-03,2.810991986210e-03,2.782048546731e-03,2.752592677318e-03,2.727494768807e-03,2.708467398661e-03,2.668388142397e-03,2.684834032914e-03,2.707000553791e-03,2.679471516514e-03,2.651381080089e-03,2.625073012631e-03,2.603078575598e-03,2.581224918994e-03,2.561153507123e-03,2.540936988069e-03,2.524665462871e-03,2.508955336826e-03,2.493181129335e-03,2.479981369420e-03,2.467030268358e-03,2.454327826140e-03,2.445425270604e-03,1.862688986300e-03
247.100000,2.686159567613e-03,2.659474215455e-03,2.810156275041e-03,2.781229434902e-03,2.751790270731e-03,2.726706105961e-03,2.707689625755e-03,2.667631935351e-03,2.684080274714e-03,2.706232654365e-03,2.678721564418e-03,2.650650445825e-03,2.624359841339e-03,2.602379988350e-03,2.580540851574e-03,2.560483235163e-03,2.540280563598e-03,2.524020175162e-03,2.508319815366e-03,2.492556517026e-03,2.479365517082e-03,2.466423062177e-03,2.453729152329e-03,2.444832470454e-03,1.862352216680e-03
247.600000,2.685515355019e-03,2.658727247247e-03,2.809326773605e-03,2.780416409249e-03,2.750993826054e-03,2.725923303045e-03,2.706917631732e-03,2.666881347305e-03,2.683332111736e-03,2.705470455451e-03,2.677977177950e-03,2.649925231624e-03,2.623651958750e-03,2.601686580114e-03,2.579861853948e-03,2.559817929042e-03,2.539629000630e-03,2.523379665057e-03,2.507688998296e-03,2.491936526873e-03,2.478754221002e-03,2.465820347212e-03,2.453134905503e-03,2.444244053125e-03,1.862017946730e-03
248.100000,2.684875871852e-03,2.657985827158e-03,2.808503432746e-03,2.779609421649e-03,2.750203296125e-03,2.725146313729e-03,2.706151370914e-03,2.666136333855e-03,2.682589499830e-03,2.704713912074e-03,2.677238313229e-03,2.649205394794e-03,2.622949323257e-03,2.600998310180e-03,2.579187886280e-03,2.559157549785e-03,2.538982261055e-03,2.522743895127e-03,2.507062848794e-03,2.491321122750e-03,2.478147445598e-03,2.465222088393e-03,2.452545051135e-03,2.443659984444e-03,1.861686157210e-03
248.600000,2.684241081671e-03,2.657249911605e-03,2.807686203990e-03,2.778808424573e-03,2.749418634448e-03,2.724375092298e-03,2.705390798230e-03,2.665396851198e-03,2.681852395441e-03,2.703962979831e-03,2.676504926961e-03,2.648490893224e-03,2.622251893785e-03,2.600315138367e-03,2.578518909299e-03,2.558502058944e-03,2.538340307256e-03,2.522112828458e-03,2.506441330522e-03,2.490710268955e-03,2.477545155717e-03,2.464628251100e-03,2.451959555093e-03,2.443080230643e-03,1.861356829150e-03
249.100000,2.683610948467e-03,2.656519763627e-03,2.806875384170e-03,2.778013706935e-03,2.748640121967e-03,2.723609914583e-03,2.704636184199e-03,2.664663162184e-03,2.681121034918e-03,2.703217897218e-03,2.675777240873e-03,2.647781929000e-03,2.621559855659e-03,2.599637236002e-03,2.577855080315e-03,2.557851599830e-03,2.537703268525e-03,2.521486583096e-03,2.505824553205e-03,2.490104063988e-03,2.476947441456e-03,2.464038917026e-03,2.451378490716e-03,2.442504859454e-03,1.861029943790e-03
249.600000,2.682985436723e-03,2.655795796235e-03,2.806071439005e-03,2.777225722125e-03,2.747868199789e-03,2.722851213618e-03,2.703887953638e-03,2.663935679609e-03,2.680395791492e-03,2.702479041070e-03,2.675055606344e-03,2.647078823677e-03,2.620873504929e-03,2.598964877897e-03,2.577196652910e-03,2.557206404709e-03,2.537071355843e-03,2.520865353009e-03,2.505212698107e-03,2.489502672098e-03,2.476354454296e-03,2.463454224917e-03,2.450801983941e-03,2.441933988340e-03,1.860705482660e-03
250.100000,2.682364511449e-03,2.655077967944e-03,2.805274322350e-03,2.776444424950e-03,2.747102823665e-03,2.722098945898e-03,2.703146063661e-03,2.663214361798e-03,2.679676623697e-03,2.701746369113e-03,2.674339982098e-03,2.646381537126e-03,2.620192802451e-03,2.598298025735e-03,2.576543589582e-03,2.556566436882e-03,2.536444533308e-03,2.520249102935e-03,2.504605730519e-03,2.488906059163e-03,2.475766160660e-03,2.462874141662e-03,2.450230002179e-03,2.441367585018e-03,1.860383427510e-03
250.600000,2.681748161177e-03,2.654366252962e-03,2.804484005233e-03,2.775669787122e-03,2.746343965973e-03,2.721353084347e-03,2.702410487651e-03,2.662499182886e-03,2.678963506791e-03,2.701019856212e-03,2.673630344089e-03,2.645690046459e-03,2.619517726418e-03,2.597636658590e-03,2.575895870293e-03,2.555931677165e-03,2.535822782591e-03,2.519637815233e-03,2.504003633361e-03,2.488314208818e-03,2.475182544674e-03,2.462298651933e-03,2.449662530614e-03,2.440805635047e-03,1.860063772830e-03
251.100000,2.681137874923e-03,2.653661899244e-03,2.803701859714e-03,2.774903157751e-03,2.745592952660e-03,2.720614933724e-03,2.701682515451e-03,2.661791398859e-03,2.678257732376e-03,2.700300820890e-03,2.672927998726e-03,2.645005647563e-03,2.618849561650e-03,2.596982052020e-03,2.575254761471e-03,2.555303384460e-03,2.535207354939e-03,2.519032734888e-03,2.503407643828e-03,2.487728352510e-03,2.474604832208e-03,2.461728976267e-03,2.449100784689e-03,2.440249350079e-03,1.859747323220e-03
251.600000,2.680534530349e-03,2.652965635996e-03,2.802928687221e-03,2.774145324954e-03,2.744850558428e-03,2.719885256356e-03,2.700962900759e-03,2.661091743653e-03,2.677560055930e-03,2.699590034423e-03,2.672233710532e-03,2.644329099171e-03,2.618189060769e-03,2.596334953514e-03,2.574621005537e-03,2.554682297068e-03,2.534598984480e-03,2.518434592615e-03,2.502818488226e-03,2.487149213401e-03,2.474033743334e-03,2.461165831776e-03,2.448545478736e-03,2.439699442325e-03,1.859434553310e-03
252.100000,2.679938083980e-03,2.652277410675e-03,2.802164429283e-03,2.773396231478e-03,2.744116727204e-03,2.719163997142e-03,2.700251589262e-03,2.660400164480e-03,2.676870425016e-03,2.698887443350e-03,2.671547427384e-03,2.643660350600e-03,2.617536174396e-03,2.595695314762e-03,2.573994555281e-03,2.554068368791e-03,2.533997626033e-03,2.517843344073e-03,2.502236122934e-03,2.486576748685e-03,2.473469235892e-03,2.460609176960e-03,2.447996571888e-03,2.439155871335e-03,1.859125440460e-03
252.600000,2.679348492621e-03,2.651597171110e-03,2.801409027860e-03,2.772655820445e-03,2.743391403279e-03,2.718451101389e-03,2.699548527018e-03,2.659716608921e-03,2.676188787561e-03,2.698192994576e-03,2.670869097523e-03,2.642999351517e-03,2.616890853476e-03,2.595063087795e-03,2.573375363786e-03,2.553461553752e-03,2.533403234751e-03,2.517258945208e-03,2.501660504638e-03,2.486010915858e-03,2.472911268035e-03,2.460058970590e-03,2.447454023532e-03,2.438618596963e-03,1.858819962120e-03
253.100000,2.678765713349e-03,2.650924865502e-03,2.800662425325e-03,2.771924035408e-03,2.742674531415e-03,2.717746514781e-03,2.698853660497e-03,2.659041024946e-03,2.675515091832e-03,2.697506635419e-03,2.670198669554e-03,2.642346051950e-03,2.616253049323e-03,2.594438224977e-03,2.572763384487e-03,2.552861806397e-03,2.532815766081e-03,2.516681352316e-03,2.501091590304e-03,2.485451672691e-03,2.472359798164e-03,2.459515171717e-03,2.446917793340e-03,2.438087579309e-03,1.858518095920e-03
253.600000,2.678189703543e-03,2.650260442419e-03,2.799924564456e-03,2.771200820299e-03,2.741966056707e-03,2.717050183352e-03,2.698166936518e-03,2.658373360866e-03,2.674849286496e-03,2.696828313531e-03,2.669536092433e-03,2.641700402255e-03,2.615622713553e-03,2.593820678998e-03,2.572158571124e-03,2.552269081453e-03,2.532235175785e-03,2.516110521958e-03,2.500529337202e-03,2.484898977252e-03,2.471814784985e-03,2.458977739662e-03,2.446387841275e-03,2.437562778728e-03,1.858219819610e-03
254.100000,2.677620420821e-03,2.649603850792e-03,2.799195388439e-03,2.770486119464e-03,2.741265924652e-03,2.716362053592e-03,2.697488302287e-03,2.657713565373e-03,2.674191320547e-03,2.696157976950e-03,2.668881315469e-03,2.641062353164e-03,2.614999798140e-03,2.593210402872e-03,2.571560877756e-03,2.551683333996e-03,2.531661419925e-03,2.515546410988e-03,2.499973702887e-03,2.484352787885e-03,2.471276187469e-03,2.458446634016e-03,2.445864127524e-03,2.437044155858e-03,1.857925111080e-03
254.600000,2.677057823114e-03,2.648955039909e-03,2.798474840861e-03,2.769779877637e-03,2.740574081141e-03,2.715682072293e-03,2.696817705377e-03,2.657061587506e-03,2.673541143372e-03,2.695495574060e-03,2.668234288356e-03,2.640431855717e-03,2.614384255395e-03,2.592607349948e-03,2.570970258756e-03,2.551104519377e-03,2.531094454847e-03,2.514988976562e-03,2.499424645215e-03,2.483813063226e-03,2.470743964868e-03,2.457921814650e-03,2.445346612579e-03,2.436531671602e-03,1.857633948370e-03
255.100000,2.676501868602e-03,2.648313959420e-03,2.797762865724e-03,2.769082039945e-03,2.739890472435e-03,2.715010186677e-03,2.696155093732e-03,2.656417376697e-03,2.672898704675e-03,2.694841053637e-03,2.667594961108e-03,2.639808861324e-03,2.613776037938e-03,2.592011473884e-03,2.570386668822e-03,2.550532593283e-03,2.530534237209e-03,2.514438176129e-03,2.498882122310e-03,2.483279762162e-03,2.470218076705e-03,2.457403241714e-03,2.444835257190e-03,2.436025287113e-03,1.857346309630e-03
255.600000,2.675952515743e-03,2.647680559314e-03,2.797059407387e-03,2.768392551890e-03,2.739215045186e-03,2.714346344310e-03,2.695500415687e-03,2.655780882688e-03,2.672263954548e-03,2.694194364784e-03,2.666963284093e-03,2.639193321709e-03,2.613175098736e-03,2.591422728666e-03,2.569810062959e-03,2.549967511678e-03,2.529980723976e-03,2.513893967428e-03,2.498346092593e-03,2.482752843893e-03,2.469698482786e-03,2.456890875606e-03,2.444330022348e-03,2.435524963821e-03,1.857062173180e-03
256.100000,2.675409723277e-03,2.647054789954e-03,2.796364410649e-03,2.767711359379e-03,2.738547746421e-03,2.713690493132e-03,2.694853619888e-03,2.655152055600e-03,2.671636843387e-03,2.693555456985e-03,2.666339208039e-03,2.638585188955e-03,2.612581391078e-03,2.590841068593e-03,2.569240396468e-03,2.549409230844e-03,2.529433872374e-03,2.513356308476e-03,2.497816514739e-03,2.482232267870e-03,2.469185143177e-03,2.456384676989e-03,2.443830869323e-03,2.435030663376e-03,1.856781517440e-03
256.600000,2.674873450180e-03,2.646436602028e-03,2.795677820665e-03,2.767038408695e-03,2.737888523535e-03,2.713042581465e-03,2.694214655401e-03,2.654530845903e-03,2.671017321984e-03,2.692924280054e-03,2.665722684010e-03,2.637984415454e-03,2.611994868565e-03,2.590266448281e-03,2.568677624970e-03,2.548857707353e-03,2.528893639943e-03,2.512825157586e-03,2.497293347740e-03,2.481717993830e-03,2.468678018213e-03,2.455884606812e-03,2.443337759644e-03,2.434542347727e-03,1.856504321000e-03
257.100000,2.674343655729e-03,2.645825946590e-03,2.794999582998e-03,2.766373646491e-03,2.737237324282e-03,2.712402557966e-03,2.693583471617e-03,2.653917204419e-03,2.670405341440e-03,2.692300784180e-03,2.665113663396e-03,2.637390953942e-03,2.611415485134e-03,2.589698822655e-03,2.568121704395e-03,2.548312898071e-03,2.528359984506e-03,2.512300473331e-03,2.496776550847e-03,2.481209981777e-03,2.468177068492e-03,2.455390626256e-03,2.442850655084e-03,2.434059979050e-03,1.856230562560e-03
257.600000,2.673820299438e-03,2.645222775024e-03,2.794329643597e-03,2.765717019803e-03,2.736594096822e-03,2.711770371667e-03,2.692960018275e-03,2.653311082284e-03,2.669800853206e-03,2.691684919867e-03,2.664512097951e-03,2.636804757474e-03,2.610843195021e-03,2.589138146952e-03,2.567572590953e-03,2.547774760168e-03,2.527832864179e-03,2.511782214601e-03,2.496266083575e-03,2.480708191984e-03,2.467682254895e-03,2.454902696796e-03,2.442369517684e-03,2.433583519779e-03,1.855960220940e-03
258.100000,2.673303341097e-03,2.644627039064e-03,2.793667948772e-03,2.765068476041e-03,2.735958789645e-03,2.711145971982e-03,2.692344245487e-03,2.652712431028e-03,2.669203809077e-03,2.691076638011e-03,2.663917939735e-03,2.636225779441e-03,2.610277952785e-03,2.588584376719e-03,2.567030241176e-03,2.547243251099e-03,2.527312237349e-03,2.511270340538e-03,2.495761905747e-03,2.480212584977e-03,2.467193538534e-03,2.454420780120e-03,2.441894309740e-03,2.433112932604e-03,1.855693275140e-03
258.600000,2.672792740766e-03,2.644038690772e-03,2.793014445216e-03,2.764427962983e-03,2.735331351590e-03,2.710529308634e-03,2.691736103705e-03,2.652121202467e-03,2.668614161179e-03,2.690475889801e-03,2.663331141175e-03,2.635653973541e-03,2.609719713315e-03,2.588037467800e-03,2.566494611877e-03,2.546718328616e-03,2.526798062700e-03,2.510764810547e-03,2.495263977414e-03,2.479723121573e-03,2.466710880816e-03,2.453944838219e-03,2.441424993774e-03,2.432648180457e-03,1.855429704240e-03
259.100000,2.672288458730e-03,2.643457682551e-03,2.792369080013e-03,2.763795428762e-03,2.734711731907e-03,2.709920331726e-03,2.691135543733e-03,2.651537348788e-03,2.668031861964e-03,2.689882626802e-03,2.662751655006e-03,2.635089293812e-03,2.609168431784e-03,2.587497376350e-03,2.565965660180e-03,2.546199950740e-03,2.526290299182e-03,2.510265584358e-03,2.494772258919e-03,2.479239762845e-03,2.466234243394e-03,2.453474833313e-03,2.440961532602e-03,2.432189226517e-03,1.855169487470e-03
259.600000,2.671790455561e-03,2.642883967137e-03,2.791731800614e-03,2.763170821896e-03,2.734099880161e-03,2.709318991721e-03,2.690542516711e-03,2.650960822505e-03,2.667456864232e-03,2.689296800900e-03,2.662179434275e-03,2.634531694584e-03,2.608624063692e-03,2.586964058823e-03,2.565443343491e-03,2.545688075810e-03,2.525788906026e-03,2.509772621917e-03,2.494286710882e-03,2.478762470112e-03,2.465763588148e-03,2.453010727863e-03,2.440503889249e-03,2.431736034204e-03,1.854912604190e-03
260.100000,2.671298692078e-03,2.642317497601e-03,2.791102554827e-03,2.762554091250e-03,2.733495746270e-03,2.708725239399e-03,2.689956974137e-03,2.650391576457e-03,2.666889121090e-03,2.688718364305e-03,2.661614432401e-03,2.633981130526e-03,2.608086564832e-03,2.586437471968e-03,2.564927619499e-03,2.545182662415e-03,2.525293842748e-03,2.509285883473e-03,2.493807294158e-03,2.478291204968e-03,2.465298877264e-03,2.452552484607e-03,2.440052026989e-03,2.431288567188e-03,1.854659033890e-03
260.600000,2.670813129343e-03,2.641758227320e-03,2.790481290835e-03,2.761945186060e-03,2.732899280526e-03,2.708139025909e-03,2.689378867824e-03,2.649829563816e-03,2.666328585981e-03,2.688147269580e-03,2.661056603090e-03,2.633437556605e-03,2.607555891301e-03,2.585917572828e-03,2.564418446206e-03,2.544683669441e-03,2.524805069146e-03,2.508805329533e-03,2.493333969905e-03,2.477825929259e-03,2.464840073144e-03,2.452100066510e-03,2.439605909366e-03,2.430846789379e-03,1.854408756180e-03
261.100000,2.670333728698e-03,2.641206110019e-03,2.789867957187e-03,2.761344055910e-03,2.732310433558e-03,2.707560302727e-03,2.688808149935e-03,2.649274738081e-03,2.665775212679e-03,2.687583469614e-03,2.660505900363e-03,2.632900928104e-03,2.607031999516e-03,2.585404318748e-03,2.563915781875e-03,2.544191056057e-03,2.524322545255e-03,2.508330920873e-03,2.492866699499e-03,2.477366605084e-03,2.464387138463e-03,2.451653436806e-03,2.439165500142e-03,2.430410664923e-03,1.854161750810e-03
261.600000,2.669860451685e-03,2.640661099746e-03,2.789262502791e-03,2.760750650730e-03,2.731729156344e-03,2.706989021678e-03,2.688244772979e-03,2.648727053079e-03,2.665228955257e-03,2.687026917616e-03,2.659962278580e-03,2.632371200603e-03,2.606514846171e-03,2.584897667358e-03,2.563419585069e-03,2.543704781697e-03,2.523846231411e-03,2.507862618542e-03,2.492405444622e-03,2.476913194807e-03,2.463940036115e-03,2.451212558962e-03,2.438730763336e-03,2.429980158202e-03,1.853917997650e-03
262.100000,2.669393260154e-03,2.640123150839e-03,2.788664876908e-03,2.760164920805e-03,2.731155400182e-03,2.706425134901e-03,2.687688689769e-03,2.648186462943e-03,2.664689768124e-03,2.686477567109e-03,2.659425692417e-03,2.631848330002e-03,2.606004388258e-03,2.584397576579e-03,2.562929814626e-03,2.543224806082e-03,2.523376088211e-03,2.507400383824e-03,2.491950167161e-03,2.476465661032e-03,2.463498729289e-03,2.450777396674e-03,2.438301663180e-03,2.429555233852e-03,1.853677476670e-03
262.600000,2.668932116146e-03,2.639592217991e-03,2.788075029157e-03,2.759586816770e-03,2.730589116736e-03,2.705868594909e-03,2.687139853469e-03,2.647652922136e-03,2.664157606001e-03,2.685935371960e-03,2.658896096846e-03,2.631332272501e-03,2.605500583087e-03,2.583904004619e-03,2.562446429669e-03,2.542751089211e-03,2.522912076523e-03,2.506944178295e-03,2.491500829312e-03,2.476023966610e-03,2.463063181377e-03,2.450347913892e-03,2.437878164184e-03,2.429135856707e-03,1.853440168010e-03
263.100000,2.668476981989e-03,2.639068256195e-03,2.787492909503e-03,2.759016289613e-03,2.730030258004e-03,2.705319354506e-03,2.686598217550e-03,2.647126385440e-03,2.663632423915e-03,2.685400286330e-03,2.658373447155e-03,2.630822984596e-03,2.605003388232e-03,2.583416909973e-03,2.561969389588e-03,2.542283591316e-03,2.522454157458e-03,2.506493963774e-03,2.491057393479e-03,2.475588074658e-03,2.462633356027e-03,2.449924074827e-03,2.437460231049e-03,2.428721991869e-03,1.853206051890e-03
263.600000,2.668027820225e-03,2.638551220736e-03,2.786918468283e-03,2.758453290653e-03,2.729478776302e-03,2.704777366844e-03,2.686063735821e-03,2.646606807950e-03,2.663114177211e-03,2.684872264732e-03,2.657857698941e-03,2.630320423085e-03,2.604512761566e-03,2.582936251413e-03,2.561498654053e-03,2.541822272952e-03,2.522002292406e-03,2.506049702342e-03,2.490619822344e-03,2.475157948533e-03,2.462209217140e-03,2.449505843886e-03,2.437047828747e-03,2.428313604656e-03,1.852975108690e-03
264.100000,2.667584593655e-03,2.638041067244e-03,2.786351656141e-03,2.757897771531e-03,2.728934624284e-03,2.704242585389e-03,2.685536362403e-03,2.646094145063e-03,2.662602821532e-03,2.684351261965e-03,2.657348808124e-03,2.629824545053e-03,2.604028661259e-03,2.582461987999e-03,2.561034183028e-03,2.541367094906e-03,2.521556443019e-03,2.505611356315e-03,2.490188078838e-03,2.474733551813e-03,2.461790728856e-03,2.449093185743e-03,2.436640922467e-03,2.427910660608e-03,1.852747318890e-03
264.600000,2.667147265317e-03,2.637537751635e-03,2.785792424120e-03,2.757349684270e-03,2.728397754953e-03,2.703714963955e-03,2.685016051751e-03,2.645588352499e-03,2.662098312829e-03,2.683837233136e-03,2.656846730894e-03,2.629335307896e-03,2.603551045755e-03,2.581994079067e-03,2.560575936715e-03,2.540918018227e-03,2.521116571202e-03,2.505178888285e-03,2.489762126137e-03,2.474314848351e-03,2.461377855547e-03,2.448686065295e-03,2.436239477614e-03,2.427513125511e-03,1.852522663080e-03
265.100000,2.666715798479e-03,2.637041230140e-03,2.785240723542e-03,2.756808981187e-03,2.727868121604e-03,2.703194456648e-03,2.684502758614e-03,2.645089386259e-03,2.661600607380e-03,2.683330133682e-03,2.656351423766e-03,2.628852669286e-03,2.603079873783e-03,2.581532484225e-03,2.560123875609e-03,2.540475004258e-03,2.520682639109e-03,2.504752261095e-03,2.489341927654e-03,2.473901802236e-03,2.460970561810e-03,2.448284447680e-03,2.435843459848e-03,2.427120965354e-03,1.852301122010e-03
265.600000,2.666290156641e-03,2.636551459277e-03,2.784696506121e-03,2.756275614946e-03,2.727345677903e-03,2.702681017918e-03,2.683996438076e-03,2.644597202690e-03,2.661109661732e-03,2.682829919333e-03,2.655862843545e-03,2.628376587197e-03,2.602615104369e-03,2.581077163363e-03,2.559677960461e-03,2.540038014563e-03,2.520254609167e-03,2.504331437830e-03,2.488927447048e-03,2.473494377777e-03,2.460568812496e-03,2.447888298256e-03,2.435452835039e-03,2.426734146386e-03,1.852082676510e-03
266.100000,2.665870303567e-03,2.636068395878e-03,2.784159723878e-03,2.755749538540e-03,2.726830377774e-03,2.702174602496e-03,2.683497045507e-03,2.644111758408e-03,2.660625432742e-03,2.682336546138e-03,2.655380947342e-03,2.627907019881e-03,2.602156696797e-03,2.580628076637e-03,2.559238152292e-03,2.539607011004e-03,2.519832444038e-03,2.503916381810e-03,2.488518648247e-03,2.473092539534e-03,2.460172572698e-03,2.447497582617e-03,2.435067569294e-03,2.426352635033e-03,1.851867307550e-03
266.600000,2.665456203230e-03,2.635591997075e-03,2.783630329164e-03,2.755230705279e-03,2.726322175527e-03,2.701675165454e-03,2.683004536605e-03,2.643633010339e-03,2.660147877576e-03,2.681849970435e-03,2.654905692549e-03,2.627443925880e-03,2.601704610633e-03,2.580185184476e-03,2.558804412392e-03,2.539181955670e-03,2.519416106646e-03,2.503507056629e-03,2.488115495385e-03,2.472696252303e-03,2.459781807709e-03,2.447112266580e-03,2.434687628923e-03,2.425976397971e-03,1.851654996210e-03
267.100000,2.665047819826e-03,2.635122220294e-03,2.783108274683e-03,2.754719068807e-03,2.725821025734e-03,2.701182662188e-03,2.682518867380e-03,2.643160915698e-03,2.659676953676e-03,2.681370148856e-03,2.654437036859e-03,2.626987264017e-03,2.601258805732e-03,2.579748447581e-03,2.558376702311e-03,2.538762810927e-03,2.519005560155e-03,2.503103426092e-03,2.487717952853e-03,2.472305481128e-03,2.459396483084e-03,2.446732316203e-03,2.434312980486e-03,2.425605402100e-03,1.851445723690e-03
267.600000,2.664645117809e-03,2.634659023252e-03,2.782593513458e-03,2.754214583103e-03,2.725326883315e-03,2.700697048352e-03,2.682039994113e-03,2.642695432015e-03,2.659212618779e-03,2.680897038363e-03,2.653974938241e-03,2.626536993397e-03,2.600819242200e-03,2.579317826911e-03,2.557954983845e-03,2.538349539369e-03,2.518600767980e-03,2.502705454271e-03,2.487325985285e-03,2.471920191246e-03,2.459016564583e-03,2.446357697744e-03,2.433943590751e-03,2.425239614514e-03,1.851239471310e-03
268.100000,2.664248061836e-03,2.634202363943e-03,2.782085998820e-03,2.753717202426e-03,2.724839703493e-03,2.700218279955e-03,2.681567873434e-03,2.642236517088e-03,2.658754830917e-03,2.680430596170e-03,2.653519354977e-03,2.626093073392e-03,2.600385880438e-03,2.578893283695e-03,2.557539219068e-03,2.537942103866e-03,2.518201693785e-03,2.502313105462e-03,2.486939557541e-03,2.471540348164e-03,2.458642018206e-03,2.445988377709e-03,2.433579426699e-03,2.424879002555e-03,1.851036220490e-03
268.600000,2.663856616814e-03,2.633752200689e-03,2.781585684449e-03,2.753226881378e-03,2.724359441806e-03,2.699746313299e-03,2.681102462223e-03,2.641784129020e-03,2.658303548414e-03,2.679970779819e-03,2.653070245607e-03,2.625655463677e-03,2.599958681090e-03,2.578474779425e-03,2.557129370289e-03,2.537540467533e-03,2.517808301466e-03,2.501926344227e-03,2.486558634709e-03,2.471165917601e-03,2.458272810179e-03,2.445624322812e-03,2.433220455532e-03,2.424523533748e-03,1.850835952800e-03
269.100000,2.663470747846e-03,2.633308492052e-03,2.781092524339e-03,2.752743574877e-03,2.723886054063e-03,2.699281104962e-03,2.680643717699e-03,2.641338226208e-03,2.657858729879e-03,2.679517547121e-03,2.652627568981e-03,2.625224124181e-03,2.599537605095e-03,2.578062275851e-03,2.556725400080e-03,2.537144593726e-03,2.517420555184e-03,2.501545135320e-03,2.486183182125e-03,2.470796865516e-03,2.457908906935e-03,2.445265499991e-03,2.432866644674e-03,2.424173175848e-03,1.850638649880e-03
269.600000,2.663090420300e-03,2.632871196924e-03,2.780606472779e-03,2.752267238142e-03,2.723419496449e-03,2.698822611850e-03,2.680191597344e-03,2.640898767317e-03,2.657420334195e-03,2.679070856189e-03,2.652191284202e-03,2.624799015109e-03,2.599122613627e-03,2.577655734982e-03,2.556327271283e-03,2.536754446040e-03,2.517038419309e-03,2.501169443776e-03,2.485813165337e-03,2.470433158069e-03,2.457550275160e-03,2.444911876397e-03,2.432517961752e-03,2.423827896826e-03,1.850444293520e-03
270.100000,2.662715599717e-03,2.632440274437e-03,2.780127484423e-03,2.751797826695e-03,2.722959725371e-03,2.698370791157e-03,2.679746058946e-03,2.640465711310e-03,2.656988320520e-03,2.678630665428e-03,2.651761350680e-03,2.624380096942e-03,2.598713668144e-03,2.577255119085e-03,2.555934946969e-03,2.536369988328e-03,2.516661858473e-03,2.500799234824e-03,2.485448550150e-03,2.470074761661e-03,2.457196881741e-03,2.444563419391e-03,2.432174374629e-03,2.423487664860e-03,1.850252865600e-03
270.600000,2.662346251903e-03,2.632015684033e-03,2.779655514182e-03,2.751335296396e-03,2.722506697595e-03,2.697925600362e-03,2.679307060605e-03,2.640039017431e-03,2.656562648315e-03,2.678196933510e-03,2.651337728068e-03,2.623967330431e-03,2.598310730359e-03,2.576860390677e-03,2.555548390447e-03,2.535991184686e-03,2.516290837537e-03,2.500434473952e-03,2.485089302573e-03,2.469721642927e-03,2.456848693766e-03,2.444220096581e-03,2.431835851361e-03,2.423152448327e-03,1.850064348120e-03
271.100000,2.661982342868e-03,2.631597385427e-03,2.779190517315e-03,2.750879603375e-03,2.722060370149e-03,2.697486997241e-03,2.678874560661e-03,2.639618645192e-03,2.656143277292e-03,2.677769619391e-03,2.650920376330e-03,2.623560676569e-03,2.597913762252e-03,2.576471512534e-03,2.555167565303e-03,2.535617999442e-03,2.515925321589e-03,2.500075126862e-03,2.484735388839e-03,2.469373768699e-03,2.456505678577e-03,2.443881875755e-03,2.431502360219e-03,2.422822215818e-03,1.849878723190e-03
271.600000,2.661623838820e-03,2.631185338594e-03,2.778732449381e-03,2.750430704089e-03,2.721620700383e-03,2.697054939882e-03,2.678448517778e-03,2.639204554405e-03,2.655730167471e-03,2.677348682328e-03,2.650509255683e-03,2.623160096652e-03,2.597522726037e-03,2.576088447679e-03,2.554792435354e-03,2.535250397168e-03,2.515565275964e-03,2.499721159501e-03,2.484386775432e-03,2.469031106049e-03,2.456167803708e-03,2.443548724918e-03,2.431173869668e-03,2.422496936134e-03,1.849695973050e-03
272.100000,2.661270706206e-03,2.630779503804e-03,2.778281266237e-03,2.749988555259e-03,2.721187645930e-03,2.696629386624e-03,2.678028890885e-03,2.638796705127e-03,2.655323279094e-03,2.676934081837e-03,2.650104326612e-03,2.622765552212e-03,2.597137584216e-03,2.575711159387e-03,2.554422964655e-03,2.534888342677e-03,2.515210666215e-03,2.499372538027e-03,2.484043429020e-03,2.468693622253e-03,2.455835036926e-03,2.443220612304e-03,2.430850348397e-03,2.422176578282e-03,1.849516080020e-03
272.600000,2.660922911692e-03,2.630379841588e-03,2.777836924060e-03,2.749553113948e-03,2.720761164702e-03,2.696210296116e-03,2.677615639209e-03,2.638395057711e-03,2.654922572731e-03,2.676525777701e-03,2.649705549887e-03,2.622377005049e-03,2.596758299505e-03,2.575339611174e-03,2.554059117497e-03,2.534531800998e-03,2.514861458135e-03,2.499029228824e-03,2.483705316531e-03,2.468361284801e-03,2.455507346185e-03,2.442897506352e-03,2.430531765306e-03,2.421861111466e-03,1.849339026540e-03
273.100000,2.660580422148e-03,2.629986312743e-03,2.777399379307e-03,2.749124337481e-03,2.720341214912e-03,2.695797627279e-03,2.677208722235e-03,2.637999572780e-03,2.654528009175e-03,2.676123730021e-03,2.649312886511e-03,2.621994417210e-03,2.596384834909e-03,2.574973766811e-03,2.553700858441e-03,2.534180737417e-03,2.514517617736e-03,2.498691198505e-03,2.483372405080e-03,2.468034061413e-03,2.455184699660e-03,2.442579375684e-03,2.430218089485e-03,2.421550505091e-03,1.849164795160e-03
273.600000,2.660243204642e-03,2.629598878354e-03,2.776968588743e-03,2.748702183492e-03,2.719927755072e-03,2.695391339334e-03,2.676808099738e-03,2.637610211207e-03,2.654139549508e-03,2.675727899111e-03,2.648926297807e-03,2.621617751037e-03,2.596017153662e-03,2.574613590303e-03,2.553348152244e-03,2.533835117436e-03,2.514179111258e-03,2.498358413908e-03,2.483044662021e-03,2.467711920012e-03,2.454867065747e-03,2.442266189151e-03,2.429909290235e-03,2.421244728768e-03,1.848993368550e-03
274.100000,2.659911226480e-03,2.629217499741e-03,2.776544509456e-03,2.748286609896e-03,2.719520743942e-03,2.694991391755e-03,2.676413731780e-03,2.637226934161e-03,2.653757155072e-03,2.675338245590e-03,2.648545745294e-03,2.621246969077e-03,2.595655219241e-03,2.574259045903e-03,2.553000963926e-03,2.533494906800e-03,2.513845905181e-03,2.498030842080e-03,2.482722054911e-03,2.467394828731e-03,2.454554413044e-03,2.441957915808e-03,2.429605337042e-03,2.420943752292e-03,1.848824729480e-03
274.600000,2.659584455161e-03,2.628842138512e-03,2.776127098776e-03,2.747877574921e-03,2.719120140580e-03,2.694597744316e-03,2.676025578663e-03,2.636849703048e-03,2.653380787476e-03,2.674954730351e-03,2.648171190818e-03,2.620882034153e-03,2.595298995393e-03,2.573910098100e-03,2.552659258731e-03,2.533160071479e-03,2.513517966182e-03,2.497708450288e-03,2.482404551531e-03,2.467082755935e-03,2.454246710344e-03,2.441654524907e-03,2.429306199623e-03,2.420647545688e-03,1.848658860800e-03
275.100000,2.659262858392e-03,2.628472756532e-03,2.775716314373e-03,2.747475037035e-03,2.718725904356e-03,2.694210357044e-03,2.675643600990e-03,2.636478479557e-03,2.653010408588e-03,2.674577314536e-03,2.647802596425e-03,2.620522909348e-03,2.594948446077e-03,2.573566711626e-03,2.552323002143e-03,2.532830577665e-03,2.513195261179e-03,2.497391206035e-03,2.482092119869e-03,2.466775670162e-03,2.453943926676e-03,2.441355985905e-03,2.429011847858e-03,2.420356079135e-03,1.848495745510e-03
275.600000,2.658946404087e-03,2.628109315924e-03,2.775312114179e-03,2.747078955036e-03,2.718337994882e-03,2.693829190257e-03,2.675267759624e-03,2.636113225631e-03,2.652645980517e-03,2.674205959537e-03,2.647439924465e-03,2.620169557976e-03,2.594603535528e-03,2.573228851443e-03,2.551992159862e-03,2.532506391772e-03,2.512877757302e-03,2.497079077014e-03,2.481784728132e-03,2.466473540169e-03,2.453646031228e-03,2.441062268462e-03,2.428722251848e-03,2.420069323047e-03,1.848335366690e-03
276.100000,2.658635060381e-03,2.627751779050e-03,2.774914456431e-03,2.746689287983e-03,2.717956372057e-03,2.693454204535e-03,2.674898015693e-03,2.635753903467e-03,2.652287465654e-03,2.673840627054e-03,2.647083137505e-03,2.619821943618e-03,2.594264228200e-03,2.572896482755e-03,2.551666697845e-03,2.532187480436e-03,2.512565421898e-03,2.496772031146e-03,2.481482344732e-03,2.466176334946e-03,2.453352993439e-03,2.440773342414e-03,2.428437381876e-03,2.419787247993e-03,1.848177707530e-03
276.600000,2.658328795577e-03,2.627400108578e-03,2.774523299648e-03,2.746305995218e-03,2.717580996041e-03,2.693085360734e-03,2.674534330574e-03,2.635400475524e-03,2.651934826622e-03,2.673481279000e-03,2.646732198390e-03,2.619480030076e-03,2.593930488775e-03,2.572569570991e-03,2.551346582253e-03,2.531873810549e-03,2.512258222540e-03,2.496470036558e-03,2.481184938276e-03,2.465884023659e-03,2.453064782907e-03,2.440489177831e-03,2.428157208444e-03,2.419509824768e-03,1.848022751320e-03
277.100000,2.658027578222e-03,2.627054267367e-03,2.774138602607e-03,2.745929036350e-03,2.717211827280e-03,2.692722619970e-03,2.674176665940e-03,2.635052904519e-03,2.651588026329e-03,2.673127877564e-03,2.646387070201e-03,2.619143781412e-03,2.593602282202e-03,2.572248081820e-03,2.551031779463e-03,2.531565349168e-03,2.511956127000e-03,2.496173061594e-03,2.480892477610e-03,2.465596575666e-03,2.452781369452e-03,2.440209744958e-03,2.427881702205e-03,2.419237024341e-03,1.847870481460e-03
277.600000,2.657731377047e-03,2.626714218569e-03,2.773760324412e-03,2.745558371274e-03,2.716848826497e-03,2.692365943620e-03,2.673824983703e-03,2.634711153411e-03,2.651247027893e-03,2.672780385201e-03,2.646047716284e-03,2.618813161930e-03,2.593279573642e-03,2.571931981131e-03,2.550722256112e-03,2.531262063614e-03,2.511659103283e-03,2.495881074803e-03,2.480604931760e-03,2.465313960572e-03,2.452502723082e-03,2.439935014236e-03,2.427610834036e-03,2.418968817863e-03,1.847720881440e-03
278.100000,2.657440160957e-03,2.626379925584e-03,2.773388424423e-03,2.745193960167e-03,2.716491954652e-03,2.692015293340e-03,2.673479246035e-03,2.634375185437e-03,2.650911794718e-03,2.672438764600e-03,2.645714100214e-03,2.618488136170e-03,2.592962328505e-03,2.571621235051e-03,2.550417979024e-03,2.530963921399e-03,2.511367119578e-03,2.495594044940e-03,2.480322269953e-03,2.465036148137e-03,2.452228814016e-03,2.439664956308e-03,2.427344575008e-03,2.418705176694e-03,1.847573934870e-03
278.600000,2.657153899103e-03,2.626051352041e-03,2.773022862254e-03,2.744835763460e-03,2.716141173009e-03,2.691670631024e-03,2.673139415363e-03,2.634044964052e-03,2.650582290435e-03,2.672102978719e-03,2.645386185836e-03,2.618168668903e-03,2.592650512417e-03,2.571315809924e-03,2.550118915264e-03,2.530670890267e-03,2.511080144322e-03,2.495311940967e-03,2.480044461644e-03,2.464763108334e-03,2.451959612649e-03,2.439399541983e-03,2.427082896352e-03,2.418446072357e-03,1.847429625460e-03
279.100000,2.656872560785e-03,2.625728461838e-03,2.772663597841e-03,2.744483741860e-03,2.715796443059e-03,2.691331918845e-03,2.672805454388e-03,2.633720452966e-03,2.650258478914e-03,2.671772990765e-03,2.645063937205e-03,2.617854725151e-03,2.592344091242e-03,2.571015672324e-03,2.549825032109e-03,2.530382938160e-03,2.510798146137e-03,2.495034732049e-03,2.479771476459e-03,2.464494811356e-03,2.451695089584e-03,2.439138742299e-03,2.426825769510e-03,2.418191476575e-03,1.847287937000e-03
279.600000,2.656596115549e-03,2.625411219094e-03,2.772310591346e-03,2.744137856352e-03,2.715457726591e-03,2.690999119226e-03,2.672477326039e-03,2.633401616156e-03,2.649940324288e-03,2.671448764175e-03,2.644747318639e-03,2.617546270160e-03,2.592043031080e-03,2.570720789047e-03,2.549536297056e-03,2.530100033259e-03,2.510521093840e-03,2.494762387575e-03,2.479503284256e-03,2.464231227545e-03,2.451435215619e-03,2.438882528466e-03,2.426573166098e-03,2.417941361261e-03,1.847148853390e-03
280.100000,2.656324533074e-03,2.625099588189e-03,2.771963803252e-03,2.743798068161e-03,2.715124985613e-03,2.690672194828e-03,2.672154993511e-03,2.633088417814e-03,2.649627790931e-03,2.671130262654e-03,2.644436294706e-03,2.617243269407e-03,2.591747298242e-03,2.570431127112e-03,2.549252677822e-03,2.529822143916e-03,2.510248956490e-03,2.494494877102e-03,2.479239855061e-03,2.463972327484e-03,2.451179961728e-03,2.438630871875e-03,2.426325057922e-03,2.417695698486e-03,1.847012358650e-03
280.600000,2.656057783302e-03,2.624793533737e-03,2.771623194257e-03,2.743464338807e-03,2.714798182432e-03,2.690351108593e-03,2.671838420240e-03,2.632780822394e-03,2.649320843425e-03,2.670817450136e-03,2.644130830186e-03,2.616945688618e-03,2.591456859273e-03,2.570146653750e-03,2.548974142325e-03,2.529549238726e-03,2.509981703311e-03,2.494232170410e-03,2.478981159112e-03,2.463718081926e-03,2.450929299076e-03,2.438383744101e-03,2.426081416966e-03,2.417454460529e-03,1.846878436870e-03
281.100000,2.655795836305e-03,2.624493020592e-03,2.771288725374e-03,2.743136630037e-03,2.714477279575e-03,2.690035823705e-03,2.671527569914e-03,2.632478794576e-03,2.649019446643e-03,2.670510290811e-03,2.643830890113e-03,2.616653493726e-03,2.591171680932e-03,2.569867336421e-03,2.548700658710e-03,2.529281286492e-03,2.509719303767e-03,2.493974237460e-03,2.478727166851e-03,2.463468461802e-03,2.450683199050e-03,2.438141116919e-03,2.425842215417e-03,2.417217619833e-03,1.846747072260e-03
281.600000,2.655538662377e-03,2.624198013854e-03,2.770960357845e-03,2.742814903882e-03,2.714162239841e-03,2.689726303588e-03,2.671222406475e-03,2.632182299297e-03,2.648723565643e-03,2.670208749104e-03,2.643536439757e-03,2.616366650914e-03,2.590891730228e-03,2.569593142792e-03,2.548432195331e-03,2.529018256189e-03,2.509461727492e-03,2.493721048438e-03,2.478477848886e-03,2.463223438265e-03,2.450441633169e-03,2.437902962285e-03,2.425607425613e-03,2.416985149040e-03,1.846618249110e-03
282.100000,2.655286231988e-03,2.623908478824e-03,2.770638053193e-03,2.742499122621e-03,2.713853026300e-03,2.689422511915e-03,2.670922894089e-03,2.631891301718e-03,2.648433165742e-03,2.669912789676e-03,2.643247444604e-03,2.616085126561e-03,2.590616974346e-03,2.569324040751e-03,2.548168720738e-03,2.528760117032e-03,2.509208944350e-03,2.493472573714e-03,2.478233176043e-03,2.462982982644e-03,2.450204573172e-03,2.437669252328e-03,2.425377020091e-03,2.416757020932e-03,1.846491951810e-03
282.600000,2.655038515825e-03,2.623624381084e-03,2.770321773203e-03,2.742189248802e-03,2.713549602217e-03,2.689124412614e-03,2.670628997185e-03,2.631605767220e-03,2.648148212496e-03,2.669622377439e-03,2.642963870391e-03,2.615808887292e-03,2.590347380727e-03,2.569059998397e-03,2.547910203713e-03,2.528506838427e-03,2.508960924364e-03,2.493228783829e-03,2.477993119338e-03,2.462747066438e-03,2.449971990992e-03,2.437439959370e-03,2.425150971569e-03,2.416533208499e-03,1.846368164860e-03
283.100000,2.654795484719e-03,2.623345686425e-03,2.770011479906e-03,2.741885245206e-03,2.713251931149e-03,2.688831969842e-03,2.670340680411e-03,2.631325661452e-03,2.647868671675e-03,2.669337477506e-03,2.642685683071e-03,2.615537899965e-03,2.590082917008e-03,2.568800984040e-03,2.547656613217e-03,2.528258389987e-03,2.508717637805e-03,2.492989649543e-03,2.477757649962e-03,2.462515661352e-03,2.449743858719e-03,2.437215055903e-03,2.424929252912e-03,2.416313684909e-03,1.846246872840e-03
283.600000,2.654557109709e-03,2.623072360872e-03,2.769707135599e-03,2.741587074882e-03,2.712959976896e-03,2.688545148020e-03,2.670057908666e-03,2.631050950271e-03,2.647594509304e-03,2.669058055275e-03,2.642412848834e-03,2.615272131630e-03,2.589823551056e-03,2.568546966204e-03,2.547407918451e-03,2.528014741511e-03,2.508479055089e-03,2.492755141810e-03,2.477526739296e-03,2.462288739282e-03,2.449520148629e-03,2.436994514612e-03,2.424711837213e-03,2.416098423475e-03,1.846128060440e-03
284.100000,2.654323362027e-03,2.622804370660e-03,2.769408702830e-03,2.741294701103e-03,2.712673703492e-03,2.688263911780e-03,2.669780647087e-03,2.630781599772e-03,2.647325691595e-03,2.668784076342e-03,2.642145334093e-03,2.615011549581e-03,2.589569250933e-03,2.568297913615e-03,2.547164088777e-03,2.527775863015e-03,2.508245146850e-03,2.492525231759e-03,2.477300358938e-03,2.462066272284e-03,2.449300833195e-03,2.436778308341e-03,2.424498697689e-03,2.415887397718e-03,1.846011712430e-03
284.600000,2.654094213065e-03,2.622541682277e-03,2.769116144409e-03,2.741008087427e-03,2.712393075206e-03,2.687988226024e-03,2.669508861038e-03,2.630517576263e-03,2.647062185019e-03,2.668515506530e-03,2.641883105481e-03,2.614756121323e-03,2.589319984930e-03,2.568053795213e-03,2.546925093793e-03,2.527541724695e-03,2.508015883934e-03,2.492299890723e-03,2.477078480629e-03,2.461848232615e-03,2.449085885061e-03,2.436566410111e-03,2.424289807754e-03,2.415680581296e-03,1.845897813680e-03
285.100000,2.653869634404e-03,2.622284262439e-03,2.768829423395e-03,2.740727197631e-03,2.712118056574e-03,2.687718055857e-03,2.669242516120e-03,2.630258846294e-03,2.646803956281e-03,2.668252311908e-03,2.641626129856e-03,2.614505814567e-03,2.589075721547e-03,2.567814580140e-03,2.546690903290e-03,2.527312296972e-03,2.507791237343e-03,2.492079090217e-03,2.476861076320e-03,2.461634592705e-03,2.448875277049e-03,2.436358793146e-03,2.424085141011e-03,2.415477948056e-03,1.845786349160e-03
285.600000,2.653649597817e-03,2.622032078055e-03,2.768548503084e-03,2.740451995736e-03,2.711848612326e-03,2.687453366648e-03,2.668981578177e-03,2.630005376644e-03,2.646550972261e-03,2.667994458777e-03,2.641374374306e-03,2.614260597246e-03,2.588836429473e-03,2.567580237744e-03,2.546461487254e-03,2.527087550420e-03,2.507571178293e-03,2.491862801924e-03,2.476648118142e-03,2.461425325160e-03,2.448668982149e-03,2.436155430824e-03,2.423884671189e-03,2.415279472019e-03,1.845677303920e-03
286.100000,2.653434075254e-03,2.621785096277e-03,2.768273347022e-03,2.740182446030e-03,2.711584707484e-03,2.687194123985e-03,2.668726013253e-03,2.629757134298e-03,2.646303200107e-03,2.667741913641e-03,2.641127806122e-03,2.614020437520e-03,2.588602077631e-03,2.567350737572e-03,2.546236815866e-03,2.526867455839e-03,2.507355678178e-03,2.491650997744e-03,2.476439578414e-03,2.461220402775e-03,2.448466973528e-03,2.435956296683e-03,2.423688372229e-03,2.415085127373e-03,1.845570663100e-03
286.600000,2.653223038835e-03,2.621543284476e-03,2.768003919021e-03,2.739918513016e-03,2.711326307286e-03,2.686940293683e-03,2.668475787647e-03,2.629514086472e-03,2.646060607161e-03,2.667494643237e-03,2.640886392832e-03,2.613785303732e-03,2.588372635130e-03,2.567126049378e-03,2.546016859506e-03,2.526651984213e-03,2.507144708576e-03,2.491443649754e-03,2.476235429620e-03,2.461019798512e-03,2.448269224550e-03,2.435761364453e-03,2.423496218224e-03,2.414894888446e-03,1.845466411970e-03
287.100000,2.653016460840e-03,2.621306610243e-03,2.767740183108e-03,2.739660161447e-03,2.711073377159e-03,2.686691841794e-03,2.668230867878e-03,2.629276200595e-03,2.645823160994e-03,2.667252614536e-03,2.640650102157e-03,2.613555164456e-03,2.588148071303e-03,2.566906143112e-03,2.545801588766e-03,2.526441106713e-03,2.506938241276e-03,2.491240730187e-03,2.476035644423e-03,2.460823485524e-03,2.448075708735e-03,2.435570608033e-03,2.423308183431e-03,2.414708729783e-03,1.845364535830e-03
287.600000,2.652814313768e-03,2.621075041382e-03,2.767482103578e-03,2.739407356310e-03,2.710825882825e-03,2.686448734593e-03,2.667991220678e-03,2.629043444337e-03,2.645590829391e-03,2.667015794701e-03,2.640418902060e-03,2.613329988478e-03,2.587928355666e-03,2.566690988921e-03,2.545590974397e-03,2.526234794710e-03,2.506736248212e-03,2.491042211479e-03,2.475840195683e-03,2.460631437123e-03,2.447886399753e-03,2.435384001475e-03,2.423124242278e-03,2.414526626035e-03,1.845265020110e-03
288.100000,2.652616570256e-03,2.620848545902e-03,2.767229644953e-03,2.739160062813e-03,2.710583790202e-03,2.686210938595e-03,2.667756813017e-03,2.628815785538e-03,2.645363580342e-03,2.666784151158e-03,2.640192760700e-03,2.613109744772e-03,2.587713457954e-03,2.566480557152e-03,2.545384987372e-03,2.526033019729e-03,2.506538701535e-03,2.490848066250e-03,2.475649056433e-03,2.460443626798e-03,2.447701271495e-03,2.435201519015e-03,2.422944369359e-03,2.414348552053e-03,1.845167850340e-03
288.600000,2.652423203129e-03,2.620627092057e-03,2.766982771977e-03,2.738918246434e-03,2.710347065456e-03,2.685978420523e-03,2.667527612067e-03,2.628593192310e-03,2.645141382076e-03,2.666557651512e-03,2.639971646450e-03,2.612894402531e-03,2.587503348078e-03,2.566274818346e-03,2.545183598839e-03,2.525835753537e-03,2.506345573563e-03,2.490658267288e-03,2.475462199863e-03,2.460260028209e-03,2.447520297975e-03,2.435023135047e-03,2.422768539433e-03,2.414174482857e-03,1.845073012090e-03
289.100000,2.652234185389e-03,2.620410648274e-03,2.766741449670e-03,2.738681872849e-03,2.710115674955e-03,2.685751147323e-03,2.667303585242e-03,2.628375632929e-03,2.644924202996e-03,2.666336263597e-03,2.639755527890e-03,2.612683931157e-03,2.587297996188e-03,2.566073743244e-03,2.544986780155e-03,2.525642968034e-03,2.506156836808e-03,2.490472787565e-03,2.475279599351e-03,2.460080615193e-03,2.447343453392e-03,2.434848824136e-03,2.422596727427e-03,2.414004393589e-03,1.844980491070e-03
289.600000,2.652049490187e-03,2.620199183224e-03,2.766505643248e-03,2.738450907983e-03,2.709889585309e-03,2.685529086162e-03,2.667084700151e-03,2.628163075921e-03,2.644712011747e-03,2.666119955455e-03,2.639544373812e-03,2.612478300238e-03,2.587097372580e-03,2.565877302766e-03,2.544794502832e-03,2.525454635328e-03,2.505972463937e-03,2.490291600224e-03,2.475101228444e-03,2.459905361760e-03,2.447170712133e-03,2.434678561014e-03,2.422428908404e-03,2.413838259596e-03,1.844890273060e-03
290.100000,2.651869090864e-03,2.619992665757e-03,2.766275318182e-03,2.738225317968e-03,2.709668763347e-03,2.685312204448e-03,2.666870924649e-03,2.627955489981e-03,2.644504777159e-03,2.665908695359e-03,2.639338153229e-03,2.612277479571e-03,2.586901447790e-03,2.565685468037e-03,2.544606738608e-03,2.525270727725e-03,2.505792427818e-03,2.490114678580e-03,2.474927060877e-03,2.459734242084e-03,2.447002048716e-03,2.434512320562e-03,2.422265057628e-03,2.413676056349e-03,1.844802343910e-03
290.600000,2.651692960922e-03,2.619791064958e-03,2.766050440177e-03,2.738005069190e-03,2.709453176126e-03,2.685100469777e-03,2.666662226778e-03,2.627752844055e-03,2.644302468293e-03,2.665702451771e-03,2.639136835332e-03,2.612081439161e-03,2.586710192514e-03,2.565498210365e-03,2.544423459374e-03,2.525091217666e-03,2.505616701477e-03,2.489941996143e-03,2.474757070539e-03,2.459567230489e-03,2.446837437841e-03,2.434350077848e-03,2.422105150494e-03,2.413517759501e-03,1.844716689580e-03
291.100000,2.651521074036e-03,2.619594350108e-03,2.765830975145e-03,2.737790128234e-03,2.709242790907e-03,2.684893849972e-03,2.666458574800e-03,2.627555107271e-03,2.644105054400e-03,2.665501193375e-03,2.638940389536e-03,2.611890149189e-03,2.586523577679e-03,2.565315501248e-03,2.544244637227e-03,2.524916077831e-03,2.505445258153e-03,2.489773526559e-03,2.474591231488e-03,2.459404301494e-03,2.446676854378e-03,2.434191808068e-03,2.421949162554e-03,2.413363344843e-03,1.844633296110e-03
291.600000,2.651353404046e-03,2.619402490683e-03,2.765616889258e-03,2.737580461935e-03,2.709037575191e-03,2.684692313084e-03,2.666259937204e-03,2.627362248966e-03,2.643912504922e-03,2.665304889047e-03,2.638748785462e-03,2.611703580066e-03,2.586341574370e-03,2.565137312371e-03,2.544070244423e-03,2.524745281022e-03,2.505278071206e-03,2.489609243676e-03,2.474429517949e-03,2.459245429772e-03,2.446520273352e-03,2.434037486599e-03,2.421797069533e-03,2.413212788328e-03,1.844552149620e-03
292.100000,2.651189924947e-03,2.619215456363e-03,2.765408148880e-03,2.737376037315e-03,2.708837496681e-03,2.684495827368e-03,2.666066282656e-03,2.627174238684e-03,2.643724789541e-03,2.665113507905e-03,2.638561992903e-03,2.611521702366e-03,2.586164153867e-03,2.564963615607e-03,2.543900253433e-03,2.524578800260e-03,2.505115114220e-03,2.489449121506e-03,2.474271904327e-03,2.459090590145e-03,2.446367669940e-03,2.433887088990e-03,2.421648847306e-03,2.413066066080e-03,1.844473236330e-03
292.600000,2.651030610911e-03,2.613094167011e-03,2.758516081739e-03,2.730661164814e-03,2.702299848491e-03,2.678077007827e-03,2.659765547991e-03,2.621051996134e-03,2.638121774188e-03,2.659449254633e-03,2.633248181370e-03,2.606616311113e-03,2.581609075973e-03,2.560700474728e-03,2.539929031997e-03,2.520899307252e-03,2.501727362826e-03,2.486294778860e-03,2.471292991874e-03,2.456345027028e-03,2.443797270926e-03,2.431491824386e-03,2.419428687418e-03,2.410962691228e-03,1.844396542520e-03
293.100000,2.650875436267e-03,2.612941851157e-03,2.758346266133e-03,2.730494726503e-03,2.702136816518e-03,2.677916909686e-03,2.659607657587e-03,2.620898749694e-03,2.637966596822e-03,2.659290832251e-03,2.633092660882e-03,2.606463757804e-03,2.581459299177e-03,2.560553020712e-03,2.539783883600e-03,2.520756277912e-03,2.501586465444e-03,2.486155602102e-03,2.471155470484e-03,2.456209168285e-03,2.443662807704e-03,2.431358727679e-03,2.419296928240e-03,2.410831871138e-03,1.844322054580e-03
293.600000,2.650724375509e-03,2.612794056781e-03,2.758181455617e-03,2.730333197662e-03,2.701978597730e-03,2.677761544441e-03,2.659454437422e-03,2.620750047223e-03,2.637815968523e-03,2.659137044266e-03,2.632941677730e-03,2.606315638542e-03,2.581313862342e-03,2.560409828074e-03,2.539642918363e-03,2.520617358012e-03,2.501449603416e-03,2.486020401107e-03,2.471021871433e-03,2.456077173680e-03,2.443532161383e-03,2.431229401368e-03,2.419168893635e-03,2.410704743944e-03,1.844249758980e-03
294.100000,2.650577403286e-03,2.612650757701e-03,2.758021621236e-03,2.730176549846e-03,2.701825164232e-03,2.677610884684e-03,2.659305860437e-03,2.620605862399e-03,2.637669862770e-03,2.658987863663e-03,2.632795205392e-03,2.606171927360e-03,2.581172739988e-03,2.560270871721e-03,2.539506111620e-03,2.520482523225e-03,2.501316752817e-03,2.485889152213e-03,2.470892171378e-03,2.455949020141e-03,2.443405309163e-03,2.431103822878e-03,2.419044561275e-03,2.410581287465e-03,1.844179642240e-03
294.600000,2.630613113351e-03,2.595681825162e-03,2.739367212433e-03,2.711834881839e-03,2.683799307784e-03,2.659872345908e-03,2.641770587224e-03,2.603529589142e-03,2.620137489628e-03,2.641094892605e-03,2.615077367736e-03,2.588610890679e-03,2.563772651394e-03,2.543005775498e-03,2.522374167922e-03,2.503462467748e-03,2.484410151258e-03,2.469075029332e-03,2.454188859604e-03,2.439331484458e-03,2.426869081464e-03,2.414645551850e-03,2.402660895626e-03,2.394252817666e-03,1.833378061630e-03
295.100000,2.630556167946e-03,2.595616982864e-03,2.739293726410e-03,2.711763106581e-03,2.683729257274e-03,2.659803727986e-03,2.641703091959e-03,2.603464347505e-03,2.620072219154e-03,2.641028203781e-03,2.615012477988e-03,2.588547916512e-03,2.563711421061e-03,2.542946003074e-03,2.522315845356e-03,2.503405513671e-03,2.484354570824e-03,2.469020554385e-03,2.454135373624e-03,2.439279079150e-03,2.426817551193e-03,2.414594884212e-03,2.402611078221e-03,2.394203587476e-03,1.833356511140e-03
295.600000,2.630502587903e-03,2.595556008655e-03,2.739224525086e-03,2.711695532939e-03,2.683663324724e-03,2.659739159163e-03,2.641639591274e-03,2.603402992326e-03,2.620010824462e-03,2.640965461950e-03,2.614951445934e-03,2.588488704035e-03,2.563653865587e-03,2.542889832986e-03,2.522261052916e-03,2.503352021167e-03,2.484302383134e-03,2.468969416829e-03,2.454085176404e-03,2.439229908398e-03,2.426769211912e-03,2.414547364578e-03,2.402564366398e-03,2.394157433665e-03,1.833336752250e-03
296.100000,2.630452358529e-03,2.595498885475e-03,2.739159589569e-03,2.711632142379e-03,2.683601492014e-03,2.659678621574e-03,2.641580067577e-03,2.603345506477e-03,2.619953288491e-03,2.640906649724e-03,2.614894254620e-03,2.588433236723e-03,2.563599968810e-03,2.542837249395e-03,2.522209775097e-03,2.503301975024e-03,2.484253573309e-03,2.468921602031e-03,2.454038253528e-03,2.439183958031e-03,2.426724049648e-03,2.414502979160e-03,2.402520746558e-03,2.394114342754e-03,1.833318777200e-03
296.600000,2.630405465181e-03,2.595445596383e-03,2.739098901065e-03,2.711572916464e-03,2.683543741057e-03,2.659622097489e-03,2.641524503342e-03,2.603291872925e-03,2.619899594273e-03,2.640851749809e-03,2.614840887124e-03,2.588381498091e-03,2.563549714658e-03,2.542788236555e-03,2.522161996468e-03,2.503255360136e-03,2.484208126526e-03,2.468877095410e-03,2.453994590641e-03,2.439141213935e-03,2.426682050485e-03,2.414461714229e-03,2.402480205177e-03,2.394074301343e-03,1.833302578270e-03
297.100000,2.630361893296e-03,2.595396124499e-03,2.739042440857e-03,2.711517836871e-03,2.683490053904e-03,2.659569569229e-03,2.641472881150e-03,2.603242074723e-03,2.619849724904e-03,2.640800745009e-03,2.614791326650e-03,2.588333471764e-03,2.563503087128e-03,2.542742778783e-03,2.522117701670e-03,2.503212161453e-03,2.484166028032e-03,2.468835882493e-03,2.453954173466e-03,2.439101662069e-03,2.426643200559e-03,2.414423556137e-03,2.402442728780e-03,2.394037296095e-03,1.833288147760e-03
297.600000,2.630321628362e-03,2.595350453038e-03,2.738990190326e-03,2.711466885324e-03,2.683440412656e-03,2.659521019202e-03,2.641425183667e-03,2.603196094994e-03,2.619803663560e-03,2.640753618173e-03,2.614745556467e-03,2.588289141440e-03,2.563460070298e-03,2.542700860482e-03,2.522076875425e-03,2.503172363972e-03,2.484127263170e-03,2.468797948820e-03,2.453916987785e-03,2.439065288448e-03,2.426607486112e-03,2.414388491278e-03,2.402408303954e-03,2.394003313727e-03,1.833275478000e-03
298.100000,2.630284655951e-03,2.595308565291e-03,2.738942130962e-03,2.711420043696e-03,2.683394799522e-03,2.659476429924e-03,2.641381393617e-03,2.603153916959e-03,2.619761393527e-03,2.640710352287e-03,2.614703559921e-03,2.588248490878e-03,2.563420648323e-03,2.542662466122e-03,2.522039502520e-03,2.503135952810e-03,2.484091817319e-03,2.468763280051e-03,2.453883019440e-03,2.439032079179e-03,2.426574893399e-03,2.414356506129e-03,2.402376917369e-03,2.393972341029e-03,1.833264561390e-03
298.600000,2.630250961705e-03,2.595270444650e-03,2.738898244332e-03,2.711377293889e-03,2.683353196795e-03,2.659435783983e-03,2.641341493842e-03,2.603115523922e-03,2.619722898156e-03,2.640670930370e-03,2.614665320442e-03,2.588211503946e-03,2.563384805433e-03,2.542627580253e-03,2.522005567818e-03,2.503102913118e-03,2.484059675957e-03,2.468731861875e-03,2.453852254359e-03,2.439002020407e-03,2.426545408780e-03,2.414327587222e-03,2.402348555725e-03,2.393944364858e-03,1.833255390310e-03
299.100000,2.630220531294e-03,2.595236074548e-03,2.738858512085e-03,2.711338617930e-03,2.683315586866e-03,2.659399064064e-03,2.641305467246e-03,2.603080899249e-03,2.619688160863e-03,2.640635335570e-03,2.614630821545e-03,2.588178164569e-03,2.563352525939e-03,2.542596187495e-03,2.521975056257e-03,2.503073230132e-03,2.484030824598e-03,2.468703680076e-03,2.453824678523e-03,2.438975098344e-03,2.426519018666e-03,2.414301721159e-03,2.402323205823e-03,2.393919372098e-03,1.833247957220e-03
299.600000,2.630193350507e-03,2.595205438546e-03,2.738822915984e-03,2.711303997930e-03,2.683281952192e-03,2.659366252917e-03,2.641273296835e-03,2.603050026400e-03,2.619657165166e-03,2.640603551083e-03,2.614600046831e-03,2.588148456748e-03,2.563323794221e-03,2.542568272546e-03,2.521947952844e-03,2.503046889161e-03,2.484005248860e-03,2.468678720496e-03,2.453800277976e-03,2.438951299298e-03,2.426495709523e-03,2.414278894583e-03,2.402300854498e-03,2.393897349725e-03,1.833242254570e-03
300.100000,2.630169405143e-03,2.595178520247e-03,2.738791437872e-03,2.711273416083e-03,2.683252275322e-03,2.659337333397e-03,2.641244965687e-03,2.603022888928e-03,2.619629894668e-03,2.640575560198e-03,2.614572979966e-03,2.588122364569e-03,2.563298594739e-03,2.542543820177e-03,2.521924242662e-03,2.503023875566e-03,2.483982934407e-03,2.468656969039e-03,2.453779038849e-03,2.438930609598e-03,2.426475467885e-03,2.414259094234e-03,2.402281488648e-03,2.393878284779e-03,1.833238274890e-03
300.600000,2.630148681107e-03,2.595155303361e-03,2.738764059664e-03,2.711246854670e-03,2.683226538903e-03,2.659312288432e-03,2.641220456956e-03,2.602999470448e-03,2.619606333032e-03,2.640551346279e-03,2.614549604707e-03,2.588099872210e-03,2.563276912027e-03,2.542522815229e-03,2.521903910858e-03,2.503004174803e-03,2.483963866988e-03,2.468638411690e-03,2.453760947310e-03,2.438913015666e-03,2.426458280368e-03,2.414242306887e-03,2.402265095244e-03,2.393862164342e-03,1.833236010690e-03
301.100000,2.630131164362e-03,2.595135771664e-03,2.738740763384e-03,2.711224296061e-03,2.683204725652e-03,2.659291101042e-03,2.641199753900e-03,2.602979754660e-03,2.619586464019e-03,2.640530892802e-03,2.614529904879e-03,2.588080963884e-03,2.563258730690e-03,2.542505242619e-03,2.521886942657e-03,2.502987772388e-03,2.483948032390e-03,2.468623034470e-03,2.453745989621e-03,2.438898503984e-03,2.426444133620e-03,2.414228519392e-03,2.402251661300e-03,2.393848975568e-03,1.833235454570e-03
301.600000,2.630116840899e-03,2.595119909020e-03,2.738721531147e-03,2.711205722723e-03,2.683186818391e-03,2.659273754325e-03,2.641182839835e-03,2.602963725363e-03,2.619570271457e-03,2.640514183268e-03,2.614513864397e-03,2.588065623936e-03,2.563244035414e-03,2.542491087335e-03,2.521873323354e-03,2.502974653897e-03,2.483935416497e-03,2.468610823507e-03,2.453734152090e-03,2.438887061082e-03,2.426433014369e-03,2.414217718650e-03,2.402241173918e-03,2.393838705656e-03,1.833236599100e-03
302.100000,2.630105696827e-03,2.595107699351e-03,2.738706345151e-03,2.711191117197e-03,2.683172799993e-03,2.659260231455e-03,2.641169698177e-03,2.602951366392e-03,2.619557739238e-03,2.640501201320e-03,2.614501467240e-03,2.588053836735e-03,2.563232810948e-03,2.542480334436e-03,2.521863038304e-03,2.502964804985e-03,2.483926005251e-03,2.468601764956e-03,2.453725421081e-03,2.438878673564e-03,2.426424909404e-03,2.414209891624e-03,2.402233620247e-03,2.393831341888e-03,1.833239436940e-03
302.600000,2.630097718265e-03,2.595099126692e-03,2.738695187668e-03,2.711180462102e-03,2.683162653449e-03,2.659250515697e-03,2.641160312420e-03,2.602942661697e-03,2.619548851378e-03,2.640491930627e-03,2.614492697474e-03,2.588045586756e-03,2.563225042125e-03,2.542472969053e-03,2.521856072947e-03,2.502958211361e-03,2.483919784647e-03,2.468595845060e-03,2.453719783051e-03,2.438873328113e-03,2.426419805573e-03,2.414205025353e-03,2.402228987463e-03,2.393826871579e-03,1.833243960740e-03
303.100000,2.630092891441e-03,2.595094175127e-03,2.738688041075e-03,2.711173740150e-03,2.683156361816e-03,2.659244590402e-03,2.641154666121e-03,2.602937595296e-03,2.619543591923e-03,2.640486354972e-03,2.614487539250e-03,2.588040858530e-03,2.563220713843e-03,2.542468976388e-03,2.521852412783e-03,2.502954858818e-03,2.483916740770e-03,2.468593050134e-03,2.453717224492e-03,2.438871011450e-03,2.426417689786e-03,2.414203106925e-03,2.402227262867e-03,2.393825282120e-03,1.833250163200e-03
303.600000,2.630091202613e-03,2.595092828827e-03,2.738684887817e-03,2.711170934153e-03,2.683153908229e-03,2.659242438994e-03,2.641152742939e-03,2.602936151295e-03,2.619541945021e-03,2.640484458194e-03,2.614485976779e-03,2.588039636675e-03,2.563219811077e-03,2.542468341714e-03,2.521852043381e-03,2.502954733216e-03,2.483916859756e-03,2.468593366519e-03,2.453717731973e-03,2.438871710356e-03,2.426418549014e-03,2.414204123480e-03,2.402228433757e-03,2.393826560953e-03,1.833258037050e-03
304.100000,2.630092638114e-03,2.595095072035e-03,2.738685710447e-03,2.711172026983e-03,2.683155275931e-03,2.659244044972e-03,2.641154526606e-03,2.602938313843e-03,2.619543894887e-03,2.640486224238e-03,2.614487994356e-03,2.588041905891e-03,2.563222318873e-03,2.542471050372e-03,2.521854950380e-03,2.502957820471e-03,2.483920127804e-03,2.468596780675e-03,2.453721292134e-03,2.438875411696e-03,2.426422370287e-03,2.414208062232e-03,2.402232487522e-03,2.393830695585e-03,1.833267575050e-03
304.600000,2.630097184330e-03,2.595100889080e-03,2.738690491597e-03,2.711177001602e-03,2.683160448201e-03,2.659249391923e-03,2.641160000930e-03,2.602944067217e-03,2.619549425824e-03,2.640491637094e-03,2.614493576360e-03,2.588047650929e-03,2.563228222344e-03,2.542477087778e-03,2.521861119490e-03,2.502964106574e-03,2.483926531181e-03,2.468603279068e-03,2.453727891649e-03,2.438882102384e-03,2.426429140699e-03,2.414214910445e-03,2.402239411607e-03,2.393837673578e-03,1.833278769990e-03
305.100000,2.630104827730e-03,2.595110264364e-03,2.738699213968e-03,2.711185841071e-03,2.683169408458e-03,2.659258463526e-03,2.641169149786e-03,2.602953395715e-03,2.619558522191e-03,2.640500680846e-03,2.614502707216e-03,2.588056856622e-03,2.563237506682e-03,2.542486439411e-03,2.521870536484e-03,2.502973577563e-03,2.483936056230e-03,2.468612848283e-03,2.453737517291e-03,2.438891769384e-03,2.426438847410e-03,2.414224655445e-03,2.402249193509e-03,2.393847482537e-03,1.833291614690e-03
305.600000,2.630115554819e-03,2.595123182351e-03,2.738711860350e-03,2.711198528518e-03,2.683182140133e-03,2.659271243520e-03,2.641181957158e-03,2.602966283749e-03,2.619571168437e-03,2.640513339661e-03,2.614515371451e-03,2.588069507880e-03,2.563250157138e-03,2.542499090821e-03,2.521883187203e-03,2.502986219568e-03,2.483948689331e-03,2.468625474916e-03,2.453750155877e-03,2.438904399742e-03,2.426451477618e-03,2.414237284631e-03,2.402261820779e-03,2.393860110153e-03,1.833306102010e-03
306.100000,2.630129352173e-03,2.595139627599e-03,2.738728413641e-03,2.711215047147e-03,2.683198626806e-03,2.659287715726e-03,2.641198407079e-03,2.602982715805e-03,2.619587349093e-03,2.640529597766e-03,2.614531553670e-03,2.588085589678e-03,2.563266159046e-03,2.542515027628e-03,2.521899057559e-03,2.503002018786e-03,2.483964416963e-03,2.468641145665e-03,2.453765794278e-03,2.438919980557e-03,2.426467018600e-03,2.414252785430e-03,2.402277281047e-03,2.393875544141e-03,1.833322224830e-03
306.600000,2.630146206431e-03,2.595159584742e-03,2.738748856793e-03,2.711235380262e-03,2.683218852096e-03,2.659307864045e-03,2.641218483671e-03,2.603002676424e-03,2.619607048738e-03,2.640549439470e-03,2.614551238530e-03,2.588105087083e-03,2.563285497800e-03,2.542534235521e-03,2.521918133525e-03,2.503020961436e-03,2.483983225635e-03,2.468659847272e-03,2.453784419426e-03,2.438938498969e-03,2.426485457676e-03,2.414271145347e-03,2.402295561962e-03,2.393893772300e-03,1.833339976070e-03
307.100000,2.630166104288e-03,2.595183038461e-03,2.738773172842e-03,2.711259511223e-03,2.683242799703e-03,2.659331672465e-03,2.641242171121e-03,2.603026150235e-03,2.619630252053e-03,2.640572849170e-03,2.614574410775e-03,2.588127985199e-03,2.563308158869e-03,2.542556700252e-03,2.521940401145e-03,2.503043033868e-03,2.484005101938e-03,2.468681566546e-03,2.453806018329e-03,2.438959942204e-03,2.426506782255e-03,2.414292351940e-03,2.402316651268e-03,2.393914782472e-03,1.833359348660e-03
307.600000,2.630189032500e-03,2.595209973545e-03,2.738801344937e-03,2.711287423511e-03,2.683270453425e-03,2.659359125036e-03,2.641269453718e-03,2.603053121932e-03,2.619656943766e-03,2.640599811326e-03,2.614601055220e-03,2.588154269231e-03,2.563334127789e-03,2.542582407646e-03,2.521965846523e-03,2.503068222426e-03,2.484030032535e-03,2.468706290355e-03,2.453830578057e-03,2.438984297542e-03,2.426530979774e-03,2.414316392833e-03,2.402340536741e-03,2.393938562551e-03,1.833380335590e-03
308.100000,2.630214977885e-03,2.595240374821e-03,2.738833356284e-03,2.711319100642e-03,2.683301797118e-03,2.659390205907e-03,2.641300315797e-03,2.603083576297e-03,2.619687108706e-03,2.640630310463e-03,2.614631156752e-03,2.588183924435e-03,2.563363390166e-03,2.542611343590e-03,2.521994455837e-03,2.503096513584e-03,2.484058004123e-03,2.468734005623e-03,2.453858085710e-03,2.439011552311e-03,2.426558037734e-03,2.414343255698e-03,2.402367206221e-03,2.393965100499e-03,1.833402929860e-03
308.600000,2.630243927319e-03,2.595274227220e-03,2.738869190159e-03,2.711354526241e-03,2.683336814721e-03,2.659424899273e-03,2.641334741797e-03,2.603117498170e-03,2.619720731757e-03,2.640664331200e-03,2.614664700319e-03,2.588216936152e-03,2.563395931667e-03,2.542643494044e-03,2.522026215322e-03,2.503127893816e-03,2.484089003486e-03,2.468764699340e-03,2.453888528496e-03,2.439041693897e-03,2.426587943696e-03,2.414372928269e-03,2.402396647606e-03,2.393994384317e-03,1.833427124510e-03
309.100000,2.630275867724e-03,2.595311515737e-03,2.738908829940e-03,2.711393683991e-03,2.683375490259e-03,2.659463189432e-03,2.641372716210e-03,2.603154872479e-03,2.619757797868e-03,2.640701858224e-03,2.614701670969e-03,2.588253289771e-03,2.563431738040e-03,2.542678845027e-03,2.522061111282e-03,2.503162349717e-03,2.484123017446e-03,2.468798358568e-03,2.453921893633e-03,2.439074709763e-03,2.426620685287e-03,2.414405398312e-03,2.402428848854e-03,2.394026402081e-03,1.833452912590e-03
309.600000,2.630310786111e-03,2.595352225424e-03,2.738952259094e-03,2.711436557681e-03,2.683417807823e-03,2.659505060737e-03,2.641414223612e-03,2.603195684206e-03,2.619798292089e-03,2.640742876288e-03,2.614742053790e-03,2.588292970780e-03,2.563470795089e-03,2.542717382630e-03,2.522099130082e-03,2.503199867902e-03,2.484160032924e-03,2.468834970408e-03,2.453958168423e-03,2.439110587417e-03,2.426656250176e-03,2.414440653696e-03,2.402463797965e-03,2.394061141899e-03,1.833480287220e-03
310.100000,2.630348669509e-03,2.595396341429e-03,2.738999461125e-03,2.711483131156e-03,2.683463751608e-03,2.659550497639e-03,2.641459248640e-03,2.603239918432e-03,2.619842199512e-03,2.640787370214e-03,2.614785833963e-03,2.588335964713e-03,2.563513088690e-03,2.542759093003e-03,2.522140258156e-03,2.503240435083e-03,2.484200036855e-03,2.468874522041e-03,2.453997340235e-03,2.439149314410e-03,2.426694626113e-03,2.414478682307e-03,2.402501483000e-03,2.394098591962e-03,1.833509241500e-03
310.600000,2.630389505035e-03,2.595443848937e-03,2.739050419672e-03,2.711533388340e-03,2.683513305835e-03,2.659599484646e-03,2.641507776027e-03,2.603287560264e-03,2.619889505308e-03,2.640835324910e-03,2.614832996728e-03,2.588382257177e-03,2.563558604784e-03,2.542803962366e-03,2.522184481998e-03,2.503284038000e-03,2.484243016277e-03,2.468917000694e-03,2.454039396470e-03,2.439190878380e-03,2.426735800862e-03,2.414519472098e-03,2.402541892086e-03,2.394138740484e-03,1.833539768600e-03
311.100000,2.630433279864e-03,2.595494733248e-03,2.739105118417e-03,2.711587313249e-03,2.683566454837e-03,2.659652006337e-03,2.641559790566e-03,2.603338594932e-03,2.619940194733e-03,2.640886725347e-03,2.614883527403e-03,2.588431833864e-03,2.563607329379e-03,2.542851977004e-03,2.522231788162e-03,2.503330663469e-03,2.484288958258e-03,2.468962393649e-03,2.454084324614e-03,2.439235267000e-03,2.426779762297e-03,2.414563011091e-03,2.402585013383e-03,2.394181575740e-03,1.833571861690e-03
311.600000,2.630479981206e-03,2.595548979690e-03,2.739163541111e-03,2.711644889962e-03,2.683623183026e-03,2.659708047385e-03,2.641615277124e-03,2.603393007706e-03,2.619994253101e-03,2.640941556579e-03,2.614937411356e-03,2.588484680506e-03,2.563659248548e-03,2.542903123263e-03,2.522282163274e-03,2.503380298388e-03,2.484337849945e-03,2.469010688262e-03,2.454132112209e-03,2.439282468018e-03,2.426826498302e-03,2.414609287334e-03,2.402630835110e-03,2.394227086089e-03,1.833605514000e-03
312.100000,2.630529596355e-03,2.595606573692e-03,2.739225671628e-03,2.711706102633e-03,2.683683474854e-03,2.659767592518e-03,2.641674220630e-03,2.603450783930e-03,2.620051665773e-03,2.640999803717e-03,2.614994634052e-03,2.588540782921e-03,2.563714348433e-03,2.542957387557e-03,2.522335594013e-03,2.503432929681e-03,2.484389678533e-03,2.469061871939e-03,2.454182746827e-03,2.439332469211e-03,2.426875996841e-03,2.414658288959e-03,2.402679345555e-03,2.394275259901e-03,1.833640718760e-03
312.600000,2.630582112632e-03,2.595667500736e-03,2.739291493879e-03,2.711770935513e-03,2.683747314900e-03,2.659830626536e-03,2.641736606112e-03,2.603511909032e-03,2.620112418238e-03,2.641061451937e-03,2.615055181009e-03,2.588600126975e-03,2.563772615236e-03,2.543014756357e-03,2.522392067128e-03,2.503488544362e-03,2.484444431282e-03,2.469115932154e-03,2.454236216119e-03,2.439385258448e-03,2.426928245927e-03,2.414710004129e-03,2.402730533053e-03,2.394326085624e-03,1.833677469240e-03
313.100000,2.630637517437e-03,2.595731746380e-03,2.739360991857e-03,2.711839372901e-03,2.683814687767e-03,2.659897134339e-03,2.641802418652e-03,2.603576368487e-03,2.620176495990e-03,2.641126486524e-03,2.615119037819e-03,2.588662698640e-03,2.563834035224e-03,2.543075216208e-03,2.522451569422e-03,2.503547129482e-03,2.484502095499e-03,2.469172856413e-03,2.454292507797e-03,2.439440823628e-03,2.426983233624e-03,2.414764421073e-03,2.402784385986e-03,2.394379551749e-03,1.833715758750e-03
313.600000,2.630695798227e-03,2.595799296246e-03,2.739434149659e-03,2.711911399181e-03,2.683885578148e-03,2.659967100866e-03,2.641871643392e-03,2.603644147846e-03,2.620243884640e-03,2.641194892777e-03,2.615186190137e-03,2.588728483908e-03,2.563898594736e-03,2.543138753707e-03,2.522514087768e-03,2.503608672174e-03,2.484562658577e-03,2.469232632312e-03,2.454351609616e-03,2.439499152705e-03,2.427040948054e-03,2.414821528090e-03,2.402840892795e-03,2.394435646824e-03,1.833755580600e-03
314.100000,2.630756942497e-03,2.595870136024e-03,2.739510951421e-03,2.711986998815e-03,2.683959970834e-03,2.660040511131e-03,2.641944265557e-03,2.603715232751e-03,2.620314569827e-03,2.641266656105e-03,2.615256623684e-03,2.588797468864e-03,2.563966280165e-03,2.543205355520e-03,2.522579609094e-03,2.503673159604e-03,2.484626107949e-03,2.469295247484e-03,2.454413509406e-03,2.439560233704e-03,2.427101377400e-03,2.414881313487e-03,2.402900041967e-03,2.394494359450e-03,1.833796928160e-03
314.600000,2.630820937809e-03,2.595944251472e-03,2.739591381389e-03,2.712066156347e-03,2.684037850647e-03,2.660117350254e-03,2.642020270462e-03,2.603789608882e-03,2.620388537303e-03,2.641341761978e-03,2.615330324261e-03,2.588869639652e-03,2.564037077974e-03,2.543275008373e-03,2.522648120388e-03,2.503740579036e-03,2.484692431101e-03,2.469360689620e-03,2.454478195016e-03,2.439624054687e-03,2.427164509889e-03,2.414943765675e-03,2.402961822034e-03,2.394555678271e-03,1.833839794810e-03
315.100000,2.630887771780e-03,2.596021628430e-03,2.739675423852e-03,2.712148856376e-03,2.684119202506e-03,2.660197603378e-03,2.642099643449e-03,2.603867262004e-03,2.620465772846e-03,2.641420195930e-03,2.615407277718e-03,2.588944982481e-03,2.564110974688e-03,2.543347699056e-03,2.522719608705e-03,2.503810917747e-03,2.484761615583e-03,2.469428946479e-03,2.454545654391e-03,2.439690603784e-03,2.427230333814e-03,2.415008873086e-03,2.403026221613e-03,2.394619591988e-03,1.833884173970e-03
315.600000,2.630957432078e-03,2.596102252775e-03,2.739763063205e-03,2.712235083586e-03,2.684204011387e-03,2.660281255753e-03,2.642182369957e-03,2.603948177940e-03,2.620546262311e-03,2.641501943552e-03,2.615487469991e-03,2.589023483628e-03,2.564187956892e-03,2.543423414413e-03,2.522794061155e-03,2.503884163115e-03,2.484833649013e-03,2.469500005859e-03,2.454615875511e-03,2.439759869185e-03,2.427298837490e-03,2.415076624210e-03,2.403093229335e-03,2.394686089366e-03,1.833930059070e-03
316.100000,2.631029906444e-03,2.596186110487e-03,2.739854283896e-03,2.712324822740e-03,2.684292262374e-03,2.660368292683e-03,2.642268435505e-03,2.604032342595e-03,2.620629991650e-03,2.641586990526e-03,2.615570887062e-03,2.589105129422e-03,2.564268011240e-03,2.543502141363e-03,2.522871464908e-03,2.503960302542e-03,2.484908519045e-03,2.469573855638e-03,2.454688846423e-03,2.439831839119e-03,2.427370009336e-03,2.415147007595e-03,2.403162833915e-03,2.394755159191e-03,1.833977443580e-03
316.600000,2.631105182640e-03,2.596273187591e-03,2.739949070454e-03,2.712418058662e-03,2.684383940571e-03,2.660458699533e-03,2.642357825654e-03,2.604119741916e-03,2.620716946833e-03,2.641675322587e-03,2.615657515006e-03,2.589189906269e-03,2.564351124439e-03,2.543583866874e-03,2.522951807195e-03,2.504039323505e-03,2.484986213401e-03,2.469650483729e-03,2.454764555211e-03,2.439906501866e-03,2.427443837774e-03,2.415220011851e-03,2.403235024076e-03,2.394826790329e-03,1.834026321010e-03
317.100000,2.631183248501e-03,2.596363470171e-03,2.740047407474e-03,2.712514776241e-03,2.684479031188e-03,2.660552461767e-03,2.642450526043e-03,2.604210361946e-03,2.620807113935e-03,2.641766925537e-03,2.615747339927e-03,2.589277800631e-03,2.564437283268e-03,2.543668577979e-03,2.523035075306e-03,2.504121213552e-03,2.485066719858e-03,2.469729878107e-03,2.454842990029e-03,2.439983845771e-03,2.427520311308e-03,2.415295625601e-03,2.403309788640e-03,2.394900971673e-03,1.834076684870e-03
317.600000,2.631264091934e-03,2.596456944401e-03,2.740149279642e-03,2.712614960457e-03,2.684577519483e-03,2.660649564888e-03,2.642546522376e-03,2.604304188773e-03,2.620900479089e-03,2.641861785248e-03,2.615840348019e-03,2.589368799037e-03,2.564526474562e-03,2.543756261770e-03,2.523121256587e-03,2.504205960262e-03,2.485150026268e-03,2.469812026793e-03,2.454924139080e-03,2.440063859230e-03,2.427599418499e-03,2.415373837574e-03,2.403387116455e-03,2.394977692203e-03,1.834128528720e-03
318.100000,2.631347700856e-03,2.596553596491e-03,2.740254671704e-03,2.712718596355e-03,2.684679390810e-03,2.660749994487e-03,2.642645800438e-03,2.604401208551e-03,2.620997028459e-03,2.641959887673e-03,2.615936525546e-03,2.589462888085e-03,2.564618685216e-03,2.543846905399e-03,2.523210338447e-03,2.504293551284e-03,2.485236120500e-03,2.469896917885e-03,2.455007990618e-03,2.440146530695e-03,2.427681147930e-03,2.415454636508e-03,2.403466996416e-03,2.395056940889e-03,1.834181846130e-03
318.600000,2.631434063288e-03,2.596653412732e-03,2.740363568475e-03,2.712825669039e-03,2.684784630573e-03,2.660853736193e-03,2.642748346068e-03,2.604501407506e-03,2.621096748325e-03,2.642061218804e-03,2.616035858812e-03,2.589560054413e-03,2.564713902188e-03,2.543940496079e-03,2.523302308351e-03,2.504383974328e-03,2.485324990503e-03,2.469984539524e-03,2.455094532953e-03,2.440231848663e-03,2.427765488255e-03,2.415538011200e-03,2.403549417480e-03,2.395138706815e-03,1.834236630720e-03
319.100000,2.631523167251e-03,2.596756379492e-03,2.740475954845e-03,2.712936163699e-03,2.684893224239e-03,2.660960775752e-03,2.642854145185e-03,2.604604771941e-03,2.621199624989e-03,2.642165764712e-03,2.616138334209e-03,2.589660284758e-03,2.564812112498e-03,2.544037021082e-03,2.523397153818e-03,2.504477217146e-03,2.485416624289e-03,2.470074879901e-03,2.455183754452e-03,2.440319801679e-03,2.427852428190e-03,2.415623950516e-03,2.403634368653e-03,2.395222979059e-03,1.834292876120e-03
319.600000,2.631615000869e-03,2.596862483175e-03,2.740591815789e-03,2.713050065584e-03,2.685005157368e-03,2.661071098938e-03,2.642963183747e-03,2.604711288190e-03,2.621305644852e-03,2.642273511523e-03,2.616243938168e-03,2.589763565876e-03,2.564913303223e-03,2.544136467735e-03,2.523494862434e-03,2.504573267564e-03,2.485511009913e-03,2.470167927256e-03,2.455275643524e-03,2.440410378355e-03,2.427941956489e-03,2.415712443355e-03,2.403721838968e-03,2.395309746800e-03,1.834350575980e-03
320.100000,2.631709552277e-03,2.596971710274e-03,2.740711136344e-03,2.713167360017e-03,2.685120415549e-03,2.661184691604e-03,2.643075447809e-03,2.604820942679e-03,2.621414794349e-03,2.642384445458e-03,2.616352657209e-03,2.589869884628e-03,2.565017461501e-03,2.544238823430e-03,2.523595421835e-03,2.504672113454e-03,2.485608135478e-03,2.470263669891e-03,2.455370188654e-03,2.440503567349e-03,2.428034061939e-03,2.415803478673e-03,2.403811817544e-03,2.395398999222e-03,1.834409724000e-03
320.600000,2.631806809691e-03,2.597084047340e-03,2.740833901596e-03,2.713288032401e-03,2.685238984484e-03,2.661301539668e-03,2.643190923474e-03,2.604933721898e-03,2.621527060008e-03,2.642498552771e-03,2.616464477913e-03,2.589979227891e-03,2.565124574535e-03,2.544344075611e-03,2.523698819710e-03,2.504773742741e-03,2.485707989145e-03,2.470362096172e-03,2.455467378342e-03,2.440599357357e-03,2.428128733422e-03,2.415897045472e-03,2.403904293524e-03,2.395490725569e-03,1.834470313880e-03
321.100000,2.631906761370e-03,2.597199480959e-03,2.740960096727e-03,2.713412068183e-03,2.685360849917e-03,2.661421629115e-03,2.643309596915e-03,2.605049612386e-03,2.621642428379e-03,2.642615819798e-03,2.616579386885e-03,2.590091582641e-03,2.565234629575e-03,2.544452211784e-03,2.523805043816e-03,2.504878143416e-03,2.485810559139e-03,2.470463194488e-03,2.455567201183e-03,2.440697737145e-03,2.428225959829e-03,2.415993132810e-03,2.403999256108e-03,2.395584915153e-03,1.834532339380e-03
321.600000,2.632009395614e-03,2.597317997825e-03,2.741089706995e-03,2.713539452905e-03,2.685485997662e-03,2.661544945999e-03,2.643431454380e-03,2.605168600744e-03,2.621760886105e-03,2.642736232920e-03,2.616697370849e-03,2.590206935898e-03,2.565347613941e-03,2.544563219509e-03,2.523914081957e-03,2.504985303514e-03,2.485915833739e-03,2.470566953322e-03,2.455669645782e-03,2.440798695534e-03,2.428325730123e-03,2.416091729790e-03,2.404096694548e-03,2.395681557319e-03,1.834595794260e-03
322.100000,2.632114700802e-03,2.597439584662e-03,2.741222717710e-03,2.713670172158e-03,2.685614413606e-03,2.661671476436e-03,2.643556482151e-03,2.605290673652e-03,2.621882419903e-03,2.642859778595e-03,2.616818416543e-03,2.590325274742e-03,2.565463515007e-03,2.544677086408e-03,2.524025921998e-03,2.505095211133e-03,2.486023801269e-03,2.470673361174e-03,2.455774700841e-03,2.440902221361e-03,2.428428033308e-03,2.416192825556e-03,2.404196598118e-03,2.395780641453e-03,1.834660672310e-03
322.600000,2.632222665317e-03,2.597564228265e-03,2.741359114245e-03,2.713804211596e-03,2.685746083685e-03,2.661801206600e-03,2.643684666603e-03,2.605415817840e-03,2.622007016513e-03,2.642986443353e-03,2.616942510802e-03,2.590446586306e-03,2.565582320205e-03,2.544793800156e-03,2.524140551855e-03,2.505207854413e-03,2.486134450098e-03,2.470782406609e-03,2.455882355066e-03,2.441008303548e-03,2.428532858439e-03,2.416296409322e-03,2.404298956183e-03,2.395882157007e-03,1.834726967360e-03
323.100000,2.632333277654e-03,2.597691915489e-03,2.741498882070e-03,2.713941556968e-03,2.685880993917e-03,2.661934122754e-03,2.643815994175e-03,2.605544020108e-03,2.622134662764e-03,2.643116213767e-03,2.617069640496e-03,2.590570857806e-03,2.565704017026e-03,2.544913348487e-03,2.524257959503e-03,2.505323221567e-03,2.486247768666e-03,2.470894078244e-03,2.455992597243e-03,2.441116931065e-03,2.428640194635e-03,2.416402470327e-03,2.404403758130e-03,2.395986093462e-03,1.834794673240e-03
323.600000,2.632446526305e-03,2.597822633264e-03,2.741642006690e-03,2.714082194073e-03,2.686019130390e-03,2.662070211201e-03,2.643950451349e-03,2.605675267301e-03,2.622265345542e-03,2.643249076476e-03,2.617199792561e-03,2.590698076482e-03,2.565828593019e-03,2.545035719189e-03,2.524378132974e-03,2.505441300845e-03,2.486363745458e-03,2.471008364751e-03,2.456105416210e-03,2.441228092899e-03,2.428750031033e-03,2.416510997868e-03,2.404510993398e-03,2.396092440350e-03,1.834863783840e-03
324.100000,2.632562399837e-03,2.597956368559e-03,2.741788473694e-03,2.714226108769e-03,2.686160479242e-03,2.662209458302e-03,2.644088024690e-03,2.605809546344e-03,2.622399051779e-03,2.643385018201e-03,2.617332954019e-03,2.590828229672e-03,2.565956035789e-03,2.545160900107e-03,2.524501060348e-03,2.505562080558e-03,2.486482369005e-03,2.471125254847e-03,2.456220800839e-03,2.441341778137e-03,2.428862356851e-03,2.416621981298e-03,2.404620651466e-03,2.396201187265e-03,1.834934293050e-03
324.600000,2.632680886867e-03,2.598093108425e-03,2.741938268756e-03,2.714373286993e-03,2.686305026684e-03,2.662351850516e-03,2.644228700802e-03,2.605946844222e-03,2.622535768494e-03,2.643524025706e-03,2.617469111908e-03,2.590961304750e-03,2.566086332998e-03,2.545288879143e-03,2.524626729766e-03,2.505685549070e-03,2.486603627909e-03,2.471244737309e-03,2.456338740079e-03,2.441457975863e-03,2.428977161335e-03,2.416735410004e-03,2.404732721869e-03,2.396312323825e-03,1.835006194790e-03
325.100000,2.632801976063e-03,2.598232839949e-03,2.742091377586e-03,2.714523714733e-03,2.686452758984e-03,2.662497374339e-03,2.644372466391e-03,2.606087147956e-03,2.622675482755e-03,2.643666085820e-03,2.617608253374e-03,2.591097289140e-03,2.566219472366e-03,2.545419644252e-03,2.524755129418e-03,2.505811694796e-03,2.486727510805e-03,2.471366800947e-03,2.456459222888e-03,2.441576675260e-03,2.429094433789e-03,2.416851273434e-03,2.404847194193e-03,2.396425839705e-03,1.835079483020e-03
325.600000,2.632925656134e-03,2.598375550299e-03,2.742247785968e-03,2.714677378066e-03,2.686603662502e-03,2.662646016331e-03,2.644519308173e-03,2.606230444672e-03,2.622818181674e-03,2.643811185420e-03,2.617750365578e-03,2.591236170349e-03,2.566355441668e-03,2.545553183447e-03,2.524886247551e-03,2.505940506212e-03,2.486854006378e-03,2.471491434648e-03,2.456582238300e-03,2.441697865508e-03,2.429214163558e-03,2.416969561074e-03,2.404964058054e-03,2.396541724648e-03,1.835154151710e-03
326.100000,2.633051915839e-03,2.598521226703e-03,2.742407479778e-03,2.714834263106e-03,2.686757723608e-03,2.662797763118e-03,2.644669212972e-03,2.606376721504e-03,2.622963852440e-03,2.643959311480e-03,2.617895435769e-03,2.591377935908e-03,2.566494228735e-03,2.545689484793e-03,2.525020072465e-03,2.506071971833e-03,2.486983103373e-03,2.471618627317e-03,2.456707775408e-03,2.441821535885e-03,2.429336340036e-03,2.417090262458e-03,2.405083303130e-03,2.396659968388e-03,1.835230194870e-03
326.600000,2.633180744000e-03,2.598669856423e-03,2.742570444919e-03,2.714994356060e-03,2.686914928781e-03,2.662952601397e-03,2.644822167649e-03,2.606525965679e-03,2.623112482294e-03,2.644110450997e-03,2.618043451249e-03,2.591522573441e-03,2.566635821455e-03,2.545828536411e-03,2.525156592514e-03,2.506206080228e-03,2.487114790603e-03,2.471748367940e-03,2.456835823344e-03,2.441947675681e-03,2.429460952669e-03,2.417213367164e-03,2.405204919152e-03,2.396780560769e-03,1.835307606510e-03
327.100000,2.633312129479e-03,2.598821426814e-03,2.742736667388e-03,2.715157643171e-03,2.687075264550e-03,2.663110517903e-03,2.644978159125e-03,2.606678164479e-03,2.623264058531e-03,2.644264591046e-03,2.618194399362e-03,2.591670070613e-03,2.566780207772e-03,2.545970326474e-03,2.525295796102e-03,2.506342820035e-03,2.487249056883e-03,2.471880645537e-03,2.456966371270e-03,2.442076274250e-03,2.429587990959e-03,2.417338864831e-03,2.405328895865e-03,2.396903491629e-03,1.835386380690e-03
327.600000,2.633446061175e-03,2.598975925268e-03,2.742906133242e-03,2.715324110770e-03,2.687238717504e-03,2.663271499472e-03,2.645137174392e-03,2.606833305241e-03,2.623418568537e-03,2.644421718756e-03,2.618348267546e-03,2.591820415134e-03,2.566927375678e-03,2.546114843214e-03,2.525437671690e-03,2.506482179918e-03,2.487385891143e-03,2.472015449179e-03,2.457099408420e-03,2.442207321003e-03,2.429717444430e-03,2.417466745121e-03,2.405455223094e-03,2.397028750873e-03,1.835466511480e-03
328.100000,2.633582528044e-03,2.599133339226e-03,2.743078828598e-03,2.715493745238e-03,2.687405274291e-03,2.663435532951e-03,2.645299200508e-03,2.606991375359e-03,2.623575999711e-03,2.644581821321e-03,2.618505043247e-03,2.591973594791e-03,2.567077313234e-03,2.546262074912e-03,2.525582207788e-03,2.506624148612e-03,2.487525282301e-03,2.472152767991e-03,2.457234924067e-03,2.442340805380e-03,2.429849302668e-03,2.417596997769e-03,2.405583890681e-03,2.397156328449e-03,1.835547993000e-03
328.600000,2.633721519109e-03,2.599293656223e-03,2.743254739628e-03,2.715666533023e-03,2.687574921628e-03,2.663602605294e-03,2.645464224566e-03,2.607152362282e-03,2.623736339530e-03,2.644744885989e-03,2.618664714026e-03,2.592129597408e-03,2.567230008541e-03,2.546412009904e-03,2.525729392959e-03,2.506768714899e-03,2.487667219359e-03,2.472292591128e-03,2.457372907552e-03,2.442476716867e-03,2.429983555314e-03,2.417729612540e-03,2.405714888536e-03,2.397286214366e-03,1.835630819360e-03
329.100000,2.633863023415e-03,2.599456863818e-03,2.743433852594e-03,2.715842460632e-03,2.687747646303e-03,2.663772703490e-03,2.645632233742e-03,2.607316253528e-03,2.623899575528e-03,2.644910900065e-03,2.618827267447e-03,2.592288410891e-03,2.567385449762e-03,2.546564636578e-03,2.525879215821e-03,2.506915867597e-03,2.487811691373e-03,2.472434907831e-03,2.457513348225e-03,2.442615045005e-03,2.430120192037e-03,2.417864579240e-03,2.405848206604e-03,2.397418398649e-03,1.835714984710e-03
329.600000,2.634007030055e-03,2.599622949643e-03,2.743616153799e-03,2.716021514649e-03,2.687923435141e-03,2.663945814593e-03,2.645803215253e-03,2.607483036670e-03,2.624065695309e-03,2.645079850925e-03,2.618992691162e-03,2.592450023161e-03,2.567543625112e-03,2.546719943375e-03,2.526031665036e-03,2.507065595587e-03,2.487958687426e-03,2.472579707348e-03,2.457656235511e-03,2.442755779398e-03,2.430259202576e-03,2.418001887730e-03,2.405983834873e-03,2.397552871378e-03,1.835800483240e-03
330.100000,2.634153528195e-03,2.599791901378e-03,2.743801629609e-03,2.716203681695e-03,2.688102275026e-03,2.664121925718e-03,2.645977156398e-03,2.607652699323e-03,2.624234686516e-03,2.645251725984e-03,2.619160972882e-03,2.592614422235e-03,2.567704522860e-03,2.546877918791e-03,2.526186729323e-03,2.507217887822e-03,2.488108196667e-03,2.472726978998e-03,2.457801558889e-03,2.442898909668e-03,2.430400576680e-03,2.418141527907e-03,2.406121763380e-03,2.397689622679e-03,1.835887309130e-03
330.600000,2.634302507021e-03,2.599963706774e-03,2.743990266478e-03,2.716388948468e-03,2.688284152951e-03,2.664301024046e-03,2.646154044519e-03,2.607825229172e-03,2.624406536845e-03,2.645426512726e-03,2.619332100360e-03,2.592781596164e-03,2.567868131328e-03,2.547038551370e-03,2.526344397455e-03,2.507372733258e-03,2.488260208292e-03,2.472876712155e-03,2.457949307857e-03,2.443044425506e-03,2.430544304175e-03,2.418283489737e-03,2.406261982192e-03,2.397828642719e-03,1.835975456620e-03
331.100000,2.634453955780e-03,2.600138353626e-03,2.744182050893e-03,2.716577301737e-03,2.688469055889e-03,2.664483096793e-03,2.646333867020e-03,2.608000613964e-03,2.624581234066e-03,2.645604198692e-03,2.619506061404e-03,2.592951533043e-03,2.568034438892e-03,2.547201829710e-03,2.526504658248e-03,2.507530120931e-03,2.488414711532e-03,2.473028896214e-03,2.458099471974e-03,2.443192316624e-03,2.430690374916e-03,2.418427763197e-03,2.406404481458e-03,2.397969921717e-03,1.836064919960e-03
331.600000,2.634607863768e-03,2.600315829774e-03,2.744376969433e-03,2.716768728322e-03,2.688656970959e-03,2.664668131268e-03,2.646516611343e-03,2.608178841504e-03,2.624758765993e-03,2.645784771478e-03,2.619682843895e-03,2.593124221051e-03,2.568203433978e-03,2.547367742462e-03,2.526667500573e-03,2.507690039926e-03,2.488571695684e-03,2.473183520648e-03,2.458252040865e-03,2.443342572804e-03,2.430838778817e-03,2.418574338323e-03,2.406549251319e-03,2.398113449927e-03,1.836155693410e-03
332.100000,2.634764220322e-03,2.600496123153e-03,2.744575008705e-03,2.716963215094e-03,2.688847885282e-03,2.664856114807e-03,2.646702265034e-03,2.608359899621e-03,2.624939120495e-03,2.645968218737e-03,2.619862435748e-03,2.593299648400e-03,2.568375105069e-03,2.547536278329e-03,2.526832913352e-03,2.507852479358e-03,2.488731150080e-03,2.473340574948e-03,2.458407004169e-03,2.443495183860e-03,2.430989505831e-03,2.418723205206e-03,2.406696282001e-03,2.398259217649e-03,1.836247771280e-03
332.600000,2.634923014808e-03,2.600679221716e-03,2.744776155394e-03,2.717160748987e-03,2.689041786054e-03,2.665047034832e-03,2.646890815651e-03,2.608543776247e-03,2.625122285515e-03,2.646154528184e-03,2.620044824951e-03,2.593477803368e-03,2.568549440696e-03,2.547707426057e-03,2.527000885553e-03,2.508017428427e-03,2.488893064121e-03,2.473500048680e-03,2.458564351597e-03,2.443650139661e-03,2.431142545937e-03,2.418874353965e-03,2.406845563745e-03,2.398407215213e-03,1.836341147880e-03
333.100000,2.635084236674e-03,2.600865113475e-03,2.744980396262e-03,2.717361317017e-03,2.689238660541e-03,2.665240878805e-03,2.647082250828e-03,2.608730459330e-03,2.625308249028e-03,2.646343687579e-03,2.620229999528e-03,2.593658674254e-03,2.568726429445e-03,2.547881174454e-03,2.527171406197e-03,2.508184876345e-03,2.489057427216e-03,2.473661931440e-03,2.458724072885e-03,2.443807430118e-03,2.431297889187e-03,2.419027774771e-03,2.406997086859e-03,2.398557433017e-03,1.836435817570e-03
333.600000,2.635247875388e-03,2.601053786514e-03,2.745187718116e-03,2.717564906250e-03,2.689438496035e-03,2.665437634257e-03,2.647276558265e-03,2.608919936894e-03,2.625496999073e-03,2.646535684739e-03,2.620417947574e-03,2.593842249460e-03,2.568906059951e-03,2.548057512371e-03,2.527344464355e-03,2.508354812378e-03,2.489224228859e-03,2.473826212861e-03,2.458886157829e-03,2.443967045175e-03,2.431455525672e-03,2.419183457834e-03,2.407150841674e-03,2.398709861492e-03,1.836531774700e-03
334.100000,2.635413920467e-03,2.601245228977e-03,2.745398107812e-03,2.717771503781e-03,2.689641279938e-03,2.665637288753e-03,2.647473725691e-03,2.609112197015e-03,2.625688523744e-03,2.646730507557e-03,2.620608657247e-03,2.594028517395e-03,2.569088320903e-03,2.548236428713e-03,2.527520049145e-03,2.508527225868e-03,2.489393458568e-03,2.473992882651e-03,2.459050596257e-03,2.444128974836e-03,2.431615445497e-03,2.419341393415e-03,2.407306818572e-03,2.398864491093e-03,1.836629013670e-03
334.600000,2.635582361487e-03,2.601439429023e-03,2.745611552290e-03,2.717981096811e-03,2.689846999650e-03,2.665839829935e-03,2.647673740921e-03,2.609307227813e-03,2.625882811185e-03,2.646928143960e-03,2.620802116717e-03,2.594217466555e-03,2.569273201036e-03,2.548417912433e-03,2.527698149733e-03,2.508702106171e-03,2.489565105939e-03,2.474161930531e-03,2.459217378066e-03,2.444293209133e-03,2.431777638855e-03,2.419501571802e-03,2.407465007988e-03,2.399021312337e-03,1.836727528900e-03
335.100000,2.635753188048e-03,2.601636374906e-03,2.745828038537e-03,2.718193672565e-03,2.690055642687e-03,2.666045245510e-03,2.647876591806e-03,2.609505017476e-03,2.626079849599e-03,2.647128581924e-03,2.620998314257e-03,2.594409085475e-03,2.569460689146e-03,2.548601952535e-03,2.527878755339e-03,2.508879442708e-03,2.489739160558e-03,2.474333346301e-03,2.459386493171e-03,2.444459738169e-03,2.431942095942e-03,2.419663983350e-03,2.407625400378e-03,2.399180315778e-03,1.836827314830e-03
335.600000,2.635926389818e-03,2.601836054906e-03,2.746047553605e-03,2.718409218355e-03,2.690267196573e-03,2.666253523218e-03,2.648082266264e-03,2.609705554240e-03,2.626279627242e-03,2.647331809504e-03,2.621197238163e-03,2.594603362725e-03,2.569650774066e-03,2.548788538070e-03,2.528061855221e-03,2.509059224951e-03,2.489915612117e-03,2.474507119785e-03,2.459557931560e-03,2.444628552059e-03,2.432108807036e-03,2.419828618435e-03,2.407787986254e-03,2.399341492011e-03,1.836928365920e-03
336.100000,2.636101956491e-03,2.602038457385e-03,2.746270084596e-03,2.718627721519e-03,2.690481648930e-03,2.666464650879e-03,2.648290752260e-03,2.609908826392e-03,2.626482132413e-03,2.647537814799e-03,2.621398876795e-03,2.594800286945e-03,2.569843444693e-03,2.548977658142e-03,2.528247438698e-03,2.509241442400e-03,2.490094450326e-03,2.474683240847e-03,2.459731683234e-03,2.444799640992e-03,2.432277762434e-03,2.419995467492e-03,2.407952756163e-03,2.399504831665e-03,1.837030676650e-03
336.600000,2.636279877817e-03,2.602243570739e-03,2.746495618682e-03,2.718849169477e-03,2.690698987407e-03,2.666678616333e-03,2.648502037825e-03,2.610114822286e-03,2.626687353497e-03,2.647746585950e-03,2.621603218570e-03,2.594999846845e-03,2.570038689957e-03,2.549169301901e-03,2.528435495126e-03,2.509426084627e-03,2.490275664935e-03,2.474861699425e-03,2.459907738248e-03,2.444972995183e-03,2.432448952462e-03,2.420164520977e-03,2.408119700699e-03,2.399670325421e-03,1.837134241530e-03
337.100000,2.636460143584e-03,2.602451383400e-03,2.746724143093e-03,2.719073549697e-03,2.690919199711e-03,2.666895407526e-03,2.648716111026e-03,2.610323530302e-03,2.626895278874e-03,2.647958111155e-03,2.621810251933e-03,2.595202031141e-03,2.570236498867e-03,2.549363458546e-03,2.528626013918e-03,2.509613141225e-03,2.490459245759e-03,2.475042485462e-03,2.460086086734e-03,2.445148604883e-03,2.432622367536e-03,2.420335769402e-03,2.408288810502e-03,2.399837963997e-03,1.837239055100e-03
337.600000,2.636642743625e-03,2.602661883890e-03,2.746955645105e-03,2.719300849718e-03,2.691142273614e-03,2.667115012408e-03,2.648932959993e-03,2.610534938904e-03,2.627105897044e-03,2.648172378691e-03,2.622019965404e-03,2.595406828628e-03,2.570436860439e-03,2.549560117328e-03,2.528818984526e-03,2.509802601856e-03,2.490645182637e-03,2.475225588972e-03,2.460266718813e-03,2.445326460392e-03,2.432797998054e-03,2.420509203333e-03,2.408460076241e-03,2.400007738158e-03,1.837345111910e-03
338.100000,2.636827667821e-03,2.602875060764e-03,2.747190112069e-03,2.719531057096e-03,2.691368196967e-03,2.667337419015e-03,2.649152572926e-03,2.610749036589e-03,2.627319196502e-03,2.648389376857e-03,2.622232347560e-03,2.595614228149e-03,2.570639763784e-03,2.549759267538e-03,2.529014396451e-03,2.509994456210e-03,2.490833465461e-03,2.475411000013e-03,2.460449624687e-03,2.445506552080e-03,2.432975834515e-03,2.420684813362e-03,2.408633488627e-03,2.400179638688e-03,1.837452406530e-03
338.600000,2.637014906084e-03,2.603090902621e-03,2.747427531390e-03,2.719764159504e-03,2.691596957627e-03,2.667562615423e-03,2.649374938058e-03,2.610965811895e-03,2.627535165831e-03,2.648609094025e-03,2.622447387016e-03,2.595824218593e-03,2.570845198022e-03,2.549960898524e-03,2.529212239247e-03,2.510188694042e-03,2.491024084181e-03,2.475598708681e-03,2.460634794594e-03,2.445688870309e-03,2.433155867411e-03,2.420862590117e-03,2.408809038426e-03,2.400353656439e-03,1.837560933570e-03
339.100000,2.637204448383e-03,2.603309398118e-03,2.747667890508e-03,2.720000144616e-03,2.691828543538e-03,2.667790589787e-03,2.649600043678e-03,2.611185253447e-03,2.627753793641e-03,2.648831518603e-03,2.622665072441e-03,2.596036788904e-03,2.571053152357e-03,2.550164999676e-03,2.529412502508e-03,2.510385305132e-03,2.491217028782e-03,2.475788705115e-03,2.460822218821e-03,2.445873405532e-03,2.433338087310e-03,2.421042524264e-03,2.408986716422e-03,2.400529782291e-03,1.837670687650e-03
339.600000,2.637396284742e-03,2.603530535986e-03,2.747911176950e-03,2.720239000197e-03,2.692062942690e-03,2.668021330271e-03,2.649827878137e-03,2.611407349900e-03,2.627975068617e-03,2.649056639063e-03,2.622885392543e-03,2.596251928070e-03,2.571263616004e-03,2.550371560437e-03,2.529615175874e-03,2.510584279321e-03,2.491412289280e-03,2.475980979492e-03,2.461011887661e-03,2.446060148220e-03,2.433522484794e-03,2.421224606551e-03,2.409166513464e-03,2.400708007148e-03,1.837781663410e-03
340.100000,2.637590405187e-03,2.603754304967e-03,2.748157378293e-03,2.720480714052e-03,2.692300143151e-03,2.668254825147e-03,2.650058429825e-03,2.611632089962e-03,2.628198979484e-03,2.649284443931e-03,2.623108336118e-03,2.596469625140e-03,2.571476578256e-03,2.550580570287e-03,2.529820249038e-03,2.510785606479e-03,2.491609855753e-03,2.476175522053e-03,2.461203791513e-03,2.446249088875e-03,2.433709050520e-03,2.421408827708e-03,2.409348420424e-03,2.400888321987e-03,1.837893855530e-03
340.600000,2.637786799822e-03,2.603980693881e-03,2.748406482155e-03,2.720725274046e-03,2.692540132994e-03,2.668491062684e-03,2.650291687206e-03,2.611859462382e-03,2.628425515006e-03,2.649514921774e-03,2.623333891959e-03,2.596689869182e-03,2.571692028451e-03,2.550792018766e-03,2.530027711733e-03,2.510989276556e-03,2.491809718325e-03,2.476372323064e-03,2.461397920758e-03,2.446440218062e-03,2.433897775157e-03,2.421595178546e-03,2.409532428207e-03,2.401070717798e-03,1.838007258680e-03
341.100000,2.637985458789e-03,2.604209691592e-03,2.748658476222e-03,2.720972668089e-03,2.692782900379e-03,2.668730031261e-03,2.650527638779e-03,2.612089455973e-03,2.628654664022e-03,2.649748061218e-03,2.623562048967e-03,2.596912649350e-03,2.571909955955e-03,2.551005895450e-03,2.530237553739e-03,2.511195279488e-03,2.492011867154e-03,2.476571372828e-03,2.461594265863e-03,2.446633526382e-03,2.434088649435e-03,2.421783649905e-03,2.409718527794e-03,2.401255185610e-03,1.838121867590e-03
341.600000,2.638186372263e-03,2.604441287008e-03,2.748913348247e-03,2.721222884172e-03,2.693028433531e-03,2.668971719252e-03,2.650766273090e-03,2.612322059613e-03,2.628886415390e-03,2.649983850935e-03,2.623792796037e-03,2.597137954832e-03,2.572130350198e-03,2.551222189963e-03,2.530449764880e-03,2.511403605315e-03,2.492216292429e-03,2.476772661712e-03,2.461792817307e-03,2.446829004479e-03,2.434281664091e-03,2.421974232658e-03,2.409906710160e-03,2.401441716520e-03,1.838237676980e-03
342.100000,2.638389530468e-03,2.604675469102e-03,2.749171086007e-03,2.721475910314e-03,2.693276720694e-03,2.669216115131e-03,2.651007578763e-03,2.612557262186e-03,2.629120758058e-03,2.650222279658e-03,2.624026122165e-03,2.597365774858e-03,2.572353200668e-03,2.551440891982e-03,2.530664335030e-03,2.511614244083e-03,2.492422984421e-03,2.476976180114e-03,2.461993565625e-03,2.447026643025e-03,2.434476809952e-03,2.422166917724e-03,2.410096966350e-03,2.401630301629e-03,1.838354681620e-03
342.600000,2.638594923663e-03,2.604912226881e-03,2.749431677362e-03,2.721731734589e-03,2.693527750205e-03,2.669463207400e-03,2.651251544453e-03,2.612795052673e-03,2.629357680987e-03,2.650463336156e-03,2.624262016358e-03,2.597596098701e-03,2.572578496859e-03,2.551661991225e-03,2.530881254101e-03,2.511827185903e-03,2.492631933408e-03,2.477181918475e-03,2.462196501397e-03,2.447226432744e-03,2.434674077838e-03,2.422361696078e-03,2.410289287442e-03,2.401820932088e-03,1.838472876270e-03
343.100000,2.638802542151e-03,2.605151549411e-03,2.749695110227e-03,2.721990345145e-03,2.693781510407e-03,2.669712984624e-03,2.651498158856e-03,2.613035420084e-03,2.629597173214e-03,2.650707009266e-03,2.624500467688e-03,2.597828915709e-03,2.572806228353e-03,2.551885477453e-03,2.531100512058e-03,2.512042420912e-03,2.492843129713e-03,2.477389867272e-03,2.462401615231e-03,2.447428364411e-03,2.434873458649e-03,2.422558558691e-03,2.410483664548e-03,2.402013599101e-03,1.838592255740e-03
343.600000,2.639012376281e-03,2.605393425809e-03,2.749961372551e-03,2.722251730169e-03,2.694037989731e-03,2.669965435402e-03,2.651747410748e-03,2.613278353473e-03,2.629839223802e-03,2.650953287862e-03,2.624741465282e-03,2.598064215256e-03,2.573036384769e-03,2.552111340479e-03,2.531322098901e-03,2.512259939306e-03,2.493056563728e-03,2.477600017044e-03,2.462608897798e-03,2.447632428815e-03,2.435074943291e-03,2.422757496623e-03,2.410680088810e-03,2.402208293893e-03,1.838712814860e-03
344.100000,2.639224416434e-03,2.605637845225e-03,2.750230452352e-03,2.722515877905e-03,2.694297176652e-03,2.670220548402e-03,2.651999288933e-03,2.613523841943e-03,2.630083821871e-03,2.651202160862e-03,2.624984998303e-03,2.598301986759e-03,2.573268955752e-03,2.552339570157e-03,2.531546004681e-03,2.512479731316e-03,2.493272225859e-03,2.477812358336e-03,2.462818339773e-03,2.447838616800e-03,2.435278522736e-03,2.422958500936e-03,2.410878551421e-03,2.402405007742e-03,1.838834548450e-03
344.600000,2.639438653059e-03,2.605884796865e-03,2.750502337708e-03,2.722782776647e-03,2.694559059691e-03,2.670478312335e-03,2.652253782282e-03,2.613771874661e-03,2.630330956612e-03,2.651453617260e-03,2.625231055956e-03,2.598542219698e-03,2.573503931023e-03,2.552570156385e-03,2.531772219493e-03,2.512701787219e-03,2.493490106584e-03,2.478026881775e-03,2.463029931921e-03,2.448046919260e-03,2.435484187974e-03,2.423161562760e-03,2.411079043621e-03,2.402603731936e-03,1.838957451390e-03
345.100000,2.639655076601e-03,2.606134270008e-03,2.750777016733e-03,2.723052414740e-03,2.694823627415e-03,2.670738715974e-03,2.652510879698e-03,2.614022440843e-03,2.630580617233e-03,2.651707646067e-03,2.625479627529e-03,2.598784903594e-03,2.573741300316e-03,2.552803089108e-03,2.532000733472e-03,2.512926097340e-03,2.493710196381e-03,2.478243577995e-03,2.463243665014e-03,2.448257327108e-03,2.435691930052e-03,2.423366673236e-03,2.411281556660e-03,2.402804457845e-03,1.839081518560e-03
345.600000,2.639873677579e-03,2.606386253939e-03,2.751054477610e-03,2.723324780595e-03,2.695090868474e-03,2.671001748124e-03,2.652770570146e-03,2.614275529728e-03,2.630832792997e-03,2.651964236365e-03,2.625730702320e-03,2.599030028002e-03,2.573981053442e-03,2.553038358316e-03,2.532231536800e-03,2.513152652030e-03,2.493932485813e-03,2.478462437704e-03,2.463459529854e-03,2.448469831325e-03,2.435901740049e-03,2.423573823557e-03,2.411486081860e-03,2.403007176828e-03,1.839206744880e-03
346.100000,2.640094446558e-03,2.606640738020e-03,2.751334708562e-03,2.723599862659e-03,2.695360771527e-03,2.671267397648e-03,2.653032842625e-03,2.614531130624e-03,2.631087473230e-03,2.652223377285e-03,2.625984269683e-03,2.599277582551e-03,2.574223180242e-03,2.553275954045e-03,2.532464619697e-03,2.513381441698e-03,2.494156965449e-03,2.478683451622e-03,2.463677517317e-03,2.448684422884e-03,2.436113609076e-03,2.423783004966e-03,2.411692610562e-03,2.403211880329e-03,1.839333125250e-03
346.600000,2.640317374113e-03,2.606897711665e-03,2.751617697877e-03,2.723877649437e-03,2.695633325316e-03,2.671535653462e-03,2.653297686216e-03,2.614789232892e-03,2.631344647296e-03,2.652485057986e-03,2.626240319042e-03,2.599527556895e-03,2.574467670593e-03,2.553515866368e-03,2.532699972436e-03,2.513612456792e-03,2.494383625934e-03,2.478906610517e-03,2.463897618304e-03,2.448901092862e-03,2.436327528299e-03,2.423994208724e-03,2.411901134137e-03,2.403418559779e-03,1.839460654650e-03
347.100000,2.640542450877e-03,2.607157164303e-03,2.751903433890e-03,2.724158129499e-03,2.695908518597e-03,2.671806504545e-03,2.653565090023e-03,2.615049825912e-03,2.631604304611e-03,2.652749267704e-03,2.626498839847e-03,2.599779940729e-03,2.574714514438e-03,2.553758085406e-03,2.532937585323e-03,2.513845687795e-03,2.494612457922e-03,2.479131905204e-03,2.464119823758e-03,2.449119832309e-03,2.436543488907e-03,2.424207426137e-03,2.412111644013e-03,2.403627206694e-03,1.839589328020e-03
347.600000,2.640769667523e-03,2.607419085440e-03,2.752191904985e-03,2.724441291436e-03,2.696186340243e-03,2.672079939892e-03,2.653835043183e-03,2.615312899158e-03,2.631866434624e-03,2.653015995693e-03,2.626759821593e-03,2.600034723816e-03,2.574963701741e-03,2.554002601328e-03,2.533177448711e-03,2.514081125240e-03,2.494843452129e-03,2.479359326552e-03,2.464344124640e-03,2.449340632359e-03,2.436761482137e-03,2.424422648563e-03,2.412324131627e-03,2.403837812588e-03,1.839719140370e-03
348.100000,2.640999014773e-03,2.607683464623e-03,2.752483099615e-03,2.724727123907e-03,2.696466779091e-03,2.672355948572e-03,2.654107534934e-03,2.615578442090e-03,2.632131026839e-03,2.653285231288e-03,2.627023253835e-03,2.600291895946e-03,2.575215222540e-03,2.554249404341e-03,2.533419552996e-03,2.514318759712e-03,2.495076599300e-03,2.479588865431e-03,2.464570511989e-03,2.449563484176e-03,2.436981499252e-03,2.424639867356e-03,2.412538588498e-03,2.404050369043e-03,1.839850086710e-03
348.600000,2.641230483356e-03,2.607950291435e-03,2.752777006255e-03,2.725015615636e-03,2.696749824094e-03,2.672634519693e-03,2.654382554506e-03,2.615846444283e-03,2.632398070814e-03,2.653556963836e-03,2.627289126163e-03,2.600551446960e-03,2.575469066886e-03,2.554498484693e-03,2.533663888613e-03,2.514558581807e-03,2.495311890230e-03,2.479820512781e-03,2.464798976853e-03,2.449788378944e-03,2.437203531569e-03,2.424859073969e-03,2.412755006134e-03,2.404264867658e-03,1.839982162070e-03
349.100000,2.641464064091e-03,2.608219555513e-03,2.753073613463e-03,2.725306755376e-03,2.697035464227e-03,2.672915642423e-03,2.654660091222e-03,2.616116895296e-03,2.632667556153e-03,2.653831182758e-03,2.627557428217e-03,2.600813366753e-03,2.575725224884e-03,2.554749832682e-03,2.533910446046e-03,2.514800582177e-03,2.495549315740e-03,2.480054259571e-03,2.465029510334e-03,2.450015307904e-03,2.437427570432e-03,2.425080259831e-03,2.412973376098e-03,2.404481300069e-03,1.840115361500e-03
349.600000,2.641699747786e-03,2.608491246549e-03,2.753372909830e-03,2.725600531939e-03,2.697323688522e-03,2.673199305970e-03,2.654940134417e-03,2.616389784776e-03,2.632939472500e-03,2.654107877510e-03,2.627828149692e-03,2.601077645240e-03,2.575983686699e-03,2.555003438643e-03,2.534159215810e-03,2.515044751536e-03,2.495788866713e-03,2.480290096813e-03,2.465262103554e-03,2.450244262332e-03,2.437653607224e-03,2.425303416447e-03,2.413193690008e-03,2.404699657950e-03,1.840249680080e-03
350.100000,2.641937525316e-03,2.608765354254e-03,2.753674883996e-03,2.725896934185e-03,2.697614486045e-03,2.673485499582e-03,2.655222673495e-03,2.616665102393e-03,2.633213809534e-03,2.654387037602e-03,2.628101280310e-03,2.601344272406e-03,2.576244442519e-03,2.555259292958e-03,2.534410188472e-03,2.515291080604e-03,2.496030534052e-03,2.480528015565e-03,2.465496747712e-03,2.450475233537e-03,2.437881633363e-03,2.425528535360e-03,2.413415939499e-03,2.404919933020e-03,1.840385112890e-03
350.600000,2.642177387587e-03,2.609041868422e-03,2.753979524665e-03,2.726195951024e-03,2.697907845945e-03,2.673774212577e-03,2.655507697896e-03,2.616942837894e-03,2.633490556999e-03,2.654668652575e-03,2.628376809853e-03,2.601613238269e-03,2.576507482580e-03,2.555517386045e-03,2.534663354634e-03,2.515539560165e-03,2.496274308699e-03,2.480768006912e-03,2.465733433996e-03,2.450708212867e-03,2.438111640327e-03,2.425755608115e-03,2.413640116234e-03,2.405142117034e-03,1.840521655060e-03
351.100000,2.642419325552e-03,2.609320778861e-03,2.754286820570e-03,2.726497571426e-03,2.698203757368e-03,2.674065434291e-03,2.655795197117e-03,2.617222981030e-03,2.633769704679e-03,2.654952712038e-03,2.628654728151e-03,2.601884532890e-03,2.576772797173e-03,2.555777708371e-03,2.534918704943e-03,2.515790181030e-03,2.496520181659e-03,2.481010061975e-03,2.465972153665e-03,2.450943191710e-03,2.438343619586e-03,2.425984626331e-03,2.413866211936e-03,2.405366201760e-03,1.840659301720e-03
351.600000,2.642663330182e-03,2.609602075439e-03,2.754596760529e-03,2.726801784383e-03,2.698502209560e-03,2.674359154141e-03,2.656085160699e-03,2.617505521622e-03,2.634051242402e-03,2.655239205641e-03,2.628935025070e-03,2.602158146388e-03,2.577040376624e-03,2.556040250441e-03,2.535176230084e-03,2.516042934067e-03,2.496768143943e-03,2.481254171926e-03,2.466212898024e-03,2.451180161488e-03,2.438577562689e-03,2.426215581644e-03,2.414094218333e-03,2.405592179025e-03,1.840798048010e-03
352.100000,2.642909392508e-03,2.609885748054e-03,2.754909333378e-03,2.727108578974e-03,2.698803191777e-03,2.674655361562e-03,2.656377578221e-03,2.617790449533e-03,2.634335160035e-03,2.655528123056e-03,2.629217690512e-03,2.602434068891e-03,2.577310211285e-03,2.556305002803e-03,2.535435920783e-03,2.516297810156e-03,2.497018186643e-03,2.481500327976e-03,2.466455658372e-03,2.451419113663e-03,2.438813461203e-03,2.426448465731e-03,2.414324127229e-03,2.405820040694e-03,1.840937889130e-03
352.600000,2.643157503600e-03,2.610171786679e-03,2.755224528018e-03,2.727417944283e-03,2.699106693343e-03,2.674954046049e-03,2.656672439326e-03,2.618077754666e-03,2.634621447496e-03,2.655819454041e-03,2.629502714441e-03,2.602712290616e-03,2.577582291576e-03,2.556571956043e-03,2.535697767810e-03,2.516554800250e-03,2.497270300834e-03,2.481748521351e-03,2.466700426086e-03,2.451660039733e-03,2.439051306728e-03,2.426683270293e-03,2.414555930429e-03,2.406049778633e-03,1.841078820250e-03
353.100000,2.643407654543e-03,2.610460181311e-03,2.755542333385e-03,2.727729869486e-03,2.699412703630e-03,2.675255197153e-03,2.656969733675e-03,2.618367426984e-03,2.634910094756e-03,2.656113188358e-03,2.629790086869e-03,2.602992801799e-03,2.577856607939e-03,2.556841100794e-03,2.535961761970e-03,2.516813895318e-03,2.497524477694e-03,2.481998743349e-03,2.466947192571e-03,2.451902931232e-03,2.439291090918e-03,2.426919987102e-03,2.414789619783e-03,2.406281384780e-03,1.841220836600e-03
353.600000,2.643659836474e-03,2.610750921988e-03,2.755862738482e-03,2.728044343770e-03,2.699721212032e-03,2.675558804439e-03,2.657269451003e-03,2.618659456473e-03,2.635201091805e-03,2.656409315847e-03,2.630079797825e-03,2.603275592701e-03,2.578133150883e-03,2.557112427726e-03,2.536227894114e-03,2.517075086373e-03,2.497780708379e-03,2.482250985277e-03,2.467195949267e-03,2.452147779733e-03,2.439532805432e-03,2.427158607914e-03,2.415025187191e-03,2.406514851090e-03,1.841363933410e-03
354.100000,2.643914040577e-03,2.611043998792e-03,2.756185732360e-03,2.728361356399e-03,2.700032208028e-03,2.675864857564e-03,2.657571581072e-03,2.618953833175e-03,2.635494428715e-03,2.656707826374e-03,2.630371837404e-03,2.603560653663e-03,2.578411910932e-03,2.557385927551e-03,2.536496155131e-03,2.517338364476e-03,2.498038984133e-03,2.482505238497e-03,2.467446687644e-03,2.452394576844e-03,2.439776442005e-03,2.427399124574e-03,2.415262624562e-03,2.406750169557e-03,1.841508105930e-03
354.600000,2.644170258064e-03,2.611339401860e-03,2.756511304100e-03,2.728680896666e-03,2.700345681140e-03,2.676173346187e-03,2.657876113696e-03,2.619250547178e-03,2.635790095559e-03,2.657008709850e-03,2.630666195746e-03,2.603847975042e-03,2.578692878666e-03,2.557661591021e-03,2.536766535940e-03,2.517603720722e-03,2.498299296200e-03,2.482761494413e-03,2.467699399219e-03,2.452643314203e-03,2.440021992362e-03,2.427641528912e-03,2.415501923852e-03,2.406987332215e-03,1.841653349440e-03
355.100000,2.644428480165e-03,2.611637121366e-03,2.756839442852e-03,2.729002953925e-03,2.700661620872e-03,2.676484260047e-03,2.658183038750e-03,2.619549588599e-03,2.636088082478e-03,2.657311956252e-03,2.630962863017e-03,2.604137547245e-03,2.578976044705e-03,2.557939408927e-03,2.537039027511e-03,2.517871146227e-03,2.498561635876e-03,2.483019744436e-03,2.467954075536e-03,2.452893983495e-03,2.440269448315e-03,2.427885812828e-03,2.415743077060e-03,2.407226331126e-03,1.841799659230e-03
355.600000,2.644688698189e-03,2.611937147524e-03,2.757170137804e-03,2.729327517560e-03,2.700980016875e-03,2.676797588905e-03,2.658492346116e-03,2.619850947626e-03,2.636388379666e-03,2.657617555566e-03,2.631261829442e-03,2.604429360725e-03,2.579261399692e-03,2.558219372106e-03,2.537313620856e-03,2.518140632179e-03,2.498825994511e-03,2.483279980050e-03,2.468210708184e-03,2.453146576439e-03,2.440518801666e-03,2.428131968257e-03,2.415986076208e-03,2.407467158367e-03,1.841947030600e-03
356.100000,2.644950903444e-03,2.612239470604e-03,2.757503378185e-03,2.729654577011e-03,2.701300858760e-03,2.677113322585e-03,2.658804025748e-03,2.620154614462e-03,2.636690977328e-03,2.657925497846e-03,2.631563085289e-03,2.604723405981e-03,2.579548934343e-03,2.558501471426e-03,2.537590307020e-03,2.518412169777e-03,2.499092363478e-03,2.483542192755e-03,2.468469288788e-03,2.453401084780e-03,2.440770044278e-03,2.428379987137e-03,2.416230913349e-03,2.407709806095e-03,1.842095458910e-03
356.600000,2.645215087304e-03,2.612544080906e-03,2.757839153290e-03,2.729984121770e-03,2.701624136224e-03,2.677431450939e-03,2.659118067651e-03,2.620460579362e-03,2.636995865744e-03,2.658235773188e-03,2.631866620853e-03,2.605019673537e-03,2.579838639390e-03,2.558785697803e-03,2.537869077089e-03,2.518685750272e-03,2.499360734173e-03,2.483806374087e-03,2.468729808997e-03,2.453657500319e-03,2.441023168039e-03,2.428629861475e-03,2.416477580594e-03,2.407954266454e-03,1.842244939490e-03
357.100000,2.645481241141e-03,2.612850968774e-03,2.758177452443e-03,2.730316141375e-03,2.701949839024e-03,2.677751963872e-03,2.659434461846e-03,2.620768832638e-03,2.637303035221e-03,2.658548371734e-03,2.632172426493e-03,2.605318153957e-03,2.580130505624e-03,2.559072042188e-03,2.538149922176e-03,2.518961364954e-03,2.499631098056e-03,2.484072515643e-03,2.468992260517e-03,2.453915814853e-03,2.441278164879e-03,2.428881583290e-03,2.416726070064e-03,2.408200531648e-03,1.842395467710e-03
357.600000,2.645749356409e-03,2.613160124599e-03,2.758518265034e-03,2.730650625403e-03,2.702277956925e-03,2.678074851330e-03,2.659753198418e-03,2.621079364628e-03,2.637612476113e-03,2.658863283646e-03,2.632480492596e-03,2.605618837881e-03,2.580424523849e-03,2.559360495572e-03,2.538432833450e-03,2.519239005133e-03,2.499903446605e-03,2.484340609015e-03,2.469256635076e-03,2.454176020254e-03,2.441535026754e-03,2.429135144643e-03,2.416976373910e-03,2.408448593903e-03,1.842547038970e-03
358.100000,2.646019424574e-03,2.613471538815e-03,2.758861580481e-03,2.730987563472e-03,2.702608479751e-03,2.678400103315e-03,2.660074267497e-03,2.621392165724e-03,2.637924178810e-03,2.659180499162e-03,2.632790809581e-03,2.605921715947e-03,2.580720684936e-03,2.559651048986e-03,2.538717802113e-03,2.519518662189e-03,2.500177771343e-03,2.484610645867e-03,2.469522924442e-03,2.454438108416e-03,2.441793745664e-03,2.429390537634e-03,2.417228484341e-03,2.408698445488e-03,1.842699648670e-03
358.600000,2.646291437125e-03,2.613785201896e-03,2.759207388262e-03,2.731326945264e-03,2.702941397380e-03,2.678727709856e-03,2.660397659254e-03,2.621707226340e-03,2.638238133749e-03,2.659500008540e-03,2.633103367934e-03,2.606226778865e-03,2.581018979786e-03,2.559943693501e-03,2.539004819398e-03,2.519800327501e-03,2.500454063831e-03,2.484882617878e-03,2.469791120405e-03,2.454702071268e-03,2.442054313638e-03,2.429647754401e-03,2.417482393575e-03,2.408950078704e-03,1.842853292230e-03
359.100000,2.646565385618e-03,2.614101104348e-03,2.759555677893e-03,2.731668760494e-03,2.703276699723e-03,2.679057661040e-03,2.660723363879e-03,2.622024536953e-03,2.638554331411e-03,2.659821802086e-03,2.633418158176e-03,2.606534017364e-03,2.581319399336e-03,2.560238420225e-03,2.539293876586e-03,2.520083992512e-03,2.500732315653e-03,2.485156516783e-03,2.470061214808e-03,2.454967900767e-03,2.442316722723e-03,2.429906787095e-03,2.417738093881e-03,2.409203485872e-03,1.843007965120e-03
359.600000,2.646841261625e-03,2.614419236740e-03,2.759906438932e-03,2.732012998920e-03,2.703614376765e-03,2.679389946999e-03,2.661051371652e-03,2.622344088085e-03,2.638872762317e-03,2.660145870155e-03,2.633735170854e-03,2.606843422224e-03,2.581621934559e-03,2.560535220305e-03,2.539584964994e-03,2.520369648691e-03,2.501012518455e-03,2.485432334334e-03,2.470333199531e-03,2.455235588904e-03,2.442580965031e-03,2.430167627920e-03,2.417995577550e-03,2.409458659353e-03,1.843163662790e-03
360.100000,2.647119056745e-03,2.614739589660e-03,2.760259661004e-03,2.732359650352e-03,2.703954418462e-03,2.679724557884e-03,2.661381672858e-03,2.622665870276e-03,2.639193417020e-03,2.660472203135e-03,2.634054396565e-03,2.607154984263e-03,2.581926576489e-03,2.560834084923e-03,2.539878075959e-03,2.520657287552e-03,2.501294663896e-03,2.485710062315e-03,2.470607066471e-03,2.455505127728e-03,2.442847032700e-03,2.430430269096e-03,2.418254836905e-03,2.409715591551e-03,1.843320380720e-03
360.600000,2.647398762650e-03,2.615062153755e-03,2.760615333758e-03,2.732708704636e-03,2.704296814913e-03,2.680061483921e-03,2.661714257827e-03,2.622989874125e-03,2.639516286132e-03,2.660800791469e-03,2.634375825957e-03,2.607468694342e-03,2.582233316159e-03,2.561135005308e-03,2.540173200883e-03,2.520946900640e-03,2.501578743687e-03,2.485989692569e-03,2.470882807562e-03,2.455776509280e-03,2.443114917878e-03,2.430694702889e-03,2.418515864321e-03,2.409974274881e-03,1.843478114410e-03
361.100000,2.647680370996e-03,2.615386919703e-03,2.760973446904e-03,2.733060151687e-03,2.704641556183e-03,2.680400715351e-03,2.662049116951e-03,2.623316090278e-03,2.639841360289e-03,2.661131625621e-03,2.634699449698e-03,2.607784543357e-03,2.582542144693e-03,2.561437972718e-03,2.540470331185e-03,2.521238479524e-03,2.501864749543e-03,2.486271216963e-03,2.471160414802e-03,2.456049725678e-03,2.443384612774e-03,2.430960921607e-03,2.418778652177e-03,2.410234701813e-03,1.843636859400e-03
361.600000,2.647963873516e-03,2.615713878224e-03,2.761333990181e-03,2.733413981423e-03,2.704988632401e-03,2.680742242474e-03,2.662386240655e-03,2.623644509389e-03,2.640168630182e-03,2.661464696113e-03,2.635025258521e-03,2.608102522250e-03,2.582853053205e-03,2.561742978452e-03,2.540769458336e-03,2.521532015843e-03,2.502152673269e-03,2.486554627373e-03,2.471439880177e-03,2.456324769053e-03,2.443656109614e-03,2.431228917565e-03,2.419043192898e-03,2.410496864840e-03,1.843796611200e-03
362.100000,2.648249261954e-03,2.616043020080e-03,2.761696953385e-03,2.733770183836e-03,2.705338033779e-03,2.681086055644e-03,2.662725619399e-03,2.623975122199e-03,2.640498086531e-03,2.661799993510e-03,2.635353243186e-03,2.608422621986e-03,2.583166032878e-03,2.562050013848e-03,2.541070573831e-03,2.521827501237e-03,2.502442506646e-03,2.486839915762e-03,2.471721195745e-03,2.456601631560e-03,2.443929400669e-03,2.431498683131e-03,2.419309478948e-03,2.410760756473e-03,1.843957365400e-03
362.600000,2.648536528097e-03,2.616374336072e-03,2.762062326352e-03,2.734128748971e-03,2.705689750505e-03,2.681432145223e-03,2.663067243695e-03,2.624307919456e-03,2.640829720098e-03,2.662137508401e-03,2.635683394482e-03,2.608744833592e-03,2.583481074925e-03,2.562359070280e-03,2.541373669216e-03,2.522124927404e-03,2.502734241542e-03,2.487127074078e-03,2.472004353586e-03,2.456880305406e-03,2.444204478233e-03,2.431770210708e-03,2.419577502819e-03,2.411026369278e-03,1.844119117550e-03
363.100000,2.648825663775e-03,2.616707817047e-03,2.762430098968e-03,2.734489666881e-03,2.706043772860e-03,2.681780501645e-03,2.663411104088e-03,2.624642891964e-03,2.641163521701e-03,2.662477231438e-03,2.636015703267e-03,2.609069148125e-03,2.583798170586e-03,2.562670139162e-03,2.541678736039e-03,2.522424286063e-03,2.503027869813e-03,2.487416094334e-03,2.472289345811e-03,2.457160782831e-03,2.444481334642e-03,2.432043492706e-03,2.419847257019e-03,2.411293695837e-03,1.844281863250e-03
363.600000,2.649116660832e-03,2.617043453887e-03,2.762800261160e-03,2.734852927686e-03,2.706400091148e-03,2.682131115373e-03,2.663757191174e-03,2.624980030548e-03,2.641499482175e-03,2.662819153294e-03,2.636350160399e-03,2.609395556680e-03,2.584117311156e-03,2.562983211940e-03,2.541985765936e-03,2.522725568972e-03,2.503323383403e-03,2.487706968560e-03,2.472576164555e-03,2.457443056086e-03,2.444759962243e-03,2.432318521588e-03,2.420118734118e-03,2.411562728771e-03,1.844445598120e-03
364.100000,2.649409511161e-03,2.617381237499e-03,2.763172802885e-03,2.735218521554e-03,2.706758695704e-03,2.682483976915e-03,2.664105495566e-03,2.625319326097e-03,2.641837592405e-03,2.663163264690e-03,2.636686756823e-03,2.609724050369e-03,2.584438487960e-03,2.563298280102e-03,2.542294750546e-03,2.523028767946e-03,2.503620774228e-03,2.487999688826e-03,2.472864802014e-03,2.457727117483e-03,2.445040353452e-03,2.432595289855e-03,2.420391926693e-03,2.411833460731e-03,1.844610317780e-03
364.600000,2.649704206692e-03,2.617721158862e-03,2.763547714176e-03,2.735586438678e-03,2.707119576947e-03,2.682839076816e-03,2.664456007958e-03,2.625660769538e-03,2.642177843320e-03,2.663509556400e-03,2.637025483486e-03,2.610054620388e-03,2.584761692351e-03,2.563615335165e-03,2.542605681543e-03,2.523333874805e-03,2.503920034296e-03,2.488294247255e-03,2.473155250386e-03,2.458012959342e-03,2.445322500686e-03,2.432873790021e-03,2.420666827355e-03,2.412105884395e-03,1.844776017890e-03
365.100000,2.650000739362e-03,2.618063208972e-03,2.763924985073e-03,2.735956669300e-03,2.707482725288e-03,2.683196405671e-03,2.664808719043e-03,2.626004351804e-03,2.642520225885e-03,2.663858019227e-03,2.637366331387e-03,2.610387257935e-03,2.585086915745e-03,2.563934368693e-03,2.542918550647e-03,2.523640881412e-03,2.504221155610e-03,2.488590635961e-03,2.473447501932e-03,2.458300574037e-03,2.445606396404e-03,2.433154014648e-03,2.420943428770e-03,2.412379992477e-03,1.844942694110e-03
365.600000,2.650299101189e-03,2.618407378868e-03,2.764304605690e-03,2.736329203716e-03,2.707848131207e-03,2.683555954104e-03,2.665163619592e-03,2.626350063914e-03,2.642864731095e-03,2.664208643989e-03,2.637709291559e-03,2.610721954253e-03,2.585414149560e-03,2.564255372280e-03,2.543233349608e-03,2.523949779673e-03,2.504524130231e-03,2.488888847134e-03,2.473741548914e-03,2.458589953976e-03,2.445892033105e-03,2.433435956309e-03,2.421221723594e-03,2.412655777712e-03,1.845110342110e-03
366.100000,2.650599284171e-03,2.618753659629e-03,2.764686566163e-03,2.736704032250e-03,2.708215785238e-03,2.683917712783e-03,2.665520700383e-03,2.626697896898e-03,2.643211350006e-03,2.664561421599e-03,2.638054355092e-03,2.611058700636e-03,2.585743385281e-03,2.564578337555e-03,2.543550070221e-03,2.524260561532e-03,2.504828950240e-03,2.489188872979e-03,2.474037383664e-03,2.458881091569e-03,2.446179403308e-03,2.433719607643e-03,2.421501704547e-03,2.412933232890e-03,1.845278957610e-03
366.600000,2.650901280392e-03,2.619102042366e-03,2.765070856677e-03,2.737081145281e-03,2.708585677918e-03,2.684281672431e-03,2.665879952251e-03,2.627047841828e-03,2.643560073681e-03,2.664916342950e-03,2.638401513094e-03,2.611397488394e-03,2.586074614411e-03,2.564903256189e-03,2.543868704312e-03,2.524573218941e-03,2.505135607764e-03,2.489490705725e-03,2.474334998522e-03,2.459173979277e-03,2.446468499582e-03,2.434004961275e-03,2.421783364381e-03,2.413212350802e-03,1.845448536320e-03
367.100000,2.651205081929e-03,2.619452518238e-03,2.765457467472e-03,2.737460533215e-03,2.708957799842e-03,2.684647823795e-03,2.666241366078e-03,2.627399889822e-03,2.643910893249e-03,2.665273399031e-03,2.638750756716e-03,2.611738308899e-03,2.586407828512e-03,2.565230119879e-03,2.544189243731e-03,2.524887743929e-03,2.505444094946e-03,2.489794337643e-03,2.474634385858e-03,2.459468609617e-03,2.446759314492e-03,2.434292009902e-03,2.422066695850e-03,2.413493124285e-03,1.845619073980e-03
367.600000,2.651510680895e-03,2.619805078436e-03,2.765846388815e-03,2.737842186505e-03,2.709332141660e-03,2.685016157670e-03,2.666604932763e-03,2.627754032019e-03,2.644263799880e-03,2.665632580821e-03,2.639102077157e-03,2.612081153536e-03,2.586743019147e-03,2.565558920369e-03,2.544511680371e-03,2.525204128520e-03,2.505754403977e-03,2.490099761050e-03,2.474935538084e-03,2.459764975093e-03,2.447051840687e-03,2.434580746234e-03,2.422351691765e-03,2.413775546207e-03,1.845790566350e-03
368.100000,2.651818069474e-03,2.620159714204e-03,2.766237611024e-03,2.738226095659e-03,2.709708694063e-03,2.685386664880e-03,2.666970643272e-03,2.628110259632e-03,2.644618784749e-03,2.665993879371e-03,2.639455465642e-03,2.612426013753e-03,2.587080177939e-03,2.565889649431e-03,2.544836006169e-03,2.525522364801e-03,2.506066527082e-03,2.490406968283e-03,2.475238447650e-03,2.460063068267e-03,2.447346070789e-03,2.434871163013e-03,2.422638344950e-03,2.414059609454e-03,1.845963009180e-03
368.600000,2.652127239834e-03,2.620516416808e-03,2.766631124443e-03,2.738612251201e-03,2.710087447751e-03,2.685759336307e-03,2.667338488577e-03,2.628468563877e-03,2.644975839096e-03,2.666357285744e-03,2.639810913436e-03,2.612772881001e-03,2.587419296562e-03,2.566222298875e-03,2.545162213071e-03,2.525842444868e-03,2.506380456499e-03,2.490715951704e-03,2.475543107015e-03,2.460362881737e-03,2.447641997489e-03,2.435163253009e-03,2.422926648288e-03,2.414345306965e-03,1.846136398280e-03
369.100000,2.652438184203e-03,2.620875177542e-03,2.767026919482e-03,2.739000643720e-03,2.710468393488e-03,2.686134162845e-03,2.667708459728e-03,2.628828936011e-03,2.645334954195e-03,2.666722791070e-03,2.640168411839e-03,2.613121746813e-03,2.587760366683e-03,2.566556860541e-03,2.545490293099e-03,2.526164360866e-03,2.506696184539e-03,2.491026703712e-03,2.475849508697e-03,2.460664408113e-03,2.447939613509e-03,2.435457009026e-03,2.423216594642e-03,2.414632631688e-03,1.846310729450e-03
369.600000,2.652750894834e-03,2.621235987767e-03,2.767424986582e-03,2.739391263829e-03,2.710851522078e-03,2.686511135464e-03,2.668080547778e-03,2.629191367353e-03,2.645696121363e-03,2.667090386505e-03,2.640527952210e-03,2.613472602705e-03,2.588103380040e-03,2.566893326314e-03,2.545820238266e-03,2.526488104958e-03,2.507013703501e-03,2.491339216756e-03,2.476157645237e-03,2.460967640055e-03,2.448238911586e-03,2.435752423889e-03,2.423508176974e-03,2.414921576610e-03,1.846485998510e-03
370.100000,2.653065364028e-03,2.621598838868e-03,2.767825316217e-03,2.739784102195e-03,2.711236824377e-03,2.686890245146e-03,2.668454743842e-03,2.629555849242e-03,2.646059331941e-03,2.667460063230e-03,2.640889525922e-03,2.613825440276e-03,2.588448328388e-03,2.567231688106e-03,2.546152040636e-03,2.526813669375e-03,2.507333005736e-03,2.491653483305e-03,2.476467509202e-03,2.461272570244e-03,2.448539884490e-03,2.436049490476e-03,2.423801388203e-03,2.415212134743e-03,1.846662201300e-03
370.600000,2.653381584084e-03,2.621963722250e-03,2.768227898911e-03,2.740179149517e-03,2.711624291232e-03,2.687271482919e-03,2.668831039065e-03,2.629922373058e-03,2.646424577305e-03,2.667831812477e-03,2.641253124391e-03,2.614180251136e-03,2.588795203538e-03,2.567571937865e-03,2.546485692319e-03,2.527141046349e-03,2.507654083646e-03,2.491969495839e-03,2.476779093198e-03,2.461579191385e-03,2.448842525040e-03,2.436348201685e-03,2.424096221323e-03,2.415504299125e-03,1.846839333680e-03
371.100000,2.653699547365e-03,2.622330629379e-03,2.768632725224e-03,2.740576396522e-03,2.712013913591e-03,2.687654839852e-03,2.669209424632e-03,2.630290930214e-03,2.646791848885e-03,2.668205625523e-03,2.641618739055e-03,2.614537026938e-03,2.589143997310e-03,2.567914067572e-03,2.546821185432e-03,2.527470228154e-03,2.507976929631e-03,2.492287246905e-03,2.477092389839e-03,2.461887496238e-03,2.449146826052e-03,2.436648550419e-03,2.424392669345e-03,2.415798062843e-03,1.847017391530e-03
371.600000,2.654019246257e-03,2.622699551753e-03,2.769039785772e-03,2.740975834012e-03,2.712405682403e-03,2.688040307050e-03,2.669589891752e-03,2.630661512158e-03,2.647161138140e-03,2.668581493661e-03,2.641986361430e-03,2.614895759377e-03,2.589494701583e-03,2.568258069247e-03,2.547158512157e-03,2.527801207085e-03,2.508301536142e-03,2.492606729063e-03,2.477407391814e-03,2.462197477563e-03,2.449452780401e-03,2.436950529655e-03,2.424690725322e-03,2.416093418981e-03,1.847196370730e-03
372.100000,2.654340673177e-03,2.623070480894e-03,2.769449071191e-03,2.741377452793e-03,2.712799588669e-03,2.688427875650e-03,2.669972431703e-03,2.631034110393e-03,2.647532436557e-03,2.668959408238e-03,2.642355983030e-03,2.615256440160e-03,2.589847308239e-03,2.568603934941e-03,2.547497664688e-03,2.528133975495e-03,2.508627895676e-03,2.492927934910e-03,2.477724091803e-03,2.462509128174e-03,2.449760380989e-03,2.437254132363e-03,2.424990382316e-03,2.416390360683e-03,1.847376267180e-03
372.600000,2.654663820551e-03,2.623443408371e-03,2.769860572162e-03,2.741781243737e-03,2.713195623418e-03,2.688817536841e-03,2.670357035763e-03,2.631408716434e-03,2.647905735677e-03,2.669339360644e-03,2.642727595416e-03,2.615619061058e-03,2.590201809238e-03,2.568951656737e-03,2.547838635258e-03,2.528468525765e-03,2.508956000720e-03,2.493250857061e-03,2.478042482541e-03,2.462822440914e-03,2.450069620729e-03,2.437559351568e-03,2.425291633415e-03,2.416688881108e-03,1.847557076830e-03
373.100000,2.654988680885e-03,2.623818325782e-03,2.770274279432e-03,2.742187197729e-03,2.713593777722e-03,2.689209281849e-03,2.670743695282e-03,2.631785321850e-03,2.648281027059e-03,2.669721342290e-03,2.643101190202e-03,2.615983613856e-03,2.590558196533e-03,2.569301226755e-03,2.548181416136e-03,2.528804850279e-03,2.509285843847e-03,2.493575488183e-03,2.478362556765e-03,2.463137408639e-03,2.450380492584e-03,2.437866180293e-03,2.425594471778e-03,2.416988973443e-03,1.847738795610e-03
373.600000,2.655315246667e-03,2.624195224780e-03,2.770690183743e-03,2.742595305713e-03,2.713994042716e-03,2.689603101929e-03,2.671132401621e-03,2.632163918238e-03,2.648658302301e-03,2.670105344624e-03,2.643476759004e-03,2.616350090392e-03,2.590916462135e-03,2.569652637145e-03,2.548525999616e-03,2.529142941487e-03,2.509617417608e-03,2.493901820963e-03,2.478684307286e-03,2.463454024259e-03,2.450692989543e-03,2.438174611628e-03,2.425898890532e-03,2.417290630909e-03,1.847921419460e-03
374.100000,2.655643510446e-03,2.624574097029e-03,2.771108275899e-03,2.743005558672e-03,2.714396409522e-03,2.689998988371e-03,2.671523146198e-03,2.632544497229e-03,2.649037553068e-03,2.670491359140e-03,2.643854293500e-03,2.616718482537e-03,2.591276598087e-03,2.570005880100e-03,2.548872378020e-03,2.529482791857e-03,2.509950714626e-03,2.494229848113e-03,2.479007726915e-03,2.463772280685e-03,2.451007104606e-03,2.438484638673e-03,2.426204882888e-03,2.417593846742e-03,1.848104944380e-03
374.600000,2.655973464785e-03,2.624954934246e-03,2.771528546764e-03,2.743417947629e-03,2.714800869343e-03,2.690396932508e-03,2.671915920457e-03,2.632927050506e-03,2.649418771004e-03,2.670879377364e-03,2.644233785394e-03,2.617088782166e-03,2.591638596456e-03,2.570360947828e-03,2.549220543737e-03,2.529824393886e-03,2.510285727533e-03,2.494559562387e-03,2.479332808494e-03,2.464092170881e-03,2.451322830833e-03,2.438796254556e-03,2.426512442048e-03,2.417898614226e-03,1.848289366350e-03
375.100000,2.656305102306e-03,2.625337728171e-03,2.771950987214e-03,2.743832463615e-03,2.715207413404e-03,2.690796925724e-03,2.672310715876e-03,2.633311569774e-03,2.649801947842e-03,2.671269390866e-03,2.644615226440e-03,2.617460981235e-03,2.592002449359e-03,2.570717832591e-03,2.549570489140e-03,2.530167740116e-03,2.510622448998e-03,2.494890956559e-03,2.479659544911e-03,2.464413687823e-03,2.451640161296e-03,2.439109452439e-03,2.426821561251e-03,2.418204926661e-03,1.848474681380e-03
375.600000,2.656638415626e-03,2.625722470586e-03,2.772375588168e-03,2.744249097752e-03,2.715616032990e-03,2.691198959407e-03,2.672707523977e-03,2.633698046767e-03,2.650187075320e-03,2.671661391242e-03,2.644998608402e-03,2.617835071692e-03,2.592368148926e-03,2.571076526667e-03,2.549922206662e-03,2.530512823105e-03,2.510960871731e-03,2.495224023459e-03,2.479987929059e-03,2.464736824545e-03,2.451959089087e-03,2.439424225497e-03,2.427132233787e-03,2.418512777371e-03,1.848660885490e-03
376.100000,2.656973397410e-03,2.626109153307e-03,2.772802340580e-03,2.744667841150e-03,2.716026719378e-03,2.691603025006e-03,2.673106336312e-03,2.634086473257e-03,2.650574145214e-03,2.672055370117e-03,2.645383923100e-03,2.618211045558e-03,2.592735687327e-03,2.571437022376e-03,2.550275688774e-03,2.530859635443e-03,2.511300988452e-03,2.495558755916e-03,2.480317953896e-03,2.465061574091e-03,2.452279607338e-03,2.439740566956e-03,2.427444452946e-03,2.418822159727e-03,1.848847974720e-03
376.600000,2.657310040359e-03,2.626497768197e-03,2.773231235474e-03,2.745088684981e-03,2.716439463912e-03,2.692009114004e-03,2.673507144470e-03,2.634476841078e-03,2.650963149349e-03,2.672451319169e-03,2.645771162377e-03,2.618588894861e-03,2.593105056792e-03,2.571799312070e-03,2.550630927963e-03,2.531208169760e-03,2.511642791930e-03,2.495895146789e-03,2.480649612372e-03,2.465387929518e-03,2.452601709222e-03,2.440058470070e-03,2.427758212054e-03,2.419133067107e-03,1.849035945130e-03
377.100000,2.657648337193e-03,2.626888307127e-03,2.773662263878e-03,2.745511620462e-03,2.716854257979e-03,2.692417217927e-03,2.673909940093e-03,2.634869142060e-03,2.651354079578e-03,2.672849230113e-03,2.646160318123e-03,2.618968611673e-03,2.593476249535e-03,2.572163388130e-03,2.550987916752e-03,2.531558418726e-03,2.511986274964e-03,2.496233189003e-03,2.480982897494e-03,2.465715883941e-03,2.452925387920e-03,2.440377928092e-03,2.428073504478e-03,2.419445492917e-03,1.849224792780e-03
377.600000,2.657988280665e-03,2.627280762030e-03,2.774095416862e-03,2.745936638841e-03,2.717271092975e-03,2.692827328318e-03,2.674314714820e-03,2.635263368102e-03,2.651746927780e-03,2.673249094676e-03,2.646551382243e-03,2.619350188081e-03,2.593849257847e-03,2.572529242969e-03,2.551346647697e-03,2.531910375020e-03,2.512331430359e-03,2.496572875465e-03,2.481317802297e-03,2.466045430494e-03,2.453250636643e-03,2.440698934345e-03,2.428390323584e-03,2.419759430619e-03,1.849414513770e-03
378.100000,2.658329863558e-03,2.627675124865e-03,2.774530685548e-03,2.746363731395e-03,2.717689960379e-03,2.693239436768e-03,2.674721460372e-03,2.635659511110e-03,2.652141685889e-03,2.673650904644e-03,2.646944346688e-03,2.619733616241e-03,2.594224074015e-03,2.572896869037e-03,2.551707113386e-03,2.532264031359e-03,2.512678250992e-03,2.496914199158e-03,2.481654319814e-03,2.466376562323e-03,2.453577448650e-03,2.441021482144e-03,2.428708662801e-03,2.420074873663e-03,1.849605104210e-03
378.600000,2.658673078689e-03,2.628071387608e-03,2.774968061093e-03,2.746792889427e-03,2.718110851645e-03,2.693653534907e-03,2.675130168478e-03,2.636057563028e-03,2.652538345844e-03,2.674054651837e-03,2.647339203457e-03,2.620118888326e-03,2.594600690403e-03,2.573266258813e-03,2.552069306444e-03,2.532619380505e-03,2.513026729730e-03,2.497257153058e-03,2.481992443154e-03,2.466709272639e-03,2.453905817205e-03,2.441345564847e-03,2.429028515568e-03,2.420391815560e-03,1.849796560200e-03
379.100000,2.659017918903e-03,2.628469542287e-03,2.775407534684e-03,2.747224104325e-03,2.718533758332e-03,2.694069614396e-03,2.675540830895e-03,2.636457515856e-03,2.652936899640e-03,2.674460328077e-03,2.647735944557e-03,2.620505996525e-03,2.594979099366e-03,2.573637404805e-03,2.552433219508e-03,2.532976415236e-03,2.513376859491e-03,2.497601730196e-03,2.482332165425e-03,2.467043554658e-03,2.454235735617e-03,2.441671175847e-03,2.429349875342e-03,2.420710249817e-03,1.849988877880e-03
379.600000,2.659364377073e-03,2.628869580967e-03,2.775849097559e-03,2.747657367466e-03,2.718958671965e-03,2.694487666919e-03,2.675953439443e-03,2.636859361616e-03,2.653337339297e-03,2.674867925265e-03,2.648134562050e-03,2.620894933076e-03,2.595359293300e-03,2.574010299558e-03,2.552798845265e-03,2.533335128357e-03,2.513728633224e-03,2.497947923609e-03,2.482673479763e-03,2.467379401609e-03,2.454567197224e-03,2.441998308560e-03,2.429672735625e-03,2.421030170003e-03,1.850182053420e-03
380.100000,2.659712446105e-03,2.629271495732e-03,2.776292740980e-03,2.748092670274e-03,2.719385584164e-03,2.694907684222e-03,2.676367985957e-03,2.637263092355e-03,2.653739656880e-03,2.675277435306e-03,2.648535048013e-03,2.621285690259e-03,2.595741264663e-03,2.574384935646e-03,2.553166176434e-03,2.533695512719e-03,2.514082043887e-03,2.498295726387e-03,2.483016379340e-03,2.467716806782e-03,2.454900195367e-03,2.442326956419e-03,2.429997089945e-03,2.421351569676e-03,1.850376082970e-03
380.600000,2.660062118934e-03,2.629675278711e-03,2.776738456244e-03,2.748530004229e-03,2.719814486542e-03,2.695329658069e-03,2.676784462303e-03,2.637668700164e-03,2.654143844470e-03,2.675688850158e-03,2.648937394567e-03,2.621678260361e-03,2.596125005904e-03,2.574761305671e-03,2.553535205751e-03,2.534057561187e-03,2.514437084498e-03,2.498645131626e-03,2.483360857365e-03,2.468055763485e-03,2.455234723439e-03,2.442657112885e-03,2.430322931831e-03,2.421674442460e-03,1.850570962710e-03
381.100000,2.660413388501e-03,2.630080922067e-03,2.777186234702e-03,2.748969360833e-03,2.720245370778e-03,2.695753580259e-03,2.677202860396e-03,2.638076177158e-03,2.654549894204e-03,2.676102161805e-03,2.649341593878e-03,2.622072635732e-03,2.596510509525e-03,2.575139402274e-03,2.553905925991e-03,2.534421266674e-03,2.514793748089e-03,2.498996132476e-03,2.483706907066e-03,2.468396265031e-03,2.455570774851e-03,2.442988771468e-03,2.430650254865e-03,2.421998781976e-03,1.850766688850e-03
381.600000,2.660766247824e-03,2.630488417986e-03,2.777636067732e-03,2.749410731617e-03,2.720678228569e-03,2.696179442632e-03,2.677623172180e-03,2.638485515506e-03,2.654957798239e-03,2.676517362263e-03,2.649747638120e-03,2.622468808729e-03,2.596897768058e-03,2.575519218119e-03,2.554278329954e-03,2.534786622099e-03,2.515152027714e-03,2.499348722090e-03,2.484054521708e-03,2.468738304798e-03,2.455908343059e-03,2.443321925681e-03,2.430979052658e-03,2.422324581873e-03,1.850963257590e-03
382.100000,2.661120689907e-03,2.630897758706e-03,2.778087946738e-03,2.749854108170e-03,2.721113051651e-03,2.696607237065e-03,2.678045389637e-03,2.638896707383e-03,2.655367548756e-03,2.676934443578e-03,2.650155519519e-03,2.622866771765e-03,2.597286774070e-03,2.575900745904e-03,2.554652410477e-03,2.535153620433e-03,2.515511916468e-03,2.499702893670e-03,2.484403694550e-03,2.469081876161e-03,2.456247421515e-03,2.443656569073e-03,2.431309318836e-03,2.422651835845e-03,1.851160665170e-03
382.600000,2.661476707809e-03,2.631308936468e-03,2.778541863185e-03,2.750299482086e-03,2.721549831808e-03,2.697036955453e-03,2.678469504760e-03,2.639309745012e-03,2.655779137980e-03,2.677353397853e-03,2.650565230322e-03,2.623266517252e-03,2.597677520147e-03,2.576283978363e-03,2.555028160412e-03,2.535522254658e-03,2.515873407462e-03,2.500058640435e-03,2.484754418934e-03,2.469426972536e-03,2.456588003731e-03,2.443992695231e-03,2.431641047056e-03,2.422980537607e-03,1.851358907830e-03
383.100000,2.661834294598e-03,2.631721943567e-03,2.778997808557e-03,2.750746845032e-03,2.721988560838e-03,2.697468589743e-03,2.678895509616e-03,2.639724620657e-03,2.656192558178e-03,2.677774217182e-03,2.650976762817e-03,2.623668037665e-03,2.598069998916e-03,2.576668908249e-03,2.555405572682e-03,2.535892517808e-03,2.516236493859e-03,2.500415955634e-03,2.485106688191e-03,2.469773587371e-03,2.456930083206e-03,2.444330297752e-03,2.431974230992e-03,2.423310680882e-03,1.851557981840e-03
383.600000,2.662193443377e-03,2.632136772331e-03,2.779455774372e-03,2.751196188676e-03,2.722429230575e-03,2.697902131910e-03,2.679323396272e-03,2.640141326602e-03,2.656607801640e-03,2.678196893748e-03,2.651390109333e-03,2.624071325494e-03,2.598464203048e-03,2.577055528358e-03,2.555784640185e-03,2.536264402920e-03,2.516601168829e-03,2.500774832545e-03,2.485460495696e-03,2.470121714136e-03,2.457273653515e-03,2.444669370260e-03,2.432308864359e-03,2.423642259435e-03,1.851757883460e-03
384.100000,2.662554147294e-03,2.632553415129e-03,2.779915752200e-03,2.751647504741e-03,2.722871832923e-03,2.698337573958e-03,2.679753156849e-03,2.640559855154e-03,2.657024860672e-03,2.678621419711e-03,2.651805262213e-03,2.624476373275e-03,2.598860125204e-03,2.577443831509e-03,2.556165355880e-03,2.536637903084e-03,2.516967425564e-03,2.501135264491e-03,2.485815834839e-03,2.470471346315e-03,2.457618708221e-03,2.445009906418e-03,2.432644940887e-03,2.423975267065e-03,1.851958608980e-03
384.600000,2.662916399496e-03,2.632971864324e-03,2.780377733620e-03,2.752100784980e-03,2.723316359757e-03,2.698774907937e-03,2.680184783477e-03,2.640980198685e-03,2.657443727647e-03,2.679047787302e-03,2.652222213835e-03,2.624883173554e-03,2.599257758115e-03,2.577833810550e-03,2.556547712750e-03,2.537013011406e-03,2.517335257323e-03,2.501497244780e-03,2.486172699052e-03,2.470822477448e-03,2.457965240937e-03,2.445351899902e-03,2.432982454332e-03,2.424309697580e-03,1.852160154710e-03
385.100000,2.663280193185e-03,2.633392112362e-03,2.780841710282e-03,2.752556021171e-03,2.723762803060e-03,2.699214125923e-03,2.680618268350e-03,2.641402349571e-03,2.657864394932e-03,2.679475988770e-03,2.652640956611e-03,2.625291718937e-03,2.599657094535e-03,2.578225458362e-03,2.556931703815e-03,2.537389721013e-03,2.517704657347e-03,2.501860766803e-03,2.486531081779e-03,2.471175101078e-03,2.458313245290e-03,2.445695344431e-03,2.433321398496e-03,2.424645544808e-03,1.852362516970e-03
385.600000,2.663645521567e-03,2.633814151671e-03,2.781307673843e-03,2.753013205152e-03,2.724211154785e-03,2.699655220019e-03,2.681053603670e-03,2.641826300228e-03,2.658286854974e-03,2.679906016394e-03,2.653061483006e-03,2.625702002029e-03,2.600058127229e-03,2.578618767857e-03,2.557317322111e-03,2.537768025087e-03,2.518075618945e-03,2.502225823931e-03,2.486890976497e-03,2.471529210790e-03,2.458662714940e-03,2.446040233732e-03,2.433661767180e-03,2.424982802635e-03,1.852565692100e-03
386.100000,2.664012377910e-03,2.634237974760e-03,2.781775616001e-03,2.753472328776e-03,2.724661406954e-03,2.700098182372e-03,2.681490781694e-03,2.642252043109e-03,2.658711100192e-03,2.680337862500e-03,2.653483785482e-03,2.626114015481e-03,2.600460849014e-03,2.579013731976e-03,2.557704560708e-03,2.538147916813e-03,2.518448135415e-03,2.502592409585e-03,2.487252376733e-03,2.471884800180e-03,2.459013643556e-03,2.446386561564e-03,2.434003554217e-03,2.425321464935e-03,1.852769676440e-03
386.600000,2.664380755470e-03,2.634663574134e-03,2.782245528505e-03,2.753933383935e-03,2.725113551618e-03,2.700543005163e-03,2.681929794689e-03,2.642679570689e-03,2.659137123096e-03,2.680771519432e-03,2.653907856558e-03,2.626527751982e-03,2.600865252730e-03,2.579410343686e-03,2.558093412704e-03,2.538529389407e-03,2.518822200122e-03,2.502960517220e-03,2.487615276008e-03,2.472241862871e-03,2.459366024862e-03,2.446734321726e-03,2.434346753480e-03,2.425661525629e-03,1.852974466360e-03
387.100000,2.664750647558e-03,2.635090942336e-03,2.782717403120e-03,2.754396362546e-03,2.725567580848e-03,2.700989680589e-03,2.682370634971e-03,2.643108875488e-03,2.659564916192e-03,2.681206979574e-03,2.654333688777e-03,2.626943204258e-03,2.601271331252e-03,2.579808595990e-03,2.558483871238e-03,2.538912436132e-03,2.519197806418e-03,2.503330140294e-03,2.487979667877e-03,2.472600392543e-03,2.459719852585e-03,2.447083508022e-03,2.434691358864e-03,2.426002978668e-03,1.853180058240e-03
387.600000,2.665122047495e-03,2.635520071955e-03,2.783191231650e-03,2.754861256575e-03,2.726023486762e-03,2.701438200913e-03,2.682813294889e-03,2.643539950053e-03,2.659994472023e-03,2.681644235348e-03,2.654761274695e-03,2.627360365022e-03,2.601679077461e-03,2.580208481913e-03,2.558875929457e-03,2.539297050269e-03,2.519574947732e-03,2.503701272319e-03,2.488345545938e-03,2.472960382870e-03,2.460075120499e-03,2.447434114293e-03,2.435037364257e-03,2.426345818008e-03,1.853386448470e-03
388.100000,2.665494948639e-03,2.635950955591e-03,2.783667005946e-03,2.755328058023e-03,2.726481261521e-03,2.701888558388e-03,2.683257766805e-03,2.643972786941e-03,2.660425783169e-03,2.682083279173e-03,2.655190606947e-03,2.627779227080e-03,2.602088484296e-03,2.580609994514e-03,2.559269580551e-03,2.539683225117e-03,2.519953617472e-03,2.504073906820e-03,2.488712903806e-03,2.473321827553e-03,2.460431822375e-03,2.447786134405e-03,2.435384763624e-03,2.426690037635e-03,1.853593633470e-03
388.600000,2.665869344386e-03,2.636383585906e-03,2.784144717864e-03,2.755796758899e-03,2.726940897290e-03,2.702340745341e-03,2.683704043125e-03,2.644407378770e-03,2.660858842228e-03,2.682524103559e-03,2.655621678142e-03,2.628199783216e-03,2.602499544711e-03,2.581013126880e-03,2.559664817728e-03,2.540070954004e-03,2.520333809101e-03,2.504448037354e-03,2.489081735112e-03,2.473684720337e-03,2.460789952043e-03,2.448139562234e-03,2.435733550919e-03,2.427035631574e-03,1.853801609640e-03
389.100000,2.666245228138e-03,2.636817955554e-03,2.784624359345e-03,2.756267351289e-03,2.727402386298e-03,2.702794754091e-03,2.684152116303e-03,2.644843718188e-03,2.661293641858e-03,2.682966700991e-03,2.656054480951e-03,2.628622026271e-03,2.602912251710e-03,2.581417872127e-03,2.560061634235e-03,2.540460230313e-03,2.520715516110e-03,2.504823657496e-03,2.489452033524e-03,2.474049054985e-03,2.461149503333e-03,2.448494391718e-03,2.436083720141e-03,2.427382593870e-03,1.854010373440e-03
389.600000,2.666622593339e-03,2.637254057239e-03,2.785105922303e-03,2.756739827265e-03,2.727865720759e-03,2.703250577023e-03,2.684601978801e-03,2.645281797850e-03,2.661730174715e-03,2.683411064013e-03,2.656489008086e-03,2.629045949112e-03,2.603326598281e-03,2.581824223396e-03,2.560460023350e-03,2.540851047419e-03,2.521098731996e-03,2.505200760849e-03,2.489823792752e-03,2.474414825283e-03,2.461510470109e-03,2.448850616782e-03,2.436435265288e-03,2.427730918579e-03,1.854219921310e-03
390.100000,2.667001433445e-03,2.637691883702e-03,2.785589398734e-03,2.757214178975e-03,2.728330892988e-03,2.703708206550e-03,2.685053623120e-03,2.645721610460e-03,2.662168433504e-03,2.683857185198e-03,2.656925252256e-03,2.629471544638e-03,2.603742577500e-03,2.582232173866e-03,2.560859978375e-03,2.541243398756e-03,2.521483450306e-03,2.505579341056e-03,2.490197006497e-03,2.474782025050e-03,2.461872846270e-03,2.449208231382e-03,2.436788180404e-03,2.428080599787e-03,1.854430249730e-03
390.600000,2.667381741953e-03,2.638131427712e-03,2.786074780636e-03,2.757690398565e-03,2.728797895287e-03,2.704167635091e-03,2.685507041795e-03,2.646163148748e-03,2.662608410966e-03,2.684305057154e-03,2.657363206241e-03,2.629898805758e-03,2.604160182429e-03,2.582641716733e-03,2.561261492614e-03,2.541637277749e-03,2.521869664609e-03,2.505959391785e-03,2.490571668519e-03,2.475150648116e-03,2.462236625717e-03,2.449567229529e-03,2.437142459560e-03,2.428431631625e-03,1.854641355160e-03
391.100000,2.667763512380e-03,2.638572682060e-03,2.786562060066e-03,2.758168478227e-03,2.729266719989e-03,2.704628855118e-03,2.685962227397e-03,2.646606405484e-03,2.663050099844e-03,2.684754672520e-03,2.657802862805e-03,2.630327725441e-03,2.604579406163e-03,2.583052845229e-03,2.561664559445e-03,2.542032677884e-03,2.522257368485e-03,2.506340906704e-03,2.490947772576e-03,2.475520688355e-03,2.462601802398e-03,2.449927605230e-03,2.437498096836e-03,2.428784008222e-03,1.854853234110e-03
391.600000,2.668146738275e-03,2.639015639570e-03,2.787051229104e-03,2.758648410208e-03,2.729737359474e-03,2.705091859141e-03,2.686419172510e-03,2.647051373441e-03,2.663493492947e-03,2.685206023940e-03,2.658244214780e-03,2.630758296655e-03,2.605000241848e-03,2.583465552610e-03,2.562069172231e-03,2.542429592651e-03,2.522646555559e-03,2.506723879537e-03,2.491325312472e-03,2.475892139649e-03,2.462968370288e-03,2.450289352516e-03,2.437855086353e-03,2.429137723738e-03,1.855065883090e-03
392.100000,2.668531413215e-03,2.639460293087e-03,2.787542279862e-03,2.759130186742e-03,2.730209806153e-03,2.705556639678e-03,2.686877869777e-03,2.647498045445e-03,2.663938583094e-03,2.685659104118e-03,2.658687255011e-03,2.631190512425e-03,2.605422682648e-03,2.583879832165e-03,2.562475324403e-03,2.542828015593e-03,2.523037219471e-03,2.507108304019e-03,2.491704282038e-03,2.476264995925e-03,2.463336323360e-03,2.450652465471e-03,2.438213422234e-03,2.429492772365e-03,1.855279298610e-03
392.600000,2.668917530784e-03,2.639906635519e-03,2.788035204463e-03,2.759613800139e-03,2.730684052460e-03,2.706023189305e-03,2.687338311854e-03,2.647946414367e-03,2.664385363129e-03,2.686113905793e-03,2.659131976382e-03,2.631624365796e-03,2.605846721744e-03,2.584295677206e-03,2.562883009381e-03,2.543227940251e-03,2.523429353902e-03,2.507494173917e-03,2.492084675115e-03,2.476639251107e-03,2.463705655638e-03,2.451016938153e-03,2.438573098660e-03,2.429849148321e-03,1.855493477220e-03
393.100000,2.669305084619e-03,2.640354659763e-03,2.788529995113e-03,2.760099242715e-03,2.731160090875e-03,2.706491500602e-03,2.687800491422e-03,2.648396473066e-03,2.664833825949e-03,2.686570421704e-03,2.659578371796e-03,2.632059849827e-03,2.606272352355e-03,2.584713081075e-03,2.563292220638e-03,2.543629360203e-03,2.523822952533e-03,2.507881483024e-03,2.492466485578e-03,2.477014899178e-03,2.464076361167e-03,2.451382764704e-03,2.438934109800e-03,2.430206845823e-03,1.855708415470e-03
393.600000,2.669694068363e-03,2.640804358770e-03,2.789026644019e-03,2.760586506822e-03,2.731637913892e-03,2.706961566200e-03,2.688264401196e-03,2.648848214454e-03,2.665283964451e-03,2.687028644643e-03,2.660026434190e-03,2.632496957625e-03,2.606699567731e-03,2.585132037142e-03,2.563702951661e-03,2.544032269074e-03,2.524218009094e-03,2.508270225147e-03,2.492849707320e-03,2.477391934124e-03,2.464448433996e-03,2.451749939252e-03,2.439296449873e-03,2.430565859145e-03,1.855924109920e-03
394.100000,2.670084475699e-03,2.641255725510e-03,2.789525143402e-03,2.761075584859e-03,2.732117514054e-03,2.707433378744e-03,2.688730033942e-03,2.649301631488e-03,2.665735771591e-03,2.687488567432e-03,2.660476156533e-03,2.632935682311e-03,2.607128361143e-03,2.585552538804e-03,2.564115195983e-03,2.544436660478e-03,2.524614517345e-03,2.508660394145e-03,2.493234334278e-03,2.477770349949e-03,2.464821868240e-03,2.452118455955e-03,2.439660113106e-03,2.430926182562e-03,1.856140557160e-03
394.600000,2.670476300311e-03,2.641708752988e-03,2.790025485558e-03,2.761566469251e-03,2.732598883921e-03,2.707906930937e-03,2.689197382439e-03,2.649756717126e-03,2.666189240325e-03,2.687950182902e-03,2.660927531827e-03,2.633376017055e-03,2.607558725899e-03,2.585974579484e-03,2.564528947119e-03,2.544842528080e-03,2.525012471048e-03,2.509051983878e-03,2.493620360403e-03,2.478150140717e-03,2.465196657987e-03,2.452488308999e-03,2.440025093752e-03,2.431287810377e-03,1.856357753770e-03
395.100000,2.670869535951e-03,2.642163434247e-03,2.790527662792e-03,2.762059152424e-03,2.733082016096e-03,2.708382215487e-03,2.689666439482e-03,2.650213464367e-03,2.666644363666e-03,2.688413483948e-03,2.661380553091e-03,2.633817955031e-03,2.607990655326e-03,2.586398152635e-03,2.564944198670e-03,2.545249865578e-03,2.525411864010e-03,2.509444988232e-03,2.494007779656e-03,2.478531300468e-03,2.465572797382e-03,2.452859492591e-03,2.440391386097e-03,2.431650736930e-03,1.856575696360e-03
395.600000,2.671264176365e-03,2.642619762332e-03,2.791031667446e-03,2.762553626886e-03,2.733566903186e-03,2.708859225136e-03,2.690137197926e-03,2.650671866251e-03,2.667101134640e-03,2.688878463463e-03,2.661835213377e-03,2.634261489454e-03,2.608424142784e-03,2.586823251734e-03,2.565360944229e-03,2.545658666665e-03,2.525812690048e-03,2.509839401126e-03,2.494396586042e-03,2.478913823311e-03,2.465950280599e-03,2.453232000973e-03,2.440758984453e-03,2.432014956562e-03,1.856794381550e-03
396.100000,2.671660215317e-03,2.643077730350e-03,2.791537491884e-03,2.763049885145e-03,2.734053537877e-03,2.709337952672e-03,2.690609650639e-03,2.651131915823e-03,2.667559546309e-03,2.689345114386e-03,2.662291505768e-03,2.634706613563e-03,2.608859181657e-03,2.587249870289e-03,2.565779177414e-03,2.546068925098e-03,2.526214943024e-03,2.510235216508e-03,2.494786773597e-03,2.479297703341e-03,2.466329101809e-03,2.453605828398e-03,2.441127883127e-03,2.432380463657e-03,1.857013805990e-03
396.600000,2.672057646635e-03,2.643537331409e-03,2.792045128522e-03,2.763547919739e-03,2.734541912845e-03,2.709818390898e-03,2.691083790525e-03,2.651593606169e-03,2.668019591750e-03,2.689813429673e-03,2.662749423389e-03,2.635153320637e-03,2.609295765360e-03,2.587678001833e-03,2.566198891876e-03,2.546480634631e-03,2.526618616813e-03,2.510632428351e-03,2.495178336346e-03,2.479682934713e-03,2.466709255228e-03,2.453980969145e-03,2.441498076489e-03,2.432747252613e-03,1.857233966300e-03
397.100000,2.672456464133e-03,2.643998558657e-03,2.792554569778e-03,2.764047723260e-03,2.735032020792e-03,2.710300532647e-03,2.691559610496e-03,2.652056930414e-03,2.668481264087e-03,2.690283402338e-03,2.663208959374e-03,2.635601603964e-03,2.609733887322e-03,2.588107639921e-03,2.566620081299e-03,2.546893789058e-03,2.527023705321e-03,2.511031030636e-03,2.495571268390e-03,2.480069511588e-03,2.467090735082e-03,2.454357417527e-03,2.441869558904e-03,2.433115317846e-03,1.857454859170e-03
397.600000,2.672856661673e-03,2.644461405277e-03,2.793065808136e-03,2.764549288293e-03,2.735523854510e-03,2.710784370783e-03,2.692037103529e-03,2.652521881701e-03,2.668944556459e-03,2.690755025388e-03,2.663670106884e-03,2.636051456882e-03,2.610173541033e-03,2.588538778146e-03,2.567042739396e-03,2.547308382187e-03,2.527430202470e-03,2.511431017400e-03,2.495965563820e-03,2.480457428135e-03,2.467473535646e-03,2.454735167858e-03,2.442242324765e-03,2.433484653800e-03,1.857676481250e-03
398.100000,2.673258233127e-03,2.644925864475e-03,2.793578836089e-03,2.765052607502e-03,2.736017406737e-03,2.711269898216e-03,2.692516262607e-03,2.652988453196e-03,2.669409462051e-03,2.691228291884e-03,2.664132859128e-03,2.636502872732e-03,2.610614719962e-03,2.588971410114e-03,2.567466859874e-03,2.547724407870e-03,2.527838102209e-03,2.511832382663e-03,2.496361216740e-03,2.480846678584e-03,2.467857651195e-03,2.455114214500e-03,2.442616368499e-03,2.433855254957e-03,1.857898829250e-03
398.600000,2.673661172407e-03,2.645391929477e-03,2.794093646165e-03,2.765557673543e-03,2.736512670301e-03,2.711757107864e-03,2.692997080747e-03,2.653456638107e-03,2.669875974043e-03,2.691703194894e-03,2.664597209318e-03,2.636955844900e-03,2.611057417649e-03,2.589405529470e-03,2.567892436501e-03,2.548141859969e-03,2.528247398527e-03,2.512235120500e-03,2.496758221312e-03,2.481237257161e-03,2.468243076016e-03,2.455494551818e-03,2.442991684551e-03,2.434227115785e-03,1.858121899850e-03
399.100000,2.674065473440e-03,2.645859593543e-03,2.794610230925e-03,2.766064479108e-03,2.737009638038e-03,2.712245992674e-03,2.693479550994e-03,2.653926429653e-03,2.670344085694e-03,2.692179727539e-03,2.665063150726e-03,2.637410366799e-03,2.611501627635e-03,2.589841129874e-03,2.568319463068e-03,2.548560732370e-03,2.528658085419e-03,2.512639225004e-03,2.497156571712e-03,2.481629158115e-03,2.468629804456e-03,2.455876174213e-03,2.443368267371e-03,2.434600230813e-03,1.858345689790e-03
399.600000,2.674471130177e-03,2.646328849978e-03,2.795128582971e-03,2.766573016944e-03,2.737508302819e-03,2.712736545650e-03,2.693963666429e-03,2.654397821101e-03,2.670813790241e-03,2.692657882952e-03,2.665530676632e-03,2.637866431848e-03,2.611947343503e-03,2.590278205021e-03,2.568747933364e-03,2.548981019003e-03,2.529070156913e-03,2.513044690292e-03,2.497556262118e-03,2.482022375744e-03,2.469017830859e-03,2.456259076102e-03,2.443746111473e-03,2.434974594574e-03,1.858570195770e-03
400.100000,2.674878136606e-03,2.646799692075e-03,2.795648694906e-03,2.767083279804e-03,2.738008657538e-03,2.713228759796e-03,2.694449420156e-03,2.654870805730e-03,2.671285080966e-03,2.693137654307e-03,2.665999780326e-03,2.638324033531e-03,2.612394558847e-03,2.590716748627e-03,2.569177841235e-03,2.549402713799e-03,2.529483607069e-03,2.513451510500e-03,2.497957286766e-03,2.482416904337e-03,2.469407149607e-03,2.456643251945e-03,2.444125211342e-03,2.435350201617e-03,1.858795414550e-03
400.600000,2.675286486720e-03,2.647272113201e-03,2.796170559399e-03,2.767595260475e-03,2.738510695130e-03,2.713722628151e-03,2.694936805307e-03,2.655345376856e-03,2.671757951197e-03,2.693619034789e-03,2.666470455169e-03,2.638783165313e-03,2.612843267284e-03,2.591156754436e-03,2.569609180543e-03,2.549825810731e-03,2.529898429942e-03,2.513859679801e-03,2.498359639884e-03,2.482812738236e-03,2.469797755083e-03,2.457028696187e-03,2.444505561526e-03,2.435727046539e-03,1.859021342890e-03
401.100000,2.675696174556e-03,2.647746106718e-03,2.796694169129e-03,2.768108951790e-03,2.739014408564e-03,2.714218143795e-03,2.695425815028e-03,2.655821527829e-03,2.672232394274e-03,2.694102017622e-03,2.666942694508e-03,2.639243820733e-03,2.613293462496e-03,2.591598216216e-03,2.570041945156e-03,2.550250303789e-03,2.530314619656e-03,2.514269192381e-03,2.498763315752e-03,2.483209871785e-03,2.470189641722e-03,2.457415403323e-03,2.444887156569e-03,2.436105123917e-03,1.859247977530e-03
401.600000,2.676107194160e-03,2.648221666025e-03,2.797219516808e-03,2.768624346581e-03,2.739519790795e-03,2.714715299822e-03,2.695916442530e-03,2.656299252001e-03,2.672708403561e-03,2.694586596066e-03,2.667416491746e-03,2.639705993324e-03,2.613745138136e-03,2.592041127765e-03,2.570476128999e-03,2.550676186989e-03,2.530732170315e-03,2.514680042430e-03,2.499168308640e-03,2.483608299363e-03,2.470582803959e-03,2.457803367868e-03,2.445269991071e-03,2.436484428403e-03,1.859475315280e-03
402.100000,2.676519539609e-03,2.648698784548e-03,2.797746595189e-03,2.769141437734e-03,2.740026834863e-03,2.715214089357e-03,2.696408681030e-03,2.656778542775e-03,2.673185972452e-03,2.695072763394e-03,2.667891840290e-03,2.640169676661e-03,2.614198287921e-03,2.592485482898e-03,2.570911725993e-03,2.551103454369e-03,2.531151076089e-03,2.515092224217e-03,2.499574612876e-03,2.484008015356e-03,2.470977236265e-03,2.458192584353e-03,2.445654059602e-03,2.436864954614e-03,1.859703352920e-03
402.600000,2.676933205008e-03,2.649177455743e-03,2.798275397030e-03,2.769660218163e-03,2.740535533809e-03,2.715714505571e-03,2.696902523750e-03,2.657259393573e-03,2.673665094373e-03,2.695560512909e-03,2.668368733606e-03,2.640634864338e-03,2.614652905592e-03,2.592931275467e-03,2.571348730105e-03,2.551532100002e-03,2.531571331140e-03,2.515505731981e-03,2.499982222795e-03,2.484409014193e-03,2.471372933123e-03,2.458583047332e-03,2.446039356817e-03,2.437246697248e-03,1.859932087260e-03
403.100000,2.677348184476e-03,2.649657673099e-03,2.798805915147e-03,2.770180680807e-03,2.741045880710e-03,2.716216541642e-03,2.697397963996e-03,2.657741797850e-03,2.674145762771e-03,2.696049837947e-03,2.668847165154e-03,2.641101549973e-03,2.615108984893e-03,2.593378499339e-03,2.571787135319e-03,2.551962117974e-03,2.531992929663e-03,2.515920560007e-03,2.500391132750e-03,2.484811290311e-03,2.471769889038e-03,2.458974751384e-03,2.446425877328e-03,2.437629650973e-03,1.860161515120e-03
403.600000,2.677764472160e-03,2.650139430111e-03,2.799338142380e-03,2.770702818622e-03,2.741557868662e-03,2.716720190790e-03,2.697894995042e-03,2.658225749081e-03,2.674627971128e-03,2.696540731871e-03,2.669327128443e-03,2.641569727213e-03,2.615566519610e-03,2.593827148411e-03,2.572226935632e-03,2.552393502397e-03,2.532415865877e-03,2.516336702604e-03,2.500801337128e-03,2.485214838188e-03,2.472168098561e-03,2.459367691112e-03,2.446813615828e-03,2.438013810509e-03,1.860391633320e-03
404.100000,2.678182062239e-03,2.650622720332e-03,2.799872071574e-03,2.771226624625e-03,2.742071490786e-03,2.717225446245e-03,2.698393610234e-03,2.658711240764e-03,2.675111712951e-03,2.697033188076e-03,2.669808616991e-03,2.642039389744e-03,2.616025503559e-03,2.594277216604e-03,2.572668125089e-03,2.552826247410e-03,2.532840134032e-03,2.516754154096e-03,2.501212830327e-03,2.485619652303e-03,2.472567556237e-03,2.459761861138e-03,2.447202566983e-03,2.438399170584e-03,1.860622438730e-03
404.600000,2.678600948899e-03,2.651107537305e-03,2.800407695639e-03,2.771752091820e-03,2.742586740253e-03,2.717732301292e-03,2.698893802924e-03,2.659198266445e-03,2.675596981767e-03,2.697527199968e-03,2.670291624357e-03,2.642510531260e-03,2.616485930577e-03,2.594728697865e-03,2.573110697744e-03,2.553260347184e-03,2.533265728395e-03,2.517172908841e-03,2.501625606788e-03,2.486025727172e-03,2.472968256656e-03,2.460157256098e-03,2.447592725521e-03,2.438785725949e-03,1.860853928180e-03
405.100000,2.679021126370e-03,2.651593874621e-03,2.800945007493e-03,2.772279213265e-03,2.743103610259e-03,2.718240749209e-03,2.699395566497e-03,2.659686819664e-03,2.676083771129e-03,2.698022760994e-03,2.670776144127e-03,2.642983145485e-03,2.616947794504e-03,2.595181586168e-03,2.573554647681e-03,2.553695795891e-03,2.533692643255e-03,2.517592961218e-03,2.502039660947e-03,2.486433057334e-03,2.473370194398e-03,2.460553870675e-03,2.447984086162e-03,2.439173471402e-03,1.861086098560e-03
405.600000,2.679442588899e-03,2.652081725909e-03,2.801484000073e-03,2.772807982061e-03,2.743622094000e-03,2.718750783332e-03,2.699898894368e-03,2.660176894008e-03,2.676572074627e-03,2.698519864628e-03,2.671262169895e-03,2.643457226177e-03,2.617411089259e-03,2.595635875503e-03,2.573999969001e-03,2.554132587748e-03,2.534120872936e-03,2.518014305618e-03,2.502454987298e-03,2.486841637328e-03,2.473773364098e-03,2.460951699544e-03,2.448376643654e-03,2.439562401718e-03,1.861318946740e-03
406.100000,2.679865330727e-03,2.652571084788e-03,2.802024666386e-03,2.773338391302e-03,2.744142184738e-03,2.719262397016e-03,2.700403779959e-03,2.660668483099e-03,2.677061885876e-03,2.699018504369e-03,2.671749695311e-03,2.643932767112e-03,2.617875808713e-03,2.596091559897e-03,2.574446655846e-03,2.554570716993e-03,2.534550411756e-03,2.518436936476e-03,2.502871580314e-03,2.487251461739e-03,2.474177760394e-03,2.461350737413e-03,2.448770392786e-03,2.439952511720e-03,1.861552469620e-03
406.600000,2.680289346160e-03,2.653061944954e-03,2.802566999415e-03,2.773870434128e-03,2.744663875732e-03,2.719775583642e-03,2.700910216751e-03,2.661161580567e-03,2.677553198507e-03,2.699518673731e-03,2.672238714013e-03,2.644409762096e-03,2.618341946836e-03,2.596548633388e-03,2.574894702355e-03,2.555010177882e-03,2.534981254095e-03,2.518860848217e-03,2.503289434527e-03,2.487662525174e-03,2.474583377964e-03,2.461750979027e-03,2.449165328342e-03,2.440343796244e-03,1.861786664120e-03
407.100000,2.680714629520e-03,2.653554300069e-03,2.803110992222e-03,2.774404103723e-03,2.745187160270e-03,2.720290336619e-03,2.701418198241e-03,2.661656180085e-03,2.678046006179e-03,2.700020366275e-03,2.672729219705e-03,2.644888204957e-03,2.618809497572e-03,2.597007090051e-03,2.575344102712e-03,2.555450964695e-03,2.535413394325e-03,2.519286035310e-03,2.503708544479e-03,2.488074822246e-03,2.474990211493e-03,2.462152419124e-03,2.449561445140e-03,2.440736250169e-03,1.862021527140e-03
407.600000,2.681141175125e-03,2.654048143870e-03,2.803656637860e-03,2.774939393264e-03,2.745712031706e-03,2.720806649373e-03,2.701927717936e-03,2.662152275322e-03,2.678540302585e-03,2.700523575565e-03,2.673221206089e-03,2.645368089553e-03,2.619278454900e-03,2.597466923980e-03,2.575794851117e-03,2.555893071727e-03,2.535846826859e-03,2.519712492267e-03,2.504128904729e-03,2.488488347605e-03,2.475398255672e-03,2.462555052483e-03,2.449958738018e-03,2.441129868351e-03,1.862257055620e-03
408.100000,2.681568977335e-03,2.654543470106e-03,2.804203929426e-03,2.775476295990e-03,2.746238483379e-03,2.721324515367e-03,2.702438769382e-03,2.662649860002e-03,2.679036081437e-03,2.701028295219e-03,2.673714666910e-03,2.645849409764e-03,2.619748812839e-03,2.597928129288e-03,2.576246941801e-03,2.556336493325e-03,2.536281546133e-03,2.520140213580e-03,2.504550509864e-03,2.488903095919e-03,2.475807505262e-03,2.462958873898e-03,2.450357201841e-03,2.441524645715e-03,1.862493246520e-03
408.600000,2.681998030537e-03,2.655040272535e-03,2.804752860053e-03,2.776014805137e-03,2.746766508669e-03,2.721843928101e-03,2.702951346154e-03,2.663148927878e-03,2.679533336490e-03,2.701534518861e-03,2.674209595919e-03,2.646332159478e-03,2.620220565426e-03,2.598390700120e-03,2.576700369009e-03,2.556781223820e-03,2.536717546581e-03,2.520569193791e-03,2.504973354488e-03,2.489319061876e-03,2.476217954992e-03,2.463363878185e-03,2.450756831478e-03,2.441920577171e-03,1.862730096770e-03
409.100000,2.682428329134e-03,2.655538544965e-03,2.805303422871e-03,2.776554914004e-03,2.747296100993e-03,2.722364881063e-03,2.703465441857e-03,2.663649472703e-03,2.680032061491e-03,2.702042240141e-03,2.674705986911e-03,2.646816332655e-03,2.620693706710e-03,2.598854630643e-03,2.577155127010e-03,2.557227257594e-03,2.537154822703e-03,2.520999427451e-03,2.505397433234e-03,2.489736240177e-03,2.476629599642e-03,2.463770060188e-03,2.451157621838e-03,2.442317657652e-03,1.862967603360e-03
409.600000,2.682859867552e-03,2.656038281205e-03,2.805855611088e-03,2.777096615880e-03,2.747827253770e-03,2.722887367827e-03,2.703981050106e-03,2.664151488272e-03,2.680532250245e-03,2.702551452743e-03,2.675203833710e-03,2.647301923220e-03,2.621168230774e-03,2.599319915044e-03,2.577611210111e-03,2.557674589049e-03,2.537593368973e-03,2.521430909146e-03,2.505822740759e-03,2.490154625561e-03,2.477042434009e-03,2.464177414767e-03,2.451559567836e-03,2.442715882146e-03,1.863205763270e-03
410.100000,2.683292640233e-03,2.656539475101e-03,2.806409417897e-03,2.777639904113e-03,2.748359960473e-03,2.723411381947e-03,2.704498164559e-03,2.664654968397e-03,2.681033896563e-03,2.703062150384e-03,2.675703130138e-03,2.647788925168e-03,2.621644131734e-03,2.599786547536e-03,2.578068612623e-03,2.558123212593e-03,2.538033179927e-03,2.521863633465e-03,2.506249271726e-03,2.490574212777e-03,2.477456452900e-03,2.464585936782e-03,2.451962664416e-03,2.443115245627e-03,1.863444573480e-03
410.600000,2.683726641656e-03,2.657042120540e-03,2.806964836525e-03,2.778184772059e-03,2.748894214587e-03,2.723936917008e-03,2.705016778894e-03,2.665159906935e-03,2.681536994290e-03,2.703574326788e-03,2.676203870066e-03,2.648277332503e-03,2.622121403711e-03,2.600254522359e-03,2.578527328898e-03,2.558573122678e-03,2.538474250098e-03,2.522297595053e-03,2.506677020840e-03,2.490994996592e-03,2.477871651171e-03,2.464995621156e-03,2.452366906534e-03,2.443515743096e-03,1.863684031010e-03
411.100000,2.684161866321e-03,2.657546211410e-03,2.807521860257e-03,2.778731213111e-03,2.749430009636e-03,2.724463966648e-03,2.705536886808e-03,2.665666297738e-03,2.682041537295e-03,2.704087975723e-03,2.676706047379e-03,2.648767139249e-03,2.622600040875e-03,2.600723833772e-03,2.578987353287e-03,2.559024313766e-03,2.538916574052e-03,2.522732788535e-03,2.507105982801e-03,2.491416971815e-03,2.478288023680e-03,2.465406462794e-03,2.452772289189e-03,2.443917369579e-03,1.863924132880e-03
411.600000,2.684598308726e-03,2.658051741636e-03,2.808080482378e-03,2.779279220684e-03,2.749967339160e-03,2.724992524501e-03,2.706058482032e-03,2.666174134715e-03,2.682547519467e-03,2.704603090959e-03,2.677209655999e-03,2.649258339461e-03,2.623080037376e-03,2.601194476057e-03,2.579448680186e-03,2.559476780338e-03,2.539360146385e-03,2.523169208589e-03,2.507536152366e-03,2.491840133252e-03,2.478705565282e-03,2.465818456649e-03,2.453178807363e-03,2.444320120128e-03,1.864164876100e-03
412.100000,2.685035963422e-03,2.658558705164e-03,2.808640696190e-03,2.779828788217e-03,2.750506196717e-03,2.725522584244e-03,2.706581558313e-03,2.666683411776e-03,2.683054934731e-03,2.705119666314e-03,2.677714689860e-03,2.649750927210e-03,2.623561387446e-03,2.601666443524e-03,2.579911304013e-03,2.559930516917e-03,2.539804961695e-03,2.523606849890e-03,2.507967524283e-03,2.492264475748e-03,2.479124270898e-03,2.466231597682e-03,2.453586456092e-03,2.444723989805e-03,1.864406257730e-03
412.600000,2.685474824967e-03,2.659067095960e-03,2.809202495059e-03,2.780379909190e-03,2.751046575912e-03,2.726054139564e-03,2.707106109451e-03,2.667194122858e-03,2.683563777019e-03,2.705637695627e-03,2.678221142929e-03,2.650244896613e-03,2.624044085303e-03,2.602139730502e-03,2.580375219195e-03,2.560385518023e-03,2.540251014613e-03,2.524045707163e-03,2.508400093337e-03,2.492689994147e-03,2.479544135435e-03,2.466645880861e-03,2.453995230419e-03,2.445128973689e-03,1.864648274820e-03
413.100000,2.685914887942e-03,2.659576908027e-03,2.809765872351e-03,2.780932577089e-03,2.751588470355e-03,2.726587184215e-03,2.707632129235e-03,2.667706261938e-03,2.684074040308e-03,2.706157172755e-03,2.678729009201e-03,2.650740241771e-03,2.624528125186e-03,2.602614331344e-03,2.580840420188e-03,2.560841778221e-03,2.540698299801e-03,2.524485775128e-03,2.508833854330e-03,2.493116683345e-03,2.479965153850e-03,2.467061301208e-03,2.454405125403e-03,2.445535066888e-03,1.864890924440e-03
413.600000,2.686356146942e-03,2.660088135379e-03,2.810330821474e-03,2.781486785440e-03,2.752131873723e-03,2.727121711927e-03,2.708159611497e-03,2.668219823008e-03,2.684585718577e-03,2.706678091585e-03,2.679238282675e-03,2.651236956859e-03,2.625013501377e-03,2.603090240427e-03,2.581306901467e-03,2.561299292076e-03,2.541146811924e-03,2.524927048554e-03,2.509268802080e-03,2.493544538230e-03,2.480387321094e-03,2.467477853724e-03,2.454816136117e-03,2.445942264534e-03,1.865134203650e-03
414.100000,2.686798596611e-03,2.660600772071e-03,2.810897335835e-03,2.782042527796e-03,2.752676779653e-03,2.727657716467e-03,2.708688550104e-03,2.668734800084e-03,2.685098805854e-03,2.707200446022e-03,2.679748957389e-03,2.651735036026e-03,2.625500208166e-03,2.603567452151e-03,2.581774657539e-03,2.561758054200e-03,2.541596545686e-03,2.525369522191e-03,2.509704931436e-03,2.493973553726e-03,2.480810632153e-03,2.467895533473e-03,2.455228257687e-03,2.446350561764e-03,1.865378109560e-03
414.600000,2.687242231584e-03,2.661114812172e-03,2.811465408914e-03,2.782599797728e-03,2.753223181855e-03,2.728195191648e-03,2.709218938921e-03,2.669251187201e-03,2.685613296185e-03,2.707724230001e-03,2.680261027413e-03,2.652234473486e-03,2.625988239879e-03,2.604045960937e-03,2.582243682939e-03,2.562218059192e-03,2.542047495801e-03,2.525813190852e-03,2.510142237250e-03,2.494403724771e-03,2.481235082029e-03,2.468314335510e-03,2.455641485227e-03,2.446759953743e-03,1.865622639250e-03
415.100000,2.687687046533e-03,2.661630249766e-03,2.812035034168e-03,2.783158588843e-03,2.753771074067e-03,2.728734131302e-03,2.709750771865e-03,2.669768978434e-03,2.686129183612e-03,2.708249437482e-03,2.680774486828e-03,2.652735263460e-03,2.626477590866e-03,2.604525761229e-03,2.582713972190e-03,2.562679301724e-03,2.542499656999e-03,2.526258049351e-03,2.510580714430e-03,2.494835046329e-03,2.481660665741e-03,2.468734254926e-03,2.456055813875e-03,2.447170435660e-03,1.865867789850e-03
415.600000,2.688133036143e-03,2.662147078983e-03,2.812606205126e-03,2.783718894771e-03,2.754320450024e-03,2.729274529263e-03,2.710284042855e-03,2.670288167866e-03,2.686646462252e-03,2.708776062454e-03,2.681289329747e-03,2.653237400169e-03,2.626968255467e-03,2.605006847495e-03,2.583185519886e-03,2.563141776433e-03,2.542953024049e-03,2.526704092522e-03,2.511020357860e-03,2.495267513380e-03,2.482087378336e-03,2.469155286803e-03,2.456471238796e-03,2.447582002714e-03,1.866113558480e-03
416.100000,2.688580195123e-03,2.662665293952e-03,2.813178915303e-03,2.784280709153e-03,2.754871303506e-03,2.729816379417e-03,2.710818745854e-03,2.670808749613e-03,2.687165126199e-03,2.709304098924e-03,2.681805550311e-03,2.653740877911e-03,2.627460228095e-03,2.605489214226e-03,2.583658320599e-03,2.563605478018e-03,2.543407591729e-03,2.527151315219e-03,2.511461162491e-03,2.495701120929e-03,2.482515214873e-03,2.469577426286e-03,2.456887755169e-03,2.447994650130e-03,1.866359942260e-03
416.600000,2.689028518222e-03,2.663184888841e-03,2.813753158274e-03,2.784844025692e-03,2.755423628322e-03,2.730359675682e-03,2.711354874853e-03,2.671330717806e-03,2.687685169599e-03,2.709833540933e-03,2.682323142659e-03,2.654245690957e-03,2.627953503150e-03,2.605972855930e-03,2.584132368942e-03,2.564070401185e-03,2.543863354844e-03,2.527599712333e-03,2.511903123245e-03,2.496135863993e-03,2.482944170434e-03,2.470000668501e-03,2.457305358203e-03,2.448408373150e-03,1.866606938360e-03
417.100000,2.689478000188e-03,2.663705857840e-03,2.814328927613e-03,2.785408838078e-03,2.755977418275e-03,2.730904411947e-03,2.711892423837e-03,2.671854066621e-03,2.688206586606e-03,2.710364382519e-03,2.682842100981e-03,2.654751833620e-03,2.628448075068e-03,2.606457767144e-03,2.584607659565e-03,2.564536540668e-03,2.544320308211e-03,2.528049278745e-03,2.512346235105e-03,2.496571737627e-03,2.483374240124e-03,2.470425008623e-03,2.457724043107e-03,2.448823167034e-03,1.866854543930e-03
417.600000,2.689928635785e-03,2.664228195174e-03,2.814906216941e-03,2.785975140037e-03,2.756532667248e-03,2.731450582194e-03,2.712431386842e-03,2.672378790231e-03,2.688729371416e-03,2.710896617780e-03,2.683362419486e-03,2.655259300245e-03,2.628943938305e-03,2.606943942426e-03,2.585084187108e-03,2.565003891198e-03,2.544778446688e-03,2.528500009400e-03,2.512790493059e-03,2.497008736876e-03,2.483805419075e-03,2.470850441827e-03,2.458143805137e-03,2.449239027063e-03,1.867102756130e-03
418.100000,2.690380419823e-03,2.664751895069e-03,2.815485019891e-03,2.786542925342e-03,2.757089369096e-03,2.731998180383e-03,2.712971757922e-03,2.672904882844e-03,2.689253518221e-03,2.711430240811e-03,2.683884092400e-03,2.655768085190e-03,2.629441087334e-03,2.607431376352e-03,2.585561946251e-03,2.565472447570e-03,2.545237765125e-03,2.528951899216e-03,2.513235892103e-03,2.497446856837e-03,2.484237702413e-03,2.471276963319e-03,2.458564639539e-03,2.449655948540e-03,1.867351572150e-03
418.600000,2.690833347106e-03,2.665276951779e-03,2.816065330134e-03,2.787112187770e-03,2.757647517723e-03,2.732547200519e-03,2.713513531148e-03,2.673432338699e-03,2.689779021268e-03,2.711965245750e-03,2.684407113968e-03,2.656278182835e-03,2.629939516672e-03,2.607920063521e-03,2.586040931689e-03,2.565942204551e-03,2.545698258421e-03,2.529404943169e-03,2.513682427280e-03,2.497886092596e-03,2.484671085315e-03,2.471704568311e-03,2.458986541600e-03,2.450073926772e-03,1.867600989170e-03
419.100000,2.691287412475e-03,2.665803359597e-03,2.816647141351e-03,2.787682921113e-03,2.758207107060e-03,2.733097636626e-03,2.714056700639e-03,2.673961152060e-03,2.690305874802e-03,2.712501626746e-03,2.684931478475e-03,2.656789587582e-03,2.630439220825e-03,2.608409998558e-03,2.586521138162e-03,2.566413156982e-03,2.546159921473e-03,2.529859136231e-03,2.514130093632e-03,2.498326439289e-03,2.485105562950e-03,2.472133252049e-03,2.459409506607e-03,2.450492957106e-03,1.867851004420e-03
419.600000,2.691742610800e-03,2.666331112826e-03,2.817230447266e-03,2.788255119232e-03,2.758768131052e-03,2.733649482742e-03,2.714601260500e-03,2.674491317183e-03,2.690834073111e-03,2.713039377971e-03,2.685457180224e-03,2.657302293864e-03,2.630940194341e-03,2.608901176106e-03,2.587002560394e-03,2.566885299677e-03,2.546622749219e-03,2.530314473419e-03,2.514578886223e-03,2.498767892060e-03,2.485541130517e-03,2.472563009798e-03,2.459833529890e-03,2.450913034902e-03,1.868101615090e-03
420.100000,2.692198936950e-03,2.666860205796e-03,2.817815241622e-03,2.788828775959e-03,2.759330583683e-03,2.734202732963e-03,2.715147204891e-03,2.675022828386e-03,2.691363610485e-03,2.713578493635e-03,2.685984213516e-03,2.657816296120e-03,2.631442431799e-03,2.609393590829e-03,2.587485193158e-03,2.567358627502e-03,2.547086736584e-03,2.530770949739e-03,2.515028800149e-03,2.499210446060e-03,2.485977783249e-03,2.472993836825e-03,2.460258606770e-03,2.451334155524e-03,1.868352818410e-03
420.600000,2.692656385829e-03,2.667390632846e-03,2.818401518170e-03,2.789403885185e-03,2.759894458941e-03,2.734757381349e-03,2.715694527977e-03,2.675555679998e-03,2.691894481253e-03,2.714118967966e-03,2.686512572711e-03,2.658331588844e-03,2.631945927788e-03,2.609887237418e-03,2.587969031227e-03,2.567833135328e-03,2.547551878566e-03,2.531228560238e-03,2.515479830522e-03,2.499654096466e-03,2.486415516376e-03,2.473425728421e-03,2.460684732614e-03,2.451756314366e-03,1.868604611630e-03
421.100000,2.693114952353e-03,2.667922388375e-03,2.818989270715e-03,2.789980440828e-03,2.760459750841e-03,2.735313422070e-03,2.716243223954e-03,2.676089866359e-03,2.692426679768e-03,2.714660795189e-03,2.687042252168e-03,2.658848166522e-03,2.632450676905e-03,2.610382110577e-03,2.588454069414e-03,2.568308818049e-03,2.548018170131e-03,2.531687299977e-03,2.515931972458e-03,2.500098838493e-03,2.486854325161e-03,2.473858679926e-03,2.461111902784e-03,2.452179506852e-03,1.868856991980e-03
421.600000,2.693574631463e-03,2.668455466767e-03,2.819578493066e-03,2.790558436802e-03,2.761026453455e-03,2.735870849218e-03,2.716793287056e-03,2.676625381834e-03,2.692960200389e-03,2.715203969589e-03,2.687573246292e-03,2.659366023660e-03,2.632956673790e-03,2.610878205042e-03,2.588940302536e-03,2.568785670581e-03,2.548485606292e-03,2.532147164039e-03,2.516385221109e-03,2.500544667349e-03,2.487294204880e-03,2.474292686658e-03,2.461540112679e-03,2.452603728406e-03,1.869109956730e-03
422.100000,2.694035418116e-03,2.668989862441e-03,2.820169179079e-03,2.791137867069e-03,2.761594560850e-03,2.736429657004e-03,2.717344711513e-03,2.677162220831e-03,2.693495037525e-03,2.715748485469e-03,2.688105549478e-03,2.659885154806e-03,2.633463913104e-03,2.611375515555e-03,2.589427725462e-03,2.569263687872e-03,2.548954182091e-03,2.532608147530e-03,2.516839571652e-03,2.500991578281e-03,2.487735150826e-03,2.474727743967e-03,2.461969357703e-03,2.453028974470e-03,1.869363503150e-03
422.600000,2.694497307313e-03,2.669525569838e-03,2.820761322594e-03,2.791718725620e-03,2.762164067109e-03,2.736989839585e-03,2.717897491590e-03,2.677700377759e-03,2.694031185576e-03,2.716294337127e-03,2.688639156161e-03,2.660405554522e-03,2.633972389516e-03,2.611874036896e-03,2.589916333038e-03,2.569742864876e-03,2.549423892556e-03,2.533070245573e-03,2.517295019257e-03,2.501439566532e-03,2.488177158316e-03,2.475163847238e-03,2.462399633287e-03,2.453455240510e-03,1.869617628520e-03
423.100000,2.694960294028e-03,2.670062583440e-03,2.821354917535e-03,2.792301006446e-03,2.762734966354e-03,2.737551391201e-03,2.718451621582e-03,2.678239847058e-03,2.694568638989e-03,2.716841518912e-03,2.689174060809e-03,2.660927217400e-03,2.634482097725e-03,2.612373763853e-03,2.590406120163e-03,2.570223196566e-03,2.549894732772e-03,2.533533453293e-03,2.517751559136e-03,2.501888627401e-03,2.488620222687e-03,2.475600991851e-03,2.462830934881e-03,2.453882522029e-03,1.869872330120e-03
423.600000,2.695424373302e-03,2.670600897720e-03,2.821949957792e-03,2.792884703594e-03,2.763307252740e-03,2.738114306074e-03,2.719007095803e-03,2.678780623186e-03,2.695107392221e-03,2.717390025192e-03,2.689710257903e-03,2.661450138021e-03,2.634993032455e-03,2.612874691248e-03,2.590897081734e-03,2.570704677943e-03,2.550366697814e-03,2.533997765866e-03,2.518209186517e-03,2.502338756163e-03,2.489064339298e-03,2.476039173219e-03,2.463263257938e-03,2.454310814503e-03,1.870127605270e-03
424.100000,2.695889540168e-03,2.671140507184e-03,2.822546437318e-03,2.793469811088e-03,2.763880920427e-03,2.738678578477e-03,2.719563908582e-03,2.679322700636e-03,2.695647439758e-03,2.717939850336e-03,2.690247741940e-03,2.661974311033e-03,2.635505188443e-03,2.613376813902e-03,2.591389212696e-03,2.571187304033e-03,2.550839782803e-03,2.534463178478e-03,2.518667896647e-03,2.502789948139e-03,2.489509503507e-03,2.476478386777e-03,2.463696597963e-03,2.454740113486e-03,1.870383451280e-03
424.600000,2.696355789685e-03,2.671681406380e-03,2.823144350073e-03,2.794056323039e-03,2.764455963606e-03,2.739244202690e-03,2.720122054274e-03,2.679866073905e-03,2.696188776108e-03,2.718490988761e-03,2.690786507437e-03,2.662499731086e-03,2.636018560449e-03,2.613880126683e-03,2.591882507997e-03,2.571671069862e-03,2.551313982864e-03,2.534929686311e-03,2.519127684788e-03,2.503242198678e-03,2.489955710712e-03,2.476918627956e-03,2.464130950435e-03,2.455170414491e-03,1.870639865460e-03
425.100000,2.696823116936e-03,2.672223589844e-03,2.823743690050e-03,2.794644233524e-03,2.765032376487e-03,2.739811173020e-03,2.720681527273e-03,2.680410737519e-03,2.696731395789e-03,2.719043434902e-03,2.691326548955e-03,2.663026392829e-03,2.636533143258e-03,2.614384624469e-03,2.592376962595e-03,2.572155970497e-03,2.551789293135e-03,2.535397284591e-03,2.519588546214e-03,2.503695503110e-03,2.490402956313e-03,2.477359892242e-03,2.464566310886e-03,2.455601713084e-03,1.870896845160e-03
425.600000,2.697291517027e-03,2.672767052170e-03,2.824344451258e-03,2.795233536688e-03,2.765610153313e-03,2.740379483792e-03,2.721242321982e-03,2.680956686044e-03,2.697275293363e-03,2.719597183208e-03,2.691867861046e-03,2.663554290981e-03,2.637048931665e-03,2.614890302156e-03,2.592872571497e-03,2.572642001015e-03,2.552265708795e-03,2.535865968558e-03,2.520050476239e-03,2.504149856817e-03,2.490851235754e-03,2.477802175098e-03,2.465002674841e-03,2.456034004837e-03,1.871154387720e-03
426.100000,2.697760985062e-03,2.673311787949e-03,2.824946627746e-03,2.795824226651e-03,2.766189288338e-03,2.740949129371e-03,2.721804432805e-03,2.681503914032e-03,2.697820463386e-03,2.720152228151e-03,2.692410438318e-03,2.664083420227e-03,2.637565920510e-03,2.615397154651e-03,2.593369329692e-03,2.573129156504e-03,2.552743225017e-03,2.536335733471e-03,2.520513470178e-03,2.504605255181e-03,2.491300544464e-03,2.478245472030e-03,2.465440037873e-03,2.456467285348e-03,1.871412490500e-03
426.600000,2.698231516205e-03,2.673857791790e-03,2.825550213556e-03,2.796416297616e-03,2.766769775845e-03,2.741520104114e-03,2.722367854220e-03,2.682052416097e-03,2.698366900460e-03,2.720708564236e-03,2.692954275369e-03,2.664613775321e-03,2.638084104627e-03,2.615905176907e-03,2.593867232236e-03,2.573617432102e-03,2.553221837021e-03,2.536806574599e-03,2.520977523366e-03,2.505061693628e-03,2.491750877925e-03,2.478689778563e-03,2.465878395542e-03,2.456901550235e-03,1.871671150850e-03
427.100000,2.698703105597e-03,2.674405058344e-03,2.826155202795e-03,2.797009743764e-03,2.767351610151e-03,2.742092402441e-03,2.722932580677e-03,2.682602186836e-03,2.698914599208e-03,2.721266185970e-03,2.693499366843e-03,2.665145351017e-03,2.638603478893e-03,2.616414363874e-03,2.594366274156e-03,2.574106822941e-03,2.553701540025e-03,2.537278487236e-03,2.521442631162e-03,2.505519167559e-03,2.492202231600e-03,2.479135090230e-03,2.466317743445e-03,2.457336795104e-03,1.871930366170e-03
427.600000,2.699175748413e-03,2.674953582276e-03,2.826761589561e-03,2.797604559308e-03,2.767934785579e-03,2.742666018767e-03,2.723498606674e-03,2.683153220903e-03,2.699463554248e-03,2.721825087902e-03,2.694045707389e-03,2.665678142081e-03,2.639124038176e-03,2.616924710529e-03,2.594866450539e-03,2.574597324161e-03,2.554182329276e-03,2.537751466708e-03,2.521908788948e-03,2.505977672444e-03,2.492654600999e-03,2.479581402579e-03,2.466758077189e-03,2.457773015621e-03,1.872190133830e-03
428.100000,2.699649439862e-03,2.675503358270e-03,2.827369367982e-03,2.798200738496e-03,2.768519296487e-03,2.743240947525e-03,2.724065926737e-03,2.683705512942e-03,2.700013760244e-03,2.722385264593e-03,2.694593291679e-03,2.666212143314e-03,2.639645777398e-03,2.617436211875e-03,2.595367756470e-03,2.575088930951e-03,2.554664200023e-03,2.538225508347e-03,2.522375992108e-03,2.506437203734e-03,2.493107981630e-03,2.480028711193e-03,2.467199392392e-03,2.458210207434e-03,1.872450451240e-03
428.600000,2.700124175166e-03,2.676054381030e-03,2.827978532216e-03,2.798798275601e-03,2.769105137232e-03,2.743817183193e-03,2.724634535388e-03,2.684259057644e-03,2.700565211888e-03,2.722946710628e-03,2.695142114420e-03,2.666747349534e-03,2.640168691485e-03,2.617948862930e-03,2.595870187061e-03,2.575581638513e-03,2.555147147568e-03,2.538700607482e-03,2.522844236067e-03,2.506897756898e-03,2.493562369044e-03,2.480477011650e-03,2.467641684713e-03,2.458648366228e-03,1.872711315800e-03
429.100000,2.700599949543e-03,2.676606645284e-03,2.828589076457e-03,2.799397164901e-03,2.769692302233e-03,2.744394720266e-03,2.725204427194e-03,2.684813849700e-03,2.701117903872e-03,2.723509420621e-03,2.695692170324e-03,2.667283755591e-03,2.640692775382e-03,2.618462658735e-03,2.596373737432e-03,2.576075442053e-03,2.555631167199e-03,2.539176759510e-03,2.523313516256e-03,2.507359327453e-03,2.494017758799e-03,2.480926299575e-03,2.468084949794e-03,2.459087487715e-03,1.872972724930e-03
429.600000,2.701076758256e-03,2.677160145771e-03,2.829200994903e-03,2.799997400718e-03,2.770280785898e-03,2.744973553229e-03,2.725775596733e-03,2.685369883846e-03,2.701671830917e-03,2.724073389193e-03,2.696243454136e-03,2.667821356320e-03,2.641218024051e-03,2.618977594341e-03,2.596878402741e-03,2.576570336805e-03,2.556116254246e-03,2.539653959803e-03,2.523783828119e-03,2.507821910916e-03,2.494474146441e-03,2.481376570582e-03,2.468529183328e-03,2.459527567587e-03,1.873234676050e-03
430.100000,2.701554596579e-03,2.677714877268e-03,2.829814281766e-03,2.800598977368e-03,2.770870582666e-03,2.745553676621e-03,2.726348038604e-03,2.685927154822e-03,2.702226987761e-03,2.724638610992e-03,2.696795960612e-03,2.668360146631e-03,2.641744432495e-03,2.619493664840e-03,2.597384178153e-03,2.577066318021e-03,2.556602404030e-03,2.540132203778e-03,2.524255167127e-03,2.508285502817e-03,2.494931527572e-03,2.481827820308e-03,2.468974381006e-03,2.459968601593e-03,1.873497166620e-03
430.600000,2.702033459804e-03,2.678270834567e-03,2.830428931310e-03,2.801201889220e-03,2.771461687016e-03,2.746135085021e-03,2.726921747448e-03,2.686485657390e-03,2.702783369180e-03,2.725205080692e-03,2.697349684539e-03,2.668900121398e-03,2.642271995711e-03,2.620010865318e-03,2.597891058858e-03,2.577563380980e-03,2.557089611921e-03,2.540611486849e-03,2.524727528768e-03,2.508750098703e-03,2.495389897815e-03,2.482280044429e-03,2.469420538549e-03,2.460410585476e-03,1.873760194080e-03
431.100000,2.702513343244e-03,2.678828012472e-03,2.831044937798e-03,2.801806130664e-03,2.772054093422e-03,2.746717772966e-03,2.727496717885e-03,2.687045386328e-03,2.703340969952e-03,2.725772792986e-03,2.697904620721e-03,2.669441275563e-03,2.642800708726e-03,2.620529190899e-03,2.598399040060e-03,2.578061520975e-03,2.557577873300e-03,2.541091804479e-03,2.525200908534e-03,2.509215694144e-03,2.495849252773e-03,2.482733238610e-03,2.469867651668e-03,2.460853514992e-03,1.874023755880e-03
431.600000,2.702994242227e-03,2.679386405822e-03,2.831662295531e-03,2.802411696072e-03,2.772647796392e-03,2.747301735087e-03,2.728072944602e-03,2.687606336466e-03,2.703899784890e-03,2.726341742591e-03,2.698460763979e-03,2.669983604055e-03,2.643330566600e-03,2.621048636718e-03,2.598908116992e-03,2.578560733298e-03,2.558067183551e-03,2.541573152101e-03,2.525675301963e-03,2.509682284741e-03,2.496309588091e-03,2.483187398555e-03,2.470315716121e-03,2.461297385942e-03,1.874287849510e-03
432.100000,2.703476152108e-03,2.679946009463e-03,2.832280998832e-03,2.803018579893e-03,2.773242790471e-03,2.747886966001e-03,2.728650422292e-03,2.688168502606e-03,2.704459808816e-03,2.726911924237e-03,2.699018109149e-03,2.670527101834e-03,2.643861564387e-03,2.621569197923e-03,2.599418284890e-03,2.579061013299e-03,2.558557538092e-03,2.542055525223e-03,2.526150704583e-03,2.510149866103e-03,2.496770899437e-03,2.483642519958e-03,2.470764727680e-03,2.461742194115e-03,1.874552472420e-03
432.600000,2.703959068242e-03,2.680506818272e-03,2.832901042037e-03,2.803626776573e-03,2.773839070196e-03,2.748473460324e-03,2.729229145641e-03,2.688731879614e-03,2.705021036563e-03,2.727483332690e-03,2.699576651117e-03,2.671071763891e-03,2.644393697182e-03,2.622090869706e-03,2.599929539025e-03,2.579562356313e-03,2.559048932341e-03,2.542538919327e-03,2.526627111969e-03,2.510618433830e-03,2.497233182483e-03,2.484098598577e-03,2.471214682104e-03,2.462187935328e-03,1.874817622130e-03
433.100000,2.704442986019e-03,2.681068827139e-03,2.833522419506e-03,2.804236280562e-03,2.774436630146e-03,2.749061212740e-03,2.729809109398e-03,2.689296462358e-03,2.705583463026e-03,2.728055962705e-03,2.700136384754e-03,2.671617585228e-03,2.644926960095e-03,2.622613647260e-03,2.600441874668e-03,2.580064757710e-03,2.559541361765e-03,2.543023329933e-03,2.527104519683e-03,2.511087983593e-03,2.497696432926e-03,2.484555630133e-03,2.471665575209e-03,2.462634605411e-03,1.875083296120e-03
433.600000,2.704927900846e-03,2.681632030987e-03,2.834145125637e-03,2.804847086368e-03,2.775035464920e-03,2.749650217918e-03,2.730390308309e-03,2.689862245714e-03,2.706147083077e-03,2.728629809104e-03,2.700697304969e-03,2.672164560853e-03,2.645461348244e-03,2.623137525788e-03,2.600955287132e-03,2.580568212875e-03,2.560034821820e-03,2.543508752577e-03,2.527582923319e-03,2.511558511021e-03,2.498160646468e-03,2.485013610402e-03,2.472117402806e-03,2.463082200225e-03,1.875349491910e-03
434.100000,2.705413808151e-03,2.682196424732e-03,2.834769154825e-03,2.805459188501e-03,2.775635569133e-03,2.750240470564e-03,2.730972737147e-03,2.690429224603e-03,2.706711891626e-03,2.729204866693e-03,2.701259406687e-03,2.672712685823e-03,2.645996856782e-03,2.623662500535e-03,2.601469771743e-03,2.581072717205e-03,2.560529307989e-03,2.543995182807e-03,2.528062318487e-03,2.512030011808e-03,2.498625818856e-03,2.485472535158e-03,2.472570160721e-03,2.463530715626e-03,1.875616207010e-03
434.600000,2.705900703358e-03,2.682762003350e-03,2.835394501504e-03,2.806072581481e-03,2.776236937419e-03,2.750831965413e-03,2.731556390711e-03,2.690997393959e-03,2.707277883611e-03,2.729781130309e-03,2.701822684861e-03,2.673261955187e-03,2.646533480863e-03,2.624188566747e-03,2.601985323825e-03,2.581578266129e-03,2.561024815786e-03,2.544482616184e-03,2.528542700817e-03,2.512502481645e-03,2.499091945815e-03,2.485932400200e-03,2.473023844800e-03,2.463980147491e-03,1.875883438960e-03
435.100000,2.706388581943e-03,2.683328761792e-03,2.836021160139e-03,2.806687259888e-03,2.776839564453e-03,2.751424697207e-03,2.732141263802e-03,2.691566748717e-03,2.707845053970e-03,2.730358594818e-03,2.702387134449e-03,2.673812364029e-03,2.647071215686e-03,2.624715719688e-03,2.602501938739e-03,2.582084855081e-03,2.561521340725e-03,2.544971048317e-03,2.529024065953e-03,2.512975916230e-03,2.499559023119e-03,2.486393201345e-03,2.473478450920e-03,2.464430491735e-03,1.876151185290e-03
435.600000,2.706877439369e-03,2.683896695071e-03,2.836649125190e-03,2.807303218277e-03,2.777443444899e-03,2.752018660720e-03,2.732727351274e-03,2.692137283860e-03,2.708413397679e-03,2.730937255103e-03,2.702952750437e-03,2.674363907451e-03,2.647610056458e-03,2.625243954665e-03,2.603019611877e-03,2.582592479520e-03,2.562018878349e-03,2.545460474789e-03,2.529506409570e-03,2.513450311306e-03,2.500027046541e-03,2.486854934414e-03,2.473933974945e-03,2.464881744265e-03,1.876419443560e-03
436.100000,2.707367271139e-03,2.684465798195e-03,2.837278391150e-03,2.807920451265e-03,2.778048573483e-03,2.752613850743e-03,2.733314647961e-03,2.692708994378e-03,2.708982909725e-03,2.731517106055e-03,2.703519527847e-03,2.674916580579e-03,2.648149998388e-03,2.625773266986e-03,2.603538338613e-03,2.583101134912e-03,2.562517424216e-03,2.545950891240e-03,2.529989727327e-03,2.513925662616e-03,2.500496011874e-03,2.487317595267e-03,2.474390412780e-03,2.465333901016e-03,1.876688211310e-03
436.600000,2.707858072763e-03,2.685036066196e-03,2.837908952557e-03,2.808538953467e-03,2.778654944899e-03,2.753210262054e-03,2.733903148756e-03,2.693281875276e-03,2.709553585124e-03,2.732098142603e-03,2.704087461690e-03,2.675470378550e-03,2.648691036720e-03,2.626303651959e-03,2.604058114369e-03,2.583610816772e-03,2.563016973890e-03,2.546442293301e-03,2.530474014943e-03,2.514401965909e-03,2.500965914946e-03,2.487781179755e-03,2.474847760338e-03,2.465786957938e-03,1.876957486130e-03
437.100000,2.708349839775e-03,2.685607494140e-03,2.838540803950e-03,2.809158719513e-03,2.779262553904e-03,2.753807889534e-03,2.734492848556e-03,2.693855921588e-03,2.710125418893e-03,2.732680359674e-03,2.704656547019e-03,2.676025296513e-03,2.649233166721e-03,2.626835104959e-03,2.604578934583e-03,2.584121520597e-03,2.563517522963e-03,2.546934676614e-03,2.530959268122e-03,2.514879216976e-03,2.501436751565e-03,2.488245683760e-03,2.475306013551e-03,2.466240910980e-03,1.877227265590e-03
437.600000,2.708842567711e-03,2.686180077073e-03,2.839173939874e-03,2.809779744089e-03,2.779871395283e-03,2.754406727989e-03,2.735083742268e-03,2.694431128368e-03,2.710698406096e-03,2.733263752253e-03,2.705226778897e-03,2.676581329658e-03,2.649776383664e-03,2.627367621320e-03,2.605100794681e-03,2.584633241911e-03,2.564019067058e-03,2.547428036885e-03,2.531445482599e-03,2.515357411599e-03,2.501908517595e-03,2.488711103190e-03,2.475765168362e-03,2.466695756140e-03,1.877497547270e-03
438.100000,2.709336252144e-03,2.686753810115e-03,2.839808354925e-03,2.810402021867e-03,2.780481463792e-03,2.755006772302e-03,2.735675824836e-03,2.695007490673e-03,2.711272541789e-03,2.733848315308e-03,2.705798152412e-03,2.677138473169e-03,2.650320682860e-03,2.627901196448e-03,2.605623690167e-03,2.585145976270e-03,2.564521601792e-03,2.547922369775e-03,2.531932654113e-03,2.515836545599e-03,2.502381208890e-03,2.489177433934e-03,2.476225220740e-03,2.467151489405e-03,1.877768328780e-03
438.600000,2.709830888666e-03,2.687328688370e-03,2.840444043705e-03,2.811025547558e-03,2.781092754257e-03,2.755608017370e-03,2.736269091210e-03,2.695585003600e-03,2.711847821064e-03,2.734434043833e-03,2.706370662680e-03,2.677696722278e-03,2.650866059618e-03,2.628435825732e-03,2.606147616488e-03,2.585659719247e-03,2.565025122819e-03,2.548417671009e-03,2.532420778437e-03,2.516316614805e-03,2.502854821331e-03,2.489644671941e-03,2.476686166645e-03,2.467608106790e-03,1.878039607710e-03
439.100000,2.710326472868e-03,2.687904706968e-03,2.841081000845e-03,2.811650315890e-03,2.781705261508e-03,2.756210458114e-03,2.736863536375e-03,2.696163662261e-03,2.712424239039e-03,2.735020932859e-03,2.706944304800e-03,2.678256072212e-03,2.651412509269e-03,2.628971504602e-03,2.606672569178e-03,2.586174466397e-03,2.565529625784e-03,2.548913936312e-03,2.532909851362e-03,2.516797615046e-03,2.503329350807e-03,2.490112813156e-03,2.477148002084e-03,2.468065604311e-03,1.878311381700e-03
439.600000,2.710823000363e-03,2.688481861069e-03,2.841719220997e-03,2.812276321602e-03,2.782318980376e-03,2.756814089435e-03,2.737459155324e-03,2.696743461784e-03,2.713001790821e-03,2.735608977437e-03,2.707519073931e-03,2.678816518216e-03,2.651960027176e-03,2.629508228491e-03,2.607198543741e-03,2.586690213351e-03,2.566035106383e-03,2.549411161417e-03,2.533399868671e-03,2.517279542208e-03,2.503804793242e-03,2.490581853528e-03,2.477610723068e-03,2.468523978032e-03,1.878583648360e-03
440.100000,2.711320466797e-03,2.689060145829e-03,2.842358698818e-03,2.812903559462e-03,2.782933905742e-03,2.757418906322e-03,2.738055943072e-03,2.697324397307e-03,2.713580471578e-03,2.736198172596e-03,2.708094965246e-03,2.679378055579e-03,2.652508608703e-03,2.630045992853e-03,2.607725535725e-03,2.587206955704e-03,2.566541560304e-03,2.549909342088e-03,2.533890826181e-03,2.517762392154e-03,2.504281144554e-03,2.491051789041e-03,2.478074325619e-03,2.468983224002e-03,1.878856405320e-03
440.600000,2.711818867830e-03,2.689639556451e-03,2.842999429005e-03,2.813532024279e-03,2.783550032499e-03,2.758024903726e-03,2.738653894662e-03,2.697906464007e-03,2.714160276467e-03,2.736788513449e-03,2.708671973907e-03,2.679940679590e-03,2.653058249250e-03,2.630584793165e-03,2.608253540673e-03,2.587724689107e-03,2.567048983256e-03,2.550408474102e-03,2.534382719739e-03,2.518246160764e-03,2.504758400679e-03,2.491522615689e-03,2.478538805775e-03,2.469443338284e-03,1.879129650240e-03
441.100000,2.712318199108e-03,2.690220088124e-03,2.843641406283e-03,2.814161710839e-03,2.784167355549e-03,2.758632076638e-03,2.739253005152e-03,2.698489657064e-03,2.714741200673e-03,2.737379995077e-03,2.709250095135e-03,2.680504385552e-03,2.653608944211e-03,2.631124624914e-03,2.608782554176e-03,2.588243409198e-03,2.567557370976e-03,2.550908553253e-03,2.534875545183e-03,2.518730843981e-03,2.505236557601e-03,2.491994329467e-03,2.479004159599e-03,2.469904316984e-03,1.879403380770e-03
441.600000,2.712818456337e-03,2.690801736105e-03,2.844284625352e-03,2.814792613987e-03,2.784785869824e-03,2.759240420077e-03,2.739853269603e-03,2.699073971689e-03,2.715323239391e-03,2.737972612596e-03,2.709829324140e-03,2.681069168795e-03,2.654160689038e-03,2.631665483608e-03,2.609312571813e-03,2.588763111649e-03,2.568066719204e-03,2.551409575354e-03,2.535369298384e-03,2.519216437708e-03,2.505715611274e-03,2.492466926416e-03,2.479470383152e-03,2.470366156205e-03,1.879677594570e-03
442.100000,2.713319635222e-03,2.691384495620e-03,2.844929080997e-03,2.815424728573e-03,2.785405570262e-03,2.759849929075e-03,2.740454683128e-03,2.699659403110e-03,2.715906387854e-03,2.738566361160e-03,2.710409656160e-03,2.681635024671e-03,2.654713479157e-03,2.632207364792e-03,2.609843589205e-03,2.589283792153e-03,2.568577023705e-03,2.551911536217e-03,2.535863975214e-03,2.519702937887e-03,2.506195557696e-03,2.492940402576e-03,2.479937472548e-03,2.470828852069e-03,1.879952289310e-03
442.600000,2.713821731476e-03,2.691968361939e-03,2.845574767984e-03,2.816058049464e-03,2.786026451861e-03,2.760460598671e-03,2.741057240824e-03,2.700245946553e-03,2.716490641315e-03,2.739161235913e-03,2.710991086457e-03,2.682201948548e-03,2.655267310046e-03,2.632750263996e-03,2.610375601961e-03,2.589805446411e-03,2.569088280273e-03,2.552414431700e-03,2.536359571574e-03,2.520190340492e-03,2.506676392873e-03,2.493414753989e-03,2.480405423862e-03,2.471292400710e-03,1.880227462670e-03
443.100000,2.714324740840e-03,2.692553330348e-03,2.846221681102e-03,2.816692571559e-03,2.786648509577e-03,2.761072423958e-03,2.741660937834e-03,2.700833597288e-03,2.717075995010e-03,2.739757232044e-03,2.711573610296e-03,2.682769935798e-03,2.655822177164e-03,2.633294176784e-03,2.610908605748e-03,2.590328070137e-03,2.569600484685e-03,2.552918257652e-03,2.536856083382e-03,2.520678641481e-03,2.507158112831e-03,2.493889976746e-03,2.480874233228e-03,2.471756798278e-03,1.880503112360e-03
443.600000,2.714828659067e-03,2.693139396155e-03,2.846869815164e-03,2.817328289763e-03,2.787271738446e-03,2.761685400003e-03,2.742265769320e-03,2.701422350598e-03,2.717662444235e-03,2.740354344727e-03,2.712157222998e-03,2.683338981839e-03,2.656378076038e-03,2.633839098731e-03,2.611442596208e-03,2.590851659074e-03,2.570113632774e-03,2.553423009957e-03,2.537353506572e-03,2.521167836860e-03,2.507640713614e-03,2.494366066914e-03,2.481343896770e-03,2.472222040944e-03,1.880779236050e-03
444.100000,2.715333481936e-03,2.693726554671e-03,2.847519165006e-03,2.817965199009e-03,2.787896133487e-03,2.762299521919e-03,2.742871730443e-03,2.702012201789e-03,2.718249984282e-03,2.740952569201e-03,2.712741919859e-03,2.683909082079e-03,2.656935002171e-03,2.634385025447e-03,2.611977569034e-03,2.591376208988e-03,2.570627720357e-03,2.553928684503e-03,2.537851837088e-03,2.521657922621e-03,2.508124191272e-03,2.494843020617e-03,2.481814410655e-03,2.472688124888e-03,1.881055831480e-03
444.600000,2.715839205235e-03,2.694314801243e-03,2.848169725497e-03,2.818603294247e-03,2.788521689752e-03,2.762914784844e-03,2.743478816404e-03,2.702603146165e-03,2.718838610479e-03,2.741551900692e-03,2.713327696220e-03,2.684480231966e-03,2.657492951091e-03,2.634931952551e-03,2.612513519907e-03,2.591901715622e-03,2.571142743275e-03,2.554435277192e-03,2.538351070884e-03,2.522148894795e-03,2.508608541872e-03,2.495320833954e-03,2.482285771027e-03,2.473155046303e-03,1.881332896350e-03
445.100000,2.716345824760e-03,2.694904131218e-03,2.848821491506e-03,2.819242570462e-03,2.789148402292e-03,2.763531183911e-03,2.744087022397e-03,2.703195179068e-03,2.719428318146e-03,2.742152334440e-03,2.713914547423e-03,2.685052426940e-03,2.658051918366e-03,2.635479875660e-03,2.613050444550e-03,2.592428174782e-03,2.571658697412e-03,2.554942783949e-03,2.538851203944e-03,2.522640749408e-03,2.509093761502e-03,2.495799503067e-03,2.482757974089e-03,2.473622801406e-03,1.881610428390e-03
445.600000,2.716853336338e-03,2.695494539988e-03,2.849474457931e-03,2.819883022631e-03,2.789776266209e-03,2.764148714317e-03,2.744696343670e-03,2.703788295850e-03,2.720019102638e-03,2.742753865734e-03,2.714502468837e-03,2.685625662500e-03,2.658611899552e-03,2.636028790435e-03,2.613588338681e-03,2.592955582274e-03,2.572175578632e-03,2.555451200720e-03,2.539352232260e-03,2.523133482538e-03,2.509579846266e-03,2.496279024099e-03,2.483231016020e-03,2.474091386433e-03,1.881888425340e-03
446.100000,2.717361735813e-03,2.696086022942e-03,2.850128619686e-03,2.820524645768e-03,2.790405276622e-03,2.764767371224e-03,2.745306775459e-03,2.704382491884e-03,2.720610959339e-03,2.743356489853e-03,2.715091455866e-03,2.686199934118e-03,2.659172890244e-03,2.636578692541e-03,2.614127198061e-03,2.593483933916e-03,2.572693382833e-03,2.555960523466e-03,2.539854151846e-03,2.523627090225e-03,2.510066792287e-03,2.496759393222e-03,2.483704893030e-03,2.474560797615e-03,1.882166884950e-03
446.600000,2.717871019030e-03,2.696678575494e-03,2.850783971704e-03,2.821167434912e-03,2.791035428625e-03,2.765387149840e-03,2.745918313042e-03,2.704977762566e-03,2.721203883636e-03,2.743960202108e-03,2.715681503902e-03,2.686775237313e-03,2.659734886048e-03,2.637129577658e-03,2.614667018435e-03,2.594013225544e-03,2.573212105942e-03,2.556470748145e-03,2.540356958733e-03,2.524121568569e-03,2.510554595676e-03,2.497240606607e-03,2.484179601357e-03,2.475031031205e-03,1.882445804960e-03
447.100000,2.718381181868e-03,2.697272193078e-03,2.851440508952e-03,2.821811385102e-03,2.791666717385e-03,2.766008045386e-03,2.746530951691e-03,2.705574103306e-03,2.721797870920e-03,2.744564997817e-03,2.716272608366e-03,2.687351567612e-03,2.660297882577e-03,2.637681441494e-03,2.615207795607e-03,2.594543453002e-03,2.573731743860e-03,2.556981870750e-03,2.540860648943e-03,2.524616913672e-03,2.511043252612e-03,2.497722660460e-03,2.484655137231e-03,2.475502083495e-03,1.882725183140e-03
447.600000,2.718892220218e-03,2.697866871132e-03,2.852098226403e-03,2.822456491420e-03,2.792299138074e-03,2.766630053109e-03,2.747144686728e-03,2.706171509521e-03,2.722392916642e-03,2.745170872342e-03,2.716864764716e-03,2.687928920565e-03,2.660861875494e-03,2.638234279754e-03,2.615749525346e-03,2.595074612171e-03,2.574252292549e-03,2.557493887291e-03,2.541365218555e-03,2.525113121653e-03,2.511532759226e-03,2.498205550972e-03,2.485131496901e-03,2.475973950746e-03,1.883005017270e-03
448.100000,2.719404129971e-03,2.698462605123e-03,2.852757119047e-03,2.823102748950e-03,2.792932685860e-03,2.767253168279e-03,2.747759513452e-03,2.706769976669e-03,2.722989016234e-03,2.745777821033e-03,2.717457968401e-03,2.688507291727e-03,2.661426860420e-03,2.638788088184e-03,2.616292203494e-03,2.595606698938e-03,2.574773747967e-03,2.558006793785e-03,2.541870663632e-03,2.525610188630e-03,2.512023111715e-03,2.498689274386e-03,2.485608676652e-03,2.476446629281e-03,1.883285305130e-03
448.600000,2.719916907053e-03,2.699059390553e-03,2.853417181903e-03,2.823750152803e-03,2.793567355955e-03,2.767877386175e-03,2.748375427225e-03,2.707369500208e-03,2.723586165161e-03,2.746385839281e-03,2.718052214898e-03,2.689086676683e-03,2.661992833062e-03,2.639342862541e-03,2.616835825852e-03,2.596139709210e-03,2.575296106096e-03,2.558520586272e-03,2.542376980269e-03,2.526108110748e-03,2.512514306261e-03,2.499173826938e-03,2.486086672756e-03,2.476920115401e-03,1.883566044500e-03
449.100000,2.720430547410e-03,2.699657222908e-03,2.854078410017e-03,2.824398698103e-03,2.794203143566e-03,2.768502702084e-03,2.748992423389e-03,2.707970075620e-03,2.724184358894e-03,2.746994922477e-03,2.718647499702e-03,2.689667071025e-03,2.662559789092e-03,2.639898598576e-03,2.617380388281e-03,2.596673638887e-03,2.575819362916e-03,2.559035260783e-03,2.542884164556e-03,2.526606884185e-03,2.513006339085e-03,2.499659204866e-03,2.486565481529e-03,2.477394405443e-03,1.883847233180e-03
449.600000,2.720945046979e-03,2.700256097716e-03,2.854740798430e-03,2.825048380000e-03,2.794840043953e-03,2.769129111325e-03,2.749610497340e-03,2.708571698390e-03,2.724783592947e-03,2.747605066053e-03,2.719243818328e-03,2.690248470380e-03,2.663127724225e-03,2.640455292087e-03,2.617925886637e-03,2.597208483924e-03,2.576343514439e-03,2.559550813411e-03,2.543392212619e-03,2.527106505096e-03,2.513499206398e-03,2.500145404448e-03,2.487045099263e-03,2.477869495754e-03,1.884128868980e-03
450.100000,2.721460401740e-03,2.700856010517e-03,2.855404342227e-03,2.825699193664e-03,2.795478052353e-03,2.769756609235e-03,2.750229644460e-03,2.709174364061e-03,2.725383862823e-03,2.748216265420e-03,2.719841166320e-03,2.690830870373e-03,2.663696634188e-03,2.641012938874e-03,2.618472316810e-03,2.597744240261e-03,2.576868556691e-03,2.560067240217e-03,2.543901120589e-03,2.527606969694e-03,2.513992904438e-03,2.500632421976e-03,2.487525522299e-03,2.478345382687e-03,1.884410949730e-03
450.600000,2.721976607669e-03,2.701456956861e-03,2.856069036492e-03,2.826351134264e-03,2.796117164066e-03,2.770385191180e-03,2.750849860167e-03,2.709778068144e-03,2.725985164068e-03,2.748828516058e-03,2.720439539205e-03,2.691414266651e-03,2.664266514706e-03,2.641571534758e-03,2.619019674676e-03,2.598280903866e-03,2.577394485711e-03,2.560584537316e-03,2.544410884625e-03,2.528108274170e-03,2.514487429471e-03,2.501120253733e-03,2.488006746973e-03,2.478822062628e-03,1.884693473230e-03
451.100000,2.722493660762e-03,2.702058932312e-03,2.856734876345e-03,2.827004197032e-03,2.796757374367e-03,2.771014852507e-03,2.751471139889e-03,2.710382806204e-03,2.726587492219e-03,2.749441813419e-03,2.721038932557e-03,2.691998654881e-03,2.664837361558e-03,2.642131075564e-03,2.619567956158e-03,2.598818470727e-03,2.577921297542e-03,2.561102700804e-03,2.544921500879e-03,2.528610414747e-03,2.514982777746e-03,2.501608896042e-03,2.488488769645e-03,2.479299531945e-03,1.884976437330e-03
451.600000,2.723011557052e-03,2.702661932478e-03,2.857401856915e-03,2.827658377169e-03,2.797398678586e-03,2.771645588624e-03,2.752093479085e-03,2.710988573806e-03,2.727190842848e-03,2.750056153015e-03,2.721639341963e-03,2.692584030747e-03,2.665409170507e-03,2.642691557151e-03,2.620117157192e-03,2.599356936841e-03,2.578448988278e-03,2.561621726826e-03,2.545432965547e-03,2.529113387665e-03,2.515478945554e-03,2.502098345227e-03,2.488971586696e-03,2.479777787054e-03,1.885259839860e-03
452.100000,2.723530292554e-03,2.703265952960e-03,2.858069973347e-03,2.828313669920e-03,2.798041072047e-03,2.772277394935e-03,2.752716873213e-03,2.711595366531e-03,2.727795211541e-03,2.750671530327e-03,2.722240763029e-03,2.693170389956e-03,2.665981937344e-03,2.643252975384e-03,2.620667273700e-03,2.599896298207e-03,2.578977553979e-03,2.562141611508e-03,2.545945274808e-03,2.529617189172e-03,2.515975929198e-03,2.502588597632e-03,2.489455194493e-03,2.480256824376e-03,1.885543678680e-03
452.600000,2.724049863315e-03,2.703870989380e-03,2.858739220825e-03,2.828970070550e-03,2.798684550107e-03,2.772910266886e-03,2.753341317767e-03,2.712203179994e-03,2.728400593915e-03,2.751287940894e-03,2.722843191360e-03,2.693757728218e-03,2.666555657886e-03,2.643815326145e-03,2.621218301648e-03,2.600436550874e-03,2.579506990762e-03,2.562662351021e-03,2.546458424878e-03,2.530121815546e-03,2.516473724971e-03,2.503079649607e-03,2.489939589461e-03,2.480736640328e-03,1.885827951650e-03
453.100000,2.724570265409e-03,2.704477037378e-03,2.859409594538e-03,2.829627574333e-03,2.799329108121e-03,2.773544199881e-03,2.753966808235e-03,2.712812009812e-03,2.729006985563e-03,2.751905380259e-03,2.723446622593e-03,2.694346041269e-03,2.667130327940e-03,2.644378605330e-03,2.621770237010e-03,2.600977690877e-03,2.580037294745e-03,2.563183941528e-03,2.546972411981e-03,2.530627263050e-03,2.516972329219e-03,2.503571497527e-03,2.490424767983e-03,2.481217231356e-03,1.886112656630e-03
453.600000,2.725091494911e-03,2.705084092621e-03,2.860081089684e-03,2.830286176575e-03,2.799974741495e-03,2.774179189416e-03,2.754593340162e-03,2.713421851615e-03,2.729614382148e-03,2.752523843970e-03,2.724051052393e-03,2.694935324866e-03,2.667705943368e-03,2.644942808864e-03,2.622323075784e-03,2.601519714284e-03,2.580568462054e-03,2.563706379224e-03,2.547487232353e-03,2.531133527990e-03,2.517471738263e-03,2.504064137772e-03,2.490910726509e-03,2.481698593928e-03,1.886397791500e-03
454.100000,2.725613547908e-03,2.705692150781e-03,2.860753701489e-03,2.830945872574e-03,2.800621445622e-03,2.774815230953e-03,2.755220909061e-03,2.714032701059e-03,2.730222779310e-03,2.753143327619e-03,2.724656476415e-03,2.695525574766e-03,2.668282500013e-03,2.645507932673e-03,2.622876813969e-03,2.602062617163e-03,2.581100488823e-03,2.564229660316e-03,2.548002882256e-03,2.531640606670e-03,2.517971948475e-03,2.504557566745e-03,2.491397461474e-03,2.482180724510e-03,1.886683354150e-03
454.600000,2.726136420514e-03,2.706301207546e-03,2.861427425204e-03,2.831606657686e-03,2.801269215938e-03,2.775452319994e-03,2.755849510498e-03,2.714644553829e-03,2.730832172728e-03,2.753763826795e-03,2.725262890354e-03,2.696116786766e-03,2.668859993759e-03,2.646073972699e-03,2.623431447596e-03,2.602606395610e-03,2.581633371238e-03,2.564753781023e-03,2.548519357953e-03,2.532148495412e-03,2.518472956213e-03,2.505051780851e-03,2.491884969338e-03,2.482663619585e-03,1.886969342460e-03
455.100000,2.726660108845e-03,2.706911258622e-03,2.862102256089e-03,2.832268527254e-03,2.801918047863e-03,2.776090452054e-03,2.756479140055e-03,2.715257405606e-03,2.731442558077e-03,2.754385337108e-03,2.725870289908e-03,2.696708956654e-03,2.669438420482e-03,2.646640924923e-03,2.623986972676e-03,2.603151045733e-03,2.582167105464e-03,2.565278737559e-03,2.549036655720e-03,2.532657190561e-03,2.518974757868e-03,2.505546776530e-03,2.492373246568e-03,2.483147275660e-03,1.887255754330e-03
455.600000,2.727184609048e-03,2.707522299749e-03,2.862778189440e-03,2.832931476642e-03,2.802567936872e-03,2.776729622673e-03,2.757109793312e-03,2.715871252098e-03,2.732053931084e-03,2.755007854187e-03,2.726478670801e-03,2.697302080247e-03,2.670017776091e-03,2.647208785309e-03,2.624543385298e-03,2.603696563653e-03,2.582701687684e-03,2.565804526198e-03,2.549554771874e-03,2.533166688472e-03,2.519477349818e-03,2.506042550218e-03,2.492862289649e-03,2.483631689248e-03,1.887542587680e-03
456.100000,2.727709917279e-03,2.708134326665e-03,2.863455220531e-03,2.833595501244e-03,2.803218878455e-03,2.777369827385e-03,2.757741465873e-03,2.716486089019e-03,2.732666287449e-03,2.755631373680e-03,2.727088028756e-03,2.697896153392e-03,2.670598056517e-03,2.647777549852e-03,2.625100681503e-03,2.604242945501e-03,2.583237114121e-03,2.566331143198e-03,2.550073702715e-03,2.533676985496e-03,2.519980728496e-03,2.506539098363e-03,2.493352095078e-03,2.484116856871e-03,1.887829840430e-03
456.600000,2.728236029701e-03,2.708747335133e-03,2.864133344711e-03,2.834260596467e-03,2.803870868066e-03,2.778011061787e-03,2.758374153365e-03,2.717101912126e-03,2.733279622925e-03,2.756255891244e-03,2.727698359550e-03,2.698491171925e-03,2.671179257687e-03,2.648347214572e-03,2.625658857388e-03,2.604790187440e-03,2.583773380995e-03,2.566858584814e-03,2.550593444562e-03,2.534188078030e-03,2.520484890324e-03,2.507036417440e-03,2.493842659374e-03,2.484602775074e-03,1.888117510500e-03
457.100000,2.728762942505e-03,2.709361320913e-03,2.864812557291e-03,2.834926757733e-03,2.804523901251e-03,2.778653321422e-03,2.759007851429e-03,2.717718717152e-03,2.733893933259e-03,2.756881402560e-03,2.728309658936e-03,2.699087131726e-03,2.671761375561e-03,2.648917775493e-03,2.626217909046e-03,2.605338285633e-03,2.584310484529e-03,2.567386847359e-03,2.551113993781e-03,2.534699962466e-03,2.520989831732e-03,2.507534503919e-03,2.494333979040e-03,2.485089440405e-03,1.888405595810e-03
457.600000,2.729290651891e-03,2.709976279818e-03,2.865492853641e-03,2.835593980487e-03,2.805177973525e-03,2.779296601915e-03,2.759642555732e-03,2.718336499896e-03,2.734509214229e-03,2.757507903331e-03,2.728921922707e-03,2.699684028657e-03,2.672344406108e-03,2.649489228646e-03,2.626777832594e-03,2.605887236265e-03,2.584848420982e-03,2.567915927137e-03,2.551635346704e-03,2.535212635218e-03,2.521495549177e-03,2.508033354323e-03,2.494826050642e-03,2.485576849443e-03,1.888694094330e-03
458.100000,2.729819154059e-03,2.710592207640e-03,2.866174229136e-03,2.836262260189e-03,2.805833080432e-03,2.779940898889e-03,2.760278261952e-03,2.718955256118e-03,2.735125461619e-03,2.758135389265e-03,2.729535146658e-03,2.700281858639e-03,2.672928345296e-03,2.650061570096e-03,2.627338624161e-03,2.606437035529e-03,2.585387186625e-03,2.568445820455e-03,2.552157499713e-03,2.535726092694e-03,2.522002039125e-03,2.508532965136e-03,2.495318870718e-03,2.486064998763e-03,1.888983003990e-03
458.600000,2.730348445265e-03,2.711209100219e-03,2.866856679166e-03,2.836931592310e-03,2.806489217564e-03,2.780586207969e-03,2.760914965762e-03,2.719574981648e-03,2.735742671239e-03,2.758763856098e-03,2.730149326610e-03,2.700880617563e-03,2.673513189154e-03,2.650634795919e-03,2.627900279887e-03,2.606987679637e-03,2.585926777723e-03,2.568976523674e-03,2.552680449178e-03,2.536240331343e-03,2.522509298062e-03,2.509033332889e-03,2.495812435831e-03,2.486553884970e-03,1.889272322750e-03
459.100000,2.730878521731e-03,2.711826953394e-03,2.867540199133e-03,2.837601972354e-03,2.807146380455e-03,2.781232524815e-03,2.761552662879e-03,2.720195672295e-03,2.736360838902e-03,2.759393299564e-03,2.730764458406e-03,2.701480301376e-03,2.674098933682e-03,2.651208902205e-03,2.628462795939e-03,2.607539164812e-03,2.586467190596e-03,2.569508033119e-03,2.553204191521e-03,2.536755347619e-03,2.523017322484e-03,2.509534454128e-03,2.496306742570e-03,2.487043504651e-03,1.889562048580e-03
459.600000,2.731409379716e-03,2.712445763009e-03,2.868224784462e-03,2.838273395825e-03,2.807804564735e-03,2.781879845088e-03,2.762191349045e-03,2.720817323900e-03,2.736979960453e-03,2.760023715437e-03,2.731380537897e-03,2.702080906016e-03,2.674685574904e-03,2.651783885050e-03,2.629026168485e-03,2.608091487315e-03,2.587008421529e-03,2.570040345162e-03,2.553728723136e-03,2.537271137988e-03,2.523526108889e-03,2.510036325400e-03,2.496801787524e-03,2.487533854446e-03,1.889852179460e-03
460.100000,2.731941015507e-03,2.713065524954e-03,2.868910430609e-03,2.838945858260e-03,2.808463766017e-03,2.782528164489e-03,2.762831019973e-03,2.721439932326e-03,2.737600031748e-03,2.760655099501e-03,2.731997560945e-03,2.702682427443e-03,2.675273108881e-03,2.652359740573e-03,2.629590393725e-03,2.608644643376e-03,2.587550466857e-03,2.570573456179e-03,2.554254040459e-03,2.537787698922e-03,2.524035653807e-03,2.510538943261e-03,2.497297567289e-03,2.488024930985e-03,1.890142713370e-03
