energy_MeV_per_u,section_00_mass_xs_per_mm_at_1g_cm3,section_01_mass_xs_per_mm_at_1g_cm3,section_02_mass_xs_per_mm_at_1g_cm3,section_03_mass_xs_per_mm_at_1g_cm3,section_04_mass_xs_per_mm_at_1g_cm3,section_05_mass_xs_per_mm_at_1g_cm3,section_06_mass_xs_per_mm_at_1g_cm3,section_07_mass_xs_per_mm_at_1g_cm3,section_08_mass_xs_per_mm_at_1g_cm3,section_09_mass_xs_per_mm_at_1g_cm3,section_10_mass_xs_per_mm_at_1g_cm3,section_11_mass_xs_per_mm_at_1g_cm3,section_12_mass_xs_per_mm_at_1g_cm3,section_13_mass_xs_per_mm_at_1g_cm3,section_14_mass_xs_per_mm_at_1g_cm3,section_15_mass_xs_per_mm_at_1g_cm3,section_16_mass_xs_per_mm_at_1g_cm3,section_17_mass_xs_per_mm_at_1g_cm3,section_18_mass_xs_per_mm_at_1g_cm3,section_19_mass_xs_per_mm_at_1g_cm3,section_20_mass_xs_per_mm_at_1g_cm3,section_21_mass_xs_per_mm_at_1g_cm3,section_22_mass_xs_per_mm_at_1g_cm3,section_23_mass_xs_per_mm_at_1g_cm3,section_24_mass_xs_per_mm_at_1g_cm3
0.100000,0.000000000000e+00,0.000000000000e+00,0.000000000000e+00,0.000000000000e+00,0.000000000000e+00,0.000000000000e+00,0.000000000000e+00,0.000000000000e+00,0.000000000000e+00,0.000000000000e+00,0.000000000000e+00,0.000000000000e+00,0.000000000000e+00,0.000000000000e+00,0.000000000000e+00,0.000000000000e+00,0.000000000000e+00,0.000000000000e+00,0.000000000000e+00,0.000000000000e+00,0.000000000000e+00,0.000000000000e+00,0.000000000000e+00,0.000000000000e+00,0.000000000000e+00
0.600000,0.000000000000e+00,7.336761017140e-03,8.262759980460e-03,8.049067912000e-03,7.835375843540e-03,7.692914464570e-03,7.550453085600e-03,7.336761017140e-03,6.695684811760e-03,6.766915501240e-03,6.339531364320e-03,5.840916537910e-03,5.413532400990e-03,5.057378953560e-03,4.701225506130e-03,4.345072058690e-03,3.988918611260e-03,3.703995853310e-03,3.490303784850e-03,3.205381026900e-03,2.991688958440e-03,2.777996889980e-03,2.564304821520e-03,2.421843442550e-03,0.000000000000e+00
1.100000,0.000000000000e+00,7.014924405410e-03,7.900303213860e-03,7.695985027290e-03,7.491666840730e-03,7.355454716350e-03,7.219242591980e-03,7.014924405410e-03,6.401969845710e-03,6.470075907900e-03,6.061439534770e-03,5.584697099450e-03,5.176060726320e-03,4.835530415380e-03,4.495000104440e-03,4.154469793500e-03,3.813939482550e-03,3.541515233800e-03,3.337197047230e-03,3.064772798480e-03,2.860454611910e-03,2.656136425350e-03,2.451818238780e-03,2.315606114410e-03,0.000000000000e+00
1.600000,0.000000000000e+00,7.246464298409e-03,1.048705842539e-02,9.817443338060e-03,9.168494637860e-03,8.614619366670e-03,8.184742418140e-03,7.366329343642e-03,7.072794211723e-03,8.163987499400e-03,7.634879699430e-03,7.039631412380e-03,6.518790167260e-03,6.080622518890e-03,5.646588147960e-03,5.220820331870e-03,4.799185793190e-03,4.456091573860e-03,4.179137841609e-03,3.844310177129e-03,3.579756277140e-03,3.319335654573e-03,3.063048309437e-03,2.889434561059e-03,0.000000000000e+00
2.100000,3.673943721900e-03,7.342287986040e-03,1.113156595071e-02,1.035971688461e-02,9.609890544696e-03,8.963989590261e-03,8.467690547231e-03,7.493377320944e-03,7.474602964696e-03,8.678190079407e-03,8.130142110857e-03,7.517812232607e-03,6.975653664162e-03,6.524154257492e-03,6.073166475547e-03,5.637800394967e-03,5.202945939112e-03,4.848506719067e-03,4.558349408702e-03,4.214665739367e-03,3.940641755092e-03,3.671995546177e-03,3.408727112629e-03,3.226385539598e-03,0.000000000000e+00
2.600000,5.307596409250e-03,1.085114288684e-02,1.236642168466e-02,1.204878663604e-02,1.172521825793e-02,1.148244533104e-02,1.127265833895e-02,1.089795714190e-02,1.047941527198e-02,1.069489911343e-02,1.023299002584e-02,9.713230788720e-03,9.251416804556e-03,8.873001665190e-03,8.493226871298e-03,8.121922688842e-03,7.744487691159e-03,7.446327281987e-03,7.206017022345e-03,6.910481757792e-03,6.682053615750e-03,6.454938045997e-03,6.229135048574e-03,6.076475824421e-03,0.000000000000e+00
3.100000,5.734289102300e-03,1.109790819241e-02,1.258305986977e-02,1.227033807188e-02,1.195643310928e-02,1.171677209218e-02,1.151031017075e-02,1.114021886633e-02,1.075150957852e-02,1.095191167490e-02,1.050199799820e-02,9.996146470032e-03,9.548290800183e-03,9.177611783350e-03,8.807809430547e-03,8.446457649147e-03,8.080953643368e-03,7.790739989568e-03,7.556464187249e-03,7.268890717921e-03,7.046440339369e-03,6.825310053037e-03,6.605499858956e-03,6.456827792474e-03,0.000000000000e+00
3.600000,6.052319011443e-03,1.121497638133e-02,1.267895437932e-02,1.237109017005e-02,1.206208661074e-02,1.182567255592e-02,1.162247501950e-02,1.125725328676e-02,1.088313903796e-02,1.108375124977e-02,1.064435973084e-02,1.015065139058e-02,9.716919453173e-03,9.354997501693e-03,8.993927694551e-03,8.641262443958e-03,8.288080766946e-03,8.004810228723e-03,7.775856511818e-03,7.495226284715e-03,7.278013791619e-03,7.062121454065e-03,6.847549272101e-03,6.702371802493e-03,0.000000000000e+00
4.100000,6.245549541606e-03,1.126415259994e-02,1.270733192432e-02,1.240415319416e-02,1.209986951067e-02,1.186668345547e-02,1.166662166084e-02,1.130627293125e-02,1.094450582771e-02,1.114455964744e-02,1.071456305449e-02,1.023166113655e-02,9.807273459980e-03,9.453159552721e-03,9.099877175682e-03,8.754940185034e-03,8.409479673856e-03,8.132390862918e-03,7.908207376981e-03,7.633750682055e-03,7.421211316660e-03,7.209988009274e-03,7.000080759888e-03,6.858021690244e-03,2.692062335040e-03
4.600000,6.379670318349e-03,1.127129031735e-02,1.269436605700e-02,1.239566339298e-02,1.209588372259e-02,1.186584144008e-02,1.166876712638e-02,1.131318357567e-02,1.096213013642e-02,1.116117499563e-02,1.073968200417e-02,1.026653704522e-02,9.850600590994e-03,9.503546607498e-03,9.157306358417e-03,8.819345727263e-03,8.480857421977e-03,8.209351989291e-03,7.989498524084e-03,7.720612180718e-03,7.512300139963e-03,7.305297643870e-03,7.099604692436e-03,6.960366939469e-03,2.855281403170e-03
5.100000,6.473562881385e-03,1.125140984380e-02,1.265518924675e-02,1.236074795633e-02,1.206525297989e-02,1.183824388458e-02,1.164400832862e-02,1.129303502970e-02,1.095145716106e-02,1.114922315945e-02,1.073551029352e-02,1.027127505724e-02,9.863066195913e-03,9.522466292862e-03,9.182664451321e-03,8.851073422546e-03,8.518952521699e-03,8.252547048424e-03,8.036663945510e-03,7.772861679476e-03,7.568415575529e-03,7.365271075195e-03,7.163428178468e-03,7.026770837253e-03,2.979156961450e-03
5.600000,6.539106798194e-03,1.121371567731e-02,1.259902478709e-02,1.230863803245e-02,1.201721746952e-02,1.179312264475e-02,1.160158423777e-02,1.125504926429e-02,1.092197712952e-02,1.111830233451e-02,1.071176979544e-02,1.025574484425e-02,9.854664447682e-03,9.520017250188e-03,9.186154094601e-03,8.860431924436e-03,8.534179027475e-03,8.272474187018e-03,8.060261758692e-03,7.801142563814e-03,7.600263086981e-03,7.400676432939e-03,7.202382601697e-03,7.068106100163e-03,3.074835425630e-03
6.100000,6.584111092104e-03,1.116408846611e-02,1.253172987225e-02,1.224520370919e-02,1.195766097683e-02,1.173636173782e-02,1.154738866958e-02,1.120511766126e-02,1.087977124127e-02,1.107456074802e-02,1.067470253564e-02,1.022629980971e-02,9.831842980670e-03,9.502726127220e-03,9.174380618853e-03,8.854106413788e-03,8.533301572745e-03,8.275961464863e-03,8.067165870530e-03,7.812392893439e-03,7.614827742575e-03,7.418546157090e-03,7.223548137015e-03,7.091484214133e-03,3.149710052780e-03
6.600000,6.613895260928e-03,1.110641206232e-02,1.245714666434e-02,1.217430148281e-02,1.189045489804e-02,1.167183681692e-02,1.148530762985e-02,1.114713084452e-02,1.082886910520e-02,1.102207083588e-02,1.062845382154e-02,1.018717134513e-02,9.798906274241e-03,9.474958653599e-03,9.151770762902e-03,8.836585321493e-03,8.520870013047e-03,8.267607795273e-03,8.062011039589e-03,7.811296945946e-03,7.616830295683e-03,7.423637707493e-03,7.231719181350e-03,7.101723878845e-03,3.208864621250e-03
7.100000,6.632191535601e-03,1.104332101018e-02,1.237786141478e-02,1.209853177285e-02,1.181821423149e-02,1.160216890245e-02,1.141797212654e-02,1.108372770989e-02,1.077201430448e-02,1.096360413241e-02,1.057585296411e-02,1.014125672507e-02,9.758809473336e-03,9.439718449336e-03,9.121376440976e-03,8.810969251850e-03,8.500033457734e-03,8.250601041923e-03,8.048013696861e-03,7.801110205500e-03,7.609555121323e-03,7.419264499376e-03,7.230238339668e-03,7.102186953255e-03,3.255901132340e-03
7.600000,6.641684355885e-03,1.097664146708e-02,1.229565107227e-02,1.201968484344e-02,1.174274286240e-02,1.152916851824e-02,1.134720193754e-02,1.101673724116e-02,1.071111657654e-02,1.090108888573e-02,1.051887482289e-02,1.009058544471e-02,9.713628707914e-03,9.399120692797e-03,9.085351740945e-03,8.779451423712e-03,8.473024125603e-03,8.227204593546e-03,8.027460376840e-03,7.784150572733e-03,7.595343408250e-03,7.407791107745e-03,7.221493671212e-03,7.095277019874e-03,3.293437054760e-03
8.100000,6.644345811485e-03,1.090766152674e-02,1.221175633193e-02,1.193901360035e-02,1.166530613976e-02,1.145410768310e-02,1.127427748929e-02,1.094744937279e-02,1.064752942391e-02,1.083589095932e-02,1.045892343347e-02,1.003660614879e-02,9.664850777820e-03,9.354684121615e-03,9.045247229145e-03,8.743614345779e-03,8.441456372910e-03,8.199058267106e-03,8.002009920121e-03,7.762102478397e-03,7.575898645326e-03,7.390940144294e-03,7.207226975303e-03,7.082748583874e-03,3.323416008500e-03
8.600000,6.641651291852e-03,1.083730246901e-02,1.212705410135e-02,1.185740601069e-02,1.158680327052e-02,1.137789201440e-02,1.120011196413e-02,1.087678657522e-02,1.058222623902e-02,1.076899201287e-02,1.039701212779e-02,9.980369087045e-03,9.613557565232e-03,9.307517088384e-03,9.002197641637e-03,8.704619183713e-03,8.406517725255e-03,8.167370666662e-03,7.972886763742e-03,7.736211523339e-03,7.552482236655e-03,7.369988859070e-03,7.188731390576e-03,7.065905321414e-03,3.347308492730e-03
9.100000,6.634722170831e-03,1.076623033872e-02,1.204216951913e-02,1.177549716957e-02,1.150787944845e-02,1.130117272262e-02,1.112536334988e-02,1.080541564802e-02,1.051591523803e-02,1.070110575637e-02,1.033388119869e-02,9.922645468431e-03,9.560546809911e-03,9.258439528744e-03,8.957045039351e-03,8.663330127561e-03,8.369094449831e-03,8.133045716884e-03,7.941008156507e-03,7.707412669341e-03,7.526042400894e-03,7.345898755345e-03,7.166981732667e-03,7.045730888833e-03,3.366245374970e-03
9.600000,6.624422610885e-03,1.069493043723e-02,1.195755048920e-02,1.169374392216e-02,1.142900057369e-02,1.122442128084e-02,1.105050918288e-02,1.073382235148e-02,1.044911631879e-02,1.063275567572e-02,1.027007667144e-02,9.864007480570e-03,9.506413180926e-03,9.208064915942e-03,8.910421641751e-03,8.620398120350e-03,8.329856173964e-03,8.096767991611e-03,7.907069995858e-03,7.676416795545e-03,7.497301252397e-03,7.319403200278e-03,7.142722639188e-03,7.022977417126e-03,3.381108930580e-03
10.100000,6.611426703641e-03,1.062375812247e-02,1.187351832775e-02,1.161247561102e-02,1.135050410735e-02,1.114798027340e-02,1.097589747401e-02,1.066236229975e-02,1.038221356708e-02,1.056432812029e-02,1.020600418062e-02,9.804883104473e-03,9.451603884524e-03,9.156856533653e-03,8.862806761799e-03,8.576318465528e-03,8.289314161544e-03,8.059061524386e-03,7.871606023706e-03,7.643770434677e-03,7.466814933094e-03,7.291067955571e-03,7.116529502129e-03,6.998226707799e-03,3.392596323780e-03
10.600000,6.596265954834e-03,1.055297410550e-02,1.179030281825e-02,1.153192923079e-02,1.127263433082e-02,1.107209867258e-02,1.090178205906e-02,1.059129632075e-02,1.031549180710e-02,1.049610925008e-02,1.014196652179e-02,9.745594382434e-03,9.396457538936e-03,9.105166859802e-03,8.814566696576e-03,8.531471230821e-03,8.247862228037e-03,8.020331131431e-03,7.835029445895e-03,7.609897804708e-03,7.435015946951e-03,7.261333816894e-03,7.088851414567e-03,6.971933381378e-03,3.401264751820e-03
11.100000,6.579363458254e-03,1.048276938319e-02,1.170806687107e-02,1.145227418105e-02,1.119556719553e-02,1.099695671639e-02,1.082834754375e-02,1.052081543208e-02,1.024916247162e-02,1.042831118042e-02,1.007819026600e-02,9.686384587399e-03,9.341231814853e-03,9.053265601631e-03,8.765983155474e-03,8.486150074325e-03,8.205805962232e-03,7.980891949630e-03,7.797662701209e-03,7.575130897109e-03,7.402243483381e-03,7.230547173903e-03,7.060041968646e-03,6.944455831975e-03,3.407564117770e-03
11.600000,6.561058877362e-03,1.041328310988e-02,1.162692412066e-02,1.137362994774e-02,1.111942809126e-02,1.092268370960e-02,1.075572716462e-02,1.045105874276e-02,1.018338218557e-02,1.036109075783e-02,1.001484490506e-02,9.627437803483e-03,9.286123386177e-03,9.001359956748e-03,8.717273830431e-03,8.440583126325e-03,8.163383918839e-03,7.940990877251e-03,7.759759084474e-03,7.539731350076e-03,7.368765475259e-03,7.198982254041e-03,7.030381686423e-03,6.916078781293e-03,3.411861053400e-03
12.100000,6.541626966861e-03,1.034461557552e-02,1.154695164307e-02,1.129607889553e-02,1.104430471547e-02,1.084937092612e-02,1.068401574397e-02,1.038212645261e-02,1.011826629239e-02,1.029456322276e-02,9.952056808313e-03,9.568893228126e-03,9.231282526557e-03,8.949609456128e-03,8.668607484385e-03,8.394948325378e-03,8.120783201088e-03,7.900822353505e-03,7.721518671672e-03,7.503906572138e-03,7.334794869531e-03,7.166857540922e-03,7.000094586343e-03,6.887029943189e-03,3.414456835900e-03
12.600000,6.521291481047e-03,1.027683774059e-02,1.146819925050e-02,1.121967562813e-02,1.097025650102e-02,1.077708106892e-02,1.061327919561e-02,1.031408940202e-02,1.005389881634e-02,1.022881226938e-02,9.889919518569e-03,9.510855745222e-03,9.176823918828e-03,8.898136971597e-03,8.620115156106e-03,8.349384821567e-03,8.078151061744e-03,7.860540117711e-03,7.683100196209e-03,7.467821777565e-03,7.300501780521e-03,7.134348046188e-03,6.969360574525e-03,6.857492493387e-03,3.415600924460e-03
13.100000,6.500235740706e-03,1.020999831419e-02,1.139069635183e-02,1.114445390645e-02,1.089732159300e-02,1.070585527679e-02,1.054356157146e-02,1.024699616068e-02,9.990339877826e-03,1.016389753099e-02,9.828501429275e-03,9.453403826637e-03,9.122834748366e-03,8.847036969577e-03,8.571898573857e-03,8.304001550814e-03,8.035603637632e-03,7.820266071807e-03,7.644630006890e-03,7.431609073025e-03,7.266022672586e-03,7.101594588147e-03,6.938324819669e-03,6.827614508406e-03,3.415501309070e-03
13.600000,6.478610746774e-03,1.014412905728e-02,1.131445706112e-02,1.107043180724e-02,1.082552205854e-02,1.063571836152e-02,1.047489033324e-02,1.018087833832e-02,9.927631265247e-03,1.009986020298e-02,9.767851564272e-03,9.396595495267e-03,9.069380822810e-03,8.796381762156e-03,8.524036537243e-03,8.258883748135e-03,7.993232593779e-03,7.780097029118e-03,7.606208894778e-03,7.395374389706e-03,7.231467370326e-03,7.068710880746e-03,6.907104920966e-03,6.797516185645e-03,3.414332508200e-03
14.100000,6.456541471661e-03,1.007924878893e-02,1.123948403058e-02,1.099761559973e-02,1.075486780802e-02,1.056668275388e-02,1.040728032848e-02,1.011575459647e-02,9.865800657730e-03,1.003672730222e-02,9.708003966744e-03,9.340472865004e-03,9.016511241459e-03,8.746226284655e-03,8.476589802664e-03,8.214097940997e-03,7.951110224557e-03,7.740109901783e-03,7.567917345249e-03,7.359202821944e-03,7.196924461904e-03,7.035789001592e-03,6.875796441021e-03,6.767295419331e-03,3.412241811150e-03
14.600000,6.434131781386e-03,1.001536643508e-02,1.116577134569e-02,1.092600267887e-02,1.068535956689e-02,1.049875149779e-02,1.034073681074e-02,1.005163370095e-02,9.804864849481e-03,9.974514918571e-03,9.648981058089e-03,9.285065624947e-03,8.964261986803e-03,8.696611777040e-03,8.429604854222e-03,8.169695810170e-03,7.909293404036e-03,7.700365722514e-03,7.529819613642e-03,7.323162774610e-03,7.162465500055e-03,7.002903646761e-03,6.844477214707e-03,6.737032145192e-03,3.409354195220e-03
15.100000,6.411468318621e-03,9.952483363684e-03,1.109330672437e-02,1.085558379780e-02,1.061699114184e-02,1.043192053644e-02,1.027525774821e-02,9.988516859793e-03,9.744832228720e-03,9.913230713357e-03,9.590796226579e-03,9.230393732713e-03,8.912658707600e-03,8.647568642156e-03,8.383116836998e-03,8.125717197729e-03,7.867826668739e-03,7.660912787281e-03,7.491966912902e-03,7.287309210893e-03,7.128148294820e-03,6.970115468476e-03,6.813210731841e-03,6.706791753038e-03,3.405776231930e-03
15.600000,6.388623589396e-03,9.890595183226e-03,1.102207319546e-02,1.078634477527e-02,1.054975115777e-02,1.036618046686e-02,1.021083559827e-02,9.926399523667e-03,9.685704694880e-03,9.852875850918e-03,9.533455834507e-03,9.176469509725e-03,8.861718889961e-03,8.599118679988e-03,8.337151854263e-03,8.082192467438e-03,7.826744640897e-03,7.621789128834e-03,7.454399925170e-03,7.251686214157e-03,7.094019513128e-03,6.937473712620e-03,6.782048812642e-03,6.676627787425e-03,3.401599214550e-03
16.100000,6.365658434474e-03,9.829693134908e-03,1.095205038446e-02,1.071826780686e-02,1.048362439471e-02,1.030151789289e-02,1.014745867745e-02,9.865272779376e-03,9.627479149429e-03,9.793446499656e-03,9.476960783576e-03,9.123299280946e-03,8.811453560928e-03,8.551276844906e-03,8.291728778145e-03,8.039144368708e-03,7.786073945590e-03,7.583024476387e-03,7.417150793725e-03,7.216329022743e-03,7.060116745580e-03,6.905018317526e-03,6.751033738594e-03,6.646584099885e-03,3.396901680700e-03
16.600000,6.342624021004e-03,9.769765174572e-03,1.088321550151e-02,1.065133247520e-02,1.041859282059e-02,1.023791647190e-02,1.008511222347e-02,9.805124432674e-03,9.570148660156e-03,9.734935003760e-03,9.421307741180e-03,9.070884664717e-03,8.761868632903e-03,8.504052635656e-03,8.246860685047e-03,7.996589517316e-03,7.745834736871e-03,7.544641817871e-03,7.380244712771e-03,7.181265655883e-03,7.026470159637e-03,6.872781594431e-03,6.720199960286e-03,6.616696574882e-03,3.391751460760e-03
17.100000,6.319563457571e-03,9.710796816317e-03,1.081554410163e-02,1.058551652994e-02,1.035463639099e-02,1.017535772718e-02,1.002377922068e-02,9.745939852455e-03,9.513703374249e-03,9.677330801530e-03,9.366490105590e-03,9.019223592090e-03,8.712965969615e-03,8.457451200215e-03,8.202555999435e-03,7.954539578045e-03,7.706041918970e-03,7.506658652369e-03,7.343701203290e-03,7.146518220670e-03,6.993103829905e-03,6.840789581140e-03,6.689575474355e-03,6.586994522361e-03,3.386207351910e-03
17.600000,6.296513111292e-03,9.652771792134e-03,1.074901067031e-02,1.052079649047e-02,1.029173366952e-02,1.011382167945e-02,9.963441043403e-03,9.687702630693e-03,9.458131236564e-03,9.620621147188e-03,9.312498767954e-03,8.968311115431e-03,8.664744234797e-03,8.411474218237e-03,8.158819409708e-03,7.913002213898e-03,7.666706128842e-03,7.469087999019e-03,7.307535142477e-03,7.112103968085e-03,6.960036814257e-03,6.809063138138e-03,6.659182939749e-03,6.557501807339e-03,3.380320494440e-03
18.100000,6.273503687773e-03,9.595672568264e-03,1.068358907427e-02,1.045714811213e-02,1.022986230921e-02,1.005328733834e-02,9.904077957611e-03,9.630395099046e-03,9.403418556064e-03,9.564791679710e-03,9.259322716076e-03,8.918140052393e-03,8.617199570953e-03,8.366120608564e-03,8.115652604580e-03,7.871981851249e-03,7.627834530096e-03,7.431939214123e-03,7.271757598170e-03,7.078036150587e-03,6.927284028610e-03,6.777618840843e-03,6.629040587296e-03,6.528237771059e-03,3.374135509590e-03
18.600000,6.250561120996e-03,9.539480750190e-03,1.061925290777e-02,1.039454674589e-02,1.016899942608e-02,9.993733084801e-03,9.845669512470e-03,9.573998733827e-03,9.349550453399e-03,9.509826871969e-03,9.206949513581e-03,8.868701500044e-03,8.570326143423e-03,8.321387098604e-03,8.073054867590e-03,7.831480299283e-03,7.589431457387e-03,7.395218655343e-03,7.236376508449e-03,7.044324721514e-03,6.894856961551e-03,6.746469709127e-03,6.599162964254e-03,6.499217985653e-03,3.367691445130e-03
19.100000,6.227707310143e-03,9.484177399789e-03,1.055597575768e-02,1.033296761554e-02,1.010912188830e-02,9.935136968307e-03,9.788194845648e-03,9.518494473191e-03,9.296511214984e-03,9.455710385514e-03,9.155365681081e-03,8.819985246337e-03,8.524116578120e-03,8.277268683954e-03,8.031023558519e-03,7.791497253193e-03,7.551498941165e-03,7.358930224052e-03,7.201397237228e-03,7.010976908104e-03,6.862764260291e-03,6.715625806476e-03,6.569561546654e-03,6.470454875031e-03,3.361022565240e-03
19.600000,6.204960732205e-03,9.429743283797e-03,1.049373140514e-02,1.027238603000e-02,1.005020653939e-02,9.877476937159e-03,9.731632920751e-03,9.463862965401e-03,9.244284572939e-03,9.402425350943e-03,9.104556999594e-03,8.771980100194e-03,8.478562314520e-03,8.233759000406e-03,7.989554504549e-03,7.752030704347e-03,7.514037136949e-03,7.323075809515e-03,7.166823030141e-03,6.977997682535e-03,6.831012213354e-03,6.685094734070e-03,6.540245244719e-03,6.441958228144e-03,3.354159013170e-03
20.100000,6.182336953667e-03,9.376159067681e-03,1.043249397774e-02,1.021277754505e-02,9.992230369437e-03,9.820731016282e-03,9.675962711542e-03,9.410084762662e-03,9.192853926583e-03,9.349954589236e-03,9.054508752106e-03,8.724674156227e-03,8.433653890495e-03,8.190850625807e-03,7.948642318822e-03,7.713077275439e-03,7.477044677131e-03,7.287655654170e-03,7.132655389959e-03,6.945390150818e-03,6.799605149256e-03,6.654882039591e-03,6.511220821828e-03,6.413735624507e-03,3.347127369890e-03
20.600000,6.159849059193e-03,9.323405466470e-03,1.037223806280e-02,1.015411808509e-02,9.935170645629e-03,9.764877443336e-03,9.621163343861e-03,9.357140471720e-03,9.142202517131e-03,9.298280786347e-03,9.005205915780e-03,8.678055007584e-03,8.389381172937e-03,8.148535325280e-03,7.908280660473e-03,7.674632495286e-03,7.440518960288e-03,7.252668654700e-03,7.098894386772e-03,6.913155874443e-03,6.768545767290e-03,6.624991556777e-03,6.482493242894e-03,6.385792788609e-03,3.339951126770e-03
21.100000,6.137508012557e-03,9.271463361323e-03,1.031293879025e-02,1.009638403374e-02,9.879005010427e-03,9.709894772272e-03,9.567214204043e-03,9.305010870297e-03,9.092313565183e-03,9.247386629944e-03,8.956633314725e-03,8.632109916757e-03,8.345733544067e-03,8.106804250785e-03,7.868462447225e-03,7.636691024304e-03,7.404456389818e-03,7.218112610928e-03,7.065538914787e-03,6.881295137746e-03,6.737835412562e-03,6.595425688296e-03,6.454065964981e-03,6.358133885676e-03,3.332651087350e-03
21.600000,6.115322961135e-03,9.220313888900e-03,1.025457189163e-02,1.003955229964e-02,9.823711554290e-03,9.655761950643e-03,9.514095021203e-03,9.253676996188e-03,9.043170378373e-03,9.197254916645e-03,8.908775740925e-03,8.586825952614e-03,8.302700052478e-03,8.065648103646e-03,7.829180029480e-03,7.599246840120e-03,7.368852570802e-03,7.183984431909e-03,7.032586905607e-03,6.849807170254e-03,6.707474305267e-03,6.566185642081e-03,6.425941180654e-03,6.330761769696e-03,3.325245709850e-03
22.100000,6.093301493849e-03,9.169938509006e-03,1.019711374031e-02,9.983600362883e-03,9.769268868362e-03,9.602458376657e-03,9.461785928061e-03,9.203120214761e-03,8.994756435135e-03,9.147868634956e-03,8.861618049705e-03,8.542190100093e-03,8.260269535147e-03,8.025057266873e-03,7.790425332926e-03,7.562293390390e-03,7.333702473152e-03,7.150280307235e-03,7.000035505697e-03,6.818690332341e-03,6.677461732637e-03,6.537271629215e-03,6.398120022051e-03,6.303678191528e-03,3.317751400500e-03
22.600000,6.071449860325e-03,9.120319054887e-03,1.014054137711e-02,9.928506306160e-03,9.715656081243e-03,9.549963939676e-03,9.410267505370e-03,9.153322269053e-03,8.947055449279e-03,9.099211029138e-03,8.815145234594e-03,8.498189347790e-03,8.218430715954e-03,7.985021912983e-03,7.752189975463e-03,7.525823718789e-03,7.299000566633e-03,7.116995849397e-03,6.967881224441e-03,6.787942270504e-03,6.647796209555e-03,6.508683030236e-03,6.370602732587e-03,6.276883974386e-03,3.310182765280e-03
23.100000,6.049773157520e-03,9.071437769882e-03,1.008483252441e-02,9.874248833932e-03,9.662852883139e-03,9.498259047924e-03,9.359520812974e-03,9.104265316161e-03,8.900051419143e-03,9.051265647476e-03,8.769342485567e-03,8.454810757538e-03,8.177172285152e-03,7.945532091513e-03,7.714465363038e-03,7.489830568960e-03,7.264740932939e-03,7.084126212225e-03,6.936120057602e-03,6.757560047388e-03,6.618475613578e-03,6.480418535039e-03,6.343388811761e-03,6.250379161815e-03,3.302552826980e-03
23.600000,6.028275489189e-03,9.023277332845e-03,1.002996559138e-02,9.820807282191e-03,9.610839540290e-03,9.447324646098e-03,9.309527410342e-03,9.055931952544e-03,8.853728664287e-03,9.004016378292e-03,8.724195233757e-03,8.412041519383e-03,8.136482963071e-03,7.906577800259e-03,7.677242768073e-03,7.454306470259e-03,7.230917358741e-03,7.051666189821e-03,6.904747590762e-03,6.727540250914e-03,6.589497298558e-03,6.452476260743e-03,6.316477137477e-03,6.224163143095e-03,3.294873212660e-03
24.100000,6.006960102426e-03,8.975820875064e-03,9.975919672243e-03,9.768161620872e-03,9.559596901520e-03,9.397142224762e-03,9.260269368858e-03,9.008305230689e-03,8.808071852309e-03,8.957447475770e-03,8.679689185480e-03,8.369868994610e-03,8.096351551151e-03,7.868149042735e-03,7.640513393626e-03,7.419243808402e-03,7.197523412772e-03,7.019610298954e-03,6.873759085717e-03,6.697879086069e-03,6.560858190182e-03,6.424853851374e-03,6.289866069667e-03,6.198234759366e-03,3.287154316230e-03
24.600000,5.985829504895e-03,8.929051990047e-03,9.922674539353e-03,9.716292450682e-03,9.509106398795e-03,9.347693823511e-03,9.211729277461e-03,8.961368668765e-03,8.763066017562e-03,8.911543577999e-03,8.635810347174e-03,8.328280749019e-03,8.056766972312e-03,7.830235874643e-03,7.604268425759e-03,7.384634883759e-03,7.164552510097e-03,6.987952847898e-03,6.843149553038e-03,6.668572451959e-03,6.532554866776e-03,6.397548562144e-03,6.263553538082e-03,6.172592393810e-03,3.279405439670e-03
25.100000,5.964885565582e-03,8.882954737863e-03,9.870210632137e-03,9.665180995418e-03,9.459350043060e-03,9.298962029324e-03,9.163890243145e-03,8.915106254728e-03,8.718696573405e-03,8.866289718448e-03,8.592545043529e-03,8.287264578408e-03,8.017718302833e-03,7.792828441051e-03,7.568499076011e-03,7.350471959129e-03,7.131997965166e-03,6.956687993825e-03,6.812913812676e-03,6.639616006805e-03,6.504583627414e-03,6.370557330755e-03,6.237537116823e-03,6.147234048465e-03,3.271634916180e-03
25.600000,5.944129601784e-03,8.837513645116e-03,9.818509043127e-03,9.614809091183e-03,9.410310416464e-03,9.250929970865e-03,9.116735887520e-03,8.869502446218e-03,8.674949319425e-03,8.821671332285e-03,8.549879929585e-03,8.246808527445e-03,7.979194797057e-03,7.755917005956e-03,7.533196615962e-03,7.316747299033e-03,7.099853035852e-03,6.925809790645e-03,6.783046544888e-03,6.611005222632e-03,6.476940549553e-03,6.343876837956e-03,6.211814087818e-03,6.122157409431e-03,3.263850217730e-03
26.100000,5.923562454139e-03,8.792713701641e-03,9.767551501725e-03,9.565159172923e-03,9.361970661914e-03,9.203581310052e-03,9.070250340186e-03,8.824542166992e-03,8.631810444358e-03,8.777674258704e-03,8.507801998405e-03,8.206900903366e-03,7.941185906353e-03,7.719491975682e-03,7.498352404824e-03,7.283453201782e-03,7.068110959914e-03,6.895312228990e-03,6.753542332775e-03,6.582735431341e-03,6.449621537727e-03,6.317503558854e-03,6.186381494752e-03,6.097359902766e-03,3.256058049260e-03
26.600000,5.903184551586e-03,8.748540354339e-03,9.717320356437e-03,9.516214259282e-03,9.314314470385e-03,9.156900231317e-03,9.024418229693e-03,8.780210800653e-03,8.589266525938e-03,8.734284740007e-03,8.466298584885e-03,8.167530285334e-03,7.903681293263e-03,7.683543916992e-03,7.463957911723e-03,7.250582025536e-03,7.036764985005e-03,6.865189269283e-03,6.724395698002e-03,6.554801863431e-03,6.422622364708e-03,6.291433806556e-03,6.161236188963e-03,6.072838741868e-03,3.248264431410e-03
27.100000,5.882995967656e-03,8.704979499187e-03,9.667798556065e-03,9.467957936180e-03,9.267326066998e-03,9.110871429271e-03,8.979224672853e-03,8.736494182560e-03,8.547304528009e-03,8.691489417975e-03,8.425357366650e-03,8.128685530303e-03,7.866670841736e-03,7.648063570956e-03,7.430004733060e-03,7.218126209441e-03,7.005808393361e-03,6.835434869423e-03,6.695601130514e-03,6.527199680768e-03,6.395938706323e-03,6.265663768989e-03,6.136374868736e-03,6.048590968183e-03,3.240474773260e-03
27.600000,5.862996469367e-03,8.662017471613e-03,9.618969630145e-03,9.420374339476e-03,9.220990195849e-03,9.065480095054e-03,8.934655262577e-03,8.693378589983e-03,8.505911795646e-03,8.649275328488e-03,8.384966362495e-03,8.090355776101e-03,7.830144664179e-03,7.613041863333e-03,7.396484606226e-03,7.186078290460e-03,6.975234521900e-03,6.806043007458e-03,6.667153113385e-03,6.499924003903e-03,6.369566170967e-03,6.240189540512e-03,6.111794112537e-03,6.024613485895e-03,3.232693936490e-03
28.100000,5.843185559625e-03,8.619641035803e-03,9.570817669252e-03,9.373448137173e-03,9.175292104208e-03,9.020711902136e-03,8.890696054866e-03,8.650850731344e-03,8.465076048783e-03,8.607629894343e-03,8.345113929008e-03,8.052530442232e-03,7.794093105774e-03,7.578469911937e-03,7.363389420073e-03,7.154430916885e-03,6.945036778763e-03,6.777007700406e-03,6.639046143480e-03,6.472969935184e-03,6.343500324297e-03,6.215007148429e-03,6.087490407592e-03,6.000903091599e-03,3.224926292080e-03
28.600000,5.823562514276e-03,8.577837373134e-03,9.523327305006e-03,9.327164511365e-03,9.130217526378e-03,8.976552991273e-03,8.847333555195e-03,8.608897734497e-03,8.424785374541e-03,8.566540917177e-03,8.305788755694e-03,8.015199228720e-03,7.758506746804e-03,7.544339031625e-03,7.330711222544e-03,7.123176858730e-03,6.915208656393e-03,6.748323019742e-03,6.611274748560e-03,6.446332578020e-03,6.317736710308e-03,6.190112575656e-03,6.063460174065e-03,5.977456499651e-03,3.217175770480e-03
29.100000,5.804126414283e-03,8.536594070112e-03,9.476483690250e-03,9.281509140139e-03,9.085752667206e-03,8.932989955432e-03,8.804554704343e-03,8.567507134576e-03,8.385028218723e-03,8.525996568263e-03,8.266979858911e-03,7.978352113660e-03,7.723376403151e-03,7.510640737428e-03,7.298442226407e-03,7.092309015885e-03,6.885743742174e-03,6.719983103824e-03,6.583833501376e-03,6.420007052977e-03,6.292270868920e-03,6.165501779823e-03,6.039699785726e-03,5.954270363782e-03,3.209445906110e-03
29.600000,5.784876173842e-03,8.495899105926e-03,9.430272479628e-03,9.236468179533e-03,9.041884185771e-03,8.890009824472e-03,8.762346864335e-03,8.526666861412e-03,8.345793376599e-03,8.485985378850e-03,8.228676575012e-03,7.941979349435e-03,7.688693125257e-03,7.477366745855e-03,7.266574812808e-03,7.061820424054e-03,6.856635726755e-03,6.691982168157e-03,6.556717031311e-03,6.393988511234e-03,6.267098350722e-03,6.141170709491e-03,6.016205587519e-03,5.931341295700e-03,3.201739876930e-03
30.100000,5.765810564894e-03,8.455740839906e-03,9.384679810190e-03,9.192028245921e-03,8.998599179010e-03,8.847600049850e-03,8.720697804013e-03,8.486365226897e-03,8.307069983357e-03,8.446496230011e-03,8.190868552714e-03,7.906071458179e-03,7.654448196211e-03,7.444508975011e-03,7.235101533593e-03,7.031704259090e-03,6.827878410352e-03,6.664314513397e-03,6.529920033682e-03,6.368272145558e-03,6.242214729459e-03,6.117115317781e-03,5.992973910503e-03,5.908665880782e-03,3.194060539610e-03
30.600000,5.746928238608e-03,8.416107998844e-03,9.339692282893e-03,9.148176398459e-03,8.955885165758e-03,8.805748489655e-03,8.679595684903e-03,8.446590912232e-03,8.268847504053e-03,8.407518342254e-03,8.153545745117e-03,7.870619226408e-03,7.620633128687e-03,7.412059543553e-03,7.204015112241e-03,7.001953839927e-03,6.799465707702e-03,6.636974531791e-03,6.503437277469e-03,6.342853199627e-03,6.217615612210e-03,6.093331573842e-03,5.970001084506e-03,5.886240691555e-03,3.186410460940e-03
31.100000,5.728227744071e-03,8.376989664435e-03,9.295296944206e-03,9.104900122204e-03,8.913730070941e-03,8.764443393656e-03,8.639029047184e-03,8.407332955246e-03,8.231115723674e-03,8.369041264943e-03,8.116698401320e-03,7.835613699137e-03,7.587239661320e-03,7.380010768900e-03,7.173308443710e-03,6.972562630246e-03,6.771391651501e-03,6.609956712090e-03,6.477263611228e-03,6.317726975318e-03,6.193296648071e-03,6.069815472575e-03,5.947283448828e-03,5.864062299134e-03,3.178791945820e-03
31.600000,5.709707544758e-03,8.338375260849e-03,9.251481268477e-03,9.062187311600e-03,8.872122210255e-03,8.723673388769e-03,8.598986795919e-03,8.368580737905e-03,8.193864736848e-03,8.331054865805e-03,8.080317057901e-03,7.801046173728e-03,7.554259754354e-03,7.348355164539e-03,7.142974593643e-03,6.943524239175e-03,6.743650394784e-03,6.583255643219e-03,6.451393967914e-03,6.292888838859e-03,6.169253535079e-03,6.046563042558e-03,5.924817361289e-03,5.842127282907e-03,3.171207062370e-03
32.100000,5.691366032842e-03,8.300254542557e-03,9.208233140898e-03,9.020026254428e-03,8.831050275178e-03,8.683427464985e-03,8.559458187591e-03,8.330323974045e-03,8.157084937861e-03,8.293549320338e-03,8.044392530210e-03,7.766908193201e-03,7.521685585065e-03,7.317085436951e-03,7.113006796694e-03,6.914832421290e-03,6.716236212373e-03,6.556866016964e-03,6.425823368448e-03,6.268334225570e-03,6.145482026027e-03,6.023570352774e-03,5.902599205781e-03,5.820432238766e-03,3.163657664350e-03
32.600000,5.673201541746e-03,8.262617582323e-03,9.165540840975e-03,8.978405616301e-03,8.790503318513e-03,8.643694961460e-03,8.520432816970e-03,8.292552697264e-03,8.120767010487e-03,8.256515101396e-03,8.008915903717e-03,7.733191539669e-03,7.489509542684e-03,7.286194482044e-03,7.083398454357e-03,6.886481075816e-03,6.689143501497e-03,6.530782629742e-03,6.400546924346e-03,6.244058643759e-03,6.121977933138e-03,6.000833518107e-03,5.880625398656e-03,5.798973786005e-03,3.156145411290e-03
33.100000,5.655212357208e-03,8.225454759573e-03,9.123393026704e-03,8.937314425726e-03,8.750470740339e-03,8.604465553231e-03,8.481900604356e-03,8.255257249286e-03,8.084901918303e-03,8.219942969050e-03,7.973878525325e-03,7.699888227430e-03,7.457724223193e-03,7.255675381140e-03,7.054143132409e-03,6.858464245322e-03,6.662366781860e-03,6.505000383658e-03,6.375559839656e-03,6.220057677484e-03,6.098737131656e-03,5.978348703838e-03,5.858892394031e-03,5.777748573117e-03,3.148671786620e-03
33.600000,5.637396726843e-03,8.188756749084e-03,9.081778719211e-03,8.896742059700e-03,8.710942274491e-03,8.565729238300e-03,8.443851783305e-03,8.218428268510e-03,8.049480894795e-03,8.183823960368e-03,7.939271994880e-03,7.666990496082e-03,7.426322423874e-03,7.225521396918e-03,7.025234557942e-03,6.830776114004e-03,6.635900695056e-03,6.479514286928e-03,6.350857412130e-03,6.196326988862e-03,6.075755562819e-03,5.956112129215e-03,5.837396688031e-03,5.756753282680e-03,3.141238113920e-03
34.100000,5.619752868633e-03,8.152514509910e-03,9.040687288219e-03,8.856678229896e-03,8.671907975459e-03,8.527476325093e-03,8.406276888537e-03,8.182056678924e-03,8.014495434036e-03,8.148149379781e-03,7.905088156677e-03,7.634490803732e-03,7.395297137907e-03,7.195725968979e-03,6.996666616155e-03,6.803411005546e-03,6.609740003590e-03,6.454319453769e-03,6.326435033787e-03,6.172862319437e-03,6.053029236036e-03,5.934120070356e-03,5.816134822425e-03,5.735984635278e-03,3.133845571540e-03
34.600000,5.602278978243e-03,8.116719274849e-03,9.000108437923e-03,8.817112969263e-03,8.633358205890e-03,8.489697420539e-03,8.369166744560e-03,8.146133679483e-03,7.979937281319e-03,8.112910789484e-03,7.871319091215e-03,7.602381820127e-03,7.364641548688e-03,7.166282709374e-03,6.968433346880e-03,6.776363380783e-03,6.583879589582e-03,6.429411103954e-03,6.302288191145e-03,6.149659491267e-03,6.030554230481e-03,5.912368862554e-03,5.795103387528e-03,5.715439392941e-03,3.126495205870e-03
35.100000,5.584973235545e-03,8.081362540069e-03,8.960032193475e-03,8.778036619332e-03,8.595283624456e-03,8.452383418376e-03,8.332512454472e-03,8.110650733658e-03,7.945798424327e-03,8.078100000103e-03,7.837957107111e-03,7.570656419970e-03,7.334349024405e-03,7.137185398057e-03,6.940528941014e-03,6.749627835048e-03,6.558314453069e-03,6.404784561889e-03,6.278412464868e-03,6.126714407368e-03,6.008326696204e-03,5.890854901869e-03,5.774299024374e-03,5.695114361663e-03,3.119187943230e-03
35.600000,5.567833810168e-03,8.046436055248e-03,8.920448888191e-03,8.739439817884e-03,8.557675174241e-03,8.415525488118e-03,8.296305389279e-03,8.075599559590e-03,7.912071084284e-03,8.043709061773e-03,7.804994733205e-03,7.539307676227e-03,7.304413112455e-03,7.108427978271e-03,6.912947736902e-03,6.723199095386e-03,6.533039710117e-03,6.380435255489e-03,6.254803529271e-03,6.104023051883e-03,5.986342854821e-03,5.869574646397e-03,5.753718426574e-03,5.675006393627e-03,3.111924600650e-03
36.100000,5.550858866501e-03,8.011931813975e-03,8.881349151062e-03,8.701313487264e-03,8.520524071687e-03,8.379115064313e-03,8.260537177599e-03,8.040972120375e-03,7.878747707560e-03,8.009730255437e-03,7.772424710940e-03,7.508328853743e-03,7.274827533981e-03,7.080004551944e-03,6.885684216447e-03,6.697072017671e-03,6.508050590806e-03,6.356358714722e-03,6.231457151356e-03,6.081581489831e-03,5.964598999818e-03,5.848524617083e-03,5.733358341620e-03,5.655112388860e-03,3.104705895630e-03
36.600000,5.534046567890e-03,7.977842044577e-03,8.842723895070e-03,8.663648823131e-03,8.483821795826e-03,8.343143836323e-03,8.225199695862e-03,8.006760614865e-03,7.845820957586e-03,7.976156084405e-03,7.740239986846e-03,7.477713402808e-03,7.245586178524e-03,7.051909375058e-03,6.858733001425e-03,6.671241583539e-03,6.483342436910e-03,6.332550570094e-03,6.208369189749e-03,6.059385866716e-03,5.943091496528e-03,5.827701398242e-03,5.713215571842e-03,5.635429296498e-03,3.097532454990e-03
37.100000,5.517395080428e-03,7.944159201230e-03,8.804564305788e-03,8.626437283628e-03,8.447560078100e-03,8.307603738425e-03,8.190285058682e-03,7.972957468750e-03,7.813283706869e-03,7.942979266263e-03,7.708433705364e-03,7.447454952954e-03,7.216683098659e-03,7.024136853144e-03,6.832088849642e-03,6.645702897384e-03,6.458910699678e-03,6.309006550795e-03,6.185535593432e-03,6.037432407699e-03,5.921816781885e-03,5.807101637653e-03,5.693286974993e-03,5.615954115728e-03,3.090404822850e-03
37.600000,5.500902576181e-03,7.910875955547e-03,8.766861830582e-03,8.589670579128e-03,8.411730892523e-03,8.272486940438e-03,8.155785609824e-03,7.939555326048e-03,7.781129029434e-03,7.910192725010e-03,7.676999201884e-03,7.417547307097e-03,7.188112504829e-03,6.996681536795e-03,6.805746651103e-03,6.620451183168e-03,6.434750937277e-03,6.285722482928e-03,6.162952400258e-03,6.015717416839e-03,5.900771364005e-03,5.786722046621e-03,5.673569464709e-03,5.596683896391e-03,3.083323467910e-03
38.100000,5.484567235963e-03,7.877985188270e-03,8.729608168364e-03,8.553340662394e-03,8.376326446325e-03,8.237785838615e-03,8.121693913549e-03,7.906547040847e-03,7.749350193540e-03,7.877789583607e-03,7.645929995969e-03,7.387984435470e-03,7.159868760343e-03,6.969538117185e-03,6.779701424306e-03,6.595481781362e-03,6.410858812426e-03,6.262694287500e-03,6.140615735434e-03,5.994237275929e-03,5.879951821409e-03,5.766559399591e-03,5.654060010498e-03,5.577615739434e-03,3.076288790050e-03
38.600000,5.468387251781e-03,7.845479981576e-03,8.692795259576e-03,8.517439719079e-03,8.341339170984e-03,8.203493047003e-03,8.088002746053e-03,7.873925669492e-03,7.717940654570e-03,7.845763156620e-03,7.615219784799e-03,7.358760470059e-03,7.131946376314e-03,6.942701421832e-03,6.753948312492e-03,6.570790145799e-03,6.387230089798e-03,6.239917978343e-03,6.118521809806e-03,5.972988443381e-03,5.859354802318e-03,5.746610533776e-03,5.634755637749e-03,5.558746796955e-03,3.069301126330e-03
39.100000,5.452360828908e-03,7.813353611440e-03,8.656415276937e-03,8.481960158756e-03,8.306761713525e-03,8.169601389181e-03,8.054705087634e-03,7.841684462927e-03,7.686894048260e-03,7.814106943321e-03,7.584862437025e-03,7.329869699128e-03,7.104340007015e-03,6.916166410267e-03,6.728482579945e-03,6.546371840608e-03,6.363860633542e-03,6.217389660059e-03,6.096666918176e-03,5.951967452913e-03,5.838977023651e-03,5.726872348507e-03,5.615653427461e-03,5.540074272283e-03,3.062360756470e-03
39.600000,5.436486187666e-03,7.781599540488e-03,8.620460616267e-03,8.446894606310e-03,8.272586928425e-03,8.136103890251e-03,8.021794114894e-03,7.809816859556e-03,7.656204184222e-03,7.782814620945e-03,7.554851986528e-03,7.301306561852e-03,7.077044444995e-03,6.889928169990e-03,6.703299608462e-03,6.522222537043e-03,6.340746404687e-03,6.195105525968e-03,6.075047437490e-03,5.931170912201e-03,5.818815270017e-03,5.707341804553e-03,5.596750515788e-03,5.521595419722e-03,3.055467907800e-03
40.100000,5.420761564897e-03,7.750211411063e-03,8.584923887953e-03,8.412235893638e-03,8.238807869596e-03,8.102993769291e-03,7.989263193412e-03,7.778316478218e-03,7.625865039574e-03,7.751880038254e-03,7.525182626713e-03,7.273065643183e-03,7.050054616699e-03,6.863981912309e-03,6.678394893747e-03,6.498338010565e-03,6.317883458605e-03,6.173061855810e-03,6.053659825015e-03,5.910595501451e-03,5.798866392551e-03,5.688015923250e-03,5.578044093573e-03,5.503307544290e-03,3.048622759810e-03
40.600000,5.405185215366e-03,7.719183038582e-03,8.549797908727e-03,8.377977051821e-03,8.205417782975e-03,8.070264432011e-03,7.957105870671e-03,7.747177111537e-03,7.595870752971e-03,7.721297209298e-03,7.495848704816e-03,7.245141668863e-03,7.023365578012e-03,6.838322968586e-03,6.653764042026e-03,6.474714137781e-03,6.295267942545e-03,6.151255013782e-03,6.032500616478e-03,5.890237971864e-03,5.779127307729e-03,5.668891785683e-03,5.559531405695e-03,5.485208001196e-03,3.041825448260e-03
41.100000,5.389755412707e-03,7.688508405158e-03,8.515075693764e-03,8.344111303516e-03,8.172410099244e-03,8.037909463842e-03,7.925315869338e-03,7.716392719545e-03,7.566215618871e-03,7.691060307593e-03,7.466844716558e-03,7.217529500704e-03,6.996972510006e-03,6.812946786242e-03,6.629402766641e-03,6.451346893555e-03,6.272896093093e-03,6.129681446258e-03,6.011566424244e-03,5.870095144219e-03,5.759594996179e-03,5.649966531548e-03,5.541209750334e-03,5.467294195358e-03,3.035076069010e-03
41.600000,5.374470450393e-03,7.658181653564e-03,8.480750449185e-03,8.310632055832e-03,8.139778426948e-03,8.005922623221e-03,7.893887080776e-03,7.685957423575e-03,7.536894081796e-03,7.661163660239e-03,7.438165300894e-03,7.190224131881e-03,6.970870714819e-03,6.787848925192e-03,6.605306884750e-03,6.428232348110e-03,6.250764233714e-03,6.108337679719e-03,5.990853935363e-03,5.850163907268e-03,5.740266501305e-03,5.631237358281e-03,5.523076478224e-03,5.449563580812e-03,3.028374681400e-03
42.100000,5.359328642456e-03,7.628197081351e-03,8.446815564863e-03,8.277532893425e-03,8.107516545879e-03,7.974297835221e-03,7.862813558827e-03,7.655865500353e-03,7.507900731207e-03,7.631601742558e-03,7.409805234994e-03,7.163220682490e-03,6.945055611668e-03,6.763025054172e-03,6.581472314194e-03,6.405366664221e-03,6.228868772427e-03,6.087220318658e-03,5.970359909830e-03,5.830441216200e-03,5.721138928025e-03,5.612701519890e-03,5.505128991830e-03,5.432013659988e-03,3.021721311470e-03
42.600000,5.344328324056e-03,7.598549135240e-03,8.413264607620e-03,8.244807571799e-03,8.075618400769e-03,7.943029185436e-03,7.832089513920e-03,7.626111376393e-03,7.479230296203e-03,7.602369172798e-03,7.381759429505e-03,7.136514395291e-03,6.919522732967e-03,6.738470947326e-03,6.557895070332e-03,6.382746094524e-03,6.207206199230e-03,6.066326043486e-03,5.950081178662e-03,5.810924091098e-03,5.702209441429e-03,5.594356325860e-03,5.487364744369e-03,5.414641982955e-03,3.015115954760e-03
43.100000,5.329467852020e-03,7.569232405782e-03,8.380091314555e-03,8.212450011156e-03,8.044078095295e-03,7.912110914154e-03,7.801709307367e-03,7.596689622616e-03,7.450877640677e-03,7.573460707113e-03,7.354022923852e-03,7.110100631512e-03,6.894267720680e-03,6.714182480764e-03,6.534571263010e-03,6.360366978749e-03,6.185773084027e-03,6.045651608489e-03,5.930014642042e-03,5.791609615355e-03,5.683475265481e-03,5.576199140026e-03,5.469781238991e-03,5.397446146706e-03,3.008558579060e-03
43.600000,5.314745605095e-03,7.540241622241e-03,8.347289586829e-03,8.180454290250e-03,8.012889886184e-03,7.881537410674e-03,7.771667445952e-03,7.567594949203e-03,7.422837758604e-03,7.544871234604e-03,7.326590881812e-03,7.083974866901e-03,6.869286322648e-03,6.690155629373e-03,6.511497093725e-03,6.338225741236e-03,6.164566074122e-03,6.025193839775e-03,5.910157267580e-03,5.772494934184e-03,5.664933681579e-03,5.558227379444e-03,5.452376027768e-03,5.380423794249e-03,3.002049126710e-03
44.100000,5.300159984286e-03,7.511571647578e-03,8.314853483717e-03,8.148814640698e-03,7.982048177806e-03,7.851303208055e-03,7.741958576665e-03,7.538822200586e-03,7.395105769439e-03,7.516595772831e-03,7.299458587283e-03,7.058132687876e-03,6.844574389170e-03,6.666386463623e-03,6.488668852665e-03,6.316318888315e-03,6.143581892160e-03,6.004949633397e-03,5.890506088504e-03,5.753577253009e-03,5.646582027292e-03,5.540438513185e-03,5.435146710730e-03,5.363572613873e-03,2.995587516900e-03
44.600000,5.285709413020e-03,7.483217473860e-03,8.282777216736e-03,8.117525441398e-03,7.951547516796e-03,7.821402977874e-03,7.712577481761e-03,7.510366350773e-03,7.367676913821e-03,7.488629463220e-03,7.272621440132e-03,7.032569787812e-03,6.820127869688e-03,6.642871146509e-03,6.466082916089e-03,6.294643005849e-03,6.122817333891e-03,5.984915953289e-03,5.871058201896e-03,5.734853836034e-03,5.628417694945e-03,5.522830061236e-03,5.418090934872e-03,5.346890338167e-03,2.989173647670e-03
45.100000,5.271392337228e-03,7.455174217600e-03,8.251055144298e-03,8.086581213314e-03,7.921382586979e-03,7.791831525402e-03,7.683519073967e-03,7.482222498763e-03,7.340546549427e-03,7.460967566854e-03,7.246074952236e-03,7.007281963500e-03,6.795942809479e-03,6.619605930691e-03,6.443735743544e-03,6.273194756930e-03,6.102269266062e-03,5.965089829482e-03,5.851810767012e-03,5.716322004632e-03,5.610438130381e-03,5.505399593250e-03,5.401206393215e-03,5.330374743208e-03,2.982807397750e-03
45.600000,5.257207225366e-03,7.427437115532e-03,8.219681766349e-03,8.055976614305e-03,7.891548204581e-03,7.762583784789e-03,7.654778391872e-03,7.454385864214e-03,7.313710146827e-03,7.433605460343e-03,7.219814743781e-03,6.982265111700e-03,6.772015346616e-03,6.596587155523e-03,6.421623875345e-03,6.251970879485e-03,6.081934624388e-03,5.945468356209e-03,5.832761003549e-03,5.697979136010e-03,5.592640831596e-03,5.488144727501e-03,5.384490823732e-03,5.314023647635e-03,2.976488628310e-03
46.100000,5.243152568429e-03,7.400001520350e-03,8.188651719380e-03,8.025706434441e-03,7.862039313469e-03,7.733654814634e-03,7.626350595604e-03,7.426851783224e-03,7.287163285794e-03,7.406538631830e-03,7.193836539505e-03,6.957515225863e-03,6.748341708964e-03,6.573811244449e-03,6.399743930109e-03,6.230968184061e-03,6.061810411498e-03,5.926048690117e-03,5.813906190025e-03,5.679822661653e-03,5.575023347390e-03,5.471063129627e-03,5.367942008378e-03,5.297834911790e-03,2.970217184510e-03
46.600000,5.229226879859e-03,7.372862896810e-03,8.157959771665e-03,7.995765591242e-03,7.832850980810e-03,7.705039793637e-03,7.598230962531e-03,7.399615704345e-03,7.260901651487e-03,7.379762677311e-03,7.168136165283e-03,6.933028392975e-03,6.724918211265e-03,6.551274702220e-03,6.378092602285e-03,6.210183551595e-03,6.041893695053e-03,5.906828048497e-03,5.795243662218e-03,5.661850065911e-03,5.557583276196e-03,5.454152511582e-03,5.351557772117e-03,5.281806436780e-03,2.963992896920e-03
47.100000,5.215428695423e-03,7.346016817864e-03,8.127600818543e-03,7.966149125311e-03,7.803978392699e-03,7.676734016438e-03,7.570414883311e-03,7.372673184811e-03,7.234921030985e-03,7.353273296885e-03,7.142709544742e-03,6.908800790470e-03,6.701741252412e-03,6.528974112438e-03,6.356666659847e-03,6.189613931399e-03,6.022181605827e-03,5.887803707599e-03,5.776770811522e-03,5.644058884694e-03,5.540318264729e-03,5.437410630473e-03,5.335335981913e-03,5.265936163576e-03,2.957815582890e-03
47.600000,5.201756573033e-03,7.319458960960e-03,8.097569878094e-03,7.936852196012e-03,7.775416850146e-03,7.648732889643e-03,7.542897857982e-03,7.346019886702e-03,7.209217309816e-03,7.327066291334e-03,7.117552696024e-03,6.884828683324e-03,6.678807312694e-03,6.506906135077e-03,6.335462942069e-03,6.169256339060e-03,6.002671335867e-03,5.868973000946e-03,5.758485083414e-03,5.626446704022e-03,5.523226006834e-03,5.420835287425e-03,5.319274545751e-03,5.250222072179e-03,2.951685047720e-03
48.100000,5.188209092630e-03,7.293185104566e-03,8.067862086903e-03,7.907870077491e-03,7.747161765132e-03,7.621031928056e-03,7.515675492267e-03,7.319651573546e-03,7.183786468739e-03,7.301137558766e-03,7.092661728658e-03,6.861108421189e-03,6.656112951271e-03,6.485067504018e-03,6.314478357321e-03,6.149107854471e-03,5.983360136757e-03,5.850333317750e-03,5.740383976084e-03,5.609011158698e-03,5.506304242212e-03,5.404424326526e-03,5.303371411669e-03,5.234662180643e-03,2.945601085810e-03
48.600000,5.174784855900e-03,7.267191124783e-03,8.038472695938e-03,7.879198154686e-03,7.719208656790e-03,7.593626750967e-03,7.488743493998e-03,7.293564106873e-03,7.158624580596e-03,7.275483091355e-03,7.068032840616e-03,6.837636435737e-03,6.633654803660e-03,6.463455024894e-03,6.293709880943e-03,6.129165619903e-03,5.964245317847e-03,5.831882101259e-03,5.722465038810e-03,5.591749931061e-03,5.489550755230e-03,5.388175633819e-03,5.287624566832e-03,5.219254544290e-03,2.939563481670e-03
49.100000,5.161482486057e-03,7.241472992111e-03,8.009397066799e-03,7.850831919615e-03,7.691553147927e-03,7.566513078682e-03,7.462097669744e-03,7.267753442964e-03,7.133727807238e-03,7.250098972361e-03,7.043662315464e-03,6.814409237997e-03,6.611429579373e-03,6.442065572739e-03,6.273154553252e-03,6.109426838173e-03,5.945324244595e-03,5.813616847343e-03,5.704725870680e-03,5.574660749677e-03,5.472963373850e-03,5.372087136124e-03,5.272032036532e-03,5.203997254773e-03,2.933572010890e-03
49.600000,5.148300627560e-03,7.216026768324e-03,7.980630667848e-03,7.822766967814e-03,7.664190961418e-03,7.539686729179e-03,7.435733921515e-03,7.242215629701e-03,7.109092396686e-03,7.224981372988e-03,7.019546519519e-03,6.791423415802e-03,6.589434059540e-03,6.420896089946e-03,6.252809477613e-03,6.089888770875e-03,5.926594336991e-03,5.795535102963e-03,5.687164119173e-03,5.557741388125e-03,5.456539968363e-03,5.356156800092e-03,5.256591883313e-03,5.188888439256e-03,2.927626440980e-03
50.100000,5.135237945882e-03,7.190848603471e-03,7.952169070763e-03,7.794998994846e-03,7.637117917030e-03,7.513143614867e-03,7.409648243610e-03,7.216946803645e-03,7.084714680343e-03,7.200126549687e-03,6.995681899278e-03,6.768675631499e-03,6.567665094744e-03,6.399943584191e-03,6.232671818459e-03,6.070548736589e-03,5.908053067931e-03,5.777634464672e-03,5.669777478794e-03,5.540989663735e-03,5.440278450410e-03,5.340382631202e-03,5.241302206072e-03,5.173926259559e-03,2.921726532210e-03
50.600000,5.122293127145e-03,7.165934733046e-03,7.924007947061e-03,7.767523793070e-03,7.610329928111e-03,7.486879739502e-03,7.383836719655e-03,7.191943187076e-03,7.060591070292e-03,7.175530841346e-03,6.972064978815e-03,6.746162619452e-03,6.546119602904e-03,6.379205126417e-03,6.212738799489e-03,6.051404109279e-03,5.889697961727e-03,5.759912577358e-03,5.652563689840e-03,5.524403436530e-03,5.424176771865e-03,5.324762672718e-03,5.226161139115e-03,5.159108911342e-03,2.915872038300e-03
51.100000,5.109464877907e-03,7.141281475217e-03,7.896143064806e-03,7.740337248348e-03,7.583822998658e-03,7.460891195170e-03,7.358295519591e-03,7.167201085263e-03,7.036718056736e-03,7.151190666692e-03,6.948692357426e-03,6.723881183929e-03,6.524794567075e-03,6.358677848901e-03,6.193007702012e-03,6.032452316640e-03,5.871526592624e-03,5.742367132743e-03,5.635520537073e-03,5.507980607974e-03,5.408232923693e-03,5.309295004824e-03,5.211166851317e-03,5.144434623293e-03,2.910062707140e-03
51.600000,5.096751924751e-03,7.116885228161e-03,7.868570285517e-03,7.713435337154e-03,7.557593220303e-03,7.435174159497e-03,7.333020897071e-03,7.142716883812e-03,7.013092205508e-03,7.127102521713e-03,6.925560707119e-03,6.701828196846e-03,6.503687033636e-03,6.338358943525e-03,6.173475863025e-03,6.013690838493e-03,5.853536583413e-03,5.724995868154e-03,5.618645848586e-03,5.491719119868e-03,5.392444935080e-03,5.293977743551e-03,5.196317545305e-03,5.129901656321e-03,2.904298281410e-03
52.100000,5.084153014016e-03,7.092742467572e-03,7.841285561085e-03,7.686814123578e-03,7.531636769517e-03,7.409724892923e-03,7.308009186633e-03,7.118487046109e-03,6.989710155756e-03,7.103262977253e-03,6.902666770466e-03,6.680000595780e-03,6.482794110257e-03,6.318245659861e-03,6.154140673825e-03,5.995117205373e-03,5.835725603982e-03,5.707796565293e-03,5.601937494516e-03,5.475616953377e-03,5.376810872318e-03,5.278809040039e-03,5.181611456530e-03,5.115508302775e-03,2.898578499150e-03
52.600000,5.071666911455e-03,7.068849744151e-03,7.814284930917e-03,7.660469756516e-03,7.505949904913e-03,7.384539735995e-03,7.283256801218e-03,7.094508110867e-03,6.966568617574e-03,7.079668676695e-03,6.880007358412e-03,6.658395381869e-03,6.462112964061e-03,6.298335303498e-03,6.134999578186e-03,5.976728996982e-03,5.818091370080e-03,5.690767048885e-03,5.585393385941e-03,5.459672127887e-03,5.361328837880e-03,5.263787079438e-03,5.167046852557e-03,5.101252885691e-03,2.892903094260e-03
53.100000,5.059292401937e-03,7.045203681331e-03,7.787564519121e-03,7.634398466999e-03,7.480528964702e-03,7.359615106887e-03,7.258760229694e-03,7.070776689775e-03,6.943664369851e-03,7.056316333711e-03,6.857579348108e-03,6.637009617955e-03,6.441640819873e-03,6.278625234414e-03,6.116050071005e-03,5.958523840802e-03,5.800631641929e-03,5.673905185601e-03,5.569011473823e-03,5.443882699985e-03,5.345996969469e-03,5.248910080210e-03,5.152622032187e-03,5.087133758041e-03,2.887271797070e-03
53.600000,5.047028289005e-03,7.021800972992e-03,7.761120531852e-03,7.608596565616e-03,7.455370364091e-03,7.334947499027e-03,7.234516034454e-03,7.047289465221e-03,6.920994258175e-03,7.033202730007e-03,6.835379680953e-03,6.615840426687e-03,6.421374958534e-03,6.259112865349e-03,6.097289696695e-03,5.940499410730e-03,5.783344223026e-03,5.657208882830e-03,5.552789747824e-03,5.428246762508e-03,5.330813439131e-03,5.234176293202e-03,5.138335324720e-03,5.073149301997e-03,2.881684334690e-03
54.100000,5.034873394683e-03,6.998638381251e-03,7.734949254738e-03,7.583060440045e-03,7.430470592955e-03,7.310533478637e-03,7.210520849210e-03,7.024043188140e-03,6.898555192732e-03,7.010324713400e-03,6.813405360617e-03,6.594884988754e-03,6.401312715160e-03,6.239795660298e-03,6.078716047850e-03,5.922653425802e-03,5.766226958961e-03,5.640676087591e-03,5.536726235299e-03,5.412762443599e-03,5.315776452297e-03,5.219584000821e-03,5.124185089183e-03,5.059297928230e-03,2.876140431520e-03
54.600000,5.022826559018e-03,6.975712734443e-03,7.709047050404e-03,7.557786552618e-03,7.405826213555e-03,7.286369682620e-03,7.186771376721e-03,7.001034675858e-03,6.876344146449e-03,6.987679195666e-03,6.791653451183e-03,6.574140541150e-03,6.381451477622e-03,6.220671132925e-03,6.060326763818e-03,5.904983648870e-03,5.749277736206e-03,5.624304785474e-03,5.520819000330e-03,5.397427905708e-03,5.300884246951e-03,5.205131516255e-03,5.110169713613e-03,5.045578075192e-03,2.870639809550e-03
55.100000,5.010886639786e-03,6.953020925088e-03,7.683410356107e-03,7.532771438068e-03,7.381433858273e-03,7.262452816326e-03,7.163264386771e-03,6.978260810193e-03,6.854358152978e-03,6.965263150709e-03,6.770121075380e-03,6.553604375522e-03,6.361788684968e-03,6.201736845302e-03,6.042119529344e-03,5.887487885342e-03,5.732494480986e-03,5.608092999530e-03,5.505066142633e-03,5.382241344735e-03,5.286135092818e-03,5.190817182670e-03,5.096287614305e-03,5.031988208491e-03,2.865182188780e-03
55.600000,4.999052512196e-03,6.930559907923e-03,7.658035681448e-03,7.508011701286e-03,7.357290227496e-03,7.238779651484e-03,7.139996714076e-03,6.955718535362e-03,6.832594305028e-03,6.943073612670e-03,6.748805412759e-03,6.533273836528e-03,6.342321825937e-03,6.182990406346e-03,6.024092073336e-03,5.870163982074e-03,5.715875158209e-03,5.592038789299e-03,5.489465796732e-03,5.367200989163e-03,5.271527290481e-03,5.176639372473e-03,5.082537235122e-03,5.018526820131e-03,2.859767287480e-03
56.100000,4.987323068447e-03,6.908326698133e-03,7.632919606207e-03,7.483504015259e-03,7.333392087565e-03,7.215347024263e-03,7.116965256373e-03,6.933404856277e-03,6.811049752482e-03,6.921107674164e-03,6.727703698105e-03,6.513146320386e-03,6.323048437593e-03,6.164429470571e-03,6.006242167623e-03,5.853009826195e-03,5.699417770356e-03,5.576140249809e-03,5.474016130919e-03,5.352305099172e-03,5.257059170652e-03,5.162596486526e-03,5.068917046812e-03,5.005192427978e-03,2.854394822570e-03
56.600000,4.975697217524e-03,6.886318369474e-03,7.608058778185e-03,7.459245118957e-03,7.309736268855e-03,7.192151833255e-03,7.094166972549e-03,6.911316836617e-03,6.789721700857e-03,6.899362484507e-03,6.706813219760e-03,6.493219273282e-03,6.303966103863e-03,6.146051736829e-03,5.988567625686e-03,5.836023343931e-03,5.683120356575e-03,5.560395510641e-03,5.458715346429e-03,5.337551965816e-03,5.242729093328e-03,5.148686953528e-03,5.055425546377e-03,4.991983575060e-03,2.849064509800e-03
57.100000,4.964173884774e-03,6.864532052580e-03,7.583449911216e-03,7.435231815467e-03,7.286319663772e-03,7.169191037731e-03,7.071598880816e-03,6.889451597176e-03,6.768607409537e-03,6.877835248129e-03,6.686131318146e-03,6.473490190013e-03,6.285072454225e-03,6.127854946964e-03,5.971066301610e-03,5.819202499608e-03,5.666980991555e-03,5.544802734978e-03,5.443561676540e-03,5.322939910263e-03,5.228535447148e-03,5.134909229184e-03,5.042061256364e-03,4.978898828968e-03,2.843776064080e-03
57.600000,4.952752011596e-03,6.842964933323e-03,7.559089783203e-03,7.411460969996e-03,7.263139225053e-03,7.146461655810e-03,7.049258056963e-03,6.867806314181e-03,6.747704190349e-03,6.856523222943e-03,6.665655384207e-03,6.453956612571e-03,6.266365162502e-03,6.109836884722e-03,5.953736088833e-03,5.802545294609e-03,5.650997784644e-03,5.529360118748e-03,5.428553385761e-03,5.308467282956e-03,5.214476648522e-03,5.121261795627e-03,5.028822724284e-03,4.965936781267e-03,2.838529199670e-03
58.100000,4.941430555156e-03,6.821614251214e-03,7.534975234225e-03,7.387929508131e-03,7.240191963891e-03,7.123960762732e-03,7.027141632780e-03,6.846378217675e-03,6.727009405915e-03,6.835423718766e-03,6.645382857981e-03,6.434616128787e-03,6.247841945494e-03,6.091995374534e-03,5.936574919182e-03,5.786049766283e-03,5.635168878903e-03,5.514065889734e-03,5.413688768985e-03,5.294132462928e-03,5.200551141046e-03,5.107743160731e-03,5.015708521968e-03,4.953096046924e-03,2.833323630420e-03
58.600000,4.930208488043e-03,6.800477297843e-03,7.511103164743e-03,7.364634414021e-03,7.217474948352e-03,7.101685489233e-03,7.005246794280e-03,6.825164589974e-03,6.706520468374e-03,6.814534095956e-03,6.625311227241e-03,6.415466371107e-03,6.229500561905e-03,6.074328280360e-03,5.919580761767e-03,5.769713987114e-03,5.619492450248e-03,5.498918306780e-03,5.398966150693e-03,5.279933856996e-03,5.186757394776e-03,5.094351857440e-03,5.002717244996e-03,4.940375263731e-03,2.828159069930e-03
59.100000,4.919084797943e-03,6.779551415423e-03,7.487470533877e-03,7.341572728770e-03,7.194985301641e-03,7.079633019996e-03,6.983570780317e-03,6.804162764226e-03,6.686234837852e-03,6.793851763857e-03,6.605438026090e-03,6.396505015304e-03,6.211338811080e-03,6.056833504697e-03,5.902751621993e-03,5.753536063666e-03,5.603966706504e-03,5.483915658865e-03,5.384383884237e-03,5.265869899138e-03,5.173093905523e-03,5.081086443191e-03,4.989847512128e-03,4.927773091760e-03,2.823035231790e-03
59.600000,4.908058487353e-03,6.758833995311e-03,7.464074357685e-03,7.318741548769e-03,7.172720200610e-03,7.057800592005e-03,6.962110880968e-03,6.783370122888e-03,6.666150021147e-03,6.773374179505e-03,6.585760833776e-03,6.377729779307e-03,6.193354532006e-03,6.039508987460e-03,5.886085540563e-03,5.737514135695e-03,5.588589886633e-03,5.469056264478e-03,5.369940351062e-03,5.251939049726e-03,5.159559194301e-03,5.067945499302e-03,4.977097964699e-03,4.915288212820e-03,2.817951829660e-03
60.100000,4.897128573257e-03,6.738322476739e-03,7.440911707560e-03,7.296138024118e-03,7.150676874217e-03,7.036185493198e-03,6.940864436162e-03,6.762784096445e-03,6.646263570465e-03,6.753098846259e-03,6.566277273331e-03,6.359138422004e-03,6.175545602154e-03,6.022352705014e-03,5.869580592560e-03,5.721646375367e-03,5.573360259914e-03,5.454338470751e-03,5.355633960008e-03,5.238139794925e-03,5.146151806613e-03,5.054927630346e-03,4.964467266119e-03,4.902919329939e-03,2.812908577530e-03
60.600000,4.886294086859e-03,6.718014345355e-03,7.417979708703e-03,7.273759357149e-03,7.128852602065e-03,7.014785060978e-03,6.919828834282e-03,6.742402161993e-03,6.626573082162e-03,6.733023312538e-03,6.546985010403e-03,6.340728742169e-03,6.157909936420e-03,6.005362669187e-03,5.853234886539e-03,5.705930986257e-03,5.558276125105e-03,5.439760652774e-03,5.341463146563e-03,5.224470645992e-03,5.132870311882e-03,5.042031463649e-03,4.951954101289e-03,4.890665166889e-03,2.807905189760e-03
61.100000,4.875554073236e-03,6.697907132035e-03,7.395275538610e-03,7.251602800954e-03,7.107244713003e-03,6.993596680849e-03,6.899001510762e-03,6.722221842014e-03,6.607076195480e-03,6.713145170596e-03,6.527881752187e-03,6.322498577397e-03,6.140445486226e-03,5.988536926304e-03,5.837046563601e-03,5.690366202688e-03,5.543335809750e-03,5.425321212822e-03,5.327426372275e-03,5.210930138699e-03,5.119713302846e-03,5.029255648661e-03,4.939557176149e-03,4.878524467635e-03,2.802941381260e-03
61.600000,4.864907591115e-03,6.677998411616e-03,7.372796425589e-03,7.229665658004e-03,7.085850583747e-03,6.972617785126e-03,6.878379946920e-03,6.702240703098e-03,6.587770591447e-03,6.693462055310e-03,6.508965246142e-03,6.304445803022e-03,6.123150238465e-03,5.971873556319e-03,5.821013796587e-03,5.674950288775e-03,5.528537669433e-03,5.411018579752e-03,5.313522124031e-03,5.197516832669e-03,5.106679394998e-03,5.016598856486e-03,4.927275217140e-03,4.866495995921e-03,2.798016867620e-03
62.100000,4.854353712515e-03,6.658285801693e-03,7.350539647397e-03,7.207945278765e-03,7.064667637598e-03,6.951845851595e-03,6.857961668598e-03,6.682456354752e-03,6.568653991733e-03,6.673971643013e-03,6.490233279030e-03,6.286568331108e-03,6.106022214586e-03,5.955370671946e-03,5.805134789279e-03,5.659681537830e-03,5.513880087015e-03,5.396851208264e-03,5.299748913442e-03,5.184229310880e-03,5.093767226057e-03,5.004059779331e-03,4.915106970688e-03,4.854578534755e-03,2.793131365150e-03
62.600000,4.843891522570e-03,6.638766961506e-03,7.328502529936e-03,7.186439060424e-03,7.043693343237e-03,6.931278402328e-03,6.837744244976e-03,6.662866448282e-03,6.549724157549e-03,6.654671650478e-03,6.471683675848e-03,6.268864109550e-03,6.089059469722e-03,5.939026417706e-03,5.789407775517e-03,5.644558271448e-03,5.499361471972e-03,5.382817578296e-03,5.286105276269e-03,5.171066178982e-03,5.080975455401e-03,4.991637130006e-03,4.903051202811e-03,4.842770886000e-03,2.788284591060e-03
63.100000,4.833520119154e-03,6.619439590809e-03,7.306682445837e-03,7.165144445628e-03,7.022925213332e-03,6.910913002562e-03,6.817725287503e-03,6.643468675651e-03,6.530978888611e-03,6.635559833707e-03,6.453314298790e-03,6.251331121054e-03,6.072260091744e-03,5.922838969275e-03,5.773831018481e-03,5.629578838933e-03,5.484980259788e-03,5.368916194359e-03,5.272589771751e-03,5.158026064832e-03,5.068302763495e-03,4.979329641413e-03,4.891106698591e-03,4.831071869885e-03,2.783476263510e-03
63.600000,4.823238612668e-03,6.600301428766e-03,7.285076813346e-03,7.144058921262e-03,7.002360803599e-03,6.890747259394e-03,6.797902448650e-03,6.624260768367e-03,6.512416022123e-03,6.616633987024e-03,6.435123046326e-03,6.233967382307e-03,6.055622200498e-03,5.906806532487e-03,5.758402809999e-03,5.614741616491e-03,5.470734911196e-03,5.355145584983e-03,5.259200982099e-03,5.145107617916e-03,5.055747851505e-03,4.967136066105e-03,4.879272261724e-03,4.819480324637e-03,2.778706101670e-03
64.100000,4.813046125793e-03,6.581350253021e-03,7.263683095029e-03,7.123180017275e-03,6.981997711484e-03,6.870778820827e-03,6.778273420946e-03,6.605240496553e-03,6.494033431813e-03,6.597891941999e-03,6.417107852189e-03,6.216770943009e-03,6.039143946931e-03,5.890927342764e-03,5.743121469719e-03,5.600045006673e-03,5.456623911643e-03,5.341504302085e-03,5.245937511909e-03,5.132309508832e-03,5.043309440698e-03,4.955055175813e-03,4.867546714158e-03,4.807995106010e-03,2.773973825830e-03
64.600000,4.802941793198e-03,6.562583878554e-03,7.242498796627e-03,7.102505305577e-03,6.961833575134e-03,6.851005374624e-03,6.758835935835e-03,6.586405667807e-03,6.475829026966e-03,6.579331566477e-03,6.399266684532e-03,6.199739885145e-03,6.022823512359e-03,5.875199664240e-03,5.727985344496e-03,5.585487437572e-03,5.442645770649e-03,5.327990920420e-03,5.232797987623e-03,5.119630428785e-03,5.030986272015e-03,4.943085760967e-03,4.855928895599e-03,4.796615086935e-03,2.769279157470e-03
65.100000,4.792924761313e-03,6.544000156853e-03,7.221521465952e-03,7.082032398898e-03,6.941866072366e-03,6.831424647286e-03,6.739587762773e-03,6.567754126373e-03,6.457800751549e-03,6.560950763735e-03,6.381597545020e-03,6.182872322066e-03,6.006659107584e-03,5.859621789066e-03,5.712992807677e-03,5.571067362355e-03,5.428799021185e-03,5.314604036989e-03,5.219781057014e-03,5.107069089129e-03,5.018777105640e-03,4.931226630299e-03,4.844417663126e-03,4.785339157079e-03,2.764621819280e-03
65.600000,4.782994188084e-03,6.525596974886e-03,7.200748691738e-03,7.061758949793e-03,6.922092919610e-03,6.812034403097e-03,6.720526708133e-03,6.549283752081e-03,6.439946583272e-03,6.542747471497e-03,6.364098467972e-03,6.166166397767e-03,5.990648972342e-03,5.844192036784e-03,5.698142258465e-03,5.556783258542e-03,5.415082219222e-03,5.301342270611e-03,5.206885388671e-03,5.094624220860e-03,5.006680720424e-03,4.919476610410e-03,4.833011890794e-03,4.774166222505e-03,2.760001535250e-03
66.100000,4.773149242753e-03,6.507372254253e-03,7.180178102693e-03,7.041682649577e-03,6.902511870959e-03,6.792832443090e-03,6.701650614372e-03,6.530992459529e-03,6.422264532789e-03,6.524719661062e-03,6.346767519570e-03,6.149620286107e-03,5.974791374409e-03,5.828908753546e-03,5.683432121273e-03,5.542633627418e-03,5.401493943026e-03,5.288204261271e-03,5.194109671485e-03,5.082294574151e-03,4.994695913638e-03,4.907834545343e-03,4.821710469258e-03,4.763095205276e-03,2.755418030730e-03
66.600000,4.763389105563e-03,6.489323950335e-03,7.159807366383e-03,7.021801227399e-03,6.883120717151e-03,6.773816604221e-03,6.682957359052e-03,6.512878197197e-03,6.404752642871e-03,6.506865336527e-03,6.329602797057e-03,6.133232190005e-03,5.959084609027e-03,5.813770311578e-03,5.668860845121e-03,5.528616993542e-03,5.388032792729e-03,5.275188669689e-03,5.181452614238e-03,5.070078917908e-03,4.982821500390e-03,4.896299296211e-03,4.810512305384e-03,4.752125043112e-03,2.750871032430e-03
67.100000,4.753712967593e-03,6.471450051345e-03,7.139634188331e-03,7.002112449196e-03,6.863917284738e-03,6.754984758362e-03,6.664444854028e-03,6.494938946536e-03,6.387408987581e-03,6.489182533927e-03,6.312602427950e-03,6.117000340831e-03,5.943526998183e-03,5.798775108446e-03,5.654426903068e-03,5.514731904134e-03,5.374697389785e-03,5.262294176873e-03,5.168912945082e-03,5.057976039410e-03,4.971056313276e-03,4.884869740767e-03,4.799416321896e-03,4.741254689029e-03,2.746360268500e-03
67.600000,4.744120030548e-03,6.453748577660e-03,7.119656310996e-03,6.982614116875e-03,6.844899435140e-03,6.736334811516e-03,6.646111044534e-03,6.477172721275e-03,6.370231671499e-03,6.471669320444e-03,6.295764569297e-03,6.100922997660e-03,5.928116889955e-03,5.783921566473e-03,5.640128791577e-03,5.500976928524e-03,5.361486376490e-03,5.249519483527e-03,5.156489411053e-03,5.045984743750e-03,4.959399202009e-03,4.873544773091e-03,4.788421457006e-03,4.730483111020e-03,2.741885468560e-03
68.100000,4.734609506466e-03,6.436217580929e-03,7.099871512922e-03,6.963304067375e-03,6.826065063764e-03,6.717864702905e-03,6.627953908407e-03,6.459577566496e-03,6.353218829007e-03,6.454323793681e-03,6.279087407022e-03,6.084998446595e-03,5.912852657949e-03,5.769208132250e-03,5.625965030024e-03,5.487350657647e-03,5.348398415404e-03,5.236863309714e-03,5.144180777775e-03,5.034103853536e-03,4.947849032995e-03,4.862323303172e-03,4.777526664096e-03,4.719809291684e-03,2.737446363710e-03
68.600000,4.725180617579e-03,6.418855143368e-03,7.080277607827e-03,6.944180171824e-03,6.807412099249e-03,6.699572404252e-03,6.609971455232e-03,6.442151557969e-03,6.336368623584e-03,6.437144080882e-03,6.262569155127e-03,6.069225000161e-03,5.897732700605e-03,5.754633275887e-03,5.611934160122e-03,5.473851703582e-03,5.335432189035e-03,5.224324394346e-03,5.131985828870e-03,5.022332208501e-03,4.936404688957e-03,4.851204256569e-03,4.766730911338e-03,4.709232227968e-03,2.733042686580e-03
69.100000,4.715832596084e-03,6.401659377017e-03,7.060872443748e-03,6.925240334683e-03,6.788938502593e-03,6.681455918905e-03,6.592161725670e-03,6.424892801396e-03,6.319679247041e-03,6.420128338250e-03,6.246208055104e-03,6.053600996598e-03,5.882755440669e-03,5.740195490606e-03,5.598034745432e-03,5.460478698988e-03,5.322586399245e-03,5.211901494799e-03,5.119903365704e-03,5.010668665028e-03,4.925065068609e-03,4.840186574085e-03,4.756033181439e-03,4.698750930804e-03,2.728674171360e-03
69.600000,4.706564683912e-03,6.384628422973e-03,7.041653902207e-03,6.906482492981e-03,6.770642266417e-03,6.663513281126e-03,6.574522790634e-03,6.407799431635e-03,6.303148918936e-03,6.403274750282e-03,6.230002375255e-03,6.038124799359e-03,5.867919324614e-03,5.725893292134e-03,5.584265370836e-03,5.447230296692e-03,5.309859766869e-03,5.199593386407e-03,5.107932206834e-03,4.999112095842e-03,4.913829086243e-03,4.829269211384e-03,4.745432471263e-03,4.688364424816e-03,2.724340553790e-03
70.100000,4.697376132587e-03,6.367760450794e-03,7.022619897410e-03,6.887904615515e-03,6.752521414197e-03,6.645742555343e-03,6.557052750614e-03,6.390869612108e-03,6.286775885815e-03,6.386581529019e-03,6.213950410075e-03,6.022794796458e-03,5.853222822102e-03,5.711725218227e-03,5.570624642002e-03,5.434105169214e-03,5.297251031293e-03,5.187398862194e-03,5.096071187755e-03,4.987661389655e-03,4.902695671455e-03,4.818451138746e-03,4.734927791541e-03,4.678071748030e-03,2.720041571210e-03
70.600000,4.688266203007e-03,6.351053657750e-03,7.003768375503e-03,6.869504702096e-03,6.734573999505e-03,6.628141835435e-03,6.539749734961e-03,6.374101534045e-03,6.270558420693e-03,6.370046913487e-03,6.198050479599e-03,6.007609399890e-03,5.838664425376e-03,5.697689828072e-03,5.557111185028e-03,5.421102008269e-03,5.284758949999e-03,5.175316732340e-03,5.084319160490e-03,4.976315450821e-03,4.891663768750e-03,4.807731340681e-03,4.724518166614e-03,4.667871951626e-03,2.715776962590e-03
71.100000,4.679234165236e-03,6.334506268240e-03,6.985097313786e-03,6.851280782850e-03,6.716798105371e-03,6.610709244082e-03,6.522611901229e-03,6.357493415875e-03,6.254494822373e-03,6.353669169048e-03,6.182300928877e-03,5.992567045137e-03,5.824242648858e-03,5.683785701959e-03,5.543723645862e-03,5.408219524438e-03,5.272382298243e-03,5.163345823916e-03,5.072674993169e-03,4.965073198921e-03,4.880732337265e-03,4.797108815659e-03,4.714202634077e-03,4.657764099597e-03,2.711546468490e-03
71.600000,4.670279298348e-03,6.318116533112e-03,6.966604719995e-03,6.833230917481e-03,6.699191843524e-03,6.593442932036e-03,6.505637434496e-03,6.341043502600e-03,6.238583414817e-03,6.337446586734e-03,6.166700127342e-03,5.977666190568e-03,5.809956028581e-03,5.670011440619e-03,5.530460689937e-03,5.395456446666e-03,5.260119868527e-03,5.151484980446e-03,5.061137569733e-03,4.953933568522e-03,4.869900350430e-03,4.786582575770e-03,4.703980244547e-03,4.647747268517e-03,2.707349831130e-03
72.100000,4.661400890261e-03,6.301882729119e-03,6.948288631608e-03,6.815353194598e-03,6.681753353835e-03,6.576341077519e-03,6.488824546754e-03,6.324750065202e-03,6.222822546705e-03,6.321377482771e-03,6.151246468279e-03,5.962905316998e-03,5.795803121682e-03,5.656365664955e-03,5.517321001690e-03,5.382811521883e-03,5.247970470363e-03,5.139733061571e-03,5.049705789589e-03,4.942895508817e-03,4.859166795663e-03,4.776151646516e-03,4.693850061389e-03,4.637820547277e-03,2.703186794340e-03
72.600000,4.652598237537e-03,6.285803158284e-03,6.930147115163e-03,6.797645731060e-03,6.664480803530e-03,6.559401885606e-03,6.472171476314e-03,6.308611400007e-03,6.207210590743e-03,6.305460197919e-03,6.135938368331e-03,5.948282927065e-03,5.781782505992e-03,5.642847015418e-03,5.504303284186e-03,5.370283514610e-03,5.235932929801e-03,5.128088942679e-03,5.038378567247e-03,4.931957983305e-03,4.848530674085e-03,4.765815066454e-03,4.683811160400e-03,4.627983036801e-03,2.699057103640e-03
73.100000,4.643870645230e-03,6.269876147337e-03,6.912178265614e-03,6.780106671340e-03,6.647372386709e-03,6.542623587567e-03,6.455676487164e-03,6.292625828142e-03,6.191745943181e-03,6.289693096953e-03,6.120774266916e-03,5.933797544940e-03,5.767892779548e-03,5.629454151717e-03,5.491406258651e-03,5.357871206592e-03,5.224006089152e-03,5.116551514632e-03,5.027154832072e-03,4.921119969511e-03,4.837991000238e-03,4.755571886950e-03,4.673862629625e-03,4.618233849854e-03,2.694960506180e-03
73.600000,4.635217426686e-03,6.254100047181e-03,6.894380205620e-03,6.762734186909e-03,6.630426323693e-03,6.526004440325e-03,6.439337868438e-03,6.276791695008e-03,6.176427023302e-03,6.274074568120e-03,6.105752625737e-03,5.919447715614e-03,5.754132560151e-03,5.616185752341e-03,5.478628664168e-03,5.345573396410e-03,5.212188806565e-03,5.105119683348e-03,5.016033527842e-03,4.910380458656e-03,4.827546801775e-03,4.745421171911e-03,4.664003569065e-03,4.608572110758e-03,2.690896750800e-03
74.100000,4.626637903464e-03,6.238473232357e-03,6.876751085055e-03,6.745526475604e-03,6.613640860419e-03,6.509542725898e-03,6.423153933874e-03,6.261107369719e-03,6.161252272881e-03,6.258603022674e-03,6.090871928284e-03,5.905232004655e-03,5.740500484923e-03,5.603040514124e-03,5.465969257178e-03,5.333388899098e-03,5.200479955762e-03,5.093792369546e-03,5.005013612590e-03,4.899738455444e-03,4.817197119233e-03,4.735361997558e-03,4.654233090411e-03,4.598996955137e-03,2.686865587990e-03
74.600000,4.618131405073e-03,6.222994100530e-03,6.859289080290e-03,6.728481761101e-03,6.597014267871e-03,6.493236750794e-03,6.407123021202e-03,6.245571244541e-03,6.146220155750e-03,6.243276894297e-03,6.076130679434e-03,5.891148997642e-03,5.726995209932e-03,5.590017151942e-03,5.453426811240e-03,5.321316545871e-03,5.188878425628e-03,5.082568508428e-03,4.994094058181e-03,4.889192977693e-03,4.806941005730e-03,4.725393452116e-03,4.644550316862e-03,4.589507529770e-03,2.682866769890e-03
75.100000,4.609697268922e-03,6.207661071977e-03,6.841992393670e-03,6.711598292297e-03,6.580544841613e-03,6.477084845536e-03,6.391243491709e-03,6.230181734505e-03,6.131329157245e-03,6.228094638663e-03,6.061527404900e-03,5.877197299768e-03,5.713615409758e-03,5.577114398213e-03,5.441000116530e-03,5.309355183714e-03,5.177383119997e-03,5.071447049369e-03,4.983273850131e-03,4.878743056136e-03,4.796777526723e-03,4.715514635631e-03,4.634954382854e-03,4.580102992272e-03,2.678900050360e-03
75.600000,4.601334840104e-03,6.192472589101e-03,6.824859252942e-03,6.694874342785e-03,6.564230901182e-03,6.461085364117e-03,6.375513729620e-03,6.214937276801e-03,6.116577783807e-03,6.213054732940e-03,6.047060650834e-03,5.863375535408e-03,5.700359777114e-03,5.564331002622e-03,5.428687979652e-03,5.297503675047e-03,5.165992957262e-03,5.060426955605e-03,4.972551987259e-03,4.868387734115e-03,4.786705759776e-03,4.705724659682e-03,4.625444433852e-03,4.570782510979e-03,2.674965184870e-03
76.100000,4.593043471249e-03,6.177427115949e-03,6.807887910691e-03,6.678308210347e-03,6.548070789570e-03,6.445236683483e-03,6.359932141772e-03,6.199836330333e-03,6.101964562499e-03,6.198155675345e-03,6.032728983344e-03,5.849682347774e-03,5.687227022409e-03,5.551665731736e-03,5.416489223145e-03,5.285760897495e-03,5.154706870104e-03,5.049507203986e-03,4.961927481449e-03,4.858126067357e-03,4.776724794268e-03,4.696022647197e-03,4.616019626133e-03,4.561545264617e-03,2.671061930600e-03
76.600000,4.584822522444e-03,6.162523137798e-03,6.791076643845e-03,6.661898216396e-03,6.532062872774e-03,6.429537203069e-03,6.344497156982e-03,6.184877375319e-03,6.087488040620e-03,6.183395984727e-03,6.018530988171e-03,5.836116398435e-03,5.674215873524e-03,5.539117368644e-03,5.404402685267e-03,5.274125743451e-03,5.143523805184e-03,5.038686784680e-03,4.951399357364e-03,4.847957123707e-03,4.766833731240e-03,4.686407732188e-03,4.606679126562e-03,4.552390442238e-03,2.667190046380e-03
77.100000,4.576671361048e-03,6.147759160667e-03,6.774423753140e-03,6.645642705513e-03,6.516205539304e-03,6.413985344340e-03,6.329207225657e-03,6.170058912808e-03,6.073146785171e-03,6.168774200077e-03,6.004465270175e-03,5.822676367004e-03,5.661325075271e-03,5.526684712579e-03,5.392427219565e-03,5.262597119919e-03,5.132442722934e-03,5.027964700947e-03,4.940966652241e-03,4.837879982911e-03,4.757031683080e-03,4.676879059575e-03,4.597422112395e-03,4.543317242885e-03,2.663349292700e-03
77.600000,4.568589361535e-03,6.133133710915e-03,6.757927562602e-03,6.629540044946e-03,6.500497199671e-03,6.398579550271e-03,6.314060819311e-03,6.155379464195e-03,6.058939382620e-03,6.154288880172e-03,5.990530453021e-03,5.809360950729e-03,5.648553389194e-03,5.514366578686e-03,5.380561694696e-03,5.251173948050e-03,5.121462597144e-03,5.017339968777e-03,4.930628415560e-03,4.827893736335e-03,4.747317773345e-03,4.667435784933e-03,4.588247771087e-03,4.534324875519e-03,2.659539431700e-03
78.100000,4.560575905447e-03,6.118645334782e-03,6.741586419100e-03,6.613588624149e-03,6.484936285972e-03,6.383318284999e-03,6.299056430199e-03,6.140837570888e-03,6.044864438338e-03,6.139938603102e-03,5.976725178719e-03,5.796168864177e-03,5.635899593143e-03,5.502161797617e-03,5.368804994036e-03,5.239855163055e-03,5.110582414862e-03,5.006811616791e-03,4.920383708871e-03,4.817997486804e-03,4.737691136550e-03,4.658077074307e-03,4.579155300079e-03,4.525412558749e-03,2.655760227190e-03
78.600000,4.552630381171e-03,6.104292598038e-03,6.725398691867e-03,6.597786854308e-03,6.469521251441e-03,6.368200033258e-03,6.284192570803e-03,6.126431793868e-03,6.030920576325e-03,6.125721965981e-03,5.963048107357e-03,5.783098838822e-03,5.623362480967e-03,5.490069215260e-03,5.357156015393e-03,5.228639713760e-03,5.099801176010e-03,4.996378685814e-03,4.910231605548e-03,4.808190348339e-03,4.728150917947e-03,4.648802104041e-03,4.570143906630e-03,4.516579520676e-03,2.652011444610e-03
79.100000,4.544752183892e-03,6.090074085532e-03,6.709362772028e-03,6.582133167936e-03,6.454250570014e-03,6.353223300143e-03,6.269467773473e-03,6.112160713252e-03,6.017106438735e-03,6.111637584420e-03,5.949497916606e-03,5.770149622743e-03,5.610940862229e-03,5.478087692410e-03,5.345613670756e-03,5.217526562405e-03,5.089117893133e-03,4.986040228819e-03,4.900171190534e-03,4.798471445927e-03,4.718696273292e-03,4.639610060516e-03,4.561212807594e-03,4.507824998713e-03,2.648292851050e-03
79.600000,4.536940715419e-03,6.075988400893e-03,6.693477072173e-03,6.566626018365e-03,6.439122735881e-03,6.338386610496e-03,6.254880590035e-03,6.098022928013e-03,6.003420685636e-03,6.097684092302e-03,5.936073301481e-03,5.757319980330e-03,5.598633561857e-03,5.466216104544e-03,5.334176885995e-03,5.206514684416e-03,5.078531591275e-03,4.975795310553e-03,4.890201560151e-03,4.788839915358e-03,4.709326368710e-03,4.630500140021e-03,4.552361229302e-03,4.499148239430e-03,2.644604215230e-03
80.100000,4.529195384097e-03,6.062034166056e-03,6.677740025917e-03,6.551263879468e-03,6.424136263168e-03,6.323688508674e-03,6.240429591378e-03,6.084017055467e-03,5.989861994573e-03,6.083860141285e-03,5.922772973953e-03,5.744608691910e-03,5.586439419854e-03,5.454453341446e-03,5.322844600599e-03,5.195603068103e-03,5.068041307616e-03,4.965643007401e-03,4.880321821888e-03,4.779294902992e-03,4.700040380437e-03,4.621471548542e-03,4.543588407314e-03,4.490548498368e-03,2.640945307490e-03
80.600000,4.521515604683e-03,6.048210020957e-03,6.662150087492e-03,6.536045245097e-03,6.409289685460e-03,6.309127558049e-03,6.226113367081e-03,6.070141731006e-03,5.976429060235e-03,6.070164400609e-03,5.909595662595e-03,5.732014553421e-03,5.574357291030e-03,5.442798306939e-03,5.311615767414e-03,5.184790714418e-03,5.057646091285e-03,4.955582407116e-03,4.870531094106e-03,4.769835565578e-03,4.690837494669e-03,4.612523501578e-03,4.534893586326e-03,4.482025039872e-03,2.637315899810e-03
81.100000,4.513900798239e-03,6.034514623187e-03,6.646705731342e-03,6.520968628783e-03,6.394581555427e-03,6.294702340776e-03,6.211930525069e-03,6.056395607758e-03,5.963120594115e-03,6.056595556595e-03,5.896540112329e-03,5.719536376181e-03,5.562386044659e-03,5.431249918713e-03,5.300489352349e-03,5.174076636755e-03,5.047345003149e-03,4.945612608618e-03,4.860828505978e-03,4.760461070039e-03,4.681716907374e-03,4.603655223998e-03,4.526276019920e-03,4.473577136926e-03,2.633715765750e-03
81.600000,4.506350392013e-03,6.020946647647e-03,6.631405451696e-03,6.506032563344e-03,6.380010444522e-03,6.280411457242e-03,6.197879691249e-03,6.042777356186e-03,5.949935324225e-03,6.043152312417e-03,5.883605084025e-03,5.707172986542e-03,5.550524564271e-03,5.419807107989e-03,5.289464334252e-03,5.163459860646e-03,5.037137115562e-03,4.935732721818e-03,4.851213197152e-03,4.751170593298e-03,4.672677824086e-03,4.594865949818e-03,4.517734970493e-03,4.465204071027e-03,2.630144680500e-03
82.100000,4.498863819335e-03,6.007504786185e-03,6.616247762266e-03,6.491235600522e-03,6.365574942530e-03,6.266253525888e-03,6.183959509130e-03,6.029285663758e-03,5.936871994754e-03,6.029833387735e-03,5.870789354263e-03,5.694923225652e-03,5.538771747334e-03,5.408468819211e-03,5.278539704502e-03,5.152939423613e-03,5.027021512185e-03,4.925941867355e-03,4.841684317686e-03,4.741963322094e-03,4.663719459790e-03,4.586154922096e-03,4.509269709029e-03,4.456905132013e-03,2.626602420840e-03
82.600000,4.491440519522e-03,5.994187747307e-03,6.601231195786e-03,6.476576310515e-03,6.351273657265e-03,6.252227182745e-03,6.170168639515e-03,6.015919234682e-03,5.923929365762e-03,6.016637518408e-03,5.858091715046e-03,5.682785949063e-03,5.527126505035e-03,5.397234009923e-03,5.267714466913e-03,5.142514374911e-03,5.016997287763e-03,4.916239176453e-03,4.832241027742e-03,4.732838452828e-03,4.654841038681e-03,4.577521392730e-03,4.500879514969e-03,4.448679617912e-03,2.623088765110e-03
83.100000,4.484079937786e-03,5.980994255874e-03,6.586354303689e-03,6.462053281795e-03,6.337105214249e-03,6.238331081170e-03,6.156505760235e-03,6.002676789533e-03,5.911106212859e-03,6.003563456179e-03,5.845510973390e-03,5.670760026642e-03,5.515587761998e-03,5.386101650446e-03,5.256987637412e-03,5.132183775256e-03,5.007063547916e-03,4.906623790719e-03,4.822882497480e-03,4.723795191355e-03,4.646041794060e-03,4.568964622306e-03,4.492563676084e-03,4.440526834812e-03,2.619603493260e-03
83.600000,4.476781525101e-03,5.967923052736e-03,6.571615655760e-03,6.447665120657e-03,6.323068256351e-03,6.224563891517e-03,6.142969565697e-03,5.989557064966e-03,5.898401326987e-03,5.990609968390e-03,5.833045951239e-03,5.658844342138e-03,5.504154456020e-03,5.375070723649e-03,5.246358243881e-03,5.121946696763e-03,4.997219408962e-03,4.897094861939e-03,4.813607906836e-03,4.714832752827e-03,4.637320968128e-03,4.560483879953e-03,4.484321488278e-03,4.432446096693e-03,2.616146386780e-03
84.100000,4.469544738138e-03,5.954972894501e-03,6.557013839798e-03,6.433410450927e-03,6.309161443413e-03,6.210924300761e-03,6.129558766702e-03,5.976558813447e-03,5.885813514054e-03,5.977775837646e-03,5.820695485012e-03,5.647037793026e-03,5.492825537864e-03,5.364140224756e-03,5.235825325902e-03,5.111802222578e-03,4.987463997721e-03,4.887651551883e-03,4.804416445385e-03,4.705950361528e-03,4.628677811874e-03,4.552078443206e-03,4.476152255525e-03,4.424436725337e-03,2.612717228730e-03
84.600000,4.462369039161e-03,5.942142553232e-03,6.542547461258e-03,6.419287913571e-03,6.295383452080e-03,6.197411012277e-03,6.116272090073e-03,5.963680802906e-03,5.873341594730e-03,5.965059861608e-03,5.808458425431e-03,5.635339290235e-03,5.481599971041e-03,5.353309161095e-03,5.225387934578e-03,5.101749446807e-03,4.977796451291e-03,4.878293032202e-03,4.795307312143e-03,4.697147250725e-03,4.620111584863e-03,4.543747597844e-03,4.468055289658e-03,4.416498050153e-03,2.609315803720e-03
85.100000,4.455253895947e-03,5.929430816150e-03,6.528215142941e-03,6.405296166505e-03,6.281732975348e-03,6.184022745481e-03,6.103108278396e-03,5.950921816524e-03,5.860984404100e-03,5.952460852680e-03,5.796333637281e-03,5.623747757883e-03,5.470476731489e-03,5.342576551905e-03,5.215045132299e-03,5.091787474244e-03,4.968215916955e-03,4.869018484181e-03,4.786279715417e-03,4.688422662505e-03,4.611621555167e-03,4.535490637756e-03,4.460029910256e-03,4.408629408071e-03,2.605941897890e-03
85.600000,4.448198781659e-03,5.916836485351e-03,6.514015524703e-03,6.391433884165e-03,6.268208722345e-03,6.170758235562e-03,6.090066089690e-03,5.938280652383e-03,5.848740791492e-03,5.939977637728e-03,5.784319999080e-03,5.612262133063e-03,5.459454807471e-03,5.331941428076e-03,5.204795992567e-03,5.081915420180e-03,4.958721551871e-03,4.859827098586e-03,4.777332872669e-03,4.679775847645e-03,4.603206999148e-03,4.527306864780e-03,4.452075444550e-03,4.400830143413e-03,2.602595298910e-03
86.100000,4.441203174818e-03,5.904358377573e-03,6.499947263071e-03,6.377699757272e-03,6.254809417983e-03,6.157616233193e-03,6.077144297211e-03,5.925756123273e-03,5.836609620188e-03,5.927609057877e-03,5.772416402907e-03,5.600881365637e-03,5.448533199316e-03,5.321402832011e-03,5.194639599813e-03,5.072132410350e-03,4.949312523074e-03,4.850718075522e-03,4.768466010293e-03,4.671206065417e-03,4.594867201362e-03,4.519195588633e-03,4.444191227228e-03,4.393099607764e-03,2.599275795960e-03
86.600000,4.434266559178e-03,5.891995323920e-03,6.486009031086e-03,6.364092492558e-03,6.241533802794e-03,6.144595504251e-03,6.064341689119e-03,5.913347056361e-03,5.824589767140e-03,5.915353968192e-03,5.760621754106e-03,5.589604417959e-03,5.437710919138e-03,5.310959817372e-03,5.184575049123e-03,5.062437580542e-03,4.939988007123e-03,4.841690624296e-03,4.759678363529e-03,4.662712583481e-03,4.586601454390e-03,4.511156126693e-03,4.436376600394e-03,4.385437159837e-03,2.595983179730e-03
87.100000,4.427388423643e-03,5.879746169611e-03,6.472199517833e-03,6.350610812428e-03,6.228380632502e-03,6.131694829580e-03,6.051657068198e-03,5.901052293029e-03,5.812680122774e-03,5.903211237484e-03,5.748934971108e-03,5.578430264660e-03,5.426986990757e-03,5.300611448946e-03,5.174601446186e-03,5.052830076613e-03,4.930747190088e-03,4.832743963157e-03,4.750969176276e-03,4.654294677752e-03,4.578409058743e-03,4.503187803944e-03,4.428630913348e-03,4.377842165402e-03,2.592717242420e-03
87.600000,4.420568262218e-03,5.867609773735e-03,6.458517428314e-03,6.337253454733e-03,6.215348677877e-03,6.118913004714e-03,6.039089251684e-03,5.888870688513e-03,5.800879590780e-03,5.891179748078e-03,5.737354985157e-03,5.567357892545e-03,5.416360449391e-03,5.290356802358e-03,5.164717907022e-03,5.043309054217e-03,4.921589267320e-03,4.823877319299e-03,4.742337700956e-03,4.645951632223e-03,4.570289322698e-03,4.495289952814e-03,4.420953522581e-03,4.370313997130e-03,2.589477777700e-03
88.100000,4.413805573885e-03,5.855585008989e-03,6.444961483089e-03,6.324019172468e-03,6.202436724410e-03,6.106248839562e-03,6.026637070920e-03,5.876801111765e-03,5.789187087806e-03,5.879258395500e-03,5.725880740134e-03,5.556386300227e-03,5.405830341495e-03,5.280194964024e-03,5.154923557843e-03,5.033873678681e-03,4.912513443287e-03,4.815089928568e-03,4.733783198400e-03,4.637682738886e-03,4.562241562182e-03,4.487461913070e-03,4.413343791558e-03,4.362852034485e-03,2.586264580720e-03
88.600000,4.407099862574e-03,5.843670761498e-03,6.431530418022e-03,6.310906733552e-03,6.189643572103e-03,6.093701158275e-03,6.014299371206e-03,5.864842445162e-03,5.777601543307e-03,5.867446088350e-03,5.714511192293e-03,5.545514498015e-03,5.395395724615e-03,5.270125030802e-03,5.145217534846e-03,5.024523124807e-03,4.903518931459e-03,4.806381035450e-03,4.725304937679e-03,4.629487297552e-03,4.554265100653e-03,4.479703031689e-03,4.405801090657e-03,4.355455663654e-03,2.583077448110e-03
89.100000,4.400450637062e-03,5.831865930539e-03,6.418222984041e-03,6.297914920528e-03,6.176968035167e-03,6.081268798909e-03,6.002075011484e-03,5.852993584286e-03,5.766121899291e-03,5.855741748052e-03,5.703245310132e-03,5.534741507732e-03,5.385055667177e-03,5.260146110018e-03,5.135598984105e-03,5.015256576789e-03,4.894604954122e-03,4.797749892819e-03,4.716902195971e-03,4.621364615749e-03,4.546359268975e-03,4.472012662748e-03,4.398324797061e-03,4.348124277384e-03,2.579916177940e-03
89.600000,4.393857410889e-03,5.820169428360e-03,6.405037946848e-03,6.285042530328e-03,6.164408941843e-03,6.068950613248e-03,5.989962864142e-03,5.841253437743e-03,5.754747110132e-03,5.844144308590e-03,5.692082074064e-03,5.524066362468e-03,5.374809248223e-03,5.250257319083e-03,5.126067061379e-03,5.006073227954e-03,4.885770742306e-03,4.789195761841e-03,4.708574258447e-03,4.613314008616e-03,4.538523405306e-03,4.464390167318e-03,4.390914294638e-03,4.340857274926e-03,2.576780569720e-03
90.100000,4.387319702325e-03,5.808580179903e-03,6.391974086702e-03,6.272288374058e-03,6.151965134128e-03,6.056745466536e-03,5.977961814795e-03,5.829620926872e-03,5.743476142353e-03,5.832652716348e-03,5.681020476349e-03,5.513488106439e-03,5.364655557419e-03,5.240457785492e-03,5.116620931930e-03,4.996972280693e-03,4.877015535546e-03,4.780717911891e-03,4.700320418138e-03,4.605334798725e-03,4.530756854978e-03,4.456834913344e-03,4.383568973835e-03,4.333654061904e-03,2.573670424410e-03
90.600000,4.380837034259e-03,5.797097122679e-03,6.379030198155e-03,6.259651276763e-03,6.139635467532e-03,6.044652237273e-03,5.966070762055e-03,5.818094985605e-03,5.732307974412e-03,5.821265929900e-03,5.670059520825e-03,5.503005794780e-03,5.354593694699e-03,5.230746646596e-03,5.107259770433e-03,4.987952946334e-03,4.868338581836e-03,4.772315620340e-03,4.692139975802e-03,4.597426316049e-03,4.523058970363e-03,4.449346275544e-03,4.376288231591e-03,4.326514050254e-03,2.570585544390e-03
91.100000,4.374408934163e-03,5.785719206474e-03,6.366205089839e-03,6.247130077148e-03,6.127418810915e-03,6.032669816984e-03,5.954288617335e-03,5.806674560228e-03,5.721241596516e-03,5.809982919812e-03,5.659198222743e-03,5.492618493416e-03,5.344622770214e-03,5.221123049400e-03,5.097982760760e-03,4.979014444892e-03,4.859739137434e-03,4.763988172501e-03,4.684032239826e-03,4.589587897754e-03,4.515429110819e-03,4.441923635305e-03,4.369071471220e-03,4.319436658088e-03,2.567525733450e-03
91.600000,4.368034934009e-03,5.774445393215e-03,6.353497584207e-03,6.234723627369e-03,6.115314046225e-03,6.020797110049e-03,5.942614304605e-03,5.795358609151e-03,5.710276010487e-03,5.798802668460e-03,5.648435608563e-03,5.482325278766e-03,5.334741904081e-03,5.211586150535e-03,5.088789095850e-03,4.970156005049e-03,4.851216466751e-03,4.755734861448e-03,4.675996526061e-03,4.581818888170e-03,4.507866642523e-03,4.434566380572e-03,4.361918102335e-03,4.312421309602e-03,2.564490796800e-03
92.100000,4.361714570217e-03,5.763274656747e-03,6.340906517352e-03,6.222430792877e-03,6.103320068305e-03,6.009033033446e-03,5.931046760222e-03,5.784146102784e-03,5.699410229461e-03,5.787724169747e-03,5.637770715786e-03,5.472125237724e-03,5.324950226336e-03,5.202135115944e-03,5.079677977631e-03,4.961376863955e-03,4.842769842234e-03,4.747554987946e-03,4.668032157764e-03,4.574118638633e-03,4.500370938412e-03,4.427273905775e-03,4.354827540712e-03,4.305467435024e-03,2.561480541030e-03
92.600000,4.355447383581e-03,5.752205982660e-03,6.328430738725e-03,6.210250452152e-03,6.091435784638e-03,5.997376516529e-03,5.919584932703e-03,5.773036023292e-03,5.688643277812e-03,5.776746429047e-03,5.627202592812e-03,5.462017467427e-03,5.315246876684e-03,5.192769120879e-03,5.070648616744e-03,4.952676267099e-03,4.834398544256e-03,4.739447860288e-03,4.660138465448e-03,4.566486507374e-03,4.492941378057e-03,4.420045611685e-03,4.347799208260e-03,4.298574470494e-03,2.558494774120e-03
93.100000,4.349232919206e-03,5.741238368046e-03,6.316069110978e-03,6.198181496464e-03,6.079660115228e-03,5.985826500935e-03,5.908227782590e-03,5.762027364430e-03,5.677974190925e-03,5.765868462998e-03,5.616730298716e-03,5.452001075074e-03,5.305631004396e-03,5.183487349673e-03,5.061700232564e-03,4.944053468234e-03,4.826101860938e-03,4.731412794194e-03,4.652314786798e-03,4.558921859465e-03,4.485577347560e-03,4.412880905363e-03,4.340832532883e-03,4.291741857975e-03,2.555533305410e-03
93.600000,4.343070726448e-03,5.730370821409e-03,6.303820509712e-03,6.186222829725e-03,6.067991992347e-03,5.974381940284e-03,5.896974282176e-03,5.751119131335e-03,5.667402015005e-03,5.755089299245e-03,5.606352903099e-03,5.442075177806e-03,5.296101768098e-03,5.174288995606e-03,5.052832052975e-03,4.935507729138e-03,4.817879088094e-03,4.723449112728e-03,4.644560466529e-03,4.551424066643e-03,4.478278239474e-03,4.405779200062e-03,4.333926948394e-03,4.284969045176e-03,2.552595945620e-03
94.100000,4.336960358889e-03,5.719602362437e-03,6.291683823313e-03,6.174373368306e-03,6.056430360345e-03,5.963041800036e-03,5.885823415407e-03,5.740310340386e-03,5.656925806997e-03,5.744407976308e-03,5.596069485959e-03,5.432238902529e-03,5.286658335773e-03,5.165173260836e-03,5.044043314243e-03,4.927038319649e-03,4.809729529092e-03,4.715556146152e-03,4.636874856298e-03,4.543992507288e-03,4.471043452709e-03,4.398739915107e-03,4.327081894459e-03,4.278255485474e-03,2.549682506840e-03
94.600000,4.330901374230e-03,5.708932021792e-03,6.279657952740e-03,6.162632040781e-03,6.044974175468e-03,5.951805057301e-03,5.874774177611e-03,5.729600019001e-03,5.646544634290e-03,5.733823543510e-03,5.585879137455e-03,5.422491385780e-03,5.277299884426e-03,5.156139356174e-03,5.035333260898e-03,4.918644517394e-03,4.801652494715e-03,4.707733231852e-03,4.629257314620e-03,4.536626566270e-03,4.463872392421e-03,4.391762475837e-03,4.320296816499e-03,4.271600637825e-03,2.546792802460e-03
95.100000,4.324893334255e-03,5.698358841013e-03,6.267741811319e-03,6.150997787779e-03,6.033622405709e-03,5.940670700678e-03,5.863825575410e-03,5.718987205488e-03,5.636257574680e-03,5.723335060641e-03,5.575780957821e-03,5.412831773572e-03,5.268025600065e-03,5.147186501000e-03,5.026701145660e-03,4.910325607765e-03,4.793647303085e-03,4.699979714194e-03,4.621707206733e-03,4.529325634893e-03,4.456764469934e-03,4.384846313503e-03,4.313571165593e-03,4.265003966695e-03,2.543926647250e-03
95.600000,4.318935804790e-03,5.687881872323e-03,6.255934324530e-03,6.139469561776e-03,6.022374030566e-03,5.929637730020e-03,5.852976626487e-03,5.708470948864e-03,5.626063716150e-03,5.712941597933e-03,5.565774057211e-03,5.403259221248e-03,5.258834677585e-03,5.138313923141e-03,5.018146229244e-03,4.902080883779e-03,4.785713279571e-03,4.692294944459e-03,4.614223904549e-03,4.522089110764e-03,4.449719102647e-03,4.377990865193e-03,4.306904398395e-03,4.258464941954e-03,2.541083857290e-03
96.100000,4.313028355639e-03,5.677500178445e-03,6.244234429883e-03,6.128046326957e-03,6.011228040918e-03,5.918705156369e-03,5.842226359480e-03,5.698050308705e-03,5.615962156696e-03,5.702642235874e-03,5.555857555489e-03,5.393772893404e-03,5.249726320549e-03,5.129520858752e-03,5.009667780284e-03,4.893909645971e-03,4.777849756627e-03,4.684678280708e-03,4.606806786504e-03,4.514916397732e-03,4.442735713945e-03,4.371195573738e-03,4.300295977096e-03,4.251983038854e-03,2.538264249960e-03
96.600000,4.307170560522e-03,5.667212832471e-03,6.232641076733e-03,6.116727058983e-03,6.000183438800e-03,5.907872001677e-03,5.831573813707e-03,5.687724354952e-03,5.605952004251e-03,5.692436064962e-03,5.546030582189e-03,5.384371963616e-03,5.240699741145e-03,5.120806552129e-03,5.001265075201e-03,4.885811202285e-03,4.770056073719e-03,4.677129087704e-03,4.599455237499e-03,4.507806905800e-03,4.435813733145e-03,4.364459887649e-03,4.293745369315e-03,4.245557737871e-03,2.535467643970e-03
97.100000,4.301361997038e-03,5.657018917724e-03,6.221153226004e-03,6.105510744887e-03,5.989239237359e-03,5.897137298714e-03,5.821018039170e-03,5.677492167838e-03,5.596032376480e-03,5.682322185750e-03,5.536292276238e-03,5.375055614426e-03,5.231754159989e-03,5.112170255684e-03,4.992937398095e-03,4.877784867934e-03,4.762331577263e-03,4.669646736860e-03,4.592168648767e-03,4.500760051004e-03,4.428952595349e-03,4.357783261020e-03,4.287252048000e-03,4.239188524744e-03,2.532693859310e-03
97.600000,4.295602246619e-03,5.646917527541e-03,6.209769850140e-03,6.094396382791e-03,5.978394460510e-03,5.886500090867e-03,5.810558096216e-03,5.667352837652e-03,5.586202400621e-03,5.672299708478e-03,5.526641785958e-03,5.365823037196e-03,5.222888806043e-03,5.103611229764e-03,4.984684040638e-03,4.869829965345e-03,4.754675620455e-03,4.662230606040e-03,4.584946417875e-03,4.493775255372e-03,4.422151741431e-03,4.351165153458e-03,4.280815491438e-03,4.232874890291e-03,2.529942717270e-03
98.100000,4.289890894468e-03,5.636907765193e-03,6.198489932880e-03,6.083382981912e-03,5.967648142922e-03,5.875959432035e-03,5.800193055564e-03,5.657305464605e-03,5.576461213425e-03,5.662367753090e-03,5.517078268816e-03,5.356673431914e-03,5.214102916526e-03,5.095128742566e-03,4.976504302009e-03,4.861945824042e-03,4.747087563235e-03,4.654880079562e-03,4.577787948526e-03,4.486851946828e-03,4.415410617933e-03,4.344605030012e-03,4.274435183076e-03,4.226616330435e-03,2.527214040420e-03
98.600000,4.284227529512e-03,5.626988743724e-03,6.187312469069e-03,6.072469562237e-03,5.956999329790e-03,5.865514386417e-03,5.789921997975e-03,5.647349158776e-03,5.566807960944e-03,5.652525449031e-03,5.507600891363e-03,5.347606007185e-03,5.205395736691e-03,5.086722069991e-03,4.968397488658e-03,4.854131780529e-03,4.739566772153e-03,4.647594548104e-03,4.570692650552e-03,4.479989559103e-03,4.408728676944e-03,4.338102361092e-03,4.268110611532e-03,4.220412346045e-03,2.524507652590e-03
99.100000,4.278611744379e-03,5.617159585789e-03,6.176236464554e-03,6.061655154471e-03,5.946447076710e-03,5.855164028390e-03,5.779744014290e-03,5.637483039808e-03,5.557241798444e-03,5.642771935101e-03,5.498208829047e-03,5.338619979953e-03,5.196766519829e-03,5.078390495613e-03,4.960362914367e-03,4.846387178227e-03,4.732112620319e-03,4.640373408539e-03,4.563659939802e-03,4.473187531642e-03,4.402105376114e-03,4.331656622404e-03,4.261841270496e-03,4.214262442970e-03,2.521823378880e-03
99.600000,4.273043135300e-03,5.609810391708e-03,6.167953676816e-03,6.053561900861e-03,5.938543910665e-03,5.847414476965e-03,5.772118813127e-03,5.630097205123e-03,5.549943938823e-03,5.635311621257e-03,5.490967248374e-03,5.331618064751e-03,5.189978736613e-03,5.071781453572e-03,4.953931976743e-03,4.840127377593e-03,4.726024431086e-03,4.634423154629e-03,4.557826688907e-03,4.467489907297e-03,4.396515136393e-03,4.326172612917e-03,4.256462336858e-03,4.208955383497e-03,2.519161045630e-03
100.100000,4.270244536763e-03,5.602437119495e-03,6.159635897743e-03,6.045448658083e-03,5.930635504127e-03,5.839656545967e-03,5.764496208716e-03,5.622704948229e-03,5.542916401003e-03,5.628165029853e-03,5.484146936206e-03,5.325170333869e-03,5.183854888377e-03,5.065927669659e-03,4.948347920470e-03,4.834809427130e-03,4.720972828748e-03,4.629584966433e-03,4.553155612809e-03,4.463031049736e-03,4.392218385191e-03,4.322037370281e-03,4.252488004987e-03,4.205089270721e-03,2.517874551930e-03
100.600000,4.264760211958e-03,5.592854632427e-03,6.148838386310e-03,6.034906031004e-03,5.920348306736e-03,5.829566103715e-03,5.754573715083e-03,5.613086393011e-03,5.533589385474e-03,5.618655336733e-03,5.474989187267e-03,5.316407905290e-03,5.175439874535e-03,5.057802461198e-03,4.940511890655e-03,4.827255717174e-03,4.713701905768e-03,4.622540909025e-03,4.546295044826e-03,4.456395074667e-03,4.385756431094e-03,4.315748300801e-03,4.246370683809e-03,4.199088243559e-03,2.515251327300e-03
101.100000,4.259321980974e-03,5.583358810199e-03,6.138138709051e-03,6.024458881446e-03,5.910154225900e-03,5.819566974139e-03,5.744740980300e-03,5.603554815136e-03,5.524346379885e-03,5.609231293728e-03,5.465913747204e-03,5.307724019361e-03,5.167100101153e-03,5.049749738784e-03,4.932745597984e-03,4.819769054638e-03,4.706495336543e-03,4.615559044877e-03,4.539494934522e-03,4.449817416453e-03,4.379351140014e-03,4.309514250374e-03,4.240306747529e-03,4.193139496370e-03,2.512649581250e-03
101.600000,4.253929452085e-03,5.573948817449e-03,6.127535919667e-03,6.014106286696e-03,5.900052362515e-03,5.809658276003e-03,5.734997138705e-03,5.594109376374e-03,5.515186579583e-03,5.599892080480e-03,5.456919830323e-03,5.299117929707e-03,5.158834856211e-03,5.041768819094e-03,4.925048387695e-03,4.812348812846e-03,4.699352522463e-03,4.608638797885e-03,4.532754723763e-03,4.443297539339e-03,4.373001993394e-03,4.303334717524e-03,4.234295711727e-03,4.187242556207e-03,2.510069144020e-03
102.100000,4.248582236991e-03,5.564623827755e-03,6.117029082043e-03,6.003847333999e-03,5.890041827191e-03,5.799839137557e-03,5.725341333929e-03,5.584749247508e-03,5.506109188359e-03,5.590636885331e-03,5.448006659290e-03,5.290588897809e-03,5.150643435150e-03,5.033859025844e-03,4.917419611795e-03,4.804994371530e-03,4.692272871036e-03,4.601779597822e-03,4.526073860038e-03,4.436834912874e-03,4.366708477789e-03,4.297209205729e-03,4.228337096691e-03,4.181396954711e-03,2.507509847080e-03
102.600000,4.243279950830e-03,5.555383023470e-03,6.106617270119e-03,5.993681120338e-03,5.880121739990e-03,5.790108696300e-03,5.715772718703e-03,5.575473608133e-03,5.497113418533e-03,5.581464905232e-03,5.439173464931e-03,5.282136192882e-03,5.142525140714e-03,5.026019689756e-03,4.909858628930e-03,4.797705116750e-03,4.685255795773e-03,4.594980880186e-03,4.519451796382e-03,4.430429011925e-03,4.360470084865e-03,4.291137223353e-03,4.222430427413e-03,4.175602228097e-03,2.504971523130e-03
103.100000,4.238022212156e-03,5.546225595673e-03,6.096299567707e-03,5.983606752313e-03,5.870291230411e-03,5.780466098995e-03,5.706290454822e-03,5.566281646550e-03,5.488198490624e-03,5.572375345564e-03,5.430419486155e-03,5.273759091726e-03,5.134479282865e-03,5.018250148485e-03,4.902364804350e-03,4.790480440802e-03,4.678300716070e-03,4.588242086171e-03,4.512887991288e-03,4.424079316572e-03,4.354286311290e-03,4.285118283601e-03,4.216575233510e-03,4.169857917064e-03,2.502454006090e-03
103.600000,4.232808642845e-03,5.537150744019e-03,6.086075068389e-03,5.973623346090e-03,5.860549437132e-03,5.770910501372e-03,5.696893712921e-03,5.557172559693e-03,5.479363633412e-03,5.563367420098e-03,5.421743969813e-03,5.265456878667e-03,5.126505178744e-03,5.010549746443e-03,4.894937509757e-03,4.783319742200e-03,4.671407057266e-03,4.581562662533e-03,4.506381908644e-03,4.417785312014e-03,4.348156658681e-03,4.279151904391e-03,4.210771049161e-03,4.164163566761e-03,2.499957131050e-03
104.100000,4.227638868091e-03,5.528157676563e-03,6.075942875363e-03,5.963730027144e-03,5.850895507994e-03,5.761441068183e-03,5.687581672461e-03,5.548145552935e-03,5.470608083732e-03,5.554440350797e-03,5.413146170614e-03,5.257228845499e-03,5.118602152442e-03,5.002917834799e-03,4.887576123280e-03,4.776222425511e-03,4.664574250390e-03,4.574942061589e-03,4.499933017685e-03,4.411546488546e-03,4.342080633553e-03,4.273237608387e-03,4.205017413054e-03,4.158518726697e-03,2.497480734350e-03
104.600000,4.222512516366e-03,5.519245609765e-03,6.065902101346e-03,5.953925930224e-03,5.841328599861e-03,5.752056972964e-03,5.678353521496e-03,5.539199840046e-03,5.461931086420e-03,5.545593367835e-03,5.404625351026e-03,5.249074291287e-03,5.110769535106e-03,4.995353771354e-03,4.880280029379e-03,4.769187901321e-03,4.657801732220e-03,4.568379741092e-03,4.493540792900e-03,4.405362341486e-03,4.336057747247e-03,4.267374922877e-03,4.199313868350e-03,4.152922950752e-03,2.495024653470e-03
105.100000,4.217429219379e-03,5.510413768284e-03,6.055951868389e-03,5.944210199243e-03,5.831847878424e-03,5.742757397912e-03,5.669208456672e-03,5.530334643056e-03,5.453331894141e-03,5.536825709318e-03,5.396180781179e-03,5.240992522329e-03,5.103006664649e-03,4.987856920425e-03,4.873048618704e-03,4.762215586167e-03,4.651088945161e-03,4.561875164204e-03,4.487204713972e-03,4.399232371095e-03,4.330087515886e-03,4.261563379723e-03,4.193659962597e-03,4.147375797034e-03,2.492588727080e-03
105.600000,4.212388612035e-03,5.501661384901e-03,6.046091307838e-03,5.934581987053e-03,5.822452518177e-03,5.733541533865e-03,5.660145683025e-03,5.521549192126e-03,5.444809767365e-03,5.528136621308e-03,5.387811738751e-03,5.232982852062e-03,5.095312885788e-03,4.980426652823e-03,4.865881288096e-03,4.755304902433e-03,4.644435337169e-03,4.555427799376e-03,4.480924265718e-03,4.393156082543e-03,4.324169460284e-03,4.255802515329e-03,4.188055247678e-03,4.141876827919e-03,2.490172795040e-03
106.100000,4.207390332411e-03,5.492987700427e-03,6.036319560127e-03,5.925040455456e-03,5.813141702252e-03,5.724408580102e-03,5.651164413901e-03,5.512842725455e-03,5.436363974211e-03,5.519525357685e-03,5.379517508843e-03,5.225044600960e-03,5.087687549916e-03,4.973062345708e-03,4.858777440506e-03,4.748455278254e-03,4.637840361695e-03,4.549037120357e-03,4.474698938018e-03,4.387132985813e-03,4.318303105905e-03,4.250091870565e-03,4.182499279793e-03,4.136425609927e-03,2.487776698360e-03
106.600000,4.202434021714e-03,5.484391963569e-03,6.026635774696e-03,5.915584774964e-03,5.803914622327e-03,5.715357744263e-03,5.642263870865e-03,5.504214489188e-03,5.427993790355e-03,5.510991180060e-03,5.371297383903e-03,5.217177096445e-03,5.080130015009e-03,4.965763382585e-03,4.851736484815e-03,4.741666147543e-03,4.631303477622e-03,4.542702606032e-03,4.468528225763e-03,4.381162595670e-03,4.312487982826e-03,4.244430990728e-03,4.176991619390e-03,4.131021713718e-03,2.485400279200e-03
107.100000,4.197519324232e-03,5.475873430857e-03,6.017039109882e-03,5.906214124797e-03,5.794770478463e-03,5.706388242242e-03,5.633443283580e-03,5.495663737329e-03,5.419698498954e-03,5.502533357596e-03,5.363150663698e-03,5.209379672780e-03,5.072639645579e-03,4.958529153116e-03,4.844757835898e-03,4.734936949822e-03,4.624824149167e-03,4.536423740459e-03,4.462411628775e-03,4.375244431599e-03,4.306723625657e-03,4.238819425486e-03,4.171531831072e-03,4.125664714025e-03,2.483043380880e-03
107.600000,4.192645887337e-03,5.467431366494e-03,6.007528732806e-03,5.896927692674e-03,5.785708479094e-03,5.697499298086e-03,5.624701889704e-03,5.487189731553e-03,5.411477390521e-03,5.494151167038e-03,5.355076655106e-03,5.201651671034e-03,5.065215812523e-03,4.951359053145e-03,4.837840914437e-03,4.728267130168e-03,4.618401845838e-03,4.530200012724e-03,4.456348651772e-03,4.369378017724e-03,4.301009573484e-03,4.233256728790e-03,4.166119483620e-03,4.120354189618e-03,2.480705847830e-03
108.100000,4.187813361427e-03,5.459065042347e-03,5.998103819182e-03,5.887724674763e-03,5.776727840802e-03,5.688690143844e-03,5.616038934795e-03,5.478791741216e-03,5.403329762854e-03,5.485843892500e-03,5.347074672111e-03,5.193992438945e-03,5.057857893116e-03,4.944252484573e-03,4.830985146911e-03,4.721656139172e-03,4.612036042373e-03,4.524030916933e-03,4.450338804279e-03,4.363562882793e-03,4.295345369853e-03,4.227742458880e-03,4.160754149896e-03,4.115089723217e-03,2.478387525640e-03
108.600000,4.183021399892e-03,5.450773737755e-03,5.988763553355e-03,5.878604275559e-03,5.767827788317e-03,5.679960019554e-03,5.607453672160e-03,5.470469043210e-03,5.395254920965e-03,5.477610825449e-03,5.339144035687e-03,5.186401330835e-03,5.050565270900e-03,4.937208855288e-03,4.824189965537e-03,4.715103432873e-03,4.605726218699e-03,4.517915952122e-03,4.444381600617e-03,4.357798560105e-03,4.289730562643e-03,4.222276178210e-03,4.155435406820e-03,4.109870901512e-03,2.476088261020e-03
109.100000,4.178269659088e-03,5.442556739480e-03,5.979507128057e-03,5.869565707775e-03,5.759007554341e-03,5.671308173069e-03,5.598945362836e-03,5.462220921856e-03,5.387252176928e-03,5.469451264593e-03,5.331284073656e-03,5.178877707578e-03,5.043337335573e-03,4.930227579064e-03,4.817454808126e-03,4.708608472679e-03,4.599471859781e-03,4.511854622203e-03,4.438476559788e-03,4.352084587417e-03,4.284164704109e-03,4.216857453394e-03,4.150162835284e-03,4.104697315056e-03,2.473807901780e-03
109.600000,4.173557798314e-03,5.434413341608e-03,5.970333744359e-03,5.860608192241e-03,5.750266379493e-03,5.662733859965e-03,5.590513275436e-03,5.454046668797e-03,5.379320849813e-03,5.461364515749e-03,5.323494120744e-03,5.171420936498e-03,5.036173483035e-03,4.923308075570e-03,4.810779118060e-03,4.702170725269e-03,4.593272455664e-03,4.505846435930e-03,4.432623205451e-03,4.346420506964e-03,4.278647350746e-03,4.211485855152e-03,4.144936020172e-03,4.099568558264e-03,2.471546296850e-03
110.100000,4.168885479775e-03,5.426342845467e-03,5.961242611566e-03,5.851730957797e-03,5.741603512188e-03,5.654236343463e-03,5.582156686103e-03,5.445945582958e-03,5.371460265647e-03,5.453349891793e-03,5.315773518308e-03,5.164030391225e-03,5.029073115092e-03,4.916449770216e-03,4.804162344296e-03,4.695789662602e-03,4.587127501353e-03,4.499890906817e-03,4.426821065880e-03,4.340805865356e-03,4.273178063312e-03,4.206160958264e-03,4.139754550237e-03,4.094484229342e-03,2.469303296250e-03
110.600000,4.164252368542e-03,5.418344559527e-03,5.952232947090e-03,5.842933241202e-03,5.733018208521e-03,5.645814894347e-03,5.573874878344e-03,5.437916970449e-03,5.363669757276e-03,5.445406712623e-03,5.308121614445e-03,5.156705451716e-03,5.022035639646e-03,4.909652094107e-03,4.797603941108e-03,4.689464761792e-03,4.581036496792e-03,4.493987553059e-03,4.421069673879e-03,4.335240213531e-03,4.267756406704e-03,4.200882341571e-03,4.134618018119e-03,4.089443930269e-03,2.467078751110e-03
111.100000,4.159658132550e-03,5.410417799283e-03,5.943303976388e-03,5.834214287001e-03,5.724509732234e-03,5.637468790843e-03,5.565667143002e-03,5.429960144408e-03,5.355948664289e-03,5.437534304937e-03,5.300537763744e-03,5.149445504131e-03,5.015060470414e-03,4.902914484010e-03,4.791103368282e-03,4.683195505080e-03,4.574998946752e-03,4.488135897551e-03,4.415368566757e-03,4.329723106732e-03,4.262381949990e-03,4.195649587843e-03,4.129526020281e-03,4.084447266709e-03,2.464872513620e-03
111.600000,4.155102442522e-03,5.402561887245e-03,5.934454932838e-03,5.825573347507e-03,5.716077354540e-03,5.629197318528e-03,5.557532778144e-03,5.422074425000e-03,5.348296332955e-03,5.429732002303e-03,5.293021327323e-03,5.142249940752e-03,5.008147026972e-03,4.896236382209e-03,4.784660090801e-03,4.676981379771e-03,4.569014360841e-03,4.482335467754e-03,4.409717286245e-03,4.324254104434e-03,4.257054266292e-03,4.190462283794e-03,4.124478156949e-03,4.079493848032e-03,2.462684437070e-03
112.100000,4.150584972010e-03,5.394776152764e-03,5.925685057608e-03,5.817009682624e-03,5.707720354094e-03,5.620999770261e-03,5.549471088983e-03,5.414259139281e-03,5.340712116123e-03,5.421999144960e-03,5.285571672690e-03,5.135118159928e-03,5.001294734611e-03,4.889617236560e-03,4.778273578934e-03,4.670821878143e-03,4.563082253400e-03,4.476585795688e-03,4.404115378467e-03,4.318832770298e-03,4.251772932790e-03,4.185320020057e-03,4.119474032078e-03,4.074583287210e-03,2.460514375820e-03
112.600000,4.146105397300e-03,5.387059932021e-03,5.916993599627e-03,5.808522559767e-03,5.699438016914e-03,5.612875446069e-03,5.541481387751e-03,5.406513621135e-03,5.333195373157e-03,5.414335079811e-03,5.278188173685e-03,5.128049565978e-03,4.994503024367e-03,4.883056500286e-03,4.771943308176e-03,4.664716497423e-03,4.557202143436e-03,4.470886417885e-03,4.398562393919e-03,4.313458672145e-03,4.246537530655e-03,4.180222391059e-03,4.114513253357e-03,4.069715200841e-03,2.458362185290e-03
113.100000,4.141663397415e-03,5.379412567896e-03,5.908379815468e-03,5.800111253852e-03,5.691229636178e-03,5.604823653101e-03,5.533562993684e-03,5.398837211167e-03,5.325745469844e-03,5.406739160263e-03,5.270870210428e-03,5.121043569174e-03,4.987771332862e-03,4.876553632020e-03,4.765668759069e-03,4.658664739734e-03,4.551373554643e-03,4.465236875274e-03,4.393057887324e-03,4.308131381855e-03,4.241347644974e-03,4.175168995054e-03,4.109595432075e-03,4.064889209062e-03,2.456227721940e-03
113.600000,4.137258654090e-03,5.371833409882e-03,5.899842969234e-03,5.791775047063e-03,5.683094512297e-03,5.596843705463e-03,5.525715232872e-03,5.391229256650e-03,5.318361778326e-03,5.399210746255e-03,5.263617169190e-03,5.114099585593e-03,4.981099102243e-03,4.870108095679e-03,4.759449417274e-03,4.652666112020e-03,4.545596015291e-03,4.459636713236e-03,4.387601417708e-03,4.302850475400e-03,4.236202864794e-03,4.170159434044e-03,4.104720183178e-03,4.060104935522e-03,2.454110843300e-03
114.100000,4.132890851759e-03,5.364321814084e-03,5.891382332471e-03,5.783513228934e-03,5.675031952719e-03,5.588934924250e-03,5.517937438210e-03,5.383689111443e-03,5.311043677025e-03,5.391749204103e-03,5.256428442352e-03,5.107217037101e-03,4.974485780198e-03,4.863719360468e-03,4.753284773466e-03,4.646720125977e-03,4.539869058135e-03,4.454085481451e-03,4.382192548267e-03,4.297615532746e-03,4.231102782973e-03,4.165193313771e-03,4.099887125163e-03,4.055362007345e-03,2.452011407950e-03
114.600000,4.128559677474e-03,5.356877143047e-03,5.882997184104e-03,5.775325096099e-03,5.667041271865e-03,5.581096637355e-03,5.510228949307e-03,5.376216135899e-03,5.303790550564e-03,5.384353906461e-03,5.249303428344e-03,5.100395351287e-03,4.967930819817e-03,4.857386900737e-03,4.747174323217e-03,4.640826298041e-03,4.534192220490e-03,4.448582733936e-03,4.376830846331e-03,4.292426137798e-03,4.226046996204e-03,4.160270243620e-03,4.095095880056e-03,4.050660055109e-03,2.449929275480e-03
115.100000,4.124264820956e-03,5.349498765738e-03,5.874686810328e-03,5.767209952322e-03,5.659121791084e-03,5.573328179445e-03,5.502589112410e-03,5.368809696776e-03,5.296601789710e-03,5.377024232197e-03,5.242241531580e-03,5.093633961391e-03,4.961433679570e-03,4.851110195999e-03,4.741117567041e-03,4.634984149284e-03,4.528565044029e-03,4.443128028910e-03,4.371515883346e-03,4.287281878402e-03,4.221035104973e-03,4.155389836642e-03,4.090346073389e-03,4.045998712773e-03,2.447864306530e-03
115.600000,4.120005974506e-03,5.342186057416e-03,5.866450504524e-03,5.759167108351e-03,5.651272838544e-03,5.565628891867e-03,5.495017280343e-03,5.361469167210e-03,5.289476791274e-03,5.369759566404e-03,5.235242162312e-03,5.086932306189e-03,4.954993823167e-03,4.844888730784e-03,4.735114010277e-03,4.629193205439e-03,4.522987074866e-03,4.437720928819e-03,4.366247234820e-03,4.282182346272e-03,4.216066713491e-03,4.150551709458e-03,4.085637334173e-03,4.041377617686e-03,2.445816362760e-03
116.100000,4.115782833021e-03,5.334938399638e-03,5.858287567184e-03,5.751195881869e-03,5.643493749100e-03,5.557998122581e-03,5.487512812397e-03,5.354193926583e-03,5.282414958066e-03,5.362559300239e-03,5.228304736694e-03,5.080289829998e-03,4.948610719642e-03,4.838721994701e-03,4.729163163031e-03,4.623452996719e-03,4.517457863407e-03,4.432361000256e-03,4.361024480252e-03,4.277127136962e-03,4.211141429658e-03,4.145755482272e-03,4.080969294817e-03,4.036796410526e-03,2.443785306830e-03
116.600000,4.111595093941e-03,5.327755180101e-03,5.850197305842e-03,5.743295597413e-03,5.635783864339e-03,5.550435226073e-03,5.480075074242e-03,5.346983360500e-03,5.275415698797e-03,5.355422830948e-03,5.221428676589e-03,5.073705982610e-03,4.942283843153e-03,4.832609482275e-03,4.723264540169e-03,4.617763057930e-03,4.511976964364e-03,4.427047813935e-03,4.355847203126e-03,4.272115849810e-03,4.206258865022e-03,4.141000778795e-03,4.076341591116e-03,4.032254735251e-03,2.441771002440e-03
117.100000,4.107442457246e-03,5.320635792664e-03,5.842179034927e-03,5.735465586237e-03,5.628142532391e-03,5.542939563263e-03,5.472703437943e-03,5.339836860676e-03,5.268478428058e-03,5.348349561637e-03,5.214613409577e-03,5.067180219176e-03,4.936012672981e-03,4.826550692904e-03,4.717417661199e-03,4.612122928278e-03,4.506543936712e-03,4.421780944613e-03,4.350714990866e-03,4.267148087899e-03,4.201418634783e-03,4.136287226230e-03,4.071753862239e-03,4.027752239081e-03,2.439773314260e-03
117.600000,4.103324625415e-03,5.313579637140e-03,5.834232075745e-03,5.727705186327e-03,5.620569107906e-03,5.535510501445e-03,5.465397281791e-03,5.332753824883e-03,5.261602566206e-03,5.341338901429e-03,5.207858368852e-03,5.060712000165e-03,4.929796693506e-03,4.820545130910e-03,4.711622050303e-03,4.606532151411e-03,4.501158343570e-03,4.416559971088e-03,4.345627434728e-03,4.262223458029e-03,4.196620357675e-03,4.131614455212e-03,4.067205750649e-03,4.023288572494e-03,2.437792107980e-03
118.100000,4.099241303446e-03,5.306586119402e-03,5.826355756411e-03,5.720013742263e-03,5.613062951980e-03,5.528147414226e-03,5.458155990250e-03,5.325733656900e-03,5.254787539338e-03,5.334390265234e-03,5.201162993213e-03,5.054300791354e-03,4.923635394105e-03,4.814592305325e-03,4.705877236171e-03,4.600990275292e-03,4.495819752233e-03,4.411384476109e-03,4.340584129857e-03,4.257341570671e-03,4.191863656006e-03,4.126982099815e-03,4.062696902087e-03,4.018863389122e-03,2.435827250260e-03
118.600000,4.095192198753e-03,5.299654651166e-03,5.818549411718e-03,5.712390605123e-03,5.605623432036e-03,5.520849681467e-03,5.450978953919e-03,5.318775766394e-03,5.248032779169e-03,5.327503073675e-03,5.194526726923e-03,5.047946063681e-03,4.917528269083e-03,4.808691729967e-03,4.700182752061e-03,4.595496852265e-03,4.490527734084e-03,4.406254046390e-03,4.335584675165e-03,4.252502039935e-03,4.187148155579e-03,4.122389797456e-03,4.058226965563e-03,4.014476345781e-03,2.433878608770e-03
119.100000,4.091177021224e-03,5.292784649987e-03,5.810812383078e-03,5.704835132502e-03,5.598249921791e-03,5.513616689147e-03,5.443865569442e-03,5.311879568922e-03,5.241337723041e-03,5.320676753163e-03,5.187949019684e-03,5.041647293293e-03,4.911474817653e-03,4.802842923323e-03,4.694538135719e-03,4.590051438878e-03,4.485281864595e-03,4.401168272505e-03,4.330628673361e-03,4.247704483508e-03,4.182473485657e-03,4.117837188912e-03,4.053795593294e-03,4.010127102424e-03,2.431946052140e-03
119.600000,4.087195483153e-03,5.285975539200e-03,5.803144018453e-03,5.697346688303e-03,5.590941801200e-03,5.506447829372e-03,5.436815239442e-03,5.305044485782e-03,5.234701813789e-03,5.313910735659e-03,5.181429326648e-03,5.035403961378e-03,4.905474543899e-03,4.797045408509e-03,4.688942929267e-03,4.584653595950e-03,4.480081723214e-03,4.396126748901e-03,4.325715730831e-03,4.242948522645e-03,4.177839278919e-03,4.113323918266e-03,4.049402440672e-03,4.005815322081e-03,2.430029449960e-03
120.100000,4.083247299237e-03,5.279226747845e-03,5.795543672300e-03,5.689924642792e-03,5.583698456341e-03,5.499342500216e-03,5.429827372437e-03,5.298269944040e-03,5.228124499763e-03,5.307204458737e-03,5.174967108177e-03,5.029215554198e-03,4.899526956678e-03,4.791298713245e-03,4.683396679244e-03,4.579302888429e-03,4.474926893371e-03,4.391129073810e-03,4.320845457673e-03,4.238233782115e-03,4.173245171485e-03,4.108849632853e-03,4.045047166228e-03,4.001540670856e-03,2.428128672820e-03
120.600000,4.079332186541e-03,5.272537710580e-03,5.788010705464e-03,5.682568372475e-03,5.576519279367e-03,5.492300105733e-03,5.422901382826e-03,5.291555376387e-03,5.221605234652e-03,5.300557365490e-03,5.168561830000e-03,5.023081562960e-03,4.893631569560e-03,4.785602369761e-03,4.677898936493e-03,4.573998885434e-03,4.469816962469e-03,4.386174849259e-03,4.316017467609e-03,4.233559890171e-03,4.168690802786e-03,4.104413983268e-03,4.040729431645e-03,3.997302817885e-03,2.426243592230e-03
121.100000,4.075449864493e-03,5.265907867670e-03,5.780544485139e-03,5.675277260001e-03,5.569403668467e-03,5.485320055897e-03,5.416036690748e-03,5.284900221113e-03,5.215143477554e-03,5.293968904476e-03,5.162212963000e-03,5.017001483844e-03,4.887787900823e-03,4.779955914794e-03,4.672449256174e-03,4.568741160111e-03,4.464751521723e-03,4.381263681013e-03,4.311231377971e-03,4.228926478524e-03,4.164175815595e-03,4.100016623309e-03,4.036448901642e-03,3.993101435327e-03,2.424374080690e-03
121.600000,4.071600054843e-03,5.259336664858e-03,5.773144384742e-03,5.668050694138e-03,5.562351027713e-03,5.478401766464e-03,5.409232722091e-03,5.278303922033e-03,5.208738692796e-03,5.287438529542e-03,5.155919983204e-03,5.010974817885e-03,4.881995473391e-03,4.774358889483e-03,4.667047197661e-03,4.563529289735e-03,4.459730166256e-03,4.376395178469e-03,4.306486809668e-03,4.224333182268e-03,4.159699856000e-03,4.095657209926e-03,4.032205244034e-03,3.988936198283e-03,2.422520011600e-03
122.100000,4.067782481673e-03,5.252823553350e-03,5.765809783898e-03,5.660888069647e-03,5.555360767109e-03,5.471544658925e-03,5.402488908347e-03,5.271765928460e-03,5.202390349990e-03,5.280965699992e-03,5.149682371765e-03,5.005001070916e-03,4.876253814752e-03,4.768810839403e-03,4.661692324509e-03,4.558362855519e-03,4.454752494962e-03,4.371568954739e-03,4.301783387115e-03,4.219779639896e-03,4.155262573315e-03,4.091335403225e-03,4.027998129643e-03,3.984806784832e-03,2.420681259350e-03
122.600000,4.063996871328e-03,5.246367989759e-03,5.758540068368e-03,5.653788787304e-03,5.548432302424e-03,5.464748160522e-03,5.395804686641e-03,5.265285695067e-03,5.196097923875e-03,5.274549880321e-03,5.143499614823e-03,4.999079753585e-03,4.870562456947e-03,4.763311314444e-03,4.656384204432e-03,4.553241442630e-03,4.449818110543e-03,4.366784626523e-03,4.297120738238e-03,4.215265493232e-03,4.150863620082e-03,4.087050866429e-03,4.023827232281e-03,3.980712875934e-03,2.418857699230e-03
123.100000,4.060242952459e-03,5.239969436014e-03,5.751334629935e-03,5.646752253763e-03,5.541565055190e-03,5.458011704075e-03,5.389179499622e-03,5.258862681930e-03,5.189860894312e-03,5.268190540261e-03,5.137371203524e-03,4.993210381197e-03,4.864920936490e-03,4.757859868773e-03,4.651122409291e-03,4.548164640182e-03,4.444926619370e-03,4.362041814093e-03,4.292498494406e-03,4.210790387415e-03,4.146502652042e-03,4.082803265812e-03,4.019692228725e-03,3.976654155464e-03,2.417049207480e-03
123.600000,4.056520455940e-03,5.233627359311e-03,5.744192866404e-03,5.639777881520e-03,5.534758452641e-03,5.451334727999e-03,5.382612795361e-03,5.252496354366e-03,5.183678746235e-03,5.261887154698e-03,5.131296633969e-03,4.987392473790e-03,4.859328794357e-03,4.752456060856e-03,4.645906514931e-03,4.543132041157e-03,4.440077631557e-03,4.357340141269e-03,4.287916290437e-03,4.206353970853e-03,4.142179328116e-03,4.078592270726e-03,4.015592798695e-03,3.972630310149e-03,2.415255661240e-03
124.100000,4.052829114903e-03,5.227341232087e-03,5.737114181460e-03,5.632865088816e-03,5.528011927611e-03,5.444716676188e-03,5.376104027392e-03,5.246186182956e-03,5.177550969578e-03,5.255639203602e-03,5.125275407078e-03,4.981625555975e-03,4.853785575898e-03,4.747099453323e-03,4.640736101272e-03,4.538143242356e-03,4.435270760827e-03,4.352679235377e-03,4.283373764496e-03,4.201955895185e-03,4.137893310319e-03,4.074417553517e-03,4.011528624789e-03,3.968641029540e-03,2.413476938600e-03
124.600000,4.049168664686e-03,5.221110531912e-03,5.730097984685e-03,5.626013299618e-03,5.521324918449e-03,5.438156998022e-03,5.369652654562e-03,5.239931643454e-03,5.171477059207e-03,5.249446172044e-03,5.119307028619e-03,4.975909156943e-03,4.848290830779e-03,4.741789612990e-03,4.635610752200e-03,4.533197844387e-03,4.430505624576e-03,4.348058727217e-03,4.278870558122e-03,4.197595815275e-03,4.133644263770e-03,4.070278789525e-03,4.007499392531e-03,3.964686005978e-03,2.411712918520e-03
125.100000,4.045538842806e-03,5.214934741470e-03,5.723143691427e-03,5.619221943517e-03,5.514696869064e-03,5.431655148226e-03,5.363258141013e-03,5.233732216712e-03,5.165456514900e-03,5.243307549988e-03,5.113391009151e-03,4.970242810406e-03,4.842844113052e-03,4.736526110763e-03,4.630530055509e-03,4.528295451621e-03,4.425781843686e-03,4.343478250984e-03,4.274406316191e-03,4.193273389155e-03,4.129431856688e-03,4.066175657044e-03,4.003504790237e-03,3.960764934622e-03,2.409963480910e-03
125.600000,4.041939388987e-03,5.208813348512e-03,5.716250722767e-03,5.612490455747e-03,5.508127228786e-03,5.425210586861e-03,5.356919956117e-03,5.227587388685e-03,5.159488841277e-03,5.237222832455e-03,5.107526863933e-03,4.964626054531e-03,4.837444980939e-03,4.731308521673e-03,4.625493602927e-03,4.523435672132e-03,4.421099042675e-03,4.338937444330e-03,4.269980686833e-03,4.188988277993e-03,4.125255760272e-03,4.062107837305e-03,3.999544509091e-03,3.956877513321e-03,2.408228506540e-03
126.100000,4.038370045085e-03,5.202745845736e-03,5.709418505432e-03,5.605818276975e-03,5.501615452305e-03,5.418822779293e-03,5.350637574438e-03,5.221496650298e-03,5.153573547732e-03,5.231191519261e-03,5.101714112874e-03,4.959058431946e-03,4.832092996910e-03,4.726136424704e-03,4.620500990006e-03,4.518618117684e-03,4.416456849489e-03,4.334435948204e-03,4.265593321447e-03,4.184740146087e-03,4.121115648780e-03,4.058075014429e-03,3.995618243041e-03,3.953023442696e-03,2.406507877090e-03
126.600000,4.034830555109e-03,5.196731730809e-03,5.702646471795e-03,5.599204853396e-03,5.495160999653e-03,5.412491196063e-03,5.344410475633e-03,5.215459497445e-03,5.147710148454e-03,5.225213115094e-03,5.095952280531e-03,4.953539489631e-03,4.826787727612e-03,4.721009402908e-03,4.615551816126e-03,4.513842403667e-03,4.411854895591e-03,4.329973406956e-03,4.261243874644e-03,4.180528660813e-03,4.117011199408e-03,4.054076875410e-03,3.991725688807e-03,3.949202426027e-03,2.404801475140e-03
127.100000,4.031320665179e-03,5.190770506305e-03,5.695934059747e-03,5.592649636592e-03,5.488763336101e-03,5.406215312896e-03,5.338238144457e-03,5.209475430946e-03,5.141898162257e-03,5.219287129392e-03,5.090240896018e-03,4.948068778876e-03,4.821528743774e-03,4.715927043241e-03,4.610645684438e-03,4.509108149086e-03,4.407292815852e-03,4.325549468163e-03,4.256932004238e-03,4.176353492574e-03,4.112942092320e-03,4.050113110085e-03,3.987866545857e-03,3.945414169297e-03,2.403109184140e-03
127.600000,4.027840123537e-03,5.184861679590e-03,5.689280712678e-03,5.586152083475e-03,5.482421932149e-03,5.399994610578e-03,5.332120070634e-03,5.203543956435e-03,5.136137112624e-03,5.213413076382e-03,5.084579492985e-03,4.942645855320e-03,4.816315620243e-03,4.710888936595e-03,4.605782201843e-03,4.504414976532e-03,4.402770248555e-03,4.321163782724e-03,4.252657371163e-03,4.172214314838e-03,4.108908010599e-03,4.046183411104e-03,3.984040516373e-03,3.941658381117e-03,2.401430888420e-03
128.100000,4.024388680495e-03,5.179004762836e-03,5.682685879380e-03,5.579711656284e-03,5.476136263437e-03,5.393828575013e-03,5.326055748893e-03,5.197664584360e-03,5.130426527640e-03,5.207590474902e-03,5.078967609542e-03,4.937270278781e-03,4.811147935906e-03,4.705894677680e-03,4.600960978909e-03,4.499762512095e-03,4.398286835345e-03,4.316816004736e-03,4.248419639523e-03,4.168110804025e-03,4.104908640200e-03,4.042287473920e-03,3.980247305196e-03,3.937934772701e-03,2.399766473170e-03
128.600000,4.020966088446e-03,5.173199272956e-03,5.676149014038e-03,5.573327822446e-03,5.469905810716e-03,5.387716697023e-03,5.320044678837e-03,5.191836829921e-03,5.124765939928e-03,5.201818848487e-03,5.073404788230e-03,4.931941613301e-03,4.806025273621e-03,4.700943865112e-03,4.596181629894e-03,4.495150385361e-03,4.393842221187e-03,4.312505791510e-03,4.244218476491e-03,4.164042639538e-03,4.100943669956e-03,4.038424996728e-03,3.976486619876e-03,3.934243057875e-03,2.398115824460e-03
129.100000,4.017572101817e-03,5.167444731533e-03,5.669669576143e-03,5.567000054577e-03,5.463730059752e-03,5.381658472415e-03,5.314086364907e-03,5.186060213033e-03,5.119154886595e-03,5.196097725206e-03,5.067890575992e-03,4.926659427089e-03,4.800947220218e-03,4.696036101232e-03,4.591443772673e-03,4.490578229419e-03,4.389436054358e-03,4.308232803484e-03,4.240053552302e-03,4.160009503701e-03,4.097012791525e-03,4.034595680474e-03,3.972758170572e-03,3.930582953043e-03,2.396478829220e-03
129.600000,4.014206477092e-03,5.161740664775e-03,5.663247030434e-03,5.560727830457e-03,5.457608501333e-03,5.375653401897e-03,5.308180316417e-03,5.180334258227e-03,5.113592909210e-03,5.190426637689e-03,5.062424524086e-03,4.921423292452e-03,4.795913366432e-03,4.691170992178e-03,4.586747028701e-03,4.486045680740e-03,4.385067986399e-03,4.303996704306e-03,4.235924540232e-03,4.156011081775e-03,4.093115699378e-03,4.030799228799e-03,3.969061670040e-03,3.926954177146e-03,2.394855375240e-03
130.100000,4.010868972752e-03,5.156086603495e-03,5.656880846858e-03,5.554510632869e-03,5.451540631152e-03,5.369700990978e-03,5.302326047334e-03,5.174658494632e-03,5.108079553750e-03,5.184805123069e-03,5.057006188079e-03,4.916232785769e-03,4.790923306877e-03,4.686348147751e-03,4.582091022990e-03,4.481552379212e-03,4.380737672070e-03,4.299797160665e-03,4.231831116558e-03,4.152047061851e-03,4.089252090761e-03,4.027035348029e-03,3.965396833642e-03,3.923356451623e-03,2.393245351150e-03
130.600000,4.007559349307e-03,5.150482083024e-03,5.650570500505e-03,5.548347949647e-03,5.445525949812e-03,5.363800749980e-03,5.296523076400e-03,5.169032455956e-03,5.102614370522e-03,5.179232722880e-03,5.051635127753e-03,4.911087487447e-03,4.785976639999e-03,4.681567181461e-03,4.577475384081e-03,4.477097968072e-03,4.376444769364e-03,4.295633842341e-03,4.227772960541e-03,4.148117134910e-03,4.085421665685e-03,4.023303747153e-03,3.961763379307e-03,3.919789500449e-03,2.391648646410e-03
131.100000,4.004277369218e-03,5.144926643206e-03,5.644315471537e-03,5.542239273608e-03,5.439563962753e-03,5.357952193944e-03,5.290770926992e-03,5.163455680414e-03,5.097196914189e-03,5.173708983074e-03,5.046310907153e-03,4.905986981870e-03,4.781072968068e-03,4.676827710446e-03,4.572899743939e-03,4.472682093884e-03,4.372188939380e-03,4.291506422186e-03,4.223749754367e-03,4.144220994721e-03,4.081624126870e-03,4.019604137790e-03,3.958161027494e-03,3.916253050057e-03,2.390065151350e-03
131.600000,4.001022796940e-03,5.139419828284e-03,5.638115245194e-03,5.536184102439e-03,5.433654180162e-03,5.352154842640e-03,5.285069127065e-03,5.157927710629e-03,5.091826743638e-03,5.168233453955e-03,5.041033094429e-03,4.900930857373e-03,4.776211897078e-03,4.672129355483e-03,4.568363738072e-03,4.468304406491e-03,4.367969846431e-03,4.287414576034e-03,4.219761183159e-03,4.140358337882e-03,4.077859179739e-03,4.015936234173e-03,3.954589501166e-03,3.912746829332e-03,2.388494757120e-03
132.100000,3.997795398868e-03,5.133961186952e-03,5.631969311650e-03,5.530181938700e-03,5.427796117012e-03,5.346408220400e-03,5.279417209151e-03,5.152448093691e-03,5.086503422007e-03,5.162805690135e-03,5.035801261876e-03,4.895918706227e-03,4.771393036778e-03,4.667471740822e-03,4.563867005281e-03,4.463964559012e-03,4.363787157895e-03,4.283357982705e-03,4.215806934912e-03,4.136528863728e-03,4.074126532412e-03,4.012299753095e-03,3.951048525788e-03,3.909270569568e-03,2.386937355700e-03
132.600000,3.994594943335e-03,5.128550272205e-03,5.625877166064e-03,5.524232289753e-03,5.421989292894e-03,5.340711856225e-03,5.273814710291e-03,5.147016381020e-03,5.081226516613e-03,5.157425250489e-03,5.030614985843e-03,4.890950124506e-03,4.766616000546e-03,4.662854494351e-03,4.559409187864e-03,4.459662207799e-03,4.359640544220e-03,4.279336324012e-03,4.211886700504e-03,4.132732274362e-03,4.070425895631e-03,4.008694413951e-03,3.947537829303e-03,3.905824004494e-03,2.385392839880e-03
133.100000,3.991421200615e-03,5.123186641377e-03,5.619838308422e-03,5.518334667739e-03,5.416233232105e-03,5.335065283614e-03,5.268261171995e-03,5.141632128374e-03,5.075995598881e-03,5.152091698075e-03,5.025473846757e-03,4.886024712191e-03,4.761880405437e-03,4.658277247384e-03,4.554989931368e-03,4.455397012370e-03,4.355529678938e-03,4.275349284645e-03,4.208000173617e-03,4.128968274581e-03,4.066756982781e-03,4.005119938613e-03,3.944057142066e-03,3.902406870222e-03,2.383861103280e-03
133.600000,3.988273942853e-03,5.117869856067e-03,5.613852243608e-03,5.512488589494e-03,5.410527463477e-03,5.329468040576e-03,5.262756140160e-03,5.136294895781e-03,5.070810244393e-03,5.146804600199e-03,5.020377429004e-03,4.881142072957e-03,4.757185872132e-03,4.653739634709e-03,4.550608884698e-03,4.451168635437e-03,4.351454238555e-03,4.271396552235e-03,4.204147050770e-03,4.125236571875e-03,4.063119509834e-03,4.001576051505e-03,3.940606196886e-03,3.899018905200e-03,2.382342040340e-03
134.100000,3.985152944109e-03,5.112599482047e-03,5.607918481200e-03,5.506693576500e-03,5.404871520389e-03,5.323919669565e-03,5.257299165100e-03,5.131004247487e-03,5.065670032716e-03,5.141563528231e-03,5.015325320938e-03,4.876301814336e-03,4.752532024875e-03,4.649241294551e-03,4.546265700020e-03,4.446976742837e-03,4.347413902595e-03,4.267477817253e-03,4.200327031239e-03,4.121536876410e-03,4.059513195341e-03,3.998062479522e-03,3.937184728950e-03,3.895659850239e-03,2.380835546300e-03
134.600000,3.982057980298e-03,5.107375089299e-03,5.602036535588e-03,5.500949154885e-03,5.399264940755e-03,5.318419717448e-03,5.251889801404e-03,5.125759751939e-03,5.060574547469e-03,5.136368057656e-03,5.010317114803e-03,4.871503547472e-03,4.747918491411e-03,4.644781868543e-03,4.541960032753e-03,4.442821003500e-03,4.343408353526e-03,4.263592773046e-03,4.196539817068e-03,4.117868900983e-03,4.055937760416e-03,3.994578952030e-03,3.933792475845e-03,3.892329448451e-03,2.379341517190e-03
135.100000,3.978988829225e-03,5.102196251954e-03,5.596205925791e-03,5.495254855322e-03,5.393707266895e-03,5.312967735435e-03,5.246527607949e-03,5.120560981746e-03,5.055523376238e-03,5.131217768008e-03,5.005352406754e-03,4.866746887261e-03,4.743344903064e-03,4.640361001608e-03,4.537691541548e-03,4.438701089442e-03,4.339437276750e-03,4.259741115758e-03,4.192785113008e-03,4.114232361011e-03,4.052392928671e-03,3.991125200831e-03,3.930429177489e-03,3.889027445267e-03,2.377859849850e-03
135.600000,3.975945270512e-03,5.097062548168e-03,5.590426175511e-03,5.489610212999e-03,5.388198045531e-03,5.307563279064e-03,5.241212147898e-03,5.115407513566e-03,5.050516110522e-03,5.126112242841e-03,5.000430796737e-03,4.862031452192e-03,4.738810894548e-03,4.635978342072e-03,4.533459888195e-03,4.434616675689e-03,4.335500360578e-03,4.255922544331e-03,4.189062626526e-03,4.110626974475e-03,4.048878426265e-03,3.987700960148e-03,3.927094576136e-03,3.885753588378e-03,2.376390441930e-03
136.100000,3.972927085633e-03,5.091973560203e-03,5.584696812965e-03,5.484014767593e-03,5.382736827763e-03,5.302205908122e-03,5.235942988547e-03,5.110298928177e-03,5.045552345745e-03,5.121051069652e-03,4.995551888538e-03,4.857356864374e-03,4.734316104049e-03,4.631633541513e-03,4.529264737671e-03,4.430567440331e-03,4.331597296200e-03,4.252136760447e-03,4.185372067767e-03,4.107052461960e-03,4.045393981790e-03,3.984305966592e-03,3.923788416358e-03,3.882507627723e-03,2.374933191830e-03
136.600000,3.969934057847e-03,5.086928874300e-03,5.579017370984e-03,5.478468063169e-03,5.377323168984e-03,5.296895186670e-03,5.230719701387e-03,5.105234810333e-03,5.040631681151e-03,5.116033839857e-03,4.990715289695e-03,4.852722749491e-03,4.729860173165e-03,4.627326254769e-03,4.525105758058e-03,4.426553064405e-03,4.327727777631e-03,4.248383468563e-03,4.181713149517e-03,4.103508546559e-03,4.041939326331e-03,3.980939959151e-03,3.920510445035e-03,3.879289315503e-03,2.373487998750e-03
137.100000,3.966965972235e-03,5.081928080677e-03,5.573387386862e-03,5.472969648215e-03,5.371956628870e-03,5.291630682875e-03,5.225541861986e-03,5.100214748787e-03,5.035753719807e-03,5.111060148822e-03,4.985920611411e-03,4.848128736741e-03,4.725442746798e-03,4.623056139919e-03,4.520982620530e-03,4.422573231917e-03,4.323891501718e-03,4.244662375818e-03,4.178085587191e-03,4.099994953904e-03,4.038514193384e-03,3.977602679184e-03,3.917260411280e-03,3.876098406103e-03,2.372054762670e-03
137.600000,3.964022615668e-03,5.076970773466e-03,5.567806402323e-03,5.467519075537e-03,5.366636771313e-03,5.286411969131e-03,5.220409050012e-03,5.095238336239e-03,5.030918068577e-03,5.106129595681e-03,4.981167468662e-03,4.843574458822e-03,4.721063473256e-03,4.618822858233e-03,4.516894999326e-03,4.418627629781e-03,4.320088168091e-03,4.240973192045e-03,4.174489098797e-03,4.096511412111e-03,4.035118318879e-03,3.974293870341e-03,3.914038066486e-03,3.872934656116e-03,2.370633384350e-03
138.100000,3.961103776787e-03,5.072056550702e-03,5.562273963520e-03,5.462115902232e-03,5.361363164377e-03,5.281238621856e-03,5.215320849120e-03,5.090305169278e-03,5.026124338022e-03,5.101241783441e-03,4.976455479995e-03,4.839059551888e-03,4.716722004125e-03,4.614626074145e-03,4.512842571706e-03,4.414715947843e-03,4.316317479185e-03,4.237315629737e-03,4.170923404925e-03,4.093057651746e-03,4.031751441109e-03,3.971013278613e-03,3.910843164257e-03,3.869797824310e-03,2.369223765290e-03
138.600000,3.958209245970e-03,5.067185014234e-03,5.556789620949e-03,5.456759689655e-03,5.356135380289e-03,5.276110221593e-03,5.210276846976e-03,5.085414848319e-03,5.021372142425e-03,5.096396318861e-03,4.971784267598e-03,4.834583655563e-03,4.712417994231e-03,4.610465455228e-03,4.508825017957e-03,4.410837878783e-03,4.312579140115e-03,4.233689404016e-03,4.167388228709e-03,4.089633405866e-03,4.028413300752e-03,3.967760652262e-03,3.907675460407e-03,3.866687671627e-03,2.367825807780e-03
139.100000,3.955338815374e-03,5.062355769760e-03,5.551352929422e-03,5.451450003350e-03,5.350952995371e-03,5.271026352840e-03,5.205276635189e-03,5.080566977645e-03,5.016661099753e-03,5.091592812400e-03,4.967153457249e-03,4.830146412797e-03,4.708151101659e-03,4.606340672142e-03,4.504842021292e-03,4.406993118154e-03,4.308872858750e-03,4.230094232635e-03,4.163883295827e-03,4.086238409917e-03,4.025103640827e-03,3.964535741830e-03,3.904534712943e-03,3.863603961087e-03,2.366439414840e-03
139.600000,3.952492278855e-03,5.057568426695e-03,5.545963448030e-03,5.446186413043e-03,5.345815589975e-03,5.265986604079e-03,5.200319809280e-03,5.075761165304e-03,5.011990831564e-03,5.086830878261e-03,4.962562678232e-03,4.825747469954e-03,4.703920987691e-03,4.602251398641e-03,4.500893267911e-03,4.403181364301e-03,4.305198345637e-03,4.226529835912e-03,4.160408334436e-03,4.082872401761e-03,4.021822206668e-03,3.961338300097e-03,3.901420682054e-03,3.860546457890e-03,2.365064490280e-03
140.100000,3.949669432003e-03,5.052822598251e-03,5.540620740074e-03,5.440968492566e-03,5.340722748478e-03,5.260990567786e-03,5.195405968603e-03,5.070997023085e-03,5.007360963038e-03,5.082110134283e-03,4.958011563356e-03,4.821386476698e-03,4.699727316786e-03,4.598197311509e-03,4.496978446910e-03,4.399402318367e-03,4.301555313973e-03,4.222995936717e-03,4.156963075196e-03,4.079535121632e-03,4.018568745918e-03,3.958168082056e-03,3.898333130037e-03,3.857514929300e-03,2.363700938620e-03
140.600000,3.946870072102e-03,5.048117901261e-03,5.535324373055e-03,5.435795819821e-03,5.335674059267e-03,5.256037840269e-03,5.190534716381e-03,5.066274166481e-03,5.002771122865e-03,5.077430201949e-03,4.953499748886e-03,4.817063085994e-03,4.695569756543e-03,4.594178090569e-03,4.493097250262e-03,4.395655684269e-03,4.297943479610e-03,4.219492260491e-03,4.153547251210e-03,4.076226312134e-03,4.015343008512e-03,3.955024844919e-03,3.895271821356e-03,3.854509144645e-03,2.362348665140e-03
141.100000,3.944093998142e-03,5.043453956275e-03,5.530073918606e-03,5.430667976798e-03,5.330669114604e-03,5.251128021722e-03,5.185705659600e-03,5.061592214650e-03,4.998220943313e-03,5.072790706307e-03,4.949026874555e-03,4.812776954052e-03,4.691447977670e-03,4.590193418565e-03,4.489249372826e-03,4.391941168650e-03,4.294362560999e-03,4.216018535142e-03,4.150160598014e-03,4.072945718187e-03,4.012144746625e-03,3.951908348091e-03,3.892236522571e-03,3.851528875361e-03,2.361007575860e-03
141.600000,3.941341010763e-03,5.038830387444e-03,5.524868952481e-03,5.425584549409e-03,5.325707510709e-03,5.246260716159e-03,5.180918408986e-03,5.056950790399e-03,4.993710060076e-03,5.068191275966e-03,4.944592583449e-03,4.808527740373e-03,4.687361653964e-03,4.586242981300e-03,4.485434512278e-03,4.388258480848e-03,4.290812279203e-03,4.212574491108e-03,4.146802853563e-03,4.069693087030e-03,4.008973714691e-03,3.948818353121e-03,3.889227002329e-03,3.848573894873e-03,2.359677577530e-03
142.100000,3.938610912285e-03,5.034246822470e-03,5.519709054442e-03,5.420545127619e-03,5.320788847596e-03,5.241435531358e-03,5.176172579036e-03,5.052349520103e-03,4.989238112344e-03,5.063631543078e-03,4.940196522058e-03,4.804315107599e-03,4.683310462263e-03,4.582326467404e-03,4.481652369080e-03,4.384607332902e-03,4.287292357815e-03,4.209159861286e-03,4.143473758204e-03,4.066468168228e-03,4.005829669333e-03,3.945754623704e-03,3.886243031361e-03,3.845643978647e-03,2.358358577620e-03
142.600000,3.935903506684e-03,5.029702892650e-03,5.514593808317e-03,5.415549305206e-03,5.315912729151e-03,5.236652078849e-03,5.171467787854e-03,5.047788033734e-03,4.984804742710e-03,5.059111143206e-03,4.935838340200e-03,4.800138721542e-03,4.679294082443e-03,4.578443568473e-03,4.477902646500e-03,4.380987439510e-03,4.283802522965e-03,4.205774380975e-03,4.140173054651e-03,4.063270713568e-03,4.002712369400e-03,3.942716925691e-03,3.883284382430e-03,3.842738904177e-03,2.357050484330e-03
143.100000,3.933218599547e-03,5.025198232784e-03,5.509522801899e-03,5.410596679893e-03,5.311078763017e-03,5.231909973852e-03,5.166803657206e-03,5.043265964765e-03,4.980409597144e-03,5.054629715443e-03,4.931517690983e-03,4.795998251153e-03,4.675312197337e-03,4.574593978935e-03,4.474185050573e-03,4.377398518001e-03,4.280342503346e-03,4.202417787964e-03,4.136900487939e-03,4.060100477117e-03,3.999621575914e-03,3.939705026997e-03,3.880350830365e-03,3.839858450900e-03,2.355753206580e-03
143.600000,3.930555998114e-03,5.020732481120e-03,5.504495626941e-03,5.405686853264e-03,5.306286560563e-03,5.227208835302e-03,5.162179812496e-03,5.038782950151e-03,4.976052324946e-03,5.050186902256e-03,4.927234230794e-03,4.791893368550e-03,4.671364492770e-03,4.570777396098e-03,4.470499289984e-03,4.373840288313e-03,4.276912030079e-03,4.199089822369e-03,4.133655805447e-03,4.056957215171e-03,3.996557052059e-03,3.936718697661e-03,3.877442151975e-03,3.837002400265e-03,2.354466654010e-03
144.100000,3.927915511221e-03,5.016305279371e-03,5.499511879024e-03,5.400819430617e-03,5.301535736905e-03,5.222548285712e-03,5.157595882649e-03,5.034338630315e-03,4.971732578783e-03,5.045782349504e-03,4.922987619262e-03,4.787823748839e-03,4.667450657519e-03,4.566993520042e-03,4.466845076223e-03,4.370312472942e-03,4.273510836810e-03,4.195790226737e-03,4.130438756860e-03,4.053840686221e-03,3.993518563132e-03,3.933757709750e-03,3.874558126097e-03,3.834170535637e-03,2.353190736950e-03
144.600000,3.925296949300e-03,5.011916272676e-03,5.494571157680e-03,5.395994021101e-03,5.296825910771e-03,5.217927951217e-03,5.153051500133e-03,5.029932649112e-03,4.967450014567e-03,5.041415706372e-03,4.918777519220e-03,4.783789070218e-03,4.663570383211e-03,4.563242053706e-03,4.463222123364e-03,4.366814796995e-03,4.270138659585e-03,4.192518745944e-03,4.127249094143e-03,4.050750650964e-03,3.990505876577e-03,3.930821837433e-03,3.871698533525e-03,3.831362642331e-03,2.351925366450e-03
145.100000,3.922700124373e-03,5.007565109511e-03,5.489673066209e-03,5.391210237542e-03,5.292156704587e-03,5.213347461492e-03,5.148546300960e-03,5.025564653758e-03,4.963204291471e-03,5.037086625406e-03,4.914603596669e-03,4.779789013903e-03,4.659723364413e-03,4.559522702692e-03,4.459630148163e-03,4.363346988073e-03,4.266795236918e-03,4.189275127179e-03,4.124086571496e-03,4.047686872243e-03,3.987518761935e-03,3.927910856871e-03,3.868863157043e-03,3.828578507578e-03,2.350670454260e-03
145.600000,3.920124850033e-03,5.003251441744e-03,5.484817211691e-03,5.386467696512e-03,5.287527744320e-03,5.208806449774e-03,5.144079924524e-03,5.021234294850e-03,4.958995071883e-03,5.032794762373e-03,4.910465520757e-03,4.775823264079e-03,4.655909298510e-03,4.555835175441e-03,4.456068870031e-03,4.359908776307e-03,4.263480309663e-03,4.186059119982e-03,4.120950945381e-03,4.044649115081e-03,3.984556990821e-03,3.925024546235e-03,3.866051781349e-03,3.825817920502e-03,2.349425912820e-03
146.100000,3.917570941444e-03,4.998974924492e-03,5.480003204990e-03,5.381766018152e-03,5.282938659519e-03,5.204304552767e-03,5.139652013721e-03,5.016941226264e-03,4.954822021385e-03,5.028539776336e-03,4.906362963759e-03,4.771891507930e-03,4.652127885700e-03,4.552179183062e-03,4.452538010909e-03,4.356499894319e-03,4.260193621104e-03,4.182870476155e-03,4.117841974473e-03,4.041637146617e-03,3.981620336897e-03,3.922162685721e-03,3.863264193102e-03,3.823080672127e-03,2.348191655270e-03
146.600000,3.915038215306e-03,4.994735216215e-03,5.475230660651e-03,5.377104826289e-03,5.278389083268e-03,5.199841410627e-03,5.135262214789e-03,5.012685105232e-03,4.950684808718e-03,5.024321329572e-03,4.902295601004e-03,4.767993435503e-03,4.648378829016e-03,4.548554439307e-03,4.449037295371e-03,4.353120077158e-03,4.256934916863e-03,4.179708949780e-03,4.114759419640e-03,4.038650736087e-03,3.978708575905e-03,3.919325057483e-03,3.860500180834e-03,3.820366555316e-03,2.346967595410e-03
147.100000,3.912526489859e-03,4.990531978534e-03,5.470499196892e-03,5.372483748288e-03,5.273878652132e-03,5.195416666937e-03,5.130910177356e-03,5.008465592160e-03,4.946583105766e-03,5.020139087526e-03,4.898263110908e-03,4.764128739823e-03,4.644661834243e-03,4.544960660660e-03,4.445566450504e-03,4.349769062370e-03,4.253703944892e-03,4.176574297168e-03,4.111703043928e-03,4.035689654846e-03,3.975821485579e-03,3.916511445626e-03,3.857759534998e-03,3.817675364792e-03,2.345753647750e-03
147.600000,3.910035584877e-03,4.986364876392e-03,5.465808435577e-03,5.367902415110e-03,5.269407006117e-03,5.191029968652e-03,5.126595554395e-03,5.004282350757e-03,4.942516587455e-03,5.015992718822e-03,4.894265174914e-03,4.760297116734e-03,4.640976609890e-03,4.541397566218e-03,4.442125205968e-03,4.346446589886e-03,4.250500455436e-03,4.173466276867e-03,4.108672612546e-03,4.032753676283e-03,3.972958845676e-03,3.913721636224e-03,3.855042047929e-03,3.815006897136e-03,2.344549727470e-03
148.100000,3.907565321624e-03,4.982233577796e-03,5.461158002181e-03,5.363360461173e-03,5.264973788645e-03,5.186680966112e-03,5.122318002124e-03,5.000135047848e-03,4.938484931834e-03,5.011881895173e-03,4.890301477403e-03,4.756498264951e-03,4.637322867204e-03,4.537864877643e-03,4.438713293841e-03,4.343152402038e-03,4.247324201076e-03,4.170384649621e-03,4.105667892848e-03,4.029842575888e-03,3.970120437942e-03,3.910955417241e-03,3.852347513782e-03,3.812360950695e-03,2.343355750410e-03
148.600000,3.905115522895e-03,4.978137753993e-03,5.456547525708e-03,5.358857524413e-03,5.260578646598e-03,5.182369312959e-03,5.118077180056e-03,4.996023353467e-03,4.934487819972e-03,5.007806291441e-03,4.886371705796e-03,4.752731886012e-03,4.633700320112e-03,4.534362319238e-03,4.435330448787e-03,4.339886243531e-03,4.244174936614e-03,4.167329178387e-03,4.102688654277e-03,4.026956131141e-03,3.967306046084e-03,3.908212578569e-03,3.849675728612e-03,3.809737325667e-03,2.342171633090e-03
149.100000,3.902686012939e-03,4.974077079313e-03,5.451976638716e-03,5.354393246180e-03,5.256221230114e-03,5.178094666140e-03,5.113872750941e-03,4.991946940783e-03,4.930524935927e-03,5.003765585523e-03,4.882475550378e-03,4.748997684213e-03,4.630108685232e-03,4.530889617831e-03,4.431976407824e-03,4.336647861428e-03,4.241052419137e-03,4.164299628242e-03,4.099734668391e-03,4.024094121563e-03,3.964515455759e-03,3.905492911982e-03,3.847026490241e-03,3.807135823994e-03,2.340997292690e-03
149.600000,3.900276617513e-03,4.970051231158e-03,5.447444977275e-03,5.349967271263e-03,5.251901192721e-03,5.173856685822e-03,5.109704380722e-03,4.987905486018e-03,4.926595966740e-03,4.999759458325e-03,4.878612704430e-03,4.745295366676e-03,4.626547681797e-03,4.527446502814e-03,4.428650910455e-03,4.333437005110e-03,4.237956407931e-03,4.161295766460e-03,4.096805708848e-03,4.021256328675e-03,3.961748454583e-03,3.902796211144e-03,3.844399598355e-03,3.804556249423e-03,2.339832647050e-03
150.100000,3.897887163812e-03,4.966059890022e-03,5.442952180889e-03,5.345579247785e-03,5.247618191215e-03,5.169655035437e-03,5.105571738487e-03,4.983898668515e-03,4.922700602427e-03,4.995787593815e-03,4.874782864033e-03,4.741624643192e-03,4.623017031645e-03,4.524032706075e-03,4.425353698583e-03,4.330253426295e-03,4.234886664501e-03,4.158317362392e-03,4.093901551326e-03,4.018442535969e-03,3.959004832068e-03,3.900122271544e-03,3.841794854397e-03,3.801998407422e-03,2.338677614670e-03
150.600000,3.895517480515e-03,4.962102739405e-03,5.438497892481e-03,5.341228827248e-03,5.243371885639e-03,5.165489381587e-03,5.101474496496e-03,4.979926170611e-03,4.918838535887e-03,4.991849678891e-03,4.870985728151e-03,4.737985226342e-03,4.619516459260e-03,4.520647961972e-03,4.422084516493e-03,4.327096878930e-03,4.231842952552e-03,4.155364187521e-03,4.091021973577e-03,4.015652528882e-03,3.956284379623e-03,3.897470890535e-03,3.839212061607e-03,3.799462105223e-03,2.337532114680e-03
151.100000,3.893167397731e-03,4.958179465817e-03,5.434081758407e-03,5.336915664437e-03,5.239161939294e-03,5.161359394059e-03,5.097412330095e-03,4.975987677694e-03,4.915009462939e-03,4.987945403430e-03,4.867220998602e-03,4.734376831313e-03,4.616045691609e-03,4.517292007365e-03,4.418843110856e-03,4.323967119280e-03,4.228825037927e-03,4.152436015408e-03,4.088166755356e-03,4.012886094838e-03,3.953586890555e-03,3.894841867275e-03,3.836651024984e-03,3.796947151754e-03,2.336396066880e-03
151.600000,3.890836746971e-03,4.954289758732e-03,5.429703428333e-03,5.332639417454e-03,5.234988018615e-03,5.157264745726e-03,5.093384917723e-03,4.972082878096e-03,4.911213082258e-03,4.984074460210e-03,4.863488379943e-03,4.730799176007e-03,4.612604458282e-03,4.513964581532e-03,4.415629230643e-03,4.320863905845e-03,4.225832688618e-03,4.149532621684e-03,4.085335678440e-03,4.010143023140e-03,3.950912160038e-03,3.892235002744e-03,3.834111551275e-03,3.794453357671e-03,2.335269391690e-03
152.100000,3.888525361221e-03,4.950433310546e-03,5.425362555305e-03,5.328399747587e-03,5.230849793279e-03,5.153205112610e-03,5.089391940830e-03,4.968211463113e-03,4.907449095348e-03,4.980236544912e-03,4.859787579566e-03,4.727251980951e-03,4.609192491307e-03,4.510665426176e-03,4.412442627182e-03,4.317786999310e-03,4.222865674756e-03,4.146653784035e-03,4.082528526573e-03,4.007423105041e-03,3.948259985086e-03,3.889650099722e-03,3.831593448950e-03,3.791980535317e-03,2.334152010190e-03
152.600000,3.886233074823e-03,4.946609816617e-03,5.421058795621e-03,5.324196319401e-03,5.226746936037e-03,5.149180173796e-03,5.085433083940e-03,4.964373126954e-03,4.903717206514e-03,4.976431356070e-03,4.856118307563e-03,4.723734969286e-03,4.605809525311e-03,4.507394285378e-03,4.409283054078e-03,4.314736162622e-03,4.219923768594e-03,4.143799282148e-03,4.079745085493e-03,4.004726133646e-03,3.945630164537e-03,3.887086962720e-03,3.829096528201e-03,3.789528498700e-03,2.333043844070e-03
153.100000,3.883959723552e-03,4.942818975135e-03,5.416791808858e-03,5.320028800573e-03,5.222679122745e-03,5.145189611366e-03,5.081508034500e-03,4.960567566763e-03,4.900017122869e-03,4.972658595063e-03,4.852480276754e-03,4.720247866735e-03,4.602455297268e-03,4.504150905642e-03,4.406150267211e-03,4.311711160852e-03,4.217006744421e-03,4.140968897761e-03,4.076985142846e-03,4.002051903968e-03,3.943022499074e-03,3.884545398061e-03,3.826620600936e-03,3.787097063521e-03,2.331944815660e-03
153.600000,3.881705144558e-03,4.939060487187e-03,5.412561257820e-03,5.315896861989e-03,5.218646032348e-03,5.141233110468e-03,5.077616482976e-03,4.956794482485e-03,4.896348554275e-03,4.968917966066e-03,4.848873202682e-03,4.716790401547e-03,4.599129546678e-03,4.500935035756e-03,4.403044024736e-03,4.308711761276e-03,4.214114378650e-03,4.138162414582e-03,4.074248488251e-03,3.999400212871e-03,3.940436791147e-03,3.882025213774e-03,3.824165480728e-03,3.784686047085e-03,2.330854847910e-03
154.100000,3.879469176357e-03,4.935334056634e-03,5.408366808513e-03,5.311800177639e-03,5.214647346837e-03,5.137310359185e-03,5.073758122698e-03,4.953053576947e-03,4.892711213289e-03,4.965209176067e-03,4.845296803502e-03,4.713362304587e-03,4.595832015465e-03,4.497746426885e-03,4.399964087026e-03,4.305737733284e-03,4.211246449701e-03,4.135379618282e-03,4.071534913226e-03,3.996770859043e-03,3.937872845019e-03,3.879526219624e-03,3.821730982835e-03,3.782295268369e-03,2.329773864390e-03
154.600000,3.877251658851e-03,4.931639390205e-03,5.404208130123e-03,5.307738424586e-03,5.210682751197e-03,5.133421048604e-03,5.069932649968e-03,4.949344555772e-03,4.889104815225e-03,4.961531934763e-03,4.841750800064e-03,4.709963309163e-03,4.592562447902e-03,4.494584832495e-03,4.396910216669e-03,4.302788848385e-03,4.208402738068e-03,4.132620296515e-03,4.068844211194e-03,3.994163643002e-03,3.935330466703e-03,3.877048227089e-03,3.819316924152e-03,3.779924547949e-03,2.328701789290e-03
155.100000,3.875052433274e-03,4.927976197340e-03,5.400084894930e-03,5.303711282973e-03,5.206751933421e-03,5.129564872698e-03,5.066139763906e-03,4.945667127365e-03,4.885529078024e-03,4.957885954625e-03,4.838234915817e-03,4.706593151100e-03,4.589320590720e-03,4.491450008309e-03,4.393882178450e-03,4.299864880235e-03,4.205583026187e-03,4.129884238857e-03,4.066176177430e-03,3.991578367091e-03,3.932809463982e-03,3.874591049358e-03,3.816923123242e-03,3.777573708003e-03,2.327638547400e-03
155.600000,3.872871342213e-03,4.924344190271e-03,5.395996778387e-03,5.299718435963e-03,5.202854584395e-03,5.125741528322e-03,5.062379166516e-03,4.942021002895e-03,4.881983722315e-03,4.954270950795e-03,4.834748876764e-03,4.703251568682e-03,4.586106192901e-03,4.488341712346e-03,4.390879739335e-03,4.296965604514e-03,4.202787098550e-03,4.127171236793e-03,4.063530609104e-03,3.989014835434e-03,3.930309646342e-03,3.872154501282e-03,3.814549400261e-03,3.775242572317e-03,2.326584064140e-03
156.100000,3.870708229588e-03,4.920743083917e-03,5.391943458953e-03,5.295759569705e-03,5.198990398022e-03,5.121950715248e-03,5.058650562567e-03,4.938405896248e-03,4.878468471321e-03,4.950686641108e-03,4.831292411534e-03,4.699938302661e-03,4.582919005841e-03,4.485259704841e-03,4.387902668419e-03,4.294090799011e-03,4.200014741596e-03,4.124481083756e-03,4.060907305232e-03,3.986472853914e-03,3.927830825018e-03,3.869738399398e-03,3.812195577033e-03,3.772930966230e-03,2.325538265500e-03
156.600000,3.868562940646e-03,4.917172595920e-03,5.387924618184e-03,5.291834373376e-03,5.195159071020e-03,5.118192136039e-03,5.054953659685e-03,4.934821524023e-03,4.874983050884e-03,4.947132746035e-03,4.827865251259e-03,4.696653096144e-03,4.579758783236e-03,4.482203748294e-03,4.384950736945e-03,4.291240243516e-03,4.197265743736e-03,4.121813575007e-03,4.058306066635e-03,3.983952230201e-03,3.925372812957e-03,3.867342561862e-03,3.809861476913e-03,3.770638716667e-03,2.324501078090e-03
157.100000,3.866435321942e-03,4.913632446575e-03,5.383939940635e-03,5.287942539013e-03,5.191360303012e-03,5.114465496114e-03,5.051288168221e-03,4.931267605493e-03,4.871527189427e-03,4.943608988675e-03,4.824467129609e-03,4.693395694712e-03,4.576625281035e-03,4.479173607335e-03,4.382023718259e-03,4.288413719881e-03,4.194539895303e-03,4.119168507710e-03,4.055726695957e-03,3.981452773693e-03,3.922935424769e-03,3.864966808499e-03,3.807546924898e-03,3.768365652080e-03,2.323472429120e-03
157.600000,3.864325221319e-03,4.910122358801e-03,5.379989113848e-03,5.284083761630e-03,5.187593796455e-03,5.110770503624e-03,5.047653801244e-03,4.927743862575e-03,4.868100617902e-03,4.940115094752e-03,4.821097782740e-03,4.690165846266e-03,4.573518257482e-03,4.476169048847e-03,4.379121387813e-03,4.285611011945e-03,4.191836988549e-03,4.116545680873e-03,4.053168997655e-03,3.978974295515e-03,3.920518476750e-03,3.862610960755e-03,3.805251747519e-03,3.766111602486e-03,2.322452246360e-03
158.100000,3.862232487939e-03,4.906642058170e-03,5.376071828303e-03,5.280257739116e-03,5.183859256641e-03,5.107106869542e-03,5.044050274578e-03,4.924250019818e-03,4.864703069806e-03,4.936650792546e-03,4.817756949255e-03,4.686963301083e-03,4.570437473091e-03,4.473189841836e-03,4.376243523124e-03,4.282831905551e-03,4.189156817641e-03,4.113944895354e-03,4.050632777946e-03,3.976516608506e-03,3.918121786875e-03,3.860274841663e-03,3.802975772880e-03,3.763876399375e-03,2.321440458200e-03
158.600000,3.860156972217e-03,4.903191272808e-03,5.372187777464e-03,5.276464172191e-03,5.180156391606e-03,5.103474307517e-03,5.040477306700e-03,4.920785804363e-03,4.861334281128e-03,4.933215812870e-03,4.814444370243e-03,4.683787811758e-03,4.567382690546e-03,4.470235757430e-03,4.373389903755e-03,4.280076188494e-03,4.186499178617e-03,4.111365953780e-03,4.048117844810e-03,3.974079527214e-03,3.915745174730e-03,3.857958275872e-03,3.800718830630e-03,3.761659875800e-03,2.320436993590e-03
159.100000,3.858098525858e-03,4.899769733449e-03,5.368336657647e-03,5.272702764423e-03,5.176484912181e-03,5.099872533918e-03,5.036934618767e-03,4.917350945960e-03,4.857993990340e-03,4.929809889087e-03,4.811159789195e-03,4.680639133193e-03,4.564353674771e-03,4.467306568935e-03,4.370560311320e-03,4.277343650537e-03,4.183863869402e-03,4.108808660643e-03,4.045624007994e-03,3.971662867841e-03,3.913388461562e-03,3.855661089592e-03,3.798480751918e-03,3.759461866277e-03,2.319441782070e-03
159.600000,3.856057001816e-03,4.896377173324e-03,5.364518168060e-03,5.268973222202e-03,5.172844531900e-03,5.096301267826e-03,5.033421934557e-03,4.913945176852e-03,4.854681938377e-03,4.926432757065e-03,4.807902952015e-03,4.677517022596e-03,4.561350192901e-03,4.464402051704e-03,4.367754529440e-03,4.274634083347e-03,4.181250689767e-03,4.106272822175e-03,4.043151078946e-03,3.969266448288e-03,3.911051470211e-03,3.853383110601e-03,3.796261369457e-03,3.757282206810e-03,2.318454753750e-03
160.100000,3.854032254301e-03,4.893013328201e-03,5.360732010751e-03,5.265275254632e-03,5.169234967032e-03,5.092760230924e-03,5.029938980411e-03,4.910568231852e-03,4.851397868566e-03,4.923084155155e-03,4.804673606953e-03,4.674421239371e-03,4.558372014151e-03,4.461521983175e-03,4.364972343730e-03,4.271947280552e-03,4.178659441313e-03,4.103758246402e-03,4.040698870876e-03,3.966890088096e-03,3.908734025144e-03,3.851124168254e-03,3.794060517432e-03,3.755120734872e-03,2.317475839290e-03
160.600000,3.852024138765e-03,4.889677936347e-03,5.356977890601e-03,5.261608573660e-03,5.165655936507e-03,5.089249147559e-03,5.026485485361e-03,4.907219848249e-03,4.848141526689e-03,4.919763824112e-03,4.801471504671e-03,4.671351545272e-03,4.555418909947e-03,4.458666142892e-03,4.362213541797e-03,4.269283037638e-03,4.176089927428e-03,4.101264743068e-03,4.038267198654e-03,3.964533608421e-03,3.906435952383e-03,3.848884093418e-03,3.791878031510e-03,3.752977289397e-03,2.316504969960e-03
161.100000,3.850032511884e-03,4.886370738495e-03,5.353255515239e-03,5.257972893879e-03,5.162107161912e-03,5.085767744658e-03,5.023061180885e-03,4.903899765831e-03,4.844912660902e-03,4.916471507200e-03,4.798296398095e-03,4.668307704180e-03,4.552490653842e-03,4.455834312358e-03,4.359477913192e-03,4.266641151997e-03,4.173541953374e-03,4.098792123705e-03,4.035855878846e-03,3.962196832061e-03,3.904157079559e-03,3.846662718491e-03,3.789713748855e-03,3.750851710751e-03,2.315542077540e-03
161.600000,3.848057231574e-03,4.883091477806e-03,5.349564595122e-03,5.254367932593e-03,5.158588367485e-03,5.082315751768e-03,5.019665801058e-03,4.900607726818e-03,4.841711021715e-03,4.913206950038e-03,4.795148042512e-03,4.665289482215e-03,4.549587021456e-03,4.453026275206e-03,4.356765249415e-03,4.264021422870e-03,4.171015326122e-03,4.096340201533e-03,4.033464729708e-03,3.959879583437e-03,3.901897235822e-03,3.844459877371e-03,3.787567508085e-03,3.748743840741e-03,2.314587094410e-03
162.100000,3.846098156935e-03,4.879839899891e-03,5.345904843401e-03,5.250793409802e-03,5.155099279996e-03,5.078892900918e-03,5.016299082433e-03,4.897343475873e-03,4.838536361959e-03,4.909969900633e-03,4.792026195478e-03,4.662296647683e-03,4.546707790494e-03,4.450241816973e-03,4.354075343888e-03,4.261423651341e-03,4.168509854460e-03,4.093908791458e-03,4.031093571117e-03,3.957581688525e-03,3.899656251905e-03,3.842275405479e-03,3.785439149265e-03,3.746653522594e-03,2.313639953480e-03
162.600000,3.844155148276e-03,4.876615752734e-03,5.342275975943e-03,5.247249048128e-03,5.151639628911e-03,5.075498926710e-03,5.012960764066e-03,4.894106760071e-03,4.835388436816e-03,4.906760109384e-03,4.788930616834e-03,4.659328971034e-03,4.543852740770e-03,4.447480725239e-03,4.351407991939e-03,4.258847640341e-03,4.166025348897e-03,4.091497710132e-03,4.028742224612e-03,3.955302974908e-03,3.897433960044e-03,3.840109139699e-03,3.783328513894e-03,3.744580600930e-03,2.312700588210e-03
163.100000,3.842228067127e-03,4.873418786705e-03,5.338677711302e-03,5.243734572825e-03,5.148209146146e-03,5.072133566252e-03,5.009650587461e-03,4.890897328850e-03,4.832267003741e-03,4.903577328998e-03,4.785861068626e-03,4.656386224843e-03,4.541021654086e-03,4.444742789542e-03,4.348762990806e-03,4.256293194586e-03,4.163561621693e-03,4.089106775831e-03,4.026410513356e-03,3.953043271734e-03,3.895230194008e-03,3.837960918404e-03,3.781235444910e-03,3.742524921771e-03,2.311768932620e-03
163.600000,3.840316776161e-03,4.870248754512e-03,5.335109770706e-03,5.240249711732e-03,5.144807566171e-03,5.068796559116e-03,5.006368296581e-03,4.887714934024e-03,4.829171822489e-03,4.900421314525e-03,4.782817315171e-03,4.653468183848e-03,4.538214314303e-03,4.442027801361e-03,4.346140139556e-03,4.253760120624e-03,4.161118486841e-03,4.086735808516e-03,4.024098262126e-03,3.950802409678e-03,3.893044789070e-03,3.835830581395e-03,3.779159786663e-03,3.740486332516e-03,2.310844921270e-03
164.100000,3.838421139241e-03,4.867105411222e-03,5.331571877993e-03,5.236794195272e-03,5.141434625997e-03,5.065487647342e-03,5.003113637748e-03,4.884559329742e-03,4.826102655020e-03,4.897291823297e-03,4.779799122944e-03,4.650574624852e-03,4.535430507294e-03,4.439335554095e-03,4.343539239133e-03,4.251248226755e-03,4.158695760001e-03,4.084384629779e-03,4.021805297284e-03,3.948580220974e-03,3.890877581977e-03,3.833717969942e-03,3.777101384869e-03,3.738464681947e-03,2.309928489230e-03
164.600000,3.836541021405e-03,4.863988514192e-03,5.328063759630e-03,5.233367756377e-03,5.138090065078e-03,5.062206575381e-03,4.999886359734e-03,4.881430272466e-03,4.823059265585e-03,4.894188614931e-03,4.776806260659e-03,4.647705326727e-03,4.532670020881e-03,4.436665843076e-03,4.340960092343e-03,4.248757323048e-03,4.156293258556e-03,4.082053062837e-03,4.019531446774e-03,3.946376539360e-03,3.888728410976e-03,3.831622926752e-03,3.775060086678e-03,3.736459820167e-03,2.309019572130e-03
165.100000,3.834676288838e-03,4.860897823065e-03,5.324585144639e-03,5.229970130537e-03,5.134773625340e-03,5.058953090112e-03,4.996686213654e-03,4.878327520941e-03,4.820041420592e-03,4.891111451265e-03,4.773838499132e-03,4.644860070420e-03,4.529932644897e-03,4.434018465514e-03,4.338402503766e-03,4.246287221327e-03,4.153910801553e-03,4.079740932551e-03,4.017276540125e-03,3.944191200111e-03,3.886597115776e-03,3.829545295926e-03,3.773035740585e-03,3.734471598675e-03,2.308118106140e-03
165.600000,3.832826808848e-03,4.857833099737e-03,5.321135764640e-03,5.226601055720e-03,5.131485051141e-03,5.055726940816e-03,4.993512952968e-03,4.875250836230e-03,4.817048888648e-03,4.888060096411e-03,4.770895611352e-03,4.642038638933e-03,4.527218171118e-03,4.431393220509e-03,4.335866279810e-03,4.243837735107e-03,4.151548209676e-03,4.077448065358e-03,4.015040408382e-03,3.942024039972e-03,3.884483537504e-03,3.827484922997e-03,3.771028196451e-03,3.732499870258e-03,2.307224027930e-03
166.100000,3.830992449913e-03,4.854794108369e-03,5.317715353740e-03,5.223260272359e-03,5.128224089250e-03,5.052527879080e-03,4.990366333461e-03,4.872199981564e-03,4.814081440569e-03,4.885034316670e-03,4.767977372447e-03,4.639240817283e-03,4.524526393220e-03,4.428789909004e-03,4.333351228666e-03,4.241408679703e-03,4.149205305284e-03,4.075174289270e-03,4.012822884183e-03,3.939874897167e-03,3.882387518778e-03,3.825441654886e-03,3.769037305489e-03,3.730544489045e-03,2.306337274700e-03
166.600000,3.829173081616e-03,4.851780615325e-03,5.314323648585e-03,5.219947523360e-03,5.124990488828e-03,5.049355658902e-03,4.987246113191e-03,4.869174722492e-03,4.811138849264e-03,4.882033880525e-03,4.765083559593e-03,4.636466392441e-03,4.521857106858e-03,4.426208333794e-03,4.330857160276e-03,4.238999872032e-03,4.146881912349e-03,4.072919433905e-03,4.010623801638e-03,3.937743611407e-03,3.880308903584e-03,3.823415339870e-03,3.767062920273e-03,3.728605310465e-03,2.305457784180e-03
167.100000,3.827368574679e-03,4.848792389176e-03,5.310960388317e-03,5.216662554031e-03,5.121784001355e-03,5.046210036518e-03,4.984152052551e-03,4.866174826708e-03,4.808220889800e-03,4.879058558650e-03,4.762213952079e-03,4.633715153439e-03,4.519210109505e-03,4.423648299514e-03,4.328383886380e-03,4.236611130733e-03,4.144577856461e-03,4.070683330396e-03,4.008442996404e-03,3.935630023861e-03,3.878247537375e-03,3.821405827639e-03,3.765104894667e-03,3.726682191272e-03,2.304585494600e-03
167.600000,3.825578800907e-03,4.845829200667e-03,5.307625314509e-03,5.213405112091e-03,5.118604380737e-03,5.043090770561e-03,4.981083914146e-03,4.863200064106e-03,4.805327339326e-03,4.876108123835e-03,4.759368331279e-03,4.630986891213e-03,4.516585200584e-03,4.421109612570e-03,4.325931220415e-03,4.234242276154e-03,4.142292964776e-03,4.068465811439e-03,4.006280305621e-03,3.933533977127e-03,3.876203266951e-03,3.819412969206e-03,3.763163083875e-03,3.724774989465e-03,2.303720344710e-03
168.100000,3.823803633224e-03,4.842890822696e-03,5.304318171175e-03,5.210174947624e-03,5.115451383116e-03,5.039997621834e-03,4.978041462807e-03,4.860250206755e-03,4.802457977122e-03,4.873182351026e-03,4.756546480556e-03,4.628281398646e-03,4.513982181318e-03,4.418592081201e-03,4.323498977550e-03,4.231893130244e-03,4.140027066093e-03,4.066266711276e-03,4.004135567915e-03,3.931455315223e-03,3.874175940558e-03,3.817436616941e-03,3.761237344393e-03,3.722883564354e-03,2.302862273770e-03
168.600000,3.822042945640e-03,4.839977030302e-03,5.301038704762e-03,5.206971813082e-03,5.112324766987e-03,5.036930353448e-03,4.975024465624e-03,4.857325028859e-03,4.799612584483e-03,4.870281017251e-03,4.753748185360e-03,4.625598470601e-03,4.511400854822e-03,4.416095515406e-03,4.321086974681e-03,4.229563516577e-03,4.137779990721e-03,4.064085865632e-03,4.002008623380e-03,3.929393883603e-03,3.872165407755e-03,3.815476624559e-03,3.759327534022e-03,3.721007776491e-03,2.302011221540e-03
169.100000,3.820296613249e-03,4.837087600653e-03,5.297786664104e-03,5.203795463263e-03,5.109224293086e-03,5.033888730750e-03,4.972032691833e-03,4.854424306756e-03,4.796790944763e-03,4.867403901669e-03,4.750973233058e-03,4.622937903796e-03,4.508841026034e-03,4.413619726913e-03,4.318695030346e-03,4.227253260412e-03,4.135551570567e-03,4.061923111746e-03,3.999899313574e-03,3.927349529133e-03,3.870171519510e-03,3.813532847076e-03,3.757433511838e-03,3.719147487696e-03,2.301167128270e-03
169.600000,3.818564512210e-03,4.834222312999e-03,5.294561800392e-03,5.200645655235e-03,5.106149724418e-03,5.030872521266e-03,4.969065912881e-03,4.851547818884e-03,4.793992843396e-03,4.864550785427e-03,4.748221413100e-03,4.620299496892e-03,4.506302501651e-03,4.411164529226e-03,4.316322964793e-03,4.224962188567e-03,4.133341639064e-03,4.059778288349e-03,3.997807481500e-03,3.925322100033e-03,3.868194128123e-03,3.811605140834e-03,3.755555138164e-03,3.717302561016e-03,2.300329934730e-03
170.100000,3.816846519752e-03,4.831380948663e-03,5.291363867174e-03,5.197522148409e-03,5.103100826220e-03,5.027881494728e-03,4.966123902330e-03,4.848695345751e-03,4.791218067751e-03,4.861721451818e-03,4.745492516813e-03,4.617683050347e-03,4.503785090229e-03,4.408729737573e-03,4.313970599937e-03,4.222690129441e-03,4.131150031150e-03,4.057651235642e-03,3.995732971593e-03,3.923311445947e-03,3.866233087237e-03,3.809693363458e-03,3.753692274623e-03,3.715472860740e-03,2.299499582150e-03
170.600000,3.815142514185e-03,4.828563291038e-03,5.288192620298e-03,5.194424704396e-03,5.100077365928e-03,5.024915423038e-03,4.963206435877e-03,4.845866669945e-03,4.788466407231e-03,4.858915686082e-03,4.742786337549e-03,4.615088366554e-03,4.501288602062e-03,4.406315168887e-03,4.311637759284e-03,4.220436913080e-03,4.128976583316e-03,4.055541795275e-03,3.993675629686e-03,3.921317417849e-03,3.864288251817e-03,3.807797373882e-03,3.751844784053e-03,3.713658252380e-03,2.298676012270e-03
171.100000,3.813452374822e-03,4.825769125528e-03,5.285047817950e-03,5.191353087121e-03,5.097079113177e-03,5.021974080240e-03,4.960313291360e-03,4.843061576076e-03,4.785737653192e-03,4.856133275516e-03,4.740102670531e-03,4.612515249717e-03,4.498812849225e-03,4.403920641770e-03,4.309324268037e-03,4.218202371014e-03,4.126821133515e-03,4.053449810366e-03,3.991635303041e-03,3.919339868090e-03,3.862359478133e-03,3.805917032287e-03,3.750012530530e-03,3.711858602650e-03,2.297859167320e-03
171.600000,3.811775982049e-03,4.822998239591e-03,5.281929220561e-03,5.188307062688e-03,5.094105839754e-03,5.019057242479e-03,4.957444248681e-03,4.840279850823e-03,4.783031598954e-03,4.853374009399e-03,4.737441312929e-03,4.609963505830e-03,4.496357645515e-03,4.401545976538e-03,4.307029952950e-03,4.215986336369e-03,4.124683521229e-03,4.051375125463e-03,3.989611840316e-03,3.917378650351e-03,3.860446623788e-03,3.804052200137e-03,3.748195379383e-03,3.710073779466e-03,2.297048990010e-03
172.100000,3.810113217269e-03,4.820250422670e-03,5.278836590834e-03,5.185286399414e-03,5.091157319625e-03,5.016164688064e-03,4.954599089808e-03,4.837521282839e-03,4.780348039765e-03,4.850637678960e-03,4.734802063782e-03,4.607432942744e-03,4.493922806458e-03,4.399190995159e-03,4.304754642444e-03,4.213788643779e-03,4.122563587351e-03,4.049317586504e-03,3.987605091523e-03,3.915433619640e-03,3.858549547647e-03,3.802202740155e-03,3.746393197127e-03,3.708303651926e-03,2.296245423500e-03
172.600000,3.808463962920e-03,4.817525466163e-03,5.275769693701e-03,5.182290867808e-03,5.088233328864e-03,5.013296197331e-03,4.951777598766e-03,4.834785662744e-03,4.777686772777e-03,4.847924077379e-03,4.732184724012e-03,4.604923370054e-03,4.491508149322e-03,4.396855521233e-03,4.302498166450e-03,4.211609129430e-03,4.120461174297e-03,4.047277040892e-03,3.985614908074e-03,3.913504632307e-03,3.856668109883e-03,3.800368516278e-03,3.744605851488e-03,3.706548090311e-03,2.295448411460e-03
173.100000,3.806828102442e-03,4.814823163454e-03,5.272728296327e-03,5.179320240509e-03,5.085333645625e-03,5.010451552691e-03,4.948979561613e-03,4.832072783150e-03,4.775047597078e-03,4.845232999832e-03,4.729589096412e-03,4.602434599161e-03,4.489113493022e-03,4.394539380012e-03,4.300260356501e-03,4.209447630988e-03,4.118376125865e-03,4.045253337359e-03,3.983641142702e-03,3.911591545978e-03,3.854802171889e-03,3.798549393698e-03,3.742833211381e-03,3.704806966081e-03,2.294657898020e-03
173.600000,3.805205520280e-03,4.812143309850e-03,5.269712168046e-03,5.176374292348e-03,5.082458050213e-03,5.007630538653e-03,4.946204766418e-03,4.829382438621e-03,4.772430313572e-03,4.842564243336e-03,4.727014985605e-03,4.599966443203e-03,4.486738658214e-03,4.392242398340e-03,4.298041045705e-03,4.207303987644e-03,4.116308287334e-03,4.043246326080e-03,3.981683649514e-03,3.909694219591e-03,3.852951596375e-03,3.796745238815e-03,3.741075146921e-03,3.703080151834e-03,2.293873827780e-03
174.100000,3.803596101888e-03,4.809485702614e-03,5.266721080370e-03,5.173452800206e-03,5.079606324919e-03,5.004832941680e-03,4.943453003239e-03,4.826714425654e-03,4.769834725098e-03,4.839917606843e-03,4.724462198034e-03,4.597518717055e-03,4.484383467147e-03,4.389964404704e-03,4.295840068665e-03,4.205178040021e-03,4.114257505392e-03,4.041255858567e-03,3.979742283936e-03,3.907812513358e-03,3.851116247246e-03,3.794955919251e-03,3.739331529373e-03,3.701367521326e-03,2.293096145780e-03
174.600000,3.801999733715e-03,4.806850140878e-03,5.263754806978e-03,5.170555543137e-03,5.076778254156e-03,5.002058550289e-03,4.940724064095e-03,4.824068542643e-03,4.767260636278e-03,4.837292891168e-03,4.721930541953e-03,4.595091237298e-03,4.482047743759e-03,4.387705229135e-03,4.293657261543e-03,4.203069630231e-03,4.112223628096e-03,4.039281787687e-03,3.977816902713e-03,3.905946288780e-03,3.849295989672e-03,3.793181303808e-03,3.737602231179e-03,3.699668949452e-03,2.292324797550e-03
175.100000,3.800416303174e-03,4.804236425678e-03,5.260813123655e-03,5.167682302203e-03,5.073973624322e-03,4.999307154995e-03,4.938017742983e-03,4.821444589865e-03,4.764707853588e-03,4.834689899027e-03,4.719419827393e-03,4.592683822269e-03,4.479731313632e-03,4.385464703271e-03,4.291492462008e-03,4.200978601867e-03,4.110206504957e-03,4.037323967673e-03,3.975907363893e-03,3.904095408595e-03,3.847490690039e-03,3.791421262484e-03,3.735887125921e-03,3.697984312223e-03,2.291559729070e-03
175.600000,3.798845698658e-03,4.801644359919e-03,5.257895808307e-03,5.164832860590e-03,5.071192223828e-03,4.996578548226e-03,4.935333835821e-03,4.818842369502e-03,4.762176185323e-03,4.832108434917e-03,4.716929866183e-03,4.590296291947e-03,4.477434003937e-03,4.383242660271e-03,4.289345509230e-03,4.198904799913e-03,4.108205986821e-03,4.035382254078e-03,3.974013526824e-03,3.902259736804e-03,3.845700215948e-03,3.789675666463e-03,3.734186088334e-03,3.696313486774e-03,2.290800886760e-03
176.100000,3.797287809539e-03,4.799073748343e-03,5.255002640937e-03,5.162007003484e-03,5.068433843099e-03,4.993872524395e-03,4.932672140444e-03,4.816261685576e-03,4.759665441555e-03,4.829548305226e-03,4.714460471878e-03,4.587928468019e-03,4.475155643459e-03,4.381038934868e-03,4.287216243831e-03,4.196848070817e-03,4.106221925912e-03,4.033456503771e-03,3.972135252138e-03,3.900439138638e-03,3.843924436197e-03,3.787944388072e-03,3.732498994275e-03,3.694656351358e-03,2.290048217510e-03
176.600000,3.795742526131e-03,4.796524397556e-03,5.252133403624e-03,5.159204518099e-03,5.065698274472e-03,4.991188879871e-03,4.930032456591e-03,4.813702343957e-03,4.757175434119e-03,4.827009318105e-03,4.712011459782e-03,4.585580173780e-03,4.472896062590e-03,4.378853363320e-03,4.285104507947e-03,4.194808262400e-03,4.104254175817e-03,4.031546574946e-03,3.970272401743e-03,3.898633480560e-03,3.842163220769e-03,3.786227300817e-03,3.730825720725e-03,3.693012785291e-03,2.289301668650e-03
177.100000,3.794209739711e-03,4.793996115930e-03,5.249287880472e-03,5.156425193663e-03,5.062985312309e-03,4.988527412895e-03,4.927414585894e-03,4.811164152323e-03,4.754705976640e-03,4.824491283532e-03,4.709582646926e-03,4.583251234220e-03,4.470655093257e-03,4.376685783384e-03,4.283010145142e-03,4.192785223935e-03,4.102302591475e-03,4.029652327079e-03,3.968424838797e-03,3.896842630246e-03,3.840416440832e-03,3.784524279343e-03,3.729166145763e-03,3.691382669020e-03,2.288561187940e-03
177.600000,3.792689342482e-03,4.791488713700e-03,5.246465857637e-03,5.153668821363e-03,5.060294752862e-03,4.985887923624e-03,4.924818331797e-03,4.808646920172e-03,4.752256884463e-03,4.821994013246e-03,4.707173852064e-03,4.580941475941e-03,4.468432568976e-03,4.374536034329e-03,4.280933000444e-03,4.190778806027e-03,4.100367029108e-03,4.027773620949e-03,3.966592427723e-03,3.895066456577e-03,3.838683968746e-03,3.782835199424e-03,3.727520148604e-03,3.689765884041e-03,2.287826723600e-03
178.100000,3.791181227602e-03,4.789002002818e-03,5.243667123267e-03,5.150935194346e-03,5.057626394290e-03,4.983270214078e-03,4.922243499652e-03,4.806150458781e-03,4.749827974686e-03,4.819517320736e-03,4.704784895607e-03,4.578650727157e-03,4.466228324786e-03,4.372403956912e-03,4.278872920284e-03,4.188788860719e-03,4.098447346314e-03,4.025910318582e-03,3.964775034163e-03,3.893304829623e-03,3.836965677990e-03,3.781159937958e-03,3.725887609532e-03,3.688162312930e-03,2.287098224260e-03
178.600000,3.789685289147e-03,4.786535797065e-03,5.240891467533e-03,5.148224107761e-03,5.054980036679e-03,4.980674088161e-03,4.919689896628e-03,4.803674581219e-03,4.747419066062e-03,4.817061021259e-03,4.702415599658e-03,4.576378817667e-03,4.464042197282e-03,4.370289393355e-03,4.276829752547e-03,4.186815241337e-03,4.096543401982e-03,4.024062283293e-03,3.962972524991e-03,3.891557620659e-03,3.835261443227e-03,3.779498372966e-03,3.724268409892e-03,3.686571839330e-03,2.286375639030e-03
179.100000,3.788201422117e-03,4.784089911914e-03,5.238138682561e-03,5.145535358605e-03,5.052355481966e-03,4.978099351591e-03,4.917157331630e-03,4.801219102279e-03,4.745029979096e-03,4.814624931778e-03,4.700065787976e-03,4.574125578854e-03,4.461874024555e-03,4.368192187366e-03,4.274803346489e-03,4.184857802632e-03,4.094655056275e-03,4.022229379630e-03,3.961184768317e-03,3.889824702095e-03,3.833571140229e-03,3.777850383582e-03,3.722662432138e-03,3.684994347906e-03,2.285658917390e-03
179.600000,3.786729522416e-03,4.781664164590e-03,5.235408562426e-03,5.142868745836e-03,5.049752533970e-03,4.975545811949e-03,4.914645615486e-03,4.798783838502e-03,4.742660535943e-03,4.812208870968e-03,4.697735285983e-03,4.571890843697e-03,4.459723646179e-03,4.366112184048e-03,4.272793552758e-03,4.182916400639e-03,4.092782170656e-03,4.020411473399e-03,3.959411633430e-03,3.888105947520e-03,3.831894645933e-03,3.776215850018e-03,3.721069559773e-03,3.683429724396e-03,2.284948009300e-03
180.100000,3.785269486848e-03,4.779258374042e-03,5.232700903150e-03,5.140224070294e-03,5.047170998341e-03,4.973013278569e-03,4.912154560698e-03,4.796368608162e-03,4.740310560422e-03,4.809812659208e-03,4.695423920672e-03,4.569674446706e-03,4.457590903287e-03,4.364049229991e-03,4.270800223407e-03,4.180990892752e-03,4.090924607849e-03,4.018608431621e-03,3.957652990816e-03,3.886401231697e-03,3.830231838357e-03,3.774594653572e-03,3.719489677345e-03,3.681877855540e-03,2.284242865120e-03
180.600000,3.783821213141e-03,4.776872360919e-03,5.230015502668e-03,5.137601134635e-03,5.044610682555e-03,4.970501562637e-03,4.909683981543e-03,4.793973231227e-03,4.737979878008e-03,4.807436118556e-03,4.693131520712e-03,4.567476223906e-03,4.455475638395e-03,4.362003173163e-03,4.268823211844e-03,4.179081137654e-03,4.089082231859e-03,4.016820122536e-03,3.955908712169e-03,3.884710430492e-03,3.828582596653e-03,3.772986676640e-03,3.717922670456e-03,3.680338629129e-03,2.283543435610e-03
181.100000,3.782384599896e-03,4.774505947538e-03,5.227352160823e-03,5.134999743470e-03,5.042071395885e-03,4.968010477034e-03,4.907233694090e-03,4.791597529357e-03,4.735668315776e-03,4.805079072714e-03,4.690857916346e-03,4.565296012900e-03,4.453377695534e-03,4.359973862992e-03,4.266862372809e-03,4.177186995337e-03,4.087254907914e-03,4.015046415572e-03,3.954178670322e-03,3.883033420933e-03,3.826946801060e-03,3.771391802665e-03,3.716368425733e-03,3.678811933952e-03,2.282849671990e-03
181.600000,3.780959546577e-03,4.772158957891e-03,5.224710679314e-03,5.132419703175e-03,5.039552949422e-03,4.965539836483e-03,4.904803516090e-03,4.789241325879e-03,4.733375702466e-03,4.802741347061e-03,4.688602939397e-03,4.563133652764e-03,4.451296920164e-03,4.357961150221e-03,4.264917562407e-03,4.175308327082e-03,4.085442502487e-03,4.013287181403e-03,3.952462739288e-03,3.881370081143e-03,3.825324332915e-03,3.769809916147e-03,3.714826830851e-03,3.677297659806e-03,2.282161525870e-03
182.100000,3.779545953568e-03,4.769831217617e-03,5.222090861736e-03,5.129860821929e-03,5.037055156020e-03,4.963089457388e-03,4.902393266994e-03,4.786904445796e-03,4.731101868380e-03,4.800422768583e-03,4.686366423253e-03,4.560988984083e-03,4.449233159203e-03,4.355964887042e-03,4.262988638065e-03,4.173444995458e-03,4.083644883291e-03,4.011542291838e-03,3.950760794226e-03,3.879720290381e-03,3.823715074612e-03,3.768240902644e-03,3.713297774478e-03,3.675795697465e-03,2.281478949260e-03
182.600000,3.778143722081e-03,4.767522554009e-03,5.219492513522e-03,5.127322909789e-03,5.034577830275e-03,4.960659157886e-03,4.900002767999e-03,4.784586715740e-03,4.728846645408e-03,4.798123165880e-03,4.684148202862e-03,4.558861848905e-03,4.447186260949e-03,4.353984926984e-03,4.261075458506e-03,4.171596864284e-03,4.081861919227e-03,4.009811619875e-03,3.949072711453e-03,3.878083928976e-03,3.822118909645e-03,3.766684648752e-03,3.711781146302e-03,3.674305938732e-03,2.280801894600e-03
183.100000,3.776752754217e-03,4.765232795933e-03,5.216915441920e-03,5.124805778532e-03,5.032120788545e-03,4.958248757867e-03,4.897631841935e-03,4.782287963935e-03,4.726609867035e-03,4.795842369185e-03,4.681948114714e-03,4.556752090791e-03,4.445156075124e-03,4.352021124933e-03,4.259177883811e-03,4.169763798628e-03,4.080093480426e-03,4.008095039684e-03,3.947398368394e-03,3.876460878377e-03,3.820535722551e-03,3.765141042090e-03,3.710276836996e-03,3.672828276340e-03,2.280130314730e-03
183.600000,3.775372952910e-03,4.762961773939e-03,5.214359455999e-03,5.122309241706e-03,5.029683848875e-03,4.955858078821e-03,4.895280313300e-03,4.780008020298e-03,4.724391368282e-03,4.793580210268e-03,4.679765996803e-03,4.554659554686e-03,4.443142452850e-03,4.350073337125e-03,4.257295775278e-03,4.167945664820e-03,4.078339438195e-03,4.006392426576e-03,3.945737643592e-03,3.874851021099e-03,3.818965398921e-03,3.763609971291e-03,3.708784738235e-03,3.671362604020e-03,2.279464162880e-03
184.100000,3.774004221962e-03,4.760709320067e-03,5.211824366623e-03,5.119833114655e-03,5.027266831069e-03,4.953486943993e-03,4.892948008258e-03,4.777746716253e-03,4.722190985695e-03,4.791336522510e-03,4.677601688646e-03,4.552584087060e-03,4.441145246634e-03,4.348141421120e-03,4.255428995540e-03,4.166142330408e-03,4.076599665025e-03,4.004703657004e-03,3.944090416722e-03,3.873254240738e-03,3.817407825373e-03,3.762091326019e-03,3.707304742675e-03,3.669908816463e-03,2.278803392680e-03
184.600000,3.772646465985e-03,4.758475268034e-03,5.209309986420e-03,5.117377214406e-03,5.024869556593e-03,4.951135178265e-03,4.890634754588e-03,4.775503884878e-03,4.720008557403e-03,4.789111140839e-03,4.675455031284e-03,4.550525535730e-03,4.439164310337e-03,4.346225235810e-03,4.253577408494e-03,4.164353664165e-03,4.074874034574e-03,4.003028608565e-03,3.942456568553e-03,3.871670421936e-03,3.815862889573e-03,3.760584996915e-03,3.705836743941e-03,3.668466809299e-03,2.278147958160e-03
185.100000,3.771299590462e-03,4.756259453024e-03,5.206816129791e-03,5.114941359753e-03,5.022491848602e-03,4.948802608144e-03,4.888340381684e-03,4.773279360741e-03,4.717843922981e-03,4.786903901730e-03,4.673325867189e-03,4.548483749996e-03,4.437199499193e-03,4.344324641366e-03,4.251740879265e-03,4.162579536084e-03,4.073162421676e-03,4.001367159988e-03,3.940835980922e-03,3.870099450404e-03,3.814330480219e-03,3.759090875625e-03,3.704380636627e-03,3.667036479115e-03,2.277497813750e-03
185.600000,3.769963501678e-03,4.754061711851e-03,5.204342612888e-03,5.112525371150e-03,5.020133531896e-03,4.946489061786e-03,4.886064720557e-03,4.771072980032e-03,4.715696923534e-03,4.784714643157e-03,4.671214040326e-03,4.546458580514e-03,4.435250669745e-03,4.342439499281e-03,4.249919274250e-03,4.160819817302e-03,4.071464702319e-03,3.999719191067e-03,3.939228536785e-03,3.868541212874e-03,3.812810486998e-03,3.757608854800e-03,3.702936316268e-03,3.665617723432e-03,2.276852914260e-03
186.100000,3.768638106734e-03,4.751881882771e-03,5.201889253574e-03,5.110129070731e-03,5.017794432899e-03,4.944194368950e-03,4.883807603787e-03,4.768884580428e-03,4.713567401663e-03,4.782543204652e-03,4.669119396127e-03,4.544449879340e-03,4.433317679892e-03,4.340569672323e-03,4.248112461064e-03,4.159074380216e-03,4.069780753582e-03,3.998084582716e-03,3.937634120132e-03,3.866995597135e-03,3.811302800609e-03,3.756138828023e-03,3.701503679354e-03,3.664210440687e-03,2.276213214870e-03
186.600000,3.767323313560e-03,4.749719805640e-03,5.199455871425e-03,5.107752282357e-03,5.015474379722e-03,4.941918360964e-03,4.881568865507e-03,4.766714001154e-03,4.711455201422e-03,4.780389427181e-03,4.667041781449e-03,4.542457499918e-03,4.431400388858e-03,4.338715024506e-03,4.246320308547e-03,4.157343098351e-03,4.068110453728e-03,3.996463216998e-03,3.936052616048e-03,3.865462491985e-03,3.809807312759e-03,3.754680689873e-03,3.700082623331e-03,3.662814530243e-03,2.275578671180e-03
187.100000,3.766019030889e-03,4.747575321757e-03,5.197042287718e-03,5.105394831489e-03,5.013173202052e-03,4.939660870807e-03,4.879348341446e-03,4.764561082928e-03,4.709360168312e-03,4.778253153277e-03,4.664981044557e-03,4.540481297047e-03,4.429498657150e-03,4.336875421152e-03,4.244542686757e-03,4.155625846417e-03,4.066453682114e-03,3.994854976969e-03,3.934483910621e-03,3.863941787244e-03,3.808323916127e-03,3.753234335895e-03,3.698673046534e-03,3.661429892381e-03,2.274949239140e-03
187.600000,3.764725168239e-03,4.745448273934e-03,5.194648325404e-03,5.103056545248e-03,5.010890731169e-03,4.937421732969e-03,4.877145868854e-03,4.762425667977e-03,4.707282149292e-03,4.776134226869e-03,4.662937035186e-03,4.538521126843e-03,4.427612346593e-03,4.335050728758e-03,4.242779466940e-03,4.153922500264e-03,4.064810319205e-03,3.993259746814e-03,3.932927891044e-03,3.862433373737e-03,3.806852504369e-03,3.751799662546e-03,3.697274848259e-03,3.660056428271e-03,2.274324875080e-03
188.100000,3.763441635942e-03,4.743338506459e-03,5.192273809105e-03,5.100737252363e-03,5.008626799931e-03,4.935200783490e-03,4.874961286492e-03,4.760307599998e-03,4.705220992758e-03,4.774032493404e-03,4.660909604409e-03,4.536576846853e-03,4.425741320274e-03,4.333240815141e-03,4.241030521558e-03,4.152232936898e-03,4.063180246583e-03,3.991677411748e-03,3.931384445501e-03,3.860937143284e-03,3.805392972124e-03,3.750376567257e-03,3.695887928703e-03,3.658694039989e-03,2.273705535710e-03
188.600000,3.762168345088e-03,4.741245865060e-03,5.189918565072e-03,5.098436783190e-03,5.006381242818e-03,4.932997859990e-03,4.872794434664e-03,4.758206724122e-03,4.703176548503e-03,4.771947799718e-03,4.658898604728e-03,4.534648315818e-03,4.423885442556e-03,4.331445549267e-03,4.239295724226e-03,4.150557034449e-03,4.061563346880e-03,3.990107858077e-03,3.929853463201e-03,3.859452988688e-03,3.803945214974e-03,3.748964948394e-03,3.694512188961e-03,3.657342630498e-03,2.273091178120e-03
189.100000,3.760905207580e-03,4.739170196939e-03,5.187582421204e-03,5.096154969657e-03,5.004153895787e-03,4.930812801570e-03,4.870645155119e-03,4.756122886999e-03,4.701148667721e-03,4.769879994107e-03,4.656903890022e-03,4.532735393915e-03,4.422044579064e-03,4.329664801354e-03,4.237574949725e-03,4.148894672186e-03,4.059959503845e-03,3.988550973108e-03,3.928334834383e-03,3.857980803739e-03,3.802509129461e-03,3.747564705219e-03,3.693147531024e-03,3.656002103629e-03,2.272481759760e-03
189.600000,3.759652136077e-03,4.737111350700e-03,5.185265207006e-03,5.093891645309e-03,5.001944596388e-03,4.928645448860e-03,4.868513291169e-03,4.754055936660e-03,4.699137203026e-03,4.767828926290e-03,4.654925315480e-03,4.530837942520e-03,4.420218596679e-03,4.327898442823e-03,4.235868073997e-03,4.147245730466e-03,4.058368602276e-03,3.987006645205e-03,3.926828450287e-03,3.856520483188e-03,3.801084613070e-03,3.746175737936e-03,3.691793857792e-03,3.654672364101e-03,2.271877238440e-03
190.100000,3.758409043994e-03,4.735069176385e-03,5.182966753592e-03,5.091646645178e-03,4.999753183668e-03,4.926495643989e-03,4.866398687509e-03,4.752005722564e-03,4.697142008375e-03,4.765794447368e-03,4.652962737713e-03,4.528955824367e-03,4.418407363477e-03,4.326146346266e-03,4.234174974148e-03,4.145610090779e-03,4.056790528039e-03,3.985474763752e-03,3.925334203133e-03,3.855071922763e-03,3.799671564226e-03,3.744797947640e-03,3.690451073015e-03,3.653353317473e-03,2.271277572330e-03
190.600000,3.757175845526e-03,4.733043525449e-03,5.180686893658e-03,5.089419805927e-03,4.997579498197e-03,4.924363230557e-03,4.864301190369e-03,4.749972095618e-03,4.695162939100e-03,4.763776409867e-03,4.651016014616e-03,4.527088903464e-03,4.416610748795e-03,4.324408385475e-03,4.232495528384e-03,4.143987635672e-03,4.055225168039e-03,3.983955219150e-03,3.923851986145e-03,3.853635019119e-03,3.798269882266e-03,3.743431236346e-03,3.689119081358e-03,3.652044870195e-03,2.270682719980e-03
191.100000,3.755952455607e-03,4.731034250701e-03,5.178425461466e-03,5.087210965706e-03,4.995423382029e-03,4.922248053621e-03,4.862220647348e-03,4.747954908085e-03,4.693199851879e-03,4.761774667646e-03,4.649085005430e-03,4.525237045025e-03,4.414828623202e-03,4.322684435390e-03,4.230829616084e-03,4.142378248792e-03,4.053672410247e-03,3.982447902795e-03,3.922381693526e-03,3.852209669888e-03,3.796879467457e-03,3.742075506931e-03,3.687797788314e-03,3.650746929526e-03,2.270092640270e-03
191.600000,3.754738789937e-03,4.729041206388e-03,5.176182292839e-03,5.085019964184e-03,4.993284678713e-03,4.920149959710e-03,4.860156907521e-03,4.745954013652e-03,4.691252604752e-03,4.759789075944e-03,4.647169570703e-03,4.523400115580e-03,4.413060858403e-03,4.320974372125e-03,4.229177117705e-03,4.140781814875e-03,4.052132143612e-03,3.980952707092e-03,3.920923220442e-03,3.850795773613e-03,3.795500220976e-03,3.740730663190e-03,3.686487100243e-03,3.649459403602e-03,2.269507292460e-03
192.100000,3.753534764936e-03,4.727064248065e-03,5.173957225153e-03,5.082846642558e-03,4.991163233252e-03,4.918068796790e-03,4.858109821375e-03,4.743969267328e-03,4.689321057045e-03,4.757819491366e-03,4.645269572283e-03,4.521577982861e-03,4.411307327326e-03,4.319278072943e-03,4.227537914804e-03,4.139198219695e-03,4.050604258157e-03,3.979469525423e-03,3.919476463008e-03,3.849393229756e-03,3.794132044890e-03,3.739396609760e-03,3.685186924388e-03,3.648182201365e-03,2.268926636130e-03
192.600000,3.752340297775e-03,4.725103232674e-03,5.171750097272e-03,5.080690843483e-03,4.989058892123e-03,4.916004414237e-03,4.856079240767e-03,4.742000525521e-03,4.687405069446e-03,4.755865771846e-03,4.643384873310e-03,4.519770515864e-03,4.409567904116e-03,4.317595416233e-03,4.225911890055e-03,4.137627350097e-03,4.049088644896e-03,3.977998252154e-03,3.918041318313e-03,3.848001938738e-03,3.792774842173e-03,3.738073252184e-03,3.683897168782e-03,3.646915232596e-03,2.268350631250e-03
193.100000,3.751155306343e-03,4.723158018486e-03,5.169560749611e-03,5.078552411122e-03,4.986971503197e-03,4.913956662854e-03,4.854065018978e-03,4.740047645974e-03,4.685504503889e-03,4.753927776653e-03,4.641515338194e-03,4.517977584753e-03,4.407842464027e-03,4.315926281503e-03,4.224298927209e-03,4.136069093950e-03,4.047585195832e-03,3.976538782624e-03,3.916617684385e-03,3.846621801864e-03,3.791428516671e-03,3.736760496836e-03,3.682617742340e-03,3.645658407894e-03,2.267779238090e-03
193.600000,3.749979709267e-03,4.721228465119e-03,5.167389024081e-03,5.076431191077e-03,4.984900915829e-03,4.911925394835e-03,4.852067010650e-03,4.738110487753e-03,4.683619223647e-03,4.752005366351e-03,4.639660832594e-03,4.516199060957e-03,4.406130883507e-03,4.314270549391e-03,4.222698911097e-03,4.134523340167e-03,4.046093803993e-03,3.975091013128e-03,3.915205460163e-03,3.845252721323e-03,3.790092973131e-03,3.735458250945e-03,3.681348554768e-03,3.644411638667e-03,2.267212417300e-03
194.100000,3.748813425881e-03,4.719314433472e-03,5.165234764053e-03,5.074327030407e-03,4.982846980756e-03,4.909910463770e-03,4.850085071779e-03,4.736188911262e-03,4.681749093254e-03,4.750098402812e-03,4.637821223471e-03,4.514434817061e-03,4.404433040125e-03,4.312628101637e-03,4.221111727603e-03,4.132989978701e-03,4.044614363365e-03,3.973654840919e-03,3.913804545552e-03,3.843894600245e-03,3.788768117140e-03,3.734166422603e-03,3.680089516634e-03,3.643174837119e-03,2.266650129840e-03
194.600000,3.747656376231e-03,4.717415785798e-03,5.163097814371e-03,5.072239777590e-03,4.980809550131e-03,4.907911724600e-03,4.848119059730e-03,4.734282778196e-03,4.679893978477e-03,4.748206749242e-03,4.635996378981e-03,4.512684726840e-03,4.402748812611e-03,4.310998821100e-03,4.219537263674e-03,4.131468900494e-03,4.043146768918e-03,3.972230164193e-03,3.912414841330e-03,3.842547342595e-03,3.787453855164e-03,3.732884920723e-03,3.678840539279e-03,3.641947916283e-03,2.266092337040e-03
195.100000,3.746508481059e-03,4.715532385567e-03,5.160978021366e-03,5.070169282580e-03,4.978788477449e-03,4.905929033660e-03,4.846168833179e-03,4.732391951549e-03,4.678053746374e-03,4.746330270030e-03,4.634186168506e-03,4.510948665294e-03,4.401078080785e-03,4.309382591686e-03,4.217975407299e-03,4.129959997513e-03,4.041690916587e-03,3.970816882063e-03,3.911036249227e-03,3.841210853269e-03,3.786150094519e-03,3.731613655061e-03,3.677601534875e-03,3.640730789954e-03,2.265539000540e-03
195.600000,3.745369661830e-03,4.713664097599e-03,5.158875232780e-03,5.068115396670e-03,4.976783617640e-03,4.903962248587e-03,4.844234252146e-03,4.730516295592e-03,4.676228265243e-03,4.744468830925e-03,4.632390462670e-03,4.509226508484e-03,4.399420725650e-03,4.307779298378e-03,4.216426047497e-03,4.128463162708e-03,4.040246703260e-03,3.969414894592e-03,3.909668671852e-03,3.839885037979e-03,3.784856743380e-03,3.730352536179e-03,3.676372416387e-03,3.639523372699e-03,2.264990082310e-03
196.100000,3.744239840688e-03,4.711810787946e-03,5.156789297792e-03,5.066077972592e-03,4.974794826954e-03,4.902011228394e-03,4.842315177970e-03,4.728655675903e-03,4.674417404594e-03,4.742622298886e-03,4.630609133315e-03,4.507518133725e-03,4.397776629252e-03,4.306188827261e-03,4.214889074334e-03,4.126978290025e-03,4.038814026813e-03,3.968024102749e-03,3.908312012710e-03,3.838569803355e-03,3.783573710740e-03,3.729101475476e-03,3.675153097566e-03,3.638325579903e-03,2.264445544670e-03
196.600000,3.743118940459e-03,4.709972323915e-03,5.154720067016e-03,5.064056864433e-03,4.972821963007e-03,4.900075833421e-03,4.840411473261e-03,4.726809959277e-03,4.672621035168e-03,4.740790542115e-03,4.628842053434e-03,4.505823419413e-03,4.396145674738e-03,4.304611065443e-03,4.213364378868e-03,4.125505274387e-03,4.037392785997e-03,3.966644408419e-03,3.906966176187e-03,3.837265056839e-03,3.782300906440e-03,3.727860385140e-03,3.673943492967e-03,3.637137327685e-03,2.263905350260e-03
197.100000,3.742006884665e-03,4.708148574090e-03,5.152667392425e-03,5.062051927690e-03,4.970864884768e-03,4.898155925256e-03,4.838523001939e-03,4.724979013778e-03,4.670839028906e-03,4.738973430051e-03,4.627089097224e-03,4.504142245099e-03,4.394527746354e-03,4.303045901078e-03,4.211851853171e-03,4.124044011708e-03,4.035982880531e-03,3.965275714396e-03,3.905631067557e-03,3.835970706736e-03,3.781038241131e-03,3.726629178184e-03,3.672743517897e-03,3.635958532937e-03,2.263369462020e-03
197.600000,3.740903597486e-03,4.706339408233e-03,5.150631127432e-03,5.060063019156e-03,4.968923452457e-03,4.896251366856e-03,4.836649629197e-03,4.723162708706e-03,4.669071258961e-03,4.737170833364e-03,4.625350140099e-03,4.502474491443e-03,4.392922729431e-03,4.301493223406e-03,4.210351390333e-03,4.122594398813e-03,4.034584211087e-03,3.963917924338e-03,3.904306592965e-03,3.834686662197e-03,3.779785626298e-03,3.725407768380e-03,3.671553088452e-03,3.634789113309e-03,2.262837843250e-03
198.100000,3.739809003802e-03,4.704544697368e-03,5.148611126789e-03,5.058089997011e-03,4.966997527687e-03,4.894362022412e-03,4.834791221486e-03,4.721360914577e-03,4.667317599653e-03,4.735382623907e-03,4.623625058541e-03,4.500820040236e-03,4.391330510359e-03,4.299952922599e-03,4.208862884422e-03,4.121156333514e-03,4.033196679185e-03,3.962570942835e-03,3.902992659403e-03,3.833412833199e-03,3.778542974218e-03,3.724196070319e-03,3.670372121498e-03,3.633628987207e-03,2.262310457540e-03
198.600000,3.738723029121e-03,4.702764313716e-03,5.146607246623e-03,5.056132720766e-03,4.965086973326e-03,4.892487757424e-03,4.832947646527e-03,4.719573503142e-03,4.665577926477e-03,4.733608674746e-03,4.621913730263e-03,4.499178774341e-03,4.389750976570e-03,4.298424889963e-03,4.207386230462e-03,4.119729714588e-03,4.031820187310e-03,3.961234675302e-03,3.901689174722e-03,3.832149130543e-03,3.777310197992e-03,3.722993999354e-03,3.669200534627e-03,3.632478073773e-03,2.261787268820e-03
199.100000,3.737645599649e-03,4.700998130679e-03,5.144619344429e-03,5.054191051214e-03,4.963191653543e-03,4.890628438640e-03,4.831118773243e-03,4.717800347324e-03,4.663852116107e-03,4.731848860139e-03,4.620216034098e-03,4.497550577757e-03,4.388184016554e-03,4.296909017719e-03,4.205921324482e-03,4.118314441702e-03,4.030454638819e-03,3.959909028077e-03,3.900396047629e-03,3.830895465846e-03,3.776087211494e-03,3.721801471617e-03,3.668038246226e-03,3.631336292879e-03,2.261268241300e-03
199.600000,3.736576642206e-03,4.699246022873e-03,5.142647279001e-03,5.052264850500e-03,4.961311433778e-03,4.888783934042e-03,4.829304471815e-03,4.716041321249e-03,4.662140046347e-03,4.730103055505e-03,4.618531850011e-03,4.495935335467e-03,4.386629519836e-03,4.295405199118e-03,4.204468063463e-03,4.116910415459e-03,4.029099937976e-03,3.958593908315e-03,3.899113187666e-03,3.829651751548e-03,3.774873929398e-03,3.720618404016e-03,3.666885175404e-03,3.630203565121e-03,2.260753339540e-03
200.100000,3.735516084300e-03,4.697507866085e-03,5.140690910509e-03,5.050353982043e-03,4.959446180717e-03,4.886954112871e-03,4.827504613654e-03,4.714296300242e-03,4.660441596161e-03,4.728371137436e-03,4.616861059042e-03,4.494332933648e-03,4.385087376951e-03,4.293913328418e-03,4.203026345328e-03,4.115517537409e-03,4.027755989894e-03,3.957289224045e-03,3.897840505211e-03,3.828417900878e-03,3.773670267152e-03,3.719444714199e-03,3.665741241990e-03,3.629079811861e-03,2.260242528390e-03
200.600000,3.734463854060e-03,4.695783537234e-03,5.138750100386e-03,5.048458310532e-03,4.957595762325e-03,4.885138845593e-03,4.825719071342e-03,4.712565160764e-03,4.658756645637e-03,4.726652983682e-03,4.615203543432e-03,4.492743259471e-03,4.383557479483e-03,4.292433300847e-03,4.201596068965e-03,4.114135709990e-03,4.026422700602e-03,3.955994884147e-03,3.896577911442e-03,3.827193827860e-03,3.772476140999e-03,3.718280320573e-03,3.664606366580e-03,3.627964955122e-03,2.259735773000e-03
201.100000,3.733419880246e-03,4.694072914447e-03,5.136824711388e-03,5.046577701930e-03,4.955760047801e-03,4.883338003881e-03,4.823947718678e-03,4.710847780458e-03,4.657085075997e-03,4.724948473109e-03,4.613559186454e-03,4.491166201127e-03,4.382039719973e-03,4.290965012607e-03,4.200177134191e-03,4.112764836538e-03,4.025099976962e-03,3.954710798342e-03,3.895325318377e-03,3.825979447308e-03,3.771291467913e-03,3.717125142302e-03,3.663480470469e-03,3.626858917664e-03,2.259233038830e-03
201.600000,3.732384092272e-03,4.692375876942e-03,5.134914607561e-03,5.044712023489e-03,4.953938907535e-03,4.881551460613e-03,4.822190430621e-03,4.709144038099e-03,4.655426769541e-03,4.723257485747e-03,4.611927872461e-03,4.489601647934e-03,4.380533992027e-03,4.289508360858e-03,4.198769441729e-03,4.111404821293e-03,4.023787726725e-03,3.953436877162e-03,3.894082638840e-03,3.824774674843e-03,3.770116165671e-03,3.715979099277e-03,3.662363475678e-03,3.625761622955e-03,2.258734291650e-03
202.100000,3.731356420151e-03,4.690692305104e-03,5.133019654254e-03,5.042861143668e-03,4.952132213160e-03,4.879779089866e-03,4.820447083341e-03,4.707453813611e-03,4.653781609703e-03,4.721579902732e-03,4.610309486929e-03,4.488049490145e-03,4.379040190205e-03,4.288063243692e-03,4.197372893273e-03,4.110055569384e-03,4.022485858480e-03,3.952173031972e-03,3.892849786448e-03,3.823579426813e-03,3.768950152757e-03,3.714842112141e-03,3.661255304942e-03,3.624672995148e-03,2.258239497530e-03
202.600000,3.730336794564e-03,4.689022080424e-03,5.131139718003e-03,5.041024932173e-03,4.950339837539e-03,4.878020766871e-03,4.818717554133e-03,4.705776988042e-03,4.652149480992e-03,4.719915606325e-03,4.608703916382e-03,4.486509619130e-03,4.377558210043e-03,4.286629560199e-03,4.195987391359e-03,4.108716986794e-03,4.021194281637e-03,3.950919174974e-03,3.891626675618e-03,3.822393620373e-03,3.767793348444e-03,3.713714102220e-03,3.660155881717e-03,3.623592959107e-03,2.257748622820e-03
203.100000,3.729325146761e-03,4.687365085492e-03,5.129274666694e-03,5.039203259935e-03,4.948561654700e-03,4.876276368103e-03,4.817001721484e-03,4.704113443544e-03,4.650530268987e-03,4.718264479838e-03,4.607111048377e-03,4.484981927185e-03,4.376087948041e-03,4.285207210352e-03,4.194612839490e-03,4.107388980410e-03,4.019912906494e-03,3.949675219155e-03,3.890413221553e-03,3.821217173429e-03,3.766645672723e-03,3.712594991609e-03,3.659065130111e-03,3.622521440362e-03,2.257261634180e-03
203.600000,3.728321408620e-03,4.685721204046e-03,5.127424369400e-03,5.037395999095e-03,4.946797539849e-03,4.874545771097e-03,4.815299464968e-03,4.702463063387e-03,4.648923860357e-03,4.716626407766e-03,4.605530771609e-03,4.483466307682e-03,4.374629301677e-03,4.283796095096e-03,4.193249142041e-03,4.106071457949e-03,4.018641644127e-03,3.948441078310e-03,3.889209340252e-03,3.820050004641e-03,3.765507046319e-03,3.711484703097e-03,3.657982974987e-03,3.621458365139e-03,2.256778498540e-03
204.100000,3.727325512628e-03,4.684090320882e-03,5.125588696413e-03,5.035603023018e-03,4.945047369376e-03,4.872828854599e-03,4.813610665328e-03,4.700825731950e-03,4.647330142822e-03,4.715001275596e-03,4.603962975701e-03,4.481962654926e-03,4.373182169410e-03,4.282396116280e-03,4.191896204250e-03,4.104764328001e-03,4.017380406461e-03,3.947216667028e-03,3.888014948457e-03,3.818892033396e-03,3.764377390689e-03,3.710383160177e-03,3.656909341850e-03,3.620403660321e-03,2.256299183160e-03
204.600000,3.726337391885e-03,4.682472321846e-03,5.123767519266e-03,5.033824206217e-03,4.943311020813e-03,4.871125498504e-03,4.811935204414e-03,4.699201334637e-03,4.645749005153e-03,4.713388969938e-03,4.602407551378e-03,4.480470864266e-03,4.371746450585e-03,4.281007176679e-03,4.190553932265e-03,4.103467500008e-03,4.016129106229e-03,3.946001900693e-03,3.886829963701e-03,3.817743179854e-03,3.763256628020e-03,3.709290287037e-03,3.655844156897e-03,3.619357253474e-03,2.255823655550e-03
205.100000,3.725356980070e-03,4.680867093916e-03,5.121960710700e-03,5.032059424421e-03,4.941588372850e-03,4.869435583780e-03,4.810272965196e-03,4.697589758004e-03,4.644180337153e-03,4.711789378429e-03,4.600864390348e-03,4.478990831959e-03,4.370322045537e-03,4.279629179908e-03,4.189222233085e-03,4.102180884224e-03,4.014887656963e-03,3.944796695456e-03,3.885654304269e-03,3.816603364891e-03,3.762144681204e-03,3.708206008572e-03,3.654787347014e-03,3.618319072816e-03,2.255351883510e-03
205.600000,3.724384211451e-03,4.679274525111e-03,5.120168144650e-03,5.030308554496e-03,4.939879305352e-03,4.867758992551e-03,4.808623831721e-03,4.695990889636e-03,4.642624029685e-03,4.710202389803e-03,4.599333385375e-03,4.477522455287e-03,4.368908855490e-03,4.278262030585e-03,4.187901014597e-03,4.100904391755e-03,4.013655972998e-03,3.943600968262e-03,3.884487889191e-03,3.815472510104e-03,3.761041473829e-03,3.707130250368e-03,3.653738839749e-03,3.617289047220e-03,2.254883835150e-03
206.100000,3.723419020896e-03,4.677694504455e-03,5.118389696233e-03,5.028571474476e-03,4.938183699253e-03,4.866095608047e-03,4.806987689123e-03,4.694404618140e-03,4.641079974593e-03,4.708627893773e-03,4.597814430192e-03,4.476065632482e-03,4.367506782591e-03,4.276905634102e-03,4.186590185499e-03,4.099637934522e-03,4.012433969469e-03,3.942414636796e-03,3.883330638253e-03,3.814350537844e-03,3.759946930198e-03,3.706062938685e-03,3.652698563297e-03,3.616267106215e-03,2.254419478840e-03
206.600000,3.722461343856e-03,4.676126922090e-03,5.116625241747e-03,5.026848063569e-03,4.936501436649e-03,4.864445314581e-03,4.805364423654e-03,4.692830833237e-03,4.639548064747e-03,4.707065781138e-03,4.596307419526e-03,4.474620262684e-03,4.366115729927e-03,4.275559896810e-03,4.185289655389e-03,4.098381425268e-03,4.011221562288e-03,3.941237619533e-03,3.882182471985e-03,3.813237371141e-03,3.758860975318e-03,3.705004000450e-03,3.651666446535e-03,3.615253179984e-03,2.253958783210e-03
207.100000,3.721511116332e-03,4.674571669139e-03,5.114874658626e-03,5.025138202049e-03,4.934832400727e-03,4.862807997572e-03,4.803753922585e-03,4.691269425630e-03,4.638028194053e-03,4.705515943696e-03,4.594812249079e-03,4.473186246030e-03,4.364735601489e-03,4.274224725906e-03,4.183999334672e-03,4.097134777542e-03,4.010018668141e-03,3.940069835673e-03,3.881043311643e-03,3.812132933735e-03,3.757783534879e-03,3.703953363295e-03,3.650642418986e-03,3.614247199336e-03,2.253501717210e-03
207.600000,3.720568274935e-03,4.673028637757e-03,5.113137825478e-03,5.023441771421e-03,4.933176475774e-03,4.861183543503e-03,4.802156074282e-03,4.689720287078e-03,4.636520257373e-03,4.703978274268e-03,4.593328815575e-03,4.471763483542e-03,4.363366302115e-03,4.272900029446e-03,4.182719134584e-03,4.095897905709e-03,4.008825204500e-03,3.938911205177e-03,3.879913079210e-03,3.811037150106e-03,3.756714535236e-03,3.702910955472e-03,3.649626410807e-03,3.613249095704e-03,2.253048250020e-03
208.100000,3.719632756824e-03,4.671497721113e-03,5.111414622085e-03,5.021758654200e-03,4.931533547160e-03,4.859571839903e-03,4.800570768140e-03,4.688183310345e-03,4.635024150559e-03,4.702452666684e-03,4.591857016650e-03,4.470351877197e-03,4.362007737565e-03,4.271585716348e-03,4.181448967202e-03,4.094670724885e-03,4.007641089577e-03,3.937761648756e-03,3.878791697379e-03,3.809949945381e-03,3.755653903448e-03,3.701876705916e-03,3.648618352805e-03,3.612258801185e-03,2.252598351130e-03
208.600000,3.718704499707e-03,4.669978813399e-03,5.109704929294e-03,5.020088734042e-03,4.929903501343e-03,4.857972775413e-03,4.798997894600e-03,4.686658389191e-03,4.633539770427e-03,4.700939015719e-03,4.590396750934e-03,4.468951329869e-03,4.360659814497e-03,4.270281696368e-03,4.180188745401e-03,4.093453151019e-03,4.006466242368e-03,3.936621087829e-03,3.877679089581e-03,3.808871245409e-03,3.754601567221e-03,3.700850544233e-03,3.647618176417e-03,3.611276248442e-03,2.252151990260e-03
209.100000,3.717783441876e-03,4.668471809773e-03,5.108008629116e-03,5.018431895728e-03,4.928286225833e-03,4.856386239641e-03,4.797437345130e-03,4.685145418389e-03,4.632067014803e-03,4.699437217195e-03,4.588947917992e-03,4.467561745358e-03,4.359322440380e-03,4.268987880119e-03,4.178938382890e-03,4.092245100830e-03,4.005300582604e-03,3.935489444549e-03,3.876575179922e-03,3.807800976704e-03,3.753557454957e-03,3.699832400633e-03,3.646625813708e-03,3.610301370815e-03,2.251709137440e-03
209.600000,3.716869522152e-03,4.666976606376e-03,5.106325604659e-03,5.016788025094e-03,4.926681609221e-03,4.854812123326e-03,4.795889012235e-03,4.683644293707e-03,4.630605782452e-03,4.697947167897e-03,4.587510418311e-03,4.466183028346e-03,4.357995523607e-03,4.267704179037e-03,4.177697794166e-03,4.091046491783e-03,4.004144030754e-03,3.934366641808e-03,3.875479893245e-03,3.806739066484e-03,3.752521495701e-03,3.698822206000e-03,3.645641197390e-03,3.609334102222e-03,2.251269762930e-03
210.100000,3.715962679928e-03,4.665493100349e-03,5.104655740127e-03,5.015157009044e-03,4.925089541118e-03,4.853250318155e-03,4.794352789388e-03,4.682154911875e-03,4.629155973063e-03,4.696468765568e-03,4.586084153348e-03,4.464815084409e-03,4.356678973377e-03,4.266430505375e-03,4.176466894518e-03,4.089857242145e-03,4.002996508042e-03,3.933252603188e-03,3.874393155062e-03,3.805685442617e-03,3.751493619129e-03,3.697819891838e-03,3.644664260753e-03,3.608374377188e-03,2.250833837270e-03
210.600000,3.715062855114e-03,4.664021189799e-03,5.102998920843e-03,5.013538735576e-03,4.923509912195e-03,4.851700716875e-03,4.792828571125e-03,4.680677170592e-03,4.627717487275e-03,4.695001908894e-03,4.584669025452e-03,4.463457820009e-03,4.355372699786e-03,4.265166772223e-03,4.175245600025e-03,4.088677270929e-03,4.001857936420e-03,3.932147252993e-03,3.873314891583e-03,3.804640033632e-03,3.750473755594e-03,3.696825390302e-03,3.643694937724e-03,3.607422130840e-03,2.250401331250e-03
211.100000,3.714169988188e-03,4.662560773771e-03,5.101355033166e-03,5.011933093705e-03,4.921942614153e-03,4.850163213250e-03,4.791316252922e-03,4.679210968562e-03,4.626290226681e-03,4.693546497535e-03,4.583264937894e-03,4.462111142481e-03,4.354076613721e-03,4.263912893449e-03,4.174033827554e-03,4.087506497877e-03,4.000728238531e-03,3.931050516228e-03,3.872245029704e-03,3.803602768729e-03,3.749461836096e-03,3.695838634138e-03,3.642733162844e-03,3.606477298917e-03,2.249972215940e-03
211.600000,3.713284020142e-03,4.661111752292e-03,5.099723964569e-03,5.010339973522e-03,4.920387539685e-03,4.848637702005e-03,4.789815731248e-03,4.677756205385e-03,4.624874093794e-03,4.692102432088e-03,4.581871794870e-03,4.460774960031e-03,4.352790626938e-03,4.262668783767e-03,4.172831494751e-03,4.086344843519e-03,3.999607337782e-03,3.929962318583e-03,3.871183496977e-03,3.802573577761e-03,3.748457792258e-03,3.694859556745e-03,3.641778871227e-03,3.605539817738e-03,2.249546462640e-03
212.100000,3.712404892498e-03,4.659674026286e-03,5.098105603538e-03,5.008759266135e-03,4.918844582532e-03,4.847124078891e-03,4.788326903572e-03,4.676312781635e-03,4.623468992021e-03,4.690669614090e-03,4.580489501450e-03,4.459449181718e-03,4.351514651998e-03,4.261434358647e-03,4.171638520008e-03,4.085192229101e-03,3.998495158272e-03,3.928882586435e-03,3.870130221661e-03,3.801552391230e-03,3.747461556318e-03,3.693888092125e-03,3.640831998630e-03,3.604609624187e-03,2.249124042930e-03
212.600000,3.711532547321e-03,4.658247497652e-03,5.096499839669e-03,5.007190863706e-03,4.917313637407e-03,4.845622240641e-03,4.786849668325e-03,4.674880598828e-03,4.622074825692e-03,4.689247945986e-03,4.579117963584e-03,4.458133717473e-03,4.350248602271e-03,4.260209534377e-03,4.170454822479e-03,4.084048576610e-03,3.997391624790e-03,3.927811246851e-03,3.869085132643e-03,3.800539140286e-03,3.746473061176e-03,3.692924174868e-03,3.639892481354e-03,3.603686655769e-03,2.248704928620e-03
213.100000,3.710666927189e-03,4.656832069180e-03,5.094906563542e-03,5.005634659364e-03,4.915794600032e-03,4.844132084922e-03,4.785383924846e-03,4.673459559394e-03,4.620691500011e-03,4.687837331131e-03,4.577757088169e-03,4.456828478018e-03,4.348992391963e-03,4.258994228009e-03,4.169280322110e-03,4.082913808725e-03,3.996296662859e-03,3.926748227585e-03,3.868048159490e-03,3.799533756694e-03,3.745492240328e-03,3.691967740199e-03,3.638960256309e-03,3.602770850521e-03,2.248289091780e-03
213.600000,3.709807975192e-03,4.655427644580e-03,5.093325666793e-03,5.004090547282e-03,4.914287367108e-03,4.842653510394e-03,4.783929573469e-03,4.672049566663e-03,4.619318921123e-03,4.686437673826e-03,4.576406782890e-03,4.455533374967e-03,4.347745936070e-03,4.257788357398e-03,4.168114939550e-03,4.081787848905e-03,3.995210198651e-03,3.925693457044e-03,3.867019232416e-03,3.798536172871e-03,3.744519027878e-03,3.691018723913e-03,3.638035260995e-03,3.601862147098e-03,2.247876504730e-03
214.100000,3.708955634926e-03,4.654034128515e-03,5.091757042095e-03,5.002558422632e-03,4.912791836297e-03,4.841186416710e-03,4.782486515494e-03,4.670650524926e-03,4.617956995998e-03,4.685048879232e-03,4.575066956347e-03,4.454248320732e-03,4.346509150366e-03,4.256591841129e-03,4.166958596196e-03,4.080670621274e-03,3.994132159052e-03,3.924646864300e-03,3.865998282276e-03,3.797546321865e-03,3.743553358557e-03,3.690077062431e-03,3.637117433458e-03,3.600960484665e-03,2.247467140040e-03
214.600000,3.708109850523e-03,4.652651426486e-03,5.090200583109e-03,5.001038181559e-03,4.911307906250e-03,4.839730704376e-03,4.781054653086e-03,4.669262339346e-03,4.616605632532e-03,4.683670853414e-03,4.573737517997e-03,4.452973228571e-03,4.345281951447e-03,4.255404598542e-03,4.165811214203e-03,4.079562050679e-03,3.993062471631e-03,3.923608379112e-03,3.864985240588e-03,3.796564137312e-03,3.742595167707e-03,3.689142692719e-03,3.636206712361e-03,3.600065802998e-03,2.247060970520e-03
215.100000,3.707270566589e-03,4.651279444922e-03,5.088656184516e-03,4.999529721194e-03,4.909835476559e-03,4.838286274923e-03,4.779633889355e-03,4.667884915963e-03,4.615264739457e-03,4.682303503330e-03,4.572418378132e-03,4.451708012525e-03,4.344064256682e-03,4.254226549798e-03,4.164672716441e-03,4.078462062681e-03,3.992001064616e-03,3.922577931845e-03,3.863980039481e-03,3.795589553503e-03,3.741644391240e-03,3.688215552370e-03,3.635303036889e-03,3.599178042401e-03,2.246657969220e-03
215.600000,3.706437728256e-03,4.649918091111e-03,5.087123741982e-03,4.998032939644e-03,4.908374447754e-03,4.836853030780e-03,4.778224128346e-03,4.666518161747e-03,4.613934226352e-03,4.680946736819e-03,4.571109447905e-03,4.450452587459e-03,4.342855984183e-03,4.253057615732e-03,4.163543026475e-03,4.077370583504e-03,3.990947866907e-03,3.921555453548e-03,3.862982611738e-03,3.794622505317e-03,3.740700965680e-03,3.687295579519e-03,3.634406346820e-03,3.598297143725e-03,2.246258109430e-03
216.100000,3.705611281127e-03,4.648567273249e-03,5.085603152181e-03,4.996547735973e-03,4.906924721325e-03,4.835430875284e-03,4.776825274992e-03,4.665161984504e-03,4.612614003683e-03,4.679600462564e-03,4.569810639296e-03,4.449206869036e-03,4.341657052839e-03,4.251897717939e-03,4.162422068607e-03,4.076287540092e-03,3.989902808077e-03,3.920540875898e-03,3.861992890732e-03,3.793662928235e-03,3.739764828137e-03,3.686382712878e-03,3.633516582460e-03,3.597423048392e-03,2.245861364680e-03
216.600000,3.704791171320e-03,4.647226900350e-03,5.084094312713e-03,4.995074010207e-03,4.905486199691e-03,4.834019712712e-03,4.775437235126e-03,4.663816292939e-03,4.611303982742e-03,4.678264590116e-03,4.568521865108e-03,4.447970773717e-03,4.340467382350e-03,4.250746778790e-03,4.161309767888e-03,4.075212860061e-03,3.988865818336e-03,3.919534131218e-03,3.861010810488e-03,3.792710758341e-03,3.738835916307e-03,3.685476891760e-03,3.632633684701e-03,3.596555698344e-03,2.245467708760e-03
217.100000,3.703977345421e-03,4.645896882333e-03,5.082597122210e-03,4.993611663311e-03,4.904058786182e-03,4.832619448214e-03,4.774059915470e-03,4.662480996601e-03,4.610004075643e-03,4.676939029881e-03,4.567243038981e-03,4.446744218732e-03,4.339286893116e-03,4.249604721320e-03,4.160206049978e-03,4.074146471694e-03,3.987836828572e-03,3.918535152443e-03,3.860036305636e-03,3.791765932320e-03,3.737914168457e-03,3.684578055995e-03,3.631757594954e-03,3.595695036062e-03,2.245077115650e-03
217.600000,3.703169750532e-03,4.644577129972e-03,5.081111480214e-03,4.992160597183e-03,4.902642385055e-03,4.831229987861e-03,4.772693223637e-03,4.661156005916e-03,4.608714195367e-03,4.675623693133e-03,4.565974075330e-03,4.445527122107e-03,4.338115506295e-03,4.248471469341e-03,4.159110841318e-03,4.073088303944e-03,3.986815770297e-03,3.917543873143e-03,3.859069311408e-03,3.790828387432e-03,3.736999523423e-03,3.683686146006e-03,3.630888255183e-03,3.594841004567e-03,2.244689559590e-03
218.100000,3.702368334190e-03,4.643267554828e-03,5.079637287263e-03,4.990720714658e-03,4.901236901457e-03,4.829851238609e-03,4.771337068109e-03,4.659841232144e-03,4.607434255666e-03,4.674318491937e-03,4.564714889412e-03,4.444319402627e-03,4.336953143804e-03,4.247346947338e-03,4.158024068976e-03,4.072038286452e-03,3.985802575659e-03,3.916560227525e-03,3.858109763644e-03,3.789898061532e-03,3.736091920634e-03,3.682801102756e-03,3.630025607882e-03,3.593993547402e-03,2.244305015070e-03
218.600000,3.701573044432e-03,4.641968069356e-03,5.078174444786e-03,4.989291919474e-03,4.899842241425e-03,4.828483108304e-03,4.769991358219e-03,4.658536587361e-03,4.606164171147e-03,4.673023339233e-03,4.563465397289e-03,4.443120979833e-03,4.335799728260e-03,4.246231080541e-03,4.156945660749e-03,4.070996349486e-03,3.984797177466e-03,3.915584150370e-03,3.857157598787e-03,3.788974893050e-03,3.735191300053e-03,3.681922867734e-03,3.629169596099e-03,3.593152608630e-03,2.243923456760e-03
219.100000,3.700783829781e-03,4.640678586826e-03,5.076722855175e-03,4.987874116308e-03,4.898458311935e-03,4.827125505616e-03,4.768656004184e-03,4.657241984531e-03,4.604903857213e-03,4.671738148736e-03,4.562225515796e-03,4.441931774057e-03,4.334655183052e-03,4.245123794848e-03,4.155875545098e-03,4.069962424000e-03,3.983799509135e-03,3.914615577106e-03,3.856212753863e-03,3.788058820981e-03,3.734297602219e-03,3.681051383021e-03,3.628320163386e-03,3.592318132835e-03,2.243544859600e-03
219.600000,3.700000639206e-03,4.639399021306e-03,5.075282421751e-03,4.986467210739e-03,4.897085020799e-03,4.825778340145e-03,4.767330917068e-03,4.655957337396e-03,4.603653230045e-03,4.670462835043e-03,4.560995162550e-03,4.440751706359e-03,4.333519432251e-03,4.244025016881e-03,4.154813651142e-03,4.068936441571e-03,3.982809504704e-03,3.913654443757e-03,3.855275166506e-03,3.787149784915e-03,3.733410768207e-03,3.680186591187e-03,3.627477253846e-03,3.591490065136e-03,2.243169198740e-03
220.100000,3.699223422150e-03,4.638129287706e-03,5.073853048742e-03,4.985071109202e-03,4.895722276692e-03,4.824441522313e-03,4.766016008748e-03,4.654682560516e-03,4.602412206640e-03,4.669197313491e-03,4.559774255945e-03,4.439580698521e-03,4.332392400684e-03,4.242934673928e-03,4.153759908678e-03,4.067918334410e-03,3.981827098831e-03,3.912700686922e-03,3.854344774896e-03,3.786247724975e-03,3.732530739671e-03,3.679328435370e-03,3.626640812066e-03,3.590668351117e-03,2.242796449560e-03
220.600000,3.698452128512e-03,4.636869301729e-03,5.072434641297e-03,4.983685719077e-03,4.894369989215e-03,4.823114963417e-03,4.764711191972e-03,4.653417569285e-03,4.601180704781e-03,4.667941500236e-03,4.558562715165e-03,4.438418673092e-03,4.331274013812e-03,4.241852693991e-03,4.152714248176e-03,4.066908035396e-03,3.980852226802e-03,3.911754243815e-03,3.853421517824e-03,3.785352581855e-03,3.731657458779e-03,3.678476859219e-03,3.625810783177e-03,3.589852936912e-03,2.242426587650e-03
221.100000,3.697686708657e-03,4.635618979882e-03,5.071027105443e-03,4.982310948571e-03,4.893028068770e-03,4.821798575541e-03,4.763416380297e-03,4.652162279893e-03,4.599958643016e-03,4.666695312265e-03,4.557360460155e-03,4.437265553382e-03,4.330164197902e-03,4.240779005736e-03,4.151676600705e-03,4.065905478022e-03,3.979884824499e-03,3.910815052239e-03,3.852505334636e-03,3.784464296812e-03,3.730790868258e-03,3.677631806922e-03,3.624987112815e-03,3.589043769127e-03,2.242059588830e-03
221.600000,3.696927113394e-03,4.634378239479e-03,5.069630348127e-03,4.980946706793e-03,4.891696426654e-03,4.820492271674e-03,4.762131488101e-03,4.650916609325e-03,4.598745940677e-03,4.665458667304e-03,4.556167411601e-03,4.436121263367e-03,4.329062879831e-03,4.239713538461e-03,4.150646898059e-03,4.064910596389e-03,3.978924828385e-03,3.909883050566e-03,3.851596165259e-03,3.783582811637e-03,3.729930911361e-03,3.676793223188e-03,3.624169747110e-03,3.588240794878e-03,2.241695429130e-03
222.100000,3.696173293973e-03,4.633146998577e-03,5.068244277181e-03,4.979592903709e-03,4.890374974957e-03,4.819195965596e-03,4.760856430614e-03,4.649680475352e-03,4.597542517853e-03,4.664231483905e-03,4.554983490946e-03,4.434985727758e-03,4.327969987216e-03,4.238656222219e-03,4.149625072632e-03,4.063923325253e-03,3.977972175559e-03,3.908958177762e-03,3.850693950178e-03,3.782708068664e-03,3.729077531864e-03,3.675961053215e-03,3.623358632707e-03,3.587443961769e-03,2.241334084820e-03
222.600000,3.695425202119e-03,4.631925176075e-03,5.066868801271e-03,4.978249450160e-03,4.889063626654e-03,4.817909571888e-03,4.759591123792e-03,4.648453796523e-03,4.596348295383e-03,4.663013681340e-03,4.553808620380e-03,4.433858872008e-03,4.326885448328e-03,4.237606987634e-03,4.148611057447e-03,4.062943599957e-03,3.977026803676e-03,3.908040373347e-03,3.849798630429e-03,3.781840010793e-03,3.728230674090e-03,3.675135242751e-03,3.622553716754e-03,3.586653217898e-03,2.240975532350e-03
223.100000,3.694682789976e-03,4.630712691593e-03,5.065503829991e-03,4.976916257781e-03,4.887762295531e-03,4.816633005981e-03,4.758335484484e-03,4.647236492165e-03,4.595163194887e-03,4.661805179692e-03,4.552642722835e-03,4.432740622241e-03,4.325809192137e-03,4.236565766054e-03,4.147604786188e-03,4.061971356473e-03,3.976088651011e-03,3.907129577432e-03,3.848910147604e-03,3.780978581428e-03,3.727390282873e-03,3.674315738019e-03,3.621754946874e-03,3.585868511849e-03,2.240619748420e-03
223.600000,3.693946010132e-03,4.629509465527e-03,5.064149273769e-03,4.975593239132e-03,4.886470896181e-03,4.815366184110e-03,4.757089430252e-03,4.646028482386e-03,4.593987138697e-03,4.660605899779e-03,4.551485721996e-03,4.431630905294e-03,4.324741148275e-03,4.235532489426e-03,4.146606193138e-03,4.061006531355e-03,3.975157656386e-03,3.906225730668e-03,3.848028443859e-03,3.780123724529e-03,3.726556303552e-03,3.673502485771e-03,3.620962271189e-03,3.585089792664e-03,2.240266709920e-03
224.100000,3.693214815603e-03,4.628315419051e-03,5.062805043869e-03,4.974280307550e-03,4.885189344035e-03,4.814109023278e-03,4.755852879502e-03,4.644829688040e-03,4.592820049916e-03,4.659415763199e-03,4.550337542206e-03,4.430529648725e-03,4.323681247063e-03,4.234507090381e-03,4.145615213221e-03,4.060049061767e-03,3.974233759228e-03,3.905328774298e-03,3.847153461875e-03,3.779275384569e-03,3.725728681999e-03,3.672695433252e-03,3.620175638308e-03,3.584317009897e-03,2.239916393950e-03
224.600000,3.692489159863e-03,4.627130474092e-03,5.061471052459e-03,4.972977377193e-03,4.883917555323e-03,4.812861441313e-03,4.754625751390e-03,4.643640030749e-03,4.591661852349e-03,4.658234692256e-03,4.549198108608e-03,4.429436780730e-03,4.322629419441e-03,4.233489502170e-03,4.144631781974e-03,4.059098885472e-03,3.973316899518e-03,3.904438650076e-03,3.846285144882e-03,3.778433506534e-03,3.724907364592e-03,3.671894528191e-03,3.619394997335e-03,3.583550113548e-03,2.239568777820e-03
225.100000,3.691768996777e-03,4.625954553278e-03,5.060147212485e-03,4.971684363077e-03,4.882655447064e-03,4.811623356810e-03,4.753407965859e-03,4.642459432860e-03,4.590512470530e-03,4.657062610012e-03,4.548067346997e-03,4.428352230203e-03,4.321585597030e-03,4.232479658649e-03,4.143655835544e-03,4.058155940816e-03,3.972407017809e-03,3.903555300343e-03,3.845423436645e-03,3.777598035951e-03,3.724092298180e-03,3.671099718810e-03,3.618620297829e-03,3.582789054089e-03,2.239223839060e-03
225.600000,3.691054280677e-03,4.624787580044e-03,5.058833437770e-03,4.970401181031e-03,4.881402937093e-03,4.810394689158e-03,4.752199443583e-03,4.641287817501e-03,4.589371829744e-03,4.655899440299e-03,4.546945183917e-03,4.427275926772e-03,4.320549712117e-03,4.231477494362e-03,4.142687310670e-03,4.057220166740e-03,3.971504055225e-03,3.902678667954e-03,3.844568281453e-03,3.776768918853e-03,3.723283430167e-03,3.670310953823e-03,3.617851489823e-03,3.582033782472e-03,2.238881555400e-03
226.100000,3.690344966273e-03,4.623629478504e-03,5.057529642936e-03,4.969127747650e-03,4.880159944014e-03,4.809175358495e-03,4.751000106039e-03,4.640125108499e-03,4.588239855963e-03,4.654745107612e-03,4.545831546591e-03,4.426207800647e-03,4.319521697593e-03,4.230482944427e-03,4.141726144706e-03,4.056291502736e-03,3.970607953449e-03,3.901808696333e-03,3.843719624127e-03,3.775946101770e-03,3.722480708413e-03,3.669528182439e-03,3.617088523843e-03,3.581284250095e-03,2.238541904760e-03
226.600000,3.689641008717e-03,4.622480173527e-03,5.056235743441e-03,4.967863980362e-03,4.878926387200e-03,4.807965285750e-03,4.749809875446e-03,4.638971230428e-03,4.587116475869e-03,4.653599537227e-03,4.544726362939e-03,4.425147782761e-03,4.318501487041e-03,4.229495944605e-03,4.140772275598e-03,4.055369888902e-03,3.969718654690e-03,3.900945329410e-03,3.842877410027e-03,3.775129531746e-03,3.721684081288e-03,3.668751354314e-03,3.616331350857e-03,3.580540408813e-03,2.238204865280e-03
227.100000,3.688942363584e-03,4.621339590685e-03,5.054951655540e-03,4.966609797371e-03,4.877702186842e-03,4.806764392573e-03,4.748628674747e-03,4.637826108593e-03,4.586001616866e-03,4.652462655092e-03,4.543629561566e-03,4.424095804689e-03,4.317489014605e-03,4.228516431251e-03,4.139825641887e-03,4.054455265889e-03,3.968836101718e-03,3.900088511681e-03,3.842041584982e-03,3.774319156333e-03,3.720893497629e-03,3.667980419618e-03,3.615579922302e-03,3.579802210939e-03,2.237870415290e-03
227.600000,3.688248986847e-03,4.620207656292e-03,5.053677296314e-03,4.965365117675e-03,4.876487263856e-03,4.805572601424e-03,4.747456427635e-03,4.636689669000e-03,4.584895207011e-03,4.651334387895e-03,4.542541071769e-03,4.423051798671e-03,4.316484215145e-03,4.227544341333e-03,4.138886182683e-03,4.053547574908e-03,3.967960237882e-03,3.899238188146e-03,3.841212095386e-03,3.773514923569e-03,3.720108906782e-03,3.667215328954e-03,3.614834190082e-03,3.579069609249e-03,2.237538533320e-03
228.100000,3.687560834886e-03,4.619084297346e-03,5.052412583611e-03,4.964129861048e-03,4.875281539939e-03,4.804389835455e-03,4.746293058580e-03,4.635561838385e-03,4.583797175098e-03,4.650214663021e-03,4.541460823538e-03,4.422015697566e-03,4.315487024070e-03,4.226579612452e-03,4.137953837704e-03,4.052646757751e-03,3.967091007000e-03,3.898394304323e-03,3.840388888129e-03,3.772716781974e-03,3.719330258571e-03,3.666456033421e-03,3.614094106539e-03,3.578342556947e-03,2.237209198110e-03
228.600000,3.686877864487e-03,4.617969441544e-03,5.051157436112e-03,4.962903948045e-03,4.874084937544e-03,4.803216018596e-03,4.745138492708e-03,4.634442544160e-03,4.582707450589e-03,4.649103408527e-03,4.540388747499e-03,4.420987434921e-03,4.314497377464e-03,4.225622182741e-03,4.137028547222e-03,4.051752756742e-03,3.966228353508e-03,3.897556806268e-03,3.839571910580e-03,3.771924680589e-03,3.718557503267e-03,3.665702484568e-03,3.613359624502e-03,3.577621007672e-03,2.236882388580e-03
229.100000,3.686200032854e-03,4.616863017311e-03,5.049911773241e-03,4.961687300010e-03,4.872897379852e-03,4.802051075480e-03,4.743992655913e-03,4.633331714460e-03,4.581625963596e-03,4.648000553200e-03,4.539324774967e-03,4.419966944885e-03,4.313515211968e-03,4.224671990986e-03,4.136110252083e-03,4.050865514761e-03,3.965372222298e-03,3.896725640530e-03,3.838761110637e-03,3.771138568909e-03,3.717790591651e-03,3.664954634413e-03,3.612630697194e-03,3.576904915531e-03,2.236558083860e-03
229.600000,3.685527297576e-03,4.615764953722e-03,5.048675515227e-03,4.960479838968e-03,4.871718790803e-03,4.800894931487e-03,4.742855474779e-03,4.632229278127e-03,4.580552644965e-03,4.646906026481e-03,4.538268837933e-03,4.418954162256e-03,4.312540464876e-03,4.223728976522e-03,4.135198893711e-03,4.049984975260e-03,3.964522558841e-03,3.895900754190e-03,3.837956436683e-03,3.770358396932e-03,3.717029474950e-03,3.664212435415e-03,3.611907278318e-03,3.576194235038e-03,2.236236263260e-03
230.100000,3.684859616636e-03,4.614675180592e-03,5.047448583045e-03,4.959281487770e-03,4.870549095063e-03,4.799747512722e-03,4.741726876639e-03,4.631135164655e-03,4.579487426153e-03,4.645819758525e-03,4.537220869017e-03,4.417949022461e-03,4.311573074065e-03,4.222793079309e-03,4.134294414080e-03,4.049111082201e-03,3.963679309090e-03,3.895082094820e-03,3.837157837597e-03,3.769584115129e-03,3.716274104864e-03,3.663475840491e-03,3.611189322022e-03,3.575488921163e-03,2.235916906280e-03
230.600000,3.684196948411e-03,4.613593628351e-03,5.046230898496e-03,4.958092170011e-03,4.869388218056e-03,4.798608745994e-03,4.740606789483e-03,4.630049304243e-03,4.578430239303e-03,4.644741680115e-03,4.536180801484e-03,4.416951461536e-03,4.310612978030e-03,4.221864239833e-03,4.133396755728e-03,4.048243780097e-03,3.962842419554e-03,3.894269610499e-03,3.836365262753e-03,3.768815674414e-03,3.715524433540e-03,3.662744803021e-03,3.610476782859e-03,3.574788929289e-03,2.235599992630e-03
231.100000,3.683539251687e-03,4.612520228168e-03,5.045022384060e-03,4.956911810011e-03,4.868236085883e-03,4.797478558817e-03,4.739495142030e-03,4.628971627770e-03,4.577381017211e-03,4.643671722768e-03,4.535148569272e-03,4.415961416156e-03,4.309660115826e-03,4.220942399178e-03,4.132505861748e-03,4.047383013994e-03,3.962011837225e-03,3.893463249807e-03,3.835578662009e-03,3.768053026223e-03,3.714780413617e-03,3.662019276824e-03,3.609769615854e-03,3.574094215218e-03,2.235285502200e-03
231.600000,3.682886485610e-03,4.611454911826e-03,5.043822963044e-03,4.955740332803e-03,4.867092625403e-03,4.796356879443e-03,4.738391863701e-03,4.627902066780e-03,4.576339693340e-03,4.642609818616e-03,4.534124106956e-03,4.414978823586e-03,4.308714427116e-03,4.220027499010e-03,4.131621675791e-03,4.046528729476e-03,3.961187509630e-03,3.892662961805e-03,3.834797985687e-03,3.767296122417e-03,3.714041998140e-03,3.661299216150e-03,3.609067776426e-03,3.573404735203e-03,2.234973415060e-03
232.100000,3.682238609725e-03,4.610397611800e-03,5.042632559427e-03,4.954577664194e-03,4.865957764172e-03,4.795243636783e-03,4.737296884548e-03,4.626840553468e-03,4.575306201781e-03,4.641555900456e-03,4.533107349726e-03,4.414003621727e-03,4.307775852155e-03,4.219119481538e-03,4.130744142008e-03,4.045680872632e-03,3.960369384782e-03,3.891868696064e-03,3.834023184606e-03,3.766544915333e-03,3.713309140642e-03,3.660584575685e-03,3.608371220444e-03,3.572720445880e-03,2.234663711460e-03
232.600000,3.681595583965e-03,4.609348261236e-03,5.041451098009e-03,4.953423730659e-03,4.864831430444e-03,4.794138760480e-03,4.736210135377e-03,4.625787020742e-03,4.574280477267e-03,4.640509901759e-03,4.532098233414e-03,4.413035749058e-03,4.306844331778e-03,4.218218289553e-03,4.129873205166e-03,4.044839390079e-03,3.959557411216e-03,3.891080402629e-03,3.833254210046e-03,3.765799357772e-03,3.712581795100e-03,3.659875310579e-03,3.607679904205e-03,3.572041304333e-03,2.234356371870e-03
233.100000,3.680957368632e-03,4.608306793898e-03,5.040278504268e-03,4.952278459502e-03,4.863713553190e-03,4.793042180814e-03,4.735131547612e-03,4.624741402097e-03,4.573262455182e-03,4.639471756641e-03,4.531096694479e-03,4.412075144667e-03,4.305919807374e-03,4.217323866380e-03,4.129008810486e-03,4.044004228976e-03,3.958751537921e-03,3.890298032029e-03,3.832491013784e-03,3.765059402985e-03,3.711859915906e-03,3.659171376375e-03,3.606993784403e-03,3.571367268038e-03,2.234051376910e-03
233.600000,3.680323924395e-03,4.607273144240e-03,5.039114704435e-03,4.951141778585e-03,4.862604062087e-03,4.791953828787e-03,4.734061053413e-03,4.623703631720e-03,4.572252071521e-03,4.638441399831e-03,4.530102669994e-03,4.411121748228e-03,4.305002220915e-03,4.216436155896e-03,4.128150903789e-03,4.043175336961e-03,3.957951714453e-03,3.889521535281e-03,3.831733548024e-03,3.764325004672e-03,3.711143457925e-03,3.658472729087e-03,3.606312818165e-03,3.570698294898e-03,2.233748707390e-03
234.100000,3.679695212316e-03,4.606247247323e-03,5.037959625487e-03,4.950013616612e-03,4.861502887480e-03,4.790873636090e-03,4.732998585536e-03,4.622673644459e-03,4.571249262936e-03,4.637418766735e-03,4.529116097654e-03,4.410175500030e-03,4.304091514957e-03,4.215555102547e-03,4.127299431389e-03,4.042352662202e-03,3.957157890807e-03,3.888750863870e-03,3.830981765477e-03,3.763596116997e-03,3.710432376450e-03,3.657779325125e-03,3.605636963041e-03,3.570034343199e-03,2.233448344320e-03
234.600000,3.679071193820e-03,4.605229038877e-03,5.036813195060e-03,4.948893902933e-03,4.860409960392e-03,4.789801535023e-03,4.731944077443e-03,4.621651375760e-03,4.570253966679e-03,4.636403793409e-03,4.528136915767e-03,4.409236340897e-03,4.303187632592e-03,4.214680651305e-03,4.126454340127e-03,4.041536153374e-03,3.956370017447e-03,3.887985969750e-03,3.830235619266e-03,3.762872694543e-03,3.709726627194e-03,3.657091121333e-03,3.604966176961e-03,3.569375371639e-03,2.233150268850e-03
235.100000,3.678451830711e-03,4.604218455240e-03,5.035675341570e-03,4.947782567571e-03,4.859325212552e-03,4.788737458644e-03,4.730897463234e-03,4.620636761738e-03,4.569266120606e-03,4.635396416456e-03,4.527165063262e-03,4.408304212309e-03,4.302290517494e-03,4.213812747688e-03,4.125615577380e-03,4.040725759637e-03,3.955588045393e-03,3.887226805351e-03,3.829495063021e-03,3.762154692367e-03,3.709026166318e-03,3.656408074967e-03,3.604300418304e-03,3.568721339346e-03,2.232854462360e-03
235.600000,3.677837085133e-03,4.603215433395e-03,5.034545994107e-03,4.946679541293e-03,4.858248576346e-03,4.787681340595e-03,4.729858677671e-03,4.619629739117e-03,4.568285663233e-03,4.634396573211e-03,4.526200479621e-03,4.407379056261e-03,4.301400113852e-03,4.212951337761e-03,4.124783091015e-03,4.039921430649e-03,3.954811926077e-03,3.886473323561e-03,3.828760050798e-03,3.761442065940e-03,3.708330950404e-03,3.655730143703e-03,3.603639645823e-03,3.568072205795e-03,2.232560906380e-03
236.100000,3.677226919609e-03,4.602219910946e-03,5.033425082460e-03,4.945584755510e-03,4.857179984857e-03,4.786633115222e-03,4.728827656168e-03,4.618630245275e-03,4.567312533650e-03,4.633404201553e-03,4.525243104975e-03,4.406460815338e-03,4.300516366460e-03,4.212096368082e-03,4.123956829448e-03,4.039123116620e-03,3.954041611445e-03,3.885725477745e-03,3.828030537093e-03,3.760734771173e-03,3.707640936461e-03,3.655057285628e-03,3.602983818701e-03,3.567427930897e-03,2.232269582600e-03
236.600000,3.676621297032e-03,4.601231826129e-03,5.032312537146e-03,4.944498142368e-03,4.856119371816e-03,4.785592717514e-03,4.727804334768e-03,4.617638218204e-03,4.566346671554e-03,4.632419240003e-03,4.524292880030e-03,4.405549432705e-03,4.299639220614e-03,4.211247785780e-03,4.123136741586e-03,4.038330768154e-03,3.953277053919e-03,3.884983221718e-03,3.827306476888e-03,3.760032764433e-03,3.706956081908e-03,3.654389459262e-03,3.602332896490e-03,3.566788474941e-03,2.231980472920e-03
237.100000,3.676020180643e-03,4.600251117779e-03,5.031208289355e-03,4.943419634626e-03,4.855066671589e-03,4.784560083098e-03,4.726788650158e-03,4.616653596497e-03,4.565388017252e-03,4.631441627689e-03,4.523349746084e-03,4.404644852091e-03,4.298768622182e-03,4.210405538485e-03,4.122322776837e-03,4.037544336431e-03,3.952518206344e-03,3.884246509744e-03,3.826587825565e-03,3.759336002485e-03,3.706276344617e-03,3.653726623509e-03,3.601686839160e-03,3.566153798613e-03,2.231693559400e-03
237.600000,3.675423534041e-03,4.599277725356e-03,5.030112270957e-03,4.942349165787e-03,4.854021819279e-03,4.783535148258e-03,4.725780539662e-03,4.615676319378e-03,4.564436511639e-03,4.630471304375e-03,4.522413645042e-03,4.403747017748e-03,4.297904517553e-03,4.209569574362e-03,4.121514885109e-03,4.036763773061e-03,3.951765022102e-03,3.883515296567e-03,3.825874538974e-03,3.758644442540e-03,3.705601682834e-03,3.653068737673e-03,3.601045607069e-03,3.565523862968e-03,2.231408824270e-03
238.100000,3.674831321172e-03,4.598311588925e-03,5.029024414534e-03,4.941286669949e-03,4.852984750538e-03,4.782517849921e-03,4.724779941217e-03,4.614706326683e-03,4.563492096210e-03,4.629508210395e-03,4.521484519332e-03,4.402855874559e-03,4.297046853680e-03,4.208739842088e-03,4.120713016833e-03,4.035989030188e-03,3.951017454986e-03,3.882789537335e-03,3.825166573407e-03,3.757958042235e-03,3.704932055245e-03,3.652415761501e-03,3.600409160985e-03,3.564898629469e-03,2.231126249930e-03
238.600000,3.674243506359e-03,4.597352649155e-03,5.027944653332e-03,4.940232081933e-03,4.851955401753e-03,4.781508125631e-03,4.723786793442e-03,4.613743558867e-03,4.562554713058e-03,4.628552286704e-03,4.520562312026e-03,4.401971367889e-03,4.296195578003e-03,4.207916290858e-03,4.119917122917e-03,4.035220060363e-03,3.950275459274e-03,3.882069187696e-03,3.824463885577e-03,3.757276759616e-03,3.704267420949e-03,3.651767655083e-03,3.599777462036e-03,3.564278059957e-03,2.230845818970e-03
239.100000,3.673660054252e-03,4.596400847304e-03,5.026872921287e-03,4.939185337203e-03,4.850933709907e-03,4.780505913581e-03,4.722801035493e-03,4.612787956951e-03,4.561624304848e-03,4.627603474834e-03,4.519646966740e-03,4.401093443715e-03,4.295350638512e-03,4.207098870371e-03,4.119127154774e-03,4.034456816696e-03,3.949538989709e-03,3.881354203707e-03,3.823766432645e-03,3.756600553175e-03,3.703607739434e-03,3.651124378971e-03,3.599150471764e-03,3.563662116630e-03,2.230567514120e-03
239.600000,3.673080929848e-03,4.595456125281e-03,5.025809152985e-03,4.938146371860e-03,4.849919612672e-03,4.779511152603e-03,4.721822607199e-03,4.611839462606e-03,4.560700814825e-03,4.626661716938e-03,4.518738427671e-03,4.400222048504e-03,4.294511983761e-03,4.206287530840e-03,4.118343064298e-03,4.033699252708e-03,3.948808001476e-03,3.880644541891e-03,3.823074172192e-03,3.755929381789e-03,3.702952970631e-03,3.650485894053e-03,3.598528152075e-03,3.563050762104e-03,2.230291318320e-03
240.100000,3.672506098508e-03,4.594518425510e-03,5.024753283707e-03,4.937115122686e-03,4.848913048274e-03,4.778523782137e-03,4.720851449039e-03,4.610898018044e-03,4.559784186830e-03,4.625726955746e-03,4.517836639564e-03,4.399357129323e-03,4.293679562790e-03,4.205482222991e-03,4.117564803890e-03,4.032947322407e-03,3.948082450210e-03,3.879940159179e-03,3.822387062235e-03,3.755263204771e-03,3.702303074827e-03,3.649852161651e-03,3.597910465278e-03,3.562443959343e-03,2.230017214630e-03
240.600000,3.671935525930e-03,4.593587691058e-03,5.023705249397e-03,4.936091527107e-03,4.847913955658e-03,4.777543742244e-03,4.719887502013e-03,4.609963566117e-03,4.558874365258e-03,4.624799134551e-03,4.516941547783e-03,4.398498633726e-03,4.292853325142e-03,4.204682898030e-03,4.116792326410e-03,4.032200980301e-03,3.947362292019e-03,3.879241012973e-03,3.821705061221e-03,3.754601981848e-03,3.701658012746e-03,3.649223143474e-03,3.597297374049e-03,3.561841671685e-03,2.229745186330e-03
241.100000,3.671369178146e-03,4.592663865587e-03,5.022664986624e-03,4.935075523185e-03,4.846922274384e-03,4.776570973633e-03,4.718930707791e-03,4.609036050272e-03,4.557971295098e-03,4.623878197289e-03,4.516053098199e-03,4.397646509880e-03,4.292033220929e-03,4.203889507707e-03,4.116025585213e-03,4.031460181315e-03,3.946647483442e-03,3.878547061109e-03,3.821028128005e-03,3.753945673152e-03,3.701017745515e-03,3.648598801614e-03,3.596688841458e-03,3.561243862870e-03,2.229475216820e-03
241.600000,3.670807021552e-03,4.591746893303e-03,5.021632432669e-03,4.934067049653e-03,4.845937944588e-03,4.775605417590e-03,4.717981008642e-03,4.608115414479e-03,4.557074921913e-03,4.622964088439e-03,4.515171237273e-03,4.396800706397e-03,4.291219200750e-03,4.203102004222e-03,4.115264534163e-03,4.030724880875e-03,3.945937981477e-03,3.877858261825e-03,3.820356221884e-03,3.753294239227e-03,3.700382234639e-03,3.647979098547e-03,3.596084830944e-03,3.560650496979e-03,2.229207289700e-03
242.100000,3.670249022852e-03,4.590836719043e-03,5.020607525457e-03,4.933066045850e-03,4.844960907104e-03,4.774647016042e-03,4.717038347438e-03,4.607201603376e-03,4.556185191822e-03,4.622056753048e-03,4.514295912019e-03,4.395961172510e-03,4.290411215715e-03,4.202320340318e-03,4.114509127556e-03,4.029995034879e-03,3.945233743573e-03,3.877174573835e-03,3.819689302577e-03,3.752647641022e-03,3.699751442032e-03,3.647363997138e-03,3.595485306327e-03,3.560061538465e-03,2.228941388730e-03
242.600000,3.669695149129e-03,4.589933288190e-03,5.019590203532e-03,4.932072451778e-03,4.843991103343e-03,4.773695711533e-03,4.716102667659e-03,4.606294562129e-03,4.555302051493e-03,4.621156136791e-03,4.513427069996e-03,4.395127857930e-03,4.289609217446e-03,4.201544469183e-03,4.113759320194e-03,4.029270599644e-03,3.944534727586e-03,3.876495956253e-03,3.819027330194e-03,3.752005839884e-03,3.699125330006e-03,3.646753460650e-03,3.594890231805e-03,3.559476952183e-03,2.228677497820e-03
243.100000,3.669145367775e-03,4.589036546736e-03,5.018580406138e-03,4.931086208083e-03,4.843028475370e-03,4.772751447188e-03,4.715173913377e-03,4.605394236529e-03,4.554425448212e-03,4.620262185860e-03,4.512564659346e-03,4.394300712921e-03,4.288813158110e-03,4.200774344554e-03,4.113015067369e-03,4.028551531969e-03,3.943840891883e-03,3.875822368626e-03,3.818370265309e-03,3.751368797588e-03,3.698503861275e-03,3.646147452722e-03,3.594299571939e-03,3.558896703307e-03,2.228415601050e-03
243.600000,3.668599646523e-03,4.588146441230e-03,5.017578073151e-03,4.930107256034e-03,4.842072965839e-03,4.771814166798e-03,4.714252029263e-03,4.604500572910e-03,4.553555329776e-03,4.619374847060e-03,4.511708628759e-03,4.393479688286e-03,4.288022990345e-03,4.200009920628e-03,4.112276324822e-03,4.027837789115e-03,3.943152195197e-03,3.875153770953e-03,3.817718068881e-03,3.750736476311e-03,3.697886998926e-03,3.645545937386e-03,3.593713291672e-03,3.558320757414e-03,2.228155682680e-03
244.100000,3.668057953449e-03,4.587262918832e-03,5.016583145089e-03,4.929135537524e-03,4.841124518059e-03,4.770883814685e-03,4.713336960569e-03,4.603613518220e-03,4.552691644592e-03,4.618494067780e-03,4.510858927454e-03,4.392664735349e-03,4.287238667318e-03,4.199251152087e-03,4.111543048781e-03,4.027129328823e-03,3.942468596769e-03,3.874490123643e-03,3.817070702294e-03,3.750108838606e-03,3.697274706457e-03,3.644948879031e-03,3.593131356326e-03,3.557749080434e-03,2.227897727130e-03
244.600000,3.667520256964e-03,4.586385927222e-03,5.015595563157e-03,4.928170995121e-03,4.840183075925e-03,4.769960335867e-03,4.712428653205e-03,4.602733019948e-03,4.551834341574e-03,4.617619795946e-03,4.510015505237e-03,4.391855805969e-03,4.286460142705e-03,4.198497994146e-03,4.110815195942e-03,4.026426109249e-03,3.941790056243e-03,3.873831387519e-03,3.816428127368e-03,3.749485847453e-03,3.696666947764e-03,3.644356242472e-03,3.592553731585e-03,3.557181638673e-03,2.227641718970e-03
245.100000,3.666986525822e-03,4.585515414728e-03,5.014615269182e-03,4.927213571996e-03,4.839248583990e-03,4.769043675893e-03,4.711527053636e-03,4.601859026225e-03,4.550983370285e-03,4.616751980091e-03,4.509178312444e-03,4.391052852517e-03,4.285687370688e-03,4.197750402475e-03,4.110092723501e-03,4.025728089046e-03,3.941116533713e-03,3.873177523868e-03,3.815790306303e-03,3.748867466248e-03,3.696063687118e-03,3.643767992875e-03,3.591980383522e-03,3.556618398785e-03,2.227387642940e-03
245.600000,3.666456729113e-03,4.584651330226e-03,5.013642205645e-03,4.926263212003e-03,4.838320987413e-03,4.768133780989e-03,4.710632108932e-03,4.600991485719e-03,4.550138680773e-03,4.615890569327e-03,4.508347299983e-03,4.390255827930e-03,4.284920305975e-03,4.197008333267e-03,4.109375589106e-03,4.025035227297e-03,3.940447989733e-03,3.872528494390e-03,3.815157201757e-03,3.748253658773e-03,3.695464889197e-03,3.643184095790e-03,3.591411278573e-03,3.556059327805e-03,2.227135483960e-03
246.100000,3.665930836248e-03,4.583793623176e-03,5.012676315698e-03,4.925319859570e-03,4.837400231988e-03,4.767230597952e-03,4.709743766786e-03,4.600130347697e-03,4.549300223696e-03,4.615035513318e-03,4.507522419317e-03,4.389464685665e-03,4.284158903754e-03,4.196271743186e-03,4.108663750902e-03,4.024347483586e-03,3.939784385288e-03,3.871884261211e-03,3.814528776791e-03,3.747644389218e-03,3.694870519083e-03,3.642604517192e-03,3.590846383552e-03,3.555504393146e-03,2.226885227090e-03
246.600000,3.665408816993e-03,4.582942243654e-03,5.011717543167e-03,4.924383459840e-03,4.836486264138e-03,4.766334074254e-03,4.708861975501e-03,4.599275562031e-03,4.548467950298e-03,4.614186762350e-03,4.506703622470e-03,4.388679379710e-03,4.283403119781e-03,4.195540589418e-03,4.107957167501e-03,4.023664817922e-03,3.939125681805e-03,3.871244786904e-03,3.813904994893e-03,3.747039622193e-03,3.694280542244e-03,3.642029223388e-03,3.590285665647e-03,3.554953562583e-03,2.226636857590e-03
247.100000,3.664890641460e-03,4.582097142294e-03,5.010765832541e-03,4.923453958609e-03,4.835579030949e-03,4.765444157930e-03,4.707986683971e-03,4.598427079175e-03,4.547641812369e-03,4.613344267291e-03,4.505890862078e-03,4.387899864636e-03,4.282652910316e-03,4.194814829647e-03,4.107255798029e-03,4.022987190815e-03,3.938471841197e-03,3.870610034477e-03,3.813285819981e-03,3.746439322722e-03,3.693694924568e-03,3.641458181142e-03,3.589729092448e-03,3.554406804257e-03,2.226390360850e-03
247.600000,3.664376280084e-03,4.581258270391e-03,5.009821129001e-03,4.922531302286e-03,4.834678480108e-03,4.764560797711e-03,4.707117841768e-03,4.597584850231e-03,4.546821762327e-03,4.612507979613e-03,4.505084091277e-03,4.387126095510e-03,4.281908232151e-03,4.194094422085e-03,4.106559602101e-03,4.022314563243e-03,3.937822825798e-03,3.869979967388e-03,3.812671216404e-03,3.745843456254e-03,3.693113632341e-03,3.640891357560e-03,3.589176631907e-03,3.553864086710e-03,2.226145722450e-03
248.100000,3.663865703678e-03,4.580425579836e-03,5.008883378425e-03,4.921615438025e-03,4.833784560046e-03,4.763683942957e-03,4.706255399098e-03,4.596748826902e-03,4.546007753192e-03,4.611677851400e-03,4.504283263877e-03,4.386358028043e-03,4.281169042617e-03,4.193379325457e-03,4.105868539832e-03,4.021646896687e-03,3.937178598443e-03,3.869354549555e-03,3.812061148971e-03,3.745251988659e-03,3.692536632278e-03,3.640328720196e-03,3.588628252404e-03,3.553325378859e-03,2.225902928140e-03
248.600000,3.663358883383e-03,4.579599023172e-03,5.007952527454e-03,4.920706313724e-03,4.832897219860e-03,4.762813543768e-03,4.705399306834e-03,4.595918961550e-03,4.545199738611e-03,4.610853835406e-03,4.503488334301e-03,4.385595618506e-03,4.280435299651e-03,4.192669499073e-03,4.105182571877e-03,4.020984153130e-03,3.936539122482e-03,3.868733745364e-03,3.811455582948e-03,3.744664886254e-03,3.691963891527e-03,3.639770237018e-03,3.588083922714e-03,3.552790650039e-03,2.225661963840e-03
249.100000,3.662855790719e-03,4.578779173197e-03,5.007029221199e-03,4.919804557635e-03,4.832017071037e-03,4.761950200514e-03,4.704550154144e-03,4.595095826783e-03,4.544398238322e-03,4.610036456453e-03,4.502699792921e-03,4.384839317007e-03,4.279707418905e-03,4.191965329825e-03,4.104502056420e-03,4.020326662019e-03,3.935904698556e-03,3.868117832487e-03,3.810854778804e-03,3.744082386517e-03,3.691395630313e-03,3.639216110988e-03,3.587543828553e-03,3.552260074484e-03,2.225422815660e-03
249.600000,3.662356397591e-03,4.577966906447e-03,5.006114446889e-03,4.918911131354e-03,4.831145049437e-03,4.761094832114e-03,4.703708842825e-03,4.594280298961e-03,4.543604049296e-03,4.609226519605e-03,4.501918392648e-03,4.384089815580e-03,4.278986040220e-03,4.191267414145e-03,4.103827546445e-03,4.019674932773e-03,3.935275792621e-03,3.867507242089e-03,3.810259141683e-03,3.743504859763e-03,3.690832192882e-03,3.638666660309e-03,3.587008262044e-03,3.551733926914e-03,2.225185469880e-03
250.100000,3.661860676298e-03,4.577162179394e-03,5.005208155578e-03,4.918025987032e-03,4.830281108393e-03,4.760247392746e-03,4.702875327776e-03,4.593472334369e-03,4.542817128881e-03,4.608423981372e-03,4.501144091491e-03,4.383347073849e-03,4.278271124713e-03,4.190575714348e-03,4.103159005436e-03,4.019028930129e-03,3.934652370574e-03,3.866901941010e-03,3.809668639198e-03,3.742932274563e-03,3.690273548545e-03,3.638121854987e-03,3.586477193898e-03,3.551212178544e-03,2.224949912990e-03
250.600000,3.661368618367e-03,4.576364955919e-03,5.004310306505e-03,4.917149084953e-03,4.829425209202e-03,4.759407844455e-03,4.702049571763e-03,4.592671896840e-03,4.542037443216e-03,4.607628807359e-03,4.500376856851e-03,4.382611061325e-03,4.277562643673e-03,4.189890203200e-03,4.102496407695e-03,4.018388629823e-03,3.934034409648e-03,3.866301907651e-03,3.809083250682e-03,3.742364611410e-03,3.689719678678e-03,3.637581677311e-03,3.585950607309e-03,3.550694813168e-03,2.224716141190e-03
251.100000,3.660881441540e-03,4.575576232577e-03,5.003422014299e-03,4.916281517827e-03,4.828578422535e-03,4.758577237711e-03,4.701232611021e-03,4.591879990489e-03,4.541266029623e-03,4.606842062569e-03,4.499617742909e-03,4.381882822689e-03,4.276861631899e-03,4.189211907215e-03,4.101840771531e-03,4.017755043461e-03,3.933422914598e-03,3.865708141171e-03,3.808503968281e-03,3.741802857343e-03,3.689171565310e-03,3.637047104526e-03,3.585429474978e-03,3.550182800081e-03,2.224484769990e-03
251.600000,3.660399864160e-03,4.574796585654e-03,5.002543923356e-03,4.915423917499e-03,4.827741367596e-03,4.757756180021e-03,4.700425044943e-03,4.591097196016e-03,4.540503489453e-03,4.606064364575e-03,4.498867361461e-03,4.381162965045e-03,4.276168691301e-03,4.188541423976e-03,4.101192690290e-03,4.017128760956e-03,3.932818471881e-03,3.865121225201e-03,3.807931371827e-03,3.741247589627e-03,3.688629783104e-03,3.636518708816e-03,3.584914366766e-03,3.549676707361e-03,2.224256162750e-03
252.100000,3.659923851889e-03,4.574025957869e-03,5.001675969249e-03,4.914576221005e-03,4.826913982940e-03,4.756944611074e-03,4.699626814197e-03,4.590323455950e-03,4.539749766789e-03,4.605295656342e-03,4.498125657558e-03,4.380451435654e-03,4.275483771194e-03,4.187878704432e-03,4.100552116590e-03,4.016509736562e-03,3.932221037376e-03,3.864541116912e-03,3.807365419582e-03,3.740698767789e-03,3.688094292572e-03,3.635996451701e-03,3.584405245169e-03,3.549176498198e-03,2.224030302610e-03
252.600000,3.659453370576e-03,4.573264292269e-03,5.000818087938e-03,4.913738365833e-03,4.826096207523e-03,4.756142471012e-03,4.698837859886e-03,4.589558713123e-03,4.539004806085e-03,4.604535881239e-03,4.497392576572e-03,4.379748182145e-03,4.274806821167e-03,4.187223699892e-03,4.099919003369e-03,4.015897924826e-03,3.931630567242e-03,3.863967773750e-03,3.806806070024e-03,3.740156351619e-03,3.687565054522e-03,3.635480294961e-03,3.583902072947e-03,3.548682135981e-03,2.223807172840e-03
253.100000,3.658988386297e-03,4.572511532348e-03,4.999970215847e-03,4.912910289825e-03,4.825287980665e-03,4.755349700284e-03,4.698058123471e-03,4.588802910778e-03,4.538268552140e-03,4.603784982998e-03,4.496668064231e-03,4.379053152513e-03,4.274137791186e-03,4.186576361915e-03,4.099293303860e-03,4.015293280580e-03,3.931047017927e-03,3.863401153452e-03,3.806253281940e-03,3.739620301160e-03,3.687042029952e-03,3.634970200599e-03,3.583404813096e-03,3.548193584389e-03,2.223586756800e-03
253.600000,3.658528865311e-03,4.571767621924e-03,4.999132289773e-03,4.912091931293e-03,4.824489242151e-03,4.754566239826e-03,4.697287546799e-03,4.588055992549e-03,4.537540950160e-03,4.603042905738e-03,4.495952066638e-03,4.378366295067e-03,4.273476631527e-03,4.185936642438e-03,4.098674971592e-03,4.014695758953e-03,3.930470346133e-03,3.862841214013e-03,3.805707014367e-03,3.739090576715e-03,3.686525180178e-03,3.634466130883e-03,3.582913428828e-03,3.547710807283e-03,2.223369037950e-03
254.100000,3.658074774114e-03,4.571032505193e-03,4.998304246976e-03,4.911283228902e-03,4.823699932130e-03,4.753792030887e-03,4.696526072133e-03,4.587317902399e-03,4.536821945650e-03,4.602309593915e-03,4.495244530233e-03,4.377687558461e-03,4.272823292793e-03,4.185304493654e-03,4.098063960432e-03,4.014105315373e-03,3.929900508886e-03,3.862287913705e-03,3.805167226596e-03,3.738567138840e-03,3.686014466718e-03,3.633968048303e-03,3.582427883604e-03,3.547233768785e-03,2.223153999850e-03
254.600000,3.657626079398e-03,4.570306126716e-03,4.997486025088e-03,4.910484121781e-03,4.822919991124e-03,4.753027015152e-03,4.695773642062e-03,4.586588584696e-03,4.536111484533e-03,4.601584992396e-03,4.494545401807e-03,4.377016891709e-03,4.272177725900e-03,4.184679868131e-03,4.097460224498e-03,4.013521905533e-03,3.929337463448e-03,3.861741211058e-03,3.804633878204e-03,3.738049948338e-03,3.685509851346e-03,3.633475915606e-03,3.581948141127e-03,3.546762433239e-03,2.222941626160e-03
255.100000,3.657182748048e-03,4.569588431442e-03,4.996677562197e-03,4.909694549420e-03,4.822149360090e-03,4.752271134672e-03,4.695030199611e-03,4.585867984149e-03,4.535409513029e-03,4.600869046353e-03,4.493854628513e-03,4.376354244103e-03,4.271539882088e-03,4.184062718686e-03,4.096863718242e-03,4.012945485444e-03,3.928781167374e-03,3.861201064896e-03,3.804106929000e-03,3.737538966276e-03,3.685011296074e-03,3.632989695758e-03,3.581474165311e-03,3.546296765190e-03,2.222731900630e-03
255.600000,3.656744747164e-03,4.568879364646e-03,4.995878796750e-03,4.908914451700e-03,4.821387980358e-03,4.751524331862e-03,4.694295688124e-03,4.585156045845e-03,4.534715977772e-03,4.600161701357e-03,4.493172157841e-03,4.375699565305e-03,4.270909712919e-03,4.183452998489e-03,4.096274396397e-03,4.012376011383e-03,3.928231578494e-03,3.860667434267e-03,3.803586339069e-03,3.737034153970e-03,3.684518763187e-03,3.632509351974e-03,3.581005920310e-03,3.545836729443e-03,2.222524807130e-03
256.100000,3.656312044061e-03,4.568178871990e-03,4.995089667638e-03,4.908143768937e-03,4.820635793632e-03,4.750786549542e-03,4.693570051367e-03,4.584452715238e-03,4.534030825681e-03,4.599462903320e-03,4.492497937630e-03,4.375052805302e-03,4.270287170277e-03,4.182850660973e-03,4.095692213995e-03,4.011813439916e-03,3.927688654920e-03,3.860140278522e-03,3.803072068754e-03,3.736535472963e-03,3.684032215179e-03,3.632034847697e-03,3.580543370507e-03,3.545382291009e-03,2.222320329610e-03
256.600000,3.655884606227e-03,4.567486899486e-03,4.994310114145e-03,4.907382441807e-03,4.819892742011e-03,4.750057730919e-03,4.692853233434e-03,4.583757938121e-03,4.533354004085e-03,4.598772598506e-03,4.491831916025e-03,4.374413914414e-03,4.269672206342e-03,4.182255659913e-03,4.095117126337e-03,4.011257727886e-03,3.927152355003e-03,3.859619557250e-03,3.802564078639e-03,3.736042885065e-03,3.683551614792e-03,3.631566146603e-03,3.580086480509e-03,3.544933415127e-03,2.222118452120e-03
257.100000,3.655462401383e-03,4.566803393515e-03,4.993540075935e-03,4.906630411389e-03,4.819158767966e-03,4.749337819544e-03,4.692145178835e-03,4.583071660662e-03,4.532685460592e-03,4.598090733544e-03,4.491174041575e-03,4.373782843247e-03,4.269064773606e-03,4.181667949360e-03,4.094549089065e-03,4.010708832394e-03,3.926622637397e-03,3.859105230305e-03,3.802062329576e-03,3.735556352317e-03,3.683076925014e-03,3.631103212625e-03,3.579635215144e-03,3.544490067248e-03,2.221919158800e-03
257.600000,3.655045397417e-03,4.566128300765e-03,4.992779493105e-03,4.905887619145e-03,4.818433814363e-03,4.748626759343e-03,4.691445832398e-03,4.582393829369e-03,4.532025143230e-03,4.597417255394e-03,4.490524263098e-03,4.373159542781e-03,4.268464824894e-03,4.181087483647e-03,4.093988058036e-03,4.010166710866e-03,3.926099461002e-03,3.858597257807e-03,3.801566782649e-03,3.735075837031e-03,3.682608109064e-03,3.630646009874e-03,3.579189539483e-03,3.544052213062e-03,2.221722433900e-03
258.100000,3.654633562425e-03,4.565461568337e-03,4.992028306113e-03,4.905154006928e-03,4.817717824431e-03,4.747924494618e-03,4.690755139332e-03,4.581724391116e-03,4.531373000293e-03,4.596752111388e-03,4.489882529814e-03,4.372543964271e-03,4.267872313300e-03,4.180514217431e-03,4.093433989461e-03,4.009631320961e-03,3.925582784990e-03,3.858095600121e-03,3.801077399210e-03,3.734601301715e-03,3.682145130388e-03,3.630194502747e-03,3.578749418782e-03,3.543619818454e-03,2.221528261750e-03
258.600000,3.654226864731e-03,4.564803143619e-03,4.991286455818e-03,4.904429516963e-03,4.817010741765e-03,4.747230970064e-03,4.690073045208e-03,4.581063293103e-03,4.530728980459e-03,4.596095249175e-03,4.489248791195e-03,4.371936059315e-03,4.267287192250e-03,4.179948105668e-03,4.092886839779e-03,4.009102620635e-03,3.925072568772e-03,3.857600217870e-03,3.800594140863e-03,3.734132709156e-03,3.681687952691e-03,3.629748655822e-03,3.578314818556e-03,3.543192849534e-03,2.221336626790e-03
259.100000,3.653825272796e-03,4.564152974398e-03,4.990553883481e-03,4.903714091868e-03,4.816312510350e-03,4.746546130652e-03,4.689399495958e-03,4.580410482896e-03,4.530093032728e-03,4.595446616759e-03,4.488622997113e-03,4.371335779836e-03,4.266709415471e-03,4.179389103598e-03,4.092346565762e-03,4.008580568104e-03,3.924568772086e-03,3.857111071933e-03,3.800116969423e-03,3.733670022356e-03,3.681236539873e-03,3.629308433929e-03,3.577885704531e-03,3.542771272629e-03,2.221147513540e-03
259.600000,3.653428755328e-03,4.563511008749e-03,4.989830530732e-03,4.903007674634e-03,4.815623074508e-03,4.745869921820e-03,4.688734437853e-03,4.579765908389e-03,4.529465106431e-03,4.594806162504e-03,4.488005097740e-03,4.370743078026e-03,4.266138936989e-03,4.178837166715e-03,4.091813124402e-03,4.008065121852e-03,3.924071354836e-03,3.856628123430e-03,3.799645846986e-03,3.733213204557e-03,3.680790856091e-03,3.628873802115e-03,3.577462042617e-03,3.542355054289e-03,2.220960906620e-03
260.100000,3.653037281195e-03,4.562877195118e-03,4.989116339602e-03,4.902310208593e-03,4.814942378973e-03,4.745202289309e-03,4.688077817539e-03,4.579129517832e-03,4.528845151224e-03,4.594173835052e-03,4.487395043561e-03,4.370157906422e-03,4.265575711109e-03,4.178292250862e-03,4.091286473039e-03,4.007556240623e-03,3.923580277255e-03,3.856151333750e-03,3.799180735883e-03,3.732762219262e-03,3.680350865722e-03,3.628444725632e-03,3.577043798990e-03,3.541944161253e-03,2.220776790740e-03
260.600000,3.652650819467e-03,4.562251482317e-03,4.988411252486e-03,4.901621637518e-03,4.814270368803e-03,4.744543179223e-03,4.687429581976e-03,4.578501259808e-03,4.528233117114e-03,4.593549583458e-03,4.486792785399e-03,4.369580217870e-03,4.265019692442e-03,4.177754312129e-03,4.090766569232e-03,4.007053883458e-03,3.923095499819e-03,3.855680664516e-03,3.798721598664e-03,3.732317030155e-03,3.679916533379e-03,3.628021170000e-03,3.576630940008e-03,3.541538560492e-03,2.220595150710e-03
261.100000,3.652269339417e-03,4.561633819437e-03,4.987715212161e-03,4.900941905487e-03,4.813606989409e-03,4.743892537995e-03,4.686789678501e-03,4.577881083259e-03,4.527628954404e-03,4.592933357051e-03,4.486198274391e-03,4.369009965501e-03,4.264470835916e-03,4.177223306894e-03,4.090253370832e-03,4.006558009627e-03,3.922616983225e-03,3.855216077585e-03,3.798268398157e-03,3.731877601201e-03,3.679487823877e-03,3.627603100895e-03,3.576223432258e-03,3.541138219175e-03,2.220415971420e-03
261.600000,3.651892810487e-03,4.561024155917e-03,4.987028161773e-03,4.900270956988e-03,4.812952186607e-03,4.743250312471e-03,4.686158054819e-03,4.577268937400e-03,4.527032613738e-03,4.592325105510e-03,4.485611461979e-03,4.368447102778e-03,4.263929096734e-03,4.176699191826e-03,4.089746835971e-03,4.006068578692e-03,3.922144688462e-03,3.854757535094e-03,3.797821097399e-03,3.731443896575e-03,3.679064702290e-03,3.627190484276e-03,3.575821242533e-03,3.540743104692e-03,2.220239237850e-03
262.100000,3.651521202311e-03,4.560422441563e-03,4.986350044851e-03,4.899608736841e-03,4.812305906506e-03,4.742616449770e-03,4.685534658898e-03,4.576664771833e-03,4.526444046095e-03,4.591724778837e-03,4.485032299971e-03,4.367891583435e-03,4.263394430361e-03,4.176181923859e-03,4.089246923032e-03,4.005585550443e-03,3.921678576749e-03,3.854304999377e-03,3.797379659675e-03,3.731015880681e-03,3.678647133872e-03,3.626783286252e-03,3.575424337824e-03,3.540353184613e-03,2.220064935100e-03
262.600000,3.651154484714e-03,4.559828626460e-03,4.985680805307e-03,4.898955190239e-03,4.811668095628e-03,4.741990897419e-03,4.684919439112e-03,4.576068536482e-03,4.525863202751e-03,4.591132327374e-03,4.484460740431e-03,4.367343361536e-03,4.262866792599e-03,4.175671460238e-03,4.088753590702e-03,4.005108884966e-03,3.921218609542e-03,3.853858433054e-03,3.796944048490e-03,3.730593518147e-03,3.678235084138e-03,3.626381473211e-03,3.575032685357e-03,3.539968426741e-03,2.219893048310e-03
263.100000,3.650792627722e-03,4.559242661052e-03,4.985020387380e-03,4.898310262717e-03,4.811038700799e-03,4.741373603258e-03,4.684312344161e-03,4.575480181580e-03,4.525290035298e-03,4.590547701771e-03,4.483896735736e-03,4.366802391431e-03,4.262346139517e-03,4.175167758452e-03,4.088266797883e-03,4.004638542572e-03,3.920764748583e-03,3.853417798953e-03,3.796514227598e-03,3.730176773825e-03,3.677828518808e-03,3.625985011717e-03,3.574646252553e-03,3.539588799071e-03,2.219723562750e-03
263.600000,3.650435601521e-03,4.558664496103e-03,4.984368735721e-03,4.897673900222e-03,4.810417669229e-03,4.740764515471e-03,4.683713323071e-03,4.574899657701e-03,4.524724495669e-03,4.589970853012e-03,4.483340238621e-03,4.366268627760e-03,4.261832427452e-03,4.174670776267e-03,4.087786503775e-03,4.004174483829e-03,3.920316955815e-03,3.852983060151e-03,3.796090160981e-03,3.729765612806e-03,3.677427403809e-03,3.625593868554e-03,3.574265007037e-03,3.539214269804e-03,2.219556463770e-03
264.100000,3.650083376485e-03,4.558094082683e-03,4.983725795297e-03,4.897046048983e-03,4.809804948430e-03,4.740163582579e-03,4.683122325202e-03,4.574326915724e-03,4.524166536075e-03,4.589401732377e-03,4.482791202104e-03,4.365742025451e-03,4.261325613051e-03,4.174180471731e-03,4.087312667848e-03,4.003716669580e-03,3.919875193461e-03,3.852554179962e-03,3.795671812865e-03,3.729360000397e-03,3.677031705296e-03,3.625208010706e-03,3.573888916635e-03,3.538844807334e-03,2.219391736790e-03
264.600000,3.649735923193e-03,4.557531372193e-03,4.983091511484e-03,4.896426655610e-03,4.809200486300e-03,4.739570753446e-03,4.682539300253e-03,4.573761906871e-03,4.523616109059e-03,4.588840291500e-03,4.482249579498e-03,4.365222539747e-03,4.260825653224e-03,4.173696803176e-03,4.086845249804e-03,4.003265060906e-03,3.919439423957e-03,3.852131121937e-03,3.795259147665e-03,3.728959902109e-03,3.676641389638e-03,3.624827405388e-03,3.573517949390e-03,3.538480380267e-03,2.219229367350e-03
265.100000,3.649393212365e-03,4.556976316343e-03,4.982465829967e-03,4.895815667087e-03,4.808604231038e-03,4.738985977270e-03,4.681964198244e-03,4.573204582662e-03,4.523073167478e-03,4.588286482280e-03,4.481715324411e-03,4.364710126173e-03,4.260332505143e-03,4.173219729165e-03,4.086384209640e-03,4.002819619141e-03,3.919009610009e-03,3.851713849843e-03,3.794852130061e-03,3.728565283701e-03,3.676256423415e-03,3.624452020022e-03,3.573152073542e-03,3.538120957392e-03,2.219069341050e-03
265.600000,3.649055214940e-03,4.556428867167e-03,4.981848696821e-03,4.895213030729e-03,4.808016131227e-03,4.738409203566e-03,4.681396969493e-03,4.572654894956e-03,4.522537664473e-03,4.587740256993e-03,4.481188390787e-03,4.364204740510e-03,4.259846126306e-03,4.172749208581e-03,4.085929507563e-03,4.002380305863e-03,3.918585714542e-03,3.851302327708e-03,3.794450724935e-03,3.728176111126e-03,3.675876773423e-03,3.624081822220e-03,3.572791257530e-03,3.537766507718e-03,2.218911643580e-03
266.100000,3.648721902009e-03,4.555888977022e-03,4.981240058455e-03,4.894618694162e-03,4.807436135755e-03,4.737840382201e-03,4.680837564714e-03,4.572112795909e-03,4.522009553528e-03,4.587201568156e-03,4.480668732820e-03,4.363706338896e-03,4.259366474438e-03,4.172285200518e-03,4.085481104094e-03,4.001947082898e-03,3.918167700717e-03,3.850896519769e-03,3.794054897427e-03,3.727792350571e-03,3.675502406666e-03,3.623716779808e-03,3.572435469997e-03,3.537417000434e-03,2.218756260740e-03
266.600000,3.648393244854e-03,4.555356598541e-03,4.980639861619e-03,4.894032605386e-03,4.806864193832e-03,4.737279463349e-03,4.680285934885e-03,4.571578237977e-03,4.521488788372e-03,4.586670368643e-03,4.480156305056e-03,4.363214877669e-03,4.258893507560e-03,4.171827664363e-03,4.085038959952e-03,4.001519912321e-03,3.917755531936e-03,3.850496390495e-03,3.793664612851e-03,3.727413968432e-03,3.675133290363e-03,3.623356860809e-03,3.572084679773e-03,3.537072404918e-03,2.218603178380e-03
267.100000,3.648069214937e-03,4.554831684694e-03,4.980048053438e-03,4.893454712741e-03,4.806300255021e-03,4.736726397506e-03,4.679742031289e-03,4.571051173950e-03,4.520975323083e-03,4.586146611617e-03,4.479651062300e-03,4.362730313512e-03,4.258427183953e-03,4.171376559760e-03,4.084603036156e-03,4.001098756449e-03,3.917349171859e-03,3.850101904577e-03,3.793279836774e-03,3.727040931301e-03,3.674769391930e-03,3.623002033465e-03,3.571738855899e-03,3.536732690757e-03,2.218452382460e-03
267.600000,3.647749783877e-03,4.554314188758e-03,4.979464581388e-03,4.892884964890e-03,4.805744269209e-03,4.736181135524e-03,4.679205805607e-03,4.570531556911e-03,4.520469112023e-03,4.585630250534e-03,4.479152959640e-03,4.362252603356e-03,4.257967462180e-03,4.170931846614e-03,4.084173293921e-03,4.000683577845e-03,3.916948584315e-03,3.849713026948e-03,3.792900534982e-03,3.726673206014e-03,3.674410679003e-03,3.622652266201e-03,3.571397967606e-03,3.536397827718e-03,2.218303859030e-03
268.100000,3.647434923491e-03,4.553804064297e-03,4.978889393228e-03,4.892323310849e-03,4.805196186607e-03,4.735643628541e-03,4.678677209722e-03,4.570019340258e-03,4.519970109836e-03,4.585121239187e-03,4.478661952504e-03,4.361781704410e-03,4.257514301064e-03,4.170493485087e-03,4.083749694776e-03,4.000274339279e-03,3.916553733435e-03,3.849329722740e-03,3.792526673463e-03,3.726310759603e-03,3.674057119427e-03,3.622307527659e-03,3.571061984317e-03,3.536067785780e-03,2.218157594200e-03
268.600000,3.647124605762e-03,4.553301265175e-03,4.978322437117e-03,4.891769699923e-03,4.804655957757e-03,4.735113828025e-03,4.678156195933e-03,4.569514477698e-03,4.519478271474e-03,4.584619531639e-03,4.478177996560e-03,4.361317574180e-03,4.257067659668e-03,4.170061435594e-03,4.083332200457e-03,3.999871003823e-03,3.916164583539e-03,3.848951957338e-03,3.792158218436e-03,3.725953559303e-03,3.673708681221e-03,3.621967786675e-03,3.570730875654e-03,3.535742535073e-03,2.218013574180e-03
269.100000,3.646818802826e-03,4.552805745582e-03,4.977763661530e-03,4.891224081802e-03,4.804123533518e-03,4.734591685753e-03,4.677642716777e-03,4.569016923199e-03,4.518993552182e-03,4.584125082222e-03,4.477701047771e-03,4.360860170449e-03,4.256627497383e-03,4.169635658798e-03,4.082920772936e-03,3.999473534729e-03,3.915781099195e-03,3.848579696329e-03,3.791795136333e-03,3.725601572568e-03,3.673365332641e-03,3.621633012265e-03,3.570404611436e-03,3.535422045955e-03,2.217871785260e-03
269.600000,3.646517487022e-03,4.552317459971e-03,4.977213015278e-03,4.890686406486e-03,4.803598865049e-03,4.734077153845e-03,4.677136725153e-03,4.568526631066e-03,4.518515907500e-03,4.583637845640e-03,4.477231062403e-03,4.360409451226e-03,4.256193773802e-03,4.169216115633e-03,4.082515374464e-03,3.999081895506e-03,3.915403245169e-03,3.848212905513e-03,3.791437393787e-03,3.725254767058e-03,3.673027042123e-03,3.621303173653e-03,3.570083161652e-03,3.535106288946e-03,2.217732213810e-03
270.100000,3.646220630826e-03,4.551836363138e-03,4.976670447499e-03,4.890156624267e-03,4.803081903883e-03,4.733570184683e-03,4.676638174235e-03,4.568043555912e-03,4.518045293216e-03,4.583157776839e-03,4.476767996998e-03,4.359965374857e-03,4.255766448795e-03,4.168802767274e-03,4.082115967503e-03,3.998696049905e-03,3.915030986472e-03,3.847851550928e-03,3.791084957659e-03,3.724913110618e-03,3.672693778325e-03,3.620978240284e-03,3.569766496492e-03,3.534795234764e-03,2.217594846300e-03
270.600000,3.645928206912e-03,4.551362410129e-03,4.976135907666e-03,4.889634685821e-03,4.802572601778e-03,4.733070730966e-03,4.676147017496e-03,4.567567652603e-03,4.517581665471e-03,4.582684831066e-03,4.476311808362e-03,4.359527899897e-03,4.255345482504e-03,4.168395575150e-03,4.081722514787e-03,3.998315961882e-03,3.914664288364e-03,3.847495598806e-03,3.790737795018e-03,3.724576571329e-03,3.672365510073e-03,3.620658181744e-03,3.569454586357e-03,3.534488854304e-03,2.217459669240e-03
271.100000,3.645640188103e-03,4.550895556281e-03,4.975609345599e-03,4.889120542073e-03,4.802070910892e-03,4.732578745767e-03,4.675663208729e-03,4.567098876326e-03,4.517124980630e-03,4.582218963836e-03,4.475862453610e-03,4.359096985195e-03,4.254930835300e-03,4.167994500928e-03,4.081334979241e-03,3.997941595646e-03,3.914303116265e-03,3.847145015606e-03,3.790395873136e-03,3.724245117466e-03,3.672042206413e-03,3.620342967853e-03,3.569147401788e-03,3.534187118658e-03,2.217326669280e-03
271.600000,3.645356547404e-03,4.550435757266e-03,4.975090711415e-03,4.888614144331e-03,4.801576783660e-03,4.732094182383e-03,4.675186702026e-03,4.566637182549e-03,4.516675195364e-03,4.581760131009e-03,4.475419890118e-03,4.358672589889e-03,4.254522467851e-03,4.167599506526e-03,4.080953324077e-03,3.997572915637e-03,3.913947435877e-03,3.846799768014e-03,3.790059159500e-03,3.723918717469e-03,3.671723836582e-03,3.620032568605e-03,3.568844913548e-03,3.533889999073e-03,2.217195833090e-03
272.100000,3.645077257980e-03,4.549982968980e-03,4.974579955572e-03,4.888115444176e-03,4.801090172797e-03,4.731616994444e-03,4.674717451762e-03,4.566182527031e-03,4.516232266629e-03,4.581308288671e-03,4.474984075531e-03,4.358254673329e-03,4.254120341017e-03,4.167210554113e-03,4.080577512724e-03,3.997209886500e-03,3.913597213068e-03,3.846459822892e-03,3.789727621793e-03,3.723597340042e-03,3.671410370012e-03,3.619726954192e-03,3.568547092586e-03,3.533597467016e-03,2.217067147470e-03
272.600000,3.644802293140e-03,4.549537147676e-03,4.974077028841e-03,4.887624393519e-03,4.800611031383e-03,4.731147135886e-03,4.674255412618e-03,4.565734865832e-03,4.515796151658e-03,4.580863393204e-03,4.474554967776e-03,4.357843195158e-03,4.253724415986e-03,4.166827606079e-03,4.080207508835e-03,3.996852473151e-03,3.913252413972e-03,3.846125147360e-03,3.789401227919e-03,3.723280954035e-03,3.671101776323e-03,3.619426094980e-03,3.568253910005e-03,3.533309494101e-03,2.216940599270e-03
273.100000,3.644531626399e-03,4.549098249826e-03,4.973581882321e-03,4.887140944594e-03,4.800139312740e-03,4.730684560959e-03,4.673800539579e-03,4.565294155252e-03,4.515366807946e-03,4.580425401335e-03,4.474132525037e-03,4.357438115280e-03,4.253334654122e-03,4.166450625090e-03,4.079843276315e-03,3.996500640653e-03,3.912913004905e-03,3.845795708699e-03,3.789079945974e-03,3.722969528521e-03,3.670798025341e-03,3.619129961540e-03,3.567965337108e-03,3.533026052132e-03,2.216816175430e-03
273.600000,3.644265231398e-03,4.548666232209e-03,4.973094467430e-03,4.886665049916e-03,4.799674970554e-03,4.730229224155e-03,4.673352787886e-03,4.564860351922e-03,4.514944193287e-03,4.579994269964e-03,4.473716705780e-03,4.357039393835e-03,4.252951017082e-03,4.166079574011e-03,4.079484779274e-03,3.996154354381e-03,3.912578952404e-03,3.845471474440e-03,3.788763744256e-03,3.722663032753e-03,3.670499087073e-03,3.618838524619e-03,3.567681345391e-03,3.532747113103e-03,2.216693862970e-03
274.100000,3.644003081953e-03,4.548241051909e-03,4.972614735878e-03,4.886196662343e-03,4.799217958773e-03,4.729781080324e-03,4.672912113114e-03,4.564433412755e-03,4.514528265704e-03,4.579569956344e-03,4.473307468763e-03,4.356646991263e-03,4.252573466750e-03,4.165714415996e-03,4.079131982070e-03,3.995813579860e-03,3.912250223236e-03,3.845152412289e-03,3.788452591272e-03,3.722361436195e-03,3.670204931696e-03,3.618551755135e-03,3.567401906513e-03,3.532472649147e-03,2.216573648980e-03
274.600000,3.643745152036e-03,4.547822666250e-03,4.972142639715e-03,4.885735735013e-03,4.798768231640e-03,4.729340084566e-03,4.672478471103e-03,4.564013294889e-03,4.514118983559e-03,4.579152417994e-03,4.472904772950e-03,4.356260868198e-03,4.252201965259e-03,4.165355114379e-03,4.078784849297e-03,3.995478282876e-03,3.911926784358e-03,3.844838490176e-03,3.788146455717e-03,3.722064708488e-03,3.669915529621e-03,3.618269624225e-03,3.567126992310e-03,3.532202632630e-03,2.216455520640e-03
275.100000,3.643491415802e-03,4.547411032842e-03,4.971678131288e-03,4.885282221368e-03,4.798325743709e-03,4.728906192289e-03,4.672051817969e-03,4.563599955797e-03,4.513716305403e-03,4.578741612675e-03,4.472508577636e-03,4.355880985578e-03,4.251836475008e-03,4.165001632752e-03,4.078443345754e-03,3.995148429423e-03,3.911608602947e-03,3.844529676225e-03,3.787845306504e-03,3.721772819489e-03,3.669630851410e-03,3.617992103181e-03,3.566856574802e-03,3.531937036036e-03,2.216339465190e-03
275.600000,3.643241847534e-03,4.547006109578e-03,4.971221163255e-03,4.884836075171e-03,4.797890449828e-03,4.728479359191e-03,4.671632110131e-03,4.563193353189e-03,4.513320190126e-03,4.578337498469e-03,4.472118842319e-03,4.355507304569e-03,4.251476958586e-03,4.164653934956e-03,4.078107436477e-03,3.994823985702e-03,3.911295646397e-03,3.844225938767e-03,3.787549112736e-03,3.721485739225e-03,3.669350867822e-03,3.617719163478e-03,3.566590626191e-03,3.531675832055e-03,2.216225469980e-03
276.100000,3.642996421695e-03,4.546607854628e-03,4.970771688594e-03,4.884397250464e-03,4.797462305128e-03,4.728059541248e-03,4.671219304284e-03,4.562793445086e-03,4.512930596836e-03,4.577940033666e-03,4.471735526789e-03,4.355139786583e-03,4.251123378873e-03,4.164311985047e-03,4.077777086713e-03,3.994504918135e-03,3.910987882298e-03,3.843927246330e-03,3.787257843689e-03,3.721203437908e-03,3.669075549803e-03,3.617450776777e-03,3.566329118854e-03,3.531418993534e-03,2.216113522390e-03
276.600000,3.642755112877e-03,4.546216226397e-03,4.970329660559e-03,4.883965701586e-03,4.797041265032e-03,4.727646694717e-03,4.670813357398e-03,4.562400189726e-03,4.512547484916e-03,4.577549176890e-03,4.471358591093e-03,4.354778393286e-03,4.250775698952e-03,4.163975747318e-03,4.077452261958e-03,3.994191193373e-03,3.910685278438e-03,3.843633567650e-03,3.786971468865e-03,3.720925885964e-03,3.668804868472e-03,3.617186914918e-03,3.566072025309e-03,3.531166493502e-03,2.216003609920e-03
277.100000,3.642517895862e-03,4.545831183612e-03,4.969895032716e-03,4.883541383192e-03,4.796627285259e-03,4.727240776141e-03,4.670414226736e-03,4.562013545667e-03,4.512170814031e-03,4.577164886991e-03,4.470987995525e-03,4.354423086611e-03,4.250433882155e-03,4.163645186285e-03,4.077132927901e-03,3.993882778251e-03,3.910387802823e-03,3.843344871646e-03,3.786689957947e-03,3.720653053992e-03,3.668538795150e-03,3.616927549925e-03,3.565819318296e-03,3.530918305152e-03,2.215895720120e-03
277.600000,3.642284745568e-03,4.545452685217e-03,4.969467758966e-03,4.883124250204e-03,4.796220321817e-03,4.726841742366e-03,4.670021869798e-03,4.561633471717e-03,4.511800544062e-03,4.576787123081e-03,4.470623700647e-03,4.354073828683e-03,4.250097892056e-03,4.163320266673e-03,4.076819050461e-03,3.993579639836e-03,3.910095423672e-03,3.843061127464e-03,3.786413280809e-03,3.720384912758e-03,3.668277301328e-03,3.616672653975e-03,3.565570970703e-03,3.530674401843e-03,2.215789840620e-03
278.100000,3.642055637067e-03,4.545080690467e-03,4.969047793453e-03,4.882714257873e-03,4.795820330979e-03,4.726449550471e-03,4.669636244417e-03,4.561259926944e-03,4.511436635182e-03,4.576415844562e-03,4.470265667279e-03,4.353730581925e-03,4.249767692455e-03,4.163000953473e-03,4.076510595772e-03,3.993281745403e-03,3.909808109377e-03,3.842782304405e-03,3.786141407510e-03,3.720121433244e-03,3.668020358659e-03,3.616422199446e-03,3.565326955573e-03,3.530434757097e-03,2.215685959130e-03
278.600000,3.641830545591e-03,4.544715158834e-03,4.968635090645e-03,4.882311361671e-03,4.795427269311e-03,4.726064157862e-03,4.669257308632e-03,4.560892870680e-03,4.511079047828e-03,4.576051011085e-03,4.469913856456e-03,4.353393308957e-03,4.249443247375e-03,4.162687211862e-03,4.076207530179e-03,3.992989062421e-03,3.909525828571e-03,3.842508372005e-03,3.785874308306e-03,3.719862586604e-03,3.667767939014e-03,3.616176158875e-03,3.565087246152e-03,3.530199344625e-03,2.215584063430e-03
279.100000,3.641609446521e-03,4.544356050071e-03,4.968229605301e-03,4.881915517423e-03,4.795041093662e-03,4.725685522196e-03,4.668885020814e-03,4.560532262529e-03,4.510727742647e-03,4.575692582541e-03,4.469568229496e-03,4.353061972673e-03,4.249124521091e-03,4.162379007265e-03,4.075909820265e-03,3.992701558585e-03,3.909248550048e-03,3.842239299947e-03,3.785611953655e-03,3.719608344162e-03,3.667520014413e-03,3.615934504976e-03,3.564851815833e-03,3.529968138276e-03,2.215484141370e-03
279.600000,3.641392315377e-03,4.544003324196e-03,4.967831292496e-03,4.881526681236e-03,4.794661761162e-03,4.725313601384e-03,4.668519339553e-03,4.560178062331e-03,4.510382680598e-03,4.575340519101e-03,4.469228747979e-03,4.352736536187e-03,4.248811478076e-03,4.162076305306e-03,4.075617432786e-03,3.992419201784e-03,3.908976242807e-03,3.841975058158e-03,3.785354314165e-03,3.719358677443e-03,3.667276557050e-03,3.615697210631e-03,3.564620638177e-03,3.529741112071e-03,2.215386180880e-03
280.100000,3.641179127852e-03,4.543656941492e-03,4.967440107533e-03,4.881144809448e-03,4.794289229208e-03,4.724948353643e-03,4.668160223748e-03,4.559830230237e-03,4.510043822840e-03,4.574994781196e-03,4.468895373665e-03,4.352416962854e-03,4.248504083057e-03,4.161779071867e-03,4.075330334747e-03,3.992141960115e-03,3.908708876070e-03,3.841715616725e-03,3.785101360667e-03,3.719113558132e-03,3.667037539315e-03,3.615464248914e-03,3.564393686917e-03,3.529518240206e-03,2.215290169960e-03
280.600000,3.640969859772e-03,4.543316862471e-03,4.967056006073e-03,4.880769858719e-03,4.793923455465e-03,4.724589737432e-03,4.667807632528e-03,4.559488726593e-03,4.509711130812e-03,4.574655329496e-03,4.468568068648e-03,4.352103216252e-03,4.248202300981e-03,4.161487272988e-03,4.075048493344e-03,3.991869801873e-03,3.908446419215e-03,3.841460945914e-03,3.784853064154e-03,3.718872958118e-03,3.666802933758e-03,3.615235593035e-03,3.564170935942e-03,3.529299497019e-03,2.215196096690e-03
281.100000,3.640764487115e-03,4.542983047923e-03,4.966678944014e-03,4.880401785989e-03,4.793564397893e-03,4.724237711495e-03,4.667461525302e-03,4.559153512024e-03,4.509384566175e-03,4.574322124910e-03,4.468246795186e-03,4.351795260214e-03,4.247906097002e-03,4.161200874963e-03,4.074771875982e-03,3.991602695542e-03,3.908188841846e-03,3.841211016212e-03,3.784609395818e-03,3.718636849444e-03,3.666572713101e-03,3.615011216398e-03,3.563952359316e-03,3.529084857032e-03,2.215103949210e-03
281.600000,3.640562986014e-03,4.542655458879e-03,4.966308877561e-03,4.880040548452e-03,4.793212014696e-03,4.723892234827e-03,4.667121861736e-03,4.558824547441e-03,4.509064090855e-03,4.573995128649e-03,4.467931515837e-03,4.351493058765e-03,4.247615436517e-03,4.160919844321e-03,4.074500450266e-03,3.991340609854e-03,3.907936113746e-03,3.840965798264e-03,3.784370327018e-03,3.718405204334e-03,3.666346850240e-03,3.614791092559e-03,3.563737931268e-03,3.528874294909e-03,2.215013715740e-03
282.100000,3.640365332730e-03,4.542334056612e-03,4.965945763197e-03,4.879686103604e-03,4.792866264380e-03,4.723553266711e-03,4.666788601761e-03,4.558501793956e-03,4.508749667036e-03,4.573674302120e-03,4.467622193369e-03,4.351196576229e-03,4.247330285118e-03,4.160644147744e-03,4.074234184045e-03,3.991083513679e-03,3.907688204891e-03,3.840725262913e-03,3.784135829304e-03,3.718177995185e-03,3.666125318248e-03,3.614575195247e-03,3.563527626172e-03,3.528667785477e-03,2.214925384560e-03
282.600000,3.640171503678e-03,4.542018802659e-03,4.965589557673e-03,4.879338409179e-03,4.792527105692e-03,4.723220766671e-03,4.666461705550e-03,4.558185212943e-03,4.508441257105e-03,4.573359607003e-03,4.467318790776e-03,4.350905777070e-03,4.247050608663e-03,4.160373752178e-03,4.073973045328e-03,3.990831376137e-03,3.907445085460e-03,3.840489381195e-03,3.783905874400e-03,3.717955194592e-03,3.665908090354e-03,3.614363498354e-03,3.563321418573e-03,3.528465303732e-03,2.214838944040e-03
283.100000,3.639981475444e-03,4.541709658809e-03,4.965240218051e-03,4.878997423236e-03,4.792194497634e-03,4.722894694485e-03,4.666141133552e-03,4.557874766036e-03,4.508138823719e-03,4.573051005213e-03,4.467021271332e-03,4.350620626050e-03,4.246776373167e-03,4.160108624760e-03,4.073717002339e-03,3.990584166492e-03,3.907206725785e-03,3.840258124305e-03,3.783680434214e-03,3.717736775296e-03,3.665695139976e-03,3.614155975938e-03,3.563119283179e-03,3.528266824808e-03,2.214754382600e-03
283.600000,3.639795224706e-03,4.541406587074e-03,4.964897701617e-03,4.878663104055e-03,4.791868399510e-03,4.722575010204e-03,4.665826846470e-03,4.557570415127e-03,4.507842329752e-03,4.572748458918e-03,4.466729598501e-03,4.350341088135e-03,4.246507544905e-03,4.159848732837e-03,4.073466023529e-03,3.990341854243e-03,3.906973096421e-03,3.840031463644e-03,3.783459480822e-03,3.717522710205e-03,3.665486440679e-03,3.613952602232e-03,3.562921194862e-03,3.528072324001e-03,2.214671688750e-03
284.100000,3.639612728322e-03,4.541109549728e-03,4.964561965978e-03,4.878335410186e-03,4.791548770866e-03,4.722261674126e-03,4.665518805241e-03,4.557272122332e-03,4.507551738343e-03,4.572451930514e-03,4.466443736013e-03,4.350067128490e-03,4.246244090370e-03,4.159594043969e-03,4.073220077508e-03,3.990104409082e-03,3.906744168094e-03,3.839809370780e-03,3.783242986480e-03,3.717312972436e-03,3.665281966204e-03,3.613753351597e-03,3.562727128626e-03,3.527881776763e-03,2.214590851050e-03
284.600000,3.639433963291e-03,4.540818509286e-03,4.964232968989e-03,4.878014300493e-03,4.791235571492e-03,4.721954646808e-03,4.665216971038e-03,4.556979850015e-03,4.507267012863e-03,4.572161382666e-03,4.466163647803e-03,4.349798712530e-03,4.245985976214e-03,4.159344525905e-03,4.072979133121e-03,3.989871800861e-03,3.906519911727e-03,3.839591817474e-03,3.783030923633e-03,3.717107535224e-03,3.665081690443e-03,3.613558198589e-03,3.562537059654e-03,3.527695158722e-03,2.214511858140e-03
285.100000,3.639258906736e-03,4.540533428488e-03,4.963910668802e-03,4.877699734060e-03,4.790928761451e-03,4.721653889084e-03,4.664921305335e-03,4.556693560764e-03,4.506988116874e-03,4.571876778229e-03,4.465889298067e-03,4.349535805873e-03,4.245733169382e-03,4.159100146630e-03,4.072743159384e-03,3.989643999648e-03,3.906300298413e-03,3.839378775643e-03,3.782823264887e-03,3.716906372010e-03,3.664885587480e-03,3.613367117909e-03,3.562350963275e-03,3.527512445616e-03,2.214434698720e-03
285.600000,3.639087535937e-03,4.540254270333e-03,4.963595023792e-03,4.877391670242e-03,4.790628301066e-03,4.721359362000e-03,4.664631769834e-03,4.556413217457e-03,4.506715014243e-03,4.571598080355e-03,4.465620651192e-03,4.349278374380e-03,4.245485636955e-03,4.158860874307e-03,4.072512125544e-03,3.989420975714e-03,3.906085299432e-03,3.839170217401e-03,3.782619983007e-03,3.716709456391e-03,3.664693631547e-03,3.613180084412e-03,3.562168814986e-03,3.527333613356e-03,2.214359361580e-03
286.100000,3.638919828295e-03,4.539980998044e-03,4.963285992653e-03,4.877090068637e-03,4.790334150905e-03,4.721071026877e-03,4.664348326448e-03,4.556138783166e-03,4.506447668998e-03,4.571325252385e-03,4.465357671835e-03,4.349026384104e-03,4.245243346285e-03,4.158626677291e-03,4.072286000993e-03,3.989202699464e-03,3.905874886249e-03,3.838966115022e-03,3.782421050962e-03,3.716516762138e-03,3.664505797029e-03,3.612997073133e-03,3.561990590425e-03,3.527158638020e-03,2.214285835540e-03
286.600000,3.638755761363e-03,4.539713575084e-03,4.962983534282e-03,4.876794889164e-03,4.790046271798e-03,4.720788845257e-03,4.664070937366e-03,4.555870221186e-03,4.506186045440e-03,4.571058257912e-03,4.465100324829e-03,4.348779801326e-03,4.245006264853e-03,4.158397524188e-03,4.072064755364e-03,3.988989141543e-03,3.905669030501e-03,3.838766440975e-03,3.782226441862e-03,3.716328263152e-03,3.664322058485e-03,3.612818059223e-03,3.561816265383e-03,3.526987495813e-03,2.214214109540e-03
287.100000,3.638595312831e-03,4.539451965147e-03,4.962687607914e-03,4.876506091944e-03,4.789764624799e-03,4.720512778959e-03,4.663799565010e-03,4.555607495104e-03,4.505930108102e-03,4.570797060777e-03,4.464848575291e-03,4.348538592566e-03,4.244774360451e-03,4.158173383744e-03,4.071848358453e-03,3.988780272783e-03,3.905467704015e-03,3.838571167875e-03,3.782036129000e-03,3.716143933555e-03,3.664142390625e-03,3.612643018043e-03,3.561645815805e-03,3.526820163088e-03,2.214144172530e-03
287.600000,3.638438460514e-03,4.539196132152e-03,4.962398172996e-03,4.876223637348e-03,4.789489171272e-03,4.720242790022e-03,4.663534172049e-03,4.555350568676e-03,4.505679821708e-03,4.570541625005e-03,4.464602388508e-03,4.348302724471e-03,4.244547600995e-03,4.157954224929e-03,4.071636780256e-03,3.988576064147e-03,3.905270878787e-03,3.838380268549e-03,3.781850085837e-03,3.715963747584e-03,3.663966768320e-03,3.612471925046e-03,3.561479217774e-03,3.526656616365e-03,2.214076013560e-03
288.100000,3.638285182380e-03,4.538946040284e-03,4.962115189223e-03,4.875947486040e-03,4.789219872765e-03,4.719978840761e-03,4.663274721392e-03,4.555099405958e-03,4.505435151224e-03,4.570291914907e-03,4.464361730009e-03,4.348072164021e-03,4.244325954637e-03,4.157740016940e-03,4.071429990981e-03,3.988376486842e-03,3.905078526998e-03,3.838193715952e-03,3.781668285999e-03,3.715787679645e-03,3.663795166600e-03,3.612304755905e-03,3.561316447558e-03,3.526496832292e-03,2.214009621750e-03
288.600000,3.638135456511e-03,4.538701653914e-03,4.961838616602e-03,4.875677598915e-03,4.788956691089e-03,4.719720893704e-03,4.663021176175e-03,4.554853971188e-03,4.505196061847e-03,4.570047894989e-03,4.464126565553e-03,4.347846878309e-03,4.244109389703e-03,4.157530729092e-03,4.071227960975e-03,3.988181512219e-03,3.904890621002e-03,3.838011483240e-03,3.781490703270e-03,3.715615704340e-03,3.663627560652e-03,3.612141486386e-03,3.561157481533e-03,3.526340787682e-03,2.213944986260e-03
289.100000,3.637989261159e-03,4.538462937659e-03,4.961568415349e-03,4.875413937100e-03,4.788699588326e-03,4.719468911611e-03,4.662773499768e-03,4.554614228822e-03,4.504962518993e-03,4.569809529983e-03,4.463896861081e-03,4.347626834690e-03,4.243897874758e-03,4.157326330984e-03,4.071030660818e-03,3.987991111821e-03,3.904707133320e-03,3.837833543727e-03,3.781317311623e-03,3.715447796392e-03,3.663463925830e-03,3.611982092449e-03,3.561002296248e-03,3.526188459457e-03,2.213882096340e-03
289.600000,3.637846574652e-03,4.538229856352e-03,4.961304545959e-03,4.875156462013e-03,4.788448526763e-03,4.719222857507e-03,4.662531655782e-03,4.554380143589e-03,4.504734488291e-03,4.569576784846e-03,4.463672582805e-03,4.347412000702e-03,4.243691378548e-03,4.157126792356e-03,4.070838061254e-03,3.987805257372e-03,3.904528036649e-03,3.837659870885e-03,3.781148085159e-03,3.715283930691e-03,3.663304237607e-03,3.611826550174e-03,3.560850868394e-03,3.526039824724e-03,2.213820941300e-03
290.100000,3.637707375508e-03,4.538002375073e-03,4.961046969177e-03,4.874905135292e-03,4.788203468968e-03,4.718982694629e-03,4.662295608066e-03,4.554151680412e-03,4.504511935601e-03,4.569349624789e-03,4.463453697095e-03,4.347202344111e-03,4.243489870028e-03,4.156932083145e-03,4.070650133236e-03,3.987623920788e-03,3.904353303869e-03,3.837490438375e-03,3.780982998172e-03,3.715124082291e-03,3.663148471654e-03,3.611674835817e-03,3.560703174790e-03,3.525894860718e-03,2.213761510500e-03
290.600000,3.637571642353e-03,4.537780459116e-03,4.960795645958e-03,4.874659918810e-03,4.787964377701e-03,4.718748386489e-03,4.662065320691e-03,4.553928804439e-03,4.504294826988e-03,4.569128015202e-03,4.463240170566e-03,4.346997832841e-03,4.243293318317e-03,4.156742173463e-03,4.070466847861e-03,3.987447074138e-03,3.904182908012e-03,3.837325220001e-03,3.780822025104e-03,3.714968226405e-03,3.662996603763e-03,3.611526925767e-03,3.560559192423e-03,3.525753544802e-03,2.213703793380e-03
291.100000,3.637439353926e-03,4.537564073990e-03,4.960550537583e-03,4.874420774708e-03,4.787731216015e-03,4.718519896762e-03,4.661840757971e-03,4.553711481065e-03,4.504083128745e-03,4.568911921714e-03,4.463031970063e-03,4.346798435091e-03,4.243101692769e-03,4.156557033666e-03,4.070288176422e-03,3.987274689664e-03,3.904016822287e-03,3.837164189756e-03,3.780665140558e-03,3.714816338396e-03,3.662848609882e-03,3.611382796562e-03,3.560418898419e-03,3.525615854504e-03,2.213647779440e-03
291.600000,3.637310489130e-03,4.537353185400e-03,4.960311605517e-03,4.874187665351e-03,4.787503947137e-03,4.718297189435e-03,4.661621884427e-03,4.553499675854e-03,4.503876807366e-03,4.568701310183e-03,4.462829062607e-03,4.346604119192e-03,4.242914962923e-03,4.156376634242e-03,4.070114090428e-03,3.987106739824e-03,3.903855020088e-03,3.837007321778e-03,3.780512319310e-03,3.714668393787e-03,3.662704466139e-03,3.611242424886e-03,3.560282270037e-03,3.525481767483e-03,2.213593458230e-03
292.100000,3.637185026965e-03,4.537147759326e-03,4.960078811490e-03,4.873960553364e-03,4.787282534573e-03,4.718080228660e-03,4.661408664790e-03,4.553293354650e-03,4.503675829561e-03,4.568496146664e-03,4.462631415447e-03,4.346414853729e-03,4.242733098481e-03,4.156200945885e-03,4.069944561531e-03,3.986943197201e-03,3.903697474966e-03,3.836854590365e-03,3.780363536263e-03,3.714524368240e-03,3.662564148760e-03,3.611105787574e-03,3.560149284683e-03,3.525351261515e-03,2.213540819390e-03
292.600000,3.637062946584e-03,4.524694928145e-03,4.946052809553e-03,4.860296972274e-03,4.773981391415e-03,4.705021347320e-03,4.648591351659e-03,4.540839649716e-03,4.492297964435e-03,4.556995240052e-03,4.451851595956e-03,4.336475924261e-03,4.233515143484e-03,4.147583811347e-03,4.061928231193e-03,3.979527501951e-03,3.896882425745e-03,3.830520073328e-03,3.774389748510e-03,3.709031057781e-03,3.657431333024e-03,3.606333439113e-03,3.555737376056e-03,3.521179689812e-03,2.213489852600e-03
293.100000,3.636944227265e-03,4.524551607096e-03,4.945889931501e-03,4.860138003868e-03,4.773826349336e-03,4.704869543795e-03,4.648442110003e-03,4.540695476135e-03,4.492154375203e-03,4.556848169909e-03,4.451708682962e-03,4.336337492015e-03,4.233380758455e-03,4.147452807206e-03,4.061800592044e-03,3.979403062759e-03,3.896761197162e-03,3.830401428206e-03,3.774273363254e-03,3.708917202452e-03,3.657319508589e-03,3.606223618808e-03,3.555629533107e-03,3.521073207727e-03,2.213440547610e-03
293.600000,3.636828848392e-03,4.524413232355e-03,4.945732610396e-03,4.859984466416e-03,4.773676611881e-03,4.704722945234e-03,4.648297990459e-03,4.540556269975e-03,4.492015651890e-03,4.556706064164e-03,4.451570574350e-03,4.336203686436e-03,4.233250842693e-03,4.147326141027e-03,4.061677159912e-03,3.979282703667e-03,3.896643921476e-03,3.830286633861e-03,3.774160744321e-03,3.708807012650e-03,3.657211270823e-03,3.606117306959e-03,3.555525121078e-03,3.520970103825e-03,2.213392894230e-03
294.100000,3.636716789490e-03,4.524279777201e-03,4.945580816199e-03,4.859836330561e-03,4.773532150358e-03,4.704581523483e-03,4.648158965322e-03,4.540422004352e-03,4.491881767968e-03,4.556568895709e-03,4.451437243748e-03,4.336074481988e-03,4.233125371458e-03,4.147203788683e-03,4.061557911295e-03,3.979166401771e-03,3.896530576393e-03,3.830175668479e-03,3.774051870343e-03,3.708700467483e-03,3.657106599195e-03,3.606014483429e-03,3.555424120195e-03,3.520870358566e-03,2.213346882340e-03
294.600000,3.620350187016e-03,4.510460411123e-03,4.930121093574e-03,4.844683376302e-03,4.758687621862e-03,4.690016870919e-03,4.633793313301e-03,4.526501186243e-03,4.477551567183e-03,4.541863121983e-03,4.436902137109e-03,4.321695420476e-03,4.218904210814e-03,4.133114993026e-03,4.047599758607e-03,3.965319549449e-03,3.882796381918e-03,3.816533360581e-03,3.760516071047e-03,3.695250166733e-03,3.643736117841e-03,3.592720627470e-03,3.542203695597e-03,3.507703951551e-03,2.205080960390e-03
295.100000,3.620311742562e-03,4.510393159674e-03,4.930043412927e-03,4.844607852218e-03,4.758614262915e-03,4.689945210779e-03,4.633723073467e-03,4.526433581722e-03,4.477485834187e-03,4.541795837587e-03,4.436837683949e-03,4.321634113202e-03,4.218845687660e-03,4.133058794339e-03,4.047545876994e-03,3.965267915096e-03,3.882746998810e-03,3.816485784774e-03,3.760469987863e-03,3.695205868763e-03,3.643693214949e-03,3.592679108608e-03,3.542163549736e-03,3.507664738722e-03,2.205072051400e-03
295.600000,3.620276032451e-03,4.510330306621e-03,4.929970675443e-03,4.844537157864e-03,4.758545619927e-03,4.689878178100e-03,4.633657386359e-03,4.526370392926e-03,4.477424403401e-03,4.541732939458e-03,4.436777465512e-03,4.321576871235e-03,4.218791080489e-03,4.133006387039e-03,4.047495662457e-03,3.965219826837e-03,3.882701040575e-03,3.816441536569e-03,3.760427152881e-03,3.695164722814e-03,3.643653389268e-03,3.592640592680e-03,3.542126333058e-03,3.507628405056e-03,2.205064489530e-03
296.100000,3.620243044811e-03,4.510271832672e-03,4.929902859416e-03,4.844471272006e-03,4.758481672181e-03,4.689815752555e-03,4.633596232038e-03,4.526311600482e-03,4.477367255919e-03,4.541674408350e-03,4.436721463232e-03,4.321523676773e-03,4.218740372117e-03,4.132957754508e-03,4.047449098947e-03,3.965175269146e-03,3.882658492224e-03,3.816400601407e-03,3.760387551919e-03,3.695126715122e-03,3.643616627340e-03,3.592605066562e-03,3.542092032800e-03,3.507594938009e-03,2.205058268980e-03
296.600000,3.620212767815e-03,4.510217718607e-03,4.929839943252e-03,4.844410173532e-03,4.758422399072e-03,4.689757913912e-03,4.633539590556e-03,4.526257185086e-03,4.477314372971e-03,4.541620225106e-03,4.436669658617e-03,4.321474512059e-03,4.218693545475e-03,4.132912880204e-03,4.047406170475e-03,3.965134226578e-03,3.882619338865e-03,3.816362964821e-03,3.760351170842e-03,3.695091831968e-03,3.643582915800e-03,3.592572517221e-03,3.542060636224e-03,3.507564325082e-03,2.205053383970e-03
297.100000,3.620185189705e-03,4.510167945288e-03,4.929781905414e-03,4.844353841432e-03,4.758367780074e-03,4.689704642059e-03,4.633487442144e-03,4.526207127515e-03,4.477265735847e-03,4.541570370655e-03,4.436622033281e-03,4.321429359437e-03,4.218650583570e-03,4.132871747681e-03,4.047366861131e-03,3.965096683766e-03,3.882583565645e-03,3.816328612391e-03,3.760317995571e-03,3.695060059724e-03,3.643552241333e-03,3.592542931653e-03,3.542032130673e-03,3.507536553811e-03,2.205049828740e-03
297.600000,3.620160298736e-03,4.510122493684e-03,4.929728724515e-03,4.844302254774e-03,4.758317794772e-03,4.689655916956e-03,4.633439767067e-03,4.526161408673e-03,4.477221325938e-03,4.541524826041e-03,4.436578568879e-03,4.321388201349e-03,4.218611469453e-03,4.132834340570e-03,4.047331155094e-03,3.965062625393e-03,3.882551157785e-03,3.816297529756e-03,3.760288012097e-03,3.695031384804e-03,3.643524590684e-03,3.592516296926e-03,3.542006503540e-03,3.507511611810e-03,2.205047597560e-03
298.100000,3.620138083254e-03,4.510081344822e-03,4.929680379218e-03,4.844255392757e-03,4.758272422833e-03,4.689611718641e-03,4.633396545732e-03,4.526120009513e-03,4.477181124703e-03,4.541483572336e-03,4.436539247213e-03,4.321351020280e-03,4.218576186302e-03,4.132800642551e-03,4.047299036586e-03,3.965032036234e-03,3.882522100583e-03,3.816269702647e-03,3.760261206501e-03,3.695005793673e-03,3.643499950646e-03,3.592492600183e-03,3.541983742262e-03,3.507489486758e-03,2.205046684730e-03
298.600000,3.620118531623e-03,4.510044479844e-03,4.929636848327e-03,4.844213234642e-03,4.758231644026e-03,4.689572027258e-03,4.633357758576e-03,4.526082911113e-03,4.477145113705e-03,4.541446590750e-03,4.436504050096e-03,4.321317798803e-03,4.218544717352e-03,4.132770637412e-03,4.047270489914e-03,3.965004901091e-03,3.882496379389e-03,3.816245116821e-03,3.760237564894e-03,3.694983272872e-03,3.643478308095e-03,3.592471828580e-03,3.541963834346e-03,3.507470166365e-03,2.205047084560e-03
299.100000,3.620101632271e-03,4.510011879975e-03,4.929598110720e-03,4.844175759809e-03,4.758195438218e-03,4.689536823069e-03,4.633323386167e-03,4.526050094615e-03,4.477113274592e-03,4.541413862585e-03,4.436472959499e-03,4.321288519622e-03,4.218517045874e-03,4.132744308966e-03,4.047245499468e-03,3.964981204905e-03,3.882473979619e-03,3.816223758140e-03,3.760217073452e-03,3.694963809004e-03,3.643459649932e-03,3.592453969383e-03,3.541946767344e-03,3.507453638396e-03,2.205048791390e-03
299.600000,3.620087373686e-03,4.509983526533e-03,4.929564145370e-03,4.844142947730e-03,4.758163785339e-03,4.689506086389e-03,4.633293409156e-03,4.526021541242e-03,4.477085589079e-03,4.541385369176e-03,4.436445957412e-03,4.321263165458e-03,4.218493155289e-03,4.132721641174e-03,4.047224049693e-03,3.964960932618e-03,3.882454886780e-03,3.816205612499e-03,3.760199718426e-03,3.694947388730e-03,3.643443963152e-03,3.592439009865e-03,3.541932528883e-03,3.507439890679e-03,2.205051799590e-03
300.100000,3.620075744397e-03,4.509959400877e-03,4.929534931366e-03,4.844114777926e-03,4.758136665440e-03,4.689479797633e-03,4.633267808296e-03,4.525997232326e-03,4.477062038975e-03,4.541361091979e-03,4.436423025953e-03,4.321241719117e-03,4.218473029041e-03,4.132702617994e-03,4.047206125106e-03,3.964944069281e-03,3.882439086408e-03,3.816190665861e-03,3.760185486126e-03,3.694933998761e-03,3.643431234784e-03,3.592426937409e-03,3.541921106614e-03,3.507428911114e-03,2.205056103540e-03
300.600000,3.620066732973e-03,4.509939484514e-03,4.929510447886e-03,4.844091230111e-03,4.758114058672e-03,4.689457937328e-03,4.633246564399e-03,4.525977149259e-03,4.477042606175e-03,4.541341012556e-03,4.436404147293e-03,4.321224163520e-03,4.218456650657e-03,4.132687223493e-03,4.047191710300e-03,3.964930599982e-03,3.882426564140e-03,3.816178904273e-03,3.760174362913e-03,3.694923625876e-03,3.643421451931e-03,3.592417739399e-03,3.541912488272e-03,3.507420687614e-03,2.205061697650e-03
301.100000,3.620060328045e-03,4.509923758984e-03,4.929490674198e-03,4.844072283986e-03,4.758095945248e-03,4.689440486062e-03,4.633229658371e-03,4.525961273541e-03,4.477027272648e-03,4.541325112501e-03,4.436389303687e-03,4.321210481642e-03,4.218444003766e-03,4.132675441811e-03,4.047180789940e-03,3.964920509897e-03,3.882417305627e-03,3.816170313821e-03,3.760166335226e-03,3.694916256906e-03,3.643414601737e-03,3.592411403309e-03,3.541906661640e-03,3.507415208182e-03,2.205068576370e-03
301.600000,3.620056518292e-03,4.509912205950e-03,4.929475589650e-03,4.844057919415e-03,4.758082305490e-03,4.689427424515e-03,4.633217071229e-03,4.525949586743e-03,4.477016020447e-03,4.541313373532e-03,4.436378477483e-03,4.321200656524e-03,4.218435072020e-03,4.132667257157e-03,4.047173348742e-03,3.964913784274e-03,3.882411296649e-03,3.816164880656e-03,3.760161389551e-03,3.694911878761e-03,3.643410671414e-03,3.592407916672e-03,3.541903614533e-03,3.507412460859e-03,2.205076734140e-03
302.100000,3.620055292427e-03,4.509904807151e-03,4.929465173725e-03,4.844048116322e-03,4.758073119813e-03,4.689418733478e-03,4.633208784049e-03,4.525942070532e-03,4.477008831723e-03,4.541305777459e-03,4.436371651114e-03,4.321194671309e-03,4.218429839197e-03,4.132662653805e-03,4.047169371520e-03,3.964910408415e-03,3.882408523011e-03,3.816162591009e-03,3.760159512435e-03,3.694910478371e-03,3.643409648223e-03,3.592407267042e-03,3.541903334844e-03,3.507412433738e-03,2.205086165440e-03
302.600000,3.620056639222e-03,4.509901544382e-03,4.929459405962e-03,4.844042854742e-03,4.758068368682e-03,4.689414393822e-03,4.633204778012e-03,4.525938706639e-03,4.477005688700e-03,4.541302306125e-03,4.436368807055e-03,4.321192509207e-03,4.218428289130e-03,4.132661616103e-03,4.047168843128e-03,3.964910367681e-03,3.882408970588e-03,3.816163431149e-03,3.760160690500e-03,3.694912042779e-03,3.643411519490e-03,3.592409442072e-03,3.541905810517e-03,3.507415114955e-03,2.205096864790e-03
303.100000,3.620060547520e-03,4.509902399558e-03,4.929458266030e-03,4.844042114790e-03,4.758068032734e-03,4.689414386480e-03,4.633205034378e-03,4.525939476897e-03,4.477006573662e-03,4.541302941487e-03,4.436369927930e-03,4.321194153514e-03,4.218430405720e-03,4.132664128476e-03,4.047171748516e-03,3.964913647520e-03,3.882412625316e-03,3.816167387424e-03,3.760164910399e-03,3.694916559020e-03,3.643416272603e-03,3.592414429444e-03,3.541911029535e-03,3.507420492729e-03,2.205108826700e-03
303.600000,3.620067006163e-03,4.509907354658e-03,4.929461733643e-03,4.844045876681e-03,4.758072092625e-03,4.689418692516e-03,4.633209534500e-03,4.525944363225e-03,4.477011468989e-03,4.541307665583e-03,4.436374996360e-03,4.321199587556e-03,4.218436172949e-03,4.132670175417e-03,4.047178072664e-03,3.964920233424e-03,3.882419473180e-03,3.816174446239e-03,3.760172158887e-03,3.694924014247e-03,3.643423894990e-03,3.592422216891e-03,3.541918979948e-03,3.507428555299e-03,2.205122045730e-03
304.100000,3.620076004084e-03,4.509916391725e-03,4.929469788665e-03,4.844054120691e-03,4.758080529114e-03,4.689427293037e-03,4.633218259801e-03,4.525953347597e-03,4.477020357154e-03,4.541316460548e-03,4.436383995124e-03,4.321208794791e-03,4.218445574833e-03,4.132679741470e-03,4.047187800660e-03,3.964930110969e-03,3.882429500269e-03,3.816184594057e-03,3.760182422725e-03,3.694934395621e-03,3.643434374146e-03,3.592432792222e-03,3.541929649861e-03,3.507439290982e-03,2.205136516450e-03
304.600000,3.620087530239e-03,4.509929492932e-03,4.929482411002e-03,4.844066827228e-03,4.758093323048e-03,4.689440169250e-03,4.633231191817e-03,4.525966412108e-03,4.477033220711e-03,4.541329308557e-03,4.436396907006e-03,4.321221758734e-03,4.218458595529e-03,4.132692811276e-03,4.047200917634e-03,3.964943265773e-03,3.882442692705e-03,3.816197817389e-03,3.760195688780e-03,3.694947690408e-03,3.643447697607e-03,3.592446143277e-03,3.541943027421e-03,3.507452688111e-03,2.205152233440e-03
305.100000,3.620101573640e-03,4.509946640492e-03,4.929499580683e-03,4.844083976768e-03,4.758110455388e-03,4.689457302481e-03,4.633248312134e-03,4.525983538909e-03,4.477050042247e-03,4.541346191928e-03,4.436413714929e-03,4.321238462980e-03,4.218475219215e-03,4.132709369542e-03,4.047217408809e-03,3.964959683551e-03,3.882459036672e-03,3.816214102845e-03,3.760211943959e-03,3.694963885894e-03,3.643463852987e-03,3.592462257964e-03,3.541959100826e-03,3.507468735120e-03,2.205169191340e-03
305.600000,3.620118123353e-03,4.509967816717e-03,4.929521277819e-03,4.844105549880e-03,4.758131907135e-03,4.689478674101e-03,4.633269602431e-03,4.526004710232e-03,4.477070804502e-03,4.541367092992e-03,4.436434401863e-03,4.321258891174e-03,4.218495430162e-03,4.132729401026e-03,4.047237259433e-03,3.964979350049e-03,3.882478518423e-03,3.816233437041e-03,3.760231175215e-03,3.694982969428e-03,3.643482827936e-03,3.592481124241e-03,3.541977858345e-03,3.507487420435e-03,2.205187384760e-03
306.100000,3.620137168481e-03,4.509993003988e-03,4.929547482602e-03,4.844131527210e-03,4.758157659429e-03,4.689504265569e-03,4.633295044487e-03,4.526029908407e-03,4.477095490224e-03,4.541391994206e-03,4.436458950843e-03,4.321283027031e-03,4.218519212696e-03,4.132752890567e-03,4.047260454836e-03,3.965002251107e-03,3.882501124257e-03,3.816255806696e-03,3.760253369582e-03,3.695004928428e-03,3.643504610174e-03,3.592502730118e-03,3.541999288262e-03,3.507508732596e-03,2.205206808390e-03
306.600000,3.620158698170e-03,4.510022184776e-03,4.929578175339e-03,4.844161889529e-03,4.758187693444e-03,4.689534058438e-03,4.633324620162e-03,4.526059115813e-03,4.477124082279e-03,4.541420878076e-03,4.436487345006e-03,4.321310854397e-03,4.218546551230e-03,4.132779823059e-03,4.047286980456e-03,3.965028372585e-03,3.882526840574e-03,3.816281198572e-03,3.760278514132e-03,3.695029750353e-03,3.643529187450e-03,3.592527063653e-03,3.542023378961e-03,3.507532660145e-03,2.205227456900e-03
307.100000,3.620182701615e-03,4.510055341647e-03,4.929613336382e-03,4.844196617645e-03,4.758221990493e-03,4.689568034369e-03,4.633358311380e-03,4.526092314958e-03,4.477156563603e-03,4.541453727211e-03,4.436519567573e-03,4.321342357123e-03,4.218577430238e-03,4.132810183498e-03,4.047316821725e-03,3.965057700446e-03,3.882555653774e-03,3.816309599496e-03,3.760306596017e-03,3.695057422734e-03,3.643556547599e-03,3.592554112963e-03,3.542050118835e-03,3.507559191695e-03,2.205249324990e-03
307.600000,3.620209168081e-03,4.510092457201e-03,4.929652946223e-03,4.844235692478e-03,4.758260531929e-03,4.689606175058e-03,4.633396100173e-03,4.526129488366e-03,4.477192917213e-03,4.541490524300e-03,4.436555601797e-03,4.321377519175e-03,4.218611834266e-03,4.132843956910e-03,4.047349964186e-03,3.965090220721e-03,3.882587550377e-03,3.816340996338e-03,3.760337602411e-03,3.695087933144e-03,3.643586678494e-03,3.592583866225e-03,3.542079496350e-03,3.507588315910e-03,2.205272407400e-03
308.100000,3.620238086842e-03,4.510133514153e-03,4.929696985433e-03,4.844279095049e-03,4.758303299199e-03,4.689648462329e-03,4.633437968607e-03,4.526170618705e-03,4.477233126183e-03,4.541531252084e-03,4.436595431058e-03,4.321416324584e-03,4.218649747921e-03,4.132881128385e-03,4.047386393460e-03,3.965125919465e-03,3.882622516930e-03,3.816375376028e-03,3.760371520586e-03,3.695121269213e-03,3.643619568048e-03,3.592616311659e-03,3.542111500026e-03,3.507620021485e-03,2.205296698870e-03
308.600000,3.620269447234e-03,4.510178495300e-03,4.929745434629e-03,4.844326806448e-03,4.758350273877e-03,4.689694878059e-03,4.633483898869e-03,4.526215688687e-03,4.477277173687e-03,4.541575893413e-03,4.436639038779e-03,4.321458757434e-03,4.218691155906e-03,4.132921683130e-03,4.047426095180e-03,3.965164782813e-03,3.882660540053e-03,3.816412725586e-03,3.760408337843e-03,3.695157418622e-03,3.643655204265e-03,3.592651437526e-03,3.542146118406e-03,3.507654297190e-03,2.205322194180e-03
309.100000,3.620303238641e-03,4.510227383503e-03,4.929798274578e-03,4.844378807827e-03,4.758401437541e-03,4.689745404206e-03,4.633533873255e-03,4.526264681103e-03,4.477325042965e-03,4.541624431193e-03,4.436686408464e-03,4.321504801885e-03,4.218736042946e-03,4.132965606358e-03,4.047469055072e-03,3.965206796979e-03,3.882701606402e-03,3.816453032048e-03,3.760448041537e-03,3.695196369120e-03,3.643693575151e-03,3.592689232153e-03,3.542183340124e-03,3.507691131835e-03,2.205348888110e-03
309.600000,3.620339450499e-03,4.510280161689e-03,4.929855486077e-03,4.844435080488e-03,4.758456771928e-03,4.689800022826e-03,4.633587874087e-03,4.526317578824e-03,4.477376717342e-03,4.541676848405e-03,4.436737523682e-03,4.321554442190e-03,4.218784393878e-03,4.133012883402e-03,4.047515258953e-03,3.965251948218e-03,3.882745702726e-03,3.816496282533e-03,3.760490619105e-03,3.695238108502e-03,3.643734668810e-03,3.592729683920e-03,3.542223153823e-03,3.507730514265e-03,2.205376775480e-03
310.100000,3.620378072272e-03,4.510336812876e-03,4.929917050057e-03,4.844495605772e-03,4.758516258817e-03,4.689858716062e-03,4.633645883763e-03,4.526374364800e-03,4.477432180192e-03,4.541733128140e-03,4.436792368110e-03,4.321607662679e-03,4.218836193610e-03,4.133063499593e-03,4.047564692651e-03,3.965300222849e-03,3.882792815809e-03,3.816542464206e-03,3.760536058007e-03,3.695282624606e-03,3.643778473378e-03,3.592772781253e-03,3.542265548237e-03,3.507772433405e-03,2.205405851130e-03
310.600000,3.620419093474e-03,4.510397320175e-03,4.929982947492e-03,4.844560365093e-03,4.758579880077e-03,4.689921466103e-03,4.633707884807e-03,4.526435022064e-03,4.477491414990e-03,4.541793253528e-03,4.436850925461e-03,4.321664447694e-03,4.218891427061e-03,4.133117440410e-03,4.047617342088e-03,3.965351607265e-03,3.882842932516e-03,3.816591564299e-03,3.760584345789e-03,3.695329905355e-03,3.643824977051e-03,3.592818512626e-03,3.542310512101e-03,3.507816878198e-03,2.205436109910e-03
311.100000,3.620462503670e-03,4.510461666747e-03,4.930053159481e-03,4.844629339984e-03,4.758647617669e-03,4.689988255282e-03,4.633773859791e-03,4.526499533717e-03,4.477554405267e-03,4.541857207772e-03,4.436913179536e-03,4.321724781711e-03,4.218950079275e-03,4.133174691341e-03,4.047673193248e-03,3.965406087893e-03,3.882896039730e-03,3.816643570084e-03,3.760635470024e-03,3.695379938679e-03,3.643874168050e-03,3.592866866572e-03,3.542358034241e-03,3.507863837633e-03,2.205467546710e-03
311.600000,3.620508292474e-03,4.510529835829e-03,4.930127667174e-03,4.844702512048e-03,4.758719453623e-03,4.690059065941e-03,4.633843791370e-03,4.526567882938e-03,4.477621134664e-03,4.541924974190e-03,4.436979114210e-03,4.321788649251e-03,4.219012135343e-03,4.133235237934e-03,4.047732232178e-03,3.965463651236e-03,3.882952124421e-03,3.816698468904e-03,3.760689418370e-03,3.695432712609e-03,3.643926034693e-03,3.592917831673e-03,3.542408103527e-03,3.507913300784e-03,2.205500156410e-03
312.100000,3.620556449529e-03,4.510601810754e-03,4.930206451855e-03,4.844779862951e-03,4.758795370062e-03,4.690133880537e-03,4.633917662290e-03,4.526640052984e-03,4.477691586853e-03,4.541996536150e-03,4.437048713441e-03,4.321856034893e-03,4.219077580415e-03,4.133299065853e-03,4.047794444966e-03,3.965524283883e-03,3.883011173639e-03,3.816756248151e-03,3.760746178505e-03,3.695488215187e-03,3.643980565321e-03,3.592971396533e-03,3.542460708844e-03,3.507965256741e-03,2.205533933950e-03
312.600000,3.620606964528e-03,4.510677574932e-03,4.930289494840e-03,4.844861374477e-03,4.758875349177e-03,4.690212681593e-03,4.633995455348e-03,4.526716027200e-03,4.477765745587e-03,4.542071877086e-03,4.437121961220e-03,4.321926923292e-03,4.219146399723e-03,4.133366160754e-03,4.047859817784e-03,3.965587972434e-03,3.883073174442e-03,3.816816895282e-03,3.760805738182e-03,3.695546434544e-03,3.644037748326e-03,3.593027549865e-03,3.542515839160e-03,3.508019694645e-03,2.205568874260e-03
313.100000,3.620659827225e-03,4.510757111812e-03,4.930376777562e-03,4.844947028481e-03,4.758959373234e-03,4.690295451736e-03,4.634077153464e-03,4.526795788977e-03,4.477843594705e-03,4.542150980512e-03,4.437198841660e-03,4.322001299188e-03,4.219218578546e-03,4.133436508434e-03,4.047928336867e-03,3.965654703586e-03,3.883138113974e-03,3.816880397792e-03,3.760868085212e-03,3.695607358835e-03,3.644097572151e-03,3.593086280365e-03,3.542573483480e-03,3.508076603703e-03,2.205604972310e-03
313.600000,3.620715027381e-03,4.510840404947e-03,4.930468281510e-03,4.845036806880e-03,4.759047424616e-03,4.690382173645e-03,4.634162739586e-03,4.526879321802e-03,4.477925118120e-03,4.542233830047e-03,4.437279338911e-03,4.322079147366e-03,4.219294102260e-03,4.133510094691e-03,4.047999988500e-03,3.965724464060e-03,3.883205979442e-03,3.816946743248e-03,3.760933207460e-03,3.695670976292e-03,3.644160025304e-03,3.593147576830e-03,3.542633630861e-03,3.508135973140e-03,2.205642223080e-03
314.100000,3.620772554828e-03,4.510927437968e-03,4.930563988295e-03,4.845130691678e-03,4.759139485729e-03,4.690472830098e-03,4.634252196757e-03,4.526966609228e-03,4.478010299826e-03,4.542320409338e-03,4.437363437205e-03,4.322160452701e-03,4.219372956270e-03,4.133586905413e-03,4.048074759008e-03,3.965797240669e-03,3.883276758085e-03,3.817015919263e-03,3.761001092820e-03,3.695737275168e-03,3.644225096324e-03,3.593211428074e-03,3.542696270404e-03,3.508197792246e-03,2.205680621570e-03
314.600000,3.620832399448e-03,4.511018194553e-03,4.930663879562e-03,4.845228664994e-03,4.759235539118e-03,4.690567403915e-03,4.634345508099e-03,4.527057634889e-03,4.478099123843e-03,4.542410702114e-03,4.437451120857e-03,4.322245200119e-03,4.219455126043e-03,4.133666926575e-03,4.048152634839e-03,3.965873020283e-03,3.883350437219e-03,3.817087913505e-03,3.761071729269e-03,3.695806243792e-03,3.644292773829e-03,3.593277822981e-03,3.542761391251e-03,3.508262050367e-03,2.205720162810e-03
315.100000,3.620894551140e-03,4.511112658476e-03,4.930767937105e-03,4.845330708974e-03,4.759335567360e-03,4.690665878047e-03,4.634442656826e-03,4.527152382477e-03,4.478191574320e-03,4.542504692217e-03,4.437542374234e-03,4.322333374622e-03,4.219540597174e-03,4.133750144145e-03,4.048233602434e-03,3.965951789802e-03,3.883427004193e-03,3.817162713698e-03,3.761145104811e-03,3.695877870533e-03,3.644363046443e-03,3.593346750465e-03,3.542828982600e-03,3.508328736874e-03,2.205760841840e-03
315.600000,3.620958999855e-03,4.511210813590e-03,4.930876142709e-03,4.845436805906e-03,4.759439553135e-03,4.690768235487e-03,4.634543626173e-03,4.527250835799e-03,4.478287635432e-03,4.542602363487e-03,4.437637181741e-03,4.322424961254e-03,4.219629355241e-03,4.133836544209e-03,4.048317648330e-03,3.966033536199e-03,3.883506446439e-03,3.817240307613e-03,3.761221207527e-03,3.695952143818e-03,3.644435902878e-03,3.593418199505e-03,3.542899033694e-03,3.508397841183e-03,2.205802653730e-03
316.100000,3.621025735601e-03,4.511312643791e-03,4.930988478352e-03,4.845546938089e-03,4.759547479188e-03,4.690874459288e-03,4.634648399536e-03,4.527352978671e-03,4.478387291459e-03,4.542703699936e-03,4.437735527942e-03,4.322519945169e-03,4.219721385937e-03,4.133926112918e-03,4.048404759131e-03,3.966118246507e-03,3.883588751448e-03,3.817320683099e-03,3.761300025530e-03,3.696029052122e-03,3.644511331890e-03,3.593492159121e-03,3.542971533825e-03,3.508469352791e-03,2.205845593560e-03
316.600000,3.621094748418e-03,4.511418133077e-03,4.931104925973e-03,4.845661087950e-03,4.759659328351e-03,4.690984532603e-03,4.634756960314e-03,4.527458795039e-03,4.478490526718e-03,4.542808685549e-03,4.437837397387e-03,4.322618311576e-03,4.219816674989e-03,4.134018836460e-03,4.048494921462e-03,3.966205907833e-03,3.883673906716e-03,3.817403828033e-03,3.761381547004e-03,3.696108583964e-03,3.644589322263e-03,3.593568618378e-03,3.543046472321e-03,3.508543261200e-03,2.205889656450e-03
317.100000,3.621166028373e-03,4.511527265484e-03,4.931225467698e-03,4.845779238000e-03,4.759775083524e-03,4.691098438679e-03,4.634869291986e-03,4.527568268866e-03,4.478597325623e-03,4.542917304451e-03,4.437942774740e-03,4.322720045688e-03,4.219915208223e-03,4.134114701078e-03,4.048588122033e-03,3.966296507294e-03,3.883761899856e-03,3.817489730339e-03,3.761465760173e-03,3.696190727925e-03,3.644669862846e-03,3.593647566391e-03,3.543123838581e-03,3.508619555984e-03,2.205934837510e-03
317.600000,3.621239565614e-03,4.511640025162e-03,4.931350085672e-03,4.845901370767e-03,4.759894727687e-03,4.691216160792e-03,4.634985378151e-03,4.527681384241e-03,4.478707672652e-03,4.543029540803e-03,4.438051644713e-03,4.322825132894e-03,4.220016971503e-03,4.134213693107e-03,4.048684347629e-03,3.966390032117e-03,3.883852718500e-03,3.817578378026e-03,3.761552653312e-03,3.696275472620e-03,3.644752942528e-03,3.593728992324e-03,3.543203622015e-03,3.508698226743e-03,2.205981131900e-03
318.100000,3.621315350284e-03,4.511756396298e-03,4.931478762144e-03,4.846027468942e-03,4.760018243911e-03,4.691337682330e-03,4.635105202452e-03,4.527798125304e-03,4.478821552352e-03,4.543145378829e-03,4.438163992089e-03,4.322933558541e-03,4.220121950736e-03,4.134315798903e-03,4.048783585059e-03,3.966486469551e-03,3.883946350335e-03,3.817669759133e-03,3.761642214747e-03,3.696362806741e-03,3.644838550258e-03,3.593812885384e-03,3.543285812109e-03,3.508779263135e-03,2.206028534780e-03
318.600000,3.621393372600e-03,4.511876363158e-03,4.931611479414e-03,4.846157515216e-03,4.760145615301e-03,4.691462986751e-03,4.635228748571e-03,4.527918476249e-03,4.478938949315e-03,4.543264802871e-03,4.438279801730e-03,4.323045308100e-03,4.220230131933e-03,4.134421004941e-03,4.048885821212e-03,3.966585806909e-03,3.884042783123e-03,3.817763861747e-03,3.761734432855e-03,3.696452718991e-03,3.644926675039e-03,3.593899234827e-03,3.543370398381e-03,3.508862654853e-03,2.206077041330e-03
319.100000,3.621473622817e-03,4.511999910103e-03,4.931748219899e-03,4.846291492418e-03,4.760276825088e-03,4.691592057575e-03,4.635356000343e-03,4.528042421361e-03,4.479059848224e-03,4.543387797298e-03,4.438399058541e-03,4.323160367115e-03,4.220341501173e-03,4.134529297674e-03,4.048991043009e-03,3.966688031566e-03,3.884142004652e-03,3.817860674029e-03,3.761829296082e-03,3.696545198154e-03,3.645017305885e-03,3.593988029964e-03,3.543457370397e-03,3.508948391657e-03,2.206126646770e-03
319.600000,3.621556091217e-03,4.512127021506e-03,4.931888966063e-03,4.846429383422e-03,4.760411856558e-03,4.691724878372e-03,4.635486941592e-03,4.528169944982e-03,4.479184233847e-03,4.543514346551e-03,4.438521747523e-03,4.323278721156e-03,4.220456044516e-03,4.134640663688e-03,4.049099237471e-03,3.966793130938e-03,3.884244002789e-03,3.817960184176e-03,3.761926792895e-03,3.696640233052e-03,3.645110431909e-03,3.594079260147e-03,3.543546717766e-03,3.509036463317e-03,2.206177346320e-03
320.100000,3.621640768131e-03,4.512257681885e-03,4.932033700469e-03,4.846571171168e-03,4.760550693054e-03,4.691861432855e-03,4.635621556276e-03,4.528301031539e-03,4.479312090994e-03,4.543644435153e-03,4.438647853719e-03,4.323400355875e-03,4.220573748170e-03,4.134755089599e-03,4.049210391660e-03,3.966901092516e-03,3.884348765427e-03,3.818062380432e-03,3.762026911827e-03,3.696737812549e-03,3.645206042219e-03,3.594172914745e-03,3.543638430146e-03,3.509126859677e-03,2.206229135220e-03
320.600000,3.621727643931e-03,4.512391875759e-03,4.932182405754e-03,4.846716838719e-03,4.760693318004e-03,4.692001704737e-03,4.635759828403e-03,4.528435665501e-03,4.479443404545e-03,4.543778047718e-03,4.438777362253e-03,4.323525256988e-03,4.220694598386e-03,4.134872562075e-03,4.049324492664e-03,3.967011903851e-03,3.884456280550e-03,3.818167251107e-03,3.762129641467e-03,3.696837925579e-03,3.645304126020e-03,3.594268983240e-03,3.543732497235e-03,3.509219570610e-03,2.206282008740e-03
321.100000,3.621816709038e-03,4.512529587759e-03,4.932335064627e-03,4.846866369168e-03,4.760839714942e-03,4.692145677841e-03,4.635901742030e-03,4.528573831451e-03,4.479578159445e-03,4.543915168865e-03,4.438910258307e-03,4.323653410268e-03,4.220818581437e-03,4.134993067843e-03,4.049441527665e-03,3.967125552493e-03,3.884566536143e-03,3.818274784549e-03,3.762234970436e-03,3.696940561088e-03,3.645404672524e-03,3.594367455087e-03,3.543828908783e-03,3.509314586030e-03,2.206335962170e-03
321.600000,3.621907953889e-03,4.512670802566e-03,4.932491659872e-03,4.847019745678e-03,4.760989867417e-03,4.692293336053e-03,4.636047281310e-03,4.528715513990e-03,4.479716340711e-03,4.544055783337e-03,4.439046527153e-03,4.323784801558e-03,4.220945683705e-03,4.135116593714e-03,4.049561483873e-03,3.967242026128e-03,3.884679520311e-03,3.818384969167e-03,3.762342887420e-03,3.697045708110e-03,3.645507671016e-03,3.594468319843e-03,3.543927654569e-03,3.509411895911e-03,2.206390990800e-03
322.100000,3.622001368992e-03,4.512815504933e-03,4.932652174370e-03,4.847176951543e-03,4.761143759097e-03,4.692444663348e-03,4.636196430462e-03,4.528860697820e-03,4.479857933439e-03,4.544199875915e-03,4.439186154086e-03,4.323919416777e-03,4.221075891597e-03,4.135243126534e-03,4.049684348582e-03,3.967361312433e-03,3.884795221130e-03,3.818497793410e-03,3.762453381152e-03,3.697153355695e-03,3.645613110819e-03,3.594571567064e-03,3.544028724442e-03,3.509511490249e-03,2.206447089970e-03
322.600000,3.622096944884e-03,4.512963679687e-03,4.932816591042e-03,4.847337970057e-03,4.761301373720e-03,4.692599643723e-03,4.636349173791e-03,4.529009367696e-03,4.480002922763e-03,4.544347431484e-03,4.439329124476e-03,4.324057241868e-03,4.221209191601e-03,4.135372653194e-03,4.049810109136e-03,3.967483399176e-03,3.884913626799e-03,3.818613245801e-03,3.762566440411e-03,3.697263492950e-03,3.645720981289e-03,3.594677186389e-03,3.544132108268e-03,3.509613359109e-03,2.206504255010e-03
323.100000,3.622194672129e-03,4.513115311699e-03,4.932984892923e-03,4.847502784665e-03,4.761462695045e-03,4.692758261317e-03,4.636505495650e-03,4.529161508462e-03,4.480151293914e-03,4.544498434955e-03,4.439475423817e-03,4.324198262868e-03,4.221345570252e-03,4.135505160674e-03,4.049938752909e-03,3.967608274142e-03,3.885034725542e-03,3.818731314875e-03,3.762682054025e-03,3.697376109052e-03,3.645831271846e-03,3.594785167494e-03,3.544237795983e-03,3.509717492565e-03,2.206562481280e-03
323.600000,3.622294541330e-03,4.513270385959e-03,4.933157063097e-03,4.847671378822e-03,4.761627706974e-03,4.692920500278e-03,4.636665380434e-03,4.529317105002e-03,4.480303032168e-03,4.544652871319e-03,4.439625037572e-03,4.324342465856e-03,4.221485014145e-03,4.135640636005e-03,4.050070267355e-03,3.967735925218e-03,3.885158505624e-03,3.818851989249e-03,3.762800210864e-03,3.697491193190e-03,3.645943971956e-03,3.594895500072e-03,3.544345777537e-03,3.509823880771e-03,2.206621764170e-03
324.100000,3.622396543162e-03,4.513428887445e-03,4.933333084726e-03,4.847843736113e-03,4.761796393437e-03,4.693086344856e-03,4.636828812680e-03,4.529476142282e-03,4.480458122873e-03,4.544810725627e-03,4.439777951342e-03,4.324489836998e-03,4.221627509927e-03,4.135779066262e-03,4.050204639983e-03,3.967866340295e-03,3.885284955362e-03,3.818975257575e-03,3.762920899851e-03,3.697608734623e-03,3.646059071115e-03,3.595008173888e-03,3.544456042940e-03,3.509932513894e-03,2.206682099080e-03
324.600000,3.622500668302e-03,4.513590801274e-03,4.933512941057e-03,4.848019840114e-03,4.761968738456e-03,4.693255779374e-03,4.636995776924e-03,4.529638605320e-03,4.480616551438e-03,4.544971983028e-03,4.439934150760e-03,4.324640362491e-03,4.221773044345e-03,4.135920438576e-03,4.050341858355e-03,3.967999507352e-03,3.885414063143e-03,3.819101108556e-03,3.763044109978e-03,3.697728722645e-03,3.646176558891e-03,3.595123178752e-03,3.544568582251e-03,3.510043382160e-03,2.206743481430e-03
325.100000,3.622606907493e-03,4.513756112599e-03,4.933696615418e-03,4.848199674572e-03,4.762144726093e-03,4.693428788182e-03,4.637166257827e-03,4.529804479240e-03,4.480778303333e-03,4.545136628709e-03,4.440093621519e-03,4.324794028609e-03,4.221921604151e-03,4.136064740149e-03,4.050481910056e-03,3.968135414416e-03,3.885545817381e-03,3.819229530953e-03,3.763169830240e-03,3.697851146600e-03,3.646296424861e-03,3.595240504510e-03,3.544683385564e-03,3.510156475824e-03,2.206805906640e-03
325.600000,3.622715251490e-03,4.513924806618e-03,4.933884091180e-03,4.848383223233e-03,4.762324340513e-03,4.693605355764e-03,4.637340240067e-03,4.529973749173e-03,4.480943364091e-03,4.545304647912e-03,4.440256349389e-03,4.324950821697e-03,4.222073176172e-03,4.136211958204e-03,4.050624782777e-03,3.968274049524e-03,3.885680206572e-03,3.819360513563e-03,3.763298049729e-03,3.697975995890e-03,3.646418658676e-03,3.595360141039e-03,3.544800443001e-03,3.510271785201e-03,2.206869370190e-03
326.100000,3.622825691122e-03,4.514096868657e-03,4.934075351823e-03,4.848570469945e-03,4.762507565948e-03,4.693785466614e-03,4.637517708417e-03,4.530146400367e-03,4.481111719338e-03,4.545476025959e-03,4.440422320192e-03,4.325110728125e-03,4.222227747308e-03,4.136362080090e-03,4.050770464228e-03,3.968415400826e-03,3.885817219226e-03,3.819494045229e-03,3.763428757544e-03,3.698103259932e-03,3.646543250017e-03,3.595482078288e-03,3.544919744762e-03,3.510389300623e-03,2.206933867540e-03
326.600000,3.622938217222e-03,4.514272284016e-03,4.934270380886e-03,4.848761398625e-03,4.762694386684e-03,4.693969105336e-03,4.637698647727e-03,4.530322418098e-03,4.481283354721e-03,4.545650748248e-03,4.440591519842e-03,4.325273734366e-03,4.222385304495e-03,4.136515093128e-03,4.050918942186e-03,3.968559456498e-03,3.885956843933e-03,3.819630114862e-03,3.763561942859e-03,3.698232928213e-03,3.646670188616e-03,3.595606306223e-03,3.545041281055e-03,3.510509012499e-03,2.206999394180e-03
327.100000,3.623052820675e-03,4.514451038153e-03,4.934469161971e-03,4.848955993272e-03,4.762884787076e-03,4.694156256588e-03,4.637883042882e-03,4.530501787739e-03,4.481458255978e-03,4.545828800227e-03,4.440763934247e-03,4.325439826908e-03,4.222545834764e-03,4.136670984745e-03,4.051070204467e-03,3.968706204758e-03,3.886099069309e-03,3.819768711403e-03,3.763697594872e-03,3.698364990269e-03,3.646799464248e-03,3.595732814870e-03,3.545165042149e-03,3.510630911240e-03,2.207065945640e-03
327.600000,3.623169492410e-03,4.514633116530e-03,4.934671678760e-03,4.849154237913e-03,4.763078751571e-03,4.694346905096e-03,4.638070878857e-03,4.530684494698e-03,4.481636408898e-03,4.546010167407e-03,4.440939549460e-03,4.325608992344e-03,4.222709325137e-03,4.136829742430e-03,4.051224238961e-03,3.968855633874e-03,3.886243884027e-03,3.819909823859e-03,3.763835702852e-03,3.698499435680e-03,3.646931066736e-03,3.595861594291e-03,3.545291018347e-03,3.510754987317e-03,2.207133517430e-03
328.100000,3.623288223400e-03,4.514818504687e-03,4.934877915012e-03,4.849356116699e-03,4.763276264655e-03,4.694541035618e-03,4.638262140706e-03,4.530870524485e-03,4.481817799344e-03,4.546194835370e-03,4.441118351543e-03,4.325781217286e-03,4.222875762777e-03,4.136991353705e-03,4.051381033606e-03,3.969007732189e-03,3.886391276838e-03,3.820053441259e-03,3.763976256103e-03,3.698636254039e-03,3.647064985935e-03,3.595992634587e-03,3.545419199996e-03,3.510881231245e-03,2.207202105110e-03
328.600000,3.623409004630e-03,4.515007188248e-03,4.935087854553e-03,4.849561613838e-03,4.763477310907e-03,4.694738633063e-03,4.638456813517e-03,4.531059862630e-03,4.482002413219e-03,4.546382789764e-03,4.441300326615e-03,4.325956488445e-03,4.223045134802e-03,4.137155806121e-03,4.051540576364e-03,3.969162488075e-03,3.886541236480e-03,3.820199552705e-03,3.764119243966e-03,3.698775435033e-03,3.647201211761e-03,3.596125925917e-03,3.545549577488e-03,3.511009633584e-03,2.207271704250e-03
329.100000,3.623531827140e-03,4.515199152853e-03,4.935301481285e-03,4.849770713550e-03,4.763681874964e-03,4.694939682312e-03,4.638654882449e-03,4.531252494738e-03,4.482190236508e-03,4.546574016276e-03,4.441485460895e-03,4.326134792523e-03,4.223217428504e-03,4.137323087335e-03,4.051702855292e-03,3.969319889973e-03,3.886693751797e-03,3.820348147322e-03,3.764264655827e-03,3.698916968352e-03,3.647339734165e-03,3.596261458463e-03,3.545682141252e-03,3.511140184911e-03,2.207342310420e-03
329.600000,3.623656682013e-03,4.515394384251e-03,4.935518779165e-03,4.849983400216e-03,4.763889941526e-03,4.695144168384e-03,4.638856332749e-03,4.531448406505e-03,4.482381255256e-03,4.546768500688e-03,4.441673740616e-03,4.326316116366e-03,4.223392631120e-03,4.137493185041e-03,4.051867858476e-03,3.969479926350e-03,3.886848811639e-03,3.820499214308e-03,3.764412481148e-03,3.699060843749e-03,3.647480543125e-03,3.596399222455e-03,3.545816881756e-03,3.511272875858e-03,2.207413919240e-03
330.100000,3.623783560371e-03,4.515592868253e-03,4.935739732231e-03,4.850199658236e-03,4.764101495362e-03,4.695352076322e-03,4.639061149699e-03,4.531647583666e-03,4.482575455551e-03,4.546966228833e-03,4.441865152117e-03,4.326500446814e-03,4.223570730019e-03,4.137666086958e-03,4.052035574051e-03,3.969642585730e-03,3.887006404956e-03,3.820652742885e-03,3.764562709413e-03,3.699207051034e-03,3.647623628685e-03,3.596539208177e-03,3.545953789520e-03,3.511407697111e-03,2.207486526320e-03
330.600000,3.623912453346e-03,4.515794590708e-03,4.935964324626e-03,4.850419472061e-03,4.764316521323e-03,4.695563391259e-03,4.639269318690e-03,4.531850012025e-03,4.482772823574e-03,4.547167186595e-03,4.442059681777e-03,4.326687770800e-03,4.223751712572e-03,4.137841780904e-03,4.052205990214e-03,3.969807856700e-03,3.887166520693e-03,3.820808722336e-03,3.764715330140e-03,3.699355580042e-03,3.647768980929e-03,3.596681405940e-03,3.546092855083e-03,3.511544639381e-03,2.207560127300e-03
331.100000,3.624043352127e-03,4.515999537518e-03,4.936192540491e-03,4.850642826242e-03,4.764535004301e-03,4.695778098369e-03,4.639480825115e-03,4.532055677438e-03,4.482973345535e-03,4.547371359923e-03,4.442257316007e-03,4.326878075282e-03,4.223935566261e-03,4.138020254708e-03,4.052379095204e-03,3.969975727895e-03,3.887329147868e-03,3.820967141986e-03,3.764870332919e-03,3.699506420639e-03,3.647916589965e-03,3.596825806107e-03,3.546234069045e-03,3.511683693410e-03,2.207634717840e-03
331.600000,3.624176247951e-03,4.516207694697e-03,4.936424364090e-03,4.850869705412e-03,4.764756929268e-03,4.695996182916e-03,4.639695654507e-03,4.532264565834e-03,4.483177007712e-03,4.547578734847e-03,4.442458041335e-03,4.327071347301e-03,4.224122278569e-03,4.138201496282e-03,4.052554877325e-03,3.970146187986e-03,3.887494275550e-03,3.821127991195e-03,3.765027707361e-03,3.699659562777e-03,3.648066445978e-03,3.596972399073e-03,3.546377422042e-03,3.511824849996e-03,2.207710293610e-03
332.100000,3.624311132084e-03,4.516419048268e-03,4.936659779749e-03,4.851100094212e-03,4.764982281275e-03,4.696217630215e-03,4.639913792381e-03,4.532476663225e-03,4.483383796470e-03,4.547789297419e-03,4.442661844296e-03,4.327267573952e-03,4.224311837063e-03,4.138385493588e-03,4.052733324925e-03,3.970319225699e-03,3.887661892853e-03,3.821291259393e-03,3.765187443144e-03,3.699814996407e-03,3.648218539158e-03,3.597121175272e-03,3.546522904743e-03,3.511968099966e-03,2.207786850310e-03
332.600000,3.624447995809e-03,4.516633584341e-03,4.936898771836e-03,4.851333977417e-03,4.765211045408e-03,4.696442425655e-03,4.640135224352e-03,4.532691955627e-03,4.483593698184e-03,4.548003033796e-03,4.442868711494e-03,4.327466742371e-03,4.224504229365e-03,4.138572234605e-03,4.052914426380e-03,3.970494829822e-03,3.887831988901e-03,3.821456936029e-03,3.765349529979e-03,3.699972711546e-03,3.648372859766e-03,3.597272125194e-03,3.546670507852e-03,3.512113434191e-03,2.207864383650e-03
333.100000,3.624586830456e-03,4.516851289076e-03,4.937141324831e-03,4.851571339818e-03,4.765443206858e-03,4.696670554681e-03,4.640359936150e-03,4.532910429171e-03,4.483806699338e-03,4.548219930194e-03,4.443078629623e-03,4.327668839754e-03,4.224699443135e-03,4.138761707409e-03,4.053098170144e-03,3.970672989158e-03,3.888004552934e-03,3.821625010619e-03,3.765513957613e-03,3.700132698260e-03,3.648529398078e-03,3.597425239365e-03,3.546820222142e-03,3.512260843588e-03,2.207942889350e-03
333.600000,3.624727627414e-03,4.517072148715e-03,4.937387423255e-03,4.851812166309e-03,4.765678750833e-03,4.696902002793e-03,4.640587913470e-03,4.533132070027e-03,4.484022786448e-03,4.548439972822e-03,4.443291585392e-03,4.327873853372e-03,4.224897466086e-03,4.138953900103e-03,4.053284544714e-03,3.970853692600e-03,3.888179574193e-03,3.821795472721e-03,3.765680715845e-03,3.700294946641e-03,3.648688144421e-03,3.597580508349e-03,3.546972038397e-03,3.512410319099e-03,2.208022363160e-03
334.100000,3.624870378082e-03,4.517296149535e-03,4.937637051669e-03,4.852056441824e-03,4.765917662656e-03,4.697136755570e-03,4.640819142122e-03,4.533356864426e-03,4.484241946081e-03,4.548663148043e-03,4.443507565609e-03,4.328081770536e-03,4.225098286011e-03,4.139148800850e-03,4.053473538656e-03,3.971036929059e-03,3.888357041961e-03,3.821968311919e-03,3.765849794526e-03,3.700459446829e-03,3.648849089200e-03,3.597737922734e-03,3.547125947442e-03,3.512561851707e-03,2.208102800830e-03
334.600000,3.625015073902e-03,4.517523277882e-03,4.937890194770e-03,4.852304151377e-03,4.766159927664e-03,4.697374798653e-03,4.641053608008e-03,4.533584798667e-03,4.484464164894e-03,4.548889442221e-03,4.443726557119e-03,4.328292578588e-03,4.225301890735e-03,4.139346397865e-03,4.053665140531e-03,3.971222687507e-03,3.888536945591e-03,3.822143517861e-03,3.766021183548e-03,3.700626189014e-03,3.649012222791e-03,3.597897473176e-03,3.547281940146e-03,3.512715432438e-03,2.208184198160e-03
335.100000,3.625161706350e-03,4.517753520163e-03,4.938146837262e-03,4.852555280044e-03,4.766405531303e-03,4.697616117742e-03,4.641291297037e-03,4.533815859078e-03,4.484689429578e-03,4.549118841762e-03,4.443948546798e-03,4.328506264995e-03,4.225508268112e-03,4.139546679419e-03,4.053859339014e-03,3.971410956947e-03,3.888719274463e-03,3.822321080237e-03,3.766194872825e-03,3.700795163415e-03,3.649177535672e-03,3.598059150346e-03,3.547440007439e-03,3.512871052361e-03,2.208266550940e-03
335.600000,3.625310266944e-03,4.517986862835e-03,4.938406963953e-03,4.852809812958e-03,4.766654459053e-03,4.697860698580e-03,4.641532195173e-03,4.534050032092e-03,4.484917726871e-03,4.549351333216e-03,4.444173521616e-03,4.328722817205e-03,4.225717406126e-03,4.139749633809e-03,4.054056122783e-03,3.971601726451e-03,3.888904018028e-03,3.822500988766e-03,3.766370852339e-03,3.700966360302e-03,3.649345018337e-03,3.598222944988e-03,3.547600140247e-03,3.513028702568e-03,2.208349854970e-03
336.100000,3.625460747232e-03,4.518223292450e-03,4.938670559683e-03,4.853067735357e-03,4.766906696469e-03,4.698108527030e-03,4.641776288529e-03,4.534287304196e-03,4.485149043625e-03,4.549586903104e-03,4.444401468612e-03,4.328942222763e-03,4.225929292712e-03,4.139955249406e-03,4.054255480583e-03,3.971794985136e-03,3.889091165743e-03,3.822683233240e-03,3.766549112110e-03,3.701139769973e-03,3.649514661317e-03,3.598388847842e-03,3.547762329557e-03,3.513188374209e-03,2.208434106100e-03
336.600000,3.625613138792e-03,4.518462795561e-03,4.938937609403e-03,4.853329032475e-03,4.767162229182e-03,4.698359588945e-03,4.642023563170e-03,4.534527661882e-03,4.485383366669e-03,4.549825538038e-03,4.444632374846e-03,4.329164469232e-03,4.226143915942e-03,4.140163514624e-03,4.054457401199e-03,3.971990722159e-03,3.889280707144e-03,3.822867803461e-03,3.766729642190e-03,3.701315382795e-03,3.649686455191e-03,3.598556849729e-03,3.547926566412e-03,3.513350058451e-03,2.208519300170e-03
337.100000,3.625767433265e-03,4.518705358832e-03,4.939208098073e-03,4.853593689659e-03,4.767421042852e-03,4.698613870291e-03,4.642274005271e-03,4.534771091769e-03,4.485620682946e-03,4.550067224706e-03,4.444866227421e-03,4.329389544266e-03,4.226361263880e-03,4.140374417928e-03,4.054661873485e-03,3.972188926725e-03,3.889472631804e-03,3.823054689300e-03,3.766912432687e-03,3.701493189161e-03,3.649860390581e-03,3.598726941477e-03,3.548092841860e-03,3.513513746522e-03,2.208605433050e-03
337.600000,3.625923622284e-03,4.518950968950e-03,4.939482010779e-03,4.853861692316e-03,4.767683123227e-03,4.698871357054e-03,4.642527601099e-03,4.535017580483e-03,4.485860979441e-03,4.550311949813e-03,4.445103013561e-03,4.329617435568e-03,4.226581324701e-03,4.140587947835e-03,4.054868886319e-03,3.972389588070e-03,3.889666929319e-03,3.823243880671e-03,3.767097473752e-03,3.701673179483e-03,3.650036458129e-03,3.598899113972e-03,3.548261147013e-03,3.513679429651e-03,2.208692500610e-03
338.100000,3.626081697546e-03,4.519199612677e-03,4.939759332634e-03,4.854133025902e-03,4.767948456129e-03,4.699132035320e-03,4.642784336923e-03,4.535267114759e-03,4.486104243194e-03,4.550559700192e-03,4.445342720477e-03,4.329848130853e-03,4.226804086551e-03,4.140804092919e-03,4.055078428643e-03,3.972592695499e-03,3.889863589370e-03,3.823435367505e-03,3.767284755553e-03,3.701855344260e-03,3.650214648554e-03,3.599073358136e-03,3.548431473006e-03,3.513847099146e-03,2.208780498760e-03
338.600000,3.626241650780e-03,4.519451276831e-03,4.940040048826e-03,4.854407675936e-03,4.768217027390e-03,4.699395891236e-03,4.643044199090e-03,4.535519681334e-03,4.486350461298e-03,4.550810462633e-03,4.445585335477e-03,4.330081617951e-03,4.227029537694e-03,4.141022841781e-03,4.055290489435e-03,3.972798238365e-03,3.890062601652e-03,3.823629139806e-03,3.767474268336e-03,3.702039673995e-03,3.650394952577e-03,3.599249664920e-03,3.548603811010e-03,3.514016746331e-03,2.208869423410e-03
339.100000,3.626403473737e-03,4.519705948276e-03,4.940324144601e-03,4.854685628025e-03,4.768488822952e-03,4.699662910952e-03,4.643307174041e-03,4.535775267033e-03,4.486599620909e-03,4.551064224083e-03,4.445830845910e-03,4.330317884689e-03,4.227257666440e-03,4.141244183079e-03,4.055505057717e-03,3.973006206041e-03,3.890263955908e-03,3.823825187605e-03,3.767666002357e-03,3.702226159238e-03,3.650577360988e-03,3.599428025321e-03,3.548778152248e-03,3.514188362559e-03,2.208959270500e-03
339.600000,3.626567158221e-03,4.519963613950e-03,4.940611605281e-03,4.854966867797e-03,4.768763828817e-03,4.699933080756e-03,4.643573248207e-03,4.536033858740e-03,4.486851709233e-03,4.551320971466e-03,4.446079239188e-03,4.330556919000e-03,4.227488461126e-03,4.141468105520e-03,4.055722122577e-03,3.973216587957e-03,3.890467641937e-03,3.824023500988e-03,3.767859947939e-03,3.702414790585e-03,3.650761864581e-03,3.599608430378e-03,3.548954487976e-03,3.514361939236e-03,2.209050035970e-03
340.100000,3.626732696039e-03,4.520224260847e-03,4.940902416242e-03,4.855251380981e-03,4.769042031019e-03,4.700206386939e-03,4.643842408169e-03,4.536295443392e-03,4.487106713535e-03,4.551580691834e-03,4.446330502756e-03,4.330798708809e-03,4.227721910127e-03,4.141694597886e-03,4.055941673145e-03,3.973429373622e-03,3.890673649561e-03,3.824224070061e-03,3.768056095436e-03,3.702605558681e-03,3.650948454240e-03,3.599790871169e-03,3.549132809467e-03,3.514537467797e-03,2.209141715780e-03
340.600000,3.626900079077e-03,4.520487875989e-03,4.941196562930e-03,4.855539153356e-03,4.769323415673e-03,4.700482815881e-03,4.644114640471e-03,4.536560007974e-03,4.487364621117e-03,4.551843372196e-03,4.446584624122e-03,4.331043242136e-03,4.227958001896e-03,4.141923648967e-03,4.056163698580e-03,3.973644552526e-03,3.890881968675e-03,3.824426885002e-03,3.768254435228e-03,3.702798454189e-03,3.651137120831e-03,3.599975338787e-03,3.549313108058e-03,3.514714939710e-03,2.209234305930e-03
341.100000,3.627069299220e-03,4.520754446507e-03,4.941494030845e-03,4.855830170761e-03,4.769607968943e-03,4.700762353995e-03,4.644389931796e-03,4.536827539546e-03,4.487625419379e-03,4.552108999746e-03,4.446841590883e-03,4.331290507060e-03,4.228196724928e-03,4.142155247641e-03,4.056388188108e-03,3.973862114263e-03,3.891092589192e-03,3.824631935997e-03,3.768454957765e-03,3.702993467837e-03,3.651327855297e-03,3.600161824392e-03,3.549495375119e-03,3.514894346491e-03,2.209327802410e-03
341.600000,3.627240348389e-03,4.521023959523e-03,4.941794805564e-03,4.856124419086e-03,4.769895677084e-03,4.701044987803e-03,4.644668268830e-03,4.537098025196e-03,4.487889095743e-03,4.552377561640e-03,4.447101390627e-03,4.331540491673e-03,4.228438067784e-03,4.142389382786e-03,4.056615130994e-03,3.974082048437e-03,3.891305501067e-03,3.824839213308e-03,3.768657653520e-03,3.703190590366e-03,3.651520648615e-03,3.600350319173e-03,3.549679602029e-03,3.515075679673e-03,2.209422201220e-03
342.100000,3.627413218561e-03,4.521296402263e-03,4.942098872709e-03,4.856421884291e-03,4.770186526342e-03,4.701330703810e-03,4.644949638319e-03,4.537371452097e-03,4.488155637679e-03,4.552649045094e-03,4.447364011046e-03,4.331793184127e-03,4.228682019038e-03,4.142626043367e-03,4.056844516540e-03,3.974304344703e-03,3.891520694324e-03,3.825048707214e-03,3.768862513014e-03,3.703389812582e-03,3.651715491801e-03,3.600540814340e-03,3.549865780233e-03,3.515258930853e-03,2.209517498420e-03
342.600000,3.627587901712e-03,4.521571761996e-03,4.942406217999e-03,4.856722552407e-03,4.770480503105e-03,4.701619488639e-03,4.645234027110e-03,4.537647807460e-03,4.488425032730e-03,4.552923437430e-03,4.447629439890e-03,4.332048572659e-03,4.228928567325e-03,4.142865218390e-03,4.057076334106e-03,3.974528992762e-03,3.891738159008e-03,3.825260408052e-03,3.769069526785e-03,3.703591125319e-03,3.651912375880e-03,3.600733301173e-03,3.550053901211e-03,3.515444091633e-03,2.209613690030e-03
343.100000,3.627764389897e-03,4.521850026029e-03,4.942716827151e-03,4.857026409495e-03,4.770777593770e-03,4.701911328956e-03,4.645521422091e-03,4.537927078549e-03,4.488697268486e-03,4.553200726009e-03,4.447897664901e-03,4.332306645522e-03,4.229177701378e-03,4.143106896883e-03,4.057310573096e-03,3.974755982388e-03,3.891957885199e-03,3.825474306192e-03,3.769278685455e-03,3.703794519434e-03,3.652111291947e-03,3.600927770959e-03,3.550243956465e-03,3.515631153665e-03,2.209710772120e-03
343.600000,3.627942675155e-03,4.522131181762e-03,4.943030686013e-03,4.857333441725e-03,4.771077784795e-03,4.702206211467e-03,4.645811810160e-03,4.538209252709e-03,4.488972332592e-03,4.553480898186e-03,4.448168673921e-03,4.332567391028e-03,4.229429409882e-03,4.143351067942e-03,4.057547222943e-03,3.974985303335e-03,3.892179863058e-03,3.825690392032e-03,3.769489979640e-03,3.703999985842e-03,3.652312231133e-03,3.601124215023e-03,3.550435937540e-03,3.515820108641e-03,2.209808740780e-03
344.100000,3.628122749603e-03,4.522415216610e-03,4.943347780466e-03,4.857643635300e-03,4.771381062707e-03,4.702504122969e-03,4.646105178329e-03,4.538494317305e-03,4.489250212733e-03,4.553763941446e-03,4.448442454840e-03,4.332830797543e-03,4.229683681656e-03,4.143597720730e-03,4.057786273159e-03,3.975216945450e-03,3.892404082743e-03,3.825908656032e-03,3.769703400034e-03,3.704207515503e-03,3.652515184589e-03,3.601322624760e-03,3.550629836012e-03,3.516010948268e-03,2.209907592090e-03
344.600000,3.628304605346e-03,4.522702118056e-03,4.943668096431e-03,4.857956976451e-03,4.771687414107e-03,4.702805050311e-03,4.646401513638e-03,4.538782259772e-03,4.489530896679e-03,4.554049843297e-03,4.448718995604e-03,4.333096853501e-03,4.229940505510e-03,4.143846844421e-03,4.058027713279e-03,3.975450898626e-03,3.892630534470e-03,3.826129088692e-03,3.769918937350e-03,3.704417099397e-03,3.652720143516e-03,3.601522991556e-03,3.550825643497e-03,3.516203664323e-03,2.210007322170e-03
345.100000,3.628488234564e-03,4.522991873646e-03,4.943991619918e-03,4.858273451510e-03,4.771996825625e-03,4.703108980340e-03,4.646700803190e-03,4.539073067612e-03,4.489814372215e-03,4.554338591311e-03,4.448998284207e-03,4.333365547332e-03,4.230199870355e-03,4.144098428238e-03,4.058271532877e-03,3.975687152758e-03,3.892859208507e-03,3.826351680542e-03,3.770136582339e-03,3.704628728550e-03,3.652927099154e-03,3.601725306862e-03,3.551023351652e-03,3.516398248591e-03,2.210107927150e-03
345.600000,3.628673629439e-03,4.523284470980e-03,4.944318336992e-03,4.858593046882e-03,4.772309283960e-03,4.703415900027e-03,4.647003034156e-03,4.539366728362e-03,4.490100627207e-03,4.554630173100e-03,4.449280308662e-03,4.333636867575e-03,4.230461765128e-03,4.144352461467e-03,4.058517721565e-03,3.975925697824e-03,3.893090095160e-03,3.826576422151e-03,3.770356325797e-03,3.704842394028e-03,3.653136042783e-03,3.601929562160e-03,3.551222952159e-03,3.516594692890e-03,2.210209403160e-03
346.100000,3.628860782195e-03,4.523579897687e-03,4.944648233766e-03,4.858915748977e-03,4.772624775855e-03,4.703725796392e-03,4.647308193742e-03,4.539663229621e-03,4.490389649564e-03,4.554924576318e-03,4.449565057089e-03,4.333910802778e-03,4.230726178774e-03,4.144608933438e-03,4.058766269043e-03,3.976166523830e-03,3.893323184779e-03,3.826803304135e-03,3.770578158562e-03,3.705058086923e-03,3.653346965692e-03,3.602135748957e-03,3.551424436728e-03,3.516792989083e-03,2.210311746370e-03
346.600000,3.629049685106e-03,4.523878141466e-03,4.944981296446e-03,4.859241544301e-03,4.772943288150e-03,4.704038656476e-03,4.647616269193e-03,4.539962559021e-03,4.490681427239e-03,4.555221788723e-03,4.449852517614e-03,4.334187341587e-03,4.230993100350e-03,4.144867833510e-03,4.059017165011e-03,3.976409620834e-03,3.893558467729e-03,3.827032317146e-03,3.770802071506e-03,3.705275798397e-03,3.653559859241e-03,3.602343858824e-03,3.551627797140e-03,3.516993129067e-03,2.210414952950e-03
347.100000,3.629240330441e-03,4.524179190074e-03,4.945317511225e-03,4.859570419416e-03,4.773264807698e-03,4.704354467391e-03,4.647927247874e-03,4.540264704286e-03,4.490975948240e-03,4.555521798073e-03,4.450142678455e-03,4.334466472617e-03,4.231262518908e-03,4.145129151113e-03,4.059270399224e-03,3.976654978906e-03,3.893795934437e-03,3.827263451878e-03,3.771028055536e-03,3.705495519604e-03,3.653774714815e-03,3.602553883342e-03,3.551833025178e-03,3.517195104767e-03,2.210519019080e-03
347.600000,3.629432710537e-03,4.524483031334e-03,4.945656864455e-03,4.859902360927e-03,4.773589321453e-03,4.704673216330e-03,4.648241117122e-03,4.540569653176e-03,4.491273200641e-03,4.555824592198e-03,4.450435527833e-03,4.334748184608e-03,4.231534423582e-03,4.145392875706e-03,4.059525961488e-03,3.976902588202e-03,3.894035575392e-03,3.827496699070e-03,3.771256101622e-03,3.705717241767e-03,3.653991523825e-03,3.602765814122e-03,3.552040112650e-03,3.517398908150e-03,2.210623940980e-03
348.100000,3.629626817738e-03,4.524789653090e-03,4.945999342467e-03,4.860237355508e-03,4.773916816356e-03,4.704994890507e-03,4.648557864396e-03,4.540877393497e-03,4.491573172539e-03,4.556130158972e-03,4.450731054057e-03,4.335032466311e-03,4.231808803531e-03,4.145658996772e-03,4.059783841655e-03,3.977152438878e-03,3.894277381075e-03,3.827732049489e-03,3.771486200727e-03,3.705940956140e-03,3.654210277744e-03,3.602979642838e-03,3.552249051431e-03,3.517604531216e-03,2.210729714860e-03
348.600000,3.629822644445e-03,4.525099043244e-03,4.946344931695e-03,4.860575389905e-03,4.774247279484e-03,4.705319477187e-03,4.648877477184e-03,4.541187913102e-03,4.491875852110e-03,4.556438486340e-03,4.451029245467e-03,4.335319306524e-03,4.232085647958e-03,4.145927503899e-03,4.060044029591e-03,3.977404521169e-03,3.894521342050e-03,3.827969493945e-03,3.771718343899e-03,3.706166654012e-03,3.654430968036e-03,3.603195361174e-03,3.552459833412e-03,3.517811965987e-03,2.210836336960e-03
349.100000,3.630020183056e-03,4.525411189765e-03,4.946693618605e-03,4.860916450871e-03,4.774580697920e-03,4.705646963753e-03,4.649199943016e-03,4.541501199908e-03,4.492181227575e-03,4.556749562288e-03,4.451330090457e-03,4.335608694116e-03,4.232364946137e-03,4.146198386659e-03,4.060306515269e-03,3.977658825328e-03,3.894767448899e-03,3.828209023293e-03,3.771952522194e-03,3.706394326714e-03,3.654653586259e-03,3.603412960863e-03,3.552672450531e-03,3.518021204531e-03,2.210943803530e-03
349.600000,3.630219426027e-03,4.525726080670e-03,4.947045389728e-03,4.861260525274e-03,4.774917058791e-03,4.705977337554e-03,4.649525249473e-03,4.541817241892e-03,4.492489287192e-03,4.557063374866e-03,4.451633577482e-03,4.335900617979e-03,4.232646687361e-03,4.146471634695e-03,4.060571288619e-03,3.977915341653e-03,3.895015692234e-03,3.828450628409e-03,3.772188726715e-03,3.706623965587e-03,3.654878123957e-03,3.603632433663e-03,3.552886894729e-03,3.518232238941e-03,2.211052110840e-03
350.100000,3.630420365837e-03,4.526043704020e-03,4.947400231665e-03,4.861607599999e-03,4.775256349341e-03,4.706310586045e-03,4.649853384226e-03,4.542136027051e-03,4.492800019274e-03,4.557379912126e-03,4.451939695031e-03,4.336195067067e-03,4.232930861001e-03,4.146747237694e-03,4.060838339682e-03,3.978174060479e-03,3.895266062744e-03,3.828694300237e-03,3.772426948597e-03,3.706855562051e-03,3.655104572725e-03,3.603853771384e-03,3.553103158027e-03,3.518445061358e-03,2.211161255160e-03
350.600000,3.630622995004e-03,4.526364047930e-03,4.947758131069e-03,4.861957662011e-03,4.775598556807e-03,4.706646696754e-03,4.650184334959e-03,4.542457543471e-03,4.493113412193e-03,4.557699162228e-03,4.452248431653e-03,4.336492030359e-03,4.233217456423e-03,4.147025185393e-03,4.061107658522e-03,3.978434972208e-03,3.895518551129e-03,3.828940029730e-03,3.772667179038e-03,3.707089107527e-03,3.655332924221e-03,3.604076965857e-03,3.553321232436e-03,3.518659663939e-03,2.211271232790e-03
351.100000,3.630827306056e-03,4.526687100561e-03,4.948119074629e-03,4.862310698319e-03,4.775943668527e-03,4.706985657191e-03,4.650518089444e-03,4.542781779255e-03,4.493429454361e-03,4.558021113379e-03,4.452559775924e-03,4.336791496927e-03,4.233506463077e-03,4.147305467528e-03,4.061379235230e-03,3.978698067235e-03,3.895773148126e-03,3.829187807907e-03,3.772909409229e-03,3.707324593501e-03,3.655563170093e-03,3.604302008937e-03,3.553541110023e-03,3.518876038873e-03,2.211382040050e-03
351.600000,3.631033291582e-03,4.527012850141e-03,4.948483049131e-03,4.862666695987e-03,4.776291671839e-03,4.707327454983e-03,4.650854635447e-03,4.543108722599e-03,4.493748134252e-03,4.558345753795e-03,4.452873716505e-03,4.337093455836e-03,4.233797870450e-03,4.147588073961e-03,4.061653059950e-03,3.978963336056e-03,3.896029844531e-03,3.829437625789e-03,3.773153630440e-03,3.707562011466e-03,3.655795302064e-03,3.604528892540e-03,3.553762782892e-03,3.519094178401e-03,2.211493673270e-03
352.100000,3.631240944172e-03,4.527341284937e-03,4.948850041406e-03,4.863025642125e-03,4.776642554190e-03,4.707672077792e-03,4.651193960883e-03,4.543438361707e-03,4.494069440367e-03,4.558673071766e-03,4.453190242089e-03,4.337397896243e-03,4.234091668077e-03,4.147872994525e-03,4.061929122861e-03,3.979230769148e-03,3.896288631150e-03,3.829689474480e-03,3.773399833957e-03,3.707801352970e-03,3.656029311859e-03,3.604757608584e-03,3.553986243167e-03,3.519314074783e-03,2.211606128770e-03
352.600000,3.631450256461e-03,4.527672393276e-03,4.949220038301e-03,4.863387523950e-03,4.776996303060e-03,4.708019513328e-03,4.651536053609e-03,4.543770684868e-03,4.494393361276e-03,4.559003055642e-03,4.453509341385e-03,4.337704807296e-03,4.234387845530e-03,4.148160219126e-03,4.062207414212e-03,3.979500357091e-03,3.896549498876e-03,3.829943345074e-03,3.773648011095e-03,3.708042609588e-03,3.656265191255e-03,3.604988149058e-03,3.554211483017e-03,3.519535720305e-03,2.211719402920e-03
353.100000,3.631661221120e-03,4.528006163496e-03,4.949593026758e-03,4.863752328638e-03,4.777352905967e-03,4.708369749352e-03,4.651880901611e-03,4.544105680365e-03,4.494719885599e-03,4.559335693827e-03,4.453831003215e-03,4.338014178283e-03,4.234686392421e-03,4.148449737697e-03,4.062487924263e-03,3.979772090430e-03,3.896812438579e-03,3.830199228747e-03,3.773898153233e-03,3.708285772940e-03,3.656502932068e-03,3.605220505968e-03,3.554438494622e-03,3.519759107294e-03,2.211833492090e-03
353.600000,3.631873830849e-03,4.528342584047e-03,4.949968993786e-03,4.864120043520e-03,4.777712350504e-03,4.708722773668e-03,4.652228492898e-03,4.544443336608e-03,4.495049001996e-03,4.559670974736e-03,4.454155216386e-03,4.338325998428e-03,4.234987298430e-03,4.148741540236e-03,4.062770643319e-03,3.980045959808e-03,3.897077441212e-03,3.830457116675e-03,3.774150251757e-03,3.708530834672e-03,3.656742526136e-03,3.605454671323e-03,3.554667270232e-03,3.519984228124e-03,2.211948392670e-03
354.100000,3.632088078351e-03,4.528681643381e-03,4.950347926409e-03,4.864490655933e-03,4.778074624298e-03,4.709078574178e-03,4.652578815540e-03,4.544783642012e-03,4.495380699164e-03,4.560008886875e-03,4.454481969798e-03,4.338640257061e-03,4.235290553238e-03,4.149035616790e-03,4.063055561738e-03,3.980321955886e-03,3.897344497753e-03,3.830717000097e-03,3.774404298114e-03,3.708777786463e-03,3.656983965338e-03,3.605690637221e-03,3.554897802100e-03,3.520211075175e-03,2.212064101060e-03
354.600000,3.632303956399e-03,4.529023330019e-03,4.950729811755e-03,4.864864153246e-03,4.778439715053e-03,4.709437138777e-03,4.652931857625e-03,4.545126585041e-03,4.495714965872e-03,4.560349418751e-03,4.454811252378e-03,4.338956943554e-03,4.235596146623e-03,4.149331957386e-03,4.063342669895e-03,3.980600069370e-03,3.897613599226e-03,3.830978870280e-03,3.774660283770e-03,3.709026620046e-03,3.657227241595e-03,3.605928395748e-03,3.555130082508e-03,3.520439640865e-03,2.212180613660e-03
355.100000,3.632521457771e-03,4.529367632515e-03,4.951114636938e-03,4.865240522939e-03,4.778807610510e-03,4.709798455439e-03,4.653287607356e-03,4.545472154209e-03,4.496051790915e-03,4.560692558998e-03,4.455143053072e-03,4.339276047305e-03,4.235904068357e-03,4.149630552191e-03,4.063631958245e-03,3.980880290997e-03,3.897884736669e-03,3.831242718524e-03,3.774918200238e-03,3.709277327159e-03,3.657472346845e-03,3.606167939054e-03,3.555364103806e-03,3.520669917657e-03,2.212297926910e-03
355.600000,3.632740575280e-03,4.529714539516e-03,4.951502389209e-03,4.865619752501e-03,4.779178298461e-03,4.710162512209e-03,4.653646052915e-03,4.545820338110e-03,4.496391163160e-03,4.561038296227e-03,4.455477360964e-03,4.339597557800e-03,4.236214308277e-03,4.149931391322e-03,4.063923417255e-03,3.981162611567e-03,3.898157901182e-03,3.831508536166e-03,3.775178039048e-03,3.709529899607e-03,3.657719273063e-03,3.606409259307e-03,3.555599858329e-03,3.520901898022e-03,2.212416037260e-03
356.100000,3.632961301771e-03,4.530064039645e-03,4.951893055824e-03,4.866001829483e-03,4.779551766759e-03,4.710529297135e-03,4.654007182593e-03,4.546171125331e-03,4.496733071502e-03,4.561386619122e-03,4.455814165071e-03,4.339921464511e-03,4.236526856285e-03,4.150234464977e-03,4.064217037426e-03,3.981447021888e-03,3.898433083885e-03,3.831776314595e-03,3.775439791781e-03,3.709784329198e-03,3.657968012265e-03,3.606652348698e-03,3.555837338476e-03,3.521135574496e-03,2.212534941160e-03
356.600000,3.633183630128e-03,4.530416121630e-03,4.952286624093e-03,4.866386741504e-03,4.779928003308e-03,4.710898798352e-03,4.654370984694e-03,4.546524504557e-03,4.497077504883e-03,4.561737516420e-03,4.456153454518e-03,4.340247757003e-03,4.236841702293e-03,4.150539763415e-03,4.064512809323e-03,3.981733512818e-03,3.898710275968e-03,3.832046045215e-03,3.775703450072e-03,3.710040607796e-03,3.658218556508e-03,3.606897199470e-03,3.556076536677e-03,3.521370939623e-03,2.212654635080e-03
357.100000,3.633407553237e-03,4.530770774235e-03,4.952683081385e-03,4.866774476226e-03,4.780306996042e-03,4.711271004049e-03,4.654737447594e-03,4.546880464504e-03,4.497424452305e-03,4.562090976910e-03,4.456495218481e-03,4.340576424844e-03,4.237158836258e-03,4.150847276903e-03,4.064810723540e-03,3.982022075256e-03,3.898989468616e-03,3.832317719471e-03,3.775969005542e-03,3.710298727297e-03,3.658470897863e-03,3.607143803893e-03,3.556317445369e-03,3.521607985979e-03,2.212775115520e-03
357.600000,3.633633064038e-03,4.531127986275e-03,4.953082415159e-03,4.867165021358e-03,4.780688732965e-03,4.711645902435e-03,4.655106559708e-03,4.547238993927e-03,4.497773902814e-03,4.562446989400e-03,4.456839446172e-03,4.340907457682e-03,4.237478248191e-03,4.151156995768e-03,4.065110770706e-03,3.982312700144e-03,3.899270653081e-03,3.832591328847e-03,3.776236449897e-03,3.710558679626e-03,3.658725028452e-03,3.607392154266e-03,3.556560057051e-03,3.521846706175e-03,2.212896378970e-03
358.100000,3.633860155497e-03,4.531487746591e-03,4.953484612864e-03,4.867558364664e-03,4.781073202143e-03,4.712023481798e-03,4.655478309472e-03,4.547600081638e-03,4.498125845485e-03,4.562805542775e-03,4.457186126834e-03,4.341240845203e-03,4.237799928158e-03,4.151468910379e-03,4.065412941502e-03,3.982605378448e-03,3.899553820616e-03,3.832866864880e-03,3.776505774845e-03,3.710820456738e-03,3.658980940416e-03,3.607642242911e-03,3.556804364229e-03,3.522087092857e-03,2.213018421950e-03
358.600000,3.634088820597e-03,4.531850044081e-03,4.953889662051e-03,4.867954493983e-03,4.781460391680e-03,4.712403730448e-03,4.655852685453e-03,4.547963716500e-03,4.498480269449e-03,4.563166625946e-03,4.457535249769e-03,4.341576577100e-03,4.238123866230e-03,4.151783011122e-03,4.065717226630e-03,3.982900101186e-03,3.899838962568e-03,3.833144319111e-03,3.776776972135e-03,3.711084050624e-03,3.659238625932e-03,3.607894062212e-03,3.557050359464e-03,3.522329138691e-03,2.213141240990e-03
359.100000,3.634319052359e-03,4.532214867692e-03,4.954297550300e-03,4.868353397168e-03,4.781850289735e-03,4.712786636787e-03,4.656229676159e-03,4.548329887404e-03,4.498837163907e-03,4.563530227912e-03,4.457886804318e-03,4.341914643155e-03,4.238450052555e-03,4.152099288454e-03,4.066023616848e-03,3.983196859421e-03,3.900126070261e-03,3.833423683136e-03,3.777050033575e-03,3.711349453317e-03,3.659498077214e-03,3.608147604547e-03,3.557298035322e-03,3.522572836370e-03,2.213264832630e-03
359.600000,3.634550843827e-03,4.532582206442e-03,4.954708265253e-03,4.868755062141e-03,4.782242884492e-03,4.713172189236e-03,4.656609270240e-03,4.548698583326e-03,4.499196518071e-03,4.563896337647e-03,4.458240779878e-03,4.342255033167e-03,4.238778477319e-03,4.152417732840e-03,4.066332102926e-03,3.983495644217e-03,3.900415135109e-03,3.833704948580e-03,3.777324950981e-03,3.711616656878e-03,3.659759286515e-03,3.608402862361e-03,3.557547384421e-03,3.522818178659e-03,2.213389193420e-03
360.100000,3.634784188085e-03,4.532952049369e-03,4.955121794609e-03,4.869159476886e-03,4.782638164221e-03,4.713560376267e-03,4.656991456335e-03,4.549069793256e-03,4.499558321230e-03,4.564264944264e-03,4.458597165883e-03,4.342597737012e-03,4.239109130716e-03,4.152738334826e-03,4.066642675720e-03,3.983796446721e-03,3.900706148514e-03,3.833988107112e-03,3.777601716200e-03,3.711885653402e-03,3.660022246096e-03,3.608659828094e-03,3.557798399398e-03,3.523065158292e-03,2.213514319950e-03
360.600000,3.635019078240e-03,4.533324385556e-03,4.955538126102e-03,4.869566629424e-03,4.783036117228e-03,4.713951186372e-03,4.657376223155e-03,4.549443506243e-03,4.499922562666e-03,4.564636036831e-03,4.458955951794e-03,4.342942744548e-03,4.239442003011e-03,4.153061084967e-03,4.066955326091e-03,3.984099258094e-03,3.900999101940e-03,3.834273150420e-03,3.777880321135e-03,3.712156435003e-03,3.660286948287e-03,3.608918494260e-03,3.558051072922e-03,3.523313768079e-03,2.213640208800e-03
361.100000,3.635255507405e-03,4.533699204124e-03,4.955957247551e-03,4.869976507818e-03,4.783436731862e-03,4.714344608167e-03,4.657763559461e-03,4.549819711367e-03,4.500289231773e-03,4.565009604524e-03,4.459317127173e-03,4.343290045733e-03,4.239777084532e-03,4.153385973865e-03,4.067270044938e-03,3.984404069521e-03,3.901293986891e-03,3.834560070251e-03,3.778160757697e-03,3.712428993860e-03,3.660553385414e-03,3.609178853358e-03,3.558305397703e-03,3.523564000833e-03,2.213766856560e-03
361.600000,3.635493468775e-03,4.534076494285e-03,4.956379146790e-03,4.870389100224e-03,4.783839996543e-03,4.714740630234e-03,4.658153454057e-03,4.550198397764e-03,4.500658317950e-03,4.565385636526e-03,4.459680681555e-03,4.343639630562e-03,4.240114365581e-03,4.153712992157e-03,4.067586823216e-03,3.984710872254e-03,3.901590794881e-03,3.834848858357e-03,3.778443017864e-03,3.712703322143e-03,3.660821549851e-03,3.609440897957e-03,3.558561366474e-03,3.523815849415e-03,2.213894259850e-03
362.100000,3.635732955512e-03,4.534456245242e-03,4.956803811718e-03,4.870804394793e-03,4.784245899689e-03,4.715139241290e-03,4.658545895784e-03,4.550579554649e-03,4.501029810650e-03,4.565764122106e-03,4.460046604574e-03,4.343991489011e-03,4.240453836555e-03,4.154042130539e-03,4.067905651893e-03,3.985019657555e-03,3.901889517494e-03,3.835139506536e-03,3.778727093624e-03,3.712979412105e-03,3.661091434012e-03,3.609704620644e-03,3.558818971983e-03,3.524069306704e-03,2.214022415290e-03
362.600000,3.635973960841e-03,4.534838446291e-03,4.957231230291e-03,4.871222379761e-03,4.784654429841e-03,4.715540430030e-03,4.658940873568e-03,4.550963171227e-03,4.501403699379e-03,4.566145050540e-03,4.460414885880e-03,4.344345611177e-03,4.240795487889e-03,4.154373379725e-03,4.068226522003e-03,3.985330416741e-03,3.902190146318e-03,3.835432006637e-03,3.779012976994e-03,3.713257255968e-03,3.661363030329e-03,3.609970014024e-03,3.559078207036e-03,3.524324365624e-03,2.214151319530e-03
363.100000,3.636216478011e-03,4.535223086726e-03,4.957661390507e-03,4.871643043392e-03,4.785065575550e-03,4.715944185211e-03,4.659338376313e-03,4.551349236772e-03,4.501779973646e-03,4.566528411170e-03,4.460785515153e-03,4.344701987163e-03,4.241139310026e-03,4.154706730474e-03,4.068549424586e-03,3.985643141170e-03,3.902492673011e-03,3.835726350529e-03,3.779300660047e-03,3.713536846058e-03,3.661636331281e-03,3.610237070750e-03,3.559339064455e-03,3.524581019107e-03,2.214280969220e-03
363.600000,3.636460500287e-03,4.535610155918e-03,4.958094280433e-03,4.872066374040e-03,4.785479325376e-03,4.716350495629e-03,4.659738393035e-03,4.551737740622e-03,4.502158623074e-03,4.566914193388e-03,4.461158482176e-03,4.345060607104e-03,4.241485293462e-03,4.155042173583e-03,4.068874350756e-03,3.985957822213e-03,3.902797089222e-03,3.836022530106e-03,3.779590134863e-03,3.713818174673e-03,3.661911329351e-03,3.610505783496e-03,3.559601537093e-03,3.524839260120e-03,2.214411361030e-03
364.100000,3.636706020979e-03,4.535999643290e-03,4.958529888178e-03,4.872492360062e-03,4.785895668001e-03,4.716759350184e-03,4.660140912781e-03,4.552128672139e-03,4.502539637278e-03,4.567302386598e-03,4.461533776717e-03,4.345421461184e-03,4.241833428764e-03,4.155379699913e-03,4.069201291642e-03,3.986274451303e-03,3.903103386674e-03,3.836320537312e-03,3.779881393578e-03,3.714101234178e-03,3.662188017088e-03,3.610776144967e-03,3.559865617827e-03,3.525099081680e-03,2.214542491630e-03
364.600000,3.636953033416e-03,4.536391538281e-03,4.958968201866e-03,4.872920989891e-03,4.786314592118e-03,4.717170737753e-03,4.660545924618e-03,4.552522020732e-03,4.502923005921e-03,4.567692980295e-03,4.461911388590e-03,4.345784539665e-03,4.242183706524e-03,4.155719300302e-03,4.069530238403e-03,3.986593019863e-03,3.903411557090e-03,3.836620364118e-03,3.780174428353e-03,3.714386016956e-03,3.662466387036e-03,3.611048147914e-03,3.560131299580e-03,3.525360476805e-03,2.214674357720e-03
365.100000,3.637201530940e-03,4.536785830395e-03,4.959409209719e-03,4.873352251994e-03,4.786736086459e-03,4.717584647306e-03,4.660953417675e-03,4.552917775854e-03,4.503308718741e-03,4.568085963988e-03,4.462291307689e-03,4.346149832778e-03,4.242536117316e-03,4.156060965697e-03,4.069861182268e-03,3.986913519419e-03,3.903721592273e-03,3.836922002530e-03,3.780469231368e-03,3.714672515414e-03,3.662746431814e-03,3.611321785091e-03,3.560398575277e-03,3.525623438557e-03,2.214806956020e-03
365.600000,3.637451506951e-03,4.537182509179e-03,4.959852900012e-03,4.873786134886e-03,4.787160139817e-03,4.718001067844e-03,4.661363381131e-03,4.553315927013e-03,4.503696765478e-03,4.568481327245e-03,4.462673523912e-03,4.346517330860e-03,4.242890651846e-03,4.156404687042e-03,4.070194114456e-03,3.987235941494e-03,3.904033484011e-03,3.837225444580e-03,3.780765794865e-03,3.714960722018e-03,3.663028144017e-03,3.611597049315e-03,3.560667437895e-03,3.525887960029e-03,2.214940283240e-03
366.100000,3.637702954853e-03,4.537581564204e-03,4.960299261024e-03,4.874222627165e-03,4.787586741036e-03,4.718419988416e-03,4.661775804225e-03,4.553716463743e-03,4.504087135959e-03,4.568879059648e-03,4.463058027217e-03,4.346887024256e-03,4.243247300797e-03,4.156750455312e-03,4.070529026257e-03,3.987560277622e-03,3.904347224161e-03,3.837530682341e-03,3.781064111076e-03,3.715250629250e-03,3.663311516318e-03,3.611873933387e-03,3.560937880449e-03,3.526154034337e-03,2.215074336110e-03
366.600000,3.637955868087e-03,4.537982985125e-03,4.960748281111e-03,4.874661717417e-03,4.788015878991e-03,4.718841398095e-03,4.662190676218e-03,4.554119375652e-03,4.504479820000e-03,4.569279150869e-03,4.463444807639e-03,4.347258903359e-03,4.243606054901e-03,4.157098261562e-03,4.070865909007e-03,3.987886519444e-03,3.904662804597e-03,3.837837707922e-03,3.781364172313e-03,3.715542229603e-03,3.663596541408e-03,3.612152430185e-03,3.561209895952e-03,3.526421654612e-03,2.215209111380e-03
367.100000,3.638210240099e-03,4.538386761595e-03,4.961199948684e-03,4.875103394348e-03,4.788447542636e-03,4.719265286032e-03,4.662607986402e-03,4.554524652354e-03,4.504874807503e-03,4.569681590592e-03,4.463833855177e-03,4.347632958602e-03,4.243966904955e-03,4.157448096841e-03,4.071204754029e-03,3.988214658547e-03,3.904980217233e-03,3.838146513463e-03,3.781665970882e-03,3.715835515642e-03,3.663883211991e-03,3.612432532593e-03,3.561483477467e-03,3.526690814048e-03,2.215344605820e-03
367.600000,3.638466064404e-03,4.538792883343e-03,4.961654252196e-03,4.875547646625e-03,4.788881720927e-03,4.719691641411e-03,4.663027724170e-03,4.554932283544e-03,4.505272088410e-03,4.570086368536e-03,4.464225159942e-03,4.348009180449e-03,4.244329841769e-03,4.157799952250e-03,4.071545552735e-03,3.988544686629e-03,3.905299454013e-03,3.838457091127e-03,3.781969499145e-03,3.716130479924e-03,3.664171520810e-03,3.612714233529e-03,3.561758618079e-03,3.526961505836e-03,2.215480816190e-03
368.100000,3.638723334499e-03,4.539201340122e-03,4.962111180139e-03,4.875994463057e-03,4.789318402909e-03,4.720120453465e-03,4.663449878895e-03,4.555342258931e-03,4.505671652682e-03,4.570493474506e-03,4.464618712047e-03,4.348387559431e-03,4.244694856188e-03,4.158153818945e-03,4.071888296540e-03,3.988876595397e-03,3.905620506914e-03,3.838769433117e-03,3.782274749483e-03,3.716427115064e-03,3.664461460653e-03,3.612997525936e-03,3.562035310901e-03,3.527233723217e-03,2.215617739290e-03
368.600000,3.638982043939e-03,4.539612121741e-03,4.962570721087e-03,4.876443832421e-03,4.789757577639e-03,4.720551711468e-03,4.663874440040e-03,4.555754568279e-03,4.506073490344e-03,4.570902898302e-03,4.465014501669e-03,4.348768086107e-03,4.245061939115e-03,4.158509688100e-03,4.072232976903e-03,3.989210376562e-03,3.905943367973e-03,3.839083531676e-03,3.782581714323e-03,3.716725413700e-03,3.664753024331e-03,3.613282402797e-03,3.562313549088e-03,3.527507459432e-03,2.215755371910e-03
369.100000,3.639242186293e-03,4.540025218061e-03,4.963032863601e-03,4.876895743595e-03,4.790199234233e-03,4.720985404745e-03,4.664301397091e-03,4.556169201404e-03,4.506477591454e-03,4.571314629798e-03,4.465412519005e-03,4.349150751032e-03,4.245431081491e-03,4.158867550921e-03,4.072579585334e-03,3.989546021929e-03,3.906268029195e-03,3.839399379060e-03,3.782890386096e-03,3.717025368488e-03,3.665046204666e-03,3.613568857107e-03,3.562593325812e-03,3.527782707772e-03,2.215893710860e-03
369.600000,3.639503755158e-03,4.540440618948e-03,4.963497596344e-03,4.877350185468e-03,4.790643361879e-03,4.721421522652e-03,4.664730739593e-03,4.556586148143e-03,4.506883946104e-03,4.571728658904e-03,4.465812754293e-03,4.349535544872e-03,4.245802274260e-03,4.159227398673e-03,4.072928113353e-03,3.989883523275e-03,3.906594482701e-03,3.839716967587e-03,3.783200757293e-03,3.717326972136e-03,3.665340994526e-03,3.613856881906e-03,3.562874634256e-03,3.528059461560e-03,2.216032752980e-03
370.100000,3.639766744154e-03,4.540858314339e-03,4.963964908006e-03,4.877807146997e-03,4.791089949745e-03,4.721860054615e-03,4.665162457112e-03,4.557005398387e-03,4.507292544427e-03,4.572144975556e-03,4.466215197867e-03,4.349922458277e-03,4.246175508463e-03,4.159589222617e-03,4.073278552533e-03,3.990222872448e-03,3.906922720583e-03,3.840036289565e-03,3.783512820429e-03,3.717630217364e-03,3.665637386815e-03,3.614146470259e-03,3.563157467669e-03,3.528337714139e-03,2.216172495100e-03
370.600000,3.640031146941e-03,4.541278294222e-03,4.964434787333e-03,4.878266617193e-03,4.791538987118e-03,4.722300990070e-03,4.665596539277e-03,4.557426942087e-03,4.507703376633e-03,4.572563569762e-03,4.466619840010e-03,4.350311481987e-03,4.246550775112e-03,4.159953014125e-03,4.073630894480e-03,3.990564061334e-03,3.907252734990e-03,3.840357337378e-03,3.783826568028e-03,3.717935096927e-03,3.665935374465e-03,3.614437615252e-03,3.563441819301e-03,3.528617458864e-03,2.216312934070e-03
371.100000,3.640296957170e-03,4.541700548600e-03,4.964907223112e-03,4.878728585085e-03,4.791990463299e-03,4.722744318537e-03,4.666032975764e-03,4.557850769205e-03,4.508116432929e-03,4.572984431558e-03,4.467026671118e-03,4.350702606718e-03,4.246928065309e-03,4.160318764515e-03,4.073985130835e-03,3.990907081828e-03,3.907584518112e-03,3.840680103408e-03,3.784141992684e-03,3.718241603626e-03,3.666234950410e-03,3.614730310005e-03,3.563727682432e-03,3.528898689148e-03,2.216454066750e-03
371.600000,3.640564168571e-03,4.542125067540e-03,4.965382204179e-03,4.879193039751e-03,4.792444367606e-03,4.723190029542e-03,4.666471756282e-03,4.558276869778e-03,4.508531703571e-03,4.573407550985e-03,4.467435681599e-03,4.351095823295e-03,4.247307370183e-03,4.160686465192e-03,4.074341253250e-03,3.991251925886e-03,3.907918062134e-03,3.841004580092e-03,3.784459086995e-03,3.718549730275e-03,3.666536107648e-03,3.615024547684e-03,3.564015050379e-03,3.529181398403e-03,2.216595890020e-03
372.100000,3.640832774856e-03,4.542551841135e-03,4.965859719412e-03,4.879659970362e-03,4.792900689459e-03,4.723638112684e-03,4.666912870582e-03,4.558705233838e-03,4.508949178881e-03,4.573832918193e-03,4.467846861916e-03,4.351491122508e-03,4.247688680866e-03,4.161056107614e-03,4.074699253470e-03,3.991598585460e-03,3.908253359333e-03,3.841330759892e-03,3.784777843582e-03,3.718859469706e-03,3.666838839184e-03,3.615320321444e-03,3.564303916481e-03,3.529465580088e-03,2.216738400770e-03
372.600000,3.641102769768e-03,4.542980859536e-03,4.966339757733e-03,4.880129366057e-03,4.793359418278e-03,4.724088557584e-03,4.667356308453e-03,4.559135851513e-03,4.509368849191e-03,4.574260523317e-03,4.468260202529e-03,4.351888495231e-03,4.248071988567e-03,4.161427683214e-03,4.075059123202e-03,3.991947052594e-03,3.908590401963e-03,3.841658635291e-03,3.785098255126e-03,3.719170814819e-03,3.667143138076e-03,3.615617624507e-03,3.564594274117e-03,3.529751227668e-03,2.216881595910e-03
373.100000,3.641374147111e-03,4.543412112925e-03,4.966822308133e-03,4.880601216089e-03,4.793820543534e-03,4.724541353922e-03,4.667802059747e-03,4.559568712944e-03,4.509790704900e-03,4.574690356582e-03,4.468675694014e-03,4.352287932386e-03,4.248457284510e-03,4.161801183526e-03,4.075420854255e-03,3.992297319293e-03,3.908929182328e-03,3.841988198805e-03,3.785420314323e-03,3.719483758497e-03,3.667448997375e-03,3.615916450089e-03,3.564886116668e-03,3.530038334662e-03,2.217025472340e-03
373.600000,3.641646900655e-03,4.543845591514e-03,4.967307359622e-03,4.881075509736e-03,4.794284054759e-03,4.724996491427e-03,4.668250114325e-03,4.560003808289e-03,4.510214736424e-03,4.575122408204e-03,4.469093326907e-03,4.352689424892e-03,4.248844559980e-03,4.162176600072e-03,4.075784438398e-03,3.992649377656e-03,3.909269692784e-03,3.842319442992e-03,3.785744013896e-03,3.719798293700e-03,3.667756410180e-03,3.616216791470e-03,3.565179437559e-03,3.530326894600e-03,2.217170026990e-03
374.100000,3.641921024259e-03,4.544281285581e-03,4.967794901270e-03,4.881552236280e-03,4.794749941503e-03,4.725453959843e-03,4.668700462151e-03,4.560441127818e-03,4.510640934238e-03,4.575556668480e-03,4.469513091827e-03,4.353092963745e-03,4.249233806266e-03,4.162553924433e-03,4.076149867518e-03,3.993003219781e-03,3.909611925698e-03,3.842652360431e-03,3.786069346592e-03,3.720114413372e-03,3.668065369640e-03,3.616518641937e-03,3.565474230249e-03,3.530616901039e-03,2.217315256800e-03
374.600000,3.642196511763e-03,4.544719185434e-03,4.968284922198e-03,4.882031385112e-03,4.795218193401e-03,4.725913748981e-03,4.669153093167e-03,4.560880661777e-03,4.511069288845e-03,4.575993127721e-03,4.469934979426e-03,4.353498539952e-03,4.249625014700e-03,4.162933148218e-03,4.076517133484e-03,3.993358837812e-03,3.909955873462e-03,3.842986943746e-03,3.786396305206e-03,3.720432110513e-03,3.668375868904e-03,3.616821994797e-03,3.565770488205e-03,3.530908347572e-03,2.217461158730e-03
375.100000,3.642473357047e-03,4.545159281411e-03,4.968777411563e-03,4.882512945624e-03,4.795688800103e-03,4.726375848683e-03,4.669607997378e-03,4.561322400468e-03,4.511499790792e-03,4.576431776288e-03,4.470358980386e-03,4.353906144563e-03,4.250018176677e-03,4.163314263075e-03,4.076886228191e-03,3.993716223926e-03,3.910301528524e-03,3.843323185580e-03,3.786724882554e-03,3.720751378156e-03,3.668687901141e-03,3.617126843407e-03,3.566068204939e-03,3.531201227790e-03,2.217607729730e-03
375.600000,3.642751554012e-03,4.545601563898e-03,4.969272358557e-03,4.882996907278e-03,4.796161751284e-03,4.726840248834e-03,4.670065164848e-03,4.561766334236e-03,4.511932430679e-03,4.576872604594e-03,4.470785085451e-03,4.354315768678e-03,4.250413283597e-03,4.163697260676e-03,4.077257143597e-03,3.994075370334e-03,3.910648883354e-03,3.843661078592e-03,3.787055071481e-03,3.721072209347e-03,3.669001459577e-03,3.617433181125e-03,3.566367373979e-03,3.531495535353e-03,2.217754966780e-03
376.100000,3.643031096586e-03,4.546046023329e-03,4.969769752436e-03,4.883483259565e-03,4.796637036697e-03,4.727306939377e-03,4.670524585654e-03,4.562212453501e-03,4.512367199088e-03,4.577315603063e-03,4.471213285390e-03,4.354727403416e-03,4.250810326909e-03,4.164082132748e-03,4.077629871674e-03,3.994436269249e-03,3.910997930432e-03,3.844000615514e-03,3.787386864857e-03,3.721394597172e-03,3.669316537457e-03,3.617741001362e-03,3.566667988879e-03,3.531791263911e-03,2.217902866880e-03
376.600000,3.643311978736e-03,4.546492650160e-03,4.970269582500e-03,4.883971992008e-03,4.797114646126e-03,4.727775910278e-03,4.670986249952e-03,4.562660748647e-03,4.512804086734e-03,4.577760762213e-03,4.471643570981e-03,4.355141039959e-03,4.251209298096e-03,4.164468871022e-03,4.078004404463e-03,3.994798912972e-03,3.911348662297e-03,3.844341789052e-03,3.787720255597e-03,3.721718534731e-03,3.669633128037e-03,3.618050297540e-03,3.566970043218e-03,3.532088407161e-03,2.218051427010e-03
377.100000,3.643594194420e-03,4.546941434910e-03,4.970771838064e-03,4.884463094200e-03,4.797594569386e-03,4.728247151561e-03,4.671450147899e-03,4.563111210184e-03,4.513243084285e-03,4.578208072530e-03,4.472075933085e-03,4.355556669491e-03,4.251610188675e-03,4.164857467298e-03,4.078380733971e-03,3.995163293783e-03,3.911701071509e-03,3.844684591997e-03,3.788055236635e-03,3.722044015167e-03,3.669951224629e-03,3.618361063116e-03,3.567273530629e-03,3.532386958817e-03,2.218200644190e-03
377.600000,3.643877737661e-03,4.547392368116e-03,4.971276508560e-03,4.884956555784e-03,4.798076796362e-03,4.728720653273e-03,4.671916269713e-03,4.563563828595e-03,4.513684182510e-03,4.578657524583e-03,4.472510362576e-03,4.355974283259e-03,4.252012990225e-03,4.165247913383e-03,4.078758852324e-03,3.995529404036e-03,3.912055150652e-03,3.845029017130e-03,3.788391800919e-03,3.722371031641e-03,3.670270820547e-03,3.618673291574e-03,3.567578444716e-03,3.532686912626e-03,2.218350515450e-03
378.100000,3.644162602473e-03,4.547845440384e-03,4.971783583369e-03,4.885452366402e-03,4.798561316970e-03,4.729196405530e-03,4.672384605642e-03,4.564018594449e-03,4.514127372152e-03,4.579109108975e-03,4.472946850378e-03,4.356393872542e-03,4.252417694289e-03,4.165640201135e-03,4.079138751583e-03,3.995897236088e-03,3.912410892367e-03,3.845375057284e-03,3.788729941456e-03,3.722699577356e-03,3.670591909134e-03,3.618986976410e-03,3.567884779169e-03,3.532988262347e-03,2.218501037820e-03
378.600000,3.644448782907e-03,4.548300642305e-03,4.972293051983e-03,4.885950515768e-03,4.799048121115e-03,4.729674398439e-03,4.672855146007e-03,4.564475498309e-03,4.514572644074e-03,4.579562816348e-03,4.473385387460e-03,4.356815428642e-03,4.252824292532e-03,4.166034322424e-03,4.079520423919e-03,3.996266782334e-03,3.912768289279e-03,3.845722705299e-03,3.789069651271e-03,3.723029645528e-03,3.670914483798e-03,3.619302111170e-03,3.568192527671e-03,3.533291001788e-03,2.218652208360e-03
379.100000,3.644736273057e-03,4.548757964567e-03,4.972804903924e-03,4.886450993657e-03,4.799537198834e-03,4.730154622209e-03,4.673327881137e-03,4.564934530811e-03,4.515019989096e-03,4.580018637384e-03,4.473825964801e-03,4.357238942917e-03,4.253232776591e-03,4.166430269182e-03,4.079903861518e-03,3.996638035204e-03,3.913127334075e-03,3.846071954081e-03,3.789410923400e-03,3.723361229413e-03,3.671238537915e-03,3.619618689413e-03,3.568501683925e-03,3.533595124762e-03,2.218804024110e-03
379.600000,3.645025066998e-03,4.549217397876e-03,4.973319128729e-03,4.886953789851e-03,4.800028540164e-03,4.730637067038e-03,4.673802801393e-03,4.565395682639e-03,4.515469398125e-03,4.580476562792e-03,4.474268573440e-03,4.357664406738e-03,4.253643138157e-03,4.166828033359e-03,4.080289056575e-03,3.997010987162e-03,3.913488019488e-03,3.846422796539e-03,3.789753750926e-03,3.723694322291e-03,3.671564064936e-03,3.619936704734e-03,3.568812241682e-03,3.533900625106e-03,2.218956482150e-03
380.100000,3.645315158870e-03,4.549678932968e-03,4.973835716031e-03,4.887458894176e-03,4.800522135173e-03,4.731121723204e-03,4.674279897207e-03,4.565858944488e-03,4.515920862113e-03,4.580936583327e-03,4.474713204441e-03,4.358091811546e-03,4.254055368983e-03,4.167227606942e-03,4.080676001341e-03,3.997385630697e-03,3.913850338235e-03,3.846775225606e-03,3.790098126964e-03,3.724028917463e-03,3.671891058314e-03,3.620256150730e-03,3.569124194709e-03,3.534207496689e-03,2.219109579580e-03
380.600000,3.645606542813e-03,4.550142560619e-03,4.974354655457e-03,4.887966296546e-03,4.801017973978e-03,4.731608581028e-03,4.674759159061e-03,4.566324307090e-03,4.516374372003e-03,4.581398689798e-03,4.475159848901e-03,4.358521148763e-03,4.254469460805e-03,4.167628981951e-03,4.081064688080e-03,3.997761958350e-03,3.914214283108e-03,3.847129234258e-03,3.790444044652e-03,3.724365008262e-03,3.672219511547e-03,3.620577021054e-03,3.569437536797e-03,3.534515733431e-03,2.219263313470e-03
381.100000,3.645899213006e-03,4.550608271648e-03,4.974875936697e-03,4.888475986875e-03,4.801516046728e-03,4.732097630811e-03,4.675240577409e-03,4.566791761229e-03,4.516829918816e-03,4.581862873025e-03,4.475608497984e-03,4.358952409894e-03,4.254885405435e-03,4.168032150422e-03,4.081455109110e-03,3.998139962646e-03,3.914579846899e-03,3.847484815497e-03,3.790791497147e-03,3.724702588062e-03,3.672549418132e-03,3.620899309367e-03,3.569752261762e-03,3.534825329217e-03,2.219417680940e-03
381.600000,3.646193163646e-03,4.551076056910e-03,4.975399549487e-03,4.888987955099e-03,4.802016343631e-03,4.732588862972e-03,4.675724142823e-03,4.567261297746e-03,4.517287493594e-03,4.582329123893e-03,4.476059142873e-03,4.359385586483e-03,4.255303194689e-03,4.168437104450e-03,4.081847256772e-03,3.998519636195e-03,3.914947022430e-03,3.847841962358e-03,3.791140477635e-03,3.725041650231e-03,3.672880771628e-03,3.621223009373e-03,3.570068363455e-03,3.535136278016e-03,2.219572679110e-03
382.100000,3.646488388937e-03,4.551545907303e-03,4.975925483607e-03,4.889502191272e-03,4.802518854927e-03,4.733082267924e-03,4.676209845849e-03,4.567732907474e-03,4.517747087422e-03,4.582797433282e-03,4.476511774765e-03,4.359820670070e-03,4.255722820425e-03,4.168843836172e-03,4.082241123413e-03,3.998900971595e-03,3.915315802591e-03,3.848200667889e-03,3.791490979356e-03,3.725382188197e-03,3.673213565605e-03,3.621548114778e-03,3.570385835730e-03,3.535448573799e-03,2.219728305110e-03
382.600000,3.646784883145e-03,4.552017813778e-03,4.976453728872e-03,4.890018685412e-03,4.803023570916e-03,4.733577836118e-03,4.676697677132e-03,4.568206581332e-03,4.518208691422e-03,4.583267792166e-03,4.476966384916e-03,4.360257652243e-03,4.256144274580e-03,4.169252337701e-03,4.082636701456e-03,3.999283961493e-03,3.915686180251e-03,3.848560925198e-03,3.791842995538e-03,3.725724195402e-03,3.673547793640e-03,3.621874619327e-03,3.570704672495e-03,3.535762210550e-03,2.219884556070e-03
383.100000,3.647082640512e-03,4.552491767273e-03,4.976984275138e-03,4.890537427643e-03,4.803530481887e-03,4.734075558068e-03,4.677187627297e-03,4.568682310233e-03,4.518672296749e-03,4.583740191516e-03,4.477422964618e-03,4.360696524661e-03,4.256567549045e-03,4.169662601239e-03,4.083033983318e-03,3.999668598583e-03,3.916058148348e-03,3.848922727378e-03,3.792196519474e-03,3.726067665315e-03,3.673883449360e-03,3.622202516804e-03,3.571024867656e-03,3.536077182295e-03,2.220041429160e-03
383.600000,3.647381655347e-03,4.552967758813e-03,4.977517112320e-03,4.891058408051e-03,4.804039578241e-03,4.734575424317e-03,4.677679687062e-03,4.569160085163e-03,4.519137894597e-03,4.584214622367e-03,4.477881505210e-03,4.361137278965e-03,4.256992635809e-03,4.170074619007e-03,4.083432961490e-03,4.000054875542e-03,3.916431699800e-03,3.849286067588e-03,3.792551544461e-03,3.726412591435e-03,3.674220526421e-03,3.622531800994e-03,3.571346415165e-03,3.536393483069e-03,2.220198921540e-03
384.100000,3.647681921941e-03,4.553445779443e-03,4.978052230334e-03,4.891581616844e-03,4.804550850359e-03,4.735077425448e-03,4.678173847153e-03,4.569639897126e-03,4.519605476190e-03,4.584691075757e-03,4.478341998030e-03,4.361579906865e-03,4.257419526851e-03,4.170488383238e-03,4.083833628436e-03,4.000442785133e-03,3.916806827606e-03,3.849650939000e-03,3.792908063824e-03,3.726758967282e-03,3.674559018484e-03,3.622862465719e-03,3.571669308988e-03,3.536711106953e-03,2.220357030380e-03
384.600000,3.647983434654e-03,4.553925820238e-03,4.978589619202e-03,4.892107044217e-03,4.805064288683e-03,4.735581552067e-03,4.678670098349e-03,4.570121737175e-03,4.520075032795e-03,4.585169542790e-03,4.478804434500e-03,4.362024400098e-03,4.257848214226e-03,4.170903886223e-03,4.084235976702e-03,4.000832320109e-03,3.917183524788e-03,3.850017334808e-03,3.793266070928e-03,3.727106786413e-03,3.674898919255e-03,3.623194504825e-03,3.571993543128e-03,3.537030048029e-03,2.220515752870e-03
385.100000,3.648286187837e-03,4.554407872329e-03,4.979129268930e-03,4.892634680438e-03,4.805579883685e-03,4.736087794858e-03,4.679168431449e-03,4.570605596393e-03,4.520546555719e-03,4.585650014597e-03,4.479268806039e-03,4.362470750421e-03,4.258278689976e-03,4.171321120268e-03,4.084639998842e-03,4.001223473280e-03,3.917561784350e-03,3.850385248240e-03,3.793625559169e-03,3.727456042389e-03,3.675240222453e-03,3.623527912183e-03,3.572319111584e-03,3.537350300424e-03,2.220675086210e-03
385.600000,3.648590175867e-03,4.554891926877e-03,4.979671169586e-03,4.893164515813e-03,4.806097625917e-03,4.736596144508e-03,4.679668837281e-03,4.571091465901e-03,4.521020036293e-03,4.586132482373e-03,4.479735104105e-03,4.362918949646e-03,4.258710946183e-03,4.171740077702e-03,4.085045687424e-03,4.001616237458e-03,3.917941599388e-03,3.850754672565e-03,3.793986521946e-03,3.727806728829e-03,3.675582921841e-03,3.623862681699e-03,3.572646008416e-03,3.537671858279e-03,2.220835027620e-03
386.100000,3.648895393150e-03,4.555377975049e-03,4.980215311286e-03,4.893696540630e-03,4.806617505911e-03,4.737106591732e-03,4.680171306757e-03,4.571579336853e-03,4.521495465897e-03,4.586616937282e-03,4.480203320232e-03,4.363368989590e-03,4.259144975037e-03,4.172160750919e-03,4.085453035093e-03,4.002010605496e-03,3.918322962968e-03,3.851125601056e-03,3.794348952705e-03,3.728158839359e-03,3.675927011184e-03,3.624198807294e-03,3.572974227678e-03,3.537994715748e-03,2.220995574300e-03
386.600000,3.649201834110e-03,4.555866008098e-03,4.980761684178e-03,4.894230745307e-03,4.807139514282e-03,4.737619127347e-03,4.680675830806e-03,4.572069200446e-03,4.521972835947e-03,4.587103370592e-03,4.480673445929e-03,4.363820862155e-03,4.259580768632e-03,4.172583132316e-03,4.085862034491e-03,4.002406570298e-03,3.918705868229e-03,3.851498027026e-03,3.794712844920e-03,3.728512367638e-03,3.676272484290e-03,3.624536282896e-03,3.573303763471e-03,3.538318867035e-03,2.221156723500e-03
387.100000,3.649509493211e-03,4.556356017286e-03,4.981310278464e-03,4.894767120252e-03,4.807663641662e-03,4.738133742131e-03,4.681182400361e-03,4.572561047911e-03,4.522452137868e-03,4.587591773581e-03,4.481145472786e-03,4.364274559221e-03,4.260018319213e-03,4.173007214327e-03,4.086272678289e-03,4.002804124760e-03,3.919090308323e-03,3.851871943814e-03,3.795078192071e-03,3.728867307330e-03,3.676619334973e-03,3.624875102501e-03,3.573634609915e-03,3.538644306334e-03,2.221318472460e-03
387.600000,3.649818364914e-03,4.556847993901e-03,4.981861084360e-03,4.895305655923e-03,4.808189878736e-03,4.738650426952e-03,4.681691006433e-03,4.573054870497e-03,4.522933363159e-03,4.588082137538e-03,4.481619392405e-03,4.364730072731e-03,4.260457618970e-03,4.173432989443e-03,4.086684959197e-03,4.003203261831e-03,3.919476276416e-03,3.852247344796e-03,3.795444987691e-03,3.729223652166e-03,3.676967557108e-03,3.625215260095e-03,3.573966761125e-03,3.538971027901e-03,2.221480818430e-03
388.100000,3.650128443707e-03,4.557341929293e-03,4.982414092158e-03,4.895846342788e-03,4.808718216218e-03,4.739169172709e-03,4.682201640066e-03,4.573550659540e-03,4.523416503328e-03,4.588574453845e-03,4.482095196427e-03,4.365187394662e-03,4.260898660181e-03,4.173860450121e-03,4.087098869963e-03,4.003603974488e-03,3.919863765729e-03,3.852624223357e-03,3.795813225325e-03,3.729581395854e-03,3.677317144553e-03,3.625556749698e-03,3.574300211292e-03,3.539299025990e-03,2.221643758680e-03
388.600000,3.650439724118e-03,4.557837814828e-03,4.982969292151e-03,4.896389171406e-03,4.809248644863e-03,4.739689970301e-03,4.682714292313e-03,4.574048406361e-03,4.523901549928e-03,4.589068713896e-03,4.482572876543e-03,4.365646517001e-03,4.261341435136e-03,4.174289588922e-03,4.087514403337e-03,4.004006255731e-03,3.920252769483e-03,3.853002572928e-03,3.796182898546e-03,3.729940532175e-03,3.677668091224e-03,3.625899565360e-03,3.574634954588e-03,3.539628294873e-03,2.221807290490e-03
389.100000,3.650752200692e-03,4.558335641913e-03,4.983526674711e-03,4.896934132335e-03,4.809781155457e-03,4.740212810707e-03,4.683228954298e-03,4.574548102323e-03,4.524388494538e-03,4.589564909062e-03,4.483052424446e-03,4.366107431800e-03,4.261785936146e-03,4.174720398391e-03,4.087931552134e-03,4.004410098588e-03,3.920643280952e-03,3.853382386944e-03,3.796554000960e-03,3.730301054907e-03,3.678020391040e-03,3.626243701145e-03,3.574970985234e-03,3.539958828873e-03,2.221971411140e-03
389.600000,3.651065867984e-03,4.558835402020e-03,4.984086230210e-03,4.897481216196e-03,4.810315738815e-03,4.740737684938e-03,4.683745617166e-03,4.575049738873e-03,4.524877328789e-03,4.590063030842e-03,4.483533831888e-03,4.366570131113e-03,4.262232155564e-03,4.175152871146e-03,4.088350309193e-03,4.004815496107e-03,3.921035293416e-03,3.853763658884e-03,3.796926526186e-03,3.730662957864e-03,3.678374037962e-03,3.626589151162e-03,3.575308297456e-03,3.540290622307e-03,2.222136117930e-03
390.100000,3.651380720568e-03,4.559337086582e-03,4.984647949095e-03,4.898030413647e-03,4.810852385854e-03,4.741264584014e-03,4.684264272093e-03,4.575553307415e-03,4.525368044333e-03,4.590563070711e-03,4.484017090658e-03,4.367034607054e-03,4.262680085809e-03,4.175586999758e-03,4.088770667348e-03,4.005222441406e-03,3.921428800185e-03,3.854146382256e-03,3.797300467879e-03,3.731026234861e-03,3.678729025962e-03,3.626935909506e-03,3.575646885514e-03,3.540623669542e-03,2.222301408170e-03
390.600000,3.651696753069e-03,4.559840687159e-03,4.985211821837e-03,4.898581715358e-03,4.811391087440e-03,4.741793499028e-03,4.684784910295e-03,4.576058799462e-03,4.525860632851e-03,4.591065020207e-03,4.484502192558e-03,4.367500851749e-03,4.263129719250e-03,4.176022776936e-03,4.089192619492e-03,4.005630927564e-03,3.921823794621e-03,3.854530550590e-03,3.797675819710e-03,3.731390879782e-03,3.679085349041e-03,3.627283970346e-03,3.575986743700e-03,3.540957964951e-03,2.222467279190e-03
391.100000,3.652013960099e-03,4.560346195272e-03,4.985777838951e-03,4.899135112060e-03,4.811931834541e-03,4.742324421092e-03,4.685307523029e-03,4.576566206508e-03,4.526355086080e-03,4.591568870883e-03,4.484989129446e-03,4.367968857369e-03,4.263581048357e-03,4.176460195331e-03,4.089616158552e-03,4.006040947751e-03,3.922220270092e-03,3.854916157431e-03,3.798052575400e-03,3.731756886510e-03,3.679443001224e-03,3.627633327819e-03,3.576327866307e-03,3.541293502927e-03,2.222633728310e-03
391.600000,3.652332336315e-03,4.560853602528e-03,4.986345990987e-03,4.899690594541e-03,4.812474618113e-03,4.742857341337e-03,4.685832101592e-03,4.577075520124e-03,4.526851395763e-03,4.592074614347e-03,4.485477893196e-03,4.368438616104e-03,4.264034065615e-03,4.176899247659e-03,4.090041277465e-03,4.006452495122e-03,3.922618219997e-03,3.855303196370e-03,3.798430728676e-03,3.732124248940e-03,3.679801976573e-03,3.627983976145e-03,3.576670247663e-03,3.541630277895e-03,2.222800752870e-03
392.100000,3.652651876398e-03,4.561362900531e-03,4.986916268530e-03,4.900248153573e-03,4.813019429185e-03,4.743392250968e-03,4.686358637313e-03,4.577586731891e-03,4.527349553703e-03,4.592582242214e-03,4.485968475726e-03,4.368910120198e-03,4.264488763522e-03,4.177339926666e-03,4.090467969196e-03,4.006865562888e-03,3.923017637749e-03,3.855691661004e-03,3.798810273287e-03,3.732492961026e-03,3.680162269149e-03,3.628335909522e-03,3.577013882123e-03,3.541968284298e-03,2.222968350230e-03
392.600000,3.652972575014e-03,4.561874080927e-03,4.987488662204e-03,4.900807780016e-03,4.813566258825e-03,4.743929141217e-03,4.686887121550e-03,4.578099833412e-03,4.527849551716e-03,4.593091746175e-03,4.486460868988e-03,4.369383361919e-03,4.264945134627e-03,4.177782225121e-03,4.090896226770e-03,4.007280144276e-03,3.923418516818e-03,3.856081544976e-03,3.799191203019e-03,3.732863016717e-03,3.680523873064e-03,3.628689122189e-03,3.577358764076e-03,3.542307516614e-03,2.223136517750e-03
393.100000,3.653294426904e-03,4.562387135420e-03,4.988063162683e-03,4.901369464751e-03,4.814115098102e-03,4.744468003299e-03,4.687417545694e-03,4.578614816368e-03,4.528351381676e-03,4.593603117900e-03,4.486955064962e-03,4.369858333524e-03,4.265403171483e-03,4.178226135829e-03,4.091326043216e-03,4.007696232543e-03,3.923820850675e-03,3.856472841942e-03,3.799573511686e-03,3.733234409994e-03,3.680886782434e-03,3.629043608405e-03,3.577704887901e-03,3.542647969319e-03,2.223305252800e-03
393.600000,3.653617426782e-03,4.562902055738e-03,4.988639760671e-03,4.901933198679e-03,4.814665938165e-03,4.745008828540e-03,4.687949901184e-03,4.579131672434e-03,4.528855035453e-03,4.594116349142e-03,4.487451055642e-03,4.370335027393e-03,4.265862866711e-03,4.178671651604e-03,4.091757411568e-03,4.008113820959e-03,3.924224632838e-03,3.856865545594e-03,3.799957193102e-03,3.733607134887e-03,3.681250991420e-03,3.629399362457e-03,3.578052248018e-03,3.542989636939e-03,2.223474552770e-03
394.100000,3.653941569429e-03,4.563418833613e-03,4.989218446918e-03,4.902498972782e-03,4.815218770183e-03,4.745551608273e-03,4.688484179490e-03,4.579650393333e-03,4.529360504994e-03,4.594631431671e-03,4.487948833105e-03,4.370813435837e-03,4.266324212940e-03,4.179118765339e-03,4.092190324946e-03,4.008532902857e-03,3.924629856827e-03,3.857259649634e-03,3.800342241141e-03,3.733981185406e-03,3.681616494170e-03,3.629756378657e-03,3.578400838887e-03,3.543332513996e-03,2.223644415050e-03
394.600000,3.654266849599e-03,4.563937460861e-03,4.989799212187e-03,4.903066778031e-03,4.815773585327e-03,4.746096333866e-03,4.689020372106e-03,4.580170970824e-03,4.529867782252e-03,4.595148357266e-03,4.488448389414e-03,4.371293551283e-03,4.266787202832e-03,4.179567469906e-03,4.092624776444e-03,4.008953471564e-03,3.925036516210e-03,3.857655147798e-03,3.800728649687e-03,3.734356555628e-03,3.681983284901e-03,3.630114651342e-03,3.578750654955e-03,3.543676595061e-03,2.223814837050e-03
395.100000,3.654593262112e-03,4.564457929298e-03,4.990382047324e-03,4.903636605447e-03,4.816330374866e-03,4.746642996694e-03,4.689558470602e-03,4.580693396707e-03,4.530376859204e-03,4.595667117789e-03,4.488949716683e-03,4.371775366105e-03,4.267251829074e-03,4.180017758215e-03,4.093060759231e-03,4.009375520440e-03,3.925444604557e-03,3.858052033862e-03,3.801116412635e-03,3.734733239633e-03,3.682351357814e-03,3.630474174852e-03,3.579101690726e-03,3.544021874709e-03,2.223985816190e-03
395.600000,3.654920801772e-03,4.564980230779e-03,4.990966943172e-03,4.904208446114e-03,4.816889130072e-03,4.747191588215e-03,4.690098466511e-03,4.581217662811e-03,4.530887727892e-03,4.596187705112e-03,4.489452807058e-03,4.372258872804e-03,4.267718084384e-03,4.180469623238e-03,4.093498266462e-03,4.009799042875e-03,3.925854115501e-03,3.858450301612e-03,3.801505523920e-03,3.735111231520e-03,3.682720707167e-03,3.630834943564e-03,3.579453940710e-03,3.544368347537e-03,2.224157349880e-03
396.100000,3.655249463426e-03,4.565504357197e-03,4.991553890625e-03,4.904782291123e-03,4.817449842235e-03,4.747742099896e-03,4.690640351468e-03,4.581743760974e-03,4.531400380373e-03,4.596710111108e-03,4.489957652704e-03,4.372744063831e-03,4.268185961516e-03,4.180923057930e-03,4.093937291346e-03,4.010224032305e-03,3.926265042672e-03,3.858849944856e-03,3.801895977515e-03,3.735490525422e-03,3.683091327222e-03,3.631196951895e-03,3.579807399421e-03,3.544716008169e-03,2.224329435570e-03
396.600000,3.655579241939e-03,4.566030300481e-03,4.992142880611e-03,4.905358131626e-03,4.818012502708e-03,4.748294523255e-03,4.691184117105e-03,4.582271683100e-03,4.531914808728e-03,4.597234327753e-03,4.490464245864e-03,4.373230931706e-03,4.268655453261e-03,4.181378055301e-03,4.094377827095e-03,4.010650482163e-03,3.926677379741e-03,3.859250957431e-03,3.802287767386e-03,3.735871115499e-03,3.683463212268e-03,3.631560194247e-03,3.580162061445e-03,3.545064851260e-03,2.224502070700e-03
397.100000,3.655910132198e-03,4.566558052584e-03,4.992733904113e-03,4.905935958788e-03,4.818577102881e-03,4.748848849811e-03,4.691729755107e-03,4.582801421127e-03,4.532431005082e-03,4.597760346984e-03,4.490972578734e-03,4.373719468975e-03,4.269126552441e-03,4.181834608394e-03,4.094819866997e-03,4.011078385925e-03,3.927091120384e-03,3.859653333210e-03,3.802680887551e-03,3.736252995927e-03,3.683836356618e-03,3.631924665084e-03,3.580517921333e-03,3.545414871471e-03,2.224675252730e-03
397.600000,3.656242129103e-03,4.567087605497e-03,4.993326952139e-03,4.906515763829e-03,4.819143634169e-03,4.749405071152e-03,4.692277257181e-03,4.583332966997e-03,4.532948961605e-03,4.598288160807e-03,4.491482643613e-03,4.374209668208e-03,4.269599251858e-03,4.182292710274e-03,4.095263404319e-03,4.011507737101e-03,3.927506258336e-03,3.860057066075e-03,3.803075332026e-03,3.736636160908e-03,3.684210754598e-03,3.632290358863e-03,3.580874973699e-03,3.545766063482e-03,2.224848979120e-03
398.100000,3.656575227574e-03,4.567618951242e-03,4.993922015716e-03,4.907097537975e-03,4.819712088022e-03,4.749963178900e-03,4.692826615061e-03,4.583866312717e-03,4.533468670467e-03,4.598817761272e-03,4.491994432796e-03,4.374701522021e-03,4.270073544399e-03,4.182752354011e-03,4.095708432366e-03,4.011938529212e-03,3.927922787309e-03,3.860462149935e-03,3.803471094885e-03,3.737020604667e-03,3.684586400584e-03,3.632657270089e-03,3.581233213164e-03,3.546118422025e-03,2.225023247360e-03
398.600000,3.656909422561e-03,4.568152081887e-03,4.994519085942e-03,4.907681272547e-03,4.820282455925e-03,4.750523164683e-03,4.693377820534e-03,4.584401450293e-03,4.533990123880e-03,4.599349140440e-03,4.492507938628e-03,4.375195023037e-03,4.270549422994e-03,4.183213532739e-03,4.096154944499e-03,4.012370755799e-03,3.928340701100e-03,3.860868578747e-03,3.803868170190e-03,3.737406321461e-03,3.684963288952e-03,3.633025393252e-03,3.581592634367e-03,3.546471941812e-03,2.225198054930e-03
399.100000,3.657244709020e-03,4.568686989497e-03,4.995118153922e-03,4.908266958811e-03,4.820854729391e-03,4.751085020192e-03,4.693930865427e-03,4.584938371789e-03,4.534513314115e-03,4.599882290401e-03,4.493023153478e-03,4.375690163926e-03,4.271026880523e-03,4.183676239614e-03,4.096602934056e-03,4.012804410458e-03,3.928759993494e-03,3.861276346468e-03,3.804266552060e-03,3.737793305554e-03,3.685341414109e-03,3.633394722913e-03,3.581953231976e-03,3.546826617614e-03,2.225373399320e-03
399.600000,3.657581081948e-03,4.569223666221e-03,4.995719210827e-03,4.908854588179e-03,4.821428899993e-03,4.751648737129e-03,4.694485741559e-03,4.585477069314e-03,4.535038233457e-03,4.600417203301e-03,4.493540069725e-03,4.376186937379e-03,4.271505909989e-03,4.184140467793e-03,4.097052394458e-03,4.013239486791e-03,3.929180658303e-03,3.861685447074e-03,3.804666234623e-03,3.738181551241e-03,3.685720770467e-03,3.633765253608e-03,3.582315000679e-03,3.547182444191e-03,2.225549278050e-03
400.100000,3.657918536354e-03,4.569762104201e-03,4.996322247825e-03,4.909444151986e-03,4.822004959317e-03,4.752214307256e-03,4.695042440827e-03,4.586017534967e-03,4.535564874190e-03,4.600953871283e-03,4.494058679810e-03,4.376685336117e-03,4.271986504331e-03,4.184606210502e-03,4.097503319109e-03,4.013675978413e-03,3.929602689363e-03,3.862095874595e-03,3.805067212016e-03,3.738571052851e-03,3.686101352495e-03,3.634136979939e-03,3.582677935181e-03,3.547539416345e-03,2.225725688630e-03
400.600000,3.658257067254e-03,4.570302295617e-03,4.996927256154e-03,4.910035641707e-03,4.822582898986e-03,4.752781722344e-03,4.695600955151e-03,4.586559760913e-03,4.536093228691e-03,4.601492286582e-03,4.494578976183e-03,4.377185352923e-03,4.272468656592e-03,4.185073460954e-03,4.097955701461e-03,4.014113879011e-03,3.930026080553e-03,3.862507623061e-03,3.805469478431e-03,3.738961804731e-03,3.686483154656e-03,3.634509896488e-03,3.583042030219e-03,3.547897528896e-03,2.225902628590e-03
401.100000,3.658596669693e-03,4.570844232688e-03,4.997534227076e-03,4.910629048775e-03,4.823162710657e-03,4.753350974227e-03,4.696161276470e-03,4.587103739330e-03,4.536623289326e-03,4.602032441386e-03,4.495100951362e-03,4.377686980549e-03,4.272952359817e-03,4.185542212398e-03,4.098409534975e-03,4.014553182239e-03,3.930450825772e-03,3.862920686526e-03,3.805873028060e-03,3.739353801231e-03,3.686866171456e-03,3.634883997890e-03,3.583407280544e-03,3.548256776686e-03,2.226080095470e-03
401.600000,3.658937338748e-03,4.571387907675e-03,4.998143151878e-03,4.911224364706e-03,4.823744386024e-03,4.753922054718e-03,4.696723396744e-03,4.587649462458e-03,4.537155048497e-03,4.602574327984e-03,4.495624597840e-03,4.378190211804e-03,4.273437607066e-03,4.186012458157e-03,4.098864813180e-03,4.014993881818e-03,3.930876918940e-03,3.863335059083e-03,3.806277855122e-03,3.739747036752e-03,3.687250397397e-03,3.635259278794e-03,3.583773680916e-03,3.548617154556e-03,2.226258086810e-03
402.100000,3.659279069502e-03,4.571933312859e-03,4.998754021910e-03,4.911821581005e-03,4.824327916813e-03,4.754494955740e-03,4.697287308014e-03,4.588196922525e-03,4.537688498656e-03,4.603117938653e-03,4.496149908176e-03,4.378695039558e-03,4.273924391436e-03,4.186484191505e-03,4.099321529590e-03,4.015435971493e-03,3.931304353978e-03,3.863750734846e-03,3.806683953872e-03,3.740141505697e-03,3.687635827035e-03,3.635635733854e-03,3.584141226155e-03,3.548978657402e-03,2.226436600170e-03
402.600000,3.659621857050e-03,4.572480440530e-03,4.999366828517e-03,4.912420689246e-03,4.824913294800e-03,4.755069669178e-03,4.697853002302e-03,4.588746111819e-03,4.538223632251e-03,4.603663265717e-03,4.496676874967e-03,4.379201456676e-03,4.274412706075e-03,4.186957405809e-03,4.099779677739e-03,4.015879445015e-03,3.931733124871e-03,3.864167707942e-03,3.807091318566e-03,3.740537202502e-03,3.688022454924e-03,3.636013357766e-03,3.584509911051e-03,3.549341280124e-03,2.226615633120e-03
403.100000,3.659965696533e-03,4.573029283064e-03,4.999981563144e-03,4.913021681026e-03,4.825500511773e-03,4.755646186997e-03,4.698420471699e-03,4.589297022665e-03,4.538760441817e-03,4.604210301526e-03,4.497205490827e-03,4.379709456049e-03,4.274902544112e-03,4.187432094428e-03,4.100239251237e-03,4.016324296168e-03,3.932163225604e-03,3.864585972534e-03,3.807499943511e-03,3.740934121626e-03,3.688410275644e-03,3.636392145253e-03,3.584879730448e-03,3.549705017647e-03,2.226795183230e-03
403.600000,3.660310583088e-03,4.573579832813e-03,5.000598217185e-03,4.913624547991e-03,4.826089559557e-03,4.756224501162e-03,4.698989708309e-03,4.589849647396e-03,4.539298919854e-03,4.604759038495e-03,4.497735748356e-03,4.380219030616e-03,4.275393898748e-03,4.187908250767e-03,4.100700243671e-03,4.016770518775e-03,3.932594650203e-03,3.865005522809e-03,3.807909823025e-03,3.741332257557e-03,3.688799283810e-03,3.636772091036e-03,3.585250679211e-03,3.550069864903e-03,2.226975248090e-03
404.100000,3.660656511882e-03,4.574132082196e-03,5.001216782133e-03,4.914229281795e-03,4.826680430011e-03,4.756804603698e-03,4.699560704284e-03,4.590403978386e-03,4.539839058937e-03,4.605309468999e-03,4.498267640280e-03,4.380730173332e-03,4.275886763189e-03,4.188385868220e-03,4.101162648682e-03,4.017218106650e-03,3.933027392698e-03,3.865426352949e-03,3.808320951435e-03,3.741731604782e-03,3.689189474051e-03,3.637153189861e-03,3.585622752221e-03,3.550435816861e-03,2.227155825300e-03
404.600000,3.661003478099e-03,4.574686023640e-03,5.001837249506e-03,4.914835874145e-03,4.827273115032e-03,4.757386486653e-03,4.700133451778e-03,4.590960008057e-03,4.540380851656e-03,4.605861585512e-03,4.498801159281e-03,4.381242877190e-03,4.276381130680e-03,4.188864940265e-03,4.101626459928e-03,4.017667053665e-03,3.933461447152e-03,3.865848457202e-03,3.808733323118e-03,3.742132157827e-03,3.689580841010e-03,3.637535436517e-03,3.585995944359e-03,3.550802868499e-03,2.227336912460e-03
405.100000,3.661351476949e-03,4.575241649625e-03,5.002459610837e-03,4.915444316788e-03,4.827867606558e-03,4.757970142113e-03,4.700707943006e-03,4.591517728827e-03,4.540924290622e-03,4.606415380503e-03,4.499336298091e-03,4.381757135200e-03,4.276876994472e-03,4.189345460373e-03,4.102091671073e-03,4.018117353712e-03,3.933896807661e-03,3.866271829819e-03,3.809146932446e-03,3.742533911253e-03,3.689973379363e-03,3.637918825793e-03,3.586370250555e-03,3.551171014831e-03,2.227518507180e-03
405.600000,3.661700503643e-03,4.575798952638e-03,5.003083857703e-03,4.916054601490e-03,4.828463896548e-03,4.758555562176e-03,4.701284170192e-03,4.592077133186e-03,4.541469368525e-03,4.606970846490e-03,4.499873049474e-03,4.382272940399e-03,4.277374347874e-03,4.189827422036e-03,4.102558275865e-03,4.018569000697e-03,3.934333468343e-03,3.866696465070e-03,3.809561773834e-03,3.742936859615e-03,3.690367083803e-03,3.638303352513e-03,3.586745665756e-03,3.551540250875e-03,2.227700607100e-03
406.100000,3.662050553437e-03,4.576357925227e-03,5.003709981720e-03,4.916666720027e-03,4.829061976970e-03,4.759142738979e-03,4.701862125642e-03,4.592638213630e-03,4.542016078008e-03,4.607527976002e-03,4.500411406206e-03,4.382790285889e-03,4.277873184202e-03,4.190310818773e-03,4.103026267997e-03,4.019021988575e-03,3.934771423332e-03,3.867122357252e-03,3.809977841717e-03,3.743340997501e-03,3.690761949035e-03,3.638689011512e-03,3.587122184913e-03,3.551910571668e-03,2.227883209840e-03
406.600000,3.662401621583e-03,4.576918559930e-03,5.004337974532e-03,4.917280664268e-03,4.829661839904e-03,4.759731664720e-03,4.702441801623e-03,4.593200962678e-03,4.542564411793e-03,4.608086761623e-03,4.500951361132e-03,4.383309164744e-03,4.278373496810e-03,4.190795644157e-03,4.103495641258e-03,4.019476311273e-03,3.935210666779e-03,3.867549500699e-03,3.810395130539e-03,3.743746319535e-03,3.691157969817e-03,3.639075797640e-03,3.587499803011e-03,3.552281972288e-03,2.228066313040e-03
407.100000,3.662753703373e-03,4.577480849352e-03,5.004967827826e-03,4.917896426068e-03,4.830263477359e-03,4.760322331578e-03,4.703023190481e-03,4.593765372899e-03,4.543114362645e-03,4.608647195931e-03,4.501492907103e-03,4.383829570095e-03,4.278875279064e-03,4.191281891771e-03,4.103966389425e-03,4.019931962780e-03,3.935651192891e-03,3.867977889744e-03,3.810813634776e-03,3.744152820344e-03,3.691555140885e-03,3.639463705788e-03,3.587878515048e-03,3.552654447800e-03,2.228249914370e-03
407.600000,3.663106794099e-03,4.578044786120e-03,5.005599533311e-03,4.918513997327e-03,4.830866881446e-03,4.760914731814e-03,4.703606284563e-03,4.594331436892e-03,4.543665923305e-03,4.609209271573e-03,4.502036036988e-03,4.384351495112e-03,4.279378524378e-03,4.191769555218e-03,4.104438506311e-03,4.020388937134e-03,3.936092995853e-03,3.868407518749e-03,3.811233348932e-03,3.744560494585e-03,3.691953457033e-03,3.639852730856e-03,3.588258316051e-03,3.553027993326e-03,2.228434011480e-03
408.100000,3.663460889072e-03,4.578610362874e-03,5.006233082740e-03,4.919133369990e-03,4.831472044304e-03,4.761508857705e-03,4.704191076288e-03,4.594899147273e-03,4.544219086581e-03,4.609772981212e-03,4.502580743688e-03,4.384874932964e-03,4.279883226162e-03,4.192258628121e-03,4.104911985746e-03,4.020847228340e-03,3.936536069900e-03,3.868838382126e-03,3.811654267532e-03,3.744969336940e-03,3.692352913054e-03,3.640242867760e-03,3.588639201066e-03,3.553402603988e-03,2.228618602050e-03
408.600000,3.663815983641e-03,4.579177572285e-03,5.006868467881e-03,4.919754536016e-03,4.832078958064e-03,4.762104701524e-03,4.704777558063e-03,4.595468496676e-03,4.544773845307e-03,4.610338317535e-03,4.503127020138e-03,4.385399876881e-03,4.280389377882e-03,4.192749104138e-03,4.105386821589e-03,4.021306830486e-03,3.936980409288e-03,3.869270474264e-03,3.812076385104e-03,3.745379342102e-03,3.692753503769e-03,3.640634111452e-03,3.589021165138e-03,3.553778274912e-03,2.228803683760e-03
409.100000,3.664172073167e-03,4.579746407080e-03,5.007505680562e-03,4.920377487433e-03,4.832687614928e-03,4.762702255630e-03,4.705365722347e-03,4.596039477807e-03,4.545330192362e-03,4.610905273259e-03,4.503674859332e-03,4.385926320103e-03,4.280896973043e-03,4.193240976967e-03,4.105863007748e-03,4.021767737618e-03,3.937426008307e-03,3.869703789625e-03,3.812499696232e-03,3.745790504798e-03,3.693155224024e-03,3.641026456881e-03,3.589404203362e-03,3.554155001280e-03,2.228989254290e-03
409.600000,3.664529153013e-03,4.580316860007e-03,5.008144712638e-03,4.921002216239e-03,4.833298007096e-03,4.763301512374e-03,4.705955561641e-03,4.596612083373e-03,4.545888120600e-03,4.611473841132e-03,4.504224254245e-03,4.386454255888e-03,4.281406005114e-03,4.193734240319e-03,4.106340538111e-03,4.022229943863e-03,3.937872861257e-03,3.870138322637e-03,3.812924195492e-03,3.746202819768e-03,3.693558068681e-03,3.641419899044e-03,3.589788310844e-03,3.554532778271e-03,2.229175311340e-03
410.100000,3.664887218583e-03,4.580888923807e-03,5.008785555976e-03,4.921628714523e-03,4.833910126860e-03,4.763902464149e-03,4.706547068425e-03,4.597186306100e-03,4.546447622951e-03,4.612044013934e-03,4.504775197887e-03,4.386983677520e-03,4.281916467658e-03,4.194228887907e-03,4.106819406609e-03,4.022693443353e-03,3.938320962443e-03,3.870574067813e-03,3.813349877488e-03,3.746616281765e-03,3.693962032624e-03,3.641814432934e-03,3.590173482693e-03,3.554911601084e-03,2.229361852630e-03
410.600000,3.665246265286e-03,4.581462591292e-03,5.009428202487e-03,4.922256974353e-03,4.834523966463e-03,4.764505103417e-03,4.707140235288e-03,4.597762138763e-03,4.547008692363e-03,4.612615784475e-03,4.505327683336e-03,4.387514578357e-03,4.282428354236e-03,4.194724913515e-03,4.107299607216e-03,4.023158230238e-03,3.938770306228e-03,3.871011019632e-03,3.813776736855e-03,3.747030885586e-03,3.694367110746e-03,3.642210053572e-03,3.590559714065e-03,3.555291464942e-03,2.229548875880e-03
411.100000,3.665606288543e-03,4.582037855303e-03,5.010072644145e-03,4.922886987909e-03,4.835139518246e-03,4.765109422590e-03,4.707735054793e-03,4.598339574172e-03,4.547571321816e-03,4.613189145609e-03,4.505881703663e-03,4.388046951709e-03,4.282941658424e-03,4.195222310921e-03,4.107781133923e-03,4.023624298675e-03,3.939220886990e-03,3.871449172630e-03,3.814204768257e-03,3.747446626036e-03,3.694773297983e-03,3.642606756010e-03,3.590947000105e-03,3.555672365080e-03,2.229736378800e-03
411.600000,3.665967283826e-03,4.582614708678e-03,5.010718872905e-03,4.923518747319e-03,4.835756774523e-03,4.765715414161e-03,4.708331519531e-03,4.598918605149e-03,4.548135504307e-03,4.613764090167e-03,4.506437251952e-03,4.388580790978e-03,4.283456373829e-03,4.195721073953e-03,4.108263980737e-03,4.024091642905e-03,3.939672699112e-03,3.871888521352e-03,3.814633966351e-03,3.747863497936e-03,3.695180589287e-03,3.643004535304e-03,3.591335336009e-03,3.556054296775e-03,2.229924359150e-03
412.100000,3.666329246578e-03,4.583193144310e-03,5.011366880791e-03,4.924152244773e-03,4.836375727697e-03,4.766323070674e-03,4.708929622165e-03,4.599499224552e-03,4.548701232869e-03,4.614340611074e-03,4.506994321366e-03,4.389116089549e-03,4.283972494104e-03,4.196221196411e-03,4.108748141666e-03,4.024560257125e-03,3.940125737004e-03,3.872329060367e-03,3.815064325837e-03,3.748281496141e-03,3.695588979611e-03,3.643403386551e-03,3.591724716961e-03,3.556437255276e-03,2.230112814650e-03
412.600000,3.666692172300e-03,4.583773155123e-03,5.012016659836e-03,4.924787472529e-03,4.836996370182e-03,4.766932384663e-03,4.709529355348e-03,4.600081425271e-03,4.549268500561e-03,4.614918701237e-03,4.507552905071e-03,4.389652840865e-03,4.284490012927e-03,4.196722672188e-03,4.109233610806e-03,4.025030135578e-03,3.940579995120e-03,3.872770784265e-03,3.815495841442e-03,3.748700615513e-03,3.695998463944e-03,3.643803304843e-03,3.592115138193e-03,3.556821235913e-03,2.230301743070e-03
413.100000,3.667056056486e-03,4.584354734059e-03,5.012668202137e-03,4.925424422819e-03,4.837618694380e-03,4.767543348703e-03,4.710130711782e-03,4.600665200230e-03,4.549837300467e-03,4.615498353621e-03,4.508112996243e-03,4.390191038395e-03,4.285008923952e-03,4.197225495154e-03,4.109720382194e-03,4.025501272565e-03,3.941035467911e-03,3.873213687667e-03,3.815928507896e-03,3.749120850948e-03,3.696409037303e-03,3.644204285302e-03,3.592506594946e-03,3.557206233978e-03,2.230491142160e-03
413.600000,3.667420894674e-03,4.584937874077e-03,5.013321499794e-03,4.926063087932e-03,4.838242692797e-03,4.768155955419e-03,4.710733684203e-03,4.601250542352e-03,4.550407625705e-03,4.616079561205e-03,4.508674588101e-03,4.390730675586e-03,4.285529220926e-03,4.197729659240e-03,4.110208449966e-03,4.025973662340e-03,3.941492149860e-03,3.873657765207e-03,3.816362319964e-03,3.749542197348e-03,3.696820694696e-03,3.644606323067e-03,3.592899082461e-03,3.557592244835e-03,2.230681009710e-03
414.100000,3.667786682394e-03,4.585522568201e-03,5.013976544943e-03,4.926703460197e-03,4.838868357916e-03,4.768770197425e-03,4.711338265345e-03,4.601837444621e-03,4.550979469430e-03,4.616662316989e-03,4.509237673885e-03,4.391271745981e-03,4.286050897589e-03,4.198235158348e-03,4.110697808257e-03,4.026447299253e-03,3.941950035469e-03,3.874103011537e-03,3.816797272412e-03,3.749964649636e-03,3.697233431183e-03,3.645009413321e-03,3.593292596028e-03,3.557979263813e-03,2.230871343490e-03
414.600000,3.668153415194e-03,4.586108809428e-03,5.014633329771e-03,4.927345531976e-03,4.839495682264e-03,4.769386067419e-03,4.711944448002e-03,4.602425900049e-03,4.551552824794e-03,4.617246614031e-03,4.509802246887e-03,4.391814243103e-03,4.286573947676e-03,4.198741986468e-03,4.111188451195e-03,4.026922177632e-03,3.942409119274e-03,3.874549421336e-03,3.817233360056e-03,3.750388202786e-03,3.697647241832e-03,3.645413551219e-03,3.593687130949e-03,3.558367286292e-03,2.231062141300e-03
415.100000,3.668521088672e-03,4.586696590838e-03,5.015291846468e-03,4.927989295618e-03,4.840124658404e-03,4.770003558075e-03,4.712552225011e-03,4.603015901645e-03,4.552127685022e-03,4.617832445384e-03,4.510368300409e-03,4.392358160505e-03,4.287098365025e-03,4.199250137568e-03,4.111680372973e-03,4.027398291840e-03,3.942869395837e-03,3.874996989311e-03,3.817670577723e-03,3.750812851753e-03,3.698062121728e-03,3.645818731983e-03,3.594082682518e-03,3.558756307669e-03,2.231253400920e-03
415.600000,3.668889698411e-03,4.587285905524e-03,5.015952087279e-03,4.928634743564e-03,4.840755278923e-03,4.770622662142e-03,4.713161589208e-03,4.603607442484e-03,4.552704043303e-03,4.618419804140e-03,4.510935827756e-03,4.392903491792e-03,4.287624143437e-03,4.199759605673e-03,4.112173567789e-03,4.027875636260e-03,3.943330859709e-03,3.875445710169e-03,3.818108920243e-03,3.751238591526e-03,3.698478065973e-03,3.646224950823e-03,3.594479246092e-03,3.559146323354e-03,2.231445120170e-03
416.100000,3.669259240010e-03,4.587876746580e-03,5.016614044471e-03,4.929281868246e-03,4.841387536456e-03,4.771243372347e-03,4.713772533439e-03,4.604200515644e-03,4.553281892926e-03,4.619008683414e-03,4.511504822304e-03,4.393450230555e-03,4.288151276739e-03,4.200270384800e-03,4.112668029873e-03,4.028354205310e-03,3.943793505490e-03,3.875895578674e-03,3.818548382484e-03,3.751665417134e-03,3.698895069702e-03,3.646632202988e-03,3.594876817008e-03,3.559537328780e-03,2.231637296870e-03
416.600000,3.669629709118e-03,4.588469107156e-03,5.017277710345e-03,4.929930662155e-03,4.842021423630e-03,4.771865681516e-03,4.714385050632e-03,4.604795114241e-03,4.553861227161e-03,4.619599076390e-03,4.512075277421e-03,4.393998370452e-03,4.288679758800e-03,4.200782469017e-03,4.113163753447e-03,4.028833993407e-03,3.944257327789e-03,3.876346589565e-03,3.818988959344e-03,3.752093323588e-03,3.699313128046e-03,3.647040483728e-03,3.595275390648e-03,3.559929319391e-03,2.231829928840e-03
417.100000,3.670001101371e-03,4.589062980420e-03,5.017943077234e-03,4.930581117771e-03,4.842656933141e-03,4.772489582439e-03,4.714999133715e-03,4.605391231423e-03,4.554442039298e-03,4.620190976224e-03,4.512647186525e-03,4.394547905153e-03,4.289209583531e-03,4.201295852407e-03,4.113660732807e-03,4.029314995016e-03,3.944722321250e-03,3.876798737653e-03,3.819430645715e-03,3.752522305949e-03,3.699732236175e-03,3.647449788319e-03,3.595674962390e-03,3.560322290646e-03,2.232023013910e-03
417.600000,3.670373412438e-03,4.589658359578e-03,5.018610137495e-03,4.931233227656e-03,4.843294057696e-03,4.773115067965e-03,4.715614775636e-03,4.605988860354e-03,4.555024322717e-03,4.620784376113e-03,4.513220543025e-03,4.395098828326e-03,4.289740744844e-03,4.201810529066e-03,4.114158962236e-03,4.029797204613e-03,3.945188480550e-03,3.877252017725e-03,3.819873436527e-03,3.752952359294e-03,3.700152389284e-03,3.647860112070e-03,3.596075527661e-03,3.560716238038e-03,2.232216549930e-03
418.100000,3.670746638001e-03,4.590255237834e-03,5.019278883520e-03,4.931886984342e-03,4.843932790033e-03,4.773742130971e-03,4.716231969393e-03,4.606587994230e-03,4.555608070725e-03,4.621379269296e-03,4.513795340424e-03,4.395651133712e-03,4.290273236672e-03,4.202326493123e-03,4.114658436049e-03,4.030280616698e-03,3.945655800340e-03,3.877706424617e-03,3.820317326731e-03,3.753383478710e-03,3.700573582576e-03,3.648271450294e-03,3.596477081861e-03,3.561111157069e-03,2.232410534740e-03
418.600000,3.671120773757e-03,4.590853608459e-03,5.019949307731e-03,4.932542380451e-03,4.844573122919e-03,4.774370764358e-03,4.716850708007e-03,4.607188626271e-03,4.556193276747e-03,4.621975649042e-03,4.514371572197e-03,4.396204815051e-03,4.290807052984e-03,4.202843738741e-03,4.115159148585e-03,4.030765225776e-03,3.946124275345e-03,3.878161953170e-03,3.820762311281e-03,3.753815659300e-03,3.700995811257e-03,3.648683798312e-03,3.596879620471e-03,3.561507043260e-03,2.232604966210e-03
419.100000,3.671495815417e-03,4.591453464723e-03,5.020621402586e-03,4.933199408604e-03,4.845215049141e-03,4.775000961066e-03,4.717470984507e-03,4.607790749742e-03,4.556779934201e-03,4.622573508642e-03,4.514949231834e-03,4.396759866087e-03,4.291342187769e-03,4.203362260096e-03,4.115661094208e-03,4.031251026396e-03,3.946593900280e-03,3.878618598256e-03,3.821208385186e-03,3.754248896207e-03,3.701419070595e-03,3.649097151495e-03,3.597283138926e-03,3.561903892147e-03,2.232799842210e-03
419.600000,3.671871758723e-03,4.592054799942e-03,5.021295160574e-03,4.933858061465e-03,4.845858561549e-03,4.775632714045e-03,4.718092791974e-03,4.608394357927e-03,4.557368036512e-03,4.623172841388e-03,4.515528312895e-03,4.397316280625e-03,4.291878635044e-03,4.203882051364e-03,4.116164267313e-03,4.031738013138e-03,3.947064669875e-03,3.879076354768e-03,3.821655543435e-03,3.754683184587e-03,3.701843355834e-03,3.649511505217e-03,3.597687632715e-03,3.562301699295e-03,2.232995160610e-03
420.100000,3.672248599415e-03,4.592657607441e-03,5.021970574208e-03,4.934518331695e-03,4.846503652970e-03,4.776266016296e-03,4.718716123509e-03,4.608999444114e-03,4.557957577156e-03,4.623773640652e-03,4.516108808946e-03,4.397874052502e-03,4.292416388856e-03,4.204403106789e-03,4.116668662295e-03,4.032226180578e-03,3.947536578918e-03,3.879535217618e-03,3.822103781070e-03,3.755118519586e-03,3.702268662268e-03,3.649926854849e-03,3.598093097350e-03,3.562700460260e-03,2.233190919290e-03
420.600000,3.672626333273e-03,4.593261880569e-03,5.022647636015e-03,4.935180212018e-03,4.847150316324e-03,4.776900860800e-03,4.719340972233e-03,4.609606001637e-03,4.558548549628e-03,4.624375899778e-03,4.516690713567e-03,4.398433175516e-03,4.292955443235e-03,4.204925420621e-03,4.117174273576e-03,4.032715523316e-03,3.948009622177e-03,3.879995181734e-03,3.822553093126e-03,3.755554896419e-03,3.702694985180e-03,3.650343195822e-03,3.598499528333e-03,3.563100170649e-03,2.233387116160e-03
421.100000,3.673004956083e-03,4.593867612730e-03,5.023326338584e-03,4.935843695175e-03,4.847798544480e-03,4.777537240650e-03,4.719967331308e-03,4.610214023872e-03,4.559140947458e-03,4.624979612162e-03,4.517274020397e-03,4.398993643571e-03,4.293495792303e-03,4.205448987122e-03,4.117681095626e-03,4.033206035999e-03,3.948483794488e-03,3.880456242056e-03,3.823003474677e-03,3.755992310279e-03,3.703122319903e-03,3.650760523549e-03,3.598906921217e-03,3.563500826071e-03,2.233583749110e-03
421.600000,3.673384463634e-03,4.594474797330e-03,5.024006674539e-03,4.936508773961e-03,4.848448330417e-03,4.778175148886e-03,4.720595193927e-03,4.610823504197e-03,4.559734764178e-03,4.625584771248e-03,4.517858723056e-03,4.399555450553e-03,4.294037430155e-03,4.205973800589e-03,4.118189122917e-03,4.033697713265e-03,3.948959090652e-03,3.880918393562e-03,3.823454920820e-03,3.756430756406e-03,3.703550661776e-03,3.651178833486e-03,3.599315271544e-03,3.563902422155e-03,2.233780816050e-03
422.100000,3.673764851747e-03,4.595083427815e-03,5.024688636472e-03,4.937175441157e-03,4.849099667095e-03,4.778814578642e-03,4.721224553272e-03,4.611434436025e-03,4.560329993369e-03,4.626191370456e-03,4.518444815240e-03,4.400118590364e-03,4.294580350931e-03,4.206499855333e-03,4.118698349937e-03,4.034190549785e-03,3.949435505532e-03,3.881381631260e-03,3.823907426643e-03,3.756870230034e-03,3.703980006154e-03,3.651598121100e-03,3.599724574885e-03,3.564304954532e-03,2.233978314900e-03
422.600000,3.674146116259e-03,4.595693497654e-03,5.025372217075e-03,4.937843689579e-03,4.849752547485e-03,4.779455523001e-03,4.721855402628e-03,4.612046812809e-03,4.560926628637e-03,4.626799403284e-03,4.519032290632e-03,4.400683056940e-03,4.295124548786e-03,4.207027145693e-03,4.119208771203e-03,4.034684540264e-03,3.949913033998e-03,3.881845950137e-03,3.824360987293e-03,3.757310726442e-03,3.704410348400e-03,3.652018381869e-03,3.600134826843e-03,3.564708418883e-03,2.234176243590e-03
423.100000,3.674528253022e-03,4.596305000321e-03,5.026057409049e-03,4.938513512129e-03,4.850406964657e-03,4.780097975147e-03,4.722487735219e-03,4.612660627999e-03,4.561524663598e-03,4.627408863229e-03,4.519621142938e-03,4.401248844286e-03,4.295670017903e-03,4.207555666020e-03,4.119720381260e-03,4.035179679423e-03,3.950391670941e-03,3.882311345232e-03,3.824815597898e-03,3.757752240909e-03,3.704841683920e-03,3.652439611284e-03,3.600546023015e-03,3.565112810887e-03,2.234374600060e-03
423.600000,3.674911257907e-03,4.596917929341e-03,5.026744205110e-03,4.939184901671e-03,4.851062911631e-03,4.780741928272e-03,4.723121544348e-03,4.613275875085e-03,4.562124091909e-03,4.628019743803e-03,4.520211365915e-03,4.401815946347e-03,4.296216752469e-03,4.208085410724e-03,4.120233174684e-03,4.035675961969e-03,3.950871411272e-03,3.882777811602e-03,3.825271253636e-03,3.758194768748e-03,3.705274008119e-03,3.652861804884e-03,3.600958159033e-03,3.565518126221e-03,2.234573382240e-03
424.100000,3.675295126803e-03,4.597532278284e-03,5.027432598003e-03,4.939857851109e-03,4.851720381509e-03,4.781387375563e-03,4.723756823341e-03,4.613892547620e-03,4.562724907230e-03,4.628632038568e-03,4.520802953342e-03,4.402384357165e-03,4.296764746741e-03,4.208616374193e-03,4.120747146037e-03,4.036173382693e-03,3.951352249911e-03,3.883245344317e-03,3.825727949684e-03,3.758638305267e-03,3.705707316434e-03,3.653284958194e-03,3.601371230526e-03,3.565924360624e-03,2.234772588090e-03
424.600000,3.675679855600e-03,4.598148040688e-03,5.028122580502e-03,4.940532353417e-03,4.852379367402e-03,4.782034310272e-03,4.724393565544e-03,4.614510639105e-03,4.563327103294e-03,4.629245741106e-03,4.521395899007e-03,4.402954070758e-03,4.297313994940e-03,4.209148550858e-03,4.121262289952e-03,4.036671936366e-03,3.951834181817e-03,3.883713938474e-03,3.826185681260e-03,3.759082845822e-03,3.706141604320e-03,3.653709066768e-03,3.601785233174e-03,3.566331509812e-03,2.234972215570e-03
425.100000,3.676065440233e-03,4.598765210175e-03,5.028814145450e-03,4.941208401549e-03,4.853039862423e-03,4.782682725666e-03,4.725031764332e-03,4.615130143139e-03,4.563930673811e-03,4.629860845022e-03,4.521990196735e-03,4.403525081206e-03,4.297864491371e-03,4.209681935175e-03,4.121778601039e-03,4.037171617781e-03,3.952317201978e-03,3.884183589164e-03,3.826644443581e-03,3.759528385761e-03,3.706576867232e-03,3.654134126192e-03,3.602200162651e-03,3.566739569549e-03,2.235172262650e-03
425.600000,3.676451876610e-03,4.599383780354e-03,5.029507285644e-03,4.941885988521e-03,4.853701859773e-03,4.783332615030e-03,4.725671413093e-03,4.615751053313e-03,4.564535612517e-03,4.630477343939e-03,4.522585840354e-03,4.404097382570e-03,4.298416230323e-03,4.210216521615e-03,4.122296073943e-03,4.037672421763e-03,3.952801305373e-03,3.884654291538e-03,3.827104231887e-03,3.759974920477e-03,3.707013100657e-03,3.654560132044e-03,3.602616014639e-03,3.567148535591e-03,2.235372727310e-03
426.100000,3.676839160712e-03,4.600003744873e-03,5.030201993994e-03,4.942565107356e-03,4.854365352614e-03,4.783983971700e-03,4.726312505263e-03,4.616373363247e-03,4.565141913230e-03,4.631095231533e-03,4.523182823753e-03,4.404670968991e-03,4.298969206097e-03,4.210752304671e-03,4.122814703353e-03,4.038174343149e-03,3.953286487018e-03,3.885126040730e-03,3.827565041446e-03,3.760422445369e-03,3.707450300102e-03,3.654987079932e-03,3.603032784862e-03,3.567558403712e-03,2.235573607520e-03
426.600000,3.677227288485e-03,4.600625097419e-03,5.030898263374e-03,4.943245751110e-03,4.855030334190e-03,4.784636789002e-03,4.726955034309e-03,4.616997066609e-03,4.565749569715e-03,4.631714501472e-03,4.523781140833e-03,4.405245834564e-03,4.299523413036e-03,4.211289278861e-03,4.123334483956e-03,4.038677376816e-03,3.953772741941e-03,3.885598831928e-03,3.828026867544e-03,3.760870955838e-03,3.707888461083e-03,3.655414965493e-03,3.603450469056e-03,3.567969169737e-03,2.235774901280e-03
427.100000,3.677616255916e-03,4.601247831668e-03,5.031596086700e-03,4.943927912877e-03,4.855696797733e-03,4.785291060314e-03,4.727598993671e-03,4.617622157040e-03,4.566358575812e-03,4.632335147464e-03,4.524380785482e-03,4.405821973482e-03,4.300078845534e-03,4.211827438744e-03,4.123855410459e-03,4.039181517629e-03,3.954260065206e-03,3.886072660311e-03,3.828489705459e-03,3.761320447328e-03,3.708327579155e-03,3.655843784363e-03,3.603869062939e-03,3.568380829453e-03,2.235976606590e-03
427.600000,3.678006059000e-03,4.601871941365e-03,5.032295456961e-03,4.944611585764e-03,4.856364736526e-03,4.785946779062e-03,4.728244376906e-03,4.618248628258e-03,4.566968925374e-03,4.632957163217e-03,4.524981751690e-03,4.406399379903e-03,4.300635497960e-03,4.212366778848e-03,4.124377477591e-03,4.039686760515e-03,3.954748451867e-03,3.886547521083e-03,3.828953550534e-03,3.761770915297e-03,3.708767649858e-03,3.656273532202e-03,3.604288562317e-03,3.568793378719e-03,2.236178721460e-03
428.100000,3.678396693772e-03,4.602497420249e-03,5.032996367109e-03,4.945296762924e-03,4.857034143864e-03,4.786603938635e-03,4.728891177503e-03,4.618876473980e-03,4.567580612293e-03,4.633580542532e-03,4.525584033383e-03,4.406978048045e-03,4.301193364717e-03,4.212907293785e-03,4.124900680136e-03,4.040193100374e-03,3.955237897041e-03,3.887023409469e-03,3.829418398098e-03,3.762222355209e-03,3.709208668784e-03,3.656704204691e-03,3.604708962928e-03,3.569206813378e-03,2.236381243900e-03
428.600000,3.678788156240e-03,4.603124262091e-03,5.033698810168e-03,4.945983437525e-03,4.857705013080e-03,4.787262532519e-03,4.729539389032e-03,4.619505687959e-03,4.568193630439e-03,4.634205279179e-03,4.526187624585e-03,4.407557972109e-03,4.301752440265e-03,4.213448978143e-03,4.125425012843e-03,4.040700532157e-03,3.955728395817e-03,3.887500320732e-03,3.829884243513e-03,3.762674762551e-03,3.709650631513e-03,3.657135797527e-03,3.605130260604e-03,3.569621129292e-03,2.236584171950e-03
429.100000,3.679180442467e-03,4.603752460713e-03,5.034402779178e-03,4.946671602741e-03,4.858377337539e-03,4.787922554175e-03,4.730189005082e-03,4.620136263977e-03,4.568807973763e-03,4.634831366942e-03,4.526792519275e-03,4.408139146369e-03,4.302312719036e-03,4.213991826562e-03,4.125950470527e-03,4.041209050844e-03,3.956219943340e-03,3.887978250130e-03,3.830351082143e-03,3.763128132839e-03,3.710093533658e-03,3.657568306424e-03,3.605552451142e-03,3.570036322342e-03,2.236787503630e-03
429.600000,3.648735645909e-03,4.187753221991e-03,2.332972985557e-03,2.697565797079e-03,3.041756016644e-03,3.376014011390e-03,3.603958345265e-03,4.089070504586e-03,3.748069740027e-03,2.830067385361e-03,2.848979880208e-03,2.857275316764e-03,2.870464743722e-03,2.885291605562e-03,2.896430150345e-03,2.902933297756e-03,2.905220831918e-03,2.912355461248e-03,2.930107148844e-03,2.930324885764e-03,2.940766086501e-03,2.947748841038e-03,2.951273149365e-03,2.955428939611e-03,2.236991236970e-03
430.100000,0.000000000000e+00,0.000000000000e+00,0.000000000000e+00,0.000000000000e+00,0.000000000000e+00,0.000000000000e+00,0.000000000000e+00,0.000000000000e+00,0.000000000000e+00,0.000000000000e+00,0.000000000000e+00,0.000000000000e+00,0.000000000000e+00,0.000000000000e+00,0.000000000000e+00,0.000000000000e+00,0.000000000000e+00,0.000000000000e+00,0.000000000000e+00,0.000000000000e+00,0.000000000000e+00,0.000000000000e+00,0.000000000000e+00,0.000000000000e+00,0.000000000000e+00
430.600000,0.000000000000e+00,0.000000000000e+00,0.000000000000e+00,0.000000000000e+00,0.000000000000e+00,0.000000000000e+00,0.000000000000e+00,0.000000000000e+00,0.000000000000e+00,0.000000000000e+00,0.000000000000e+00,0.000000000000e+00,0.000000000000e+00,0.000000000000e+00,0.000000000000e+00,0.000000000000e+00,0.000000000000e+00,0.000000000000e+00,0.000000000000e+00,0.000000000000e+00,0.000000000000e+00,0.000000000000e+00,0.000000000000e+00,0.000000000000e+00,0.000000000000e+00
431.100000,0.000000000000e+00,0.000000000000e+00,0.000000000000e+00,0.000000000000e+00,0.000000000000e+00,0.000000000000e+00,0.000000000000e+00,0.000000000000e+00,0.000000000000e+00,0.000000000000e+00,0.000000000000e+00,0.000000000000e+00,0.000000000000e+00,0.000000000000e+00,0.000000000000e+00,0.000000000000e+00,0.000000000000e+00,0.000000000000e+00,0.000000000000e+00,0.000000000000e+00,0.000000000000e+00,0.000000000000e+00,0.000000000000e+00,0.000000000000e+00,0.000000000000e+00
431.600000,0.000000000000e+00,0.000000000000e+00,0.000000000000e+00,0.000000000000e+00,0.000000000000e+00,0.000000000000e+00,0.000000000000e+00,0.000000000000e+00,0.000000000000e+00,0.000000000000e+00,0.000000000000e+00,0.000000000000e+00,0.000000000000e+00,0.000000000000e+00,0.000000000000e+00,0.000000000000e+00,0.000000000000e+00,0.000000000000e+00,0.000000000000e+00,0.000000000000e+00,0.000000000000e+00,0.000000000000e+00,0.000000000000e+00,0.000000000000e+00,0.000000000000e+00
432.100000,0.000000000000e+00,0.000000000000e+00,0.000000000000e+00,0.000000000000e+00,0.000000000000e+00,0.000000000000e+00,0.000000000000e+00,0.000000000000e+00,0.000000000000e+00,0.000000000000e+00,0.000000000000e+00,0.000000000000e+00,0.000000000000e+00,0.000000000000e+00,0.000000000000e+00,0.000000000000e+00,0.000000000000e+00,0.000000000000e+00,0.000000000000e+00,0.000000000000e+00,0.000000000000e+00,0.000000000000e+00,0.000000000000e+00,0.000000000000e+00,0.000000000000e+00
432.600000,0.000000000000e+00,0.000000000000e+00,0.000000000000e+00,0.000000000000e+00,0.000000000000e+00,0.000000000000e+00,0.000000000000e+00,0.000000000000e+00,0.000000000000e+00,0.000000000000e+00,0.000000000000e+00,0.000000000000e+00,0.000000000000e+00,0.000000000000e+00,0.000000000000e+00,0.000000000000e+00,0.000000000000e+00,0.000000000000e+00,0.000000000000e+00,0.000000000000e+00,0.000000000000e+00,0.000000000000e+00,0.000000000000e+00,0.000000000000e+00,0.000000000000e+00
433.100000,0.000000000000e+00,0.000000000000e+00,0.000000000000e+00,0.000000000000e+00,0.000000000000e+00,0.000000000000e+00,0.000000000000e+00,0.000000000000e+00,0.000000000000e+00,0.000000000000e+00,0.000000000000e+00,0.000000000000e+00,0.000000000000e+00,0.000000000000e+00,0.000000000000e+00,0.000000000000e+00,0.000000000000e+00,0.000000000000e+00,0.000000000000e+00,0.000000000000e+00,0.000000000000e+00,0.000000000000e+00,0.000000000000e+00,0.000000000000e+00,0.000000000000e+00
433.600000,0.000000000000e+00,0.000000000000e+00,0.000000000000e+00,0.000000000000e+00,0.000000000000e+00,0.000000000000e+00,0.000000000000e+00,0.000000000000e+00,0.000000000000e+00,0.000000000000e+00,0.000000000000e+00,0.000000000000e+00,0.000000000000e+00,0.000000000000e+00,0.000000000000e+00,0.000000000000e+00,0.000000000000e+00,0.000000000000e+00,0.000000000000e+00,0.000000000000e+00,0.000000000000e+00,0.000000000000e+00,0.000000000000e+00,0.000000000000e+00,0.000000000000e+00
434.100000,0.000000000000e+00,0.000000000000e+00,0.000000000000e+00,0.000000000000e+00,0.000000000000e+00,0.000000000000e+00,0.000000000000e+00,0.000000000000e+00,0.000000000000e+00,0.000000000000e+00,0.000000000000e+00,0.000000000000e+00,0.000000000000e+00,0.000000000000e+00,0.000000000000e+00,0.000000000000e+00,0.000000000000e+00,0.000000000000e+00,0.000000000000e+00,0.000000000000e+00,0.000000000000e+00,0.000000000000e+00,0.000000000000e+00,0.000000000000e+00,0.000000000000e+00
434.600000,0.000000000000e+00,0.000000000000e+00,0.000000000000e+00,0.000000000000e+00,0.000000000000e+00,0.000000000000e+00,0.000000000000e+00,0.000000000000e+00,0.000000000000e+00,0.000000000000e+00,0.000000000000e+00,0.000000000000e+00,0.000000000000e+00,0.000000000000e+00,0.000000000000e+00,0.000000000000e+00,0.000000000000e+00,0.000000000000e+00,0.000000000000e+00,0.000000000000e+00,0.000000000000e+00,0.000000000000e+00,0.000000000000e+00,0.000000000000e+00,0.000000000000e+00
435.100000,0.000000000000e+00,0.000000000000e+00,0.000000000000e+00,0.000000000000e+00,0.000000000000e+00,0.000000000000e+00,0.000000000000e+00,0.000000000000e+00,0.000000000000e+00,0.000000000000e+00,0.000000000000e+00,0.000000000000e+00,0.000000000000e+00,0.000000000000e+00,0.000000000000e+00,0.000000000000e+00,0.000000000000e+00,0.000000000000e+00,0.000000000000e+00,0.000000000000e+00,0.000000000000e+00,0.000000000000e+00,0.000000000000e+00,0.000000000000e+00,0.000000000000e+00
435.600000,0.000000000000e+00,0.000000000000e+00,0.000000000000e+00,0.000000000000e+00,0.000000000000e+00,0.000000000000e+00,0.000000000000e+00,0.000000000000e+00,0.000000000000e+00,0.000000000000e+00,0.000000000000e+00,0.000000000000e+00,0.000000000000e+00,0.000000000000e+00,0.000000000000e+00,0.000000000000e+00,0.000000000000e+00,0.000000000000e+00,0.000000000000e+00,0.000000000000e+00,0.000000000000e+00,0.000000000000e+00,0.000000000000e+00,0.000000000000e+00,0.000000000000e+00
436.100000,0.000000000000e+00,0.000000000000e+00,0.000000000000e+00,0.000000000000e+00,0.000000000000e+00,0.000000000000e+00,0.000000000000e+00,0.000000000000e+00,0.000000000000e+00,0.000000000000e+00,0.000000000000e+00,0.000000000000e+00,0.000000000000e+00,0.000000000000e+00,0.000000000000e+00,0.000000000000e+00,0.000000000000e+00,0.000000000000e+00,0.000000000000e+00,0.000000000000e+00,0.000000000000e+00,0.000000000000e+00,0.000000000000e+00,0.000000000000e+00,0.000000000000e+00
436.600000,0.000000000000e+00,0.000000000000e+00,0.000000000000e+00,0.000000000000e+00,0.000000000000e+00,0.000000000000e+00,0.000000000000e+00,0.000000000000e+00,0.000000000000e+00,0.000000000000e+00,0.000000000000e+00,0.000000000000e+00,0.000000000000e+00,0.000000000000e+00,0.000000000000e+00,0.000000000000e+00,0.000000000000e+00,0.000000000000e+00,0.000000000000e+00,0.000000000000e+00,0.000000000000e+00,0.000000000000e+00,0.000000000000e+00,0.000000000000e+00,0.000000000000e+00
437.100000,0.000000000000e+00,0.000000000000e+00,0.000000000000e+00,0.000000000000e+00,0.000000000000e+00,0.000000000000e+00,0.000000000000e+00,0.000000000000e+00,0.000000000000e+00,0.000000000000e+00,0.000000000000e+00,0.000000000000e+00,0.000000000000e+00,0.000000000000e+00,0.000000000000e+00,0.000000000000e+00,0.000000000000e+00,0.000000000000e+00,0.000000000000e+00,0.000000000000e+00,0.000000000000e+00,0.000000000000e+00,0.000000000000e+00,0.000000000000e+00,0.000000000000e+00
437.600000,0.000000000000e+00,0.000000000000e+00,0.000000000000e+00,0.000000000000e+00,0.000000000000e+00,0.000000000000e+00,0.000000000000e+00,0.000000000000e+00,0.000000000000e+00,0.000000000000e+00,0.000000000000e+00,0.000000000000e+00,0.000000000000e+00,0.000000000000e+00,0.000000000000e+00,0.000000000000e+00,0.000000000000e+00,0.000000000000e+00,0.000000000000e+00,0.000000000000e+00,0.000000000000e+00,0.000000000000e+00,0.000000000000e+00,0.000000000000e+00,0.000000000000e+00
438.100000,0.000000000000e+00,0.000000000000e+00,0.000000000000e+00,0.000000000000e+00,0.000000000000e+00,0.000000000000e+00,0.000000000000e+00,0.000000000000e+00,0.000000000000e+00,0.000000000000e+00,0.000000000000e+00,0.000000000000e+00,0.000000000000e+00,0.000000000000e+00,0.000000000000e+00,0.000000000000e+00,0.000000000000e+00,0.000000000000e+00,0.000000000000e+00,0.000000000000e+00,0.000000000000e+00,0.000000000000e+00,0.000000000000e+00,0.000000000000e+00,0.000000000000e+00
438.600000,0.000000000000e+00,0.000000000000e+00,0.000000000000e+00,0.000000000000e+00,0.000000000000e+00,0.000000000000e+00,0.000000000000e+00,0.000000000000e+00,0.000000000000e+00,0.000000000000e+00,0.000000000000e+00,0.000000000000e+00,0.000000000000e+00,0.000000000000e+00,0.000000000000e+00,0.000000000000e+00,0.000000000000e+00,0.000000000000e+00,0.000000000000e+00,0.000000000000e+00,0.000000000000e+00,0.000000000000e+00,0.000000000000e+00,0.000000000000e+00,0.000000000000e+00
439.100000,0.000000000000e+00,0.000000000000e+00,0.000000000000e+00,0.000000000000e+00,0.000000000000e+00,0.000000000000e+00,0.000000000000e+00,0.000000000000e+00,0.000000000000e+00,0.000000000000e+00,0.000000000000e+00,0.000000000000e+00,0.000000000000e+00,0.000000000000e+00,0.000000000000e+00,0.000000000000e+00,0.000000000000e+00,0.000000000000e+00,0.000000000000e+00,0.000000000000e+00,0.000000000000e+00,0.000000000000e+00,0.000000000000e+00,0.000000000000e+00,0.000000000000e+00
439.600000,0.000000000000e+00,0.000000000000e+00,0.000000000000e+00,0.000000000000e+00,0.000000000000e+00,0.000000000000e+00,0.000000000000e+00,0.000000000000e+00,0.000000000000e+00,0.000000000000e+00,0.000000000000e+00,0.000000000000e+00,0.000000000000e+00,0.000000000000e+00,0.000000000000e+00,0.000000000000e+00,0.000000000000e+00,0.000000000000e+00,0.000000000000e+00,0.000000000000e+00,0.000000000000e+00,0.000000000000e+00,0.000000000000e+00,0.000000000000e+00,0.000000000000e+00
440.100000,0.000000000000e+00,0.000000000000e+00,0.000000000000e+00,0.000000000000e+00,0.000000000000e+00,0.000000000000e+00,0.000000000000e+00,0.000000000000e+00,0.000000000000e+00,0.000000000000e+00,0.000000000000e+00,0.000000000000e+00,0.000000000000e+00,0.000000000000e+00,0.000000000000e+00,0.000000000000e+00,0.000000000000e+00,0.000000000000e+00,0.000000000000e+00,0.000000000000e+00,0.000000000000e+00,0.000000000000e+00,0.000000000000e+00,0.000000000000e+00,0.000000000000e+00
440.600000,0.000000000000e+00,0.000000000000e+00,0.000000000000e+00,0.000000000000e+00,0.000000000000e+00,0.000000000000e+00,0.000000000000e+00,0.000000000000e+00,0.000000000000e+00,0.000000000000e+00,0.000000000000e+00,0.000000000000e+00,0.000000000000e+00,0.000000000000e+00,0.000000000000e+00,0.000000000000e+00,0.000000000000e+00,0.000000000000e+00,0.000000000000e+00,0.000000000000e+00,0.000000000000e+00,0.000000000000e+00,0.000000000000e+00,0.000000000000e+00,0.000000000000e+00
441.100000,0.000000000000e+00,0.000000000000e+00,0.000000000000e+00,0.000000000000e+00,0.000000000000e+00,0.000000000000e+00,0.000000000000e+00,0.000000000000e+00,0.000000000000e+00,0.000000000000e+00,0.000000000000e+00,0.000000000000e+00,0.000000000000e+00,0.000000000000e+00,0.000000000000e+00,0.000000000000e+00,0.000000000000e+00,0.000000000000e+00,0.000000000000e+00,0.000000000000e+00,0.000000000000e+00,0.000000000000e+00,0.000000000000e+00,0.000000000000e+00,0.000000000000e+00
441.600000,0.000000000000e+00,0.000000000000e+00,0.000000000000e+00,0.000000000000e+00,0.000000000000e+00,0.000000000000e+00,0.000000000000e+00,0.000000000000e+00,0.000000000000e+00,0.000000000000e+00,0.000000000000e+00,0.000000000000e+00,0.000000000000e+00,0.000000000000e+00,0.000000000000e+00,0.000000000000e+00,0.000000000000e+00,0.000000000000e+00,0.000000000000e+00,0.000000000000e+00,0.000000000000e+00,0.000000000000e+00,0.000000000000e+00,0.000000000000e+00,0.000000000000e+00
442.100000,0.000000000000e+00,0.000000000000e+00,0.000000000000e+00,0.000000000000e+00,0.000000000000e+00,0.000000000000e+00,0.000000000000e+00,0.000000000000e+00,0.000000000000e+00,0.000000000000e+00,0.000000000000e+00,0.000000000000e+00,0.000000000000e+00,0.000000000000e+00,0.000000000000e+00,0.000000000000e+00,0.000000000000e+00,0.000000000000e+00,0.000000000000e+00,0.000000000000e+00,0.000000000000e+00,0.000000000000e+00,0.000000000000e+00,0.000000000000e+00,0.000000000000e+00
442.600000,0.000000000000e+00,0.000000000000e+00,0.000000000000e+00,0.000000000000e+00,0.000000000000e+00,0.000000000000e+00,0.000000000000e+00,0.000000000000e+00,0.000000000000e+00,0.000000000000e+00,0.000000000000e+00,0.000000000000e+00,0.000000000000e+00,0.000000000000e+00,0.000000000000e+00,0.000000000000e+00,0.000000000000e+00,0.000000000000e+00,0.000000000000e+00,0.000000000000e+00,0.000000000000e+00,0.000000000000e+00,0.000000000000e+00,0.000000000000e+00,0.000000000000e+00
443.100000,0.000000000000e+00,0.000000000000e+00,0.000000000000e+00,0.000000000000e+00,0.000000000000e+00,0.000000000000e+00,0.000000000000e+00,0.000000000000e+00,0.000000000000e+00,0.000000000000e+00,0.000000000000e+00,0.000000000000e+00,0.000000000000e+00,0.000000000000e+00,0.000000000000e+00,0.000000000000e+00,0.000000000000e+00,0.000000000000e+00,0.000000000000e+00,0.000000000000e+00,0.000000000000e+00,0.000000000000e+00,0.000000000000e+00,0.000000000000e+00,0.000000000000e+00
443.600000,0.000000000000e+00,0.000000000000e+00,0.000000000000e+00,0.000000000000e+00,0.000000000000e+00,0.000000000000e+00,0.000000000000e+00,0.000000000000e+00,0.000000000000e+00,0.000000000000e+00,0.000000000000e+00,0.000000000000e+00,0.000000000000e+00,0.000000000000e+00,0.000000000000e+00,0.000000000000e+00,0.000000000000e+00,0.000000000000e+00,0.000000000000e+00,0.000000000000e+00,0.000000000000e+00,0.000000000000e+00,0.000000000000e+00,0.000000000000e+00,0.000000000000e+00
444.100000,0.000000000000e+00,0.000000000000e+00,0.000000000000e+00,0.000000000000e+00,0.000000000000e+00,0.000000000000e+00,0.000000000000e+00,0.000000000000e+00,0.000000000000e+00,0.000000000000e+00,0.000000000000e+00,0.000000000000e+00,0.000000000000e+00,0.000000000000e+00,0.000000000000e+00,0.000000000000e+00,0.000000000000e+00,0.000000000000e+00,0.000000000000e+00,0.000000000000e+00,0.000000000000e+00,0.000000000000e+00,0.000000000000e+00,0.000000000000e+00,0.000000000000e+00
444.600000,0.000000000000e+00,0.000000000000e+00,0.000000000000e+00,0.000000000000e+00,0.000000000000e+00,0.000000000000e+00,0.000000000000e+00,0.000000000000e+00,0.000000000000e+00,0.000000000000e+00,0.000000000000e+00,0.000000000000e+00,0.000000000000e+00,0.000000000000e+00,0.000000000000e+00,0.000000000000e+00,0.000000000000e+00,0.000000000000e+00,0.000000000000e+00,0.000000000000e+00,0.000000000000e+00,0.000000000000e+00,0.000000000000e+00,0.000000000000e+00,0.000000000000e+00
445.100000,0.000000000000e+00,0.000000000000e+00,0.000000000000e+00,0.000000000000e+00,0.000000000000e+00,0.000000000000e+00,0.000000000000e+00,0.000000000000e+00,0.000000000000e+00,0.000000000000e+00,0.000000000000e+00,0.000000000000e+00,0.000000000000e+00,0.000000000000e+00,0.000000000000e+00,0.000000000000e+00,0.000000000000e+00,0.000000000000e+00,0.000000000000e+00,0.000000000000e+00,0.000000000000e+00,0.000000000000e+00,0.000000000000e+00,0.000000000000e+00,0.000000000000e+00
445.600000,0.000000000000e+00,0.000000000000e+00,0.000000000000e+00,0.000000000000e+00,0.000000000000e+00,0.000000000000e+00,0.000000000000e+00,0.000000000000e+00,0.000000000000e+00,0.000000000000e+00,0.000000000000e+00,0.000000000000e+00,0.000000000000e+00,0.000000000000e+00,0.000000000000e+00,0.000000000000e+00,0.000000000000e+00,0.000000000000e+00,0.000000000000e+00,0.000000000000e+00,0.000000000000e+00,0.000000000000e+00,0.000000000000e+00,0.000000000000e+00,0.000000000000e+00
446.100000,0.000000000000e+00,0.000000000000e+00,0.000000000000e+00,0.000000000000e+00,0.000000000000e+00,0.000000000000e+00,0.000000000000e+00,0.000000000000e+00,0.000000000000e+00,0.000000000000e+00,0.000000000000e+00,0.000000000000e+00,0.000000000000e+00,0.000000000000e+00,0.000000000000e+00,0.000000000000e+00,0.000000000000e+00,0.000000000000e+00,0.000000000000e+00,0.000000000000e+00,0.000000000000e+00,0.000000000000e+00,0.000000000000e+00,0.000000000000e+00,0.000000000000e+00
446.600000,0.000000000000e+00,0.000000000000e+00,0.000000000000e+00,0.000000000000e+00,0.000000000000e+00,0.000000000000e+00,0.000000000000e+00,0.000000000000e+00,0.000000000000e+00,0.000000000000e+00,0.000000000000e+00,0.000000000000e+00,0.000000000000e+00,0.000000000000e+00,0.000000000000e+00,0.000000000000e+00,0.000000000000e+00,0.000000000000e+00,0.000000000000e+00,0.000000000000e+00,0.000000000000e+00,0.000000000000e+00,0.000000000000e+00,0.000000000000e+00,0.000000000000e+00
447.100000,0.000000000000e+00,0.000000000000e+00,0.000000000000e+00,0.000000000000e+00,0.000000000000e+00,0.000000000000e+00,0.000000000000e+00,0.000000000000e+00,0.000000000000e+00,0.000000000000e+00,0.000000000000e+00,0.000000000000e+00,0.000000000000e+00,0.000000000000e+00,0.000000000000e+00,0.000000000000e+00,0.000000000000e+00,0.000000000000e+00,0.000000000000e+00,0.000000000000e+00,0.000000000000e+00,0.000000000000e+00,0.000000000000e+00,0.000000000000e+00,0.000000000000e+00
447.600000,0.000000000000e+00,0.000000000000e+00,0.000000000000e+00,0.000000000000e+00,0.000000000000e+00,0.000000000000e+00,0.000000000000e+00,0.000000000000e+00,0.000000000000e+00,0.000000000000e+00,0.000000000000e+00,0.000000000000e+00,0.000000000000e+00,0.000000000000e+00,0.000000000000e+00,0.000000000000e+00,0.000000000000e+00,0.000000000000e+00,0.000000000000e+00,0.000000000000e+00,0.000000000000e+00,0.000000000000e+00,0.000000000000e+00,0.000000000000e+00,0.000000000000e+00
448.100000,0.000000000000e+00,0.000000000000e+00,0.000000000000e+00,0.000000000000e+00,0.000000000000e+00,0.000000000000e+00,0.000000000000e+00,0.000000000000e+00,0.000000000000e+00,0.000000000000e+00,0.000000000000e+00,0.000000000000e+00,0.000000000000e+00,0.000000000000e+00,0.000000000000e+00,0.000000000000e+00,0.000000000000e+00,0.000000000000e+00,0.000000000000e+00,0.000000000000e+00,0.000000000000e+00,0.000000000000e+00,0.000000000000e+00,0.000000000000e+00,0.000000000000e+00
448.600000,0.000000000000e+00,0.000000000000e+00,0.000000000000e+00,0.000000000000e+00,0.000000000000e+00,0.000000000000e+00,0.000000000000e+00,0.000000000000e+00,0.000000000000e+00,0.000000000000e+00,0.000000000000e+00,0.000000000000e+00,0.000000000000e+00,0.000000000000e+00,0.000000000000e+00,0.000000000000e+00,0.000000000000e+00,0.000000000000e+00,0.000000000000e+00,0.000000000000e+00,0.000000000000e+00,0.000000000000e+00,0.000000000000e+00,0.000000000000e+00,0.000000000000e+00
449.100000,0.000000000000e+00,0.000000000000e+00,0.000000000000e+00,0.000000000000e+00,0.000000000000e+00,0.000000000000e+00,0.000000000000e+00,0.000000000000e+00,0.000000000000e+00,0.000000000000e+00,0.000000000000e+00,0.000000000000e+00,0.000000000000e+00,0.000000000000e+00,0.000000000000e+00,0.000000000000e+00,0.000000000000e+00,0.000000000000e+00,0.000000000000e+00,0.000000000000e+00,0.000000000000e+00,0.000000000000e+00,0.000000000000e+00,0.000000000000e+00,0.000000000000e+00
449.600000,0.000000000000e+00,0.000000000000e+00,0.000000000000e+00,0.000000000000e+00,0.000000000000e+00,0.000000000000e+00,0.000000000000e+00,0.000000000000e+00,0.000000000000e+00,0.000000000000e+00,0.000000000000e+00,0.000000000000e+00,0.000000000000e+00,0.000000000000e+00,0.000000000000e+00,0.000000000000e+00,0.000000000000e+00,0.000000000000e+00,0.000000000000e+00,0.000000000000e+00,0.000000000000e+00,0.000000000000e+00,0.000000000000e+00,0.000000000000e+00,0.000000000000e+00
450.100000,0.000000000000e+00,0.000000000000e+00,0.000000000000e+00,0.000000000000e+00,0.000000000000e+00,0.000000000000e+00,0.000000000000e+00,0.000000000000e+00,0.000000000000e+00,0.000000000000e+00,0.000000000000e+00,0.000000000000e+00,0.000000000000e+00,0.000000000000e+00,0.000000000000e+00,0.000000000000e+00,0.000000000000e+00,0.000000000000e+00,0.000000000000e+00,0.000000000000e+00,0.000000000000e+00,0.000000000000e+00,0.000000000000e+00,0.000000000000e+00,0.000000000000e+00
450.600000,0.000000000000e+00,0.000000000000e+00,0.000000000000e+00,0.000000000000e+00,0.000000000000e+00,0.000000000000e+00,0.000000000000e+00,0.000000000000e+00,0.000000000000e+00,0.000000000000e+00,0.000000000000e+00,0.000000000000e+00,0.000000000000e+00,0.000000000000e+00,0.000000000000e+00,0.000000000000e+00,0.000000000000e+00,0.000000000000e+00,0.000000000000e+00,0.000000000000e+00,0.000000000000e+00,0.000000000000e+00,0.000000000000e+00,0.000000000000e+00,0.000000000000e+00
451.100000,0.000000000000e+00,0.000000000000e+00,0.000000000000e+00,0.000000000000e+00,0.000000000000e+00,0.000000000000e+00,0.000000000000e+00,0.000000000000e+00,0.000000000000e+00,0.000000000000e+00,0.000000000000e+00,0.000000000000e+00,0.000000000000e+00,0.000000000000e+00,0.000000000000e+00,0.000000000000e+00,0.000000000000e+00,0.000000000000e+00,0.000000000000e+00,0.000000000000e+00,0.000000000000e+00,0.000000000000e+00,0.000000000000e+00,0.000000000000e+00,0.000000000000e+00
451.600000,0.000000000000e+00,0.000000000000e+00,0.000000000000e+00,0.000000000000e+00,0.000000000000e+00,0.000000000000e+00,0.000000000000e+00,0.000000000000e+00,0.000000000000e+00,0.000000000000e+00,0.000000000000e+00,0.000000000000e+00,0.000000000000e+00,0.000000000000e+00,0.000000000000e+00,0.000000000000e+00,0.000000000000e+00,0.000000000000e+00,0.000000000000e+00,0.000000000000e+00,0.000000000000e+00,0.000000000000e+00,0.000000000000e+00,0.000000000000e+00,0.000000000000e+00
452.100000,0.000000000000e+00,0.000000000000e+00,0.000000000000e+00,0.000000000000e+00,0.000000000000e+00,0.000000000000e+00,0.000000000000e+00,0.000000000000e+00,0.000000000000e+00,0.000000000000e+00,0.000000000000e+00,0.000000000000e+00,0.000000000000e+00,0.000000000000e+00,0.000000000000e+00,0.000000000000e+00,0.000000000000e+00,0.000000000000e+00,0.000000000000e+00,0.000000000000e+00,0.000000000000e+00,0.000000000000e+00,0.000000000000e+00,0.000000000000e+00,0.000000000000e+00
452.600000,0.000000000000e+00,0.000000000000e+00,0.000000000000e+00,0.000000000000e+00,0.000000000000e+00,0.000000000000e+00,0.000000000000e+00,0.000000000000e+00,0.000000000000e+00,0.000000000000e+00,0.000000000000e+00,0.000000000000e+00,0.000000000000e+00,0.000000000000e+00,0.000000000000e+00,0.000000000000e+00,0.000000000000e+00,0.000000000000e+00,0.000000000000e+00,0.000000000000e+00,0.000000000000e+00,0.000000000000e+00,0.000000000000e+00,0.000000000000e+00,0.000000000000e+00
453.100000,0.000000000000e+00,0.000000000000e+00,0.000000000000e+00,0.000000000000e+00,0.000000000000e+00,0.000000000000e+00,0.000000000000e+00,0.000000000000e+00,0.000000000000e+00,0.000000000000e+00,0.000000000000e+00,0.000000000000e+00,0.000000000000e+00,0.000000000000e+00,0.000000000000e+00,0.000000000000e+00,0.000000000000e+00,0.000000000000e+00,0.000000000000e+00,0.000000000000e+00,0.000000000000e+00,0.000000000000e+00,0.000000000000e+00,0.000000000000e+00,0.000000000000e+00
453.600000,0.000000000000e+00,0.000000000000e+00,0.000000000000e+00,0.000000000000e+00,0.000000000000e+00,0.000000000000e+00,0.000000000000e+00,0.000000000000e+00,0.000000000000e+00,0.000000000000e+00,0.000000000000e+00,0.000000000000e+00,0.000000000000e+00,0.000000000000e+00,0.000000000000e+00,0.000000000000e+00,0.000000000000e+00,0.000000000000e+00,0.000000000000e+00,0.000000000000e+00,0.000000000000e+00,0.000000000000e+00,0.000000000000e+00,0.000000000000e+00,0.000000000000e+00
454.100000,0.000000000000e+00,0.000000000000e+00,0.000000000000e+00,0.000000000000e+00,0.000000000000e+00,0.000000000000e+00,0.000000000000e+00,0.000000000000e+00,0.000000000000e+00,0.000000000000e+00,0.000000000000e+00,0.000000000000e+00,0.000000000000e+00,0.000000000000e+00,0.000000000000e+00,0.000000000000e+00,0.000000000000e+00,0.000000000000e+00,0.000000000000e+00,0.000000000000e+00,0.000000000000e+00,0.000000000000e+00,0.000000000000e+00,0.000000000000e+00,0.000000000000e+00
454.600000,0.000000000000e+00,0.000000000000e+00,0.000000000000e+00,0.000000000000e+00,0.000000000000e+00,0.000000000000e+00,0.000000000000e+00,0.000000000000e+00,0.000000000000e+00,0.000000000000e+00,0.000000000000e+00,0.000000000000e+00,0.000000000000e+00,0.000000000000e+00,0.000000000000e+00,0.000000000000e+00,0.000000000000e+00,0.000000000000e+00,0.000000000000e+00,0.000000000000e+00,0.000000000000e+00,0.000000000000e+00,0.000000000000e+00,0.000000000000e+00,0.000000000000e+00
455.100000,0.000000000000e+00,0.000000000000e+00,0.000000000000e+00,0.000000000000e+00,0.000000000000e+00,0.000000000000e+00,0.000000000000e+00,0.000000000000e+00,0.000000000000e+00,0.000000000000e+00,0.000000000000e+00,0.000000000000e+00,0.000000000000e+00,0.000000000000e+00,0.000000000000e+00,0.000000000000e+00,0.000000000000e+00,0.000000000000e+00,0.000000000000e+00,0.000000000000e+00,0.000000000000e+00,0.000000000000e+00,0.000000000000e+00,0.000000000000e+00,0.000000000000e+00
455.600000,0.000000000000e+00,0.000000000000e+00,0.000000000000e+00,0.000000000000e+00,0.000000000000e+00,0.000000000000e+00,0.000000000000e+00,0.000000000000e+00,0.000000000000e+00,0.000000000000e+00,0.000000000000e+00,0.000000000000e+00,0.000000000000e+00,0.000000000000e+00,0.000000000000e+00,0.000000000000e+00,0.000000000000e+00,0.000000000000e+00,0.000000000000e+00,0.000000000000e+00,0.000000000000e+00,0.000000000000e+00,0.000000000000e+00,0.000000000000e+00,0.000000000000e+00
456.100000,0.000000000000e+00,0.000000000000e+00,0.000000000000e+00,0.000000000000e+00,0.000000000000e+00,0.000000000000e+00,0.000000000000e+00,0.000000000000e+00,0.000000000000e+00,0.000000000000e+00,0.000000000000e+00,0.000000000000e+00,0.000000000000e+00,0.000000000000e+00,0.000000000000e+00,0.000000000000e+00,0.000000000000e+00,0.000000000000e+00,0.000000000000e+00,0.000000000000e+00,0.000000000000e+00,0.000000000000e+00,0.000000000000e+00,0.000000000000e+00,0.000000000000e+00
456.600000,0.000000000000e+00,0.000000000000e+00,0.000000000000e+00,0.000000000000e+00,0.000000000000e+00,0.000000000000e+00,0.000000000000e+00,0.000000000000e+00,0.000000000000e+00,0.000000000000e+00,0.000000000000e+00,0.000000000000e+00,0.000000000000e+00,0.000000000000e+00,0.000000000000e+00,0.000000000000e+00,0.000000000000e+00,0.000000000000e+00,0.000000000000e+00,0.000000000000e+00,0.000000000000e+00,0.000000000000e+00,0.000000000000e+00,0.000000000000e+00,0.000000000000e+00
457.100000,0.000000000000e+00,0.000000000000e+00,0.000000000000e+00,0.000000000000e+00,0.000000000000e+00,0.000000000000e+00,0.000000000000e+00,0.000000000000e+00,0.000000000000e+00,0.000000000000e+00,0.000000000000e+00,0.000000000000e+00,0.000000000000e+00,0.000000000000e+00,0.000000000000e+00,0.000000000000e+00,0.000000000000e+00,0.000000000000e+00,0.000000000000e+00,0.000000000000e+00,0.000000000000e+00,0.000000000000e+00,0.000000000000e+00,0.000000000000e+00,0.000000000000e+00
457.600000,0.000000000000e+00,0.000000000000e+00,0.000000000000e+00,0.000000000000e+00,0.000000000000e+00,0.000000000000e+00,0.000000000000e+00,0.000000000000e+00,0.000000000000e+00,0.000000000000e+00,0.000000000000e+00,0.000000000000e+00,0.000000000000e+00,0.000000000000e+00,0.000000000000e+00,0.000000000000e+00,0.000000000000e+00,0.000000000000e+00,0.000000000000e+00,0.000000000000e+00,0.000000000000e+00,0.000000000000e+00,0.000000000000e+00,0.000000000000e+00,0.000000000000e+00
458.100000,0.000000000000e+00,0.000000000000e+00,0.000000000000e+00,0.000000000000e+00,0.000000000000e+00,0.000000000000e+00,0.000000000000e+00,0.000000000000e+00,0.000000000000e+00,0.000000000000e+00,0.000000000000e+00,0.000000000000e+00,0.000000000000e+00,0.000000000000e+00,0.000000000000e+00,0.000000000000e+00,0.000000000000e+00,0.000000000000e+00,0.000000000000e+00,0.000000000000e+00,0.000000000000e+00,0.000000000000e+00,0.000000000000e+00,0.000000000000e+00,0.000000000000e+00
458.600000,0.000000000000e+00,0.000000000000e+00,0.000000000000e+00,0.000000000000e+00,0.000000000000e+00,0.000000000000e+00,0.000000000000e+00,0.000000000000e+00,0.000000000000e+00,0.000000000000e+00,0.000000000000e+00,0.000000000000e+00,0.000000000000e+00,0.000000000000e+00,0.000000000000e+00,0.000000000000e+00,0.000000000000e+00,0.000000000000e+00,0.000000000000e+00,0.000000000000e+00,0.000000000000e+00,0.000000000000e+00,0.000000000000e+00,0.000000000000e+00,0.000000000000e+00
459.100000,0.000000000000e+00,0.000000000000e+00,0.000000000000e+00,0.000000000000e+00,0.000000000000e+00,0.000000000000e+00,0.000000000000e+00,0.000000000000e+00,0.000000000000e+00,0.000000000000e+00,0.000000000000e+00,0.000000000000e+00,0.000000000000e+00,0.000000000000e+00,0.000000000000e+00,0.000000000000e+00,0.000000000000e+00,0.000000000000e+00,0.000000000000e+00,0.000000000000e+00,0.000000000000e+00,0.000000000000e+00,0.000000000000e+00,0.000000000000e+00,0.000000000000e+00
459.600000,0.000000000000e+00,0.000000000000e+00,0.000000000000e+00,0.000000000000e+00,0.000000000000e+00,0.000000000000e+00,0.000000000000e+00,0.000000000000e+00,0.000000000000e+00,0.000000000000e+00,0.000000000000e+00,0.000000000000e+00,0.000000000000e+00,0.000000000000e+00,0.000000000000e+00,0.000000000000e+00,0.000000000000e+00,0.000000000000e+00,0.000000000000e+00,0.000000000000e+00,0.000000000000e+00,0.000000000000e+00,0.000000000000e+00,0.000000000000e+00,0.000000000000e+00
460.100000,0.000000000000e+00,0.000000000000e+00,0.000000000000e+00,0.000000000000e+00,0.000000000000e+00,0.000000000000e+00,0.000000000000e+00,0.000000000000e+00,0.000000000000e+00,0.000000000000e+00,0.000000000000e+00,0.000000000000e+00,0.000000000000e+00,0.000000000000e+00,0.000000000000e+00,0.000000000000e+00,0.000000000000e+00,0.000000000000e+00,0.000000000000e+00,0.000000000000e+00,0.000000000000e+00,0.000000000000e+00,0.000000000000e+00,0.000000000000e+00,0.000000000000e+00
