[integrity-checks] DISABLED: file SHA256 content checks and provenance hashing are skipped
[plan-shard] 1/1 config="/tmp/opencode/full_active_C.yaml"
Primary ion: Z=6 A=12; rest mass=11177.9 MeV (A * nucleon mass)
SYCL device: NVIDIA GeForce RTX 2080 Ti | NVIDIA Corporation | backend cuda | driver CUDA 12.6 | fp64=yes atomic64=yes
Random seed: 202609250
TPS source: /mnt/sdb/wuwei/MAIGO_pristine/benchmark/carbonminibeam/spots_single_center_e250_10m.csv
  spots: 1/1 active; total histories: 10000000; total MU: 1e+07
  beam/couch/collimator angle: 180/0/0 deg; SAD: 450 mm; patient: HFS; coordinates: iec61217; weight: histories
  PBS virtual magnets: X=6228.28 mm Y=7007.64 mm; source plane D=450 mm
  batched SYCL launch: 1 TPS spots, 10000000 histories
[schneider-bundle] v2.1 bundle verified: 14 projectiles, 182+13 domains, 5 file hashes disabled
[em-performance] material_cache=1 step_cache=1 local_audit=0 exact_index=1
[physics-cache] unified_em=miss nodes=25872175
[delta-moments] condensed_partition_v1; aggregate Gamma; no delta clock; nodes=25872175 SHA256=c551bc52fa30ff7e3ea229c8b89792e8ecd2b0fb12f18fcad50d1c6f206bc7cc
[unified-em] all 18 charged ions; water + Schneider density nodes; native particle step parameters plus 1% combined mean-loss guard; local aggregate delta deposition; density cut-onset/patient accuracy validation pending
[stopping-config] primary_midpoint=0 secondary_exact_faces=1 secondary_ion_section_file="" sha256=
[minibeam-copper] loss-range nodes=4001 max-inverse-residual-MeV=4.49265
[minibeam-copper] stopping=4001 inelastic-rate=400 elastic-events=61097 INCLXX-events/products=659109/8821661
[minibeam-water] urban loss-range nodes=4001 zeff=3.3334 radlen_mm=360.829
[physics-cache] schneider hits=0 misses=4
Unified water active ion stopping table: "data/ion_stopping_power_water_geant4_11_3_2.csv" SHA256=disabled
[history-chunk-size] backend default=34816
[ion-mcs] model=fermi_eyges species=all_charged parameters=species_water unselected_species=highland max_segment_mm=0.1
[minibeam-water-secondary-c12-mcs] model=urban_v2 scope=C12-only other_species=legacy_highland max_step_mm=0.05
[progress] primary batches completed: 10000000/10000000 histories (288 launches)
[minibeam-copper-cascade] generation_limit=3 initial/final-queued=6752255/7234537
[secondary-schedule] group=0; particle state and RNG identities preserved
[progress] secondary batch completed: [0, 5801645) particles; queued=9820380
[progress] secondary batch completed: [5801645, 9820380) particles; queued=10305335
[progress] secondary batch completed: [9820380, 10305335) particles; queued=10305335
[secondary-schedule] grouping_seconds=0
[minibeam-water] urban segments total=2315309076
[minibeam-water] urban subdiv cap trips=0
[minibeam-water] urban fatal proposals=0
[minibeam-water] urban numeric-guard trips=0 subulp-drops=0
URBAN_RUN_QUALITY {"fatal":0,"cap":0,"guard":0,"subulp":0,"first_failure_claim":0,"first_failure_history":0,"first_failure_outer_step":0,"first_failure_segment":0,"first_failure_reason":0}
[minibeam-water] delta response steps=0 input_MeV=0 residual_MeV=0 relocated_MeV=0 escaped_MeV=0 invalid=0 delta_sum_MeV=0 loss_sum_MeV=0
[minibeam-water] delta ROI rows birth->dep: 0/0/0 | 0/0/0 | 0/0/0
[unified-em-audit] 0 489818653 0 0 0 2119032201183114 180380270799262 0
[minibeam-water-secondary-c12-urban-steps] steps=0
Run mode: research
Quality status: non_production
Quality report: "out/full_active_C/quality_report.json"
Backend: sycl-cuda+straggling+espread+spot-batch+tps-source+minibeam-copper+multiple-scattering+fp32-dose+voxel-scoring+scorer-decoupled
Histories: 10000000
Initial energy: 0 MeV/u = 0 MeV per primary ion
Steps: 489306823
Elapsed: 235.55878 s
Throughput: 42452.248 histories/s
Kernel time: primary=166.63793 s secondary=58.596328 s neutral=0 s charged-after-neutral=0 s
Energy balance error: 1.7049112e-05
Nuclear interactions: 511867
Secondary elastic interactions: 0
Primary elastic interactions: 0 (local=0 MeV, queued charged=0 MeV, queued neutral=0 MeV, overflow=0, overflow energy=0 MeV)
Minibeam incident/direct/Copper-touched/Copper-nuclear/water-primary: 10000000/747286/9252714/2334898/1221747
Minibeam beamline removed energy: 2.6220522e+10 MeV
Minibeam Copper products generated/charged-survivor/neutral-survivor: 44617406/2258368/0
Minibeam Copper survivor charged/neutral energy: 0/0 MeV
Minibeam fragment-Cu cascade reactions/hits/misses/charged-products/queue-overflow: 1998555/1986176/12379/7311437/0
Minibeam fragment-Cu lookup misses projectile/target/below/above/gap/empty: 4745/0/7619/15/0/0
Minibeam fragment-Cu lookup misses by C/B/Be/Li/He/p/d/t/other: 255/101/2561/664/4099/1661/2345/679/14
Minibeam fragment-Cu generations interactions/hits/misses: g1=1825397/1814163/11234 g2=167324/166221/1103 g3=5834/5792/42
Minibeam fragment-Cu lookup misses by 25 MeV/u bin: 8005 524 562 656 697 610 564 409 251 70 16 0 0 0 0 15
[fragment-cu-miss-joint] generation=1 Z=1 A=1 reason=below energy_bin_MeVu=[0,5.000000) energy_overflow=0 count=1242 input_energy_MeV=3049.384 mean_collision_depth_mm=19.087665 mean_remaining_copper_path_along_current_direction_mm=46.494505
[fragment-cu-miss-joint] generation=1 Z=1 A=1 reason=above energy_bin_MeVu=[635,inf) energy_overflow=1 count=14 input_energy_MeV=10144.956 mean_collision_depth_mm=11.872929 mean_remaining_copper_path_along_current_direction_mm=43.056857
[fragment-cu-miss-joint] generation=1 Z=1 A=2 reason=below energy_bin_MeVu=[0,5.000000) energy_overflow=0 count=2047 input_energy_MeV=6014.643 mean_collision_depth_mm=17.410001 mean_remaining_copper_path_along_current_direction_mm=48.321894
[fragment-cu-miss-joint] generation=1 Z=1 A=3 reason=below energy_bin_MeVu=[0,5.000000) energy_overflow=0 count=599 input_energy_MeV=1870.418 mean_collision_depth_mm=15.781878 mean_remaining_copper_path_along_current_direction_mm=50.408856
[fragment-cu-miss-joint] generation=1 Z=2 A=3 reason=below energy_bin_MeVu=[0,5.000000) energy_overflow=0 count=685 input_energy_MeV=5803.312 mean_collision_depth_mm=20.820952 mean_remaining_copper_path_along_current_direction_mm=42.520416
[fragment-cu-miss-joint] generation=1 Z=2 A=3 reason=below energy_bin_MeVu=[5,10.000000) energy_overflow=0 count=239 input_energy_MeV=4002.021 mean_collision_depth_mm=19.638502 mean_remaining_copper_path_along_current_direction_mm=43.089184
[fragment-cu-miss-joint] generation=1 Z=2 A=4 reason=below energy_bin_MeVu=[0,5.000000) energy_overflow=0 count=1679 input_energy_MeV=15087.523 mean_collision_depth_mm=24.379569 mean_remaining_copper_path_along_current_direction_mm=38.316197
[fragment-cu-miss-joint] generation=1 Z=2 A=6 reason=projectile energy_bin_MeVu=[0,5.000000) energy_overflow=0 count=27 input_energy_MeV=447.811 mean_collision_depth_mm=14.220074 mean_remaining_copper_path_along_current_direction_mm=49.042444
[fragment-cu-miss-joint] generation=1 Z=2 A=6 reason=projectile energy_bin_MeVu=[5,10.000000) energy_overflow=0 count=32 input_energy_MeV=1340.328 mean_collision_depth_mm=13.301656 mean_remaining_copper_path_along_current_direction_mm=51.61725
[fragment-cu-miss-joint] generation=1 Z=2 A=6 reason=projectile energy_bin_MeVu=[10,15.000000) energy_overflow=0 count=30 input_energy_MeV=2278.866 mean_collision_depth_mm=19.9569 mean_remaining_copper_path_along_current_direction_mm=40.6704
[fragment-cu-miss-joint] generation=1 Z=2 A=6 reason=projectile energy_bin_MeVu=[15,20.000000) energy_overflow=0 count=24 input_energy_MeV=2577.825 mean_collision_depth_mm=24.383708 mean_remaining_copper_path_along_current_direction_mm=37.89075
[fragment-cu-miss-joint] generation=1 Z=2 A=6 reason=projectile energy_bin_MeVu=[20,25.000000) energy_overflow=0 count=39 input_energy_MeV=5180.061 mean_collision_depth_mm=28.458667 mean_remaining_copper_path_along_current_direction_mm=33.014436
[fragment-cu-miss-joint] generation=1 Z=2 A=6 reason=projectile energy_bin_MeVu=[25,30.000000) energy_overflow=0 count=29 input_energy_MeV=4730.39 mean_collision_depth_mm=28.466759 mean_remaining_copper_path_along_current_direction_mm=31.366759
[fragment-cu-miss-joint] generation=1 Z=2 A=6 reason=projectile energy_bin_MeVu=[30,35.000000) energy_overflow=0 count=41 input_energy_MeV=8033.268 mean_collision_depth_mm=27.029 mean_remaining_copper_path_along_current_direction_mm=32.131341
[fragment-cu-miss-joint] generation=1 Z=2 A=6 reason=projectile energy_bin_MeVu=[35,40.000000) energy_overflow=0 count=40 input_energy_MeV=8944.062 mean_collision_depth_mm=25.11015 mean_remaining_copper_path_along_current_direction_mm=34.841875
[fragment-cu-miss-joint] generation=1 Z=2 A=6 reason=projectile energy_bin_MeVu=[40,45.000000) energy_overflow=0 count=34 input_energy_MeV=8630.118 mean_collision_depth_mm=30.243618 mean_remaining_copper_path_along_current_direction_mm=28.605265
[fragment-cu-miss-joint] generation=1 Z=2 A=6 reason=projectile energy_bin_MeVu=[45,50.000000) energy_overflow=0 count=21 input_energy_MeV=5969.607 mean_collision_depth_mm=29.499619 mean_remaining_copper_path_along_current_direction_mm=28.461476
[fragment-cu-miss-joint] generation=1 Z=2 A=6 reason=projectile energy_bin_MeVu=[50,55.000000) energy_overflow=0 count=36 input_energy_MeV=11347.112 mean_collision_depth_mm=30.667444 mean_remaining_copper_path_along_current_direction_mm=27.192806
[fragment-cu-miss-joint] generation=1 Z=2 A=6 reason=projectile energy_bin_MeVu=[55,60.000000) energy_overflow=0 count=38 input_energy_MeV=13133.138 mean_collision_depth_mm=30.015868 mean_remaining_copper_path_along_current_direction_mm=27.152368
[fragment-cu-miss-joint] generation=1 Z=2 A=6 reason=projectile energy_bin_MeVu=[60,65.000000) energy_overflow=0 count=35 input_energy_MeV=13118.501 mean_collision_depth_mm=31.518143 mean_remaining_copper_path_along_current_direction_mm=26.184543
[fragment-cu-miss-joint] generation=1 Z=2 A=6 reason=projectile energy_bin_MeVu=[65,70.000000) energy_overflow=0 count=27 input_energy_MeV=10841.072 mean_collision_depth_mm=33.501111 mean_remaining_copper_path_along_current_direction_mm=24.77263
[fragment-cu-miss-joint] generation=1 Z=2 A=6 reason=projectile energy_bin_MeVu=[70,75.000000) energy_overflow=0 count=33 input_energy_MeV=14371.101 mean_collision_depth_mm=34.48403 mean_remaining_copper_path_along_current_direction_mm=23.525424
[fragment-cu-miss-joint] generation=1 Z=2 A=6 reason=projectile energy_bin_MeVu=[75,80.000000) energy_overflow=0 count=42 input_energy_MeV=19540.728 mean_collision_depth_mm=35.801095 mean_remaining_copper_path_along_current_direction_mm=20.459262
[fragment-cu-miss-joint] generation=1 Z=2 A=6 reason=projectile energy_bin_MeVu=[80,85.000000) energy_overflow=0 count=28 input_energy_MeV=13831.483 mean_collision_depth_mm=34.457786 mean_remaining_copper_path_along_current_direction_mm=21.673571
[fragment-cu-miss-joint] generation=1 Z=2 A=6 reason=projectile energy_bin_MeVu=[85,90.000000) energy_overflow=0 count=38 input_energy_MeV=20005.025 mean_collision_depth_mm=34.651053 mean_remaining_copper_path_along_current_direction_mm=23.276658
[fragment-cu-miss-joint] generation=1 Z=2 A=6 reason=projectile energy_bin_MeVu=[90,95.000000) energy_overflow=0 count=18 input_energy_MeV=9998.584 mean_collision_depth_mm=32.367333 mean_remaining_copper_path_along_current_direction_mm=25.052111
[fragment-cu-miss-joint] generation=1 Z=2 A=6 reason=projectile energy_bin_MeVu=[95,100.000000) energy_overflow=0 count=40 input_energy_MeV=23372.649 mean_collision_depth_mm=31.201475 mean_remaining_copper_path_along_current_direction_mm=24.49305
[fragment-cu-miss-joint] generation=1 Z=2 A=6 reason=projectile energy_bin_MeVu=[100,105.000000) energy_overflow=0 count=44 input_energy_MeV=27054.342 mean_collision_depth_mm=31.770045 mean_remaining_copper_path_along_current_direction_mm=24.028136
[fragment-cu-miss-joint] generation=1 Z=2 A=6 reason=projectile energy_bin_MeVu=[105,110.000000) energy_overflow=0 count=39 input_energy_MeV=25218.766 mean_collision_depth_mm=32.794 mean_remaining_copper_path_along_current_direction_mm=24.088744
[fragment-cu-miss-joint] generation=1 Z=2 A=6 reason=projectile energy_bin_MeVu=[110,115.000000) energy_overflow=0 count=28 input_energy_MeV=18976.272 mean_collision_depth_mm=27.518179 mean_remaining_copper_path_along_current_direction_mm=29.834071
[fragment-cu-miss-joint] generation=1 Z=2 A=6 reason=projectile energy_bin_MeVu=[115,120.000000) energy_overflow=0 count=30 input_energy_MeV=21143.388 mean_collision_depth_mm=30.434367 mean_remaining_copper_path_along_current_direction_mm=27.503167
[fragment-cu-miss-joint] generation=1 Z=2 A=6 reason=projectile energy_bin_MeVu=[120,125.000000) energy_overflow=0 count=35 input_energy_MeV=25699.964 mean_collision_depth_mm=30.188 mean_remaining_copper_path_along_current_direction_mm=27.706257
[fragment-cu-miss-joint] generation=1 Z=2 A=6 reason=projectile energy_bin_MeVu=[125,130.000000) energy_overflow=0 count=37 input_energy_MeV=28310.887 mean_collision_depth_mm=27.419027 mean_remaining_copper_path_along_current_direction_mm=28.283324
[fragment-cu-miss-joint] generation=1 Z=2 A=6 reason=projectile energy_bin_MeVu=[130,135.000000) energy_overflow=0 count=35 input_energy_MeV=27802.35 mean_collision_depth_mm=31.415943 mean_remaining_copper_path_along_current_direction_mm=26.070857
[fragment-cu-miss-joint] generation=1 Z=2 A=6 reason=projectile energy_bin_MeVu=[135,140.000000) energy_overflow=0 count=32 input_energy_MeV=26390.224 mean_collision_depth_mm=26.4635 mean_remaining_copper_path_along_current_direction_mm=30.100844
[fragment-cu-miss-joint] generation=1 Z=2 A=6 reason=projectile energy_bin_MeVu=[140,145.000000) energy_overflow=0 count=31 input_energy_MeV=26525.009 mean_collision_depth_mm=27.488129 mean_remaining_copper_path_along_current_direction_mm=28.462387
[fragment-cu-miss-joint] generation=1 Z=2 A=6 reason=projectile energy_bin_MeVu=[145,150.000000) energy_overflow=0 count=33 input_energy_MeV=29220.908 mean_collision_depth_mm=26.032 mean_remaining_copper_path_along_current_direction_mm=28.498909
[fragment-cu-miss-joint] generation=1 Z=2 A=6 reason=projectile energy_bin_MeVu=[150,155.000000) energy_overflow=0 count=21 input_energy_MeV=19201.34 mean_collision_depth_mm=28.486381 mean_remaining_copper_path_along_current_direction_mm=28.016714
[fragment-cu-miss-joint] generation=1 Z=2 A=6 reason=projectile energy_bin_MeVu=[155,160.000000) energy_overflow=0 count=21 input_energy_MeV=19808.489 mean_collision_depth_mm=27.477762 mean_remaining_copper_path_along_current_direction_mm=29.584
[fragment-cu-miss-joint] generation=1 Z=2 A=6 reason=projectile energy_bin_MeVu=[160,165.000000) energy_overflow=0 count=30 input_energy_MeV=29333.281 mean_collision_depth_mm=22.9843 mean_remaining_copper_path_along_current_direction_mm=34.555433
[fragment-cu-miss-joint] generation=1 Z=2 A=6 reason=projectile energy_bin_MeVu=[165,170.000000) energy_overflow=0 count=31 input_energy_MeV=31145.374 mean_collision_depth_mm=18.943968 mean_remaining_copper_path_along_current_direction_mm=34.819323
[fragment-cu-miss-joint] generation=1 Z=2 A=6 reason=projectile energy_bin_MeVu=[170,175.000000) energy_overflow=0 count=15 input_energy_MeV=15513.397 mean_collision_depth_mm=15.917467 mean_remaining_copper_path_along_current_direction_mm=38.9486
[fragment-cu-miss-joint] generation=1 Z=2 A=6 reason=projectile energy_bin_MeVu=[175,180.000000) energy_overflow=0 count=10 input_energy_MeV=10578.846 mean_collision_depth_mm=18.6817 mean_remaining_copper_path_along_current_direction_mm=38.4276
[fragment-cu-miss-joint] generation=1 Z=2 A=6 reason=projectile energy_bin_MeVu=[180,185.000000) energy_overflow=0 count=16 input_energy_MeV=17489.882 mean_collision_depth_mm=25.669187 mean_remaining_copper_path_along_current_direction_mm=29.977187
[fragment-cu-miss-joint] generation=1 Z=2 A=6 reason=projectile energy_bin_MeVu=[185,190.000000) energy_overflow=0 count=8 input_energy_MeV=8964.325 mean_collision_depth_mm=21.788125 mean_remaining_copper_path_along_current_direction_mm=35.60725
[fragment-cu-miss-joint] generation=1 Z=2 A=6 reason=projectile energy_bin_MeVu=[190,195.000000) energy_overflow=0 count=7 input_energy_MeV=8107.194 mean_collision_depth_mm=29.84 mean_remaining_copper_path_along_current_direction_mm=27.885286
[fragment-cu-miss-joint] generation=1 Z=2 A=6 reason=projectile energy_bin_MeVu=[195,200.000000) energy_overflow=0 count=12 input_energy_MeV=14228.584 mean_collision_depth_mm=16.7065 mean_remaining_copper_path_along_current_direction_mm=38.865417
[fragment-cu-miss-joint] generation=1 Z=2 A=6 reason=projectile energy_bin_MeVu=[200,205.000000) energy_overflow=0 count=15 input_energy_MeV=18267.926 mean_collision_depth_mm=14.6884 mean_remaining_copper_path_along_current_direction_mm=43.323733
[fragment-cu-miss-joint] generation=1 Z=2 A=6 reason=projectile energy_bin_MeVu=[205,210.000000) energy_overflow=0 count=5 input_energy_MeV=6245.672 mean_collision_depth_mm=10.952 mean_remaining_copper_path_along_current_direction_mm=47.6024
[fragment-cu-miss-joint] generation=1 Z=2 A=6 reason=projectile energy_bin_MeVu=[210,215.000000) energy_overflow=0 count=7 input_energy_MeV=8915.221 mean_collision_depth_mm=15.771286 mean_remaining_copper_path_along_current_direction_mm=41.417857
[fragment-cu-miss-joint] generation=1 Z=2 A=6 reason=projectile energy_bin_MeVu=[215,220.000000) energy_overflow=0 count=4 input_energy_MeV=5218.955 mean_collision_depth_mm=7.83725 mean_remaining_copper_path_along_current_direction_mm=42.9965
[fragment-cu-miss-joint] generation=1 Z=2 A=6 reason=projectile energy_bin_MeVu=[220,225.000000) energy_overflow=0 count=4 input_energy_MeV=5343.624 mean_collision_depth_mm=8.0305 mean_remaining_copper_path_along_current_direction_mm=32.162
[fragment-cu-miss-joint] generation=1 Z=2 A=6 reason=projectile energy_bin_MeVu=[225,230.000000) energy_overflow=0 count=2 input_energy_MeV=2738.904 mean_collision_depth_mm=0.871 mean_remaining_copper_path_along_current_direction_mm=59.155
[fragment-cu-miss-joint] generation=1 Z=2 A=6 reason=projectile energy_bin_MeVu=[230,235.000000) energy_overflow=0 count=1 input_energy_MeV=1380.615 mean_collision_depth_mm=25.813 mean_remaining_copper_path_along_current_direction_mm=34.238
[fragment-cu-miss-joint] generation=1 Z=2 A=6 reason=projectile energy_bin_MeVu=[240,245.000000) energy_overflow=0 count=1 input_energy_MeV=1447.713 mean_collision_depth_mm=4.433 mean_remaining_copper_path_along_current_direction_mm=38.424
[fragment-cu-miss-joint] generation=1 Z=2 A=8 reason=projectile energy_bin_MeVu=[0,5.000000) energy_overflow=0 count=5 input_energy_MeV=96.258 mean_collision_depth_mm=9.5002 mean_remaining_copper_path_along_current_direction_mm=45.3556
[fragment-cu-miss-joint] generation=1 Z=2 A=8 reason=projectile energy_bin_MeVu=[5,10.000000) energy_overflow=0 count=3 input_energy_MeV=205.667 mean_collision_depth_mm=5.0923333 mean_remaining_copper_path_along_current_direction_mm=59.440333
[fragment-cu-miss-joint] generation=1 Z=2 A=8 reason=projectile energy_bin_MeVu=[10,15.000000) energy_overflow=0 count=5 input_energy_MeV=482.377 mean_collision_depth_mm=8.6252 mean_remaining_copper_path_along_current_direction_mm=67.5824
[fragment-cu-miss-joint] generation=1 Z=2 A=8 reason=projectile energy_bin_MeVu=[15,20.000000) energy_overflow=0 count=4 input_energy_MeV=553.104 mean_collision_depth_mm=6.015 mean_remaining_copper_path_along_current_direction_mm=58.976
[fragment-cu-miss-joint] generation=1 Z=2 A=8 reason=projectile energy_bin_MeVu=[20,25.000000) energy_overflow=0 count=2 input_energy_MeV=358.112 mean_collision_depth_mm=24.5335 mean_remaining_copper_path_along_current_direction_mm=40.7765
[fragment-cu-miss-joint] generation=1 Z=2 A=8 reason=projectile energy_bin_MeVu=[25,30.000000) energy_overflow=0 count=1 input_energy_MeV=222.47 mean_collision_depth_mm=3.895 mean_remaining_copper_path_along_current_direction_mm=76.835
[fragment-cu-miss-joint] generation=1 Z=3 A=6 reason=below energy_bin_MeVu=[0,5.000000) energy_overflow=0 count=30 input_energy_MeV=354.115 mean_collision_depth_mm=17.798433 mean_remaining_copper_path_along_current_direction_mm=45.4681
[fragment-cu-miss-joint] generation=1 Z=3 A=7 reason=below energy_bin_MeVu=[0,5.000000) energy_overflow=0 count=18 input_energy_MeV=336.23 mean_collision_depth_mm=25.251889 mean_remaining_copper_path_along_current_direction_mm=31.491722
[fragment-cu-miss-joint] generation=1 Z=3 A=8 reason=projectile energy_bin_MeVu=[0,5.000000) energy_overflow=0 count=11 input_energy_MeV=237.594 mean_collision_depth_mm=15.337636 mean_remaining_copper_path_along_current_direction_mm=46.130091
[fragment-cu-miss-joint] generation=1 Z=3 A=8 reason=projectile energy_bin_MeVu=[5,10.000000) energy_overflow=0 count=6 input_energy_MeV=358.18 mean_collision_depth_mm=8.4881667 mean_remaining_copper_path_along_current_direction_mm=56.593667
[fragment-cu-miss-joint] generation=1 Z=3 A=8 reason=projectile energy_bin_MeVu=[10,15.000000) energy_overflow=0 count=4 input_energy_MeV=368.666 mean_collision_depth_mm=28.61525 mean_remaining_copper_path_along_current_direction_mm=31.47275
[fragment-cu-miss-joint] generation=1 Z=3 A=8 reason=projectile energy_bin_MeVu=[15,20.000000) energy_overflow=0 count=12 input_energy_MeV=1744.232 mean_collision_depth_mm=29.67275 mean_remaining_copper_path_along_current_direction_mm=33.057417
[fragment-cu-miss-joint] generation=1 Z=3 A=8 reason=projectile energy_bin_MeVu=[20,25.000000) energy_overflow=0 count=4 input_energy_MeV=717.607 mean_collision_depth_mm=15.27925 mean_remaining_copper_path_along_current_direction_mm=44.193
[fragment-cu-miss-joint] generation=1 Z=3 A=8 reason=projectile energy_bin_MeVu=[25,30.000000) energy_overflow=0 count=5 input_energy_MeV=1133.719 mean_collision_depth_mm=28.6138 mean_remaining_copper_path_along_current_direction_mm=30.5428
[fragment-cu-miss-joint] generation=1 Z=3 A=8 reason=projectile energy_bin_MeVu=[30,35.000000) energy_overflow=0 count=13 input_energy_MeV=3415.992 mean_collision_depth_mm=33.485077 mean_remaining_copper_path_along_current_direction_mm=25.787846
[fragment-cu-miss-joint] generation=1 Z=3 A=8 reason=projectile energy_bin_MeVu=[35,40.000000) energy_overflow=0 count=13 input_energy_MeV=3863.669 mean_collision_depth_mm=31.591 mean_remaining_copper_path_along_current_direction_mm=26.86
[fragment-cu-miss-joint] generation=1 Z=3 A=8 reason=projectile energy_bin_MeVu=[40,45.000000) energy_overflow=0 count=7 input_energy_MeV=2379.136 mean_collision_depth_mm=39.128714 mean_remaining_copper_path_along_current_direction_mm=17.444714
[fragment-cu-miss-joint] generation=1 Z=3 A=8 reason=projectile energy_bin_MeVu=[45,50.000000) energy_overflow=0 count=9 input_energy_MeV=3421.407 mean_collision_depth_mm=37.237222 mean_remaining_copper_path_along_current_direction_mm=19.168889
[fragment-cu-miss-joint] generation=1 Z=3 A=8 reason=projectile energy_bin_MeVu=[50,55.000000) energy_overflow=0 count=9 input_energy_MeV=3717.542 mean_collision_depth_mm=42.972889 mean_remaining_copper_path_along_current_direction_mm=16.433111
[fragment-cu-miss-joint] generation=1 Z=3 A=8 reason=projectile energy_bin_MeVu=[55,60.000000) energy_overflow=0 count=6 input_energy_MeV=2761.308 mean_collision_depth_mm=38.287167 mean_remaining_copper_path_along_current_direction_mm=21.757333
[fragment-cu-miss-joint] generation=1 Z=3 A=8 reason=projectile energy_bin_MeVu=[60,65.000000) energy_overflow=0 count=9 input_energy_MeV=4508.047 mean_collision_depth_mm=30.449333 mean_remaining_copper_path_along_current_direction_mm=28.014111
[fragment-cu-miss-joint] generation=1 Z=3 A=8 reason=projectile energy_bin_MeVu=[65,70.000000) energy_overflow=0 count=9 input_energy_MeV=4856.969 mean_collision_depth_mm=27.439333 mean_remaining_copper_path_along_current_direction_mm=29.624222
[fragment-cu-miss-joint] generation=1 Z=3 A=8 reason=projectile energy_bin_MeVu=[70,75.000000) energy_overflow=0 count=5 input_energy_MeV=2891.925 mean_collision_depth_mm=33.7484 mean_remaining_copper_path_along_current_direction_mm=26.3006
[fragment-cu-miss-joint] generation=1 Z=3 A=8 reason=projectile energy_bin_MeVu=[75,80.000000) energy_overflow=0 count=15 input_energy_MeV=9278.754 mean_collision_depth_mm=32.330267 mean_remaining_copper_path_along_current_direction_mm=24.179533
[fragment-cu-miss-joint] generation=1 Z=3 A=8 reason=projectile energy_bin_MeVu=[80,85.000000) energy_overflow=0 count=10 input_energy_MeV=6627.945 mean_collision_depth_mm=35.2854 mean_remaining_copper_path_along_current_direction_mm=22.7094
[fragment-cu-miss-joint] generation=1 Z=3 A=8 reason=projectile energy_bin_MeVu=[85,90.000000) energy_overflow=0 count=14 input_energy_MeV=9775.178 mean_collision_depth_mm=33.145429 mean_remaining_copper_path_along_current_direction_mm=24.811857
[fragment-cu-miss-joint] generation=1 Z=3 A=8 reason=projectile energy_bin_MeVu=[90,95.000000) energy_overflow=0 count=11 input_energy_MeV=8185.743 mean_collision_depth_mm=30.980364 mean_remaining_copper_path_along_current_direction_mm=27.572545
[fragment-cu-miss-joint] generation=1 Z=3 A=8 reason=projectile energy_bin_MeVu=[95,100.000000) energy_overflow=0 count=9 input_energy_MeV=7000.366 mean_collision_depth_mm=33.504333 mean_remaining_copper_path_along_current_direction_mm=16.436444
[fragment-cu-miss-joint] generation=1 Z=3 A=8 reason=projectile energy_bin_MeVu=[100,105.000000) energy_overflow=0 count=10 input_energy_MeV=8243.497 mean_collision_depth_mm=27.0761 mean_remaining_copper_path_along_current_direction_mm=32.4222
[fragment-cu-miss-joint] generation=1 Z=3 A=8 reason=projectile energy_bin_MeVu=[105,110.000000) energy_overflow=0 count=16 input_energy_MeV=13788.359 mean_collision_depth_mm=34.937562 mean_remaining_copper_path_along_current_direction_mm=22.240687
[fragment-cu-miss-joint] generation=1 Z=3 A=8 reason=projectile energy_bin_MeVu=[110,115.000000) energy_overflow=0 count=13 input_energy_MeV=11674.268 mean_collision_depth_mm=25.786769 mean_remaining_copper_path_along_current_direction_mm=27.874692
[fragment-cu-miss-joint] generation=1 Z=3 A=8 reason=projectile energy_bin_MeVu=[115,120.000000) energy_overflow=0 count=22 input_energy_MeV=20682.114 mean_collision_depth_mm=29.08 mean_remaining_copper_path_along_current_direction_mm=29.470682
[fragment-cu-miss-joint] generation=1 Z=3 A=8 reason=projectile energy_bin_MeVu=[120,125.000000) energy_overflow=0 count=15 input_energy_MeV=14695.327 mean_collision_depth_mm=32.565333 mean_remaining_copper_path_along_current_direction_mm=25.589
[fragment-cu-miss-joint] generation=1 Z=3 A=8 reason=projectile energy_bin_MeVu=[125,130.000000) energy_overflow=0 count=9 input_energy_MeV=9174.181 mean_collision_depth_mm=28.725667 mean_remaining_copper_path_along_current_direction_mm=26.775111
[fragment-cu-miss-joint] generation=1 Z=3 A=8 reason=projectile energy_bin_MeVu=[130,135.000000) energy_overflow=0 count=13 input_energy_MeV=13839.441 mean_collision_depth_mm=26.884923 mean_remaining_copper_path_along_current_direction_mm=29.835154
[fragment-cu-miss-joint] generation=1 Z=3 A=8 reason=projectile energy_bin_MeVu=[135,140.000000) energy_overflow=0 count=6 input_energy_MeV=6659.699 mean_collision_depth_mm=29.262667 mean_remaining_copper_path_along_current_direction_mm=25.951667
[fragment-cu-miss-joint] generation=1 Z=3 A=8 reason=projectile energy_bin_MeVu=[140,145.000000) energy_overflow=0 count=8 input_energy_MeV=9146.524 mean_collision_depth_mm=27.77775 mean_remaining_copper_path_along_current_direction_mm=26.883875
[fragment-cu-miss-joint] generation=1 Z=3 A=8 reason=projectile energy_bin_MeVu=[145,150.000000) energy_overflow=0 count=12 input_energy_MeV=14086.149 mean_collision_depth_mm=25.885917 mean_remaining_copper_path_along_current_direction_mm=28.74525
[fragment-cu-miss-joint] generation=1 Z=3 A=8 reason=projectile energy_bin_MeVu=[150,155.000000) energy_overflow=0 count=13 input_energy_MeV=15847.737 mean_collision_depth_mm=22.070538 mean_remaining_copper_path_along_current_direction_mm=33.953
[fragment-cu-miss-joint] generation=1 Z=3 A=8 reason=projectile energy_bin_MeVu=[155,160.000000) energy_overflow=0 count=19 input_energy_MeV=24020.702 mean_collision_depth_mm=22.670789 mean_remaining_copper_path_along_current_direction_mm=33.258579
[fragment-cu-miss-joint] generation=1 Z=3 A=8 reason=projectile energy_bin_MeVu=[160,165.000000) energy_overflow=0 count=10 input_energy_MeV=13057.843 mean_collision_depth_mm=20.7343 mean_remaining_copper_path_along_current_direction_mm=34.7452
[fragment-cu-miss-joint] generation=1 Z=3 A=8 reason=projectile energy_bin_MeVu=[165,170.000000) energy_overflow=0 count=14 input_energy_MeV=18766.542 mean_collision_depth_mm=21.878857 mean_remaining_copper_path_along_current_direction_mm=33.252357
[fragment-cu-miss-joint] generation=1 Z=3 A=8 reason=projectile energy_bin_MeVu=[170,175.000000) energy_overflow=0 count=16 input_energy_MeV=22081.008 mean_collision_depth_mm=20.285187 mean_remaining_copper_path_along_current_direction_mm=33.465938
[fragment-cu-miss-joint] generation=1 Z=3 A=8 reason=projectile energy_bin_MeVu=[175,180.000000) energy_overflow=0 count=17 input_energy_MeV=24124.821 mean_collision_depth_mm=20.912824 mean_remaining_copper_path_along_current_direction_mm=35.744941
[fragment-cu-miss-joint] generation=1 Z=3 A=8 reason=projectile energy_bin_MeVu=[180,185.000000) energy_overflow=0 count=11 input_energy_MeV=16058.167 mean_collision_depth_mm=15.974727 mean_remaining_copper_path_along_current_direction_mm=41.351909
[fragment-cu-miss-joint] generation=1 Z=3 A=8 reason=projectile energy_bin_MeVu=[185,190.000000) energy_overflow=0 count=14 input_energy_MeV=20953.101 mean_collision_depth_mm=17.833714 mean_remaining_copper_path_along_current_direction_mm=35.656571
[fragment-cu-miss-joint] generation=1 Z=3 A=8 reason=projectile energy_bin_MeVu=[190,195.000000) energy_overflow=0 count=12 input_energy_MeV=18516.523 mean_collision_depth_mm=11.468 mean_remaining_copper_path_along_current_direction_mm=40.381917
[fragment-cu-miss-joint] generation=1 Z=3 A=8 reason=projectile energy_bin_MeVu=[195,200.000000) energy_overflow=0 count=12 input_energy_MeV=18883.849 mean_collision_depth_mm=10.952083 mean_remaining_copper_path_along_current_direction_mm=42.432667
[fragment-cu-miss-joint] generation=1 Z=3 A=8 reason=projectile energy_bin_MeVu=[200,205.000000) energy_overflow=0 count=10 input_energy_MeV=16205.714 mean_collision_depth_mm=14.1732 mean_remaining_copper_path_along_current_direction_mm=43.1047
[fragment-cu-miss-joint] generation=1 Z=3 A=8 reason=projectile energy_bin_MeVu=[205,210.000000) energy_overflow=0 count=6 input_energy_MeV=9962.324 mean_collision_depth_mm=10.827167 mean_remaining_copper_path_along_current_direction_mm=41.41
[fragment-cu-miss-joint] generation=1 Z=3 A=8 reason=projectile energy_bin_MeVu=[210,215.000000) energy_overflow=0 count=11 input_energy_MeV=18688.023 mean_collision_depth_mm=9.0107273 mean_remaining_copper_path_along_current_direction_mm=47.089545
[fragment-cu-miss-joint] generation=1 Z=3 A=8 reason=projectile energy_bin_MeVu=[215,220.000000) energy_overflow=0 count=14 input_energy_MeV=24347.05 mean_collision_depth_mm=10.122214 mean_remaining_copper_path_along_current_direction_mm=47.553
[fragment-cu-miss-joint] generation=1 Z=3 A=8 reason=projectile energy_bin_MeVu=[220,225.000000) energy_overflow=0 count=8 input_energy_MeV=14194.929 mean_collision_depth_mm=9.3975 mean_remaining_copper_path_along_current_direction_mm=48.855125
[fragment-cu-miss-joint] generation=1 Z=3 A=8 reason=projectile energy_bin_MeVu=[225,230.000000) energy_overflow=0 count=1 input_energy_MeV=1825.494 mean_collision_depth_mm=9.736 mean_remaining_copper_path_along_current_direction_mm=50.327
[fragment-cu-miss-joint] generation=1 Z=3 A=8 reason=projectile energy_bin_MeVu=[235,240.000000) energy_overflow=0 count=2 input_energy_MeV=3811.706 mean_collision_depth_mm=4.2775 mean_remaining_copper_path_along_current_direction_mm=49.4175
[fragment-cu-miss-joint] generation=1 Z=3 A=8 reason=projectile energy_bin_MeVu=[240,245.000000) energy_overflow=0 count=2 input_energy_MeV=3885.701 mean_collision_depth_mm=1.6655 mean_remaining_copper_path_along_current_direction_mm=58.3445
[fragment-cu-miss-joint] generation=1 Z=3 A=8 reason=projectile energy_bin_MeVu=[245,250.000000) energy_overflow=0 count=1 input_energy_MeV=1960.286 mean_collision_depth_mm=1.872 mean_remaining_copper_path_along_current_direction_mm=48.069
[fragment-cu-miss-joint] generation=1 Z=3 A=9 reason=projectile energy_bin_MeVu=[5,10.000000) energy_overflow=0 count=1 input_energy_MeV=84.488 mean_collision_depth_mm=58.231 mean_remaining_copper_path_along_current_direction_mm=1.786
[fragment-cu-miss-joint] generation=1 Z=3 A=9 reason=projectile energy_bin_MeVu=[10,15.000000) energy_overflow=0 count=1 input_energy_MeV=107.971 mean_collision_depth_mm=22.65 mean_remaining_copper_path_along_current_direction_mm=37.404
[fragment-cu-miss-joint] generation=1 Z=3 A=9 reason=projectile energy_bin_MeVu=[15,20.000000) energy_overflow=0 count=1 input_energy_MeV=150.011 mean_collision_depth_mm=52.047 mean_remaining_copper_path_along_current_direction_mm=7.978
[fragment-cu-miss-joint] generation=1 Z=3 A=9 reason=projectile energy_bin_MeVu=[20,25.000000) energy_overflow=0 count=2 input_energy_MeV=410.686 mean_collision_depth_mm=27.9805 mean_remaining_copper_path_along_current_direction_mm=29.9585
[fragment-cu-miss-joint] generation=1 Z=3 A=9 reason=projectile energy_bin_MeVu=[25,30.000000) energy_overflow=0 count=1 input_energy_MeV=238.206 mean_collision_depth_mm=36.025 mean_remaining_copper_path_along_current_direction_mm=24.011
[fragment-cu-miss-joint] generation=1 Z=3 A=9 reason=projectile energy_bin_MeVu=[30,35.000000) energy_overflow=0 count=2 input_energy_MeV=607.673 mean_collision_depth_mm=30.7935 mean_remaining_copper_path_along_current_direction_mm=29.326
[fragment-cu-miss-joint] generation=1 Z=3 A=9 reason=projectile energy_bin_MeVu=[40,45.000000) energy_overflow=0 count=1 input_energy_MeV=386.805 mean_collision_depth_mm=30.243 mean_remaining_copper_path_along_current_direction_mm=21.457
[fragment-cu-miss-joint] generation=1 Z=3 A=9 reason=projectile energy_bin_MeVu=[45,50.000000) energy_overflow=0 count=1 input_energy_MeV=422.941 mean_collision_depth_mm=38.458 mean_remaining_copper_path_along_current_direction_mm=21.64
[fragment-cu-miss-joint] generation=1 Z=3 A=9 reason=projectile energy_bin_MeVu=[50,55.000000) energy_overflow=0 count=1 input_energy_MeV=480.771 mean_collision_depth_mm=31.953 mean_remaining_copper_path_along_current_direction_mm=14.944
[fragment-cu-miss-joint] generation=1 Z=3 A=9 reason=projectile energy_bin_MeVu=[55,60.000000) energy_overflow=0 count=2 input_energy_MeV=1021.886 mean_collision_depth_mm=28.095 mean_remaining_copper_path_along_current_direction_mm=29.2915
[fragment-cu-miss-joint] generation=1 Z=3 A=9 reason=projectile energy_bin_MeVu=[60,65.000000) energy_overflow=0 count=3 input_energy_MeV=1660.128 mean_collision_depth_mm=41.524 mean_remaining_copper_path_along_current_direction_mm=17.703667
[fragment-cu-miss-joint] generation=1 Z=3 A=9 reason=projectile energy_bin_MeVu=[65,70.000000) energy_overflow=0 count=2 input_energy_MeV=1194.893 mean_collision_depth_mm=41.189 mean_remaining_copper_path_along_current_direction_mm=18.832
[fragment-cu-miss-joint] generation=1 Z=3 A=9 reason=projectile energy_bin_MeVu=[70,75.000000) energy_overflow=0 count=3 input_energy_MeV=1946.563 mean_collision_depth_mm=31.964667 mean_remaining_copper_path_along_current_direction_mm=18.277333
[fragment-cu-miss-joint] generation=1 Z=3 A=9 reason=projectile energy_bin_MeVu=[75,80.000000) energy_overflow=0 count=4 input_energy_MeV=2797.763 mean_collision_depth_mm=39.23275 mean_remaining_copper_path_along_current_direction_mm=20.7945
[fragment-cu-miss-joint] generation=1 Z=3 A=9 reason=projectile energy_bin_MeVu=[80,85.000000) energy_overflow=0 count=1 input_energy_MeV=744.461 mean_collision_depth_mm=43.011 mean_remaining_copper_path_along_current_direction_mm=17.006
[fragment-cu-miss-joint] generation=1 Z=3 A=9 reason=projectile energy_bin_MeVu=[85,90.000000) energy_overflow=0 count=5 input_energy_MeV=3932.365 mean_collision_depth_mm=26.5206 mean_remaining_copper_path_along_current_direction_mm=30.3884
[fragment-cu-miss-joint] generation=1 Z=3 A=9 reason=projectile energy_bin_MeVu=[90,95.000000) energy_overflow=0 count=3 input_energy_MeV=2462.143 mean_collision_depth_mm=36.817667 mean_remaining_copper_path_along_current_direction_mm=23.200667
[fragment-cu-miss-joint] generation=1 Z=3 A=9 reason=projectile energy_bin_MeVu=[95,100.000000) energy_overflow=0 count=2 input_energy_MeV=1753.845 mean_collision_depth_mm=32.7285 mean_remaining_copper_path_along_current_direction_mm=27.2965
[fragment-cu-miss-joint] generation=1 Z=3 A=9 reason=projectile energy_bin_MeVu=[100,105.000000) energy_overflow=0 count=2 input_energy_MeV=1857.81 mean_collision_depth_mm=21.694 mean_remaining_copper_path_along_current_direction_mm=34.388
[fragment-cu-miss-joint] generation=1 Z=3 A=9 reason=projectile energy_bin_MeVu=[105,110.000000) energy_overflow=0 count=4 input_energy_MeV=3892.286 mean_collision_depth_mm=25.5005 mean_remaining_copper_path_along_current_direction_mm=30.9405
[fragment-cu-miss-joint] generation=1 Z=3 A=9 reason=projectile energy_bin_MeVu=[110,115.000000) energy_overflow=0 count=5 input_energy_MeV=5043.716 mean_collision_depth_mm=24.8012 mean_remaining_copper_path_along_current_direction_mm=34.4014
[fragment-cu-miss-joint] generation=1 Z=3 A=9 reason=projectile energy_bin_MeVu=[115,120.000000) energy_overflow=0 count=2 input_energy_MeV=2140.958 mean_collision_depth_mm=19.2865 mean_remaining_copper_path_along_current_direction_mm=36.215
[fragment-cu-miss-joint] generation=1 Z=3 A=9 reason=projectile energy_bin_MeVu=[120,125.000000) energy_overflow=0 count=5 input_energy_MeV=5568.133 mean_collision_depth_mm=24.266 mean_remaining_copper_path_along_current_direction_mm=33.3772
[fragment-cu-miss-joint] generation=1 Z=3 A=9 reason=projectile energy_bin_MeVu=[125,130.000000) energy_overflow=0 count=1 input_energy_MeV=1140.602 mean_collision_depth_mm=17.203 mean_remaining_copper_path_along_current_direction_mm=42.805
[fragment-cu-miss-joint] generation=1 Z=3 A=9 reason=projectile energy_bin_MeVu=[130,135.000000) energy_overflow=0 count=4 input_energy_MeV=4799.386 mean_collision_depth_mm=19.36225 mean_remaining_copper_path_along_current_direction_mm=29.61175
[fragment-cu-miss-joint] generation=1 Z=3 A=9 reason=projectile energy_bin_MeVu=[140,145.000000) energy_overflow=0 count=1 input_energy_MeV=1299.732 mean_collision_depth_mm=27.119 mean_remaining_copper_path_along_current_direction_mm=32.895
[fragment-cu-miss-joint] generation=1 Z=3 A=9 reason=projectile energy_bin_MeVu=[145,150.000000) energy_overflow=0 count=1 input_energy_MeV=1306.248 mean_collision_depth_mm=41.435 mean_remaining_copper_path_along_current_direction_mm=18.579
[fragment-cu-miss-joint] generation=1 Z=3 A=9 reason=projectile energy_bin_MeVu=[150,155.000000) energy_overflow=0 count=2 input_energy_MeV=2739.866 mean_collision_depth_mm=25.0035 mean_remaining_copper_path_along_current_direction_mm=35.004
[fragment-cu-miss-joint] generation=1 Z=3 A=9 reason=projectile energy_bin_MeVu=[160,165.000000) energy_overflow=0 count=1 input_energy_MeV=1460.788 mean_collision_depth_mm=33.81 mean_remaining_copper_path_along_current_direction_mm=26.217
[fragment-cu-miss-joint] generation=1 Z=3 A=9 reason=projectile energy_bin_MeVu=[165,170.000000) energy_overflow=0 count=3 input_energy_MeV=4533.582 mean_collision_depth_mm=31.859 mean_remaining_copper_path_along_current_direction_mm=24.702667
[fragment-cu-miss-joint] generation=1 Z=3 A=9 reason=projectile energy_bin_MeVu=[170,175.000000) energy_overflow=0 count=2 input_energy_MeV=3130.994 mean_collision_depth_mm=29.542 mean_remaining_copper_path_along_current_direction_mm=24.413
[fragment-cu-miss-joint] generation=1 Z=3 A=9 reason=projectile energy_bin_MeVu=[175,180.000000) energy_overflow=0 count=4 input_energy_MeV=6393.349 mean_collision_depth_mm=22.77025 mean_remaining_copper_path_along_current_direction_mm=37.23975
[fragment-cu-miss-joint] generation=1 Z=3 A=9 reason=projectile energy_bin_MeVu=[185,190.000000) energy_overflow=0 count=2 input_energy_MeV=3388.905 mean_collision_depth_mm=24.7345 mean_remaining_copper_path_along_current_direction_mm=35.3075
[fragment-cu-miss-joint] generation=1 Z=3 A=9 reason=projectile energy_bin_MeVu=[190,195.000000) energy_overflow=0 count=2 input_energy_MeV=3445.761 mean_collision_depth_mm=12.3415 mean_remaining_copper_path_along_current_direction_mm=47.6645
[fragment-cu-miss-joint] generation=1 Z=3 A=9 reason=projectile energy_bin_MeVu=[195,200.000000) energy_overflow=0 count=6 input_energy_MeV=10682.378 mean_collision_depth_mm=13.944667 mean_remaining_copper_path_along_current_direction_mm=40.249667
[fragment-cu-miss-joint] generation=1 Z=3 A=9 reason=projectile energy_bin_MeVu=[200,205.000000) energy_overflow=0 count=2 input_energy_MeV=3635.438 mean_collision_depth_mm=8.984 mean_remaining_copper_path_along_current_direction_mm=51.0195
[fragment-cu-miss-joint] generation=1 Z=3 A=9 reason=projectile energy_bin_MeVu=[205,210.000000) energy_overflow=0 count=1 input_energy_MeV=1855.768 mean_collision_depth_mm=6.017 mean_remaining_copper_path_along_current_direction_mm=53.994
[fragment-cu-miss-joint] generation=1 Z=3 A=9 reason=projectile energy_bin_MeVu=[210,215.000000) energy_overflow=0 count=2 input_energy_MeV=3829.458 mean_collision_depth_mm=9.6885 mean_remaining_copper_path_along_current_direction_mm=50.3545
[fragment-cu-miss-joint] generation=1 Z=3 A=9 reason=projectile energy_bin_MeVu=[215,220.000000) energy_overflow=0 count=4 input_energy_MeV=7830.02 mean_collision_depth_mm=9.165 mean_remaining_copper_path_along_current_direction_mm=50.8515
[fragment-cu-miss-joint] generation=1 Z=3 A=9 reason=projectile energy_bin_MeVu=[220,225.000000) energy_overflow=0 count=1 input_energy_MeV=1981.816 mean_collision_depth_mm=1.321 mean_remaining_copper_path_along_current_direction_mm=58.695
[fragment-cu-miss-joint] generation=1 Z=3 A=9 reason=projectile energy_bin_MeVu=[225,230.000000) energy_overflow=0 count=1 input_energy_MeV=2041.94 mean_collision_depth_mm=9.96 mean_remaining_copper_path_along_current_direction_mm=34.444
[fragment-cu-miss-joint] generation=1 Z=3 A=9 reason=projectile energy_bin_MeVu=[230,235.000000) energy_overflow=0 count=1 input_energy_MeV=2093.718 mean_collision_depth_mm=7.68 mean_remaining_copper_path_along_current_direction_mm=52.355
[fragment-cu-miss-joint] generation=1 Z=3 A=9 reason=projectile energy_bin_MeVu=[235,240.000000) energy_overflow=0 count=3 input_energy_MeV=6397.913 mean_collision_depth_mm=6.139 mean_remaining_copper_path_along_current_direction_mm=41.509333
[fragment-cu-miss-joint] generation=1 Z=4 A=6 reason=projectile energy_bin_MeVu=[0,5.000000) energy_overflow=0 count=4 input_energy_MeV=56.015 mean_collision_depth_mm=25.60425 mean_remaining_copper_path_along_current_direction_mm=32.9325
[fragment-cu-miss-joint] generation=1 Z=4 A=6 reason=projectile energy_bin_MeVu=[5,10.000000) energy_overflow=0 count=5 input_energy_MeV=208.661 mean_collision_depth_mm=22.7304 mean_remaining_copper_path_along_current_direction_mm=30.7368
[fragment-cu-miss-joint] generation=1 Z=4 A=6 reason=projectile energy_bin_MeVu=[10,15.000000) energy_overflow=0 count=8 input_energy_MeV=641.863 mean_collision_depth_mm=22.441125 mean_remaining_copper_path_along_current_direction_mm=35.191875
[fragment-cu-miss-joint] generation=1 Z=4 A=6 reason=projectile energy_bin_MeVu=[15,20.000000) energy_overflow=0 count=19 input_energy_MeV=1967.944 mean_collision_depth_mm=24.548947 mean_remaining_copper_path_along_current_direction_mm=32.986895
[fragment-cu-miss-joint] generation=1 Z=4 A=6 reason=projectile energy_bin_MeVu=[20,25.000000) energy_overflow=0 count=9 input_energy_MeV=1220.142 mean_collision_depth_mm=23.575556 mean_remaining_copper_path_along_current_direction_mm=32.697778
[fragment-cu-miss-joint] generation=1 Z=4 A=6 reason=projectile energy_bin_MeVu=[25,30.000000) energy_overflow=0 count=15 input_energy_MeV=2501.835 mean_collision_depth_mm=23.0478 mean_remaining_copper_path_along_current_direction_mm=29.8314
[fragment-cu-miss-joint] generation=1 Z=4 A=6 reason=projectile energy_bin_MeVu=[30,35.000000) energy_overflow=0 count=19 input_energy_MeV=3677.096 mean_collision_depth_mm=23.332737 mean_remaining_copper_path_along_current_direction_mm=32.375526
[fragment-cu-miss-joint] generation=1 Z=4 A=6 reason=projectile energy_bin_MeVu=[35,40.000000) energy_overflow=0 count=27 input_energy_MeV=6137.771 mean_collision_depth_mm=24.678407 mean_remaining_copper_path_along_current_direction_mm=32.455667
[fragment-cu-miss-joint] generation=1 Z=4 A=6 reason=projectile energy_bin_MeVu=[40,45.000000) energy_overflow=0 count=16 input_energy_MeV=4065.223 mean_collision_depth_mm=23.242875 mean_remaining_copper_path_along_current_direction_mm=30.436937
[fragment-cu-miss-joint] generation=1 Z=4 A=6 reason=projectile energy_bin_MeVu=[45,50.000000) energy_overflow=0 count=17 input_energy_MeV=4906.021 mean_collision_depth_mm=21.896647 mean_remaining_copper_path_along_current_direction_mm=33.167529
[fragment-cu-miss-joint] generation=1 Z=4 A=6 reason=projectile energy_bin_MeVu=[50,55.000000) energy_overflow=0 count=23 input_energy_MeV=7229.403 mean_collision_depth_mm=24.840304 mean_remaining_copper_path_along_current_direction_mm=32.355826
[fragment-cu-miss-joint] generation=1 Z=4 A=6 reason=projectile energy_bin_MeVu=[55,60.000000) energy_overflow=0 count=18 input_energy_MeV=6192.003 mean_collision_depth_mm=22.393556 mean_remaining_copper_path_along_current_direction_mm=35.423111
[fragment-cu-miss-joint] generation=1 Z=4 A=6 reason=projectile energy_bin_MeVu=[60,65.000000) energy_overflow=0 count=13 input_energy_MeV=4872.072 mean_collision_depth_mm=21.817308 mean_remaining_copper_path_along_current_direction_mm=34.526308
[fragment-cu-miss-joint] generation=1 Z=4 A=6 reason=projectile energy_bin_MeVu=[65,70.000000) energy_overflow=0 count=19 input_energy_MeV=7684.182 mean_collision_depth_mm=22.542842 mean_remaining_copper_path_along_current_direction_mm=34.830684
[fragment-cu-miss-joint] generation=1 Z=4 A=6 reason=projectile energy_bin_MeVu=[70,75.000000) energy_overflow=0 count=22 input_energy_MeV=9537.731 mean_collision_depth_mm=20.630318 mean_remaining_copper_path_along_current_direction_mm=34.238182
[fragment-cu-miss-joint] generation=1 Z=4 A=6 reason=projectile energy_bin_MeVu=[75,80.000000) energy_overflow=0 count=23 input_energy_MeV=10713.471 mean_collision_depth_mm=20.40187 mean_remaining_copper_path_along_current_direction_mm=31.489087
[fragment-cu-miss-joint] generation=1 Z=4 A=6 reason=projectile energy_bin_MeVu=[80,85.000000) energy_overflow=0 count=27 input_energy_MeV=13337.883 mean_collision_depth_mm=21.582111 mean_remaining_copper_path_along_current_direction_mm=35.444407
[fragment-cu-miss-joint] generation=1 Z=4 A=6 reason=projectile energy_bin_MeVu=[85,90.000000) energy_overflow=0 count=21 input_energy_MeV=11067.852 mean_collision_depth_mm=18.46781 mean_remaining_copper_path_along_current_direction_mm=37.702619
[fragment-cu-miss-joint] generation=1 Z=4 A=6 reason=projectile energy_bin_MeVu=[90,95.000000) energy_overflow=0 count=19 input_energy_MeV=10558.284 mean_collision_depth_mm=18.921053 mean_remaining_copper_path_along_current_direction_mm=34.214368
[fragment-cu-miss-joint] generation=1 Z=4 A=6 reason=projectile energy_bin_MeVu=[95,100.000000) energy_overflow=0 count=22 input_energy_MeV=12877.877 mean_collision_depth_mm=20.103409 mean_remaining_copper_path_along_current_direction_mm=37.811
[fragment-cu-miss-joint] generation=1 Z=4 A=6 reason=projectile energy_bin_MeVu=[100,105.000000) energy_overflow=0 count=22 input_energy_MeV=13526.629 mean_collision_depth_mm=18.668409 mean_remaining_copper_path_along_current_direction_mm=35.610727
[fragment-cu-miss-joint] generation=1 Z=4 A=6 reason=projectile energy_bin_MeVu=[105,110.000000) energy_overflow=0 count=24 input_energy_MeV=15505.114 mean_collision_depth_mm=17.029375 mean_remaining_copper_path_along_current_direction_mm=36.830833
[fragment-cu-miss-joint] generation=1 Z=4 A=6 reason=projectile energy_bin_MeVu=[110,115.000000) energy_overflow=0 count=28 input_energy_MeV=18937.295 mean_collision_depth_mm=19.747464 mean_remaining_copper_path_along_current_direction_mm=35.209571
[fragment-cu-miss-joint] generation=1 Z=4 A=6 reason=projectile energy_bin_MeVu=[115,120.000000) energy_overflow=0 count=34 input_energy_MeV=23956.725 mean_collision_depth_mm=17.427206 mean_remaining_copper_path_along_current_direction_mm=37.492029
[fragment-cu-miss-joint] generation=1 Z=4 A=6 reason=projectile energy_bin_MeVu=[120,125.000000) energy_overflow=0 count=25 input_energy_MeV=18430.342 mean_collision_depth_mm=15.96008 mean_remaining_copper_path_along_current_direction_mm=39.3292
[fragment-cu-miss-joint] generation=1 Z=4 A=6 reason=projectile energy_bin_MeVu=[125,130.000000) energy_overflow=0 count=24 input_energy_MeV=18345.455 mean_collision_depth_mm=17.625083 mean_remaining_copper_path_along_current_direction_mm=38.346417
[fragment-cu-miss-joint] generation=1 Z=4 A=6 reason=projectile energy_bin_MeVu=[130,135.000000) energy_overflow=0 count=19 input_energy_MeV=15090.316 mean_collision_depth_mm=19.929211 mean_remaining_copper_path_along_current_direction_mm=33.276526
[fragment-cu-miss-joint] generation=1 Z=4 A=6 reason=projectile energy_bin_MeVu=[135,140.000000) energy_overflow=0 count=38 input_energy_MeV=31346.681 mean_collision_depth_mm=17.241132 mean_remaining_copper_path_along_current_direction_mm=40.3125
[fragment-cu-miss-joint] generation=1 Z=4 A=6 reason=projectile energy_bin_MeVu=[140,145.000000) energy_overflow=0 count=18 input_energy_MeV=15428.127 mean_collision_depth_mm=14.888778 mean_remaining_copper_path_along_current_direction_mm=37.618667
[fragment-cu-miss-joint] generation=1 Z=4 A=6 reason=projectile energy_bin_MeVu=[145,150.000000) energy_overflow=0 count=22 input_energy_MeV=19474.004 mean_collision_depth_mm=15.081636 mean_remaining_copper_path_along_current_direction_mm=38.754955
[fragment-cu-miss-joint] generation=1 Z=4 A=6 reason=projectile energy_bin_MeVu=[150,155.000000) energy_overflow=0 count=20 input_energy_MeV=18330.092 mean_collision_depth_mm=12.9052 mean_remaining_copper_path_along_current_direction_mm=43.25045
[fragment-cu-miss-joint] generation=1 Z=4 A=6 reason=projectile energy_bin_MeVu=[155,160.000000) energy_overflow=0 count=24 input_energy_MeV=22645.21 mean_collision_depth_mm=15.11525 mean_remaining_copper_path_along_current_direction_mm=38.030042
[fragment-cu-miss-joint] generation=1 Z=4 A=6 reason=projectile energy_bin_MeVu=[160,165.000000) energy_overflow=0 count=25 input_energy_MeV=24369.24 mean_collision_depth_mm=16.98812 mean_remaining_copper_path_along_current_direction_mm=38.15712
[fragment-cu-miss-joint] generation=1 Z=4 A=6 reason=projectile energy_bin_MeVu=[165,170.000000) energy_overflow=0 count=20 input_energy_MeV=20132.296 mean_collision_depth_mm=10.47 mean_remaining_copper_path_along_current_direction_mm=44.2875
[fragment-cu-miss-joint] generation=1 Z=4 A=6 reason=projectile energy_bin_MeVu=[170,175.000000) energy_overflow=0 count=24 input_energy_MeV=24827.632 mean_collision_depth_mm=11.567625 mean_remaining_copper_path_along_current_direction_mm=43.220583
[fragment-cu-miss-joint] generation=1 Z=4 A=6 reason=projectile energy_bin_MeVu=[175,180.000000) energy_overflow=0 count=33 input_energy_MeV=35098.014 mean_collision_depth_mm=11.277212 mean_remaining_copper_path_along_current_direction_mm=42.773273
[fragment-cu-miss-joint] generation=1 Z=4 A=6 reason=projectile energy_bin_MeVu=[180,185.000000) energy_overflow=0 count=21 input_energy_MeV=22972.85 mean_collision_depth_mm=8.8563333 mean_remaining_copper_path_along_current_direction_mm=43.276476
[fragment-cu-miss-joint] generation=1 Z=4 A=6 reason=projectile energy_bin_MeVu=[185,190.000000) energy_overflow=0 count=19 input_energy_MeV=21348.584 mean_collision_depth_mm=10.559526 mean_remaining_copper_path_along_current_direction_mm=43.897947
[fragment-cu-miss-joint] generation=1 Z=4 A=6 reason=projectile energy_bin_MeVu=[190,195.000000) energy_overflow=0 count=15 input_energy_MeV=17346.372 mean_collision_depth_mm=10.579067 mean_remaining_copper_path_along_current_direction_mm=42.753267
[fragment-cu-miss-joint] generation=1 Z=4 A=6 reason=projectile energy_bin_MeVu=[195,200.000000) energy_overflow=0 count=13 input_energy_MeV=15397.967 mean_collision_depth_mm=9.8872308 mean_remaining_copper_path_along_current_direction_mm=44.543462
[fragment-cu-miss-joint] generation=1 Z=4 A=6 reason=projectile energy_bin_MeVu=[200,205.000000) energy_overflow=0 count=13 input_energy_MeV=15814.622 mean_collision_depth_mm=7.9980769 mean_remaining_copper_path_along_current_direction_mm=47.033
[fragment-cu-miss-joint] generation=1 Z=4 A=6 reason=projectile energy_bin_MeVu=[205,210.000000) energy_overflow=0 count=20 input_energy_MeV=24810.811 mean_collision_depth_mm=10.2627 mean_remaining_copper_path_along_current_direction_mm=42.71645
[fragment-cu-miss-joint] generation=1 Z=4 A=6 reason=projectile energy_bin_MeVu=[210,215.000000) energy_overflow=0 count=8 input_energy_MeV=10166.711 mean_collision_depth_mm=9.920375 mean_remaining_copper_path_along_current_direction_mm=41.856625
[fragment-cu-miss-joint] generation=1 Z=4 A=6 reason=projectile energy_bin_MeVu=[215,220.000000) energy_overflow=0 count=10 input_energy_MeV=13026.748 mean_collision_depth_mm=7.7415 mean_remaining_copper_path_along_current_direction_mm=48.4068
[fragment-cu-miss-joint] generation=1 Z=4 A=6 reason=projectile energy_bin_MeVu=[220,225.000000) energy_overflow=0 count=10 input_energy_MeV=13316.399 mean_collision_depth_mm=6.6086 mean_remaining_copper_path_along_current_direction_mm=47.6361
[fragment-cu-miss-joint] generation=1 Z=4 A=6 reason=projectile energy_bin_MeVu=[225,230.000000) energy_overflow=0 count=7 input_energy_MeV=9557.327 mean_collision_depth_mm=3.376 mean_remaining_copper_path_along_current_direction_mm=53.793714
[fragment-cu-miss-joint] generation=1 Z=4 A=6 reason=projectile energy_bin_MeVu=[230,235.000000) energy_overflow=0 count=8 input_energy_MeV=11131.593 mean_collision_depth_mm=11.04675 mean_remaining_copper_path_along_current_direction_mm=47.10625
[fragment-cu-miss-joint] generation=1 Z=4 A=6 reason=projectile energy_bin_MeVu=[235,240.000000) energy_overflow=0 count=4 input_energy_MeV=5706.403 mean_collision_depth_mm=4.67275 mean_remaining_copper_path_along_current_direction_mm=49.297
[fragment-cu-miss-joint] generation=1 Z=4 A=6 reason=projectile energy_bin_MeVu=[240,245.000000) energy_overflow=0 count=2 input_energy_MeV=2906.85 mean_collision_depth_mm=2.5205 mean_remaining_copper_path_along_current_direction_mm=54.0095
[fragment-cu-miss-joint] generation=1 Z=4 A=6 reason=projectile energy_bin_MeVu=[250,255.000000) energy_overflow=0 count=1 input_energy_MeV=1527.466 mean_collision_depth_mm=2.707 mean_remaining_copper_path_along_current_direction_mm=57.303
[fragment-cu-miss-joint] generation=1 Z=4 A=6 reason=projectile energy_bin_MeVu=[255,260.000000) energy_overflow=0 count=2 input_energy_MeV=3084.004 mean_collision_depth_mm=2.535 mean_remaining_copper_path_along_current_direction_mm=56.5285
[fragment-cu-miss-joint] generation=1 Z=4 A=6 reason=projectile energy_bin_MeVu=[260,265.000000) energy_overflow=0 count=1 input_energy_MeV=1574.033 mean_collision_depth_mm=1.085 mean_remaining_copper_path_along_current_direction_mm=58.93
[fragment-cu-miss-joint] generation=1 Z=4 A=7 reason=below energy_bin_MeVu=[0,5.000000) energy_overflow=0 count=4 input_energy_MeV=45.441 mean_collision_depth_mm=20.85675 mean_remaining_copper_path_along_current_direction_mm=44.13025
[fragment-cu-miss-joint] generation=1 Z=4 A=9 reason=projectile energy_bin_MeVu=[0,5.000000) energy_overflow=0 count=8 input_energy_MeV=181.188 mean_collision_depth_mm=19.002375 mean_remaining_copper_path_along_current_direction_mm=45.649875
[fragment-cu-miss-joint] generation=1 Z=4 A=9 reason=projectile energy_bin_MeVu=[5,10.000000) energy_overflow=0 count=6 input_energy_MeV=402.758 mean_collision_depth_mm=26.147667 mean_remaining_copper_path_along_current_direction_mm=30.318
[fragment-cu-miss-joint] generation=1 Z=4 A=9 reason=projectile energy_bin_MeVu=[10,15.000000) energy_overflow=0 count=9 input_energy_MeV=1036.921 mean_collision_depth_mm=28.466333 mean_remaining_copper_path_along_current_direction_mm=24.968444
[fragment-cu-miss-joint] generation=1 Z=4 A=9 reason=projectile energy_bin_MeVu=[15,20.000000) energy_overflow=0 count=13 input_energy_MeV=2122.191 mean_collision_depth_mm=32.504385 mean_remaining_copper_path_along_current_direction_mm=23.216462
[fragment-cu-miss-joint] generation=1 Z=4 A=9 reason=projectile energy_bin_MeVu=[20,25.000000) energy_overflow=0 count=13 input_energy_MeV=2638.693 mean_collision_depth_mm=28.285615 mean_remaining_copper_path_along_current_direction_mm=28.696846
[fragment-cu-miss-joint] generation=1 Z=4 A=9 reason=projectile energy_bin_MeVu=[25,30.000000) energy_overflow=0 count=12 input_energy_MeV=3032.43 mean_collision_depth_mm=27.851667 mean_remaining_copper_path_along_current_direction_mm=26.218333
[fragment-cu-miss-joint] generation=1 Z=4 A=9 reason=projectile energy_bin_MeVu=[30,35.000000) energy_overflow=0 count=13 input_energy_MeV=3876.933 mean_collision_depth_mm=26.673615 mean_remaining_copper_path_along_current_direction_mm=29.949077
[fragment-cu-miss-joint] generation=1 Z=4 A=9 reason=projectile energy_bin_MeVu=[35,40.000000) energy_overflow=0 count=21 input_energy_MeV=7075.822 mean_collision_depth_mm=33.952857 mean_remaining_copper_path_along_current_direction_mm=23.767952
[fragment-cu-miss-joint] generation=1 Z=4 A=9 reason=projectile energy_bin_MeVu=[40,45.000000) energy_overflow=0 count=13 input_energy_MeV=4940.554 mean_collision_depth_mm=30.069462 mean_remaining_copper_path_along_current_direction_mm=25.231077
[fragment-cu-miss-joint] generation=1 Z=4 A=9 reason=projectile energy_bin_MeVu=[45,50.000000) energy_overflow=0 count=16 input_energy_MeV=6959.95 mean_collision_depth_mm=24.314937 mean_remaining_copper_path_along_current_direction_mm=30.722812
[fragment-cu-miss-joint] generation=1 Z=4 A=9 reason=projectile energy_bin_MeVu=[50,55.000000) energy_overflow=0 count=12 input_energy_MeV=5761.961 mean_collision_depth_mm=25.409833 mean_remaining_copper_path_along_current_direction_mm=31.297917
[fragment-cu-miss-joint] generation=1 Z=4 A=9 reason=projectile energy_bin_MeVu=[55,60.000000) energy_overflow=0 count=13 input_energy_MeV=6745.326 mean_collision_depth_mm=27.661154 mean_remaining_copper_path_along_current_direction_mm=27.583385
[fragment-cu-miss-joint] generation=1 Z=4 A=9 reason=projectile energy_bin_MeVu=[60,65.000000) energy_overflow=0 count=20 input_energy_MeV=11239.805 mean_collision_depth_mm=28.98855 mean_remaining_copper_path_along_current_direction_mm=26.08795
[fragment-cu-miss-joint] generation=1 Z=4 A=9 reason=projectile energy_bin_MeVu=[65,70.000000) energy_overflow=0 count=20 input_energy_MeV=12070.912 mean_collision_depth_mm=26.54295 mean_remaining_copper_path_along_current_direction_mm=29.6792
[fragment-cu-miss-joint] generation=1 Z=4 A=9 reason=projectile energy_bin_MeVu=[70,75.000000) energy_overflow=0 count=26 input_energy_MeV=17034.643 mean_collision_depth_mm=25.361346 mean_remaining_copper_path_along_current_direction_mm=30.860385
[fragment-cu-miss-joint] generation=1 Z=4 A=9 reason=projectile energy_bin_MeVu=[75,80.000000) energy_overflow=0 count=20 input_energy_MeV=13844.866 mean_collision_depth_mm=26.14745 mean_remaining_copper_path_along_current_direction_mm=31.118
[fragment-cu-miss-joint] generation=1 Z=4 A=9 reason=projectile energy_bin_MeVu=[80,85.000000) energy_overflow=0 count=26 input_energy_MeV=19295.21 mean_collision_depth_mm=28.956923 mean_remaining_copper_path_along_current_direction_mm=28.475731
[fragment-cu-miss-joint] generation=1 Z=4 A=9 reason=projectile energy_bin_MeVu=[85,90.000000) energy_overflow=0 count=29 input_energy_MeV=22869.631 mean_collision_depth_mm=24.136241 mean_remaining_copper_path_along_current_direction_mm=33.670379
[fragment-cu-miss-joint] generation=1 Z=4 A=9 reason=projectile energy_bin_MeVu=[90,95.000000) energy_overflow=0 count=25 input_energy_MeV=20804.279 mean_collision_depth_mm=24.37648 mean_remaining_copper_path_along_current_direction_mm=30.52312
[fragment-cu-miss-joint] generation=1 Z=4 A=9 reason=projectile energy_bin_MeVu=[95,100.000000) energy_overflow=0 count=18 input_energy_MeV=15743.192 mean_collision_depth_mm=20.513167 mean_remaining_copper_path_along_current_direction_mm=32.746278
[fragment-cu-miss-joint] generation=1 Z=4 A=9 reason=projectile energy_bin_MeVu=[100,105.000000) energy_overflow=0 count=17 input_energy_MeV=15719.511 mean_collision_depth_mm=21.938647 mean_remaining_copper_path_along_current_direction_mm=35.171235
[fragment-cu-miss-joint] generation=1 Z=4 A=9 reason=projectile energy_bin_MeVu=[105,110.000000) energy_overflow=0 count=25 input_energy_MeV=24277.572 mean_collision_depth_mm=20.64824 mean_remaining_copper_path_along_current_direction_mm=36.86804
[fragment-cu-miss-joint] generation=1 Z=4 A=9 reason=projectile energy_bin_MeVu=[110,115.000000) energy_overflow=0 count=17 input_energy_MeV=17138.151 mean_collision_depth_mm=22.681706 mean_remaining_copper_path_along_current_direction_mm=33.805882
[fragment-cu-miss-joint] generation=1 Z=4 A=9 reason=projectile energy_bin_MeVu=[115,120.000000) energy_overflow=0 count=24 input_energy_MeV=25459.931 mean_collision_depth_mm=21.253208 mean_remaining_copper_path_along_current_direction_mm=36.679958
[fragment-cu-miss-joint] generation=1 Z=4 A=9 reason=projectile energy_bin_MeVu=[120,125.000000) energy_overflow=0 count=21 input_energy_MeV=23162.981 mean_collision_depth_mm=24.885333 mean_remaining_copper_path_along_current_direction_mm=30.224619
[fragment-cu-miss-joint] generation=1 Z=4 A=9 reason=projectile energy_bin_MeVu=[125,130.000000) energy_overflow=0 count=19 input_energy_MeV=21796.842 mean_collision_depth_mm=19.841158 mean_remaining_copper_path_along_current_direction_mm=36.432842
[fragment-cu-miss-joint] generation=1 Z=4 A=9 reason=projectile energy_bin_MeVu=[130,135.000000) energy_overflow=0 count=13 input_energy_MeV=15477.796 mean_collision_depth_mm=18.270154 mean_remaining_copper_path_along_current_direction_mm=36.929846
[fragment-cu-miss-joint] generation=1 Z=4 A=9 reason=projectile energy_bin_MeVu=[135,140.000000) energy_overflow=0 count=19 input_energy_MeV=23530.809 mean_collision_depth_mm=18.991158 mean_remaining_copper_path_along_current_direction_mm=35.416474
[fragment-cu-miss-joint] generation=1 Z=4 A=9 reason=projectile energy_bin_MeVu=[140,145.000000) energy_overflow=0 count=20 input_energy_MeV=25629.034 mean_collision_depth_mm=19.8517 mean_remaining_copper_path_along_current_direction_mm=36.4702
[fragment-cu-miss-joint] generation=1 Z=4 A=9 reason=projectile energy_bin_MeVu=[145,150.000000) energy_overflow=0 count=18 input_energy_MeV=23896.782 mean_collision_depth_mm=16.501167 mean_remaining_copper_path_along_current_direction_mm=38.983889
[fragment-cu-miss-joint] generation=1 Z=4 A=9 reason=projectile energy_bin_MeVu=[150,155.000000) energy_overflow=0 count=25 input_energy_MeV=34298.17 mean_collision_depth_mm=17.54736 mean_remaining_copper_path_along_current_direction_mm=39.67944
[fragment-cu-miss-joint] generation=1 Z=4 A=9 reason=projectile energy_bin_MeVu=[155,160.000000) energy_overflow=0 count=23 input_energy_MeV=32665.995 mean_collision_depth_mm=13.838174 mean_remaining_copper_path_along_current_direction_mm=40.370609
[fragment-cu-miss-joint] generation=1 Z=4 A=9 reason=projectile energy_bin_MeVu=[160,165.000000) energy_overflow=0 count=15 input_energy_MeV=22025.839 mean_collision_depth_mm=18.055733 mean_remaining_copper_path_along_current_direction_mm=39.559
[fragment-cu-miss-joint] generation=1 Z=4 A=9 reason=projectile energy_bin_MeVu=[165,170.000000) energy_overflow=0 count=17 input_energy_MeV=25628.731 mean_collision_depth_mm=14.286118 mean_remaining_copper_path_along_current_direction_mm=42.511
[fragment-cu-miss-joint] generation=1 Z=4 A=9 reason=projectile energy_bin_MeVu=[170,175.000000) energy_overflow=0 count=28 input_energy_MeV=43393.274 mean_collision_depth_mm=16.721214 mean_remaining_copper_path_along_current_direction_mm=39.258143
[fragment-cu-miss-joint] generation=1 Z=4 A=9 reason=projectile energy_bin_MeVu=[175,180.000000) energy_overflow=0 count=18 input_energy_MeV=28749.062 mean_collision_depth_mm=14.623333 mean_remaining_copper_path_along_current_direction_mm=39.993722
[fragment-cu-miss-joint] generation=1 Z=4 A=9 reason=projectile energy_bin_MeVu=[180,185.000000) energy_overflow=0 count=21 input_energy_MeV=34516.103 mean_collision_depth_mm=16.084714 mean_remaining_copper_path_along_current_direction_mm=37.928571
[fragment-cu-miss-joint] generation=1 Z=4 A=9 reason=projectile energy_bin_MeVu=[185,190.000000) energy_overflow=0 count=9 input_energy_MeV=15161.053 mean_collision_depth_mm=14.238222 mean_remaining_copper_path_along_current_direction_mm=41.949889
[fragment-cu-miss-joint] generation=1 Z=4 A=9 reason=projectile energy_bin_MeVu=[190,195.000000) energy_overflow=0 count=9 input_energy_MeV=15518.442 mean_collision_depth_mm=10.367444 mean_remaining_copper_path_along_current_direction_mm=47.178333
[fragment-cu-miss-joint] generation=1 Z=4 A=9 reason=projectile energy_bin_MeVu=[195,200.000000) energy_overflow=0 count=18 input_energy_MeV=31975.939 mean_collision_depth_mm=12.766833 mean_remaining_copper_path_along_current_direction_mm=44.476111
[fragment-cu-miss-joint] generation=1 Z=4 A=9 reason=projectile energy_bin_MeVu=[200,205.000000) energy_overflow=0 count=6 input_energy_MeV=10950.316 mean_collision_depth_mm=7.8085 mean_remaining_copper_path_along_current_direction_mm=42.582
[fragment-cu-miss-joint] generation=1 Z=4 A=9 reason=projectile energy_bin_MeVu=[205,210.000000) energy_overflow=0 count=5 input_energy_MeV=9301.512 mean_collision_depth_mm=7.7388 mean_remaining_copper_path_along_current_direction_mm=50.87
[fragment-cu-miss-joint] generation=1 Z=4 A=9 reason=projectile energy_bin_MeVu=[210,215.000000) energy_overflow=0 count=5 input_energy_MeV=9560.851 mean_collision_depth_mm=8.7664 mean_remaining_copper_path_along_current_direction_mm=44.7382
[fragment-cu-miss-joint] generation=1 Z=4 A=9 reason=projectile energy_bin_MeVu=[215,220.000000) energy_overflow=0 count=6 input_energy_MeV=11790.938 mean_collision_depth_mm=5.9095 mean_remaining_copper_path_along_current_direction_mm=47.408833
[fragment-cu-miss-joint] generation=1 Z=4 A=9 reason=projectile energy_bin_MeVu=[220,225.000000) energy_overflow=0 count=1 input_energy_MeV=1997.205 mean_collision_depth_mm=6.432 mean_remaining_copper_path_along_current_direction_mm=53.574
[fragment-cu-miss-joint] generation=1 Z=4 A=9 reason=projectile energy_bin_MeVu=[225,230.000000) energy_overflow=0 count=4 input_energy_MeV=8208.411 mean_collision_depth_mm=10.97325 mean_remaining_copper_path_along_current_direction_mm=43.54875
[fragment-cu-miss-joint] generation=1 Z=4 A=9 reason=projectile energy_bin_MeVu=[230,235.000000) energy_overflow=0 count=3 input_energy_MeV=6292.613 mean_collision_depth_mm=6.502 mean_remaining_copper_path_along_current_direction_mm=49.848333
[fragment-cu-miss-joint] generation=1 Z=4 A=9 reason=projectile energy_bin_MeVu=[235,240.000000) energy_overflow=0 count=2 input_energy_MeV=4264.459 mean_collision_depth_mm=3.8095 mean_remaining_copper_path_along_current_direction_mm=50.95
[fragment-cu-miss-joint] generation=1 Z=4 A=9 reason=projectile energy_bin_MeVu=[240,245.000000) energy_overflow=0 count=2 input_energy_MeV=4357.131 mean_collision_depth_mm=18.928 mean_remaining_copper_path_along_current_direction_mm=35.222
[fragment-cu-miss-joint] generation=1 Z=4 A=9 reason=projectile energy_bin_MeVu=[245,250.000000) energy_overflow=0 count=1 input_energy_MeV=2208.419 mean_collision_depth_mm=9.314 mean_remaining_copper_path_along_current_direction_mm=50.701
[fragment-cu-miss-joint] generation=1 Z=4 A=9 reason=projectile energy_bin_MeVu=[250,255.000000) energy_overflow=0 count=5 input_energy_MeV=11349.942 mean_collision_depth_mm=2.5128 mean_remaining_copper_path_along_current_direction_mm=52.178
[fragment-cu-miss-joint] generation=1 Z=4 A=9 reason=projectile energy_bin_MeVu=[255,260.000000) energy_overflow=0 count=3 input_energy_MeV=6919.077 mean_collision_depth_mm=4.9823333 mean_remaining_copper_path_along_current_direction_mm=50.333667
[fragment-cu-miss-joint] generation=1 Z=4 A=9 reason=projectile energy_bin_MeVu=[265,270.000000) energy_overflow=0 count=1 input_energy_MeV=2399.156 mean_collision_depth_mm=3.499 mean_remaining_copper_path_along_current_direction_mm=56.525
[fragment-cu-miss-joint] generation=1 Z=4 A=10 reason=projectile energy_bin_MeVu=[0,5.000000) energy_overflow=0 count=4 input_energy_MeV=79.885 mean_collision_depth_mm=32.44 mean_remaining_copper_path_along_current_direction_mm=22.8685
[fragment-cu-miss-joint] generation=1 Z=4 A=10 reason=projectile energy_bin_MeVu=[5,10.000000) energy_overflow=0 count=3 input_energy_MeV=211.583 mean_collision_depth_mm=22.430667 mean_remaining_copper_path_along_current_direction_mm=33.626
[fragment-cu-miss-joint] generation=1 Z=4 A=10 reason=projectile energy_bin_MeVu=[10,15.000000) energy_overflow=0 count=10 input_energy_MeV=1221.595 mean_collision_depth_mm=32.5829 mean_remaining_copper_path_along_current_direction_mm=25.153
[fragment-cu-miss-joint] generation=1 Z=4 A=10 reason=projectile energy_bin_MeVu=[15,20.000000) energy_overflow=0 count=9 input_energy_MeV=1593.06 mean_collision_depth_mm=28.313778 mean_remaining_copper_path_along_current_direction_mm=27.949556
[fragment-cu-miss-joint] generation=1 Z=4 A=10 reason=projectile energy_bin_MeVu=[20,25.000000) energy_overflow=0 count=10 input_energy_MeV=2271.791 mean_collision_depth_mm=31.5082 mean_remaining_copper_path_along_current_direction_mm=27.2975
[fragment-cu-miss-joint] generation=1 Z=4 A=10 reason=projectile energy_bin_MeVu=[25,30.000000) energy_overflow=0 count=18 input_energy_MeV=4901.708 mean_collision_depth_mm=32.273889 mean_remaining_copper_path_along_current_direction_mm=23.379889
[fragment-cu-miss-joint] generation=1 Z=4 A=10 reason=projectile energy_bin_MeVu=[30,35.000000) energy_overflow=0 count=11 input_energy_MeV=3614.693 mean_collision_depth_mm=28.566545 mean_remaining_copper_path_along_current_direction_mm=28.829364
[fragment-cu-miss-joint] generation=1 Z=4 A=10 reason=projectile energy_bin_MeVu=[35,40.000000) energy_overflow=0 count=19 input_energy_MeV=7193.011 mean_collision_depth_mm=29.029684 mean_remaining_copper_path_along_current_direction_mm=28.606316
[fragment-cu-miss-joint] generation=1 Z=4 A=10 reason=projectile energy_bin_MeVu=[40,45.000000) energy_overflow=0 count=25 input_energy_MeV=10813.067 mean_collision_depth_mm=31.39256 mean_remaining_copper_path_along_current_direction_mm=26.2948
[fragment-cu-miss-joint] generation=1 Z=4 A=10 reason=projectile energy_bin_MeVu=[45,50.000000) energy_overflow=0 count=16 input_energy_MeV=7582.209 mean_collision_depth_mm=29.61325 mean_remaining_copper_path_along_current_direction_mm=28.2735
[fragment-cu-miss-joint] generation=1 Z=4 A=10 reason=projectile energy_bin_MeVu=[50,55.000000) energy_overflow=0 count=23 input_energy_MeV=12139.194 mean_collision_depth_mm=29.028609 mean_remaining_copper_path_along_current_direction_mm=27.725217
[fragment-cu-miss-joint] generation=1 Z=4 A=10 reason=projectile energy_bin_MeVu=[55,60.000000) energy_overflow=0 count=20 input_energy_MeV=11544.779 mean_collision_depth_mm=28.73205 mean_remaining_copper_path_along_current_direction_mm=27.21705
[fragment-cu-miss-joint] generation=1 Z=4 A=10 reason=projectile energy_bin_MeVu=[60,65.000000) energy_overflow=0 count=16 input_energy_MeV=9994.283 mean_collision_depth_mm=28.578312 mean_remaining_copper_path_along_current_direction_mm=29.19575
[fragment-cu-miss-joint] generation=1 Z=4 A=10 reason=projectile energy_bin_MeVu=[65,70.000000) energy_overflow=0 count=23 input_energy_MeV=15483.495 mean_collision_depth_mm=28.318174 mean_remaining_copper_path_along_current_direction_mm=28.927087
[fragment-cu-miss-joint] generation=1 Z=4 A=10 reason=projectile energy_bin_MeVu=[70,75.000000) energy_overflow=0 count=18 input_energy_MeV=13017.286 mean_collision_depth_mm=27.8845 mean_remaining_copper_path_along_current_direction_mm=28.483556
[fragment-cu-miss-joint] generation=1 Z=4 A=10 reason=projectile energy_bin_MeVu=[75,80.000000) energy_overflow=0 count=25 input_energy_MeV=19343.001 mean_collision_depth_mm=27.08804 mean_remaining_copper_path_along_current_direction_mm=25.64912
[fragment-cu-miss-joint] generation=1 Z=4 A=10 reason=projectile energy_bin_MeVu=[80,85.000000) energy_overflow=0 count=30 input_energy_MeV=24692.178 mean_collision_depth_mm=27.882033 mean_remaining_copper_path_along_current_direction_mm=30.4301
[fragment-cu-miss-joint] generation=1 Z=4 A=10 reason=projectile energy_bin_MeVu=[85,90.000000) energy_overflow=0 count=20 input_energy_MeV=17447.889 mean_collision_depth_mm=30.0066 mean_remaining_copper_path_along_current_direction_mm=27.81125
[fragment-cu-miss-joint] generation=1 Z=4 A=10 reason=projectile energy_bin_MeVu=[90,95.000000) energy_overflow=0 count=30 input_energy_MeV=27728.313 mean_collision_depth_mm=26.4016 mean_remaining_copper_path_along_current_direction_mm=31.171833
[fragment-cu-miss-joint] generation=1 Z=4 A=10 reason=projectile energy_bin_MeVu=[95,100.000000) energy_overflow=0 count=28 input_energy_MeV=27176.229 mean_collision_depth_mm=30.958607 mean_remaining_copper_path_along_current_direction_mm=25.586643
[fragment-cu-miss-joint] generation=1 Z=4 A=10 reason=projectile energy_bin_MeVu=[100,105.000000) energy_overflow=0 count=33 input_energy_MeV=33968.188 mean_collision_depth_mm=24.250061 mean_remaining_copper_path_along_current_direction_mm=34.183848
[fragment-cu-miss-joint] generation=1 Z=4 A=10 reason=projectile energy_bin_MeVu=[105,110.000000) energy_overflow=0 count=21 input_energy_MeV=22537.93 mean_collision_depth_mm=25.024333 mean_remaining_copper_path_along_current_direction_mm=29.69281
[fragment-cu-miss-joint] generation=1 Z=4 A=10 reason=projectile energy_bin_MeVu=[110,115.000000) energy_overflow=0 count=24 input_energy_MeV=27067.862 mean_collision_depth_mm=22.562875 mean_remaining_copper_path_along_current_direction_mm=32.557
[fragment-cu-miss-joint] generation=1 Z=4 A=10 reason=projectile energy_bin_MeVu=[115,120.000000) energy_overflow=0 count=26 input_energy_MeV=30644.732 mean_collision_depth_mm=24.067115 mean_remaining_copper_path_along_current_direction_mm=33.793
[fragment-cu-miss-joint] generation=1 Z=4 A=10 reason=projectile energy_bin_MeVu=[120,125.000000) energy_overflow=0 count=21 input_energy_MeV=25778.427 mean_collision_depth_mm=22.278952 mean_remaining_copper_path_along_current_direction_mm=33.080524
[fragment-cu-miss-joint] generation=1 Z=4 A=10 reason=projectile energy_bin_MeVu=[125,130.000000) energy_overflow=0 count=26 input_energy_MeV=33295.744 mean_collision_depth_mm=22.544962 mean_remaining_copper_path_along_current_direction_mm=34.059692
[fragment-cu-miss-joint] generation=1 Z=4 A=10 reason=projectile energy_bin_MeVu=[130,135.000000) energy_overflow=0 count=26 input_energy_MeV=34491.321 mean_collision_depth_mm=20.199538 mean_remaining_copper_path_along_current_direction_mm=35.533846
[fragment-cu-miss-joint] generation=1 Z=4 A=10 reason=projectile energy_bin_MeVu=[135,140.000000) energy_overflow=0 count=25 input_energy_MeV=34465.55 mean_collision_depth_mm=19.15484 mean_remaining_copper_path_along_current_direction_mm=36.88796
[fragment-cu-miss-joint] generation=1 Z=4 A=10 reason=projectile energy_bin_MeVu=[140,145.000000) energy_overflow=0 count=22 input_energy_MeV=31328.334 mean_collision_depth_mm=21.574455 mean_remaining_copper_path_along_current_direction_mm=37.227182
[fragment-cu-miss-joint] generation=1 Z=4 A=10 reason=projectile energy_bin_MeVu=[145,150.000000) energy_overflow=0 count=28 input_energy_MeV=41277.839 mean_collision_depth_mm=19.677393 mean_remaining_copper_path_along_current_direction_mm=35.211143
[fragment-cu-miss-joint] generation=1 Z=4 A=10 reason=projectile energy_bin_MeVu=[150,155.000000) energy_overflow=0 count=19 input_energy_MeV=29041.719 mean_collision_depth_mm=17.744526 mean_remaining_copper_path_along_current_direction_mm=37.910474
[fragment-cu-miss-joint] generation=1 Z=4 A=10 reason=projectile energy_bin_MeVu=[155,160.000000) energy_overflow=0 count=28 input_energy_MeV=43858.652 mean_collision_depth_mm=17.612714 mean_remaining_copper_path_along_current_direction_mm=39.161607
[fragment-cu-miss-joint] generation=1 Z=4 A=10 reason=projectile energy_bin_MeVu=[160,165.000000) energy_overflow=0 count=21 input_energy_MeV=34067.685 mean_collision_depth_mm=20.771571 mean_remaining_copper_path_along_current_direction_mm=34.749619
[fragment-cu-miss-joint] generation=1 Z=4 A=10 reason=projectile energy_bin_MeVu=[165,170.000000) energy_overflow=0 count=17 input_energy_MeV=28461.082 mean_collision_depth_mm=14.469412 mean_remaining_copper_path_along_current_direction_mm=39.338176
[fragment-cu-miss-joint] generation=1 Z=4 A=10 reason=projectile energy_bin_MeVu=[170,175.000000) energy_overflow=0 count=15 input_energy_MeV=25891.623 mean_collision_depth_mm=15.779733 mean_remaining_copper_path_along_current_direction_mm=39.435667
[fragment-cu-miss-joint] generation=1 Z=4 A=10 reason=projectile energy_bin_MeVu=[175,180.000000) energy_overflow=0 count=14 input_energy_MeV=24841.99 mean_collision_depth_mm=18.183357 mean_remaining_copper_path_along_current_direction_mm=36.663143
[fragment-cu-miss-joint] generation=1 Z=4 A=10 reason=projectile energy_bin_MeVu=[180,185.000000) energy_overflow=0 count=11 input_energy_MeV=20080.507 mean_collision_depth_mm=16.765455 mean_remaining_copper_path_along_current_direction_mm=35.977909
[fragment-cu-miss-joint] generation=1 Z=4 A=10 reason=projectile energy_bin_MeVu=[185,190.000000) energy_overflow=0 count=14 input_energy_MeV=26239.092 mean_collision_depth_mm=13.238214 mean_remaining_copper_path_along_current_direction_mm=42.880214
[fragment-cu-miss-joint] generation=1 Z=4 A=10 reason=projectile energy_bin_MeVu=[190,195.000000) energy_overflow=0 count=10 input_energy_MeV=19226.927 mean_collision_depth_mm=10.3493 mean_remaining_copper_path_along_current_direction_mm=42.0886
[fragment-cu-miss-joint] generation=1 Z=4 A=10 reason=projectile energy_bin_MeVu=[195,200.000000) energy_overflow=0 count=15 input_energy_MeV=29499.343 mean_collision_depth_mm=16.091 mean_remaining_copper_path_along_current_direction_mm=34.8602
[fragment-cu-miss-joint] generation=1 Z=4 A=10 reason=projectile energy_bin_MeVu=[200,205.000000) energy_overflow=0 count=14 input_energy_MeV=28307.825 mean_collision_depth_mm=8.5436429 mean_remaining_copper_path_along_current_direction_mm=47.135071
[fragment-cu-miss-joint] generation=1 Z=4 A=10 reason=projectile energy_bin_MeVu=[205,210.000000) energy_overflow=0 count=9 input_energy_MeV=18672.649 mean_collision_depth_mm=17.344889 mean_remaining_copper_path_along_current_direction_mm=38.530222
[fragment-cu-miss-joint] generation=1 Z=4 A=10 reason=projectile energy_bin_MeVu=[210,215.000000) energy_overflow=0 count=8 input_energy_MeV=16955.28 mean_collision_depth_mm=17.156625 mean_remaining_copper_path_along_current_direction_mm=38.582875
[fragment-cu-miss-joint] generation=1 Z=4 A=10 reason=projectile energy_bin_MeVu=[215,220.000000) energy_overflow=0 count=10 input_energy_MeV=21735.442 mean_collision_depth_mm=5.9018 mean_remaining_copper_path_along_current_direction_mm=49.1618
[fragment-cu-miss-joint] generation=1 Z=4 A=10 reason=projectile energy_bin_MeVu=[220,225.000000) energy_overflow=0 count=8 input_energy_MeV=17750.303 mean_collision_depth_mm=8.829875 mean_remaining_copper_path_along_current_direction_mm=50.0915
[fragment-cu-miss-joint] generation=1 Z=4 A=10 reason=projectile energy_bin_MeVu=[225,230.000000) energy_overflow=0 count=7 input_energy_MeV=15997.644 mean_collision_depth_mm=6.1568571 mean_remaining_copper_path_along_current_direction_mm=46.330143
[fragment-cu-miss-joint] generation=1 Z=4 A=10 reason=projectile energy_bin_MeVu=[230,235.000000) energy_overflow=0 count=2 input_energy_MeV=4693.723 mean_collision_depth_mm=12.701 mean_remaining_copper_path_along_current_direction_mm=41.828
[fragment-cu-miss-joint] generation=1 Z=4 A=10 reason=projectile energy_bin_MeVu=[240,245.000000) energy_overflow=0 count=2 input_energy_MeV=4838.264 mean_collision_depth_mm=2.5065 mean_remaining_copper_path_along_current_direction_mm=57.558
[fragment-cu-miss-joint] generation=1 Z=4 A=10 reason=projectile energy_bin_MeVu=[245,250.000000) energy_overflow=0 count=1 input_energy_MeV=2476.277 mean_collision_depth_mm=1.927 mean_remaining_copper_path_along_current_direction_mm=58.103
[fragment-cu-miss-joint] generation=1 Z=4 A=10 reason=projectile energy_bin_MeVu=[250,255.000000) energy_overflow=0 count=1 input_energy_MeV=2542.034 mean_collision_depth_mm=1.027 mean_remaining_copper_path_along_current_direction_mm=49.69
[fragment-cu-miss-joint] generation=1 Z=5 A=8 reason=projectile energy_bin_MeVu=[0,5.000000) energy_overflow=0 count=1 input_energy_MeV=34.361 mean_collision_depth_mm=1.117 mean_remaining_copper_path_along_current_direction_mm=56.385
[fragment-cu-miss-joint] generation=1 Z=5 A=8 reason=projectile energy_bin_MeVu=[20,25.000000) energy_overflow=0 count=1 input_energy_MeV=180.733 mean_collision_depth_mm=18.584 mean_remaining_copper_path_along_current_direction_mm=41.426
[fragment-cu-miss-joint] generation=1 Z=5 A=8 reason=projectile energy_bin_MeVu=[25,30.000000) energy_overflow=0 count=1 input_energy_MeV=213.093 mean_collision_depth_mm=20.796 mean_remaining_copper_path_along_current_direction_mm=39.229
[fragment-cu-miss-joint] generation=1 Z=5 A=8 reason=projectile energy_bin_MeVu=[40,45.000000) energy_overflow=0 count=3 input_energy_MeV=1050.566 mean_collision_depth_mm=18.149333 mean_remaining_copper_path_along_current_direction_mm=26.595
[fragment-cu-miss-joint] generation=1 Z=5 A=8 reason=projectile energy_bin_MeVu=[45,50.000000) energy_overflow=0 count=1 input_energy_MeV=377.105 mean_collision_depth_mm=19.131 mean_remaining_copper_path_along_current_direction_mm=40.929
[fragment-cu-miss-joint] generation=1 Z=5 A=8 reason=projectile energy_bin_MeVu=[55,60.000000) energy_overflow=0 count=1 input_energy_MeV=470.35 mean_collision_depth_mm=19.657 mean_remaining_copper_path_along_current_direction_mm=14.015
[fragment-cu-miss-joint] generation=1 Z=5 A=8 reason=projectile energy_bin_MeVu=[60,65.000000) energy_overflow=0 count=3 input_energy_MeV=1499.853 mean_collision_depth_mm=18.618667 mean_remaining_copper_path_along_current_direction_mm=41.397
[fragment-cu-miss-joint] generation=1 Z=5 A=8 reason=projectile energy_bin_MeVu=[70,75.000000) energy_overflow=0 count=3 input_energy_MeV=1787.848 mean_collision_depth_mm=10.979 mean_remaining_copper_path_along_current_direction_mm=46.542667
[fragment-cu-miss-joint] generation=1 Z=5 A=8 reason=projectile energy_bin_MeVu=[75,80.000000) energy_overflow=0 count=6 input_energy_MeV=3689.674 mean_collision_depth_mm=18.6095 mean_remaining_copper_path_along_current_direction_mm=38.636333
[fragment-cu-miss-joint] generation=1 Z=5 A=8 reason=projectile energy_bin_MeVu=[80,85.000000) energy_overflow=0 count=3 input_energy_MeV=2000.95 mean_collision_depth_mm=17.436667 mean_remaining_copper_path_along_current_direction_mm=39.142667
[fragment-cu-miss-joint] generation=1 Z=5 A=8 reason=projectile energy_bin_MeVu=[95,100.000000) energy_overflow=0 count=2 input_energy_MeV=1550.202 mean_collision_depth_mm=15.3195 mean_remaining_copper_path_along_current_direction_mm=40.7235
[fragment-cu-miss-joint] generation=1 Z=5 A=8 reason=projectile energy_bin_MeVu=[100,105.000000) energy_overflow=0 count=4 input_energy_MeV=3225.09 mean_collision_depth_mm=17.994 mean_remaining_copper_path_along_current_direction_mm=42.1185
[fragment-cu-miss-joint] generation=1 Z=5 A=8 reason=projectile energy_bin_MeVu=[105,110.000000) energy_overflow=0 count=4 input_energy_MeV=3442.414 mean_collision_depth_mm=14.875 mean_remaining_copper_path_along_current_direction_mm=40.9965
[fragment-cu-miss-joint] generation=1 Z=5 A=8 reason=projectile energy_bin_MeVu=[110,115.000000) energy_overflow=0 count=2 input_energy_MeV=1786.982 mean_collision_depth_mm=13.2425 mean_remaining_copper_path_along_current_direction_mm=38.433
[fragment-cu-miss-joint] generation=1 Z=5 A=8 reason=projectile energy_bin_MeVu=[115,120.000000) energy_overflow=0 count=3 input_energy_MeV=2822.253 mean_collision_depth_mm=13.527333 mean_remaining_copper_path_along_current_direction_mm=35.836667
[fragment-cu-miss-joint] generation=1 Z=5 A=8 reason=projectile energy_bin_MeVu=[120,125.000000) energy_overflow=0 count=2 input_energy_MeV=1969.663 mean_collision_depth_mm=14.527 mean_remaining_copper_path_along_current_direction_mm=45.4955
[fragment-cu-miss-joint] generation=1 Z=5 A=8 reason=projectile energy_bin_MeVu=[130,135.000000) energy_overflow=0 count=2 input_energy_MeV=2127.956 mean_collision_depth_mm=11.2965 mean_remaining_copper_path_along_current_direction_mm=14.9515
[fragment-cu-miss-joint] generation=1 Z=5 A=8 reason=projectile energy_bin_MeVu=[135,140.000000) energy_overflow=0 count=3 input_energy_MeV=3290.636 mean_collision_depth_mm=11.025667 mean_remaining_copper_path_along_current_direction_mm=40.750667
[fragment-cu-miss-joint] generation=1 Z=5 A=8 reason=projectile energy_bin_MeVu=[145,150.000000) energy_overflow=0 count=2 input_energy_MeV=2361.73 mean_collision_depth_mm=11.2015 mean_remaining_copper_path_along_current_direction_mm=48.922
[fragment-cu-miss-joint] generation=1 Z=5 A=8 reason=projectile energy_bin_MeVu=[155,160.000000) energy_overflow=0 count=1 input_energy_MeV=1277.261 mean_collision_depth_mm=11.176 mean_remaining_copper_path_along_current_direction_mm=33.219
[fragment-cu-miss-joint] generation=1 Z=5 A=8 reason=projectile energy_bin_MeVu=[160,165.000000) energy_overflow=0 count=1 input_energy_MeV=1300.21 mean_collision_depth_mm=8.789 mean_remaining_copper_path_along_current_direction_mm=51.228
[fragment-cu-miss-joint] generation=1 Z=5 A=8 reason=projectile energy_bin_MeVu=[175,180.000000) energy_overflow=0 count=1 input_energy_MeV=1402.58 mean_collision_depth_mm=7.249 mean_remaining_copper_path_along_current_direction_mm=52.799
[fragment-cu-miss-joint] generation=1 Z=5 A=8 reason=projectile energy_bin_MeVu=[180,185.000000) energy_overflow=0 count=3 input_energy_MeV=4390.708 mean_collision_depth_mm=6.757 mean_remaining_copper_path_along_current_direction_mm=36.735
[fragment-cu-miss-joint] generation=1 Z=5 A=8 reason=projectile energy_bin_MeVu=[185,190.000000) energy_overflow=0 count=1 input_energy_MeV=1501.504 mean_collision_depth_mm=8.326 mean_remaining_copper_path_along_current_direction_mm=51.686
[fragment-cu-miss-joint] generation=1 Z=5 A=8 reason=projectile energy_bin_MeVu=[190,195.000000) energy_overflow=0 count=1 input_energy_MeV=1520.222 mean_collision_depth_mm=5.25 mean_remaining_copper_path_along_current_direction_mm=47.657
[fragment-cu-miss-joint] generation=1 Z=5 A=8 reason=projectile energy_bin_MeVu=[200,205.000000) energy_overflow=0 count=1 input_energy_MeV=1606.691 mean_collision_depth_mm=6.91 mean_remaining_copper_path_along_current_direction_mm=53.095
[fragment-cu-miss-joint] generation=1 Z=5 A=8 reason=projectile energy_bin_MeVu=[210,215.000000) energy_overflow=0 count=4 input_energy_MeV=6799.569 mean_collision_depth_mm=4.39275 mean_remaining_copper_path_along_current_direction_mm=51.42375
[fragment-cu-miss-joint] generation=1 Z=5 A=10 reason=below energy_bin_MeVu=[0,5.000000) energy_overflow=0 count=14 input_energy_MeV=235.921 mean_collision_depth_mm=23.543357 mean_remaining_copper_path_along_current_direction_mm=33.972357
[fragment-cu-miss-joint] generation=1 Z=5 A=11 reason=below energy_bin_MeVu=[0,5.000000) energy_overflow=0 count=26 input_energy_MeV=547.219 mean_collision_depth_mm=25.633962 mean_remaining_copper_path_along_current_direction_mm=31.546615
[fragment-cu-miss-joint] generation=1 Z=6 A=9 reason=projectile energy_bin_MeVu=[95,100.000000) energy_overflow=0 count=1 input_energy_MeV=882.465 mean_collision_depth_mm=14.996 mean_remaining_copper_path_along_current_direction_mm=45.069
[fragment-cu-miss-joint] generation=1 Z=6 A=9 reason=projectile energy_bin_MeVu=[100,105.000000) energy_overflow=0 count=1 input_energy_MeV=943.194 mean_collision_depth_mm=14.397 mean_remaining_copper_path_along_current_direction_mm=45.66
[fragment-cu-miss-joint] generation=1 Z=6 A=9 reason=projectile energy_bin_MeVu=[110,115.000000) energy_overflow=0 count=1 input_energy_MeV=1006.154 mean_collision_depth_mm=14.69 mean_remaining_copper_path_along_current_direction_mm=45.403
[fragment-cu-miss-joint] generation=1 Z=6 A=9 reason=projectile energy_bin_MeVu=[135,140.000000) energy_overflow=0 count=1 input_energy_MeV=1234.537 mean_collision_depth_mm=12.434 mean_remaining_copper_path_along_current_direction_mm=42.426
[fragment-cu-miss-joint] generation=1 Z=6 A=10 reason=projectile energy_bin_MeVu=[0,5.000000) energy_overflow=0 count=2 input_energy_MeV=54.064 mean_collision_depth_mm=19.7755 mean_remaining_copper_path_along_current_direction_mm=37.44
[fragment-cu-miss-joint] generation=1 Z=6 A=10 reason=projectile energy_bin_MeVu=[5,10.000000) energy_overflow=0 count=2 input_energy_MeV=156.112 mean_collision_depth_mm=38.197 mean_remaining_copper_path_along_current_direction_mm=21.4745
[fragment-cu-miss-joint] generation=1 Z=6 A=10 reason=projectile energy_bin_MeVu=[10,15.000000) energy_overflow=0 count=1 input_energy_MeV=102.254 mean_collision_depth_mm=18.714 mean_remaining_copper_path_along_current_direction_mm=34.817
[fragment-cu-miss-joint] generation=1 Z=6 A=10 reason=projectile energy_bin_MeVu=[15,20.000000) energy_overflow=0 count=2 input_energy_MeV=371.632 mean_collision_depth_mm=26.762 mean_remaining_copper_path_along_current_direction_mm=23.4475
[fragment-cu-miss-joint] generation=1 Z=6 A=10 reason=projectile energy_bin_MeVu=[20,25.000000) energy_overflow=0 count=2 input_energy_MeV=475.751 mean_collision_depth_mm=20.422 mean_remaining_copper_path_along_current_direction_mm=35.9655
[fragment-cu-miss-joint] generation=1 Z=6 A=10 reason=projectile energy_bin_MeVu=[25,30.000000) energy_overflow=0 count=6 input_energy_MeV=1697.225 mean_collision_depth_mm=25.605333 mean_remaining_copper_path_along_current_direction_mm=25.475667
[fragment-cu-miss-joint] generation=1 Z=6 A=10 reason=projectile energy_bin_MeVu=[30,35.000000) energy_overflow=0 count=2 input_energy_MeV=682.295 mean_collision_depth_mm=18.2335 mean_remaining_copper_path_along_current_direction_mm=41.896
[fragment-cu-miss-joint] generation=1 Z=6 A=10 reason=projectile energy_bin_MeVu=[35,40.000000) energy_overflow=0 count=5 input_energy_MeV=1831.609 mean_collision_depth_mm=20.0718 mean_remaining_copper_path_along_current_direction_mm=36.687
[fragment-cu-miss-joint] generation=1 Z=6 A=10 reason=projectile energy_bin_MeVu=[40,45.000000) energy_overflow=0 count=9 input_energy_MeV=3906.784 mean_collision_depth_mm=19.257889 mean_remaining_copper_path_along_current_direction_mm=38.128111
[fragment-cu-miss-joint] generation=1 Z=6 A=10 reason=projectile energy_bin_MeVu=[45,50.000000) energy_overflow=0 count=6 input_energy_MeV=2941.032 mean_collision_depth_mm=23.179 mean_remaining_copper_path_along_current_direction_mm=31.334833
[fragment-cu-miss-joint] generation=1 Z=6 A=10 reason=projectile energy_bin_MeVu=[50,55.000000) energy_overflow=0 count=2 input_energy_MeV=1064.408 mean_collision_depth_mm=18.2275 mean_remaining_copper_path_along_current_direction_mm=29.9965
[fragment-cu-miss-joint] generation=1 Z=6 A=10 reason=projectile energy_bin_MeVu=[55,60.000000) energy_overflow=0 count=5 input_energy_MeV=2829.625 mean_collision_depth_mm=19.4562 mean_remaining_copper_path_along_current_direction_mm=33.5052
[fragment-cu-miss-joint] generation=1 Z=6 A=10 reason=projectile energy_bin_MeVu=[60,65.000000) energy_overflow=0 count=8 input_energy_MeV=5012.819 mean_collision_depth_mm=19.411375 mean_remaining_copper_path_along_current_direction_mm=37.760625
[fragment-cu-miss-joint] generation=1 Z=6 A=10 reason=projectile energy_bin_MeVu=[65,70.000000) energy_overflow=0 count=8 input_energy_MeV=5341.421 mean_collision_depth_mm=22.455125 mean_remaining_copper_path_along_current_direction_mm=35.26325
[fragment-cu-miss-joint] generation=1 Z=6 A=10 reason=projectile energy_bin_MeVu=[70,75.000000) energy_overflow=0 count=7 input_energy_MeV=5002.021 mean_collision_depth_mm=18.463286 mean_remaining_copper_path_along_current_direction_mm=37.435286
[fragment-cu-miss-joint] generation=1 Z=6 A=10 reason=projectile energy_bin_MeVu=[75,80.000000) energy_overflow=0 count=2 input_energy_MeV=1540.794 mean_collision_depth_mm=15.67 mean_remaining_copper_path_along_current_direction_mm=40.088
[fragment-cu-miss-joint] generation=1 Z=6 A=10 reason=projectile energy_bin_MeVu=[80,85.000000) energy_overflow=0 count=2 input_energy_MeV=1633.097 mean_collision_depth_mm=17.3275 mean_remaining_copper_path_along_current_direction_mm=42.7105
[fragment-cu-miss-joint] generation=1 Z=6 A=10 reason=projectile energy_bin_MeVu=[85,90.000000) energy_overflow=0 count=9 input_energy_MeV=7852.795 mean_collision_depth_mm=19.414556 mean_remaining_copper_path_along_current_direction_mm=29.976778
[fragment-cu-miss-joint] generation=1 Z=6 A=10 reason=projectile energy_bin_MeVu=[90,95.000000) energy_overflow=0 count=6 input_energy_MeV=5516.025 mean_collision_depth_mm=16.3915 mean_remaining_copper_path_along_current_direction_mm=35.803833
[fragment-cu-miss-joint] generation=1 Z=6 A=10 reason=projectile energy_bin_MeVu=[95,100.000000) energy_overflow=0 count=4 input_energy_MeV=3915.225 mean_collision_depth_mm=16.099 mean_remaining_copper_path_along_current_direction_mm=39.1795
[fragment-cu-miss-joint] generation=1 Z=6 A=10 reason=projectile energy_bin_MeVu=[100,105.000000) energy_overflow=0 count=6 input_energy_MeV=6101.303 mean_collision_depth_mm=15.6145 mean_remaining_copper_path_along_current_direction_mm=41.480333
[fragment-cu-miss-joint] generation=1 Z=6 A=10 reason=projectile energy_bin_MeVu=[105,110.000000) energy_overflow=0 count=4 input_energy_MeV=4302.511 mean_collision_depth_mm=15.121 mean_remaining_copper_path_along_current_direction_mm=41.817
[fragment-cu-miss-joint] generation=1 Z=6 A=10 reason=projectile energy_bin_MeVu=[110,115.000000) energy_overflow=0 count=6 input_energy_MeV=6728.116 mean_collision_depth_mm=14.352667 mean_remaining_copper_path_along_current_direction_mm=41.7685
[fragment-cu-miss-joint] generation=1 Z=6 A=10 reason=projectile energy_bin_MeVu=[115,120.000000) energy_overflow=0 count=6 input_energy_MeV=7037.362 mean_collision_depth_mm=14.381833 mean_remaining_copper_path_along_current_direction_mm=37.565833
[fragment-cu-miss-joint] generation=1 Z=6 A=10 reason=projectile energy_bin_MeVu=[120,125.000000) energy_overflow=0 count=6 input_energy_MeV=7357.431 mean_collision_depth_mm=17.673167 mean_remaining_copper_path_along_current_direction_mm=37.402667
[fragment-cu-miss-joint] generation=1 Z=6 A=10 reason=projectile energy_bin_MeVu=[125,130.000000) energy_overflow=0 count=9 input_energy_MeV=11443.673 mean_collision_depth_mm=14.225667 mean_remaining_copper_path_along_current_direction_mm=42.042444
[fragment-cu-miss-joint] generation=1 Z=6 A=10 reason=projectile energy_bin_MeVu=[130,135.000000) energy_overflow=0 count=5 input_energy_MeV=6641.736 mean_collision_depth_mm=13.4988 mean_remaining_copper_path_along_current_direction_mm=45.0444
[fragment-cu-miss-joint] generation=1 Z=6 A=10 reason=projectile energy_bin_MeVu=[135,140.000000) energy_overflow=0 count=9 input_energy_MeV=12396.801 mean_collision_depth_mm=18.551111 mean_remaining_copper_path_along_current_direction_mm=38.072778
[fragment-cu-miss-joint] generation=1 Z=6 A=10 reason=projectile energy_bin_MeVu=[140,145.000000) energy_overflow=0 count=6 input_energy_MeV=8586.621 mean_collision_depth_mm=12.6315 mean_remaining_copper_path_along_current_direction_mm=41.970833
[fragment-cu-miss-joint] generation=1 Z=6 A=10 reason=projectile energy_bin_MeVu=[145,150.000000) energy_overflow=0 count=5 input_energy_MeV=7335.448 mean_collision_depth_mm=18.2268 mean_remaining_copper_path_along_current_direction_mm=41.8296
[fragment-cu-miss-joint] generation=1 Z=6 A=10 reason=projectile energy_bin_MeVu=[150,155.000000) energy_overflow=0 count=5 input_energy_MeV=7623.536 mean_collision_depth_mm=11.9818 mean_remaining_copper_path_along_current_direction_mm=45.6016
[fragment-cu-miss-joint] generation=1 Z=6 A=10 reason=projectile energy_bin_MeVu=[155,160.000000) energy_overflow=0 count=6 input_energy_MeV=9440.283 mean_collision_depth_mm=11.127167 mean_remaining_copper_path_along_current_direction_mm=34.4355
[fragment-cu-miss-joint] generation=1 Z=6 A=10 reason=projectile energy_bin_MeVu=[160,165.000000) energy_overflow=0 count=7 input_energy_MeV=11431.873 mean_collision_depth_mm=11.173571 mean_remaining_copper_path_along_current_direction_mm=44.326143
[fragment-cu-miss-joint] generation=1 Z=6 A=10 reason=projectile energy_bin_MeVu=[165,170.000000) energy_overflow=0 count=4 input_energy_MeV=6738.64 mean_collision_depth_mm=10.3395 mean_remaining_copper_path_along_current_direction_mm=49.5885
[fragment-cu-miss-joint] generation=1 Z=6 A=10 reason=projectile energy_bin_MeVu=[170,175.000000) energy_overflow=0 count=5 input_energy_MeV=8618.789 mean_collision_depth_mm=12.9966 mean_remaining_copper_path_along_current_direction_mm=39.615
[fragment-cu-miss-joint] generation=1 Z=6 A=10 reason=projectile energy_bin_MeVu=[175,180.000000) energy_overflow=0 count=1 input_energy_MeV=1752.396 mean_collision_depth_mm=9.033 mean_remaining_copper_path_along_current_direction_mm=51.011
[fragment-cu-miss-joint] generation=1 Z=6 A=10 reason=projectile energy_bin_MeVu=[180,185.000000) energy_overflow=0 count=3 input_energy_MeV=5485.134 mean_collision_depth_mm=8.8296667 mean_remaining_copper_path_along_current_direction_mm=48.049
[fragment-cu-miss-joint] generation=1 Z=6 A=10 reason=projectile energy_bin_MeVu=[185,190.000000) energy_overflow=0 count=5 input_energy_MeV=9391.371 mean_collision_depth_mm=8.5312 mean_remaining_copper_path_along_current_direction_mm=47.6764
[fragment-cu-miss-joint] generation=1 Z=6 A=10 reason=projectile energy_bin_MeVu=[190,195.000000) energy_overflow=0 count=7 input_energy_MeV=13529.49 mean_collision_depth_mm=9.2057143 mean_remaining_copper_path_along_current_direction_mm=50.810286
[fragment-cu-miss-joint] generation=1 Z=6 A=10 reason=projectile energy_bin_MeVu=[195,200.000000) energy_overflow=0 count=7 input_energy_MeV=13753.663 mean_collision_depth_mm=8.9787143 mean_remaining_copper_path_along_current_direction_mm=50.362
[fragment-cu-miss-joint] generation=1 Z=6 A=10 reason=projectile energy_bin_MeVu=[200,205.000000) energy_overflow=0 count=2 input_energy_MeV=4066.222 mean_collision_depth_mm=5.8375 mean_remaining_copper_path_along_current_direction_mm=47.458
[fragment-cu-miss-joint] generation=1 Z=6 A=10 reason=projectile energy_bin_MeVu=[205,210.000000) energy_overflow=0 count=3 input_energy_MeV=6207.683 mean_collision_depth_mm=6.118 mean_remaining_copper_path_along_current_direction_mm=53.908
[fragment-cu-miss-joint] generation=1 Z=6 A=10 reason=projectile energy_bin_MeVu=[210,215.000000) energy_overflow=0 count=3 input_energy_MeV=6385.763 mean_collision_depth_mm=6.6406667 mean_remaining_copper_path_along_current_direction_mm=51.141
[fragment-cu-miss-joint] generation=1 Z=6 A=10 reason=projectile energy_bin_MeVu=[215,220.000000) energy_overflow=0 count=3 input_energy_MeV=6515.799 mean_collision_depth_mm=5.641 mean_remaining_copper_path_along_current_direction_mm=54.375333
[fragment-cu-miss-joint] generation=1 Z=6 A=10 reason=projectile energy_bin_MeVu=[220,225.000000) energy_overflow=0 count=4 input_energy_MeV=8895.851 mean_collision_depth_mm=4.90225 mean_remaining_copper_path_along_current_direction_mm=51.65525
[fragment-cu-miss-joint] generation=1 Z=6 A=10 reason=projectile energy_bin_MeVu=[225,230.000000) energy_overflow=0 count=1 input_energy_MeV=2250.485 mean_collision_depth_mm=6.544 mean_remaining_copper_path_along_current_direction_mm=53.485
[fragment-cu-miss-joint] generation=1 Z=6 A=10 reason=projectile energy_bin_MeVu=[230,235.000000) energy_overflow=0 count=1 input_energy_MeV=2333.46 mean_collision_depth_mm=5.195 mean_remaining_copper_path_along_current_direction_mm=54.817
[fragment-cu-miss-joint] generation=1 Z=6 A=10 reason=projectile energy_bin_MeVu=[235,240.000000) energy_overflow=0 count=1 input_energy_MeV=2386.651 mean_collision_depth_mm=4.551 mean_remaining_copper_path_along_current_direction_mm=55.467
[fragment-cu-miss-joint] generation=1 Z=6 A=10 reason=projectile energy_bin_MeVu=[240,245.000000) energy_overflow=0 count=1 input_energy_MeV=2400.325 mean_collision_depth_mm=1.752 mean_remaining_copper_path_along_current_direction_mm=58.3
[fragment-cu-miss-joint] generation=1 Z=6 A=10 reason=projectile energy_bin_MeVu=[245,250.000000) energy_overflow=0 count=3 input_energy_MeV=7387.245 mean_collision_depth_mm=4.2843333 mean_remaining_copper_path_along_current_direction_mm=55.759667
[fragment-cu-miss-joint] generation=1 Z=6 A=10 reason=projectile energy_bin_MeVu=[260,265.000000) energy_overflow=0 count=1 input_energy_MeV=2624.969 mean_collision_depth_mm=1.486 mean_remaining_copper_path_along_current_direction_mm=58.519
[fragment-cu-miss-joint] generation=1 Z=6 A=11 reason=below energy_bin_MeVu=[0,5.000000) energy_overflow=0 count=17 input_energy_MeV=454.323 mean_collision_depth_mm=22.823941 mean_remaining_copper_path_along_current_direction_mm=33.971647
[fragment-cu-miss-joint] generation=1 Z=6 A=12 reason=below energy_bin_MeVu=[0,5.000000) energy_overflow=0 count=5 input_energy_MeV=62.715 mean_collision_depth_mm=15.839 mean_remaining_copper_path_along_current_direction_mm=40.423
[fragment-cu-miss-joint] generation=1 Z=0 A=0 reason=projectile energy_bin_MeVu=[0,5.000000) energy_overflow=0 count=14 input_energy_MeV=251.299 mean_collision_depth_mm=11.0855 mean_remaining_copper_path_along_current_direction_mm=50.588143
[fragment-cu-miss-joint] generation=1 Z=0 A=0 reason=projectile energy_bin_MeVu=[5,10.000000) energy_overflow=0 count=1 input_energy_MeV=100.098 mean_collision_depth_mm=0.36 mean_remaining_copper_path_along_current_direction_mm=60.494
[fragment-cu-miss-joint] generation=2 Z=1 A=1 reason=below energy_bin_MeVu=[0,5.000000) energy_overflow=0 count=384 input_energy_MeV=951.683 mean_collision_depth_mm=31.293435 mean_remaining_copper_path_along_current_direction_mm=36.946786
[fragment-cu-miss-joint] generation=2 Z=1 A=1 reason=above energy_bin_MeVu=[635,inf) energy_overflow=1 count=1 input_energy_MeV=722.963 mean_collision_depth_mm=11.369 mean_remaining_copper_path_along_current_direction_mm=41.969
[fragment-cu-miss-joint] generation=2 Z=1 A=2 reason=below energy_bin_MeVu=[0,5.000000) energy_overflow=0 count=290 input_energy_MeV=821.073 mean_collision_depth_mm=28.931548 mean_remaining_copper_path_along_current_direction_mm=40.570097
[fragment-cu-miss-joint] generation=2 Z=1 A=3 reason=below energy_bin_MeVu=[0,5.000000) energy_overflow=0 count=78 input_energy_MeV=220.094 mean_collision_depth_mm=28.474115 mean_remaining_copper_path_along_current_direction_mm=40.506346
[fragment-cu-miss-joint] generation=2 Z=2 A=3 reason=below energy_bin_MeVu=[0,5.000000) energy_overflow=0 count=58 input_energy_MeV=473.665 mean_collision_depth_mm=30.150362 mean_remaining_copper_path_along_current_direction_mm=34.703569
[fragment-cu-miss-joint] generation=2 Z=2 A=3 reason=below energy_bin_MeVu=[5,10.000000) energy_overflow=0 count=17 input_energy_MeV=282.187 mean_collision_depth_mm=29.235118 mean_remaining_copper_path_along_current_direction_mm=35.735412
[fragment-cu-miss-joint] generation=2 Z=2 A=4 reason=below energy_bin_MeVu=[0,5.000000) energy_overflow=0 count=143 input_energy_MeV=1324.009 mean_collision_depth_mm=26.786147 mean_remaining_copper_path_along_current_direction_mm=44.340343
[fragment-cu-miss-joint] generation=2 Z=2 A=6 reason=projectile energy_bin_MeVu=[0,5.000000) energy_overflow=0 count=4 input_energy_MeV=45.166 mean_collision_depth_mm=34.76375 mean_remaining_copper_path_along_current_direction_mm=35.49575
[fragment-cu-miss-joint] generation=2 Z=2 A=6 reason=projectile energy_bin_MeVu=[5,10.000000) energy_overflow=0 count=1 input_energy_MeV=58.798 mean_collision_depth_mm=24.946 mean_remaining_copper_path_along_current_direction_mm=53.844
[fragment-cu-miss-joint] generation=2 Z=2 A=6 reason=projectile energy_bin_MeVu=[25,30.000000) energy_overflow=0 count=1 input_energy_MeV=167.532 mean_collision_depth_mm=25.773 mean_remaining_copper_path_along_current_direction_mm=34.227
[fragment-cu-miss-joint] generation=2 Z=2 A=6 reason=projectile energy_bin_MeVu=[35,40.000000) energy_overflow=0 count=2 input_energy_MeV=426.365 mean_collision_depth_mm=30.9875 mean_remaining_copper_path_along_current_direction_mm=23.899
[fragment-cu-miss-joint] generation=2 Z=2 A=6 reason=projectile energy_bin_MeVu=[55,60.000000) energy_overflow=0 count=1 input_energy_MeV=332.813 mean_collision_depth_mm=49.872 mean_remaining_copper_path_along_current_direction_mm=10.159
[fragment-cu-miss-joint] generation=2 Z=2 A=6 reason=projectile energy_bin_MeVu=[60,65.000000) energy_overflow=0 count=2 input_energy_MeV=756.983 mean_collision_depth_mm=44.1945 mean_remaining_copper_path_along_current_direction_mm=12.162
[fragment-cu-miss-joint] generation=2 Z=2 A=6 reason=projectile energy_bin_MeVu=[70,75.000000) energy_overflow=0 count=1 input_energy_MeV=449.621 mean_collision_depth_mm=47.785 mean_remaining_copper_path_along_current_direction_mm=8.801
[fragment-cu-miss-joint] generation=2 Z=2 A=6 reason=projectile energy_bin_MeVu=[75,80.000000) energy_overflow=0 count=2 input_energy_MeV=917.564 mean_collision_depth_mm=51.732 mean_remaining_copper_path_along_current_direction_mm=8.293
[fragment-cu-miss-joint] generation=2 Z=2 A=6 reason=projectile energy_bin_MeVu=[80,85.000000) energy_overflow=0 count=1 input_energy_MeV=484.451 mean_collision_depth_mm=30.093 mean_remaining_copper_path_along_current_direction_mm=15.365
[fragment-cu-miss-joint] generation=2 Z=2 A=6 reason=projectile energy_bin_MeVu=[85,90.000000) energy_overflow=0 count=1 input_energy_MeV=528.378 mean_collision_depth_mm=45.172 mean_remaining_copper_path_along_current_direction_mm=14.925
[fragment-cu-miss-joint] generation=2 Z=2 A=6 reason=projectile energy_bin_MeVu=[95,100.000000) energy_overflow=0 count=1 input_energy_MeV=576.653 mean_collision_depth_mm=44.271 mean_remaining_copper_path_along_current_direction_mm=15.738
[fragment-cu-miss-joint] generation=2 Z=2 A=6 reason=projectile energy_bin_MeVu=[100,105.000000) energy_overflow=0 count=4 input_energy_MeV=2442.049 mean_collision_depth_mm=42.682 mean_remaining_copper_path_along_current_direction_mm=15.2895
[fragment-cu-miss-joint] generation=2 Z=2 A=6 reason=projectile energy_bin_MeVu=[105,110.000000) energy_overflow=0 count=1 input_energy_MeV=634.605 mean_collision_depth_mm=51.613 mean_remaining_copper_path_along_current_direction_mm=8.397
[fragment-cu-miss-joint] generation=2 Z=2 A=6 reason=projectile energy_bin_MeVu=[120,125.000000) energy_overflow=0 count=3 input_energy_MeV=2228.125 mean_collision_depth_mm=34.663667 mean_remaining_copper_path_along_current_direction_mm=25.466
[fragment-cu-miss-joint] generation=2 Z=2 A=6 reason=projectile energy_bin_MeVu=[125,130.000000) energy_overflow=0 count=2 input_energy_MeV=1530.485 mean_collision_depth_mm=39.186 mean_remaining_copper_path_along_current_direction_mm=20.829
[fragment-cu-miss-joint] generation=2 Z=2 A=6 reason=projectile energy_bin_MeVu=[130,135.000000) energy_overflow=0 count=1 input_energy_MeV=809.206 mean_collision_depth_mm=42.379 mean_remaining_copper_path_along_current_direction_mm=17.622
[fragment-cu-miss-joint] generation=2 Z=2 A=6 reason=projectile energy_bin_MeVu=[135,140.000000) energy_overflow=0 count=1 input_energy_MeV=829.931 mean_collision_depth_mm=33.313 mean_remaining_copper_path_along_current_direction_mm=26.737
[fragment-cu-miss-joint] generation=2 Z=2 A=6 reason=projectile energy_bin_MeVu=[145,150.000000) energy_overflow=0 count=1 input_energy_MeV=899.41 mean_collision_depth_mm=31.338 mean_remaining_copper_path_along_current_direction_mm=28.732
[fragment-cu-miss-joint] generation=2 Z=2 A=6 reason=projectile energy_bin_MeVu=[150,155.000000) energy_overflow=0 count=1 input_energy_MeV=910.281 mean_collision_depth_mm=14.244 mean_remaining_copper_path_along_current_direction_mm=37.413
[fragment-cu-miss-joint] generation=2 Z=2 A=6 reason=projectile energy_bin_MeVu=[155,160.000000) energy_overflow=0 count=1 input_energy_MeV=931.293 mean_collision_depth_mm=38.702 mean_remaining_copper_path_along_current_direction_mm=21.302
[fragment-cu-miss-joint] generation=2 Z=2 A=6 reason=projectile energy_bin_MeVu=[170,175.000000) energy_overflow=0 count=1 input_energy_MeV=1046.933 mean_collision_depth_mm=29.309 mean_remaining_copper_path_along_current_direction_mm=30.731
[fragment-cu-miss-joint] generation=2 Z=2 A=6 reason=projectile energy_bin_MeVu=[175,180.000000) energy_overflow=0 count=2 input_energy_MeV=2119.543 mean_collision_depth_mm=48.4015 mean_remaining_copper_path_along_current_direction_mm=9.9475
[fragment-cu-miss-joint] generation=2 Z=2 A=6 reason=projectile energy_bin_MeVu=[185,190.000000) energy_overflow=0 count=1 input_energy_MeV=1131.768 mean_collision_depth_mm=11.626 mean_remaining_copper_path_along_current_direction_mm=48.444
[fragment-cu-miss-joint] generation=2 Z=2 A=6 reason=projectile energy_bin_MeVu=[195,200.000000) energy_overflow=0 count=2 input_energy_MeV=2375.744 mean_collision_depth_mm=25.6165 mean_remaining_copper_path_along_current_direction_mm=25.6605
[fragment-cu-miss-joint] generation=2 Z=2 A=6 reason=projectile energy_bin_MeVu=[230,235.000000) energy_overflow=0 count=1 input_energy_MeV=1382.474 mean_collision_depth_mm=19.059 mean_remaining_copper_path_along_current_direction_mm=40.945
[fragment-cu-miss-joint] generation=2 Z=2 A=6 reason=projectile energy_bin_MeVu=[250,255.000000) energy_overflow=0 count=1 input_energy_MeV=1524.131 mean_collision_depth_mm=11.568 mean_remaining_copper_path_along_current_direction_mm=9.657
[fragment-cu-miss-joint] generation=2 Z=2 A=8 reason=projectile energy_bin_MeVu=[0,5.000000) energy_overflow=0 count=1 input_energy_MeV=14.402 mean_collision_depth_mm=56.864 mean_remaining_copper_path_along_current_direction_mm=2.551
[fragment-cu-miss-joint] generation=2 Z=3 A=6 reason=below energy_bin_MeVu=[0,5.000000) energy_overflow=0 count=4 input_energy_MeV=47.191 mean_collision_depth_mm=20.2405 mean_remaining_copper_path_along_current_direction_mm=43.3095
[fragment-cu-miss-joint] generation=2 Z=3 A=8 reason=projectile energy_bin_MeVu=[0,5.000000) energy_overflow=0 count=1 input_energy_MeV=36.718 mean_collision_depth_mm=23.881 mean_remaining_copper_path_along_current_direction_mm=39.161
[fragment-cu-miss-joint] generation=2 Z=3 A=8 reason=projectile energy_bin_MeVu=[10,15.000000) energy_overflow=0 count=1 input_energy_MeV=117.537 mean_collision_depth_mm=43.713 mean_remaining_copper_path_along_current_direction_mm=53.878
[fragment-cu-miss-joint] generation=2 Z=3 A=8 reason=projectile energy_bin_MeVu=[15,20.000000) energy_overflow=0 count=1 input_energy_MeV=126.17 mean_collision_depth_mm=4.368 mean_remaining_copper_path_along_current_direction_mm=53.376
[fragment-cu-miss-joint] generation=2 Z=3 A=8 reason=projectile energy_bin_MeVu=[30,35.000000) energy_overflow=0 count=3 input_energy_MeV=779.404 mean_collision_depth_mm=31.668667 mean_remaining_copper_path_along_current_direction_mm=22.554
[fragment-cu-miss-joint] generation=2 Z=3 A=8 reason=projectile energy_bin_MeVu=[50,55.000000) energy_overflow=0 count=1 input_energy_MeV=406.104 mean_collision_depth_mm=59.367 mean_remaining_copper_path_along_current_direction_mm=0.636
[fragment-cu-miss-joint] generation=2 Z=3 A=8 reason=projectile energy_bin_MeVu=[70,75.000000) energy_overflow=0 count=1 input_energy_MeV=591.671 mean_collision_depth_mm=21.874 mean_remaining_copper_path_along_current_direction_mm=38.196
[fragment-cu-miss-joint] generation=2 Z=3 A=8 reason=projectile energy_bin_MeVu=[80,85.000000) energy_overflow=0 count=3 input_energy_MeV=1973.204 mean_collision_depth_mm=43.563333 mean_remaining_copper_path_along_current_direction_mm=16.492333
[fragment-cu-miss-joint] generation=2 Z=3 A=8 reason=projectile energy_bin_MeVu=[120,125.000000) energy_overflow=0 count=1 input_energy_MeV=975.157 mean_collision_depth_mm=32.405 mean_remaining_copper_path_along_current_direction_mm=27.597
[fragment-cu-miss-joint] generation=2 Z=3 A=8 reason=projectile energy_bin_MeVu=[165,170.000000) energy_overflow=0 count=1 input_energy_MeV=1335.291 mean_collision_depth_mm=21.996 mean_remaining_copper_path_along_current_direction_mm=30.145
[fragment-cu-miss-joint] generation=2 Z=3 A=8 reason=projectile energy_bin_MeVu=[205,210.000000) energy_overflow=0 count=1 input_energy_MeV=1659.341 mean_collision_depth_mm=15.921 mean_remaining_copper_path_along_current_direction_mm=34.967
[fragment-cu-miss-joint] generation=2 Z=3 A=8 reason=projectile energy_bin_MeVu=[215,220.000000) energy_overflow=0 count=1 input_energy_MeV=1748.153 mean_collision_depth_mm=13.213 mean_remaining_copper_path_along_current_direction_mm=31.048
[fragment-cu-miss-joint] generation=2 Z=3 A=9 reason=projectile energy_bin_MeVu=[220,225.000000) energy_overflow=0 count=1 input_energy_MeV=2017.841 mean_collision_depth_mm=19.371 mean_remaining_copper_path_along_current_direction_mm=40.699
[fragment-cu-miss-joint] generation=2 Z=4 A=6 reason=projectile energy_bin_MeVu=[15,20.000000) energy_overflow=0 count=1 input_energy_MeV=100.677 mean_collision_depth_mm=21.738 mean_remaining_copper_path_along_current_direction_mm=34.355
[fragment-cu-miss-joint] generation=2 Z=4 A=6 reason=projectile energy_bin_MeVu=[45,50.000000) energy_overflow=0 count=1 input_energy_MeV=295.56 mean_collision_depth_mm=23.928 mean_remaining_copper_path_along_current_direction_mm=36.094
[fragment-cu-miss-joint] generation=2 Z=4 A=6 reason=projectile energy_bin_MeVu=[55,60.000000) energy_overflow=0 count=1 input_energy_MeV=345.886 mean_collision_depth_mm=24.719 mean_remaining_copper_path_along_current_direction_mm=27.384
[fragment-cu-miss-joint] generation=2 Z=4 A=6 reason=projectile energy_bin_MeVu=[60,65.000000) energy_overflow=0 count=1 input_energy_MeV=361.767 mean_collision_depth_mm=30.236 mean_remaining_copper_path_along_current_direction_mm=30.161
[fragment-cu-miss-joint] generation=2 Z=4 A=6 reason=projectile energy_bin_MeVu=[70,75.000000) energy_overflow=0 count=1 input_energy_MeV=441.217 mean_collision_depth_mm=21.017 mean_remaining_copper_path_along_current_direction_mm=25.482
[fragment-cu-miss-joint] generation=2 Z=4 A=6 reason=projectile energy_bin_MeVu=[95,100.000000) energy_overflow=0 count=2 input_energy_MeV=1146.344 mean_collision_depth_mm=19.3285 mean_remaining_copper_path_along_current_direction_mm=31.394
[fragment-cu-miss-joint] generation=2 Z=4 A=6 reason=projectile energy_bin_MeVu=[120,125.000000) energy_overflow=0 count=1 input_energy_MeV=735.7 mean_collision_depth_mm=31.5 mean_remaining_copper_path_along_current_direction_mm=28.597
[fragment-cu-miss-joint] generation=2 Z=4 A=6 reason=projectile energy_bin_MeVu=[155,160.000000) energy_overflow=0 count=1 input_energy_MeV=957.42 mean_collision_depth_mm=11.014 mean_remaining_copper_path_along_current_direction_mm=48.999
[fragment-cu-miss-joint] generation=2 Z=4 A=6 reason=projectile energy_bin_MeVu=[160,165.000000) energy_overflow=0 count=1 input_energy_MeV=973.236 mean_collision_depth_mm=10 mean_remaining_copper_path_along_current_direction_mm=42.555
[fragment-cu-miss-joint] generation=2 Z=4 A=6 reason=projectile energy_bin_MeVu=[170,175.000000) energy_overflow=0 count=1 input_energy_MeV=1024.014 mean_collision_depth_mm=31.695 mean_remaining_copper_path_along_current_direction_mm=28.392
[fragment-cu-miss-joint] generation=2 Z=4 A=6 reason=projectile energy_bin_MeVu=[235,240.000000) energy_overflow=0 count=1 input_energy_MeV=1410.05 mean_collision_depth_mm=9.989 mean_remaining_copper_path_along_current_direction_mm=42.352
[fragment-cu-miss-joint] generation=2 Z=4 A=6 reason=projectile energy_bin_MeVu=[245,250.000000) energy_overflow=0 count=1 input_energy_MeV=1498.693 mean_collision_depth_mm=3.005 mean_remaining_copper_path_along_current_direction_mm=49.877
[fragment-cu-miss-joint] generation=2 Z=4 A=9 reason=projectile energy_bin_MeVu=[0,5.000000) energy_overflow=0 count=1 input_energy_MeV=24.076 mean_collision_depth_mm=25.952 mean_remaining_copper_path_along_current_direction_mm=43.921
[fragment-cu-miss-joint] generation=2 Z=4 A=9 reason=projectile energy_bin_MeVu=[15,20.000000) energy_overflow=0 count=1 input_energy_MeV=165.411 mean_collision_depth_mm=38.06 mean_remaining_copper_path_along_current_direction_mm=22.032
[fragment-cu-miss-joint] generation=2 Z=4 A=9 reason=projectile energy_bin_MeVu=[20,25.000000) energy_overflow=0 count=2 input_energy_MeV=399.391 mean_collision_depth_mm=34.032 mean_remaining_copper_path_along_current_direction_mm=23.5945
[fragment-cu-miss-joint] generation=2 Z=4 A=9 reason=projectile energy_bin_MeVu=[30,35.000000) energy_overflow=0 count=1 input_energy_MeV=310.424 mean_collision_depth_mm=24.766 mean_remaining_copper_path_along_current_direction_mm=35.276
[fragment-cu-miss-joint] generation=2 Z=4 A=9 reason=projectile energy_bin_MeVu=[35,40.000000) energy_overflow=0 count=1 input_energy_MeV=359.214 mean_collision_depth_mm=34.644 mean_remaining_copper_path_along_current_direction_mm=25.367
[fragment-cu-miss-joint] generation=2 Z=4 A=9 reason=projectile energy_bin_MeVu=[45,50.000000) energy_overflow=0 count=2 input_energy_MeV=860.12 mean_collision_depth_mm=28.763 mean_remaining_copper_path_along_current_direction_mm=26.638
[fragment-cu-miss-joint] generation=2 Z=4 A=9 reason=projectile energy_bin_MeVu=[50,55.000000) energy_overflow=0 count=1 input_energy_MeV=460.396 mean_collision_depth_mm=23.308 mean_remaining_copper_path_along_current_direction_mm=36.71
[fragment-cu-miss-joint] generation=2 Z=4 A=9 reason=projectile energy_bin_MeVu=[55,60.000000) energy_overflow=0 count=2 input_energy_MeV=1067.436 mean_collision_depth_mm=24.5945 mean_remaining_copper_path_along_current_direction_mm=27.413
[fragment-cu-miss-joint] generation=2 Z=4 A=9 reason=projectile energy_bin_MeVu=[60,65.000000) energy_overflow=0 count=2 input_energy_MeV=1115.861 mean_collision_depth_mm=28.6635 mean_remaining_copper_path_along_current_direction_mm=25.858
[fragment-cu-miss-joint] generation=2 Z=4 A=9 reason=projectile energy_bin_MeVu=[115,120.000000) energy_overflow=0 count=2 input_energy_MeV=2134.612 mean_collision_depth_mm=30.21 mean_remaining_copper_path_along_current_direction_mm=29.8655
[fragment-cu-miss-joint] generation=2 Z=4 A=9 reason=projectile energy_bin_MeVu=[120,125.000000) energy_overflow=0 count=3 input_energy_MeV=3269.684 mean_collision_depth_mm=21.458333 mean_remaining_copper_path_along_current_direction_mm=38.564667
[fragment-cu-miss-joint] generation=2 Z=4 A=9 reason=projectile energy_bin_MeVu=[155,160.000000) energy_overflow=0 count=2 input_energy_MeV=2847.733 mean_collision_depth_mm=15.623 mean_remaining_copper_path_along_current_direction_mm=44.3845
[fragment-cu-miss-joint] generation=2 Z=4 A=9 reason=projectile energy_bin_MeVu=[165,170.000000) energy_overflow=0 count=2 input_energy_MeV=3018.348 mean_collision_depth_mm=35.9625 mean_remaining_copper_path_along_current_direction_mm=24.056
[fragment-cu-miss-joint] generation=2 Z=4 A=9 reason=projectile energy_bin_MeVu=[180,185.000000) energy_overflow=0 count=1 input_energy_MeV=1634.43 mean_collision_depth_mm=18.767 mean_remaining_copper_path_along_current_direction_mm=41.269
[fragment-cu-miss-joint] generation=2 Z=4 A=9 reason=projectile energy_bin_MeVu=[200,205.000000) energy_overflow=0 count=1 input_energy_MeV=1811.518 mean_collision_depth_mm=29.506 mean_remaining_copper_path_along_current_direction_mm=30.516
[fragment-cu-miss-joint] generation=2 Z=4 A=10 reason=projectile energy_bin_MeVu=[10,15.000000) energy_overflow=0 count=1 input_energy_MeV=128.994 mean_collision_depth_mm=29.437 mean_remaining_copper_path_along_current_direction_mm=30.696
[fragment-cu-miss-joint] generation=2 Z=4 A=10 reason=projectile energy_bin_MeVu=[30,35.000000) energy_overflow=0 count=2 input_energy_MeV=668.284 mean_collision_depth_mm=28.5445 mean_remaining_copper_path_along_current_direction_mm=31.5465
[fragment-cu-miss-joint] generation=2 Z=4 A=10 reason=projectile energy_bin_MeVu=[40,45.000000) energy_overflow=0 count=1 input_energy_MeV=427.318 mean_collision_depth_mm=48.655 mean_remaining_copper_path_along_current_direction_mm=11.369
[fragment-cu-miss-joint] generation=2 Z=4 A=10 reason=projectile energy_bin_MeVu=[50,55.000000) energy_overflow=0 count=1 input_energy_MeV=510.773 mean_collision_depth_mm=23.57 mean_remaining_copper_path_along_current_direction_mm=28.987
[fragment-cu-miss-joint] generation=2 Z=4 A=10 reason=projectile energy_bin_MeVu=[55,60.000000) energy_overflow=0 count=2 input_energy_MeV=1124.717 mean_collision_depth_mm=26.743 mean_remaining_copper_path_along_current_direction_mm=33.2935
[fragment-cu-miss-joint] generation=2 Z=4 A=10 reason=projectile energy_bin_MeVu=[60,65.000000) energy_overflow=0 count=3 input_energy_MeV=1892.725 mean_collision_depth_mm=37.468333 mean_remaining_copper_path_along_current_direction_mm=20.892333
[fragment-cu-miss-joint] generation=2 Z=4 A=10 reason=projectile energy_bin_MeVu=[70,75.000000) energy_overflow=0 count=1 input_energy_MeV=705.697 mean_collision_depth_mm=33.005 mean_remaining_copper_path_along_current_direction_mm=27.057
[fragment-cu-miss-joint] generation=2 Z=4 A=10 reason=projectile energy_bin_MeVu=[75,80.000000) energy_overflow=0 count=1 input_energy_MeV=757.089 mean_collision_depth_mm=34.948 mean_remaining_copper_path_along_current_direction_mm=25.179
[fragment-cu-miss-joint] generation=2 Z=4 A=10 reason=projectile energy_bin_MeVu=[80,85.000000) energy_overflow=0 count=1 input_energy_MeV=801.257 mean_collision_depth_mm=28.414 mean_remaining_copper_path_along_current_direction_mm=31.648
[fragment-cu-miss-joint] generation=2 Z=4 A=10 reason=projectile energy_bin_MeVu=[85,90.000000) energy_overflow=0 count=1 input_energy_MeV=885.579 mean_collision_depth_mm=41.327 mean_remaining_copper_path_along_current_direction_mm=18.701
[fragment-cu-miss-joint] generation=2 Z=4 A=10 reason=projectile energy_bin_MeVu=[90,95.000000) energy_overflow=0 count=2 input_energy_MeV=1878.687 mean_collision_depth_mm=24.078 mean_remaining_copper_path_along_current_direction_mm=35.9925
[fragment-cu-miss-joint] generation=2 Z=4 A=10 reason=projectile energy_bin_MeVu=[95,100.000000) energy_overflow=0 count=3 input_energy_MeV=2907.877 mean_collision_depth_mm=25.722 mean_remaining_copper_path_along_current_direction_mm=28.036
[fragment-cu-miss-joint] generation=2 Z=4 A=10 reason=projectile energy_bin_MeVu=[105,110.000000) energy_overflow=0 count=1 input_energy_MeV=1070.656 mean_collision_depth_mm=21.261 mean_remaining_copper_path_along_current_direction_mm=28.125
[fragment-cu-miss-joint] generation=2 Z=4 A=10 reason=projectile energy_bin_MeVu=[110,115.000000) energy_overflow=0 count=1 input_energy_MeV=1139.782 mean_collision_depth_mm=48.451 mean_remaining_copper_path_along_current_direction_mm=11.573
[fragment-cu-miss-joint] generation=2 Z=4 A=10 reason=projectile energy_bin_MeVu=[115,120.000000) energy_overflow=0 count=2 input_energy_MeV=2340.748 mean_collision_depth_mm=24.3495 mean_remaining_copper_path_along_current_direction_mm=26.806
[fragment-cu-miss-joint] generation=2 Z=4 A=10 reason=projectile energy_bin_MeVu=[130,135.000000) energy_overflow=0 count=2 input_energy_MeV=2624.404 mean_collision_depth_mm=23.545 mean_remaining_copper_path_along_current_direction_mm=36.5115
[fragment-cu-miss-joint] generation=2 Z=4 A=10 reason=projectile energy_bin_MeVu=[135,140.000000) energy_overflow=0 count=1 input_energy_MeV=1396.475 mean_collision_depth_mm=13.308 mean_remaining_copper_path_along_current_direction_mm=45.029
[fragment-cu-miss-joint] generation=2 Z=4 A=10 reason=projectile energy_bin_MeVu=[155,160.000000) energy_overflow=0 count=2 input_energy_MeV=3144.112 mean_collision_depth_mm=16.9945 mean_remaining_copper_path_along_current_direction_mm=38.989
[fragment-cu-miss-joint] generation=2 Z=4 A=10 reason=projectile energy_bin_MeVu=[165,170.000000) energy_overflow=0 count=1 input_energy_MeV=1653.264 mean_collision_depth_mm=33.452 mean_remaining_copper_path_along_current_direction_mm=6.453
[fragment-cu-miss-joint] generation=2 Z=4 A=10 reason=projectile energy_bin_MeVu=[170,175.000000) energy_overflow=0 count=1 input_energy_MeV=1723.98 mean_collision_depth_mm=30.586 mean_remaining_copper_path_along_current_direction_mm=29.426
[fragment-cu-miss-joint] generation=2 Z=4 A=10 reason=projectile energy_bin_MeVu=[175,180.000000) energy_overflow=0 count=1 input_energy_MeV=1766.482 mean_collision_depth_mm=15.09 mean_remaining_copper_path_along_current_direction_mm=32.764
[fragment-cu-miss-joint] generation=2 Z=6 A=10 reason=projectile energy_bin_MeVu=[40,45.000000) energy_overflow=0 count=1 input_energy_MeV=427.521 mean_collision_depth_mm=19.842 mean_remaining_copper_path_along_current_direction_mm=14.288
[fragment-cu-miss-joint] generation=2 Z=6 A=10 reason=projectile energy_bin_MeVu=[100,105.000000) energy_overflow=0 count=1 input_energy_MeV=1017.025 mean_collision_depth_mm=18.461 mean_remaining_copper_path_along_current_direction_mm=41.56
[fragment-cu-miss-joint] generation=2 Z=6 A=10 reason=projectile energy_bin_MeVu=[150,155.000000) energy_overflow=0 count=1 input_energy_MeV=1525.028 mean_collision_depth_mm=14.337 mean_remaining_copper_path_along_current_direction_mm=45.703
[fragment-cu-miss-joint] generation=3 Z=1 A=1 reason=below energy_bin_MeVu=[0,5.000000) energy_overflow=0 count=20 input_energy_MeV=46.802 mean_collision_depth_mm=33.2653 mean_remaining_copper_path_along_current_direction_mm=32.39055
[fragment-cu-miss-joint] generation=3 Z=1 A=2 reason=below energy_bin_MeVu=[0,5.000000) energy_overflow=0 count=8 input_energy_MeV=21.98 mean_collision_depth_mm=32.907625 mean_remaining_copper_path_along_current_direction_mm=43.19025
[fragment-cu-miss-joint] generation=3 Z=1 A=3 reason=below energy_bin_MeVu=[0,5.000000) energy_overflow=0 count=2 input_energy_MeV=2.235 mean_collision_depth_mm=53.147 mean_remaining_copper_path_along_current_direction_mm=33.117
[fragment-cu-miss-joint] generation=3 Z=2 A=3 reason=below energy_bin_MeVu=[0,5.000000) energy_overflow=0 count=1 input_energy_MeV=13.461 mean_collision_depth_mm=51.96 mean_remaining_copper_path_along_current_direction_mm=8.136
[fragment-cu-miss-joint] generation=3 Z=2 A=4 reason=below energy_bin_MeVu=[0,5.000000) energy_overflow=0 count=9 input_energy_MeV=48.213 mean_collision_depth_mm=37.940667 mean_remaining_copper_path_along_current_direction_mm=29.161667
[fragment-cu-miss-joint] generation=3 Z=2 A=8 reason=projectile energy_bin_MeVu=[0,5.000000) energy_overflow=0 count=1 input_energy_MeV=38.159 mean_collision_depth_mm=16.632 mean_remaining_copper_path_along_current_direction_mm=60.917
[fragment-cu-miss-joint] generation=3 Z=5 A=8 reason=projectile energy_bin_MeVu=[15,20.000000) energy_overflow=0 count=1 input_energy_MeV=158.078 mean_collision_depth_mm=13.208 mean_remaining_copper_path_along_current_direction_mm=73.083
Minibeam fragment-Cu replay actual/selected/output/selection-|dE|/closure-|dE|: 5.5470848e+08/5.5470866e+08/4.692589e+08/96780.175/85908492 MeV
Minibeam fragment-Cu mass-energy-|dE|/baryon-mismatch: 111298.69/0
Minibeam ignored next-Cu-reaction optical depth by C/B/Be/Li/He/p/d/t/other: 0/0/0.005373/0.014844/0.760729/104.54234/4.796468/0.597121/0
Minibeam terminal Copper tracks by C/B/Be/Li/He/p/d/t/other: 0/1/6/17/1606/6904/728/157/4978
Minibeam ignored next-Cu-reaction probability sum by C/B/Be/Li/He/p/d/t/other: 0/0/0.005364/0.014808/0.759801/99.739696/4.639475/0.584077/0
Minibeam water entrance primary energy mean/std: 2637.7245/643.20127 MeV
Minibeam water entrance x mean/std: 0/0 mm
Minibeam water entrance y mean/std: 0/0 mm
Minibeam water entrance dir-x mean/std: 0/0
Minibeam water entrance dir-y mean/std: 0/0
Minibeam water entrance primary ion by slit: 0/0/0/0/0/0/0/0/0/0/0/0/0/0/0
Minibeam collimator entrance primary ion by slit: 0/0/0/0/0/0/0/0/0/0/0/0/0/0/0
Minibeam direct-air primary ion by slit: 0/0/0/0/0/0/0/0/0/0/0/0/0/0/0
Minibeam water entrance direct/touched primary energy mean: 2992.3682/2079.1534 MeV
Minibeam Copper-touched primary energy histogram (200 MeV bins): 3989/7862/11258/14023/17013/20046/23048/25479/28493/32046/37290/253914
Minibeam Copper charged survivors by species: C=813/1198949.7MeV B=1904/2694658.9MeV Be=934/853206.62MeV Li=3073/2272545.3MeV He=355825/1.3503846e+08MeV p=939911/1.3312242e+08MeV d=670755/1.7123053e+08MeV t=285079/1.1099776e+08MeV other=74/1223.676MeV
Minibeam water-entrance d energy histogram (50 MeV bins): 0 0 0 0 0 0 0 0 0 0 0 0 0 0 0 0 0 0 0 0
Minibeam water-entrance t energy histogram (50 MeV bins): 0 0 0 0 0 0 0 0 0 0 0 0 0 0 0 0 0 0 0 0
Minibeam water-entrance He energy histogram (50 MeV bins): 0 0 0 0 0 0 0 0 0 0 0 0 0 0 0 0 0 0 0 0
Untracked nuclear energy: 2.5000411e+08 MeV
MeV scorer output: 
Voxel MeV scorer output: 
Voxel dose MHD (Gy): out/full_active_C/dose.mhd
[plan-shard-done] 1/1 config="/tmp/opencode/full_active_C.yaml" histories=10000000 quality=non_production
