energy_MeV_per_u,section_00_mass_xs_per_mm_at_1g_cm3,section_01_mass_xs_per_mm_at_1g_cm3,section_02_mass_xs_per_mm_at_1g_cm3,section_03_mass_xs_per_mm_at_1g_cm3,section_04_mass_xs_per_mm_at_1g_cm3,section_05_mass_xs_per_mm_at_1g_cm3,section_06_mass_xs_per_mm_at_1g_cm3,section_07_mass_xs_per_mm_at_1g_cm3,section_08_mass_xs_per_mm_at_1g_cm3,section_09_mass_xs_per_mm_at_1g_cm3,section_10_mass_xs_per_mm_at_1g_cm3,section_11_mass_xs_per_mm_at_1g_cm3,section_12_mass_xs_per_mm_at_1g_cm3,section_13_mass_xs_per_mm_at_1g_cm3,section_14_mass_xs_per_mm_at_1g_cm3,section_15_mass_xs_per_mm_at_1g_cm3,section_16_mass_xs_per_mm_at_1g_cm3,section_17_mass_xs_per_mm_at_1g_cm3,section_18_mass_xs_per_mm_at_1g_cm3,section_19_mass_xs_per_mm_at_1g_cm3,section_20_mass_xs_per_mm_at_1g_cm3,section_21_mass_xs_per_mm_at_1g_cm3,section_22_mass_xs_per_mm_at_1g_cm3,section_23_mass_xs_per_mm_at_1g_cm3,section_24_mass_xs_per_mm_at_1g_cm3
1,0.000246296,0.00714054,0.00845236,0.0081639,0.00787885,0.00766784,0.00747831,0.00716192,0.00661084,0.00685291,0.00641882,0.00591626,0.00548334,0.00512221,0.0047615,0.00440261,0.00404414,0.00375639,0.00353709,0.00325084,0.00303379,0.00281749,0.00260195,0.00245753,0
2,0.00445393,0.0102896,0.0118168,0.0114937,0.0111692,0.0109234,0.0107099,0.0103309,0.00989583,0.0100891,0.0096101,0.00907035,0.00859707,0.00820207,0.00780803,0.00742241,0.00703634,0.00672676,0.00647793,0.00617092,0.00593395,0.00569826,0.00546385,0.0053055,0.000851359
3,0.00569621,0.0110627,0.0125521,0.0122384,0.0119235,0.0116832,0.0114761,0.011105,0.0107131,0.0109133,0.0104611,0.00995263,0.00950616,0.0091336,0.00876191,0.00839868,0.00803495,0.00774324,0.00750782,0.00721874,0.00699516,0.0067729,0.00655196,0.00640254,0.00209006
4,0.00621241,0.0112583,0.0127056,0.0124015,0.0120963,0.0118625,0.0116618,0.0113005,0.0109364,0.0111366,0.0107048,0.0102198,0.00979364,0.00943803,0.00908325,0.00873683,0.00838989,0.00811162,0.00788652,0.00761088,0.00739745,0.00718533,0.00697453,0.00683187,0.00265331
5,0.00645736,0.011257,0.0126646,0.0123693,0.012073,0.0118454,0.0116506,0.0112987,0.0109553,0.0111534,0.0107382,0.0102722,0.0098625,0.00952065,0.00917961,0.00884678,0.00851343,0.00824604,0.00802939,0.0077646,0.00755941,0.00735552,0.00715293,0.00701578,0.00295693
6,0.00657647,0.0111748,0.0125459,0.0122586,0.0119703,0.0117484,0.011559,0.0112159,0.010889,0.0110841,0.010683,0.0102331,0.00983733,0.00950714,0.00917772,0.00885639,0.00853452,0.00827633,0.00806687,0.00781126,0.00761305,0.00741612,0.00722048,0.00708799,0.00313613
7,0.00662931,0.0110563,0.012394,0.012114,0.011833,0.0116164,0.0114318,0.0110967,0.0107838,0.0109757,0.0105868,0.0101509,0.00976729,0.00944725,0.00912796,0.00881662,0.00850476,0.00825458,0.0080514,0.00780375,0.00761163,0.00742077,0.00723118,0.00710275,0.00324733
8,0.00664428,0.0109216,0.0122286,0.0119552,0.0116809,0.0114692,0.011289,0.0109614,0.0106604,0.0108491,0.0104711,0.0100476,0.00967484,0.00936382,0.00905354,0.00875107,0.00844807,0.008205,0.00800743,0.00776685,0.00758014,0.00739467,0.00721045,0.00708564,0.00331795
9,0.0066364,0.0107805,0.0120591,0.0117919,0.0115237,0.0113165,0.0111403,0.0108197,0.0105292,0.0107147,0.0103466,0.00993428,0.00957126,0.00926838,0.00896621,0.00867174,0.00837674,0.00814009,0.00794757,0.00771337,0.00753153,0.00735093,0.00717155,0.00704999,0.00336281
10,0.00661421,0.010638,0.0118903,0.0116287,0.0113662,0.0111632,0.0109908,0.0106766,0.0103956,0.010578,0.0102188,0.00981673,0.0094626,0.00916715,0.00887239,0.00858521,0.00829751,0.0080667,0.0078788,0.00765041,0.00747303,0.00729686,0.0071219,0.00700331,0.00339054
11,0.00658287,0.0104968,0.0117244,0.0114681,0.0112109,0.0110119,0.010843,0.0105349,0.0102624,0.0104418,0.0100909,0.00969821,0.00935227,0.00906365,0.00877572,0.00849524,0.00821425,0.00798882,0.00780519,0.00758214,0.00740886,0.00723677,0.00706588,0.00695003,0.00340648
12,0.00654559,0.0103583,0.0115628,0.0113115,0.0110592,0.010864,0.0106983,0.0103958,0.0101312,0.0103078,0.00996456,0.00958056,0.00924222,0.00895994,0.00867833,0.00840407,0.00812931,0.00790887,0.00772919,0.0075111,0.00734162,0.00717332,0.00700619,0.00689288,0.00341406
13,0.0065045,0.0102233,0.0114061,0.0111594,0.0109118,0.01072,0.0105574,0.0102603,0.010003,0.0101768,0.00984072,0.00946484,0.00913359,0.00885722,0.00858152,0.00831306,0.0080441,0.00782832,0.00765232,0.00743886,0.00727293,0.00710816,0.00694455,0.00683361,0.00341561
14,0.00646099,0.0100921,0.0112544,0.0110121,0.0107689,0.0105804,0.0104207,0.0101287,0.0098781,0.0100493,0.00971991,0.00935164,0.00902704,0.00875622,0.00848604,0.00822303,0.00795951,0.00774809,0.00757556,0.00736643,0.00720383,0.00704237,0.00688206,0.00677335,0.00341273
15,0.00641602,0.00996498,0.0111077,0.0108696,0.0106306,0.0104452,0.0102883,0.0100011,0.00975677,0.00992541,0.00960237,0.00924127,0.00892293,0.00865733,0.00839237,0.00813448,0.00787609,0.00766878,0.00749952,0.00729446,0.007135,0.00697666,0.00681946,0.00671284,0.00340654
16,0.00637026,0.0098418,0.010966,0.0107318,0.0104968,0.0103144,0.0101601,0.00987742,0.00963905,0.00980526,0.00948819,0.00913387,0.00882145,0.0085608,0.00830077,0.00804771,0.00779417,0.00759075,0.00742457,0.00722338,0.00706688,0.00691149,0.00675722,0.00665258,0.00339788
17,0.00632418,0.00972251,0.010829,0.0105986,0.0103673,0.0101878,0.010036,0.0097577,0.00952492,0.00968878,0.00937739,0.0090295,0.00872269,0.00846672,0.00821137,0.00796291,0.00771396,0.00751422,0.00735098,0.00715344,0.00699975,0.00684717,0.00669568,0.00659292,0.00338735
18,0.0062781,0.00960702,0.0106966,0.0104698,0.0102422,0.0100653,0.00991587,0.00964178,0.00941429,0.00957589,0.00926989,0.00892812,0.00862665,0.00837514,0.00812424,0.00788014,0.00763557,0.00743933,0.00727888,0.00708482,0.00693381,0.00678388,0.00663505,0.00653407,0.00337539
19,0.00623227,0.00949517,0.0105685,0.0103452,0.010121,0.00994678,0.00979962,0.00952952,0.00930705,0.00946647,0.00916562,0.00882967,0.00853331,0.00828604,0.00803938,0.00779945,0.00755905,0.00736615,0.00720836,0.00701762,0.00686916,0.00672177,0.00657546,0.00647619,0.00336237
20,0.00618685,0.00938681,0.0104447,0.0102246,0.0100038,0.00983201,0.00968703,0.00942077,0.00920308,0.00936038,0.00906446,0.00873408,0.00844258,0.00819938,0.00795678,0.00772083,0.00748441,0.0072947,0.00713946,0.00695188,0.00680586,0.0066609,0.006517,0.00641936,0.00334855
21,0.00614196,0.00928179,0.0103247,0.0101079,0.00989017,0.00972082,0.00957794,0.00931537,0.00910223,0.0092575,0.00896629,0.00864125,0.00835441,0.0081151,0.00787638,0.00764424,0.00741163,0.00722499,0.00707218,0.00688764,0.00674395,0.00660131,0.00645973,0.00636364,0.00333412
22,0.00609769,0.00917995,0.0102085,0.00999472,0.00978009,0.00961305,0.00947218,0.00921317,0.00900438,0.00915769,0.00887099,0.00855107,0.00826871,0.00803313,0.00779813,0.00756965,0.0073407,0.00715699,0.00700651,0.00682488,0.00668344,0.00654303,0.00640366,0.00630907,0.00331926
23,0.00605409,0.00908116,0.0100959,0.00988503,0.00967335,0.00950854,0.00936961,0.00911402,0.0089094,0.0090608,0.00877845,0.00846344,0.00818538,0.00795339,0.00772197,0.00749699,0.00727156,0.00709067,0.00694244,0.00676361,0.00662431,0.00648605,0.00634881,0.00625566,0.00330408
24,0.00601121,0.00898526,0.00998666,0.00977863,0.00956978,0.00940712,0.00927006,0.00901777,0.00881715,0.00896671,0.00868854,0.00837826,0.00810433,0.00787579,0.00764782,0.00742622,0.00720417,0.00702599,0.00687993,0.00670378,0.00656656,0.00643035,0.00629516,0.0062034,0.0032887
25,0.00596906,0.00889212,0.00988064,0.00967534,0.00946924,0.00930865,0.0091734,0.00892431,0.00872752,0.00887529,0.00860115,0.00829542,0.00802549,0.00780027,0.00757562,0.00735727,0.00713848,0.00696291,0.00681893,0.00664538,0.00651015,0.00637593,0.00624272,0.00615228,0.00327319
26,0.00592766,0.00880162,0.00977768,0.00957503,0.00937158,0.009213,0.00907949,0.00883348,0.00864039,0.00878642,0.00851617,0.00821484,0.00794875,0.00772674,0.00750528,0.00729008,0.00707443,0.00690138,0.00675941,0.00658836,0.00645506,0.00632275,0.00619144,0.0061023,0.00325762
27,0.00588702,0.00871364,0.00967765,0.00947755,0.00927667,0.00912003,0.00898821,0.00874519,0.00855565,0.0087,0.0084335,0.00813641,0.00787403,0.00765512,0.00743676,0.00722458,0.00701197,0.00684136,0.00670133,0.00653269,0.00640125,0.00627079,0.00614132,0.00605342,0.00324203
28,0.00584713,0.00862807,0.00958039,0.00938278,0.00918438,0.00902962,0.00889944,0.00865931,0.0084732,0.00861591,0.00835304,0.00806006,0.00780127,0.00758535,0.00736997,0.00716073,0.00695105,0.00678279,0.00664464,0.00647834,0.00634869,0.00622002,0.00609233,0.00600562,0.00322648
29,0.005808,0.0085448,0.0094858,0.00929059,0.0090946,0.00894166,0.00881306,0.00857574,0.00839294,0.00853406,0.0082747,0.00798568,0.00773037,0.00751735,0.00730486,0.00709845,0.00689161,0.00672562,0.0065893,0.00642525,0.00629734,0.0061704,0.00604443,0.00595889,0.00321099
30,0.00576961,0.00846373,0.00939375,0.00920087,0.00900721,0.00885604,0.00872898,0.00849438,0.00831477,0.00845435,0.00819839,0.00791322,0.00766126,0.00745105,0.00724137,0.0070377,0.0068336,0.00666982,0.00653525,0.00637339,0.00624717,0.0061219,0.0059976,0.00591318,0.00319559
31,0.00573195,0.00838477,0.00930413,0.00911351,0.00892212,0.00877266,0.0086471,0.00841514,0.00823862,0.0083767,0.00812403,0.00784258,0.00759389,0.00738639,0.00717942,0.00697841,0.00677698,0.00661533,0.00648247,0.00632273,0.00619814,0.0060745,0.00595181,0.00586848,0.00318031
32,0.00569502,0.00830784,0.00921684,0.00902841,0.00883922,0.00869144,0.00856732,0.00833794,0.0081644,0.00830101,0.00805154,0.0077737,0.00752817,0.00732331,0.00711897,0.00692054,0.00672169,0.00656212,0.00643091,0.00627322,0.00615021,0.00602815,0.00590702,0.00582475,0.00316516
33,0.0056588,0.00823285,0.00913178,0.00894549,0.00875844,0.00861227,0.00848957,0.00826268,0.00809204,0.00822722,0.00798085,0.00770652,0.00746405,0.00726175,0.00705997,0.00686404,0.0066677,0.00651013,0.00638053,0.00622484,0.00610336,0.00598283,0.00586322,0.00578198,0.00315016
34,0.00562327,0.00815973,0.00904886,0.00886465,0.00867968,0.00853509,0.00841375,0.00818929,0.00802146,0.00815525,0.00791189,0.00764096,0.00740147,0.00720166,0.00700235,0.00680886,0.00661495,0.00645934,0.0063313,0.00617753,0.00605755,0.0059385,0.00582037,0.00574012,0.00313532
35,0.00558842,0.0080884,0.00896801,0.00878581,0.00860286,0.00845981,0.00833981,0.00811771,0.00795259,0.00808503,0.0078446,0.00757697,0.00734038,0.00714298,0.00694608,0.00675495,0.0065634,0.00640969,0.00628317,0.00613128,0.00601275,0.00589514,0.00577844,0.00569916,0.00312065
36,0.00555424,0.0080188,0.00888913,0.0087089,0.00852792,0.00838636,0.00826766,0.00804786,0.00788538,0.00801649,0.00777891,0.0075145,0.00728072,0.00708566,0.00689111,0.00670227,0.00651303,0.00636115,0.00623611,0.00608605,0.00596893,0.00585272,0.00573741,0.00565907,0.00310615
37,0.00552071,0.00795086,0.00881216,0.00863384,0.00845478,0.00831468,0.00819723,0.00797969,0.00781976,0.00794958,0.00771477,0.00745348,0.00722244,0.00702967,0.00683739,0.00665079,0.00646378,0.00631369,0.00619008,0.0060418,0.00592605,0.0058112,0.00569726,0.00561983,0.00309183
38,0.00548782,0.00788453,0.00873702,0.00856057,0.00838337,0.00824469,0.00812848,0.00791312,0.00775568,0.00788424,0.00765211,0.00739387,0.00716549,0.00697494,0.00678489,0.00660045,0.00641562,0.00626728,0.00614506,0.00599851,0.0058841,0.00577057,0.00565795,0.00558141,0.00307769
39,0.00545555,0.00781975,0.00866366,0.00848902,0.00831364,0.00817635,0.00806133,0.0078481,0.00769307,0.00782041,0.00759091,0.00733562,0.00710984,0.00692145,0.00673355,0.00655123,0.00636851,0.00622188,0.00610102,0.00595615,0.00584304,0.0057308,0.00561946,0.00554379,0.00306375
40,0.00542389,0.00775646,0.008592,0.00841914,0.00824553,0.00810959,0.00799574,0.00778459,0.00763191,0.00775804,0.00753109,0.00727869,0.00705543,0.00686915,0.00668335,0.00650309,0.00632244,0.00617745,0.00605792,0.00591469,0.00580284,0.00569186,0.00558177,0.00550695,0.00304999
41,0.00539283,0.00769462,0.00852199,0.00835085,0.00817898,0.00804435,0.00793164,0.00772252,0.00757212,0.00769708,0.00747262,0.00722303,0.00700223,0.006818,0.00663425,0.006456,0.00627735,0.00613398,0.00601574,0.00587411,0.00576349,0.00565374,0.00554486,0.00547086,0.00303642
42,0.00536235,0.00763417,0.00845357,0.00828412,0.00811394,0.00798059,0.007869,0.00766186,0.00751367,0.00763749,0.00741545,0.0071686,0.0069502,0.00676797,0.00658622,0.00640992,0.00623323,0.00609143,0.00597444,0.00583437,0.00572495,0.00561639,0.0055087,0.00543551,0.00302305
43,0.00533243,0.00757507,0.0083867,0.00821889,0.00805036,0.00791827,0.00780776,0.00760255,0.00745652,0.00757922,0.00735955,0.00711536,0.0068993,0.00671902,0.00653922,0.00636482,0.00619004,0.00604977,0.00593401,0.00579546,0.00568721,0.00557982,0.00547328,0.00540087,0.00300987
44,0.00530307,0.00751728,0.00832131,0.00815511,0.00798819,0.00785732,0.00774787,0.00754455,0.00740063,0.00752223,0.00730486,0.00706328,0.0068495,0.00667112,0.00649322,0.00632068,0.00614776,0.00600898,0.00589442,0.00575735,0.00565024,0.00554398,0.00543858,0.00536693,0.00299688
45,0.00527425,0.00746076,0.00825737,0.00809274,0.00792739,0.00779772,0.00768931,0.00748783,0.00734595,0.00746648,0.00725136,0.00701232,0.00680076,0.00662424,0.00644819,0.00627747,0.00610636,0.00596904,0.00585564,0.00572001,0.00561402,0.00550887,0.00540457,0.00533366,0.00298408
46,0.00524595,0.00740546,0.00819483,0.00803173,0.00786792,0.00773942,0.00763201,0.00743233,0.00729245,0.00741193,0.00719901,0.00696244,0.00675306,0.00657835,0.0064041,0.00623515,0.00606582,0.00592992,0.00581766,0.00568344,0.00557853,0.00547447,0.00537124,0.00530106,0.00297147
47,0.00521818,0.00735136,0.00813365,0.00797205,0.00780973,0.00768237,0.00757595,0.00737804,0.00724009,0.00735855,0.00714777,0.00691363,0.00670636,0.00653342,0.00636093,0.00619371,0.00602611,0.00589159,0.00578045,0.0056476,0.00554376,0.00544075,0.00533857,0.0052691,0.00295905
48,0.00519091,0.00729842,0.00807378,0.00791364,0.00775279,0.00762655,0.0075211,0.0073249,0.00718885,0.0073063,0.00709762,0.00686583,0.00666063,0.00648942,0.00631866,0.00615312,0.00598721,0.00585405,0.00574399,0.00561248,0.00550968,0.00540769,0.00530654,0.00523776,0.00294681
49,0.00516413,0.00724659,0.00801519,0.00785648,0.00769706,0.00757191,0.0074674,0.00727289,0.00713869,0.00725515,0.00704852,0.00681904,0.00661586,0.00644633,0.00627725,0.00611336,0.00594909,0.00581726,0.00570826,0.00557806,0.00547627,0.00537529,0.00527514,0.00520704,0.00293477
50,0.00513784,0.00719586,0.00795784,0.00780053,0.00764251,0.00751843,0.00741484,0.00722198,0.00708957,0.00720508,0.00700043,0.00677321,0.006572,0.00640412,0.00623668,0.0060744,0.00591175,0.0057812,0.00567324,0.00554433,0.00544352,0.00534353,0.00524435,0.00517691,0.0029229
51,0.00511202,0.00714619,0.00790169,0.00774575,0.0075891,0.00746607,0.00736338,0.00717213,0.00704147,0.00715604,0.00695335,0.00672832,0.00652904,0.00636277,0.00619694,0.00603623,0.00587515,0.00574586,0.00563892,0.00551125,0.00541141,0.00531238,0.00521415,0.00514736,0.00291122
52,0.00508666,0.00709755,0.00784672,0.00769212,0.00753681,0.00741479,0.00731299,0.00712331,0.00699437,0.00710801,0.00690723,0.00668435,0.00648696,0.00632225,0.00615799,0.00599882,0.00583927,0.00571122,0.00560527,0.00547882,0.00537993,0.00528183,0.00518454,0.00511838,0.00289972
53,0.00506176,0.00704991,0.00779289,0.00763959,0.00748559,0.00736458,0.00726364,0.0070755,0.00694823,0.00706097,0.00686205,0.00664127,0.00644572,0.00628255,0.00611982,0.00596215,0.00580411,0.00567726,0.00557227,0.00544703,0.00534905,0.00525187,0.0051555,0.00508995,0.00288839
54,0.0050373,0.00700325,0.00774016,0.00758815,0.00743543,0.0073154,0.0072153,0.00702867,0.00690302,0.00701488,0.00681778,0.00659906,0.00640531,0.00624364,0.00608242,0.00592621,0.00576964,0.00564397,0.00553993,0.00541585,0.00531877,0.00522249,0.005127,0.00506206,0.00287725
55,0.00501327,0.00695754,0.00768852,0.00753775,0.00738629,0.00726722,0.00716795,0.0069828,0.00685874,0.00696973,0.00677441,0.0065577,0.00636571,0.00620551,0.00604575,0.00589097,0.00573584,0.00561132,0.0055082,0.00538527,0.00528907,0.00519367,0.00509905,0.0050347,0.00286627
56,0.00498966,0.00691276,0.00763792,0.00748839,0.00733815,0.00722001,0.00712155,0.00693785,0.00681534,0.00692548,0.00673191,0.00651716,0.00632689,0.00616813,0.0060098,0.00585643,0.0057027,0.00557931,0.00547709,0.00535527,0.00525994,0.00516539,0.00507163,0.00500785,0.00285547
57,0.00496647,0.00686887,0.00758835,0.00744001,0.00729098,0.00717376,0.00707609,0.00689381,0.00677281,0.00688212,0.00669025,0.00647742,0.00628884,0.00613148,0.00597455,0.00582255,0.0056702,0.00554791,0.00544658,0.00532585,0.00523136,0.00513765,0.00504472,0.00498151,0.00284483
58,0.00494369,0.00682587,0.00753978,0.00739262,0.00724476,0.00712844,0.00703155,0.00685065,0.00673113,0.00683963,0.00664942,0.00643847,0.00625153,0.00609555,0.00593999,0.00578934,0.00563832,0.00551711,0.00541665,0.00529699,0.00520333,0.00511044,0.00501832,0.00495565,0.00283436
59,0.0049213,0.00678372,0.00749218,0.00734617,0.00719947,0.00708403,0.00698789,0.00680835,0.00669028,0.00679797,0.0066094,0.00640028,0.00621496,0.00606032,0.0059061,0.00575676,0.00560706,0.0054869,0.00538729,0.00526867,0.00517582,0.00508373,0.00499241,0.00493028,0.00282406
60,0.00489931,0.00674241,0.00744553,0.00730064,0.00715507,0.00704049,0.0069451,0.00676688,0.00665023,0.00675714,0.00657016,0.00636284,0.00617909,0.00602577,0.00587287,0.00572481,0.00557639,0.00545727,0.00535848,0.00524089,0.00514882,0.00505752,0.00496698,0.00490538,0.00281391
61,0.00487769,0.00670191,0.0073998,0.00725602,0.00711155,0.00699782,0.00690315,0.00672624,0.00661096,0.00671711,0.00653169,0.00632613,0.00614392,0.00599189,0.00584027,0.00569347,0.00554631,0.0054282,0.00533022,0.00521363,0.00512233,0.0050318,0.00494203,0.00488094,0.00280393
62,0.00485646,0.00666221,0.00735497,0.00721227,0.00706889,0.00695598,0.00686203,0.0066864,0.00657246,0.00667785,0.00649397,0.00629013,0.00610943,0.00595866,0.0058083,0.00566272,0.0055168,0.00539967,0.00530249,0.00518688,0.00509634,0.00500656,0.00491753,0.00485695,0.00279411
63,0.00483559,0.00662329,0.00731103,0.00716939,0.00702706,0.00691497,0.00682171,0.00664733,0.00653471,0.00663937,0.00645697,0.00625482,0.00607561,0.00592606,0.00577693,0.00563256,0.00548785,0.00537169,0.00527528,0.00516062,0.00507083,0.00498178,0.00489349,0.0048334,0.00278443
64,0.00481508,0.00658513,0.00726795,0.00712734,0.00698605,0.00687476,0.00678218,0.00660903,0.0064977,0.00660163,0.0064207,0.0062202,0.00604243,0.00589409,0.00574617,0.00560297,0.00545944,0.00534422,0.00524858,0.00513486,0.00504579,0.00495746,0.00486988,0.00481028,0.00277492
65,0.00479492,0.0065477,0.0072257,0.00708611,0.00694584,0.00683533,0.00674342,0.00657147,0.00646139,0.00656461,0.00638512,0.00618623,0.00600988,0.00586273,0.00571598,0.00557394,0.00543156,0.00531727,0.00522237,0.00510957,0.00502121,0.00493359,0.00484671,0.00478759,0.00276555
66,0.00477511,0.006511,0.00718428,0.00704568,0.00690641,0.00679666,0.00670541,0.00653464,0.00642579,0.00652831,0.00635022,0.00615292,0.00597795,0.00583195,0.00568636,0.00554545,0.0054042,0.00529082,0.00519666,0.00508475,0.00499708,0.00491015,0.00482396,0.0047653,0.00275633
67,0.00475564,0.00647501,0.00714365,0.00700603,0.00686774,0.00675874,0.00666813,0.00649851,0.00639086,0.00649271,0.00631599,0.00612023,0.00594663,0.00580176,0.0056573,0.0055175,0.00537735,0.00526486,0.00517141,0.00506039,0.0049734,0.00488715,0.00480163,0.00474342,0.00274726
68,0.00473651,0.00643971,0.00710381,0.00696715,0.00682982,0.00672154,0.00663157,0.00646308,0.00635661,0.00645778,0.00628241,0.00608817,0.00591589,0.00577214,0.00562879,0.00549007,0.00535101,0.00523939,0.00514663,0.00503647,0.00495015,0.00486456,0.0047797,0.00472194,0.00273833
69,0.0047177,0.00640509,0.00706474,0.00692901,0.00679262,0.00668507,0.00659571,0.00642833,0.006323,0.00642352,0.00624947,0.00605671,0.00588574,0.00574307,0.0056008,0.00546314,0.00532515,0.00521438,0.00512231,0.00501299,0.00492732,0.00484238,0.00475816,0.00470084,0.00272955
70,0.00469921,0.00637112,0.00702641,0.00689161,0.00675613,0.00664928,0.00656053,0.00639424,0.00629004,0.00638991,0.00621715,0.00602585,0.00585615,0.00571455,0.00557334,0.00543672,0.00529976,0.00518983,0.00509843,0.00498994,0.00490491,0.00482061,0.00473702,0.00468012,0.0027209
71,0.00468103,0.0063378,0.00698882,0.00685491,0.00672034,0.00661418,0.00652603,0.0063608,0.0062577,0.00635693,0.00618544,0.00599556,0.00582712,0.00568656,0.00554639,0.00541079,0.00527485,0.00516573,0.005075,0.00496731,0.00488291,0.00479923,0.00471626,0.00465978,0.00271239
72,0.00466317,0.00630512,0.00695194,0.00681892,0.00668523,0.00657975,0.00649217,0.006328,0.00622596,0.00632458,0.00615433,0.00596585,0.00579862,0.00565908,0.00551994,0.00538533,0.00525039,0.00514207,0.00505198,0.0049451,0.00486131,0.00477823,0.00469587,0.0046398,0.00270402
73,0.00464561,0.00627305,0.00691576,0.0067836,0.00665078,0.00654597,0.00645896,0.00629581,0.00619483,0.00629283,0.0061238,0.00593668,0.00577066,0.00563212,0.00549398,0.00536034,0.00522638,0.00511885,0.00502939,0.00492328,0.00484009,0.00475761,0.00467585,0.00462018,0.00269578
74,0.00462835,0.00624159,0.00688026,0.00674895,0.00661699,0.00651282,0.00642638,0.00626423,0.00616428,0.00626169,0.00609384,0.00590806,0.00574322,0.00560566,0.00546849,0.00533582,0.00520281,0.00509605,0.00500721,0.00490186,0.00481926,0.00473737,0.00465618,0.00460091,0.00268767
75,0.00461138,0.00621072,0.00684544,0.00671496,0.00658383,0.0064803,0.00639441,0.00623325,0.0061343,0.00623112,0.00606444,0.00587998,0.00571628,0.00557969,0.00544348,0.00531174,0.00517967,0.00507366,0.00498543,0.00488083,0.0047988,0.00471748,0.00463687,0.00458198,0.00267969
76,0.0045947,0.00618042,0.00681127,0.00668161,0.00655129,0.00644839,0.00636304,0.00620285,0.00610488,0.00620112,0.00603558,0.00585241,0.00568984,0.00555419,0.00541892,0.0052881,0.00515696,0.00505168,0.00496404,0.00486017,0.00477871,0.00469796,0.0046179,0.00456339,0.00267184
77,0.0045783,0.0061507,0.00677774,0.00664888,0.00651937,0.00641708,0.00633225,0.00617301,0.006076,0.00617169,0.00600727,0.00582535,0.00566389,0.00552916,0.00539481,0.00526489,0.00513465,0.0050301,0.00494305,0.00483989,0.00475899,0.00467878,0.00459927,0.00454513,0.00266411
78,0.00456217,0.00612153,0.00674484,0.00661677,0.00648804,0.00638636,0.00630205,0.00614374,0.00604767,0.0061428,0.00597948,0.0057988,0.00563842,0.00550459,0.00537115,0.00524211,0.00511275,0.00500891,0.00492243,0.00481997,0.00473961,0.00465994,0.00458097,0.00452719,0.00265651
79,0.00454632,0.00609291,0.00671256,0.00658525,0.00645729,0.00635621,0.0062724,0.006115,0.00601986,0.00611444,0.0059522,0.00577273,0.00561342,0.00548048,0.00534791,0.00521974,0.00509125,0.0049881,0.00490218,0.00480041,0.00472058,0.00464144,0.00456299,0.00450957,0.00264903
80,0.00453074,0.00606481,0.00668088,0.00655432,0.00642712,0.00632662,0.00624331,0.00608681,0.00599256,0.00608661,0.00592542,0.00574714,0.00558887,0.0054568,0.0053251,0.00519778,0.00507013,0.00496767,0.00488229,0.0047812,0.00470189,0.00462327,0.00454534,0.00449226,0.00264167
81,0.00451542,0.00603724,0.00664978,0.00652397,0.00639751,0.00629758,0.00621476,0.00605913,0.00596577,0.0060593,0.00589914,0.00572202,0.00556477,0.00543355,0.00530271,0.00517621,0.0050494,0.0049476,0.00486276,0.00476233,0.00468353,0.00460542,0.00452799,0.00447526,0.00263443
82,0.00450036,0.00601018,0.00661927,0.00649418,0.00636845,0.00626907,0.00618673,0.00603197,0.00593947,0.00603249,0.00587334,0.00569736,0.00554111,0.00541073,0.00528072,0.00515504,0.00502904,0.00492789,0.00484358,0.0047438,0.0046655,0.00458789,0.00451096,0.00445856,0.00262731
83,0.00448555,0.00598362,0.00658932,0.00646495,0.00633993,0.0062411,0.00615923,0.00600532,0.00591366,0.00600617,0.00584802,0.00567316,0.00551789,0.00538832,0.00525913,0.00513424,0.00500904,0.00490854,0.00482475,0.0047256,0.0046478,0.00457067,0.00449422,0.00444215,0.0026203
84,0.00447099,0.00595755,0.00655992,0.00643625,0.00631193,0.00621364,0.00613223,0.00597915,0.00588832,0.00598033,0.00582316,0.00564939,0.00549508,0.00536632,0.00523792,0.00511382,0.00498941,0.00488953,0.00480625,0.00470772,0.0046304,0.00455375,0.00447778,0.00442603,0.0026134
85,0.00445667,0.00593196,0.00653107,0.00640808,0.00628445,0.00618669,0.00610573,0.00595346,0.00586345,0.00595497,0.00579875,0.00562606,0.00547269,0.00534472,0.00521711,0.00509377,0.00497013,0.00487087,0.00478808,0.00469016,0.00461331,0.00453714,0.00446163,0.0044102,0.00260661
86,0.0044426,0.00590684,0.00650275,0.00638044,0.00625748,0.00616023,0.00607972,0.00592825,0.00583903,0.00593007,0.00577479,0.00560315,0.00545071,0.0053235,0.00519666,0.00507408,0.00495119,0.00485253,0.00477023,0.00467291,0.00459653,0.00452081,0.00444576,0.00439464,0.00259994
87,0.00442876,0.00588219,0.00647495,0.0063533,0.006231,0.00613427,0.00605418,0.0059035,0.00581505,0.00590563,0.00575126,0.00558066,0.00542912,0.00530267,0.00517659,0.00505474,0.00493259,0.00483453,0.0047527,0.00465597,0.00458004,0.00450478,0.00443017,0.00437936,0.00259337
88,0.00441515,0.00585798,0.00644766,0.00632666,0.00620501,0.00610877,0.00602912,0.00587921,0.00579152,0.00588163,0.00572817,0.00555857,0.00540793,0.00528222,0.00515688,0.00503575,0.00491432,0.00481684,0.00473549,0.00463933,0.00456385,0.00448902,0.00441486,0.00436434,0.00258691
89,0.00440178,0.00583422,0.00642087,0.0063005,0.00617949,0.00608375,0.00600451,0.00585535,0.00576841,0.00585807,0.00570549,0.00553689,0.00538712,0.00526213,0.00513752,0.0050171,0.00489638,0.00479947,0.00471858,0.00462298,0.00454793,0.00447355,0.00439981,0.00434959,0.00258055
90,0.00438862,0.00581089,0.00639458,0.00627483,0.00615444,0.00605918,0.00598035,0.00583194,0.00574572,0.00583494,0.00568322,0.0055156,0.00536668,0.00524241,0.0051185,0.00499879,0.00487876,0.00478241,0.00470197,0.00460692,0.0045323,0.00445834,0.00438503,0.00433509,0.00257429
91,0.00437569,0.00578799,0.00636876,0.00624963,0.00612985,0.00603506,0.00595664,0.00580895,0.00572345,0.00581223,0.00566136,0.00549469,0.00534661,0.00522304,0.00509983,0.0049808,0.00486145,0.00476565,0.00468565,0.00459115,0.00451695,0.0044434,0.00437051,0.00432085,0.00256814
92,0.00436297,0.0057655,0.00634342,0.00622488,0.00610571,0.00601138,0.00593335,0.00578638,0.00570158,0.00578993,0.0056399,0.00547416,0.0053269,0.00520402,0.00508149,0.00496313,0.00484445,0.00474919,0.00466962,0.00457565,0.00450186,0.00442873,0.00435624,0.00430685,0.00256208
93,0.00435047,0.00574342,0.00631853,0.00620059,0.00608201,0.00598813,0.00591049,0.00576422,0.0056801,0.00576804,0.00561882,0.005454,0.00530755,0.00518534,0.00506348,0.00494577,0.00482776,0.00473301,0.00465387,0.00456043,0.00448704,0.00441431,0.00434222,0.0042931,0.00255612
94,0.00433818,0.00572175,0.0062941,0.00617673,0.00605873,0.0059653,0.00588805,0.00574246,0.00565901,0.00574654,0.00559812,0.0054342,0.00528854,0.00516699,0.00504579,0.00492873,0.00481135,0.00471713,0.00463841,0.00454547,0.00447249,0.00440014,0.00432845,0.00427959,0.00255026
95,0.00432609,0.00570047,0.00627012,0.00615332,0.00603588,0.00594289,0.00586601,0.0057211,0.00563831,0.00572543,0.00557779,0.00541476,0.00526987,0.00514897,0.00502842,0.00491198,0.00479524,0.00470152,0.00462321,0.00453078,0.00445818,0.00438622,0.00431491,0.00426632,0.0025445
96,0.00431421,0.00567957,0.00624657,0.00613032,0.00601345,0.00592088,0.00584437,0.00570013,0.00561798,0.00570469,0.00555783,0.00539566,0.00525154,0.00513127,0.00501136,0.00489554,0.00477942,0.0046862,0.00460828,0.00451635,0.00444413,0.00437255,0.00430161,0.00425327,0.00253883
97,0.00430252,0.00565905,0.00622344,0.00610775,0.00599142,0.00589928,0.00582312,0.00567953,0.00559801,0.00568434,0.00553823,0.00537691,0.00523354,0.00511389,0.0049946,0.00487938,0.00476387,0.00467114,0.00459362,0.00450216,0.00443032,0.00435911,0.00428855,0.00424046,0.00253325
98,0.00429103,0.0056389,0.00620074,0.00608558,0.00596979,0.00587806,0.00580226,0.00565931,0.0055784,0.00566435,0.00551898,0.0053585,0.00521585,0.00509682,0.00497813,0.00486352,0.0047486,0.00465634,0.00457921,0.00448823,0.00441675,0.00434591,0.00427571,0.00422786,0.00252776
99,0.00427973,0.00561912,0.00617844,0.00606381,0.00594855,0.00585723,0.00578177,0.00563945,0.00555915,0.00564472,0.00550008,0.00534041,0.00519849,0.00508005,0.00496196,0.00484793,0.0047336,0.00464181,0.00456506,0.00447454,0.00440343,0.00433294,0.00426309,0.00421549,0.00252236
100,0.00427135,0.00560436,0.00616181,0.00604757,0.0059327,0.00584169,0.00576649,0.00562464,0.00554479,0.00563008,0.00548599,0.00532693,0.00518555,0.00506756,0.00494992,0.00483633,0.00472243,0.004631,0.00455454,0.00446437,0.00439352,0.0043233,0.00425372,0.0042063,0.0025184
101,0.00426041,0.00558525,0.00614027,0.00602654,0.00591219,0.00582156,0.0057467,0.00560545,0.00552619,0.00561111,0.00546772,0.00530945,0.00516876,0.00505135,0.00493429,0.00482126,0.00470793,0.00461695,0.00454085,0.00445113,0.00438063,0.00431076,0.00424152,0.00419433,0.00251317
102,0.00424965,0.00556648,0.00611912,0.00600589,0.00589204,0.0058018,0.00572727,0.00558661,0.00550792,0.00559248,0.00544978,0.00529229,0.00515228,0.00503544,0.00491894,0.00480646,0.00469368,0.00460315,0.00452741,0.00443812,0.00436796,0.00429843,0.00422952,0.00418256,0.00250802
103,0.00423907,0.00554805,0.00609836,0.00598561,0.00587225,0.00578239,0.00570818,0.00556811,0.00548998,0.00557419,0.00543216,0.00527543,0.00513608,0.0050198,0.00490386,0.00479192,0.00467969,0.00458959,0.0045142,0.00442534,0.00435552,0.00428632,0.00421774,0.004171,0.00250296
104,0.00422867,0.00552995,0.00607796,0.0059657,0.00585282,0.00576333,0.00568944,0.00554994,0.00547235,0.00555622,0.00541486,0.00525887,0.00512018,0.00500444,0.00488904,0.00477764,0.00466594,0.00457626,0.00450122,0.00441279,0.00434329,0.00427442,0.00420616,0.00415964,0.00249797
105,0.00421844,0.00551217,0.00605793,0.00594615,0.00583374,0.00574461,0.00567103,0.0055321,0.00545505,0.00553857,0.00539786,0.0052426,0.00510455,0.00498935,0.00487449,0.00476361,0.00465243,0.00456317,0.00448847,0.00440045,0.00433128,0.00426272,0.00419479,0.00414848,0.00249307
106,0.00420839,0.00549472,0.00603827,0.00592694,0.005815,0.00572623,0.00565295,0.00551458,0.00543805,0.00552124,0.00538117,0.00522663,0.00508921,0.00497453,0.00486019,0.00474982,0.00463915,0.00455031,0.00447594,0.00438833,0.00431947,0.00425123,0.00418361,0.00413751,0.00248825
107,0.0041985,0.00547757,0.00601895,0.00590808,0.00579659,0.00570818,0.0056352,0.00549737,0.00542135,0.00550422,0.00536477,0.00521093,0.00507413,0.00495997,0.00484615,0.00473628,0.00462612,0.00453768,0.00446363,0.00437642,0.00430787,0.00423994,0.00417262,0.00412673,0.00248351
108,0.00418878,0.00546073,0.00599998,0.00588956,0.00577852,0.00569045,0.00561777,0.00548047,0.00540495,0.0054875,0.00534867,0.00519552,0.00505932,0.00494567,0.00483235,0.00472297,0.0046133,0.00452526,0.00445154,0.00436472,0.00429647,0.00422884,0.00416182,0.00411614,0.00247885
109,0.00417922,0.00544419,0.00598135,0.00587137,0.00576077,0.00567303,0.00560064,0.00546386,0.00538885,0.00547108,0.00533285,0.00518038,0.00504478,0.00493162,0.0048188,0.0047099,0.00460072,0.00451306,0.00443965,0.00435322,0.00428527,0.00421794,0.00415121,0.00410573,0.00247426
110,0.00416982,0.00542795,0.00596305,0.0058535,0.00574333,0.00565593,0.00558382,0.00544756,0.00537303,0.00545495,0.00531731,0.0051655,0.00503049,0.00491782,0.00480548,0.00469706,0.00458835,0.00450108,0.00442798,0.00434192,0.00427427,0.00420722,0.00414079,0.0040955,0.00246975
111,0.00416057,0.005412,0.00594508,0.00583595,0.00572621,0.00563913,0.0055673,0.00543155,0.00535749,0.0054391,0.00530205,0.00515089,0.00501645,0.00490426,0.0047924,0.00468444,0.0045762,0.0044893,0.0044165,0.00433082,0.00426345,0.00419669,0.00413054,0.00408544,0.00246531
112,0.00415149,0.00539633,0.00592743,0.00581872,0.00570939,0.00562263,0.00555108,0.00541582,0.00534222,0.00542354,0.00528706,0.00513654,0.00500266,0.00489094,0.00477955,0.00467205,0.00456426,0.00447773,0.00440523,0.00431991,0.00425283,0.00418634,0.00412047,0.00407556,0.00246095
113,0.00414255,0.00538094,0.0059101,0.00580179,0.00569287,0.00560643,0.00553514,0.00540037,0.00532723,0.00540825,0.00527233,0.00512244,0.00498911,0.00487785,0.00476692,0.00465987,0.00455254,0.00446636,0.00439415,0.00430919,0.00424238,0.00417618,0.00411058,0.00406585,0.00245665
114,0.00413376,0.00536582,0.00589307,0.00578516,0.00567664,0.00559051,0.00551949,0.00538519,0.0053125,0.00539324,0.00525786,0.00510859,0.0049758,0.00486499,0.00475451,0.00464791,0.00454101,0.00445519,0.00438327,0.00429866,0.00423212,0.00416618,0.00410085,0.00405631,0.00245243
115,0.00412512,0.00535097,0.00587634,0.00576883,0.0056607,0.00557488,0.00550411,0.00537029,0.00529803,0.00537848,0.00524365,0.00509498,0.00496273,0.00485236,0.00474232,0.00463615,0.00452969,0.00444422,0.00437258,0.00428831,0.00422203,0.00415636,0.00409129,0.00404693,0.00244828
116,0.00411662,0.00533638,0.00585991,0.00575278,0.00564504,0.00555952,0.00548901,0.00535564,0.00528382,0.00536399,0.00522969,0.00508161,0.00494988,0.00483995,0.00473035,0.0046246,0.00451856,0.00443343,0.00436207,0.00427813,0.00421212,0.00414671,0.0040819,0.00403771,0.00244419
117,0.00410827,0.00532205,0.00584378,0.00573703,0.00562967,0.00554443,0.00547417,0.00534126,0.00526986,0.00534976,0.00521597,0.00506848,0.00493726,0.00482776,0.00471858,0.00461325,0.00450763,0.00442283,0.00435174,0.00426814,0.00420238,0.00413723,0.00407267,0.00402865,0.00244017
118,0.00410006,0.00530798,0.00582793,0.00572155,0.00561456,0.00552961,0.0054596,0.00532713,0.00525615,0.00533578,0.0052025,0.00505558,0.00492486,0.00481578,0.00470702,0.00460209,0.00449688,0.00441242,0.00434159,0.00425831,0.00419281,0.00412791,0.0040636,0.00401975,0.00243622
119,0.00409198,0.00529415,0.00581235,0.00570634,0.00559972,0.00551506,0.00544528,0.00531325,0.00524267,0.00532204,0.00518926,0.0050429,0.00491268,0.00480401,0.00469566,0.00459114,0.00448633,0.00440218,0.00433162,0.00424866,0.00418341,0.00411874,0.00405468,0.00401099,0.00243233
120,0.00408403,0.00528057,0.00579706,0.0056914,0.00558514,0.00550076,0.00543122,0.00529962,0.00522944,0.00530854,0.00517625,0.00503045,0.00490071,0.00479244,0.0046845,0.00458037,0.00447595,0.00439213,0.00432182,0.00423917,0.00417416,0.00410974,0.00404592,0.00400239,0.00242851
121,0.00407622,0.00526723,0.00578203,0.00567673,0.00557082,0.00548671,0.0054174,0.00528623,0.00521643,0.00529528,0.00516348,0.00501821,0.00488895,0.00478108,0.00467354,0.00456979,0.00446576,0.00438224,0.00431219,0.00422985,0.00416508,0.00410089,0.0040373,0.00399394,0.00242475
122,0.00406854,0.00525412,0.00576727,0.00566232,0.00555675,0.00547291,0.00540383,0.00527307,0.00520366,0.00528226,0.00515093,0.00500619,0.0048774,0.00476992,0.00466276,0.00455939,0.00445574,0.00437253,0.00430272,0.00422069,0.00415615,0.0040922,0.00402884,0.00398563,0.00242105
123,0.00406099,0.00524124,0.00575277,0.00564815,0.00554293,0.00545935,0.0053905,0.00526014,0.0051911,0.00526946,0.00513859,0.00499438,0.00486605,0.00475895,0.00465217,0.00454918,0.0044459,0.00436299,0.00429342,0.00421168,0.00414737,0.00408365,0.00402052,0.00397746,0.00241741
124,0.00405356,0.00522859,0.00573852,0.00563424,0.00552936,0.00544604,0.0053774,0.00524744,0.00517877,0.00525688,0.00512648,0.00498277,0.00485489,0.00474817,0.00464177,0.00453914,0.00443623,0.00435361,0.00428428,0.00420283,0.00413875,0.00407525,0.00401234,0.00396944,0.00241383
125,0.00404626,0.00521617,0.00572453,0.00562058,0.00551602,0.00543295,0.00536453,0.00523497,0.00516666,0.00524453,0.00511457,0.00497137,0.00484393,0.00473758,0.00463154,0.00452927,0.00442672,0.00434439,0.0042753,0.00419413,0.00413027,0.00406699,0.0040043,0.00396155,0.00241031
126,0.00403908,0.00520396,0.00571078,0.00560715,0.00550291,0.0054201,0.00535189,0.00522271,0.00515475,0.00523239,0.00510287,0.00496017,0.00483316,0.00472717,0.0046215,0.00451958,0.00441738,0.00433533,0.00426647,0.00418559,0.00412194,0.00405888,0.0039964,0.00395379,0.00240685
127,0.00403202,0.00519196,0.00569727,0.00559396,0.00549004,0.00540747,0.00533947,0.00521067,0.00514306,0.00522047,0.00509138,0.00494916,0.00482258,0.00471694,0.00461162,0.00451005,0.0044082,0.00432643,0.00425779,0.00417719,0.00411375,0.0040509,0.00398864,0.00394617,0.00240345
128,0.00402508,0.00518017,0.005684,0.005581,0.00547739,0.00539506,0.00532726,0.00519884,0.00513156,0.00520875,0.00508009,0.00493834,0.00481218,0.00470689,0.00460192,0.00450069,0.00439918,0.00431768,0.00424926,0.00416893,0.00410571,0.00404306,0.003981,0.00393868,0.0024001
129,0.00401825,0.00516859,0.00567096,0.00556826,0.00546496,0.00538287,0.00531527,0.00518721,0.00512027,0.00519724,0.00506899,0.00492771,0.00480196,0.00469701,0.00459239,0.00449149,0.00439031,0.00430908,0.00424088,0.00416081,0.0040978,0.00403536,0.0039735,0.00393131,0.00239681
130,0.00401153,0.00515721,0.00565815,0.00555575,0.00545275,0.00537089,0.00530349,0.00517579,0.00510918,0.00518593,0.00505809,0.00491727,0.00479192,0.00468731,0.00458302,0.00448245,0.0043816,0.00430063,0.00423265,0.00415284,0.00409002,0.00402779,0.00396613,0.00392407,0.00239357
131,0.00400493,0.00514603,0.00564556,0.00554346,0.00544075,0.00535912,0.00529192,0.00516457,0.00509828,0.00517481,0.00504737,0.004907,0.00478205,0.00467777,0.00457381,0.00447356,0.00437304,0.00429233,0.00422455,0.004145,0.00408238,0.00402034,0.00395888,0.00391696,0.00239038
132,0.00399844,0.00513505,0.00563319,0.00553138,0.00542896,0.00534755,0.00528054,0.00515354,0.00508756,0.00516389,0.00503684,0.00489692,0.00477235,0.0046684,0.00456476,0.00446483,0.00436462,0.00428417,0.0042166,0.00413729,0.00407487,0.00401302,0.00395175,0.00390996,0.00238725
133,0.00399205,0.00512426,0.00562104,0.00551951,0.00541738,0.00533619,0.00526937,0.00514271,0.00507704,0.00515315,0.0050265,0.00488701,0.00476282,0.00465919,0.00455587,0.00445625,0.00435635,0.00427614,0.00420877,0.00412972,0.00406749,0.00400583,0.00394475,0.00390309,0.00238417
134,0.00398578,0.00511365,0.0056091,0.00550785,0.005406,0.00532503,0.00525839,0.00513206,0.00506669,0.00514261,0.00501633,0.00487727,0.00475346,0.00465014,0.00454713,0.00444781,0.00434822,0.00426826,0.00420109,0.00412227,0.00406023,0.00399876,0.00393787,0.00389633,0.00238114
135,0.0039796,0.00510323,0.00559737,0.00549639,0.00539481,0.00531405,0.0052476,0.0051216,0.00505653,0.00513224,0.00500634,0.00486769,0.00474426,0.00464124,0.00453854,0.00443952,0.00434023,0.00426051,0.00419353,0.00411496,0.0040531,0.00399181,0.0039311,0.00388969,0.00237816
136,0.00397353,0.00509299,0.00558584,0.00548513,0.00538383,0.00530327,0.00523699,0.00511132,0.00504654,0.00512206,0.00499652,0.00485829,0.00473521,0.0046325,0.0045301,0.00443137,0.00433238,0.00425289,0.00418611,0.00410776,0.00404609,0.00398498,0.00392445,0.00388315,0.00237522
137,0.00396756,0.00508292,0.00557451,0.00547407,0.00537303,0.00529268,0.00522657,0.00510122,0.00503673,0.00511205,0.00498688,0.00484904,0.00472632,0.00462391,0.0045218,0.00442337,0.00432466,0.0042454,0.00417881,0.0041007,0.0040392,0.00397827,0.00391791,0.00387673,0.00237234
138,0.00396169,0.00507304,0.00556338,0.00546319,0.00536241,0.00528227,0.00521633,0.00509129,0.00502708,0.00510222,0.00497739,0.00483996,0.00471759,0.00461546,0.00451365,0.0044155,0.00431707,0.00423804,0.00417163,0.00409375,0.00403242,0.00397167,0.00391148,0.00387042,0.0023695
139,0.00395591,0.00506332,0.00555244,0.00545251,0.00535199,0.00527204,0.00520627,0.00508153,0.0050176,0.00509255,0.00496808,0.00483103,0.004709,0.00460716,0.00450564,0.00440776,0.00430961,0.00423081,0.00416458,0.00408692,0.00402576,0.00396518,0.00390516,0.00386422,0.00236672
140,0.00395023,0.00505377,0.00554169,0.00544201,0.00534174,0.00526199,0.00519639,0.00507195,0.00500828,0.00508305,0.00495892,0.00482226,0.00470056,0.00459901,0.00449776,0.00440016,0.00430228,0.0042237,0.00415765,0.0040802,0.00401922,0.0039588,0.00389895,0.00385812,0.00236397
141,0.00394465,0.00504438,0.00553112,0.00543169,0.00533167,0.00525211,0.00518667,0.00506253,0.00499913,0.00507372,0.00494992,0.00481363,0.00469227,0.00459099,0.00449002,0.00439268,0.00429508,0.00421671,0.00415084,0.0040736,0.00401278,0.00395253,0.00389284,0.00385212,0.00236127
142,0.00393916,0.00503516,0.00552074,0.00542155,0.00532177,0.0052424,0.00517712,0.00505327,0.00499013,0.00506454,0.00494107,0.00480515,0.00468412,0.00458311,0.00448241,0.00438534,0.00428799,0.00420984,0.00414414,0.00406711,0.00400646,0.00394637,0.00388684,0.00384623,0.00235862
143,0.00393375,0.0050261,0.00551053,0.00541158,0.00531204,0.00523286,0.00516773,0.00504417,0.00498129,0.00505552,0.00493238,0.00479682,0.00467611,0.00457536,0.00447493,0.00437811,0.00428103,0.00420309,0.00413755,0.00406073,0.00400024,0.00394031,0.00388094,0.00384043,0.00235601
144,0.00392844,0.00501719,0.00550051,0.00540179,0.00530248,0.00522348,0.00515851,0.00503522,0.00497259,0.00504666,0.00492383,0.00478863,0.00466823,0.00456775,0.00446757,0.00437102,0.00427419,0.00419645,0.00413108,0.00405446,0.00399412,0.00393435,0.00387513,0.00383473,0.00235345
145,0.00392322,0.00500843,0.00549065,0.00539216,0.00529309,0.00521426,0.00514944,0.00502644,0.00496405,0.00503795,0.00491544,0.00478059,0.00466049,0.00456026,0.00446035,0.00436404,0.00426746,0.00418992,0.00412472,0.0040483,0.00398811,0.00392849,0.00386943,0.00382913,0.00235092
146,0.00391808,0.00499983,0.00548096,0.0053827,0.00528385,0.0052052,0.00514053,0.0050178,0.00495565,0.00502939,0.00490718,0.00477268,0.00465288,0.00455291,0.00445324,0.00435718,0.00426085,0.00418351,0.00411846,0.00404224,0.00398221,0.00392273,0.00386382,0.00382363,0.00234844
147,0.00391303,0.00499137,0.00547144,0.0053734,0.00527478,0.0051963,0.00513178,0.00500931,0.0049474,0.00502097,0.00489907,0.0047649,0.0046454,0.00454568,0.00444626,0.00435044,0.00425435,0.0041772,0.00411231,0.00403628,0.0039764,0.00391707,0.00385831,0.00381821,0.002346
148,0.00390806,0.00498306,0.00546208,0.00536427,0.00526586,0.00518755,0.00512317,0.00500096,0.00493929,0.0050127,0.00489109,0.00475726,0.00463805,0.00453857,0.00443939,0.00434381,0.00424796,0.004171,0.00410627,0.00403042,0.00397069,0.00391151,0.00385288,0.00381289,0.00234359
149,0.00390317,0.00497489,0.00545289,0.00535528,0.00525709,0.00517895,0.00511471,0.00499276,0.00493131,0.00500457,0.00488325,0.00474974,0.00463082,0.00453158,0.00443264,0.00433729,0.00424167,0.0041649,0.00410032,0.00402466,0.00396507,0.00390604,0.00384755,0.00380765,0.00234123
150,0.00389836,0.00496686,0.00544385,0.00534645,0.00524847,0.00517049,0.0051064,0.0049847,0.00492348,0.00499658,0.00487555,0.00474236,0.00462372,0.00452471,0.00442601,0.00433089,0.0042355,0.00415891,0.00409448,0.004019,0.00395955,0.00390066,0.00384231,0.00380251,0.00233891
151,0.00389364,0.00495896,0.00543496,0.00533778,0.00524,0.00516218,0.00509822,0.00497677,0.00491577,0.00498872,0.00486797,0.0047351,0.00461674,0.00451796,0.00441949,0.00432459,0.00422943,0.00415302,0.00408874,0.00401344,0.00395412,0.00389537,0.00383716,0.00379745,0.00233662
152,0.00388899,0.0049512,0.00542623,0.00532924,0.00523167,0.00515401,0.00509019,0.00496898,0.0049082,0.004981,0.00486053,0.00472796,0.00460987,0.00451132,0.00441308,0.0043184,0.00422346,0.00414723,0.00408309,0.00400797,0.00394879,0.00389017,0.0038321,0.00379247,0.00233437
153,0.00388441,0.00494357,0.00541764,0.00532086,0.00522349,0.00514598,0.00508229,0.00496133,0.00490075,0.00497341,0.00485321,0.00472094,0.00460312,0.0045048,0.00440677,0.00431231,0.00421759,0.00414153,0.00407754,0.00400258,0.00394354,0.00388505,0.00382711,0.00378758,0.00233216
154,0.00387991,0.00493608,0.0054092,0.00531262,0.00521544,0.00513809,0.00507453,0.0049538,0.00489344,0.00496595,0.00484601,0.00471405,0.00459649,0.00449838,0.00440058,0.00430633,0.00421182,0.00413593,0.00407208,0.00399729,0.00393838,0.00388002,0.00382222,0.00378277,0.00232999
155,0.00387549,0.00492871,0.00540091,0.00530451,0.00520754,0.00513033,0.0050669,0.0049464,0.00488624,0.00495861,0.00483894,0.00470726,0.00458997,0.00449207,0.00439449,0.00430045,0.00420615,0.00413043,0.00406671,0.00399209,0.00393331,0.00387508,0.0038174,0.00377804,0.00232785
156,0.00387114,0.00492146,0.00539275,0.00529655,0.00519976,0.00512271,0.00505939,0.00493913,0.00487917,0.0049514,0.00483198,0.0047006,0.00458355,0.00448587,0.0043885,0.00429466,0.00420057,0.00412502,0.00406143,0.00398698,0.00392832,0.00387022,0.00381266,0.00377339,0.00232575
157,0.00386686,0.00491434,0.00538473,0.00528872,0.00519212,0.00511521,0.00505202,0.00493198,0.00487222,0.00494431,0.00482514,0.00469404,0.00457725,0.00447978,0.00438261,0.00428898,0.00419508,0.0041197,0.00405624,0.00398195,0.00392342,0.00386544,0.00380801,0.00376882,0.00232368
158,0.00386265,0.00490734,0.00537685,0.00528102,0.0051846,0.00510784,0.00504477,0.00492495,0.00486538,0.00493734,0.00481842,0.0046876,0.00457105,0.00447378,0.00437682,0.00428339,0.00418969,0.00411446,0.00405114,0.00397701,0.0039186,0.00386074,0.00380343,0.00376432,0.00232164
159,0.00385851,0.00490045,0.0053691,0.00527345,0.00517722,0.00510059,0.00503764,0.00491804,0.00485866,0.00493049,0.00481181,0.00468127,0.00456496,0.00446789,0.00437112,0.00427789,0.00418439,0.00410932,0.00404612,0.00397214,0.00391386,0.00385612,0.00379893,0.0037599,0.00231964
160,0.00385444,0.00489368,0.00536149,0.00526601,0.00516995,0.00509347,0.00503063,0.00491124,0.00485205,0.00492375,0.00480532,0.00467504,0.00455897,0.0044621,0.00436553,0.00427248,0.00417918,0.00410426,0.00404119,0.00396736,0.0039092,0.00385157,0.0037945,0.00375555,0.00231767
161,0.00385043,0.00488703,0.005354,0.0052587,0.00516281,0.00508646,0.00502374,0.00490456,0.00484556,0.00491713,0.00479893,0.00466891,0.00455307,0.0044564,0.00436002,0.00426717,0.00417405,0.00409928,0.00403634,0.00396266,0.00390461,0.00384711,0.00379015,0.00375128,0.00231573
162,0.00384649,0.00488049,0.00534663,0.00525151,0.00515579,0.00507958,0.00501697,0.00489799,0.00483917,0.00491062,0.00479265,0.00466289,0.00454728,0.0044508,0.00435461,0.00426194,0.00416901,0.00409439,0.00403157,0.00395804,0.0039001,0.00384271,0.00378586,0.00374707,0.00231383
163,0.00384261,0.00487406,0.00533939,0.00524444,0.00514889,0.0050728,0.00501031,0.00489154,0.00483289,0.00490421,0.00478647,0.00465697,0.00454159,0.00444529,0.00434929,0.0042568,0.00416405,0.00408958,0.00402688,0.00395349,0.00389567,0.00383839,0.00378165,0.00374293,0.00231195
164,0.0038388,0.00486773,0.00533228,0.00523748,0.00514211,0.00506615,0.00500376,0.00488519,0.00482671,0.00489792,0.0047804,0.00465115,0.00453599,0.00443987,0.00434406,0.00425175,0.00415918,0.00408485,0.00402226,0.00394902,0.00389131,0.00383414,0.00377751,0.00373887,0.00231011
165,0.00383505,0.00486151,0.00532528,0.00523065,0.00513543,0.0050596,0.00499732,0.00487895,0.00482064,0.00489172,0.00477443,0.00464543,0.00453048,0.00443455,0.00433891,0.00424678,0.00415439,0.0040802,0.00401773,0.00394463,0.00388702,0.00382996,0.00377344,0.00373487,0.0023083
166,0.00383136,0.0048554,0.0053184,0.00522393,0.00512887,0.00505317,0.00499099,0.00487281,0.00481467,0.00488564,0.00476856,0.0046398,0.00452506,0.00442931,0.00433385,0.00424189,0.00414967,0.00407563,0.00401326,0.0039403,0.00388281,0.00382585,0.00376943,0.00373093,0.00230651
167,0.00382773,0.00484939,0.00531163,0.00521732,0.00512242,0.00504684,0.00498477,0.00486677,0.0048088,0.00487965,0.00476279,0.00463426,0.00451974,0.00442416,0.00432888,0.00423709,0.00414504,0.00407113,0.00400888,0.00393605,0.00387866,0.00382181,0.0037655,0.00372707,0.00230476
168,0.00382416,0.00484348,0.00530498,0.00521082,0.00511608,0.00504061,0.00497865,0.00486084,0.00480303,0.00487377,0.00475711,0.00462882,0.0045145,0.00441909,0.00432398,0.00423236,0.00414048,0.00406671,0.00400456,0.00393187,0.00387458,0.00381783,0.00376162,0.00372326,0.00230303
169,0.00382064,0.00483766,0.00529843,0.00520443,0.00510984,0.0050345,0.00497263,0.004855,0.00479735,0.00486798,0.00475153,0.00462347,0.00450935,0.00441411,0.00431917,0.00422771,0.004136,0.00406235,0.00400032,0.00392776,0.00387057,0.00381392,0.00375781,0.00371952,0.00230134
170,0.00381719,0.00483195,0.005292,0.00519814,0.00510371,0.00502848,0.00496671,0.00484926,0.00479177,0.00486229,0.00474604,0.0046182,0.00450429,0.00440922,0.00431444,0.00422314,0.00413159,0.00405808,0.00399615,0.00392371,0.00386662,0.00381007,0.00375406,0.00371584,0.00229967
171,0.00381379,0.00482633,0.00528567,0.00519197,0.00509768,0.00502256,0.00496089,0.00484362,0.00478628,0.00485669,0.00474064,0.00461303,0.00449931,0.0044044,0.00430979,0.00421865,0.00412725,0.00405387,0.00399204,0.00391973,0.00386274,0.00380629,0.00375038,0.00371222,0.00229802
172,0.00381044,0.0048208,0.00527945,0.00518589,0.00509175,0.00501674,0.00495517,0.00483807,0.00478088,0.00485118,0.00473533,0.00460794,0.00449441,0.00439966,0.00430521,0.00421423,0.00412299,0.00404973,0.00398801,0.00391582,0.00385893,0.00380257,0.00374675,0.00370866,0.00229641
173,0.00380715,0.00481536,0.00527333,0.00517991,0.00508591,0.00501102,0.00494954,0.00483261,0.00477557,0.00484577,0.00473011,0.00460293,0.00448959,0.004395,0.00430071,0.00420988,0.00411879,0.00404566,0.00398403,0.00391197,0.00385517,0.00379891,0.00374319,0.00370515,0.00229482
174,0.00380392,0.00481002,0.00526732,0.00517404,0.00508017,0.00500539,0.004944,0.00482725,0.00477035,0.00484045,0.00472497,0.00459801,0.00448485,0.00439042,0.00429628,0.0042056,0.00411467,0.00404165,0.00398013,0.00390819,0.00385148,0.00379531,0.00373968,0.00370171,0.00229325
175,0.00380073,0.00480476,0.0052614,0.00516826,0.00507453,0.00499986,0.00493856,0.00482197,0.00476522,0.00483521,0.00471992,0.00459316,0.00448019,0.00438591,0.00429192,0.0042014,0.00411061,0.00403771,0.00397629,0.00390446,0.00384785,0.00379177,0.00373623,0.00369832,0.00229171
176,0.0037976,0.00479959,0.00525558,0.00516257,0.00506898,0.00499441,0.0049332,0.00481678,0.00476017,0.00483006,0.00471495,0.0045884,0.00447561,0.00438148,0.00428764,0.00419726,0.00410662,0.00403384,0.00397251,0.0039008,0.00384428,0.00378829,0.00373284,0.00369499,0.0022902
177,0.00379452,0.0047945,0.00524986,0.00515698,0.00506353,0.00498906,0.00492794,0.00481167,0.0047552,0.00482499,0.00471007,0.00458372,0.0044711,0.00437712,0.00428343,0.00419319,0.00410269,0.00403003,0.00396879,0.0038972,0.00384076,0.00378486,0.0037295,0.00369171,0.00228871
178,0.00379148,0.0047895,0.00524423,0.00515148,0.00505816,0.00498379,0.00492276,0.00480665,0.00475031,0.00482001,0.00470526,0.00457911,0.00446667,0.00437283,0.00427928,0.00418919,0.00409883,0.00402628,0.00396514,0.00389366,0.00383731,0.00378149,0.00372621,0.00368848,0.00228724
179,0.0037885,0.00478458,0.00523869,0.00514607,0.00505288,0.00497861,0.00491766,0.00480171,0.00474551,0.00481511,0.00470053,0.00457457,0.00446231,0.00436861,0.00427521,0.00418525,0.00409503,0.00402259,0.00396154,0.00389017,0.00383391,0.00377818,0.00372298,0.00368531,0.0022858
180,0.00378556,0.00477974,0.00523324,0.00514075,0.00504769,0.00497352,0.00491265,0.00479685,0.00474078,0.00481029,0.00469588,0.00457012,0.00445802,0.00436446,0.0042712,0.00418137,0.00409129,0.00401897,0.003958,0.00388674,0.00383056,0.00377492,0.0037198,0.00368219,0.00228438
181,0.00378267,0.00477498,0.00522788,0.00513552,0.00504258,0.00496851,0.00490772,0.00479207,0.00473613,0.00480555,0.00469131,0.00456573,0.0044538,0.00436038,0.00426725,0.00417756,0.00408762,0.0040154,0.00395452,0.00388337,0.00382727,0.00377171,0.00371668,0.00367912,0.00228299
182,0.00377983,0.0047703,0.00522261,0.00513037,0.00503755,0.00496358,0.00490287,0.00478737,0.00473156,0.00480088,0.00468681,0.00456142,0.00444964,0.00435636,0.00426337,0.00417382,0.004084,0.00401189,0.0039511,0.00388005,0.00382404,0.00376855,0.0037136,0.0036761,0.00228162
183,0.00377703,0.00476569,0.00521743,0.00512531,0.00503261,0.00495873,0.0048981,0.00478275,0.00472706,0.0047963,0.00468239,0.00455717,0.00444556,0.00435241,0.00425956,0.00417013,0.00408045,0.00400844,0.00394773,0.00387678,0.00382085,0.00376545,0.00371058,0.00367312,0.00228026
184,0.00377428,0.00476116,0.00521233,0.00512033,0.00502775,0.00495396,0.00489341,0.0047782,0.00472263,0.00479178,0.00467803,0.004553,0.00444154,0.00434853,0.0042558,0.0041665,0.00407695,0.00400504,0.00394442,0.00387357,0.00381772,0.00376239,0.0037076,0.0036702,0.00227894
185,0.00377157,0.0047567,0.00520731,0.00511543,0.00502297,0.00494927,0.0048888,0.00477372,0.00471828,0.00478734,0.00467375,0.00454889,0.00443759,0.0043447,0.00425211,0.00416293,0.0040735,0.0040017,0.00394116,0.00387041,0.00381464,0.00375939,0.00370467,0.00366732,0.00227763
186,0.0037689,0.00475232,0.00520238,0.00511061,0.00501826,0.00494465,0.00488426,0.00476932,0.00471399,0.00478298,0.00466954,0.00454485,0.0044337,0.00434094,0.00424847,0.00415942,0.00407012,0.00399841,0.00393795,0.0038673,0.0038116,0.00375643,0.00370179,0.00366449,0.00227634
187,0.00376628,0.004748,0.00519752,0.00510586,0.00501363,0.00494011,0.00487979,0.00476499,0.00470978,0.00477868,0.00466539,0.00454088,0.00442988,0.00433724,0.0042449,0.00415597,0.00406678,0.00399518,0.0039348,0.00386424,0.00380862,0.00375352,0.00369895,0.00366171,0.00227507
188,0.0037637,0.00474376,0.00519275,0.0051012,0.00500908,0.00493564,0.0048754,0.00476073,0.00470563,0.00477445,0.00466131,0.00453696,0.00442611,0.0043336,0.00424138,0.00415257,0.00406351,0.00399199,0.00393169,0.00386124,0.00380568,0.00375066,0.00369616,0.00365897,0.00227383
189,0.00376116,0.00473958,0.00518805,0.00509661,0.0050046,0.00493125,0.00487107,0.00475654,0.00470155,0.00477029,0.0046573,0.00453312,0.00442241,0.00433002,0.00423792,0.00414923,0.00406028,0.00398886,0.00392864,0.00385827,0.0038028,0.00374784,0.00369342,0.00365627,0.0022726
190,0.00375866,0.00473548,0.00518342,0.00509209,0.00500019,0.00492692,0.00486682,0.00475241,0.00469754,0.0047662,0.00465335,0.00452933,0.00441877,0.0043265,0.00423451,0.00414594,0.00405711,0.00398578,0.00392563,0.00385536,0.00379995,0.00374507,0.00369072,0.00365362,0.0022714
191,0.0037562,0.00473143,0.00517888,0.00508765,0.00499585,0.00492267,0.00486264,0.00474836,0.00469359,0.00476217,0.00464947,0.00452561,0.00441518,0.00432303,0.00423116,0.0041427,0.00405398,0.00398275,0.00392267,0.00385249,0.00379716,0.00374235,0.00368806,0.00365101,0.00227021
192,0.00375377,0.00472746,0.0051744,0.00508328,0.00499159,0.00491848,0.00485852,0.00474436,0.00468971,0.00475821,0.00464565,0.00452194,0.00441166,0.00431962,0.00422786,0.00413951,0.00405091,0.00397977,0.00391976,0.00384967,0.0037944,0.00373966,0.00368545,0.00364844,0.00226904
193,0.00375139,0.00472355,0.00517,0.00507898,0.00498739,0.00491436,0.00485447,0.00474044,0.00468588,0.00475431,0.00464189,0.00451834,0.00440819,0.00431626,0.00422462,0.00413638,0.00404788,0.00397683,0.0039169,0.0038469,0.0037917,0.00373702,0.00368287,0.00364591,0.00226789
194,0.00374905,0.0047197,0.00516566,0.00507475,0.00498326,0.00491031,0.00485048,0.00473657,0.00468212,0.00475048,0.00463819,0.00451479,0.00440477,0.00431296,0.00422143,0.0041333,0.00404491,0.00397394,0.00391408,0.00384417,0.00378903,0.00373442,0.00368034,0.00364342,0.00226676
195,0.00374674,0.00471591,0.0051614,0.00507058,0.00497919,0.00490632,0.00484656,0.00473277,0.00467842,0.0047467,0.00463455,0.00451129,0.00440141,0.0043097,0.00421829,0.00413026,0.00404198,0.0039711,0.00391131,0.00384148,0.00378641,0.00373187,0.00367785,0.00364097,0.00226565
196,0.00374447,0.00471218,0.00515721,0.00506648,0.00497519,0.0049024,0.0048427,0.00472903,0.00467478,0.00474299,0.00463096,0.00450786,0.0043981,0.00430651,0.0042152,0.00412727,0.0040391,0.0039683,0.00390858,0.00383883,0.00378383,0.00372935,0.0036754,0.00363856,0.00226455
197,0.00374223,0.00470851,0.00515308,0.00506245,0.00497126,0.00489854,0.0048389,0.00472534,0.00467119,0.00473934,0.00462744,0.00450448,0.00439485,0.00430336,0.00421215,0.00412434,0.00403626,0.00396555,0.0039059,0.00383623,0.00378129,0.00372687,0.00367298,0.00363619,0.00226348
198,0.00374003,0.0047049,0.00514901,0.00505848,0.00496738,0.00489474,0.00483516,0.00472172,0.00466767,0.00473574,0.00462397,0.00450115,0.00439165,0.00430026,0.00420916,0.00412144,0.00403347,0.00396284,0.00390325,0.00383367,0.00377879,0.00372444,0.00367061,0.00363386,0.00226242
199,0.00373786,0.00470135,0.00514502,0.00505458,0.00496357,0.004891,0.00483148,0.00471815,0.0046642,0.0047322,0.00462055,0.00449788,0.0043885,0.00429721,0.00420621,0.0041186,0.00403073,0.00396017,0.00390065,0.00383115,0.00377633,0.00372204,0.00366827,0.00363156,0.00226137
200,0.00373573,0.00469785,0.00514108,0.00505073,0.00495982,0.00488732,0.00482786,0.00471464,0.00466078,0.00472872,0.00461719,0.00449465,0.00438539,0.00429421,0.00420331,0.0041158,0.00402802,0.00395755,0.00389809,0.00382866,0.00377391,0.00371968,0.00366597,0.0036293,0.00226034
201,0.00373363,0.00469441,0.00513721,0.00504695,0.00495613,0.0048837,0.0048243,0.00471119,0.00465742,0.00472529,0.00461389,0.00449148,0.00438234,0.00429126,0.00420046,0.00411304,0.00402536,0.00395497,0.00389558,0.00382622,0.00377153,0.00371736,0.0036637,0.00362708,0.00225933
202,0.00373156,0.00469103,0.0051334,0.00504323,0.00495249,0.00488013,0.00482079,0.00470779,0.00465411,0.00472191,0.00461063,0.00448836,0.00437934,0.00428835,0.00419765,0.00411032,0.00402275,0.00395242,0.0038931,0.00382382,0.00376918,0.00371507,0.00366148,0.00362489,0.00225834
203,0.00372953,0.0046877,0.00512965,0.00503957,0.00494892,0.00487662,0.00481734,0.00470445,0.00465085,0.00471859,0.00460743,0.00448529,0.00437638,0.00428549,0.00419489,0.00410765,0.00402017,0.00394992,0.00389066,0.00382145,0.00376687,0.00371282,0.00365928,0.00362274,0.00225736
204,0.00372752,0.00468442,0.00512595,0.00503596,0.0049454,0.00487317,0.00481395,0.00470115,0.00464765,0.00471533,0.00460428,0.00448226,0.00437347,0.00428268,0.00419217,0.00410502,0.00401763,0.00394746,0.00388825,0.00381912,0.0037646,0.0037106,0.00365712,0.00362061,0.00225639
205,0.00372555,0.00468119,0.00512232,0.00503241,0.00494193,0.00486977,0.0048106,0.00469791,0.00464449,0.00471211,0.00460117,0.00447929,0.00437061,0.0042799,0.00418949,0.00410244,0.00401514,0.00394504,0.00388589,0.00381683,0.00376237,0.00370842,0.003655,0.00361853,0.00225545
206,0.00372361,0.00467801,0.00511874,0.00502892,0.00493852,0.00486643,0.00480731,0.00469472,0.00464139,0.00470894,0.00459812,0.00447636,0.00436779,0.00427718,0.00418685,0.00409989,0.00401268,0.00394265,0.00388356,0.00381457,0.00376017,0.00370628,0.00365291,0.00361647,0.00225451
207,0.0037217,0.00467488,0.00511522,0.00502548,0.00493517,0.00486313,0.00480408,0.00469158,0.00463833,0.00470582,0.00459511,0.00447347,0.00436501,0.00427449,0.00418426,0.00409738,0.00401026,0.0039403,0.00388127,0.00381235,0.003758,0.00370416,0.00365085,0.00361445,0.00225359
208,0.00371982,0.0046718,0.00511176,0.00502209,0.00493186,0.00485989,0.00480089,0.00468849,0.00463532,0.00470276,0.00459215,0.00447063,0.00436228,0.00427185,0.0041817,0.00409492,0.00400788,0.00393799,0.00387902,0.00381017,0.00375587,0.00370208,0.00364882,0.00361246,0.00225269
209,0.00371797,0.00466877,0.00510835,0.00501876,0.00492861,0.0048567,0.00479775,0.00468545,0.00463236,0.00469974,0.00458924,0.00446784,0.00435959,0.00426925,0.00417919,0.00409249,0.00400553,0.00393572,0.0038768,0.00380801,0.00375377,0.00370004,0.00364682,0.0036105,0.0022518
210,0.00371614,0.00466579,0.00510499,0.00501548,0.00492541,0.00485356,0.00479466,0.00468245,0.00462945,0.00469676,0.00458637,0.00446509,0.00435694,0.00426668,0.00417671,0.00409009,0.00400323,0.00393347,0.00387461,0.0038059,0.0037517,0.00369802,0.00364486,0.00360857,0.00225092
211,0.00371435,0.00466285,0.00510168,0.00501225,0.00492226,0.00485047,0.00479162,0.0046795,0.00462657,0.00469384,0.00458354,0.00446238,0.00435434,0.00426416,0.00417428,0.00408774,0.00400095,0.00393127,0.00387246,0.00380381,0.00374966,0.00369604,0.00364292,0.00360667,0.00225006
212,0.00371258,0.00465996,0.00509843,0.00500907,0.00491915,0.00484743,0.00478862,0.0046766,0.00462375,0.00469096,0.00458077,0.00445971,0.00435177,0.00426168,0.00417188,0.00408542,0.00399872,0.0039291,0.00387034,0.00380176,0.00374766,0.00369408,0.00364102,0.0036048,0.00224921
213,0.00371084,0.00465711,0.00509522,0.00500594,0.0049161,0.00484443,0.00478568,0.00467374,0.00462097,0.00468812,0.00457803,0.00445709,0.00434924,0.00425924,0.00416951,0.00408314,0.00399651,0.00392696,0.00386825,0.00379973,0.00374569,0.00369216,0.00363915,0.00360295,0.00224837
214,0.00370913,0.00465431,0.00509207,0.00500286,0.00491309,0.00484148,0.00478277,0.00467093,0.00461823,0.00468533,0.00457533,0.0044545,0.00434676,0.00425683,0.00416719,0.00408089,0.00399435,0.00392486,0.0038662,0.00379774,0.00374375,0.00369026,0.0036373,0.00360114,0.00224755
215,0.00370744,0.00465155,0.00508896,0.00499983,0.00491013,0.00483857,0.00477992,0.00466816,0.00461553,0.00468258,0.00457268,0.00445196,0.00434431,0.00425446,0.0041649,0.00407868,0.00399221,0.00392278,0.00386418,0.00379578,0.00374183,0.0036884,0.00363548,0.00359936,0.00224674
216,0.00370578,0.00464884,0.00508591,0.00499684,0.00490721,0.00483571,0.0047771,0.00466543,0.00461288,0.00467987,0.00457007,0.00444946,0.0043419,0.00425213,0.00416265,0.0040765,0.00399011,0.00392074,0.00386219,0.00379385,0.00373995,0.00368656,0.00363369,0.0035976,0.00224594
217,0.00370414,0.00464616,0.0050829,0.0049939,0.00490434,0.0048329,0.00477433,0.00466275,0.00461026,0.0046772,0.0045675,0.00444699,0.00433952,0.00424983,0.00416043,0.00407436,0.00398804,0.00391873,0.00386023,0.00379195,0.0037381,0.00368476,0.00363193,0.00359587,0.00224515
218,0.00370253,0.00464353,0.00507993,0.00499101,0.00490152,0.00483013,0.00477161,0.0046601,0.00460769,0.00467458,0.00456497,0.00444456,0.00433718,0.00424757,0.00415824,0.00407225,0.003986,0.00391676,0.0038583,0.00379008,0.00373627,0.00368298,0.0036302,0.00359416,0.00224438
219,0.00370094,0.00464094,0.00507701,0.00498816,0.00489873,0.0048274,0.00476892,0.0046575,0.00460516,0.00467199,0.00456247,0.00444217,0.00433488,0.00424534,0.00415609,0.00407017,0.003984,0.00391481,0.0038564,0.00378824,0.00373448,0.00368123,0.00362849,0.00359248,0.00224362
220,0.00369938,0.00463838,0.00507414,0.00498535,0.00489599,0.00482471,0.00476628,0.00465494,0.00460266,0.00466945,0.00456002,0.00443981,0.00433262,0.00424315,0.00415397,0.00406812,0.00398202,0.00391289,0.00385453,0.00378643,0.00373271,0.0036795,0.00362681,0.00359083,0.00224287
221,0.00369784,0.00463587,0.00507131,0.00498259,0.0048933,0.00482206,0.00476367,0.00465241,0.0046002,0.00466694,0.0045576,0.0044375,0.00433039,0.00424099,0.00415188,0.00406611,0.00398008,0.003911,0.00385269,0.00378464,0.00373096,0.0036778,0.00362515,0.00358921,0.00224213
222,0.00369632,0.00463339,0.00506852,0.00497986,0.00489064,0.00481945,0.00476111,0.00464993,0.00459778,0.00466448,0.00455522,0.00443521,0.00432819,0.00423887,0.00414983,0.00406412,0.00397816,0.00390914,0.00385087,0.00378288,0.00372925,0.00367613,0.00362352,0.0035876,0.00224141
223,0.00369483,0.00463095,0.00506578,0.00497718,0.00488802,0.00481689,0.00475859,0.00464748,0.0045954,0.00466205,0.00455288,0.00443296,0.00432602,0.00423677,0.00414781,0.00406217,0.00397628,0.00390731,0.00384909,0.00378115,0.00372756,0.00367448,0.00362191,0.00358602,0.00224069
224,0.00369336,0.00462855,0.00506307,0.00497454,0.00488544,0.00481436,0.0047561,0.00464507,0.00459305,0.00465965,0.00455057,0.00443075,0.00432389,0.00423471,0.00414581,0.00406024,0.00397442,0.00390551,0.00384733,0.00377944,0.00372589,0.00367286,0.00362033,0.00358447,0.00223999
225,0.00369191,0.00462619,0.00506041,0.00497194,0.00488291,0.00481187,0.00475365,0.00464269,0.00459074,0.0046573,0.00454829,0.00442857,0.00432179,0.00423268,0.00414385,0.00405834,0.00397259,0.00390373,0.0038456,0.00377776,0.00372425,0.00367126,0.00361877,0.00358294,0.00223929
226,0.00369049,0.00462386,0.00505779,0.00496938,0.00488041,0.00480942,0.00475124,0.00464036,0.00458847,0.00465498,0.00454605,0.00442642,0.00431973,0.00423068,0.00414192,0.00405648,0.00397079,0.00390198,0.00384389,0.00377611,0.00372264,0.00366968,0.00361724,0.00358143,0.00223861
227,0.00368908,0.00462157,0.00505521,0.00496686,0.00487795,0.004807,0.00474886,0.00463805,0.00458622,0.00465269,0.00454385,0.00442431,0.00431769,0.00422871,0.00414001,0.00405464,0.00396901,0.00390026,0.00384221,0.00377448,0.00372105,0.00366813,0.00361573,0.00357995,0.00223794
228,0.0036877,0.00461931,0.00505266,0.00496438,0.00487552,0.00480463,0.00474653,0.00463579,0.00458402,0.00465044,0.00454168,0.00442222,0.00431569,0.00422677,0.00413814,0.00405283,0.00396726,0.00389856,0.00384055,0.00377288,0.00371949,0.00366661,0.00361424,0.00357849,0.00223727
229,0.00368634,0.00461708,0.00505016,0.00496193,0.00487313,0.00480228,0.00474422,0.00463355,0.00458184,0.00464822,0.00453954,0.00442017,0.00431371,0.00422486,0.00413629,0.00405104,0.00396554,0.00389689,0.00383892,0.0037713,0.00371794,0.0036651,0.00361278,0.00357705,0.00223662
230,0.00368499,0.00461489,0.00504769,0.00495952,0.00487078,0.00479998,0.00474195,0.00463135,0.0045797,0.00464604,0.00453743,0.00441815,0.00431177,0.00422298,0.00413447,0.00404929,0.00396385,0.00389525,0.00383732,0.00376974,0.00371642,0.00366362,0.00361133,0.00357563,0.00223598
231,0.00368367,0.00461273,0.00504526,0.00495715,0.00486847,0.0047977,0.00473972,0.00462919,0.00457759,0.00464389,0.00453535,0.00441616,0.00430985,0.00422113,0.00413268,0.00404755,0.00396218,0.00389362,0.00383574,0.00376821,0.00371493,0.00366216,0.00360991,0.00357423,0.00223535
232,0.00368237,0.00461061,0.00504287,0.00495481,0.00486618,0.00479547,0.00473752,0.00462705,0.00457551,0.00464177,0.00453331,0.0044142,0.00430796,0.0042193,0.00413092,0.00404585,0.00396053,0.00389203,0.00383418,0.00376669,0.00371346,0.00366073,0.00360851,0.00357286,0.00223473
233,0.00368108,0.00460851,0.00504051,0.00495251,0.00486394,0.00479326,0.00473535,0.00462495,0.00457347,0.00463968,0.0045313,0.00441227,0.0043061,0.0042175,0.00412918,0.00404417,0.00395891,0.00389045,0.00383264,0.00376521,0.003712,0.00365931,0.00360713,0.0035715,0.00223411
234,0.00367982,0.00460645,0.00503819,0.00495024,0.00486172,0.00479109,0.00473321,0.00462288,0.00457145,0.00463762,0.00452931,0.00441036,0.00430427,0.00421573,0.00412747,0.00404252,0.00395732,0.0038889,0.00383113,0.00376374,0.00371057,0.00365792,0.00360577,0.00357017,0.00223351
235,0.00367858,0.00460442,0.0050359,0.004948,0.00485954,0.00478895,0.00473111,0.00462084,0.00456946,0.0046356,0.00452736,0.00440849,0.00430247,0.00421399,0.00412578,0.00404089,0.00395574,0.00388738,0.00382964,0.0037623,0.00370917,0.00365654,0.00360443,0.00356885,0.00223291
236,0.00367735,0.00460242,0.00503365,0.0049458,0.00485739,0.00478684,0.00472903,0.00461883,0.00456751,0.0046336,0.00452543,0.00440664,0.00430069,0.00421227,0.00412412,0.00403928,0.0039542,0.00388587,0.00382818,0.00376088,0.00370778,0.00365519,0.00360311,0.00356756,0.00223233
237,0.00367614,0.00460045,0.00503143,0.00494363,0.00485528,0.00478477,0.00472699,0.00461685,0.00456558,0.00463164,0.00452354,0.00440483,0.00429894,0.00421057,0.00412249,0.0040377,0.00395267,0.00388439,0.00382673,0.00375947,0.00370641,0.00365386,0.00360182,0.00356628,0.00223175
238,0.00367495,0.0045985,0.00502924,0.0049415,0.00485319,0.00478272,0.00472498,0.0046149,0.00456368,0.0046297,0.00452167,0.00440303,0.00429722,0.00420891,0.00412087,0.00403614,0.00395117,0.00388293,0.00382531,0.00375809,0.00370507,0.00365255,0.00360054,0.00356502,0.00223118
239,0.00367378,0.00459659,0.00502709,0.00493939,0.00485114,0.00478071,0.004723,0.00461298,0.00456181,0.00462779,0.00451983,0.00440127,0.00429552,0.00420726,0.00411928,0.00403461,0.00394969,0.0038815,0.00382391,0.00375674,0.00370374,0.00365125,0.00359928,0.00356378,0.00223062
240,0.00367262,0.00459471,0.00502496,0.00493732,0.00484911,0.00477872,0.00472105,0.00461109,0.00455997,0.00462591,0.00451802,0.00439953,0.00429385,0.00420564,0.00411772,0.0040331,0.00394823,0.00388008,0.00382252,0.0037554,0.00370243,0.00364998,0.00359803,0.00356256,0.00223007
241,0.00367148,0.00459285,0.00502287,0.00493528,0.00484712,0.00477676,0.00471912,0.00460922,0.00455815,0.00462406,0.00451623,0.00439782,0.0042922,0.00420405,0.00411618,0.00403161,0.00394679,0.00387869,0.00382116,0.00375408,0.00370115,0.00364872,0.00359681,0.00356136,0.00222953
242,0.00367036,0.00459102,0.00502081,0.00493327,0.00484516,0.00477484,0.00471723,0.00460738,0.00455636,0.00462224,0.00451447,0.00439613,0.00429057,0.00420248,0.00411466,0.00403014,0.00394537,0.00387731,0.00381982,0.00375278,0.00369988,0.00364749,0.0035956,0.00356018,0.00222899
243,0.00366925,0.00458922,0.00501878,0.00493128,0.00484322,0.00477294,0.00471536,0.00460557,0.0045546,0.00462044,0.00451274,0.00439447,0.00428897,0.00420093,0.00411316,0.00402869,0.00394398,0.00387596,0.0038185,0.0037515,0.00369863,0.00364627,0.00359442,0.00355901,0.00222847
244,0.00366817,0.00458744,0.00501678,0.00492933,0.00484131,0.00477107,0.00471352,0.00460379,0.00455286,0.00461867,0.00451103,0.00439283,0.0042874,0.0041994,0.00411169,0.00402727,0.0039426,0.00387462,0.0038172,0.00375023,0.0036974,0.00364507,0.00359325,0.00355786,0.00222795
245,0.00366709,0.00458569,0.00501481,0.0049274,0.00483943,0.00476923,0.00471171,0.00460203,0.00455115,0.00461693,0.00450935,0.00439121,0.00428584,0.0041979,0.00411024,0.00402587,0.00394125,0.00387331,0.00381592,0.00374899,0.00369618,0.00364389,0.00359209,0.00355673,0.00222744
246,0.00366604,0.00458396,0.00501287,0.00492551,0.00483758,0.00476741,0.00470992,0.0046003,0.00454947,0.00461521,0.00450769,0.00438962,0.00428431,0.00419642,0.00410881,0.00402448,0.00393992,0.00387201,0.00381465,0.00374777,0.00369499,0.00364272,0.00359096,0.00355562,0.00222694
247,0.00366499,0.00458227,0.00501096,0.00492364,0.00483576,0.00476562,0.00470816,0.0045986,0.00454781,0.00461351,0.00450605,0.00438806,0.0042828,0.00419496,0.0041074,0.00402312,0.0039386,0.00387074,0.00381341,0.00374656,0.00369381,0.00364157,0.00358984,0.00355452,0.00222644
248,0.00366397,0.00458059,0.00500907,0.0049218,0.00483396,0.00476386,0.00470643,0.00459692,0.00454617,0.00461184,0.00450444,0.00438651,0.00428132,0.00419352,0.00410601,0.00402178,0.00393731,0.00386948,0.00381218,0.00374537,0.00369265,0.00364044,0.00358874,0.00355343,0.00222595
249,0.00366296,0.00457894,0.00500721,0.00491998,0.00483219,0.00476212,0.00470472,0.00459526,0.00454456,0.0046102,0.00450286,0.00438499,0.00427985,0.00419211,0.00410464,0.00402046,0.00393603,0.00386824,0.00381097,0.0037442,0.00369151,0.00363933,0.00358765,0.00355237,0.00222547
250,0.00366196,0.00457732,0.00500539,0.0049182,0.00483045,0.00476042,0.00470304,0.00459363,0.00454297,0.00460858,0.0045013,0.0043835,0.00427841,0.00419071,0.00410329,0.00401916,0.00393478,0.00386702,0.00380979,0.00374305,0.00369038,0.00363823,0.00358658,0.00355132,0.002225
251,0.00366098,0.00457573,0.0050036,0.00491645,0.00482875,0.00475874,0.0047014,0.00459204,0.00454142,0.004607,0.00449977,0.00438203,0.004277,0.00418935,0.00410197,0.00401788,0.00393354,0.00386583,0.00380862,0.00374191,0.00368928,0.00363715,0.00358553,0.00355028,0.00222453
252,0.00366002,0.00457418,0.00500185,0.00491474,0.00482708,0.00475711,0.00469979,0.00459048,0.0045399,0.00460545,0.00449827,0.00438059,0.00427562,0.00418801,0.00410068,0.00401663,0.00393234,0.00386466,0.00380748,0.00374081,0.0036882,0.0036361,0.00358451,0.00354928,0.00222408
253,0.00365908,0.00457266,0.00500014,0.00491308,0.00482545,0.00475551,0.00469821,0.00458895,0.00453842,0.00460393,0.00449681,0.00437919,0.00427427,0.00418671,0.00409942,0.00401541,0.00393116,0.00386351,0.00380636,0.00373973,0.00368715,0.00363507,0.0035835,0.00354829,0.00222363
254,0.00365817,0.00457118,0.00499847,0.00491144,0.00482386,0.00475395,0.00469668,0.00458746,0.00453697,0.00460246,0.00449539,0.00437782,0.00427295,0.00418543,0.00409819,0.00401422,0.00393001,0.0038624,0.00380527,0.00373867,0.00368612,0.00363407,0.00358252,0.00354733,0.0022232
255,0.00365727,0.00456973,0.00499684,0.00490985,0.0048223,0.00475242,0.00469518,0.00458601,0.00453555,0.00460101,0.00449399,0.00437649,0.00427167,0.00418419,0.00409698,0.00401306,0.00392889,0.00386131,0.00380421,0.00373764,0.00368511,0.00363309,0.00358157,0.00354639,0.00222277
256,0.0036564,0.00456832,0.00499525,0.0049083,0.00482079,0.00475093,0.00469371,0.00458459,0.00453417,0.0045996,0.00449263,0.00437518,0.00427041,0.00418297,0.00409581,0.00401193,0.0039278,0.00386025,0.00380317,0.00373663,0.00368413,0.00363213,0.00358064,0.00354547,0.00222236
257,0.00365555,0.00456694,0.00499369,0.00490678,0.0048193,0.00474948,0.00469229,0.00458321,0.00453282,0.00459823,0.0044913,0.00437391,0.00426919,0.00418178,0.00409466,0.00401082,0.00392673,0.00385921,0.00380216,0.00373565,0.00368317,0.0036312,0.00357973,0.00354458,0.00222196
258,0.00365472,0.00456559,0.00499218,0.0049053,0.00481786,0.00474806,0.00469089,0.00458186,0.0045315,0.00459688,0.00449001,0.00437267,0.00426799,0.00418063,0.00409354,0.00400974,0.00392569,0.0038582,0.00380117,0.0037347,0.00368224,0.00363028,0.00357884,0.00354371,0.00222157
259,0.00365391,0.00456428,0.0049907,0.00490386,0.00481645,0.00474668,0.00468953,0.00458054,0.00453022,0.00459558,0.00448875,0.00437146,0.00426682,0.0041795,0.00409245,0.00400868,0.00392467,0.00385721,0.00380021,0.00373376,0.00368133,0.0036294,0.00357797,0.00354286,0.00222119
260,0.00365312,0.004563,0.00498926,0.00490245,0.00481508,0.00474534,0.00468821,0.00457926,0.00452897,0.0045943,0.00448752,0.00437027,0.00426569,0.0041784,0.00409139,0.00400766,0.00392368,0.00385625,0.00379927,0.00373285,0.00368044,0.00362853,0.00357713,0.00354203,0.00222081
261,0.00365235,0.00456176,0.00498785,0.00490108,0.00481374,0.00474402,0.00468692,0.004578,0.00452775,0.00459306,0.00448632,0.00436912,0.00426458,0.00417733,0.00409036,0.00400666,0.00392271,0.00385531,0.00379836,0.00373197,0.00367957,0.00362769,0.0035763,0.00354122,0.00222045
262,0.0036516,0.00456054,0.00498648,0.00489974,0.00481243,0.00474274,0.00468566,0.00457678,0.00452656,0.00459184,0.00448515,0.004368,0.0042635,0.00417628,0.00408935,0.00400568,0.00392177,0.0038544,0.00379747,0.0037311,0.00367873,0.00362686,0.0035755,0.00354043,0.0022201
263,0.00365086,0.00455936,0.00498515,0.00489844,0.00481116,0.0047415,0.00468443,0.0045756,0.0045254,0.00459066,0.00448401,0.00436691,0.00426245,0.00417527,0.00408836,0.00400473,0.00392086,0.00385351,0.0037966,0.00373026,0.00367791,0.00362606,0.00357472,0.00353966,0.00221976
264,0.00365015,0.00455821,0.00498385,0.00489717,0.00480993,0.00474028,0.00468324,0.00457444,0.00452428,0.00458951,0.0044829,0.00436585,0.00426143,0.00417428,0.00408741,0.00400381,0.00391996,0.00385264,0.00379576,0.00372944,0.00367711,0.00362528,0.00357396,0.00353892,0.00221942
265,0.00364946,0.00455709,0.00498259,0.00489594,0.00480872,0.0047391,0.00468208,0.00457332,0.00452318,0.0045884,0.00448182,0.00436481,0.00426043,0.00417331,0.00408648,0.00400291,0.0039191,0.0038518,0.00379493,0.00372864,0.00367633,0.00362453,0.00357322,0.00353819,0.0022191
266,0.00364879,0.004556,0.00498136,0.00489474,0.00480755,0.00473795,0.00468095,0.00457222,0.00452211,0.00458731,0.00448077,0.00436381,0.00425946,0.00417238,0.00408557,0.00400203,0.00391825,0.00385098,0.00379413,0.00372787,0.00367558,0.00362379,0.00357251,0.00353749,0.00221879
267,0.00364813,0.00455494,0.00498017,0.00489357,0.00480641,0.00473684,0.00467985,0.00457116,0.00452108,0.00458625,0.00447975,0.00436283,0.00425852,0.00417147,0.00408469,0.00400118,0.00391743,0.00385018,0.00379336,0.00372712,0.00367484,0.00362307,0.00357181,0.0035368,0.00221848
268,0.0036475,0.00455391,0.004979,0.00489243,0.00480531,0.00473575,0.00467878,0.00457012,0.00452007,0.00458522,0.00447876,0.00436188,0.0042576,0.00417058,0.00408383,0.00400036,0.00391663,0.00384941,0.0037926,0.00372638,0.00367413,0.00362238,0.00357113,0.00353613,0.00221819
269,0.00364688,0.0045529,0.00497787,0.00489133,0.00480423,0.0047347,0.00467774,0.00456912,0.00451909,0.00458422,0.0044778,0.00436095,0.00425672,0.00416972,0.004083,0.00399955,0.00391586,0.00384865,0.00379187,0.00372567,0.00367343,0.0036217,0.00357047,0.00353549,0.0022179
270,0.00364628,0.00455193,0.00497678,0.00489026,0.00480318,0.00473367,0.00467674,0.00456814,0.00451814,0.00458325,0.00447686,0.00436005,0.00425585,0.00416888,0.0040822,0.00399877,0.0039151,0.00384792,0.00379116,0.00372498,0.00367276,0.00362104,0.00356983,0.00353486,0.00221762
271,0.0036457,0.00455099,0.00497571,0.00488922,0.00480217,0.00473268,0.00467576,0.00456719,0.00451722,0.00458231,0.00447595,0.00435918,0.00425501,0.00416807,0.00408141,0.00399802,0.00391437,0.00384721,0.00379046,0.00372431,0.00367211,0.00362041,0.00356921,0.00353425,0.00221735
272,0.00364513,0.00455007,0.00497468,0.00488821,0.00480119,0.00473171,0.00467481,0.00456627,0.00451632,0.0045814,0.00447507,0.00435834,0.0042542,0.00416729,0.00408065,0.00399728,0.00391367,0.00384653,0.00378979,0.00372366,0.00367147,0.00361979,0.00356861,0.00353366,0.00221709
273,0.00364459,0.00454919,0.00497368,0.00488724,0.00480023,0.00473078,0.00467389,0.00456538,0.00451545,0.00458051,0.00447422,0.00435752,0.00425341,0.00416653,0.00407992,0.00399657,0.00391298,0.00384586,0.00378914,0.00372303,0.00367086,0.00361919,0.00356802,0.00353308,0.00221684
274,0.00364406,0.00454833,0.00497271,0.00488629,0.00479931,0.00472987,0.004673,0.00456452,0.00451461,0.00457965,0.00447339,0.00435672,0.00425265,0.00416579,0.0040792,0.00399588,0.00391232,0.00384522,0.00378851,0.00372242,0.00367026,0.00361861,0.00356746,0.00353253,0.0022166
275,0.00364354,0.00454749,0.00497177,0.00488537,0.00479841,0.00472899,0.00467214,0.00456368,0.0045138,0.00457882,0.00447259,0.00435596,0.00425191,0.00416507,0.00407851,0.00399521,0.00391167,0.00384459,0.00378791,0.00372183,0.00366969,0.00361805,0.00356691,0.00353199,0.00221636
276,0.00364305,0.00454669,0.00497086,0.00488448,0.00479755,0.00472814,0.0046713,0.00456287,0.00451301,0.00457802,0.00447181,0.00435521,0.00425119,0.00416438,0.00407784,0.00399457,0.00391105,0.00384399,0.00378732,0.00372126,0.00366913,0.0036175,0.00356638,0.00353147,0.00221614
277,0.00364257,0.00454591,0.00496998,0.00488363,0.00479671,0.00472732,0.00467049,0.00456209,0.00451225,0.00457724,0.00447106,0.00435449,0.0042505,0.00416371,0.0040772,0.00399394,0.00391045,0.0038434,0.00378675,0.00372071,0.00366859,0.00361698,0.00356587,0.00353097,0.00221592
278,0.0036421,0.00454515,0.00496913,0.0048828,0.0047959,0.00472653,0.00466971,0.00456133,0.00451151,0.00457649,0.00447034,0.0043538,0.00424983,0.00416306,0.00407657,0.00399334,0.00390987,0.00384284,0.0037862,0.00372017,0.00366807,0.00361647,0.00356538,0.00353048,0.00221571
279,0.00364165,0.00454443,0.00496831,0.00488199,0.00479512,0.00472576,0.00466896,0.0045606,0.0045108,0.00457576,0.00446964,0.00435313,0.00424919,0.00416244,0.00407597,0.00399276,0.0039093,0.00384229,0.00378566,0.00371966,0.00366757,0.00361598,0.0035649,0.00353001,0.0022155
280,0.00364122,0.00454373,0.00496752,0.00488122,0.00479436,0.00472502,0.00466823,0.0045599,0.00451011,0.00457506,0.00446896,0.00435248,0.00424857,0.00416184,0.00407539,0.0039922,0.00390876,0.00384177,0.00378515,0.00371916,0.00366708,0.00361551,0.00356444,0.00352956,0.00221531
281,0.00364081,0.00454305,0.00496675,0.00488047,0.00479364,0.00472431,0.00466753,0.00455922,0.00450945,0.00457439,0.00446831,0.00435186,0.00424796,0.00416126,0.00407483,0.00399166,0.00390824,0.00384126,0.00378466,0.00371868,0.00366662,0.00361506,0.003564,0.00352913,0.00221512
282,0.0036404,0.0045424,0.00496602,0.00487976,0.00479293,0.00472362,0.00466685,0.00455857,0.00450881,0.00457374,0.00446768,0.00435126,0.00424739,0.0041607,0.00407429,0.00399113,0.00390774,0.00384077,0.00378418,0.00371822,0.00366617,0.00361462,0.00356357,0.00352871,0.00221494
283,0.00364002,0.00454177,0.00496531,0.00487907,0.00479226,0.00472296,0.0046662,0.00455794,0.0045082,0.00457311,0.00446708,0.00435068,0.00424683,0.00416016,0.00407377,0.00399063,0.00390725,0.0038403,0.00378373,0.00371778,0.00366574,0.0036142,0.00356316,0.00352831,0.00221477
284,0.00363965,0.00454117,0.00496463,0.0048784,0.00479161,0.00472232,0.00466558,0.00455733,0.00450761,0.00457251,0.0044665,0.00435012,0.0042463,0.00415964,0.00407327,0.00399015,0.00390679,0.00383985,0.00378329,0.00371735,0.00366532,0.00361379,0.00356277,0.00352792,0.00221461
285,0.00363929,0.00454059,0.00496397,0.00487776,0.00479099,0.00472171,0.00466498,0.00455675,0.00450704,0.00457193,0.00446594,0.00434959,0.00424578,0.00415915,0.00407279,0.00398969,0.00390634,0.00383942,0.00378286,0.00371695,0.00366492,0.00361341,0.00356239,0.00352755,0.00221445
286,0.00363895,0.00454004,0.00496335,0.00487715,0.00479039,0.00472113,0.0046644,0.00455619,0.0045065,0.00457138,0.00446541,0.00434908,0.00424529,0.00415867,0.00407233,0.00398925,0.00390592,0.00383901,0.00378246,0.00371655,0.00366454,0.00361303,0.00356203,0.00352719,0.0022143
287,0.00363863,0.0045395,0.00496275,0.00487656,0.00478982,0.00472057,0.00466385,0.00455566,0.00450598,0.00457085,0.0044649,0.00434859,0.00424482,0.00415822,0.00407189,0.00398882,0.00390551,0.00383861,0.00378207,0.00371618,0.00366418,0.00361268,0.00356168,0.00352685,0.00221416
288,0.00363832,0.004539,0.00496217,0.004876,0.00478927,0.00472003,0.00466333,0.00455515,0.00450548,0.00457034,0.00446441,0.00434812,0.00424437,0.00415778,0.00407147,0.00398842,0.00390512,0.00383823,0.0037817,0.00371582,0.00366383,0.00361234,0.00356135,0.00352653,0.00221402
289,0.00363802,0.00453851,0.00496162,0.00487547,0.00478875,0.00471952,0.00466282,0.00455466,0.00450501,0.00456986,0.00446394,0.00434767,0.00424394,0.00415737,0.00407107,0.00398803,0.00390474,0.00383787,0.00378135,0.00371548,0.0036635,0.00361201,0.00356103,0.00352622,0.00221389
290,0.00363773,0.00453805,0.0049611,0.00487495,0.00478825,0.00471903,0.00466234,0.0045542,0.00450456,0.00456939,0.0044635,0.00434724,0.00424353,0.00415697,0.00407069,0.00398766,0.00390439,0.00383752,0.00378102,0.00371516,0.00366318,0.0036117,0.00356073,0.00352592,0.00221377
291,0.00363747,0.00453761,0.0049606,0.00487447,0.00478778,0.00471857,0.00466189,0.00455375,0.00450413,0.00456895,0.00446307,0.00434684,0.00424314,0.00415659,0.00407032,0.00398731,0.00390405,0.0038372,0.0037807,0.00371485,0.00366288,0.00361141,0.00356045,0.00352564,0.00221366
292,0.00363721,0.00453719,0.00496012,0.00487401,0.00478733,0.00471812,0.00466145,0.00455333,0.00450372,0.00456854,0.00446267,0.00434645,0.00424277,0.00415624,0.00406998,0.00398698,0.00390373,0.00383688,0.00378039,0.00371455,0.00366259,0.00361113,0.00356018,0.00352538,0.00221355
293,0.00363697,0.00452458,0.00494592,0.00486017,0.00477386,0.0047049,0.00464847,0.00454072,0.00449218,0.00455688,0.00445174,0.00433636,0.00423341,0.00414748,0.00406183,0.00397943,0.00389679,0.00383042,0.0037743,0.00370894,0.00365734,0.00360625,0.00355565,0.00352109,0.00221345
294,0.00363674,0.00452431,0.00494561,0.00485987,0.00477356,0.00470461,0.00464819,0.00454045,0.00449191,0.0045566,0.00445146,0.0043361,0.00423315,0.00414723,0.00406158,0.00397919,0.00389655,0.0038302,0.00377407,0.00370872,0.00365713,0.00360603,0.00355544,0.00352089,0.00221336
295,0.00362032,0.00451041,0.00493006,0.00484462,0.00475863,0.00468996,0.00463374,0.00452645,0.0044775,0.00454181,0.00443685,0.00432165,0.00421886,0.00413307,0.00404756,0.00396528,0.00388276,0.0038165,0.00376048,0.00369521,0.0036437,0.00359269,0.00354217,0.00350767,0.00220507
296,0.00362025,0.00451028,0.00492992,0.00484448,0.00475849,0.00468983,0.00463361,0.00452632,0.00447738,0.00454169,0.00443673,0.00432153,0.00421875,0.00413297,0.00404746,0.00396518,0.00388267,0.00381641,0.0037604,0.00369513,0.00364362,0.00359261,0.0035421,0.0035076,0.00220506
297,0.00362019,0.00451018,0.00492979,0.00484436,0.00475838,0.00468971,0.0046335,0.00452622,0.00447728,0.00454158,0.00443663,0.00432144,0.00421866,0.00413288,0.00404737,0.0039651,0.00388259,0.00381634,0.00376032,0.00369507,0.00364356,0.00359255,0.00354204,0.00350754,0.00220505
298,0.00362014,0.00451009,0.00492969,0.00484426,0.00475828,0.00468962,0.0046334,0.00452613,0.00447719,0.00454149,0.00443655,0.00432136,0.00421858,0.00413281,0.00404731,0.00396504,0.00388253,0.00381628,0.00376027,0.00369501,0.0036435,0.0035925,0.00354199,0.00350749,0.00220505
299,0.0036201,0.00451002,0.00492961,0.00484418,0.0047582,0.00468954,0.00463333,0.00452606,0.00447712,0.00454142,0.00443648,0.00432129,0.00421852,0.00413275,0.00404725,0.00396499,0.00388248,0.00381623,0.00376022,0.00369497,0.00364346,0.00359246,0.00354195,0.00350746,0.00220505
300,0.00362008,0.00450996,0.00492954,0.00484412,0.00475814,0.00468948,0.00463327,0.004526,0.00447707,0.00454137,0.00443643,0.00432125,0.00421848,0.00413271,0.00404721,0.00396495,0.00388244,0.00381619,0.00376019,0.00369494,0.00364343,0.00359243,0.00354192,0.00350743,0.00220506
301,0.00362006,0.00450993,0.00492949,0.00484408,0.0047581,0.00468944,0.00463323,0.00452596,0.00447703,0.00454133,0.00443639,0.00432121,0.00421845,0.00413268,0.00404718,0.00396492,0.00388242,0.00381617,0.00376017,0.00369492,0.00364342,0.00359241,0.00354191,0.00350742,0.00220507
302,0.00362006,0.00450991,0.00492947,0.00484405,0.00475807,0.00468942,0.00463321,0.00452594,0.00447701,0.00454131,0.00443637,0.0043212,0.00421843,0.00413266,0.00404717,0.00396491,0.00388241,0.00381616,0.00376016,0.00369491,0.00364341,0.00359241,0.0035419,0.00350741,0.00220508
303,0.00362006,0.0045099,0.00492946,0.00484404,0.00475807,0.00468941,0.0046332,0.00452594,0.00447701,0.0045413,0.00443637,0.00432119,0.00421843,0.00413266,0.00404717,0.00396491,0.00388241,0.00381617,0.00376016,0.00369492,0.00364342,0.00359241,0.00354191,0.00350742,0.00220511
304,0.00362007,0.00450991,0.00492947,0.00484405,0.00475808,0.00468943,0.00463322,0.00452595,0.00447702,0.00454131,0.00443638,0.00432121,0.00421844,0.00413268,0.00404719,0.00396493,0.00388243,0.00381618,0.00376018,0.00369493,0.00364343,0.00359243,0.00354193,0.00350744,0.00220513
305,0.0036201,0.00450994,0.0049295,0.00484408,0.00475811,0.00468945,0.00463324,0.00452598,0.00447705,0.00454134,0.00443641,0.00432123,0.00421847,0.00413271,0.00404721,0.00396496,0.00388246,0.00381621,0.00376021,0.00369496,0.00364346,0.00359246,0.00354196,0.00350747,0.00220517
306,0.00362013,0.00450999,0.00492954,0.00484413,0.00475815,0.0046895,0.00463329,0.00452602,0.00447709,0.00454139,0.00443645,0.00432128,0.00421851,0.00413275,0.00404726,0.003965,0.0038825,0.00381625,0.00376025,0.003695,0.0036435,0.0035925,0.00354199,0.0035075,0.0022052
307,0.00362018,0.00451005,0.00492961,0.00484419,0.00475821,0.00468956,0.00463335,0.00452609,0.00447715,0.00454145,0.00443651,0.00432134,0.00421857,0.0041328,0.00404731,0.00396505,0.00388255,0.0038163,0.0037603,0.00369505,0.00364355,0.00359255,0.00354204,0.00350755,0.00220524
308,0.00362023,0.00451012,0.00492969,0.00484427,0.00475829,0.00468964,0.00463343,0.00452616,0.00447722,0.00454152,0.00443659,0.00432141,0.00421864,0.00413287,0.00404738,0.00396512,0.00388262,0.00381637,0.00376036,0.00369511,0.00364361,0.00359261,0.0035421,0.00350761,0.00220529
309,0.0036203,0.00451022,0.00492979,0.00484437,0.00475839,0.00468973,0.00463352,0.00452625,0.00447732,0.00454161,0.00443668,0.0043215,0.00421873,0.00413296,0.00404746,0.0039652,0.00388269,0.00381644,0.00376044,0.00369519,0.00364369,0.00359268,0.00354218,0.00350768,0.00220534
310,0.00362037,0.00451033,0.0049299,0.00484448,0.0047585,0.00468985,0.00463363,0.00452636,0.00447742,0.00454172,0.00443678,0.0043216,0.00421883,0.00413305,0.00404755,0.00396529,0.00388278,0.00381653,0.00376053,0.00369527,0.00364377,0.00359276,0.00354226,0.00350776,0.0022054
311,0.00362045,0.00451045,0.00493004,0.00484462,0.00475863,0.00468997,0.00463376,0.00452649,0.00447754,0.00454184,0.0044369,0.00432171,0.00421894,0.00413316,0.00404766,0.00396539,0.00388289,0.00381663,0.00376063,0.00369537,0.00364386,0.00359286,0.00354235,0.00350785,0.00220546
312,0.00362055,0.00451059,0.00493019,0.00484476,0.00475878,0.00469012,0.0046339,0.00452663,0.00447768,0.00454198,0.00443703,0.00432184,0.00421906,0.00413329,0.00404778,0.00396551,0.003883,0.00381674,0.00376073,0.00369548,0.00364397,0.00359296,0.00354245,0.00350795,0.00220553
313,0.00362065,0.00451074,0.00493036,0.00484493,0.00475894,0.00469028,0.00463406,0.00452678,0.00447783,0.00454213,0.00443718,0.00432199,0.0042192,0.00413342,0.00404791,0.00396564,0.00388312,0.00381687,0.00376086,0.00369559,0.00364409,0.00359307,0.00354256,0.00350807,0.0022056
314,0.00362076,0.00451091,0.00493054,0.00484511,0.00475912,0.00469045,0.00463423,0.00452695,0.00447799,0.0045423,0.00443735,0.00432214,0.00421936,0.00413357,0.00404806,0.00396578,0.00388326,0.003817,0.00376099,0.00369572,0.00364421,0.0035932,0.00354268,0.00350819,0.00220567
315,0.00362088,0.00451109,0.00493075,0.00484531,0.00475932,0.00469065,0.00463442,0.00452713,0.00447817,0.00454249,0.00443752,0.00432232,0.00421952,0.00413373,0.00404822,0.00396594,0.00388341,0.00381715,0.00376113,0.00369586,0.00364435,0.00359333,0.00354282,0.00350832,0.00220575
316,0.00362101,0.00451129,0.00493097,0.00484552,0.00475953,0.00469085,0.00463463,0.00452733,0.00447837,0.00454268,0.00443772,0.0043225,0.0042197,0.00413391,0.00404839,0.0039661,0.00388357,0.0038173,0.00376128,0.00369601,0.0036445,0.00359348,0.00354296,0.00350845,0.00220584
317,0.00362115,0.00451151,0.0049312,0.00484576,0.00475975,0.00469108,0.00463485,0.00452755,0.00447858,0.0045429,0.00443792,0.0043227,0.0042199,0.0041341,0.00404857,0.00396628,0.00388374,0.00381747,0.00376145,0.00369617,0.00364465,0.00359363,0.00354311,0.0035086,0.00220593
318,0.0036213,0.00451173,0.00493145,0.004846,0.00475999,0.00469131,0.00463508,0.00452777,0.0044788,0.00454312,0.00443814,0.00432291,0.0042201,0.0041343,0.00404876,0.00396647,0.00388393,0.00381765,0.00376162,0.00369635,0.00364482,0.0035938,0.00354327,0.00350876,0.00220602
319,0.00362146,0.00451197,0.00493172,0.00484626,0.00476025,0.00469157,0.00463533,0.00452802,0.00447904,0.00454336,0.00443837,0.00432314,0.00422032,0.00413451,0.00404897,0.00396667,0.00388412,0.00381784,0.00376181,0.00369653,0.003645,0.00359397,0.00354344,0.00350893,0.00220612
320,0.00362162,0.00451223,0.004932,0.00484654,0.00476052,0.00469183,0.00463559,0.00452827,0.00447929,0.00454362,0.00443862,0.00432338,0.00422055,0.00413473,0.00404919,0.00396688,0.00388433,0.00381804,0.00376201,0.00369672,0.00364519,0.00359415,0.00354362,0.00350911,0.00220622
321,0.0036218,0.0045125,0.0049323,0.00484684,0.00476081,0.00469212,0.00463587,0.00452855,0.00447955,0.00454389,0.00443888,0.00432363,0.00422079,0.00413497,0.00404942,0.0039671,0.00388454,0.00381825,0.00376221,0.00369692,0.00364538,0.00359435,0.00354381,0.0035093,0.00220633
322,0.00362198,0.00451279,0.00493262,0.00484715,0.00476111,0.00469241,0.00463617,0.00452883,0.00447983,0.00454417,0.00443916,0.00432389,0.00422105,0.00413522,0.00404966,0.00396734,0.00388477,0.00381848,0.00376243,0.00369713,0.00364559,0.00359455,0.00354401,0.00350949,0.00220644
323,0.00362217,0.00451308,0.00493295,0.00484747,0.00476143,0.00469273,0.00463647,0.00452913,0.00448012,0.00454447,0.00443945,0.00432417,0.00422132,0.00413548,0.00404991,0.00396758,0.00388501,0.00381871,0.00376266,0.00369735,0.00364581,0.00359476,0.00354422,0.0035097,0.00220655
324,0.00362238,0.0045134,0.0049333,0.00484781,0.00476176,0.00469305,0.0046368,0.00452944,0.00448043,0.00454478,0.00443975,0.00432446,0.0042216,0.00413575,0.00405018,0.00396784,0.00388526,0.00381895,0.0037629,0.00369759,0.00364604,0.00359499,0.00354443,0.00350991,0.00220667
325,0.00362259,0.00451372,0.00493366,0.00484816,0.00476211,0.00469339,0.00463713,0.00452977,0.00448075,0.0045451,0.00444006,0.00432476,0.00422189,0.00413604,0.00405045,0.00396811,0.00388552,0.0038192,0.00376314,0.00369783,0.00364627,0.00359522,0.00354466,0.00351013,0.00220679
326,0.0036228,0.00451406,0.00493404,0.00484853,0.00476247,0.00469375,0.00463748,0.00453011,0.00448108,0.00454544,0.00444039,0.00432508,0.0042222,0.00413633,0.00405074,0.00396839,0.00388579,0.00381947,0.0037634,0.00369808,0.00364652,0.00359546,0.0035449,0.00351037,0.00220692
327,0.00362303,0.00451442,0.00493443,0.00484892,0.00476285,0.00469412,0.00463785,0.00453047,0.00448142,0.00454579,0.00444073,0.00432541,0.00422251,0.00413664,0.00405104,0.00396868,0.00388607,0.00381974,0.00376367,0.00369834,0.00364677,0.00359571,0.00354514,0.00351061,0.00220705
328,0.00362326,0.00451478,0.00493484,0.00484932,0.00476324,0.0046945,0.00463822,0.00453083,0.00448178,0.00454616,0.00444108,0.00432575,0.00422284,0.00413696,0.00405135,0.00396898,0.00388636,0.00382002,0.00376395,0.00369861,0.00364704,0.00359597,0.00354539,0.00351086,0.00220719
329,0.00362351,0.00451516,0.00493526,0.00484973,0.00476364,0.0046949,0.00463861,0.00453121,0.00448215,0.00454654,0.00444145,0.0043261,0.00422318,0.00413729,0.00405167,0.00396929,0.00388666,0.00382032,0.00376424,0.00369889,0.00364731,0.00359623,0.00354566,0.00351111,0.00220733
330,0.00362376,0.00451555,0.0049357,0.00485016,0.00476406,0.00469531,0.00463902,0.00453161,0.00448254,0.00454693,0.00444183,0.00432646,0.00422353,0.00413763,0.004052,0.00396961,0.00388697,0.00382062,0.00376453,0.00369918,0.00364759,0.00359651,0.00354593,0.00351138,0.00220747
331,0.00362402,0.00451596,0.00493615,0.0048506,0.00476449,0.00469573,0.00463944,0.00453201,0.00448293,0.00454733,0.00444222,0.00432684,0.0042239,0.00413798,0.00405234,0.00396994,0.0038873,0.00382094,0.00376484,0.00369948,0.00364789,0.0035968,0.00354621,0.00351166,0.00220762
332,0.00362428,0.00451638,0.00493661,0.00485105,0.00476494,0.00469617,0.00463987,0.00453243,0.00448334,0.00454775,0.00444262,0.00432723,0.00422427,0.00413835,0.0040527,0.00397028,0.00388763,0.00382126,0.00376516,0.00369978,0.00364819,0.00359709,0.00354649,0.00351194,0.00220777
333,0.00362456,0.00451681,0.00493709,0.00485152,0.0047654,0.00469662,0.00464031,0.00453287,0.00448376,0.00454818,0.00444304,0.00432763,0.00422466,0.00413872,0.00405306,0.00397064,0.00388797,0.00382159,0.00376548,0.0037001,0.0036485,0.00359739,0.00354679,0.00351223,0.00220793
334,0.00362484,0.00451725,0.00493759,0.00485201,0.00476587,0.00469709,0.00464077,0.00453331,0.0044842,0.00454862,0.00444346,0.00432804,0.00422506,0.00413911,0.00405344,0.003971,0.00388832,0.00382193,0.00376582,0.00370043,0.00364882,0.00359771,0.00354709,0.00351253,0.00220809
335,0.00362513,0.00451771,0.0049381,0.0048525,0.00476636,0.00469757,0.00464124,0.00453377,0.00448464,0.00454907,0.0044439,0.00432846,0.00422547,0.00413951,0.00405382,0.00397137,0.00388868,0.00382229,0.00376616,0.00370076,0.00364914,0.00359803,0.00354741,0.00351284,0.00220825
336,0.00362543,0.00451818,0.00493862,0.00485302,0.00476686,0.00469806,0.00464173,0.00453424,0.0044851,0.00454954,0.00444436,0.0043289,0.00422589,0.00413991,0.00405422,0.00397176,0.00388905,0.00382265,0.00376651,0.0037011,0.00364948,0.00359836,0.00354773,0.00351316,0.00220842
337,0.00362574,0.00451866,0.00493915,0.00485354,0.00476737,0.00469856,0.00464222,0.00453472,0.00448557,0.00455002,0.00444482,0.00432934,0.00422632,0.00414033,0.00405462,0.00397215,0.00388943,0.00382302,0.00376688,0.00370146,0.00364983,0.00359869,0.00354806,0.00351348,0.00220859
338,0.00362605,0.00451915,0.0049397,0.00485408,0.0047679,0.00469908,0.00464273,0.00453522,0.00448606,0.00455051,0.00444529,0.0043298,0.00422676,0.00414076,0.00405504,0.00397255,0.00388982,0.0038234,0.00376725,0.00370182,0.00365018,0.00359904,0.0035484,0.00351381,0.00220876
339,0.00362637,0.00451965,0.00494027,0.00485463,0.00476843,0.00469961,0.00464325,0.00453572,0.00448655,0.00455101,0.00444578,0.00433027,0.00422721,0.0041412,0.00405546,0.00397296,0.00389022,0.00382379,0.00376763,0.00370219,0.00365054,0.00359939,0.00354874,0.00351415,0.00220894
340,0.0036267,0.00452017,0.00494084,0.00485519,0.00476899,0.00470015,0.00464379,0.00453624,0.00448706,0.00455153,0.00444628,0.00433075,0.00422768,0.00414165,0.0040559,0.00397339,0.00389063,0.00382418,0.00376802,0.00370257,0.00365091,0.00359975,0.0035491,0.0035145,0.00220912
341,0.00362704,0.0045207,0.00494143,0.00485577,0.00476955,0.00470071,0.00464433,0.00453677,0.00448757,0.00455206,0.00444679,0.00433124,0.00422815,0.00414211,0.00405634,0.00397382,0.00389105,0.00382459,0.00376841,0.00370295,0.00365129,0.00360012,0.00354946,0.00351486,0.00220931
342,0.00362738,0.00452124,0.00494204,0.00485636,0.00477013,0.00470127,0.00464489,0.00453732,0.0044881,0.00455259,0.00444731,0.00433174,0.00422863,0.00414258,0.0040568,0.00397426,0.00389148,0.00382501,0.00376882,0.00370335,0.00365168,0.0036005,0.00354983,0.00351522,0.0022095
343,0.00362773,0.00452179,0.00494265,0.00485697,0.00477072,0.00470185,0.00464546,0.00453787,0.00448864,0.00455315,0.00444784,0.00433225,0.00422913,0.00414306,0.00405726,0.00397471,0.00389191,0.00382543,0.00376924,0.00370375,0.00365207,0.00360089,0.00355021,0.00351559,0.00220969
344,0.00362809,0.00452236,0.00494328,0.00485758,0.00477132,0.00470244,0.00464605,0.00453844,0.00448919,0.00455371,0.00444839,0.00433278,0.00422963,0.00414355,0.00405774,0.00397517,0.00389236,0.00382586,0.00376966,0.00370417,0.00365247,0.00360128,0.00355059,0.00351597,0.00220989
345,0.00362845,0.00452293,0.00494393,0.00485821,0.00477193,0.00470305,0.00464664,0.00453901,0.00448976,0.00455428,0.00444894,0.00433331,0.00423015,0.00414405,0.00405822,0.00397564,0.00389281,0.00382631,0.00377009,0.00370459,0.00365289,0.00360168,0.00355098,0.00351636,0.00221009
346,0.00362882,0.00452352,0.00494458,0.00485885,0.00477256,0.00470366,0.00464725,0.0045396,0.00449033,0.00455487,0.00444951,0.00433386,0.00423067,0.00414456,0.00405872,0.00397612,0.00389328,0.00382676,0.00377053,0.00370501,0.0036533,0.00360209,0.00355138,0.00351675,0.00221029
347,0.0036292,0.00452412,0.00494525,0.0048595,0.0047732,0.00470429,0.00464786,0.0045402,0.00449092,0.00455546,0.00445008,0.00433441,0.00423121,0.00414508,0.00405922,0.00397661,0.00389375,0.00382722,0.00377098,0.00370545,0.00365373,0.00360251,0.00355179,0.00351715,0.0022105
348,0.00362959,0.00452473,0.00494593,0.00486017,0.00477385,0.00470493,0.00464849,0.00454082,0.00449151,0.00455607,0.00445067,0.00433498,0.00423175,0.00414561,0.00405973,0.0039771,0.00389423,0.00382768,0.00377144,0.0037059,0.00365417,0.00360294,0.00355221,0.00351756,0.00221071
349,0.00362998,0.00452535,0.00494662,0.00486085,0.00477451,0.00470558,0.00464914,0.00454144,0.00449212,0.00455669,0.00445127,0.00433555,0.00423231,0.00414614,0.00406025,0.00397761,0.00389472,0.00382816,0.00377191,0.00370635,0.00365461,0.00360337,0.00355263,0.00351798,0.00221092
350,0.00363038,0.00452598,0.00494733,0.00486154,0.00477519,0.00470624,0.00464979,0.00454207,0.00449274,0.00455732,0.00445188,0.00433614,0.00423287,0.00414669,0.00406078,0.00397812,0.00389522,0.00382865,0.00377238,0.00370681,0.00365506,0.00360381,0.00355306,0.0035184,0.00221114
351,0.00363079,0.00452662,0.00494805,0.00486224,0.00477587,0.00470692,0.00465045,0.00454272,0.00449337,0.00455796,0.0044525,0.00433673,0.00423345,0.00414725,0.00406132,0.00397865,0.00389572,0.00382914,0.00377286,0.00370728,0.00365552,0.00360426,0.0035535,0.00351883,0.00221136
352,0.0036312,0.00452728,0.00494878,0.00486295,0.00477657,0.0047076,0.00465113,0.00454337,0.004494,0.00455861,0.00445313,0.00433734,0.00423403,0.00414782,0.00406187,0.00397918,0.00389624,0.00382964,0.00377335,0.00370775,0.00365598,0.00360471,0.00355394,0.00351927,0.00221158
353,0.00363162,0.00452794,0.00494952,0.00486368,0.00477728,0.0047083,0.00465181,0.00454404,0.00449465,0.00455927,0.00445377,0.00433795,0.00423463,0.00414839,0.00406243,0.00397972,0.00389676,0.00383015,0.00377385,0.00370824,0.00365646,0.00360517,0.00355439,0.00351971,0.00221181
354,0.00363205,0.00452861,0.00495027,0.00486442,0.004778,0.00470901,0.00465251,0.00454472,0.00449531,0.00455994,0.00445442,0.00433858,0.00423523,0.00414898,0.004063,0.00398027,0.00389729,0.00383066,0.00377435,0.00370873,0.00365694,0.00360564,0.00355485,0.00352017,0.00221204
355,0.00363248,0.0045293,0.00495104,0.00486517,0.00477873,0.00470973,0.00465322,0.0045454,0.00449598,0.00456062,0.00445508,0.00433921,0.00423584,0.00414957,0.00406357,0.00398082,0.00389783,0.00383119,0.00377487,0.00370923,0.00365742,0.00360612,0.00355532,0.00352062,0.00221227
356,0.00363292,0.00452999,0.00495181,0.00486593,0.00477948,0.00471046,0.00465393,0.0045461,0.00449666,0.00456132,0.00445575,0.00433986,0.00423646,0.00415017,0.00406416,0.00398139,0.00389838,0.00383172,0.00377539,0.00370973,0.00365792,0.0036066,0.00355579,0.00352109,0.00221251
357,0.00363336,0.0045307,0.0049526,0.0048667,0.00478023,0.0047112,0.00465466,0.00454681,0.00449735,0.00456202,0.00445643,0.00434051,0.0042371,0.00415079,0.00406475,0.00398196,0.00389893,0.00383226,0.00377592,0.00371025,0.00365842,0.00360709,0.00355627,0.00352156,0.00221275
358,0.00363381,0.00453142,0.0049534,0.00486748,0.004781,0.00471195,0.0046554,0.00454753,0.00449806,0.00456273,0.00445712,0.00434117,0.00423774,0.00415141,0.00406535,0.00398255,0.0038995,0.00383281,0.00377645,0.00371077,0.00365893,0.00360759,0.00355676,0.00352204,0.00221299
359,0.00363427,0.00453214,0.00495422,0.00486827,0.00478177,0.00471271,0.00465615,0.00454826,0.00449877,0.00456346,0.00445782,0.00434185,0.00423838,0.00415204,0.00406596,0.00398314,0.00390007,0.00383337,0.003777,0.0037113,0.00365945,0.0036081,0.00355725,0.00352252,0.00221324
360,0.00363474,0.00453288,0.00495504,0.00486908,0.00478256,0.00471348,0.00465691,0.004549,0.00449949,0.00456419,0.00445853,0.00434253,0.00423904,0.00415267,0.00406658,0.00398374,0.00390065,0.00383393,0.00377755,0.00371183,0.00365997,0.00360861,0.00355775,0.00352302,0.00221349
361,0.00363521,0.00453362,0.00495587,0.00486989,0.00478336,0.00471427,0.00465769,0.00454974,0.00450022,0.00456493,0.00445924,0.00434322,0.00423971,0.00415332,0.00406721,0.00398434,0.00390123,0.0038345,0.0037781,0.00371237,0.0036605,0.00360913,0.00355825,0.00352351,0.00221374
362,0.00363568,0.00453438,0.00495672,0.00487072,0.00478416,0.00471506,0.00465847,0.0045505,0.00450096,0.00456569,0.00445997,0.00434392,0.00424039,0.00415398,0.00406784,0.00398496,0.00390183,0.00383508,0.00377867,0.00371292,0.00366104,0.00360965,0.00355877,0.00352402,0.002214
363,0.00363617,0.00453515,0.00495758,0.00487156,0.00478498,0.00471586,0.00465926,0.00455127,0.0045017,0.00456645,0.00446071,0.00434463,0.00424107,0.00415464,0.00406848,0.00398558,0.00390243,0.00383567,0.00377924,0.00371348,0.00366158,0.00361018,0.00355929,0.00352453,0.00221425
364,0.00363666,0.00453592,0.00495844,0.00487241,0.00478581,0.00471668,0.00466006,0.00455205,0.00450246,0.00456722,0.00446146,0.00434535,0.00424176,0.00415531,0.00406914,0.00398621,0.00390304,0.00383626,0.00377982,0.00371404,0.00366213,0.00361072,0.00355981,0.00352505,0.00221452
365,0.00363715,0.00453671,0.00495932,0.00487327,0.00478665,0.0047175,0.00466087,0.00455284,0.00450323,0.00456801,0.00446222,0.00434608,0.00424247,0.00415599,0.00406979,0.00398685,0.00390366,0.00383686,0.00378041,0.00371462,0.00366269,0.00361127,0.00356034,0.00352557,0.00221478
366,0.00363765,0.0045375,0.00496021,0.00487414,0.0047875,0.00471834,0.00466169,0.00455364,0.00450401,0.0045688,0.00446298,0.00434681,0.00424318,0.00415668,0.00407046,0.0039875,0.00390428,0.00383747,0.003781,0.00371519,0.00366325,0.00361182,0.00356088,0.0035261,0.00221505
367,0.00363816,0.00453831,0.00496111,0.00487501,0.00478836,0.00471918,0.00466252,0.00455444,0.0045048,0.0045696,0.00446376,0.00434756,0.00424389,0.00415738,0.00407114,0.00398815,0.00390492,0.00383808,0.00378161,0.00371578,0.00366383,0.00361238,0.00356143,0.00352664,0.00221532
368,0.00363867,0.00453912,0.00496202,0.0048759,0.00478923,0.00472003,0.00466337,0.00455526,0.00450559,0.00457041,0.00446454,0.00434831,0.00424462,0.00415808,0.00407182,0.00398881,0.00390556,0.00383871,0.00378221,0.00371637,0.0036644,0.00361294,0.00356198,0.00352718,0.00221559
369,0.00363919,0.00453994,0.00496294,0.00487681,0.00479011,0.0047209,0.00466422,0.00455609,0.0045064,0.00457123,0.00446533,0.00434907,0.00424536,0.0041588,0.00407251,0.00398948,0.0039062,0.00383934,0.00378283,0.00371697,0.00366499,0.00361351,0.00356254,0.00352773,0.00221587
370,0.00363971,0.00454077,0.00496387,0.00487772,0.004791,0.00472177,0.00466508,0.00455692,0.00450721,0.00457206,0.00446613,0.00434984,0.0042461,0.00415952,0.00407321,0.00399015,0.00390686,0.00383997,0.00378345,0.00371757,0.00366558,0.00361409,0.0035631,0.00352828,0.00221614
371,0.00364024,0.00454162,0.00496481,0.00487864,0.0047919,0.00472266,0.00466595,0.00455777,0.00450803,0.0045729,0.00446695,0.00435062,0.00424685,0.00416025,0.00407391,0.00399084,0.00390752,0.00384062,0.00378408,0.00371818,0.00366617,0.00361467,0.00356367,0.00352884,0.00221643
372,0.00364078,0.00454247,0.00496576,0.00487957,0.00479281,0.00472355,0.00466682,0.00455862,0.00450887,0.00457375,0.00446776,0.00435141,0.00424761,0.00416098,0.00407463,0.00399153,0.00390819,0.00384127,0.00378471,0.0037188,0.00366678,0.00361526,0.00356425,0.00352941,0.00221671
373,0.00364132,0.00454333,0.00496673,0.00488051,0.00479373,0.00472445,0.00466771,0.00455948,0.00450971,0.0045746,0.00446859,0.00435221,0.00424838,0.00416173,0.00407535,0.00399223,0.00390886,0.00384192,0.00378536,0.00371942,0.00366739,0.00361586,0.00356483,0.00352998,0.002217
374,0.00364187,0.00454419,0.0049677,0.00488146,0.00479466,0.00472536,0.00466861,0.00456035,0.00451056,0.00457547,0.00446943,0.00435301,0.00424916,0.00416248,0.00407608,0.00399293,0.00390954,0.00384259,0.003786,0.00372005,0.003668,0.00361646,0.00356542,0.00353056,0.00221729
375,0.00364242,0.00454507,0.00496868,0.00488242,0.00479559,0.00472628,0.00466952,0.00456123,0.00451141,0.00457634,0.00447027,0.00435382,0.00424994,0.00416324,0.00407681,0.00399364,0.00391023,0.00384326,0.00378666,0.00372069,0.00366863,0.00361707,0.00356601,0.00353114,0.00221758
376,0.00364298,0.00454596,0.00496967,0.00488339,0.00479654,0.00472721,0.00467043,0.00456212,0.00451228,0.00457723,0.00447113,0.00435464,0.00425073,0.00416401,0.00407756,0.00399436,0.00391093,0.00384393,0.00378732,0.00372133,0.00366925,0.00361768,0.00356661,0.00353173,0.00221787
377,0.00364354,0.00454685,0.00497067,0.00488436,0.0047975,0.00472815,0.00467136,0.00456302,0.00451316,0.00457812,0.00447199,0.00435547,0.00425153,0.00416478,0.00407831,0.00399509,0.00391163,0.00384462,0.00378799,0.00372198,0.00366989,0.0036183,0.00356721,0.00353233,0.00221817
378,0.00364411,0.00454775,0.00497168,0.00488535,0.00479846,0.0047291,0.00467229,0.00456393,0.00451404,0.00457902,0.00447286,0.00435631,0.00425234,0.00416556,0.00407906,0.00399582,0.00391234,0.00384531,0.00378866,0.00372263,0.00367053,0.00361892,0.00356782,0.00353293,0.00221847
379,0.00364468,0.00454867,0.0049727,0.00488635,0.00479944,0.00473006,0.00467323,0.00456484,0.00451493,0.00457993,0.00447374,0.00435715,0.00425315,0.00416635,0.00407983,0.00399656,0.00391306,0.003846,0.00378934,0.00372329,0.00367117,0.00361956,0.00356844,0.00353353,0.00221877
380,0.00364526,0.00454959,0.00497373,0.00488736,0.00480042,0.00473102,0.00467418,0.00456577,0.00451583,0.00458084,0.00447462,0.00435801,0.00425397,0.00416715,0.0040806,0.00399731,0.00391378,0.0038467,0.00379003,0.00372396,0.00367183,0.00362019,0.00356906,0.00353415,0.00221908
381,0.00364584,0.00455051,0.00497477,0.00488837,0.00480142,0.004732,0.00467514,0.0045667,0.00451674,0.00458177,0.00447552,0.00435887,0.0042548,0.00416795,0.00408138,0.00399806,0.00391451,0.00384741,0.00379072,0.00372463,0.00367248,0.00362083,0.00356969,0.00353476,0.00221939
382,0.00364643,0.00455145,0.00497582,0.0048894,0.00480242,0.00473298,0.00467611,0.00456764,0.00451766,0.0045827,0.00447642,0.00435973,0.00425564,0.00416876,0.00408216,0.00399882,0.00391524,0.00384813,0.00379142,0.00372531,0.00367315,0.00362148,0.00357032,0.00353539,0.0022197
383,0.00364702,0.0045524,0.00497688,0.00489043,0.00480343,0.00473398,0.00467709,0.00456859,0.00451858,0.00458365,0.00447733,0.00436061,0.00425648,0.00416958,0.00408295,0.00399959,0.00391598,0.00384885,0.00379213,0.003726,0.00367382,0.00362214,0.00357096,0.00353601,0.00222001
384,0.00364762,0.00455335,0.00497795,0.00489148,0.00480445,0.00473498,0.00467807,0.00456954,0.00451951,0.0045846,0.00447825,0.00436149,0.00425733,0.00417041,0.00408375,0.00400037,0.00391673,0.00384958,0.00379284,0.00372669,0.00367449,0.0036228,0.0035716,0.00353665,0.00222033
385,0.00364823,0.00455431,0.00497902,0.00489253,0.00480548,0.00473599,0.00467907,0.00457051,0.00452045,0.00458555,0.00447918,0.00436238,0.00425819,0.00417124,0.00408456,0.00400115,0.00391749,0.00385031,0.00379355,0.00372739,0.00367517,0.00362346,0.00357225,0.00353729,0.00222064
386,0.00364883,0.00455528,0.00498011,0.00489359,0.00480651,0.004737,0.00468007,0.00457148,0.0045214,0.00458652,0.00448011,0.00436328,0.00425906,0.00417208,0.00408537,0.00400193,0.00391825,0.00385105,0.00379428,0.00372809,0.00367586,0.00362413,0.00357291,0.00353793,0.00222096
387,0.00364945,0.00455626,0.0049812,0.00489466,0.00480756,0.00473803,0.00468108,0.00457246,0.00452236,0.00458749,0.00448105,0.00436418,0.00425993,0.00417292,0.00408619,0.00400272,0.00391901,0.0038518,0.00379501,0.0037288,0.00367655,0.00362481,0.00357357,0.00353858,0.00222129
388,0.00365007,0.00455724,0.0049823,0.00489574,0.00480861,0.00473907,0.0046821,0.00457345,0.00452332,0.00458848,0.004482,0.0043651,0.00426081,0.00417377,0.00408702,0.00400352,0.00391979,0.00385255,0.00379574,0.00372951,0.00367725,0.00362549,0.00357423,0.00353923,0.00222161
389,0.00365069,0.00455824,0.00498342,0.00489682,0.00480967,0.00474011,0.00468313,0.00457445,0.00452429,0.00458947,0.00448296,0.00436602,0.0042617,0.00417463,0.00408785,0.00400433,0.00392057,0.00385331,0.00379648,0.00373023,0.00367795,0.00362617,0.0035749,0.00353989,0.00222194
390,0.00365132,0.00455924,0.00498454,0.00489792,0.00481074,0.00474116,0.00468416,0.00457545,0.00452527,0.00459046,0.00448392,0.00436694,0.00426259,0.0041755,0.00408869,0.00400514,0.00392135,0.00385407,0.00379723,0.00373095,0.00367866,0.00362687,0.00357558,0.00354056,0.00222227
391,0.00365195,0.00456024,0.00498566,0.00489902,0.00481182,0.00474222,0.0046852,0.00457646,0.00452626,0.00459147,0.00448489,0.00436788,0.00426349,0.00417637,0.00408953,0.00400596,0.00392214,0.00385484,0.00379798,0.00373168,0.00367937,0.00362756,0.00357626,0.00354123,0.0022226
392,0.00365259,0.00456126,0.0049868,0.00490014,0.00481291,0.00474329,0.00468625,0.00457748,0.00452725,0.00459248,0.00448587,0.00436882,0.0042644,0.00417725,0.00409038,0.00400678,0.00392294,0.00385561,0.00379873,0.00373242,0.00368009,0.00362827,0.00357695,0.0035419,0.00222293
393,0.00365323,0.00456228,0.00498795,0.00490126,0.00481401,0.00474436,0.00468731,0.00457851,0.00452825,0.0045935,0.00448686,0.00436976,0.00426531,0.00417814,0.00409124,0.00400761,0.00392374,0.00385639,0.0037995,0.00373316,0.00368081,0.00362897,0.00357764,0.00354258,0.00222327
394,0.00365388,0.00456332,0.0049891,0.00490239,0.00481511,0.00474544,0.00468838,0.00457955,0.00452926,0.00459453,0.00448785,0.00437072,0.00426623,0.00417903,0.0040921,0.00400845,0.00392455,0.00385718,0.00380027,0.00373391,0.00368154,0.00362968,0.00357833,0.00354326,0.00222361
395,0.00365453,0.00456435,0.00499027,0.00490352,0.00481622,0.00474653,0.00468945,0.00458059,0.00453027,0.00459556,0.00448885,0.00437168,0.00426716,0.00417993,0.00409297,0.00400929,0.00392536,0.00385797,0.00380104,0.00373466,0.00368228,0.0036304,0.00357903,0.00354395,0.00222395
396,0.00365518,0.0045654,0.00499144,0.00490467,0.00481734,0.00474763,0.00469053,0.00458164,0.0045313,0.00459661,0.00448986,0.00437265,0.00426809,0.00418083,0.00409385,0.00401014,0.00392618,0.00385877,0.00380182,0.00373541,0.00368302,0.00363112,0.00357974,0.00354465,0.00222429
397,0.00365584,0.00456645,0.00499262,0.00490582,0.00481846,0.00474874,0.00469162,0.0045827,0.00453233,0.00459765,0.00449087,0.00437362,0.00426903,0.00418174,0.00409473,0.00401099,0.00392701,0.00385957,0.0038026,0.00373618,0.00368376,0.00363185,0.00358045,0.00354534,0.00222464
398,0.00365651,0.00456751,0.0049938,0.00490698,0.0048196,0.00474985,0.00469272,0.00458376,0.00453336,0.00459871,0.00449189,0.0043746,0.00426998,0.00418266,0.00409562,0.00401185,0.00392784,0.00386038,0.00380339,0.00373694,0.00368451,0.00363258,0.00358116,0.00354605,0.00222499
399,0.00365718,0.00456858,0.004995,0.00490815,0.00482074,0.00475097,0.00469382,0.00458483,0.00453441,0.00459978,0.00449292,0.00437559,0.00427093,0.00418358,0.00409651,0.00401272,0.00392868,0.00386119,0.00380419,0.00373772,0.00368527,0.00363332,0.00358188,0.00354676,0.00222534
400,0.00365785,0.00456965,0.0049962,0.00490933,0.00482189,0.0047521,0.00469493,0.00458591,0.00453546,0.00460085,0.00449395,0.00437659,0.00427189,0.00418451,0.00409741,0.00401359,0.00392952,0.00386201,0.00380499,0.00373849,0.00368603,0.00363406,0.00358261,0.00354747,0.00222569
