energy_MeV_per_u,section_00_mass_xs_per_mm_at_1g_cm3,section_01_mass_xs_per_mm_at_1g_cm3,section_02_mass_xs_per_mm_at_1g_cm3,section_03_mass_xs_per_mm_at_1g_cm3,section_04_mass_xs_per_mm_at_1g_cm3,section_05_mass_xs_per_mm_at_1g_cm3,section_06_mass_xs_per_mm_at_1g_cm3,section_07_mass_xs_per_mm_at_1g_cm3,section_08_mass_xs_per_mm_at_1g_cm3,section_09_mass_xs_per_mm_at_1g_cm3,section_10_mass_xs_per_mm_at_1g_cm3,section_11_mass_xs_per_mm_at_1g_cm3,section_12_mass_xs_per_mm_at_1g_cm3,section_13_mass_xs_per_mm_at_1g_cm3,section_14_mass_xs_per_mm_at_1g_cm3,section_15_mass_xs_per_mm_at_1g_cm3,section_16_mass_xs_per_mm_at_1g_cm3,section_17_mass_xs_per_mm_at_1g_cm3,section_18_mass_xs_per_mm_at_1g_cm3,section_19_mass_xs_per_mm_at_1g_cm3,section_20_mass_xs_per_mm_at_1g_cm3,section_21_mass_xs_per_mm_at_1g_cm3,section_22_mass_xs_per_mm_at_1g_cm3,section_23_mass_xs_per_mm_at_1g_cm3,section_24_mass_xs_per_mm_at_1g_cm3
0.5,0,0.007478764861,0.008422686639,0.008204858537,0.007987030434,0.007841811699,0.007696592964,0.007478764861,0.006825280553,0.00689788992,0.006462233715,0.005953968142,0.005518311936,0.005155265098,0.00479221826,0.004429171422,0.004066124585,0.003775687114,0.003557859011,0.003267421541,0.003049593438,0.002831765336,0.002613937233,0.002468718498,0
1,0.0002462955056,0.007140537287,0.008452356691,0.008163897023,0.007878854584,0.007667843386,0.00747831422,0.007161923067,0.00661083867,0.006852907783,0.006418816983,0.005916261989,0.005483342349,0.005122207883,0.004761495886,0.004402607488,0.004044141561,0.003756385897,0.003537094429,0.003250836145,0.003033790745,0.002817494035,0.002601946014,0.002457530728,0
1.5,0.003073993569,0.009264833183,0.01079866883,0.01047264321,0.01014512752,0.009898852128,0.009683346696,0.009304296181,0.008834162652,0.009035016768,0.008546362632,0.007993724294,0.007510126336,0.007107026206,0.006704522431,0.006309825373,0.005914335619,0.005597497438,0.005344643459,0.005030247888,0.004788234604,0.004547442626,0.004307871953,0.004146160156,0
2,0.004453927092,0.01028960805,0.01181676339,0.01149365207,0.01116919497,0.01092343005,0.01070987254,0.01033090589,0.009895834638,0.01008912498,0.009610103374,0.009070345827,0.008597072346,0.00820207305,0.00780802946,0.007422405536,0.007036338669,0.006726764233,0.006477925741,0.006170918435,0.005933946549,0.005698258227,0.005463853471,0.005305498202,0.0008513590076
2.5,0.005223621791,0.01079771172,0.01230756289,0.01198896063,0.01166910259,0.01142574977,0.01121530379,0.01083975499,0.0104290743,0.01062732951,0.01016280219,0.0096399965,0.009181214484,0.008798346212,0.008416391841,0.008042906996,0.007668942039,0.007369041791,0.007127419918,0.006830139023,0.006600405024,0.006371980701,0.006144866055,0.005991336007,0.001607610581
3,0.005696214199,0.01106274622,0.01255212096,0.01223841487,0.01192351533,0.01168321363,0.01147608792,0.01110504148,0.01071306417,0.01091328707,0.01046110589,0.009952631082,0.009506163572,0.009133595468,0.008761909541,0.008398680856,0.008034950577,0.007743237538,0.007507818118,0.007218743745,0.00699516396,0.006772903507,0.006551962387,0.006402536913,0.002090062528
3.5,0.006004120496,0.01119810366,0.01266630251,0.01235747842,0.0120475071,0.011810442,0.01160660068,0.01124039942,0.01086357112,0.01106421657,0.01062281993,0.01012680109,0.009691073729,0.009327484085,0.008964751132,0.00861043328,0.008255600903,0.007971008999,0.0077410393,0.007459088499,0.007240878221,0.007023988495,0.006808419321,0.006662576094,0.002418807707
4,0.006212410338,0.01125830684,0.01270559648,0.01240149685,0.01209628598,0.01186245973,0.0116617824,0.01130046538,0.01093637523,0.01113658439,0.01070478649,0.01021981496,0.009793636316,0.009438026062,0.009083251208,0.008736834256,0.008389894926,0.008111622019,0.007886522743,0.007610884061,0.007397448943,0.007185330937,0.006974530044,0.006831873196,0.002653310545
4.5,0.006356542509,0.01127239952,0.01269943318,0.01239985257,0.01209918978,0.0118685271,0.01167086732,0.0113143422,0.01096125548,0.01116052818,0.01073739697,0.01026237394,0.009844809788,0.009496396195,0.009148799709,0.008809496322,0.008469665911,0.008197085627,0.00797639716,0.007706438849,0.007497312575,0.007289497287,0.007082992985,0.006943211786,0.002826231762
5,0.006457360502,0.0112570465,0.01266461886,0.0123693422,0.0120730075,0.01184540118,0.01165060948,0.01129872762,0.01095533945,0.0111533769,0.01073815945,0.01027220234,0.009862499367,0.009520651674,0.009179605031,0.008846783094,0.0085134316,0.008246040424,0.008029388907,0.007764604279,0.007559410666,0.007355520327,0.007152933262,0.007015776959,0.002956928147
5.5,0.006527847806,0.0112223624,0.01261130024,0.01232011855,0.0120278993,0.0118032312,0.01161116424,0.0112637556,0.01092904993,0.01112567261,0.01071774714,0.01026013032,0.009857667285,0.009521865569,0.009186850584,0.008859990567,0.008532599909,0.008269983605,0.008057058651,0.007797031599,0.007595460311,0.007395183649,0.007196201613,0.00706146329,0.003057560576
6,0.006576470857,0.01117476056,0.01254587315,0.0122585897,0.01197028642,0.01174843739,0.0115589613,0.01121585129,0.01088901488,0.0110841168,0.01068296046,0.0102330759,0.009837330995,0.009507138712,0.00917772022,0.008856386919,0.008534522902,0.008276334195,0.008066873702,0.007811255881,0.007613046173,0.007416121909,0.007220483086,0.007087988859,0.003136130071
6.5,0.006608959138,0.01111845102,0.01247250839,0.01218894069,0.0119043687,0.01168522327,0.01149821453,0.01115923213,0.01083959932,0.01103312126,0.01063828771,0.01019561786,0.00980614602,0.009481190961,0.009156997879,0.008840820928,0.008524113912,0.00827005708,0.008063836537,0.007812331654,0.007617261091,0.007423466503,0.00723094789,0.007100549395,0.003198101777
7,0.006629310513,0.01105627564,0.01239400025,0.01211398008,0.01183296943,0.01161641791,0.01143176311,0.01109674474,0.01078376041,0.01097567356,0.01058677688,0.01015087533,0.00976729205,0.009447252728,0.009127964501,0.008816624508,0.008504755625,0.008254575507,0.008051400257,0.007803752909,0.00761162928,0.007420772036,0.007231181177,0.007102750193,0.003247326365
7.5,0.006640387152,0.01099019648,0.01231226148,0.01203563414,0.01175802871,0.01154396799,0.01136156313,0.01103035424,0.01072354822,0.01091384382,0.0105305467,0.01010102403,0.009722993442,0.009407589092,0.00909292574,0.008786144137,0.008478835204,0.008232309157,0.008032008653,0.007787996165,0.007598651542,0.007410563698,0.007223732634,0.007097157126,0.003286588781
8,0.006644283372,0.01092159308,0.01222862374,0.01195524695,0.01168090332,0.01146923698,0.01128898664,0.0109614422,0.01066041087,0.01084909358,0.01047109839,0.0100476116,0.009674837492,0.009363820557,0.009053535198,0.008751066646,0.008448072608,0.008205004468,0.008007427928,0.007766854248,0.007580140517,0.007394674017,0.007210454747,0.007085635889,0.003317948606
8.5,0.006642560635,0.01085144965,0.0121440262,0.011873769,0.0116025552,0.0113931933,0.01121500978,0.01089099413,0.01059538705,0.01078247048,0.01040951244,0.009991756819,0.009623975791,0.009317126174,0.009010999291,0.008712625873,0.008413729023,0.008173944495,0.007978957546,0.007741648585,0.007557434023,0.007374457245,0.007192718251,0.007069568146,0.003342958572
9,0.00663640219,0.01078047638,0.01205913744,0.01179187901,0.01152367341,0.01131653212,0.01114033467,0.01081972103,0.01052923088,0.01071473461,0.01034657644,0.009934279286,0.009571255403,0.009268375976,0.008966210952,0.008671737659,0.008376743144,0.008140086212,0.007947568262,0.007713368267,0.007531534872,0.007350929946,0.007171553487,0.007049993389,0.003362809094
9.5,0.006626717494,0.01070919003,0.01197443612,0.0117100648,0.01144475503,0.01123975616,0.01106547021,0.01074814018,0.01046249508,0.01064644261,0.01028287031,0.009875785955,0.0095173065,0.009218219559,0.008919839138,0.008629090308,0.008337822579,0.008104152668,0.007913994814,0.007682763512,0.007503204885,0.007324865563,0.007147745545,0.007027704446,0.003378426363
10,0.006614214335,0.01063796873,0.01189026569,0.011628678,0.01136615997,0.01116323057,0.0109907871,0.01067662999,0.01039558756,0.01057800489,0.01021882434,0.009816730153,0.009462602229,0.00916714665,0.008872390103,0.008585206566,0.008297506532,0.008066696235,0.007878799582,0.007650409893,0.007473029543,0.007296859497,0.007121899755,0.007003313254,0.00339054047
10.5,0.006599449646,0.01056708983,0.01180687196,0.01154797181,0.01128814888,0.01108722076,0.01091655574,0.01060546798,0.01032881064,0.01050972525,0.01015475947,0.009757452639,0.009407500417,0.009115529342,0.008824250169,0.008540486932,0.00825620966,0.008028142898,0.00784241718,0.007616753365,0.00744146333,0.007267374769,0.007094487681,0.00697729707,0.003399733658
11,0.006582865957,0.01049675667,0.01172442965,0.01146812755,0.01121090978,0.01101191911,0.01084297296,0.01053485749,0.01026238876,0.01044182893,0.01009091577,0.009698210672,0.009352273122,0.009063652067,0.008775716106,0.008495240463,0.008214253285,0.007988823796,0.007805186252,0.007582142393,0.007408862113,0.007236774647,0.007065879997,0.006950031501,0.003406475131
11.5,0.006564817961,0.0104271176,0.01164306107,0.01138927352,0.011134577,0.01093746395,0.01077018109,0.01046494686,0.01019648828,0.01037448259,0.01002747291,0.009639198886,0.009297127903,0.009011733191,0.008727017053,0.008449707017,0.008171887971,0.007948998059,0.007767372493,0.007546851241,0.007375506615,0.007205346319,0.007036370353,0.006921814511,0.003411146578
12,0.006545592154,0.01035827982,0.01156284979,0.01131149869,0.01105924493,0.01086395331,0.01069828179,0.0103958432,0.0101312319,0.01030780889,0.009964564952,0.009580564508,0.009242223348,0.008959940792,0.008678330557,0.008404073552,0.008129310074,0.007908869567,0.007729185563,0.007511097089,0.007341619698,0.007173318323,0.007006192964,0.006892884104,0.003414061143
12.5,0.006525421554,0.01029031952,0.01148385046,0.01123486258,0.01098497804,0.01079145497,0.01062734613,0.01032762259,0.01006670926,0.01024189717,0.009902291318,0.00952241858,0.009187680534,0.008908404339,0.008629794452,0.008358486212,0.008086674039,0.007868599412,0.007690791666,0.007475052781,0.007307379224,0.007140873539,0.006975535725,0.006863431523,0.003415477732
13,0.006504496851,0.01022328939,0.01140609611,0.01115940267,0.01091181825,0.01072001392,0.01055742206,0.01026033758,0.01000298475,0.01017681138,0.009840724918,0.009464844326,0.009133591602,0.008857223424,0.008581515761,0.008313059398,0.008044101638,0.007828315263,0.007652323022,0.007438856432,0.007272927768,0.007108158996,0.006944550117,0.006833611226,0.003415611924
13.5,0.006482974956,0.01015722423,0.01132960356,0.01108513981,0.01083979051,0.01064965789,0.01048854,0.01019402281,0.009940103458,0.010112596,0.009779918259,0.009407903455,0.009080026223,0.008806474365,0.008533577438,0.008267882642,0.008001688978,0.007788118494,0.007613885071,0.007402618737,0.007238380005,0.007075293348,0.006913358766,0.006803548495,0.003414644384
14,0.006460985614,0.01009214517,0.01125437752,0.01101208239,0.01076890689,0.01058040151,0.01042071706,0.01012869928,0.009878095598,0.01004928062,0.009719908084,0.009351640955,0.009027036519,0.00875621525,0.008486043514,0.008223025875,0.007959511879,0.007748089643,0.007575562,0.007366428591,0.007203828401,0.007042372625,0.006882061262,0.006773345302,0.003412727416
14.5,0.006438636573,0.01002806291,0.01118041357,0.01094022936,0.01069916975,0.01051224951,0.0103539602,0.0100643775,0.00981697992,0.009986883282,0.00966071891,0.009296088762,0.008974660851,0.008706489805,0.008438963071,0.00817854348,0.00791763003,0.007708292643,0.00753742103,0.007330357453,0.007169347627,0.007009474705,0.006850738689,0.006743084876,0.003409990119
15,0.006416017651,0.009964980175,0.01110770056,0.01086957267,0.01063057412,0.01044519909,0.0102882687,0.01000106005,0.009756766326,0.009925413164,0.009602365754,0.009241268596,0.008922926743,0.008657330404,0.008392373319,0.008134477461,0.007876090221,0.007668778119,0.007499515764,0.00729446275,0.007134998013,0.00697666282,0.006819457172,0.006712835279,0.003406542472
15.5,0.006393203966,0.009902893595,0.01103622235,0.010800099,0.01056310956,0.0103792418,0.01022363599,0.009938743405,0.009697457882,0.009864872598,0.009544856247,0.009187194162,0.008871853166,0.008608760414,0.008346302011,0.008090859914,0.00783492889,0.007629585985,0.007461888814,0.007258790563,0.007100828275,0.006943988314,0.006788270679,0.006682652237,0.003402478607
16,0.006370258518,0.009841795192,0.01096595916,0.01073179119,0.01049676152,0.01031436496,0.01016005111,0.009877419426,0.009639052385,0.009805258649,0.009488192274,0.009133872871,0.00882145232,0.008560796037,0.00830076934,0.008047714982,0.007794174128,0.007590747497,0.007424573893,0.007223377759,0.007066877675,0.006911492839,0.006757223251,0.00665258139,0.003397879433
16.5,0.006347234271,0.009781673506,0.0108968886,0.01066462926,0.01043151246,0.01025055273,0.01009749987,0.009817076503,0.009581543591,0.009746564346,0.009432371265,0.009081307192,0.008771731046,0.008513447765,0.008255789442,0.008005060405,0.007753847277,0.00755228688,0.007387597475,0.007188253686,0.007033177748,0.006879210115,0.006726350785,0.006622660095,0.003392814779
17,0.006324175829,0.00972251448,0.01082898652,0.01059859128,0.01036734268,0.010187787,0.01003596562,0.009757700434,0.009524922167,0.009688779644,0.009377387207,0.009029495725,0.008722691945,0.008466721541,0.008211371592,0.007962908754,0.007713964206,0.007514222644,0.007350980126,0.007153441543,0.006999753696,0.006847167339,0.006695682472,0.006592918879,0.00338734513
17.5,0.006301120815,0.009664302157,0.01076222757,0.01053365398,0.01030423098,0.01012604807,0.009975430028,0.00969927512,0.00946917645,0.009631892184,0.009323231437,0.00897843404,0.008674334261,0.008420619675,0.008167521161,0.007921268427,0.007674536336,0.007476568633,0.007314737579,0.007118959476,0.006966625503,0.00681538633,0.006665241958,0.006563382616,0.003381523058
18,0.006278100991,0.009607019222,0.01069658571,0.01046979323,0.01024215517,0.0100653151,0.009915873541,0.00964178311,0.009414293036,0.00957588789,0.009269893283,0.008928115358,0.008626654593,0.00837514159,0.008124240387,0.007880144443,0.00763557147,0.007439334878,0.007278881604,0.007084821479,0.006933808852,0.006783884458,0.006635048297,0.006534071488,0.003375394409
18.5,0.006255143182,0.009550647425,0.01063203458,0.01040698445,0.01018109243,0.01000556658,0.009857275828,0.009585206023,0.009360257252,0.009520751436,0.009217360561,0.008878531084,0.008579647465,0.008330284411,0.008081528992,0.007839539093,0.007597074463,0.00740252829,0.007243420719,0.007051038114,0.006901315866,0.006752675401,0.00660511672,0.006505001765,0.003368999277
19,0.00623227004,0.009495167913,0.01056854773,0.01034520285,0.01012101968,0.009946780599,0.009799616086,0.009529524883,0.009307053528,0.009466466621,0.009165619972,0.008829671239,0.008533305778,0.008286043448,0.008039384687,0.007799452457,0.007559047768,0.007366153224,0.007208360763,0.007017617114,0.006869155719,0.006721769772,0.006575459273,0.006476186459,0.003362372825
19.5,0.006209500684,0.009440561496,0.0105060989,0.01028442372,0.01006191374,0.009888935114,0.009742873297,0.00947472038,0.009254665687,0.009413016663,0.009114657425,0.008781524804,0.008487621186,0.008242412582,0.007997803578,0.007759882839,0.007521491887,0.007330211938,0.007173705372,0.006984563867,0.006837335137,0.006691175629,0.006546085343,0.006447635848,0.003355545974
20,0.006186851225,0.009386808846,0.01044466214,0.01022462256,0.01000375157,0.00983200812,0.009687026421,0.009420773071,0.00920307718,0.00936038443,0.009064458285,0.008734079999,0.008442584386,0.008199384581,0.007956780499,0.007720827112,0.007484405731,0.00729470498,0.007139456371,0.006951881827,0.006805858813,0.006660898902,0.006517002094,0.006419357923,0.003348545977
20.5,0.006164335213,0.009333890658,0.01038421193,0.0101657752,0.009946510354,0.009775977805,0.009632054544,0.009367663543,0.009152271266,0.009308552622,0.009015007577,0.008687324502,0.008398185364,0.008156951357,0.007916309281,0.007682281005,0.007447786924,0.007259631494,0.007105614094,0.006919572839,0.006774729747,0.006630943742,0.006488214826,0.006391358754,0.003341396909
21,0.006141964011,0.009281787772,0.01032472329,0.01010785793,0.009890167669,0.009720822651,0.009577936992,0.00931537253,0.009102231162,0.009257503918,0.008966290146,0.008641245629,0.008354413585,0.008115104169,0.007876382975,0.007644239334,0.007411632053,0.00722498948,0.007072177654,0.006887637425,0.006743949536,0.006601312819,0.006459727275,0.006363642798,0.003334120082
21.5,0.006119747107,0.009230481268,0.01026617182,0.01005084755,0.009834701506,0.009666521523,0.009524653421,0.009263881012,0.009052940151,0.009207221084,0.008918290782,0.00859583048,0.008311258153,0.008073833797,0.007836994032,0.007606696202,0.007375936868,0.007190776012,0.007039145157,0.00685607501,0.006713518609,0.006572007562,0.00643154187,0.006336213152,0.003326734397
22,0.006097692383,0.009179952535,0.01020853378,0.009994721427,0.009780090354,0.009613053724,0.009472183878,0.009213170286,0.00900438167,0.009157687065,0.00887099432,0.008551066047,0.008268707941,0.008033130679,0.007798134453,0.007569645151,0.007340696454,0.007156987411,0.007006513896,0.006824884113,0.006683436426,0.006543028368,0.00640365994,0.006309071773,0.003319256652
22.5,0.00607580634,0.00913018333,0.01015178607,0.009939457518,0.00972631323,0.009560399044,0.009420508852,0.009163222014,0.008956539382,0.009108885051,0.008824385722,0.008506939313,0.008226751687,0.007992985022,0.00775979591,0.007533079296,0.007305905372,0.007123619394,0.006974280497,0.006794062514,0.006653701644,0.006514374771,0.006376081895,0.006282219657,0.003311701792
23,0.006054094294,0.009081155811,0.01009590626,0.009885034403,0.009673349711,0.009508537785,0.009369609305,0.009114018269,0.008909397226,0.009060798524,0.008778450133,0.00846343732,0.008185378083,0.007953386893,0.007721969843,0.007496991433,0.007271557773,0.007090667199,0.006942441049,0.006763607383,0.006624312259,0.006486045589,0.006348807372,0.006255656993,0.003304083142
23.5,0.006032560533,0.009032852569,0.01004087264,0.009831431289,0.009621179948,0.009457450784,0.009319466696,0.009065541558,0.008862939454,0.009013411304,0.008733172935,0.008420547228,0.008144575838,0.007914326296,0.007684647547,0.00746137413,0.007237647495,0.007058125685,0.006910991212,0.006733515393,0.006595265721,0.006458039045,0.006321835365,0.006229383292,0.003296412594
24,0.006011208467,0.008985256643,0.009986664156,0.009778628022,0.009569784673,0.009407119421,0.009270062991,0.009017774842,0.008817150663,0.00896670757,0.008688539775,0.008378256362,0.008104333734,0.00787579323,0.007647820234,0.007426219795,0.007204168146,0.007025989417,0.006879926306,0.006703782822,0.006566559035,0.006430352871,0.006295164329,0.006203397497,0.003288700777
24.5,0.005990040743,0.008938351533,0.009933260451,0.009726605076,0.0095191452,0.009357525626,0.009221380678,0.008970701544,0.008772015812,0.008920671881,0.008644536599,0.008336552245,0.008064640668,0.007837777736,0.007611479089,0.007391520741,0.007171113167,0.006994252742,0.006849241388,0.006674405622,0.006538188843,0.006402984393,0.006268792273,0.006177698076,0.0032809572
25,0.00596905935,0.008892121207,0.009880641832,0.00967534355,0.009469243427,0.009308651877,0.009173402759,0.008924305558,0.008727520238,0.008875289192,0.008601149667,0.008295422624,0.008025485683,0.007800269938,0.007575615317,0.007357269236,0.007138475889,0.006962909841,0.006818931311,0.006645379496,0.006510151494,0.006375930608,0.006242716839,0.006152283103,0.003273190382
25.5,0.00594826571,0.008846550098,0.009828789261,0.00962482516,0.009420061821,0.009260481196,0.009126112753,0.00887857125,0.008683649664,0.008830544857,0.008558365566,0.008254855493,0.007986857994,0.007763260076,0.007540220173,0.00732345754,0.007106249577,0.006931954787,0.00678899078,0.006616699949,0.006482443107,0.006349188244,0.006216935361,0.006127150321,0.003265407959
26,0.005927660752,0.008801623103,0.009777684342,0.009575032221,0.009371583414,0.009212997137,0.00907949469,0.008833483449,0.008640390199,0.008786424635,0.008516171223,0.008214839106,0.007948747015,0.007726738525,0.007505284998,0.007290077944,0.007074427471,0.00690138158,0.006759414393,0.006588362338,0.006455059616,0.006322753813,0.006191444927,0.006102297205,0.003257616782
26.5,0.005907244984,0.008757325579,0.009727309301,0.009525947638,0.009323791788,0.009166183782,0.009033533098,0.008789027447,0.008597728344,0.008742914686,0.008474553903,0.008175361987,0.007911142363,0.007690695818,0.007470801238,0.007257122791,0.007043002815,0.006871184183,0.006730196683,0.006560361911,0.006427996819,0.006296623656,0.006166242424,0.006077721006,0.003249823003
27,0.005887018546,0.008713643333,0.009677646967,0.009477554883,0.009276671064,0.009120025725,0.008988212998,0.008745188991,0.008555650987,0.008700001575,0.008433501215,0.008136412938,0.007874033877,0.007655122661,0.007436760462,0.007224584504,0.007011968882,0.006841356554,0.006701332144,0.00653269384,0.006401250407,0.006270793986,0.006141324577,0.006053418799,0.003242032147
27.5,0.005866981263,0.008670562612,0.009628680757,0.009429837984,0.009230205883,0.009074508059,0.008943519889,0.008701954271,0.008514145396,0.008657672257,0.00839300111,0.008097981039,0.007837411625,0.007620009943,0.007403154379,0.007192455597,0.006981318996,0.006811892665,0.006672815257,0.006505353254,0.006374816001,0.006245260911,0.006116687986,0.006029387511,0.003234249182
28,0.005847132686,0.008628070097,0.00958039465,0.009382781505,0.009184381392,0.009029616361,0.008899439734,0.008659309908,0.008473199216,0.00861591408,0.008353041878,0.008060055654,0.007801265903,0.007585348741,0.007369974846,0.007160728697,0.006951046551,0.006782786523,0.006644640517,0.006478335255,0.006348689172,0.006220020472,0.006092329156,0.00600562396,0.003226478571
28.5,0.005827472136,0.008586152885,0.00953277317,0.009336370525,0.00913918323,0.008985336681,0.008855958951,0.008617242949,0.008432800463,0.008574714769,0.008313612141,0.008022626427,0.007765587247,0.007551130332,0.007337213879,0.007129396548,0.00692114502,0.006754032188,0.006616802443,0.006451634947,0.006322865469,0.006195068658,0.006068244517,0.005982124874,0.00321872433
29,0.005807998729,0.008544798484,0.009485801369,0.009290590625,0.009094597508,0.008941655521,0.008813064395,0.008575740848,0.008392937511,0.008534062423,0.008274700853,0.007985683281,0.007730366424,0.00751734619,0.007304863658,0.007098452024,0.006891607973,0.006725623785,0.006589295598,0.006425247445,0.006297340429,0.006170401431,0.006044430451,0.005958886917,0.003210990069
29.5,0.00578871141,0.008503994796,0.009439464802,0.009245427868,0.009050610797,0.008898559827,0.008770743344,0.008534791456,0.008353599086,0.008493945503,0.008236297284,0.007949216413,0.007695594437,0.007483987991,0.007272916529,0.007067888132,0.006862429077,0.006697555512,0.006562114599,0.006399167892,0.006272109601,0.00614601474,0.006020883308,0.005935906708,0.003203279034
30,0.005769608979,0.008463730104,0.00939374951,0.009200868778,0.009007210107,0.008856036965,0.008728983487,0.008494383011,0.008314774256,0.008454352819,0.008198391023,0.007913216293,0.007661262525,0.007451047613,0.00724136501,0.007037698021,0.006833602111,0.006669821652,0.006535254128,0.006373391474,0.006247168553,0.006121904536,0.00599759942,0.005913180836,0.003195594145
30.5,0.00575069011,0.008423993062,0.009348642005,0.009156900328,0.008964382874,0.008814074714,0.008687772909,0.008454504121,0.008276452422,0.008415273525,0.008160971962,0.007877673654,0.007627362153,0.007418517134,0.007210201791,0.00700787498,0.006805120967,0.00664241658,0.006508708938,0.006347913422,0.006222512885,0.006098066783,0.005974575118,0.005890705876,0.003187938022
31,0.005731953369,0.008384772683,0.009304129244,0.009113509919,0.008922116943,0.008772661247,0.008647100074,0.008415143753,0.008238623304,0.008376697106,0.008124030291,0.00784257949,0.007593885016,0.007386388833,0.007179419732,0.006978412444,0.006776979653,0.006615334764,0.006482473862,0.006322729026,0.006198138236,0.006074497473,0.005951806736,0.005868478398,0.003180313021
31.5,0.005713397237,0.008346058324,0.009260198618,0.009070685364,0.008880400552,0.008731785116,0.008606953816,0.008376291221,0.008201276936,0.008338613367,0.008087556491,0.007807925048,0.007560823029,0.007354655185,0.007149011865,0.006949303994,0.006749172299,0.006588570773,0.006456543815,0.006297833639,0.006174040294,0.006051192624,0.005929290629,0.00584649498,0.003172721257
32,0.005695020119,0.008307839672,0.009216837931,0.009028414875,0.008839222319,0.00869143524,0.008567323322,0.008337936173,0.008164403654,0.008301012423,0.008051541322,0.007773701824,0.007528168328,0.007323308856,0.007118971391,0.006920543354,0.006721693154,0.006562119278,0.006430913801,0.006273222683,0.006150214801,0.006028148299,0.005907023175,0.005824752212,0.003165164623
32.5,0.00567682036,0.00827010674,0.009174035384,0.008986687042,0.008798571225,0.008651600889,0.00852819812,0.008300068582,0.008127994084,0.008263884687,0.008015975816,0.007739901551,0.007495913259,0.007292342706,0.007089291678,0.006892124395,0.006694536591,0.006535975054,0.006405578912,0.006248891651,0.006126657557,0.006005360601,0.005885000783,0.005803246711,0.003157644817
33,0.005658796253,0.008232849845,0.009131779563,0.008945490823,0.008758436603,0.008612271672,0.008489568067,0.008262678726,0.008092039135,0.008227220863,0.007980851268,0.007706516198,0.007464050378,0.007261749779,0.007059966259,0.006864041131,0.006667697105,0.006510132983,0.006380534335,0.006224836111,0.006103364424,0.005982825687,0.0058632199,0.005781975116,0.003150163356
33.5,0.005640946054,0.008196059604,0.009090059415,0.008904815525,0.008718808121,0.008573437523,0.008451423335,0.008225757187,0.008056529986,0.008191011933,0.007946159228,0.007673537961,0.007432572441,0.007231523302,0.007030988829,0.006836287719,0.006641169315,0.00648458805,0.006355775348,0.00620105171,0.006080331331,0.005960539765,0.005841677012,0.005760934105,0.003142721594
34,0.005623267985,0.008159726921,0.009048864243,0.008864650796,0.008679675769,0.008535088691,0.008413754398,0.008189294832,0.008021458081,0.00815524915,0.007911891492,0.007640959254,0.007401472404,0.007201656679,0.007002353242,0.006808858453,0.006614947958,0.00645933535,0.006331297324,0.006177534173,0.006057554271,0.005938499098,0.005820368653,0.005740120389,0.003135320738
34.5,0.005605760246,0.008123842973,0.009008183685,0.008824986604,0.00864102985,0.008497215722,0.008376552024,0.008153282806,0.007986815115,0.008119924025,0.007878040095,0.007608772705,0.007370743412,0.007172143489,0.006974053508,0.006781747768,0.006589027892,0.006434370081,0.00630709573,0.006154279307,0.006035029312,0.00591670001,0.005799291402,0.005719530723,0.003127961859
35,0.00558842102,0.008088399207,0.008968007702,0.00878581323,0.008602860964,0.008459809454,0.008339807262,0.00811771252,0.007952593029,0.008085028319,0.007844597299,0.007576971149,0.007340378796,0.007142977477,0.006946083787,0.006754950233,0.006563404094,0.006409687547,0.00628316613,0.006131282999,0.006012752588,0.005895138885,0.005778441891,0.005699161903,0.003120645907
35.5,0.005571248478,0.00805338732,0.008928326568,0.008747121254,0.008565159999,0.008422861003,0.00830351143,0.008082575642,0.007918783997,0.008050554035,0.007811555591,0.007545547618,0.00731037207,0.007114152556,0.006918438388,0.006728460548,0.006538071658,0.006385283154,0.006259504178,0.006108541215,0.005990720307,0.005873812169,0.005757816802,0.005679010772,0.00311337372
36,0.005554240785,0.008018799259,0.008889130853,0.008708901542,0.008527918117,0.008386361751,0.008267656105,0.008047864087,0.007885380421,0.008016493409,0.007778907669,0.007514495342,0.007280716919,0.007085662796,0.006891111766,0.006702273543,0.00651302579,0.006361152413,0.006236105622,0.006086050005,0.005968928747,0.00585271637,0.005737412872,0.00565907422,0.003106146034
36.5,0.005537396104,0.007984627206,0.008850411415,0.008671145236,0.008491126745,0.008350303337,0.008232233116,0.008013570008,0.007852374923,0.0079828389,0.00774664644,0.007483807732,0.0072514072,0.007057502421,0.006864098514,0.006676384176,0.00648826181,0.006337290934,0.006212966305,0.006063805499,0.005947374261,0.005831848059,0.005717226892,0.005639349187,0.003098963495
37,0.005520712601,0.007950863571,0.008812159385,0.008633843743,0.008454777566,0.008314677647,0.008197234529,0.007979685785,0.007819760332,0.007949583184,0.007714765009,0.007453478383,0.007222436933,0.007029665809,0.006837393362,0.006650787526,0.006463775149,0.006313694426,0.006190082155,0.006041803905,0.00592605327,0.005811203872,0.005697255709,0.005619832661,0.003091826661
37.5,0.005504188446,0.007917500982,0.008774366158,0.008596988723,0.008418862504,0.008279476804,0.008162652645,0.00794620402,0.007787529685,0.007916719144,0.007683256674,0.007423501064,0.007193800297,0.00700214748,0.006810991175,0.006625478794,0.006439561341,0.006290358698,0.006167449194,0.006020041512,0.005904962269,0.005790780507,0.005677496226,0.005600521683,0.003084736017
38,0.005487821818,0.007884532278,0.008737023386,0.008560572081,0.008383373723,0.008244693161,0.008128479982,0.007913117525,0.00775567621,0.007884239864,0.007652114918,0.007393869712,0.007165491627,0.0069749421,0.006784886947,0.006600453297,0.006415616031,0.006267279649,0.006145063529,0.005998514687,0.005884097822,0.005770574726,0.0056579454,0.005581413343,0.003077691974
38.5,0.005471610906,0.007851950504,0.00870012296,0.008524585957,0.008348303608,0.008210319288,0.008094709277,0.007880419317,0.007724193327,0.00785213862,0.007621333404,0.007364578427,0.007137505403,0.006948044467,0.006759075795,0.006575706466,0.006391934962,0.006244453278,0.006122921355,0.005977219873,0.005863456563,0.005750583354,0.005638600247,0.005562504783,0.003070694884
39,0.005455553914,0.007819748895,0.008663657008,0.008489022717,0.008313644765,0.008176347968,0.008061333469,0.007848102609,0.007693074635,0.007820408875,0.007590905966,0.007335621467,0.007109836252,0.006921449515,0.006733552959,0.006551233845,0.006368513979,0.006221875668,0.006101018949,0.005956153588,0.005843035195,0.005730803278,0.005619457835,0.005543793196,0.003063745035
39.5,0.005439649058,0.007787920878,0.00862761788,0.008453874943,0.008279390008,0.008142772186,0.008028345696,0.007816160801,0.007662313909,0.007789044272,0.007560826606,0.007306993241,0.007082478938,0.006895152308,0.0067083138,0.006527031082,0.006345349023,0.006199542998,0.006079352672,0.005935312425,0.005822830491,0.005711231446,0.00560051529,0.005525275827,0.003056842667
40,0.005423894572,0.007756460061,0.008591998147,0.008419135426,0.00824553235,0.008109585122,0.007995739286,0.007784587477,0.007631905095,0.007758038625,0.007531089485,0.007278688305,0.007055428363,0.006869148031,0.006683353789,0.006503093933,0.006322436131,0.006177451528,0.006057918965,0.00591469305,0.005802839287,0.005691864867,0.005581769792,0.005506949969,0.003049987966
40.5,0.005408288707,0.007725360224,0.008556790583,0.008384797159,0.008212065,0.008076780147,0.007963507751,0.007753376396,0.007601842298,0.007727385917,0.00750168892,0.007250701357,0.007028679556,0.006843431992,0.006658668511,0.006479418255,0.006299771433,0.006155597608,0.00603671435,0.005894292201,0.005783058487,0.005672700612,0.005563218575,0.005488812968,0.003043181079
41,0.005392829732,0.007694615316,0.008521988164,0.008350853325,0.008178981353,0.00804435081,0.007931644779,0.007722521484,0.007572119782,0.007697080288,0.007472619379,0.007223027232,0.007002227673,0.006817999617,0.006634253658,0.006456000002,0.006277351147,0.006133977666,0.006015735421,0.005874106684,0.005763485059,0.005653735807,0.005544858927,0.00547086222,0.003036422107
41.5,0.005377515937,0.007664219449,0.00848758406,0.008317297296,0.008146274981,0.008012290835,0.007900144229,0.007692016832,0.007542731963,0.007667116037,0.007443875471,0.007195660898,0.006976067994,0.006792846441,0.006610105027,0.006432835227,0.00625517158,0.006112588213,0.005994978853,0.005854133374,0.005744116035,0.005634967639,0.005526688187,0.005453095169,0.003029711118
42,0.005362345632,0.00763416689,0.008453571624,0.008284122621,0.008113939632,0.007980594115,0.007869000122,0.007661856685,0.007513673401,0.007637487608,0.007415451946,0.007168597449,0.006950195913,0.006767968114,0.006586218516,0.006409920073,0.006233229122,0.006091425839,0.005974441391,0.005834369215,0.005724948506,0.005616393351,0.005508703749,0.005435509307,0.003023048144
42.5,0.005347317148,0.007604452056,0.008419944388,0.008251323023,0.008081969216,0.007949254703,0.007838206638,0.00763203544,0.007484938798,0.007608189593,0.00738734369,0.007141832104,0.006924606941,0.006743360387,0.006562590121,0.006387250776,0.006211520249,0.006070487208,0.005954119851,0.005814811212,0.005705979626,0.00559801024,0.005490903055,0.005418102175,0.003016433186
43,0.005332428837,0.007575069509,0.008386696055,0.008218892389,0.008050357807,0.00791826681,0.007807758107,0.00760254764,0.007456522992,0.007579216719,0.007359545715,0.007115360201,0.006899296699,0.006719019117,0.006539215933,0.006364823658,0.006190041512,0.006049769062,0.00593401112,0.005795456436,0.005687206607,0.005579815661,0.005473283599,0.00540087136,0.003009866218
43.5,0.005317679074,0.007546013952,0.008353820495,0.008186824766,0.008019099631,0.007887624794,0.00777764901,0.007573387967,0.007428420949,0.007550563851,0.007332053161,0.007089177193,0.006874260914,0.00669494026,0.006516092136,0.006342635127,0.006168789546,0.00602926821,0.005914112153,0.005776302022,0.00566862672,0.00556180702,0.005455842922,0.005383814498,0.003003347187
44,0.005303066254,0.00751728022,0.008321311734,0.008155114357,0.007988189063,0.007857323162,0.007747873964,0.007544551239,0.007400627766,0.007522225979,0.007304861289,0.007063278645,0.006849495415,0.006671119867,0.006493215002,0.006320681673,0.006147761057,0.006008981536,0.005894419969,0.005757345161,0.00565023729,0.005543981775,0.005438578616,0.005366929266,0.002996876016
44.5,0.005288588798,0.007488863281,0.008289163956,0.00812375551,0.007957620622,0.007827356557,0.007718427725,0.007516032406,0.007373138659,0.007494198222,0.007277965475,0.007037660229,0.006824996132,0.006647554083,0.00647058089,0.006298959866,0.006126952827,0.005988905991,0.005874931653,0.005738583108,0.005632035699,0.005526337436,0.005421488318,0.005350213388,0.002990452608
45,0.005274245147,0.007460758226,0.008257371489,0.00809274272,0.007927388965,0.007797719759,0.00768930518,0.007487826541,0.007345948962,0.007466475817,0.007251361209,0.007012317721,0.006800759091,0.006624239143,0.006448186244,0.006277466354,0.006106361708,0.00596903859,0.005855644352,0.005720013171,0.005614019383,0.005508871563,0.005404569712,0.005333664633,0.002984076845
45.5,0.005260033763,0.007432960268,0.008225928806,0.008062070616,0.007897488882,0.007768407675,0.007660501344,0.007459928839,0.007319054124,0.007439054117,0.00722504409,0.006987246998,0.006776780414,0.006601171368,0.006426027588,0.006256197859,0.006085984623,0.005949376416,0.005836555274,0.005701632717,0.005596185828,0.005491581765,0.005387820527,0.00531728081,0.002977748591
46,0.005245953135,0.007405464738,0.008194830515,0.008031733963,0.007867915291,0.00773941534,0.007632011352,0.007432334615,0.007292449703,0.007411928588,0.007199009822,0.006962444035,0.006753056309,0.006578347166,0.006404101525,0.006235151179,0.006065818561,0.005929916613,0.005817661685,0.005683439166,0.005578532575,0.005474465698,0.005371238536,0.005301059772,0.002971467695
46.5,0.005232001771,0.007378267078,0.00816407136,0.008001727653,0.007838663235,0.007710737909,0.007603830459,0.007405039295,0.007266131364,0.007385094806,0.007173254211,0.0069379049,0.006729583074,0.006555763026,0.006382404735,0.00621432318,0.006045860577,0.005910656386,0.005798960911,0.005665429994,0.005561057211,0.005457521065,0.005354821556,0.00528499941,0.002965233991
47,0.005218178202,0.007351362839,0.00813364621,0.007972046702,0.007809727878,0.007682370654,0.007575954032,0.007378038414,0.007240094873,0.00735854845,0.007147773161,0.006913625753,0.006706357091,0.006533415516,0.00636093397,0.006193710799,0.006026107789,0.005891593001,0.005780450331,0.005647602724,0.005543757374,0.005440745614,0.005338567445,0.00526909766,0.002959047297
47.5,0.005204480981,0.007324747679,0.00810355006,0.007942686247,0.007781104497,0.00765430896,0.007548377551,0.007351327613,0.007214336096,0.007332285301,0.007122562672,0.006889602842,0.006683374825,0.006511301279,0.006339686057,0.006173311036,0.006006557377,0.005872723778,0.00576212738,0.005629954934,0.005526630747,0.005424137137,0.005322474104,0.005253352492,0.002952907422
48,0.005190908685,0.007298417355,0.008073778023,0.007913641539,0.007752788482,0.007626548319,0.0075210966,0.007324902637,0.007188850996,0.007306301237,0.007097618835,0.006865832498,0.00666063282,0.006489417037,0.00631865789,0.006153120961,0.005987206581,0.005854046096,0.005743989546,0.005612484249,0.005509675063,0.00540769347,0.005306539471,0.005237761917,0.002946814163
48.5,0.00517745991,0.007272367725,0.008044325326,0.007884907941,0.007724775332,0.00759908433,0.007494106867,0.007298759328,0.007163635627,0.007280592233,0.007072937831,0.006842311139,0.006638127695,0.00646775958,0.006297846431,0.006133137702,0.005968052698,0.005835557388,0.005726034369,0.005595188341,0.005492888095,0.005391412491,0.005290761528,0.005222323983,0.002940767305
49,0.005164133276,0.007246594741,0.008015187311,0.007856480924,0.007697060648,0.007571912695,0.007467404139,0.007272893623,0.007138686134,0.007255154353,0.007048515927,0.006819035259,0.006615856146,0.006446325769,0.006277248707,0.006113358451,0.005949093084,0.00581725514,0.005708259436,0.00557806493,0.005476267665,0.005375292118,0.005275138291,0.005207036775,0.002934766625
49.5,0.005150927423,0.007221094446,0.007986359423,0.007828356064,0.007669640135,0.007545029211,0.007440984299,0.007247301551,0.007113998747,0.007229983752,0.007024349472,0.006796001431,0.006593814939,0.006425112534,0.00625686181,0.006093780457,0.005930325147,0.005799136887,0.005690662387,0.00556111178,0.005459811632,0.005359330311,0.005259667816,0.005191898413,0.002928811894
50,0.005137841011,0.007195862974,0.007957837215,0.007800529034,0.007642509592,0.007518429772,0.007414843323,0.007221979232,0.007089569781,0.007205076669,0.007000434897,0.006773206303,0.006572000912,0.006404116869,0.006236682891,0.006074401028,0.00591174635,0.005781200218,0.005673240907,0.005544326701,0.005443517902,0.005343525066,0.005244348193,0.005176907052,0.002922902873
50.5,0.005124872724,0.007170896541,0.007929616338,0.007772995611,0.007615664915,0.007492110364,0.007388977277,0.007196922872,0.007065395633,0.007180429427,0.006976768711,0.006750646594,0.006550410969,0.006383335833,0.006216709163,0.006055217526,0.005893354207,0.005763442766,0.005655992726,0.005527707544,0.005427384417,0.00532787442,0.005229177552,0.00516206088,0.002917039316
51,0.005112021264,0.007146191452,0.007901692542,0.007745751659,0.007589102089,0.007466067062,0.007363382315,0.007172128759,0.007041472778,0.007156038428,0.006953347499,0.006728319096,0.00652904208,0.006362766546,0.006196937896,0.00603622737,0.005875146282,0.005745862215,0.005638915622,0.005511252201,0.005411409162,0.005312376446,0.005214154053,0.00514735812,0.002911220973
51.5,0.005099285352,0.007121744087,0.007874061669,0.007718793139,0.007562817189,0.007440296027,0.007338054672,0.007147593263,0.007017797765,0.007131900154,0.006930167917,0.006706220666,0.00650789128,0.006342406188,0.006177366416,0.006017428028,0.005857120189,0.005728456294,0.005622007412,0.005494958608,0.005395590157,0.005297029253,0.005199275893,0.005132797026,0.002905447587
52,0.005086663732,0.007097550907,0.007846719653,0.007692116097,0.007536806374,0.007414793501,0.007312990669,0.007123312832,0.006994367221,0.00710801116,0.006907226695,0.00668434823,0.006486955663,0.006322251997,0.006157992103,0.005998817021,0.005839273588,0.005711222774,0.005605265959,0.005478824737,0.005379925462,0.005281830984,0.005184541301,0.005118375885,0.002899718897
52.5,0.005074155166,0.007073608449,0.007819662517,0.007665716664,0.007511065888,0.007389555812,0.007288186702,0.007099283989,0.00697117784,0.007084368076,0.00688452063,0.006662698776,0.006466232385,0.006302301268,0.006138812391,0.005980391919,0.005821604185,0.005694159472,0.005588689167,0.0054628486,0.005364413172,0.005266779818,0.005169948537,0.005104093014,0.002894034638
53,0.005061758434,0.007049913321,0.007792886367,0.007639591057,0.007485592052,0.00736457936,0.007263639245,0.007075503333,0.006948226389,0.007060967601,0.006862046586,0.006641269354,0.00644571866,0.00628255135,0.006119824764,0.00596215034,0.005804109733,0.005677264247,0.005572274978,0.005447028246,0.005349051418,0.005251873968,0.005155495894,0.005089946758,0.002888394541
53.5,0.005049472337,0.007026462203,0.007766387395,0.007613735569,0.007460381267,0.007339860625,0.007239344846,0.007051967531,0.006925509699,0.007037806504,0.006839801492,0.006620057075,0.006425411757,0.006262999646,0.006101026757,0.005944089949,0.005786788026,0.005660534998,0.005556021373,0.005431361761,0.005333838365,0.005237111677,0.005141181696,0.005075935496,0.002882798334
54,0.005037295692,0.007003251843,0.007740161869,0.007588146574,0.007435430007,0.007315396158,0.007215300125,0.007028673321,0.006903024668,0.007014881619,0.006817782339,0.006599059109,0.006405309001,0.006243643608,0.006082415954,0.005926208455,0.005769636901,0.005643969663,0.005539926374,0.005415847267,0.005318772211,0.005222491221,0.005127004296,0.005062057632,0.002877245741
54.5,0.005025227337,0.006980279058,0.007714206138,0.007562820518,0.007410734821,0.007291182583,0.00719150177,0.007005617508,0.006880768257,0.006992189845,0.006795986179,0.006578272682,0.006385407768,0.006224480742,0.006063989983,0.005908503614,0.005752654238,0.005627566222,0.005523988037,0.005400482918,0.005303851189,0.005208010908,0.005112962076,0.005048311598,0.002871736485
55,0.005013266125,0.006957540727,0.007688516623,0.007537753923,0.007386292327,0.007267216591,0.007167946539,0.006982796959,0.006858737488,0.006969728145,0.006774410124,0.006557695074,0.006365705489,0.006205508599,0.006045746522,0.005890973221,0.005735837953,0.005611322689,0.005508204454,0.005385266904,0.005289073562,0.005193669076,0.005099053447,0.005034695856,0.002866270286
55.5,0.005001410928,0.006935033792,0.00766308982,0.007512943379,0.007362099212,0.007243494941,0.007144631253,0.006960208608,0.006836929441,0.00694749354,0.006753051342,0.00653732362,0.006346199642,0.006186724779,0.00602768329,0.005873615116,0.005719186005,0.005595237117,0.005492573753,0.005370197448,0.005274437623,0.00517946409,0.005085276847,0.005021208891,0.002860846864
56,0.004989660635,0.006912755257,0.007637922295,0.007488385546,0.007338152229,0.007220014456,0.007121552798,0.006937849446,0.006815341254,0.006925483112,0.006731907056,0.006517155705,0.006326887754,0.006168126929,0.00600979805,0.005856427178,0.005702696388,0.005579307594,0.005477094096,0.005355272802,0.005259941699,0.005165394346,0.005071630742,0.005007849217,0.002855465934
56.5,0.004978014152,0.006890702183,0.007613010683,0.007464077149,0.007314448197,0.007196772023,0.007098708119,0.006915716527,0.006793970123,0.006903693998,0.006710974545,0.006497188766,0.006307767401,0.006149712736,0.005992088609,0.005839407325,0.005686367134,0.005563532243,0.005461763678,0.005340491253,0.005245584143,0.005151458266,0.005058113623,0.004994615372,0.002850127214
57,0.004966470401,0.006868871691,0.007588351683,0.00744001498,0.007290983995,0.007173764589,0.007076094225,0.006893806959,0.006772813297,0.006882123392,0.006690251138,0.006477420288,0.006288836202,0.006131479936,0.005974552811,0.005822553514,0.005670196312,0.00554790922,0.005446580725,0.005325851115,0.005231363338,0.005137654303,0.005044724008,0.004981505918,0.002844830418
57.5,0.00495502832,0.006847260955,0.007563942062,0.007416195891,0.007267756564,0.00715098916,0.007053708179,0.006872117908,0.006751868076,0.006860768541,0.006669734217,0.006457847804,0.006270091822,0.006113426304,0.005957188542,0.005805863739,0.005654182023,0.005532436715,0.005431543496,0.005311350732,0.005217277696,0.005123980931,0.005031460439,0.004968519442,0.00283957526
58,0.004943686863,0.006825867203,0.007539778647,0.007392616795,0.007244762903,0.007128442801,0.007031547101,0.006850646593,0.006731131813,0.006839626745,0.006649421212,0.006438468892,0.006251531971,0.006095549655,0.005939993728,0.005789336031,0.005638322404,0.005517112949,0.005416650279,0.005296988479,0.005203325653,0.005110436655,0.005018321484,0.004955654554,0.002834361454
58.5,0.004932444999,0.006804687719,0.007515858327,0.007369274666,0.007222000071,0.00710612263,0.007009608168,0.006829390287,0.006710601911,0.006818695355,0.006629309601,0.006419281177,0.006233154398,0.006077847847,0.005922966329,0.005772968454,0.005622615624,0.005501936174,0.005401899394,0.005282762757,0.005189505676,0.005097020001,0.005005305733,0.004942909889,0.002829188715
59,0.004921301714,0.006783719832,0.007492178049,0.007346166533,0.007199465178,0.007084025823,0.006987888608,0.006808346312,0.00669027582,0.00679797177,0.006609396909,0.006400282324,0.006214956895,0.006060318774,0.005906104343,0.00575675911,0.005607059885,0.005486904675,0.005387289187,0.005268671993,0.005175816254,0.005083729523,0.004992411801,0.004930284101,0.002824056755
59.5,0.004910256007,0.006762960926,0.007468734818,0.007323289482,0.007177155391,0.007062149605,0.0069663857,0.00678751204,0.006670151038,0.006777453437,0.006589680706,0.006381470045,0.006196937293,0.006042960368,0.005889405805,0.00574070613,0.00559165342,0.005472016763,0.005372818036,0.005254714644,0.005162255904,0.005070563798,0.004979638324,0.004917775868,0.002818965289
60,0.004899306891,0.00674240843,0.007445525694,0.007300640652,0.007155067929,0.007040491255,0.006945096775,0.006766884894,0.006650225107,0.006757137851,0.006570158608,0.006362842089,0.006179093461,0.006025770599,0.005872868783,0.005724807681,0.005576394492,0.00545727078,0.005358484342,0.00524088919,0.005148823167,0.005057521424,0.004966983961,0.004905383888,0.00281391403
60.5,0.004888453396,0.00672205982,0.007422547793,0.007278217234,0.007133200061,0.0070190481,0.006924019211,0.006746462341,0.006630495617,0.006737022552,0.00655082827,0.006344396248,0.006161423307,0.006008747471,0.005856491378,0.00570906196,0.005561281393,0.005442665095,0.005344286537,0.005227194138,0.005135516607,0.005044601026,0.004954447394,0.004893106882,0.002808902692
61,0.004877694564,0.006701912618,0.00739979828,0.007256016474,0.007111549107,0.006997817517,0.006903150435,0.006726241894,0.006610960197,0.006717105122,0.006531687392,0.006326130352,0.006143924776,0.005991889024,0.005840271726,0.005693467195,0.005546312447,0.005428198106,0.005330223077,0.005213628018,0.005122334813,0.005031801248,0.004942027323,0.00488094359,0.00280393099
61.5,0.00486702945,0.006681964391,0.007377274375,0.007234035661,0.007090112433,0.006976796927,0.006882487918,0.006706221112,0.00659161652,0.006697383188,0.006512733714,0.006308042267,0.006126595847,0.005975193332,0.005824207992,0.005678021644,0.005531486002,0.005413868236,0.005316292443,0.005200189386,0.005109276394,0.005019120756,0.004929722472,0.004868892771,0.00279899864
62,0.004856457124,0.006662212748,0.007354973345,0.007212272139,0.007068887454,0.006955983801,0.006862029179,0.006686397595,0.006572462299,0.006677854419,0.006493965014,0.0062901299,0.006109434535,0.005958658499,0.005808298375,0.005662723596,0.005516800436,0.005399673935,0.005302493143,0.00518687682,0.005096339985,0.00500655824,0.004917531582,0.004856953204,0.002794105358
62.5,0.004845976669,0.006642655339,0.007332892507,0.007190723295,0.00704787163,0.006935375651,0.006841771777,0.006666768986,0.006553495289,0.006658516524,0.006475379111,0.006272391191,0.006092438889,0.005942282666,0.005792541103,0.005647571366,0.005502254153,0.005385613677,0.005288823707,0.00517368892,0.005083524241,0.004994112407,0.004905453417,0.004845123688,0.002789250861
63,0.00483558718,0.006623289856,0.007311029225,0.007169386562,0.007027062464,0.006914970034,0.006821713315,0.006647332969,0.006534713282,0.006639367249,0.006456973858,0.006254824116,0.006075606989,0.005926064001,0.005776934432,0.005632563297,0.005487845584,0.005371685962,0.00527528269,0.005160624311,0.005070827838,0.004981781986,0.004893486756,0.004833403039,0.002784434867
63.5,0.004825287764,0.006604114032,0.007289380906,0.007148259418,0.007006457504,0.006894764549,0.006801851438,0.006628087268,0.006516114106,0.006620404383,0.006438747147,0.006237426684,0.006058936949,0.005910000704,0.005761476649,0.005617697761,0.005473573185,0.005357889315,0.00526186867,0.005147681638,0.005058249473,0.004969565727,0.004881630401,0.004821790091,0.002779657094
64,0.004815077543,0.006585125635,0.007267945006,0.007127339386,0.006986054338,0.006874756836,0.006782183831,0.006609029646,0.006497695629,0.00660162575,0.006420696904,0.006220196939,0.006042426914,0.005894091005,0.005746166068,0.005602973155,0.005459435436,0.005344222281,0.005248580247,0.005134859567,0.005045787863,0.004957462397,0.004869883168,0.004810283698,0.002774917264
64.5,0.004804955649,0.006566322473,0.007246719021,0.007106624028,0.006965850598,0.006854944574,0.006762708217,0.006590157902,0.006479455752,0.006583029209,0.006402821092,0.006203132957,0.00602607506,0.005878333161,0.005731001031,0.005588387903,0.005445430841,0.005330683432,0.005235416042,0.005122156785,0.005033441746,0.004945470783,0.004858243896,0.004798882728,0.002770215096
65,0.004794921224,0.006547702391,0.007225700491,0.007086110949,0.006945843952,0.006835325483,0.006743422358,0.006571469874,0.006461392414,0.006564612658,0.006385117705,0.006186232845,0.006009879591,0.005862725461,0.005715979905,0.005573940451,0.005431557929,0.00531727136,0.0052223747,0.005109571999,0.005021209878,0.00493358969,0.004846711437,0.004787586069,0.002765550314
65.5,0.004784973426,0.006529263268,0.007204886996,0.007065797794,0.00692603211,0.006815897319,0.006724324054,0.006552963434,0.006443503584,0.006546374027,0.006367584772,0.00616949474,0.005993838741,0.005847266217,0.005701101085,0.005559629274,0.005417815252,0.00530398468,0.005209454885,0.005097103937,0.005009091033,0.004921817941,0.004835284662,0.004776392622,0.002760922641
66,0.004775111421,0.00651100302,0.007184276158,0.007045682247,0.006906412819,0.006796657877,0.006705411139,0.00653463649,0.006425787268,0.006528311281,0.006350220351,0.00615291681,0.005977950773,0.005831953771,0.005686362991,0.005545452867,0.005404201384,0.005290822027,0.005196655281,0.005084751345,0.004997084006,0.004910154377,0.004823962458,0.004765301307,0.002756331802
66.5,0.004765334387,0.006492919595,0.007163865636,0.007025762029,0.006886983861,0.006777604985,0.006686681484,0.006516486985,0.006408241501,0.006510422417,0.006333022534,0.006136497253,0.005962213976,0.00581678649,0.005671764065,0.005531409751,0.005390714919,0.005277782058,0.005183974594,0.005072512988,0.004985187608,0.004898597855,0.004812743729,0.004754311058,0.002751777525
67,0.004755641514,0.006475010974,0.007143653128,0.007006034899,0.006867743057,0.006758736509,0.006668132994,0.006498512892,0.006390864351,0.006492705466,0.006315989442,0.006120234295,0.005946626668,0.005801762766,0.005657302777,0.005517498467,0.005377354476,0.00526486345,0.005171411548,0.005060387651,0.004973400668,0.00488714725,0.004801627395,0.004743420825,0.002747259536
67.5,0.004746032,0.006457275172,0.00712363637,0.006986498652,0.00684868826,0.006740050348,0.006649763608,0.006480712219,0.006373653918,0.006475158488,0.006299119228,0.006104126188,0.00593118719,0.005786881017,0.005642977619,0.005503717582,0.005364118692,0.0052520649,0.005158964887,0.005048374133,0.004961722033,0.004875801452,0.004790612391,0.004732629574,0.002742777564
68,0.004736505056,0.006439710235,0.007103813132,0.006967151117,0.00682981736,0.006721544435,0.006631571298,0.006463083005,0.006356608328,0.006457779574,0.00628241007,0.006088171215,0.005915893911,0.005772139684,0.005628787105,0.005490065682,0.005351006227,0.005239385124,0.005146633371,0.005036471255,0.004950150565,0.004864559369,0.004779697667,0.004721936283,0.002738331342
68.5,0.004727059902,0.006422314237,0.007084181221,0.00694799016,0.006811128278,0.006703216735,0.006613554066,0.006445623319,0.006339725741,0.006440566847,0.006265860177,0.006072367681,0.005900745226,0.005757537234,0.005614729772,0.005476541375,0.005338015758,0.005226822857,0.005134415782,0.005024677853,0.004938685145,0.004853419923,0.004768882188,0.004711339948,0.002733920601
69,0.004717695768,0.006405085286,0.007064738479,0.006929013677,0.006792618969,0.006685065246,0.006595709947,0.006428331262,0.006323004342,0.006423518457,0.006249467786,0.006056713921,0.005885739552,0.005743072154,0.00560080418,0.005463143289,0.005325145984,0.005214376852,0.005122310916,0.00501299278,0.004927324667,0.004842382052,0.004758164934,0.004700839576,0.002729545074
69.5,0.004708411894,0.006388021517,0.007045482781,0.0069102196,0.00677428742,0.006667087994,0.006578037006,0.006411204963,0.006306442345,0.006406632582,0.00623323116,0.006041208292,0.00587087533,0.005728742955,0.00558700891,0.005449870073,0.005312395622,0.005202045883,0.00511031759,0.005001414905,0.004916068043,0.004831444708,0.004747544899,0.004690434189,0.002725204498
70,0.00469920753,0.006371121094,0.007026412034,0.00689160589,0.006756131648,0.006649283039,0.006560533337,0.006394242579,0.006290037992,0.006389907429,0.006217148587,0.006025849178,0.005856151026,0.005714548173,0.005573342562,0.005436720396,0.005299763407,0.005189828738,0.005098434636,0.004989943115,0.0049049142,0.004820606859,0.004737021092,0.004680122823,0.002720898609
70.5,0.004690081934,0.006354382208,0.007007524179,0.006873170543,0.0067381497,0.006631648469,0.006543197065,0.006377442296,0.00627378955,0.006373341232,0.006201218383,0.006010634986,0.005841565128,0.00570048636,0.00555980376,0.005423692945,0.005287248093,0.005177724223,0.005086660901,0.004978576309,0.004893862078,0.004809867487,0.004726592534,0.004669904526,0.002716627147
71,0.004681034376,0.006337803078,0.006988817185,0.006854911581,0.006720339654,0.006614182401,0.006526026341,0.006360802327,0.006257695313,0.006356932251,0.006185438887,0.005995564147,0.005827116145,0.005686556094,0.005546391145,0.005410786428,0.005274848452,0.005165731164,0.005074995252,0.004967313406,0.004882910635,0.004799225586,0.004716258259,0.004659778359,0.002712389851
71.5,0.004672064132,0.006321381951,0.006970289056,0.006836827058,0.006702699615,0.00659688298,0.006509019345,0.006344320912,0.006241753601,0.006340678771,0.006169808465,0.005980635115,0.00581280261,0.00567275597,0.005533103378,0.00539799957,0.005262563274,0.005153848399,0.005063436568,0.004956153336,0.004872058841,0.004788680168,0.004706017316,0.004649743397,0.002708186462
72,0.004663170489,0.006305117097,0.006951937822,0.006818915059,0.006685227718,0.006579748378,0.006492174283,0.006327996317,0.006225962756,0.006324579105,0.006154325505,0.005965846365,0.005798623075,0.005659084607,0.00551993914,0.005385331114,0.005250391364,0.005142074786,0.005051983746,0.004945095045,0.00486130568,0.004778230254,0.004695868766,0.004639798726,0.002704016726
72.5,0.004654352741,0.006289006814,0.006933761545,0.006801173692,0.006667922125,0.006562776796,0.006475489389,0.006311826832,0.006210321146,0.006308631588,0.006138988419,0.005951196398,0.005784576113,0.00564554064,0.005506897132,0.005372779821,0.005238331545,0.005130409196,0.005040635699,0.004934137495,0.004850650151,0.00476787488,0.004685811682,0.004629943445,0.002699880386
73,0.004645610192,0.006273049424,0.006915758313,0.006783601099,0.006650781025,0.00654596646,0.006458962921,0.006295810775,0.006194827164,0.00629283458,0.006123795641,0.005936683731,0.00577066032,0.005632122725,0.005493976069,0.00536034447,0.005226382656,0.005118850518,0.005029391351,0.00492327966,0.004840091266,0.004757613096,0.00467584515,0.004620176664,0.00269577719
73.5,0.004636942153,0.006257243273,0.006897926244,0.006766195445,0.006633802633,0.006529315621,0.006442593164,0.006279946485,0.006179479224,0.006277186465,0.00610874563,0.005922306906,0.005756874309,0.005618829538,0.005481174689,0.005348023856,0.005214543553,0.005107397654,0.005018249644,0.004912520529,0.00482962805,0.004747443962,0.004665968266,0.004610497504,0.002691706887
74,0.004628347945,0.00624158673,0.006880263482,0.006748954922,0.006616985188,0.006512822556,0.006426378426,0.006264232328,0.006164275763,0.006261685649,0.006093836864,0.005908064486,0.005743216713,0.005605659771,0.005468491743,0.00533581679,0.005202813105,0.005096049522,0.005007209534,0.004901859103,0.00481925954,0.004737366553,0.004656180142,0.004600905101,0.002687669225
74.5,0.004619826895,0.006226078188,0.006862768199,0.006731877749,0.006600326959,0.006496485567,0.006410317041,0.00624866669,0.006149215242,0.006246330561,0.006079067844,0.00589395505,0.005729686185,0.005592612135,0.005455926002,0.005323722101,0.005191190199,0.005084805055,0.004996269989,0.004891294398,0.004808984788,0.004727379954,0.004646479897,0.004591398597,0.002683663958
75,0.004611378339,0.006210716065,0.006845438591,0.00671496217,0.006583826235,0.00648030298,0.006394407365,0.006233247983,0.006134296139,0.006231119653,0.006064437092,0.005879977201,0.005716281395,0.005579685361,0.005443476253,0.005311738632,0.005179673735,0.005073663199,0.004985429992,0.004880825442,0.004798802856,0.004717483263,0.004636866664,0.004581977149,0.002679690838
75.5,0.00460300162,0.006195498796,0.006828272882,0.006698206453,0.00656748133,0.006464273145,0.006378647777,0.006217974638,0.006119516959,0.006216051398,0.006049943149,0.005866129559,0.005703001032,0.005566878193,0.005431141299,0.005299865243,0.00516826263,0.005062622914,0.00497468854,0.004870451276,0.00478871282,0.00470767559,0.004627339586,0.004572639922,0.002675749621
76,0.004594696091,0.006180424843,0.006811269318,0.006681608892,0.006551290584,0.006448394433,0.006363036681,0.006202845112,0.006104876225,0.00620112429,0.006035584578,0.005852410764,0.005689843804,0.005554189395,0.00541891996,0.005288100808,0.005156955812,0.005051683176,0.004964044641,0.004860170953,0.004778713767,0.004697956054,0.004617897817,0.004563386094,0.002671840064
76.5,0.004586461109,0.006165492686,0.006794426173,0.006665167804,0.006535252358,0.006432665239,0.0063475725,0.006187857879,0.006090372478,0.006186336844,0.006021359961,0.005838819473,0.005676808435,0.005541617747,0.005406811071,0.005276444217,0.005145752226,0.00504084297,0.004953497318,0.004849983539,0.004768804794,0.004688323789,0.004608540521,0.004554214851,0.002667961925
77,0.00457829604,0.006150700827,0.006777741742,0.006648881528,0.006519365036,0.006417083981,0.006332253681,0.006173011437,0.006076004283,0.006171687594,0.006007267898,0.005825354363,0.005663893667,0.005529162044,0.005394813481,0.005264894374,0.00513465083,0.005030101298,0.004943045606,0.004839888111,0.004758985014,0.004678777935,0.004599266876,0.004545125391,0.002664114964
77.5,0.004570200258,0.006136047789,0.006761214344,0.006632748427,0.006503627024,0.006401649098,0.006317078691,0.006158304303,0.006061770222,0.006157175095,0.00599330701,0.005812014127,0.005651098256,0.0055168211,0.005382926058,0.005253450198,0.005123650595,0.005019457174,0.004932688551,0.004829883757,0.004749253546,0.004669317648,0.004590076064,0.00453611692,0.002660298944
78,0.004562173143,0.006121532113,0.006744842323,0.006616766886,0.006488036749,0.006386359049,0.006302046018,0.006143735014,0.006047668897,0.006142797923,0.005979475935,0.005798797476,0.005638420979,0.005504593741,0.005371147681,0.00524211062,0.005112750504,0.005008909623,0.004922425212,0.00481996958,0.004739609523,0.004659942091,0.004580967283,0.004527188655,0.002656513627
78.5,0.004554214081,0.006107152362,0.006728624042,0.006600935312,0.006472592662,0.006371212315,0.006287154171,0.006129302128,0.006033698928,0.006128554669,0.005965773329,0.005785703139,0.005625860626,0.005492478811,0.005359477246,0.005230874587,0.005101949556,0.004998457684,0.004912254662,0.004810144689,0.004730052089,0.004650650438,0.004571939737,0.004518339823,0.002652758779
79,0.004546322466,0.006092907117,0.006712557888,0.006585252133,0.006457293231,0.006356207396,0.006272401678,0.006115004221,0.006019858953,0.006114443946,0.005952197867,0.005772729861,0.005613416003,0.005480475166,0.005347913661,0.005219741058,0.00509124676,0.004988100407,0.004902175982,0.004800408209,0.004720580396,0.004641441874,0.004562992641,0.004509569658,0.002649034166
79.5,0.004538497699,0.006078794978,0.00669664227,0.006569715799,0.006442136947,0.006341342815,0.006257787086,0.006100839888,0.006006147629,0.006100464385,0.005938748241,0.005759876402,0.005601085932,0.005468581681,0.005336455849,0.005208709007,0.00508064114,0.004977836856,0.004892188266,0.004790759273,0.00471119361,0.004632315593,0.00455412522,0.004500877406,0.002645339557
80,0.004530739188,0.006064814563,0.006680875617,0.006554324779,0.006427122319,0.006326617111,0.006243308964,0.006086807743,0.005992563631,0.006086614632,0.005925423158,0.005747141539,0.005588869251,0.005456797241,0.005325102748,0.005197777419,0.005070131729,0.004967666103,0.004882290621,0.004781197025,0.004701890904,0.004623270798,0.004545336708,0.004492262321,0.002641674722
80.5,0.004523046344,0.006050964507,0.00666525638,0.006539077563,0.006412247879,0.006312028844,0.006228965897,0.006072906417,0.005979105649,0.006072893355,0.005912221344,0.005734524066,0.00557676481,0.005445120748,0.005313853308,0.005186945292,0.005059717574,0.004957587234,0.004872482161,0.004771720619,0.004692671462,0.004614306705,0.004536626346,0.004483723664,0.002638039432
81,0.004515418589,0.006037243467,0.006649783029,0.006523972661,0.006397512174,0.006297576593,0.006214756489,0.00605913456,0.005965772391,0.006059299236,0.005899141541,0.005722022791,0.005564771477,0.005433551116,0.005302706491,0.005176211637,0.005049397735,0.004947599347,0.004862762014,0.004762329221,0.004683534479,0.004605422535,0.004527993388,0.004475260708,0.002634433461
81.5,0.004507855349,0.006023650112,0.006634454053,0.006509008602,0.006382913773,0.006283258954,0.006200679363,0.00604549084,0.005952562583,0.006045830975,0.005886182507,0.005709636537,0.005552888132,0.005422087275,0.005291661275,0.005165575478,0.005039171281,0.004937701549,0.004853129318,0.004753022006,0.004674479158,0.004596617521,0.004519437094,0.004466872731,0.002630856584
82,0.004500356054,0.006010183132,0.006619267964,0.006494183934,0.006368451261,0.006269074542,0.006186733158,0.00603197394,0.005939474965,0.006032487288,0.005873343015,0.005697364143,0.00554111367,0.005410728165,0.005280716647,0.00515503585,0.005029037294,0.004927892958,0.00484358322,0.004743798159,0.004665504713,0.004587890904,0.004510956733,0.004458559023,0.002627308577
82.5,0.004492920144,0.005996841231,0.006604223289,0.006479497223,0.006354123243,0.006255021989,0.006172916532,0.006018582561,0.005926508295,0.006019266908,0.005860621853,0.00568520446,0.005529446999,0.005399472743,0.00526987161,0.005144591799,0.005018994865,0.004918172703,0.004834122879,0.004734656873,0.004656610364,0.004579241934,0.004502551583,0.00445031888,0.002623789219
83,0.004485547063,0.005983623131,0.006589318577,0.006464947054,0.006339928341,0.006241099946,0.00615922816,0.006005315421,0.005913661344,0.006006168583,0.005848017827,0.005673156357,0.005517887042,0.005388319975,0.005259125177,0.005134242384,0.0050090431,0.004908539924,0.004824747462,0.004725597353,0.004647795345,0.004570669871,0.004494220929,0.004442151606,0.002620298287
83.5,0.00447823626,0.00597052757,0.006574552394,0.00645053203,0.006325865194,0.00622730708,0.006145666732,0.005992171252,0.0059009329,0.005993191079,0.005835529754,0.005661218713,0.005506432733,0.005377268843,0.005248476374,0.005123986675,0.004999181111,0.004898993772,0.004815456149,0.004716618812,0.004639058896,0.004562173981,0.004485964067,0.004434056513,0.002616835565
84,0.004470987191,0.005957553302,0.006559923324,0.006436250771,0.006311932458,0.006213642073,0.006132230956,0.005979148805,0.005888321768,0.005980333173,0.005823156469,0.005649390424,0.00549508302,0.005366318338,0.005237924237,0.005113823753,0.004989408023,0.004889533404,0.004806248126,0.004707720473,0.004630400265,0.004553753541,0.004477780299,0.004426032923,0.002613400835
84.5,0.004463799318,0.005944699095,0.006545429968,0.006422101915,0.006298128808,0.006200103627,0.006118919556,0.005966246844,0.005875826763,0.005967593662,0.00581089682,0.005637670399,0.005483836866,0.005355467466,0.005227467816,0.005103752709,0.004979722972,0.004880157992,0.004797122591,0.004698901567,0.004621818711,0.004545407834,0.004469668934,0.004418080161,0.00260999388
85,0.004456672105,0.005931963733,0.006531070947,0.006408084117,0.006284452932,0.006186690458,0.006105731271,0.00595346415,0.005863446719,0.005954971354,0.005798749667,0.005626057558,0.005472693242,0.005344715244,0.00521710617,0.005093772647,0.004970125103,0.004870866715,0.00478807875,0.004690161334,0.0046133135,0.004537136153,0.004461629292,0.004410197565,0.002606614488
85.5,0.004449605027,0.005919346016,0.006516844897,0.006394196047,0.006270903536,0.006173401297,0.006092664857,0.005940799517,0.005851180483,0.005942465073,0.005786713888,0.005614550836,0.005461651135,0.0053340607,0.005206838372,0.00508388268,0.004960613571,0.004861658761,0.004779115818,0.004681499024,0.004604883907,0.004528937798,0.004453660697,0.004402384477,0.002603262444
86,0.00444259756,0.005906844758,0.006502750471,0.006380436393,0.006257479344,0.006160234893,0.006079719082,0.005928251755,0.005839026913,0.005930073658,0.005774788372,0.005603149181,0.005450709543,0.005323502875,0.005196663502,0.00507408193,0.004951187542,0.004852533329,0.004770233021,0.004672913895,0.004596529214,0.004520812077,0.004445762483,0.004394640247,0.002599937539
86.5,0.004435649188,0.005894458786,0.006488786338,0.006366803858,0.006244179091,0.006147190007,0.006066892734,0.005915819689,0.005826984886,0.005917795961,0.00576297202,0.005591851551,0.005439867476,0.005313040819,0.005186580655,0.005064369533,0.004941846188,0.004843489626,0.004761429592,0.004664405211,0.004588248713,0.004512758306,0.00443793399,0.004386964233,0.002596639562
87,0.004428759397,0.005882186943,0.006474951185,0.006353297162,0.00623100153,0.006134265418,0.00605418461,0.005903502157,0.005815053288,0.005905630849,0.00575126375,0.005580656921,0.005429123955,0.005302673595,0.005176588934,0.005054744632,0.004932588696,0.004834526869,0.004752704773,0.004655972247,0.004580041703,0.00450477581,0.004430174567,0.004379355798,0.002593368305
87.5,0.004421927681,0.005870028087,0.006461243714,0.006339915041,0.00621794543,0.006121459919,0.006041593527,0.005891298011,0.00580323102,0.0058935772,0.005739662489,0.005569564273,0.005418478013,0.005292400278,0.005166687452,0.00504520638,0.004923414259,0.004825644283,0.004744057815,0.004647614287,0.00457190749,0.004496863917,0.004422483568,0.004371814315,0.002590123563
88,0.004415153538,0.005857981085,0.006447662641,0.006326656242,0.006205009573,0.006108772316,0.006029118312,0.005879206119,0.005791516998,0.005881633908,0.00572816718,0.005558572604,0.005407928694,0.005282219951,0.005156875334,0.005035753942,0.004914322078,0.004816841103,0.004735487976,0.004639330619,0.004563845389,0.004489021968,0.004414860355,0.00436433916,0.002586905128
88.5,0.00440843647,0.005846044823,0.006434206701,0.006313519533,0.006192192756,0.006096201432,0.006016757808,0.005867225359,0.005779910146,0.005869799878,0.005716776776,0.005547680922,0.005397475054,0.005272131708,0.005147151714,0.005026386489,0.004905311366,0.00480811657,0.004726994525,0.004631120543,0.004555854721,0.004481249306,0.004407304298,0.00435692972,0.002583712799
89,0.004401775987,0.005834218196,0.00642087464,0.006300503691,0.00617949379,0.0060837461,0.006004510871,0.005855354625,0.005768409406,0.00585807403,0.005705490242,0.005536888247,0.005387116158,0.005262134656,0.005137515737,0.005017103205,0.004896381344,0.004799469937,0.004718576737,0.004622983364,0.004547934817,0.004473545286,0.004399814773,0.004349585385,0.002580546373
89.5,0.004395171599,0.005822500114,0.006407665221,0.006287607512,0.006166911501,0.006071405171,0.00599237637,0.005843592822,0.005757013729,0.005846455295,0.005694306558,0.00552619361,0.005376851085,0.005252227909,0.005127966556,0.00500790328,0.00488753124,0.004790900462,0.004710233896,0.004614918397,0.004540085012,0.004465909267,0.004392391161,0.004342305553,0.002577405648
90,0.004388622826,0.0058108895,0.006394577223,0.006274829803,0.006154444728,0.006059177507,0.00598035319,0.00583193887,0.005745722079,0.005834942617,0.005683224713,0.005515596052,0.005366678921,0.005242410593,0.005118503334,0.004998785916,0.004878760293,0.004782407414,0.004701965292,0.004606924961,0.004532304651,0.004458340615,0.004385032853,0.00433508963,0.002574290426
90.5,0.004382129187,0.005799385289,0.006381609436,0.006262169387,0.006142092324,0.006047061983,0.005968440225,0.005820391699,0.005734533433,0.005823534952,0.005672243708,0.005505094627,0.005356598764,0.005232681844,0.005109125245,0.004989750322,0.004870067748,0.004773990068,0.004693770226,0.004599002386,0.004524593085,0.004450838704,0.004377739242,0.004327937024,0.002571200509
91,0.004375690211,0.005787986428,0.006368760666,0.006249625101,0.006129853155,0.006035057489,0.005956636385,0.005808950254,0.005723446777,0.005812231269,0.005661362557,0.005494688397,0.005346609722,0.005223040806,0.005099831469,0.004980795716,0.004861452861,0.004765647709,0.004685648003,0.004591150008,0.004516949671,0.004443402913,0.004370509733,0.004320847155,0.002568135699
91.5,0.004369305428,0.005776691877,0.006356029733,0.006237195792,0.006117726101,0.006023162927,0.005944940592,0.005797613491,0.005712461112,0.005801030546,0.005650580283,0.005484376439,0.005336710915,0.005213486635,0.0050906212,0.004971921325,0.004852914894,0.004757379626,0.00467759794,0.004583367169,0.004509373775,0.00443603263,0.004363343733,0.004313819443,0.002565095803
92,0.004362974374,0.005765500607,0.006343415471,0.006224880325,0.006105710054,0.00601137721,0.005933351778,0.005786380378,0.005701575448,0.005789931777,0.005639895922,0.005474157836,0.005326901468,0.005204018493,0.005081493636,0.004963126385,0.004844453118,0.004749185121,0.004669619356,0.004575653219,0.004501864768,0.004428727247,0.004356240656,0.004306853319,0.002562080627
92.5,0.004356696589,0.005754411601,0.006330916726,0.006212677574,0.006093803918,0.005999699266,0.005921868891,0.005775249894,0.005690788808,0.005778933964,0.005629308521,0.005464031683,0.005317180521,0.005194635556,0.005072447986,0.004954410139,0.004836066812,0.004741063499,0.004661711582,0.004568007515,0.004494422028,0.004421486165,0.004349199924,0.004299948217,0.002559089978
93,0.004350471616,0.005743423854,0.006318532359,0.00620058643,0.006082006611,0.005988128034,0.005910490888,0.00576422103,0.005680100225,0.005768036121,0.005618817136,0.005453997086,0.005307547221,0.005185337005,0.005063483468,0.00494577184,0.004827755262,0.004733014075,0.004653873953,0.004560429421,0.004487044941,0.004414308788,0.004342220963,0.004293103579,0.002556123664
93.5,0.004344299005,0.005732536373,0.006306261241,0.006188605792,0.006070317064,0.005976662466,0.005899216739,0.005753292791,0.005669508743,0.005757237274,0.005608420835,0.00544405316,0.005298000725,0.005176122031,0.005054599309,0.004937210747,0.004819517763,0.00472503617,0.004646105813,0.004552918307,0.004479732896,0.004407194529,0.004335303205,0.00428631885,0.002553181498
94,0.004338178308,0.005721748174,0.00629410226,0.006176734576,0.006058734218,0.005965301524,0.005888045426,0.00574246419,0.005659013416,0.005746536459,0.005598118695,0.005434199029,0.005288540198,0.005166989836,0.005045794743,0.00492872613,0.004811353617,0.004717129114,0.004638406512,0.00454547355,0.004472485293,0.004400142806,0.00432844609,0.004279593483,0.00255026329
94.5,0.004332109082,0.005711058287,0.006282054314,0.006164971707,0.006047257026,0.005954044183,0.005876975943,0.005731734252,0.00564861331,0.005735932724,0.005587909805,0.00542443383,0.005279164815,0.005157939628,0.005037069013,0.004920317264,0.004803262132,0.004709292242,0.004630775408,0.004538094534,0.004465301535,0.004393153043,0.00432164906,0.004272926936,0.002547368853
95,0.004326090888,0.00570046575,0.006270116313,0.006153316123,0.006035884456,0.005942889429,0.005866007292,0.005721102013,0.005638307501,0.005725425126,0.005577793263,0.005414756704,0.005269873762,0.005148970625,0.005028421369,0.004911983432,0.004795242626,0.004701524897,0.004623211864,0.004530780649,0.004458181031,0.004386224671,0.004314911568,0.004266318672,0.002544498003
95.5,0.004320123291,0.005689969614,0.006258287181,0.006141766775,0.006024615483,0.005931836261,0.005855138491,0.005710566521,0.005628095075,0.005715012733,0.005567768177,0.005405166807,0.005260666231,0.005140082053,0.005019851072,0.004903723927,0.004787294423,0.004693826429,0.00461571525,0.004523531292,0.004451123199,0.004379357125,0.004308233067,0.00425976816,0.002541650555
96,0.00431420586,0.00567956894,0.006246565852,0.006130322624,0.006013449096,0.005920883686,0.005844368565,0.005700126832,0.005617975128,0.005704694624,0.005557833666,0.005395663301,0.005251541425,0.005131273147,0.005011357388,0.004895538048,0.004779416853,0.004686196196,0.004608284945,0.004516345864,0.004444127461,0.004372549846,0.004301613019,0.004253274875,0.002538826326
96.5,0.004308338168,0.005669262798,0.006234951274,0.006118982644,0.006002384296,0.005910030726,0.005833696551,0.005689782015,0.005607946765,0.005694469887,0.005547988856,0.005386245357,0.005242498552,0.005122543149,0.005002939591,0.0048874251,0.004771609255,0.004678633559,0.004600920331,0.004509223775,0.004437193244,0.004365802283,0.004295050891,0.004246838295,0.002536025134
97,0.004302519791,0.00565905027,0.006223442405,0.00610774582,0.005991420093,0.005899276409,0.005823121498,0.005679531148,0.005598009102,0.005684337621,0.005538232885,0.005376912157,0.005233536833,0.00511389131,0.004994596965,0.004879384399,0.004763870973,0.00467113789,0.004593620799,0.004502164439,0.004430319982,0.004359113888,0.004288546154,0.004240457905,0.002533246799
97.5,0.004296750312,0.005648930447,0.006212038216,0.006096611147,0.005980555508,0.005888619778,0.005812642463,0.005669373318,0.005588161265,0.005674296934,0.005528564899,0.005367662889,0.005224655495,0.005105316889,0.0049863288,0.004871415264,0.004756201359,0.004663708564,0.004586385744,0.004495167277,0.004423507116,0.004352484119,0.004282098286,0.004234133195,0.002530491143
98,0.004291029313,0.00563890243,0.006200737688,0.006085577632,0.005969789576,0.005878059885,0.005802258516,0.005659307626,0.005578402389,0.005664346944,0.005518984055,0.005358496753,0.005215853774,0.005096819152,0.004978134394,0.004863517023,0.004748599773,0.004656344966,0.00457921457,0.004488231717,0.004416754091,0.004345912441,0.00427570677,0.00422786366,0.002527757987
98.5,0.004285356383,0.005628965331,0.006189539813,0.006074644294,0.005959121338,0.005867595791,0.005791968735,0.005649333177,0.005568731617,0.005654486779,0.005509489515,0.005349412955,0.005207130912,0.005088397374,0.00497001305,0.004855689013,0.004741065579,0.004649046484,0.004572106685,0.00448135719,0.004410060357,0.004339398324,0.004269371091,0.004221648801,0.002525047155
99,0.004279731114,0.00561911827,0.006178443596,0.006063810161,0.005948549848,0.005857226569,0.005781772208,0.005639449091,0.005559148104,0.005644715576,0.005500080456,0.005340410711,0.005198486162,0.005080050837,0.004961964083,0.004847930575,0.004733598149,0.004641812514,0.004565061503,0.004474543135,0.004403425371,0.004332941241,0.004263090744,0.004215488121,0.002522358473
99.5,0.004274153102,0.005611753451,0.006170143163,0.006055699683,0.005940629879,0.005849460544,0.005774130811,0.005632047567,0.005551834982,0.005637239684,0.005492823859,0.005333394409,0.005191684546,0.005073428425,0.004955520236,0.004841658314,0.004727497951,0.004635850611,0.004559216898,0.004468834514,0.004397824412,0.004327446788,0.004257701641,0.004210171077,0.002519691765
100,0.004271346968,0.005604364091,0.006161807224,0.006047568723,0.005932704197,0.00584168567,0.005766491555,0.005624639171,0.005544791957,0.005630077319,0.005485988433,0.005326932311,0.005185546983,0.00506756147,0.004949923553,0.00483632827,0.004722434789,0.004631001292,0.004554535031,0.00446436529,0.004393517622,0.004323301831,0.004253717918,0.004206295792,0.002518401789
100.5,0.004265853377,0.00559476417,0.006150990031,0.006037006889,0.005922398268,0.005831576859,0.005756551005,0.005615003119,0.005535448042,0.005620550397,0.005476814127,0.005318154084,0.005177116835,0.005059421682,0.004942073497,0.004828761075,0.004715150923,0.004623944727,0.004547662304,0.004457717587,0.004387044272,0.004317001697,0.004247589862,0.004200284251,0.002515774248
101,0.004260405959,0.005585251082,0.006140270863,0.006026540718,0.005912185636,0.005821559537,0.005746700388,0.005605454213,0.005526188299,0.00561110929,0.005467722288,0.005309454549,0.005168762071,0.005051354517,0.004934293309,0.004821261054,0.004707931531,0.00461695047,0.004540850147,0.004451128309,0.00438062769,0.004310756683,0.004241515287,0.004194325086,0.00251316822
101.5,0.00425500432,0.005575823989,0.006129648772,0.006016169285,0.005902065401,0.005811632823,0.005736938837,0.005595991613,0.005517011922,0.005601753176,0.005458712129,0.005300832959,0.005160481977,0.005043359291,0.004926582334,0.004813827577,0.004700776013,0.004610017945,0.004534098001,0.004444596918,0.004374267356,0.004304566287,0.00423549371,0.004188417822,0.002510583535
102,0.004249648073,0.005566482065,0.006119122818,0.006005891677,0.00589203667,0.005801795842,0.005727265493,0.005586614488,0.005507918112,0.005592481242,0.005449782871,0.005292288575,0.005152275847,0.005035435327,0.004918939923,0.004806460025,0.004693683777,0.004603146581,0.004527405311,0.004438122883,0.004367962755,0.00429843001,0.004229524649,0.00418256199,0.002508020023
102.5,0.004244336832,0.005557224488,0.006108692075,0.005995706987,0.005882098564,0.00579204773,0.005717679507,0.005577322016,0.00549890608,0.005583292682,0.005440933742,0.005283820663,0.005144142983,0.005027581952,0.004911365433,0.004799157782,0.004686654233,0.004596335812,0.004520771531,0.004431705679,0.004361713378,0.004292347361,0.004223607628,0.004176757126,0.002505477518
103,0.004239070214,0.00554805045,0.006098355623,0.005985614321,0.005872250208,0.005782387632,0.005708180039,0.005568113383,0.005489975046,0.005574186702,0.005432163981,0.005275428498,0.005136082692,0.005019798505,0.004903858227,0.004791920239,0.0046796868,0.004589585078,0.004514196117,0.004425344784,0.00435551872,0.004286317851,0.004217742177,0.004171002768,0.002502955853
103.5,0.004233847841,0.005538959146,0.006088112555,0.005975612792,0.00586249074,0.005772814701,0.005698766259,0.005558987785,0.005481124236,0.005565162512,0.005423472832,0.005267111364,0.005128094292,0.005012084327,0.004896417676,0.004784746792,0.004672780903,0.004582893824,0.004507678533,0.004419039682,0.004349378283,0.004280340998,0.004211927827,0.004165298462,0.002500454863
104,0.004228669337,0.005529949785,0.006077961972,0.005965701526,0.005852819305,0.005763328101,0.005689437344,0.005549944426,0.005472352885,0.005556219333,0.005414859549,0.005258868551,0.005120177104,0.005004438769,0.004889043158,0.004777636847,0.004665935971,0.004576261502,0.004501218246,0.004412789863,0.004343291572,0.004274416324,0.004206164118,0.004159643755,0.002497974383
104.5,0.004223534331,0.00552102158,0.006067902985,0.005955879653,0.00584323506,0.005753927004,0.005680192479,0.005540982517,0.005463660238,0.005547356394,0.005406323392,0.005250699357,0.005112330458,0.004996861187,0.004881734054,0.004770589811,0.00465915144,0.004569687569,0.00449481473,0.004406594821,0.004337258097,0.004268543354,0.004200450592,0.004154038202,0.002495514252
105,0.004218442452,0.005512173755,0.006057934714,0.005946146317,0.005833737168,0.00574461059,0.005671030861,0.005532101278,0.005455045544,0.005538572931,0.00539786363,0.005242603086,0.005104553691,0.004989350944,0.004874489755,0.0047636051,0.004652426751,0.004563171486,0.004488467463,0.004400454055,0.004331277373,0.004262721619,0.004194786794,0.004148481359,0.002493074308
105.5,0.004213393336,0.005503405541,0.006048056288,0.005936500668,0.005824324801,0.005735378048,0.005661951692,0.005523299939,0.005446508063,0.005529868189,0.005389479539,0.005234579051,0.005096846145,0.00498190741,0.004867309657,0.004756682136,0.004645761351,0.004556712721,0.004482175929,0.004394367069,0.00432534892,0.004256950656,0.004189172277,0.004142972788,0.00249065439
106,0.004208386619,0.005494716178,0.006038266846,0.005926941867,0.005814997141,0.005726228576,0.005652954185,0.005514577736,0.005438047061,0.00552124142,0.005381170404,0.00522662657,0.005089207173,0.00497452996,0.00486019316,0.004749820346,0.004639154692,0.004550310746,0.004475939618,0.004388333373,0.004319472263,0.004251230004,0.004183606595,0.004137512054,0.002488254338
106.5,0.004203421943,0.005486104911,0.006028565535,0.005917469083,0.005805753378,0.00571716138,0.005644037558,0.005505933914,0.005429661813,0.005512691884,0.005372935514,0.00521874497,0.005081636129,0.004967217977,0.004853139673,0.004743019161,0.004632606233,0.004543965041,0.004469758023,0.00438235248,0.004313646931,0.004245559207,0.004178089308,0.004132098728,0.002485873996
107,0.004198498952,0.005477570996,0.006018951513,0.005908081492,0.00579659271,0.005708175673,0.005635201041,0.005497367724,0.0054213516,0.005504218849,0.005364774169,0.005210933583,0.005074132377,0.004959970849,0.004846148609,0.004736278021,0.004626115436,0.004537675086,0.004463630643,0.004376423909,0.004307872458,0.004239937815,0.00417261998,0.004126732383,0.002483513206
107.5,0.004193617291,0.005469113697,0.006009423945,0.00589877828,0.005787514345,0.005699270679,0.005626443869,0.005488878428,0.005413115711,0.005495821589,0.005356685673,0.005203191749,0.005066695286,0.004952787972,0.004839219388,0.00472959637,0.00461968177,0.004531440372,0.004457556981,0.004370547183,0.004302148381,0.00423436538,0.004167198178,0.004121412597,0.002481171813
108,0.00418877661,0.005460732283,0.005999982004,0.005889558644,0.005778517497,0.005690445628,0.005617765287,0.005480465293,0.005404953443,0.005487499388,0.005348669339,0.005195518815,0.005059324234,0.004945668744,0.004832351435,0.004722973657,0.004613304708,0.00452526039,0.004451536547,0.00436472183,0.004296474244,0.00422884146,0.004161823476,0.004116138952,0.002478849661
108.5,0.004183976564,0.005452426031,0.005990624874,0.005880421784,0.005769601389,0.005681699758,0.005609164545,0.005472127594,0.0053968641,0.005479251536,0.005340724488,0.005187914133,0.005052018601,0.004938612574,0.004825544182,0.004716409337,0.00460698373,0.004519134638,0.004445568853,0.004358947382,0.004290849594,0.004223365616,0.004156495448,0.004110911034,0.002476546597
109,0.004179216806,0.005444194229,0.005981351744,0.005871366912,0.005760765252,0.005673032316,0.005600640904,0.005463864614,0.005388846991,0.00547107733,0.005332850444,0.005180377064,0.005044777777,0.004931618874,0.004818797064,0.004709902871,0.004600718319,0.004513062621,0.004439653418,0.004353223376,0.004285273981,0.004217937415,0.004151213676,0.004105728433,0.002474262468
109.5,0.004174496996,0.005436036167,0.005972161816,0.005862393248,0.005752008326,0.005664442555,0.00559219363,0.005455675644,0.005380901434,0.005462976074,0.005325046542,0.005172906973,0.005037601156,0.004924687062,0.004812109525,0.004703453723,0.004594507964,0.004507043845,0.004433789764,0.004347549354,0.004279746962,0.004212556425,0.004145977742,0.004100590743,0.002471997125
110,0.004169816796,0.005427951146,0.005963054296,0.005853500019,0.005743329857,0.005655929738,0.005583821999,0.00544755998,0.005373026755,0.005454947079,0.005317312122,0.005165503232,0.005030488138,0.004917816563,0.004805481012,0.004697061366,0.00458835216,0.004501077823,0.004427977419,0.00434192486,0.004274268096,0.004207222222,0.004140787236,0.00409549756,0.002469750415
110.5,0.00416517587,0.005419938473,0.0059540284,0.005844686459,0.0057347291,0.005647493134,0.005575525292,0.005439516928,0.005365222285,0.005446989665,0.00530964653,0.005158165221,0.005023438132,0.004911006806,0.004798910978,0.004690725274,0.004582250406,0.004495164073,0.004422215915,0.004336349446,0.004268836948,0.004201934383,0.004135641749,0.004090448487,0.002467522191
111,0.004160573886,0.005411997462,0.005945083352,0.005835951813,0.005726205316,0.005639132018,0.005567302798,0.005431545799,0.005357487361,0.005439103157,0.00530204912,0.005150892324,0.005016450548,0.004904257228,0.004792398882,0.00468444493,0.004576202204,0.004489302116,0.004416504787,0.004330822666,0.004263453086,0.004196692489,0.004130540876,0.004085443127,0.002465312304
111.5,0.004156010513,0.005404127434,0.005936218384,0.00582729533,0.005717757777,0.005630845677,0.005559153815,0.005423645913,0.005349821329,0.005431286886,0.005294519252,0.005143683932,0.005009524805,0.004897567268,0.004785944188,0.004678219819,0.004570207064,0.004483491478,0.004410843578,0.004325344078,0.004258116082,0.004191496128,0.004125484218,0.004080481091,0.002463120607
112,0.004151485424,0.005396327717,0.005927432735,0.005818716269,0.005709385758,0.0056226334,0.005551077646,0.005415816594,0.005342223541,0.005423540192,0.005287056291,0.005136539442,0.005002660328,0.004890936376,0.004779546365,0.004672049433,0.0045642645,0.004477731692,0.004405231832,0.004319913244,0.004252825512,0.004186344889,0.004120471377,0.004075561989,0.002460946954
112.5,0.004146998296,0.005388597647,0.005918725654,0.005810213896,0.005701088545,0.005614494486,0.005543073602,0.005408057175,0.005334693354,0.005415862421,0.005279659611,0.005129458258,0.004995856547,0.004884364001,0.004773204888,0.004665933268,0.004558374029,0.004472022292,0.004399669098,0.004314529734,0.004247580957,0.004181238365,0.00411550196,0.004070685438,0.002458791201
113,0.004142548807,0.005380936564,0.005910096394,0.005801787484,0.005692865429,0.005606428242,0.005535141,0.005400366996,0.005327230134,0.005408252923,0.00527232859,0.005122439789,0.004989112897,0.004877849602,0.004766919236,0.004659870825,0.004552535173,0.004466362819,0.004394154932,0.004309193116,0.004242382001,0.004176176155,0.004110575578,0.004065851058,0.002456653203
113.5,0.004138136637,0.005373343816,0.005901544219,0.005793436315,0.00568471571,0.00559843398,0.005527279166,0.005392745402,0.00531983325,0.005400711059,0.005265062613,0.005115483449,0.004982428818,0.004871392642,0.004760688894,0.004653861611,0.004546747462,0.004460752817,0.00438868889,0.004303902966,0.004237228232,0.004171157858,0.004105691846,0.004061058471,0.002454532819
114,0.004133761472,0.005365818759,0.005893068398,0.005785159675,0.005676638692,0.00559051102,0.005519487432,0.005385191747,0.00531250208,0.005393236193,0.005257861072,0.00510858866,0.004975803758,0.004864992589,0.004754513351,0.004647905135,0.004541010425,0.004455191835,0.004383270535,0.004298658864,0.004232119243,0.004166183081,0.00410085038,0.004056307303,0.002452429906
114.5,0.004129422997,0.005358360754,0.005884668209,0.005776956861,0.00566863369,0.005582658687,0.005511765134,0.005377705388,0.005305236007,0.005385827696,0.005250723363,0.005101754847,0.004969237169,0.004858648916,0.004748392102,0.004642000914,0.004535323601,0.004449679426,0.004377899434,0.004293460393,0.004227054629,0.004161251432,0.004096050802,0.004051597185,0.002450344324
115,0.004125120902,0.005350969168,0.005876342937,0.005768827175,0.005660700024,0.005574876316,0.005504111619,0.005370285692,0.005298034422,0.005378484947,0.00524364889,0.005094981443,0.004962728508,0.004852361101,0.004742324647,0.004636148468,0.004529686528,0.004444215148,0.004372575157,0.004288307139,0.004222033991,0.004156362523,0.004091292738,0.00404692775,0.002448275934
115.5,0.004120854878,0.005343643375,0.005868091874,0.005760769926,0.005652837019,0.005567163247,0.005496526237,0.00536293203,0.005290896719,0.005371207328,0.005236637062,0.005088267885,0.004956277237,0.004846128629,0.004736310489,0.00463034732,0.004524098754,0.004438798561,0.00436729728,0.004283198694,0.004217056931,0.004151515971,0.004086575814,0.004042298634,0.002446224596
116,0.004116624619,0.005336382757,0.005859914319,0.00575278443,0.00564504401,0.005559518826,0.005489008347,0.005355643781,0.0052838223,0.005363994231,0.005229687294,0.005081613617,0.004949882825,0.004839950988,0.004730349139,0.004624597002,0.004518559827,0.004433429233,0.00436206538,0.004278134652,0.004212123057,0.004146711394,0.004081899664,0.004037709478,0.002444190174
116.5,0.004112429824,0.005329186698,0.005851809577,0.005744870011,0.005637320336,0.005551942406,0.005481557314,0.005348420329,0.005276810573,0.00535684505,0.005222799007,0.005075018088,0.004943544745,0.004833827671,0.00472444011,0.004618897046,0.0045130693,0.004428106732,0.00435687904,0.004273114613,0.004207231979,0.004141948416,0.004077263922,0.004033159925,0.00244217253
117,0.004108270191,0.005322054592,0.005843776963,0.005737025998,0.005629665346,0.005544433348,0.005474172507,0.005341261064,0.005269860951,0.005349759188,0.005215971627,0.005068480751,0.004937262475,0.004827758177,0.00471858292,0.004613246991,0.004507626734,0.004422830633,0.004351737848,0.004268138177,0.004202383312,0.004137226662,0.004072668227,0.004028649621,0.002440171529
117.5,0.004104145422,0.005314985838,0.005835815795,0.005729251729,0.005622078391,0.005536991016,0.005466853304,0.005334165384,0.005262972854,0.005342736053,0.005209204586,0.005062001066,0.004931035499,0.004821742009,0.004712777094,0.00460764638,0.004502231688,0.004417600514,0.004346641393,0.004263204952,0.004197576675,0.004132545765,0.004068112221,0.004024178216,0.002438187037
118,0.004100055221,0.00530797984,0.005827925401,0.005721546546,0.005614558832,0.005529614784,0.005459599089,0.005327132689,0.005256145705,0.005335775058,0.005202497322,0.005055578498,0.004924863304,0.004815778675,0.004707022158,0.00460209476,0.004496883731,0.004412415957,0.00434158927,0.004258314547,0.004192811688,0.004127905355,0.004063595548,0.004019745364,0.00243621892
118.5,0.004095999296,0.005301036009,0.005820105114,0.005713909799,0.005607106035,0.005522304029,0.00545240925,0.00532016239,0.005249378937,0.005328875624,0.005195849278,0.005049212516,0.004918745384,0.004809867688,0.004701317645,0.004596591682,0.004491582432,0.004407276547,0.004336581077,0.004253466576,0.004188087977,0.004123305071,0.004059117857,0.00401535072,0.002434267046
119,0.004091977356,0.005294153761,0.005812354275,0.005706340844,0.005599719373,0.005515058138,0.005445283183,0.005313253901,0.005242671985,0.005322037175,0.005189259903,0.005042902596,0.004912681238,0.004804008566,0.004695663092,0.004591136702,0.004486327367,0.004402181874,0.004331616416,0.004248660655,0.004183405171,0.004118744552,0.004054678799,0.004010993943,0.002432331283
119.5,0.004087989113,0.005287332518,0.005804672229,0.005698839045,0.005592398224,0.0055078765,0.00543822029,0.005306406641,0.00523602429,0.005315259142,0.00518272865,0.005036648217,0.004906670368,0.004798200831,0.00469005804,0.00458572938,0.004481118113,0.004397131533,0.004326694893,0.004243896405,0.004178762901,0.004114223442,0.00405027803,0.004006674697,0.0024304115
120,0.004084034281,0.005280571708,0.005797058331,0.00569140377,0.005585141973,0.005500758512,0.005431219977,0.005299620036,0.005229435301,0.005308540962,0.00517625498,0.005030448866,0.004900712283,0.004792444009,0.004684502034,0.00458036928,0.004475954254,0.00439212512,0.004321816117,0.00423917345,0.004174160802,0.004109741388,0.004045915207,0.004002392647,0.002428507568
120.5,0.004080112577,0.005273870765,0.005789511939,0.005684034394,0.00557795001,0.005493703578,0.005424281658,0.005292893519,0.00522290447,0.005301882076,0.005169838356,0.005024304032,0.004894806494,0.004786737633,0.004678994626,0.00457505597,0.004470835376,0.004387162237,0.004316979701,0.004234491418,0.004169598515,0.004105298039,0.004041589992,0.00399814746,0.002426619359
121,0.004076223719,0.005267229127,0.00578203242,0.005676730299,0.005570821734,0.005486711106,0.005417404753,0.005286226526,0.005216431254,0.005295281932,0.005163478249,0.005018213211,0.00488895252,0.004781081237,0.004673535368,0.004569789023,0.00446576107,0.004382242489,0.004312185262,0.00422984994,0.00416507568,0.004100893049,0.004037302047,0.00399393881,0.002424746744
121.5,0.004072367429,0.005260646241,0.005774619145,0.005669490873,0.005563756547,0.005479780511,0.005410588685,0.0052796185,0.005210015117,0.005288739984,0.005157174133,0.005012175902,0.004883149882,0.004775474362,0.004668123821,0.004564568016,0.00446073093,0.004377365484,0.00430743242,0.00422524865,0.004160591943,0.004096526073,0.004033051042,0.00398976637,0.002422889596
122,0.004068543431,0.005254121555,0.005767271494,0.005662315508,0.005556753857,0.005472911213,0.005403832886,0.005273068889,0.005203655528,0.005282255688,0.005150925489,0.00500619161,0.004877398108,0.004769916553,0.004662759545,0.004559392527,0.004455744554,0.004372530836,0.004302720798,0.004220687185,0.004156146952,0.004092196772,0.004028836645,0.003985629817,0.00242104779
122.5,0.004064751449,0.005247654525,0.00575998885,0.005655203605,0.00554981308,0.005466102639,0.00539713679,0.005266577147,0.005197351961,0.005275828509,0.005144731802,0.005000259846,0.004871696727,0.004764407359,0.004657442109,0.004554262143,0.004450801543,0.004367738159,0.004298050024,0.004216165188,0.004151740361,0.004087904808,0.00402465853,0.003981528833,0.002419221202
123,0.004060991214,0.005241244612,0.005752770604,0.005648154569,0.005542933635,0.005459354219,0.005390499841,0.005260142733,0.005191103893,0.005269457915,0.005138592562,0.004994380123,0.004866045276,0.004758946333,0.004652171083,0.004549176451,0.004445901505,0.004362987073,0.004293419728,0.004211682302,0.004147371823,0.004083649847,0.004020516373,0.0039774631,0.002417409706
123.5,0.004057262454,0.005234891282,0.005745616154,0.005641167811,0.005536114949,0.005452665392,0.005383921484,0.005253765111,0.00518491081,0.00526314338,0.005132507265,0.004988551961,0.004860443294,0.004753533032,0.004646946042,0.004544135044,0.004441044047,0.004358277203,0.004288829545,0.004207238176,0.004143040998,0.004079431557,0.004016409854,0.003973432304,0.002415613181
124,0.004053564903,0.005228594007,0.005738524901,0.005634242749,0.005529356453,0.005446035599,0.005377401172,0.00524744375,0.0051787722,0.005256884384,0.005126475409,0.004982774883,0.004854890327,0.00474816702,0.004641766566,0.004539137517,0.004436228784,0.004353608173,0.004284279113,0.00420283246,0.004138747546,0.00407524961,0.004012338654,0.003969436135,0.002413831503
124.5,0.004049898296,0.005222352263,0.005731496253,0.005627378805,0.005522657586,0.00543946429,0.005370938363,0.005241178126,0.005172687556,0.005250680409,0.0051204965,0.004977048418,0.004849385923,0.00474284786,0.004636632237,0.004534183471,0.004431455331,0.004348979615,0.004279768071,0.004198464808,0.004134491131,0.004071103682,0.004008302459,0.003965474285,0.002412064552
125,0.004046262369,0.005216165531,0.005724529626,0.005620575407,0.005516017789,0.005432950918,0.005364532521,0.005234967718,0.005166656378,0.005244530946,0.005114570048,0.004971372098,0.004843929636,0.004737575125,0.004631542642,0.004529272509,0.00442672331,0.004344391161,0.004275296064,0.004194134878,0.004130271423,0.004066993448,0.004004300955,0.003961546447,0.002410312208
125.5,0.004042656863,0.0052100333,0.005717624438,0.005613831991,0.00550943651,0.005426494942,0.005358183112,0.005228812011,0.00516067817,0.005238435488,0.005108695566,0.00496574546,0.004838521022,0.004732348387,0.004626497373,0.004524404238,0.004422032342,0.004339842449,0.00427086274,0.004189842331,0.00412608809,0.004062918591,0.004000333834,0.00395765232,0.00240857435
126,0.004039081517,0.005203955059,0.005710780116,0.005607147995,0.005502913204,0.005420095826,0.005351889612,0.005222710495,0.005154752439,0.005232393533,0.005102872574,0.004960168048,0.004833159643,0.004727167225,0.004621496025,0.004519578269,0.004417382057,0.00433533312,0.00426646775,0.00418558683,0.004121940808,0.004058878794,0.00399640079,0.003953791603,0.002406850861
126.5,0.004035536077,0.005197930307,0.005703996091,0.005600522864,0.00549644733,0.00541375304,0.005345651498,0.005216662665,0.0051488787,0.005226404587,0.005097100596,0.004954639405,0.004827845065,0.004722031221,0.004616538195,0.004514794218,0.004412772085,0.004330862816,0.004262110747,0.004181368042,0.004117829252,0.004054873743,0.003992501517,0.003949963999,0.002405141623
127,0.004032020287,0.005191958544,0.005697271799,0.00559395605,0.005490038351,0.005407466059,0.005339468254,0.005210668021,0.005143056469,0.005220468156,0.00509137916,0.004949159084,0.004822576858,0.004716939962,0.004611623486,0.004510051701,0.004408202059,0.004326431185,0.004257791389,0.004177185637,0.004113753102,0.004050903128,0.003988635716,0.003946169214,0.002403446519
127.5,0.004028533896,0.005186039277,0.005690606683,0.005587447007,0.005483685737,0.005401234361,0.005333339369,0.005204726068,0.00513728527,0.005214583756,0.005085707797,0.004943726638,0.004817354596,0.004711893037,0.004606751505,0.004505350342,0.004403671618,0.004322037876,0.004253509335,0.004173039287,0.00410971204,0.00404696664,0.003984803087,0.003942406955,0.002401765433
128,0.004025076653,0.005180172017,0.005684000191,0.005580995197,0.005477388963,0.005395057433,0.005327264337,0.005198836314,0.00513156463,0.005208750902,0.005080086047,0.004938341627,0.004812177858,0.004706890041,0.004601921861,0.004500689766,0.004399180403,0.004317682544,0.00424926425,0.004168928668,0.004105705752,0.004043063975,0.003981003336,0.003938676934,0.002400098251
128.5,0.004021648311,0.00517435628,0.005677451776,0.005574600087,0.005471147509,0.005388934764,0.005321242657,0.005192998275,0.00512589408,0.005202969118,0.005074513449,0.004933003614,0.004807046224,0.004701930571,0.004597134168,0.004496069601,0.004394728057,0.004313364845,0.004245055799,0.00416485346,0.004101733927,0.00403919483,0.003977236169,0.003934978863,0.002398444858
129,0.004018248622,0.005168591587,0.005670960895,0.005568261148,0.005464960858,0.005382865849,0.005315273831,0.005187211468,0.005120273157,0.005197237932,0.005068989551,0.004927712167,0.004801959282,0.004697014229,0.004592388043,0.00449148948,0.004390314229,0.004309084439,0.004240883654,0.004160813344,0.004097796255,0.004035358905,0.003973501295,0.003931312459,0.002396805141
129.5,0.004014877345,0.005162877463,0.005664527014,0.005561977857,0.005458828502,0.005376850187,0.005309357368,0.005181475419,0.0051147014,0.005191556875,0.005063513903,0.004922466856,0.004796916621,0.00469214062,0.004587683106,0.004486949039,0.004385938569,0.004304840989,0.004236747485,0.004156808004,0.004093892429,0.004031555904,0.003969798428,0.003927677439,0.002395178988
130,0.004011534236,0.005157213438,0.0056581496,0.005555749695,0.005452749934,0.005370887284,0.005303492782,0.005175789654,0.005109178357,0.005185925482,0.005058086059,0.004917267257,0.004791917835,0.004687309354,0.004583018983,0.004482447917,0.004381600731,0.004300634161,0.00423264697,0.004152837129,0.004090022148,0.004027785533,0.003966127281,0.003924073526,0.002393566287
130.5,0.004008219055,0.005151599046,0.005651828128,0.00554957615,0.005446724655,0.005364976648,0.00529767959,0.005170153708,0.005103703575,0.005180343296,0.005052705579,0.00491211295,0.004786962521,0.004682520043,0.0045783953,0.004477985756,0.004377300373,0.004296463624,0.004228581786,0.004148900408,0.00408618511,0.004024047499,0.003962487573,0.003920500442,0.002391966927
131,0.004004931565,0.005146033827,0.005645562077,0.005543456712,0.005440752168,0.005359117793,0.005291917314,0.005164567116,0.005098276609,0.00517480986,0.005047372025,0.004907003519,0.004782050282,0.004677772303,0.00457381169,0.004473562203,0.004373037156,0.00429232905,0.004224551615,0.004144997534,0.004082381018,0.004020341514,0.003958879023,0.003916957913,0.002390380799
131.5,0.00400167153,0.005140517323,0.005639350931,0.00553739088,0.005434831984,0.005353310239,0.005286205482,0.005159029422,0.005092897016,0.005169324724,0.005042084965,0.004901938551,0.004777180722,0.004673065755,0.004569267786,0.004469176906,0.004368810742,0.004288230115,0.004220556142,0.004141128205,0.004078609576,0.004016667292,0.003955301354,0.003913445668,0.002388807793
132,0.003998438716,0.005135049083,0.005633194179,0.005531378155,0.005428963615,0.005347553509,0.005280543624,0.00515354017,0.005087564359,0.005163887443,0.00503684397,0.004896917638,0.004772353451,0.004668400022,0.004564763227,0.004464829518,0.004364620799,0.004284166496,0.004216595054,0.004137292118,0.004074870492,0.004013024549,0.00395175429,0.003909963437,0.002387247802
132.5,0.00399523289,0.005129628658,0.005627091316,0.005525418042,0.005423146581,0.005341847131,0.005274931279,0.005148098913,0.005082278205,0.005158497574,0.005031648617,0.004891940375,0.00476756808,0.004663774732,0.004560297655,0.004460519695,0.004360466997,0.004280137876,0.004212668041,0.004133488976,0.004071163476,0.004009413004,0.003948237559,0.003906510955,0.002385700717
133,0.003992053823,0.005124255606,0.005621041841,0.005519510053,0.005417380406,0.005336190637,0.005269367985,0.005142705203,0.005077038124,0.005153154678,0.005026498484,0.00488700636,0.004762824227,0.004659189514,0.004555870715,0.004456247095,0.004356349008,0.004276143938,0.004208774797,0.004129718481,0.004067488241,0.004005832378,0.003944750892,0.003903087955,0.002384166433
133.5,0.003988901286,0.005118929486,0.005615045257,0.005513653705,0.005411664616,0.005330583565,0.005263853288,0.005137358602,0.00507184369,0.005147858324,0.005021393155,0.004882115198,0.004758121512,0.004654644004,0.004551482054,0.004452011381,0.004352266508,0.004272184369,0.004204915017,0.004125980343,0.004063844503,0.004002282395,0.003941294019,0.003899694177,0.002382644844
134,0.003985775054,0.005113649865,0.005609101073,0.005507848517,0.005405998745,0.005325025456,0.005258386737,0.005132058671,0.005066694484,0.005142608081,0.005016332217,0.004877266494,0.004753459557,0.004650137838,0.004547131325,0.004447812219,0.004348219177,0.004268258859,0.004201088401,0.004122274269,0.004060231979,0.003998762782,0.003937866677,0.003896329361,0.002381135845
134.5,0.003982674901,0.00510841631,0.005603208803,0.005502094014,0.00540038233,0.005319515856,0.005252967886,0.005126804979,0.005061590086,0.005137403524,0.005011315263,0.00487245986,0.004748837991,0.004645670658,0.004542818181,0.004443649275,0.004344206696,0.004264367101,0.00419729465,0.004118599972,0.00405665039,0.003995273267,0.003934468602,0.003892993249,0.002379639331
135,0.003979600605,0.005103228395,0.005597367964,0.005496389728,0.005394814911,0.005314054316,0.005247596294,0.005121597098,0.005056530085,0.005132244232,0.005006341888,0.004867694909,0.004744256443,0.004641242107,0.004538542282,0.004439522222,0.004340228749,0.004260508791,0.004193533467,0.004114957168,0.00405309946,0.003991813582,0.003931099533,0.003889685586,0.002378155199
135.5,0.003976551945,0.005098085698,0.00559157808,0.005490735191,0.005389296035,0.005308640389,0.005242271522,0.005116434603,0.005051514071,0.005127129787,0.00500141169,0.004862971259,0.004739714547,0.004636851834,0.004534303288,0.004435430734,0.004336285026,0.004256683626,0.00418980456,0.004111345573,0.004049578913,0.00398838346,0.003927759213,0.00388640612,0.002376683348
136,0.003973528703,0.0050929878,0.005585838677,0.005485129943,0.005383825252,0.005303273636,0.005236993137,0.005111317075,0.005046541638,0.005122059776,0.004996524273,0.004858288532,0.004735211942,0.00463249949,0.004530100864,0.004431374488,0.004332375216,0.004252891308,0.004186107639,0.004107764908,0.004046088479,0.003984982638,0.003924447385,0.0038831546,0.002375223674
136.5,0.003970530661,0.005087934287,0.005580149288,0.005479573527,0.005378402117,0.00529795362,0.005231760709,0.005106244096,0.005041612385,0.00511703379,0.004991679243,0.004853646352,0.004730748268,0.004628184727,0.004525934676,0.004427353166,0.004328499012,0.004249131542,0.004182442416,0.004104214895,0.004042627887,0.003981610854,0.003921163796,0.003879930778,0.002373776078
137,0.003967557604,0.005082924748,0.005574509449,0.00547406549,0.005373026188,0.005292679907,0.005226573814,0.005101215256,0.005036725915,0.005112051423,0.004986876212,0.004849044349,0.004726323169,0.004623907205,0.004521804396,0.00442336645,0.004324656112,0.004245404032,0.004178808605,0.00410069526,0.004039196871,0.003978267849,0.003917908195,0.003876734407,0.002372340458
137.5,0.003964609319,0.005077958775,0.005568918701,0.005468605384,0.005367697029,0.005287452069,0.00522143203,0.005096230146,0.005031881833,0.005107112274,0.004982114793,0.004844482153,0.004721936293,0.004619666584,0.004517709698,0.004419414027,0.004320846214,0.00424170849,0.004175205924,0.004097205729,0.004035795166,0.003974953367,0.003914680332,0.003873565245,0.002370916716
138,0.003961685593,0.005073035968,0.005563376589,0.005463192766,0.005362414206,0.005282269682,0.00521633494,0.005091288362,0.005027079749,0.005102215946,0.004977394604,0.004839959401,0.00471758729,0.004615462527,0.004513650257,0.004415495585,0.00431706902,0.004238044626,0.004171634093,0.004093746034,0.004032422509,0.003971667152,0.003911479961,0.003870423049,0.002369504753
138.5,0.003958786217,0.005068155926,0.005557882663,0.005457827196,0.005357177292,0.005277132326,0.005211282131,0.005086389504,0.005022319277,0.005097362043,0.004972715266,0.004835475731,0.004713275816,0.004611294702,0.004509625754,0.004411610818,0.004313324234,0.004234412156,0.004168092836,0.004090315907,0.004029078642,0.003968408952,0.003908306837,0.003867307579,0.002368104471
139,0.003955910983,0.005063318254,0.005552436477,0.005452508239,0.005351985861,0.005272039584,0.005206273194,0.005081533175,0.005017600034,0.005092550176,0.004968076405,0.004831030786,0.004709001527,0.004607162778,0.004505635871,0.00440775942,0.004309611564,0.004230810796,0.004164581876,0.004086915082,0.004025763307,0.003965178519,0.003905160717,0.003864218599,0.002366715773
139.5,0.003953059684,0.005058522562,0.005547037589,0.005447235464,0.005346839493,0.005266991044,0.005201307723,0.005076718982,0.005012921641,0.005087779958,0.004963477649,0.004826624211,0.004704764084,0.004603066428,0.004501680294,0.004403941089,0.004305930721,0.004227240267,0.004161100942,0.004083543297,0.004022476248,0.003961975603,0.003902041362,0.003861155873,0.002365338562
140,0.003950232116,0.005053768461,0.005541685561,0.005442008443,0.005341737771,0.005261986297,0.005196385317,0.005071946536,0.005008283723,0.005083051006,0.004958918631,0.004822255656,0.004700563152,0.004599005329,0.004497758711,0.004400155525,0.004302281415,0.00422370029,0.004157649764,0.004080200292,0.004019217212,0.003958799959,0.003898948533,0.003858119168,0.002363972744
140.5,0.003947428075,0.005049055568,0.00553637996,0.005436826755,0.005336680285,0.00525702494,0.005191505579,0.005067215453,0.005003685906,0.005078362942,0.004954398985,0.004817924772,0.004696398396,0.004594979161,0.004493870814,0.004396402432,0.004298663364,0.004220190591,0.004154228074,0.004076885809,0.00401598595,0.003955651345,0.003895881995,0.003855108253,0.002362618222
141,0.00394464736,0.005044383503,0.005531120357,0.005431689979,0.005331666623,0.005252106572,0.005186668114,0.005062525351,0.004999127824,0.005073715388,0.004949918351,0.004813631216,0.004692269487,0.004590987604,0.004490016297,0.004392681516,0.004295076285,0.004216710897,0.004150835608,0.004073599592,0.004012782213,0.00395252952,0.003892841513,0.003852122899,0.002361274903
141.5,0.003941889771,0.005039751889,0.005525906327,0.005426597701,0.005326696383,0.005247230795,0.005181872533,0.005057875851,0.00499460911,0.005069107975,0.004945476372,0.004809374646,0.004688176098,0.004587030345,0.004486194857,0.004388992486,0.004291519898,0.004213260938,0.004147472102,0.004070341388,0.004009605754,0.003949434243,0.003889826855,0.003849162879,0.002359942694
142,0.00393915511,0.005035160353,0.005520737449,0.005421549511,0.005321769164,0.005242397217,0.00517711845,0.00505326658,0.004990129404,0.005064540331,0.004941072693,0.004805154724,0.004684117905,0.004583107071,0.004482406195,0.004385335053,0.004287993926,0.004209840447,0.004144137298,0.004067110947,0.004006456331,0.00394636528,0.003886837793,0.003846227967,0.002358621502
142.5,0.003936443182,0.005030608525,0.005515613305,0.005416545001,0.005316884568,0.005237605449,0.005172405481,0.005048697166,0.004985688347,0.005060012094,0.004936706963,0.004800971115,0.004680094589,0.004579217474,0.004478650012,0.004381708931,0.004284498096,0.004206449158,0.004140830936,0.004063908019,0.004003333701,0.003943322394,0.003883874097,0.003843317942,0.002357311235
143,0.00393375379,0.005026096041,0.005510533484,0.005411583768,0.005312042203,0.005232855105,0.005167733249,0.005044167243,0.004981285585,0.0050555229,0.004932378835,0.004796823488,0.00467610583,0.004575361247,0.004474926014,0.004378113838,0.004281032135,0.004203086808,0.004137552762,0.004060732359,0.004000237625,0.003940305354,0.003880935544,0.003840432582,0.002356011801
143.5,0.003931086743,0.005021622536,0.005505497575,0.005406665414,0.005307241678,0.005228145804,0.005163101376,0.005039676446,0.004976920766,0.005051072393,0.004928087964,0.004792711514,0.004672151314,0.004571538087,0.004471233909,0.004374549492,0.004277595774,0.004199753138,0.004134302523,0.004057583721,0.003997167867,0.003937313929,0.003878021908,0.003837571669,0.002354723111
144,0.003928441849,0.005017187653,0.005500505174,0.005401789542,0.00530248261,0.005223477167,0.005158509493,0.005035224416,0.004972593543,0.005046660216,0.00492383401,0.004788634867,0.00466823073,0.004567747693,0.004467573409,0.004371015616,0.004274188746,0.004196447889,0.004131079968,0.004054461865,0.003994124189,0.003934347891,0.00387513297,0.003834734984,0.002353445074
144.5,0.003925818917,0.005012791035,0.005495555879,0.005396955761,0.005297764614,0.005218848819,0.00515395723,0.005030810795,0.004968303569,0.005042286019,0.004919616634,0.004784593226,0.004664343768,0.004563989768,0.004463944227,0.004367511934,0.004270810786,0.004193170805,0.004127884848,0.00405136655,0.003991106361,0.003931407013,0.003872268508,0.003831922314,0.002352177601
145,0.003923217759,0.005008432331,0.005490649293,0.005392163683,0.005293087314,0.00521426039,0.005149444223,0.005026435231,0.004964050505,0.005037949453,0.004915435503,0.004780586271,0.004660490122,0.004560264018,0.004460346079,0.004364038173,0.004267461634,0.004189921634,0.004124716917,0.004048297539,0.00398811415,0.003928491072,0.003869428305,0.003829133444,0.002350920604
145.5,0.00392063819,0.005004111192,0.005485785022,0.005387412924,0.005288450335,0.005209711511,0.005144970111,0.005022097372,0.004959834012,0.005033650174,0.004911290284,0.004776613685,0.00465666949,0.004556570149,0.004456778683,0.004360594064,0.004264141028,0.004186700124,0.00412157593,0.004045254596,0.003985147328,0.003925599845,0.003866612147,0.003826368164,0.002349673996
146,0.003918080023,0.004999827272,0.005480962677,0.005382703103,0.005283853304,0.00520520182,0.005140534536,0.005017796873,0.004955653754,0.00502938784,0.004907180649,0.004772675155,0.00465288157,0.004552907873,0.004453241762,0.004357179337,0.004260848712,0.004183506028,0.004118461648,0.004042237488,0.003982205669,0.003922733112,0.003863819818,0.003823626265,0.002348437688
146.5,0.003915543075,0.004995580229,0.005476181871,0.005378033844,0.005279295855,0.005200730956,0.005136137142,0.00501353339,0.0049515094,0.005025162112,0.004903106273,0.00476877037,0.004649126066,0.004549276902,0.00444973504,0.004353793728,0.004257584431,0.004180339097,0.004115373829,0.004039245985,0.003979288947,0.003919890655,0.003861051107,0.003820907538,0.002347211596
147,0.003913027164,0.004991369725,0.005471442221,0.005373404773,0.005274777624,0.005196298561,0.005131777581,0.005009306582,0.004947400621,0.005020972656,0.004899066834,0.004764899023,0.004645402682,0.004545676953,0.004446258243,0.004350436974,0.004254347933,0.004177199089,0.004112312236,0.004036279856,0.003976396941,0.003917072257,0.003858305805,0.003818211779,0.002345995632
147.5,0.003910532109,0.004987195422,0.00546674335,0.00536881552,0.00527029825,0.005191904282,0.005127455502,0.005005116113,0.004943327092,0.005016819138,0.004895062013,0.00476106081,0.004641711127,0.004542107744,0.0044428111,0.004347108813,0.004251138967,0.004174085762,0.004109276634,0.004033338875,0.003973529428,0.003914277704,0.003855583703,0.003815538783,0.002344789713
148,0.003908057731,0.004983056989,0.00546208488,0.005364265719,0.005265857375,0.005187547768,0.005123170563,0.005000961649,0.004939288489,0.005012701232,0.004891091493,0.004757255428,0.004638051111,0.004538568996,0.004439393342,0.004343808989,0.004247957285,0.004170998875,0.004106266791,0.004030422816,0.003970686191,0.003911506784,0.003852884594,0.003812888348,0.002343593754
148.5,0.003905603854,0.004978954096,0.005457466442,0.005359755008,0.005261454646,0.005183228672,0.005118922422,0.004996842859,0.004935284494,0.00500861861,0.004887154961,0.004753482578,0.004634422348,0.004535060434,0.004436004705,0.004340537245,0.004244802642,0.004167938191,0.004103282474,0.004027531458,0.003967867013,0.003908759286,0.003850208275,0.003810260274,0.002342407672
149,0.0039031703,0.004974886418,0.005452887666,0.005355283026,0.005257089712,0.005178946651,0.005114710741,0.004992759416,0.00493131479,0.00500457095,0.004883252107,0.004749741965,0.004630824553,0.004531581783,0.004432644924,0.004337293328,0.004241674794,0.004164903476,0.004100323456,0.004024664579,0.00396507168,0.003906035001,0.003847554544,0.003807654364,0.002341231383
149.5,0.003900756896,0.00497085363,0.005448348189,0.005350849419,0.005252762226,0.005174701365,0.005110535186,0.004988710996,0.004927379062,0.005000557933,0.004879382623,0.004746033293,0.004627257445,0.004528132772,0.004429313739,0.004334076986,0.004238573501,0.004161894495,0.004097389509,0.00402182196,0.003962299978,0.003903333724,0.003844923199,0.00380507042,0.002340064805
150,0.003898363467,0.004966855413,0.005443847648,0.005346453833,0.005248471845,0.005170492475,0.005106395424,0.004984697276,0.004923477002,0.004996579241,0.004875546206,0.004742356274,0.004623720747,0.004524713133,0.00442601089,0.004330887972,0.004235498523,0.004158911018,0.004094480409,0.004019003385,0.003959551696,0.003900655248,0.003842314041,0.003802508246,0.002338907856
150.5,0.003895989844,0.004962891449,0.005439385687,0.00534209592,0.005244218227,0.005166319649,0.005102291128,0.00498071794,0.0049196083,0.004992634561,0.004871742553,0.004738710619,0.004620214181,0.004521322599,0.004422736123,0.004327726038,0.004232449624,0.004155952815,0.004091595933,0.004016208638,0.003956826626,0.003897999372,0.003839726873,0.003799967652,0.002337760456
151,0.003893635854,0.004958961425,0.00543496195,0.005337775333,0.005240001036,0.005162182554,0.005098221973,0.004976772671,0.004915772653,0.004988723582,0.004867971366,0.004735096042,0.004616737474,0.004517960908,0.004419489182,0.00432459094,0.004229426568,0.00415301966,0.004088735861,0.004013437506,0.003954124561,0.003895365893,0.003837161501,0.003797448444,0.002336622524
151.5,0.003891301331,0.00495506503,0.005430576087,0.00533349173,0.005235819937,0.005158080864,0.005094187635,0.004972861157,0.004911969757,0.004984845997,0.004864232349,0.004731512261,0.004613290355,0.004514627797,0.004416269817,0.004321482436,0.004226429124,0.004150111329,0.004085899973,0.004010689779,0.003951445295,0.003892754612,0.00383461773,0.003794950433,0.002335493981
152,0.003888986105,0.004951201954,0.00542622775,0.005329244772,0.005231674598,0.005154014253,0.005090187797,0.00496898309,0.004908199315,0.0049810015,0.004860525208,0.004727958996,0.004609872556,0.004511323008,0.004413077778,0.004318400287,0.004223457062,0.004147227598,0.004083088053,0.004007965246,0.003948788625,0.003890165333,0.003832095369,0.003792473431,0.002334374747
152.5,0.003886690012,0.004947371894,0.005421916595,0.005325034122,0.005227564694,0.005149982401,0.005086222141,0.004965138162,0.004904461031,0.00497718979,0.004856849654,0.00472443597,0.004606483811,0.004508046285,0.004409912818,0.004315344256,0.004220510152,0.004144368246,0.004080299887,0.004005263702,0.00394615435,0.003887597858,0.003829594227,0.003790017252,0.002333264744
153,0.003884412887,0.004943574546,0.005417642281,0.005320859447,0.005223489897,0.005145984989,0.005082290355,0.004961326071,0.004900754609,0.004973410567,0.004853205397,0.004720942908,0.004603123856,0.004504797373,0.004406774693,0.004312314106,0.004217588169,0.004141533056,0.004077535262,0.00400258494,0.003943542269,0.003885051994,0.003827114116,0.003787581711,0.002332163894
153.5,0.003882154566,0.004939809611,0.005413404469,0.005316720419,0.005219449888,0.005142021701,0.005078392128,0.004957546516,0.004897079761,0.004969663535,0.004849592155,0.004717479537,0.004599792431,0.004501576021,0.004403663161,0.004309309604,0.00421469089,0.004138721809,0.004074793966,0.003999928758,0.003940952186,0.003882527549,0.003824654849,0.003785166626,0.00233107212
154,0.003879914889,0.004936076792,0.005409202826,0.00531261671,0.005215444347,0.005138092224,0.005074527154,0.004953799198,0.004893436197,0.004965948401,0.004846009643,0.004714045587,0.004596489276,0.00449838198,0.004400577982,0.00430633052,0.004211818091,0.004135934293,0.004072075792,0.003997294952,0.003938383903,0.003880024332,0.003822216241,0.003782771814,0.002329989346
154.5,0.003877693694,0.004932375796,0.00540503702,0.005308547996,0.005211472958,0.00513419625,0.005070695128,0.004950083823,0.004889823633,0.004962264873,0.004842457582,0.004710640793,0.004593214137,0.004495215002,0.004397518917,0.004303376625,0.004208969553,0.004133170293,0.004069380532,0.003994683325,0.003935837226,0.003877542154,0.003819798109,0.003780397096,0.002328915495
155,0.003875490823,0.004928706332,0.005400906722,0.005304513958,0.00520753541,0.005130333472,0.005066895749,0.0049464001,0.004886241786,0.004958612663,0.004838935696,0.004707264888,0.004589966757,0.004492074843,0.004394485731,0.004300447691,0.004206145059,0.004130429599,0.00406670798,0.003992093676,0.003933311964,0.003875080829,0.003817400271,0.003778042294,0.002327850493
155.5,0.003873306117,0.004925068111,0.005396811608,0.005300514277,0.005203631391,0.005126503585,0.005063128717,0.004942747737,0.004882690376,0.004954991487,0.00483544371,0.004703917612,0.004586746888,0.004488961261,0.00439147819,0.004297543495,0.004203344392,0.004127712003,0.004064057935,0.003989525812,0.003930807924,0.003872640169,0.003815022547,0.003775707232,0.002326794264
156,0.003871139421,0.004921460847,0.005392751354,0.005296548639,0.005199760597,0.00512270629,0.005059393738,0.00493912645,0.004879169126,0.004951401061,0.004831981352,0.004700598703,0.004583554278,0.004485874015,0.004388496064,0.004294663813,0.004200567338,0.004125017296,0.004061430194,0.003986979535,0.003928324919,0.003870219993,0.003812664758,0.003773391733,0.002325746734
156.5,0.00386899058,0.004917884258,0.005388725643,0.005292616734,0.005195922722,0.005118941287,0.005055690518,0.004935535953,0.004875677762,0.004947841105,0.004828548352,0.004697307905,0.004580388682,0.004482812867,0.004385539123,0.004291808425,0.004197813685,0.004122345275,0.004058824559,0.003984454655,0.00392586276,0.003867820117,0.003810326728,0.003771095626,0.00232470783
157,0.003866859439,0.004914338063,0.005384734158,0.005288718252,0.005192117466,0.005115208283,0.005052018767,0.004931975966,0.00487221601,0.004944311342,0.004825144444,0.004694044963,0.004577249855,0.004479777582,0.00438260714,0.004288977112,0.004195083223,0.004119695736,0.00405624083,0.003981950981,0.003923421261,0.003865440361,0.00380800828,0.003768818738,0.002323677479
157.5,0.003864745847,0.004910821985,0.005380776586,0.005284852887,0.005188344531,0.005111506984,0.005048378198,0.00492844621,0.004868783602,0.004940811498,0.004821769363,0.004690809624,0.004574137555,0.004476767925,0.00437969989,0.004286169659,0.004192375744,0.004117068477,0.004053678813,0.003979468322,0.00392100024,0.003863080546,0.003805709241,0.003766560899,0.002322655609
158,0.003862649652,0.004907335748,0.005376852617,0.005281020338,0.005184603621,0.005107837101,0.005044768526,0.004924946409,0.00486538027,0.004937341299,0.004818422847,0.004687601638,0.004571051542,0.004473783666,0.004376817149,0.004283385849,0.004189691043,0.004114463299,0.004051138313,0.003977006492,0.003918599513,0.003860740496,0.00380342944,0.00376432194,0.002321642148
158.5,0.003860570705,0.004903879082,0.005372961943,0.005277220303,0.005180894445,0.005104198348,0.005041189469,0.00492147629,0.004862005751,0.004933900476,0.004815104638,0.004684420757,0.004567991578,0.004470824575,0.004373958699,0.004280625471,0.004187028914,0.004111880004,0.004048619138,0.003974565304,0.0039162189,0.003858420033,0.003801168705,0.003762101694,0.002320637024
159,0.003858508857,0.004900451714,0.005369104262,0.005273452487,0.005177216711,0.005100590439,0.005037640747,0.004918035582,0.004858659781,0.004930488762,0.004811814478,0.004681266736,0.004564957428,0.004467890426,0.004371124318,0.004277888314,0.004184389155,0.004109318397,0.004046121097,0.003972144575,0.003913858221,0.003856118985,0.003798926867,0.003759899995,0.002319640167
159.5,0.00385646396,0.00489705338,0.00536527927,0.005269716595,0.005173570134,0.005097013094,0.005034122084,0.004914624016,0.004855342102,0.004927105893,0.004808552112,0.004678139331,0.004561948858,0.004464980992,0.004368313791,0.004275174169,0.004181771565,0.004106778283,0.004043644001,0.003969744122,0.003911517299,0.003853837178,0.003796703758,0.003757716679,0.002318651508
160,0.003854435869,0.004893683813,0.00536148667,0.005266012336,0.005169954428,0.005093466033,0.005030633206,0.004911241328,0.004852052456,0.004923751606,0.004805317289,0.004675038301,0.004558965637,0.004462096052,0.004365526903,0.00427248283,0.004179175946,0.00410425947,0.004041187664,0.003967363764,0.003909195959,0.003851574442,0.003794499213,0.003755551582,0.002317670976
160.5,0.003852424438,0.004890342751,0.005357726166,0.005262339421,0.005166369313,0.005089948981,0.005027173841,0.004907887253,0.004848790589,0.004920425641,0.004802109758,0.004671963408,0.004556007536,0.004459235383,0.004362763442,0.004269814091,0.004176602101,0.004101761767,0.004038751899,0.003965003322,0.003906894025,0.003849330607,0.003792313067,0.003753404544,0.002316698503
161,0.003850429525,0.004887029935,0.005353997465,0.005258697563,0.00516281451,0.005086461664,0.005023743719,0.004904561531,0.004845556248,0.004917127742,0.004798929272,0.004668914415,0.004553074328,0.004456398768,0.004360023195,0.00426716775,0.004174049834,0.004099284986,0.004036336523,0.00396266262,0.003904611326,0.003847105505,0.003790145157,0.003751275405,0.002315734021
161.5,0.003848450987,0.004883745107,0.005350300277,0.005255086481,0.005159289741,0.00508300381,0.005020342576,0.004901263903,0.004842349183,0.004913857653,0.004795775585,0.004665891088,0.004550165789,0.004453585989,0.004357305955,0.004264543606,0.004171518953,0.004096828939,0.004033941355,0.003960341479,0.00390234769,0.003844898971,0.003787995321,0.003749164006,0.002314777462
162,0.003846488682,0.004880488013,0.005346634314,0.005251505893,0.005155794734,0.005079575152,0.005016970146,0.004897994115,0.004839169147,0.004910615122,0.004792648456,0.004662893195,0.004547281695,0.004450796833,0.004354611514,0.004261941459,0.004169009265,0.004094393441,0.004031566212,0.003958039728,0.003900102948,0.003842710838,0.003785863398,0.00374707019,0.002313828757
162.5,0.003844542471,0.0048772584,0.005342999292,0.005247955521,0.005152329217,0.005076175424,0.005013626168,0.004894751912,0.004836015895,0.004907399899,0.004789547643,0.004659920505,0.004544421827,0.004448031084,0.004351939668,0.004259361111,0.004166520582,0.004091978309,0.004029210917,0.003955757191,0.003897876931,0.003840540944,0.003783749231,0.003744993801,0.002312887842
163,0.003842612216,0.004874056017,0.005339394929,0.00524443509,0.005148892922,0.005072804362,0.005010310384,0.004891537044,0.004832889183,0.004904211736,0.004786472907,0.00465697279,0.004541585965,0.004445288534,0.004349290213,0.004256802368,0.004164052714,0.00408958336,0.004026875293,0.0039534937,0.003895669473,0.003838389127,0.003781652661,0.003742934686,0.00231195465
163.5,0.003840697778,0.004870880618,0.005335820946,0.005240944328,0.005145485583,0.005069461705,0.005007022536,0.004888349262,0.00482978877,0.004901050388,0.004783424014,0.004654049826,0.004538773893,0.004442568973,0.004346662947,0.004254265035,0.004161605475,0.004087208413,0.004024559164,0.003951249083,0.003893480409,0.003836255226,0.003779573533,0.00374089269,0.002311029115
164,0.003838799021,0.004867731956,0.005332277066,0.005237482964,0.005142106935,0.005066147194,0.005003762371,0.004885188319,0.004826714419,0.004897915611,0.004780400728,0.004651151389,0.004535985396,0.004439872194,0.004344057673,0.00425174892,0.004159178682,0.004084853291,0.004022262356,0.003949023173,0.003891309575,0.003834139082,0.003777511692,0.003738867664,0.002310111172
164.5,0.00383691581,0.004864609789,0.005328763014,0.005234050731,0.005138756719,0.005062860575,0.005000529637,0.004882053972,0.004823665892,0.004894807165,0.004777402818,0.004648277256,0.004533220263,0.004437197992,0.004341474191,0.004249253834,0.00415677215,0.004082517816,0.004019984696,0.003946815803,0.00388915681,0.003832040537,0.003775466985,0.003736859457,0.002309200757
165,0.003835048011,0.004861513876,0.00532527852,0.005230647363,0.005135434676,0.005059601592,0.004997324084,0.004878945978,0.004820642957,0.004891724812,0.004774430054,0.004645427209,0.004530478281,0.004434546164,0.004338912306,0.004246779586,0.004154385698,0.004080201812,0.004017726014,0.003944626808,0.003887021952,0.003829959437,0.003773439261,0.003734867919,0.002308297806
165.5,0.003833195491,0.004858443978,0.005321823315,0.005227272599,0.005132140549,0.005056369996,0.004994145466,0.004875864099,0.004817645381,0.004888668314,0.00477148221,0.00464260103,0.004527759244,0.004431916508,0.004336371825,0.004244325992,0.004152019147,0.004077905106,0.004015486141,0.003942456025,0.003884904843,0.003827895624,0.003771428368,0.003732892904,0.002307402256
166,0.003831358118,0.004855399859,0.005318397131,0.005223926178,0.005128874085,0.005053165536,0.004990993538,0.004872808097,0.004814672934,0.004885637438,0.004768559059,0.004639798503,0.004525062943,0.004429308826,0.004333852554,0.004241892865,0.00414967232,0.004075627525,0.004013264908,0.003940303292,0.003882805325,0.003825848947,0.003769434159,0.003730934264,0.002306514042
166.5,0.003829535762,0.004852381285,0.005314999706,0.005220607843,0.005125635032,0.005049987967,0.004987868057,0.004869777738,0.00481172539,0.004882631951,0.004765660379,0.004637019416,0.004522389175,0.004426722919,0.004331354304,0.004239480022,0.004147345038,0.004073368899,0.004011062151,0.003938168448,0.003880723242,0.003823819254,0.003767456484,0.003728991857,0.002305633104
167,0.003827728293,0.004849388024,0.005311630777,0.005217317338,0.005122423142,0.005046837045,0.004984768783,0.004866772788,0.004808802522,0.004879651625,0.004762785948,0.004634263556,0.004519737736,0.004424158592,0.004328876887,0.004237087282,0.004145037129,0.004071129059,0.004008877703,0.003936051333,0.003878658438,0.003821806393,0.003765495198,0.003727065537,0.002304759379
167.5,0.003825935583,0.004846419846,0.005308290087,0.00521405441,0.005119238167,0.005043712527,0.004981695479,0.004863793017,0.004805904107,0.004876696231,0.004759935547,0.004631530715,0.004517108425,0.004421615651,0.004326420114,0.004234714465,0.004142748418,0.004068907836,0.004006711402,0.003933951791,0.003876610761,0.003819810216,0.003763550156,0.003725155163,0.002303892806
168,0.003824157504,0.004843476524,0.005304977378,0.00521081881,0.005116079864,0.005040614174,0.004978647909,0.004860838197,0.004803029925,0.004873765543,0.004757108959,0.004628820685,0.004514501043,0.004419093904,0.004323983801,0.004232361391,0.004140478735,0.004066705066,0.004004563087,0.003931869664,0.003874580058,0.003817830574,0.003761621213,0.003723260594,0.002303033325
168.5,0.003822393931,0.004840557833,0.005301692396,0.005207610289,0.005112947991,0.005037541748,0.00497562584,0.004857908101,0.004800179756,0.00487085934,0.00475430597,0.004626133261,0.004511915394,0.00441659316,0.004321567765,0.004230027885,0.004138227908,0.004064520582,0.004002432596,0.003929804799,0.003872566178,0.003815867321,0.003759708229,0.00372138169,0.002302180873
169,0.003820644737,0.004837663548,0.00529843489,0.005204428602,0.005109842308,0.005034495015,0.00497262904,0.004855002505,0.004797353383,0.004867977398,0.004751526366,0.004623468238,0.004509351281,0.004414113231,0.004319171823,0.004227713771,0.00413599577,0.004062354223,0.004000319772,0.003927757041,0.003870568973,0.003813920312,0.00375781106,0.003719518312,0.002301335393
169.5,0.0038189098,0.00483479345,0.005295204611,0.005201273505,0.005106762577,0.005031473741,0.00496965728,0.004852121188,0.004794550591,0.004865119499,0.004748769937,0.004620825415,0.004506808511,0.00441165393,0.004316795796,0.004225418876,0.004133782154,0.004060205826,0.003998224457,0.003925726239,0.003868588294,0.003811989403,0.003755929568,0.003717670324,0.002300496824
170,0.003817188995,0.004831947318,0.005292001311,0.005198144757,0.005103708563,0.005028477696,0.004966710334,0.00484926393,0.004791771167,0.004862285426,0.004746036472,0.004618204592,0.004504286893,0.004409215072,0.004314439505,0.004223143028,0.004131586895,0.004058075232,0.003996146495,0.003923712242,0.003866623994,0.003810074451,0.003754063613,0.003715837589,0.002299665108
170.5,0.003815482202,0.004829124936,0.005288824746,0.00519504212,0.005100680034,0.005025506652,0.004963787976,0.004846430512,0.0047890149,0.004859474964,0.004743325766,0.004615605572,0.004501786235,0.004406796474,0.004312102774,0.004220886057,0.004129409828,0.004055962282,0.003994085732,0.0039217149,0.003864675929,0.003808175316,0.003752213059,0.003714019973,0.002298840186
171,0.003813789299,0.004826326089,0.005285674674,0.005191965356,0.005097676758,0.005022560381,0.004960889985,0.004843620719,0.004786281581,0.004856687899,0.004740637613,0.004613028157,0.00449930635,0.004404397953,0.004309785427,0.004218647794,0.004127250791,0.004053866818,0.003992042014,0.003919734067,0.003862743955,0.003806291855,0.003750377769,0.003712217342,0.002298022001
171.5,0.003812110167,0.004823550565,0.005282550855,0.005188914231,0.005094698507,0.00501963866,0.00495801614,0.004840834337,0.004783571004,0.004853924021,0.004737971809,0.004610472154,0.004496847051,0.004402019329,0.00430748729,0.004216428071,0.004125109624,0.004051788686,0.003990015191,0.003917769594,0.003860827928,0.003804423932,0.003748557608,0.003710429564,0.002297210495
172,0.003810444686,0.004820798151,0.005279453051,0.005185888514,0.005091745054,0.005016741267,0.004955166221,0.004838071154,0.004780882962,0.00485118312,0.004735328155,0.00460793737,0.004494408154,0.004399660425,0.004305208192,0.004214226723,0.004122986167,0.00404972773,0.003988005111,0.003915821338,0.003858927707,0.003802571409,0.003746752442,0.003708656508,0.002296405611
172.5,0.003808792739,0.004818068639,0.005276381026,0.005182887975,0.005088816175,0.005013867981,0.004952340014,0.004835330961,0.004778217252,0.004848464989,0.004732706449,0.004605423614,0.004491989475,0.004397321064,0.004302947963,0.004212043586,0.004120880263,0.004047683798,0.003986011627,0.003913889153,0.003857043153,0.003800734149,0.00374496214,0.003706898044,0.002295607292
173,0.003807154209,0.004815361822,0.005273334547,0.005179912384,0.005085911648,0.005011018584,0.004949537303,0.00483261355,0.004775573674,0.004845769423,0.004730106494,0.004602930698,0.004489590833,0.00439500107,0.004300706433,0.004209878497,0.004118791754,0.004045656738,0.003984034589,0.003911972898,0.003855174126,0.003798912017,0.003743186569,0.003705154042,0.002294815483
173.5,0.00380552898,0.004812677494,0.005270313383,0.005176961518,0.005083031253,0.005008192861,0.004946757876,0.004829918715,0.004772952028,0.004843096219,0.004727528096,0.004600458434,0.004487212048,0.00439270027,0.004298483436,0.004207731296,0.004116720486,0.0040436464,0.003982073853,0.003910072431,0.003853320489,0.003797104879,0.0037414256,0.003703424376,0.002294030129
174,0.003803916938,0.004810015454,0.005267317306,0.005174035153,0.005080174771,0.005005390598,0.004944001523,0.004827246251,0.004770352117,0.004840445174,0.004724971059,0.004598006637,0.004484852942,0.004390418493,0.004296278805,0.004205601821,0.004114666305,0.004041652636,0.003980129274,0.003908187612,0.003851482105,0.003795312603,0.003739679103,0.003701708919,0.002293251174
174.5,0.003802317969,0.004807375499,0.005264346087,0.005171133066,0.005077341986,0.005002611582,0.004941268036,0.004824595958,0.004767773743,0.00483781609,0.004722435192,0.004595575122,0.004482513339,0.004388155567,0.004294092377,0.004203489917,0.004112629058,0.004039675297,0.003978200707,0.003906318302,0.00384965884,0.003793535057,0.003737946951,0.003700007545,0.002292478563
175,0.00380073196,0.00480475743,0.005261399504,0.00516825504,0.005074532685,0.004999855604,0.004938557208,0.004821967636,0.004765216715,0.004835208769,0.004719920304,0.004593163709,0.004480193065,0.004385911324,0.004291923989,0.004201395424,0.004110608596,0.004037714239,0.003976288011,0.003904464364,0.00384785056,0.003791772111,0.003736229018,0.003698320131,0.002291712243
175.5,0.003799158799,0.004802161051,0.005258477333,0.005165400855,0.005071746656,0.004997122456,0.004935868834,0.004819361084,0.004762680839,0.004832623015,0.004717426207,0.004590772216,0.004477891944,0.004383685598,0.00428977348,0.00419931819,0.004108604769,0.004035769315,0.003974391045,0.003902625661,0.003846057131,0.003790023636,0.003734525176,0.003696646553,0.00229095216
176,0.003797598375,0.004799586164,0.005255579353,0.005162570298,0.005068983688,0.004994411932,0.004933202712,0.004816776109,0.004760165925,0.004830058634,0.004714952714,0.004588400465,0.004475609808,0.004381478222,0.00428764069,0.004197258058,0.004106617429,0.004033840384,0.003972509669,0.003900802059,0.003844278423,0.003788289504,0.003732835304,0.003694986689,0.00229019826
176.5,0.00379605058,0.004797032576,0.005252705347,0.005159763156,0.005066243573,0.004991723828,0.004930558642,0.004814212514,0.004757671786,0.004827515433,0.00471249964,0.004586048279,0.004473346484,0.004379289033,0.00428552546,0.004195214878,0.004104646428,0.004031927302,0.003970643744,0.003898993423,0.003842514305,0.003786569589,0.003731159276,0.003693340419,0.002289450491
177,0.003794515302,0.004794500096,0.005249855098,0.005156979216,0.005063526106,0.004989057942,0.004927936424,0.004811670108,0.004755198233,0.004824993223,0.004710066802,0.004583715482,0.004471101806,0.004377117868,0.004283427635,0.004193188497,0.004102691622,0.004030029929,0.003968793135,0.003897199622,0.003840764648,0.003784863764,0.003729496971,0.003691707622,0.002288708801
177.5,0.003792992436,0.004791988533,0.005247028392,0.00515421827,0.005060831082,0.004986414073,0.004925335863,0.004809148699,0.004752745082,0.004822491815,0.004707654018,0.004581401901,0.004468875606,0.004374964565,0.004281347059,0.004191178767,0.004100752867,0.004028148125,0.003966957704,0.003895420523,0.003839029325,0.003783171906,0.003727848268,0.00369008818,0.002287973138
178,0.003791481873,0.004789497699,0.005244225017,0.00515148011,0.0050581583,0.004983792023,0.004922756762,0.004806648098,0.004750312151,0.004820011022,0.004705261108,0.004579107364,0.004466667719,0.004372828966,0.004279283578,0.004189185539,0.004098830019,0.004026281753,0.003965137318,0.003893655997,0.003837308208,0.003781493891,0.003726213046,0.003688481976,0.002287243449
178.5,0.003789983508,0.004787027407,0.005241444762,0.005148764532,0.005055507558,0.004981191596,0.004920198928,0.004804168119,0.004747899256,0.004817550659,0.004702887894,0.004576831701,0.004464477981,0.004370710912,0.00427723704,0.004187208666,0.004096922939,0.004024430676,0.003963331842,0.003891905915,0.003835601172,0.003779829596,0.003724591188,0.003686888892,0.002286519685
179,0.003788497235,0.004784577472,0.00523868742,0.005146071331,0.005052878658,0.004978612597,0.004917662171,0.004801708575,0.004745506219,0.004815110542,0.0047005342,0.004574574741,0.00446230623,0.004368610247,0.004275207294,0.004185248003,0.004095031484,0.004022594756,0.003961541146,0.003890170149,0.003833908092,0.003778178901,0.003722982576,0.003685308813,0.002285801795
179.5,0.00378702295,0.004782147712,0.005235952783,0.005143400307,0.005050271404,0.004976054833,0.0049151463,0.004799269283,0.004743132862,0.004812690489,0.00469819985,0.004572336318,0.004460152306,0.004366526816,0.00427319419,0.004183303405,0.004093155518,0.004020773861,0.003959765097,0.003888448571,0.003832228846,0.003776541686,0.003721387091,0.003683741625,0.002285089728
180,0.00378556055,0.004779737944,0.005233240648,0.00514075126,0.005047685602,0.004973518114,0.004912651128,0.00479685006,0.004740779007,0.004810290322,0.004695884671,0.004570116267,0.004458016049,0.004364460464,0.004271197579,0.00418137473,0.004091294901,0.004018967857,0.003958003566,0.003886741058,0.003830563311,0.003774917832,0.00371980462,0.003682187214,0.002284383435
180.5,0.003784109932,0.00477734799,0.005230550812,0.005138123992,0.005045121057,0.004971002249,0.004910176468,0.004794450727,0.004738444479,0.004807909861,0.004693588492,0.004567914422,0.004455897301,0.00436241104,0.004269217316,0.004179461835,0.004089449499,0.004017176612,0.003956256425,0.003885047483,0.003828911365,0.00377330722,0.003718235047,0.003680645468,0.002283682867
181,0.003782670995,0.004774977671,0.005227883074,0.005135518307,0.00504257758,0.004968507053,0.004907722137,0.004792071104,0.004736129107,0.004805548931,0.004691311142,0.004565730622,0.004453795906,0.004360378392,0.004267253254,0.004177564581,0.004087619175,0.004015399995,0.003954523546,0.003883367725,0.00382727289,0.003771709735,0.003716678259,0.003679116276,0.002282987974
181.5,0.003781243637,0.00477262681,0.005225237236,0.005132934012,0.005040054981,0.004966032338,0.004905287952,0.004789711015,0.004733832717,0.004803207355,0.004689052453,0.004563564704,0.004451711709,0.004358362372,0.004265305249,0.004175682829,0.004085803796,0.004013637877,0.003952804803,0.003881701661,0.003825647766,0.00377012526,0.003715134143,0.003677599526,0.002282298708
182,0.00377982776,0.004770295234,0.005222613102,0.005130370915,0.005037553071,0.004963577921,0.004902873731,0.004787370284,0.004731555141,0.004800884961,0.004686812258,0.00456141651,0.004449644558,0.004356362831,0.004263373159,0.004173816441,0.004084003231,0.004011890128,0.00395110007,0.00388004917,0.003824035875,0.003768553681,0.003713602588,0.00367609511,0.002281615021
182.5,0.003778423264,0.004767982769,0.005220010475,0.005127828824,0.005035071667,0.00496114362,0.004900479296,0.004785048738,0.004729296209,0.004798581577,0.004684590391,0.004559285881,0.004447594299,0.004354379622,0.004261456842,0.004171965281,0.004082217346,0.004010156623,0.003949409225,0.003878410133,0.003822437101,0.003766994884,0.003712083483,0.003674602919,0.002280936866
183,0.003777030051,0.004765689243,0.005217429163,0.005125307551,0.005032610583,0.004958729254,0.00489810447,0.004782746204,0.004727055755,0.004796297032,0.00468238669,0.00455717266,0.004445560782,0.0043524126,0.004259556157,0.004170129213,0.004080446012,0.004008437234,0.003947732144,0.003876784429,0.003820851327,0.003765448757,0.003710576719,0.003673122846,0.002280264195
183.5,0.003775648024,0.004763414488,0.005214868975,0.00512280691,0.005030169637,0.004956334645,0.004895749076,0.004780462512,0.004724833614,0.004794031159,0.00468020099,0.004555076692,0.004443543859,0.00435046162,0.004257670966,0.004168308103,0.004078689101,0.004006731838,0.003946068705,0.003875171943,0.00381927844,0.003763915188,0.003709082186,0.003671654784,0.002279596961
184,0.003774277087,0.004761158333,0.005212329722,0.005120326716,0.005027748649,0.004953959616,0.00489341294,0.004778197494,0.004722629621,0.00479178379,0.004678033133,0.004552997822,0.004441543382,0.004348526541,0.004255801132,0.00416650182,0.004076946484,0.004005040309,0.003944418788,0.003873572556,0.003817718325,0.003762394066,0.003707599779,0.003670198628,0.002278935118
184.5,0.003772917144,0.004758920614,0.005209811215,0.005117866785,0.005025347441,0.00495160399,0.004891095889,0.004775950981,0.004720443614,0.004789554761,0.004675882958,0.0045509359,0.004439559203,0.004346607221,0.004253946517,0.00416471023,0.004075218035,0.004003362526,0.003942782274,0.003871986154,0.003816170871,0.003760885283,0.003706129389,0.003668754273,0.00227827862
185,0.0037715681,0.004756701165,0.005207313268,0.005115426936,0.005022965833,0.004949267595,0.004888797754,0.004773722809,0.004718275434,0.004787343906,0.004673750308,0.004548890773,0.004437591178,0.00434470352,0.004252106987,0.004162933205,0.004073503629,0.004001698367,0.003941159043,0.003870412622,0.003814635965,0.003759388728,0.003704670912,0.003667321616,0.002277627422
185.5,0.003770229861,0.004754499822,0.005204835698,0.005113006988,0.005020603652,0.004946950257,0.004886518364,0.004771512813,0.00471612492,0.004785151064,0.004671635026,0.004546862292,0.004435639164,0.004342815298,0.004250282408,0.004161170614,0.004071803141,0.004000047712,0.00393954898,0.003868851847,0.003813113498,0.003757904296,0.003703224242,0.003665900553,0.002276981477
186,0.003768902335,0.004752316423,0.005202378322,0.005110606764,0.005018260724,0.004944651807,0.004884257552,0.00476932083,0.004713991915,0.004782976074,0.004669536958,0.004544850309,0.004433703017,0.004340942419,0.004248472647,0.004159422331,0.004070116448,0.003998410441,0.003937951967,0.003867303716,0.003811603359,0.003756431879,0.003701789277,0.003664490984,0.002276340741
186.5,0.003767585428,0.004750150809,0.005199940958,0.005108226087,0.005015936875,0.004942372076,0.004882015151,0.004767146699,0.004711876263,0.004780818777,0.004667455949,0.004542854677,0.004431782598,0.004339084746,0.004246677572,0.004157688228,0.004068443428,0.003996786436,0.003936367889,0.003865768117,0.00381010544,0.003754971371,0.003700365913,0.003663092807,0.00227570517
187,0.003766279051,0.004748002819,0.005197523429,0.005105864783,0.005013631936,0.004940110895,0.004879790997,0.004764990261,0.004709777809,0.004778679015,0.004665391849,0.00454087525,0.004429877765,0.004337242145,0.004244897055,0.00415596818,0.00406678396,0.00399517558,0.003934796633,0.003864244941,0.003808619633,0.003753522669,0.003698954048,0.003661705923,0.002275074719
187.5,0.003764983111,0.004745872296,0.005195125557,0.005103522678,0.005011345737,0.0049378681,0.004877584927,0.004762851358,0.004707696399,0.004776556632,0.004663344506,0.004538911885,0.004427988382,0.004335414481,0.004243130965,0.004154262063,0.004065137925,0.003993577758,0.003933238085,0.003862734078,0.003807145833,0.003752085668,0.003697553582,0.003660330232,0.002274449345
188,0.00376369752,0.004743759085,0.005192747165,0.0051011996,0.005009078111,0.004935643526,0.004875396779,0.004760729833,0.004705631882,0.004774451472,0.004661313771,0.004536964438,0.004426114309,0.004333601622,0.004241379175,0.004152569753,0.004063505204,0.003991992853,0.003931692134,0.00386123542,0.003805683933,0.003750660265,0.003696164415,0.003658965636,0.002273829004
188.5,0.003762422188,0.004741663031,0.00519038808,0.005098895379,0.005006828892,0.00493343701,0.004873226394,0.004758625531,0.004703584108,0.004772363383,0.004659299497,0.004535032769,0.004424255413,0.004331803437,0.004239641558,0.004150891128,0.004061885679,0.003990420752,0.003930158668,0.003859748859,0.003804233829,0.003749246359,0.003694786447,0.003657612039,0.002273213653
189,0.003761157027,0.00473958398,0.00518804813,0.005096609848,0.005004597916,0.004931248392,0.004871073613,0.004756538299,0.004701552926,0.004770292211,0.004657301537,0.004533116736,0.004422411557,0.004330019796,0.004237917989,0.004149226067,0.004060279233,0.003988861342,0.003928637577,0.003858274288,0.003802795418,0.003747843849,0.003693419581,0.003656269343,0.00227260325
189.5,0.003759901949,0.004737521781,0.005185727144,0.005094342839,0.00500238502,0.004929077511,0.004868938278,0.004754467983,0.00469953819,0.004768237808,0.004655319746,0.004531216202,0.004420582609,0.00432825057,0.004236208343,0.004147574451,0.004058685753,0.003987314512,0.003927128753,0.003856811603,0.003801368596,0.003746452634,0.003692063718,0.003654937454,0.002271997753
190,0.003758656868,0.004735476285,0.005183424951,0.005092094187,0.005000190043,0.004926924209,0.004866820235,0.004752414434,0.004697539753,0.004766200023,0.00465335398,0.004529331028,0.004418768436,0.004326495631,0.004234512498,0.00414593616,0.004057105122,0.00398578015,0.003925632087,0.003855360699,0.003799953261,0.003745072616,0.003690718763,0.003653616276,0.002271397119
190.5,0.003757421698,0.004733447341,0.005181141386,0.005089863729,0.004998012825,0.004924788329,0.004864719329,0.004750377501,0.00469555747,0.004764178709,0.004651404098,0.004527461078,0.004416968908,0.004324754853,0.004232830331,0.004144311078,0.004055537228,0.003984258146,0.003924147472,0.003853921472,0.003798549314,0.003743703697,0.003689384621,0.003652305716,0.002270801307
191,0.003756196353,0.004731434803,0.005178876282,0.005087651302,0.004995853207,0.004922669717,0.004862635407,0.004748357037,0.004693591198,0.004762173719,0.004649469957,0.004525606218,0.004415183895,0.004323028111,0.004231161722,0.004142699086,0.004053981959,0.003982748393,0.003922674803,0.00385249382,0.003797156654,0.003742345779,0.003688061196,0.003651005682,0.002270210276
191.5,0.003754980749,0.004729438524,0.005176629473,0.005085456745,0.004993711034,0.004920568219,0.004860568318,0.004746352896,0.004691640794,0.004760184909,0.004647551418,0.004523766314,0.004413413269,0.00432131528,0.00422950655,0.004141100071,0.004052439203,0.003981250782,0.003921213974,0.003851077641,0.003795775182,0.003740998766,0.003686748394,0.00364971608,0.002269623985
192,0.003753774803,0.00472745836,0.005174400798,0.0050832799,0.004991586149,0.004918483682,0.004858517913,0.004744364932,0.004689706117,0.004758212135,0.004645648344,0.004521941232,0.004411656901,0.004319616238,0.004227864697,0.004139513917,0.00405090885,0.003979765206,0.003919764882,0.003849672835,0.003794404799,0.003739662562,0.003685446123,0.00364843682,0.002269042394
192.5,0.003752578431,0.004725494167,0.005172190095,0.005081120609,0.004989478399,0.004916415956,0.004856484044,0.004742393,0.004687787029,0.004756255253,0.004643760596,0.004520130842,0.004409914666,0.004317930862,0.004226236046,0.004137940511,0.004049390791,0.003978291559,0.003918327423,0.003848279301,0.003793045409,0.003738337073,0.003684154291,0.003647167812,0.002268465462
193,0.00375139155,0.004723545804,0.005169997204,0.005078978716,0.004987387632,0.00491436489,0.004854466562,0.00474043696,0.00468588339,0.004754314124,0.004641888039,0.004518335014,0.004408186439,0.004316259032,0.00422462048,0.004136379741,0.004047884918,0.003976829737,0.003916901495,0.003846896942,0.003791696916,0.003737022204,0.003682872806,0.003645908966,0.00226789315
193.5,0.003750214081,0.00472161313,0.005167821967,0.005076854065,0.004985313696,0.004912330337,0.004852465322,0.004738496668,0.004683995063,0.004752388608,0.004640030538,0.004516553619,0.004406472097,0.004314600629,0.004223017884,0.004134831496,0.004046391123,0.003975379636,0.003915486997,0.003845525658,0.003790359224,0.003735717864,0.003681601577,0.003644660192,0.002267325418
194,0.003749045941,0.004719696005,0.005165664226,0.005074746505,0.004983256443,0.00491031215,0.004850480181,0.004736571987,0.004682121914,0.004750478566,0.00463818796,0.00451478653,0.004404771516,0.004312955534,0.004221428143,0.004133295665,0.0040449093,0.003973941152,0.003914083828,0.003844165352,0.003789032238,0.003734423959,0.003680340517,0.003643421404,0.002266762227
194.5,0.003747887051,0.004717794291,0.005163523827,0.005072655883,0.004981215723,0.004908310184,0.004848510995,0.004734662776,0.004680263807,0.004748583862,0.004636360173,0.004513033619,0.004403084575,0.004311323629,0.004219851144,0.004131772139,0.004043439345,0.003972514185,0.00391269189,0.00384281593,0.003787715864,0.003733140399,0.003679089534,0.003642192514,0.002266203538
195,0.003746737332,0.004715907852,0.005161400615,0.005070582048,0.00497919139,0.004906324295,0.004846557622,0.004732768899,0.004678420609,0.004746704358,0.004634547046,0.004511294761,0.004401411153,0.004309704799,0.004218286775,0.004130260809,0.004041981153,0.003971098632,0.003911311083,0.003841477294,0.003786410011,0.003731867094,0.003677848542,0.003640973436,0.002265649313
195.5,0.003745596703,0.004714036553,0.005159294437,0.005068524852,0.004977183299,0.00490435434,0.004844619923,0.00473089022,0.004676592188,0.004744839922,0.00463274845,0.004509569833,0.004399751132,0.004308098928,0.004216734925,0.004128761569,0.00404053462,0.003969694393,0.003909941311,0.003840149352,0.003785114585,0.003730603952,0.003676617453,0.003639764083,0.002265099514
196,0.003744465089,0.004712180258,0.005157205144,0.005066484147,0.004975191306,0.004902400178,0.004842697759,0.004729026603,0.004674778413,0.004742990419,0.004630964255,0.004507858712,0.004398104393,0.004306505901,0.004215195483,0.004127274313,0.004039099644,0.00396830137,0.003908582476,0.003838832008,0.003783829496,0.003729350887,0.003675396181,0.003638564373,0.002264554104
196.5,0.003743342411,0.004710338835,0.005155132584,0.005064459788,0.004973215268,0.004900461669,0.004840790991,0.004727177917,0.004672979156,0.004741155718,0.004629194336,0.004506161275,0.00439647082,0.004304925606,0.004213668341,0.004125798934,0.004037676124,0.003966919464,0.003907234482,0.003837525172,0.003782554653,0.00372810781,0.003674184641,0.003637374219,0.002264013043
197,0.003742228592,0.004708512153,0.00515307661,0.005062451628,0.004971255044,0.004898538675,0.004838899484,0.004725344027,0.004671194287,0.004739335687,0.004627438565,0.004504477403,0.004394850295,0.004303357931,0.00421215339,0.004124335329,0.00403626396,0.003965548578,0.003905897236,0.003836228749,0.003781289967,0.003726874633,0.003672982747,0.003636193539,0.002263476297
197.5,0.003741123557,0.004706700081,0.005151037075,0.005060459525,0.004969310494,0.004896631057,0.004837023102,0.004723524805,0.00466942368,0.004737530198,0.004625696818,0.004502806974,0.004393242705,0.004301802765,0.004210650523,0.004122883394,0.004034863051,0.003964188615,0.003904570642,0.003834942651,0.003780035349,0.003725651271,0.003671790415,0.003635022251,0.002262943827
198,0.003740027231,0.004704902489,0.005149013833,0.005058483337,0.004967381479,0.004894738681,0.004835161712,0.004721720119,0.004667667209,0.004735739121,0.004623968971,0.004501149872,0.004391647936,0.004300259998,0.004209159634,0.004121443028,0.004033473299,0.003962839479,0.003903254607,0.003833666786,0.003778790712,0.003724437637,0.003670607562,0.003633860273,0.002262415598
198.5,0.003738939538,0.00470311925,0.00514700674,0.005056522923,0.004965467861,0.00489286141,0.004833315181,0.004719929841,0.004665924748,0.00473396233,0.004622254901,0.004499505978,0.004390065874,0.00429872952,0.004207680618,0.004120014127,0.004032094607,0.003961501076,0.00390194904,0.003832401065,0.003777555967,0.003723233647,0.003669434106,0.003632707523,0.002261891573
199,0.003737860405,0.004701350237,0.005145015653,0.005054578143,0.004963569505,0.004890999113,0.004831483378,0.004718153844,0.004664196175,0.004732199698,0.004620554489,0.004497875177,0.004388496408,0.004297211224,0.004206213371,0.004118596593,0.004030726878,0.003960173312,0.003900653849,0.0038311454,0.00377633103,0.003722039218,0.003668269964,0.003631563922,0.002261371716
199.5,0.003736789759,0.004699595324,0.005143040432,0.00505264886,0.004961686276,0.004889151656,0.004829666173,0.004716392002,0.004662481367,0.004730451102,0.004618867612,0.004496257353,0.004386939427,0.004295705004,0.004204757789,0.004117190326,0.004029370015,0.003958856094,0.003899368943,0.003829899703,0.003775115814,0.003720854265,0.003667115056,0.00363042939,0.002260855992
200,0.003735727527,0.004697854387,0.005141080935,0.005050734936,0.00495981804,0.004887318909,0.004827863436,0.00471464419,0.004660780202,0.004728716416,0.004617194151,0.004494652392,0.004385394822,0.004294210752,0.00420331377,0.004115795226,0.004028023924,0.00395754933,0.003898094232,0.003828663886,0.003773910234,0.003719678706,0.003665969302,0.003629303848,0.002260344365
200.5,0.003734673637,0.004696127303,0.005139137024,0.005048836236,0.004957964666,0.004885500741,0.004826075041,0.004712910284,0.004659092561,0.004726995519,0.00461553399,0.004493060181,0.004383862485,0.004292728364,0.004201881214,0.004114411196,0.00402668851,0.003956252929,0.003896829627,0.003827437864,0.003772714207,0.003718512459,0.003664832621,0.003628187218,0.002259836801
201,0.003733628018,0.004694413948,0.005137208562,0.005046952625,0.004956126021,0.004883697024,0.00482430086,0.004711190162,0.004657418325,0.00472528829,0.004613887011,0.004491480609,0.004382342306,0.004291257736,0.004200460019,0.00411303814,0.004025363681,0.003954966799,0.003895575041,0.003826221552,0.00377152765,0.003717355445,0.003663704935,0.003627079423,0.002259333266
201.5,0.003732590598,0.004692714203,0.005135295412,0.005045083971,0.004954301976,0.004881907631,0.004822540769,0.004709483701,0.004655757375,0.004723594607,0.004612253097,0.004489913563,0.00438083418,0.004289798765,0.004199050086,0.00411167596,0.004024049343,0.003953690852,0.003894330386,0.003825014865,0.00377035048,0.003716207581,0.003662586166,0.003625980386,0.002258833724
202,0.003731561309,0.004691027948,0.005133397439,0.005043230142,0.004952492402,0.004880132436,0.004820794643,0.004707790783,0.004654109595,0.004721914353,0.004610632135,0.004488358935,0.004379338002,0.004288351349,0.004197651316,0.004110324563,0.004022745406,0.003952424999,0.003893095575,0.003823817718,0.003769182616,0.003715068789,0.003661476237,0.003624890031,0.002258338142
202.5,0.003730540079,0.004689355063,0.00513151451,0.005041391007,0.004950697173,0.004878371314,0.00481906236,0.004706111287,0.00465247487,0.004720247408,0.004609024011,0.004486816616,0.004377853665,0.004286915387,0.004196263613,0.004108983854,0.004021451778,0.003951169152,0.003891870523,0.00382263003,0.003768023976,0.00371393899,0.00366037507,0.003623808283,0.002257846486
203,0.003729526841,0.004687695432,0.005129646492,0.005039566437,0.004948916162,0.00487662414,0.004817343798,0.004704445096,0.004650853084,0.004718593657,0.004607428611,0.004485286496,0.004376381068,0.004285490778,0.004194886878,0.00410765374,0.00402016837,0.003949923222,0.003890655144,0.003821451718,0.003766874481,0.003712818106,0.00365928259,0.003622735066,0.002257358723
203.5,0.003728521527,0.004686048937,0.005127793255,0.005037756304,0.004947149243,0.004874890792,0.004815638836,0.004702792092,0.004649244123,0.004716952983,0.004605845825,0.004483768471,0.004374920107,0.004284077424,0.004193521018,0.004106334128,0.004018895092,0.003948687125,0.003889449355,0.0038202827,0.003765734051,0.003711706059,0.003658198722,0.003621670308,0.002256874819
204,0.003727524068,0.004684415463,0.005125954667,0.005035960481,0.004945396294,0.004873171149,0.004813947354,0.00470115216,0.004647647876,0.004715325272,0.004604275542,0.004482262433,0.00437347068,0.004282675226,0.004192165936,0.004105024927,0.004017631856,0.003947460775,0.003888253072,0.003819122896,0.003764602608,0.003710602773,0.00365712339,0.003620613935,0.002256394742
204.5,0.003726534397,0.004682794896,0.005124130601,0.005034178843,0.004943657191,0.004871465091,0.004812269235,0.004699525185,0.004646064232,0.00471371041,0.004602717652,0.004480768278,0.004372032686,0.004281284086,0.004190821538,0.004103726046,0.004016378575,0.003946244086,0.003887066212,0.003817972225,0.003763480073,0.003709508172,0.003656056522,0.003619565874,0.00225591846
205,0.003725552449,0.004681187123,0.005122320929,0.005032411264,0.004941931812,0.004869772497,0.004810604361,0.004697911053,0.004644493078,0.004712108285,0.004601172047,0.004479285903,0.004370606026,0.004279903908,0.004189487732,0.004102437395,0.004015135163,0.003945036976,0.003885888694,0.003816830609,0.003762366369,0.00370842218,0.003654998042,0.003618526054,0.002255445939
205.5,0.003724578157,0.004679592031,0.005120525524,0.005030657621,0.004940220038,0.004868093251,0.004808952615,0.004696309652,0.004642934308,0.004710518785,0.004599638619,0.004477815203,0.004369190601,0.004278534597,0.004188164424,0.004101158885,0.004013901533,0.003943839359,0.003884720437,0.003815697968,0.00376126142,0.003707344724,0.00365394788,0.003617494403,0.002254977148
206,0.003723611456,0.00467800951,0.005118744262,0.005028917793,0.004938521749,0.004866427234,0.004807313884,0.00469472087,0.004641387811,0.004708941799,0.004598117262,0.004476356078,0.004367786312,0.004277176058,0.004186851525,0.004099890427,0.0040126776,0.003942651155,0.003883561359,0.003814574225,0.003760165149,0.003706275729,0.003652905964,0.003616470851,0.002254512056
206.5,0.003722652281,0.004676439449,0.005116977019,0.005027191658,0.004936836827,0.004864774332,0.004805688052,0.004693144597,0.00463985348,0.004707377218,0.004596607871,0.004474908425,0.004366393063,0.004275828196,0.004185548942,0.004098631935,0.00401146328,0.003941472282,0.003882411382,0.003813459304,0.003759077483,0.003705215122,0.003651872221,0.003615455327,0.002254050631
207,0.003721700569,0.004674881739,0.005115223671,0.005025479096,0.004935165155,0.004863134428,0.004804075007,0.004691580722,0.00463833121,0.004705824934,0.004595110341,0.004473472146,0.004365010758,0.004274490919,0.004184256586,0.004097383322,0.00401025849,0.003940302658,0.003881270427,0.003812353127,0.003757998345,0.00370416283,0.003650846581,0.003614447763,0.002253592842
207.5,0.003720756255,0.004673336271,0.005113484098,0.005023779989,0.004933506617,0.004861507411,0.004802474637,0.004690029138,0.004636820895,0.00470428484,0.004593624568,0.00447204714,0.0043636393,0.004273164135,0.004182974369,0.004096144502,0.004009063147,0.003939142203,0.003880138415,0.003811255618,0.003756927663,0.003703118782,0.003649828974,0.00361344809,0.002253138657
208,0.003719819278,0.00467180294,0.005111758178,0.005022094218,0.004931861099,0.004859893166,0.004800886831,0.004688489738,0.00463532243,0.004702756828,0.004592150451,0.004470633311,0.004362278596,0.004271847753,0.004181702202,0.00409491539,0.004007877169,0.003937990838,0.003879015269,0.003810166704,0.003755865364,0.003702082907,0.003648819332,0.003612456239,0.002252688047
208.5,0.003718889573,0.004670281639,0.005110045793,0.005020421668,0.004930228485,0.004858291582,0.00479931148,0.004686962414,0.004633835713,0.004701240794,0.004590687886,0.004469230559,0.004360928552,0.004270541681,0.004180439998,0.004093695901,0.004006700474,0.003936848484,0.003877900913,0.003809086309,0.003754811374,0.003701055133,0.003647817584,0.003611472143,0.002252240981
209,0.00371796708,0.004668772263,0.005108346823,0.005018762222,0.004928608665,0.00485670255,0.004797748474,0.004685447062,0.004632360641,0.004699736634,0.004589236775,0.00446783879,0.004359589076,0.004269245831,0.004179187671,0.004092485953,0.004005532983,0.003935715064,0.00387679527,0.003808014359,0.003753765623,0.003700035391,0.003646823664,0.003610495736,0.002251797429
209.5,0.003717051738,0.004667274708,0.005106661153,0.005017115767,0.004927001525,0.004855125958,0.004796197707,0.004683943576,0.004630897112,0.004698244243,0.004587797016,0.004466457907,0.004358260075,0.004267960114,0.004177945134,0.004091285462,0.004004374616,0.003934590499,0.003875698264,0.003806950783,0.003752728039,0.003699023612,0.003645837504,0.00360952695,0.002251357361
210,0.003716143485,0.004665788871,0.005104988666,0.005015482189,0.004925406956,0.004853561699,0.00479465907,0.004682451854,0.004629445026,0.004696763519,0.004586368512,0.004465087816,0.004356941458,0.004266684442,0.004176712303,0.004090094347,0.004003225294,0.003933474713,0.003874609822,0.003805895508,0.003751698551,0.003698019727,0.003644859037,0.003608565722,0.002250920748
210.5,0.003715242262,0.004664314649,0.005103329247,0.005013861376,0.004923824848,0.004852009666,0.004793132459,0.004680971792,0.004628004283,0.004695294361,0.004584951165,0.004463728423,0.004355633137,0.004265418728,0.004175489095,0.004088912527,0.004002084938,0.003932367632,0.00387352987,0.003804848462,0.003750677091,0.003697023669,0.003643888196,0.003607611985,0.00225048756
211,0.003714348008,0.004662851942,0.005101682782,0.005012253217,0.004922255092,0.004850469751,0.00479161777,0.004679503291,0.004626574785,0.004693836669,0.004583544877,0.004462379635,0.00435433502,0.004264162885,0.004174275424,0.00408773992,0.004000953472,0.003931269178,0.003872458333,0.003803809574,0.003749663588,0.003696035369,0.003642924917,0.003606665675,0.002250057769
211.5,0.003713460665,0.00466140065,0.005100049158,0.005010657601,0.004920697582,0.00484894185,0.004790114897,0.004678046248,0.004625156435,0.004692390342,0.004582149552,0.004461041361,0.004353047021,0.004262916828,0.00417307121,0.004086576449,0.003999830818,0.003930179279,0.003871395141,0.003802778773,0.003748657974,0.003695054761,0.003641969134,0.003605726729,0.002249631346
212,0.003712580174,0.004659960673,0.005098428264,0.00500907442,0.00491915221,0.004847425857,0.004788623738,0.004676600564,0.004623749134,0.004690955283,0.004580765097,0.004459713509,0.00435176905,0.004261680473,0.00417187637,0.004085422033,0.0039987169,0.003929097859,0.00387034022,0.003801755991,0.003747660182,0.003694081779,0.003641020783,0.003604795083,0.002249208262
212.5,0.003711706477,0.004658531912,0.00509681999,0.005007503565,0.00491761887,0.00484592167,0.004787144193,0.004675166141,0.004622352789,0.004689531392,0.004579391415,0.004458395989,0.004350501022,0.004260453735,0.004170690824,0.004084276594,0.003997611643,0.003928024847,0.003869293499,0.003800741159,0.003746670144,0.003693116358,0.003640079799,0.003603870674,0.002248788488
213,0.003710839516,0.004657114271,0.005095224225,0.005005944929,0.00491609746,0.004844429186,0.004785676159,0.00467374288,0.004620967302,0.004688118574,0.004578028415,0.004457088712,0.004349242851,0.004259236532,0.00416951449,0.004083140055,0.003996514973,0.003926960169,0.003868254908,0.003799734207,0.003745687794,0.003692158432,0.003639146121,0.003602953441,0.002248371998
213.5,0.003709979235,0.004655707654,0.005093640861,0.005004398407,0.004914587874,0.004842948304,0.004784219537,0.004672330686,0.004619592582,0.004686716733,0.004576676003,0.004455791589,0.004347994451,0.004258028781,0.00416834729,0.00408201234,0.003995426815,0.003925903755,0.003867224377,0.003798735069,0.003744713065,0.003691207937,0.003638219685,0.003602043323,0.002247958763
214,0.003709125577,0.004654311964,0.00509206979,0.005002863894,0.004913090011,0.004841478922,0.004782774228,0.004670929462,0.004618228533,0.004685325774,0.004575334088,0.004454504532,0.004346755738,0.0042568304,0.004167189145,0.004080893372,0.003994347096,0.003924855532,0.003866201837,0.003797743677,0.003743745892,0.003690264809,0.003637300428,0.003601140257,0.002247548756
214.5,0.003708278486,0.004652927106,0.005090510907,0.005001341284,0.004911603769,0.004840020941,0.004781340135,0.004669539112,0.004616875065,0.004683945602,0.004574002579,0.004453227454,0.004345526628,0.004255641309,0.004166039977,0.004079783076,0.003993275744,0.003923815431,0.00386518722,0.003796759964,0.003742786211,0.003689328986,0.003636388291,0.003600244184,0.00224714195
215,0.003707437906,0.004651552988,0.005088964104,0.004999830476,0.004910129047,0.004838574263,0.004779917159,0.004668159544,0.004615532085,0.004682576124,0.004572681387,0.00445196027,0.004344307039,0.004254461428,0.004164899709,0.004078681377,0.003992212687,0.003922783382,0.003864180456,0.003795783865,0.003741833956,0.003688400405,0.003635483211,0.003599355044,0.002246738317
215.5,0.003706603783,0.004650189516,0.005087429279,0.004998331367,0.004908665746,0.004837138789,0.004778505205,0.004666790663,0.004614199503,0.004681217248,0.004571370421,0.004450702893,0.004343096889,0.004253290677,0.004163768263,0.004077588202,0.003991157853,0.003921759315,0.003863181479,0.003794815315,0.003740889066,0.003687479004,0.003634585129,0.003598472777,0.002246337831
216,0.003705776062,0.004648836598,0.005085906327,0.004996843855,0.004907213767,0.004835714424,0.004777104178,0.004665432378,0.004612877229,0.004679868882,0.004570069595,0.00444945524,0.004341896096,0.004252128978,0.004162645565,0.004076503477,0.003990111172,0.003920743163,0.003862190222,0.003793854249,0.003739951476,0.003686564721,0.003633693984,0.003597597326,0.002245940466
216.5,0.003704954689,0.004647494144,0.005084395145,0.004995367842,0.004905773012,0.00483430107,0.004775713983,0.004664084597,0.004611565175,0.004678530937,0.004568778821,0.004448217227,0.004340704579,0.004250976254,0.004161531539,0.00407542713,0.003989072574,0.003919734857,0.003861206618,0.003792900603,0.003739021124,0.003685657495,0.003632809718,0.003596728631,0.002245546194
217,0.00370413961,0.004646162062,0.005082895633,0.004993903227,0.004904343385,0.004832898634,0.004774334526,0.004662747229,0.004610263252,0.004677203321,0.004567498012,0.00444698877,0.00433952226,0.004249832426,0.00416042611,0.004074359089,0.00398804199,0.00391873433,0.003860230604,0.003791954313,0.003738097948,0.003684757267,0.003631932271,0.003595866636,0.00224515499
217.5,0.003703330774,0.004644840263,0.00508140769,0.004992449913,0.004902924789,0.00483150702,0.004772965716,0.004661420184,0.004608971373,0.004675885947,0.004566227083,0.004445769789,0.004338349059,0.004248697419,0.004159329206,0.004073299283,0.003987019351,0.003917741516,0.003859262112,0.003791015317,0.003737181887,0.003683863977,0.003631061586,0.003595011283,0.002244766829
218,0.003702528126,0.00464352866,0.005079931215,0.004991007801,0.004901517129,0.004830126136,0.004771607461,0.004660103374,0.004607689452,0.004674578726,0.004564965948,0.0044445602,0.004337184898,0.004247571157,0.004158240752,0.004072247641,0.003986004589,0.003916756349,0.003858301081,0.003790083552,0.003736272881,0.003682977565,0.003630197605,0.003594162516,0.002244381684
218.5,0.003701731615,0.004642227163,0.00507846611,0.004989576796,0.004900120312,0.004828755889,0.004770259669,0.00465879671,0.004606417404,0.00467328157,0.004563714524,0.004443359924,0.004336029699,0.004246453565,0.004157160677,0.004071204094,0.003984997637,0.003915778763,0.003857347444,0.003789158957,0.003735370868,0.003682097973,0.00362934027,0.003593320278,0.002243999531
219,0.003700941189,0.004640935687,0.005077012278,0.004988156802,0.004898734244,0.004827396188,0.004768922251,0.004657500106,0.004605155142,0.004671994394,0.004562472727,0.004442168882,0.004334883386,0.004245344569,0.004156088908,0.004070168571,0.003983998428,0.003914808695,0.00385640114,0.003788241471,0.003734475791,0.003681225143,0.003628489526,0.003592484514,0.002243620343
219.5,0.003700156798,0.004639654145,0.005075569621,0.004986747725,0.004897358832,0.004826046943,0.004767595117,0.004656213474,0.004603902585,0.004670717112,0.004561240475,0.004440986993,0.004333745882,0.004244244095,0.004155025376,0.004069141006,0.003983006896,0.003913846078,0.003855462106,0.003787331032,0.003733587589,0.003680359017,0.003627645317,0.003591655169,0.002243244097
220,0.00369937839,0.004638382452,0.005074138043,0.00498534947,0.004895993986,0.004824708062,0.00476627818,0.00465493673,0.004602659647,0.004669449638,0.004560017685,0.004439814179,0.004332617113,0.004243152071,0.004153970008,0.004068121329,0.003982022975,0.003912890851,0.003854530281,0.003786427582,0.003732706204,0.003679499538,0.003626807586,0.003590832188,0.002242870768
220.5,0.003698605916,0.004637120523,0.00507271745,0.004983961945,0.004894639614,0.004823379459,0.004764971352,0.004653669789,0.004601426247,0.00466819189,0.004558804278,0.004438650363,0.004331497003,0.004242068424,0.004152922737,0.004067109474,0.003981046602,0.00391194295,0.003853605601,0.00378553106,0.003731831578,0.003678646651,0.003625976279,0.003590015518,0.00224250033
221,0.003697839325,0.004635868275,0.005071307747,0.004982585057,0.004893295628,0.004822061044,0.004763674546,0.004652412566,0.004600202304,0.004666943784,0.004557600172,0.004437495469,0.004330385479,0.004240993083,0.004151883492,0.004066105373,0.00398007771,0.003911002313,0.003852688008,0.003784641408,0.003730963654,0.003677800298,0.003625151341,0.003589205106,0.002242132761
221.5,0.003697078569,0.004634625625,0.005069908842,0.004981218717,0.004891961937,0.00482075273,0.004762387677,0.004651164978,0.004598987736,0.004665705237,0.004556405289,0.004436349419,0.004329282467,0.004239925978,0.004150852206,0.004065108962,0.003979116238,0.003910068879,0.003851777441,0.003783758567,0.003730102375,0.003676960425,0.003624332718,0.003588400897,0.002241768035
222,0.003696323598,0.004633392491,0.005068520641,0.004979862834,0.004890638454,0.004819454431,0.004761110659,0.004649926943,0.004597782464,0.004664476168,0.004555219549,0.004435212138,0.004328187895,0.004238867037,0.004149828811,0.004064120174,0.003978162122,0.003909142585,0.00385087384,0.003782882481,0.003729247684,0.003676126977,0.003623520358,0.00358760284,0.00224140613
222.5,0.003695574365,0.004632168791,0.005067143053,0.004978517317,0.004889325092,0.004818166062,0.004759843409,0.00464869838,0.004596586408,0.004663256495,0.004554042874,0.004434083552,0.004327101691,0.004237816191,0.004148813239,0.004063138944,0.003977215299,0.003908223372,0.003849977146,0.00378201309,0.003728399527,0.003675299899,0.003622714207,0.003586810882,0.002241047021
223,0.00369483082,0.004630954445,0.005065775988,0.00497718208,0.004888021764,0.004816887537,0.004758585843,0.004647479207,0.004595399489,0.00466204614,0.004552875188,0.004432963587,0.004326023784,0.004236773373,0.004147805424,0.00406216521,0.003976275707,0.003907311179,0.0038490873,0.00378115034,0.003727557846,0.003674479137,0.003621914212,0.003586024972,0.002240690685
223.5,0.003694092918,0.004629749374,0.005064419356,0.004975857033,0.004886728386,0.004815618773,0.004757337878,0.004646269345,0.00459422163,0.004660845022,0.004551716414,0.00443185217,0.004324954103,0.004235738512,0.004146805301,0.004061198906,0.003975343286,0.003906405947,0.003848204245,0.003780294173,0.003726722589,0.003673664639,0.003621120321,0.00358524506,0.002240337099
224,0.00369336061,0.004628553498,0.005063073068,0.004974542091,0.004885444871,0.004814359687,0.004756099433,0.004645068713,0.004593052754,0.004659653063,0.004550566476,0.004430749227,0.004323892579,0.004234711543,0.004145812803,0.00406023997,0.003974417974,0.003905507617,0.003847327923,0.003779444534,0.0037258937,0.00367285635,0.003620332484,0.003584471094,0.00223998624
224.5,0.00369263385,0.004627366739,0.005061737036,0.004973237167,0.004884171136,0.004813110195,0.004754870427,0.004643877235,0.004591892784,0.004658470185,0.004549425299,0.004429654687,0.004322839142,0.004233692398,0.004144827867,0.00405928834,0.003973499711,0.003904616131,0.003846458278,0.003778601368,0.003725071126,0.00367205422,0.003619550649,0.003583703024,0.002239638086
225,0.003691912592,0.004626189019,0.005060411173,0.004971942177,0.004882907098,0.004811870218,0.004753650779,0.004642694831,0.004590741645,0.004657296311,0.004548292809,0.004428568478,0.004321793724,0.004232681011,0.004143850429,0.004058343954,0.003972588439,0.003903731431,0.003845595252,0.00377776462,0.003724254814,0.003671258195,0.003618774765,0.003582940801,0.002239292614
225.5,0.00369119679,0.004625020263,0.005059095392,0.004970657035,0.004881652675,0.004810639673,0.004752440411,0.004641521426,0.004589599262,0.004656131365,0.004547168932,0.004427490531,0.004320756257,0.004231677316,0.004142880425,0.004057406751,0.003971684097,0.00390285346,0.003844738791,0.003776934237,0.00372344471,0.003670468226,0.003618004782,0.003582184376,0.002238949801
226,0.003690486399,0.004623860393,0.005057789608,0.004969381658,0.004880407785,0.004809418481,0.004751239243,0.004640356941,0.004588465561,0.004654975271,0.004546053595,0.004426420775,0.004319726674,0.004230681248,0.004141917792,0.00405647667,0.003970786628,0.00390198216,0.003843888838,0.003776110164,0.003722640764,0.00366968426,0.003617240652,0.0035814337,0.002238609625
226.5,0.003689781374,0.004622709334,0.005056493736,0.004968115964,0.004879172348,0.004808206563,0.004750047197,0.004639201303,0.004587340468,0.004653827954,0.004544946727,0.004425359141,0.004318704908,0.004229692744,0.004140962469,0.004055553651,0.003969895973,0.003901117477,0.00384304534,0.003775292349,0.003721842922,0.003668906247,0.003616482324,0.003580688724,0.002238272065
227,0.00368908167,0.004621567013,0.005055207692,0.004966859871,0.004877946282,0.004807003841,0.004748864196,0.004638054436,0.00458622391,0.00465268934,0.004543848255,0.00442430556,0.004317690893,0.004228711738,0.004140014393,0.004054637634,0.003969012075,0.003900259354,0.003842208241,0.003774480738,0.003721051133,0.003668134137,0.003615729751,0.003579949401,0.002237937099
227.5,0.003688387243,0.004620433355,0.005053931394,0.004965613297,0.00487672951,0.004805810235,0.004747690164,0.004636916266,0.004585115816,0.004651559356,0.004542758108,0.004423259965,0.004316684564,0.004227738168,0.004139073503,0.004053728561,0.003968134878,0.003899407736,0.003841377489,0.003773675281,0.003720265348,0.003667367882,0.003614982883,0.003579215684,0.002237604705
228,0.003687698049,0.004619308287,0.005052664758,0.004964376162,0.004875521953,0.00480462567,0.004746525026,0.004635786719,0.004584016115,0.004650437928,0.004541676217,0.004422222289,0.004315685857,0.004226771972,0.00413813974,0.004052826374,0.003967264325,0.003898562569,0.00384055303,0.003772875925,0.003719485515,0.003666607431,0.003614241674,0.003578487526,0.002237274862
228.5,0.003687014046,0.004618191736,0.005051407704,0.004963148387,0.004874323532,0.00480345007,0.004745368705,0.004634665724,0.004582924734,0.004649324985,0.004540602512,0.004421192464,0.004314694706,0.004225813088,0.004137213044,0.004051931014,0.003966400361,0.003897723798,0.00383973481,0.00377208262,0.003718711585,0.003665852737,0.003613506075,0.003577764879,0.002236947549
229,0.00368633519,0.004617083631,0.005050160151,0.004961929892,0.004873134171,0.004802283358,0.004744221128,0.004633553207,0.004581841605,0.004648220456,0.004539536924,0.004420170424,0.00431371105,0.004224861453,0.004136293354,0.004051042425,0.003965542929,0.00389689137,0.003838922779,0.003771295314,0.003717943509,0.003665103751,0.003612776041,0.0035770477,0.002236622745
229.5,0.003685661439,0.004615983901,0.005048922018,0.0049607206,0.004871953795,0.00480112546,0.004743082222,0.004632449097,0.004580766659,0.004647124269,0.004538479386,0.004419156105,0.004312734824,0.004223917008,0.004135380613,0.00405016055,0.003964691977,0.003896065232,0.003838116884,0.003770513959,0.003717181237,0.003664360425,0.003612051524,0.00357633594,0.00223630043
230,0.00368499275,0.004614892475,0.005047693227,0.004959520433,0.004870782326,0.004799976302,0.004741951913,0.004631353325,0.004579699825,0.004646036355,0.004537429829,0.004418149442,0.004311765967,0.004222979692,0.004134474762,0.004049285332,0.003963847449,0.003895245331,0.003837317074,0.003769738503,0.003716424721,0.003663622713,0.003611332478,0.003575629557,0.002235980582
230.5,0.003684329083,0.004613809284,0.005046473699,0.004958329315,0.004869619692,0.004798835811,0.004740830129,0.004630265819,0.004578641037,0.004644956644,0.004536388186,0.00441715037,0.004310804417,0.004222049446,0.004133575744,0.004048416716,0.003963009291,0.003894431616,0.003836523298,0.003768968898,0.003715673914,0.003662890568,0.003610618859,0.003574928504,0.002235663181
231,0.003683670395,0.004612734259,0.005045263357,0.004957147169,0.004868465816,0.004797703913,0.0047397168,0.004629186512,0.004577590228,0.004643885068,0.004535354392,0.004416158827,0.004309850112,0.00422112621,0.004132683502,0.004047554647,0.003962177452,0.003893624035,0.003835735507,0.003768205095,0.003714928768,0.003662163943,0.003609910622,0.003574232738,0.002235348207
231.5,0.003683016646,0.004611667332,0.005044062123,0.004955973921,0.004867320627,0.004796580538,0.004738611853,0.004628115333,0.004576547329,0.004642821558,0.004534328381,0.004415174749,0.004308902994,0.004220209927,0.004131797979,0.00404669907,0.003961351877,0.003892822536,0.003834953649,0.003767447046,0.003714189235,0.003661442793,0.00360920772,0.003573542215,0.002235035641
232,0.003682367796,0.004610608434,0.005042869922,0.004954809497,0.004866184052,0.004795465614,0.00473751522,0.004627052216,0.004575512277,0.004641766048,0.004533310088,0.004414198074,0.004307963001,0.004219300537,0.004130919119,0.004045849932,0.003960532516,0.00389202707,0.003834177677,0.003766694703,0.00371345527,0.003660727072,0.003608510111,0.003572856891,0.002234725462
232.5,0.003681723803,0.004609557499,0.005041686679,0.004953653822,0.004865056018,0.00479435907,0.00473642683,0.004625997092,0.004574485004,0.004640718471,0.004532299448,0.00441322874,0.004307030074,0.004218397985,0.004130046867,0.004045007179,0.003959719316,0.003891237586,0.003833407541,0.00376594802,0.003712726825,0.003660016736,0.00360781775,0.003572176723,0.002234417652
233,0.003681084629,0.00460851446,0.005040512317,0.004952506824,0.004863936456,0.004793260836,0.004735346616,0.004624949896,0.004573465446,0.004639678761,0.004531296399,0.004412266687,0.004306104155,0.004217502212,0.004129181169,0.004044170758,0.003958912227,0.003890454035,0.003832643193,0.003765206948,0.003712003857,0.003659311739,0.003607130595,0.003571501669,0.002234112189
233.5,0.003680450233,0.004607479252,0.005039346764,0.004951368431,0.004862825293,0.004792170844,0.004734274508,0.004623910561,0.00457245354,0.004638646851,0.004530300877,0.004411311854,0.004305185186,0.004216613164,0.004128321969,0.004043340616,0.003958111198,0.003889676367,0.003831884585,0.003764471442,0.003711286318,0.003658612038,0.003606448601,0.003570831686,0.002233809056
234,0.003679820578,0.00460645181,0.005038189947,0.004950238571,0.00486172246,0.004791089025,0.00473321044,0.004622879022,0.004571449222,0.004637622679,0.004529312819,0.004410364181,0.004304273108,0.004215730783,0.004127469214,0.004042516702,0.003957316178,0.003888904534,0.00383113167,0.003763741456,0.003710574165,0.003657917589,0.003605771727,0.003570166734,0.002233508233
234.5,0.003679195624,0.004605432069,0.005037041793,0.004949117173,0.004860627889,0.004790015311,0.004732154345,0.004621855215,0.004570452428,0.004636606178,0.004528332164,0.004409423608,0.004303367866,0.004214855016,0.00412662285,0.004041698964,0.003956527118,0.003888138489,0.0038303844,0.003763016944,0.003709867353,0.003657228348,0.003605099931,0.00356950677,0.002233209702
235,0.003678575333,0.004604419965,0.00503590223,0.004948004168,0.004859541511,0.004788949635,0.004731106158,0.004620839075,0.004569463097,0.004635597287,0.00452735885,0.004408490078,0.004302469402,0.004213985807,0.004125782826,0.004040887352,0.00395574397,0.003887378182,0.003829642729,0.003762297861,0.003709165838,0.003656544274,0.00360443317,0.003568851753,0.002232913443
235.5,0.003677959667,0.004603415436,0.005034771186,0.004946899485,0.004858463258,0.004787891931,0.004730065812,0.004619830539,0.004568481167,0.004634595942,0.004526392818,0.004407563532,0.00430157766,0.004213123103,0.004124949089,0.004040081814,0.003954966684,0.003886623568,0.003828906612,0.003761584163,0.003708469576,0.003655865323,0.003603771403,0.003568201643,0.002232619438
236,0.003677348588,0.004602418418,0.005033648593,0.004945803057,0.004857393063,0.004786842132,0.004729033242,0.004618829545,0.004567506576,0.004633602081,0.004525434006,0.004406643913,0.004300692586,0.004212266849,0.004124121586,0.004039282301,0.003954195212,0.003885874598,0.003828176002,0.003760875806,0.003707778525,0.003655191453,0.00360311459,0.003567556399,0.00223232767
236.5,0.00367674206,0.004601428851,0.00503253438,0.004944714814,0.004856330859,0.004785800174,0.004728008386,0.004617836029,0.004566539265,0.004632615642,0.004524482356,0.004405731163,0.004299814124,0.004211416994,0.004123300268,0.004038488763,0.003953429507,0.003885131228,0.003827450855,0.003760172745,0.003707092642,0.003654522624,0.00360246269,0.003566915983,0.002232038119
237,0.003676140045,0.004600446672,0.005031428478,0.004943634691,0.004855276582,0.004784765992,0.004726991179,0.004616849931,0.004565579174,0.004631636565,0.004523537808,0.004404825227,0.004298942221,0.004210573484,0.004122485082,0.004037701152,0.003952669521,0.003884393411,0.003826731125,0.003759474937,0.003706411885,0.003653858793,0.003601815663,0.003566280353,0.002231750767
237.5,0.003675542508,0.004599471821,0.00503033082,0.00494256262,0.004854230165,0.004783739522,0.004725981559,0.00461587119,0.004564626244,0.004630664789,0.004522600305,0.004403926048,0.004298076822,0.004209736267,0.00412167598,0.004036919419,0.003951915208,0.003883661101,0.003826016769,0.00375878234,0.003705736211,0.003653199921,0.003601173469,0.003565649473,0.002231465598
238,0.003674949411,0.004598504239,0.005029241336,0.004941498534,0.004853191545,0.004782720702,0.004724979463,0.004614899745,0.004563680415,0.004629700254,0.004521669789,0.004403033571,0.004297217874,0.004208905292,0.004120872911,0.004036143515,0.003951166521,0.003882934255,0.003825307743,0.003758094912,0.00370506558,0.003652545966,0.003600536069,0.003565023302,0.002231182593
238.5,0.003674360719,0.004597543864,0.005028159961,0.00494044237,0.004852160657,0.004781709468,0.00472398483,0.004613935537,0.00456274163,0.004628742901,0.004520746203,0.004402147741,0.004296365325,0.004208080509,0.004120075826,0.004035373395,0.003950423415,0.003882212827,0.003824604003,0.003757412609,0.00370439995,0.003651896889,0.003599903424,0.003564401803,0.002230901735
239,0.003673776397,0.004596590639,0.005027086629,0.004939394062,0.004851137439,0.004780705758,0.004722997599,0.004612978507,0.004561809831,0.004627792671,0.00451982949,0.004401268505,0.004295519122,0.004207261866,0.004119284677,0.00403460901,0.003949685844,0.003881496773,0.003823905506,0.00375673539,0.003703739281,0.00365125265,0.003599275495,0.003563784937,0.002230623006
239.5,0.00367319641,0.004595644506,0.005026021273,0.004938353546,0.004850121828,0.004779709512,0.004722017709,0.004612028596,0.004560884962,0.004626849507,0.004518919594,0.004400395808,0.004294679214,0.004206449315,0.004118499414,0.004033850313,0.003948953763,0.003880786051,0.003823212211,0.003756063215,0.003703083533,0.00365061321,0.003598652244,0.003563172668,0.00223034639
240,0.003672620723,0.004594705406,0.005024963829,0.004937320758,0.004849113761,0.004778720668,0.004721045102,0.004611085746,0.004559966966,0.004625913351,0.00451801646,0.004399529598,0.004293845551,0.004205642804,0.004117719992,0.00403309726,0.003948227128,0.003880080615,0.003822524074,0.003755396043,0.003702432666,0.00364997853,0.003598033634,0.003562564958,0.002230071869
240.5,0.003672049301,0.004593773283,0.005023914233,0.004936295637,0.004848113179,0.004777739167,0.004720079717,0.0046101499,0.004559055788,0.004624984146,0.004517120033,0.004398669821,0.00429301808,0.004204842287,0.004116946362,0.004032349804,0.003947505894,0.003879380425,0.003821841055,0.003754733832,0.00370178664,0.003649348572,0.003597419626,0.00356196177,0.002229799427
241,0.003671482111,0.004592848081,0.00502287242,0.00493527812,0.004847120021,0.004776764948,0.004719121497,0.004609221001,0.004558151372,0.004624061837,0.004516230259,0.004397816427,0.004292196753,0.004204047713,0.004116178477,0.0040316079,0.003946790019,0.003878685438,0.003821163111,0.003754076544,0.003701145417,0.003648723298,0.003596810185,0.003561363068,0.002229529047
241.5,0.003670919119,0.004591929742,0.00502183833,0.004934268145,0.004846134225,0.004775797955,0.004718170384,0.004608298994,0.004557253663,0.004623146367,0.004515347085,0.004396969364,0.00429138152,0.004203259036,0.004115416291,0.004030871503,0.003946079459,0.003877995611,0.003820490203,0.003753424138,0.003700508958,0.00364810267,0.003596205273,0.003560768816,0.002229260713
242,0.003670360292,0.004591018213,0.005020811898,0.004933265652,0.004845155734,0.004774838127,0.004717226319,0.004607383822,0.004556362609,0.004622237681,0.004514470457,0.00439612858,0.004290572332,0.004202476208,0.004114659759,0.00403014057,0.003945374172,0.003877310904,0.003819822289,0.003752776576,0.003699877225,0.003647486651,0.003595604854,0.003560178979,0.002228994408
242.5,0.003669805595,0.004590113437,0.005019793064,0.004932270581,0.004844184488,0.004773885407,0.004716289248,0.004606475431,0.004555478155,0.004621335725,0.004513600322,0.004395294026,0.00428976914,0.004201699182,0.004113908836,0.004029415056,0.003944674115,0.003876631276,0.003819159331,0.003752133818,0.00369925018,0.003646875205,0.003595008892,0.003559593521,0.002228730116
243,0.003669254998,0.004589215362,0.005018781767,0.004931282872,0.00484322043,0.00477293974,0.004715359113,0.004605573767,0.004554600248,0.004620440445,0.004512736629,0.004394465651,0.004288971897,0.004200927912,0.004113163476,0.004028694918,0.003943979247,0.003875956686,0.003818501288,0.003751495827,0.003698627785,0.003646268294,0.003594417352,0.003559012408,0.002228467822
243.5,0.003668708467,0.004588323934,0.005017777945,0.004930302466,0.004842263501,0.004772001067,0.004714435859,0.004604678775,0.004553728837,0.004619551788,0.004511879327,0.004393643406,0.004288180555,0.004200162352,0.004112423635,0.004027980114,0.003943289525,0.003875287093,0.003817848121,0.003750862565,0.003698010005,0.003645665883,0.003593830199,0.003558435604,0.002228207509
244,0.003668165971,0.004587439099,0.005016781541,0.004929329305,0.004841313645,0.004771069333,0.004713519432,0.004603790403,0.004552863869,0.004618669701,0.004511028364,0.004392827243,0.004287395067,0.004199402456,0.004111689269,0.0040272706,0.003942604911,0.003874622459,0.003817199791,0.003750233993,0.003697396801,0.003645067936,0.003593247397,0.003557863076,0.002227949162
244.5,0.003667627478,0.004586560806,0.005015792495,0.004928363332,0.004840370807,0.004770144484,0.004712609776,0.004602908598,0.004552005294,0.004617794132,0.00451018369,0.004392017112,0.004286615386,0.004198648179,0.004110960335,0.004026566336,0.003941925362,0.003873962744,0.003816556261,0.003749610076,0.003696788139,0.003644474418,0.003592668913,0.00355729479,0.002227692766
245,0.003667092956,0.004585689001,0.005014810748,0.00492740449,0.004839434929,0.004769226465,0.004711706839,0.004602033307,0.00455115306,0.004616925029,0.004509345255,0.004391212967,0.004285841467,0.004197899478,0.00411023679,0.004025867279,0.003941250839,0.003873307909,0.003815917492,0.003748990775,0.003696183981,0.003643885293,0.003592094713,0.003556730712,0.002227438304
245.5,0.003666562375,0.004584823635,0.005013836243,0.004926452722,0.004838505958,0.004768315221,0.004710810568,0.00460116448,0.004550307119,0.004616062341,0.00450851301,0.004390414761,0.004285073264,0.004197156307,0.004109518591,0.004025173389,0.003940581302,0.003872657915,0.003815283447,0.003748376056,0.003695584293,0.003643300529,0.003591524762,0.00355617081,0.002227185763
246,0.003666035704,0.004583964657,0.005012868923,0.004925507972,0.004837583838,0.0047674107,0.00470992091,0.004600302066,0.004549467419,0.004615206019,0.004507686907,0.004389622446,0.004284310733,0.004196418625,0.004108805697,0.004024484625,0.003939916713,0.003872012726,0.003814654089,0.003747765882,0.003694989041,0.003642720089,0.003590959027,0.003555615051,0.002226935127
246.5,0.003665512912,0.004583112016,0.005011908731,0.004924570186,0.004836668517,0.004766512849,0.004709037812,0.004599446013,0.004548633913,0.004614356011,0.004506866897,0.004388835976,0.004283553829,0.004195686387,0.004108098066,0.004023800947,0.003939257032,0.003871372303,0.003814029382,0.003747160217,0.003694398188,0.003642143941,0.003590397477,0.003555063402,0.002226686381
247,0.00366499397,0.004582265663,0.005010955612,0.00492363931,0.004835759941,0.004765621615,0.004708161225,0.004598596274,0.004547806551,0.004613512268,0.004506052933,0.004388055307,0.004282802508,0.004194959552,0.004107395657,0.004023122315,0.003938602222,0.003870736609,0.003813409288,0.003746559027,0.003693811701,0.003641572051,0.003589840077,0.003554515832,0.002226439511
247.5,0.003664478849,0.004581425549,0.005010009512,0.004922715288,0.004834858058,0.004764736948,0.004707291097,0.004597752798,0.004546985288,0.004612674743,0.004505244968,0.004387280392,0.004282056727,0.004194238077,0.004106698429,0.004022448691,0.003937952245,0.003870105608,0.003812793773,0.003745962277,0.003693229546,0.003641004386,0.003589286797,0.003553972308,0.002226194502
248,0.003663967518,0.004580591626,0.005009070375,0.00492179807,0.004833962816,0.004763858796,0.004706427378,0.004596915537,0.004546170074,0.004611843387,0.004504442956,0.004386511188,0.004281316443,0.004193521922,0.004106006343,0.004021780035,0.003937307063,0.003869479263,0.003812182801,0.003745369932,0.003692651691,0.003640440914,0.003588737603,0.003553432801,0.00222595134
248.5,0.003663459948,0.004579763846,0.005008138148,0.004920887602,0.004833074164,0.00476298711,0.00470557002,0.004596084444,0.004545360864,0.004611018152,0.004503646851,0.00438574765,0.004280581615,0.004192811045,0.00410531936,0.00402111631,0.003936666639,0.003868857539,0.003811576338,0.003744781959,0.0036920781,0.003639881603,0.003588192466,0.003552897279,0.002225710011
249,0.003662956112,0.004578942536,0.005007213199,0.004919984242,0.00483219245,0.004762122231,0.004704719357,0.004595259845,0.004544557953,0.004610199336,0.004502856929,0.004384990033,0.004279852474,0.004192105663,0.004104637678,0.004020457699,0.003936031141,0.003868240589,0.003810974526,0.003744198488,0.003691508896,0.003639326562,0.003587651485,0.003552365835,0.002225470501
249.5,0.003662455982,0.004578128755,0.005006296721,0.004919089152,0.004831318806,0.00476126527,0.00470387648,0.004594442798,0.004543762304,0.004609387913,0.004502074103,0.004384239174,0.004279129797,0.004191406499,0.00410396197,0.004019804819,0.003935401134,0.003867628936,0.003810377857,0.003743619969,0.003690944496,0.003638776178,0.003587115014,0.003551838803,0.002225232795
250,0.003661959528,0.004577322524,0.005005388738,0.004918202356,0.004830453253,0.004760416249,0.00470304141,0.004593633325,0.004542973934,0.0046085839,0.004501298386,0.004383495084,0.004278413593,0.004190713559,0.004103292238,0.004019157674,0.003934776618,0.00386702258,0.003809786331,0.003743046398,0.003690384896,0.003638230446,0.003586583049,0.003551316178,0.002224996882
250.5,0.003661466725,0.004576523791,0.005004489191,0.004917323796,0.004829595736,0.004759575113,0.004702214093,0.004592831373,0.004542192792,0.004607787243,0.004500529729,0.004382757716,0.004277703816,0.004190026801,0.004102628442,0.004018516224,0.003934157555,0.003866421483,0.00380919991,0.003742477741,0.003689830061,0.003637689333,0.003586055557,0.003550797926,0.002224762747
251,0.003660978428,0.004575733249,0.005003598855,0.004916454232,0.004828746999,0.004758742593,0.00470139525,0.004592037641,0.004541419601,0.004606998686,0.004499768865,0.004382027798,0.004277001187,0.00418934694,0.004101971293,0.004017881175,0.003933544648,0.003865826345,0.003808619289,0.003741914688,0.00368928068,0.003637153524,0.003585533218,0.003550284728,0.002224530823
251.5,0.003660495733,0.004574951792,0.005002718729,0.004915594643,0.004827908003,0.004757919631,0.004700585809,0.004591253029,0.00454065529,0.004606219183,0.004499016742,0.004381306269,0.004276306636,0.004188674898,0.004101321704,0.004017253435,0.003932938798,0.003865238062,0.003808045358,0.003741358126,0.003688737635,0.003636623896,0.003585016908,0.003549777454,0.002224301664
252,0.003660018611,0.004574179365,0.005001848752,0.004914744971,0.004827078689,0.004757106169,0.004699785716,0.004590477482,0.004539899809,0.004605448682,0.004498273307,0.004380593078,0.004275620116,0.00418801063,0.004100679633,0.004016632963,0.003932339966,0.003864656596,0.00380747808,0.003740808018,0.003688200889,0.003636100414,0.003584506592,0.003549276071,0.002224075256
252.5,0.003659547026,0.004573415911,0.005000988861,0.004913905153,0.004826258997,0.004756302148,0.004698994911,0.004589710945,0.0045391531,0.004604687124,0.004497538506,0.004379888173,0.004274941576,0.004187354086,0.004100045031,0.004016019712,0.003931748106,0.003864081903,0.003806917414,0.003740264324,0.003687670404,0.00363558304,0.003584002233,0.003548780542,0.002223851581
253,0.003659080945,0.004572661375,0.005000138993,0.004913075126,0.004825448865,0.004755507508,0.004698213336,0.004588953359,0.004538415109,0.004603934455,0.004496812284,0.004379191503,0.004274270966,0.004186705218,0.004099417853,0.004015413638,0.003931163176,0.003863513942,0.003806363317,0.003739727004,0.00368714614,0.003635071736,0.003583503794,0.003548290832,0.002223630624
253.5,0.003658620334,0.004571915699,0.004999299082,0.004912254829,0.004824648234,0.00475472219,0.004697440932,0.004588204668,0.004537685781,0.004603190618,0.004496094588,0.004378503015,0.004273608236,0.004186063979,0.004098798051,0.004014814696,0.003930585132,0.003862952669,0.003805815748,0.003739196017,0.003686628058,0.003634566465,0.003583011237,0.003547806902,0.002223412367
254,0.00365816516,0.004571178828,0.004998469068,0.0049114442,0.004823857043,0.004753946135,0.004696677642,0.004587464817,0.004536965061,0.004602455558,0.004495385363,0.004377822659,0.004272953337,0.00418543032,0.004098185579,0.00401422284,0.003930013932,0.003862398045,0.003805274668,0.003738671325,0.00368611612,0.003634067188,0.003582524527,0.003547328719,0.002223196794
254.5,0.003657715388,0.004570450706,0.004997648887,0.004910643178,0.004823075233,0.004753179286,0.004695923407,0.004586733749,0.004536252896,0.004601729219,0.004494684557,0.004377150382,0.00427230622,0.004184804194,0.004097580392,0.004013638027,0.003929449531,0.003861850026,0.003804740035,0.003738152889,0.003685610288,0.003633573868,0.003582043627,0.003546856246,0.002222983889
255,0.003657270987,0.004569731278,0.004996838477,0.004909851704,0.004822302744,0.004752421583,0.004695178172,0.00458601141,0.004535549231,0.004601011546,0.004493992117,0.004376486135,0.004271666835,0.004184185553,0.004096982443,0.004013060212,0.003928891889,0.003861308572,0.003804211809,0.003737640668,0.003685110524,0.003633086468,0.003581568501,0.003546389447,0.002222773635
255.5,0.003656831922,0.00456902049,0.004996037777,0.004909069716,0.004821539519,0.004751672969,0.004694441879,0.004585297743,0.004534854012,0.004600302485,0.00449330799,0.004375829866,0.004271035135,0.00418357435,0.004096391688,0.004012489353,0.003928340962,0.003860773641,0.00380368995,0.003737134625,0.00368461679,0.003632604952,0.003581099113,0.003545928288,0.002222566016
256,0.003656398162,0.004568318287,0.004995246725,0.004908297155,0.004820785498,0.004750933387,0.004693714471,0.004584592695,0.004534167188,0.004599601982,0.004492632124,0.004375181526,0.004270411071,0.00418297054,0.004095808081,0.004011925404,0.003927796708,0.003860245194,0.003803174419,0.00373663472,0.003684129048,0.003632129283,0.003580635427,0.003545472733,0.002222361017
256.5,0.003655969674,0.004567624615,0.004994465262,0.004907533962,0.004820040624,0.00475020278,0.004692995894,0.004583896212,0.004533488704,0.004598909983,0.004491964467,0.004374541065,0.004269794595,0.004182374075,0.004095231578,0.004011368324,0.003927259087,0.003859723189,0.003802665176,0.003736140917,0.003683647261,0.003631659424,0.003580177407,0.003545022747,0.00222215862
257,0.003655546425,0.00456693942,0.004993693325,0.004906780077,0.004819304839,0.004749481092,0.004692286091,0.004583208239,0.00453281851,0.004598226434,0.004491304967,0.004373908434,0.00426918566,0.00418178491,0.004094662135,0.004010818068,0.003926728056,0.003859207586,0.003802162182,0.003735653176,0.003683171392,0.00363119534,0.00357972502,0.003544578296,0.002221958811
257.5,0.003655128384,0.004566262649,0.004992930856,0.004906035441,0.004818578086,0.004748768266,0.004691585008,0.004582528722,0.004532156551,0.004597551283,0.004490653574,0.004373283584,0.004268584218,0.004181202999,0.004094099706,0.004010274595,0.003926203575,0.003858698346,0.003801665398,0.00373517146,0.003682701404,0.003630736994,0.003579278229,0.003544139346,0.002221761574
258,0.003654715517,0.004565594249,0.004992177795,0.004905299998,0.004817860308,0.004748064247,0.004690892588,0.00458185761,0.004531502777,0.004596884476,0.004490010235,0.004372666465,0.004267990223,0.004180628297,0.004093544248,0.004009737862,0.003925685602,0.003858195428,0.003801174785,0.003734695732,0.003682237261,0.00363028435,0.003578837,0.003543705862,0.002221566893
258.5,0.003654307795,0.004564934166,0.004991434082,0.004904573688,0.004817151448,0.004747368978,0.004690208779,0.004581194848,0.004530857137,0.004596225962,0.004489374902,0.004372057029,0.004267403627,0.004180060758,0.004092995718,0.004009207828,0.003925174097,0.003857698794,0.003800690304,0.003734225954,0.003681778926,0.003629837374,0.003578401299,0.003543277811,0.002221374752
259,0.003653905184,0.00456428235,0.004990699659,0.004903856454,0.004816451451,0.004746682406,0.004689533525,0.004580540384,0.004530219579,0.004595575687,0.004488747523,0.004371455228,0.004266824386,0.004179500337,0.004092454073,0.004008684449,0.00392466902,0.003857208404,0.003800211919,0.003733762089,0.003681326363,0.00362939603,0.00357797109,0.003542855158,0.002221185135
259.5,0.003653507654,0.004563638748,0.004989974467,0.00490314824,0.004815760261,0.004746004476,0.004688866773,0.004579894167,0.004529590052,0.004594933602,0.004488128048,0.004370861014,0.004266252451,0.004178946991,0.004091919268,0.004008167685,0.00392417033,0.003856724219,0.003799739589,0.0037333041,0.003680879536,0.003628960283,0.00357754634,0.003542437871,0.002220998028
260,0.003653115174,0.004563003308,0.004989258448,0.004902448988,0.004815077821,0.004745335132,0.004688208469,0.004579256144,0.004528968507,0.004594299653,0.004487516429,0.004370274341,0.004265687778,0.004178400674,0.004091391262,0.004007657494,0.003923677988,0.003856246201,0.003799273279,0.003732851951,0.00368043841,0.003628530098,0.003577127016,0.003542025915,0.002220813415
260.5,0.003652727712,0.004562375979,0.004988551544,0.004901758643,0.004814404079,0.004744674322,0.004687558561,0.004578626263,0.004528354893,0.00459367379,0.004486912616,0.004369695159,0.004265130322,0.004177861344,0.004090870012,0.004007153835,0.003923191953,0.003855774311,0.00379881295,0.003732405606,0.003680002949,0.003628105441,0.003576713083,0.003541619259,0.002220631281
261,0.003652345238,0.00456175671,0.004987853699,0.004901077147,0.004813738977,0.004744021991,0.004686916995,0.004578004474,0.00452774916,0.004593055963,0.004486316559,0.004369123423,0.004264580036,0.004177328955,0.004090355476,0.004006656668,0.003922712188,0.00385530851,0.003798358565,0.003731965028,0.003679573118,0.003627686277,0.003576304507,0.003541217868,0.002220451611
261.5,0.003651967722,0.004561145451,0.004987164855,0.004900404447,0.004813082464,0.004743378087,0.00468628372,0.004577390727,0.004527151258,0.00459244612,0.004485728211,0.004368559086,0.004264036877,0.004176803466,0.004089847612,0.004006165951,0.003922238652,0.003854848762,0.003797910087,0.003731530181,0.003679148881,0.003627272573,0.003575901257,0.003540821711,0.00222027439
262,0.003651595132,0.004560542151,0.004986484956,0.004899740485,0.004812434483,0.004742742556,0.004685658682,0.004576784969,0.00452656114,0.004591844213,0.004485147523,0.004368002102,0.0042635008,0.004176284832,0.004089346378,0.004005681646,0.003921771306,0.003854395028,0.00379746748,0.00373110103,0.003678730205,0.003626864294,0.003575503298,0.003540430755,0.002220099602
262.5,0.003651227438,0.00455994676,0.004985813946,0.004899085208,0.004811794983,0.004742115346,0.004685041831,0.004576187152,0.004525978756,0.00459125019,0.004484574446,0.004367452424,0.00426297176,0.004175773011,0.004088851733,0.004005203711,0.003921310113,0.003853947271,0.003797030706,0.00373067754,0.003678317054,0.003626461407,0.003575110597,0.003540044967,0.002219927233
263,0.003650864612,0.004559359229,0.004985151768,0.004898438561,0.004811163909,0.004741496404,0.004684433116,0.004575597224,0.004525404057,0.004590664003,0.004484008935,0.004366910007,0.004262449713,0.00417526796,0.004088363635,0.004004732107,0.003920855034,0.003853505453,0.00379659973,0.003730259675,0.003677909395,0.003626063877,0.003574723123,0.003539664316,0.002219757268
263.5,0.003650506622,0.004558779507,0.004984498367,0.00489780049,0.004810541209,0.004740885679,0.004683832484,0.004575015138,0.004524836996,0.004590085603,0.00448345094,0.004366374806,0.004261934617,0.004174769637,0.004087882045,0.004004266795,0.003920406031,0.003853069538,0.003796174516,0.0037298474,0.003677507192,0.003625671673,0.003574340843,0.003539288769,0.002219589693
264,0.003650153439,0.004558207548,0.004983853689,0.004897170941,0.00480992683,0.004740283119,0.004683239885,0.004574440844,0.004524277524,0.004589514941,0.004482900415,0.004365846775,0.004261426426,0.004174278,0.00408740692,0.004003807735,0.003919963065,0.003852639489,0.003795755027,0.003729440681,0.003677110413,0.003625284761,0.003573963724,0.003538918296,0.002219424493
264.5,0.003649805034,0.0045576433,0.004983217678,0.00489654986,0.004809320721,0.004739688673,0.00468265527,0.004573874292,0.004523725594,0.004588951968,0.004482357313,0.00436532587,0.004260925099,0.004173793008,0.004086938222,0.004003354888,0.0039195261,0.00385221527,0.003795341228,0.003729039482,0.003676719024,0.003624903108,0.003573591735,0.003538552864,0.002219261653
265,0.003649461377,0.004557086717,0.004982590281,0.004895937195,0.004808722828,0.004739102291,0.004682078587,0.004573315435,0.004523181159,0.004588396636,0.004481821588,0.004364812045,0.004260430592,0.004173314618,0.004086475909,0.004002908216,0.003919095098,0.003851796843,0.003794933083,0.003728643771,0.00367633299,0.003624526681,0.003573224843,0.003538192443,0.00221910116
265.5,0.003649122439,0.004556537751,0.004981971442,0.004895332892,0.004808133101,0.004738523921,0.004681509788,0.004572764224,0.004522644172,0.004587848898,0.004481293194,0.004364305258,0.004259942863,0.00417284279,0.004086019943,0.00400246768,0.003918670022,0.003851384174,0.003794530559,0.003728253512,0.00367595228,0.003624155448,0.003572863017,0.003537837001,0.002218942997
266,0.003648788191,0.004555996353,0.004981361109,0.0048947369,0.004807551489,0.004737953513,0.004680948822,0.004572220611,0.004522114587,0.004587308705,0.004480772085,0.004363805463,0.004259461869,0.004172377483,0.004085570283,0.004002033242,0.003918250835,0.003850977226,0.003794133618,0.003727868671,0.003675576859,0.003623789377,0.003572506227,0.003537486508,0.002218787153
266.5,0.003648458605,0.004555462476,0.004980759228,0.004894149166,0.00480697794,0.004737391017,0.004680395641,0.004571684549,0.004521592356,0.004586776012,0.004480258214,0.004363312617,0.004258987568,0.004171918656,0.00408512689,0.004001604864,0.0039178375,0.003850575964,0.003793742228,0.003727489216,0.003675206695,0.003623428436,0.00357215444,0.003537140933,0.002218633611
267,0.003648133652,0.004554936073,0.004980165747,0.004893569638,0.004806412405,0.004736836385,0.004679850196,0.004571155989,0.004521077434,0.00458625077,0.004479751538,0.004362826677,0.004258519919,0.004171466268,0.004084689725,0.004001182508,0.003917429981,0.003850180352,0.003793356353,0.003727115113,0.003674841756,0.003623072593,0.003571807625,0.003536800245,0.002218482359
267.5,0.003647813304,0.004554417097,0.004979580611,0.004892998265,0.004805854833,0.004736289566,0.004679312439,0.004570634887,0.004520569776,0.004585732933,0.004479252011,0.004362347599,0.00425805888,0.00417102028,0.00408425875,0.004000766137,0.003917028242,0.003849790355,0.003792975959,0.003726746328,0.003674482008,0.003622721816,0.003571465752,0.003536464414,0.002218333383
268,0.003647497531,0.004553905502,0.004979003771,0.004892434997,0.004805305173,0.004735750512,0.004678782321,0.004570121194,0.004520069336,0.004585222456,0.004478759588,0.004361875341,0.00425760441,0.004170580651,0.004083833925,0.004000355714,0.003916632246,0.003849405939,0.003792601012,0.003726382828,0.003674127421,0.003622376075,0.00357112879,0.00353613341,0.002218186667
268.5,0.003647186307,0.004553401241,0.004978435172,0.004891879781,0.004804763378,0.004735219174,0.004678259794,0.004569614864,0.004519576068,0.004584719291,0.004478274226,0.004361409861,0.004257156468,0.004170147342,0.004083415213,0.0039999512,0.003916241959,0.003849027069,0.003792231479,0.003726024581,0.003673777961,0.003622035337,0.003570796709,0.003535807203,0.002218042199
269,0.003646879604,0.004552904269,0.004977874765,0.004891332568,0.004804229396,0.004734695504,0.004677744812,0.004569115852,0.004519089929,0.004584223394,0.004477795879,0.004360951115,0.004256715013,0.004169720314,0.004083002575,0.003999552561,0.003915857345,0.00384865371,0.003791867325,0.003725671554,0.003673433597,0.003621699571,0.003570469478,0.003535485764,0.002217899965
269.5,0.003646577393,0.004552414541,0.004977322497,0.004890793309,0.004803703181,0.004734179454,0.004677237327,0.004568624111,0.004518610873,0.004583734718,0.004477324504,0.004360499062,0.004256280005,0.004169299527,0.004082595974,0.003999159759,0.003915478367,0.003848285828,0.003791508517,0.003725323715,0.003673094297,0.003621368748,0.003570147068,0.003535169063,0.002217759951
270,0.003646279647,0.00455193201,0.004976778317,0.004890261952,0.004803184682,0.004733670976,0.004676737291,0.004568139596,0.004518138856,0.004583253219,0.004476860059,0.004360053661,0.004255851404,0.004168884943,0.004082195371,0.003998772757,0.003915104992,0.003847923389,0.003791155022,0.003724981032,0.00367276003,0.003621042836,0.003569829448,0.003534857071,0.002217622144
270.5,0.003645986338,0.004551456631,0.004976242176,0.004889738448,0.004802673852,0.004733170023,0.00467624466,0.004567662262,0.004517673834,0.004582778853,0.004476402498,0.004359614869,0.004255429169,0.004168476523,0.004081800731,0.003998391521,0.003914737185,0.003847566359,0.003790806807,0.003724643471,0.003672430766,0.003620721805,0.003569516589,0.003534549758,0.00221748653
271,0.003645697441,0.004550988361,0.004975714022,0.00488922275,0.004802170642,0.004732676548,0.004675759385,0.004567192064,0.004517215764,0.004582311573,0.00447595178,0.004359182645,0.004255013261,0.004168074228,0.004081412015,0.003998016013,0.00391437491,0.003847214704,0.00379046384,0.003724311003,0.003672106471,0.003620405625,0.003569208462,0.003534247096,0.002217353096
271.5,0.003645412927,0.004550527155,0.004975193806,0.004888714807,0.004801675006,0.004732190504,0.004675281421,0.004566728957,0.004516764603,0.004581851337,0.004475507862,0.004358756949,0.004254603641,0.004167678021,0.004081029186,0.003997646198,0.003914018134,0.003846868392,0.003790126087,0.003723983595,0.003671787117,0.003620094265,0.003568905037,0.003533949055,0.002217221828
272,0.003645132769,0.004550072968,0.004974681479,0.004888214571,0.004801186896,0.004731711844,0.004674810723,0.004566272897,0.004516320306,0.0045813981,0.004475070701,0.00435833774,0.004254200269,0.004167287863,0.004080652209,0.003997282042,0.003913666823,0.003846527389,0.003789793517,0.003723661215,0.003671472673,0.003619787696,0.003568606285,0.003533655608,0.002217092713
272.5,0.003644856941,0.004549625757,0.00497417699,0.004887721994,0.004800706264,0.004731240523,0.004674347246,0.004565823841,0.004515882832,0.004580951819,0.004474640255,0.004357924978,0.004253803107,0.004166903717,0.004080281047,0.003996923508,0.003913320942,0.003846191662,0.003789466097,0.003723343833,0.003671163107,0.003619485888,0.003568312177,0.003533366725,0.002216965739
273,0.003644585417,0.004549185478,0.004973680292,0.004887237029,0.004800233065,0.004730776495,0.004673890943,0.004565381743,0.004515452137,0.004580512449,0.004474216482,0.004357518621,0.004253412115,0.004166525546,0.004079915663,0.003996570562,0.003912980457,0.003845861179,0.003789143795,0.003723031418,0.00367085839,0.003619188812,0.003568022684,0.003533082379,0.002216840891
273.5,0.00364431817,0.004548752087,0.004973191334,0.004886759627,0.004799767251,0.004730319715,0.004673441771,0.004564946562,0.00451502818,0.004580079949,0.004473799342,0.004357118631,0.004253027256,0.004166153312,0.004079556022,0.00399622317,0.003912645336,0.003845535906,0.00378882658,0.003722723939,0.003670558491,0.003618896438,0.003567737779,0.003532802542,0.002216718157
274,0.003644055173,0.004548325543,0.00497271007,0.004886289742,0.004799308777,0.004729870136,0.004672999684,0.004564518254,0.004514610918,0.004579654276,0.004473388792,0.004356724968,0.004252648492,0.004165786978,0.004079202087,0.003995881295,0.003912315545,0.003845215812,0.003788514419,0.003722421365,0.003670263382,0.003618608737,0.003567457431,0.003532527185,0.002216597525
274.5,0.003643796402,0.004547905802,0.00497223645,0.004885827326,0.004798857596,0.004729427714,0.004672564639,0.004564096775,0.00451420031,0.004579235386,0.004472984791,0.004356337592,0.004252275783,0.004165426508,0.004078853824,0.003995544906,0.00391199105,0.003844900865,0.003788207283,0.003722123666,0.003669973031,0.003618325681,0.003567181615,0.003532256281,0.00221647898
275,0.003643541829,0.004547492821,0.004971770428,0.004885372333,0.004798413664,0.004728992405,0.004672136592,0.004563682083,0.004513796315,0.004578823237,0.004472587299,0.004355956465,0.004251909094,0.004165071865,0.004078511198,0.003995213966,0.00391167182,0.003844591032,0.003787905139,0.003721830812,0.003669687411,0.00361804724,0.0035669103,0.003531989803,0.002216362511
275.5,0.003643291429,0.004547086559,0.004971311956,0.004884924717,0.004797976935,0.004728564163,0.004671715498,0.004563274137,0.00451339889,0.004578417788,0.004472196275,0.004355581546,0.004251548386,0.004164723014,0.004078174172,0.003994888443,0.003911357821,0.003844286282,0.003787607957,0.003721542772,0.00366940649,0.003617773386,0.00356664346,0.003531727723,0.002216248105
276,0.003643045177,0.004546686974,0.004970860986,0.004884484432,0.004797547364,0.004728142946,0.004671301315,0.004562872893,0.004513007996,0.004578018997,0.004471811678,0.004355212799,0.004251193622,0.004164379917,0.004077842714,0.003994568303,0.003911049021,0.003843986583,0.003787315705,0.003721259517,0.003669130242,0.003617504091,0.003566381066,0.003531470013,0.002216135749
276.5,0.003642803046,0.004546294024,0.004970417473,0.004884051431,0.004797124907,0.004727728708,0.004670894,0.004562478311,0.004512623591,0.004577626822,0.00447143347,0.004354850184,0.004250844765,0.00416404254,0.004077516787,0.003994253512,0.003910745388,0.003843691904,0.003787028354,0.003720981018,0.003668858635,0.003617239327,0.003566123092,0.003531216648,0.00221602543
277,0.003642565013,0.004545907667,0.004969981368,0.004883625671,0.004796709519,0.004727321408,0.00467049351,0.004562090348,0.004512245635,0.004577241222,0.004471061609,0.004354493663,0.004250501778,0.004163710846,0.004077196357,0.003993944038,0.003910446889,0.003843402214,0.003786745872,0.003720707244,0.003668591643,0.003616979065,0.00356586951,0.003530967599,0.002215917137
277.5,0.003642331051,0.004545527863,0.004969552628,0.004883207104,0.004796301155,0.004726921,0.004670099801,0.004561708963,0.004511874088,0.004576862156,0.004470696057,0.004354143198,0.004250164626,0.004163384801,0.004076881391,0.003993639847,0.003910153493,0.003843117482,0.003786468231,0.003720438167,0.003668329235,0.003616723277,0.003565620293,0.003530722841,0.002215810856
278,0.003642101137,0.004545154571,0.004969131204,0.004882795687,0.004795899773,0.004726527444,0.004669712833,0.004561334116,0.00451150891,0.004576489583,0.004470336775,0.004353798752,0.004249833271,0.004163064369,0.004076571855,0.003993340906,0.003909865169,0.003842837677,0.003786195399,0.003720173758,0.003668071384,0.003616471936,0.003565375413,0.003530482347,0.002215706576
278.5,0.003641875244,0.00454478775,0.004968717052,0.004882391375,0.004795505329,0.004726140694,0.004669332563,0.004560965765,0.004511150061,0.004576123464,0.004469983723,0.004353460287,0.004249507678,0.004162749516,0.004076267714,0.003993047184,0.003909581884,0.003842562769,0.003785927348,0.003719913987,0.003667818062,0.003616225015,0.003565134845,0.00353024609,0.002215604284
279,0.003641653348,0.00454442736,0.004968310127,0.004881994124,0.00479511778,0.004725760711,0.004668958949,0.00456060387,0.004510797503,0.004575763758,0.004469636862,0.004353127767,0.004249187811,0.004162440207,0.004075968935,0.003992758647,0.003909303607,0.003842292727,0.003785664046,0.003719658826,0.003667569241,0.003615982486,0.003564898561,0.003530014044,0.002215503968
279.5,0.003641435425,0.004544073361,0.004967910383,0.00488160389,0.004794737082,0.00472538745,0.004668591949,0.004560248392,0.004510451195,0.004575410424,0.004469296154,0.004352801153,0.004248873634,0.004162136407,0.004075675486,0.003992475263,0.003909030308,0.003842027522,0.003785405466,0.003719408246,0.003667324892,0.003615744322,0.003564666535,0.003529786184,0.002215405617
280,0.003641221451,0.004543725712,0.004967517776,0.004881220629,0.004794363194,0.004725020871,0.004668231524,0.004559899289,0.0045101111,0.004575063425,0.004468961562,0.00435248041,0.004248565112,0.004161838083,0.004075387333,0.003992197001,0.003908761956,0.003841767122,0.003785151578,0.00371916222,0.003667084989,0.003615510496,0.00356443874,0.003529562483,0.002215309217
280.5,0.003641011401,0.004543384376,0.004967132262,0.004880844297,0.004793996072,0.004724660932,0.004667877631,0.004559556523,0.004509777178,0.004574722719,0.004468633046,0.004352165501,0.00424826221,0.0041615452,0.004075104443,0.003991923828,0.003908498519,0.0038415115,0.003784902352,0.003718920718,0.003666849503,0.003615280981,0.003564215151,0.003529342917,0.002215214757
281,0.003640805251,0.004543049312,0.004966753795,0.004880474852,0.004793635674,0.004724307591,0.00466753023,0.004559220054,0.004509449391,0.004574388268,0.004468310569,0.00435185639,0.004247964893,0.004161257724,0.004074826783,0.003991655714,0.003908239968,0.003841260624,0.003784657761,0.003718683713,0.003666618408,0.003615055751,0.003563995742,0.003529127458,0.002215122225
281.5,0.003640602978,0.004542720481,0.004966382333,0.004880112251,0.004793281959,0.004723960808,0.004667189281,0.004558889842,0.004509127701,0.004574060033,0.004467994094,0.00435155304,0.004247673127,0.004160975623,0.004074554322,0.003991392627,0.003907986273,0.003841014466,0.003784417774,0.003718451178,0.003666391675,0.003614834778,0.003563780486,0.003528916082,0.00221503161
282,0.003640404557,0.004542397844,0.004966017832,0.004879756451,0.004792934886,0.004723620542,0.004666854743,0.00455856585,0.004508812069,0.004573737976,0.004467683583,0.004351255417,0.004247386876,0.004160698862,0.004074287026,0.003991134535,0.003907737403,0.003840772997,0.003784182365,0.003718223083,0.003666169279,0.003614618038,0.003563569359,0.003528708764,0.002214942899
282.5,0.003640209965,0.004542081363,0.004965660248,0.00487940741,0.004792594412,0.004723286751,0.004666526578,0.004558248037,0.00450850246,0.004573422057,0.004467378999,0.004350963484,0.004247106108,0.004160427409,0.004074024864,0.003990881408,0.003907493328,0.003840536187,0.003783951503,0.003717999403,0.003665951193,0.003614405503,0.003563362334,0.003528505479,0.002214856081
283,0.003640019178,0.004541771001,0.004965309539,0.004879065086,0.004792260497,0.004722959397,0.004666204744,0.004557936367,0.004508198834,0.00457311224,0.004467080306,0.004350677206,0.004246830787,0.00416016123,0.004073767805,0.003990633216,0.003907254018,0.003840304007,0.003783725162,0.00371778011,0.003665737389,0.003614197148,0.003563159386,0.003528306202,0.002214771145
283.5,0.003639832174,0.004541466717,0.004964965661,0.004878729437,0.0047919331,0.004722638438,0.004665889203,0.004557630799,0.004507901155,0.004572808486,0.004466787467,0.004350396548,0.00424656088,0.004159900294,0.004073515816,0.003990389926,0.003907019445,0.003840076429,0.003783503314,0.003717565176,0.003665527842,0.003613992946,0.00356296049,0.003528110907,0.002214688079
284,0.003639648928,0.004541168476,0.004964628573,0.004878400421,0.004791612181,0.004722323835,0.004665579916,0.004557331298,0.004507609386,0.004572510757,0.004466500445,0.004350121476,0.004246296353,0.004159644567,0.004073268866,0.00399015151,0.003906789579,0.003839853425,0.00378328593,0.003717354575,0.003665322524,0.003613792873,0.003562765621,0.003527919571,0.002214606871
284.5,0.003639469419,0.004540876239,0.004964298231,0.004878077998,0.004791297699,0.004722015549,0.004665276843,0.004557037825,0.00450732349,0.004572219016,0.004466219205,0.004349851954,0.004246037173,0.004159394017,0.004073026923,0.003989917937,0.003906564391,0.003839634966,0.003783072983,0.00371714828,0.003665121411,0.003613596903,0.003562574755,0.003527732169,0.00221452751
285,0.003639293622,0.00454058997,0.004963974595,0.004877762126,0.004790989614,0.004721713541,0.004664979947,0.004556750342,0.004507043431,0.004571933225,0.004465943711,0.004349587948,0.004245783308,0.004159148613,0.004072789958,0.003989689177,0.003906343851,0.003839421024,0.003782864446,0.003716946264,0.003664924475,0.003613405009,0.003562387866,0.003527548677,0.002214449984
285.5,0.003639121516,0.00454030963,0.004963657622,0.004877452765,0.004790687887,0.004721417771,0.004664689188,0.004556468812,0.004506769173,0.004571653349,0.004465673926,0.004349329424,0.004245534723,0.004158908322,0.004072557939,0.0039894652,0.003906127931,0.003839211572,0.003782660291,0.003716748501,0.003664731692,0.003613217169,0.00356220493,0.00352736907,0.002214374284
286,0.003638953078,0.004540035183,0.004963347272,0.004877149874,0.004790392478,0.0047211282,0.00466440453,0.004556193199,0.004506500679,0.00457137935,0.004465409816,0.004349076348,0.004245291387,0.004158673112,0.004072330835,0.003989245976,0.003905916603,0.00383900658,0.003782460491,0.003716554965,0.003664543035,0.003613033355,0.003562025923,0.003527193326,0.002214300396
286.5,0.003638788285,0.004539766593,0.004963043502,0.004876853413,0.004790103348,0.004720844791,0.004664125933,0.004555923466,0.004506237914,0.004571111192,0.004465151345,0.004348828687,0.004245053266,0.004158442953,0.004072108616,0.003989031477,0.003905709838,0.003838806023,0.003782265019,0.003716365629,0.00366435848,0.003612853543,0.00356185082,0.003527021419,0.002214228311
287,0.003638627114,0.004539503824,0.004962746273,0.004876563343,0.004789820457,0.004720567505,0.00466385336,0.004555659575,0.004505980842,0.004570848838,0.004464898479,0.004348586406,0.004244820329,0.004158217812,0.004071891251,0.003988821673,0.003905507608,0.003838609872,0.003782073849,0.003716180467,0.003664178,0.00361267771,0.003561679597,0.003526853326,0.002214158017
287.5,0.003638469544,0.004539246838,0.004962455543,0.004876279623,0.004789543768,0.004720296303,0.004663586774,0.004555401492,0.004505729429,0.004570592253,0.004464651183,0.004348349472,0.004244592543,0.00415799766,0.004071678712,0.003988616534,0.003905309885,0.0038384181,0.003781886954,0.003715999455,0.00366400157,0.003612505829,0.00356151223,0.003526689024,0.002214089504
288,0.003638315553,0.004538995601,0.004962171272,0.004876002214,0.004789273242,0.004720031149,0.004663326138,0.004555149179,0.004505483638,0.004570341401,0.004464409421,0.004348117853,0.004244369876,0.004157782464,0.004071470967,0.003988416033,0.003905116641,0.00383823068,0.003781704308,0.003715822565,0.003663829166,0.003612337877,0.003561348697,0.003526528489,0.002214022759
288.5,0.003638165119,0.004538750076,0.00496189342,0.004875731077,0.00478900884,0.004719772005,0.004663071415,0.004554902602,0.004505243435,0.004570096245,0.004464173161,0.004347891515,0.004244152298,0.004157572195,0.004071267988,0.00398822014,0.003904927848,0.003838047585,0.003781525884,0.003715649773,0.003663660763,0.003612173829,0.003561188972,0.003526371699,0.002213957773
289,0.003638018219,0.004538510229,0.004961621948,0.004875466173,0.004788750524,0.004719518833,0.004662822567,0.004554661724,0.004505008785,0.004569856752,0.004463942367,0.004347670426,0.004243939775,0.004157366821,0.004071069744,0.003988028827,0.003904743479,0.003837868789,0.003781351656,0.003715481054,0.003663496336,0.003612013662,0.003561033032,0.003526218629,0.002213894535
289.5,0.003637874832,0.004538276023,0.004961356815,0.004875207464,0.004788498258,0.004719271596,0.00466257956,0.00455442651,0.004504779655,0.004569622886,0.004463717006,0.004347454552,0.004243732278,0.004157166313,0.004070876207,0.003987842066,0.003904563506,0.003837694265,0.003781181598,0.003715316382,0.003663335861,0.003611857352,0.003560880854,0.003526069257,0.002213833034
290,0.003637734937,0.004538047425,0.004961097983,0.004874954911,0.004788252002,0.004719030258,0.004662342356,0.004554196925,0.00450455601,0.004569394612,0.004463497044,0.004347243863,0.004243529774,0.00415697064,0.004070687347,0.003987659828,0.003904387903,0.003837523987,0.003781015686,0.003715155732,0.003663179312,0.003611704874,0.003560732416,0.003525923561,0.002213773259
290.5,0.003637598513,0.004537824399,0.004960845412,0.004874708475,0.00478801172,0.004718794781,0.004662110919,0.004553972934,0.004504337815,0.004569171895,0.004463282449,0.004347038325,0.004243332234,0.004156779773,0.004070503135,0.003987482086,0.003904216642,0.003837357928,0.003780853892,0.003714999079,0.003663026667,0.003611556205,0.003560587693,0.003525781517,0.0022137152
291,0.003637465537,0.00453760691,0.004960599064,0.00487446812,0.004787777376,0.004718565131,0.004661885214,0.004553754503,0.004504125037,0.004568954701,0.004463073186,0.004346837907,0.004243139625,0.004156593681,0.004070323543,0.003987308811,0.003904049696,0.003837196062,0.003780696192,0.0037148464,0.0036628779,0.003611411321,0.003560446663,0.003525643104,0.002213658846
291.5,0.003637335989,0.004537394925,0.0049603589,0.004874233806,0.004787548931,0.00471834127,0.004661665206,0.004553541597,0.004503917643,0.004568742996,0.004462869222,0.004346642577,0.004242951919,0.004156412336,0.004070148542,0.003987139976,0.003903887039,0.003837038364,0.00378054256,0.003714697668,0.003662732988,0.0036112702,0.003560309304,0.003525508298,0.002213604188
292,0.003637209848,0.004537188409,0.004960124881,0.004874005498,0.00478732635,0.004718123163,0.004661450858,0.004553334182,0.004503715599,0.004568536745,0.004462670526,0.004346452304,0.004242769084,0.004156235708,0.004069978104,0.003986975554,0.003903728645,0.003836884807,0.003780392971,0.003714552861,0.003662591907,0.003611132817,0.003560175591,0.003525377077,0.002213551213
292.5,0.003637087093,0.004536987329,0.00495989697,0.004873783157,0.004787109597,0.004717910774,0.004661242136,0.004553132223,0.004503518872,0.004568335916,0.004462477063,0.004346267057,0.00424259109,0.004156063768,0.004069812201,0.003986815518,0.003903574486,0.003836735366,0.003780247401,0.003714411953,0.003662454634,0.003610999151,0.003560045504,0.00352524942,0.002213499913
293,0.003636967703,0.004524579875,0.004945922062,0.004860169362,0.004773856932,0.004704899487,0.004648471548,0.004540723913,0.004492182703,0.004556877186,0.00445173688,0.004336364808,0.004233407277,0.00414747866,0.004061825783,0.003979427623,0.003896785126,0.003830424848,0.003774296338,0.00370893968,0.003657341586,0.003606245302,0.003555650827,0.003521094233,0.002213450276
293.5,0.003636851658,0.004524440513,0.004945763632,0.004860014741,0.004773706136,0.00470475185,0.004648326406,0.004540583715,0.004492043009,0.004556734089,0.004451597813,0.004336230079,0.004233276469,0.004147351128,0.004061701511,0.00397930645,0.003896667061,0.003830309286,0.003774182968,0.003708828758,0.003657232632,0.00360613829,0.00355554573,0.003520990455,0.002213402293
294,0.003636738937,0.004524306076,0.004945610734,0.004859865527,0.004773560622,0.004704609395,0.004648186364,0.004540448464,0.004491908159,0.004556595936,0.004451463529,0.004336099956,0.004233150111,0.004147227915,0.004061581427,0.003979189339,0.003896552932,0.003830197556,0.003774073347,0.003708721486,0.003657127249,0.00360603477,0.003555444048,0.00352089004,0.002213355954
294.5,0.003620358205,0.004510474391,0.004930137225,0.004844699063,0.004758702861,0.00469003176,0.004633807909,0.004526515239,0.004477565232,0.004541877107,0.004436915538,0.004321708171,0.004218916387,0.004133126689,0.004047610976,0.003965330303,0.003882806671,0.003816543276,0.003760525679,0.003695259406,0.003643745069,0.003592729293,0.003542212077,0.003507712141,0.002205082904
295,0.003620319212,0.004510406257,0.004930058553,0.00484462257,0.004758628557,0.004689959172,0.004633736757,0.004526446749,0.004477498636,0.004541808943,0.004436850235,0.004321646049,0.004218857078,0.00413306973,0.004047556359,0.003965277958,0.003882756601,0.003816495033,0.003760478944,0.003695214476,0.003643701549,0.003592687172,0.003542171344,0.003507672351,0.002205073725
295.5,0.003620282956,0.004510342526,0.004929984829,0.004844550911,0.004758558972,0.004689891215,0.004633670161,0.004526382678,0.004477436346,0.004541745169,0.004436789171,0.004321587995,0.004218801689,0.004133016566,0.004047505413,0.003965229162,0.003882709959,0.003816450121,0.003760435461,0.003695172701,0.003643661109,0.003592648056,0.003542133543,0.003507635442,0.002205065894
296,0.003620249425,0.004510283178,0.00492991603,0.004844484066,0.004758494087,0.00468982787,0.004633608101,0.004526323008,0.004477378344,0.004541685766,0.004436732327,0.004321533993,0.004218750203,0.00413296718,0.00404745812,0.003965183899,0.00388266673,0.003816408524,0.003760395214,0.003695134066,0.003643623735,0.003592611933,0.00354209866,0.003507601403,0.002205059406
296.5,0.003620218607,0.004510228194,0.004929852136,0.004844422011,0.004758433881,0.004689769116,0.004633550559,0.004526267719,0.004477324609,0.004541630715,0.004436679685,0.004321484023,0.004218702601,0.004132921555,0.004047414466,0.003965142155,0.003882626899,0.003816370229,0.00376035819,0.003695098559,0.003643589415,0.00359257879,0.003542066684,0.00350757022,0.002205054254
297,0.00362019049,0.004510177554,0.004929793124,0.004844364728,0.004758378333,0.004689714932,0.004633497513,0.004526216791,0.004477275124,0.004541579996,0.004436631225,0.00432143807,0.004218658868,0.004132879676,0.004047374434,0.003965103913,0.003882590451,0.003816335221,0.003760324375,0.003695066166,0.003643558134,0.003592548612,0.003542037601,0.003507541881,0.002205050434
297.5,0.003620165063,0.004510131239,0.004929738973,0.004844312193,0.004758327422,0.004689665299,0.004633448945,0.004526170206,0.004477229871,0.004541533591,0.00443658693,0.004321396114,0.004218618985,0.004132841525,0.004047338009,0.003965069159,0.003882557371,0.003816303485,0.003760293754,0.003695036873,0.00364352988,0.003592521388,0.003542011399,0.003507516374,0.002205047938
298,0.003620142313,0.004510089231,0.004929689662,0.004844264388,0.004758281129,0.004689620197,0.004633404835,0.004526127945,0.004477188829,0.004541491481,0.004436546781,0.004321358139,0.004218582937,0.004132807086,0.004047305174,0.003965037877,0.003882527645,0.003816275008,0.003760266314,0.003695010666,0.003643504638,0.003592497105,0.003541988066,0.003507493687,0.002205046762
298.5,0.003620122229,0.004510051511,0.00492964517,0.004844221291,0.004758239433,0.004689579606,0.004633365162,0.004526089988,0.004477151982,0.004541453646,0.00443651076,0.004321324127,0.004218550707,0.004132776344,0.004047275914,0.003965010053,0.003882501257,0.003816249775,0.003760242041,0.003694987532,0.003643482397,0.00359247575,0.003541967588,0.003507473807,0.0022050469
299,0.003620104801,0.00451001806,0.004929605476,0.004844182881,0.004758202314,0.004689543506,0.004633329908,0.004526056316,0.00447711931,0.004541420069,0.00443647885,0.004321294061,0.004218522277,0.004132749281,0.004047250214,0.00396498567,0.003882478195,0.003816227772,0.00376022092,0.003694967458,0.003643463143,0.003592457309,0.003541949954,0.003507456721,0.002205048346
299.5,0.003620090015,0.004509988858,0.004929570558,0.004844149138,0.004758169753,0.004689511877,0.004633299054,0.004526026912,0.004477090795,0.00454139073,0.004436451032,0.004321267923,0.004218497632,0.004132725883,0.004047228057,0.003964964714,0.003882458441,0.003816208985,0.003760202939,0.00369495043,0.003643446863,0.00359244177,0.003541935151,0.003507442418,0.002205051094
300,0.00362007786,0.004509963889,0.004929540395,0.004844120041,0.004758141728,0.0046894847,0.004633272579,0.004526001755,0.004477066419,0.004541365611,0.004436427287,0.004321245697,0.004218476754,0.004132706132,0.004047209429,0.00396494717,0.003882441984,0.0038161934,0.003760188083,0.003694936435,0.003643433544,0.003592429122,0.003541923166,0.003507430886,0.002205055139
300.5,0.003620068326,0.004509943132,0.004929514967,0.004844095571,0.00475811822,0.004689461956,0.004633250466,0.004525980829,0.004477046164,0.004541344694,0.0044364076,0.004321227364,0.004218459627,0.004132690013,0.004047194313,0.003964933023,0.003882428807,0.003816181002,0.003760176339,0.00369492546,0.003643423173,0.00359241935,0.003541913988,0.003507422112,0.002205060476
301,0.003620061401,0.00450992657,0.004929494253,0.004844075706,0.004758099209,0.004689443625,0.004633232693,0.004525964113,0.004477030012,0.004541327959,0.00443639195,0.004321212909,0.004218446235,0.00413267751,0.004047182695,0.003964922258,0.003882418897,0.003816171779,0.003760167694,0.003694917491,0.003643415738,0.003592412442,0.003541907604,0.003507416085,0.002205067098
301.5,0.003620057073,0.004509914184,0.004929478232,0.004844060427,0.004758084676,0.004689429687,0.004633219244,0.00452595159,0.004477017945,0.004541315389,0.004436380322,0.004321202314,0.004218436562,0.004132668607,0.004047174559,0.003964914861,0.003882412239,0.003816165715,0.003760162133,0.003694912516,0.003643411224,0.003592408387,0.003541904002,0.003507412792,0.002205075001
302,0.003620055331,0.004509905955,0.004929466884,0.004844049713,0.004758074602,0.004689420123,0.004633210098,0.004525943241,0.004477009945,0.004541306966,0.004436372697,0.004321195562,0.004218430591,0.004132663289,0.004047169891,0.003964910816,0.00388240882,0.003816162798,0.003760159643,0.003694910521,0.003643409621,0.003592407171,0.00354190317,0.003507412222,0.002205084178
302.5,0.003620056165,0.004509901867,0.004929460189,0.004844043545,0.004758068965,0.004689414915,0.004633205238,0.004525939048,0.004477005994,0.004541302671,0.004436369058,0.004321192637,0.004218428305,0.004132661539,0.004047168674,0.00396491011,0.003882408624,0.003816163013,0.003760160211,0.003694911493,0.003643410914,0.003592408782,0.003541905096,0.003507414363,0.002205094624
303,0.003620059561,0.0045099019,0.004929458125,0.004844041902,0.004758067748,0.004689414042,0.004633204643,0.004525938993,0.004477006075,0.004541302487,0.004436369387,0.004321193521,0.00421842969,0.004132663343,0.004047170893,0.003964912727,0.003882411638,0.003816166348,0.003760163824,0.00369491542,0.003643415092,0.003592413208,0.003541909767,0.003507419202,0.002205106334
303.5,0.003620065511,0.004509906037,0.004929460672,0.004844044765,0.00475807093,0.004689417487,0.004633208296,0.004525943058,0.00447701017,0.004541306395,0.004436373668,0.004321198198,0.004218434728,0.004132668684,0.004047176535,0.003964918652,0.003882417849,0.003816172787,0.003760170468,0.003694922289,0.003643422142,0.003592420436,0.003541917172,0.003507426729,0.002205119302
304,0.003620074002,0.004509914259,0.004929467812,0.004844052114,0.004758078493,0.00468942523,0.004633216178,0.004525951224,0.004477018261,0.004541314377,0.004436381882,0.004321206652,0.004218443404,0.004132677547,0.004047185583,0.003964927873,0.003882427241,0.003816182318,0.003760180129,0.003694932086,0.00364343205,0.003592430455,0.003541927299,0.003507436931,0.002205133522
304.5,0.003620085023,0.004509926548,0.004929479522,0.00484406393,0.004758090417,0.004689437253,0.00463322827,0.004525963474,0.004477030331,0.004541326416,0.004436394012,0.004321218866,0.004218455703,0.004132689918,0.004047198024,0.003964940373,0.003882439802,0.003816194927,0.003760192796,0.003694944799,0.003643444806,0.003592443252,0.003541940136,0.003507449796,0.002205148991
305,0.003620098564,0.004509942888,0.004929495784,0.004844080192,0.004758106683,0.004689453536,0.004633244554,0.004525979789,0.004477046362,0.004541342493,0.004436410042,0.004321234824,0.004218471607,0.00413270578,0.004047213841,0.00396495614,0.003882455516,0.003816210601,0.003760208454,0.003694960415,0.003643460396,0.003592458815,0.003541955671,0.003507465314,0.002205165701
305.5,0.003620114613,0.00450996326,0.004929516577,0.004844100882,0.004758127272,0.004689474062,0.004633265012,0.004526000153,0.004477066338,0.004541362592,0.004436429955,0.004321254508,0.004218491102,0.004132725118,0.004047233021,0.003964975158,0.003882474372,0.003816229327,0.003760227092,0.003694978922,0.003643478808,0.003592477131,0.003541973893,0.003507483473,0.002205183647
306,0.00362013316,0.004509987646,0.004929541882,0.00484412598,0.004758152166,0.004689498811,0.004633289625,0.004526024547,0.00447709024,0.004541386695,0.004436453733,0.004321277904,0.004218514171,0.004132747917,0.004047255549,0.003964997413,0.003882496354,0.003816251091,0.003760248694,0.003695000307,0.00364350003,0.00359249819,0.003541994789,0.003507504261,0.002205202826
306.5,0.003620154194,0.00451001603,0.004929571679,0.004844155467,0.004758181345,0.004689527765,0.004633318375,0.004526052954,0.004477118052,0.004541414784,0.004436481359,0.004321304994,0.0042185408,0.004132774162,0.00404728141,0.003965022891,0.003882521449,0.003816275879,0.00376027325,0.003695024558,0.003643524049,0.003592521979,0.003542018349,0.003507527666,0.002205223229
307,0.003620177704,0.004510048393,0.004929605948,0.004844189324,0.004758214791,0.004689560905,0.004633351245,0.004526085357,0.004477149757,0.004541446841,0.004436512818,0.004321335763,0.004218570972,0.004132803838,0.004047310589,0.003965051579,0.003882549644,0.003816303679,0.003760300745,0.003695051661,0.003643550854,0.003592548486,0.003542044559,0.003507553678,0.002205244854
307.5,0.003620203678,0.004510084718,0.004929644669,0.004844227531,0.004758252485,0.004689598215,0.004633388215,0.004526121737,0.004477185338,0.00454148285,0.004436548091,0.004321370195,0.004218604672,0.00413283693,0.004047343072,0.003965083462,0.003882580925,0.003816334478,0.003760331168,0.003695081605,0.003643580431,0.0035925777,0.00354207341,0.003507582284,0.002205267694
308,0.003620232107,0.004510124988,0.004929687824,0.004844270069,0.004758294409,0.004689639674,0.004633429269,0.004526162077,0.004477224777,0.004541522793,0.004436587162,0.004321408273,0.004218641885,0.004132873423,0.004047378845,0.003965118526,0.003882615279,0.003816368262,0.003760364505,0.003695114377,0.00364361277,0.003592609608,0.00354210489,0.003507613474,0.002205291744
308.5,0.00362026298,0.004510169186,0.004929735393,0.00484431692,0.004758340543,0.004689685265,0.004633474389,0.00452620636,0.004477268058,0.004541566653,0.004436630016,0.004321449981,0.004218682595,0.004132913302,0.004047417894,0.003965156758,0.003882652692,0.003816405019,0.003760400743,0.003695149964,0.003643647858,0.003592644198,0.003542138986,0.003507647237,0.002205316999
309,0.003620296286,0.004510217294,0.004929787356,0.004844368065,0.004758390871,0.004689734971,0.004633523556,0.00452625457,0.004477315164,0.004541614413,0.004436676634,0.004321495305,0.004218726788,0.004132956553,0.004047460203,0.003965198143,0.00388269315,0.003816444735,0.00376043987,0.003695188356,0.003643685683,0.00359268146,0.003542175688,0.003507683561,0.002205343454
309.5,0.003620332015,0.004510269296,0.004929843695,0.004844423485,0.004758445372,0.004689788773,0.004633576753,0.004526306688,0.004477366079,0.004541666055,0.004436727002,0.004321544227,0.004218774447,0.00413300316,0.004047505759,0.003965242668,0.003882736642,0.003816487398,0.003760481874,0.003695229538,0.003643726233,0.003592721382,0.003542214984,0.003507722434,0.002205371103
310,0.003620370156,0.004510325174,0.00492990439,0.004844483161,0.00475850403,0.004689846652,0.004633633962,0.004526362697,0.004477420785,0.004541721564,0.004436781102,0.004321596733,0.004218825558,0.00413305311,0.004047554548,0.003965290319,0.003882783152,0.003816532994,0.003760526742,0.0036952735,0.003643769496,0.003592763951,0.003542256863,0.003507763847,0.002205399941
310.5,0.003620410698,0.004510384911,0.004929969422,0.004844547075,0.004758566826,0.004689908592,0.004633695166,0.004526422582,0.004477479267,0.004541780922,0.004436838918,0.004321652806,0.004218880106,0.004133106387,0.004047606556,0.003965341082,0.00388283267,0.003816581511,0.003760574461,0.003695320229,0.003643815461,0.003592809156,0.003542301314,0.003507807788,0.002205429964
311,0.003620453631,0.004510448491,0.004930038773,0.004844615209,0.004758633742,0.004689974575,0.004633760348,0.004526486324,0.004477541508,0.004541844111,0.004436900434,0.004321712432,0.004218938076,0.004133162977,0.004047661768,0.003965394945,0.00388288518,0.003816632937,0.003760625019,0.003695369712,0.003643864115,0.003592856987,0.003542348326,0.003507854245,0.002205461165
311.5,0.003620498945,0.004510515897,0.004930112423,0.004844687543,0.004758704759,0.004690044583,0.004633829489,0.004526553907,0.00447760749,0.004541911117,0.004436965634,0.004321775594,0.004218999453,0.004133222866,0.00404772017,0.003965451893,0.00388294067,0.003816687258,0.003760678403,0.003695421939,0.003643915448,0.00359290743,0.003542397886,0.003507903208,0.002205493541
312,0.003620546629,0.004510587112,0.004930190354,0.004844764059,0.004758779861,0.004690118598,0.004633902574,0.004526625314,0.004477677199,0.004541981921,0.004437034501,0.004321842277,0.004219064221,0.004133286038,0.004047781749,0.003965511912,0.003882999127,0.003816744462,0.003760734602,0.003695476897,0.003643969447,0.003592960476,0.003542449985,0.003507954667,0.002205527085
312.5,0.003620596673,0.00451066212,0.004930272546,0.00484484474,0.004758859029,0.004690196603,0.004633979584,0.004526700529,0.004477750618,0.004542056507,0.004437107021,0.004321912466,0.004219132367,0.004133352481,0.004047846491,0.003965574991,0.003883060539,0.003816804537,0.003760793603,0.003695534574,0.0036440261,0.003593016113,0.003542504612,0.003508008609,0.002205561793
313,0.003620649067,0.004510740903,0.004930358983,0.004844929567,0.004758942246,0.004690278581,0.004634060502,0.004526779534,0.00447782773,0.00454213486,0.004437183176,0.004321986146,0.004219203875,0.004133422179,0.004047914382,0.003965641115,0.003883124892,0.003816867469,0.003760855393,0.003695594958,0.003644085397,0.003593074329,0.003542561754,0.003508065025,0.00220559766
313.5,0.003620703801,0.004510823447,0.004930449644,0.004845018522,0.004759029493,0.004690364514,0.004634145312,0.004526862314,0.00447790852,0.004542216961,0.004437262951,0.004322063301,0.004219278731,0.004133495119,0.004047985408,0.00396571027,0.003883192173,0.003816933247,0.003760919962,0.003695658038,0.003644147325,0.003593135113,0.003542621402,0.003508123903,0.002205634681
314,0.003620760864,0.004510909733,0.004930544512,0.004845111587,0.004759120754,0.004690454385,0.004634233996,0.004526948852,0.004477992972,0.004542302796,0.00443734633,0.004322143916,0.00421935692,0.004133571286,0.004048059556,0.003965782445,0.00388326237,0.003817001858,0.003760987295,0.003695723801,0.003644211873,0.003593198454,0.003542683544,0.003508185233,0.00220567285
314.5,0.003620820246,0.004510999746,0.004930643567,0.004845208744,0.00475921601,0.004690548177,0.004634326538,0.004527039131,0.004478081068,0.004542392347,0.004437433298,0.004322227976,0.004219438428,0.004133650666,0.004048136812,0.003965857625,0.00388333547,0.00381707329,0.003761057382,0.003695792237,0.00364427903,0.003593264341,0.003542748169,0.003508249004,0.002205712163
315,0.003620881937,0.00451109347,0.004930746793,0.004845309975,0.004759315245,0.004690645872,0.004634422921,0.004527133136,0.004478172795,0.004542485599,0.004437523839,0.004322315466,0.00421952324,0.004133733246,0.004048217162,0.003965935797,0.00388341146,0.00381714753,0.003761130211,0.003695863333,0.003644348785,0.003593332763,0.003542815267,0.003508315206,0.002205752615
315.5,0.003620945927,0.004511190888,0.004930854171,0.004845415263,0.00475941844,0.004690747454,0.004634523127,0.004527230849,0.004478268135,0.004542582536,0.004437617937,0.004322406372,0.004219611341,0.00413381901,0.004048300594,0.003966016949,0.003883490329,0.003817224566,0.003761205769,0.003695937078,0.003644421125,0.003593403709,0.003542884827,0.003508383827,0.002205794201
316,0.003621012206,0.004511291985,0.004930965682,0.00484552459,0.00475952558,0.004690852906,0.004634627141,0.004527332256,0.004478367073,0.00454268314,0.004437715576,0.004322500677,0.004219702719,0.004133907946,0.004048387092,0.003966101068,0.003883572062,0.003817304386,0.003761284045,0.00369601346,0.003644496041,0.003593477167,0.003542956838,0.003508454858,0.002205836916
316.5,0.003621080764,0.004511396743,0.004931081308,0.004845637937,0.004759636645,0.004690962211,0.004634734946,0.004527437339,0.004478469594,0.004542787397,0.004437816742,0.004322598368,0.004219797357,0.00413400004,0.004048476646,0.00396618814,0.003883656648,0.003817386978,0.003761365027,0.003696092468,0.00364457352,0.003593553127,0.00354303129,0.003508528288,0.002205880754
317,0.003621151591,0.004511505148,0.004931201033,0.004845755289,0.004759751621,0.004691075352,0.004634846525,0.004527546082,0.004478575682,0.004542895291,0.004437921419,0.00432269943,0.004219895243,0.004134095278,0.004048569239,0.003966278153,0.003883744075,0.00381747233,0.003761448703,0.003696174091,0.003644653551,0.003593631578,0.003543108172,0.003508604107,0.002205925712
317.5,0.003621224678,0.004511617184,0.004931324837,0.004845876626,0.004759870489,0.004691192312,0.004634961861,0.004527658471,0.00447868532,0.004543006805,0.004438029592,0.004322803848,0.004219996361,0.004134193645,0.004048664861,0.003966371094,0.003883834329,0.003817560429,0.003761535061,0.003696258316,0.003644736124,0.003593712509,0.003543187472,0.003508682303,0.002205971784
318,0.003621300014,0.004511732834,0.004931452703,0.004846001933,0.004759993232,0.004691313075,0.004635080939,0.004527774488,0.004478798495,0.004543121924,0.004438141245,0.004322911607,0.004220100698,0.004134295129,0.004048763497,0.00396646695,0.0038839274,0.003817651265,0.00376162409,0.003696345133,0.003644821227,0.00359379591,0.003543269182,0.003508762867,0.002206018966
318.5,0.00362137759,0.004511852083,0.004931584614,0.004846131191,0.004760119833,0.004691437624,0.004635203742,0.004527894118,0.004478915189,0.004543240632,0.004438256364,0.004323022693,0.00422020824,0.004134399716,0.004048865135,0.003966565708,0.003884023273,0.003817744824,0.003761715777,0.003696434531,0.003644908849,0.003593881769,0.00354335329,0.003508845789,0.002206067252
319,0.003621457395,0.004511974915,0.004931720551,0.004846264383,0.004760250277,0.004691565943,0.004635330254,0.004528017346,0.004479035389,0.004543362914,0.004438374932,0.004323137091,0.004220318973,0.004134507393,0.00404896976,0.003966667356,0.003884121938,0.003817841095,0.003761810112,0.003696526498,0.00364499898,0.003593970076,0.003543439786,0.003508931057,0.002206116638
319.5,0.003621539421,0.004512101315,0.004931860497,0.004846401493,0.004760384545,0.004691698015,0.004635460459,0.004528144155,0.004479159079,0.004543488753,0.004438496936,0.004323254787,0.004220432883,0.004134618145,0.004049077361,0.003966771882,0.003884223382,0.003817940067,0.003761907083,0.003696621022,0.003645091608,0.00359406082,0.003543528659,0.003509018663,0.002206167119
320,0.003621623657,0.004512231267,0.004932004435,0.004846542503,0.004760522622,0.004691833824,0.00463559434,0.00452827453,0.004479286243,0.004543618135,0.00443862236,0.004323375767,0.004220549955,0.00413473196,0.004049187925,0.003966879272,0.003884327592,0.003818041727,0.003762006679,0.003696718094,0.003645186722,0.00359415399,0.003543619899,0.003509108595,0.002206218691
320.5,0.003621710093,0.004512364755,0.004932152348,0.004846687396,0.004760664491,0.004691973354,0.004635731882,0.004528408456,0.004479416866,0.004543751044,0.004438751189,0.004323500016,0.004220670177,0.004134848824,0.004049301437,0.003966989514,0.003884434558,0.003818146064,0.003762108887,0.003696817701,0.003645284312,0.003594249577,0.003543713496,0.003509200844,0.002206271347
321,0.003621798721,0.004512501765,0.004932304217,0.004846836155,0.004760810135,0.004692116588,0.004635873069,0.004528545916,0.004479550934,0.004543887465,0.004438883409,0.00432362752,0.004220793535,0.004134968725,0.004049417887,0.003967102596,0.003884544266,0.003818253065,0.003762213697,0.003696919833,0.003645384367,0.003594347569,0.003543809439,0.003509295399,0.002206325085
321.5,0.003621889531,0.00451264228,0.004932460027,0.004846988763,0.004760959537,0.00469226351,0.004636017884,0.004528686897,0.004479688431,0.004544027382,0.004439019004,0.004323758265,0.004220920014,0.004135091648,0.00404953726,0.003967218506,0.003884656706,0.003818362721,0.003762321098,0.003697024478,0.003645486876,0.003594447956,0.003543907719,0.003509392251,0.002206379899
322,0.003621982513,0.004512786286,0.004932619759,0.004847145205,0.004761112682,0.004692414105,0.004636166313,0.004528831382,0.004479829343,0.00454417078,0.004439157961,0.004323892236,0.004221049602,0.00413521758,0.004049659544,0.003967337231,0.003884771864,0.003818475018,0.003762431077,0.003697131627,0.003645591828,0.003594550728,0.003544008325,0.003509491389,0.002206435785
322.5,0.003622077657,0.004512933768,0.004932783396,0.004847305462,0.004761269554,0.004692568356,0.004636318338,0.004528979356,0.004479973654,0.004544317644,0.004439300264,0.004324029421,0.004221182285,0.004135346509,0.004049784726,0.003967458758,0.00388488973,0.003818589946,0.003762543624,0.003697241267,0.003645699213,0.003594655873,0.003544111247,0.003509592804,0.002206492737
323,0.003622174955,0.004513084709,0.004932950923,0.004847469519,0.004761430135,0.004692726248,0.004636473946,0.004529130803,0.00448012135,0.004544467959,0.004439445898,0.004324169804,0.004221318049,0.004135478421,0.004049912794,0.003967583077,0.003885010291,0.003818707492,0.003762658727,0.003697353388,0.003645809021,0.003594763383,0.003544216475,0.003509696485,0.002206550751
323.5,0.003622274397,0.004513239096,0.00493312232,0.004847637358,0.00476159441,0.004692887764,0.004636633119,0.00452928571,0.004480272416,0.00454462171,0.00443959485,0.004324313371,0.004221456881,0.004135613304,0.004050043735,0.003967710173,0.003885133536,0.003818827646,0.003762776377,0.003697467979,0.00364592124,0.003594873246,0.003544323998,0.003509802423,0.002206609823
324,0.003622375973,0.004513396914,0.004933297573,0.004847808964,0.004761762363,0.004693052888,0.004636795843,0.00452944406,0.004480426837,0.004544778882,0.004439747105,0.00432446011,0.004221598767,0.004135751144,0.004050177537,0.003967840037,0.003885259452,0.003818950397,0.00376289656,0.00369758503,0.00364603586,0.003594985452,0.003544433808,0.003509910608,0.002206669948
324.5,0.003622479674,0.004513558146,0.004933476664,0.00484798432,0.004761933978,0.004693221606,0.004636962102,0.004529605839,0.004480584599,0.00454493946,0.004439902649,0.004324610006,0.004221743695,0.004135891929,0.004050314188,0.003967972654,0.003885388029,0.003819075732,0.003763019267,0.00369770453,0.003646152871,0.003595099992,0.003544545893,0.00351002103,0.002206731121
325,0.003622585491,0.004513722779,0.004933659576,0.00484816341,0.004762109238,0.004693393901,0.004637131881,0.004529771032,0.004480745688,0.004545103429,0.004440061466,0.004324763045,0.004221891651,0.004136035646,0.004050453674,0.003968108014,0.003885519255,0.003819203641,0.003763144486,0.003697826467,0.003646272262,0.003595216854,0.003544660244,0.00351013368,0.002206793338
325.5,0.003622693415,0.004513890798,0.004933846293,0.004848346217,0.004762288128,0.004693569758,0.004637305164,0.004529939624,0.004480910088,0.004545270775,0.004440223544,0.004324919214,0.004222042621,0.004136182282,0.004050595983,0.003968246105,0.003885653118,0.003819334113,0.003763272206,0.003697950833,0.003646394023,0.003595336029,0.003544776852,0.003510248547,0.002206856595
326,0.003622803436,0.004514062188,0.004934036798,0.004848532726,0.004762470633,0.004693749162,0.004637481937,0.0045301116,0.004481077785,0.004545441482,0.004440388867,0.004325078498,0.004222196594,0.004136331824,0.004050741104,0.003968386914,0.003885789607,0.003819467136,0.003763402417,0.003698077614,0.003646518144,0.003595457507,0.003544895705,0.003510365622,0.002206920886
326.5,0.003622915546,0.004514236933,0.004934231074,0.004848722919,0.004762656736,0.004693932096,0.004637662183,0.004530286946,0.004481248766,0.004545615537,0.004440557422,0.004325240886,0.004222353555,0.00413648426,0.004050889023,0.00396853043,0.003885928711,0.003819602698,0.003763535108,0.003698206803,0.003646644614,0.003595581278,0.003545016796,0.003510484895,0.002206986207
327,0.003623029734,0.004514415021,0.004934429106,0.004848916782,0.004762846421,0.004694118546,0.004637845888,0.004530465646,0.004481423015,0.004545792924,0.004440729195,0.004325406362,0.004222513491,0.004136639577,0.00405103973,0.00396867664,0.003886070417,0.00381974079,0.003763670268,0.003698338387,0.003646773423,0.003595707331,0.003545140112,0.003510606357,0.002207052554
327.5,0.003623145993,0.004514596436,0.004934630877,0.004849114298,0.004763039674,0.004694308496,0.004638033037,0.004530647687,0.004481600519,0.004545973629,0.004440904171,0.004325574914,0.004222676391,0.004136797762,0.004051193211,0.003968825534,0.003886214714,0.003819881401,0.003763807885,0.003698472356,0.003646904561,0.003595835657,0.003545265646,0.003510729998,0.002207119922
328,0.003623264313,0.004514781163,0.004934836371,0.004849315451,0.004763236479,0.004694501932,0.004638223615,0.004530833053,0.004481781263,0.004546157638,0.004441082337,0.004325746528,0.00422284224,0.004136958804,0.004051349454,0.0039689771,0.003886361593,0.003820024518,0.00376394795,0.003698608701,0.003647038017,0.003595966246,0.003545393388,0.003510855809,0.002207188307
328.5,0.003623384685,0.004514969189,0.004935045571,0.004849520226,0.00476343682,0.004694698837,0.004638417607,0.004531021731,0.004481965233,0.004546344937,0.004441263678,0.004325921191,0.004223011026,0.004137122689,0.004051508449,0.003969131325,0.00388651104,0.003820170131,0.003764090452,0.00369874741,0.003647173783,0.003596099088,0.003545523327,0.003510983781,0.002207257704
329,0.0036235071,0.004515160498,0.004935258462,0.004849728606,0.004763640681,0.004694899197,0.004638614998,0.004531213705,0.004482152416,0.00454653551,0.004441448182,0.00432609889,0.004223182737,0.004137289405,0.004051670181,0.003969288198,0.003886663045,0.00382031823,0.00376423538,0.003698888474,0.003647311846,0.003596234173,0.003545655454,0.003511113903,0.002207328109
329.5,0.003623631549,0.004515355077,0.004935475027,0.004849940577,0.004763848049,0.004695102997,0.004638815773,0.004531408962,0.004482342797,0.004546729344,0.004441635834,0.004326279611,0.004223357358,0.004137458941,0.00405183464,0.003969447709,0.003886817597,0.003820468804,0.003764382724,0.003699031882,0.003647452199,0.003596371492,0.00354578976,0.003511246167,0.002207399517
330,0.003623758023,0.004515552912,0.00493569525,0.004850156122,0.004764058906,0.004695310222,0.004639019918,0.004531607488,0.004482536362,0.004546926424,0.00444182662,0.004326463341,0.004223534879,0.004137631283,0.004052001815,0.003969609845,0.003886974684,0.003820621841,0.003764532472,0.003699177624,0.00364759483,0.003596511034,0.003545926235,0.003511380563,0.002207471925
330.5,0.003623886514,0.004515753988,0.004935919116,0.004850375226,0.004764273239,0.004695520856,0.004639227417,0.004531809267,0.004482733097,0.004547126737,0.004442020527,0.004326650067,0.004223715286,0.004137806419,0.004052171692,0.003969774594,0.003887134296,0.003820777331,0.003764684615,0.003699325689,0.00364773973,0.00359665279,0.00354606487,0.003511517082,0.002207545328
331,0.003624017012,0.004515958291,0.004936146608,0.004850597873,0.004764491032,0.004695734886,0.004639438258,0.004532014286,0.004482932989,0.004547330269,0.004442217541,0.004326839777,0.004223898566,0.004137984338,0.00405234426,0.003969941946,0.003887296422,0.003820935263,0.003764839142,0.003699476068,0.003647886888,0.00359679675,0.003546205655,0.003511655714,0.002207619721
331.5,0.003624149509,0.004516165807,0.004936377712,0.004850824048,0.00476471227,0.004695952297,0.004639652423,0.004532222531,0.004483136025,0.004547537004,0.00444241765,0.004327032456,0.004224084708,0.004138165027,0.004052519507,0.003970111889,0.00388746105,0.003821095627,0.003764996043,0.003699628751,0.003648036295,0.003596942906,0.003546348581,0.003511796451,0.0022076951
332,0.003624283997,0.004516376523,0.00493661241,0.004851053736,0.004764936937,0.004696173072,0.004639869901,0.004532433988,0.004483342189,0.004547746931,0.004442620838,0.004327228093,0.004224273698,0.004138348474,0.004052697423,0.003970284412,0.003887628171,0.003821258413,0.003765155308,0.003699783727,0.003648187942,0.003597091246,0.003546493638,0.003511939283,0.002207771461
332.5,0.003624420465,0.004516590423,0.004936850688,0.004851286922,0.00476516502,0.004696397199,0.004640090675,0.004532648642,0.004483551469,0.004547960033,0.004442827094,0.004327426674,0.004224465525,0.004138534667,0.004052877994,0.003970459504,0.003887797772,0.003821423609,0.003765316925,0.003699940986,0.003648341818,0.003597241762,0.003546640818,0.003512084201,0.002207848799
333,0.003624558906,0.004516807495,0.00493709253,0.00485152359,0.004765396503,0.004696624663,0.004640314732,0.004532866481,0.004483763852,0.004548176299,0.004443036403,0.004327628187,0.004224660175,0.004138723595,0.004053061211,0.003970637153,0.003887969843,0.003821591204,0.003765480885,0.00370010052,0.003648497913,0.003597394444,0.003546790111,0.003512231196,0.002207927111
333.5,0.003624699311,0.004517027725,0.004937337921,0.004851763725,0.004765631372,0.004696855448,0.004640542057,0.004533087489,0.004483979323,0.004548395713,0.004443248752,0.004327832618,0.004224857637,0.004138915245,0.00405324706,0.003970817349,0.003888144374,0.00382176119,0.003765647178,0.003700262317,0.003648656219,0.003597549283,0.003546941507,0.003512380259,0.002208006391
334,0.003624841672,0.004517251099,0.004937586844,0.004852007312,0.004765869612,0.004697089541,0.004640772637,0.004533311654,0.004484197869,0.004548618263,0.004443464128,0.004328039955,0.004225057899,0.004139109605,0.004053435531,0.00397100008,0.003888321353,0.003821933554,0.003765815794,0.003700426367,0.003648816725,0.003597706269,0.003547094999,0.003512531381,0.002208086636
334.5,0.00362498598,0.004517477603,0.004937839286,0.004852254335,0.004766111207,0.004697326928,0.004641006457,0.004533538961,0.004484419477,0.004548843935,0.004443682519,0.004328250186,0.004225260948,0.004139306663,0.004053626612,0.003971185335,0.003888500771,0.003822108288,0.003765986721,0.003700592662,0.003648979421,0.003597865393,0.003547250575,0.003512684553,0.002208167842
335,0.003625132225,0.004517707223,0.00493809523,0.004852504781,0.004766356144,0.004697567593,0.004641243502,0.004533769398,0.004484644134,0.004549072714,0.00444390391,0.004328463298,0.004225466771,0.004139506409,0.004053820292,0.003971373103,0.003888682615,0.00382228538,0.003766159951,0.00370076119,0.003649144299,0.003598026645,0.003547408228,0.003512839766,0.002208250004
335.5,0.003625280401,0.004517939947,0.004938354661,0.004852758635,0.004766604408,0.004697811522,0.004641483759,0.004534002949,0.004484871825,0.004549304588,0.004444128288,0.004328679278,0.004225675358,0.00413970883,0.00405401656,0.003971563373,0.003888866877,0.00382246482,0.003766335474,0.003700931944,0.003649311349,0.003598190017,0.003547567949,0.003512997011,0.002208333118
336,0.003625430498,0.00451817576,0.004938617564,0.00485301588,0.004766855985,0.004698058702,0.004641727215,0.004534239602,0.004485102539,0.004549539543,0.004444355642,0.004328898114,0.004225886696,0.004139913914,0.004054215404,0.003971756135,0.003889053544,0.003822646598,0.003766513278,0.003701104911,0.00364948056,0.003598355499,0.003547729728,0.003513156279,0.00220841718
336.5,0.003625582508,0.00451841465,0.004938883924,0.004853276504,0.00476711086,0.004698309119,0.004641973854,0.004534479344,0.004485336262,0.004549777566,0.004444585957,0.004329119793,0.004226100773,0.00414012165,0.004054416813,0.003971951377,0.003889242608,0.003822830704,0.003766693355,0.003701280084,0.003649651925,0.003598523082,0.003547893556,0.003513317561,0.002208502186
337,0.003625736423,0.004518656602,0.004939153726,0.00485354049,0.004767369018,0.004698562757,0.004642223664,0.004534722161,0.004485572981,0.004550018644,0.004444819222,0.004329344304,0.004226317577,0.004140332027,0.004054620775,0.003972149089,0.003889434057,0.003823017127,0.003766875694,0.003701457453,0.003649825433,0.003598692756,0.003548059424,0.003513480849,0.002208588132
337.5,0.003625892233,0.004518901604,0.004939426955,0.004853807825,0.004767630447,0.004698819604,0.00464247663,0.004534968039,0.004485812682,0.004550262762,0.004445055422,0.004329571633,0.004226537096,0.004140545032,0.004054827281,0.00397234926,0.00388962788,0.003823205858,0.003767060286,0.003701637007,0.003650001074,0.003598864513,0.003548227324,0.003513646134,0.002208675013
338,0.003626049932,0.004519149642,0.004939703596,0.004854078493,0.00476789513,0.004699079645,0.004642732739,0.004535216965,0.004486055354,0.004550509909,0.004445294546,0.004329801768,0.004226759319,0.004140760655,0.004055036318,0.003972551879,0.003889824069,0.003823396887,0.00376724712,0.003701818738,0.003650178841,0.003599038344,0.003548397247,0.003513813407,0.002208762825
338.5,0.00362620951,0.004519400703,0.004939983635,0.004854352481,0.004768163055,0.004699342867,0.004642991977,0.004535468926,0.004486300982,0.00455076007,0.00444553658,0.004330034698,0.004226984233,0.004140978884,0.004055247876,0.003972756935,0.003890022612,0.003823590203,0.003767436188,0.003702002635,0.003650358723,0.003599214239,0.003548569183,0.003513982659,0.002208851565
339,0.00362637096,0.004519654774,0.004940267056,0.004854629774,0.004768434207,0.004699609255,0.004643254331,0.004535723909,0.004486549554,0.004551013233,0.004445781513,0.00433027041,0.004227211827,0.004141199708,0.004055461944,0.003972964419,0.003890223498,0.003823785796,0.003767627478,0.00370218869,0.003650540711,0.003599392189,0.003548743124,0.003514153882,0.002208941227
339.5,0.003626534273,0.004519911842,0.004940553845,0.004854910358,0.004768708571,0.004699878795,0.004643519786,0.004535981901,0.004486801058,0.004551269384,0.004446029331,0.004330508891,0.004227442089,0.004141423115,0.00405567851,0.003973174319,0.003890426719,0.003823983658,0.003767820982,0.003702376893,0.003650724797,0.003599572186,0.003548919062,0.003514327067,0.00220903181
340,0.003626699441,0.004520171894,0.004940843987,0.004855194217,0.004768986136,0.004700151475,0.00464378833,0.004536242888,0.00448705548,0.004551528511,0.004446280021,0.004330750131,0.004227675009,0.004141649094,0.004055897565,0.003973386625,0.003890632263,0.003824183776,0.00376801669,0.003702567235,0.00365091097,0.003599754221,0.003549096987,0.003514502206,0.002209123307
340.5,0.003626866455,0.004520434916,0.004941137467,0.004855481339,0.004769266885,0.004700427281,0.004644059949,0.004536506857,0.004487312808,0.0045517906,0.004446533572,0.004330994117,0.004227910573,0.004141877635,0.004056119096,0.003973601326,0.00389084012,0.003824386143,0.003768214592,0.003702759705,0.003651099222,0.003599938284,0.003549276891,0.00351467929,0.002209215715
341,0.003627035309,0.004520700897,0.004941434272,0.004855771708,0.004769550805,0.004700706198,0.004644334629,0.004536773796,0.004487573029,0.004552055639,0.00444678997,0.004331240836,0.00422814877,0.004142108725,0.004056343094,0.003973818412,0.003891050281,0.003824590747,0.003768414679,0.003702954296,0.003651289543,0.003600124366,0.003549458765,0.003514858311,0.002209309031
341.5,0.003627205993,0.004520969822,0.004941734387,0.004856065312,0.004769837884,0.004700988214,0.004644612358,0.004537043692,0.004487836131,0.004552323615,0.004447049205,0.004331490278,0.00422838959,0.004142342353,0.004056569547,0.003974037872,0.003891262736,0.00382479758,0.003768616941,0.003703150998,0.003651481926,0.00360031246,0.0035496426,0.003515039259,0.002209403249
342,0.003627378499,0.00452124168,0.004942037797,0.004856362135,0.004770128106,0.004701273315,0.004644893122,0.004537316532,0.004488102101,0.004552594515,0.004447311262,0.00433174243,0.004228633021,0.00414257851,0.004056798445,0.003974259697,0.003891477474,0.003825006632,0.003768821368,0.003703349801,0.00365167636,0.003600502556,0.003549828389,0.003515222128,0.002209498367
342.5,0.00362755282,0.004521516457,0.004942344487,0.004856662163,0.004770421458,0.004701561487,0.004645176908,0.004537592303,0.004488370926,0.004552868327,0.00444757613,0.00433199728,0.00422887905,0.004142817183,0.004057029777,0.003974483876,0.003891694485,0.003825217892,0.003769027952,0.003703550696,0.003651872836,0.003600694645,0.003550016122,0.003515406907,0.00220959438
343,0.003627728948,0.004521794141,0.004942654445,0.004856965384,0.004770717927,0.004701852717,0.004645463703,0.004537870992,0.004488642595,0.004553145037,0.004447843797,0.004332254817,0.004229127668,0.004143058361,0.004057263532,0.003974710398,0.00389191376,0.003825431351,0.003769236683,0.003703753675,0.003652071347,0.003600888719,0.003550205791,0.00351559359,0.002209691285
343.5,0.003627906875,0.00452207472,0.004942967655,0.004857271782,0.004771017499,0.004702146992,0.004645753494,0.004538152586,0.004488917094,0.004553424634,0.00444811425,0.004332515029,0.004229378863,0.004143302035,0.004057499701,0.003974939253,0.003892135288,0.003825647,0.00376944755,0.003703958727,0.003652271882,0.003601084769,0.003550397388,0.003515782167,0.002209789076
344,0.003628086592,0.00452235818,0.004943284103,0.004857581344,0.004771320161,0.004702444299,0.004646046267,0.004538437074,0.004489194412,0.004553707104,0.004448387477,0.004332777904,0.004229632623,0.004143548192,0.004057738272,0.003975170432,0.00389235906,0.003825864829,0.003769660546,0.003704165845,0.003652474433,0.003601282786,0.003550590903,0.00351597263,0.002209887751
344.5,0.003628268092,0.004522644509,0.004943603776,0.004857894057,0.004771625899,0.004702744624,0.00464634201,0.004538724442,0.004489474536,0.004553992435,0.004448663467,0.004333043431,0.004229888937,0.004143796823,0.004057979235,0.003975403924,0.003892585066,0.003826084829,0.003769875661,0.003704375019,0.003652678992,0.003601482762,0.00355078633,0.003516164971,0.002209987306
345,0.003628451367,0.004522933695,0.004943926659,0.004858209906,0.004771934699,0.004703047955,0.00464664071,0.004539014677,0.004489757454,0.004554280615,0.004448942207,0.004333311598,0.004230147795,0.004144047915,0.004058222579,0.003975639718,0.003892813296,0.00382630699,0.003770092885,0.00370458624,0.003652885549,0.003601684688,0.003550983658,0.003516359183,0.002210087736
345.5,0.00362863641,0.004523225725,0.004944252739,0.004858528879,0.004772246549,0.004703354278,0.004646942353,0.004539307769,0.004490043154,0.004554571631,0.004449223685,0.004333582394,0.004230409184,0.004144301459,0.004058468295,0.003975877806,0.003893043741,0.003826531302,0.00377031221,0.003704799498,0.003653094095,0.003601888556,0.003551182881,0.003516555256,0.002210189038
346,0.003628823211,0.004523520587,0.004944582001,0.004858850961,0.004772561435,0.00470366358,0.004647246928,0.004539603703,0.004490331624,0.004554865471,0.00444950789,0.004333855807,0.004230673095,0.004144557444,0.004058716371,0.003976118177,0.003893276391,0.003826757757,0.003770533625,0.003705014787,0.003653304623,0.003602094357,0.003551383989,0.003516753182,0.002210291209
346.5,0.003629011765,0.004523818268,0.004944914431,0.004859176138,0.004772879345,0.004703975848,0.004647554421,0.004539902467,0.004490622852,0.004555162122,0.004449794809,0.004334131826,0.004230939516,0.00414481586,0.004058966798,0.00397636082,0.003893511236,0.003826986345,0.003770757123,0.003705232095,0.003653517123,0.003602302083,0.003551586975,0.003516952954,0.002210394243
347,0.003629202062,0.004524118757,0.004945250017,0.004859504399,0.004773200264,0.00470429107,0.00464786482,0.004540204051,0.004490916825,0.004555461573,0.004450084431,0.00433441044,0.004231208436,0.004145076695,0.004059219566,0.003976605727,0.003893748267,0.003827217056,0.003770982693,0.003705451415,0.003653731587,0.003602511726,0.003551791831,0.003517154563,0.002210498137
347.5,0.003629394096,0.00452442204,0.004945588743,0.004859835728,0.00477352418,0.004704609232,0.004648178113,0.00454050844,0.004491213532,0.004555763811,0.004450376743,0.004334691636,0.004231479844,0.004145339939,0.004059474663,0.003976852887,0.003893987474,0.003827449881,0.003771210328,0.003705672738,0.003653948006,0.003602723276,0.003551998547,0.003517358002,0.002210602888
348,0.003629587858,0.004524728107,0.004945930598,0.004860170113,0.00477385108,0.004704930322,0.004648494285,0.004540815623,0.004491512961,0.004556068824,0.004450671735,0.004334975405,0.00423175373,0.004145605581,0.004059732081,0.00397710229,0.003894228847,0.003827684812,0.003771440017,0.003705896054,0.003654166372,0.003602936726,0.003552207116,0.003517563261,0.002210708492
348.5,0.003629783342,0.004525036944,0.004946275566,0.00486050754,0.00477418095,0.004705254327,0.004648813326,0.004541125587,0.0044918151,0.004556376601,0.004450969395,0.004335261734,0.004232030082,0.004145873612,0.004059991808,0.003977353927,0.003894472378,0.003827921838,0.003771671752,0.003706121356,0.003654386675,0.003603152067,0.00355241753,0.003517770334,0.002210814945
349,0.003629980539,0.004525348541,0.004946623634,0.004860847997,0.004774513778,0.004705581235,0.004649135222,0.004541438322,0.004492119937,0.004556687128,0.00445126971,0.004335550613,0.004232308891,0.004146144021,0.004060253835,0.003977607787,0.003894718056,0.003828160951,0.003771905524,0.003706348635,0.003654608909,0.003603369291,0.003552629781,0.003517979213,0.002210922243
349.5,0.003630179441,0.004525662884,0.004946974789,0.00486119147,0.004774849552,0.004705911032,0.004649459962,0.004541753814,0.004492427461,0.004557000394,0.004451572669,0.004335842031,0.004232590144,0.004146416796,0.004060518151,0.003977863862,0.003894965873,0.003828402142,0.003772141324,0.003706577881,0.003654833063,0.00360358839,0.00355284386,0.003518189889,0.002211030382
350,0.003630380042,0.004525979961,0.004947329018,0.004861537946,0.004775188257,0.004706243707,0.004649787532,0.004542072051,0.00449273766,0.004557316387,0.004451878262,0.004336135976,0.004232873832,0.004146691929,0.004060784748,0.003978122141,0.003895215819,0.003828645401,0.003772379143,0.003706809087,0.00365505913,0.003603809355,0.00355305976,0.003518402354,0.00221113936
350.5,0.003630582334,0.004526299762,0.004947686307,0.004861887411,0.004775529883,0.004706579246,0.00465011792,0.004542393022,0.004493050521,0.004557635096,0.004452186475,0.004336432437,0.004233159944,0.004146969409,0.004061053614,0.003978382615,0.003895467884,0.00382889072,0.003772618973,0.003707042243,0.003655287102,0.003604032179,0.003553277473,0.003518616601,0.002211249171
351,0.00363078631,0.004526622274,0.004948046643,0.004862239854,0.004775874414,0.004706917638,0.004650451115,0.004542716715,0.004493366035,0.004557956508,0.004452497299,0.004336731404,0.004233448469,0.004147249225,0.00406132474,0.003978645274,0.00389572206,0.003829138089,0.003772860804,0.003707277341,0.00365551697,0.003604256853,0.003553496991,0.003518832622,0.002211359812
351.5,0.003630991961,0.004526947485,0.004948410012,0.00486259526,0.00477622184,0.004707258869,0.004650787104,0.004543043118,0.004493684188,0.004558280611,0.004452810721,0.004337032865,0.004233739397,0.004147531367,0.004061598116,0.003978910109,0.003895978338,0.003829387499,0.003773104627,0.003707514374,0.003655748725,0.003604483369,0.003553718305,0.00351905041,0.002211471281
352,0.003631199281,0.004527275384,0.004948776402,0.004862953618,0.004776572148,0.004707602928,0.004651125874,0.004543372219,0.00449400497,0.004558607395,0.004453126731,0.00433733681,0.004234032718,0.004147815826,0.004061873732,0.00397917711,0.003896236707,0.003829638943,0.003773350435,0.003707753331,0.00365598236,0.003604711719,0.003553941408,0.003519269955,0.002211583572
352.5,0.003631408262,0.004527605958,0.004949145799,0.004863314913,0.004776925325,0.004707949802,0.004651467414,0.004543704006,0.004494328368,0.004558936846,0.004453445316,0.004337643228,0.00423432842,0.00414810259,0.004062151578,0.003979446268,0.003896497159,0.00382989241,0.003773598218,0.003707994205,0.003656217866,0.003604941895,0.003554166293,0.003519491252,0.002211696683
353,0.003631618896,0.004527939197,0.00494951819,0.004863679134,0.004777281358,0.004708299479,0.004651811712,0.004544038468,0.004494654373,0.004559268954,0.004453766466,0.004337952108,0.004234626494,0.004148391651,0.004062431645,0.003979717573,0.003896759685,0.003830147891,0.003773847968,0.003708236988,0.003656455235,0.00360517389,0.003554392951,0.003519714291,0.002211810609
353.5,0.003631831178,0.004528275088,0.004949893563,0.004864046268,0.004777640235,0.004708651946,0.004652158756,0.004544375593,0.004494982972,0.004559603708,0.00445409017,0.004338263439,0.004234926929,0.004148682997,0.004062713923,0.003979991015,0.003897024276,0.003830405379,0.003774099676,0.003708481671,0.003656694459,0.003605407694,0.003554621374,0.003519939066,0.002211925348
354,0.003632045098,0.004528613621,0.004950271903,0.004864416302,0.004778001944,0.004709007193,0.004652508533,0.00454471537,0.004495314154,0.004559941094,0.004454416416,0.004338577211,0.004235229715,0.00414897662,0.004062998403,0.003980266587,0.003897290923,0.003830664864,0.003774353333,0.003708728245,0.00365693553,0.0036056433,0.003554851556,0.003520165568,0.002212040895
354.5,0.003632260651,0.004528954783,0.004950653199,0.004864789224,0.004778366472,0.004709365205,0.004652861032,0.004545057786,0.004495647908,0.004560281103,0.004454745194,0.004338893413,0.004235534841,0.004149272509,0.004063285074,0.003980544278,0.003897559616,0.003830926338,0.003774608932,0.003708976703,0.00365717844,0.003605880701,0.003555083487,0.003520393791,0.002212157247
355,0.003632477828,0.004529298563,0.004951037437,0.00486516502,0.004778733808,0.004709725973,0.004653216241,0.004545402831,0.004495984222,0.004560623723,0.004455076492,0.004339212034,0.004235842298,0.004149570653,0.004063573927,0.003980824078,0.003897830347,0.003831189791,0.003774866463,0.003709227036,0.00365742318,0.003606119888,0.003555317161,0.003520623726,0.0022122744
355.5,0.003632696623,0.00452964495,0.004951424605,0.004865543678,0.004779103938,0.004710089482,0.004653574149,0.004545750493,0.004496323085,0.004560968942,0.004455410299,0.004339533064,0.004236152075,0.004149871044,0.004063864952,0.00398110598,0.003898103107,0.003831455216,0.003775125918,0.003709479236,0.003657669743,0.003606360853,0.003555552569,0.003520855366,0.002212392352
356,0.003632917028,0.004529993933,0.00495181469,0.004865925187,0.004779476851,0.004710455722,0.004653934742,0.00454610076,0.004496664487,0.004561316748,0.004455746605,0.004339856492,0.004236464163,0.004150173672,0.004064158141,0.003981389973,0.003898377886,0.003831722602,0.003775387289,0.003709733295,0.00365791812,0.00360660359,0.003555789705,0.003521088704,0.002212511097
356.5,0.003633139037,0.004530345499,0.004952207679,0.004866309533,0.004779852535,0.004710824681,0.004654298011,0.004546453622,0.004497008417,0.004561667132,0.004456085398,0.004340182308,0.00423677855,0.004150478526,0.004064453483,0.003981676049,0.003898654677,0.003831991943,0.003775650566,0.003709989205,0.003658168304,0.003606848089,0.00355602856,0.003521323732,0.002212630633
357,0.003633362641,0.004530699639,0.004952603559,0.004866696704,0.004780230978,0.004711196347,0.004654663943,0.004546809067,0.004497354862,0.00456202008,0.004456426668,0.004340510502,0.004237095227,0.004150785597,0.00406475097,0.003981964197,0.00389893347,0.00383226323,0.003775915743,0.003710246957,0.003658420286,0.003607094343,0.003556269127,0.003521560443,0.002212750957
357.5,0.003633587835,0.00453105634,0.004953002319,0.004867086688,0.004780612167,0.004711570708,0.004655032526,0.004547167083,0.004497703813,0.004562375583,0.004456770404,0.004340841062,0.004237414184,0.004151094876,0.004065050591,0.003982254411,0.003899214257,0.003832536453,0.00377618281,0.003710506543,0.00365867406,0.003607342345,0.003556511399,0.003521798829,0.002212872064
358,0.003633814611,0.004531415591,0.004953403945,0.004867479473,0.00478099609,0.004711947752,0.004655403749,0.00454752766,0.004498055258,0.004562733629,0.004457116595,0.00434117398,0.004237735411,0.004151406352,0.004065352338,0.003982546679,0.003899497029,0.003832811604,0.00377645176,0.003710767956,0.003658929616,0.003607592086,0.003556755368,0.003522038883,0.002212993951
358.5,0.003634042962,0.004531777382,0.004953808425,0.004867875046,0.004781382737,0.004712327468,0.004655777601,0.004547890786,0.004498409187,0.004563094207,0.00445746523,0.004341509244,0.004238058898,0.004151720017,0.004065656201,0.003982840994,0.003899781777,0.003833088675,0.003776722583,0.003711031187,0.003659186947,0.00360784356,0.003557001026,0.003522280597,0.002213116615
359,0.003634272881,0.004532141701,0.004954215746,0.004868273395,0.004781772094,0.004712709843,0.004656154069,0.004548256451,0.004498765588,0.004563457307,0.004457816299,0.004341846844,0.004238384636,0.004152035859,0.004065962171,0.003983137345,0.003900068492,0.003833367658,0.003776995273,0.003711296228,0.003659446046,0.003608096759,0.003557248366,0.003522523965,0.002213240053
359.5,0.003634504361,0.004532508538,0.004954625897,0.004868674509,0.00478216415,0.004713094868,0.004656533144,0.004548624643,0.004499124451,0.004563822916,0.004458169792,0.00434218677,0.004238712614,0.004152353871,0.004066270238,0.003983435726,0.003900357166,0.003833648544,0.003777269819,0.003711563072,0.003659706904,0.003608351674,0.003557497381,0.003522768979,0.00221336426
360,0.003634737395,0.004532877881,0.004955038864,0.004869078375,0.004782558894,0.004713482529,0.004656914812,0.004548995351,0.004499485765,0.004564191024,0.004458525696,0.004342529012,0.004239042822,0.004152674042,0.004066580395,0.003983736125,0.00390064779,0.003833931324,0.003777546216,0.003711831711,0.003659969515,0.003608608299,0.003557748063,0.003523015632,0.002213489234
360.5,0.003634971977,0.004533249719,0.004955454636,0.00486948498,0.004782956313,0.004713872815,0.004657299064,0.004549368564,0.00449984952,0.00456456162,0.004458884003,0.004342873559,0.004239375252,0.004152996364,0.00406689263,0.003984038536,0.003900940356,0.003834215991,0.003777824453,0.003712102136,0.003660233869,0.003608866625,0.003558000406,0.003523263916,0.00221361497
361,0.003635208099,0.004533624042,0.004955873201,0.004869894315,0.004783356397,0.004714265715,0.004657685887,0.004549744271,0.004500215704,0.004564934693,0.004459244701,0.004343220402,0.004239709892,0.004153320825,0.004067206936,0.003984342948,0.003901234856,0.003834502537,0.003778104524,0.00371237434,0.00366049996,0.003609126646,0.003558254401,0.003523513825,0.002213741466
361.5,0.003635445754,0.004534000839,0.004956294545,0.004870306365,0.004783759132,0.004714661218,0.004658075271,0.004550122463,0.004500584308,0.004565310233,0.004459607781,0.004343569531,0.004240046734,0.004153647419,0.004067523303,0.003984649353,0.00390153128,0.003834790952,0.00377838642,0.003712648315,0.003660767779,0.003609388355,0.003558510042,0.003523765351,0.002213868719
362,0.003635684936,0.004534380099,0.004956718658,0.00487072112,0.004784164509,0.004715059313,0.004658467204,0.004550503126,0.00450095532,0.004565688229,0.004459973231,0.004343920936,0.004240385768,0.004153976134,0.004067841723,0.003984957742,0.00390182962,0.003835081228,0.003778670134,0.003712924054,0.00366103732,0.003609651742,0.00355876732,0.003524018487,0.002213996724
362.5,0.003635925639,0.004534761811,0.004957145527,0.004871138568,0.004784572514,0.004715459987,0.004658861676,0.004550886252,0.00450132873,0.00456606867,0.004460341041,0.004344274606,0.004240726984,0.004154306961,0.004068162185,0.003985268107,0.003902129868,0.003835373359,0.003778955656,0.003713201547,0.003661308574,0.003609916802,0.00355902623,0.003524273226,0.002214125479
363,0.003636167854,0.004535145964,0.00495757514,0.004871558697,0.004784983138,0.004715863229,0.004659258674,0.004551271828,0.004501704528,0.004566451545,0.004460711202,0.004344630532,0.004241070372,0.004154639893,0.004068484682,0.003985580439,0.003902432016,0.003835667335,0.00377924298,0.003713480789,0.003661581535,0.003610183527,0.003559286764,0.003524529561,0.00221425498
363.5,0.003636411576,0.004535532548,0.004958007485,0.004871981495,0.004785396368,0.00471626903,0.004659658189,0.004551659845,0.004502082704,0.004566836844,0.004461083702,0.004344988704,0.004241415924,0.004154974918,0.004068809204,0.00398589473,0.003902736055,0.003835963148,0.003779532097,0.00371376177,0.003661856194,0.003610451909,0.003559548914,0.003524787485,0.002214385223
364,0.003636656797,0.004535921553,0.00495844255,0.004872406951,0.004785812193,0.004716677376,0.004660060209,0.004552050292,0.004502463246,0.004567224556,0.004461458532,0.004345349112,0.00424176363,0.004155312028,0.004069135743,0.00398621097,0.003903041977,0.00383626079,0.003779823,0.003714044484,0.003662132545,0.003610721941,0.003559812673,0.003525046991,0.002214516207
364.5,0.003636903512,0.004536312967,0.004958880323,0.004872835053,0.004786230601,0.004717088258,0.004660464723,0.004552443158,0.004502846144,0.00456761467,0.004461835681,0.004345711746,0.00424211348,0.004155651215,0.004069464289,0.003986529151,0.003903349774,0.003836560254,0.00378011568,0.003714328923,0.003662410579,0.003610993616,0.003560078035,0.003525308072,0.002214647926
365,0.003637151713,0.004536706781,0.004959320793,0.00487326579,0.004786651583,0.004717501664,0.004660871721,0.004552838433,0.004503231389,0.004568007177,0.00446221514,0.004346076597,0.004242465465,0.004155992468,0.004069794834,0.003986849265,0.003903659436,0.00383686153,0.00378041013,0.003714615079,0.003662690289,0.003611266927,0.003560344993,0.003525570721,0.002214780378
365.5,0.003637401394,0.004537102983,0.004959763948,0.004873699149,0.004787075125,0.004717917583,0.004661281191,0.004553236106,0.00450361897,0.004568402065,0.004462596897,0.004346443655,0.004242819575,0.004156335779,0.004070127369,0.003987171304,0.003903970958,0.003837164612,0.003780706342,0.003714902944,0.003662971669,0.003611541867,0.003560613539,0.003525834931,0.00221491356
366,0.003637652548,0.004537501564,0.004960209776,0.004874135121,0.004787501217,0.004718336005,0.004661693123,0.004553636166,0.004504008876,0.004568799324,0.004462980944,0.00434681291,0.004243175802,0.004156681138,0.004070461886,0.003987495258,0.003904284329,0.003837469492,0.003781004308,0.003715192512,0.003663254709,0.003611818427,0.003560883666,0.003526100696,0.002215047468
366.5,0.003637905169,0.004537902512,0.004960658265,0.004874573692,0.004787929849,0.004718756918,0.004662107506,0.004554038604,0.004504401099,0.004569198944,0.00446336727,0.004347184353,0.004243534136,0.004157028538,0.004070798375,0.003987821119,0.003904599542,0.00383777616,0.003781304021,0.003715483774,0.003663539405,0.003612096602,0.003561155367,0.003526368007,0.002215182099
367,0.003638159249,0.004538305818,0.004961109404,0.004875014853,0.004788361008,0.004719180311,0.00466252433,0.004554443408,0.004504795626,0.004569600915,0.004463755865,0.004347557974,0.004243894568,0.004157377968,0.004071136828,0.003988148879,0.003904916589,0.00383808461,0.003781605473,0.003715776724,0.003663825747,0.003612376384,0.003561428636,0.003526636859,0.00221531745
367.5,0.003638414784,0.004538711472,0.004961563181,0.004875458591,0.004788794685,0.004719606173,0.004662943583,0.004554850569,0.004505192449,0.004570005226,0.004464146719,0.004347933763,0.004244257088,0.00415772942,0.004071477237,0.00398847853,0.003905235461,0.003838394834,0.003781908655,0.003716071353,0.003664113728,0.003612657766,0.003561703466,0.003526907245,0.002215453517
368,0.003638671765,0.004539119462,0.004962019585,0.004875904895,0.004789230867,0.004720034495,0.004663365255,0.004555260077,0.004505591558,0.004570411868,0.004464539822,0.004348311712,0.004244621688,0.004158082885,0.004071819593,0.003988810064,0.003905556151,0.003838706824,0.003782213562,0.003716367655,0.003664403343,0.00361294074,0.003561979848,0.003527179158,0.002215590298
368.5,0.003638930187,0.00453952978,0.004962478604,0.004876353755,0.004789669544,0.004720465265,0.004663789336,0.00455567192,0.004505992941,0.004570820829,0.004464935165,0.004348691809,0.004244988357,0.004158438354,0.004072163886,0.003989143471,0.003905878651,0.003839020572,0.003782520185,0.003716665621,0.003664694582,0.003613225301,0.003562257778,0.003527452591,0.002215727789
369,0.003639190043,0.004539942414,0.004962940228,0.004876805159,0.004790110705,0.004720898472,0.004664215815,0.004556086089,0.004506396591,0.004571232099,0.004465332738,0.004349074047,0.004245357089,0.004158795819,0.00407251011,0.003989478744,0.003906202953,0.00383933607,0.003782828516,0.003716965245,0.00366498744,0.00361351144,0.003562537248,0.003527727537,0.002215865987
369.5,0.003639451328,0.004540357355,0.004963404443,0.004877259095,0.004790554339,0.004721334106,0.004664644681,0.004556502574,0.004506802495,0.00457164567,0.00446573253,0.004349458416,0.004245727872,0.004159155271,0.004072858255,0.003989815875,0.003906529049,0.003839653311,0.003783138547,0.00371726652,0.003665281908,0.003613799152,0.00356281825,0.003528003991,0.002216004888
370,0.003639714033,0.004540774592,0.00496387124,0.004877715554,0.004791000436,0.004721772156,0.004665075924,0.004556921365,0.004507210646,0.00457206153,0.004466134533,0.004349844906,0.004246100699,0.0041595167,0.004073208312,0.003990154855,0.003906856931,0.003839972287,0.003783450273,0.003717569437,0.003665577981,0.003614088428,0.003563100779,0.003528281944,0.002216144491
370.5,0.003639978154,0.004541194116,0.004964340607,0.004878174523,0.004791448984,0.004722212611,0.004665509534,0.00455734245,0.004507621032,0.004572479669,0.004466538736,0.004350233509,0.00424647556,0.004159880099,0.004073560274,0.003990495677,0.00390718659,0.00384029299,0.003783763684,0.003717873991,0.00366587565,0.003614379262,0.003563384828,0.003528561391,0.002216284791
371,0.003640243683,0.004541615916,0.004964812532,0.004878635992,0.004791899973,0.004722655462,0.004665945501,0.004557765822,0.004508033644,0.004572900078,0.00446694513,0.004350624214,0.004246852446,0.004160245458,0.004073914132,0.003990838332,0.00390751802,0.003840615413,0.003784078774,0.003718180172,0.003666174908,0.003614671647,0.003563670389,0.003528842325,0.002216425785
371.5,0.003640510615,0.004542039983,0.004965287005,0.00487909995,0.004792353393,0.004723100697,0.004666383813,0.004558191468,0.004508448473,0.004573322747,0.004467353706,0.004351017013,0.004247231348,0.004160612769,0.004074269878,0.003991182812,0.003907851213,0.003840939548,0.003784395535,0.003718487976,0.00366647575,0.003614965577,0.003563957457,0.003529124739,0.00221656747
372,0.003640778942,0.004542466307,0.004965764014,0.004879566387,0.004792809232,0.004723548307,0.004666824462,0.00455861938,0.004508865508,0.004573747665,0.004467764453,0.004351411896,0.004247612259,0.004160982024,0.004074627504,0.003991529109,0.00390818616,0.003841265388,0.00378471396,0.003718797393,0.003666778167,0.003615261044,0.003564246024,0.003529408626,0.002216709844
372.5,0.00364104866,0.004542894877,0.004966243549,0.00488003529,0.00479326748,0.00472399828,0.004667267435,0.004559049548,0.00450928474,0.004574174824,0.004468177362,0.004351808855,0.004247995168,0.004161353214,0.004074987,0.003991877215,0.003908522854,0.003841592925,0.003785034041,0.003719108418,0.003667082153,0.003615558042,0.003564536084,0.003529693981,0.002216852902
373,0.003641319761,0.004543325684,0.004966725598,0.00488050665,0.004793728127,0.004724450607,0.004667712725,0.004559481962,0.004509706159,0.004574604212,0.004468592424,0.00435220788,0.004248380067,0.00416172633,0.00407534836,0.003992227122,0.003908861288,0.003841922151,0.003785355771,0.003719421042,0.003667387701,0.003615856563,0.00356482763,0.003529980797,0.002216996643
373.5,0.00364159224,0.004543758718,0.00496721015,0.004880980456,0.004794191162,0.004724905277,0.00466816032,0.004559916611,0.004510129757,0.004575035821,0.004469009629,0.004352608962,0.004248766947,0.004162101364,0.004075711574,0.003992578823,0.003909201453,0.00384225306,0.003785679143,0.00371973526,0.003667694804,0.003616156602,0.003565120655,0.003530269067,0.002217141062
374,0.00364186609,0.00454419397,0.004967697194,0.004881456697,0.004794656575,0.00472536228,0.00466861021,0.004560353486,0.004510555522,0.00457546964,0.004469428969,0.004353012093,0.0042491558,0.004162478307,0.004076076634,0.003992932309,0.003909543342,0.003842585643,0.00378600415,0.003720051063,0.003668003454,0.003616458151,0.003565415154,0.003530558784,0.002217286157
374.5,0.003642141305,0.004544631429,0.00496818672,0.004881935362,0.004795124354,0.004725821606,0.004669062385,0.004560792578,0.004510983446,0.00457590566,0.004469850433,0.004353417262,0.004249546616,0.004162857152,0.004076443534,0.003993287573,0.003909886947,0.003842919894,0.003786330784,0.003720368445,0.003668313646,0.003616761204,0.00356571112,0.003530849943,0.002217431925
375,0.00364241788,0.004545071087,0.004968678717,0.004882416441,0.004795594491,0.004726283244,0.004669516835,0.004561233877,0.004511413519,0.004576343872,0.004470274012,0.004353824462,0.004249939388,0.004163237889,0.004076812263,0.003993644606,0.003910232261,0.003843255805,0.003786659038,0.003720687399,0.003668625372,0.003617065754,0.003566008545,0.003531142537,0.002217578362
375.5,0.003642695807,0.004545512933,0.004969173173,0.004882899923,0.004796066974,0.004726747185,0.004669973551,0.004561677372,0.004511845732,0.004576784265,0.004470699697,0.004354233683,0.004250334107,0.004163620511,0.004077182815,0.003994003401,0.003910579277,0.003843593368,0.003786988905,0.003721007918,0.003668938626,0.003617371795,0.003566307424,0.00353143656,0.002217725466
376,0.003642975081,0.004545956958,0.004969670078,0.004883385798,0.004796541793,0.004727213419,0.004670432522,0.004562123055,0.004512280076,0.00457722683,0.004471127478,0.004354644916,0.004250730764,0.004164005009,0.004077555181,0.00399436395,0.003910927986,0.003843932577,0.003787320378,0.003721329995,0.003669253401,0.003617679319,0.003566607751,0.003531732005,0.002217873234
376.5,0.003643255695,0.004546403152,0.004970169422,0.004883874056,0.004797018939,0.004727681934,0.004670893738,0.004562570916,0.00451271654,0.004577671558,0.004471557347,0.004355058153,0.00425112935,0.004164391374,0.004077929354,0.003994726245,0.003911278381,0.003844273424,0.00378765345,0.003721653624,0.003669569689,0.003617988321,0.003566909518,0.003532028866,0.002218021662
377,0.003643537645,0.004546851506,0.004970671193,0.004884364685,0.0047974984,0.004728152722,0.00467135719,0.004563020945,0.004513155116,0.004578118439,0.004471989295,0.004355473385,0.004251529857,0.0041647796,0.004078305325,0.003995090279,0.003911630456,0.003844615901,0.003787988114,0.003721978796,0.003669887485,0.003618298793,0.003567212719,0.003532327136,0.002218170748
377.5,0.003643820923,0.00454730201,0.004971175382,0.004884857675,0.004797980167,0.004728625773,0.004671822868,0.004563473133,0.004513595795,0.004578567463,0.004472423312,0.004355890602,0.004251932277,0.004165169677,0.004078683086,0.003995456044,0.003911984202,0.003844960003,0.003788324362,0.003722305506,0.003670206782,0.003618610729,0.003567517348,0.00353262681,0.002218320489
378,0.003644105524,0.004547754655,0.004971681977,0.004885353017,0.00479846423,0.004729101076,0.004672290762,0.00456392747,0.004514038567,0.004579018622,0.004472859389,0.004356309797,0.004252336602,0.004165561597,0.00407906263,0.003995823532,0.003912339611,0.00384530572,0.003788662188,0.003722633746,0.003670527572,0.003618924123,0.003567823399,0.003532927881,0.002218470881
378.5,0.003644391442,0.004548209432,0.004972190967,0.004885850699,0.004798950578,0.004729578621,0.004672760862,0.004564383947,0.004514483424,0.004579471905,0.004473297517,0.00435673096,0.004252742822,0.004165955352,0.004079443948,0.003996192736,0.003912696678,0.003845653047,0.003789001584,0.00372296351,0.00367084985,0.003619238969,0.003568130865,0.003533230343,0.002218621923
379,0.003644678671,0.004548666331,0.004972702343,0.004886350712,0.004799439202,0.004730058399,0.004673233159,0.004564842554,0.004514930355,0.004579927305,0.004473737687,0.004357154084,0.004253150929,0.004166350934,0.004079827033,0.003996563648,0.003913055394,0.003846001977,0.003789342544,0.003723294792,0.003671173609,0.003619555259,0.00356843974,0.00353353419,0.002218773609
379.5,0.003644967204,0.004549125343,0.004973216094,0.004886853046,0.004799930091,0.004730540401,0.004673707643,0.004565303283,0.004515379352,0.00458038481,0.00447417989,0.004357579158,0.004253560916,0.004166748336,0.004080211877,0.003996936261,0.003913415752,0.003846352501,0.003789685061,0.003723627583,0.003671498842,0.003619872987,0.003568750018,0.003533839415,0.002218925939
380,0.003645257037,0.004549586458,0.00497373221,0.004887357689,0.004800423236,0.004731024616,0.004674184304,0.004565766124,0.004515830405,0.004580844412,0.004474624117,0.004358006176,0.004253972774,0.004167147548,0.004080598473,0.003997310567,0.003913777744,0.003846704613,0.003790029128,0.003723961879,0.003671825543,0.003620192147,0.003569061693,0.003534146013,0.002219078909
380.5,0.003645548163,0.004550049668,0.00497425068,0.004887864633,0.004800918627,0.004731511034,0.004674663134,0.004566231067,0.004516283507,0.004581306102,0.004475070359,0.004358435127,0.004254386494,0.004167548563,0.004080986812,0.003997686558,0.003914141364,0.003847058306,0.003790374738,0.003724297671,0.003672153704,0.003620512733,0.003569374758,0.003534453977,0.002219232516
381,0.003645840576,0.004550514963,0.004974771494,0.004888373866,0.004801416254,0.004731999646,0.004675144122,0.004566698104,0.004516738647,0.004581769871,0.004475518608,0.004358866004,0.004254802069,0.004167951374,0.004081376887,0.003998064228,0.003914506605,0.003847413574,0.003790721884,0.003724634953,0.003672483321,0.003620834739,0.003569689206,0.003534763302,0.002219386757
381.5,0.003646134271,0.004550982334,0.004975294641,0.00488888538,0.004801916107,0.004732490442,0.004675627258,0.004567167224,0.004517195817,0.004582235709,0.004475968855,0.004359298798,0.00425521949,0.004168355971,0.004081768689,0.003998443568,0.003914873459,0.003847770408,0.00379107056,0.00372497372,0.003672814385,0.003621158157,0.003570005033,0.00353507398,0.002219541629
382,0.003646429242,0.004551451772,0.004975820112,0.004889399163,0.004802418176,0.004732983414,0.004676112535,0.00456763842,0.004517655008,0.004582703607,0.00447642109,0.004359733501,0.004255638749,0.004168762348,0.004082162213,0.003998824572,0.003915241919,0.003848128802,0.003791420758,0.003725313963,0.003673146892,0.003621482982,0.003570322232,0.003535386007,0.00221969713
382.5,0.003646725483,0.004551923268,0.004976347895,0.004889915206,0.004802922452,0.00473347855,0.004676599941,0.004568111682,0.00451811621,0.004583173557,0.004476875305,0.004360170104,0.004256059838,0.004169170496,0.004082557449,0.003999207232,0.003915611977,0.00384848875,0.003791772471,0.003725655677,0.003673480834,0.003621809207,0.003570640796,0.003535699376,0.002219853256
383,0.003647022988,0.004552396813,0.004976877982,0.0048904335,0.004803428925,0.004733975842,0.004677089468,0.004568587,0.004518579416,0.004583645549,0.004477331492,0.004360608599,0.004256482749,0.004169580408,0.004082954391,0.00399959154,0.003915983628,0.003848850244,0.003792125694,0.003725998855,0.003673816204,0.003622136826,0.00357096072,0.003536014081,0.002220010005
383.5,0.003647321752,0.004552872398,0.004977410362,0.004890954033,0.004803937585,0.00473447528,0.004677581107,0.004569064367,0.004519044616,0.004584119574,0.004477789641,0.004361048978,0.004256907474,0.004169992075,0.004083353031,0.003999977489,0.003916356863,0.003849213277,0.00379248042,0.00372634349,0.003674152998,0.003622465834,0.003571281998,0.003536330117,0.002220167374
384,0.003647621769,0.004553350013,0.004977945025,0.004891476797,0.004804448422,0.004734976855,0.004678074848,0.004569543772,0.004519511802,0.004584595624,0.004478249744,0.004361491232,0.004257334005,0.004170405491,0.00408375336,0.004000365073,0.003916731676,0.003849577843,0.003792836641,0.003726689576,0.003674491207,0.003622796223,0.003571604623,0.003536647477,0.002220325359
384.5,0.003647923033,0.004553829651,0.00497848196,0.004892001782,0.004804961428,0.004735480557,0.004678570681,0.004570025207,0.004519980964,0.004585073689,0.004478711792,0.004361935353,0.004257762333,0.004170820647,0.004084155373,0.004000754283,0.00391710806,0.003849943934,0.003793194351,0.003727037107,0.003674830827,0.003623127987,0.003571928589,0.003536966155,0.002220483959
385,0.003648225538,0.004554311301,0.004979021159,0.004892528977,0.004805476593,0.004735986377,0.004679068599,0.004570508663,0.004520452094,0.00458555376,0.004479175777,0.004362381332,0.004258192452,0.004171237535,0.004084559061,0.004001145114,0.003917486008,0.003850311544,0.003793553543,0.003727386077,0.00367517185,0.003623461122,0.003572253891,0.003537286145,0.002220643171
385.5,0.00364852928,0.004554794956,0.00497956261,0.004893058373,0.004805993906,0.004736494306,0.004679568591,0.004570994132,0.004520925184,0.00458603583,0.004479641691,0.004362829162,0.004258624353,0.004171656149,0.004084964417,0.004001537556,0.003917865512,0.003850680667,0.003793914212,0.003727736477,0.003675514271,0.003623795619,0.003572580523,0.003537607443,0.002220802991
386,0.003648834252,0.004555280606,0.004980106304,0.004893589961,0.004806513359,0.004737004335,0.004680070648,0.004571481603,0.004521400224,0.004586519888,0.004480109524,0.004363278835,0.004259058028,0.004172076479,0.004085371433,0.004001931604,0.003918246567,0.003851051295,0.003794276349,0.003728088304,0.003675858082,0.003624131474,0.003572908478,0.003537930041,0.002220963417
386.5,0.003649140448,0.004555768243,0.004980652232,0.00489412373,0.004807034943,0.004737516454,0.004680574762,0.004571971069,0.004521877207,0.004587005926,0.004480579268,0.004363730341,0.004259493469,0.00417249852,0.004085780103,0.00400232725,0.003918629164,0.003851423422,0.00379463995,0.003728441549,0.003676203279,0.00362446868,0.003573237751,0.003538253934,0.002221124446
387,0.003649447864,0.004556257858,0.004981200382,0.004894659672,0.004807558647,0.004738030653,0.004681080923,0.00457246252,0.004522356123,0.004587493936,0.004481050916,0.004364183674,0.004259930669,0.004172922262,0.004086190418,0.004002724487,0.003919013298,0.003851797042,0.003795005007,0.003728796207,0.003676549855,0.003624807231,0.003573568336,0.003538579116,0.002221286075
387.5,0.003649756494,0.004556749442,0.004981750747,0.004895197776,0.004808084463,0.004738546925,0.004681589123,0.004572955948,0.004522836965,0.004587983908,0.004481524457,0.004364638825,0.004260369619,0.004173347699,0.004086602372,0.004003123308,0.003919398961,0.003852172146,0.003795371513,0.003729152271,0.003676897803,0.003625147122,0.003573900227,0.003538905581,0.002221448302
388,0.003650066332,0.004557242986,0.004982303315,0.004895738034,0.004808612381,0.004739065259,0.004682099352,0.004573451345,0.004523319723,0.004588475835,0.004481999885,0.004365095786,0.004260810313,0.004173774823,0.004087015958,0.004003523706,0.003919786146,0.00385254873,0.003795739463,0.003729509736,0.003677247118,0.003625488346,0.003574233418,0.003539233325,0.002221611123
388.5,0.003650377372,0.004557738482,0.004982858077,0.004896280435,0.004809142392,0.004739585647,0.004682611601,0.004573948701,0.004523804388,0.004588969707,0.004482477191,0.004365554549,0.004261252742,0.004174203627,0.004087431167,0.004003925674,0.003920174848,0.003852926786,0.003796108849,0.003729868594,0.003677597793,0.003625830896,0.003574567903,0.00353956234,0.002221774537
389,0.00365068961,0.004558235922,0.004983415024,0.00489682497,0.004809674487,0.00474010808,0.004683125862,0.004574448008,0.004524290954,0.004589465516,0.004482956366,0.004366015106,0.004261696898,0.004174634103,0.004087847993,0.004004329205,0.003920565058,0.003853306307,0.003796479666,0.00373022884,0.003677949823,0.003626174769,0.003574903676,0.003539892621,0.00222193854
389.5,0.00365100304,0.004558735296,0.004983974146,0.00489737163,0.004810208657,0.004740632548,0.004683642125,0.004574949257,0.004524779411,0.004589963253,0.004483437402,0.004366477449,0.004262142775,0.004175066244,0.004088266429,0.004004734293,0.003920956771,0.003853687288,0.003796851908,0.003730590467,0.003678303201,0.003626519956,0.003575240733,0.003540224163,0.00222210313
390,0.003651317655,0.004559236596,0.004984535433,0.004897920406,0.004810744892,0.004741159043,0.004684160382,0.00457545244,0.004525269751,0.00459046291,0.004483920291,0.00436694157,0.004262590363,0.004175500042,0.004088686468,0.004005140929,0.00392134998,0.003854069722,0.003797225567,0.00373095347,0.003678657921,0.003626866453,0.003575579066,0.00354055696,0.002222268304
390.5,0.003651633452,0.004559739814,0.004985098875,0.004898471287,0.004811283183,0.004741687555,0.004684680624,0.004575957548,0.004525761966,0.004590964478,0.004484405025,0.004367407462,0.004263039657,0.00417593549,0.004089108102,0.004005549107,0.003921744677,0.003854453602,0.003797600637,0.003731317842,0.003679013978,0.003627214254,0.003575918671,0.003540891006,0.002222434059
391,0.003651950425,0.004560244941,0.004985664464,0.004899024266,0.004811823522,0.004742218077,0.004685202843,0.004576464572,0.004526256047,0.004591467949,0.004484891596,0.004367875116,0.004263490647,0.004176372581,0.004089531324,0.004005958821,0.003922140857,0.003854838921,0.003797977112,0.003731683577,0.003679371365,0.003627563353,0.003576259541,0.003541226296,0.002222600392
391.5,0.003652268568,0.00456075197,0.00498623219,0.004899579332,0.004812365899,0.004742750598,0.004685727029,0.004576973505,0.004526751986,0.004591973315,0.004485379995,0.004368344524,0.004263943327,0.004176811307,0.004089956128,0.004006370064,0.003922538512,0.003855225674,0.003798354987,0.003732050668,0.003679730076,0.003627913743,0.003576601671,0.003541562824,0.002222767302
392,0.003652587876,0.00456126089,0.004986802043,0.004900136476,0.004812910305,0.00474328511,0.004686253174,0.004577484338,0.004527249775,0.004592480566,0.004485870214,0.00436881568,0.00426439769,0.004177251661,0.004090382505,0.004006782828,0.003922937637,0.003855613854,0.003798734253,0.003732419111,0.003680090106,0.00362826542,0.003576945055,0.003541900585,0.002222934785
392.5,0.003652908343,0.004561771695,0.004987374015,0.00490069569,0.004813456732,0.004743821605,0.004686781269,0.004577997062,0.004527749405,0.004592989696,0.004486362246,0.004369288575,0.004264853727,0.004177693636,0.00409081045,0.004007197107,0.003923338224,0.003856003455,0.003799114907,0.003732788898,0.003680451448,0.003628618378,0.003577289688,0.003542239572,0.002223102839
393,0.003653229965,0.004562284375,0.004987948094,0.004901256964,0.00481400517,0.004744360074,0.004687311306,0.00457851167,0.00452825087,0.004593500695,0.004486856082,0.004369763201,0.004265311431,0.004178137225,0.004091239956,0.004007612895,0.003923740268,0.00385639447,0.00379949694,0.003733160025,0.003680814096,0.00362897261,0.003577635564,0.003542579781,0.002223271461
393.5,0.003653552735,0.004562798923,0.004988524274,0.004901820288,0.004814555611,0.004744900507,0.004687843276,0.004579028152,0.004528754159,0.004594013555,0.004487351714,0.004370239551,0.004265770795,0.00417858242,0.004091671014,0.004008030184,0.003924143761,0.003856786893,0.003799880347,0.003733532484,0.003681178046,0.00362932811,0.003577982677,0.003542921206,0.002223440648
394,0.00365387665,0.00456331533,0.004989102543,0.004902385655,0.004815108045,0.004745442896,0.00468837717,0.0045795465,0.004529259266,0.004594528267,0.004487849135,0.004370717617,0.004266231812,0.004179029215,0.004092103619,0.004008448967,0.003924548697,0.003857180717,0.003800265122,0.00373390627,0.00368154329,0.003629684875,0.003578331023,0.003543263842,0.002223610398
394.5,0.003654201703,0.004563833588,0.004989682893,0.004902953055,0.004815662464,0.004745987233,0.004688912981,0.004580066707,0.004529766183,0.004595044825,0.004488348336,0.004371197392,0.004266694474,0.004179477602,0.004092537763,0.004008869239,0.00392495507,0.003857575937,0.003800651259,0.003734281376,0.003681909824,0.003630042897,0.003578680594,0.003543607683,0.002223780708
395,0.003654527889,0.004564353689,0.004990265315,0.004903522479,0.004816218859,0.00474653351,0.004689450699,0.004580588764,0.0045302749,0.004595563219,0.00448884931,0.004371678868,0.004267158773,0.004179927574,0.004092973441,0.004009290993,0.003925362873,0.003857972546,0.003801038752,0.003734657798,0.003682277641,0.00363040217,0.003579031386,0.003543952723,0.002223951576
395.5,0.003654855204,0.004564875624,0.0049908498,0.004904093917,0.004816777222,0.004747081716,0.004689990316,0.004581112663,0.004530785411,0.004596083442,0.004489352048,0.004372162036,0.004267624703,0.004180379124,0.004093410643,0.004009714221,0.0039257721,0.003858370538,0.003801427594,0.003735035529,0.003682646735,0.00363076269,0.003579383394,0.003544298958,0.002224122999
396,0.003655183642,0.004565399386,0.004991436337,0.004904667362,0.004817337544,0.004747631844,0.004690531824,0.004581638395,0.004531297708,0.004596605485,0.004489856544,0.004372646891,0.004268092257,0.004180832246,0.004093849365,0.004010138917,0.003926182744,0.003858769906,0.00380181778,0.003735414563,0.003683017102,0.003631124451,0.003579736611,0.003544646381,0.002224294974
396.5,0.003655513197,0.004565924967,0.00499202492,0.004905242804,0.004817899815,0.004748183886,0.004691075214,0.004582165953,0.004531811781,0.00459712934,0.004490362788,0.004373133424,0.004268561426,0.004181286931,0.004094289599,0.004010565076,0.0039265948,0.003859170646,0.003802209303,0.003735794894,0.003683388734,0.003631487447,0.003580091033,0.003544994988,0.0022244675
397,0.003655843865,0.004566452358,0.004992615537,0.004905820235,0.004818464028,0.004748737833,0.004691620478,0.004582695329,0.004532327625,0.004597654999,0.004490870773,0.004373621628,0.004269032204,0.004181743174,0.004094731339,0.004010992689,0.00392700826,0.003859572749,0.003802602157,0.003736176517,0.003683761627,0.003631851673,0.003580446654,0.003545344774,0.002224640573
397.5,0.003656175641,0.004566981551,0.004993208181,0.004906399645,0.004819030174,0.004749293676,0.004692167608,0.004583226514,0.00453284523,0.004598182455,0.004491380492,0.004374111496,0.004269504584,0.004182200966,0.004095174577,0.004011421751,0.003927423119,0.003859976211,0.003802996337,0.003736559425,0.003684135775,0.003632217123,0.003580803468,0.003545695732,0.00222481419
398,0.00365650852,0.004567512539,0.004993802842,0.004906981026,0.004819598244,0.004749851407,0.004692716595,0.0045837595,0.004533364589,0.004598711699,0.004491891937,0.004374603019,0.004269978559,0.004182660302,0.004095619308,0.004011852256,0.003927839371,0.003860381025,0.003803391837,0.003736943614,0.003684511172,0.003632583791,0.003581161471,0.003546047857,0.00222498835
398.5,0.003656842496,0.004568045313,0.004994399512,0.004907564369,0.00482016823,0.004750411018,0.004693267432,0.00458429428,0.004533885694,0.004599242723,0.004492405101,0.004375096191,0.004270454121,0.004183121175,0.004096065524,0.004012284196,0.003928257008,0.003860787186,0.00380378865,0.003737329077,0.003684887812,0.003632951672,0.003581520656,0.003546401145,0.00222516305
399,0.003657177565,0.004568579866,0.004994998181,0.004908149666,0.004820740123,0.0047509725,0.00469382011,0.004584830845,0.004534408537,0.004599775519,0.004492919974,0.004375591005,0.004270931263,0.004183583576,0.004096513218,0.004012717566,0.003928676025,0.003861194686,0.003804186771,0.003737715808,0.00368526569,0.003633320761,0.003581881019,0.00354675559,0.002225338288
399.5,0.003657513721,0.00456911619,0.004995598841,0.004908736907,0.004821313915,0.004751535845,0.00469437462,0.004585369188,0.004534933112,0.00460031008,0.004493436551,0.004376087452,0.004271409979,0.004184047501,0.004096962385,0.004013152358,0.003929096416,0.003861603521,0.003804586194,0.003738103801,0.003685644801,0.003633691052,0.003582242554,0.003547111187,0.00222551406
400,0.003657850959,0.004569654276,0.004996201482,0.004909326085,0.004821889597,0.004752101045,0.004694930956,0.004585909301,0.004535459409,0.004600846398,0.004493954823,0.004376585527,0.004271890261,0.004184512941,0.004097413017,0.004013588567,0.003929518174,0.003862013683,0.003804986913,0.003738493052,0.003686025138,0.003634062539,0.003582605255,0.003547467931,0.002225690364
400.5,0.003658189275,0.004570194117,0.004996806097,0.00490991719,0.004822467161,0.004752668092,0.004695489107,0.004586451175,0.004535987421,0.004601384464,0.004494474782,0.00437708522,0.004272372102,0.004184979891,0.004097865109,0.004014026186,0.003929941294,0.003862425168,0.003805388922,0.003738883555,0.003686406697,0.003634435218,0.003582969119,0.003547825815,0.002225867198
401,0.003658528664,0.004570735706,0.004997412676,0.004910510214,0.004823046599,0.004753236977,0.004696049068,0.004586994804,0.004536517141,0.004601924272,0.004494996422,0.004377586526,0.004272855495,0.004185448342,0.004098318652,0.00401446521,0.003930365769,0.003862837969,0.003805792216,0.003739275303,0.003686789471,0.003634809083,0.003583334138,0.003548184837,0.00222604456
401.5,0.00365886912,0.004571279034,0.004998021211,0.004911105149,0.004823627902,0.004753807693,0.004696610829,0.004587540179,0.004537048561,0.004602465812,0.004495519735,0.004378089438,0.004273340434,0.00418591829,0.004098773642,0.00401490563,0.003930791593,0.00386325208,0.003806196788,0.003739668291,0.003687173456,0.003635184129,0.003583700309,0.003548544989,0.002226222447
402,0.003659210639,0.004571824094,0.004998631693,0.004911701986,0.004824211063,0.00475438023,0.004697174383,0.004588087292,0.004537581674,0.004603009079,0.004496044713,0.004378593947,0.004273826912,0.004186389726,0.004099230072,0.004015347443,0.00393121876,0.003863667496,0.003806602633,0.003740062513,0.003687558645,0.003635560349,0.003584067626,0.003548906267,0.002226400856
402.5,0.003659553215,0.004572370878,0.004999244113,0.004912300717,0.004824796072,0.004754954582,0.004697739721,0.004588636136,0.004538116471,0.004603554063,0.004496571349,0.004379100046,0.004274314921,0.004186862645,0.004099687934,0.00401579064,0.003931647264,0.00386408421,0.003807009745,0.003740457965,0.003687945034,0.00363593774,0.003584436083,0.003549268666,0.002226579785
403,0.003659896845,0.004572919378,0.004999858462,0.004912901332,0.004825382922,0.004755530739,0.004698306836,0.004589186703,0.004538652946,0.004604100758,0.004497099636,0.00437960773,0.004274804455,0.004187337039,0.004100147223,0.004016235216,0.003932077099,0.003864502217,0.003807418118,0.00374085464,0.003688332616,0.003636316295,0.003584805676,0.003549632181,0.002226759232
403.5,0.003660241522,0.004573469587,0.005000474733,0.004913503825,0.004825971604,0.004756108695,0.00469887572,0.004589738986,0.004539191091,0.004604649155,0.004497629566,0.00438011699,0.004275295507,0.004187812902,0.004100607932,0.004016681165,0.00393250826,0.00386492151,0.003807827747,0.003741252533,0.003688721387,0.003636696009,0.003585176399,0.003549996807,0.002226939194
404,0.003660587243,0.004574021497,0.005001092917,0.004914108186,0.00482656211,0.004756688441,0.004699446365,0.004590292976,0.004539730899,0.004605199248,0.004498161131,0.00438062782,0.00427578807,0.004188290228,0.004101070055,0.00401712848,0.003932940739,0.003865342085,0.003808238626,0.003741651639,0.003689111342,0.003637076878,0.003585548248,0.003550362538,0.002227119669
404.5,0.003660934002,0.0045745751,0.005001713004,0.004914714407,0.004827154433,0.004757269968,0.004700018763,0.004590848667,0.004540272361,0.004605751028,0.004498694326,0.004381140212,0.004276282137,0.00418876901,0.004101533585,0.004017577156,0.003933374532,0.003865763935,0.00380865075,0.003742051951,0.003689502474,0.003637458896,0.003585921217,0.00355072937,0.002227300654
405,0.003661281795,0.00457513039,0.005002334987,0.004915322481,0.004827748564,0.00475785327,0.004700592906,0.00459140605,0.004540815471,0.004606304488,0.004499229141,0.00438165416,0.004276777702,0.004189249241,0.004101998517,0.004018027186,0.003933809631,0.003866187054,0.003809064112,0.003742453465,0.003689894778,0.003637842057,0.0035862953,0.003551097298,0.002227482148
405.5,0.003661630616,0.004575687358,0.005002958858,0.004915932398,0.004828344495,0.004758438337,0.004701168786,0.004591965118,0.004541360222,0.00460685962,0.004499765571,0.004382169656,0.004277274758,0.004189730915,0.004102464844,0.004018478564,0.003934246032,0.003866611437,0.003809478707,0.003742856175,0.00369028825,0.003638226356,0.003586670494,0.003551466317,0.002227664147
406,0.003661980462,0.004576245998,0.005003584607,0.00491654415,0.004828942218,0.004759025163,0.004701746397,0.004592525864,0.004541906606,0.004607416417,0.004500303607,0.004382686694,0.004277773299,0.004190214025,0.004102932559,0.004018931284,0.003934683729,0.003867037079,0.00380989453,0.003743260075,0.003690682883,0.003638611789,0.003587046793,0.003551836421,0.002227846649
406.5,0.003662331327,0.0045768063,0.005004212227,0.00491715773,0.004829541725,0.00475961374,0.004702325729,0.00459308828,0.004542454615,0.004607974872,0.004500843243,0.004383205267,0.004278273317,0.004190698565,0.004103401656,0.00401938534,0.003935122715,0.003867463972,0.003810311575,0.003743665161,0.003691078673,0.00363899835,0.003587424192,0.003552207606,0.002228029652
407,0.003662683206,0.004577368259,0.005004841709,0.004917773129,0.004830143008,0.004760204059,0.004702906776,0.004593652358,0.004543004243,0.004608534978,0.004501384471,0.004383725367,0.004278774805,0.004191184529,0.00410387213,0.004019840726,0.003935562985,0.003867892113,0.003810729837,0.003744071426,0.003691475615,0.003639386035,0.003587802685,0.003552579867,0.002228213154
407.5,0.003663036095,0.004577931867,0.005005473044,0.004918390339,0.00483074606,0.004760796113,0.00470348953,0.004594218092,0.004543555483,0.004609096725,0.004501927285,0.004384246989,0.004279277759,0.00419167191,0.004104343974,0.004020297437,0.003936004533,0.003868321494,0.00381114931,0.003744478866,0.003691873702,0.003639774837,0.003588182269,0.003552953199,0.002228397153
408,0.00366338999,0.004578497117,0.005006106226,0.004919009352,0.004831350871,0.004761389895,0.004704073982,0.004594785474,0.004544108326,0.004609660109,0.004502471677,0.004384770125,0.00427978217,0.004192160701,0.004104817181,0.004020755465,0.003936447354,0.003868752111,0.003811569988,0.003744887475,0.003692272931,0.003640164752,0.003588562938,0.003553327597,0.002228581645
408.5,0.003663744885,0.004579064,0.005006741244,0.00491963016,0.004831957436,0.004761985396,0.004704660127,0.004595354496,0.004544662766,0.00461022512,0.00450301764,0.004385294768,0.004280288032,0.004192650897,0.004105291746,0.004021214805,0.00393689144,0.003869183958,0.003811991866,0.003745297248,0.003692673295,0.003640555774,0.003588944686,0.003553703056,0.002228766628
409,0.003664100776,0.00457963251,0.005007378092,0.004920252755,0.004832565744,0.004762582608,0.004705247955,0.004595925151,0.004545218796,0.004610791753,0.004503565167,0.004385820912,0.004280795339,0.004193142491,0.004105767663,0.004021675452,0.003937336788,0.003869617029,0.003812414939,0.00374570818,0.00369307479,0.0036409479,0.00358932751,0.003554079572,0.002228952101
409.5,0.003664457658,0.00458020264,0.005008016761,0.004920877129,0.00483317579,0.004763181525,0.00470583746,0.004596497433,0.004545776409,0.004611359999,0.004504114251,0.00438634855,0.004281304084,0.004193635477,0.004106244925,0.004022137399,0.003937783391,0.003870051319,0.003812839201,0.003746120265,0.00369347741,0.003641341123,0.003589711404,0.003554457139,0.002229138061
410,0.003664815527,0.004580774383,0.005008657243,0.004921503274,0.004833787565,0.004763782139,0.004706428634,0.004597071333,0.004546335597,0.004611929851,0.004504664886,0.004386877675,0.004281814261,0.004194129848,0.004106723526,0.00402260064,0.003938231243,0.003870486822,0.003813264647,0.003746533498,0.003693881151,0.003641735439,0.003590096363,0.003554835753,0.002229324506
410.5,0.003665174378,0.00458134773,0.005009299529,0.004922131182,0.004834401061,0.004764384441,0.004707021469,0.004597646844,0.004546896353,0.004612501303,0.004505217063,0.00438740828,0.004282325863,0.004194625598,0.004107203461,0.00402306517,0.003938680338,0.003870923533,0.003813691271,0.003746947874,0.003694286006,0.003642130843,0.003590482383,0.003555215409,0.002229511433
411,0.003665534206,0.004581922675,0.005009943613,0.004922760845,0.004835016271,0.004764988425,0.004707615959,0.004598223959,0.004547458671,0.004613074346,0.004505770777,0.00438794036,0.004282838884,0.004195122722,0.004107684723,0.004023530983,0.003939130672,0.003871361446,0.003814119068,0.003747363387,0.003694691972,0.003642527329,0.003590869459,0.003555596102,0.00222969884
411.5,0.003665895007,0.004582499211,0.005010589485,0.004923392256,0.004835633187,0.004765594082,0.004708212095,0.004598802672,0.004548022544,0.004613648975,0.00450632602,0.004388473906,0.004283353318,0.004195621212,0.004108167306,0.004023998072,0.003939582238,0.003871800556,0.003814548034,0.003747780033,0.003695099043,0.003642924894,0.003591257585,0.003555977828,0.002229886725
412,0.003666256777,0.004583077331,0.005011237137,0.004924025407,0.004836251802,0.004766201407,0.004708809871,0.004599382974,0.004548587964,0.004614225181,0.004506882786,0.004389008913,0.004283869158,0.004196121063,0.004108651205,0.004024466433,0.003940035032,0.003872240858,0.003814978161,0.003748197807,0.003695507214,0.003643323531,0.003591646757,0.003556360582,0.002230075086
412.5,0.00366661951,0.004583657027,0.005011886563,0.004924660289,0.004836872107,0.00476681039,0.004709409279,0.004599964859,0.004549154924,0.004614802958,0.004507441068,0.004389545375,0.004284386398,0.004196622269,0.004109136413,0.004024936059,0.003940489046,0.003872682345,0.003815409446,0.003748616702,0.00369591648,0.003643723236,0.003592036971,0.003556744358,0.00223026392
413,0.003666983203,0.004584238293,0.005012537753,0.004925296895,0.004837494095,0.004767421024,0.004710010311,0.00460054832,0.004549723418,0.004615382299,0.004508000858,0.004390083284,0.004284905031,0.004197124823,0.004109622924,0.004025406945,0.003940944276,0.003873125013,0.003815841883,0.003749036715,0.003696326836,0.003644124004,0.003592428221,0.003557129153,0.002230453225
413.5,0.003667347851,0.004584821122,0.0050131907,0.004925935218,0.00483811776,0.004768033303,0.004710612961,0.004601133349,0.004550293439,0.004615963196,0.00450856215,0.004390622633,0.004285425051,0.004197628719,0.004110110733,0.004025879084,0.003941400717,0.003873568856,0.003816275466,0.003749457839,0.003696738277,0.003644525831,0.003592820503,0.003557514962,0.002230642999
414,0.003667713449,0.004585405505,0.005013845396,0.00492657525,0.004838743092,0.004768647219,0.004711217221,0.00460171994,0.00455086498,0.004616545642,0.004509124938,0.004391163418,0.004285946452,0.004198133952,0.004110599834,0.004026352472,0.003941858362,0.003874013869,0.003816710191,0.003749880071,0.003697150798,0.003644928711,0.003593213811,0.00355790178,0.00223083324
414.5,0.003668079993,0.004585991438,0.005014501834,0.004927216982,0.004839370085,0.004769262764,0.004711823084,0.004602308085,0.004551438033,0.004617129632,0.004509689214,0.00439170563,0.004286469228,0.004198640515,0.00411109022,0.004026827103,0.003942317207,0.003874460047,0.003817146052,0.003750303404,0.003697564394,0.00364533264,0.003593608142,0.003558289602,0.002231023945
415,0.003668447479,0.004586578912,0.005015160005,0.004927860408,0.004839998731,0.004769879931,0.004712430542,0.004602897778,0.004552012593,0.004617715157,0.004510254972,0.004392249264,0.004286993372,0.004199148402,0.004111581887,0.00402730297,0.003942777245,0.003874907383,0.003817583044,0.003750727835,0.00369797906,0.003645737613,0.003594003491,0.003558678424,0.002231215112
415.5,0.003668815902,0.00458716792,0.005015819902,0.00492850552,0.004840629024,0.004770498713,0.00471303959,0.004603489012,0.004552588652,0.004618302211,0.004510822205,0.004392794313,0.004287518879,0.004199657607,0.004112074827,0.004027780069,0.003943238472,0.003875355874,0.003818021162,0.003751153357,0.003698394792,0.003646143624,0.003594399853,0.003559068241,0.00223140674
416,0.003669185257,0.004587758457,0.005016481516,0.00492915231,0.004841260954,0.004771119102,0.004713650219,0.004604081779,0.004553166204,0.004618890786,0.004511390906,0.004393340771,0.004288045742,0.004200168124,0.004112569036,0.004028258394,0.003943700882,0.003875805513,0.003818460401,0.003751579965,0.003698811584,0.00364655067,0.003594797222,0.003559459049,0.002231598825
416.5,0.003669555541,0.004588350514,0.005017144841,0.00492980077,0.004841894516,0.004771741092,0.004714262422,0.004604676073,0.004553745242,0.004619480877,0.00451196107,0.004393888631,0.004288573955,0.004200679948,0.004113064508,0.004028737939,0.003944164469,0.003876256296,0.003818900755,0.003752007656,0.003699229432,0.003646958746,0.003595195596,0.003559850843,0.002231791366
417,0.003669926749,0.004588944085,0.005017809868,0.004930450894,0.004842529702,0.004772364675,0.004714876192,0.004605271887,0.004554325759,0.004620072476,0.004512532689,0.004394437887,0.004289103511,0.004201193072,0.004113561237,0.004029218698,0.003944629229,0.003876708217,0.00381934222,0.003752436424,0.003699648331,0.003647367846,0.003595594968,0.003560243618,0.002231984361
417.5,0.003670298877,0.004589539164,0.00501847659,0.004931102674,0.004843166504,0.004772989844,0.004715491523,0.004605869214,0.004554907749,0.004620665576,0.004513105756,0.004394988533,0.004289634406,0.004201707491,0.004114059217,0.004029700666,0.003945095156,0.003877161271,0.00381978479,0.003752866263,0.003700068275,0.003647777966,0.003595995335,0.003560637371,0.002232177807
418,0.00367067192,0.004590135743,0.005019145,0.004931756102,0.004843804915,0.004773616593,0.004716108407,0.004606468047,0.004555491204,0.004621260172,0.004513680266,0.004395540562,0.004290166632,0.004202223198,0.004114558442,0.004030183838,0.003945562244,0.003877615453,0.003820228461,0.00375329717,0.003700489261,0.003648189102,0.003596396692,0.003561032096,0.002232371702
418.5,0.003671045874,0.004590733815,0.005019815089,0.00493241117,0.004844444929,0.004774244912,0.004716726837,0.00460706838,0.004556076119,0.004621856254,0.004514256211,0.004396093969,0.004290700184,0.004202740187,0.004115058907,0.004030668208,0.003946030488,0.003878070758,0.003820673227,0.003753729139,0.003700911283,0.003648601248,0.003596799034,0.003561427789,0.002232566044
419,0.003671420735,0.004591333375,0.00502048685,0.004933067873,0.004845086537,0.004774874797,0.004717346807,0.004607670206,0.004556662487,0.004622453819,0.004514833586,0.004396648747,0.004291235056,0.004203258454,0.004115560607,0.004031153771,0.003946499884,0.00387852718,0.003821119083,0.003754162165,0.003701334337,0.003649014401,0.003597202357,0.003561824446,0.002232760832
419.5,0.003671796498,0.004591934415,0.005021160276,0.004933726201,0.004845729733,0.004775506239,0.004717968308,0.004608273518,0.004557250301,0.004623052857,0.004515412383,0.004397204889,0.004291771241,0.004203777992,0.004116063535,0.004031640521,0.003946970425,0.003878984715,0.003821566025,0.003754596243,0.003701758417,0.003649428555,0.003597606656,0.003562222061,0.002232956062
420,0.00367217316,0.004592536928,0.005021835359,0.004934386149,0.004846374509,0.004776139232,0.004718591336,0.004608878309,0.004557839554,0.004623653364,0.004515992597,0.00439776239,0.004292308734,0.004204298795,0.004116567686,0.004032128453,0.003947442106,0.003879443357,0.003822014047,0.003755031369,0.00370218352,0.003649843705,0.003598011927,0.003562620632,0.002233151732
420.5,0.003672550715,0.004593140909,0.005022512092,0.004935047707,0.004847020858,0.004776773769,0.004719215881,0.004609484573,0.004558430241,0.004624255331,0.00451657422,0.004398321243,0.004292847529,0.004204820857,0.004117073054,0.004032617561,0.003947914923,0.003879903101,0.003822463145,0.003755467538,0.00370260964,0.003650259849,0.003598418165,0.003563020153,0.002233347842
421,0.003672929161,0.00459374635,0.005023190467,0.004935710871,0.004847668774,0.004777409842,0.004719841939,0.004610092303,0.004559022354,0.004624858754,0.004517157247,0.004398881443,0.004293387619,0.004205344174,0.004117579635,0.00403310784,0.00394838887,0.003880363943,0.003822913313,0.003755904745,0.003703036772,0.003650676979,0.003598825366,0.00356342062,0.002233544388
421.5,0.003673308492,0.004594353245,0.005023870477,0.004936375631,0.004848318249,0.004778047445,0.004720469501,0.004610701492,0.004559615888,0.004625463624,0.004517741671,0.004399442982,0.004293929,0.004205868738,0.004118087421,0.004033599285,0.003948863942,0.003880825876,0.003823364547,0.003756342985,0.003703464913,0.003651095093,0.003599233525,0.003563822028,0.002233741368
422,0.003673688704,0.004594961586,0.005024552114,0.004937041981,0.004848969276,0.004778686571,0.004721098562,0.004611312134,0.004560210835,0.004626069936,0.004518327486,0.004400005856,0.004294471664,0.004206394545,0.004118596409,0.00403409189,0.003949340133,0.003881288897,0.003823816841,0.003756782253,0.003703894057,0.003651514186,0.003599642638,0.003564224373,0.002233938781
422.5,0.003674069793,0.004595571369,0.005025235372,0.004937709914,0.004849621848,0.004779327213,0.004721729114,0.004611924222,0.004560807189,0.004626677682,0.004518914685,0.004400570058,0.004295015607,0.004206921589,0.004119106592,0.00403458565,0.003949817439,0.003881753,0.003824270191,0.003757222546,0.0037043242,0.003651934252,0.003600052701,0.003564627652,0.002234136624
423,0.003674451756,0.004596182585,0.005025920242,0.004938379422,0.004850275959,0.004779969364,0.00472236115,0.00461253775,0.004561404945,0.004627286857,0.004519503263,0.004401135581,0.004295560823,0.004207449864,0.004119617964,0.00403508056,0.003950295855,0.00388221818,0.003824724592,0.003757663857,0.003704755338,0.003652355288,0.003600463708,0.003565031858,0.002234334895
423.5,0.003674834588,0.00459679523,0.005026606718,0.004939050499,0.0048509316,0.004780613018,0.004722994665,0.004613152711,0.004562004095,0.004627897454,0.004520093212,0.004401702421,0.004296107305,0.004207979364,0.004120130522,0.004035576614,0.003950775375,0.003882684433,0.003825180039,0.003758106182,0.003705187464,0.003652777289,0.003600875657,0.003565436989,0.002234533592
424,0.003675218284,0.004597409295,0.005027294792,0.004939723137,0.004851588766,0.004781258167,0.00472362965,0.004613769099,0.004562604634,0.004628509467,0.004520684527,0.004402270571,0.004296655047,0.004208510084,0.004120644258,0.004036073808,0.003951255995,0.003883151753,0.003825636527,0.003758549517,0.003705620576,0.003653200251,0.003601288542,0.00356584304,0.002234732713
424.5,0.003675602841,0.004598024775,0.005027984457,0.004940397329,0.004852247449,0.004781904805,0.0047242661,0.004614386908,0.004563206554,0.004629122888,0.004521277202,0.004402840024,0.004297204045,0.004209042019,0.004121159168,0.004036572135,0.003951737708,0.003883620135,0.003826094052,0.003758993858,0.003706054669,0.003653624169,0.003601702358,0.003566250007,0.002234932256
425,0.003675988255,0.004598641664,0.005028675706,0.004941073069,0.004852907643,0.004782552924,0.004724904008,0.00461500613,0.00456380985,0.004629737712,0.004521871229,0.004403410776,0.004297754293,0.004209575162,0.004121675246,0.004037071592,0.003952220511,0.003884089575,0.003826552609,0.003759439198,0.003706489737,0.003654049038,0.003602117103,0.003566657885,0.00223513222
425.5,0.003676374521,0.004599259955,0.005029368532,0.004941750348,0.00485356934,0.00478320252,0.004725543368,0.004615626759,0.004564414516,0.004630353933,0.004522466604,0.004403982819,0.004298305783,0.004210109508,0.004122192487,0.004037572171,0.003952704398,0.003884560067,0.003827012192,0.003759885534,0.003706925777,0.003654474855,0.003602532771,0.00356706667,0.002235332601
426,0.003676761636,0.004599879641,0.005030062927,0.004942429161,0.004854232535,0.004783853583,0.004726184172,0.00461624879,0.004565020544,0.004630971543,0.00452306332,0.004404556149,0.004298858512,0.004210645053,0.004122710885,0.00403807387,0.003953189365,0.003885031607,0.003827472798,0.003760332861,0.003707362783,0.003654901615,0.003602949358,0.003567476358,0.002235533398
426.5,0.003677149596,0.004600500716,0.005030758885,0.004943109501,0.004854897219,0.004784506109,0.004726826414,0.004616872215,0.00456562793,0.004631590537,0.004523661371,0.004405130759,0.004299412473,0.004211181789,0.004123230436,0.004038576681,0.003953675405,0.003885504191,0.003827934421,0.003760781175,0.003707800752,0.003655329314,0.003603366859,0.003567886945,0.00223573461
427,0.003677538395,0.004601123175,0.005031456398,0.004943791359,0.004855563387,0.00478516009,0.004727470088,0.004617497028,0.004566236667,0.004632210908,0.004524260751,0.004405706644,0.004299967661,0.004211719712,0.004123751134,0.004039080601,0.003954162515,0.003885977812,0.003828397057,0.003761230471,0.003708239679,0.003655757946,0.003603785272,0.003568298426,0.002235936233
427.5,0.003677928032,0.00460174701,0.005032155459,0.004944474731,0.004856231031,0.00478581552,0.004728115187,0.004618123224,0.004566846748,0.004632832651,0.004524861453,0.004406283797,0.00430052407,0.004212258817,0.004124272973,0.004039585624,0.00395465069,0.003886452467,0.003828860701,0.003761680744,0.00370867956,0.003656187509,0.00360420459,0.003568710798,0.002236138266
428,0.0036783185,0.004602372215,0.005032856062,0.004945159607,0.004856900145,0.004786472392,0.004728761704,0.004618750795,0.004567458168,0.004633455758,0.004525463472,0.004406862214,0.004301081694,0.004212799097,0.004124795949,0.004040091745,0.003955139924,0.00388692815,0.003829325349,0.00376213199,0.003709120389,0.003656617996,0.003604624811,0.003569124056,0.002236340707
428.5,0.003678709798,0.004602998785,0.005033558199,0.004945845983,0.004857570723,0.004787130699,0.004729409634,0.004619379736,0.004568070921,0.004634080224,0.004526066802,0.004407441887,0.004301640529,0.004213340548,0.004125320056,0.004040598959,0.003955630212,0.003887404857,0.003829790995,0.003762584204,0.003709562164,0.003657049406,0.00360504593,0.003569538196,0.002236543554
429,0.00367910192,0.004603626713,0.005034261864,0.004946533851,0.004858242757,0.004787790436,0.00473005897,0.00462001004,0.004568684999,0.004634706042,0.004526671436,0.004408022812,0.004302200567,0.004213883164,0.004125845289,0.00404110726,0.00395612155,0.003887882583,0.003830257635,0.003763037382,0.003710004878,0.003657481732,0.003605467942,0.003569953214,0.002236746805
429.5,0.003679494862,0.004604255992,0.005034967048,0.004947223204,0.00485891624,0.004788451595,0.004730709705,0.004620641701,0.004569300398,0.004635333206,0.00452727737,0.004408604982,0.004302761805,0.00421442694,0.004126371643,0.004041616645,0.003956613933,0.003888361324,0.003830725265,0.003763491519,0.003710448529,0.00365791497,0.003605890844,0.003570369106,0.002236950458
430,0.003679888621,0.004604886618,0.005035673747,0.004947914035,0.004859591168,0.00478911417,0.004731361833,0.004621274713,0.004569917112,0.00463596171,0.004527884596,0.004409188392,0.004303324235,0.00421497187,0.004126899113,0.004042127107,0.003957107356,0.003888841074,0.00383119388,0.003763946612,0.003710893111,0.003658349117,0.003606314631,0.003570785867,0.002237154512
