energy_MeV_per_u,water_macroscopic_cross_section_per_mm
0,0
0.01,0
0.02,0
0.03,0
0.04,0
0.05,0
0.06,0
0.07,0
0.08,0
0.09,0
0.1,0
0.11,0
0.12,0
0.13,0
0.14,0
0.15,0
0.16,0
0.17,0
0.18,0
0.19,0
0.2,0
0.21,0
0.22,0
0.23,0
0.24,0
0.25,0
0.26,0
0.27,0
0.28,0
0.29,0
0.3,0
0.31,0
0.32,0
0.33,0
0.34,0
0.35,0
0.36,0
0.37,0
0.38,0
0.39,0
0.4,0
0.41,0
0.42,0
0.43,0
0.44,0
0.45,0
0.46,0
0.47,0
0.48,0
0.49,0
0.5,0
0.51,0
0.52,0
0.53,0
0.54,0
0.55,0
0.56,0
0.57,0
0.58,0
0.59,0
0.6,0
0.61,0
0.62,0
0.63,0
0.64,0
0.65,0
0.66,0
0.67,0
0.68,0
0.69,0
0.7,0
0.71,0
0.72,0
0.73,0
0.74,0
0.75,0
0.76,0
0.77,0
0.78,0
0.79,0
0.8,0
0.81,9.9203e-05
0.82,0.000275319
0.83,0.000444684
0.84,0.000607602
0.85,0.00076436
0.86,0.000915232
0.87,0.00106047
0.88,0.00120033
0.89,0.00133503
0.9,0.0014648
0.91,0.00158984
0.92,0.00171035
0.93,0.00182652
0.94,0.00193853
0.95,0.00204654
0.96,0.00215071
0.97,0.00225121
0.98,0.00234817
0.99,0.00244173
1,0.00253203
1.01,0.00261919
1.02,0.00270333
1.03,0.00278457
1.04,0.00286302
1.05,0.00293878
1.06,0.00301195
1.07,0.00308262
1.08,0.00315089
1.09,0.00321685
1.1,0.00328058
1.11,0.00334216
1.12,0.00340166
1.13,0.00345916
1.14,0.00351473
1.15,0.00356843
1.16,0.00362034
1.17,0.00367051
1.18,0.00373017
1.19,0.00380945
1.2,0.00388663
1.21,0.00396176
1.22,0.00403492
1.23,0.00410616
1.24,0.00417555
1.25,0.00424313
1.26,0.00430897
1.27,0.00437311
1.28,0.0044356
1.29,0.00449651
1.3,0.00455586
1.31,0.00461371
1.32,0.0046701
1.33,0.00472508
1.34,0.00477868
1.35,0.00483094
1.36,0.0048819
1.37,0.0049316
1.38,0.00498008
1.39,0.00502736
1.4,0.00507348
1.41,0.00511847
1.42,0.00516236
1.43,0.00520519
1.44,0.00524698
1.45,0.00528775
1.46,0.00532755
1.47,0.00536638
1.48,0.00540429
1.49,0.00544129
1.5,0.0054774
1.51,0.00551265
1.52,0.00554706
1.53,0.00558066
1.54,0.00561346
1.55,0.00564548
1.56,0.00567675
1.57,0.00570728
1.58,0.00573709
1.59,0.00576621
1.6,0.00579464
1.61,0.0058224
1.62,0.00584951
1.63,0.00587599
1.64,0.00590185
1.65,0.00592711
1.66,0.00595177
1.67,0.00597587
1.68,0.0059994
1.69,0.00602238
1.7,0.00604483
1.71,0.00606676
1.72,0.00608818
1.73,0.0061091
1.74,0.00612953
1.75,0.00614949
1.76,0.00616898
1.77,0.00618802
1.78,0.00620662
1.79,0.00622479
1.8,0.00624253
1.81,0.00625986
1.82,0.00627679
1.83,0.00629332
1.84,0.00630946
1.85,0.00632523
1.86,0.00634063
1.87,0.00635567
1.88,0.00637035
1.89,0.00638469
1.9,0.00639869
1.91,0.00641236
1.92,0.00642571
1.93,0.00643874
1.94,0.00645146
1.95,0.00646388
1.96,0.006476
1.97,0.00648784
1.98,0.00649939
1.99,0.00651066
2,0.00652166
2.01,0.00653239
2.02,0.00654286
2.03,0.00655308
2.04,0.00656305
2.05,0.00657277
2.06,0.00658226
2.07,0.00659151
2.08,0.00660053
2.09,0.00660932
2.1,0.0066179
2.11,0.00662625
2.12,0.0066344
2.13,0.00664234
2.14,0.00665008
2.15,0.00665761
2.16,0.00666496
2.17,0.00667211
2.18,0.00667907
2.19,0.00668585
2.2,0.00669245
2.21,0.00669888
2.22,0.00670513
2.23,0.00671121
2.24,0.00671713
2.25,0.00672288
2.26,0.00672847
2.27,0.00673391
2.28,0.0067392
2.29,0.00674433
2.3,0.00674931
2.31,0.00675416
2.32,0.00675886
2.33,0.00676342
2.34,0.00676784
2.35,0.00677213
2.36,0.00677629
2.37,0.00678032
2.38,0.00678422
2.39,0.006788
2.4,0.00679166
2.41,0.0067952
2.42,0.00679862
2.43,0.00680192
2.44,0.00680512
2.45,0.0068082
2.46,0.00681118
2.47,0.00681404
2.48,0.00681681
2.49,0.00681947
2.5,0.00682203
2.51,0.00682449
2.52,0.00682686
2.53,0.00682913
2.54,0.0068313
2.55,0.00683339
2.56,0.00683538
2.57,0.00683729
2.58,0.00683911
2.59,0.00684085
2.6,0.0068425
2.61,0.00684407
2.62,0.00684556
2.63,0.00684697
2.64,0.0068483
2.65,0.00684956
2.66,0.00685074
2.67,0.00685185
2.68,0.00685288
2.69,0.00685385
2.7,0.00685474
2.71,0.00685557
2.72,0.00685633
2.73,0.00685703
2.74,0.00685766
2.75,0.00685822
2.76,0.00685873
2.77,0.00685917
2.78,0.00685955
2.79,0.00685988
2.8,0.00686014
2.81,0.00686035
2.82,0.00686051
2.83,0.00686061
2.84,0.00686065
2.85,0.00686064
2.86,0.00686058
2.87,0.00686047
2.88,0.00686031
2.89,0.0068601
2.9,0.00685984
2.91,0.00685953
2.92,0.00685918
2.93,0.00685878
2.94,0.00685833
2.95,0.00685784
2.96,0.00685731
2.97,0.00685674
2.98,0.00685612
2.99,0.00685546
3,0.00685476
3.01,0.00685403
3.02,0.00685325
3.03,0.00685243
3.04,0.00685158
3.05,0.00685069
3.06,0.00684976
3.07,0.0068488
3.08,0.00684781
3.09,0.00684677
3.1,0.00684571
3.11,0.00684461
3.12,0.00684348
3.13,0.00684232
3.14,0.00684112
3.15,0.0068399
3.16,0.00683864
3.17,0.00683736
3.18,0.00683604
3.19,0.0068347
3.2,0.00683333
3.21,0.00683193
3.22,0.0068305
3.23,0.00682905
3.24,0.00682757
3.25,0.00682606
3.26,0.00682453
3.27,0.00682298
3.28,0.0068214
3.29,0.00681979
3.3,0.00681817
3.31,0.00681652
3.32,0.00681484
3.33,0.00681315
3.34,0.00681143
3.35,0.00680969
3.36,0.00680793
3.37,0.00680615
3.38,0.00680435
3.39,0.00680253
3.4,0.00680069
3.41,0.00679883
3.42,0.00679696
3.43,0.00679506
3.44,0.00679314
3.45,0.00679121
3.46,0.00678926
3.47,0.0067873
3.48,0.00678531
3.49,0.00678331
3.5,0.0067813
3.51,0.00677926
3.52,0.00677722
3.53,0.00677515
3.54,0.00677308
3.55,0.00677098
3.56,0.00676888
3.57,0.00676676
3.58,0.00676462
3.59,0.00676247
3.6,0.00676031
3.61,0.00675813
3.62,0.00675595
3.63,0.00675375
3.64,0.00675153
3.65,0.00674931
3.66,0.00674707
3.67,0.00674482
3.68,0.00674257
3.69,0.00674029
3.7,0.00673801
3.71,0.00673572
3.72,0.00673342
3.73,0.00673111
3.74,0.00672878
3.75,0.00672645
3.76,0.00672411
3.77,0.00672176
3.78,0.0067194
3.79,0.00671703
3.8,0.00671465
3.81,0.00671226
3.82,0.00670987
3.83,0.00670746
3.84,0.00670505
3.85,0.00670263
3.86,0.0067002
3.87,0.00669777
3.88,0.00669532
3.89,0.00669287
3.9,0.00669042
3.91,0.00668795
3.92,0.00668548
3.93,0.00668301
3.94,0.00668052
3.95,0.00667803
3.96,0.00667554
3.97,0.00667304
3.98,0.00667053
3.99,0.00666802
4,0.0066655
4.01,0.00666297
4.02,0.00666044
4.03,0.00665791
4.04,0.00665537
4.05,0.00665283
4.06,0.00665028
4.07,0.00664772
4.08,0.00664517
4.09,0.0066426
4.1,0.00664004
4.11,0.00663747
4.12,0.00663489
4.13,0.00663231
4.14,0.00662973
4.15,0.00662715
4.16,0.00662456
4.17,0.00662196
4.18,0.00661937
4.19,0.00661677
4.2,0.00661416
4.21,0.00661156
4.22,0.00660895
4.23,0.00660634
4.24,0.00660373
4.25,0.00660111
4.26,0.00659849
4.27,0.00659587
4.28,0.00659324
4.29,0.00659062
4.3,0.00658799
4.31,0.00658536
4.32,0.00658273
4.33,0.00658009
4.34,0.00657746
4.35,0.00657482
4.36,0.00657218
4.37,0.00656954
4.38,0.0065669
4.39,0.00656425
4.4,0.00656161
4.41,0.00655896
4.42,0.00655631
4.43,0.00655366
4.44,0.00655101
4.45,0.00654836
4.46,0.00654571
4.47,0.00654306
4.48,0.00654041
4.49,0.00653775
4.5,0.0065351
4.51,0.00653244
4.52,0.00652979
4.53,0.00652713
4.54,0.00652447
4.55,0.00652182
4.56,0.00651916
4.57,0.0065165
4.58,0.00651385
4.59,0.00651119
4.6,0.00650853
4.61,0.00650587
4.62,0.00650322
4.63,0.00650056
4.64,0.0064979
4.65,0.00649524
4.66,0.00649259
4.67,0.00648993
4.68,0.00648728
4.69,0.00648462
4.7,0.00648197
4.71,0.00647931
4.72,0.00647666
4.73,0.006474
4.74,0.00647135
4.75,0.0064687
4.76,0.00646605
4.77,0.0064634
4.78,0.00646075
4.79,0.0064581
4.8,0.00645545
4.81,0.00645281
4.82,0.00645016
4.83,0.00644752
4.84,0.00644487
4.85,0.00644223
4.86,0.00643959
4.87,0.00643695
4.88,0.00643431
4.89,0.00643167
4.9,0.00642904
4.91,0.0064264
4.92,0.00642377
4.93,0.00642114
4.94,0.00641851
4.95,0.00641588
4.96,0.00641325
4.97,0.00641062
4.98,0.006408
4.99,0.00640538
5,0.00640276
5.01,0.00640014
5.02,0.00639752
5.03,0.0063949
5.04,0.00639229
5.05,0.00638968
5.06,0.00638707
5.07,0.00638446
5.08,0.00638185
5.09,0.00637924
5.1,0.00637664
5.11,0.00637404
5.12,0.00637144
5.13,0.00636884
5.14,0.00636625
5.15,0.00636365
5.16,0.00636106
5.17,0.00635847
5.18,0.00635589
5.19,0.0063533
5.2,0.00635072
5.21,0.00634814
5.22,0.00634556
5.23,0.00634298
5.24,0.00634041
5.25,0.00633784
5.26,0.00633527
5.27,0.0063327
5.28,0.00633013
5.29,0.00632757
5.3,0.00632501
5.31,0.00632245
5.32,0.0063199
5.33,0.00631734
5.34,0.00631479
5.35,0.00631224
5.36,0.0063097
5.37,0.00630716
5.38,0.00630461
5.39,0.00630208
5.4,0.00629954
5.41,0.00629701
5.42,0.00629447
5.43,0.00629195
5.44,0.00628942
5.45,0.0062869
5.46,0.00628438
5.47,0.00628186
5.48,0.00627934
5.49,0.00627683
5.5,0.00627432
5.51,0.00627181
5.52,0.00626931
5.53,0.0062668
5.54,0.0062643
5.55,0.00626181
5.56,0.00625931
5.57,0.00625682
5.58,0.00625433
5.59,0.00625185
5.6,0.00624936
5.61,0.00624688
5.62,0.0062444
5.63,0.00624193
5.64,0.00623946
5.65,0.00623699
5.66,0.00623452
5.67,0.00623206
5.68,0.0062296
5.69,0.00622714
5.7,0.00622468
5.71,0.00622223
5.72,0.00621978
5.73,0.00621733
5.74,0.00621489
5.75,0.00621245
5.76,0.00621001
5.77,0.00620757
5.78,0.00620514
5.79,0.00620271
5.8,0.00620029
5.81,0.00619786
5.82,0.00619544
5.83,0.00619302
5.84,0.00619061
5.85,0.0061882
5.86,0.00618579
5.87,0.00618338
5.88,0.00618098
5.89,0.00617858
5.9,0.00617618
5.91,0.00617379
5.92,0.0061714
5.93,0.00616901
5.94,0.00616662
5.95,0.00616424
5.96,0.00616186
5.97,0.00615948
5.98,0.00615711
5.99,0.00615474
6,0.00615237
6.01,0.00615001
6.02,0.00614765
6.03,0.00614529
6.04,0.00614294
6.05,0.00614058
6.06,0.00613823
6.07,0.00613589
6.08,0.00613354
6.09,0.0061312
6.1,0.00612887
6.11,0.00612653
6.12,0.0061242
6.13,0.00612188
6.14,0.00611955
6.15,0.00611723
6.16,0.00611491
6.17,0.00611259
6.18,0.00611028
6.19,0.00610797
6.2,0.00610567
6.21,0.00610336
6.22,0.00610106
6.23,0.00609876
6.24,0.00609647
6.25,0.00609418
6.26,0.00609189
6.27,0.00608961
6.28,0.00608732
6.29,0.00608505
6.3,0.00608277
6.31,0.0060805
6.32,0.00607823
6.33,0.00607596
6.34,0.0060737
6.35,0.00607144
6.36,0.00606918
6.37,0.00606693
6.38,0.00606467
6.39,0.00606243
6.4,0.00606018
6.41,0.00605794
6.42,0.0060557
6.43,0.00605346
6.44,0.00605123
6.45,0.006049
6.46,0.00604678
6.47,0.00604455
6.48,0.00604233
6.49,0.00604011
6.5,0.0060379
6.51,0.00603569
6.52,0.00603348
6.53,0.00603128
6.54,0.00602907
6.55,0.00602687
6.56,0.00602468
6.57,0.00602249
6.58,0.0060203
6.59,0.00601811
6.6,0.00601592
6.61,0.00601374
6.62,0.00601157
6.63,0.00600939
6.64,0.00600722
6.65,0.00600505
6.66,0.00600289
6.67,0.00600072
6.68,0.00599857
6.69,0.00599641
6.7,0.00599426
6.71,0.00599211
6.72,0.00598996
6.73,0.00598781
6.74,0.00598567
6.75,0.00598354
6.76,0.0059814
6.77,0.00597927
6.78,0.00597714
6.79,0.00597501
6.8,0.00597289
6.81,0.00597077
6.82,0.00596865
6.83,0.00596654
6.84,0.00596443
6.85,0.00596232
6.86,0.00596022
6.87,0.00595812
6.88,0.00595602
6.89,0.00595392
6.9,0.00595183
6.91,0.00594974
6.92,0.00594765
6.93,0.00594557
6.94,0.00594349
6.95,0.00594141
6.96,0.00593933
6.97,0.00593726
6.98,0.00593519
6.99,0.00593313
7,0.00593106
7.01,0.005929
7.02,0.00592695
7.03,0.00592489
7.04,0.00592284
7.05,0.00592079
7.06,0.00591875
7.07,0.00591671
7.08,0.00591467
7.09,0.00591263
7.1,0.0059106
7.11,0.00590857
7.12,0.00590654
7.13,0.00590452
7.14,0.00590249
7.15,0.00590048
7.16,0.00589846
7.17,0.00589645
7.18,0.00589444
7.19,0.00589243
7.2,0.00589043
7.21,0.00588843
7.22,0.00588643
7.23,0.00588443
7.24,0.00588244
7.25,0.00588045
7.26,0.00587846
7.27,0.00587648
7.28,0.0058745
7.29,0.00587252
7.3,0.00587054
7.31,0.00586857
7.32,0.0058666
7.33,0.00586464
7.34,0.00586267
7.35,0.00586071
7.36,0.00585875
7.37,0.0058568
7.38,0.00585485
7.39,0.0058529
7.4,0.00585095
7.41,0.00584901
7.42,0.00584707
7.43,0.00584513
7.44,0.00584319
7.45,0.00584126
7.46,0.00583933
7.47,0.0058374
7.48,0.00583548
7.49,0.00583356
7.5,0.00583164
7.51,0.00582972
7.52,0.00582781
7.53,0.0058259
7.54,0.00582399
7.55,0.00582209
7.56,0.00582019
7.57,0.00581829
7.58,0.00581639
7.59,0.0058145
7.6,0.00581261
7.61,0.00581072
7.62,0.00580884
7.63,0.00580695
7.64,0.00580507
7.65,0.0058032
7.66,0.00580132
7.67,0.00579945
7.68,0.00579758
7.69,0.00579572
7.7,0.00579385
7.71,0.00579199
7.72,0.00579014
7.73,0.00578828
7.74,0.00578643
7.75,0.00578458
7.76,0.00578273
7.77,0.00578089
7.78,0.00577905
7.79,0.00577721
7.8,0.00577537
7.81,0.00577354
7.82,0.00577171
7.83,0.00576988
7.84,0.00576805
7.85,0.00576623
7.86,0.00576441
7.87,0.00576259
7.88,0.00576078
7.89,0.00575897
7.9,0.00575716
7.91,0.00575535
7.92,0.00575355
7.93,0.00575174
7.94,0.00574995
7.95,0.00574815
7.96,0.00574636
7.97,0.00574456
7.98,0.00574278
7.99,0.00574099
8,0.00573921
8.01,0.00573743
8.02,0.00573565
8.03,0.00573387
8.04,0.0057321
8.05,0.00573033
8.06,0.00572856
8.07,0.0057268
8.08,0.00572503
8.09,0.00572327
8.1,0.00572152
8.11,0.00571976
8.12,0.00571801
8.13,0.00571626
8.14,0.00571451
8.15,0.00571277
8.16,0.00571103
8.17,0.00570929
8.18,0.00570755
8.19,0.00570581
8.2,0.00570408
8.21,0.00570235
8.22,0.00570063
8.23,0.0056989
8.24,0.00569718
8.25,0.00569546
8.26,0.00569374
8.27,0.00569203
8.28,0.00569032
8.29,0.00568861
8.3,0.0056869
8.31,0.00568519
8.32,0.00568349
8.33,0.00568179
8.34,0.0056801
8.35,0.0056784
8.36,0.00567671
8.37,0.00567502
8.38,0.00567333
8.39,0.00567165
8.4,0.00566996
8.41,0.00566828
8.42,0.00566661
8.43,0.00566493
8.44,0.00566326
8.45,0.00566159
8.46,0.00565992
8.47,0.00565825
8.48,0.00565659
8.49,0.00565493
8.5,0.00565327
8.51,0.00565162
8.52,0.00564996
8.53,0.00564831
8.54,0.00564666
8.55,0.00564502
8.56,0.00564337
8.57,0.00564173
8.58,0.00564009
8.59,0.00563845
8.6,0.00563682
8.61,0.00563519
8.62,0.00563356
8.63,0.00563193
8.64,0.00563031
8.65,0.00562868
8.66,0.00562706
8.67,0.00562544
8.68,0.00562383
8.69,0.00562221
8.7,0.0056206
8.71,0.00561899
8.72,0.00561739
8.73,0.00561578
8.74,0.00561418
8.75,0.00561258
8.76,0.00561099
8.77,0.00560939
8.78,0.0056078
8.79,0.00560621
8.8,0.00560462
8.81,0.00560303
8.82,0.00560145
8.83,0.00559987
8.84,0.00559829
8.85,0.00559671
8.86,0.00559514
8.87,0.00559356
8.88,0.00559199
8.89,0.00559043
8.9,0.00558886
8.91,0.0055873
8.92,0.00558574
8.93,0.00558418
8.94,0.00558262
8.95,0.00558107
8.96,0.00557951
8.97,0.00557796
8.98,0.00557642
8.99,0.00557487
9,0.00557333
9.01,0.00557179
9.02,0.00557025
9.03,0.00556871
9.04,0.00556717
9.05,0.00556564
9.06,0.00556411
9.07,0.00556258
9.08,0.00556106
9.09,0.00555953
9.1,0.00555801
9.11,0.00555649
9.12,0.00555498
9.13,0.00555346
9.14,0.00555195
9.15,0.00555044
9.16,0.00554893
9.17,0.00554742
9.18,0.00554592
9.19,0.00554441
9.2,0.00554291
9.21,0.00554142
9.22,0.00553992
9.23,0.00553843
9.24,0.00553693
9.25,0.00553544
9.26,0.00553396
9.27,0.00553247
9.28,0.00553099
9.29,0.00552951
9.3,0.00552803
9.31,0.00552655
9.32,0.00552508
9.33,0.0055236
9.34,0.00552213
9.35,0.00552066
9.36,0.0055192
9.37,0.00551773
9.38,0.00551627
9.39,0.00551481
9.4,0.00551335
9.41,0.00551189
9.42,0.00551044
9.43,0.00550899
9.44,0.00550754
9.45,0.00550609
9.46,0.00550464
9.47,0.0055032
9.48,0.00550175
9.49,0.00550031
9.5,0.00549888
9.51,0.00549744
9.52,0.00549601
9.53,0.00549457
9.54,0.00549314
9.55,0.00549171
9.56,0.00549029
9.57,0.00548886
9.58,0.00548744
9.59,0.00548602
9.6,0.0054846
9.61,0.00548319
9.62,0.00548177
9.63,0.00548036
9.64,0.00547895
9.65,0.00547754
9.66,0.00547613
9.67,0.00547473
9.68,0.00547333
9.69,0.00547193
9.7,0.00547053
9.71,0.00546913
9.72,0.00546774
9.73,0.00546634
9.74,0.00546495
9.75,0.00546356
9.76,0.00546218
9.77,0.00546079
9.78,0.00545941
9.79,0.00545803
9.8,0.00545665
9.81,0.00545527
9.82,0.00545389
9.83,0.00545252
9.84,0.00545115
9.85,0.00544978
9.86,0.00544841
9.87,0.00544704
9.88,0.00544568
9.89,0.00544432
9.9,0.00544296
9.91,0.0054416
9.92,0.00544024
9.93,0.00543889
9.94,0.00543753
9.95,0.00543618
9.96,0.00543483
9.97,0.00543348
9.98,0.00543214
9.99,0.00543079
10,0.00542945
10.01,0.00542811
10.02,0.00542677
10.03,0.00542544
10.04,0.0054241
10.05,0.00542277
10.06,0.00542144
10.07,0.00542011
10.08,0.00541878
10.09,0.00541746
10.1,0.00541613
10.11,0.00541481
10.12,0.00541349
10.13,0.00541217
10.14,0.00541086
10.15,0.00540954
10.16,0.00540823
10.17,0.00540692
10.18,0.00540561
10.19,0.0054043
10.2,0.00540299
10.21,0.00540169
10.22,0.00540039
10.23,0.00539909
10.24,0.00539779
10.25,0.00539649
10.26,0.0053952
10.27,0.0053939
10.28,0.00539261
10.29,0.00539132
10.3,0.00539003
10.31,0.00538875
10.32,0.00538746
10.33,0.00538618
10.34,0.0053849
10.35,0.00538362
10.36,0.00538234
10.37,0.00538106
10.38,0.00537979
10.39,0.00537851
10.4,0.00537724
10.41,0.00537597
10.42,0.00537471
10.43,0.00537344
10.44,0.00537218
10.45,0.00537091
10.46,0.00536965
10.47,0.00536839
10.48,0.00536714
10.49,0.00536588
10.5,0.00536463
10.51,0.00536338
10.52,0.00536212
10.53,0.00536088
10.54,0.00535963
10.55,0.00535838
10.56,0.00535714
10.57,0.0053559
10.58,0.00535466
10.59,0.00535342
10.6,0.00535218
10.61,0.00535094
10.62,0.00534971
10.63,0.00534848
10.64,0.00534725
10.65,0.00534602
10.66,0.00534479
10.67,0.00534356
10.68,0.00534234
10.69,0.00534112
10.7,0.0053399
10.71,0.00533868
10.72,0.00533746
10.73,0.00533624
10.74,0.00533503
10.75,0.00533381
10.76,0.0053326
10.77,0.00533139
10.78,0.00533019
10.79,0.00532898
10.8,0.00532777
10.81,0.00532657
10.82,0.00532537
10.83,0.00532417
10.84,0.00532297
10.85,0.00532177
10.86,0.00532058
10.87,0.00531938
10.88,0.00531819
10.89,0.005317
10.9,0.00531581
10.91,0.00531462
10.92,0.00531344
10.93,0.00531225
10.94,0.00531107
10.95,0.00530989
10.96,0.00530871
10.97,0.00530753
10.98,0.00530636
10.99,0.00530518
11,0.00530401
11.01,0.00530284
11.02,0.00530166
11.03,0.0053005
11.04,0.00529933
11.05,0.00529816
11.06,0.005297
11.07,0.00529584
11.08,0.00529467
11.09,0.00529351
11.1,0.00529236
11.11,0.0052912
11.12,0.00529004
11.13,0.00528889
11.14,0.00528774
11.15,0.00528659
11.16,0.00528544
11.17,0.00528429
11.18,0.00528314
11.19,0.005282
11.2,0.00528086
11.21,0.00527971
11.22,0.00527857
11.23,0.00527743
11.24,0.0052763
11.25,0.00527516
11.26,0.00527403
11.27,0.00527289
11.28,0.00527176
11.29,0.00527063
11.3,0.0052695
11.31,0.00526838
11.32,0.00526725
11.33,0.00526613
11.34,0.005265
11.35,0.00526388
11.36,0.00526276
11.37,0.00526164
11.38,0.00526053
11.39,0.00525941
11.4,0.0052583
11.41,0.00525719
11.42,0.00525607
11.43,0.00525496
11.44,0.00525386
11.45,0.00525275
11.46,0.00525164
11.47,0.00525054
11.48,0.00524944
11.49,0.00524834
11.5,0.00524724
11.51,0.00524614
11.52,0.00524504
11.53,0.00524394
11.54,0.00524285
11.55,0.00524176
11.56,0.00524067
11.57,0.00523958
11.58,0.00523849
11.59,0.0052374
11.6,0.00523631
11.61,0.00523523
11.62,0.00523415
11.63,0.00523306
11.64,0.00523198
11.65,0.0052309
11.66,0.00522983
11.67,0.00522875
11.68,0.00522768
11.69,0.0052266
11.7,0.00522553
11.71,0.00522446
11.72,0.00522339
11.73,0.00522232
11.74,0.00522126
11.75,0.00522019
11.76,0.00521913
11.77,0.00521806
11.78,0.005217
11.79,0.00521594
11.8,0.00521488
11.81,0.00521383
11.82,0.00521277
11.83,0.00521172
11.84,0.00521066
11.85,0.00520961
11.86,0.00520856
11.87,0.00520751
11.88,0.00520646
11.89,0.00520542
11.9,0.00520437
11.91,0.00520333
11.92,0.00520228
11.93,0.00520124
11.94,0.0052002
11.95,0.00519916
11.96,0.00519813
11.97,0.00519709
11.98,0.00519605
11.99,0.00519502
12,0.00519399
12.01,0.00519296
12.02,0.00519193
12.03,0.0051909
12.04,0.00518987
12.05,0.00518885
12.06,0.00518782
12.07,0.0051868
12.08,0.00518578
12.09,0.00518476
12.1,0.00518374
12.11,0.00518272
12.12,0.0051817
12.13,0.00518069
12.14,0.00517967
12.15,0.00517866
12.16,0.00517765
12.17,0.00517664
12.18,0.00517563
12.19,0.00517462
12.2,0.00517361
12.21,0.00517261
12.22,0.0051716
12.23,0.0051706
12.24,0.0051696
12.25,0.00516859
12.26,0.0051676
12.27,0.0051666
12.28,0.0051656
12.29,0.0051646
12.3,0.00516361
12.31,0.00516262
12.32,0.00516162
12.33,0.00516063
12.34,0.00515964
12.35,0.00515866
12.36,0.00515767
12.37,0.00515668
12.38,0.0051557
12.39,0.00515471
12.4,0.00515373
12.41,0.00515275
12.42,0.00515177
12.43,0.00515079
12.44,0.00514982
12.45,0.00514884
12.46,0.00514786
12.47,0.00514689
12.48,0.00514592
12.49,0.00514495
12.5,0.00514398
12.51,0.00514301
12.52,0.00514204
12.53,0.00514107
12.54,0.00514011
12.55,0.00513914
12.56,0.00513818
12.57,0.00513722
12.58,0.00513626
12.59,0.0051353
12.6,0.00513434
12.61,0.00513338
12.62,0.00513242
12.63,0.00513147
12.64,0.00513052
12.65,0.00512956
12.66,0.00512861
12.67,0.00512766
12.68,0.00512671
12.69,0.00512576
12.7,0.00512482
12.71,0.00512387
12.72,0.00512293
12.73,0.00512198
12.74,0.00512104
12.75,0.0051201
12.76,0.00511916
12.77,0.00511822
12.78,0.00511728
12.79,0.00511635
12.8,0.00511541
12.81,0.00511448
12.82,0.00511354
12.83,0.00511261
12.84,0.00511168
12.85,0.00511075
12.86,0.00510982
12.87,0.00510889
12.88,0.00510797
12.89,0.00510704
12.9,0.00510612
12.91,0.00510519
12.92,0.00510427
12.93,0.00510335
12.94,0.00510243
12.95,0.00510151
12.96,0.00510059
12.97,0.00509968
12.98,0.00509876
12.99,0.00509785
13,0.00509693
13.01,0.00509602
13.02,0.00509511
13.03,0.0050942
13.04,0.00509329
13.05,0.00509238
13.06,0.00509148
13.07,0.00509057
13.08,0.00508967
13.09,0.00508876
13.1,0.00508786
13.11,0.00508696
13.12,0.00508606
13.13,0.00508516
13.14,0.00508426
13.15,0.00508337
13.16,0.00508247
13.17,0.00508157
13.18,0.00508068
13.19,0.00507979
13.2,0.0050789
13.21,0.00507801
13.22,0.00507712
13.23,0.00507623
13.24,0.00507534
13.25,0.00507445
13.26,0.00507357
13.27,0.00507268
13.28,0.0050718
13.29,0.00507092
13.3,0.00507004
13.31,0.00506916
13.32,0.00506828
13.33,0.0050674
13.34,0.00506652
13.35,0.00506565
13.36,0.00506477
13.37,0.0050639
13.38,0.00506302
13.39,0.00506215
13.4,0.00506128
13.41,0.00506041
13.42,0.00505954
13.43,0.00505867
13.44,0.00505781
13.45,0.00505694
13.46,0.00505608
13.47,0.00505521
13.48,0.00505435
13.49,0.00505349
13.5,0.00505263
13.51,0.00505177
13.52,0.00505091
13.53,0.00505005
13.54,0.00504919
13.55,0.00504834
13.56,0.00504748
13.57,0.00504663
13.58,0.00504578
13.59,0.00504493
13.6,0.00504407
13.61,0.00504322
13.62,0.00504238
13.63,0.00504153
13.64,0.00504068
13.65,0.00503984
13.66,0.00503899
13.67,0.00503815
13.68,0.0050373
13.69,0.00503646
13.7,0.00503562
13.71,0.00503478
13.72,0.00503394
13.73,0.0050331
13.74,0.00503227
13.75,0.00503143
13.76,0.0050306
13.77,0.00502976
13.78,0.00502893
13.79,0.0050281
13.8,0.00502727
13.81,0.00502643
13.82,0.00502561
13.83,0.00502478
13.84,0.00502395
13.85,0.00502312
13.86,0.0050223
13.87,0.00502147
13.88,0.00502065
13.89,0.00501983
13.9,0.00501901
13.91,0.00501818
13.92,0.00501736
13.93,0.00501655
13.94,0.00501573
13.95,0.00501491
13.96,0.00501409
13.97,0.00501328
13.98,0.00501247
13.99,0.00501165
14,0.00501084
14.01,0.00501063
14.02,0.00501043
14.03,0.00501022
14.04,0.00501002
14.05,0.00500981
14.06,0.00500961
14.07,0.00500941
14.08,0.00500921
14.09,0.00500902
14.1,0.00500882
14.11,0.00500862
14.12,0.00500843
14.13,0.00500824
14.14,0.00500805
14.15,0.00500785
14.16,0.00500767
14.17,0.00500748
14.18,0.00500729
14.19,0.00500711
14.2,0.00500692
14.21,0.00500674
14.22,0.00500656
14.23,0.00500638
14.24,0.0050062
14.25,0.00500602
14.26,0.00500584
14.27,0.00500567
14.28,0.00500549
14.29,0.00500532
14.3,0.00500515
14.31,0.00500498
14.32,0.00500481
14.33,0.00500464
14.34,0.00500447
14.35,0.0050043
14.36,0.00500414
14.37,0.00500397
14.38,0.00500381
14.39,0.00500365
14.4,0.00500349
14.41,0.00500333
14.42,0.00500317
14.43,0.00500302
14.44,0.00500286
14.45,0.00500271
14.46,0.00500255
14.47,0.0050024
14.48,0.00500225
14.49,0.0050021
14.5,0.00500195
14.51,0.00500181
14.52,0.00500166
14.53,0.00500151
14.54,0.00500137
14.55,0.00500123
14.56,0.00500109
14.57,0.00500095
14.58,0.00500081
14.59,0.00500067
14.6,0.00500053
14.61,0.0050004
14.62,0.00500026
14.63,0.00500013
14.64,0.00499999
14.65,0.00499986
14.66,0.00499973
14.67,0.0049996
14.68,0.00499948
14.69,0.00499935
14.7,0.00499922
14.71,0.0049991
14.72,0.00499898
14.73,0.00499885
14.74,0.00499873
14.75,0.00499861
14.76,0.00499849
14.77,0.00499837
14.78,0.00499826
14.79,0.00499814
14.8,0.00499803
14.81,0.00499791
14.82,0.0049978
14.83,0.00499769
14.84,0.00499758
14.85,0.00499747
14.86,0.00499736
14.87,0.00499726
14.88,0.00499715
14.89,0.00499705
14.9,0.00499694
14.91,0.00499684
14.92,0.00499674
14.93,0.00499664
14.94,0.00499654
14.95,0.00499644
14.96,0.00499634
14.97,0.00499625
14.98,0.00499615
14.99,0.00499606
15,0.00499597
15.01,0.00499562
15.02,0.00499528
15.03,0.00499494
15.04,0.0049946
15.05,0.00499426
15.06,0.00499393
15.07,0.00499359
15.08,0.00499325
15.09,0.00499292
15.1,0.00499259
15.11,0.00499226
15.12,0.00499192
15.13,0.00499159
15.14,0.00499127
15.15,0.00499094
15.16,0.00499061
15.17,0.00499029
15.18,0.00498996
15.19,0.00498964
15.2,0.00498931
15.21,0.00498899
15.22,0.00498867
15.23,0.00498835
15.24,0.00498803
15.25,0.00498772
15.26,0.0049874
15.27,0.00498709
15.28,0.00498677
15.29,0.00498646
15.3,0.00498615
15.31,0.00498583
15.32,0.00498552
15.33,0.00498521
15.34,0.00498491
15.35,0.0049846
15.36,0.00498429
15.37,0.00498399
15.38,0.00498368
15.39,0.00498338
15.4,0.00498308
15.41,0.00498278
15.42,0.00498248
15.43,0.00498218
15.44,0.00498188
15.45,0.00498158
15.46,0.00498128
15.47,0.00498099
15.48,0.00498069
15.49,0.0049804
15.5,0.00498011
15.51,0.00497982
15.52,0.00497953
15.53,0.00497924
15.54,0.00497895
15.55,0.00497866
15.56,0.00497838
15.57,0.00497809
15.58,0.00497781
15.59,0.00497752
15.6,0.00497724
15.61,0.00497696
15.62,0.00497668
15.63,0.0049764
15.64,0.00497612
15.65,0.00497584
15.66,0.00497556
15.67,0.00497529
15.68,0.00497501
15.69,0.00497474
15.7,0.00497447
15.71,0.00497419
15.72,0.00497392
15.73,0.00497365
15.74,0.00497338
15.75,0.00497312
15.76,0.00497285
15.77,0.00497258
15.78,0.00497232
15.79,0.00497205
15.8,0.00497179
15.81,0.00497153
15.82,0.00497126
15.83,0.004971
15.84,0.00497074
15.85,0.00497049
15.86,0.00497023
15.87,0.00496997
15.88,0.00496971
15.89,0.00496946
15.9,0.00496921
15.91,0.00496895
15.92,0.0049687
15.93,0.00496845
15.94,0.0049682
15.95,0.00496795
15.96,0.0049677
15.97,0.00496745
15.98,0.0049672
15.99,0.00496696
16,0.00496671
16.01,0.00496647
16.02,0.00496623
16.03,0.00496598
16.04,0.00496574
16.05,0.0049655
16.06,0.00496526
16.07,0.00496502
16.08,0.00496479
16.09,0.00496455
16.1,0.00496431
16.11,0.00496408
16.12,0.00496384
16.13,0.00496361
16.14,0.00496338
16.15,0.00496315
16.16,0.00496292
16.17,0.00496269
16.18,0.00496246
16.19,0.00496223
16.2,0.004962
16.21,0.00496178
16.22,0.00496155
16.23,0.00496133
16.24,0.0049611
16.25,0.00496088
16.26,0.00496066
16.27,0.00496044
16.28,0.00496022
16.29,0.00496
16.3,0.00495978
16.31,0.00495956
16.32,0.00495934
16.33,0.00495913
16.34,0.00495891
16.35,0.0049587
16.36,0.00495849
16.37,0.00495827
16.38,0.00495806
16.39,0.00495785
16.4,0.00495764
16.41,0.00495743
16.42,0.00495723
16.43,0.00495702
16.44,0.00495681
16.45,0.00495661
16.46,0.0049564
16.47,0.0049562
16.48,0.004956
16.49,0.00495579
16.5,0.00495559
16.51,0.00495539
16.52,0.00495519
16.53,0.00495499
16.54,0.00495479
16.55,0.0049546
16.56,0.0049544
16.57,0.00495421
16.58,0.00495401
16.59,0.00495382
16.6,0.00495362
16.61,0.00495343
16.62,0.00495324
16.63,0.00495305
16.64,0.00495286
16.65,0.00495267
16.66,0.00495248
16.67,0.0049523
16.68,0.00495211
16.69,0.00495193
16.7,0.00495174
16.71,0.00495156
16.72,0.00495137
16.73,0.00495119
16.74,0.00495101
16.75,0.00495083
16.76,0.00495065
16.77,0.00495047
16.78,0.00495029
16.79,0.00495012
16.8,0.00494994
16.81,0.00494976
16.82,0.00494959
16.83,0.00494941
16.84,0.00494924
16.85,0.00494907
16.86,0.0049489
16.87,0.00494873
16.88,0.00494856
16.89,0.00494839
16.9,0.00494822
16.91,0.00494805
16.92,0.00494788
16.93,0.00494772
16.94,0.00494755
16.95,0.00494739
16.96,0.00494722
16.97,0.00494706
16.98,0.0049469
16.99,0.00494674
17,0.00494657
17.01,0.00494589
17.02,0.0049452
17.03,0.00494451
17.04,0.00494382
17.05,0.00494314
17.06,0.00494245
17.07,0.00494177
17.08,0.00494108
17.09,0.0049404
17.1,0.00493972
17.11,0.00493904
17.12,0.00493836
17.13,0.00493768
17.14,0.004937
17.15,0.00493632
17.16,0.00493564
17.17,0.00493496
17.18,0.00493429
17.19,0.00493361
17.2,0.00493294
17.21,0.00493226
17.22,0.00493159
17.23,0.00493092
17.24,0.00493025
17.25,0.00492958
17.26,0.00492891
17.27,0.00492824
17.28,0.00492757
17.29,0.0049269
17.3,0.00492623
17.31,0.00492557
17.32,0.0049249
17.33,0.00492424
17.34,0.00492357
17.35,0.00492291
17.36,0.00492225
17.37,0.00492158
17.38,0.00492092
17.39,0.00492026
17.4,0.0049196
17.41,0.00491894
17.42,0.00491829
17.43,0.00491763
17.44,0.00491697
17.45,0.00491632
17.46,0.00491566
17.47,0.00491501
17.48,0.00491435
17.49,0.0049137
17.5,0.00491305
17.51,0.0049124
17.52,0.00491174
17.53,0.00491109
17.54,0.00491045
17.55,0.0049098
17.56,0.00490915
17.57,0.0049085
17.58,0.00490785
17.59,0.00490721
17.6,0.00490656
17.61,0.00490592
17.62,0.00490528
17.63,0.00490463
17.64,0.00490399
17.65,0.00490335
17.66,0.00490271
17.67,0.00490207
17.68,0.00490143
17.69,0.00490079
17.7,0.00490015
17.71,0.00489951
17.72,0.00489888
17.73,0.00489824
17.74,0.00489761
17.75,0.00489697
17.76,0.00489634
17.77,0.00489571
17.78,0.00489507
17.79,0.00489444
17.8,0.00489381
17.81,0.00489318
17.82,0.00489255
17.83,0.00489192
17.84,0.00489129
17.85,0.00489067
17.86,0.00489004
17.87,0.00488941
17.88,0.00488879
17.89,0.00488816
17.9,0.00488754
17.91,0.00488691
17.92,0.00488629
17.93,0.00488567
17.94,0.00488505
17.95,0.00488443
17.96,0.00488381
17.97,0.00488319
17.98,0.00488257
17.99,0.00488195
18,0.00488133
18.01,0.00488072
18.02,0.0048801
18.03,0.00487949
18.04,0.00487887
18.05,0.00487826
18.06,0.00487764
18.07,0.00487703
18.08,0.00487642
18.09,0.00487581
18.1,0.0048752
18.11,0.00487459
18.12,0.00487398
18.13,0.00487337
18.14,0.00487276
18.15,0.00487216
18.16,0.00487155
18.17,0.00487094
18.18,0.00487034
18.19,0.00486973
18.2,0.00486913
18.21,0.00486853
18.22,0.00486792
18.23,0.00486732
18.24,0.00486672
18.25,0.00486612
18.26,0.00486552
18.27,0.00486492
18.28,0.00486432
18.29,0.00486372
18.3,0.00486313
18.31,0.00486253
18.32,0.00486193
18.33,0.00486134
18.34,0.00486074
18.35,0.00486015
18.36,0.00485955
18.37,0.00485896
18.38,0.00485837
18.39,0.00485778
18.4,0.00485719
18.41,0.0048566
18.42,0.00485601
18.43,0.00485542
18.44,0.00485483
18.45,0.00485424
18.46,0.00485365
18.47,0.00485307
18.48,0.00485248
18.49,0.0048519
18.5,0.00485131
18.51,0.00485073
18.52,0.00485014
18.53,0.00484956
18.54,0.00484898
18.55,0.0048484
18.56,0.00484782
18.57,0.00484724
18.58,0.00484666
18.59,0.00484608
18.6,0.0048455
18.61,0.00484492
18.62,0.00484434
18.63,0.00484377
18.64,0.00484319
18.65,0.00484262
18.66,0.00484204
18.67,0.00484147
18.68,0.00484089
18.69,0.00484032
18.7,0.00483975
18.71,0.00483918
18.72,0.00483861
18.73,0.00483804
18.74,0.00483747
18.75,0.0048369
18.76,0.00483633
18.77,0.00483576
18.78,0.00483519
18.79,0.00483463
18.8,0.00483406
18.81,0.00483349
18.82,0.00483293
18.83,0.00483236
18.84,0.0048318
18.85,0.00483124
18.86,0.00483068
18.87,0.00483011
18.88,0.00482955
18.89,0.00482899
18.9,0.00482843
18.91,0.00482787
18.92,0.00482731
18.93,0.00482675
18.94,0.0048262
18.95,0.00482564
18.96,0.00482508
18.97,0.00482453
18.98,0.00482397
18.99,0.00482342
19,0.00482286
19.01,0.00482231
19.02,0.00482176
19.03,0.0048212
19.04,0.00482065
19.05,0.0048201
19.06,0.00481955
19.07,0.004819
19.08,0.00481845
19.09,0.0048179
19.1,0.00481735
19.11,0.0048168
19.12,0.00481626
19.13,0.00481571
19.14,0.00481516
19.15,0.00481462
19.16,0.00481407
19.17,0.00481353
19.18,0.00481299
19.19,0.00481244
19.2,0.0048119
19.21,0.00481136
19.22,0.00481082
19.23,0.00481028
19.24,0.00480974
19.25,0.0048092
19.26,0.00480866
19.27,0.00480812
19.28,0.00480758
19.29,0.00480704
19.3,0.0048065
19.31,0.00480597
19.32,0.00480543
19.33,0.0048049
19.34,0.00480436
19.35,0.00480383
19.36,0.0048033
19.37,0.00480276
19.38,0.00480223
19.39,0.0048017
19.4,0.00480117
19.41,0.00480064
19.42,0.00480011
19.43,0.00479958
19.44,0.00479905
19.45,0.00479852
19.46,0.00479799
19.47,0.00479746
19.48,0.00479694
19.49,0.00479641
19.5,0.00479588
19.51,0.00479536
19.52,0.00479483
19.53,0.00479431
19.54,0.00479379
19.55,0.00479326
19.56,0.00479274
19.57,0.00479222
19.58,0.0047917
19.59,0.00479118
19.6,0.00479066
19.61,0.00479014
19.62,0.00478962
19.63,0.0047891
19.64,0.00478858
19.65,0.00478806
19.66,0.00478755
19.67,0.00478703
19.68,0.00478651
19.69,0.004786
19.7,0.00478548
19.71,0.00478497
19.72,0.00478445
19.73,0.00478394
19.74,0.00478343
19.75,0.00478292
19.76,0.0047824
19.77,0.00478189
19.78,0.00478138
19.79,0.00478087
19.8,0.00478036
19.81,0.00477985
19.82,0.00477935
19.83,0.00477884
19.84,0.00477833
19.85,0.00477782
19.86,0.00477732
19.87,0.00477681
19.88,0.00477631
19.89,0.0047758
19.9,0.0047753
19.91,0.00477479
19.92,0.00477429
19.93,0.00477379
19.94,0.00477328
19.95,0.00477278
19.96,0.00477228
19.97,0.00477178
19.98,0.00477128
19.99,0.00477078
20,0.00477028
20.01,0.00476948
20.02,0.00476867
20.03,0.00476787
20.04,0.00476706
20.05,0.00476626
20.06,0.00476546
20.07,0.00476466
20.08,0.00476385
20.09,0.00476305
20.1,0.00476225
20.11,0.00476145
20.12,0.00476065
20.13,0.00475985
20.14,0.00475906
20.15,0.00475826
20.16,0.00475746
20.17,0.00475666
20.18,0.00475587
20.19,0.00475507
20.2,0.00475428
20.21,0.00475348
20.22,0.00475269
20.23,0.00475189
20.24,0.0047511
20.25,0.00475031
20.26,0.00474951
20.27,0.00474872
20.28,0.00474793
20.29,0.00474714
20.3,0.00474635
20.31,0.00474556
20.32,0.00474477
20.33,0.00474398
20.34,0.00474319
20.35,0.00474241
20.36,0.00474162
20.37,0.00474083
20.38,0.00474004
20.39,0.00473926
20.4,0.00473847
20.41,0.00473769
20.42,0.0047369
20.43,0.00473612
20.44,0.00473534
20.45,0.00473455
20.46,0.00473377
20.47,0.00473299
20.48,0.00473221
20.49,0.00473143
20.5,0.00473064
20.51,0.00472986
20.52,0.00472908
20.53,0.00472831
20.54,0.00472753
20.55,0.00472675
20.56,0.00472597
20.57,0.00472519
20.58,0.00472442
20.59,0.00472364
20.6,0.00472286
20.61,0.00472209
20.62,0.00472131
20.63,0.00472054
20.64,0.00471977
20.65,0.00471899
20.66,0.00471822
20.67,0.00471745
20.68,0.00471668
20.69,0.0047159
20.7,0.00471513
20.71,0.00471436
20.72,0.00471359
20.73,0.00471282
20.74,0.00471205
20.75,0.00471128
20.76,0.00471052
20.77,0.00470975
20.78,0.00470898
20.79,0.00470821
20.8,0.00470745
20.81,0.00470668
20.82,0.00470592
20.83,0.00470515
20.84,0.00470439
20.85,0.00470362
20.86,0.00470286
20.87,0.0047021
20.88,0.00470133
20.89,0.00470057
20.9,0.00469981
20.91,0.00469905
20.92,0.00469829
20.93,0.00469753
20.94,0.00469677
20.95,0.00469601
20.96,0.00469525
20.97,0.00469449
20.98,0.00469373
20.99,0.00469297
21,0.00469222
21.01,0.00469146
21.02,0.0046907
21.03,0.00468995
21.04,0.00468919
21.05,0.00468844
21.06,0.00468768
21.07,0.00468693
21.08,0.00468617
21.09,0.00468542
21.1,0.00468467
21.11,0.00468392
21.12,0.00468316
21.13,0.00468241
21.14,0.00468166
21.15,0.00468091
21.16,0.00468016
21.17,0.00467941
21.18,0.00467866
21.19,0.00467791
21.2,0.00467717
21.21,0.00467642
21.22,0.00467567
21.23,0.00467492
21.24,0.00467418
21.25,0.00467343
21.26,0.00467269
21.27,0.00467194
21.28,0.0046712
21.29,0.00467045
21.3,0.00466971
21.31,0.00466896
21.32,0.00466822
21.33,0.00466748
21.34,0.00466674
21.35,0.00466599
21.36,0.00466525
21.37,0.00466451
21.38,0.00466377
21.39,0.00466303
21.4,0.00466229
21.41,0.00466155
21.42,0.00466081
21.43,0.00466008
21.44,0.00465934
21.45,0.0046586
21.46,0.00465786
21.47,0.00465713
21.48,0.00465639
21.49,0.00465566
21.5,0.00465492
21.51,0.00465419
21.52,0.00465345
21.53,0.00465272
21.54,0.00465198
21.55,0.00465125
21.56,0.00465052
21.57,0.00464979
21.58,0.00464905
21.59,0.00464832
21.6,0.00464759
21.61,0.00464686
21.62,0.00464613
21.63,0.0046454
21.64,0.00464467
21.65,0.00464394
21.66,0.00464321
21.67,0.00464249
21.68,0.00464176
21.69,0.00464103
21.7,0.0046403
21.71,0.00463958
21.72,0.00463885
21.73,0.00463813
21.74,0.0046374
21.75,0.00463668
21.76,0.00463595
21.77,0.00463523
21.78,0.0046345
21.79,0.00463378
21.8,0.00463306
21.81,0.00463234
21.82,0.00463161
21.83,0.00463089
21.84,0.00463017
21.85,0.00462945
21.86,0.00462873
21.87,0.00462801
21.88,0.00462729
21.89,0.00462657
21.9,0.00462585
21.91,0.00462514
21.92,0.00462442
21.93,0.0046237
21.94,0.00462298
21.95,0.00462227
21.96,0.00462155
21.97,0.00462084
21.98,0.00462012
21.99,0.00461941
22,0.00461869
22.01,0.00461802
22.02,0.00461734
22.03,0.00461667
22.04,0.00461599
22.05,0.00461532
22.06,0.00461465
22.07,0.00461397
22.08,0.0046133
22.09,0.00461263
22.1,0.00461196
22.11,0.00461129
22.12,0.00461062
22.13,0.00460994
22.14,0.00460927
22.15,0.00460861
22.16,0.00460794
22.17,0.00460727
22.18,0.0046066
22.19,0.00460593
22.2,0.00460526
22.21,0.0046046
22.22,0.00460393
22.23,0.00460326
22.24,0.0046026
22.25,0.00460193
22.26,0.00460127
22.27,0.0046006
22.28,0.00459994
22.29,0.00459927
22.3,0.00459861
22.31,0.00459794
22.32,0.00459728
22.33,0.00459662
22.34,0.00459596
22.35,0.0045953
22.36,0.00459463
22.37,0.00459397
22.38,0.00459331
22.39,0.00459265
22.4,0.00459199
22.41,0.00459133
22.42,0.00459067
22.43,0.00459001
22.44,0.00458936
22.45,0.0045887
22.46,0.00458804
22.47,0.00458738
22.48,0.00458673
22.49,0.00458607
22.5,0.00458541
22.51,0.00458476
22.52,0.0045841
22.53,0.00458345
22.54,0.00458279
22.55,0.00458214
22.56,0.00458149
22.57,0.00458083
22.58,0.00458018
22.59,0.00457953
22.6,0.00457887
22.61,0.00457822
22.62,0.00457757
22.63,0.00457692
22.64,0.00457627
22.65,0.00457562
22.66,0.00457497
22.67,0.00457432
22.68,0.00457367
22.69,0.00457302
22.7,0.00457237
22.71,0.00457172
22.72,0.00457107
22.73,0.00457043
22.74,0.00456978
22.75,0.00456913
22.76,0.00456849
22.77,0.00456784
22.78,0.0045672
22.79,0.00456655
22.8,0.00456591
22.81,0.00456526
22.82,0.00456462
22.83,0.00456397
22.84,0.00456333
22.85,0.00456269
22.86,0.00456204
22.87,0.0045614
22.88,0.00456076
22.89,0.00456012
22.9,0.00455948
22.91,0.00455883
22.92,0.00455819
22.93,0.00455755
22.94,0.00455691
22.95,0.00455627
22.96,0.00455564
22.97,0.004555
22.98,0.00455436
22.99,0.00455372
23,0.00455308
23.01,0.00455244
23.02,0.00455181
23.03,0.00455117
23.04,0.00455054
23.05,0.0045499
23.06,0.00454926
23.07,0.00454863
23.08,0.00454799
23.09,0.00454736
23.1,0.00454672
23.11,0.00454609
23.12,0.00454546
23.13,0.00454482
23.14,0.00454419
23.15,0.00454356
23.16,0.00454293
23.17,0.0045423
23.18,0.00454166
23.19,0.00454103
23.2,0.0045404
23.21,0.00453977
23.22,0.00453914
23.23,0.00453851
23.24,0.00453788
23.25,0.00453725
23.26,0.00453663
23.27,0.004536
23.28,0.00453537
23.29,0.00453474
23.3,0.00453411
23.31,0.00453349
23.32,0.00453286
23.33,0.00453223
23.34,0.00453161
23.35,0.00453098
23.36,0.00453036
23.37,0.00452973
23.38,0.00452911
23.39,0.00452848
23.4,0.00452786
23.41,0.00452724
23.42,0.00452661
23.43,0.00452599
23.44,0.00452537
23.45,0.00452475
23.46,0.00452413
23.47,0.0045235
23.48,0.00452288
23.49,0.00452226
23.5,0.00452164
23.51,0.00452102
23.52,0.0045204
23.53,0.00451978
23.54,0.00451916
23.55,0.00451855
23.56,0.00451793
23.57,0.00451731
23.58,0.00451669
23.59,0.00451607
23.6,0.00451546
23.61,0.00451484
23.62,0.00451422
23.63,0.00451361
23.64,0.00451299
23.65,0.00451238
23.66,0.00451176
23.67,0.00451115
23.68,0.00451053
23.69,0.00450992
23.7,0.0045093
23.71,0.00450869
23.72,0.00450808
23.73,0.00450746
23.74,0.00450685
23.75,0.00450624
23.76,0.00450563
23.77,0.00450502
23.78,0.00450441
23.79,0.0045038
23.8,0.00450318
23.81,0.00450257
23.82,0.00450196
23.83,0.00450136
23.84,0.00450075
23.85,0.00450014
23.86,0.00449953
23.87,0.00449892
23.88,0.00449831
23.89,0.00449771
23.9,0.0044971
23.91,0.00449649
23.92,0.00449588
23.93,0.00449528
23.94,0.00449467
23.95,0.00449407
23.96,0.00449346
23.97,0.00449286
23.98,0.00449225
23.99,0.00449165
24,0.00449104
24.01,0.00449044
24.02,0.00448984
24.03,0.00448923
24.04,0.00448863
24.05,0.00448803
24.06,0.00448743
24.07,0.00448682
24.08,0.00448622
24.09,0.00448562
24.1,0.00448502
24.11,0.00448442
24.12,0.00448382
24.13,0.00448322
24.14,0.00448262
24.15,0.00448202
24.16,0.00448142
24.17,0.00448082
24.18,0.00448022
24.19,0.00447963
24.2,0.00447903
24.21,0.00447843
24.22,0.00447783
24.23,0.00447724
24.24,0.00447664
24.25,0.00447604
24.26,0.00447545
24.27,0.00447485
24.28,0.00447426
24.29,0.00447366
24.3,0.00447307
24.31,0.00447247
24.32,0.00447188
24.33,0.00447129
24.34,0.00447069
24.35,0.0044701
24.36,0.00446951
24.37,0.00446891
24.38,0.00446832
24.39,0.00446773
24.4,0.00446714
24.41,0.00446655
24.42,0.00446596
24.43,0.00446537
24.44,0.00446478
24.45,0.00446419
24.46,0.0044636
24.47,0.00446301
24.48,0.00446242
24.49,0.00446183
24.5,0.00446124
24.51,0.00446065
24.52,0.00446006
24.53,0.00445948
24.54,0.00445889
24.55,0.0044583
24.56,0.00445771
24.57,0.00445713
24.58,0.00445654
24.59,0.00445596
24.6,0.00445537
24.61,0.00445479
24.62,0.0044542
24.63,0.00445362
24.64,0.00445303
24.65,0.00445245
24.66,0.00445186
24.67,0.00445128
24.68,0.0044507
24.69,0.00445011
24.7,0.00444953
24.71,0.00444895
24.72,0.00444837
24.73,0.00444779
24.74,0.0044472
24.75,0.00444662
24.76,0.00444604
24.77,0.00444546
24.78,0.00444488
24.79,0.0044443
24.8,0.00444372
24.81,0.00444314
24.82,0.00444256
24.83,0.00444198
24.84,0.00444141
24.85,0.00444083
24.86,0.00444025
24.87,0.00443967
24.88,0.00443909
24.89,0.00443852
24.9,0.00443794
24.91,0.00443736
24.92,0.00443679
24.93,0.00443621
24.94,0.00443564
24.95,0.00443506
24.96,0.00443449
24.97,0.00443391
24.98,0.00443334
24.99,0.00443276
25,0.00443219
25.01,0.00443156
25.02,0.00443093
25.03,0.0044303
25.04,0.00442967
25.05,0.00442905
25.06,0.00442842
25.07,0.00442779
25.08,0.00442716
25.09,0.00442654
25.1,0.00442591
25.11,0.00442528
25.12,0.00442466
25.13,0.00442403
25.14,0.0044234
25.15,0.00442278
25.16,0.00442215
25.17,0.00442153
25.18,0.0044209
25.19,0.00442028
25.2,0.00441966
25.21,0.00441903
25.22,0.00441841
25.23,0.00441779
25.24,0.00441716
25.25,0.00441654
25.26,0.00441592
25.27,0.0044153
25.28,0.00441467
25.29,0.00441405
25.3,0.00441343
25.31,0.00441281
25.32,0.00441219
25.33,0.00441157
25.34,0.00441095
25.35,0.00441033
25.36,0.00440971
25.37,0.00440909
25.38,0.00440847
25.39,0.00440785
25.4,0.00440724
25.41,0.00440662
25.42,0.004406
25.43,0.00440538
25.44,0.00440476
25.45,0.00440415
25.46,0.00440353
25.47,0.00440291
25.48,0.0044023
25.49,0.00440168
25.5,0.00440107
25.51,0.00440045
25.52,0.00439983
25.53,0.00439922
25.54,0.00439861
25.55,0.00439799
25.56,0.00439738
25.57,0.00439676
25.58,0.00439615
25.59,0.00439554
25.6,0.00439492
25.61,0.00439431
25.62,0.0043937
25.63,0.00439309
25.64,0.00439247
25.65,0.00439186
25.66,0.00439125
25.67,0.00439064
25.68,0.00439003
25.69,0.00438942
25.7,0.00438881
25.71,0.0043882
25.72,0.00438759
25.73,0.00438698
25.74,0.00438637
25.75,0.00438576
25.76,0.00438515
25.77,0.00438454
25.78,0.00438393
25.79,0.00438333
25.8,0.00438272
25.81,0.00438211
25.82,0.0043815
25.83,0.0043809
25.84,0.00438029
25.85,0.00437968
25.86,0.00437908
25.87,0.00437847
25.88,0.00437787
25.89,0.00437726
25.9,0.00437665
25.91,0.00437605
25.92,0.00437545
25.93,0.00437484
25.94,0.00437424
25.95,0.00437363
25.96,0.00437303
25.97,0.00437243
25.98,0.00437182
25.99,0.00437122
26,0.00437062
26.01,0.00437002
26.02,0.00436941
26.03,0.00436881
26.04,0.00436821
26.05,0.00436761
26.06,0.00436701
26.07,0.00436641
26.08,0.00436581
26.09,0.00436521
26.1,0.00436461
26.11,0.00436401
26.12,0.00436341
26.13,0.00436281
26.14,0.00436221
26.15,0.00436161
26.16,0.00436101
26.17,0.00436041
26.18,0.00435981
26.19,0.00435922
26.2,0.00435862
26.21,0.00435802
26.22,0.00435743
26.23,0.00435683
26.24,0.00435623
26.25,0.00435564
26.26,0.00435504
26.27,0.00435444
26.28,0.00435385
26.29,0.00435325
26.3,0.00435266
26.31,0.00435206
26.32,0.00435147
26.33,0.00435087
26.34,0.00435028
26.35,0.00434969
26.36,0.00434909
26.37,0.0043485
26.38,0.00434791
26.39,0.00434731
26.4,0.00434672
26.41,0.00434613
26.42,0.00434554
26.43,0.00434495
26.44,0.00434435
26.45,0.00434376
26.46,0.00434317
26.47,0.00434258
26.48,0.00434199
26.49,0.0043414
26.5,0.00434081
26.51,0.00434022
26.52,0.00433963
26.53,0.00433904
26.54,0.00433845
26.55,0.00433786
26.56,0.00433727
26.57,0.00433669
26.58,0.0043361
26.59,0.00433551
26.6,0.00433492
26.61,0.00433434
26.62,0.00433375
26.63,0.00433316
26.64,0.00433257
26.65,0.00433199
26.66,0.0043314
26.67,0.00433082
26.68,0.00433023
26.69,0.00432964
26.7,0.00432906
26.71,0.00432847
26.72,0.00432789
26.73,0.0043273
26.74,0.00432672
26.75,0.00432614
26.76,0.00432555
26.77,0.00432497
26.78,0.00432439
26.79,0.0043238
26.8,0.00432322
26.81,0.00432264
26.82,0.00432205
26.83,0.00432147
26.84,0.00432089
26.85,0.00432031
26.86,0.00431973
26.87,0.00431915
26.88,0.00431856
26.89,0.00431798
26.9,0.0043174
26.91,0.00431682
26.92,0.00431624
26.93,0.00431566
26.94,0.00431508
26.95,0.0043145
26.96,0.00431393
26.97,0.00431335
26.98,0.00431277
26.99,0.00431219
27,0.00431161
27.01,0.00431108
27.02,0.00431054
27.03,0.00431001
27.04,0.00430948
27.05,0.00430895
27.06,0.00430841
27.07,0.00430788
27.08,0.00430735
27.09,0.00430682
27.1,0.00430629
27.11,0.00430576
27.12,0.00430523
27.13,0.00430469
27.14,0.00430416
27.15,0.00430363
27.16,0.0043031
27.17,0.00430257
27.18,0.00430204
27.19,0.00430152
27.2,0.00430099
27.21,0.00430046
27.22,0.00429993
27.23,0.0042994
27.24,0.00429887
27.25,0.00429834
27.26,0.00429782
27.27,0.00429729
27.28,0.00429676
27.29,0.00429623
27.3,0.00429571
27.31,0.00429518
27.32,0.00429466
27.33,0.00429413
27.34,0.0042936
27.35,0.00429308
27.36,0.00429255
27.37,0.00429203
27.38,0.0042915
27.39,0.00429098
27.4,0.00429045
27.41,0.00428993
27.42,0.0042894
27.43,0.00428888
27.44,0.00428836
27.45,0.00428783
27.46,0.00428731
27.47,0.00428679
27.48,0.00428626
27.49,0.00428574
27.5,0.00428522
27.51,0.0042847
27.52,0.00428417
27.53,0.00428365
27.54,0.00428313
27.55,0.00428261
27.56,0.00428209
27.57,0.00428157
27.58,0.00428105
27.59,0.00428053
27.6,0.00428001
27.61,0.00427949
27.62,0.00427897
27.63,0.00427845
27.64,0.00427793
27.65,0.00427741
27.66,0.00427689
27.67,0.00427637
27.68,0.00427585
27.69,0.00427534
27.7,0.00427482
27.71,0.0042743
27.72,0.00427378
27.73,0.00427326
27.74,0.00427275
27.75,0.00427223
27.76,0.00427171
27.77,0.0042712
27.78,0.00427068
27.79,0.00427016
27.8,0.00426965
27.81,0.00426913
27.82,0.00426862
27.83,0.0042681
27.84,0.00426759
27.85,0.00426707
27.86,0.00426656
27.87,0.00426604
27.88,0.00426553
27.89,0.00426502
27.9,0.0042645
27.91,0.00426399
27.92,0.00426347
27.93,0.00426296
27.94,0.00426245
27.95,0.00426194
27.96,0.00426142
27.97,0.00426091
27.98,0.0042604
27.99,0.00425989
28,0.00425938
28.01,0.00425886
28.02,0.00425835
28.03,0.00425784
28.04,0.00425733
28.05,0.00425682
28.06,0.00425631
28.07,0.0042558
28.08,0.00425529
28.09,0.00425478
28.1,0.00425427
28.11,0.00425376
28.12,0.00425325
28.13,0.00425274
28.14,0.00425223
28.15,0.00425173
28.16,0.00425122
28.17,0.00425071
28.18,0.0042502
28.19,0.00424969
28.2,0.00424919
28.21,0.00424868
28.22,0.00424817
28.23,0.00424767
28.24,0.00424716
28.25,0.00424665
28.26,0.00424615
28.27,0.00424564
28.28,0.00424513
28.29,0.00424463
28.3,0.00424412
28.31,0.00424362
28.32,0.00424311
28.33,0.00424261
28.34,0.0042421
28.35,0.0042416
28.36,0.00424109
28.37,0.00424059
28.38,0.00424009
28.39,0.00423958
28.4,0.00423908
28.41,0.00423858
28.42,0.00423807
28.43,0.00423757
28.44,0.00423707
28.45,0.00423657
28.46,0.00423606
28.47,0.00423556
28.48,0.00423506
28.49,0.00423456
28.5,0.00423406
28.51,0.00423356
28.52,0.00423305
28.53,0.00423255
28.54,0.00423205
28.55,0.00423155
28.56,0.00423105
28.57,0.00423055
28.58,0.00423005
28.59,0.00422955
28.6,0.00422905
28.61,0.00422855
28.62,0.00422805
28.63,0.00422756
28.64,0.00422706
28.65,0.00422656
28.66,0.00422606
28.67,0.00422556
28.68,0.00422506
28.69,0.00422457
28.7,0.00422407
28.71,0.00422357
28.72,0.00422308
28.73,0.00422258
28.74,0.00422208
28.75,0.00422159
28.76,0.00422109
28.77,0.00422059
28.78,0.0042201
28.79,0.0042196
28.8,0.00421911
28.81,0.00421861
28.82,0.00421812
28.83,0.00421762
28.84,0.00421713
28.85,0.00421663
28.86,0.00421614
28.87,0.00421564
28.88,0.00421515
28.89,0.00421465
28.9,0.00421416
28.91,0.00421367
28.92,0.00421317
28.93,0.00421268
28.94,0.00421219
28.95,0.0042117
28.96,0.0042112
28.97,0.00421071
28.98,0.00421022
28.99,0.00420973
29,0.00420924
29.01,0.00420874
29.02,0.00420825
29.03,0.00420776
29.04,0.00420727
29.05,0.00420678
29.06,0.00420629
29.07,0.0042058
29.08,0.00420531
29.09,0.00420482
29.1,0.00420433
29.11,0.00420384
29.12,0.00420335
29.13,0.00420286
29.14,0.00420237
29.15,0.00420188
29.16,0.00420139
29.17,0.00420091
29.18,0.00420042
29.19,0.00419993
29.2,0.00419944
29.21,0.00419895
29.22,0.00419847
29.23,0.00419798
29.24,0.00419749
29.25,0.004197
29.26,0.00419652
29.27,0.00419603
29.28,0.00419554
29.29,0.00419506
29.3,0.00419457
29.31,0.00419409
29.32,0.0041936
29.33,0.00419312
29.34,0.00419263
29.35,0.00419214
29.36,0.00419166
29.37,0.00419117
29.38,0.00419069
29.39,0.00419021
29.4,0.00418972
29.41,0.00418924
29.42,0.00418875
29.43,0.00418827
29.44,0.00418779
29.45,0.0041873
29.46,0.00418682
29.47,0.00418634
29.48,0.00418585
29.49,0.00418537
29.5,0.00418489
29.51,0.00418441
29.52,0.00418392
29.53,0.00418344
29.54,0.00418296
29.55,0.00418248
29.56,0.004182
29.57,0.00418152
29.58,0.00418104
29.59,0.00418056
29.6,0.00418007
29.61,0.00417959
29.62,0.00417911
29.63,0.00417863
29.64,0.00417815
29.65,0.00417767
29.66,0.0041772
29.67,0.00417672
29.68,0.00417624
29.69,0.00417576
29.7,0.00417528
29.71,0.0041748
29.72,0.00417432
29.73,0.00417384
29.74,0.00417337
29.75,0.00417289
29.76,0.00417241
29.77,0.00417193
29.78,0.00417145
29.79,0.00417098
29.8,0.0041705
29.81,0.00417002
29.82,0.00416955
29.83,0.00416907
29.84,0.00416859
29.85,0.00416812
29.86,0.00416764
29.87,0.00416717
29.88,0.00416669
29.89,0.00416621
29.9,0.00416574
29.91,0.00416526
29.92,0.00416479
29.93,0.00416431
29.94,0.00416384
29.95,0.00416337
29.96,0.00416289
29.97,0.00416242
29.98,0.00416194
29.99,0.00416147
30,0.004161
30.01,0.00416048
30.02,0.00415996
30.03,0.00415944
30.04,0.00415893
30.05,0.00415841
30.06,0.00415789
30.07,0.00415737
30.08,0.00415686
30.09,0.00415634
30.1,0.00415582
30.11,0.00415531
30.12,0.00415479
30.13,0.00415428
30.14,0.00415376
30.15,0.00415324
30.16,0.00415273
30.17,0.00415221
30.18,0.0041517
30.19,0.00415118
30.2,0.00415067
30.21,0.00415015
30.22,0.00414964
30.23,0.00414913
30.24,0.00414861
30.25,0.0041481
30.26,0.00414758
30.27,0.00414707
30.28,0.00414656
30.29,0.00414604
30.3,0.00414553
30.31,0.00414502
30.32,0.00414451
30.33,0.00414399
30.34,0.00414348
30.35,0.00414297
30.36,0.00414246
30.37,0.00414194
30.38,0.00414143
30.39,0.00414092
30.4,0.00414041
30.41,0.0041399
30.42,0.00413939
30.43,0.00413888
30.44,0.00413837
30.45,0.00413786
30.46,0.00413735
30.47,0.00413684
30.48,0.00413633
30.49,0.00413582
30.5,0.00413531
30.51,0.0041348
30.52,0.00413429
30.53,0.00413378
30.54,0.00413327
30.55,0.00413276
30.56,0.00413225
30.57,0.00413174
30.58,0.00413123
30.59,0.00413073
30.6,0.00413022
30.61,0.00412971
30.62,0.0041292
30.63,0.0041287
30.64,0.00412819
30.65,0.00412768
30.66,0.00412717
30.67,0.00412667
30.68,0.00412616
30.69,0.00412565
30.7,0.00412515
30.71,0.00412464
30.72,0.00412413
30.73,0.00412363
30.74,0.00412312
30.75,0.00412262
30.76,0.00412211
30.77,0.00412161
30.78,0.0041211
30.79,0.0041206
30.8,0.00412009
30.81,0.00411959
30.82,0.00411908
30.83,0.00411858
30.84,0.00411807
30.85,0.00411757
30.86,0.00411707
30.87,0.00411656
30.88,0.00411606
30.89,0.00411556
30.9,0.00411505
30.91,0.00411455
30.92,0.00411405
30.93,0.00411354
30.94,0.00411304
30.95,0.00411254
30.96,0.00411204
30.97,0.00411153
30.98,0.00411103
30.99,0.00411053
31,0.00411003
31.01,0.00410953
31.02,0.00410903
31.03,0.00410853
31.04,0.00410802
31.05,0.00410752
31.06,0.00410702
31.07,0.00410652
31.08,0.00410602
31.09,0.00410552
31.1,0.00410502
31.11,0.00410452
31.12,0.00410402
31.13,0.00410352
31.14,0.00410302
31.15,0.00410252
31.16,0.00410202
31.17,0.00410153
31.18,0.00410103
31.19,0.00410053
31.2,0.00410003
31.21,0.00409953
31.22,0.00409903
31.23,0.00409854
31.24,0.00409804
31.25,0.00409754
31.26,0.00409704
31.27,0.00409654
31.28,0.00409605
31.29,0.00409555
31.3,0.00409505
31.31,0.00409456
31.32,0.00409406
31.33,0.00409356
31.34,0.00409307
31.35,0.00409257
31.36,0.00409208
31.37,0.00409158
31.38,0.00409108
31.39,0.00409059
31.4,0.00409009
31.41,0.0040896
31.42,0.0040891
31.43,0.00408861
31.44,0.00408811
31.45,0.00408762
31.46,0.00408712
31.47,0.00408663
31.48,0.00408613
31.49,0.00408564
31.5,0.00408515
31.51,0.00408465
31.52,0.00408416
31.53,0.00408367
31.54,0.00408317
31.55,0.00408268
31.56,0.00408219
31.57,0.00408169
31.58,0.0040812
31.59,0.00408071
31.6,0.00408022
31.61,0.00407972
31.62,0.00407923
31.63,0.00407874
31.64,0.00407825
31.65,0.00407776
31.66,0.00407726
31.67,0.00407677
31.68,0.00407628
31.69,0.00407579
31.7,0.0040753
31.71,0.00407481
31.72,0.00407432
31.73,0.00407383
31.74,0.00407334
31.75,0.00407285
31.76,0.00407236
31.77,0.00407187
31.78,0.00407138
31.79,0.00407089
31.8,0.0040704
31.81,0.00406991
31.82,0.00406942
31.83,0.00406893
31.84,0.00406844
31.85,0.00406795
31.86,0.00406747
31.87,0.00406698
31.88,0.00406649
31.89,0.004066
31.9,0.00406551
31.91,0.00406503
31.92,0.00406454
31.93,0.00406405
31.94,0.00406356
31.95,0.00406308
31.96,0.00406259
31.97,0.0040621
31.98,0.00406161
31.99,0.00406113
32,0.00406064
32.01,0.00406015
32.02,0.00405967
32.03,0.00405918
32.04,0.0040587
32.05,0.00405821
32.06,0.00405773
32.07,0.00405724
32.08,0.00405675
32.09,0.00405627
32.1,0.00405578
32.11,0.0040553
32.12,0.00405481
32.13,0.00405433
32.14,0.00405385
32.15,0.00405336
32.16,0.00405288
32.17,0.00405239
32.18,0.00405191
32.19,0.00405142
32.2,0.00405094
32.21,0.00405046
32.22,0.00404997
32.23,0.00404949
32.24,0.00404901
32.25,0.00404852
32.26,0.00404804
32.27,0.00404756
32.28,0.00404708
32.29,0.00404659
32.3,0.00404611
32.31,0.00404563
32.32,0.00404515
32.33,0.00404467
32.34,0.00404418
32.35,0.0040437
32.36,0.00404322
32.37,0.00404274
32.38,0.00404226
32.39,0.00404178
32.4,0.0040413
32.41,0.00404082
32.42,0.00404034
32.43,0.00403986
32.44,0.00403938
32.45,0.0040389
32.46,0.00403842
32.47,0.00403794
32.48,0.00403746
32.49,0.00403698
32.5,0.0040365
32.51,0.00403602
32.52,0.00403554
32.53,0.00403506
32.54,0.00403458
32.55,0.0040341
32.56,0.00403362
32.57,0.00403314
32.58,0.00403267
32.59,0.00403219
32.6,0.00403171
32.61,0.00403123
32.62,0.00403075
32.63,0.00403028
32.64,0.0040298
32.65,0.00402932
32.66,0.00402884
32.67,0.00402837
32.68,0.00402789
32.69,0.00402741
32.7,0.00402694
32.71,0.00402646
32.72,0.00402598
32.73,0.00402551
32.74,0.00402503
32.75,0.00402455
32.76,0.00402408
32.77,0.0040236
32.78,0.00402313
32.79,0.00402265
32.8,0.00402218
32.81,0.0040217
32.82,0.00402123
32.83,0.00402075
32.84,0.00402028
32.85,0.0040198
32.86,0.00401933
32.87,0.00401885
32.88,0.00401838
32.89,0.0040179
32.9,0.00401743
32.91,0.00401696
32.92,0.00401648
32.93,0.00401601
32.94,0.00401554
32.95,0.00401506
32.96,0.00401459
32.97,0.00401412
32.98,0.00401364
32.99,0.00401317
33,0.0040127
33.01,0.00401222
33.02,0.00401175
33.03,0.00401128
33.04,0.00401081
33.05,0.00401034
33.06,0.00400986
33.07,0.00400939
33.08,0.00400892
33.09,0.00400845
33.1,0.00400798
33.11,0.00400751
33.12,0.00400704
33.13,0.00400656
33.14,0.00400609
33.15,0.00400562
33.16,0.00400515
33.17,0.00400468
33.18,0.00400421
33.19,0.00400374
33.2,0.00400327
33.21,0.0040028
33.22,0.00400233
33.23,0.00400186
33.24,0.00400139
33.25,0.00400092
33.26,0.00400045
33.27,0.00399998
33.28,0.00399952
33.29,0.00399905
33.3,0.00399858
33.31,0.00399811
33.32,0.00399764
33.33,0.00399717
33.34,0.0039967
33.35,0.00399624
33.36,0.00399577
33.37,0.0039953
33.38,0.00399483
33.39,0.00399436
33.4,0.0039939
33.41,0.00399343
33.42,0.00399296
33.43,0.00399249
33.44,0.00399203
33.45,0.00399156
33.46,0.00399109
33.47,0.00399063
33.48,0.00399016
33.49,0.00398969
33.5,0.00398923
33.51,0.00398876
33.52,0.0039883
33.53,0.00398783
33.54,0.00398737
33.55,0.0039869
33.56,0.00398643
33.57,0.00398597
33.58,0.0039855
33.59,0.00398504
33.6,0.00398457
33.61,0.00398411
33.62,0.00398364
33.63,0.00398318
33.64,0.00398271
33.65,0.00398225
33.66,0.00398179
33.67,0.00398132
33.68,0.00398086
33.69,0.00398039
33.7,0.00397993
33.71,0.00397947
33.72,0.003979
33.73,0.00397854
33.74,0.00397808
33.75,0.00397761
33.76,0.00397715
33.77,0.00397669
33.78,0.00397623
33.79,0.00397576
33.8,0.0039753
33.81,0.00397484
33.82,0.00397438
33.83,0.00397391
33.84,0.00397345
33.85,0.00397299
33.86,0.00397253
33.87,0.00397207
33.88,0.00397161
33.89,0.00397114
33.9,0.00397068
33.91,0.00397022
33.92,0.00396976
33.93,0.0039693
33.94,0.00396884
33.95,0.00396838
33.96,0.00396792
33.97,0.00396746
33.98,0.003967
33.99,0.00396654
34,0.00396608
34.01,0.00396562
34.02,0.00396516
34.03,0.0039647
34.04,0.00396424
34.05,0.00396378
34.06,0.00396332
34.07,0.00396286
34.08,0.0039624
34.09,0.00396194
34.1,0.00396148
34.11,0.00396102
34.12,0.00396057
34.13,0.00396011
34.14,0.00395965
34.15,0.00395919
34.16,0.00395873
34.17,0.00395828
34.18,0.00395782
34.19,0.00395736
34.2,0.0039569
34.21,0.00395644
34.22,0.00395599
34.23,0.00395553
34.24,0.00395507
34.25,0.00395462
34.26,0.00395416
34.27,0.0039537
34.28,0.00395325
34.29,0.00395279
34.3,0.00395233
34.31,0.00395188
34.32,0.00395142
34.33,0.00395096
34.34,0.00395051
34.35,0.00395005
34.36,0.0039496
34.37,0.00394914
34.38,0.00394869
34.39,0.00394823
34.4,0.00394778
34.41,0.00394732
34.42,0.00394687
34.43,0.00394641
34.44,0.00394596
34.45,0.0039455
34.46,0.00394505
34.47,0.00394459
34.48,0.00394414
34.49,0.00394368
34.5,0.00394323
34.51,0.00394278
34.52,0.00394232
34.53,0.00394187
34.54,0.00394141
34.55,0.00394096
34.56,0.00394051
34.57,0.00394005
34.58,0.0039396
34.59,0.00393915
34.6,0.0039387
34.61,0.00393824
34.62,0.00393779
34.63,0.00393734
34.64,0.00393688
34.65,0.00393643
34.66,0.00393598
34.67,0.00393553
34.68,0.00393508
34.69,0.00393462
34.7,0.00393417
34.71,0.00393372
34.72,0.00393327
34.73,0.00393282
34.74,0.00393237
34.75,0.00393192
34.76,0.00393146
34.77,0.00393101
34.78,0.00393056
34.79,0.00393011
34.8,0.00392966
34.81,0.00392921
34.82,0.00392876
34.83,0.00392831
34.84,0.00392786
34.85,0.00392741
34.86,0.00392696
34.87,0.00392651
34.88,0.00392606
34.89,0.00392561
34.9,0.00392516
34.91,0.00392471
34.92,0.00392426
34.93,0.00392381
34.94,0.00392336
34.95,0.00392292
34.96,0.00392247
34.97,0.00392202
34.98,0.00392157
34.99,0.00392112
35,0.00392067
35.01,0.00392014
35.02,0.00391962
35.03,0.00391909
35.04,0.00391856
35.05,0.00391803
35.06,0.0039175
35.07,0.00391698
35.08,0.00391645
35.09,0.00391592
35.1,0.00391539
35.11,0.00391487
35.12,0.00391434
35.13,0.00391381
35.14,0.00391328
35.15,0.00391276
35.16,0.00391223
35.17,0.0039117
35.18,0.00391118
35.19,0.00391065
35.2,0.00391013
35.21,0.0039096
35.22,0.00390907
35.23,0.00390855
35.24,0.00390802
35.25,0.0039075
35.26,0.00390697
35.27,0.00390644
35.28,0.00390592
35.29,0.00390539
35.3,0.00390487
35.31,0.00390434
35.32,0.00390382
35.33,0.00390329
35.34,0.00390277
35.35,0.00390224
35.36,0.00390172
35.37,0.00390119
35.38,0.00390067
35.39,0.00390015
35.4,0.00389962
35.41,0.0038991
35.42,0.00389857
35.43,0.00389805
35.44,0.00389753
35.45,0.003897
35.46,0.00389648
35.47,0.00389595
35.48,0.00389543
35.49,0.00389491
35.5,0.00389439
35.51,0.00389386
35.52,0.00389334
35.53,0.00389282
35.54,0.00389229
35.55,0.00389177
35.56,0.00389125
35.57,0.00389073
35.58,0.0038902
35.59,0.00388968
35.6,0.00388916
35.61,0.00388864
35.62,0.00388812
35.63,0.00388759
35.64,0.00388707
35.65,0.00388655
35.66,0.00388603
35.67,0.00388551
35.68,0.00388499
35.69,0.00388447
35.7,0.00388395
35.71,0.00388343
35.72,0.0038829
35.73,0.00388238
35.74,0.00388186
35.75,0.00388134
35.76,0.00388082
35.77,0.0038803
35.78,0.00387978
35.79,0.00387926
35.8,0.00387874
35.81,0.00387822
35.82,0.0038777
35.83,0.00387718
35.84,0.00387666
35.85,0.00387614
35.86,0.00387563
35.87,0.00387511
35.88,0.00387459
35.89,0.00387407
35.9,0.00387355
35.91,0.00387303
35.92,0.00387251
35.93,0.00387199
35.94,0.00387147
35.95,0.00387096
35.96,0.00387044
35.97,0.00386992
35.98,0.0038694
35.99,0.00386888
36,0.00386837
36.01,0.00386785
36.02,0.00386733
36.03,0.00386681
36.04,0.0038663
36.05,0.00386578
36.06,0.00386526
36.07,0.00386474
36.08,0.00386423
36.09,0.00386371
36.1,0.00386319
36.11,0.00386268
36.12,0.00386216
36.13,0.00386164
36.14,0.00386113
36.15,0.00386061
36.16,0.0038601
36.17,0.00385958
36.18,0.00385906
36.19,0.00385855
36.2,0.00385803
36.21,0.00385752
36.22,0.003857
36.23,0.00385648
36.24,0.00385597
36.25,0.00385545
36.26,0.00385494
36.27,0.00385442
36.28,0.00385391
36.29,0.00385339
36.3,0.00385288
36.31,0.00385236
36.32,0.00385185
36.33,0.00385134
36.34,0.00385082
36.35,0.00385031
36.36,0.00384979
36.37,0.00384928
36.38,0.00384876
36.39,0.00384825
36.4,0.00384774
36.41,0.00384722
36.42,0.00384671
36.43,0.0038462
36.44,0.00384568
36.45,0.00384517
36.46,0.00384466
36.47,0.00384414
36.48,0.00384363
36.49,0.00384312
36.5,0.00384261
36.51,0.00384209
36.52,0.00384158
36.53,0.00384107
36.54,0.00384056
36.55,0.00384004
36.56,0.00383953
36.57,0.00383902
36.58,0.00383851
36.59,0.00383799
36.6,0.00383748
36.61,0.00383697
36.62,0.00383646
36.63,0.00383595
36.64,0.00383544
36.65,0.00383493
36.66,0.00383441
36.67,0.0038339
36.68,0.00383339
36.69,0.00383288
36.7,0.00383237
36.71,0.00383186
36.72,0.00383135
36.73,0.00383084
36.74,0.00383033
36.75,0.00382982
36.76,0.00382931
36.77,0.0038288
36.78,0.00382829
36.79,0.00382778
36.8,0.00382727
36.81,0.00382676
36.82,0.00382625
36.83,0.00382574
36.84,0.00382523
36.85,0.00382472
36.86,0.00382421
36.87,0.0038237
36.88,0.00382319
36.89,0.00382268
36.9,0.00382218
36.91,0.00382167
36.92,0.00382116
36.93,0.00382065
36.94,0.00382014
36.95,0.00381963
36.96,0.00381912
36.97,0.00381862
36.98,0.00381811
36.99,0.0038176
37,0.00381709
37.01,0.00381658
37.02,0.00381608
37.03,0.00381557
37.04,0.00381506
37.05,0.00381455
37.06,0.00381405
37.07,0.00381354
37.08,0.00381303
37.09,0.00381253
37.1,0.00381202
37.11,0.00381151
37.12,0.003811
37.13,0.0038105
37.14,0.00380999
37.15,0.00380949
37.16,0.00380898
37.17,0.00380847
37.18,0.00380797
37.19,0.00380746
37.2,0.00380695
37.21,0.00380645
37.22,0.00380594
37.23,0.00380544
37.24,0.00380493
37.25,0.00380443
37.26,0.00380392
37.27,0.00380341
37.28,0.00380291
37.29,0.0038024
37.3,0.0038019
37.31,0.00380139
37.32,0.00380089
37.33,0.00380038
37.34,0.00379988
37.35,0.00379938
37.36,0.00379887
37.37,0.00379837
37.38,0.00379786
37.39,0.00379736
37.4,0.00379685
37.41,0.00379635
37.42,0.00379585
37.43,0.00379534
37.44,0.00379484
37.45,0.00379433
37.46,0.00379383
37.47,0.00379333
37.48,0.00379282
37.49,0.00379232
37.5,0.00379182
37.51,0.00379131
37.52,0.00379081
37.53,0.00379031
37.54,0.00378981
37.55,0.0037893
37.56,0.0037888
37.57,0.0037883
37.58,0.0037878
37.59,0.00378729
37.6,0.00378679
37.61,0.00378629
37.62,0.00378579
37.63,0.00378528
37.64,0.00378478
37.65,0.00378428
37.66,0.00378378
37.67,0.00378328
37.68,0.00378278
37.69,0.00378227
37.7,0.00378177
37.71,0.00378127
37.72,0.00378077
37.73,0.00378027
37.74,0.00377977
37.75,0.00377927
37.76,0.00377877
37.77,0.00377827
37.78,0.00377776
37.79,0.00377726
37.8,0.00377676
37.81,0.00377626
37.82,0.00377576
37.83,0.00377526
37.84,0.00377476
37.85,0.00377426
37.86,0.00377376
37.87,0.00377326
37.88,0.00377276
37.89,0.00377226
37.9,0.00377176
37.91,0.00377126
37.92,0.00377076
37.93,0.00377027
37.94,0.00376977
37.95,0.00376927
37.96,0.00376877
37.97,0.00376827
37.98,0.00376777
37.99,0.00376727
38,0.00376677
38.01,0.00376627
38.02,0.00376578
38.03,0.00376528
38.04,0.00376478
38.05,0.00376428
38.06,0.00376378
38.07,0.00376328
38.08,0.00376279
38.09,0.00376229
38.1,0.00376179
38.11,0.00376129
38.12,0.0037608
38.13,0.0037603
38.14,0.0037598
38.15,0.0037593
38.16,0.00375881
38.17,0.00375831
38.18,0.00375781
38.19,0.00375731
38.2,0.00375682
38.21,0.00375632
38.22,0.00375582
38.23,0.00375533
38.24,0.00375483
38.25,0.00375433
38.26,0.00375384
38.27,0.00375334
38.28,0.00375284
38.29,0.00375235
38.3,0.00375185
38.31,0.00375136
38.32,0.00375086
38.33,0.00375036
38.34,0.00374987
38.35,0.00374937
38.36,0.00374888
38.37,0.00374838
38.38,0.00374789
38.39,0.00374739
38.4,0.0037469
38.41,0.0037464
38.42,0.00374591
38.43,0.00374541
38.44,0.00374492
38.45,0.00374442
38.46,0.00374393
38.47,0.00374343
38.48,0.00374294
38.49,0.00374244
38.5,0.00374195
38.51,0.00374145
38.52,0.00374096
38.53,0.00374047
38.54,0.00373997
38.55,0.00373948
38.56,0.00373898
38.57,0.00373849
38.58,0.003738
38.59,0.0037375
38.6,0.00373701
38.61,0.00373652
38.62,0.00373602
38.63,0.00373553
38.64,0.00373504
38.65,0.00373454
38.66,0.00373405
38.67,0.00373356
38.68,0.00373306
38.69,0.00373257
38.7,0.00373208
38.71,0.00373159
38.72,0.00373109
38.73,0.0037306
38.74,0.00373011
38.75,0.00372962
38.76,0.00372912
38.77,0.00372863
38.78,0.00372814
38.79,0.00372765
38.8,0.00372716
38.81,0.00372666
38.82,0.00372617
38.83,0.00372568
38.84,0.00372519
38.85,0.0037247
38.86,0.00372421
38.87,0.00372372
38.88,0.00372322
38.89,0.00372273
38.9,0.00372224
38.91,0.00372175
38.92,0.00372126
38.93,0.00372077
38.94,0.00372028
38.95,0.00371979
38.96,0.0037193
38.97,0.00371881
38.98,0.00371832
38.99,0.00371783
39,0.00371734
39.01,0.00371685
39.02,0.00371636
39.03,0.00371587
39.04,0.00371538
39.05,0.00371489
39.06,0.0037144
39.07,0.00371391
39.08,0.00371342
39.09,0.00371293
39.1,0.00371244
39.11,0.00371195
39.12,0.00371146
39.13,0.00371097
39.14,0.00371048
39.15,0.00370999
39.16,0.0037095
39.17,0.00370902
39.18,0.00370853
39.19,0.00370804
39.2,0.00370755
39.21,0.00370706
39.22,0.00370657
39.23,0.00370608
39.24,0.0037056
39.25,0.00370511
39.26,0.00370462
39.27,0.00370413
39.28,0.00370364
39.29,0.00370316
39.3,0.00370267
39.31,0.00370218
39.32,0.00370169
39.33,0.00370121
39.34,0.00370072
39.35,0.00370023
39.36,0.00369974
39.37,0.00369926
39.38,0.00369877
39.39,0.00369828
39.4,0.0036978
39.41,0.00369731
39.42,0.00369682
39.43,0.00369633
39.44,0.00369585
39.45,0.00369536
39.46,0.00369487
39.47,0.00369439
39.48,0.0036939
39.49,0.00369342
39.5,0.00369293
39.51,0.00369244
39.52,0.00369196
39.53,0.00369147
39.54,0.00369099
39.55,0.0036905
39.56,0.00369001
39.57,0.00368953
39.58,0.00368904
39.59,0.00368856
39.6,0.00368807
39.61,0.00368759
39.62,0.0036871
39.63,0.00368662
39.64,0.00368613
39.65,0.00368565
39.66,0.00368516
39.67,0.00368468
39.68,0.00368419
39.69,0.00368371
39.7,0.00368322
39.71,0.00368274
39.72,0.00368225
39.73,0.00368177
39.74,0.00368128
39.75,0.0036808
39.76,0.00368032
39.77,0.00367983
39.78,0.00367935
39.79,0.00367886
39.8,0.00367838
39.81,0.0036779
39.82,0.00367741
39.83,0.00367693
39.84,0.00367645
39.85,0.00367596
39.86,0.00367548
39.87,0.003675
39.88,0.00367451
39.89,0.00367403
39.9,0.00367355
39.91,0.00367306
39.92,0.00367258
39.93,0.0036721
39.94,0.00367161
39.95,0.00367113
39.96,0.00367065
39.97,0.00367017
39.98,0.00366968
39.99,0.0036692
40,0.00366872
40.01,0.00366806
40.02,0.00366741
40.03,0.00366675
40.04,0.0036661
40.05,0.00366544
40.06,0.00366478
40.07,0.00366413
40.08,0.00366347
40.09,0.00366282
40.1,0.00366216
40.11,0.00366151
40.12,0.00366085
40.13,0.0036602
40.14,0.00365954
40.15,0.00365889
40.16,0.00365823
40.17,0.00365758
40.18,0.00365692
40.19,0.00365627
40.2,0.00365561
40.21,0.00365496
40.22,0.0036543
40.23,0.00365365
40.24,0.003653
40.25,0.00365234
40.26,0.00365169
40.27,0.00365103
40.28,0.00365038
40.29,0.00364973
40.3,0.00364907
40.31,0.00364842
40.32,0.00364776
40.33,0.00364711
40.34,0.00364646
40.35,0.0036458
40.36,0.00364515
40.37,0.0036445
40.38,0.00364384
40.39,0.00364319
40.4,0.00364254
40.41,0.00364188
40.42,0.00364123
40.43,0.00364058
40.44,0.00363992
40.45,0.00363927
40.46,0.00363862
40.47,0.00363797
40.48,0.00363731
40.49,0.00363666
40.5,0.00363601
40.51,0.00363536
40.52,0.0036347
40.53,0.00363405
40.54,0.0036334
40.55,0.00363275
40.56,0.0036321
40.57,0.00363144
40.58,0.00363079
40.59,0.00363014
40.6,0.00362949
40.61,0.00362884
40.62,0.00362819
40.63,0.00362753
40.64,0.00362688
40.65,0.00362623
40.66,0.00362558
40.67,0.00362493
40.68,0.00362428
40.69,0.00362363
40.7,0.00362298
40.71,0.00362233
40.72,0.00362167
40.73,0.00362102
40.74,0.00362037
40.75,0.00361972
40.76,0.00361907
40.77,0.00361842
40.78,0.00361777
40.79,0.00361712
40.8,0.00361647
40.81,0.00361582
40.82,0.00361517
40.83,0.00361452
40.84,0.00361387
40.85,0.00361322
40.86,0.00361257
40.87,0.00361192
40.88,0.00361127
40.89,0.00361062
40.9,0.00360997
40.91,0.00360932
40.92,0.00360867
40.93,0.00360802
40.94,0.00360738
40.95,0.00360673
40.96,0.00360608
40.97,0.00360543
40.98,0.00360478
40.99,0.00360413
41,0.00360348
41.01,0.00360283
41.02,0.00360218
41.03,0.00360154
41.04,0.00360089
41.05,0.00360024
41.06,0.00359959
41.07,0.00359894
41.08,0.00359829
41.09,0.00359765
41.1,0.003597
41.11,0.00359635
41.12,0.0035957
41.13,0.00359505
41.14,0.00359441
41.15,0.00359376
41.16,0.00359311
41.17,0.00359246
41.18,0.00359182
41.19,0.00359117
41.2,0.00359052
41.21,0.00358987
41.22,0.00358923
41.23,0.00358858
41.24,0.00358793
41.25,0.00358728
41.26,0.00358664
41.27,0.00358599
41.28,0.00358534
41.29,0.0035847
41.3,0.00358405
41.31,0.0035834
41.32,0.00358276
41.33,0.00358211
41.34,0.00358146
41.35,0.00358082
41.36,0.00358017
41.37,0.00357953
41.38,0.00357888
41.39,0.00357823
41.4,0.00357759
41.41,0.00357694
41.42,0.0035763
41.43,0.00357565
41.44,0.003575
41.45,0.00357436
41.46,0.00357371
41.47,0.00357307
41.48,0.00357242
41.49,0.00357178
41.5,0.00357113
41.51,0.00357049
41.52,0.00356984
41.53,0.0035692
41.54,0.00356855
41.55,0.00356791
41.56,0.00356726
41.57,0.00356662
41.58,0.00356597
41.59,0.00356533
41.6,0.00356468
41.61,0.00356404
41.62,0.00356339
41.63,0.00356275
41.64,0.0035621
41.65,0.00356146
41.66,0.00356082
41.67,0.00356017
41.68,0.00355953
41.69,0.00355888
41.7,0.00355824
41.71,0.0035576
41.72,0.00355695
41.73,0.00355631
41.74,0.00355566
41.75,0.00355502
41.76,0.00355438
41.77,0.00355373
41.78,0.00355309
41.79,0.00355245
41.8,0.0035518
41.81,0.00355116
41.82,0.00355052
41.83,0.00354987
41.84,0.00354923
41.85,0.00354859
41.86,0.00354794
41.87,0.0035473
41.88,0.00354666
41.89,0.00354602
41.9,0.00354537
41.91,0.00354473
41.92,0.00354409
41.93,0.00354345
41.94,0.0035428
41.95,0.00354216
41.96,0.00354152
41.97,0.00354088
41.98,0.00354024
41.99,0.00353959
42,0.00353895
42.01,0.00353831
42.02,0.00353767
42.03,0.00353703
42.04,0.00353638
42.05,0.00353574
42.06,0.0035351
42.07,0.00353446
42.08,0.00353382
42.09,0.00353318
42.1,0.00353254
42.11,0.00353189
42.12,0.00353125
42.13,0.00353061
42.14,0.00352997
42.15,0.00352933
42.16,0.00352869
42.17,0.00352805
42.18,0.00352741
42.19,0.00352677
42.2,0.00352613
42.21,0.00352548
42.22,0.00352484
42.23,0.0035242
42.24,0.00352356
42.25,0.00352292
42.26,0.00352228
42.27,0.00352164
42.28,0.003521
42.29,0.00352036
42.3,0.00351972
42.31,0.00351908
42.32,0.00351844
42.33,0.0035178
42.34,0.00351716
42.35,0.00351652
42.36,0.00351588
42.37,0.00351524
42.38,0.0035146
42.39,0.00351397
42.4,0.00351333
42.41,0.00351269
42.42,0.00351205
42.43,0.00351141
42.44,0.00351077
42.45,0.00351013
42.46,0.00350949
42.47,0.00350885
42.48,0.00350821
42.49,0.00350757
42.5,0.00350694
42.51,0.0035063
42.52,0.00350566
42.53,0.00350502
42.54,0.00350438
42.55,0.00350374
42.56,0.0035031
42.57,0.00350247
42.58,0.00350183
42.59,0.00350119
42.6,0.00350055
42.61,0.00349991
42.62,0.00349928
42.63,0.00349864
42.64,0.003498
42.65,0.00349736
42.66,0.00349672
42.67,0.00349609
42.68,0.00349545
42.69,0.00349481
42.7,0.00349417
42.71,0.00349354
42.72,0.0034929
42.73,0.00349226
42.74,0.00349163
42.75,0.00349099
42.76,0.00349035
42.77,0.00348971
42.78,0.00348908
42.79,0.00348844
42.8,0.0034878
42.81,0.00348717
42.82,0.00348653
42.83,0.00348589
42.84,0.00348526
42.85,0.00348462
42.86,0.00348398
42.87,0.00348335
42.88,0.00348271
42.89,0.00348207
42.9,0.00348144
42.91,0.0034808
42.92,0.00348017
42.93,0.00347953
42.94,0.00347889
42.95,0.00347826
42.96,0.00347762
42.97,0.00347699
42.98,0.00347635
42.99,0.00347572
43,0.00347508
43.01,0.00347444
43.02,0.00347381
43.03,0.00347317
43.04,0.00347254
43.05,0.0034719
43.06,0.00347127
43.07,0.00347063
43.08,0.00347
43.09,0.00346936
43.1,0.00346873
43.11,0.00346809
43.12,0.00346746
43.13,0.00346682
43.14,0.00346619
43.15,0.00346555
43.16,0.00346492
43.17,0.00346428
43.18,0.00346365
43.19,0.00346301
43.2,0.00346238
43.21,0.00346175
43.22,0.00346111
43.23,0.00346048
43.24,0.00345984
43.25,0.00345921
43.26,0.00345858
43.27,0.00345794
43.28,0.00345731
43.29,0.00345667
43.3,0.00345604
43.31,0.00345541
43.32,0.00345477
43.33,0.00345414
43.34,0.00345351
43.35,0.00345287
43.36,0.00345224
43.37,0.00345161
43.38,0.00345097
43.39,0.00345034
43.4,0.00344971
43.41,0.00344907
43.42,0.00344844
43.43,0.00344781
43.44,0.00344717
43.45,0.00344654
43.46,0.00344591
43.47,0.00344527
43.48,0.00344464
43.49,0.00344401
43.5,0.00344338
43.51,0.00344274
43.52,0.00344211
43.53,0.00344148
43.54,0.00344085
43.55,0.00344022
43.56,0.00343958
43.57,0.00343895
43.58,0.00343832
43.59,0.00343769
43.6,0.00343705
43.61,0.00343642
43.62,0.00343579
43.63,0.00343516
43.64,0.00343453
43.65,0.0034339
43.66,0.00343326
43.67,0.00343263
43.68,0.003432
43.69,0.00343137
43.7,0.00343074
43.71,0.00343011
43.72,0.00342948
43.73,0.00342884
43.74,0.00342821
43.75,0.00342758
43.76,0.00342695
43.77,0.00342632
43.78,0.00342569
43.79,0.00342506
43.8,0.00342443
43.81,0.0034238
43.82,0.00342317
43.83,0.00342253
43.84,0.0034219
43.85,0.00342127
43.86,0.00342064
43.87,0.00342001
43.88,0.00341938
43.89,0.00341875
43.9,0.00341812
43.91,0.00341749
43.92,0.00341686
43.93,0.00341623
43.94,0.0034156
43.95,0.00341497
43.96,0.00341434
43.97,0.00341371
43.98,0.00341308
43.99,0.00341245
44,0.00341182
44.01,0.00341119
44.02,0.00341056
44.03,0.00340993
44.04,0.0034093
44.05,0.00340868
44.06,0.00340805
44.07,0.00340742
44.08,0.00340679
44.09,0.00340616
44.1,0.00340553
44.11,0.0034049
44.12,0.00340427
44.13,0.00340364
44.14,0.00340301
44.15,0.00340238
44.16,0.00340176
44.17,0.00340113
44.18,0.0034005
44.19,0.00339987
44.2,0.00339924
44.21,0.00339861
44.22,0.00339798
44.23,0.00339736
44.24,0.00339673
44.25,0.0033961
44.26,0.00339547
44.27,0.00339484
44.28,0.00339422
44.29,0.00339359
44.3,0.00339296
44.31,0.00339233
44.32,0.0033917
44.33,0.00339108
44.34,0.00339045
44.35,0.00338982
44.36,0.00338919
44.37,0.00338857
44.38,0.00338794
44.39,0.00338731
44.4,0.00338668
44.41,0.00338606
44.42,0.00338543
44.43,0.0033848
44.44,0.00338417
44.45,0.00338355
44.46,0.00338292
44.47,0.00338229
44.48,0.00338167
44.49,0.00338104
44.5,0.00338041
44.51,0.00337979
44.52,0.00337916
44.53,0.00337853
44.54,0.00337791
44.55,0.00337728
44.56,0.00337665
44.57,0.00337603
44.58,0.0033754
44.59,0.00337477
44.6,0.00337415
44.61,0.00337352
44.62,0.00337289
44.63,0.00337227
44.64,0.00337164
44.65,0.00337102
44.66,0.00337039
44.67,0.00336976
44.68,0.00336914
44.69,0.00336851
44.7,0.00336789
44.71,0.00336726
44.72,0.00336664
44.73,0.00336601
44.74,0.00336538
44.75,0.00336476
44.76,0.00336413
44.77,0.00336351
44.78,0.00336288
44.79,0.00336226
44.8,0.00336163
44.81,0.00336101
44.82,0.00336038
44.83,0.00335976
44.84,0.00335913
44.85,0.00335851
44.86,0.00335788
44.87,0.00335726
44.88,0.00335663
44.89,0.00335601
44.9,0.00335538
44.91,0.00335476
44.92,0.00335413
44.93,0.00335351
44.94,0.00335289
44.95,0.00335226
44.96,0.00335164
44.97,0.00335101
44.98,0.00335039
44.99,0.00334976
45,0.00334914
45.01,0.00334858
45.02,0.00334803
45.03,0.00334747
45.04,0.00334691
45.05,0.00334635
45.06,0.0033458
45.07,0.00334524
45.08,0.00334468
45.09,0.00334413
45.1,0.00334357
45.11,0.00334301
45.12,0.00334246
45.13,0.0033419
45.14,0.00334134
45.15,0.00334079
45.16,0.00334023
45.17,0.00333968
45.18,0.00333912
45.19,0.00333856
45.2,0.00333801
45.21,0.00333745
45.22,0.00333689
45.23,0.00333634
45.24,0.00333578
45.25,0.00333523
45.26,0.00333467
45.27,0.00333411
45.28,0.00333356
45.29,0.003333
45.3,0.00333245
45.31,0.00333189
45.32,0.00333134
45.33,0.00333078
45.34,0.00333023
45.35,0.00332967
45.36,0.00332911
45.37,0.00332856
45.38,0.003328
45.39,0.00332745
45.4,0.00332689
45.41,0.00332634
45.42,0.00332578
45.43,0.00332523
45.44,0.00332467
45.45,0.00332412
45.46,0.00332356
45.47,0.00332301
45.48,0.00332245
45.49,0.0033219
45.5,0.00332135
45.51,0.00332079
45.52,0.00332024
45.53,0.00331968
45.54,0.00331913
45.55,0.00331857
45.56,0.00331802
45.57,0.00331746
45.58,0.00331691
45.59,0.00331636
45.6,0.0033158
45.61,0.00331525
45.62,0.00331469
45.63,0.00331414
45.64,0.00331359
45.65,0.00331303
45.66,0.00331248
45.67,0.00331193
45.68,0.00331137
45.69,0.00331082
45.7,0.00331026
45.71,0.00330971
45.72,0.00330916
45.73,0.0033086
45.74,0.00330805
45.75,0.0033075
45.76,0.00330694
45.77,0.00330639
45.78,0.00330584
45.79,0.00330528
45.8,0.00330473
45.81,0.00330418
45.82,0.00330363
45.83,0.00330307
45.84,0.00330252
45.85,0.00330197
45.86,0.00330141
45.87,0.00330086
45.88,0.00330031
45.89,0.00329976
45.9,0.0032992
45.91,0.00329865
45.92,0.0032981
45.93,0.00329755
45.94,0.00329699
45.95,0.00329644
45.96,0.00329589
45.97,0.00329534
45.98,0.00329478
45.99,0.00329423
46,0.00329368
46.01,0.00329313
46.02,0.00329258
46.03,0.00329202
46.04,0.00329147
46.05,0.00329092
46.06,0.00329037
46.07,0.00328982
46.08,0.00328927
46.09,0.00328871
46.1,0.00328816
46.11,0.00328761
46.12,0.00328706
46.13,0.00328651
46.14,0.00328596
46.15,0.00328541
46.16,0.00328485
46.17,0.0032843
46.18,0.00328375
46.19,0.0032832
46.2,0.00328265
46.21,0.0032821
46.22,0.00328155
46.23,0.003281
46.24,0.00328045
46.25,0.0032799
46.26,0.00327934
46.27,0.00327879
46.28,0.00327824
46.29,0.00327769
46.3,0.00327714
46.31,0.00327659
46.32,0.00327604
46.33,0.00327549
46.34,0.00327494
46.35,0.00327439
46.36,0.00327384
46.37,0.00327329
46.38,0.00327274
46.39,0.00327219
46.4,0.00327164
46.41,0.00327109
46.42,0.00327054
46.43,0.00326999
46.44,0.00326944
46.45,0.00326889
46.46,0.00326834
46.47,0.00326779
46.48,0.00326724
46.49,0.00326669
46.5,0.00326614
46.51,0.00326559
46.52,0.00326504
46.53,0.00326449
46.54,0.00326394
46.55,0.00326339
46.56,0.00326284
46.57,0.0032623
46.58,0.00326175
46.59,0.0032612
46.6,0.00326065
46.61,0.0032601
46.62,0.00325955
46.63,0.003259
46.64,0.00325845
46.65,0.0032579
46.66,0.00325735
46.67,0.00325681
46.68,0.00325626
46.69,0.00325571
46.7,0.00325516
46.71,0.00325461
46.72,0.00325406
46.73,0.00325351
46.74,0.00325297
46.75,0.00325242
46.76,0.00325187
46.77,0.00325132
46.78,0.00325077
46.79,0.00325022
46.8,0.00324968
46.81,0.00324913
46.82,0.00324858
46.83,0.00324803
46.84,0.00324748
46.85,0.00324694
46.86,0.00324639
46.87,0.00324584
46.88,0.00324529
46.89,0.00324474
46.9,0.0032442
46.91,0.00324365
46.92,0.0032431
46.93,0.00324255
46.94,0.00324201
46.95,0.00324146
46.96,0.00324091
46.97,0.00324036
46.98,0.00323982
46.99,0.00323927
47,0.00323872
47.01,0.00323818
47.02,0.00323763
47.03,0.00323708
47.04,0.00323653
47.05,0.00323599
47.06,0.00323544
47.07,0.00323489
47.08,0.00323435
47.09,0.0032338
47.1,0.00323325
47.11,0.00323271
47.12,0.00323216
47.13,0.00323161
47.14,0.00323107
47.15,0.00323052
47.16,0.00322997
47.17,0.00322943
47.18,0.00322888
47.19,0.00322834
47.2,0.00322779
47.21,0.00322724
47.22,0.0032267
47.23,0.00322615
47.24,0.0032256
47.25,0.00322506
47.26,0.00322451
47.27,0.00322397
47.28,0.00322342
47.29,0.00322287
47.3,0.00322233
47.31,0.00322178
47.32,0.00322124
47.33,0.00322069
47.34,0.00322015
47.35,0.0032196
47.36,0.00321906
47.37,0.00321851
47.38,0.00321796
47.39,0.00321742
47.4,0.00321687
47.41,0.00321633
47.42,0.00321578
47.43,0.00321524
47.44,0.00321469
47.45,0.00321415
47.46,0.0032136
47.47,0.00321306
47.48,0.00321251
47.49,0.00321197
47.5,0.00321142
47.51,0.00321088
47.52,0.00321033
47.53,0.00320979
47.54,0.00320924
47.55,0.0032087
47.56,0.00320815
47.57,0.00320761
47.58,0.00320707
47.59,0.00320652
47.6,0.00320598
47.61,0.00320543
47.62,0.00320489
47.63,0.00320434
47.64,0.0032038
47.65,0.00320326
47.66,0.00320271
47.67,0.00320217
47.68,0.00320162
47.69,0.00320108
47.7,0.00320053
47.71,0.00319999
47.72,0.00319945
47.73,0.0031989
47.74,0.00319836
47.75,0.00319782
47.76,0.00319727
47.77,0.00319673
47.78,0.00319618
47.79,0.00319564
47.8,0.0031951
47.81,0.00319455
47.82,0.00319401
47.83,0.00319347
47.84,0.00319292
47.85,0.00319238
47.86,0.00319184
47.87,0.00319129
47.88,0.00319075
47.89,0.00319021
47.9,0.00318966
47.91,0.00318912
47.92,0.00318858
47.93,0.00318804
47.94,0.00318749
47.95,0.00318695
47.96,0.00318641
47.97,0.00318586
47.98,0.00318532
47.99,0.00318478
48,0.00318424
48.01,0.00318369
48.02,0.00318315
48.03,0.00318261
48.04,0.00318207
48.05,0.00318152
48.06,0.00318098
48.07,0.00318044
48.08,0.0031799
48.09,0.00317935
48.1,0.00317881
48.11,0.00317827
48.12,0.00317773
48.13,0.00317719
48.14,0.00317664
48.15,0.0031761
48.16,0.00317556
48.17,0.00317502
48.18,0.00317448
48.19,0.00317394
48.2,0.00317339
48.21,0.00317285
48.22,0.00317231
48.23,0.00317177
48.24,0.00317123
48.25,0.00317069
48.26,0.00317014
48.27,0.0031696
48.28,0.00316906
48.29,0.00316852
48.3,0.00316798
48.31,0.00316744
48.32,0.0031669
48.33,0.00316635
48.34,0.00316581
48.35,0.00316527
48.36,0.00316473
48.37,0.00316419
48.38,0.00316365
48.39,0.00316311
48.4,0.00316257
48.41,0.00316203
48.42,0.00316149
48.43,0.00316095
48.44,0.0031604
48.45,0.00315986
48.46,0.00315932
48.47,0.00315878
48.48,0.00315824
48.49,0.0031577
48.5,0.00315716
48.51,0.00315662
48.52,0.00315608
48.53,0.00315554
48.54,0.003155
48.55,0.00315446
48.56,0.00315392
48.57,0.00315338
48.58,0.00315284
48.59,0.0031523
48.6,0.00315176
48.61,0.00315122
48.62,0.00315068
48.63,0.00315014
48.64,0.0031496
48.65,0.00314906
48.66,0.00314852
48.67,0.00314798
48.68,0.00314744
48.69,0.0031469
48.7,0.00314636
48.71,0.00314582
48.72,0.00314528
48.73,0.00314474
48.74,0.0031442
48.75,0.00314366
48.76,0.00314312
48.77,0.00314258
48.78,0.00314205
48.79,0.00314151
48.8,0.00314097
48.81,0.00314043
48.82,0.00313989
48.83,0.00313935
48.84,0.00313881
48.85,0.00313827
48.86,0.00313773
48.87,0.00313719
48.88,0.00313666
48.89,0.00313612
48.9,0.00313558
48.91,0.00313504
48.92,0.0031345
48.93,0.00313396
48.94,0.00313342
48.95,0.00313288
48.96,0.00313235
48.97,0.00313181
48.98,0.00313127
48.99,0.00313073
49,0.00313019
49.01,0.00312965
49.02,0.00312912
49.03,0.00312858
49.04,0.00312804
49.05,0.0031275
49.06,0.00312696
49.07,0.00312643
49.08,0.00312589
49.09,0.00312535
49.1,0.00312481
49.11,0.00312427
49.12,0.00312374
49.13,0.0031232
49.14,0.00312266
49.15,0.00312212
49.16,0.00312158
49.17,0.00312105
49.18,0.00312051
49.19,0.00311997
49.2,0.00311943
49.21,0.0031189
49.22,0.00311836
49.23,0.00311782
49.24,0.00311728
49.25,0.00311675
49.26,0.00311621
49.27,0.00311567
49.28,0.00311514
49.29,0.0031146
49.3,0.00311406
49.31,0.00311352
49.32,0.00311299
49.33,0.00311245
49.34,0.00311191
49.35,0.00311138
49.36,0.00311084
49.37,0.0031103
49.38,0.00310977
49.39,0.00310923
49.4,0.00310869
49.41,0.00310816
49.42,0.00310762
49.43,0.00310708
49.44,0.00310655
49.45,0.00310601
49.46,0.00310547
49.47,0.00310494
49.48,0.0031044
49.49,0.00310386
49.5,0.00310333
49.51,0.00310279
49.52,0.00310225
49.53,0.00310172
49.54,0.00310118
49.55,0.00310065
49.56,0.00310011
49.57,0.00309957
49.58,0.00309904
49.59,0.0030985
49.6,0.00309797
49.61,0.00309743
49.62,0.00309689
49.63,0.00309636
49.64,0.00309582
49.65,0.00309529
49.66,0.00309475
49.67,0.00309422
49.68,0.00309368
49.69,0.00309315
49.7,0.00309261
49.71,0.00309207
49.72,0.00309154
49.73,0.003091
49.74,0.00309047
49.75,0.00308993
49.76,0.0030894
49.77,0.00308886
49.78,0.00308833
49.79,0.00308779
49.8,0.00308726
49.81,0.00308672
49.82,0.00308619
49.83,0.00308565
49.84,0.00308512
49.85,0.00308458
49.86,0.00308405
49.87,0.00308351
49.88,0.00308298
49.89,0.00308244
49.9,0.00308191
49.91,0.00308137
49.92,0.00308084
49.93,0.0030803
49.94,0.00307977
49.95,0.00307924
49.96,0.0030787
49.97,0.00307817
49.98,0.00307763
49.99,0.0030771
50,0.00307656
50.01,0.00307604
50.02,0.00307552
50.03,0.003075
50.04,0.00307448
50.05,0.00307396
50.06,0.00307344
50.07,0.00307292
50.08,0.0030724
50.09,0.00307188
50.1,0.00307136
50.11,0.00307084
50.12,0.00307031
50.13,0.00306979
50.14,0.00306927
50.15,0.00306875
50.16,0.00306823
50.17,0.00306771
50.18,0.00306719
50.19,0.00306667
50.2,0.00306615
50.21,0.00306563
50.22,0.00306511
50.23,0.00306459
50.24,0.00306407
50.25,0.00306355
50.26,0.00306303
50.27,0.00306251
50.28,0.00306199
50.29,0.00306147
50.3,0.00306095
50.31,0.00306043
50.32,0.00305991
50.33,0.00305939
50.34,0.00305887
50.35,0.00305835
50.36,0.00305783
50.37,0.00305732
50.38,0.0030568
50.39,0.00305628
50.4,0.00305576
50.41,0.00305524
50.42,0.00305472
50.43,0.0030542
50.44,0.00305368
50.45,0.00305316
50.46,0.00305264
50.47,0.00305212
50.48,0.0030516
50.49,0.00305108
50.5,0.00305056
50.51,0.00305005
50.52,0.00304953
50.53,0.00304901
50.54,0.00304849
50.55,0.00304797
50.56,0.00304745
50.57,0.00304693
50.58,0.00304641
50.59,0.0030459
50.6,0.00304538
50.61,0.00304486
50.62,0.00304434
50.63,0.00304382
50.64,0.0030433
50.65,0.00304278
50.66,0.00304227
50.67,0.00304175
50.68,0.00304123
50.69,0.00304071
50.7,0.00304019
50.71,0.00303967
50.72,0.00303916
50.73,0.00303864
50.74,0.00303812
50.75,0.0030376
50.76,0.00303708
50.77,0.00303657
50.78,0.00303605
50.79,0.00303553
50.8,0.00303501
50.81,0.00303449
50.82,0.00303398
50.83,0.00303346
50.84,0.00303294
50.85,0.00303242
50.86,0.0030319
50.87,0.00303139
50.88,0.00303087
50.89,0.00303035
50.9,0.00302983
50.91,0.00302932
50.92,0.0030288
50.93,0.00302828
50.94,0.00302776
50.95,0.00302725
50.96,0.00302673
50.97,0.00302621
50.98,0.0030257
50.99,0.00302518
51,0.00302466
51.01,0.00302414
51.02,0.00302363
51.03,0.00302311
51.04,0.00302259
51.05,0.00302208
51.06,0.00302156
51.07,0.00302104
51.08,0.00302053
51.09,0.00302001
51.1,0.00301949
51.11,0.00301898
51.12,0.00301846
51.13,0.00301794
51.14,0.00301742
51.15,0.00301691
51.16,0.00301639
51.17,0.00301588
51.18,0.00301536
51.19,0.00301484
51.2,0.00301433
51.21,0.00301381
51.22,0.00301329
51.23,0.00301278
51.24,0.00301226
51.25,0.00301174
51.26,0.00301123
51.27,0.00301071
51.28,0.0030102
51.29,0.00300968
51.3,0.00300916
51.31,0.00300865
51.32,0.00300813
51.33,0.00300762
51.34,0.0030071
51.35,0.00300658
51.36,0.00300607
51.37,0.00300555
51.38,0.00300504
51.39,0.00300452
51.4,0.003004
51.41,0.00300349
51.42,0.00300297
51.43,0.00300246
51.44,0.00300194
51.45,0.00300143
51.46,0.00300091
51.47,0.0030004
51.48,0.00299988
51.49,0.00299936
51.5,0.00299885
51.51,0.00299833
51.52,0.00299782
51.53,0.0029973
51.54,0.00299679
51.55,0.00299627
51.56,0.00299576
51.57,0.00299524
51.58,0.00299473
51.59,0.00299421
51.6,0.0029937
51.61,0.00299318
51.62,0.00299267
51.63,0.00299215
51.64,0.00299164
51.65,0.00299112
51.66,0.00299061
51.67,0.00299009
51.68,0.00298958
51.69,0.00298906
51.7,0.00298855
51.71,0.00298804
51.72,0.00298752
51.73,0.00298701
51.74,0.00298649
51.75,0.00298598
51.76,0.00298546
51.77,0.00298495
51.78,0.00298443
51.79,0.00298392
51.8,0.00298341
51.81,0.00298289
51.82,0.00298238
51.83,0.00298186
51.84,0.00298135
51.85,0.00298083
51.86,0.00298032
51.87,0.00297981
51.88,0.00297929
51.89,0.00297878
51.9,0.00297826
51.91,0.00297775
51.92,0.00297724
51.93,0.00297672
51.94,0.00297621
51.95,0.0029757
51.96,0.00297518
51.97,0.00297467
51.98,0.00297415
51.99,0.00297364
52,0.00297313
52.01,0.00297261
52.02,0.0029721
52.03,0.00297159
52.04,0.00297107
52.05,0.00297056
52.06,0.00297005
52.07,0.00296953
52.08,0.00296902
52.09,0.00296851
52.1,0.00296799
52.11,0.00296748
52.12,0.00296697
52.13,0.00296645
52.14,0.00296594
52.15,0.00296543
52.16,0.00296491
52.17,0.0029644
52.18,0.00296389
52.19,0.00296338
52.2,0.00296286
52.21,0.00296235
52.22,0.00296184
52.23,0.00296132
52.24,0.00296081
52.25,0.0029603
52.26,0.00295979
52.27,0.00295927
52.28,0.00295876
52.29,0.00295825
52.3,0.00295774
52.31,0.00295722
52.32,0.00295671
52.33,0.0029562
52.34,0.00295569
52.35,0.00295517
52.36,0.00295466
52.37,0.00295415
52.38,0.00295364
52.39,0.00295312
52.4,0.00295261
52.41,0.0029521
52.42,0.00295159
52.43,0.00295107
52.44,0.00295056
52.45,0.00295005
52.46,0.00294954
52.47,0.00294903
52.48,0.00294851
52.49,0.002948
52.5,0.00294749
52.51,0.00294698
52.52,0.00294647
52.53,0.00294596
52.54,0.00294544
52.55,0.00294493
52.56,0.00294442
52.57,0.00294391
52.58,0.0029434
52.59,0.00294289
52.6,0.00294237
52.61,0.00294186
52.62,0.00294135
52.63,0.00294084
52.64,0.00294033
52.65,0.00293982
52.66,0.00293931
52.67,0.00293879
52.68,0.00293828
52.69,0.00293777
52.7,0.00293726
52.71,0.00293675
52.72,0.00293624
52.73,0.00293573
52.74,0.00293522
52.75,0.0029347
52.76,0.00293419
52.77,0.00293368
52.78,0.00293317
52.79,0.00293266
52.8,0.00293215
52.81,0.00293164
52.82,0.00293113
52.83,0.00293062
52.84,0.00293011
52.85,0.0029296
52.86,0.00292908
52.87,0.00292857
52.88,0.00292806
52.89,0.00292755
52.9,0.00292704
52.91,0.00292653
52.92,0.00292602
52.93,0.00292551
52.94,0.002925
52.95,0.00292449
52.96,0.00292398
52.97,0.00292347
52.98,0.00292296
52.99,0.00292245
53,0.00292194
53.01,0.00292143
53.02,0.00292092
53.03,0.00292041
53.04,0.0029199
53.05,0.00291939
53.06,0.00291888
53.07,0.00291837
53.08,0.00291786
53.09,0.00291735
53.1,0.00291684
53.11,0.00291633
53.12,0.00291582
53.13,0.00291531
53.14,0.0029148
53.15,0.00291429
53.16,0.00291378
53.17,0.00291327
53.18,0.00291276
53.19,0.00291225
53.2,0.00291174
53.21,0.00291123
53.22,0.00291072
53.23,0.00291021
53.24,0.0029097
53.25,0.00290919
53.26,0.00290868
53.27,0.00290817
53.28,0.00290767
53.29,0.00290716
53.3,0.00290665
53.31,0.00290614
53.32,0.00290563
53.33,0.00290512
53.34,0.00290461
53.35,0.0029041
53.36,0.00290359
53.37,0.00290308
53.38,0.00290257
53.39,0.00290206
53.4,0.00290156
53.41,0.00290105
53.42,0.00290054
53.43,0.00290003
53.44,0.00289952
53.45,0.00289901
53.46,0.0028985
53.47,0.00289799
53.48,0.00289749
53.49,0.00289698
53.5,0.00289647
53.51,0.00289596
53.52,0.00289545
53.53,0.00289494
53.54,0.00289443
53.55,0.00289393
53.56,0.00289342
53.57,0.00289291
53.58,0.0028924
53.59,0.00289189
53.6,0.00289138
53.61,0.00289088
53.62,0.00289037
53.63,0.00288986
53.64,0.00288935
53.65,0.00288884
53.66,0.00288833
53.67,0.00288783
53.68,0.00288732
53.69,0.00288681
53.7,0.0028863
53.71,0.00288579
53.72,0.00288529
53.73,0.00288478
53.74,0.00288427
53.75,0.00288376
53.76,0.00288325
53.77,0.00288275
53.78,0.00288224
53.79,0.00288173
53.8,0.00288122
53.81,0.00288072
53.82,0.00288021
53.83,0.0028797
53.84,0.00287919
53.85,0.00287869
53.86,0.00287818
53.87,0.00287767
53.88,0.00287716
53.89,0.00287666
53.9,0.00287615
53.91,0.00287564
53.92,0.00287513
53.93,0.00287463
53.94,0.00287412
53.95,0.00287361
53.96,0.0028731
53.97,0.0028726
53.98,0.00287209
53.99,0.00287158
54,0.00287108
54.01,0.00287057
54.02,0.00287006
54.03,0.00286956
54.04,0.00286905
54.05,0.00286854
54.06,0.00286803
54.07,0.00286753
54.08,0.00286702
54.09,0.00286651
54.1,0.00286601
54.11,0.0028655
54.12,0.00286499
54.13,0.00286449
54.14,0.00286398
54.15,0.00286347
54.16,0.00286297
54.17,0.00286246
54.18,0.00286195
54.19,0.00286145
54.2,0.00286094
54.21,0.00286044
54.22,0.00285993
54.23,0.00285942
54.24,0.00285892
54.25,0.00285841
54.26,0.0028579
54.27,0.0028574
54.28,0.00285689
54.29,0.00285638
54.3,0.00285588
54.31,0.00285537
54.32,0.00285487
54.33,0.00285436
54.34,0.00285385
54.35,0.00285335
54.36,0.00285284
54.37,0.00285234
54.38,0.00285183
54.39,0.00285132
54.4,0.00285082
54.41,0.00285031
54.42,0.00284981
54.43,0.0028493
54.44,0.0028488
54.45,0.00284829
54.46,0.00284778
54.47,0.00284728
54.48,0.00284677
54.49,0.00284627
54.5,0.00284576
54.51,0.00284526
54.52,0.00284475
54.53,0.00284425
54.54,0.00284374
54.55,0.00284323
54.56,0.00284273
54.57,0.00284222
54.58,0.00284172
54.59,0.00284121
54.6,0.00284071
54.61,0.0028402
54.62,0.0028397
54.63,0.00283919
54.64,0.00283869
54.65,0.00283818
54.66,0.00283768
54.67,0.00283717
54.68,0.00283667
54.69,0.00283616
54.7,0.00283566
54.71,0.00283515
54.72,0.00283465
54.73,0.00283414
54.74,0.00283364
54.75,0.00283313
54.76,0.00283263
54.77,0.00283212
54.78,0.00283162
54.79,0.00283111
54.8,0.00283061
54.81,0.0028301
54.82,0.0028296
54.83,0.0028291
54.84,0.00282859
54.85,0.00282809
54.86,0.00282758
54.87,0.00282708
54.88,0.00282657
54.89,0.00282607
54.9,0.00282556
54.91,0.00282506
54.92,0.00282456
54.93,0.00282405
54.94,0.00282355
54.95,0.00282304
54.96,0.00282254
54.97,0.00282203
54.98,0.00282153
54.99,0.00282103
55,0.00282052
55.01,0.00282002
55.02,0.00281951
55.03,0.00281901
55.04,0.00281851
55.05,0.002818
55.06,0.0028175
55.07,0.00281699
55.08,0.00281649
55.09,0.00281599
55.1,0.00281548
55.11,0.00281498
55.12,0.00281448
55.13,0.00281397
55.14,0.00281347
55.15,0.00281296
55.16,0.00281246
55.17,0.00281196
55.18,0.00281145
55.19,0.00281095
55.2,0.00281045
55.21,0.00280994
55.22,0.00280944
55.23,0.00280894
55.24,0.00280843
55.25,0.00280793
55.26,0.00280743
55.27,0.00280692
55.28,0.00280642
55.29,0.00280592
55.3,0.00280541
55.31,0.00280491
55.32,0.00280441
55.33,0.0028039
55.34,0.0028034
55.35,0.0028029
55.36,0.00280239
55.37,0.00280189
55.38,0.00280139
55.39,0.00280089
55.4,0.00280038
55.41,0.00279988
55.42,0.00279938
55.43,0.00279887
55.44,0.00279837
55.45,0.00279787
55.46,0.00279737
55.47,0.00279686
55.48,0.00279636
55.49,0.00279586
55.5,0.00279536
55.51,0.00279485
55.52,0.00279435
55.53,0.00279385
55.54,0.00279334
55.55,0.00279284
55.56,0.00279234
55.57,0.00279184
55.58,0.00279133
55.59,0.00279083
55.6,0.00279033
55.61,0.00278983
55.62,0.00278933
55.63,0.00278882
55.64,0.00278832
55.65,0.00278782
55.66,0.00278732
55.67,0.00278681
55.68,0.00278631
55.69,0.00278581
55.7,0.00278531
55.71,0.00278481
55.72,0.0027843
55.73,0.0027838
55.74,0.0027833
55.75,0.0027828
55.76,0.0027823
55.77,0.00278179
55.78,0.00278129
55.79,0.00278079
55.8,0.00278029
55.81,0.00277979
55.82,0.00277929
55.83,0.00277878
55.84,0.00277828
55.85,0.00277778
55.86,0.00277728
55.87,0.00277678
55.88,0.00277628
55.89,0.00277577
55.9,0.00277527
55.91,0.00277477
55.92,0.00277427
55.93,0.00277377
55.94,0.00277327
55.95,0.00277277
55.96,0.00277226
55.97,0.00277176
55.98,0.00277126
55.99,0.00277076
56,0.00277026
56.01,0.00276976
56.02,0.00276926
56.03,0.00276875
56.04,0.00276825
56.05,0.00276775
56.06,0.00276725
56.07,0.00276675
56.08,0.00276625
56.09,0.00276575
56.1,0.00276525
56.11,0.00276475
56.12,0.00276425
56.13,0.00276374
56.14,0.00276324
56.15,0.00276274
56.16,0.00276224
56.17,0.00276174
56.18,0.00276124
56.19,0.00276074
56.2,0.00276024
56.21,0.00275974
56.22,0.00275924
56.23,0.00275874
56.24,0.00275824
56.25,0.00275774
56.26,0.00275724
56.27,0.00275674
56.28,0.00275623
56.29,0.00275573
56.3,0.00275523
56.31,0.00275473
56.32,0.00275423
56.33,0.00275373
56.34,0.00275323
56.35,0.00275273
56.36,0.00275223
56.37,0.00275173
56.38,0.00275123
56.39,0.00275073
56.4,0.00275023
56.41,0.00274973
56.42,0.00274923
56.43,0.00274873
56.44,0.00274823
56.45,0.00274773
56.46,0.00274723
56.47,0.00274673
56.48,0.00274623
56.49,0.00274573
56.5,0.00274523
56.51,0.00274473
56.52,0.00274423
56.53,0.00274373
56.54,0.00274323
56.55,0.00274273
56.56,0.00274223
56.57,0.00274173
56.58,0.00274123
56.59,0.00274073
56.6,0.00274023
56.61,0.00273973
56.62,0.00273923
56.63,0.00273873
56.64,0.00273824
56.65,0.00273774
56.66,0.00273724
56.67,0.00273674
56.68,0.00273624
56.69,0.00273574
56.7,0.00273524
56.71,0.00273474
56.72,0.00273424
56.73,0.00273374
56.74,0.00273324
56.75,0.00273274
56.76,0.00273224
56.77,0.00273174
56.78,0.00273124
56.79,0.00273075
56.8,0.00273025
56.81,0.00272975
56.82,0.00272925
56.83,0.00272875
56.84,0.00272825
56.85,0.00272775
56.86,0.00272725
56.87,0.00272675
56.88,0.00272625
56.89,0.00272576
56.9,0.00272526
56.91,0.00272476
56.92,0.00272426
56.93,0.00272376
56.94,0.00272326
56.95,0.00272276
56.96,0.00272226
56.97,0.00272177
56.98,0.00272127
56.99,0.00272077
57,0.00272027
57.01,0.00271977
57.02,0.00271927
57.03,0.00271877
57.04,0.00271828
57.05,0.00271778
57.06,0.00271728
57.07,0.00271678
57.08,0.00271628
57.09,0.00271578
57.1,0.00271529
57.11,0.00271479
57.12,0.00271429
57.13,0.00271379
57.14,0.00271329
57.15,0.00271279
57.16,0.0027123
57.17,0.0027118
57.18,0.0027113
57.19,0.0027108
57.2,0.0027103
57.21,0.00270981
57.22,0.00270931
57.23,0.00270881
57.24,0.00270831
57.25,0.00270781
57.26,0.00270732
57.27,0.00270682
57.28,0.00270632
57.29,0.00270582
57.3,0.00270532
57.31,0.00270483
57.32,0.00270433
57.33,0.00270383
57.34,0.00270333
57.35,0.00270284
57.36,0.00270234
57.37,0.00270184
57.38,0.00270134
57.39,0.00270085
57.4,0.00270035
57.41,0.00269985
57.42,0.00269935
57.43,0.00269886
57.44,0.00269836
57.45,0.00269786
57.46,0.00269736
57.47,0.00269687
57.48,0.00269637
57.49,0.00269587
57.5,0.00269537
57.51,0.00269488
57.52,0.00269438
57.53,0.00269388
57.54,0.00269338
57.55,0.00269289
57.56,0.00269239
57.57,0.00269189
57.58,0.0026914
57.59,0.0026909
57.6,0.0026904
57.61,0.00268991
57.62,0.00268941
57.63,0.00268891
57.64,0.00268841
57.65,0.00268792
57.66,0.00268742
57.67,0.00268692
57.68,0.00268643
57.69,0.00268593
57.7,0.00268543
57.71,0.00268494
57.72,0.00268444
57.73,0.00268394
57.74,0.00268345
57.75,0.00268295
57.76,0.00268245
57.77,0.00268196
57.78,0.00268146
57.79,0.00268096
57.8,0.00268047
57.81,0.00267997
57.82,0.00267947
57.83,0.00267898
57.84,0.00267848
57.85,0.00267798
57.86,0.00267749
57.87,0.00267699
57.88,0.0026765
57.89,0.002676
57.9,0.0026755
57.91,0.00267501
57.92,0.00267451
57.93,0.00267401
57.94,0.00267352
57.95,0.00267302
57.96,0.00267253
57.97,0.00267203
57.98,0.00267153
57.99,0.00267104
58,0.00267054
58.01,0.00267004
58.02,0.00266955
58.03,0.00266905
58.04,0.00266856
58.05,0.00266806
58.06,0.00266757
58.07,0.00266707
58.08,0.00266657
58.09,0.00266608
58.1,0.00266558
58.11,0.00266509
58.12,0.00266459
58.13,0.00266409
58.14,0.0026636
58.15,0.0026631
58.16,0.00266261
58.17,0.00266211
58.18,0.00266162
58.19,0.00266112
58.2,0.00266063
58.21,0.00266013
58.22,0.00265963
58.23,0.00265914
58.24,0.00265864
58.25,0.00265815
58.26,0.00265765
58.27,0.00265716
58.28,0.00265666
58.29,0.00265617
58.3,0.00265567
58.31,0.00265518
58.32,0.00265468
58.33,0.00265419
58.34,0.00265369
58.35,0.00265319
58.36,0.0026527
58.37,0.0026522
58.38,0.00265171
58.39,0.00265121
58.4,0.00265072
58.41,0.00265022
58.42,0.00264973
58.43,0.00264923
58.44,0.00264874
58.45,0.00264824
58.46,0.00264775
58.47,0.00264725
58.48,0.00264676
58.49,0.00264626
58.5,0.00264577
58.51,0.00264527
58.52,0.00264478
58.53,0.00264429
58.54,0.00264379
58.55,0.0026433
58.56,0.0026428
58.57,0.00264231
58.58,0.00264181
58.59,0.00264132
58.6,0.00264082
58.61,0.00264033
58.62,0.00263983
58.63,0.00263934
58.64,0.00263884
58.65,0.00263835
58.66,0.00263786
58.67,0.00263736
58.68,0.00263687
58.69,0.00263637
58.7,0.00263588
58.71,0.00263538
58.72,0.00263489
58.73,0.0026344
58.74,0.0026339
58.75,0.00263341
58.76,0.00263291
58.77,0.00263242
58.78,0.00263192
58.79,0.00263143
58.8,0.00263094
58.81,0.00263044
58.82,0.00262995
58.83,0.00262945
58.84,0.00262896
58.85,0.00262847
58.86,0.00262797
58.87,0.00262748
58.88,0.00262698
58.89,0.00262649
58.9,0.002626
58.91,0.0026255
58.92,0.00262501
58.93,0.00262451
58.94,0.00262402
58.95,0.00262353
58.96,0.00262303
58.97,0.00262254
58.98,0.00262205
58.99,0.00262155
59,0.00262106
59.01,0.00262056
59.02,0.00262007
59.03,0.00261958
59.04,0.00261908
59.05,0.00261859
59.06,0.0026181
59.07,0.0026176
59.08,0.00261711
59.09,0.00261662
59.1,0.00261612
59.11,0.00261563
59.12,0.00261514
59.13,0.00261464
59.14,0.00261415
59.15,0.00261366
59.16,0.00261316
59.17,0.00261267
59.18,0.00261218
59.19,0.00261168
59.2,0.00261119
59.21,0.0026107
59.22,0.0026102
59.23,0.00260971
59.24,0.00260922
59.25,0.00260872
59.26,0.00260823
59.27,0.00260774
59.28,0.00260725
59.29,0.00260675
59.3,0.00260626
59.31,0.00260577
59.32,0.00260527
59.33,0.00260478
59.34,0.00260429
59.35,0.00260379
59.36,0.0026033
59.37,0.00260281
59.38,0.00260232
59.39,0.00260182
59.4,0.00260133
59.41,0.00260084
59.42,0.00260035
59.43,0.00259985
59.44,0.00259936
59.45,0.00259887
59.46,0.00259838
59.47,0.00259788
59.48,0.00259739
59.49,0.0025969
59.5,0.0025964
59.51,0.00259591
59.52,0.00259542
59.53,0.00259493
59.54,0.00259444
59.55,0.00259394
59.56,0.00259345
59.57,0.00259296
59.58,0.00259247
59.59,0.00259197
59.6,0.00259148
59.61,0.00259099
59.62,0.0025905
59.63,0.00259
59.64,0.00258951
59.65,0.00258902
59.66,0.00258853
59.67,0.00258804
59.68,0.00258754
59.69,0.00258705
59.7,0.00258656
59.71,0.00258607
59.72,0.00258558
59.73,0.00258508
59.74,0.00258459
59.75,0.0025841
59.76,0.00258361
59.77,0.00258312
59.78,0.00258262
59.79,0.00258213
59.8,0.00258164
59.81,0.00258115
59.82,0.00258066
59.83,0.00258017
59.84,0.00257967
59.85,0.00257918
59.86,0.00257869
59.87,0.0025782
59.88,0.00257771
59.89,0.00257721
59.9,0.00257672
59.91,0.00257623
59.92,0.00257574
59.93,0.00257525
59.94,0.00257476
59.95,0.00257427
59.96,0.00257377
59.97,0.00257328
59.98,0.00257279
59.99,0.0025723
60,0.00257181
60.01,0.00257149
60.02,0.00257117
60.03,0.00257086
60.04,0.00257054
60.05,0.00257022
60.06,0.0025699
60.07,0.00256959
60.08,0.00256927
60.09,0.00256895
60.1,0.00256863
60.11,0.00256832
60.12,0.002568
60.13,0.00256768
60.14,0.00256736
60.15,0.00256705
60.16,0.00256673
60.17,0.00256641
60.18,0.0025661
60.19,0.00256578
60.2,0.00256546
60.21,0.00256514
60.22,0.00256483
60.23,0.00256451
60.24,0.00256419
60.25,0.00256388
60.26,0.00256356
60.27,0.00256324
60.28,0.00256293
60.29,0.00256261
60.3,0.00256229
60.31,0.00256198
60.32,0.00256166
60.33,0.00256134
60.34,0.00256102
60.35,0.00256071
60.36,0.00256039
60.37,0.00256007
60.38,0.00255976
60.39,0.00255944
60.4,0.00255912
60.41,0.00255881
60.42,0.00255849
60.43,0.00255817
60.44,0.00255786
60.45,0.00255754
60.46,0.00255722
60.47,0.00255691
60.48,0.00255659
60.49,0.00255627
60.5,0.00255596
60.51,0.00255564
60.52,0.00255533
60.53,0.00255501
60.54,0.00255469
60.55,0.00255438
60.56,0.00255406
60.57,0.00255374
60.58,0.00255343
60.59,0.00255311
60.6,0.00255279
60.61,0.00255248
60.62,0.00255216
60.63,0.00255185
60.64,0.00255153
60.65,0.00255121
60.66,0.0025509
60.67,0.00255058
60.68,0.00255027
60.69,0.00254995
60.7,0.00254963
60.71,0.00254932
60.72,0.002549
60.73,0.00254869
60.74,0.00254837
60.75,0.00254805
60.76,0.00254774
60.77,0.00254742
60.78,0.00254711
60.79,0.00254679
60.8,0.00254647
60.81,0.00254616
60.82,0.00254584
60.83,0.00254553
60.84,0.00254521
60.85,0.0025449
60.86,0.00254458
60.87,0.00254426
60.88,0.00254395
60.89,0.00254363
60.9,0.00254332
60.91,0.002543
60.92,0.00254269
60.93,0.00254237
60.94,0.00254206
60.95,0.00254174
60.96,0.00254142
60.97,0.00254111
60.98,0.00254079
60.99,0.00254048
61,0.00254016
61.01,0.00253985
61.02,0.00253953
61.03,0.00253922
61.04,0.0025389
61.05,0.00253859
61.06,0.00253827
61.07,0.00253796
61.08,0.00253764
61.09,0.00253732
61.1,0.00253701
61.11,0.00253669
61.12,0.00253638
61.13,0.00253606
61.14,0.00253575
61.15,0.00253543
61.16,0.00253512
61.17,0.0025348
61.18,0.00253449
61.19,0.00253417
61.2,0.00253386
61.21,0.00253354
61.22,0.00253323
61.23,0.00253291
61.24,0.0025326
61.25,0.00253228
61.26,0.00253197
61.27,0.00253165
61.28,0.00253134
61.29,0.00253102
61.3,0.00253071
61.31,0.0025304
61.32,0.00253008
61.33,0.00252977
61.34,0.00252945
61.35,0.00252914
61.36,0.00252882
61.37,0.00252851
61.38,0.00252819
61.39,0.00252788
61.4,0.00252756
61.41,0.00252725
61.42,0.00252693
61.43,0.00252662
61.44,0.00252631
61.45,0.00252599
61.46,0.00252568
61.47,0.00252536
61.48,0.00252505
61.49,0.00252473
61.5,0.00252442
61.51,0.0025241
61.52,0.00252379
61.53,0.00252348
61.54,0.00252316
61.55,0.00252285
61.56,0.00252253
61.57,0.00252222
61.58,0.0025219
61.59,0.00252159
61.6,0.00252128
61.61,0.00252096
61.62,0.00252065
61.63,0.00252033
61.64,0.00252002
61.65,0.00251971
61.66,0.00251939
61.67,0.00251908
61.68,0.00251876
61.69,0.00251845
61.7,0.00251814
61.71,0.00251782
61.72,0.00251751
61.73,0.00251719
61.74,0.00251688
61.75,0.00251657
61.76,0.00251625
61.77,0.00251594
61.78,0.00251562
61.79,0.00251531
61.8,0.002515
61.81,0.00251468
61.82,0.00251437
61.83,0.00251406
61.84,0.00251374
61.85,0.00251343
61.86,0.00251311
61.87,0.0025128
61.88,0.00251249
61.89,0.00251217
61.9,0.00251186
61.91,0.00251155
61.92,0.00251123
61.93,0.00251092
61.94,0.00251061
61.95,0.00251029
61.96,0.00250998
61.97,0.00250967
61.98,0.00250935
61.99,0.00250904
62,0.00250873
62.01,0.00250841
62.02,0.0025081
62.03,0.00250779
62.04,0.00250747
62.05,0.00250716
62.06,0.00250685
62.07,0.00250653
62.08,0.00250622
62.09,0.00250591
62.1,0.00250559
62.11,0.00250528
62.12,0.00250497
62.13,0.00250465
62.14,0.00250434
62.15,0.00250403
62.16,0.00250371
62.17,0.0025034
62.18,0.00250309
62.19,0.00250278
62.2,0.00250246
62.21,0.00250215
62.22,0.00250184
62.23,0.00250152
62.24,0.00250121
62.25,0.0025009
62.26,0.00250059
62.27,0.00250027
62.28,0.00249996
62.29,0.00249965
62.3,0.00249933
62.31,0.00249902
62.32,0.00249871
62.33,0.0024984
62.34,0.00249808
62.35,0.00249777
62.36,0.00249746
62.37,0.00249715
62.38,0.00249683
62.39,0.00249652
62.4,0.00249621
62.41,0.00249589
62.42,0.00249558
62.43,0.00249527
62.44,0.00249496
62.45,0.00249464
62.46,0.00249433
62.47,0.00249402
62.48,0.00249371
62.49,0.00249339
62.5,0.00249308
62.51,0.00249277
62.52,0.00249246
62.53,0.00249215
62.54,0.00249183
62.55,0.00249152
62.56,0.00249121
62.57,0.0024909
62.58,0.00249058
62.59,0.00249027
62.6,0.00248996
62.61,0.00248965
62.62,0.00248934
62.63,0.00248902
62.64,0.00248871
62.65,0.0024884
62.66,0.00248809
62.67,0.00248778
62.68,0.00248746
62.69,0.00248715
62.7,0.00248684
62.71,0.00248653
62.72,0.00248622
62.73,0.0024859
62.74,0.00248559
62.75,0.00248528
62.76,0.00248497
62.77,0.00248466
62.78,0.00248434
62.79,0.00248403
62.8,0.00248372
62.81,0.00248341
62.82,0.0024831
62.83,0.00248278
62.84,0.00248247
62.85,0.00248216
62.86,0.00248185
62.87,0.00248154
62.88,0.00248123
62.89,0.00248091
62.9,0.0024806
62.91,0.00248029
62.92,0.00247998
62.93,0.00247967
62.94,0.00247936
62.95,0.00247905
62.96,0.00247873
62.97,0.00247842
62.98,0.00247811
62.99,0.0024778
63,0.00247749
63.01,0.00247718
63.02,0.00247687
63.03,0.00247655
63.04,0.00247624
63.05,0.00247593
63.06,0.00247562
63.07,0.00247531
63.08,0.002475
63.09,0.00247469
63.1,0.00247437
63.11,0.00247406
63.12,0.00247375
63.13,0.00247344
63.14,0.00247313
63.15,0.00247282
63.16,0.00247251
63.17,0.0024722
63.18,0.00247189
63.19,0.00247157
63.2,0.00247126
63.21,0.00247095
63.22,0.00247064
63.23,0.00247033
63.24,0.00247002
63.25,0.00246971
63.26,0.0024694
63.27,0.00246909
63.28,0.00246878
63.29,0.00246846
63.3,0.00246815
63.31,0.00246784
63.32,0.00246753
63.33,0.00246722
63.34,0.00246691
63.35,0.0024666
63.36,0.00246629
63.37,0.00246598
63.38,0.00246567
63.39,0.00246536
63.4,0.00246505
63.41,0.00246474
63.42,0.00246443
63.43,0.00246411
63.44,0.0024638
63.45,0.00246349
63.46,0.00246318
63.47,0.00246287
63.48,0.00246256
63.49,0.00246225
63.5,0.00246194
63.51,0.00246163
63.52,0.00246132
63.53,0.00246101
63.54,0.0024607
63.55,0.00246039
63.56,0.00246008
63.57,0.00245977
63.58,0.00245946
63.59,0.00245915
63.6,0.00245884
63.61,0.00245853
63.62,0.00245822
63.63,0.00245791
63.64,0.0024576
63.65,0.00245729
63.66,0.00245698
63.67,0.00245667
63.68,0.00245635
63.69,0.00245604
63.7,0.00245573
63.71,0.00245542
63.72,0.00245511
63.73,0.0024548
63.74,0.00245449
63.75,0.00245418
63.76,0.00245387
63.77,0.00245356
63.78,0.00245325
63.79,0.00245294
63.8,0.00245263
63.81,0.00245232
63.82,0.00245201
63.83,0.0024517
63.84,0.00245139
63.85,0.00245108
63.86,0.00245078
63.87,0.00245047
63.88,0.00245016
63.89,0.00244985
63.9,0.00244954
63.91,0.00244923
63.92,0.00244892
63.93,0.00244861
63.94,0.0024483
63.95,0.00244799
63.96,0.00244768
63.97,0.00244737
63.98,0.00244706
63.99,0.00244675
64,0.00244644
64.01,0.00244613
64.02,0.00244582
64.03,0.00244551
64.04,0.0024452
64.05,0.00244489
64.06,0.00244458
64.07,0.00244427
64.08,0.00244396
64.09,0.00244365
64.1,0.00244334
64.11,0.00244304
64.12,0.00244273
64.13,0.00244242
64.14,0.00244211
64.15,0.0024418
64.16,0.00244149
64.17,0.00244118
64.18,0.00244087
64.19,0.00244056
64.2,0.00244025
64.21,0.00243994
64.22,0.00243963
64.23,0.00243932
64.24,0.00243901
64.25,0.00243871
64.26,0.0024384
64.27,0.00243809
64.28,0.00243778
64.29,0.00243747
64.3,0.00243716
64.31,0.00243685
64.32,0.00243654
64.33,0.00243623
64.34,0.00243592
64.35,0.00243562
64.36,0.00243531
64.37,0.002435
64.38,0.00243469
64.39,0.00243438
64.4,0.00243407
64.41,0.00243376
64.42,0.00243345
64.43,0.00243314
64.44,0.00243284
64.45,0.00243253
64.46,0.00243222
64.47,0.00243191
64.48,0.0024316
64.49,0.00243129
64.5,0.00243098
64.51,0.00243067
64.52,0.00243037
64.53,0.00243006
64.54,0.00242975
64.55,0.00242944
64.56,0.00242913
64.57,0.00242882
64.58,0.00242851
64.59,0.00242821
64.6,0.0024279
64.61,0.00242759
64.62,0.00242728
64.63,0.00242697
64.64,0.00242666
64.65,0.00242635
64.66,0.00242605
64.67,0.00242574
64.68,0.00242543
64.69,0.00242512
64.7,0.00242481
64.71,0.0024245
64.72,0.0024242
64.73,0.00242389
64.74,0.00242358
64.75,0.00242327
64.76,0.00242296
64.77,0.00242265
64.78,0.00242235
64.79,0.00242204
64.8,0.00242173
64.81,0.00242142
64.82,0.00242111
64.83,0.00242081
64.84,0.0024205
64.85,0.00242019
64.86,0.00241988
64.87,0.00241957
64.88,0.00241927
64.89,0.00241896
64.9,0.00241865
64.91,0.00241834
64.92,0.00241803
64.93,0.00241773
64.94,0.00241742
64.95,0.00241711
64.96,0.0024168
64.97,0.00241649
64.98,0.00241619
64.99,0.00241588
65,0.00241557
65.01,0.00241526
65.02,0.00241495
65.03,0.00241465
65.04,0.00241434
65.05,0.00241403
65.06,0.00241372
65.07,0.00241342
65.08,0.00241311
65.09,0.0024128
65.1,0.00241249
65.11,0.00241219
65.12,0.00241188
65.13,0.00241157
65.14,0.00241126
65.15,0.00241095
65.16,0.00241065
65.17,0.00241034
65.18,0.00241003
65.19,0.00240972
65.2,0.00240942
65.21,0.00240911
65.22,0.0024088
65.23,0.00240849
65.24,0.00240819
65.25,0.00240788
65.26,0.00240757
65.27,0.00240727
65.28,0.00240696
65.29,0.00240665
65.3,0.00240634
65.31,0.00240604
65.32,0.00240573
65.33,0.00240542
65.34,0.00240511
65.35,0.00240481
65.36,0.0024045
65.37,0.00240419
65.38,0.00240389
65.39,0.00240358
65.4,0.00240327
65.41,0.00240296
65.42,0.00240266
65.43,0.00240235
65.44,0.00240204
65.45,0.00240174
65.46,0.00240143
65.47,0.00240112
65.48,0.00240081
65.49,0.00240051
65.5,0.0024002
65.51,0.00239989
65.52,0.00239959
65.53,0.00239928
65.54,0.00239897
65.55,0.00239867
65.56,0.00239836
65.57,0.00239805
65.58,0.00239774
65.59,0.00239744
65.6,0.00239713
65.61,0.00239682
65.62,0.00239652
65.63,0.00239621
65.64,0.0023959
65.65,0.0023956
65.66,0.00239529
65.67,0.00239498
65.68,0.00239468
65.69,0.00239437
65.7,0.00239406
65.71,0.00239376
65.72,0.00239345
65.73,0.00239314
65.74,0.00239284
65.75,0.00239253
65.76,0.00239222
65.77,0.00239192
65.78,0.00239161
65.79,0.0023913
65.8,0.002391
65.81,0.00239069
65.82,0.00239039
65.83,0.00239008
65.84,0.00238977
65.85,0.00238947
65.86,0.00238916
65.87,0.00238885
65.88,0.00238855
65.89,0.00238824
65.9,0.00238793
65.91,0.00238763
65.92,0.00238732
65.93,0.00238702
65.94,0.00238671
65.95,0.0023864
65.96,0.0023861
65.97,0.00238579
65.98,0.00238548
65.99,0.00238518
66,0.00238487
66.01,0.00238457
66.02,0.00238426
66.03,0.00238395
66.04,0.00238365
66.05,0.00238334
66.06,0.00238303
66.07,0.00238273
66.08,0.00238242
66.09,0.00238212
66.1,0.00238181
66.11,0.0023815
66.12,0.0023812
66.13,0.00238089
66.14,0.00238059
66.15,0.00238028
66.16,0.00237998
66.17,0.00237967
66.18,0.00237936
66.19,0.00237906
66.2,0.00237875
66.21,0.00237845
66.22,0.00237814
66.23,0.00237783
66.24,0.00237753
66.25,0.00237722
66.26,0.00237692
66.27,0.00237661
66.28,0.00237631
66.29,0.002376
66.3,0.00237569
66.31,0.00237539
66.32,0.00237508
66.33,0.00237478
66.34,0.00237447
66.35,0.00237417
66.36,0.00237386
66.37,0.00237355
66.38,0.00237325
66.39,0.00237294
66.4,0.00237264
66.41,0.00237233
66.42,0.00237203
66.43,0.00237172
66.44,0.00237142
66.45,0.00237111
66.46,0.00237081
66.47,0.0023705
66.48,0.00237019
66.49,0.00236989
66.5,0.00236958
66.51,0.00236928
66.52,0.00236897
66.53,0.00236867
66.54,0.00236836
66.55,0.00236806
66.56,0.00236775
66.57,0.00236745
66.58,0.00236714
66.59,0.00236684
66.6,0.00236653
66.61,0.00236623
66.62,0.00236592
66.63,0.00236562
66.64,0.00236531
66.65,0.00236501
66.66,0.0023647
66.67,0.0023644
66.68,0.00236409
66.69,0.00236378
66.7,0.00236348
66.71,0.00236317
66.72,0.00236287
66.73,0.00236256
66.74,0.00236226
66.75,0.00236195
66.76,0.00236165
66.77,0.00236134
66.78,0.00236104
66.79,0.00236074
66.8,0.00236043
66.81,0.00236013
66.82,0.00235982
66.83,0.00235952
66.84,0.00235921
66.85,0.00235891
66.86,0.0023586
66.87,0.0023583
66.88,0.00235799
66.89,0.00235769
66.9,0.00235738
66.91,0.00235708
66.92,0.00235677
66.93,0.00235647
66.94,0.00235616
66.95,0.00235586
66.96,0.00235555
66.97,0.00235525
66.98,0.00235494
66.99,0.00235464
67,0.00235434
67.01,0.00235403
67.02,0.00235373
67.03,0.00235342
67.04,0.00235312
67.05,0.00235281
67.06,0.00235251
67.07,0.0023522
67.08,0.0023519
67.09,0.0023516
67.1,0.00235129
67.11,0.00235099
67.12,0.00235068
67.13,0.00235038
67.14,0.00235007
67.15,0.00234977
67.16,0.00234946
67.17,0.00234916
67.18,0.00234886
67.19,0.00234855
67.2,0.00234825
67.21,0.00234794
67.22,0.00234764
67.23,0.00234733
67.24,0.00234703
67.25,0.00234673
67.26,0.00234642
67.27,0.00234612
67.28,0.00234581
67.29,0.00234551
67.3,0.00234521
67.31,0.0023449
67.32,0.0023446
67.33,0.00234429
67.34,0.00234399
67.35,0.00234368
67.36,0.00234338
67.37,0.00234308
67.38,0.00234277
67.39,0.00234247
67.4,0.00234216
67.41,0.00234186
67.42,0.00234156
67.43,0.00234125
67.44,0.00234095
67.45,0.00234065
67.46,0.00234034
67.47,0.00234004
67.48,0.00233973
67.49,0.00233943
67.5,0.00233913
67.51,0.00233882
67.52,0.00233852
67.53,0.00233821
67.54,0.00233791
67.55,0.00233761
67.56,0.0023373
67.57,0.002337
67.58,0.0023367
67.59,0.00233639
67.6,0.00233609
67.61,0.00233579
67.62,0.00233548
67.63,0.00233518
67.64,0.00233487
67.65,0.00233457
67.66,0.00233427
67.67,0.00233396
67.68,0.00233366
67.69,0.00233336
67.7,0.00233305
67.71,0.00233275
67.72,0.00233245
67.73,0.00233214
67.74,0.00233184
67.75,0.00233154
67.76,0.00233123
67.77,0.00233093
67.78,0.00233063
67.79,0.00233032
67.8,0.00233002
67.81,0.00232972
67.82,0.00232941
67.83,0.00232911
67.84,0.00232881
67.85,0.0023285
67.86,0.0023282
67.87,0.0023279
67.88,0.00232759
67.89,0.00232729
67.9,0.00232699
67.91,0.00232668
67.92,0.00232638
67.93,0.00232608
67.94,0.00232577
67.95,0.00232547
67.96,0.00232517
67.97,0.00232486
67.98,0.00232456
67.99,0.00232426
68,0.00232395
68.01,0.00232365
68.02,0.00232335
68.03,0.00232305
68.04,0.00232274
68.05,0.00232244
68.06,0.00232214
68.07,0.00232183
68.08,0.00232153
68.09,0.00232123
68.1,0.00232092
68.11,0.00232062
68.12,0.00232032
68.13,0.00232002
68.14,0.00231971
68.15,0.00231941
68.16,0.00231911
68.17,0.0023188
68.18,0.0023185
68.19,0.0023182
68.2,0.0023179
68.21,0.00231759
68.22,0.00231729
68.23,0.00231699
68.24,0.00231668
68.25,0.00231638
68.26,0.00231608
68.27,0.00231578
68.28,0.00231547
68.29,0.00231517
68.3,0.00231487
68.31,0.00231457
68.32,0.00231426
68.33,0.00231396
68.34,0.00231366
68.35,0.00231336
68.36,0.00231305
68.37,0.00231275
68.38,0.00231245
68.39,0.00231215
68.4,0.00231184
68.41,0.00231154
68.42,0.00231124
68.43,0.00231094
68.44,0.00231063
68.45,0.00231033
68.46,0.00231003
68.47,0.00230973
68.48,0.00230942
68.49,0.00230912
68.5,0.00230882
68.51,0.00230852
68.52,0.00230821
68.53,0.00230791
68.54,0.00230761
68.55,0.00230731
68.56,0.00230701
68.57,0.0023067
68.58,0.0023064
68.59,0.0023061
68.6,0.0023058
68.61,0.00230549
68.62,0.00230519
68.63,0.00230489
68.64,0.00230459
68.65,0.00230429
68.66,0.00230398
68.67,0.00230368
68.68,0.00230338
68.69,0.00230308
68.7,0.00230278
68.71,0.00230247
68.72,0.00230217
68.73,0.00230187
68.74,0.00230157
68.75,0.00230127
68.76,0.00230096
68.77,0.00230066
68.78,0.00230036
68.79,0.00230006
68.8,0.00229976
68.81,0.00229945
68.82,0.00229915
68.83,0.00229885
68.84,0.00229855
68.85,0.00229825
68.86,0.00229794
68.87,0.00229764
68.88,0.00229734
68.89,0.00229704
68.9,0.00229674
68.91,0.00229644
68.92,0.00229613
68.93,0.00229583
68.94,0.00229553
68.95,0.00229523
68.96,0.00229493
68.97,0.00229463
68.98,0.00229432
68.99,0.00229402
69,0.00229372
69.01,0.00229342
69.02,0.00229312
69.03,0.00229282
69.04,0.00229251
69.05,0.00229221
69.06,0.00229191
69.07,0.00229161
69.08,0.00229131
69.09,0.00229101
69.1,0.0022907
69.11,0.0022904
69.12,0.0022901
69.13,0.0022898
69.14,0.0022895
69.15,0.0022892
69.16,0.0022889
69.17,0.00228859
69.18,0.00228829
69.19,0.00228799
69.2,0.00228769
69.21,0.00228739
69.22,0.00228709
69.23,0.00228679
69.24,0.00228649
69.25,0.00228618
69.26,0.00228588
69.27,0.00228558
69.28,0.00228528
69.29,0.00228498
69.3,0.00228468
69.31,0.00228438
69.32,0.00228408
69.33,0.00228377
69.34,0.00228347
69.35,0.00228317
69.36,0.00228287
69.37,0.00228257
69.38,0.00228227
69.39,0.00228197
69.4,0.00228167
69.41,0.00228137
69.42,0.00228106
69.43,0.00228076
69.44,0.00228046
69.45,0.00228016
69.46,0.00227986
69.47,0.00227956
69.48,0.00227926
69.49,0.00227896
69.5,0.00227866
69.51,0.00227836
69.52,0.00227805
69.53,0.00227775
69.54,0.00227745
69.55,0.00227715
69.56,0.00227685
69.57,0.00227655
69.58,0.00227625
69.59,0.00227595
69.6,0.00227565
69.61,0.00227535
69.62,0.00227505
69.63,0.00227475
69.64,0.00227444
69.65,0.00227414
69.66,0.00227384
69.67,0.00227354
69.68,0.00227324
69.69,0.00227294
69.7,0.00227264
69.71,0.00227234
69.72,0.00227204
69.73,0.00227174
69.74,0.00227144
69.75,0.00227114
69.76,0.00227084
69.77,0.00227054
69.78,0.00227024
69.79,0.00226993
69.8,0.00226963
69.81,0.00226933
69.82,0.00226903
69.83,0.00226873
69.84,0.00226843
69.85,0.00226813
69.86,0.00226783
69.87,0.00226753
69.88,0.00226723
69.89,0.00226693
69.9,0.00226663
69.91,0.00226633
69.92,0.00226603
69.93,0.00226573
69.94,0.00226543
69.95,0.00226513
69.96,0.00226483
69.97,0.00226453
69.98,0.00226423
69.99,0.00226393
70,0.00226363
70.01,0.00226326
70.02,0.0022629
70.03,0.00226254
70.04,0.00226217
70.05,0.00226181
70.06,0.00226144
70.07,0.00226108
70.08,0.00226072
70.09,0.00226035
70.1,0.00225999
70.11,0.00225963
70.12,0.00225926
70.13,0.0022589
70.14,0.00225854
70.15,0.00225817
70.16,0.00225781
70.17,0.00225744
70.18,0.00225708
70.19,0.00225672
70.2,0.00225635
70.21,0.00225599
70.22,0.00225563
70.23,0.00225526
70.24,0.0022549
70.25,0.00225454
70.26,0.00225417
70.27,0.00225381
70.28,0.00225345
70.29,0.00225308
70.3,0.00225272
70.31,0.00225236
70.32,0.00225199
70.33,0.00225163
70.34,0.00225127
70.35,0.0022509
70.36,0.00225054
70.37,0.00225018
70.38,0.00224981
70.39,0.00224945
70.4,0.00224909
70.41,0.00224872
70.42,0.00224836
70.43,0.002248
70.44,0.00224763
70.45,0.00224727
70.46,0.00224691
70.47,0.00224654
70.48,0.00224618
70.49,0.00224582
70.5,0.00224545
70.51,0.00224509
70.52,0.00224473
70.53,0.00224437
70.54,0.002244
70.55,0.00224364
70.56,0.00224328
70.57,0.00224291
70.58,0.00224255
70.59,0.00224219
70.6,0.00224182
70.61,0.00224146
70.62,0.0022411
70.63,0.00224074
70.64,0.00224037
70.65,0.00224001
70.66,0.00223965
70.67,0.00223928
70.68,0.00223892
70.69,0.00223856
70.7,0.0022382
70.71,0.00223783
70.72,0.00223747
70.73,0.00223711
70.74,0.00223674
70.75,0.00223638
70.76,0.00223602
70.77,0.00223566
70.78,0.00223529
70.79,0.00223493
70.8,0.00223457
70.81,0.0022342
70.82,0.00223384
70.83,0.00223348
70.84,0.00223312
70.85,0.00223275
70.86,0.00223239
70.87,0.00223203
70.88,0.00223167
70.89,0.0022313
70.9,0.00223094
70.91,0.00223058
70.92,0.00223022
70.93,0.00222985
70.94,0.00222949
70.95,0.00222913
70.96,0.00222877
70.97,0.0022284
70.98,0.00222804
70.99,0.00222768
71,0.00222732
71.01,0.00222695
71.02,0.00222659
71.03,0.00222623
71.04,0.00222587
71.05,0.0022255
71.06,0.00222514
71.07,0.00222478
71.08,0.00222442
71.09,0.00222405
71.1,0.00222369
71.11,0.00222333
71.12,0.00222297
71.13,0.0022226
71.14,0.00222224
71.15,0.00222188
71.16,0.00222152
71.17,0.00222116
71.18,0.00222079
71.19,0.00222043
71.2,0.00222007
71.21,0.00221971
71.22,0.00221934
71.23,0.00221898
71.24,0.00221862
71.25,0.00221826
71.26,0.0022179
71.27,0.00221753
71.28,0.00221717
71.29,0.00221681
71.3,0.00221645
71.31,0.00221609
71.32,0.00221572
71.33,0.00221536
71.34,0.002215
71.35,0.00221464
71.36,0.00221427
71.37,0.00221391
71.38,0.00221355
71.39,0.00221319
71.4,0.00221283
71.41,0.00221247
71.42,0.0022121
71.43,0.00221174
71.44,0.00221138
71.45,0.00221102
71.46,0.00221066
71.47,0.00221029
71.48,0.00220993
71.49,0.00220957
71.5,0.00220921
71.51,0.00220885
71.52,0.00220848
71.53,0.00220812
71.54,0.00220776
71.55,0.0022074
71.56,0.00220704
71.57,0.00220668
71.58,0.00220631
71.59,0.00220595
71.6,0.00220559
71.61,0.00220523
71.62,0.00220487
71.63,0.00220451
71.64,0.00220414
71.65,0.00220378
71.66,0.00220342
71.67,0.00220306
71.68,0.0022027
71.69,0.00220234
71.7,0.00220197
71.71,0.00220161
71.72,0.00220125
71.73,0.00220089
71.74,0.00220053
71.75,0.00220017
71.76,0.0021998
71.77,0.00219944
71.78,0.00219908
71.79,0.00219872
71.8,0.00219836
71.81,0.002198
71.82,0.00219764
71.83,0.00219727
71.84,0.00219691
71.85,0.00219655
71.86,0.00219619
71.87,0.00219583
71.88,0.00219547
71.89,0.00219511
71.9,0.00219474
71.91,0.00219438
71.92,0.00219402
71.93,0.00219366
71.94,0.0021933
71.95,0.00219294
71.96,0.00219258
71.97,0.00219222
71.98,0.00219185
71.99,0.00219149
72,0.00219113
72.01,0.00219077
72.02,0.00219041
72.03,0.00219005
72.04,0.00218969
72.05,0.00218933
72.06,0.00218896
72.07,0.0021886
72.08,0.00218824
72.09,0.00218788
72.1,0.00218752
72.11,0.00218716
72.12,0.0021868
72.13,0.00218644
72.14,0.00218608
72.15,0.00218572
72.16,0.00218535
72.17,0.00218499
72.18,0.00218463
72.19,0.00218427
72.2,0.00218391
72.21,0.00218355
72.22,0.00218319
72.23,0.00218283
72.24,0.00218247
72.25,0.00218211
72.26,0.00218174
72.27,0.00218138
72.28,0.00218102
72.29,0.00218066
72.3,0.0021803
72.31,0.00217994
72.32,0.00217958
72.33,0.00217922
72.34,0.00217886
72.35,0.0021785
72.36,0.00217814
72.37,0.00217778
72.38,0.00217741
72.39,0.00217705
72.4,0.00217669
72.41,0.00217633
72.42,0.00217597
72.43,0.00217561
72.44,0.00217525
72.45,0.00217489
72.46,0.00217453
72.47,0.00217417
72.48,0.00217381
72.49,0.00217345
72.5,0.00217309
72.51,0.00217273
72.52,0.00217237
72.53,0.002172
72.54,0.00217164
72.55,0.00217128
72.56,0.00217092
72.57,0.00217056
72.58,0.0021702
72.59,0.00216984
72.6,0.00216948
72.61,0.00216912
72.62,0.00216876
72.63,0.0021684
72.64,0.00216804
72.65,0.00216768
72.66,0.00216732
72.67,0.00216696
72.68,0.0021666
72.69,0.00216624
72.7,0.00216588
72.71,0.00216552
72.72,0.00216516
72.73,0.0021648
72.74,0.00216443
72.75,0.00216407
72.76,0.00216371
72.77,0.00216335
72.78,0.00216299
72.79,0.00216263
72.8,0.00216227
72.81,0.00216191
72.82,0.00216155
72.83,0.00216119
72.84,0.00216083
72.85,0.00216047
72.86,0.00216011
72.87,0.00215975
72.88,0.00215939
72.89,0.00215903
72.9,0.00215867
72.91,0.00215831
72.92,0.00215795
72.93,0.00215759
72.94,0.00215723
72.95,0.00215687
72.96,0.00215651
72.97,0.00215615
72.98,0.00215579
72.99,0.00215543
73,0.00215507
73.01,0.00215471
73.02,0.00215435
73.03,0.00215399
73.04,0.00215363
73.05,0.00215327
73.06,0.00215291
73.07,0.00215255
73.08,0.00215219
73.09,0.00215183
73.1,0.00215147
73.11,0.00215111
73.12,0.00215075
73.13,0.00215039
73.14,0.00215003
73.15,0.00214967
73.16,0.00214931
73.17,0.00214895
73.18,0.00214859
73.19,0.00214823
73.2,0.00214787
73.21,0.00214751
73.22,0.00214715
73.23,0.00214679
73.24,0.00214643
73.25,0.00214607
73.26,0.00214571
73.27,0.00214535
73.28,0.00214499
73.29,0.00214463
73.3,0.00214427
73.31,0.00214392
73.32,0.00214356
73.33,0.0021432
73.34,0.00214284
73.35,0.00214248
73.36,0.00214212
73.37,0.00214176
73.38,0.0021414
73.39,0.00214104
73.4,0.00214068
73.41,0.00214032
73.42,0.00213996
73.43,0.0021396
73.44,0.00213924
73.45,0.00213888
73.46,0.00213852
73.47,0.00213816
73.48,0.0021378
73.49,0.00213744
73.5,0.00213708
73.51,0.00213672
73.52,0.00213636
73.53,0.00213601
73.54,0.00213565
73.55,0.00213529
73.56,0.00213493
73.57,0.00213457
73.58,0.00213421
73.59,0.00213385
73.6,0.00213349
73.61,0.00213313
73.62,0.00213277
73.63,0.00213241
73.64,0.00213205
73.65,0.00213169
73.66,0.00213133
73.67,0.00213097
73.68,0.00213062
73.69,0.00213026
73.7,0.0021299
73.71,0.00212954
73.72,0.00212918
73.73,0.00212882
73.74,0.00212846
73.75,0.0021281
73.76,0.00212774
73.77,0.00212738
73.78,0.00212702
73.79,0.00212666
73.8,0.0021263
73.81,0.00212595
73.82,0.00212559
73.83,0.00212523
73.84,0.00212487
73.85,0.00212451
73.86,0.00212415
73.87,0.00212379
73.88,0.00212343
73.89,0.00212307
73.9,0.00212271
73.91,0.00212236
73.92,0.002122
73.93,0.00212164
73.94,0.00212128
73.95,0.00212092
73.96,0.00212056
73.97,0.0021202
73.98,0.00211984
73.99,0.00211948
74,0.00211912
74.01,0.00211877
74.02,0.00211841
74.03,0.00211805
74.04,0.00211769
74.05,0.00211733
74.06,0.00211697
74.07,0.00211661
74.08,0.00211625
74.09,0.0021159
74.1,0.00211554
74.11,0.00211518
74.12,0.00211482
74.13,0.00211446
74.14,0.0021141
74.15,0.00211374
74.16,0.00211338
74.17,0.00211303
74.18,0.00211267
74.19,0.00211231
74.2,0.00211195
74.21,0.00211159
74.22,0.00211123
74.23,0.00211087
74.24,0.00211051
74.25,0.00211016
74.26,0.0021098
74.27,0.00210944
74.28,0.00210908
74.29,0.00210872
74.3,0.00210836
74.31,0.002108
74.32,0.00210765
74.33,0.00210729
74.34,0.00210693
74.35,0.00210657
74.36,0.00210621
74.37,0.00210585
74.38,0.0021055
74.39,0.00210514
74.4,0.00210478
74.41,0.00210442
74.42,0.00210406
74.43,0.0021037
74.44,0.00210334
74.45,0.00210299
74.46,0.00210263
74.47,0.00210227
74.48,0.00210191
74.49,0.00210155
74.5,0.00210119
74.51,0.00210084
74.52,0.00210048
74.53,0.00210012
74.54,0.00209976
74.55,0.0020994
74.56,0.00209904
74.57,0.00209869
74.58,0.00209833
74.59,0.00209797
74.6,0.00209761
74.61,0.00209725
74.62,0.00209689
74.63,0.00209654
74.64,0.00209618
74.65,0.00209582
74.66,0.00209546
74.67,0.0020951
74.68,0.00209475
74.69,0.00209439
74.7,0.00209403
74.71,0.00209367
74.72,0.00209331
74.73,0.00209296
74.74,0.0020926
74.75,0.00209224
74.76,0.00209188
74.77,0.00209152
74.78,0.00209116
74.79,0.00209081
74.8,0.00209045
74.81,0.00209009
74.82,0.00208973
74.83,0.00208937
74.84,0.00208902
74.85,0.00208866
74.86,0.0020883
74.87,0.00208794
74.88,0.00208759
74.89,0.00208723
74.9,0.00208687
74.91,0.00208651
74.92,0.00208615
74.93,0.0020858
74.94,0.00208544
74.95,0.00208508
74.96,0.00208472
74.97,0.00208436
74.98,0.00208401
74.99,0.00208365
75,0.00208329
75.01,0.00208293
75.02,0.00208258
75.03,0.00208222
75.04,0.00208186
75.05,0.0020815
75.06,0.00208114
75.07,0.00208079
75.08,0.00208043
75.09,0.00208007
75.1,0.00207971
75.11,0.00207936
75.12,0.002079
75.13,0.00207864
75.14,0.00207828
75.15,0.00207792
75.16,0.00207757
75.17,0.00207721
75.18,0.00207685
75.19,0.00207649
75.2,0.00207614
75.21,0.00207578
75.22,0.00207542
75.23,0.00207506
75.24,0.00207471
75.25,0.00207435
75.26,0.00207399
75.27,0.00207363
75.28,0.00207328
75.29,0.00207292
75.3,0.00207256
75.31,0.0020722
75.32,0.00207185
75.33,0.00207149
75.34,0.00207113
75.35,0.00207077
75.36,0.00207042
75.37,0.00207006
75.38,0.0020697
75.39,0.00206934
75.4,0.00206899
75.41,0.00206863
75.42,0.00206827
75.43,0.00206791
75.44,0.00206756
75.45,0.0020672
75.46,0.00206684
75.47,0.00206649
75.48,0.00206613
75.49,0.00206577
75.5,0.00206541
75.51,0.00206506
75.52,0.0020647
75.53,0.00206434
75.54,0.00206398
75.55,0.00206363
75.56,0.00206327
75.57,0.00206291
75.58,0.00206256
75.59,0.0020622
75.6,0.00206184
75.61,0.00206148
75.62,0.00206113
75.63,0.00206077
75.64,0.00206041
75.65,0.00206006
75.66,0.0020597
75.67,0.00205934
75.68,0.00205898
75.69,0.00205863
75.7,0.00205827
75.71,0.00205791
75.72,0.00205756
75.73,0.0020572
75.74,0.00205684
75.75,0.00205648
75.76,0.00205613
75.77,0.00205577
75.78,0.00205541
75.79,0.00205506
75.8,0.0020547
75.81,0.00205434
75.82,0.00205399
75.83,0.00205363
75.84,0.00205327
75.85,0.00205292
75.86,0.00205256
75.87,0.0020522
75.88,0.00205184
75.89,0.00205149
75.9,0.00205113
75.91,0.00205077
75.92,0.00205042
75.93,0.00205006
75.94,0.0020497
75.95,0.00204935
75.96,0.00204899
75.97,0.00204863
75.98,0.00204828
75.99,0.00204792
76,0.00204756
76.01,0.00204721
76.02,0.00204685
76.03,0.00204649
76.04,0.00204614
76.05,0.00204578
76.06,0.00204542
76.07,0.00204507
76.08,0.00204471
76.09,0.00204435
76.1,0.002044
76.11,0.00204364
76.12,0.00204328
76.13,0.00204293
76.14,0.00204257
76.15,0.00204221
76.16,0.00204186
76.17,0.0020415
76.18,0.00204114
76.19,0.00204079
76.2,0.00204043
76.21,0.00204007
76.22,0.00203972
76.23,0.00203936
76.24,0.002039
76.25,0.00203865
76.26,0.00203829
76.27,0.00203793
76.28,0.00203758
76.29,0.00203722
76.3,0.00203686
76.31,0.00203651
76.32,0.00203615
76.33,0.00203579
76.34,0.00203544
76.35,0.00203508
76.36,0.00203473
76.37,0.00203437
76.38,0.00203401
76.39,0.00203366
76.4,0.0020333
76.41,0.00203294
76.42,0.00203259
76.43,0.00203223
76.44,0.00203187
76.45,0.00203152
76.46,0.00203116
76.47,0.00203081
76.48,0.00203045
76.49,0.00203009
76.5,0.00202974
76.51,0.00202938
76.52,0.00202902
76.53,0.00202867
76.54,0.00202831
76.55,0.00202796
76.56,0.0020276
76.57,0.00202724
76.58,0.00202689
76.59,0.00202653
76.6,0.00202617
76.61,0.00202582
76.62,0.00202546
76.63,0.00202511
76.64,0.00202475
76.65,0.00202439
76.66,0.00202404
76.67,0.00202368
76.68,0.00202333
76.69,0.00202297
76.7,0.00202261
76.71,0.00202226
76.72,0.0020219
76.73,0.00202155
76.74,0.00202119
76.75,0.00202083
76.76,0.00202048
76.77,0.00202012
76.78,0.00201977
76.79,0.00201941
76.8,0.00201905
76.81,0.0020187
76.82,0.00201834
76.83,0.00201799
76.84,0.00201763
76.85,0.00201727
76.86,0.00201692
76.87,0.00201656
76.88,0.00201621
76.89,0.00201585
76.9,0.00201549
76.91,0.00201514
76.92,0.00201478
76.93,0.00201443
76.94,0.00201407
76.95,0.00201372
76.96,0.00201336
76.97,0.002013
76.98,0.00201265
76.99,0.00201229
77,0.00201194
77.01,0.00201158
77.02,0.00201122
77.03,0.00201087
77.04,0.00201051
77.05,0.00201016
77.06,0.0020098
77.07,0.00200945
77.08,0.00200909
77.09,0.00200873
77.1,0.00200838
77.11,0.00200802
77.12,0.00200767
77.13,0.00200731
77.14,0.00200696
77.15,0.0020066
77.16,0.00200624
77.17,0.00200589
77.18,0.00200553
77.19,0.00200518
77.2,0.00200482
77.21,0.00200447
77.22,0.00200411
77.23,0.00200376
77.24,0.0020034
77.25,0.00200304
77.26,0.00200269
77.27,0.00200233
77.28,0.00200198
77.29,0.00200162
77.3,0.00200127
77.31,0.00200091
77.32,0.00200056
77.33,0.0020002
77.34,0.00199985
77.35,0.00199949
77.36,0.00199913
77.37,0.00199878
77.38,0.00199842
77.39,0.00199807
77.4,0.00199771
77.41,0.00199736
77.42,0.001997
77.43,0.00199665
77.44,0.00199629
77.45,0.00199594
77.46,0.00199558
77.47,0.00199523
77.48,0.00199487
77.49,0.00199451
77.5,0.00199416
77.51,0.0019938
77.52,0.00199345
77.53,0.00199309
77.54,0.00199274
77.55,0.00199238
77.56,0.00199203
77.57,0.00199167
77.58,0.00199132
77.59,0.00199096
77.6,0.00199061
77.61,0.00199025
77.62,0.0019899
77.63,0.00198954
77.64,0.00198919
77.65,0.00198883
77.66,0.00198848
77.67,0.00198812
77.68,0.00198777
77.69,0.00198741
77.7,0.00198706
77.71,0.0019867
77.72,0.00198635
77.73,0.00198599
77.74,0.00198564
77.75,0.00198528
77.76,0.00198493
77.77,0.00198457
77.78,0.00198421
77.79,0.00198386
77.8,0.0019835
77.81,0.00198315
77.82,0.00198279
77.83,0.00198244
77.84,0.00198208
77.85,0.00198173
77.86,0.00198138
77.87,0.00198102
77.88,0.00198067
77.89,0.00198031
77.9,0.00197996
77.91,0.0019796
77.92,0.00197925
77.93,0.00197889
77.94,0.00197854
77.95,0.00197818
77.96,0.00197783
77.97,0.00197747
77.98,0.00197712
77.99,0.00197676
78,0.00197641
78.01,0.00197605
78.02,0.0019757
78.03,0.00197534
78.04,0.00197499
78.05,0.00197463
78.06,0.00197428
78.07,0.00197392
78.08,0.00197357
78.09,0.00197321
78.1,0.00197286
78.11,0.0019725
78.12,0.00197215
78.13,0.00197179
78.14,0.00197144
78.15,0.00197109
78.16,0.00197073
78.17,0.00197038
78.18,0.00197002
78.19,0.00196967
78.2,0.00196931
78.21,0.00196896
78.22,0.0019686
78.23,0.00196825
78.24,0.00196789
78.25,0.00196754
78.26,0.00196718
78.27,0.00196683
78.28,0.00196648
78.29,0.00196612
78.3,0.00196577
78.31,0.00196541
78.32,0.00196506
78.33,0.0019647
78.34,0.00196435
78.35,0.00196399
78.36,0.00196364
78.37,0.00196328
78.38,0.00196293
78.39,0.00196258
78.4,0.00196222
78.41,0.00196187
78.42,0.00196151
78.43,0.00196116
78.44,0.0019608
78.45,0.00196045
78.46,0.00196009
78.47,0.00195974
78.48,0.00195939
78.49,0.00195903
78.5,0.00195868
78.51,0.00195832
78.52,0.00195797
78.53,0.00195761
78.54,0.00195726
78.55,0.00195691
78.56,0.00195655
78.57,0.0019562
78.58,0.00195584
78.59,0.00195549
78.6,0.00195513
78.61,0.00195478
78.62,0.00195443
78.63,0.00195407
78.64,0.00195372
78.65,0.00195336
78.66,0.00195301
78.67,0.00195265
78.68,0.0019523
78.69,0.00195195
78.7,0.00195159
78.71,0.00195124
78.72,0.00195088
78.73,0.00195053
78.74,0.00195017
78.75,0.00194982
78.76,0.00194947
78.77,0.00194911
78.78,0.00194876
78.79,0.0019484
78.8,0.00194805
78.81,0.0019477
78.82,0.00194734
78.83,0.00194699
78.84,0.00194663
78.85,0.00194628
78.86,0.00194593
78.87,0.00194557
78.88,0.00194522
78.89,0.00194486
78.9,0.00194451
78.91,0.00194416
78.92,0.0019438
78.93,0.00194345
78.94,0.00194309
78.95,0.00194274
78.96,0.00194239
78.97,0.00194203
78.98,0.00194168
78.99,0.00194132
79,0.00194097
79.01,0.00194062
79.02,0.00194026
79.03,0.00193991
79.04,0.00193955
79.05,0.0019392
79.06,0.00193885
79.07,0.00193849
79.08,0.00193814
79.09,0.00193779
79.1,0.00193743
79.11,0.00193708
79.12,0.00193672
79.13,0.00193637
79.14,0.00193602
79.15,0.00193566
79.16,0.00193531
79.17,0.00193495
79.18,0.0019346
79.19,0.00193425
79.2,0.00193389
79.21,0.00193354
79.22,0.00193319
79.23,0.00193283
79.24,0.00193248
79.25,0.00193212
79.26,0.00193177
79.27,0.00193142
79.28,0.00193106
79.29,0.00193071
79.3,0.00193036
79.31,0.00193
79.32,0.00192965
79.33,0.0019293
79.34,0.00192894
79.35,0.00192859
79.36,0.00192823
79.37,0.00192788
79.38,0.00192753
79.39,0.00192717
79.4,0.00192682
79.41,0.00192647
79.42,0.00192611
79.43,0.00192576
79.44,0.00192541
79.45,0.00192505
79.46,0.0019247
79.47,0.00192435
79.48,0.00192399
79.49,0.00192364
79.5,0.00192329
79.51,0.00192293
79.52,0.00192258
79.53,0.00192222
79.54,0.00192187
79.55,0.00192152
79.56,0.00192116
79.57,0.00192081
79.58,0.00192046
79.59,0.0019201
79.6,0.00191975
79.61,0.0019194
79.62,0.00191904
79.63,0.00191869
79.64,0.00191834
79.65,0.00191798
79.66,0.00191763
79.67,0.00191728
79.68,0.00191692
79.69,0.00191657
79.7,0.00191622
79.71,0.00191586
79.72,0.00191551
79.73,0.00191516
79.74,0.0019148
79.75,0.00191445
79.76,0.0019141
79.77,0.00191374
79.78,0.00191339
79.79,0.00191304
79.8,0.00191268
79.81,0.00191233
79.82,0.00191198
79.83,0.00191163
79.84,0.00191127
79.85,0.00191092
79.86,0.00191057
79.87,0.00191021
79.88,0.00190986
79.89,0.00190951
79.9,0.00190915
79.91,0.0019088
79.92,0.00190845
79.93,0.00190809
79.94,0.00190774
79.95,0.00190739
79.96,0.00190703
79.97,0.00190668
79.98,0.00190633
79.99,0.00190598
80,0.00190562
80.01,0.0019053
80.02,0.00190498
80.03,0.00190465
80.04,0.00190433
80.05,0.00190401
80.06,0.00190368
80.07,0.00190336
80.08,0.00190304
80.09,0.00190272
80.1,0.00190239
80.11,0.00190207
80.12,0.00190175
80.13,0.00190142
80.14,0.0019011
80.15,0.00190078
80.16,0.00190046
80.17,0.00190013
80.18,0.00189981
80.19,0.00189949
80.2,0.00189916
80.21,0.00189884
80.22,0.00189852
80.23,0.0018982
80.24,0.00189787
80.25,0.00189755
80.26,0.00189723
80.27,0.00189691
80.28,0.00189658
80.29,0.00189626
80.3,0.00189594
80.31,0.00189561
80.32,0.00189529
80.33,0.00189497
80.34,0.00189465
80.35,0.00189432
80.36,0.001894
80.37,0.00189368
80.38,0.00189336
80.39,0.00189303
80.4,0.00189271
80.41,0.00189239
80.42,0.00189207
80.43,0.00189174
80.44,0.00189142
80.45,0.0018911
80.46,0.00189078
80.47,0.00189045
80.48,0.00189013
80.49,0.00188981
80.5,0.00188948
80.51,0.00188916
80.52,0.00188884
80.53,0.00188852
80.54,0.00188819
80.55,0.00188787
80.56,0.00188755
80.57,0.00188723
80.58,0.0018869
80.59,0.00188658
80.6,0.00188626
80.61,0.00188594
80.62,0.00188561
80.63,0.00188529
80.64,0.00188497
80.65,0.00188465
80.66,0.00188433
80.67,0.001884
80.68,0.00188368
80.69,0.00188336
80.7,0.00188304
80.71,0.00188271
80.72,0.00188239
80.73,0.00188207
80.74,0.00188175
80.75,0.00188142
80.76,0.0018811
80.77,0.00188078
80.78,0.00188046
80.79,0.00188013
80.8,0.00187981
80.81,0.00187949
80.82,0.00187917
80.83,0.00187885
80.84,0.00187852
80.85,0.0018782
80.86,0.00187788
80.87,0.00187756
80.88,0.00187723
80.89,0.00187691
80.9,0.00187659
80.91,0.00187627
80.92,0.00187595
80.93,0.00187562
80.94,0.0018753
80.95,0.00187498
80.96,0.00187466
80.97,0.00187433
80.98,0.00187401
80.99,0.00187369
81,0.00187337
81.01,0.00187305
81.02,0.00187272
81.03,0.0018724
81.04,0.00187208
81.05,0.00187176
81.06,0.00187144
81.07,0.00187111
81.08,0.00187079
81.09,0.00187047
81.1,0.00187015
81.11,0.00186983
81.12,0.0018695
81.13,0.00186918
81.14,0.00186886
81.15,0.00186854
81.16,0.00186822
81.17,0.00186789
81.18,0.00186757
81.19,0.00186725
81.2,0.00186693
81.21,0.00186661
81.22,0.00186628
81.23,0.00186596
81.24,0.00186564
81.25,0.00186532
81.26,0.001865
81.27,0.00186467
81.28,0.00186435
81.29,0.00186403
81.3,0.00186371
81.31,0.00186339
81.32,0.00186306
81.33,0.00186274
81.34,0.00186242
81.35,0.0018621
81.36,0.00186178
81.37,0.00186145
81.38,0.00186113
81.39,0.00186081
81.4,0.00186049
81.41,0.00186017
81.42,0.00185985
81.43,0.00185952
81.44,0.0018592
81.45,0.00185888
81.46,0.00185856
81.47,0.00185824
81.48,0.00185792
81.49,0.00185759
81.5,0.00185727
81.51,0.00185695
81.52,0.00185663
81.53,0.00185631
81.54,0.00185599
81.55,0.00185566
81.56,0.00185534
81.57,0.00185502
81.58,0.0018547
81.59,0.00185438
81.6,0.00185406
81.61,0.00185373
81.62,0.00185341
81.63,0.00185309
81.64,0.00185277
81.65,0.00185245
81.66,0.00185213
81.67,0.0018518
81.68,0.00185148
81.69,0.00185116
81.7,0.00185084
81.71,0.00185052
81.72,0.0018502
81.73,0.00184987
81.74,0.00184955
81.75,0.00184923
81.76,0.00184891
81.77,0.00184859
81.78,0.00184827
81.79,0.00184795
81.8,0.00184762
81.81,0.0018473
81.82,0.00184698
81.83,0.00184666
81.84,0.00184634
81.85,0.00184602
81.86,0.00184569
81.87,0.00184537
81.88,0.00184505
81.89,0.00184473
81.9,0.00184441
81.91,0.00184409
81.92,0.00184377
81.93,0.00184345
81.94,0.00184312
81.95,0.0018428
81.96,0.00184248
81.97,0.00184216
81.98,0.00184184
81.99,0.00184152
82,0.0018412
82.01,0.00184087
82.02,0.00184055
82.03,0.00184023
82.04,0.00183991
82.05,0.00183959
82.06,0.00183927
82.07,0.00183895
82.08,0.00183863
82.09,0.0018383
82.1,0.00183798
82.11,0.00183766
82.12,0.00183734
82.13,0.00183702
82.14,0.0018367
82.15,0.00183638
82.16,0.00183606
82.17,0.00183573
82.18,0.00183541
82.19,0.00183509
82.2,0.00183477
82.21,0.00183445
82.22,0.00183413
82.23,0.00183381
82.24,0.00183349
82.25,0.00183316
82.26,0.00183284
82.27,0.00183252
82.28,0.0018322
82.29,0.00183188
82.3,0.00183156
82.31,0.00183124
82.32,0.00183092
82.33,0.0018306
82.34,0.00183027
82.35,0.00182995
82.36,0.00182963
82.37,0.00182931
82.38,0.00182899
82.39,0.00182867
82.4,0.00182835
82.41,0.00182803
82.42,0.00182771
82.43,0.00182739
82.44,0.00182706
82.45,0.00182674
82.46,0.00182642
82.47,0.0018261
82.48,0.00182578
82.49,0.00182546
82.5,0.00182514
82.51,0.00182482
82.52,0.0018245
82.53,0.00182418
82.54,0.00182386
82.55,0.00182353
82.56,0.00182321
82.57,0.00182289
82.58,0.00182257
82.59,0.00182225
82.6,0.00182193
82.61,0.00182161
82.62,0.00182129
82.63,0.00182097
82.64,0.00182065
82.65,0.00182033
82.66,0.00182
82.67,0.00181968
82.68,0.00181936
82.69,0.00181904
82.7,0.00181872
82.71,0.0018184
82.72,0.00181808
82.73,0.00181776
82.74,0.00181744
82.75,0.00181712
82.76,0.0018168
82.77,0.00181648
82.78,0.00181616
82.79,0.00181583
82.8,0.00181551
82.81,0.00181519
82.82,0.00181487
82.83,0.00181455
82.84,0.00181423
82.85,0.00181391
82.86,0.00181359
82.87,0.00181327
82.88,0.00181295
82.89,0.00181263
82.9,0.00181231
82.91,0.00181199
82.92,0.00181167
82.93,0.00181135
82.94,0.00181102
82.95,0.0018107
82.96,0.00181038
82.97,0.00181006
82.98,0.00180974
82.99,0.00180942
83,0.0018091
83.01,0.00180878
83.02,0.00180846
83.03,0.00180814
83.04,0.00180782
83.05,0.0018075
83.06,0.00180718
83.07,0.00180686
83.08,0.00180654
83.09,0.00180622
83.1,0.0018059
83.11,0.00180558
83.12,0.00180525
83.13,0.00180493
83.14,0.00180461
83.15,0.00180429
83.16,0.00180397
83.17,0.00180365
83.18,0.00180333
83.19,0.00180301
83.2,0.00180269
83.21,0.00180237
83.22,0.00180205
83.23,0.00180173
83.24,0.00180141
83.25,0.00180109
83.26,0.00180077
83.27,0.00180045
83.28,0.00180013
83.29,0.00179981
83.3,0.00179949
83.31,0.00179917
83.32,0.00179885
83.33,0.00179853
83.34,0.00179821
83.35,0.00179789
83.36,0.00179757
83.37,0.00179725
83.38,0.00179693
83.39,0.0017966
83.4,0.00179628
83.41,0.00179596
83.42,0.00179564
83.43,0.00179532
83.44,0.001795
83.45,0.00179468
83.46,0.00179436
83.47,0.00179404
83.48,0.00179372
83.49,0.0017934
83.5,0.00179308
83.51,0.00179276
83.52,0.00179244
83.53,0.00179212
83.54,0.0017918
83.55,0.00179148
83.56,0.00179116
83.57,0.00179084
83.58,0.00179052
83.59,0.0017902
83.6,0.00178988
83.61,0.00178956
83.62,0.00178924
83.63,0.00178892
83.64,0.0017886
83.65,0.00178828
83.66,0.00178796
83.67,0.00178764
83.68,0.00178732
83.69,0.001787
83.7,0.00178668
83.71,0.00178636
83.72,0.00178604
83.73,0.00178572
83.74,0.0017854
83.75,0.00178508
83.76,0.00178476
83.77,0.00178444
83.78,0.00178412
83.79,0.0017838
83.8,0.00178348
83.81,0.00178316
83.82,0.00178284
83.83,0.00178252
83.84,0.0017822
83.85,0.00178188
83.86,0.00178156
83.87,0.00178124
83.88,0.00178092
83.89,0.0017806
83.9,0.00178028
83.91,0.00177996
83.92,0.00177964
83.93,0.00177932
83.94,0.001779
83.95,0.00177868
83.96,0.00177836
83.97,0.00177804
83.98,0.00177772
83.99,0.0017774
84,0.00177708
84.01,0.00177676
84.02,0.00177644
84.03,0.00177612
84.04,0.0017758
84.05,0.00177548
84.06,0.00177516
84.07,0.00177484
84.08,0.00177452
84.09,0.0017742
84.1,0.00177388
84.11,0.00177356
84.12,0.00177324
84.13,0.00177292
84.14,0.0017726
84.15,0.00177228
84.16,0.00177197
84.17,0.00177165
84.18,0.00177133
84.19,0.00177101
84.2,0.00177069
84.21,0.00177037
84.22,0.00177005
84.23,0.00176973
84.24,0.00176941
84.25,0.00176909
84.26,0.00176877
84.27,0.00176845
84.28,0.00176813
84.29,0.00176781
84.3,0.00176749
84.31,0.00176717
84.32,0.00176685
84.33,0.00176653
84.34,0.00176621
84.35,0.00176589
84.36,0.00176557
84.37,0.00176525
84.38,0.00176493
84.39,0.00176461
84.4,0.00176429
84.41,0.00176397
84.42,0.00176365
84.43,0.00176334
84.44,0.00176302
84.45,0.0017627
84.46,0.00176238
84.47,0.00176206
84.48,0.00176174
84.49,0.00176142
84.5,0.0017611
84.51,0.00176078
84.52,0.00176046
84.53,0.00176014
84.54,0.00175982
84.55,0.0017595
84.56,0.00175918
84.57,0.00175886
84.58,0.00175854
84.59,0.00175822
84.6,0.0017579
84.61,0.00175758
84.62,0.00175727
84.63,0.00175695
84.64,0.00175663
84.65,0.00175631
84.66,0.00175599
84.67,0.00175567
84.68,0.00175535
84.69,0.00175503
84.7,0.00175471
84.71,0.00175439
84.72,0.00175407
84.73,0.00175375
84.74,0.00175343
84.75,0.00175311
84.76,0.00175279
84.77,0.00175248
84.78,0.00175216
84.79,0.00175184
84.8,0.00175152
84.81,0.0017512
84.82,0.00175088
84.83,0.00175056
84.84,0.00175024
84.85,0.00174992
84.86,0.0017496
84.87,0.00174928
84.88,0.00174896
84.89,0.00174864
84.9,0.00174833
84.91,0.00174801
84.92,0.00174769
84.93,0.00174737
84.94,0.00174705
84.95,0.00174673
84.96,0.00174641
84.97,0.00174609
84.98,0.00174577
84.99,0.00174545
85,0.00174513
85.01,0.00174481
85.02,0.0017445
85.03,0.00174418
85.04,0.00174386
85.05,0.00174354
85.06,0.00174322
85.07,0.0017429
85.08,0.00174258
85.09,0.00174226
85.1,0.00174194
85.11,0.00174162
85.12,0.0017413
85.13,0.00174099
85.14,0.00174067
85.15,0.00174035
85.16,0.00174003
85.17,0.00173971
85.18,0.00173939
85.19,0.00173907
85.2,0.00173875
85.21,0.00173843
85.22,0.00173811
85.23,0.0017378
85.24,0.00173748
85.25,0.00173716
85.26,0.00173684
85.27,0.00173652
85.28,0.0017362
85.29,0.00173588
85.3,0.00173556
85.31,0.00173524
85.32,0.00173493
85.33,0.00173461
85.34,0.00173429
85.35,0.00173397
85.36,0.00173365
85.37,0.00173333
85.38,0.00173301
85.39,0.00173269
85.4,0.00173237
85.41,0.00173206
85.42,0.00173174
85.43,0.00173142
85.44,0.0017311
85.45,0.00173078
85.46,0.00173046
85.47,0.00173014
85.48,0.00172982
85.49,0.0017295
85.5,0.00172919
85.51,0.00172887
85.52,0.00172855
85.53,0.00172823
85.54,0.00172791
85.55,0.00172759
85.56,0.00172727
85.57,0.00172695
85.58,0.00172664
85.59,0.00172632
85.6,0.001726
85.61,0.00172568
85.62,0.00172536
85.63,0.00172504
85.64,0.00172472
85.65,0.0017244
85.66,0.00172409
85.67,0.00172377
85.68,0.00172345
85.69,0.00172313
85.7,0.00172281
85.71,0.00172249
85.72,0.00172217
85.73,0.00172186
85.74,0.00172154
85.75,0.00172122
85.76,0.0017209
85.77,0.00172058
85.78,0.00172026
85.79,0.00171994
85.8,0.00171963
85.81,0.00171931
85.82,0.00171899
85.83,0.00171867
85.84,0.00171835
85.85,0.00171803
85.86,0.00171771
85.87,0.0017174
85.88,0.00171708
85.89,0.00171676
85.9,0.00171644
85.91,0.00171612
85.92,0.0017158
85.93,0.00171548
85.94,0.00171517
85.95,0.00171485
85.96,0.00171453
85.97,0.00171421
85.98,0.00171389
85.99,0.00171357
86,0.00171325
86.01,0.00171294
86.02,0.00171262
86.03,0.0017123
86.04,0.00171198
86.05,0.00171166
86.06,0.00171134
86.07,0.00171103
86.08,0.00171071
86.09,0.00171039
86.1,0.00171007
86.11,0.00170975
86.12,0.00170943
86.13,0.00170912
86.14,0.0017088
86.15,0.00170848
86.16,0.00170816
86.17,0.00170784
86.18,0.00170752
86.19,0.00170721
86.2,0.00170689
86.21,0.00170657
86.22,0.00170625
86.23,0.00170593
86.24,0.00170561
86.25,0.0017053
86.26,0.00170498
86.27,0.00170466
86.28,0.00170434
86.29,0.00170402
86.3,0.0017037
86.31,0.00170339
86.32,0.00170307
86.33,0.00170275
86.34,0.00170243
86.35,0.00170211
86.36,0.00170179
86.37,0.00170148
86.38,0.00170116
86.39,0.00170084
86.4,0.00170052
86.41,0.0017002
86.42,0.00169989
86.43,0.00169957
86.44,0.00169925
86.45,0.00169893
86.46,0.00169861
86.47,0.00169829
86.48,0.00169798
86.49,0.00169766
86.5,0.00169734
86.51,0.00169702
86.52,0.0016967
86.53,0.00169639
86.54,0.00169607
86.55,0.00169575
86.56,0.00169543
86.57,0.00169511
86.58,0.0016948
86.59,0.00169448
86.6,0.00169416
86.61,0.00169384
86.62,0.00169352
86.63,0.00169321
86.64,0.00169289
86.65,0.00169257
86.66,0.00169225
86.67,0.00169193
86.68,0.00169161
86.69,0.0016913
86.7,0.00169098
86.71,0.00169066
86.72,0.00169034
86.73,0.00169002
86.74,0.00168971
86.75,0.00168939
86.76,0.00168907
86.77,0.00168875
86.78,0.00168844
86.79,0.00168812
86.8,0.0016878
86.81,0.00168748
86.82,0.00168716
86.83,0.00168685
86.84,0.00168653
86.85,0.00168621
86.86,0.00168589
86.87,0.00168557
86.88,0.00168526
86.89,0.00168494
86.9,0.00168462
86.91,0.0016843
86.92,0.00168398
86.93,0.00168367
86.94,0.00168335
86.95,0.00168303
86.96,0.00168271
86.97,0.0016824
86.98,0.00168208
86.99,0.00168176
87,0.00168144
87.01,0.00168112
87.02,0.00168081
87.03,0.00168049
87.04,0.00168017
87.05,0.00167985
87.06,0.00167954
87.07,0.00167922
87.08,0.0016789
87.09,0.00167858
87.1,0.00167826
87.11,0.00167795
87.12,0.00167763
87.13,0.00167731
87.14,0.00167699
87.15,0.00167668
87.16,0.00167636
87.17,0.00167604
87.18,0.00167572
87.19,0.0016754
87.2,0.00167509
87.21,0.00167477
87.22,0.00167445
87.23,0.00167413
87.24,0.00167382
87.25,0.0016735
87.26,0.00167318
87.27,0.00167286
87.28,0.00167255
87.29,0.00167223
87.3,0.00167191
87.31,0.00167159
87.32,0.00167128
87.33,0.00167096
87.34,0.00167064
87.35,0.00167032
87.36,0.00167
87.37,0.00166969
87.38,0.00166937
87.39,0.00166905
87.4,0.00166873
87.41,0.00166842
87.42,0.0016681
87.43,0.00166778
87.44,0.00166746
87.45,0.00166715
87.46,0.00166683
87.47,0.00166651
87.48,0.00166619
87.49,0.00166588
87.5,0.00166556
87.51,0.00166524
87.52,0.00166492
87.53,0.00166461
87.54,0.00166429
87.55,0.00166397
87.56,0.00166365
87.57,0.00166334
87.58,0.00166302
87.59,0.0016627
87.6,0.00166238
87.61,0.00166207
87.62,0.00166175
87.63,0.00166143
87.64,0.00166111
87.65,0.0016608
87.66,0.00166048
87.67,0.00166016
87.68,0.00165985
87.69,0.00165953
87.7,0.00165921
87.71,0.00165889
87.72,0.00165858
87.73,0.00165826
87.74,0.00165794
87.75,0.00165762
87.76,0.00165731
87.77,0.00165699
87.78,0.00165667
87.79,0.00165635
87.8,0.00165604
87.81,0.00165572
87.82,0.0016554
87.83,0.00165509
87.84,0.00165477
87.85,0.00165445
87.86,0.00165413
87.87,0.00165382
87.88,0.0016535
87.89,0.00165318
87.9,0.00165286
87.91,0.00165255
87.92,0.00165223
87.93,0.00165191
87.94,0.0016516
87.95,0.00165128
87.96,0.00165096
87.97,0.00165064
87.98,0.00165033
87.99,0.00165001
88,0.00164969
88.01,0.00164938
88.02,0.00164906
88.03,0.00164874
88.04,0.00164842
88.05,0.00164811
88.06,0.00164779
88.07,0.00164747
88.08,0.00164715
88.09,0.00164684
88.1,0.00164652
88.11,0.0016462
88.12,0.00164589
88.13,0.00164557
88.14,0.00164525
88.15,0.00164494
88.16,0.00164462
88.17,0.0016443
88.18,0.00164398
88.19,0.00164367
88.2,0.00164335
88.21,0.00164303
88.22,0.00164272
88.23,0.0016424
88.24,0.00164208
88.25,0.00164176
88.26,0.00164145
88.27,0.00164113
88.28,0.00164081
88.29,0.0016405
88.3,0.00164018
88.31,0.00163986
88.32,0.00163955
88.33,0.00163923
88.34,0.00163891
88.35,0.00163859
88.36,0.00163828
88.37,0.00163796
88.38,0.00163764
88.39,0.00163733
88.4,0.00163701
88.41,0.00163669
88.42,0.00163638
88.43,0.00163606
88.44,0.00163574
88.45,0.00163542
88.46,0.00163511
88.47,0.00163479
88.48,0.00163447
88.49,0.00163416
88.5,0.00163384
88.51,0.00163352
88.52,0.00163321
88.53,0.00163289
88.54,0.00163257
88.55,0.00163226
88.56,0.00163194
88.57,0.00163162
88.58,0.00163131
88.59,0.00163099
88.6,0.00163067
88.61,0.00163035
88.62,0.00163004
88.63,0.00162972
88.64,0.0016294
88.65,0.00162909
88.66,0.00162877
88.67,0.00162845
88.68,0.00162814
88.69,0.00162782
88.7,0.0016275
88.71,0.00162719
88.72,0.00162687
88.73,0.00162655
88.74,0.00162624
88.75,0.00162592
88.76,0.0016256
88.77,0.00162529
88.78,0.00162497
88.79,0.00162465
88.8,0.00162434
88.81,0.00162402
88.82,0.0016237
88.83,0.00162339
88.84,0.00162307
88.85,0.00162275
88.86,0.00162244
88.87,0.00162212
88.88,0.0016218
88.89,0.00162149
88.9,0.00162117
88.91,0.00162085
88.92,0.00162054
88.93,0.00162022
88.94,0.0016199
88.95,0.00161959
88.96,0.00161927
88.97,0.00161895
88.98,0.00161864
88.99,0.00161832
89,0.001618
89.01,0.00161769
89.02,0.00161737
89.03,0.00161705
89.04,0.00161674
89.05,0.00161642
89.06,0.0016161
89.07,0.00161579
89.08,0.00161547
89.09,0.00161515
89.1,0.00161484
89.11,0.00161452
89.12,0.0016142
89.13,0.00161389
89.14,0.00161357
89.15,0.00161326
89.16,0.00161294
89.17,0.00161262
89.18,0.00161231
89.19,0.00161199
89.2,0.00161167
89.21,0.00161136
89.22,0.00161104
89.23,0.00161072
89.24,0.00161041
89.25,0.00161009
89.26,0.00160977
89.27,0.00160946
89.28,0.00160914
89.29,0.00160882
89.3,0.00160851
89.31,0.00160819
89.32,0.00160788
89.33,0.00160756
89.34,0.00160724
89.35,0.00160693
89.36,0.00160661
89.37,0.00160629
89.38,0.00160598
89.39,0.00160566
89.4,0.00160534
89.41,0.00160503
89.42,0.00160471
89.43,0.0016044
89.44,0.00160408
89.45,0.00160376
89.46,0.00160345
89.47,0.00160313
89.48,0.00160281
89.49,0.0016025
89.5,0.00160218
89.51,0.00160186
89.52,0.00160155
89.53,0.00160123
89.54,0.00160092
89.55,0.0016006
89.56,0.00160028
89.57,0.00159997
89.58,0.00159965
89.59,0.00159933
89.6,0.00159902
89.61,0.0015987
89.62,0.00159839
89.63,0.00159807
89.64,0.00159775
89.65,0.00159744
89.66,0.00159712
89.67,0.0015968
89.68,0.00159649
89.69,0.00159617
89.7,0.00159586
89.71,0.00159554
89.72,0.00159522
89.73,0.00159491
89.74,0.00159459
89.75,0.00159428
89.76,0.00159396
89.77,0.00159364
89.78,0.00159333
89.79,0.00159301
89.8,0.00159269
89.81,0.00159238
89.82,0.00159206
89.83,0.00159175
89.84,0.00159143
89.85,0.00159111
89.86,0.0015908
89.87,0.00159048
89.88,0.00159017
89.89,0.00158985
89.9,0.00158953
89.91,0.00158922
89.92,0.0015889
89.93,0.00158859
89.94,0.00158827
89.95,0.00158795
89.96,0.00158764
89.97,0.00158732
89.98,0.00158701
89.99,0.00158669
90,0.00158637
90.01,0.00158614
90.02,0.00158591
90.03,0.00158569
90.04,0.00158546
90.05,0.00158523
90.06,0.001585
90.07,0.00158477
90.08,0.00158454
90.09,0.00158431
90.1,0.00158408
90.11,0.00158385
90.12,0.00158362
90.13,0.0015834
90.14,0.00158317
90.15,0.00158294
90.16,0.00158271
90.17,0.00158248
90.18,0.00158225
90.19,0.00158202
90.2,0.00158179
90.21,0.00158156
90.22,0.00158133
90.23,0.00158111
90.24,0.00158088
90.25,0.00158065
90.26,0.00158042
90.27,0.00158019
90.28,0.00157996
90.29,0.00157973
90.3,0.0015795
90.31,0.00157927
90.32,0.00157904
90.33,0.00157882
90.34,0.00157859
90.35,0.00157836
90.36,0.00157813
90.37,0.0015779
90.38,0.00157767
90.39,0.00157744
90.4,0.00157721
90.41,0.00157698
90.42,0.00157676
90.43,0.00157653
90.44,0.0015763
90.45,0.00157607
90.46,0.00157584
90.47,0.00157561
90.48,0.00157538
90.49,0.00157515
90.5,0.00157492
90.51,0.0015747
90.52,0.00157447
90.53,0.00157424
90.54,0.00157401
90.55,0.00157378
90.56,0.00157355
90.57,0.00157332
90.58,0.00157309
90.59,0.00157287
90.6,0.00157264
90.61,0.00157241
90.62,0.00157218
90.63,0.00157195
90.64,0.00157172
90.65,0.00157149
90.66,0.00157126
90.67,0.00157104
90.68,0.00157081
90.69,0.00157058
90.7,0.00157035
90.71,0.00157012
90.72,0.00156989
90.73,0.00156966
90.74,0.00156943
90.75,0.00156921
90.76,0.00156898
90.77,0.00156875
90.78,0.00156852
90.79,0.00156829
90.8,0.00156806
90.81,0.00156783
90.82,0.00156761
90.83,0.00156738
90.84,0.00156715
90.85,0.00156692
90.86,0.00156669
90.87,0.00156646
90.88,0.00156623
90.89,0.001566
90.9,0.00156578
90.91,0.00156555
90.92,0.00156532
90.93,0.00156509
90.94,0.00156486
90.95,0.00156463
90.96,0.0015644
90.97,0.00156418
90.98,0.00156395
90.99,0.00156372
91,0.00156349
91.01,0.00156326
91.02,0.00156303
91.03,0.0015628
91.04,0.00156258
91.05,0.00156235
91.06,0.00156212
91.07,0.00156189
91.08,0.00156166
91.09,0.00156143
91.1,0.0015612
91.11,0.00156098
91.12,0.00156075
91.13,0.00156052
91.14,0.00156029
91.15,0.00156006
91.16,0.00155983
91.17,0.00155961
91.18,0.00155938
91.19,0.00155915
91.2,0.00155892
91.21,0.00155869
91.22,0.00155846
91.23,0.00155823
91.24,0.00155801
91.25,0.00155778
91.26,0.00155755
91.27,0.00155732
91.28,0.00155709
91.29,0.00155686
91.3,0.00155664
91.31,0.00155641
91.32,0.00155618
91.33,0.00155595
91.34,0.00155572
91.35,0.00155549
91.36,0.00155527
91.37,0.00155504
91.38,0.00155481
91.39,0.00155458
91.4,0.00155435
91.41,0.00155412
91.42,0.0015539
91.43,0.00155367
91.44,0.00155344
91.45,0.00155321
91.46,0.00155298
91.47,0.00155275
91.48,0.00155253
91.49,0.0015523
91.5,0.00155207
91.51,0.00155184
91.52,0.00155161
91.53,0.00155138
91.54,0.00155116
91.55,0.00155093
91.56,0.0015507
91.57,0.00155047
91.58,0.00155024
91.59,0.00155001
91.6,0.00154979
91.61,0.00154956
91.62,0.00154933
91.63,0.0015491
91.64,0.00154887
91.65,0.00154865
91.66,0.00154842
91.67,0.00154819
91.68,0.00154796
91.69,0.00154773
91.7,0.0015475
91.71,0.00154728
91.72,0.00154705
91.73,0.00154682
91.74,0.00154659
91.75,0.00154636
91.76,0.00154614
91.77,0.00154591
91.78,0.00154568
91.79,0.00154545
91.8,0.00154522
91.81,0.00154499
91.82,0.00154477
91.83,0.00154454
91.84,0.00154431
91.85,0.00154408
91.86,0.00154385
91.87,0.00154363
91.88,0.0015434
91.89,0.00154317
91.9,0.00154294
91.91,0.00154271
91.92,0.00154249
91.93,0.00154226
91.94,0.00154203
91.95,0.0015418
91.96,0.00154157
91.97,0.00154135
91.98,0.00154112
91.99,0.00154089
92,0.00154066
92.01,0.00154043
92.02,0.00154021
92.03,0.00153998
92.04,0.00153975
92.05,0.00153952
92.06,0.00153929
92.07,0.00153907
92.08,0.00153884
92.09,0.00153861
92.1,0.00153838
92.11,0.00153815
92.12,0.00153793
92.13,0.0015377
92.14,0.00153747
92.15,0.00153724
92.16,0.00153701
92.17,0.00153679
92.18,0.00153656
92.19,0.00153633
92.2,0.0015361
92.21,0.00153587
92.22,0.00153565
92.23,0.00153542
92.24,0.00153519
92.25,0.00153496
92.26,0.00153473
92.27,0.00153451
92.28,0.00153428
92.29,0.00153405
92.3,0.00153382
92.31,0.00153359
92.32,0.00153337
92.33,0.00153314
92.34,0.00153291
92.35,0.00153268
92.36,0.00153246
92.37,0.00153223
92.38,0.001532
92.39,0.00153177
92.4,0.00153154
92.41,0.00153132
92.42,0.00153109
92.43,0.00153086
92.44,0.00153063
92.45,0.00153041
92.46,0.00153018
92.47,0.00152995
92.48,0.00152972
92.49,0.00152949
92.5,0.00152927
92.51,0.00152904
92.52,0.00152881
92.53,0.00152858
92.54,0.00152836
92.55,0.00152813
92.56,0.0015279
92.57,0.00152767
92.58,0.00152744
92.59,0.00152722
92.6,0.00152699
92.61,0.00152676
92.62,0.00152653
92.63,0.00152631
92.64,0.00152608
92.65,0.00152585
92.66,0.00152562
92.67,0.00152539
92.68,0.00152517
92.69,0.00152494
92.7,0.00152471
92.71,0.00152448
92.72,0.00152426
92.73,0.00152403
92.74,0.0015238
92.75,0.00152357
92.76,0.00152335
92.77,0.00152312
92.78,0.00152289
92.79,0.00152266
92.8,0.00152244
92.81,0.00152221
92.82,0.00152198
92.83,0.00152175
92.84,0.00152152
92.85,0.0015213
92.86,0.00152107
92.87,0.00152084
92.88,0.00152061
92.89,0.00152039
92.9,0.00152016
92.91,0.00151993
92.92,0.0015197
92.93,0.00151948
92.94,0.00151925
92.95,0.00151902
92.96,0.00151879
92.97,0.00151857
92.98,0.00151834
92.99,0.00151811
93,0.00151788
93.01,0.00151766
93.02,0.00151743
93.03,0.0015172
93.04,0.00151697
93.05,0.00151675
93.06,0.00151652
93.07,0.00151629
93.08,0.00151606
93.09,0.00151584
93.1,0.00151561
93.11,0.00151538
93.12,0.00151515
93.13,0.00151493
93.14,0.0015147
93.15,0.00151447
93.16,0.00151424
93.17,0.00151402
93.18,0.00151379
93.19,0.00151356
93.2,0.00151333
93.21,0.00151311
93.22,0.00151288
93.23,0.00151265
93.24,0.00151242
93.25,0.0015122
93.26,0.00151197
93.27,0.00151174
93.28,0.00151152
93.29,0.00151129
93.3,0.00151106
93.31,0.00151083
93.32,0.00151061
93.33,0.00151038
93.34,0.00151015
93.35,0.00150992
93.36,0.0015097
93.37,0.00150947
93.38,0.00150924
93.39,0.00150901
93.4,0.00150879
93.41,0.00150856
93.42,0.00150833
93.43,0.00150811
93.44,0.00150788
93.45,0.00150765
93.46,0.00150742
93.47,0.0015072
93.48,0.00150697
93.49,0.00150674
93.5,0.00150651
93.51,0.00150629
93.52,0.00150606
93.53,0.00150583
93.54,0.00150561
93.55,0.00150538
93.56,0.00150515
93.57,0.00150492
93.58,0.0015047
93.59,0.00150447
93.6,0.00150424
93.61,0.00150401
93.62,0.00150379
93.63,0.00150356
93.64,0.00150333
93.65,0.00150311
93.66,0.00150288
93.67,0.00150265
93.68,0.00150242
93.69,0.0015022
93.7,0.00150197
93.71,0.00150174
93.72,0.00150152
93.73,0.00150129
93.74,0.00150106
93.75,0.00150083
93.76,0.00150061
93.77,0.00150038
93.78,0.00150015
93.79,0.00149993
93.8,0.0014997
93.81,0.00149947
93.82,0.00149924
93.83,0.00149902
93.84,0.00149879
93.85,0.00149856
93.86,0.00149834
93.87,0.00149811
93.88,0.00149788
93.89,0.00149765
93.9,0.00149743
93.91,0.0014972
93.92,0.00149697
93.93,0.00149675
93.94,0.00149652
93.95,0.00149629
93.96,0.00149606
93.97,0.00149584
93.98,0.00149561
93.99,0.00149538
94,0.00149516
94.01,0.00149493
94.02,0.0014947
94.03,0.00149448
94.04,0.00149425
94.05,0.00149402
94.06,0.00149379
94.07,0.00149357
94.08,0.00149334
94.09,0.00149311
94.1,0.00149289
94.11,0.00149266
94.12,0.00149243
94.13,0.00149221
94.14,0.00149198
94.15,0.00149175
94.16,0.00149152
94.17,0.0014913
94.18,0.00149107
94.19,0.00149084
94.2,0.00149062
94.21,0.00149039
94.22,0.00149016
94.23,0.00148994
94.24,0.00148971
94.25,0.00148948
94.26,0.00148926
94.27,0.00148903
94.28,0.0014888
94.29,0.00148857
94.3,0.00148835
94.31,0.00148812
94.32,0.00148789
94.33,0.00148767
94.34,0.00148744
94.35,0.00148721
94.36,0.00148699
94.37,0.00148676
94.38,0.00148653
94.39,0.00148631
94.4,0.00148608
94.41,0.00148585
94.42,0.00148563
94.43,0.0014854
94.44,0.00148517
94.45,0.00148494
94.46,0.00148472
94.47,0.00148449
94.48,0.00148426
94.49,0.00148404
94.5,0.00148381
94.51,0.00148358
94.52,0.00148336
94.53,0.00148313
94.54,0.0014829
94.55,0.00148268
94.56,0.00148245
94.57,0.00148222
94.58,0.001482
94.59,0.00148177
94.6,0.00148154
94.61,0.00148132
94.62,0.00148109
94.63,0.00148086
94.64,0.00148064
94.65,0.00148041
94.66,0.00148018
94.67,0.00147996
94.68,0.00147973
94.69,0.0014795
94.7,0.00147928
94.71,0.00147905
94.72,0.00147882
94.73,0.0014786
94.74,0.00147837
94.75,0.00147814
94.76,0.00147792
94.77,0.00147769
94.78,0.00147746
94.79,0.00147724
94.8,0.00147701
94.81,0.00147678
94.82,0.00147656
94.83,0.00147633
94.84,0.0014761
94.85,0.00147588
94.86,0.00147565
94.87,0.00147542
94.88,0.0014752
94.89,0.00147497
94.9,0.00147474
94.91,0.00147452
94.92,0.00147429
94.93,0.00147406
94.94,0.00147384
94.95,0.00147361
94.96,0.00147338
94.97,0.00147316
94.98,0.00147293
94.99,0.0014727
95,0.00147248
95.01,0.00147225
95.02,0.00147202
95.03,0.0014718
95.04,0.00147157
95.05,0.00147134
95.06,0.00147112
95.07,0.00147089
95.08,0.00147066
95.09,0.00147044
95.1,0.00147021
95.11,0.00146999
95.12,0.00146976
95.13,0.00146953
95.14,0.00146931
95.15,0.00146908
95.16,0.00146885
95.17,0.00146863
95.18,0.0014684
95.19,0.00146817
95.2,0.00146795
95.21,0.00146772
95.22,0.00146749
95.23,0.00146727
95.24,0.00146704
95.25,0.00146681
95.26,0.00146659
95.27,0.00146636
95.28,0.00146614
95.29,0.00146591
95.3,0.00146568
95.31,0.00146546
95.32,0.00146523
95.33,0.001465
95.34,0.00146478
95.35,0.00146455
95.36,0.00146432
95.37,0.0014641
95.38,0.00146387
95.39,0.00146364
95.4,0.00146342
95.41,0.00146319
95.42,0.00146297
95.43,0.00146274
95.44,0.00146251
95.45,0.00146229
95.46,0.00146206
95.47,0.00146183
95.48,0.00146161
95.49,0.00146138
95.5,0.00146115
95.51,0.00146093
95.52,0.0014607
95.53,0.00146048
95.54,0.00146025
95.55,0.00146002
95.56,0.0014598
95.57,0.00145957
95.58,0.00145934
95.59,0.00145912
95.6,0.00145889
95.61,0.00145867
95.62,0.00145844
95.63,0.00145821
95.64,0.00145799
95.65,0.00145776
95.66,0.00145753
95.67,0.00145731
95.68,0.00145708
95.69,0.00145686
95.7,0.00145663
95.71,0.0014564
95.72,0.00145618
95.73,0.00145595
95.74,0.00145572
95.75,0.0014555
95.76,0.00145527
95.77,0.00145505
95.78,0.00145482
95.79,0.00145459
95.8,0.00145437
95.81,0.00145414
95.82,0.00145391
95.83,0.00145369
95.84,0.00145346
95.85,0.00145324
95.86,0.00145301
95.87,0.00145278
95.88,0.00145256
95.89,0.00145233
95.9,0.0014521
95.91,0.00145188
95.92,0.00145165
95.93,0.00145143
95.94,0.0014512
95.95,0.00145097
95.96,0.00145075
95.97,0.00145052
95.98,0.0014503
95.99,0.00145007
96,0.00144984
96.01,0.00144962
96.02,0.00144939
96.03,0.00144917
96.04,0.00144894
96.05,0.00144871
96.06,0.00144849
96.07,0.00144826
96.08,0.00144803
96.09,0.00144781
96.1,0.00144758
96.11,0.00144736
96.12,0.00144713
96.13,0.0014469
96.14,0.00144668
96.15,0.00144645
96.16,0.00144623
96.17,0.001446
96.18,0.00144577
96.19,0.00144555
96.2,0.00144532
96.21,0.0014451
96.22,0.00144487
96.23,0.00144464
96.24,0.00144442
96.25,0.00144419
96.26,0.00144397
96.27,0.00144374
96.28,0.00144351
96.29,0.00144329
96.3,0.00144306
96.31,0.00144284
96.32,0.00144261
96.33,0.00144238
96.34,0.00144216
96.35,0.00144193
96.36,0.00144171
96.37,0.00144148
96.38,0.00144125
96.39,0.00144103
96.4,0.0014408
96.41,0.00144058
96.42,0.00144035
96.43,0.00144012
96.44,0.0014399
96.45,0.00143967
96.46,0.00143945
96.47,0.00143922
96.48,0.001439
96.49,0.00143877
96.5,0.00143854
96.51,0.00143832
96.52,0.00143809
96.53,0.00143787
96.54,0.00143764
96.55,0.00143741
96.56,0.00143719
96.57,0.00143696
96.58,0.00143674
96.59,0.00143651
96.6,0.00143628
96.61,0.00143606
96.62,0.00143583
96.63,0.00143561
96.64,0.00143538
96.65,0.00143516
96.66,0.00143493
96.67,0.0014347
96.68,0.00143448
96.69,0.00143425
96.7,0.00143403
96.71,0.0014338
96.72,0.00143357
96.73,0.00143335
96.74,0.00143312
96.75,0.0014329
96.76,0.00143267
96.77,0.00143245
96.78,0.00143222
96.79,0.00143199
96.8,0.00143177
96.81,0.00143154
96.82,0.00143132
96.83,0.00143109
96.84,0.00143087
96.85,0.00143064
96.86,0.00143041
96.87,0.00143019
96.88,0.00142996
96.89,0.00142974
96.9,0.00142951
96.91,0.00142929
96.92,0.00142906
96.93,0.00142883
96.94,0.00142861
96.95,0.00142838
96.96,0.00142816
96.97,0.00142793
96.98,0.00142771
96.99,0.00142748
97,0.00142725
97.01,0.00142703
97.02,0.0014268
97.03,0.00142658
97.04,0.00142635
97.05,0.00142613
97.06,0.0014259
97.07,0.00142567
97.08,0.00142545
97.09,0.00142522
97.1,0.001425
97.11,0.00142477
97.12,0.00142455
97.13,0.00142432
97.14,0.0014241
97.15,0.00142387
97.16,0.00142364
97.17,0.00142342
97.18,0.00142319
97.19,0.00142297
97.2,0.00142274
97.21,0.00142252
97.22,0.00142229
97.23,0.00142206
97.24,0.00142184
97.25,0.00142161
97.26,0.00142139
97.27,0.00142116
97.28,0.00142094
97.29,0.00142071
97.3,0.00142049
97.31,0.00142026
97.32,0.00142003
97.33,0.00141981
97.34,0.00141958
97.35,0.00141936
97.36,0.00141913
97.37,0.00141891
97.38,0.00141868
97.39,0.00141846
97.4,0.00141823
97.41,0.00141801
97.42,0.00141778
97.43,0.00141755
97.44,0.00141733
97.45,0.0014171
97.46,0.00141688
97.47,0.00141665
97.48,0.00141643
97.49,0.0014162
97.5,0.00141598
97.51,0.00141575
97.52,0.00141552
97.53,0.0014153
97.54,0.00141507
97.55,0.00141485
97.56,0.00141462
97.57,0.0014144
97.58,0.00141417
97.59,0.00141395
97.6,0.00141372
97.61,0.0014135
97.62,0.00141327
97.63,0.00141305
97.64,0.00141282
97.65,0.00141259
97.66,0.00141237
97.67,0.00141214
97.68,0.00141192
97.69,0.00141169
97.7,0.00141147
97.71,0.00141124
97.72,0.00141102
97.73,0.00141079
97.74,0.00141057
97.75,0.00141034
97.76,0.00141012
97.77,0.00140989
97.78,0.00140966
97.79,0.00140944
97.8,0.00140921
97.81,0.00140899
97.82,0.00140876
97.83,0.00140854
97.84,0.00140831
97.85,0.00140809
97.86,0.00140786
97.87,0.00140764
97.88,0.00140741
97.89,0.00140719
97.9,0.00140696
97.91,0.00140674
97.92,0.00140651
97.93,0.00140628
97.94,0.00140606
97.95,0.00140583
97.96,0.00140561
97.97,0.00140538
97.98,0.00140516
97.99,0.00140493
98,0.00140471
98.01,0.00140448
98.02,0.00140426
98.03,0.00140403
98.04,0.00140381
98.05,0.00140358
98.06,0.00140336
98.07,0.00140313
98.08,0.00140291
98.09,0.00140268
98.1,0.00140246
98.11,0.00140223
98.12,0.001402
98.13,0.00140178
98.14,0.00140155
98.15,0.00140133
98.16,0.0014011
98.17,0.00140088
98.18,0.00140065
98.19,0.00140043
98.2,0.0014002
98.21,0.00139998
98.22,0.00139975
98.23,0.00139953
98.24,0.0013993
98.25,0.00139908
98.26,0.00139885
98.27,0.00139863
98.28,0.0013984
98.29,0.00139818
98.3,0.00139795
98.31,0.00139773
98.32,0.0013975
98.33,0.00139728
98.34,0.00139705
98.35,0.00139683
98.36,0.0013966
98.37,0.00139638
98.38,0.00139615
98.39,0.00139593
98.4,0.0013957
98.41,0.00139548
98.42,0.00139525
98.43,0.00139503
98.44,0.0013948
98.45,0.00139458
98.46,0.00139435
98.47,0.00139413
98.48,0.0013939
98.49,0.00139368
98.5,0.00139345
98.51,0.00139322
98.52,0.001393
98.53,0.00139277
98.54,0.00139255
98.55,0.00139232
98.56,0.0013921
98.57,0.00139187
98.58,0.00139165
98.59,0.00139142
98.6,0.0013912
98.61,0.00139097
98.62,0.00139075
98.63,0.00139052
98.64,0.0013903
98.65,0.00139007
98.66,0.00138985
98.67,0.00138962
98.68,0.0013894
98.69,0.00138917
98.7,0.00138895
98.71,0.00138872
98.72,0.0013885
98.73,0.00138827
98.74,0.00138805
98.75,0.00138782
98.76,0.0013876
98.77,0.00138737
98.78,0.00138715
98.79,0.00138693
98.8,0.0013867
98.81,0.00138648
98.82,0.00138625
98.83,0.00138603
98.84,0.0013858
98.85,0.00138558
98.86,0.00138535
98.87,0.00138513
98.88,0.0013849
98.89,0.00138468
98.9,0.00138445
98.91,0.00138423
98.92,0.001384
98.93,0.00138378
98.94,0.00138355
98.95,0.00138333
98.96,0.0013831
98.97,0.00138288
98.98,0.00138265
98.99,0.00138243
99,0.0013822
99.01,0.00138198
99.02,0.00138175
99.03,0.00138153
99.04,0.0013813
99.05,0.00138108
99.06,0.00138085
99.07,0.00138063
99.08,0.0013804
99.09,0.00138018
99.1,0.00137995
99.11,0.00137973
99.12,0.0013795
99.13,0.00137928
99.14,0.00137905
99.15,0.00137883
99.16,0.00137861
99.17,0.00137838
99.18,0.00137816
99.19,0.00137793
99.2,0.00137771
99.21,0.00137748
99.22,0.00137726
99.23,0.00137703
99.24,0.00137681
99.25,0.00137658
99.26,0.00137636
99.27,0.00137613
99.28,0.00137591
99.29,0.00137568
99.3,0.00137546
99.31,0.00137523
99.32,0.00137501
99.33,0.00137478
99.34,0.00137456
99.35,0.00137433
99.36,0.00137411
99.37,0.00137389
99.38,0.00137366
99.39,0.00137344
99.4,0.00137321
99.41,0.00137299
99.42,0.00137276
99.43,0.00137254
99.44,0.00137231
99.45,0.00137209
99.46,0.00137186
99.47,0.00137164
99.48,0.00137141
99.49,0.00137119
99.5,0.00137096
99.51,0.00137074
99.52,0.00137051
99.53,0.00137029
99.54,0.00137007
99.55,0.00136984
99.56,0.00136962
99.57,0.00136939
99.58,0.00136917
99.59,0.00136894
99.6,0.00136872
99.61,0.00136849
99.62,0.00136827
99.63,0.00136804
99.64,0.00136782
99.65,0.00136759
99.66,0.00136737
99.67,0.00136715
99.68,0.00136692
99.69,0.0013667
99.7,0.00136647
99.71,0.00136625
99.72,0.00136602
99.73,0.0013658
99.74,0.00136557
99.75,0.00136535
99.76,0.00136512
99.77,0.0013649
99.78,0.00136468
99.79,0.00136445
99.8,0.00136423
99.81,0.001364
99.82,0.00136378
99.83,0.00136355
99.84,0.00136333
99.85,0.0013631
99.86,0.00136288
99.87,0.00136265
99.88,0.00136243
99.89,0.00136221
99.9,0.00136198
99.91,0.00136176
99.92,0.00136153
99.93,0.00136131
99.94,0.00136108
99.95,0.00136086
99.96,0.00136063
99.97,0.00136041
99.98,0.00136019
99.99,0.00135996
100,0.00136124
100.01,0.00136106
100.02,0.00136089
100.03,0.00136071
100.04,0.00136054
100.05,0.00136036
100.06,0.00136018
100.07,0.00136001
100.08,0.00135983
100.09,0.00135965
100.1,0.00135948
100.11,0.0013593
100.12,0.00135913
100.13,0.00135895
100.14,0.00135877
100.15,0.0013586
100.16,0.00135842
100.17,0.00135825
100.18,0.00135807
100.19,0.00135789
100.2,0.00135772
100.21,0.00135754
100.22,0.00135736
100.23,0.00135719
100.24,0.00135701
100.25,0.00135684
100.26,0.00135666
100.27,0.00135648
100.28,0.00135631
100.29,0.00135613
100.3,0.00135596
100.31,0.00135578
100.32,0.0013556
100.33,0.00135543
100.34,0.00135525
100.35,0.00135507
100.36,0.0013549
100.37,0.00135472
100.38,0.00135455
100.39,0.00135437
100.4,0.00135419
100.41,0.00135402
100.42,0.00135384
100.43,0.00135367
100.44,0.00135349
100.45,0.00135331
100.46,0.00135314
100.47,0.00135296
100.48,0.00135279
100.49,0.00135261
100.5,0.00135243
100.51,0.00135226
100.52,0.00135208
100.53,0.00135191
100.54,0.00135173
100.55,0.00135155
100.56,0.00135138
100.57,0.0013512
100.58,0.00135103
100.59,0.00135085
100.6,0.00135067
100.61,0.0013505
100.62,0.00135032
100.63,0.00135015
100.64,0.00134997
100.65,0.00134979
100.66,0.00134962
100.67,0.00134944
100.68,0.00134927
100.69,0.00134909
100.7,0.00134891
100.71,0.00134874
100.72,0.00134856
100.73,0.00134839
100.74,0.00134821
100.75,0.00134803
100.76,0.00134786
100.77,0.00134768
100.78,0.00134751
100.79,0.00134733
100.8,0.00134715
100.81,0.00134698
100.82,0.0013468
100.83,0.00134663
100.84,0.00134645
100.85,0.00134627
100.86,0.0013461
100.87,0.00134592
100.88,0.00134575
100.89,0.00134557
100.9,0.00134539
100.91,0.00134522
100.92,0.00134504
100.93,0.00134487
100.94,0.00134469
100.95,0.00134452
100.96,0.00134434
100.97,0.00134416
100.98,0.00134399
100.99,0.00134381
101,0.00134364
101.01,0.00134346
101.02,0.00134328
101.03,0.00134311
101.04,0.00134293
101.05,0.00134276
101.06,0.00134258
101.07,0.00134241
101.08,0.00134223
101.09,0.00134205
101.1,0.00134188
101.11,0.0013417
101.12,0.00134153
101.13,0.00134135
101.14,0.00134117
101.15,0.001341
101.16,0.00134082
101.17,0.00134065
101.18,0.00134047
101.19,0.0013403
101.2,0.00134012
101.21,0.00133994
101.22,0.00133977
101.23,0.00133959
101.24,0.00133942
101.25,0.00133924
101.26,0.00133907
101.27,0.00133889
101.28,0.00133871
101.29,0.00133854
101.3,0.00133836
101.31,0.00133819
101.32,0.00133801
101.33,0.00133783
101.34,0.00133766
101.35,0.00133748
101.36,0.00133731
101.37,0.00133713
101.38,0.00133696
101.39,0.00133678
101.4,0.0013366
101.41,0.00133643
101.42,0.00133625
101.43,0.00133608
101.44,0.0013359
101.45,0.00133573
101.46,0.00133555
101.47,0.00133538
101.48,0.0013352
101.49,0.00133502
101.5,0.00133485
101.51,0.00133467
101.52,0.0013345
101.53,0.00133432
101.54,0.00133415
101.55,0.00133397
101.56,0.00133379
101.57,0.00133362
101.58,0.00133344
101.59,0.00133327
101.6,0.00133309
101.61,0.00133292
101.62,0.00133274
101.63,0.00133256
101.64,0.00133239
101.65,0.00133221
101.66,0.00133204
101.67,0.00133186
101.68,0.00133169
101.69,0.00133151
101.7,0.00133134
101.71,0.00133116
101.72,0.00133098
101.73,0.00133081
101.74,0.00133063
101.75,0.00133046
101.76,0.00133028
101.77,0.00133011
101.78,0.00132993
101.79,0.00132976
101.8,0.00132958
101.81,0.0013294
101.82,0.00132923
101.83,0.00132905
101.84,0.00132888
101.85,0.0013287
101.86,0.00132853
101.87,0.00132835
101.88,0.00132818
101.89,0.001328
101.9,0.00132782
101.91,0.00132765
101.92,0.00132747
101.93,0.0013273
101.94,0.00132712
101.95,0.00132695
101.96,0.00132677
101.97,0.0013266
101.98,0.00132642
101.99,0.00132624
102,0.00132607
102.01,0.00132589
102.02,0.00132572
102.03,0.00132554
102.04,0.00132537
102.05,0.00132519
102.06,0.00132502
102.07,0.00132484
102.08,0.00132467
102.09,0.00132449
102.1,0.00132431
102.11,0.00132414
102.12,0.00132396
102.13,0.00132379
102.14,0.00132361
102.15,0.00132344
102.16,0.00132326
102.17,0.00132309
102.18,0.00132291
102.19,0.00132274
102.2,0.00132256
102.21,0.00132238
102.22,0.00132221
102.23,0.00132203
102.24,0.00132186
102.25,0.00132168
102.26,0.00132151
102.27,0.00132133
102.28,0.00132116
102.29,0.00132098
102.3,0.00132081
102.31,0.00132063
102.32,0.00132046
102.33,0.00132028
102.34,0.0013201
102.35,0.00131993
102.36,0.00131975
102.37,0.00131958
102.38,0.0013194
102.39,0.00131923
102.4,0.00131905
102.41,0.00131888
102.42,0.0013187
102.43,0.00131853
102.44,0.00131835
102.45,0.00131818
102.46,0.001318
102.47,0.00131783
102.48,0.00131765
102.49,0.00131747
102.5,0.0013173
102.51,0.00131712
102.52,0.00131695
102.53,0.00131677
102.54,0.0013166
102.55,0.00131642
102.56,0.00131625
102.57,0.00131607
102.58,0.0013159
102.59,0.00131572
102.6,0.00131555
102.61,0.00131537
102.62,0.0013152
102.63,0.00131502
102.64,0.00131485
102.65,0.00131467
102.66,0.00131449
102.67,0.00131432
102.68,0.00131414
102.69,0.00131397
102.7,0.00131379
102.71,0.00131362
102.72,0.00131344
102.73,0.00131327
102.74,0.00131309
102.75,0.00131292
102.76,0.00131274
102.77,0.00131257
102.78,0.00131239
102.79,0.00131222
102.8,0.00131204
102.81,0.00131187
102.82,0.00131169
102.83,0.00131152
102.84,0.00131134
102.85,0.00131117
102.86,0.00131099
102.87,0.00131082
102.88,0.00131064
102.89,0.00131046
102.9,0.00131029
102.91,0.00131011
102.92,0.00130994
102.93,0.00130976
102.94,0.00130959
102.95,0.00130941
102.96,0.00130924
102.97,0.00130906
102.98,0.00130889
102.99,0.00130871
103,0.00130854
103.01,0.00130836
103.02,0.00130819
103.03,0.00130801
103.04,0.00130784
103.05,0.00130766
103.06,0.00130749
103.07,0.00130731
103.08,0.00130714
103.09,0.00130696
103.1,0.00130679
103.11,0.00130661
103.12,0.00130644
103.13,0.00130626
103.14,0.00130609
103.15,0.00130591
103.16,0.00130574
103.17,0.00130556
103.18,0.00130539
103.19,0.00130521
103.2,0.00130504
103.21,0.00130486
103.22,0.00130469
103.23,0.00130451
103.24,0.00130434
103.25,0.00130416
103.26,0.00130399
103.27,0.00130381
103.28,0.00130364
103.29,0.00130346
103.3,0.00130329
103.31,0.00130311
103.32,0.00130294
103.33,0.00130276
103.34,0.00130259
103.35,0.00130241
103.36,0.00130224
103.37,0.00130206
103.38,0.00130189
103.39,0.00130171
103.4,0.00130154
103.41,0.00130136
103.42,0.00130119
103.43,0.00130101
103.44,0.00130084
103.45,0.00130066
103.46,0.00130049
103.47,0.00130031
103.48,0.00130014
103.49,0.00129996
103.5,0.00129979
103.51,0.00129961
103.52,0.00129944
103.53,0.00129926
103.54,0.00129909
103.55,0.00129891
103.56,0.00129874
103.57,0.00129856
103.58,0.00129839
103.59,0.00129821
103.6,0.00129804
103.61,0.00129786
103.62,0.00129769
103.63,0.00129751
103.64,0.00129734
103.65,0.00129716
103.66,0.00129699
103.67,0.00129681
103.68,0.00129664
103.69,0.00129646
103.7,0.00129629
103.71,0.00129611
103.72,0.00129594
103.73,0.00129576
103.74,0.00129559
103.75,0.00129541
103.76,0.00129524
103.77,0.00129506
103.78,0.00129489
103.79,0.00129471
103.8,0.00129454
103.81,0.00129436
103.82,0.00129419
103.83,0.00129401
103.84,0.00129384
103.85,0.00129366
103.86,0.00129349
103.87,0.00129331
103.88,0.00129314
103.89,0.00129296
103.9,0.00129279
103.91,0.00129262
103.92,0.00129244
103.93,0.00129227
103.94,0.00129209
103.95,0.00129192
103.96,0.00129174
103.97,0.00129157
103.98,0.00129139
103.99,0.00129122
104,0.00129104
104.01,0.00129087
104.02,0.00129069
104.03,0.00129052
104.04,0.00129034
104.05,0.00129017
104.06,0.00128999
104.07,0.00128982
104.08,0.00128964
104.09,0.00128947
104.1,0.00128929
104.11,0.00128912
104.12,0.00128894
104.13,0.00128877
104.14,0.0012886
104.15,0.00128842
104.16,0.00128825
104.17,0.00128807
104.18,0.0012879
104.19,0.00128772
104.2,0.00128755
104.21,0.00128737
104.22,0.0012872
104.23,0.00128702
104.24,0.00128685
104.25,0.00128667
104.26,0.0012865
104.27,0.00128632
104.28,0.00128615
104.29,0.00128597
104.3,0.0012858
104.31,0.00128562
104.32,0.00128545
104.33,0.00128528
104.34,0.0012851
104.35,0.00128493
104.36,0.00128475
104.37,0.00128458
104.38,0.0012844
104.39,0.00128423
104.4,0.00128405
104.41,0.00128388
104.42,0.0012837
104.43,0.00128353
104.44,0.00128335
104.45,0.00128318
104.46,0.001283
104.47,0.00128283
104.48,0.00128266
104.49,0.00128248
104.5,0.00128231
104.51,0.00128213
104.52,0.00128196
104.53,0.00128178
104.54,0.00128161
104.55,0.00128143
104.56,0.00128126
104.57,0.00128108
104.58,0.00128091
104.59,0.00128073
104.6,0.00128056
104.61,0.00128039
104.62,0.00128021
104.63,0.00128004
104.64,0.00127986
104.65,0.00127969
104.66,0.00127951
104.67,0.00127934
104.68,0.00127916
104.69,0.00127899
104.7,0.00127881
104.71,0.00127864
104.72,0.00127847
104.73,0.00127829
104.74,0.00127812
104.75,0.00127794
104.76,0.00127777
104.77,0.00127759
104.78,0.00127742
104.79,0.00127724
104.8,0.00127707
104.81,0.00127689
104.82,0.00127672
104.83,0.00127655
104.84,0.00127637
104.85,0.0012762
104.86,0.00127602
104.87,0.00127585
104.88,0.00127567
104.89,0.0012755
104.9,0.00127532
104.91,0.00127515
104.92,0.00127497
104.93,0.0012748
104.94,0.00127463
104.95,0.00127445
104.96,0.00127428
104.97,0.0012741
104.98,0.00127393
104.99,0.00127375
105,0.00127358
105.01,0.0012734
105.02,0.00127323
105.03,0.00127306
105.04,0.00127288
105.05,0.00127271
105.06,0.00127253
105.07,0.00127236
105.08,0.00127218
105.09,0.00127201
105.1,0.00127183
105.11,0.00127166
105.12,0.00127149
105.13,0.00127131
105.14,0.00127114
105.15,0.00127096
105.16,0.00127079
105.17,0.00127061
105.18,0.00127044
105.19,0.00127026
105.2,0.00127009
105.21,0.00126992
105.22,0.00126974
105.23,0.00126957
105.24,0.00126939
105.25,0.00126922
105.26,0.00126904
105.27,0.00126887
105.28,0.0012687
105.29,0.00126852
105.3,0.00126835
105.31,0.00126817
105.32,0.001268
105.33,0.00126782
105.34,0.00126765
105.35,0.00126747
105.36,0.0012673
105.37,0.00126713
105.38,0.00126695
105.39,0.00126678
105.4,0.0012666
105.41,0.00126643
105.42,0.00126625
105.43,0.00126608
105.44,0.00126591
105.45,0.00126573
105.46,0.00126556
105.47,0.00126538
105.48,0.00126521
105.49,0.00126503
105.5,0.00126486
105.51,0.00126469
105.52,0.00126451
105.53,0.00126434
105.54,0.00126416
105.55,0.00126399
105.56,0.00126381
105.57,0.00126364
105.58,0.00126347
105.59,0.00126329
105.6,0.00126312
105.61,0.00126294
105.62,0.00126277
105.63,0.00126259
105.64,0.00126242
105.65,0.00126225
105.66,0.00126207
105.67,0.0012619
105.68,0.00126172
105.69,0.00126155
105.7,0.00126137
105.71,0.0012612
105.72,0.00126103
105.73,0.00126085
105.74,0.00126068
105.75,0.0012605
105.76,0.00126033
105.77,0.00126015
105.78,0.00125998
105.79,0.00125981
105.8,0.00125963
105.81,0.00125946
105.82,0.00125928
105.83,0.00125911
105.84,0.00125893
105.85,0.00125876
105.86,0.00125859
105.87,0.00125841
105.88,0.00125824
105.89,0.00125806
105.9,0.00125789
105.91,0.00125772
105.92,0.00125754
105.93,0.00125737
105.94,0.00125719
105.95,0.00125702
105.96,0.00125684
105.97,0.00125667
105.98,0.0012565
105.99,0.00125632
106,0.00125615
106.01,0.00125597
106.02,0.0012558
106.03,0.00125563
106.04,0.00125545
106.05,0.00125528
106.06,0.0012551
106.07,0.00125493
106.08,0.00125475
106.09,0.00125458
106.1,0.00125441
106.11,0.00125423
106.12,0.00125406
106.13,0.00125388
106.14,0.00125371
106.15,0.00125354
106.16,0.00125336
106.17,0.00125319
106.18,0.00125301
106.19,0.00125284
106.2,0.00125267
106.21,0.00125249
106.22,0.00125232
106.23,0.00125214
106.24,0.00125197
106.25,0.0012518
106.26,0.00125162
106.27,0.00125145
106.28,0.00125127
106.29,0.0012511
106.3,0.00125092
106.31,0.00125075
106.32,0.00125058
106.33,0.0012504
106.34,0.00125023
106.35,0.00125005
106.36,0.00124988
106.37,0.00124971
106.38,0.00124953
106.39,0.00124936
106.4,0.00124918
106.41,0.00124901
106.42,0.00124884
106.43,0.00124866
106.44,0.00124849
106.45,0.00124831
106.46,0.00124814
106.47,0.00124797
106.48,0.00124779
106.49,0.00124762
106.5,0.00124744
106.51,0.00124727
106.52,0.0012471
106.53,0.00124692
106.54,0.00124675
106.55,0.00124657
106.56,0.0012464
106.57,0.00124623
106.58,0.00124605
106.59,0.00124588
106.6,0.0012457
106.61,0.00124553
106.62,0.00124536
106.63,0.00124518
106.64,0.00124501
106.65,0.00124483
106.66,0.00124466
106.67,0.00124449
106.68,0.00124431
106.69,0.00124414
106.7,0.00124397
106.71,0.00124379
106.72,0.00124362
106.73,0.00124344
106.74,0.00124327
106.75,0.0012431
106.76,0.00124292
106.77,0.00124275
106.78,0.00124257
106.79,0.0012424
106.8,0.00124223
106.81,0.00124205
106.82,0.00124188
106.83,0.0012417
106.84,0.00124153
106.85,0.00124136
106.86,0.00124118
106.87,0.00124101
106.88,0.00124083
106.89,0.00124066
106.9,0.00124049
106.91,0.00124031
106.92,0.00124014
106.93,0.00123997
106.94,0.00123979
106.95,0.00123962
106.96,0.00123944
106.97,0.00123927
106.98,0.0012391
106.99,0.00123892
107,0.00123875
107.01,0.00123857
107.02,0.0012384
107.03,0.00123823
107.04,0.00123805
107.05,0.00123788
107.06,0.00123771
107.07,0.00123753
107.08,0.00123736
107.09,0.00123718
107.1,0.00123701
107.11,0.00123684
107.12,0.00123666
107.13,0.00123649
107.14,0.00123631
107.15,0.00123614
107.16,0.00123597
107.17,0.00123579
107.18,0.00123562
107.19,0.00123545
107.2,0.00123527
107.21,0.0012351
107.22,0.00123492
107.23,0.00123475
107.24,0.00123458
107.25,0.0012344
107.26,0.00123423
107.27,0.00123406
107.28,0.00123388
107.29,0.00123371
107.3,0.00123353
107.31,0.00123336
107.32,0.00123319
107.33,0.00123301
107.34,0.00123284
107.35,0.00123267
107.36,0.00123249
107.37,0.00123232
107.38,0.00123214
107.39,0.00123197
107.4,0.0012318
107.41,0.00123162
107.42,0.00123145
107.43,0.00123128
107.44,0.0012311
107.45,0.00123093
107.46,0.00123075
107.47,0.00123058
107.48,0.00123041
107.49,0.00123023
107.5,0.00123006
107.51,0.00122989
107.52,0.00122971
107.53,0.00122954
107.54,0.00122936
107.55,0.00122919
107.56,0.00122902
107.57,0.00122884
107.58,0.00122867
107.59,0.0012285
107.6,0.00122832
107.61,0.00122815
107.62,0.00122798
107.63,0.0012278
107.64,0.00122763
107.65,0.00122745
107.66,0.00122728
107.67,0.00122711
107.68,0.00122693
107.69,0.00122676
107.7,0.00122659
107.71,0.00122641
107.72,0.00122624
107.73,0.00122607
107.74,0.00122589
107.75,0.00122572
107.76,0.00122554
107.77,0.00122537
107.78,0.0012252
107.79,0.00122502
107.8,0.00122485
107.81,0.00122468
107.82,0.0012245
107.83,0.00122433
107.84,0.00122416
107.85,0.00122398
107.86,0.00122381
107.87,0.00122363
107.88,0.00122346
107.89,0.00122329
107.9,0.00122311
107.91,0.00122294
107.92,0.00122277
107.93,0.00122259
107.94,0.00122242
107.95,0.00122225
107.96,0.00122207
107.97,0.0012219
107.98,0.00122173
107.99,0.00122155
108,0.00122138
108.01,0.0012212
108.02,0.00122103
108.03,0.00122086
108.04,0.00122068
108.05,0.00122051
108.06,0.00122034
108.07,0.00122016
108.08,0.00121999
108.09,0.00121982
108.1,0.00121964
108.11,0.00121947
108.12,0.0012193
108.13,0.00121912
108.14,0.00121895
108.15,0.00121878
108.16,0.0012186
108.17,0.00121843
108.18,0.00121825
108.19,0.00121808
108.2,0.00121791
108.21,0.00121773
108.22,0.00121756
108.23,0.00121739
108.24,0.00121721
108.25,0.00121704
108.26,0.00121687
108.27,0.00121669
108.28,0.00121652
108.29,0.00121635
108.3,0.00121617
108.31,0.001216
108.32,0.00121583
108.33,0.00121565
108.34,0.00121548
108.35,0.00121531
108.36,0.00121513
108.37,0.00121496
108.38,0.00121479
108.39,0.00121461
108.4,0.00121444
108.41,0.00121427
108.42,0.00121409
108.43,0.00121392
108.44,0.00121374
108.45,0.00121357
108.46,0.0012134
108.47,0.00121322
108.48,0.00121305
108.49,0.00121288
108.5,0.0012127
108.51,0.00121253
108.52,0.00121236
108.53,0.00121218
108.54,0.00121201
108.55,0.00121184
108.56,0.00121166
108.57,0.00121149
108.58,0.00121132
108.59,0.00121114
108.6,0.00121097
108.61,0.0012108
108.62,0.00121062
108.63,0.00121045
108.64,0.00121028
108.65,0.0012101
108.66,0.00120993
108.67,0.00120976
108.68,0.00120958
108.69,0.00120941
108.7,0.00120924
108.71,0.00120906
108.72,0.00120889
108.73,0.00120872
108.74,0.00120854
108.75,0.00120837
108.76,0.0012082
108.77,0.00120802
108.78,0.00120785
108.79,0.00120768
108.8,0.0012075
108.81,0.00120733
108.82,0.00120716
108.83,0.00120698
108.84,0.00120681
108.85,0.00120664
108.86,0.00120646
108.87,0.00120629
108.88,0.00120612
108.89,0.00120594
108.9,0.00120577
108.91,0.0012056
108.92,0.00120542
108.93,0.00120525
108.94,0.00120508
108.95,0.0012049
108.96,0.00120473
108.97,0.00120456
108.98,0.00120438
108.99,0.00120421
109,0.00120404
109.01,0.00120386
109.02,0.00120369
109.03,0.00120352
109.04,0.00120334
109.05,0.00120317
109.06,0.001203
109.07,0.00120282
109.08,0.00120265
109.09,0.00120248
109.1,0.0012023
109.11,0.00120213
109.12,0.00120196
109.13,0.00120178
109.14,0.00120161
109.15,0.00120144
109.16,0.00120127
109.17,0.00120109
109.18,0.00120092
109.19,0.00120075
109.2,0.00120057
109.21,0.0012004
109.22,0.00120023
109.23,0.00120005
109.24,0.00119988
109.25,0.00119971
109.26,0.00119953
109.27,0.00119936
109.28,0.00119919
109.29,0.00119901
109.3,0.00119884
109.31,0.00119867
109.32,0.00119849
109.33,0.00119832
109.34,0.00119815
109.35,0.00119797
109.36,0.0011978
109.37,0.00119763
109.38,0.00119745
109.39,0.00119728
109.4,0.00119711
109.41,0.00119694
109.42,0.00119676
109.43,0.00119659
109.44,0.00119642
109.45,0.00119624
109.46,0.00119607
109.47,0.0011959
109.48,0.00119572
109.49,0.00119555
109.5,0.00119538
109.51,0.0011952
109.52,0.00119503
109.53,0.00119486
109.54,0.00119468
109.55,0.00119451
109.56,0.00119434
109.57,0.00119417
109.58,0.00119399
109.59,0.00119382
109.6,0.00119365
109.61,0.00119347
109.62,0.0011933
109.63,0.00119313
109.64,0.00119295
109.65,0.00119278
109.66,0.00119261
109.67,0.00119243
109.68,0.00119226
109.69,0.00119209
109.7,0.00119191
109.71,0.00119174
109.72,0.00119157
109.73,0.0011914
109.74,0.00119122
109.75,0.00119105
109.76,0.00119088
109.77,0.0011907
109.78,0.00119053
109.79,0.00119036
109.8,0.00119018
109.81,0.00119001
109.82,0.00118984
109.83,0.00118967
109.84,0.00118949
109.85,0.00118932
109.86,0.00118915
109.87,0.00118897
109.88,0.0011888
109.89,0.00118863
109.9,0.00118845
109.91,0.00118828
109.92,0.00118811
109.93,0.00118793
109.94,0.00118776
109.95,0.00118759
109.96,0.00118742
109.97,0.00118724
109.98,0.00118707
109.99,0.0011869
110,0.00118672
110.01,0.00118655
110.02,0.00118638
110.03,0.0011862
110.04,0.00118603
110.05,0.00118586
110.06,0.00118569
110.07,0.00118551
110.08,0.00118534
110.09,0.00118517
110.1,0.00118499
110.11,0.00118482
110.12,0.00118465
110.13,0.00118447
110.14,0.0011843
110.15,0.00118413
110.16,0.00118396
110.17,0.00118378
110.18,0.00118361
110.19,0.00118344
110.2,0.00118326
110.21,0.00118309
110.22,0.00118292
110.23,0.00118275
110.24,0.00118257
110.25,0.0011824
110.26,0.00118223
110.27,0.00118205
110.28,0.00118188
110.29,0.00118171
110.3,0.00118153
110.31,0.00118136
110.32,0.00118119
110.33,0.00118102
110.34,0.00118084
110.35,0.00118067
110.36,0.0011805
110.37,0.00118032
110.38,0.00118015
110.39,0.00117998
110.4,0.00117981
110.41,0.00117963
110.42,0.00117946
110.43,0.00117929
110.44,0.00117911
110.45,0.00117894
110.46,0.00117877
110.47,0.0011786
110.48,0.00117842
110.49,0.00117825
110.5,0.00117808
110.51,0.0011779
110.52,0.00117773
110.53,0.00117756
110.54,0.00117739
110.55,0.00117721
110.56,0.00117704
110.57,0.00117687
110.58,0.00117669
110.59,0.00117652
110.6,0.00117635
110.61,0.00117618
110.62,0.001176
110.63,0.00117583
110.64,0.00117566
110.65,0.00117548
110.66,0.00117531
110.67,0.00117514
110.68,0.00117497
110.69,0.00117479
110.7,0.00117462
110.71,0.00117445
110.72,0.00117427
110.73,0.0011741
110.74,0.00117393
110.75,0.00117376
110.76,0.00117358
110.77,0.00117341
110.78,0.00117324
110.79,0.00117307
110.8,0.00117289
110.81,0.00117272
110.82,0.00117255
110.83,0.00117237
110.84,0.0011722
110.85,0.00117203
110.86,0.00117186
110.87,0.00117168
110.88,0.00117151
110.89,0.00117134
110.9,0.00117116
110.91,0.00117099
110.92,0.00117082
110.93,0.00117065
110.94,0.00117047
110.95,0.0011703
110.96,0.00117013
110.97,0.00116996
110.98,0.00116978
110.99,0.00116961
111,0.00116944
111.01,0.00116926
111.02,0.00116909
111.03,0.00116892
111.04,0.00116875
111.05,0.00116857
111.06,0.0011684
111.07,0.00116823
111.08,0.00116806
111.09,0.00116788
111.1,0.00116771
111.11,0.00116754
111.12,0.00116736
111.13,0.00116719
111.14,0.00116702
111.15,0.00116685
111.16,0.00116667
111.17,0.0011665
111.18,0.00116633
111.19,0.00116616
111.2,0.00116598
111.21,0.00116581
111.22,0.00116564
111.23,0.00116546
111.24,0.00116529
111.25,0.00116512
111.26,0.00116495
111.27,0.00116477
111.28,0.0011646
111.29,0.00116443
111.3,0.00116426
111.31,0.00116408
111.32,0.00116391
111.33,0.00116374
111.34,0.00116357
111.35,0.00116339
111.36,0.00116322
111.37,0.00116305
111.38,0.00116287
111.39,0.0011627
111.4,0.00116253
111.41,0.00116236
111.42,0.00116218
111.43,0.00116201
111.44,0.00116184
111.45,0.00116167
111.46,0.00116149
111.47,0.00116132
111.48,0.00116115
111.49,0.00116098
111.5,0.0011608
111.51,0.00116063
111.52,0.00116046
111.53,0.00116029
111.54,0.00116011
111.55,0.00115994
111.56,0.00115977
111.57,0.0011596
111.58,0.00115942
111.59,0.00115925
111.6,0.00115908
111.61,0.0011589
111.62,0.00115873
111.63,0.00115856
111.64,0.00115839
111.65,0.00115821
111.66,0.00115804
111.67,0.00115787
111.68,0.0011577
111.69,0.00115752
111.7,0.00115735
111.71,0.00115718
111.72,0.00115701
111.73,0.00115683
111.74,0.00115666
111.75,0.00115649
111.76,0.00115632
111.77,0.00115614
111.78,0.00115597
111.79,0.0011558
111.8,0.00115563
111.81,0.00115545
111.82,0.00115528
111.83,0.00115511
111.84,0.00115494
111.85,0.00115476
111.86,0.00115459
111.87,0.00115442
111.88,0.00115425
111.89,0.00115407
111.9,0.0011539
111.91,0.00115373
111.92,0.00115356
111.93,0.00115338
111.94,0.00115321
111.95,0.00115304
111.96,0.00115287
111.97,0.00115269
111.98,0.00115252
111.99,0.00115235
112,0.00115218
112.01,0.001152
112.02,0.00115183
112.03,0.00115166
112.04,0.00115149
112.05,0.00115131
112.06,0.00115114
112.07,0.00115097
112.08,0.0011508
112.09,0.00115062
112.1,0.00115045
112.11,0.00115028
112.12,0.00115011
112.13,0.00114993
112.14,0.00114976
112.15,0.00114959
112.16,0.00114942
112.17,0.00114924
112.18,0.00114907
112.19,0.0011489
112.2,0.00114873
112.21,0.00114855
112.22,0.00114838
112.23,0.00114821
112.24,0.00114804
112.25,0.00114787
112.26,0.00114769
112.27,0.00114752
112.28,0.00114735
112.29,0.00114718
112.3,0.001147
112.31,0.00114683
112.32,0.00114666
112.33,0.00114649
112.34,0.00114631
112.35,0.00114614
112.36,0.00114597
112.37,0.0011458
112.38,0.00114562
112.39,0.00114545
112.4,0.00114528
112.41,0.00114511
112.42,0.00114493
112.43,0.00114476
112.44,0.00114459
112.45,0.00114442
112.46,0.00114424
112.47,0.00114407
112.48,0.0011439
112.49,0.00114373
112.5,0.00114356
112.51,0.00114338
112.52,0.00114321
112.53,0.00114304
112.54,0.00114287
112.55,0.00114269
112.56,0.00114252
112.57,0.00114235
112.58,0.00114218
112.59,0.001142
112.6,0.00114183
112.61,0.00114166
112.62,0.00114149
112.63,0.00114131
112.64,0.00114114
112.65,0.00114097
112.66,0.0011408
112.67,0.00114063
112.68,0.00114045
112.69,0.00114028
112.7,0.00114011
112.71,0.00113994
112.72,0.00113976
112.73,0.00113959
112.74,0.00113942
112.75,0.00113925
112.76,0.00113907
112.77,0.0011389
112.78,0.00113873
112.79,0.00113856
112.8,0.00113839
112.81,0.00113821
112.82,0.00113804
112.83,0.00113787
112.84,0.0011377
112.85,0.00113752
112.86,0.00113735
112.87,0.00113718
112.88,0.00113701
112.89,0.00113684
112.9,0.00113666
112.91,0.00113649
112.92,0.00113632
112.93,0.00113615
112.94,0.00113597
112.95,0.0011358
112.96,0.00113563
112.97,0.00113546
112.98,0.00113528
112.99,0.00113511
113,0.00113494
113.01,0.00113477
113.02,0.0011346
113.03,0.00113442
113.04,0.00113425
113.05,0.00113408
113.06,0.00113391
113.07,0.00113373
113.08,0.00113356
113.09,0.00113339
113.1,0.00113322
113.11,0.00113305
113.12,0.00113287
113.13,0.0011327
113.14,0.00113253
113.15,0.00113236
113.16,0.00113218
113.17,0.00113201
113.18,0.00113184
113.19,0.00113167
113.2,0.0011315
113.21,0.00113132
113.22,0.00113115
113.23,0.00113098
113.24,0.00113081
113.25,0.00113064
113.26,0.00113046
113.27,0.00113029
113.28,0.00113012
113.29,0.00112995
113.3,0.00112977
113.31,0.0011296
113.32,0.00112943
113.33,0.00112926
113.34,0.00112909
113.35,0.00112891
113.36,0.00112874
113.37,0.00112857
113.38,0.0011284
113.39,0.00112822
113.4,0.00112805
113.41,0.00112788
113.42,0.00112771
113.43,0.00112754
113.44,0.00112736
113.45,0.00112719
113.46,0.00112702
113.47,0.00112685
113.48,0.00112668
113.49,0.0011265
113.5,0.00112633
113.51,0.00112616
113.52,0.00112599
113.53,0.00112582
113.54,0.00112564
113.55,0.00112547
113.56,0.0011253
113.57,0.00112513
113.58,0.00112495
113.59,0.00112478
113.6,0.00112461
113.61,0.00112444
113.62,0.00112427
113.63,0.00112409
113.64,0.00112392
113.65,0.00112375
113.66,0.00112358
113.67,0.00112341
113.68,0.00112323
113.69,0.00112306
113.7,0.00112289
113.71,0.00112272
113.72,0.00112255
113.73,0.00112237
113.74,0.0011222
113.75,0.00112203
113.76,0.00112186
113.77,0.00112169
113.78,0.00112151
113.79,0.00112134
113.8,0.00112117
113.81,0.001121
113.82,0.00112082
113.83,0.00112065
113.84,0.00112048
113.85,0.00112031
113.86,0.00112014
113.87,0.00111996
113.88,0.00111979
113.89,0.00111962
113.9,0.00111945
113.91,0.00111928
113.92,0.0011191
113.93,0.00111893
113.94,0.00111876
113.95,0.00111859
113.96,0.00111842
113.97,0.00111824
113.98,0.00111807
113.99,0.0011179
114,0.00111773
114.01,0.00111756
114.02,0.00111738
114.03,0.00111721
114.04,0.00111704
114.05,0.00111687
114.06,0.0011167
114.07,0.00111652
114.08,0.00111635
114.09,0.00111618
114.1,0.00111601
114.11,0.00111584
114.12,0.00111566
114.13,0.00111549
114.14,0.00111532
114.15,0.00111515
114.16,0.00111498
114.17,0.0011148
114.18,0.00111463
114.19,0.00111446
114.2,0.00111429
114.21,0.00111412
114.22,0.00111395
114.23,0.00111377
114.24,0.0011136
114.25,0.00111343
114.26,0.00111326
114.27,0.00111309
114.28,0.00111291
114.29,0.00111274
114.3,0.00111257
114.31,0.0011124
114.32,0.00111223
114.33,0.00111205
114.34,0.00111188
114.35,0.00111171
114.36,0.00111154
114.37,0.00111137
114.38,0.00111119
114.39,0.00111102
114.4,0.00111085
114.41,0.00111068
114.42,0.00111051
114.43,0.00111033
114.44,0.00111016
114.45,0.00110999
114.46,0.00110982
114.47,0.00110965
114.48,0.00110948
114.49,0.0011093
114.5,0.00110913
114.51,0.00110896
114.52,0.00110879
114.53,0.00110862
114.54,0.00110844
114.55,0.00110827
114.56,0.0011081
114.57,0.00110793
114.58,0.00110776
114.59,0.00110758
114.6,0.00110741
114.61,0.00110724
114.62,0.00110707
114.63,0.0011069
114.64,0.00110673
114.65,0.00110655
114.66,0.00110638
114.67,0.00110621
114.68,0.00110604
114.69,0.00110587
114.7,0.00110569
114.71,0.00110552
114.72,0.00110535
114.73,0.00110518
114.74,0.00110501
114.75,0.00110483
114.76,0.00110466
114.77,0.00110449
114.78,0.00110432
114.79,0.00110415
114.8,0.00110398
114.81,0.0011038
114.82,0.00110363
114.83,0.00110346
114.84,0.00110329
114.85,0.00110312
114.86,0.00110294
114.87,0.00110277
114.88,0.0011026
114.89,0.00110243
114.9,0.00110226
114.91,0.00110209
114.92,0.00110191
114.93,0.00110174
114.94,0.00110157
114.95,0.0011014
114.96,0.00110123
114.97,0.00110106
114.98,0.00110088
114.99,0.00110071
115,0.00110054
115.01,0.00110037
115.02,0.0011002
115.03,0.00110002
115.04,0.00109985
115.05,0.00109968
115.06,0.00109951
115.07,0.00109934
115.08,0.00109917
115.09,0.00109899
115.1,0.00109882
115.11,0.00109865
115.12,0.00109848
115.13,0.00109831
115.14,0.00109814
115.15,0.00109796
115.16,0.00109779
115.17,0.00109762
115.18,0.00109745
115.19,0.00109728
115.2,0.0010971
115.21,0.00109693
115.22,0.00109676
115.23,0.00109659
115.24,0.00109642
115.25,0.00109625
115.26,0.00109607
115.27,0.0010959
115.28,0.00109573
115.29,0.00109556
115.3,0.00109539
115.31,0.00109522
115.32,0.00109504
115.33,0.00109487
115.34,0.0010947
115.35,0.00109453
115.36,0.00109436
115.37,0.00109419
115.38,0.00109401
115.39,0.00109384
115.4,0.00109367
115.41,0.0010935
115.42,0.00109333
115.43,0.00109316
115.44,0.00109298
115.45,0.00109281
115.46,0.00109264
115.47,0.00109247
115.48,0.0010923
115.49,0.00109213
115.5,0.00109195
115.51,0.00109178
115.52,0.00109161
115.53,0.00109144
115.54,0.00109127
115.55,0.0010911
115.56,0.00109092
115.57,0.00109075
115.58,0.00109058
115.59,0.00109041
115.6,0.00109024
115.61,0.00109007
115.62,0.00108989
115.63,0.00108972
115.64,0.00108955
115.65,0.00108938
115.66,0.00108921
115.67,0.00108904
115.68,0.00108886
115.69,0.00108869
115.7,0.00108852
115.71,0.00108835
115.72,0.00108818
115.73,0.00108801
115.74,0.00108783
115.75,0.00108766
115.76,0.00108749
115.77,0.00108732
115.78,0.00108715
115.79,0.00108698
115.8,0.0010868
115.81,0.00108663
115.82,0.00108646
115.83,0.00108629
115.84,0.00108612
115.85,0.00108595
115.86,0.00108578
115.87,0.0010856
115.88,0.00108543
115.89,0.00108526
115.9,0.00108509
115.91,0.00108492
115.92,0.00108475
115.93,0.00108457
115.94,0.0010844
115.95,0.00108423
115.96,0.00108406
115.97,0.00108389
115.98,0.00108372
115.99,0.00108355
116,0.00108337
116.01,0.0010832
116.02,0.00108303
116.03,0.00108286
116.04,0.00108269
116.05,0.00108252
116.06,0.00108234
116.07,0.00108217
116.08,0.001082
116.09,0.00108183
116.1,0.00108166
116.11,0.00108149
116.12,0.00108131
116.13,0.00108114
116.14,0.00108097
116.15,0.0010808
116.16,0.00108063
116.17,0.00108046
116.18,0.00108029
116.19,0.00108011
116.2,0.00107994
116.21,0.00107977
116.22,0.0010796
116.23,0.00107943
116.24,0.00107926
116.25,0.00107909
116.26,0.00107891
116.27,0.00107874
116.28,0.00107857
116.29,0.0010784
116.3,0.00107823
116.31,0.00107806
116.32,0.00107788
116.33,0.00107771
116.34,0.00107754
116.35,0.00107737
116.36,0.0010772
116.37,0.00107703
116.38,0.00107686
116.39,0.00107668
116.4,0.00107651
116.41,0.00107634
116.42,0.00107617
116.43,0.001076
116.44,0.00107583
116.45,0.00107566
116.46,0.00107548
116.47,0.00107531
116.48,0.00107514
116.49,0.00107497
116.5,0.0010748
116.51,0.00107463
116.52,0.00107446
116.53,0.00107428
116.54,0.00107411
116.55,0.00107394
116.56,0.00107377
116.57,0.0010736
116.58,0.00107343
116.59,0.00107326
116.6,0.00107308
116.61,0.00107291
116.62,0.00107274
116.63,0.00107257
116.64,0.0010724
116.65,0.00107223
116.66,0.00107206
116.67,0.00107188
116.68,0.00107171
116.69,0.00107154
116.7,0.00107137
116.71,0.0010712
116.72,0.00107103
116.73,0.00107086
116.74,0.00107068
116.75,0.00107051
116.76,0.00107034
116.77,0.00107017
116.78,0.00107
116.79,0.00106983
116.8,0.00106966
116.81,0.00106948
116.82,0.00106931
116.83,0.00106914
116.84,0.00106897
116.85,0.0010688
116.86,0.00106863
116.87,0.00106846
116.88,0.00106828
116.89,0.00106811
116.9,0.00106794
116.91,0.00106777
116.92,0.0010676
116.93,0.00106743
116.94,0.00106726
116.95,0.00106709
116.96,0.00106691
116.97,0.00106674
116.98,0.00106657
116.99,0.0010664
117,0.00106623
117.01,0.00106606
117.02,0.00106589
117.03,0.00106571
117.04,0.00106554
117.05,0.00106537
117.06,0.0010652
117.07,0.00106503
117.08,0.00106486
117.09,0.00106469
117.1,0.00106452
117.11,0.00106434
117.12,0.00106417
117.13,0.001064
117.14,0.00106383
117.15,0.00106366
117.16,0.00106349
117.17,0.00106332
117.18,0.00106314
117.19,0.00106297
117.2,0.0010628
117.21,0.00106263
117.22,0.00106246
117.23,0.00106229
117.24,0.00106212
117.25,0.00106195
117.26,0.00106177
117.27,0.0010616
117.28,0.00106143
117.29,0.00106126
117.3,0.00106109
117.31,0.00106092
117.32,0.00106075
117.33,0.00106058
117.34,0.0010604
117.35,0.00106023
117.36,0.00106006
117.37,0.00105989
117.38,0.00105972
117.39,0.00105955
117.4,0.00105938
117.41,0.00105921
117.42,0.00105903
117.43,0.00105886
117.44,0.00105869
117.45,0.00105852
117.46,0.00105835
117.47,0.00105818
117.48,0.00105801
117.49,0.00105784
117.5,0.00105766
117.51,0.00105749
117.52,0.00105732
117.53,0.00105715
117.54,0.00105698
117.55,0.00105681
117.56,0.00105664
117.57,0.00105647
117.58,0.00105629
117.59,0.00105612
117.6,0.00105595
117.61,0.00105578
117.62,0.00105561
117.63,0.00105544
117.64,0.00105527
117.65,0.0010551
117.66,0.00105492
117.67,0.00105475
117.68,0.00105458
117.69,0.00105441
117.7,0.00105424
117.71,0.00105407
117.72,0.0010539
117.73,0.00105373
117.74,0.00105356
117.75,0.00105338
117.76,0.00105321
117.77,0.00105304
117.78,0.00105287
117.79,0.0010527
117.8,0.00105253
117.81,0.00105236
117.82,0.00105219
117.83,0.00105201
117.84,0.00105184
117.85,0.00105167
117.86,0.0010515
117.87,0.00105133
117.88,0.00105116
117.89,0.00105099
117.9,0.00105082
117.91,0.00105065
117.92,0.00105047
117.93,0.0010503
117.94,0.00105013
117.95,0.00104996
117.96,0.00104979
117.97,0.00104962
117.98,0.00104945
117.99,0.00104928
118,0.0010491
118.01,0.00104893
118.02,0.00104876
118.03,0.00104859
118.04,0.00104842
118.05,0.00104825
118.06,0.00104808
118.07,0.00104791
118.08,0.00104774
118.09,0.00104756
118.1,0.00104739
118.11,0.00104722
118.12,0.00104705
118.13,0.00104688
118.14,0.00104671
118.15,0.00104654
118.16,0.00104637
118.17,0.0010462
118.18,0.00104602
118.19,0.00104585
118.2,0.00104568
118.21,0.00104551
118.22,0.00104534
118.23,0.00104517
118.24,0.001045
118.25,0.00104483
118.26,0.00104466
118.27,0.00104448
118.28,0.00104431
118.29,0.00104414
118.3,0.00104397
118.31,0.0010438
118.32,0.00104363
118.33,0.00104346
118.34,0.00104329
118.35,0.00104312
118.36,0.00104295
118.37,0.00104277
118.38,0.0010426
118.39,0.00104243
118.4,0.00104226
118.41,0.00104209
118.42,0.00104192
118.43,0.00104175
118.44,0.00104158
118.45,0.00104141
118.46,0.00104123
118.47,0.00104106
118.48,0.00104089
118.49,0.00104072
118.5,0.00104055
118.51,0.00104038
118.52,0.00104021
118.53,0.00104004
118.54,0.00103987
118.55,0.0010397
118.56,0.00103952
118.57,0.00103935
118.58,0.00103918
118.59,0.00103901
118.6,0.00103884
118.61,0.00103867
118.62,0.0010385
118.63,0.00103833
118.64,0.00103816
118.65,0.00103799
118.66,0.00103781
118.67,0.00103764
118.68,0.00103747
118.69,0.0010373
118.7,0.00103713
118.71,0.00103696
118.72,0.00103679
118.73,0.00103662
118.74,0.00103645
118.75,0.00103628
118.76,0.0010361
118.77,0.00103593
118.78,0.00103576
118.79,0.00103559
118.8,0.00103542
118.81,0.00103525
118.82,0.00103508
118.83,0.00103491
118.84,0.00103474
118.85,0.00103457
118.86,0.00103439
118.87,0.00103422
118.88,0.00103405
118.89,0.00103388
118.9,0.00103371
118.91,0.00103354
118.92,0.00103337
118.93,0.0010332
118.94,0.00103303
118.95,0.00103286
118.96,0.00103268
118.97,0.00103251
118.98,0.00103234
118.99,0.00103217
119,0.001032
119.01,0.00103183
119.02,0.00103166
119.03,0.00103149
119.04,0.00103132
119.05,0.00103115
119.06,0.00103098
119.07,0.0010308
119.08,0.00103063
119.09,0.00103046
119.1,0.00103029
119.11,0.00103012
119.12,0.00102995
119.13,0.00102978
119.14,0.00102961
119.15,0.00102944
119.16,0.00102927
119.17,0.0010291
119.18,0.00102892
119.19,0.00102875
119.2,0.00102858
119.21,0.00102841
119.22,0.00102824
119.23,0.00102807
119.24,0.0010279
119.25,0.00102773
119.26,0.00102756
119.27,0.00102739
119.28,0.00102722
119.29,0.00102704
119.3,0.00102687
119.31,0.0010267
119.32,0.00102653
119.33,0.00102636
119.34,0.00102619
119.35,0.00102602
119.36,0.00102585
119.37,0.00102568
119.38,0.00102551
119.39,0.00102534
119.4,0.00102516
119.41,0.00102499
119.42,0.00102482
119.43,0.00102465
119.44,0.00102448
119.45,0.00102431
119.46,0.00102414
119.47,0.00102397
119.48,0.0010238
119.49,0.00102363
119.5,0.00102346
119.51,0.00102329
119.52,0.00102311
119.53,0.00102294
119.54,0.00102277
119.55,0.0010226
119.56,0.00102243
119.57,0.00102226
119.58,0.00102209
119.59,0.00102192
119.6,0.00102175
119.61,0.00102158
119.62,0.00102141
119.63,0.00102124
119.64,0.00102106
119.65,0.00102089
119.66,0.00102072
119.67,0.00102055
119.68,0.00102038
119.69,0.00102021
119.7,0.00102004
119.71,0.00101987
119.72,0.0010197
119.73,0.00101953
119.74,0.00101936
119.75,0.00101919
119.76,0.00101902
119.77,0.00101884
119.78,0.00101867
119.79,0.0010185
119.8,0.00101833
119.81,0.00101816
119.82,0.00101799
119.83,0.00101782
119.84,0.00101765
119.85,0.00101748
119.86,0.00101731
119.87,0.00101714
119.88,0.00101697
119.89,0.0010168
119.9,0.00101662
119.91,0.00101645
119.92,0.00101628
119.93,0.00101611
119.94,0.00101594
119.95,0.00101577
119.96,0.0010156
119.97,0.00101543
119.98,0.00101526
119.99,0.00101509
120,0.00101492
120.01,0.00101479
120.02,0.00101466
120.03,0.00101453
120.04,0.0010144
120.05,0.00101427
120.06,0.00101414
120.07,0.00101401
120.08,0.00101389
120.09,0.00101376
120.1,0.00101363
120.11,0.0010135
120.12,0.00101337
120.13,0.00101324
120.14,0.00101311
120.15,0.00101298
120.16,0.00101285
120.17,0.00101272
120.18,0.0010126
120.19,0.00101247
120.2,0.00101234
120.21,0.00101221
120.22,0.00101208
120.23,0.00101195
120.24,0.00101182
120.25,0.00101169
120.26,0.00101156
120.27,0.00101144
120.28,0.00101131
120.29,0.00101118
120.3,0.00101105
120.31,0.00101092
120.32,0.00101079
120.33,0.00101066
120.34,0.00101053
120.35,0.0010104
120.36,0.00101028
120.37,0.00101015
120.38,0.00101002
120.39,0.00100989
120.4,0.00100976
120.41,0.00100963
120.42,0.0010095
120.43,0.00100937
120.44,0.00100924
120.45,0.00100912
120.46,0.00100899
120.47,0.00100886
120.48,0.00100873
120.49,0.0010086
120.5,0.00100847
120.51,0.00100834
120.52,0.00100821
120.53,0.00100808
120.54,0.00100796
120.55,0.00100783
120.56,0.0010077
120.57,0.00100757
120.58,0.00100744
120.59,0.00100731
120.6,0.00100718
120.61,0.00100705
120.62,0.00100692
120.63,0.0010068
120.64,0.00100667
120.65,0.00100654
120.66,0.00100641
120.67,0.00100628
120.68,0.00100615
120.69,0.00100602
120.7,0.00100589
120.71,0.00100576
120.72,0.00100564
120.73,0.00100551
120.74,0.00100538
120.75,0.00100525
120.76,0.00100512
120.77,0.00100499
120.78,0.00100486
120.79,0.00100473
120.8,0.00100461
120.81,0.00100448
120.82,0.00100435
120.83,0.00100422
120.84,0.00100409
120.85,0.00100396
120.86,0.00100383
120.87,0.0010037
120.88,0.00100358
120.89,0.00100345
120.9,0.00100332
120.91,0.00100319
120.92,0.00100306
120.93,0.00100293
120.94,0.0010028
120.95,0.00100267
120.96,0.00100254
120.97,0.00100242
120.98,0.00100229
120.99,0.00100216
121,0.00100203
121.01,0.0010019
121.02,0.00100177
121.03,0.00100164
121.04,0.00100151
121.05,0.00100139
121.06,0.00100126
121.07,0.00100113
121.08,0.001001
121.09,0.00100087
121.1,0.00100074
121.11,0.00100061
121.12,0.00100048
121.13,0.00100036
121.14,0.00100023
121.15,0.0010001
121.16,0.000999969
121.17,0.000999841
121.18,0.000999712
121.19,0.000999583
121.2,0.000999454
121.21,0.000999326
121.22,0.000999197
121.23,0.000999068
121.24,0.000998939
121.25,0.000998811
121.26,0.000998682
121.27,0.000998553
121.28,0.000998424
121.29,0.000998296
121.3,0.000998167
121.31,0.000998038
121.32,0.00099791
121.33,0.000997781
121.34,0.000997652
121.35,0.000997523
121.36,0.000997395
121.37,0.000997266
121.38,0.000997137
121.39,0.000997009
121.4,0.00099688
121.41,0.000996751
121.42,0.000996622
121.43,0.000996494
121.44,0.000996365
121.45,0.000996236
121.46,0.000996108
121.47,0.000995979
121.48,0.00099585
121.49,0.000995722
121.5,0.000995593
121.51,0.000995464
121.52,0.000995335
121.53,0.000995207
121.54,0.000995078
121.55,0.000994949
121.56,0.000994821
121.57,0.000994692
121.58,0.000994563
121.59,0.000994435
121.6,0.000994306
121.61,0.000994177
121.62,0.000994049
121.63,0.00099392
121.64,0.000993791
121.65,0.000993663
121.66,0.000993534
121.67,0.000993405
121.68,0.000993277
121.69,0.000993148
121.7,0.000993019
121.71,0.000992891
121.72,0.000992762
121.73,0.000992633
121.74,0.000992505
121.75,0.000992376
121.76,0.000992248
121.77,0.000992119
121.78,0.00099199
121.79,0.000991862
121.8,0.000991733
121.81,0.000991604
121.82,0.000991476
121.83,0.000991347
121.84,0.000991218
121.85,0.00099109
121.86,0.000990961
121.87,0.000990833
121.88,0.000990704
121.89,0.000990575
121.9,0.000990447
121.91,0.000990318
121.92,0.000990189
121.93,0.000990061
121.94,0.000989932
121.95,0.000989804
121.96,0.000989675
121.97,0.000989546
121.98,0.000989418
121.99,0.000989289
122,0.000989161
122.01,0.000989032
122.02,0.000988903
122.03,0.000988775
122.04,0.000988646
122.05,0.000988518
122.06,0.000988389
122.07,0.00098826
122.08,0.000988132
122.09,0.000988003
122.1,0.000987875
122.11,0.000987746
122.12,0.000987617
122.13,0.000987489
122.14,0.00098736
122.15,0.000987232
122.16,0.000987103
122.17,0.000986975
122.18,0.000986846
122.19,0.000986717
122.2,0.000986589
122.21,0.00098646
122.22,0.000986332
122.23,0.000986203
122.24,0.000986075
122.25,0.000985946
122.26,0.000985818
122.27,0.000985689
122.28,0.00098556
122.29,0.000985432
122.3,0.000985303
122.31,0.000985175
122.32,0.000985046
122.33,0.000984918
122.34,0.000984789
122.35,0.000984661
122.36,0.000984532
122.37,0.000984404
122.38,0.000984275
122.39,0.000984146
122.4,0.000984018
122.41,0.000983889
122.42,0.000983761
122.43,0.000983632
122.44,0.000983504
122.45,0.000983375
122.46,0.000983247
122.47,0.000983118
122.48,0.00098299
122.49,0.000982861
122.5,0.000982733
122.51,0.000982604
122.52,0.000982476
122.53,0.000982347
122.54,0.000982219
122.55,0.00098209
122.56,0.000981962
122.57,0.000981833
122.58,0.000981705
122.59,0.000981576
122.6,0.000981448
122.61,0.000981319
122.62,0.000981191
122.63,0.000981062
122.64,0.000980934
122.65,0.000980805
122.66,0.000980677
122.67,0.000980548
122.68,0.00098042
122.69,0.000980291
122.7,0.000980163
122.71,0.000980034
122.72,0.000979906
122.73,0.000979777
122.74,0.000979649
122.75,0.00097952
122.76,0.000979392
122.77,0.000979263
122.78,0.000979135
122.79,0.000979006
122.8,0.000978878
122.81,0.00097875
122.82,0.000978621
122.83,0.000978493
122.84,0.000978364
122.85,0.000978236
122.86,0.000978107
122.87,0.000977979
122.88,0.00097785
122.89,0.000977722
122.9,0.000977593
122.91,0.000977465
122.92,0.000977337
122.93,0.000977208
122.94,0.00097708
122.95,0.000976951
122.96,0.000976823
122.97,0.000976694
122.98,0.000976566
122.99,0.000976438
123,0.000976309
123.01,0.000976181
123.02,0.000976052
123.03,0.000975924
123.04,0.000975795
123.05,0.000975667
123.06,0.000975539
123.07,0.00097541
123.08,0.000975282
123.09,0.000975153
123.1,0.000975025
123.11,0.000974896
123.12,0.000974768
123.13,0.00097464
123.14,0.000974511
123.15,0.000974383
123.16,0.000974254
123.17,0.000974126
123.18,0.000973998
123.19,0.000973869
123.2,0.000973741
123.21,0.000973612
123.22,0.000973484
123.23,0.000973356
123.24,0.000973227
123.25,0.000973099
123.26,0.00097297
123.27,0.000972842
123.28,0.000972714
123.29,0.000972585
123.3,0.000972457
123.31,0.000972329
123.32,0.0009722
123.33,0.000972072
123.34,0.000971943
123.35,0.000971815
123.36,0.000971687
123.37,0.000971558
123.38,0.00097143
123.39,0.000971302
123.4,0.000971173
123.41,0.000971045
123.42,0.000970917
123.43,0.000970788
123.44,0.00097066
123.45,0.000970531
123.46,0.000970403
123.47,0.000970275
123.48,0.000970146
123.49,0.000970018
123.5,0.00096989
123.51,0.000969761
123.52,0.000969633
123.53,0.000969505
123.54,0.000969376
123.55,0.000969248
123.56,0.00096912
123.57,0.000968991
123.58,0.000968863
123.59,0.000968735
123.6,0.000968606
123.61,0.000968478
123.62,0.00096835
123.63,0.000968221
123.64,0.000968093
123.65,0.000967965
123.66,0.000967836
123.67,0.000967708
123.68,0.00096758
123.69,0.000967451
123.7,0.000967323
123.71,0.000967195
123.72,0.000967067
123.73,0.000966938
123.74,0.00096681
123.75,0.000966682
123.76,0.000966553
123.77,0.000966425
123.78,0.000966297
123.79,0.000966168
123.8,0.00096604
123.81,0.000965912
123.82,0.000965783
123.83,0.000965655
123.84,0.000965527
123.85,0.000965399
123.86,0.00096527
123.87,0.000965142
123.88,0.000965014
123.89,0.000964885
123.9,0.000964757
123.91,0.000964629
123.92,0.000964501
123.93,0.000964372
123.94,0.000964244
123.95,0.000964116
123.96,0.000963988
123.97,0.000963859
123.98,0.000963731
123.99,0.000963603
124,0.000963474
124.01,0.000963346
124.02,0.000963218
124.03,0.00096309
124.04,0.000962961
124.05,0.000962833
124.06,0.000962705
124.07,0.000962577
124.08,0.000962448
124.09,0.00096232
124.1,0.000962192
124.11,0.000962064
124.12,0.000961935
124.13,0.000961807
124.14,0.000961679
124.15,0.000961551
124.16,0.000961422
124.17,0.000961294
124.18,0.000961166
124.19,0.000961038
124.2,0.00096091
124.21,0.000960781
124.22,0.000960653
124.23,0.000960525
124.24,0.000960397
124.25,0.000960268
124.26,0.00096014
124.27,0.000960012
124.28,0.000959884
124.29,0.000959756
124.3,0.000959627
124.31,0.000959499
124.32,0.000959371
124.33,0.000959243
124.34,0.000959114
124.35,0.000958986
124.36,0.000958858
124.37,0.00095873
124.38,0.000958602
124.39,0.000958473
124.4,0.000958345
124.41,0.000958217
124.42,0.000958089
124.43,0.000957961
124.44,0.000957832
124.45,0.000957704
124.46,0.000957576
124.47,0.000957448
124.48,0.00095732
124.49,0.000957192
124.5,0.000957063
124.51,0.000956935
124.52,0.000956807
124.53,0.000956679
124.54,0.000956551
124.55,0.000956422
124.56,0.000956294
124.57,0.000956166
124.58,0.000956038
124.59,0.00095591
124.6,0.000955782
124.61,0.000955653
124.62,0.000955525
124.63,0.000955397
124.64,0.000955269
124.65,0.000955141
124.66,0.000955013
124.67,0.000954884
124.68,0.000954756
124.69,0.000954628
124.7,0.0009545
124.71,0.000954372
124.72,0.000954244
124.73,0.000954116
124.74,0.000953987
124.75,0.000953859
124.76,0.000953731
124.77,0.000953603
124.78,0.000953475
124.79,0.000953347
124.8,0.000953219
124.81,0.00095309
124.82,0.000952962
124.83,0.000952834
124.84,0.000952706
124.85,0.000952578
124.86,0.00095245
124.87,0.000952322
124.88,0.000952194
124.89,0.000952065
124.9,0.000951937
124.91,0.000951809
124.92,0.000951681
124.93,0.000951553
124.94,0.000951425
124.95,0.000951297
124.96,0.000951169
124.97,0.000951041
124.98,0.000950912
124.99,0.000950784
125,0.000950656
125.01,0.000950528
125.02,0.0009504
125.03,0.000950272
125.04,0.000950144
125.05,0.000950016
125.06,0.000949888
125.07,0.00094976
125.08,0.000949631
125.09,0.000949503
125.1,0.000949375
125.11,0.000949247
125.12,0.000949119
125.13,0.000948991
125.14,0.000948863
125.15,0.000948735
125.16,0.000948607
125.17,0.000948479
125.18,0.000948351
125.19,0.000948223
125.2,0.000948094
125.21,0.000947966
125.22,0.000947838
125.23,0.00094771
125.24,0.000947582
125.25,0.000947454
125.26,0.000947326
125.27,0.000947198
125.28,0.00094707
125.29,0.000946942
125.3,0.000946814
125.31,0.000946686
125.32,0.000946558
125.33,0.00094643
125.34,0.000946302
125.35,0.000946174
125.36,0.000946045
125.37,0.000945917
125.38,0.000945789
125.39,0.000945661
125.4,0.000945533
125.41,0.000945405
125.42,0.000945277
125.43,0.000945149
125.44,0.000945021
125.45,0.000944893
125.46,0.000944765
125.47,0.000944637
125.48,0.000944509
125.49,0.000944381
125.5,0.000944253
125.51,0.000944125
125.52,0.000943997
125.53,0.000943869
125.54,0.000943741
125.55,0.000943613
125.56,0.000943485
125.57,0.000943357
125.58,0.000943229
125.59,0.000943101
125.6,0.000942973
125.61,0.000942845
125.62,0.000942717
125.63,0.000942589
125.64,0.000942461
125.65,0.000942333
125.66,0.000942205
125.67,0.000942077
125.68,0.000941949
125.69,0.000941821
125.7,0.000941693
125.71,0.000941565
125.72,0.000941437
125.73,0.000941309
125.74,0.000941181
125.75,0.000941053
125.76,0.000940925
125.77,0.000940797
125.78,0.000940669
125.79,0.000940541
125.8,0.000940413
125.81,0.000940285
125.82,0.000940157
125.83,0.000940029
125.84,0.000939901
125.85,0.000939773
125.86,0.000939645
125.87,0.000939517
125.88,0.000939389
125.89,0.000939261
125.9,0.000939133
125.91,0.000939005
125.92,0.000938877
125.93,0.000938749
125.94,0.000938621
125.95,0.000938493
125.96,0.000938365
125.97,0.000938238
125.98,0.00093811
125.99,0.000937982
126,0.000937854
126.01,0.000937726
126.02,0.000937598
126.03,0.00093747
126.04,0.000937342
126.05,0.000937214
126.06,0.000937086
126.07,0.000936958
126.08,0.00093683
126.09,0.000936702
126.1,0.000936574
126.11,0.000936446
126.12,0.000936318
126.13,0.00093619
126.14,0.000936063
126.15,0.000935935
126.16,0.000935807
126.17,0.000935679
126.18,0.000935551
126.19,0.000935423
126.2,0.000935295
126.21,0.000935167
126.22,0.000935039
126.23,0.000934911
126.24,0.000934783
126.25,0.000934655
126.26,0.000934528
126.27,0.0009344
126.28,0.000934272
126.29,0.000934144
126.3,0.000934016
126.31,0.000933888
126.32,0.00093376
126.33,0.000933632
126.34,0.000933504
126.35,0.000933376
126.36,0.000933249
126.37,0.000933121
126.38,0.000932993
126.39,0.000932865
126.4,0.000932737
126.41,0.000932609
126.42,0.000932481
126.43,0.000932353
126.44,0.000932225
126.45,0.000932098
126.46,0.00093197
126.47,0.000931842
126.48,0.000931714
126.49,0.000931586
126.5,0.000931458
126.51,0.00093133
126.52,0.000931202
126.53,0.000931075
126.54,0.000930947
126.55,0.000930819
126.56,0.000930691
126.57,0.000930563
126.58,0.000930435
126.59,0.000930307
126.6,0.000930179
126.61,0.000930052
126.62,0.000929924
126.63,0.000929796
126.64,0.000929668
126.65,0.00092954
126.66,0.000929412
126.67,0.000929285
126.68,0.000929157
126.69,0.000929029
126.7,0.000928901
126.71,0.000928773
126.72,0.000928645
126.73,0.000928517
126.74,0.00092839
126.75,0.000928262
126.76,0.000928134
126.77,0.000928006
126.78,0.000927878
126.79,0.00092775
126.8,0.000927623
126.81,0.000927495
126.82,0.000927367
126.83,0.000927239
126.84,0.000927111
126.85,0.000926984
126.86,0.000926856
126.87,0.000926728
126.88,0.0009266
126.89,0.000926472
126.9,0.000926344
126.91,0.000926217
126.92,0.000926089
126.93,0.000925961
126.94,0.000925833
126.95,0.000925705
126.96,0.000925578
126.97,0.00092545
126.98,0.000925322
126.99,0.000925194
127,0.000925066
127.01,0.000924939
127.02,0.000924811
127.03,0.000924683
127.04,0.000924555
127.05,0.000924427
127.06,0.0009243
127.07,0.000924172
127.08,0.000924044
127.09,0.000923916
127.1,0.000923788
127.11,0.000923661
127.12,0.000923533
127.13,0.000923405
127.14,0.000923277
127.15,0.00092315
127.16,0.000923022
127.17,0.000922894
127.18,0.000922766
127.19,0.000922638
127.2,0.000922511
127.21,0.000922383
127.22,0.000922255
127.23,0.000922127
127.24,0.000922
127.25,0.000921872
127.26,0.000921744
127.27,0.000921616
127.28,0.000921489
127.29,0.000921361
127.3,0.000921233
127.31,0.000921105
127.32,0.000920978
127.33,0.00092085
127.34,0.000920722
127.35,0.000920594
127.36,0.000920467
127.37,0.000920339
127.38,0.000920211
127.39,0.000920083
127.4,0.000919956
127.41,0.000919828
127.42,0.0009197
127.43,0.000919572
127.44,0.000919445
127.45,0.000919317
127.46,0.000919189
127.47,0.000919061
127.48,0.000918934
127.49,0.000918806
127.5,0.000918678
127.51,0.000918551
127.52,0.000918423
127.53,0.000918295
127.54,0.000918167
127.55,0.00091804
127.56,0.000917912
127.57,0.000917784
127.58,0.000917657
127.59,0.000917529
127.6,0.000917401
127.61,0.000917273
127.62,0.000917146
127.63,0.000917018
127.64,0.00091689
127.65,0.000916763
127.66,0.000916635
127.67,0.000916507
127.68,0.000916379
127.69,0.000916252
127.7,0.000916124
127.71,0.000915996
127.72,0.000915869
127.73,0.000915741
127.74,0.000915613
127.75,0.000915486
127.76,0.000915358
127.77,0.00091523
127.78,0.000915103
127.79,0.000914975
127.8,0.000914847
127.81,0.000914719
127.82,0.000914592
127.83,0.000914464
127.84,0.000914336
127.85,0.000914209
127.86,0.000914081
127.87,0.000913953
127.88,0.000913826
127.89,0.000913698
127.9,0.00091357
127.91,0.000913443
127.92,0.000913315
127.93,0.000913187
127.94,0.00091306
127.95,0.000912932
127.96,0.000912804
127.97,0.000912677
127.98,0.000912549
127.99,0.000912421
128,0.000912294
128.01,0.000912166
128.02,0.000912038
128.03,0.000911911
128.04,0.000911783
128.05,0.000911656
128.06,0.000911528
128.07,0.0009114
128.08,0.000911273
128.09,0.000911145
128.1,0.000911017
128.11,0.00091089
128.12,0.000910762
128.13,0.000910634
128.14,0.000910507
128.15,0.000910379
128.16,0.000910252
128.17,0.000910124
128.18,0.000909996
128.19,0.000909869
128.2,0.000909741
128.21,0.000909613
128.22,0.000909486
128.23,0.000909358
128.24,0.00090923
128.25,0.000909103
128.26,0.000908975
128.27,0.000908848
128.28,0.00090872
128.29,0.000908592
128.3,0.000908465
128.31,0.000908337
128.32,0.00090821
128.33,0.000908082
128.34,0.000907954
128.35,0.000907827
128.36,0.000907699
128.37,0.000907572
128.38,0.000907444
128.39,0.000907316
128.4,0.000907189
128.41,0.000907061
128.42,0.000906934
128.43,0.000906806
128.44,0.000906678
128.45,0.000906551
128.46,0.000906423
128.47,0.000906296
128.48,0.000906168
128.49,0.00090604
128.5,0.000905913
128.51,0.000905785
128.52,0.000905658
128.53,0.00090553
128.54,0.000905403
128.55,0.000905275
128.56,0.000905147
128.57,0.00090502
128.58,0.000904892
128.59,0.000904765
128.6,0.000904637
128.61,0.00090451
128.62,0.000904382
128.63,0.000904254
128.64,0.000904127
128.65,0.000903999
128.66,0.000903872
128.67,0.000903744
128.68,0.000903617
128.69,0.000903489
128.7,0.000903361
128.71,0.000903234
128.72,0.000903106
128.73,0.000902979
128.74,0.000902851
128.75,0.000902724
128.76,0.000902596
128.77,0.000902469
128.78,0.000902341
128.79,0.000902214
128.8,0.000902086
128.81,0.000901958
128.82,0.000901831
128.83,0.000901703
128.84,0.000901576
128.85,0.000901448
128.86,0.000901321
128.87,0.000901193
128.88,0.000901066
128.89,0.000900938
128.9,0.000900811
128.91,0.000900683
128.92,0.000900556
128.93,0.000900428
128.94,0.000900301
128.95,0.000900173
128.96,0.000900045
128.97,0.000899918
128.98,0.00089979
128.99,0.000899663
129,0.000899535
129.01,0.000899408
129.02,0.00089928
129.03,0.000899153
129.04,0.000899025
129.05,0.000898898
129.06,0.00089877
129.07,0.000898643
129.08,0.000898515
129.09,0.000898388
129.1,0.00089826
129.11,0.000898133
129.12,0.000898005
129.13,0.000897878
129.14,0.00089775
129.15,0.000897623
129.16,0.000897495
129.17,0.000897368
129.18,0.00089724
129.19,0.000897113
129.2,0.000896985
129.21,0.000896858
129.22,0.00089673
129.23,0.000896603
129.24,0.000896475
129.25,0.000896348
129.26,0.000896221
129.27,0.000896093
129.28,0.000895966
129.29,0.000895838
129.3,0.000895711
129.31,0.000895583
129.32,0.000895456
129.33,0.000895328
129.34,0.000895201
129.35,0.000895073
129.36,0.000894946
129.37,0.000894818
129.38,0.000894691
129.39,0.000894563
129.4,0.000894436
129.41,0.000894308
129.42,0.000894181
129.43,0.000894054
129.44,0.000893926
129.45,0.000893799
129.46,0.000893671
129.47,0.000893544
129.48,0.000893416
129.49,0.000893289
129.5,0.000893161
129.51,0.000893034
129.52,0.000892907
129.53,0.000892779
129.54,0.000892652
129.55,0.000892524
129.56,0.000892397
129.57,0.000892269
129.58,0.000892142
129.59,0.000892014
129.6,0.000891887
129.61,0.00089176
129.62,0.000891632
129.63,0.000891505
129.64,0.000891377
129.65,0.00089125
129.66,0.000891122
129.67,0.000890995
129.68,0.000890868
129.69,0.00089074
129.7,0.000890613
129.71,0.000890485
129.72,0.000890358
129.73,0.000890231
129.74,0.000890103
129.75,0.000889976
129.76,0.000889848
129.77,0.000889721
129.78,0.000889593
129.79,0.000889466
129.8,0.000889339
129.81,0.000889211
129.82,0.000889084
129.83,0.000888956
129.84,0.000888829
129.85,0.000888702
129.86,0.000888574
129.87,0.000888447
129.88,0.000888319
129.89,0.000888192
129.9,0.000888065
129.91,0.000887937
129.92,0.00088781
129.93,0.000887682
129.94,0.000887555
129.95,0.000887428
129.96,0.0008873
129.97,0.000887173
129.98,0.000887046
129.99,0.000886918
130,0.000886791
130.01,0.000886663
130.02,0.000886536
130.03,0.000886409
130.04,0.000886281
130.05,0.000886154
130.06,0.000886027
130.07,0.000885899
130.08,0.000885772
130.09,0.000885644
130.1,0.000885517
130.11,0.00088539
130.12,0.000885262
130.13,0.000885135
130.14,0.000885008
130.15,0.00088488
130.16,0.000884753
130.17,0.000884626
130.18,0.000884498
130.19,0.000884371
130.2,0.000884243
130.21,0.000884116
130.22,0.000883989
130.23,0.000883861
130.24,0.000883734
130.25,0.000883607
130.26,0.000883479
130.27,0.000883352
130.28,0.000883225
130.29,0.000883097
130.3,0.00088297
130.31,0.000882843
130.32,0.000882715
130.33,0.000882588
130.34,0.000882461
130.35,0.000882333
130.36,0.000882206
130.37,0.000882079
130.38,0.000881951
130.39,0.000881824
130.4,0.000881697
130.41,0.000881569
130.42,0.000881442
130.43,0.000881315
130.44,0.000881187
130.45,0.00088106
130.46,0.000880933
130.47,0.000880805
130.48,0.000880678
130.49,0.000880551
130.5,0.000880423
130.51,0.000880296
130.52,0.000880169
130.53,0.000880042
130.54,0.000879914
130.55,0.000879787
130.56,0.00087966
130.57,0.000879532
130.58,0.000879405
130.59,0.000879278
130.6,0.00087915
130.61,0.000879023
130.62,0.000878896
130.63,0.000878769
130.64,0.000878641
130.65,0.000878514
130.66,0.000878387
130.67,0.000878259
130.68,0.000878132
130.69,0.000878005
130.7,0.000877877
130.71,0.00087775
130.72,0.000877623
130.73,0.000877496
130.74,0.000877368
130.75,0.000877241
130.76,0.000877114
130.77,0.000876986
130.78,0.000876859
130.79,0.000876732
130.8,0.000876605
130.81,0.000876477
130.82,0.00087635
130.83,0.000876223
130.84,0.000876096
130.85,0.000875968
130.86,0.000875841
130.87,0.000875714
130.88,0.000875587
130.89,0.000875459
130.9,0.000875332
130.91,0.000875205
130.92,0.000875077
130.93,0.00087495
130.94,0.000874823
130.95,0.000874696
130.96,0.000874568
130.97,0.000874441
130.98,0.000874314
130.99,0.000874187
131,0.000874059
131.01,0.000873932
131.02,0.000873805
131.03,0.000873678
131.04,0.00087355
131.05,0.000873423
131.06,0.000873296
131.07,0.000873169
131.08,0.000873041
131.09,0.000872914
131.1,0.000872787
131.11,0.00087266
131.12,0.000872533
131.13,0.000872405
131.14,0.000872278
131.15,0.000872151
131.16,0.000872024
131.17,0.000871896
131.18,0.000871769
131.19,0.000871642
131.2,0.000871515
131.21,0.000871387
131.22,0.00087126
131.23,0.000871133
131.24,0.000871006
131.25,0.000870879
131.26,0.000870751
131.27,0.000870624
131.28,0.000870497
131.29,0.00087037
131.3,0.000870243
131.31,0.000870115
131.32,0.000869988
131.33,0.000869861
131.34,0.000869734
131.35,0.000869607
131.36,0.000869479
131.37,0.000869352
131.38,0.000869225
131.39,0.000869098
131.4,0.000868971
131.41,0.000868843
131.42,0.000868716
131.43,0.000868589
131.44,0.000868462
131.45,0.000868335
131.46,0.000868207
131.47,0.00086808
131.48,0.000867953
131.49,0.000867826
131.5,0.000867699
131.51,0.000867571
131.52,0.000867444
131.53,0.000867317
131.54,0.00086719
131.55,0.000867063
131.56,0.000866936
131.57,0.000866808
131.58,0.000866681
131.59,0.000866554
131.6,0.000866427
131.61,0.0008663
131.62,0.000866172
131.63,0.000866045
131.64,0.000865918
131.65,0.000865791
131.66,0.000865664
131.67,0.000865537
131.68,0.000865409
131.69,0.000865282
131.7,0.000865155
131.71,0.000865028
131.72,0.000864901
131.73,0.000864774
131.74,0.000864647
131.75,0.000864519
131.76,0.000864392
131.77,0.000864265
131.78,0.000864138
131.79,0.000864011
131.8,0.000863884
131.81,0.000863756
131.82,0.000863629
131.83,0.000863502
131.84,0.000863375
131.85,0.000863248
131.86,0.000863121
131.87,0.000862994
131.88,0.000862866
131.89,0.000862739
131.9,0.000862612
131.91,0.000862485
131.92,0.000862358
131.93,0.000862231
131.94,0.000862104
131.95,0.000861977
131.96,0.000861849
131.97,0.000861722
131.98,0.000861595
131.99,0.000861468
132,0.000861341
132.01,0.000861214
132.02,0.000861087
132.03,0.00086096
132.04,0.000860832
132.05,0.000860705
132.06,0.000860578
132.07,0.000860451
132.08,0.000860324
132.09,0.000860197
132.1,0.00086007
132.11,0.000859943
132.12,0.000859816
132.13,0.000859688
132.14,0.000859561
132.15,0.000859434
132.16,0.000859307
132.17,0.00085918
132.18,0.000859053
132.19,0.000858926
132.2,0.000858799
132.21,0.000858672
132.22,0.000858545
132.23,0.000858417
132.24,0.00085829
132.25,0.000858163
132.26,0.000858036
132.27,0.000857909
132.28,0.000857782
132.29,0.000857655
132.3,0.000857528
132.31,0.000857401
132.32,0.000857274
132.33,0.000857147
132.34,0.000857019
132.35,0.000856892
132.36,0.000856765
132.37,0.000856638
132.38,0.000856511
132.39,0.000856384
132.4,0.000856257
132.41,0.00085613
132.42,0.000856003
132.43,0.000855876
132.44,0.000855749
132.45,0.000855622
132.46,0.000855495
132.47,0.000855368
132.48,0.00085524
132.49,0.000855113
132.5,0.000854986
132.51,0.000854859
132.52,0.000854732
132.53,0.000854605
132.54,0.000854478
132.55,0.000854351
132.56,0.000854224
132.57,0.000854097
132.58,0.00085397
132.59,0.000853843
132.6,0.000853716
132.61,0.000853589
132.62,0.000853462
132.63,0.000853335
132.64,0.000853208
132.65,0.000853081
132.66,0.000852954
132.67,0.000852826
132.68,0.000852699
132.69,0.000852572
132.7,0.000852445
132.71,0.000852318
132.72,0.000852191
132.73,0.000852064
132.74,0.000851937
132.75,0.00085181
132.76,0.000851683
132.77,0.000851556
132.78,0.000851429
132.79,0.000851302
132.8,0.000851175
132.81,0.000851048
132.82,0.000850921
132.83,0.000850794
132.84,0.000850667
132.85,0.00085054
132.86,0.000850413
132.87,0.000850286
132.88,0.000850159
132.89,0.000850032
132.9,0.000849905
132.91,0.000849778
132.92,0.000849651
132.93,0.000849524
132.94,0.000849397
132.95,0.00084927
132.96,0.000849143
132.97,0.000849016
132.98,0.000848889
132.99,0.000848762
133,0.000848635
133.01,0.000848508
133.02,0.000848381
133.03,0.000848254
133.04,0.000848127
133.05,0.000848
133.06,0.000847873
133.07,0.000847746
133.08,0.000847619
133.09,0.000847492
133.1,0.000847365
133.11,0.000847238
133.12,0.000847111
133.13,0.000846984
133.14,0.000846857
133.15,0.00084673
133.16,0.000846603
133.17,0.000846476
133.18,0.000846349
133.19,0.000846222
133.2,0.000846095
133.21,0.000845968
133.22,0.000845841
133.23,0.000845714
133.24,0.000845587
133.25,0.00084546
133.26,0.000845333
133.27,0.000845206
133.28,0.000845079
133.29,0.000844952
133.3,0.000844825
133.31,0.000844698
133.32,0.000844571
133.33,0.000844444
133.34,0.000844317
133.35,0.00084419
133.36,0.000844064
133.37,0.000843937
133.38,0.00084381
133.39,0.000843683
133.4,0.000843556
133.41,0.000843429
133.42,0.000843302
133.43,0.000843175
133.44,0.000843048
133.45,0.000842921
133.46,0.000842794
133.47,0.000842667
133.48,0.00084254
133.49,0.000842413
133.5,0.000842286
133.51,0.000842159
133.52,0.000842032
133.53,0.000841905
133.54,0.000841778
133.55,0.000841652
133.56,0.000841525
133.57,0.000841398
133.58,0.000841271
133.59,0.000841144
133.6,0.000841017
133.61,0.00084089
133.62,0.000840763
133.63,0.000840636
133.64,0.000840509
133.65,0.000840382
133.66,0.000840255
133.67,0.000840128
133.68,0.000840001
133.69,0.000839875
133.7,0.000839748
133.71,0.000839621
133.72,0.000839494
133.73,0.000839367
133.74,0.00083924
133.75,0.000839113
133.76,0.000838986
133.77,0.000838859
133.78,0.000838732
133.79,0.000838605
133.8,0.000838479
133.81,0.000838352
133.82,0.000838225
133.83,0.000838098
133.84,0.000837971
133.85,0.000837844
133.86,0.000837717
133.87,0.00083759
133.88,0.000837463
133.89,0.000837336
133.9,0.00083721
133.91,0.000837083
133.92,0.000836956
133.93,0.000836829
133.94,0.000836702
133.95,0.000836575
133.96,0.000836448
133.97,0.000836321
133.98,0.000836194
133.99,0.000836068
134,0.000835941
134.01,0.000835814
134.02,0.000835687
134.03,0.00083556
134.04,0.000835433
134.05,0.000835306
134.06,0.000835179
134.07,0.000835052
134.08,0.000834926
134.09,0.000834799
134.1,0.000834672
134.11,0.000834545
134.12,0.000834418
134.13,0.000834291
134.14,0.000834164
134.15,0.000834038
134.16,0.000833911
134.17,0.000833784
134.18,0.000833657
134.19,0.00083353
134.2,0.000833403
134.21,0.000833276
134.22,0.00083315
134.23,0.000833023
134.24,0.000832896
134.25,0.000832769
134.26,0.000832642
134.27,0.000832515
134.28,0.000832388
134.29,0.000832262
134.3,0.000832135
134.31,0.000832008
134.32,0.000831881
134.33,0.000831754
134.34,0.000831627
134.35,0.0008315
134.36,0.000831374
134.37,0.000831247
134.38,0.00083112
134.39,0.000830993
134.4,0.000830866
134.41,0.000830739
134.42,0.000830613
134.43,0.000830486
134.44,0.000830359
134.45,0.000830232
134.46,0.000830105
134.47,0.000829978
134.48,0.000829852
134.49,0.000829725
134.5,0.000829598
134.51,0.000829471
134.52,0.000829344
134.53,0.000829217
134.54,0.000829091
134.55,0.000828964
134.56,0.000828837
134.57,0.00082871
134.58,0.000828583
134.59,0.000828457
134.6,0.00082833
134.61,0.000828203
134.62,0.000828076
134.63,0.000827949
134.64,0.000827823
134.65,0.000827696
134.66,0.000827569
134.67,0.000827442
134.68,0.000827315
134.69,0.000827188
134.7,0.000827062
134.71,0.000826935
134.72,0.000826808
134.73,0.000826681
134.74,0.000826554
134.75,0.000826428
134.76,0.000826301
134.77,0.000826174
134.78,0.000826047
134.79,0.00082592
134.8,0.000825794
134.81,0.000825667
134.82,0.00082554
134.83,0.000825413
134.84,0.000825287
134.85,0.00082516
134.86,0.000825033
134.87,0.000824906
134.88,0.000824779
134.89,0.000824653
134.9,0.000824526
134.91,0.000824399
134.92,0.000824272
134.93,0.000824146
134.94,0.000824019
134.95,0.000823892
134.96,0.000823765
134.97,0.000823638
134.98,0.000823512
134.99,0.000823385
135,0.000823258
135.01,0.000823131
135.02,0.000823005
135.03,0.000822878
135.04,0.000822751
135.05,0.000822624
135.06,0.000822497
135.07,0.000822371
135.08,0.000822244
135.09,0.000822117
135.1,0.00082199
135.11,0.000821864
135.12,0.000821737
135.13,0.00082161
135.14,0.000821483
135.15,0.000821357
135.16,0.00082123
135.17,0.000821103
135.18,0.000820976
135.19,0.00082085
135.2,0.000820723
135.21,0.000820596
135.22,0.000820469
135.23,0.000820343
135.24,0.000820216
135.25,0.000820089
135.26,0.000819962
135.27,0.000819836
135.28,0.000819709
135.29,0.000819582
135.3,0.000819456
135.31,0.000819329
135.32,0.000819202
135.33,0.000819075
135.34,0.000818949
135.35,0.000818822
135.36,0.000818695
135.37,0.000818568
135.38,0.000818442
135.39,0.000818315
135.4,0.000818188
135.41,0.000818062
135.42,0.000817935
135.43,0.000817808
135.44,0.000817681
135.45,0.000817555
135.46,0.000817428
135.47,0.000817301
135.48,0.000817174
135.49,0.000817048
135.5,0.000816921
135.51,0.000816794
135.52,0.000816668
135.53,0.000816541
135.54,0.000816414
135.55,0.000816287
135.56,0.000816161
135.57,0.000816034
135.58,0.000815907
135.59,0.000815781
135.6,0.000815654
135.61,0.000815527
135.62,0.000815401
135.63,0.000815274
135.64,0.000815147
135.65,0.00081502
135.66,0.000814894
135.67,0.000814767
135.68,0.00081464
135.69,0.000814514
135.7,0.000814387
135.71,0.00081426
135.72,0.000814134
135.73,0.000814007
135.74,0.00081388
135.75,0.000813754
135.76,0.000813627
135.77,0.0008135
135.78,0.000813373
135.79,0.000813247
135.8,0.00081312
135.81,0.000812993
135.82,0.000812867
135.83,0.00081274
135.84,0.000812613
135.85,0.000812487
135.86,0.00081236
135.87,0.000812233
135.88,0.000812107
135.89,0.00081198
135.9,0.000811853
135.91,0.000811727
135.92,0.0008116
135.93,0.000811473
135.94,0.000811347
135.95,0.00081122
135.96,0.000811093
135.97,0.000810967
135.98,0.00081084
135.99,0.000810713
136,0.000810587
136.01,0.00081046
136.02,0.000810333
136.03,0.000810207
136.04,0.00081008
136.05,0.000809953
136.06,0.000809827
136.07,0.0008097
136.08,0.000809573
136.09,0.000809447
136.1,0.00080932
136.11,0.000809194
136.12,0.000809067
136.13,0.00080894
136.14,0.000808814
136.15,0.000808687
136.16,0.00080856
136.17,0.000808434
136.18,0.000808307
136.19,0.00080818
136.2,0.000808054
136.21,0.000807927
136.22,0.0008078
136.23,0.000807674
136.24,0.000807547
136.25,0.000807421
136.26,0.000807294
136.27,0.000807167
136.28,0.000807041
136.29,0.000806914
136.3,0.000806787
136.31,0.000806661
136.32,0.000806534
136.33,0.000806408
136.34,0.000806281
136.35,0.000806154
136.36,0.000806028
136.37,0.000805901
136.38,0.000805774
136.39,0.000805648
136.4,0.000805521
136.41,0.000805395
136.42,0.000805268
136.43,0.000805141
136.44,0.000805015
136.45,0.000804888
136.46,0.000804762
136.47,0.000804635
136.48,0.000804508
136.49,0.000804382
136.5,0.000804255
136.51,0.000804129
136.52,0.000804002
136.53,0.000803875
136.54,0.000803749
136.55,0.000803622
136.56,0.000803496
136.57,0.000803369
136.58,0.000803242
136.59,0.000803116
136.6,0.000802989
136.61,0.000802863
136.62,0.000802736
136.63,0.000802609
136.64,0.000802483
136.65,0.000802356
136.66,0.00080223
136.67,0.000802103
136.68,0.000801976
136.69,0.00080185
136.7,0.000801723
136.71,0.000801597
136.72,0.00080147
136.73,0.000801343
136.74,0.000801217
136.75,0.00080109
136.76,0.000800964
136.77,0.000800837
136.78,0.000800711
136.79,0.000800584
136.8,0.000800457
136.81,0.000800331
136.82,0.000800204
136.83,0.000800078
136.84,0.000799951
136.85,0.000799825
136.86,0.000799698
136.87,0.000799571
136.88,0.000799445
136.89,0.000799318
136.9,0.000799192
136.91,0.000799065
136.92,0.000798939
136.93,0.000798812
136.94,0.000798686
136.95,0.000798559
136.96,0.000798432
136.97,0.000798306
136.98,0.000798179
136.99,0.000798053
137,0.000797926
137.01,0.0007978
137.02,0.000797673
137.03,0.000797547
137.04,0.00079742
137.05,0.000797293
137.06,0.000797167
137.07,0.00079704
137.08,0.000796914
137.09,0.000796787
137.1,0.000796661
137.11,0.000796534
137.12,0.000796408
137.13,0.000796281
137.14,0.000796155
137.15,0.000796028
137.16,0.000795901
137.17,0.000795775
137.18,0.000795648
137.19,0.000795522
137.2,0.000795395
137.21,0.000795269
137.22,0.000795142
137.23,0.000795016
137.24,0.000794889
137.25,0.000794763
137.26,0.000794636
137.27,0.00079451
137.28,0.000794383
137.29,0.000794257
137.3,0.00079413
137.31,0.000794004
137.32,0.000793877
137.33,0.000793751
137.34,0.000793624
137.35,0.000793497
137.36,0.000793371
137.37,0.000793244
137.38,0.000793118
137.39,0.000792991
137.4,0.000792865
137.41,0.000792738
137.42,0.000792612
137.43,0.000792485
137.44,0.000792359
137.45,0.000792232
137.46,0.000792106
137.47,0.000791979
137.48,0.000791853
137.49,0.000791726
137.5,0.0007916
137.51,0.000791473
137.52,0.000791347
137.53,0.00079122
137.54,0.000791094
137.55,0.000790967
137.56,0.000790841
137.57,0.000790714
137.58,0.000790588
137.59,0.000790461
137.6,0.000790335
137.61,0.000790208
137.62,0.000790082
137.63,0.000789955
137.64,0.000789829
137.65,0.000789702
137.66,0.000789576
137.67,0.00078945
137.68,0.000789323
137.69,0.000789197
137.7,0.00078907
137.71,0.000788944
137.72,0.000788817
137.73,0.000788691
137.74,0.000788564
137.75,0.000788438
137.76,0.000788311
137.77,0.000788185
137.78,0.000788058
137.79,0.000787932
137.8,0.000787805
137.81,0.000787679
137.82,0.000787552
137.83,0.000787426
137.84,0.000787299
137.85,0.000787173
137.86,0.000787047
137.87,0.00078692
137.88,0.000786794
137.89,0.000786667
137.9,0.000786541
137.91,0.000786414
137.92,0.000786288
137.93,0.000786161
137.94,0.000786035
137.95,0.000785908
137.96,0.000785782
137.97,0.000785655
137.98,0.000785529
137.99,0.000785403
138,0.000785276
138.01,0.00078515
138.02,0.000785023
138.03,0.000784897
138.04,0.00078477
138.05,0.000784644
138.06,0.000784517
138.07,0.000784391
138.08,0.000784265
138.09,0.000784138
138.1,0.000784012
138.11,0.000783885
138.12,0.000783759
138.13,0.000783632
138.14,0.000783506
138.15,0.000783379
138.16,0.000783253
138.17,0.000783127
138.18,0.000783
138.19,0.000782874
138.2,0.000782747
138.21,0.000782621
138.22,0.000782494
138.23,0.000782368
138.24,0.000782242
138.25,0.000782115
138.26,0.000781989
138.27,0.000781862
138.28,0.000781736
138.29,0.00078161
138.3,0.000781483
138.31,0.000781357
138.32,0.00078123
138.33,0.000781104
138.34,0.000780977
138.35,0.000780851
138.36,0.000780725
138.37,0.000780598
138.38,0.000780472
138.39,0.000780345
138.4,0.000780219
138.41,0.000780093
138.42,0.000779966
138.43,0.00077984
138.44,0.000779713
138.45,0.000779587
138.46,0.000779461
138.47,0.000779334
138.48,0.000779208
138.49,0.000779081
138.5,0.000778955
138.51,0.000778828
138.52,0.000778702
138.53,0.000778576
138.54,0.000778449
138.55,0.000778323
138.56,0.000778197
138.57,0.00077807
138.58,0.000777944
138.59,0.000777817
138.6,0.000777691
138.61,0.000777565
138.62,0.000777438
138.63,0.000777312
138.64,0.000777185
138.65,0.000777059
138.66,0.000776933
138.67,0.000776806
138.68,0.00077668
138.69,0.000776553
138.7,0.000776427
138.71,0.000776301
138.72,0.000776174
138.73,0.000776048
138.74,0.000775922
138.75,0.000775795
138.76,0.000775669
138.77,0.000775542
138.78,0.000775416
138.79,0.00077529
138.8,0.000775163
138.81,0.000775037
138.82,0.000774911
138.83,0.000774784
138.84,0.000774658
138.85,0.000774532
138.86,0.000774405
138.87,0.000774279
138.88,0.000774152
138.89,0.000774026
138.9,0.0007739
138.91,0.000773773
138.92,0.000773647
138.93,0.000773521
138.94,0.000773394
138.95,0.000773268
138.96,0.000773142
138.97,0.000773015
138.98,0.000772889
138.99,0.000772763
139,0.000772636
139.01,0.00077251
139.02,0.000772383
139.03,0.000772257
139.04,0.000772131
139.05,0.000772004
139.06,0.000771878
139.07,0.000771752
139.08,0.000771625
139.09,0.000771499
139.1,0.000771373
139.11,0.000771246
139.12,0.00077112
139.13,0.000770994
139.14,0.000770867
139.15,0.000770741
139.16,0.000770615
139.17,0.000770488
139.18,0.000770362
139.19,0.000770236
139.2,0.000770109
139.21,0.000769983
139.22,0.000769857
139.23,0.00076973
139.24,0.000769604
139.25,0.000769478
139.26,0.000769351
139.27,0.000769225
139.28,0.000769099
139.29,0.000768972
139.3,0.000768846
139.31,0.00076872
139.32,0.000768593
139.33,0.000768467
139.34,0.000768341
139.35,0.000768215
139.36,0.000768088
139.37,0.000767962
139.38,0.000767836
139.39,0.000767709
139.4,0.000767583
139.41,0.000767457
139.42,0.00076733
139.43,0.000767204
139.44,0.000767078
139.45,0.000766951
139.46,0.000766825
139.47,0.000766699
139.48,0.000766572
139.49,0.000766446
139.5,0.00076632
139.51,0.000766194
139.52,0.000766067
139.53,0.000765941
139.54,0.000765815
139.55,0.000765688
139.56,0.000765562
139.57,0.000765436
139.58,0.000765309
139.59,0.000765183
139.6,0.000765057
139.61,0.000764931
139.62,0.000764804
139.63,0.000764678
139.64,0.000764552
139.65,0.000764425
139.66,0.000764299
139.67,0.000764173
139.68,0.000764047
139.69,0.00076392
139.7,0.000763794
139.71,0.000763668
139.72,0.000763541
139.73,0.000763415
139.74,0.000763289
139.75,0.000763163
139.76,0.000763036
139.77,0.00076291
139.78,0.000762784
139.79,0.000762658
139.8,0.000762531
139.81,0.000762405
139.82,0.000762279
139.83,0.000762152
139.84,0.000762026
139.85,0.0007619
139.86,0.000761774
139.87,0.000761647
139.88,0.000761521
139.89,0.000761395
139.9,0.000761269
139.91,0.000761142
139.92,0.000761016
139.93,0.00076089
139.94,0.000760764
139.95,0.000760637
139.96,0.000760511
139.97,0.000760385
139.98,0.000760258
139.99,0.000760132
140,0.000760006
140.01,0.000759937
140.02,0.000759867
140.03,0.000759798
140.04,0.000759728
140.05,0.000759659
140.06,0.000759589
140.07,0.00075952
140.08,0.000759451
140.09,0.000759381
140.1,0.000759312
140.11,0.000759242
140.12,0.000759173
140.13,0.000759104
140.14,0.000759034
140.15,0.000758965
140.16,0.000758895
140.17,0.000758826
140.18,0.000758756
140.19,0.000758687
140.2,0.000758618
140.21,0.000758548
140.22,0.000758479
140.23,0.000758409
140.24,0.00075834
140.25,0.000758271
140.26,0.000758201
140.27,0.000758132
140.28,0.000758062
140.29,0.000757993
140.3,0.000757924
140.31,0.000757854
140.32,0.000757785
140.33,0.000757715
140.34,0.000757646
140.35,0.000757577
140.36,0.000757507
140.37,0.000757438
140.38,0.000757368
140.39,0.000757299
140.4,0.00075723
140.41,0.00075716
140.42,0.000757091
140.43,0.000757022
140.44,0.000756952
140.45,0.000756883
140.46,0.000756813
140.47,0.000756744
140.48,0.000756675
140.49,0.000756605
140.5,0.000756536
140.51,0.000756466
140.52,0.000756397
140.53,0.000756328
140.54,0.000756258
140.55,0.000756189
140.56,0.00075612
140.57,0.00075605
140.58,0.000755981
140.59,0.000755911
140.6,0.000755842
140.61,0.000755773
140.62,0.000755703
140.63,0.000755634
140.64,0.000755565
140.65,0.000755495
140.66,0.000755426
140.67,0.000755357
140.68,0.000755287
140.69,0.000755218
140.7,0.000755148
140.71,0.000755079
140.72,0.00075501
140.73,0.00075494
140.74,0.000754871
140.75,0.000754802
140.76,0.000754732
140.77,0.000754663
140.78,0.000754594
140.79,0.000754524
140.8,0.000754455
140.81,0.000754386
140.82,0.000754316
140.83,0.000754247
140.84,0.000754177
140.85,0.000754108
140.86,0.000754039
140.87,0.000753969
140.88,0.0007539
140.89,0.000753831
140.9,0.000753761
140.91,0.000753692
140.92,0.000753623
140.93,0.000753553
140.94,0.000753484
140.95,0.000753415
140.96,0.000753345
140.97,0.000753276
140.98,0.000753207
140.99,0.000753137
141,0.000753068
141.01,0.000752999
141.02,0.000752929
141.03,0.00075286
141.04,0.000752791
141.05,0.000752721
141.06,0.000752652
141.07,0.000752583
141.08,0.000752513
141.09,0.000752444
141.1,0.000752375
141.11,0.000752305
141.12,0.000752236
141.13,0.000752167
141.14,0.000752097
141.15,0.000752028
141.16,0.000751959
141.17,0.000751889
141.18,0.00075182
141.19,0.000751751
141.2,0.000751682
141.21,0.000751612
141.22,0.000751543
141.23,0.000751474
141.24,0.000751404
141.25,0.000751335
141.26,0.000751266
141.27,0.000751196
141.28,0.000751127
141.29,0.000751058
141.3,0.000750988
141.31,0.000750919
141.32,0.00075085
141.33,0.00075078
141.34,0.000750711
141.35,0.000750642
141.36,0.000750573
141.37,0.000750503
141.38,0.000750434
141.39,0.000750365
141.4,0.000750295
141.41,0.000750226
141.42,0.000750157
141.43,0.000750088
141.44,0.000750018
141.45,0.000749949
141.46,0.00074988
141.47,0.00074981
141.48,0.000749741
141.49,0.000749672
141.5,0.000749602
141.51,0.000749533
141.52,0.000749464
141.53,0.000749395
141.54,0.000749325
141.55,0.000749256
141.56,0.000749187
141.57,0.000749117
141.58,0.000749048
141.59,0.000748979
141.6,0.00074891
141.61,0.00074884
141.62,0.000748771
141.63,0.000748702
141.64,0.000748633
141.65,0.000748563
141.66,0.000748494
141.67,0.000748425
141.68,0.000748355
141.69,0.000748286
141.7,0.000748217
141.71,0.000748148
141.72,0.000748078
141.73,0.000748009
141.74,0.00074794
141.75,0.000747871
141.76,0.000747801
141.77,0.000747732
141.78,0.000747663
141.79,0.000747593
141.8,0.000747524
141.81,0.000747455
141.82,0.000747386
141.83,0.000747316
141.84,0.000747247
141.85,0.000747178
141.86,0.000747109
141.87,0.000747039
141.88,0.00074697
141.89,0.000746901
141.9,0.000746832
141.91,0.000746762
141.92,0.000746693
141.93,0.000746624
141.94,0.000746555
141.95,0.000746485
141.96,0.000746416
141.97,0.000746347
141.98,0.000746278
141.99,0.000746208
142,0.000746139
142.01,0.00074607
142.02,0.000746001
142.03,0.000745931
142.04,0.000745862
142.05,0.000745793
142.06,0.000745724
142.07,0.000745654
142.08,0.000745585
142.09,0.000745516
142.1,0.000745447
142.11,0.000745378
142.12,0.000745308
142.13,0.000745239
142.14,0.00074517
142.15,0.000745101
142.16,0.000745031
142.17,0.000744962
142.18,0.000744893
142.19,0.000744824
142.2,0.000744754
142.21,0.000744685
142.22,0.000744616
142.23,0.000744547
142.24,0.000744478
142.25,0.000744408
142.26,0.000744339
142.27,0.00074427
142.28,0.000744201
142.29,0.000744131
142.3,0.000744062
142.31,0.000743993
142.32,0.000743924
142.33,0.000743855
142.34,0.000743785
142.35,0.000743716
142.36,0.000743647
142.37,0.000743578
142.38,0.000743509
142.39,0.000743439
142.4,0.00074337
142.41,0.000743301
142.42,0.000743232
142.43,0.000743163
142.44,0.000743093
142.45,0.000743024
142.46,0.000742955
142.47,0.000742886
142.48,0.000742816
142.49,0.000742747
142.5,0.000742678
142.51,0.000742609
142.52,0.00074254
142.53,0.00074247
142.54,0.000742401
142.55,0.000742332
142.56,0.000742263
142.57,0.000742194
142.58,0.000742125
142.59,0.000742055
142.6,0.000741986
142.61,0.000741917
142.62,0.000741848
142.63,0.000741779
142.64,0.000741709
142.65,0.00074164
142.66,0.000741571
142.67,0.000741502
142.68,0.000741433
142.69,0.000741363
142.7,0.000741294
142.71,0.000741225
142.72,0.000741156
142.73,0.000741087
142.74,0.000741018
142.75,0.000740948
142.76,0.000740879
142.77,0.00074081
142.78,0.000740741
142.79,0.000740672
142.8,0.000740602
142.81,0.000740533
142.82,0.000740464
142.83,0.000740395
142.84,0.000740326
142.85,0.000740257
142.86,0.000740187
142.87,0.000740118
142.88,0.000740049
142.89,0.00073998
142.9,0.000739911
142.91,0.000739842
142.92,0.000739772
142.93,0.000739703
142.94,0.000739634
142.95,0.000739565
142.96,0.000739496
142.97,0.000739427
142.98,0.000739357
142.99,0.000739288
143,0.000739219
143.01,0.00073915
143.02,0.000739081
143.03,0.000739012
143.04,0.000738943
143.05,0.000738873
143.06,0.000738804
143.07,0.000738735
143.08,0.000738666
143.09,0.000738597
143.1,0.000738528
143.11,0.000738458
143.12,0.000738389
143.13,0.00073832
143.14,0.000738251
143.15,0.000738182
143.16,0.000738113
143.17,0.000738044
143.18,0.000737974
143.19,0.000737905
143.2,0.000737836
143.21,0.000737767
143.22,0.000737698
143.23,0.000737629
143.24,0.00073756
143.25,0.000737491
143.26,0.000737421
143.27,0.000737352
143.28,0.000737283
143.29,0.000737214
143.3,0.000737145
143.31,0.000737076
143.32,0.000737007
143.33,0.000736937
143.34,0.000736868
143.35,0.000736799
143.36,0.00073673
143.37,0.000736661
143.38,0.000736592
143.39,0.000736523
143.4,0.000736454
143.41,0.000736384
143.42,0.000736315
143.43,0.000736246
143.44,0.000736177
143.45,0.000736108
143.46,0.000736039
143.47,0.00073597
143.48,0.000735901
143.49,0.000735832
143.5,0.000735762
143.51,0.000735693
143.52,0.000735624
143.53,0.000735555
143.54,0.000735486
143.55,0.000735417
143.56,0.000735348
143.57,0.000735279
143.58,0.00073521
143.59,0.00073514
143.6,0.000735071
143.61,0.000735002
143.62,0.000734933
143.63,0.000734864
143.64,0.000734795
143.65,0.000734726
143.66,0.000734657
143.67,0.000734588
143.68,0.000734518
143.69,0.000734449
143.7,0.00073438
143.71,0.000734311
143.72,0.000734242
143.73,0.000734173
143.74,0.000734104
143.75,0.000734035
143.76,0.000733966
143.77,0.000733897
143.78,0.000733828
143.79,0.000733758
143.8,0.000733689
143.81,0.00073362
143.82,0.000733551
143.83,0.000733482
143.84,0.000733413
143.85,0.000733344
143.86,0.000733275
143.87,0.000733206
143.88,0.000733137
143.89,0.000733068
143.9,0.000732998
143.91,0.000732929
143.92,0.00073286
143.93,0.000732791
143.94,0.000732722
143.95,0.000732653
143.96,0.000732584
143.97,0.000732515
143.98,0.000732446
143.99,0.000732377
144,0.000732308
144.01,0.000732239
144.02,0.00073217
144.03,0.0007321
144.04,0.000732031
144.05,0.000731962
144.06,0.000731893
144.07,0.000731824
144.08,0.000731755
144.09,0.000731686
144.1,0.000731617
144.11,0.000731548
144.12,0.000731479
144.13,0.00073141
144.14,0.000731341
144.15,0.000731272
144.16,0.000731203
144.17,0.000731134
144.18,0.000731065
144.19,0.000730995
144.2,0.000730926
144.21,0.000730857
144.22,0.000730788
144.23,0.000730719
144.24,0.00073065
144.25,0.000730581
144.26,0.000730512
144.27,0.000730443
144.28,0.000730374
144.29,0.000730305
144.3,0.000730236
144.31,0.000730167
144.32,0.000730098
144.33,0.000730029
144.34,0.00072996
144.35,0.000729891
144.36,0.000729822
144.37,0.000729753
144.38,0.000729684
144.39,0.000729615
144.4,0.000729545
144.41,0.000729476
144.42,0.000729407
144.43,0.000729338
144.44,0.000729269
144.45,0.0007292
144.46,0.000729131
144.47,0.000729062
144.48,0.000728993
144.49,0.000728924
144.5,0.000728855
144.51,0.000728786
144.52,0.000728717
144.53,0.000728648
144.54,0.000728579
144.55,0.00072851
144.56,0.000728441
144.57,0.000728372
144.58,0.000728303
144.59,0.000728234
144.6,0.000728165
144.61,0.000728096
144.62,0.000728027
144.63,0.000727958
144.64,0.000727889
144.65,0.00072782
144.66,0.000727751
144.67,0.000727682
144.68,0.000727613
144.69,0.000727544
144.7,0.000727475
144.71,0.000727406
144.72,0.000727337
144.73,0.000727268
144.74,0.000727199
144.75,0.00072713
144.76,0.000727061
144.77,0.000726992
144.78,0.000726923
144.79,0.000726854
144.8,0.000726785
144.81,0.000726716
144.82,0.000726646
144.83,0.000726577
144.84,0.000726508
144.85,0.000726439
144.86,0.00072637
144.87,0.000726301
144.88,0.000726232
144.89,0.000726163
144.9,0.000726094
144.91,0.000726025
144.92,0.000725956
144.93,0.000725887
144.94,0.000725818
144.95,0.000725749
144.96,0.00072568
144.97,0.000725611
144.98,0.000725543
144.99,0.000725474
145,0.000725405
145.01,0.000725336
145.02,0.000725267
145.03,0.000725198
145.04,0.000725129
145.05,0.00072506
145.06,0.000724991
145.07,0.000724922
145.08,0.000724853
145.09,0.000724784
145.1,0.000724715
145.11,0.000724646
145.12,0.000724577
145.13,0.000724508
145.14,0.000724439
145.15,0.00072437
145.16,0.000724301
145.17,0.000724232
145.18,0.000724163
145.19,0.000724094
145.2,0.000724025
145.21,0.000723956
145.22,0.000723887
145.23,0.000723818
145.24,0.000723749
145.25,0.00072368
145.26,0.000723611
145.27,0.000723542
145.28,0.000723473
145.29,0.000723404
145.3,0.000723335
145.31,0.000723266
145.32,0.000723197
145.33,0.000723128
145.34,0.000723059
145.35,0.00072299
145.36,0.000722921
145.37,0.000722852
145.38,0.000722783
145.39,0.000722714
145.4,0.000722645
145.41,0.000722577
145.42,0.000722508
145.43,0.000722439
145.44,0.00072237
145.45,0.000722301
145.46,0.000722232
145.47,0.000722163
145.48,0.000722094
145.49,0.000722025
145.5,0.000721956
145.51,0.000721887
145.52,0.000721818
145.53,0.000721749
145.54,0.00072168
145.55,0.000721611
145.56,0.000721542
145.57,0.000721473
145.58,0.000721404
145.59,0.000721335
145.6,0.000721266
145.61,0.000721198
145.62,0.000721129
145.63,0.00072106
145.64,0.000720991
145.65,0.000720922
145.66,0.000720853
145.67,0.000720784
145.68,0.000720715
145.69,0.000720646
145.7,0.000720577
145.71,0.000720508
145.72,0.000720439
145.73,0.00072037
145.74,0.000720301
145.75,0.000720232
145.76,0.000720163
145.77,0.000720095
145.78,0.000720026
145.79,0.000719957
145.8,0.000719888
145.81,0.000719819
145.82,0.00071975
145.83,0.000719681
145.84,0.000719612
145.85,0.000719543
145.86,0.000719474
145.87,0.000719405
145.88,0.000719336
145.89,0.000719267
145.9,0.000719198
145.91,0.00071913
145.92,0.000719061
145.93,0.000718992
145.94,0.000718923
145.95,0.000718854
145.96,0.000718785
145.97,0.000718716
145.98,0.000718647
145.99,0.000718578
146,0.000718509
146.01,0.00071844
146.02,0.000718371
146.03,0.000718303
146.04,0.000718234
146.05,0.000718165
146.06,0.000718096
146.07,0.000718027
146.08,0.000717958
146.09,0.000717889
146.1,0.00071782
146.11,0.000717751
146.12,0.000717682
146.13,0.000717613
146.14,0.000717545
146.15,0.000717476
146.16,0.000717407
146.17,0.000717338
146.18,0.000717269
146.19,0.0007172
146.2,0.000717131
146.21,0.000717062
146.22,0.000716993
146.23,0.000716925
146.24,0.000716856
146.25,0.000716787
146.26,0.000716718
146.27,0.000716649
146.28,0.00071658
146.29,0.000716511
146.3,0.000716442
146.31,0.000716373
146.32,0.000716304
146.33,0.000716236
146.34,0.000716167
146.35,0.000716098
146.36,0.000716029
146.37,0.00071596
146.38,0.000715891
146.39,0.000715822
146.4,0.000715753
146.41,0.000715685
146.42,0.000715616
146.43,0.000715547
146.44,0.000715478
146.45,0.000715409
146.46,0.00071534
146.47,0.000715271
146.48,0.000715202
146.49,0.000715133
146.5,0.000715065
146.51,0.000714996
146.52,0.000714927
146.53,0.000714858
146.54,0.000714789
146.55,0.00071472
146.56,0.000714651
146.57,0.000714582
146.58,0.000714514
146.59,0.000714445
146.6,0.000714376
146.61,0.000714307
146.62,0.000714238
146.63,0.000714169
146.64,0.0007141
146.65,0.000714032
146.66,0.000713963
146.67,0.000713894
146.68,0.000713825
146.69,0.000713756
146.7,0.000713687
146.71,0.000713618
146.72,0.00071355
146.73,0.000713481
146.74,0.000713412
146.75,0.000713343
146.76,0.000713274
146.77,0.000713205
146.78,0.000713136
146.79,0.000713068
146.8,0.000712999
146.81,0.00071293
146.82,0.000712861
146.83,0.000712792
146.84,0.000712723
146.85,0.000712654
146.86,0.000712586
146.87,0.000712517
146.88,0.000712448
146.89,0.000712379
146.9,0.00071231
146.91,0.000712241
146.92,0.000712173
146.93,0.000712104
146.94,0.000712035
146.95,0.000711966
146.96,0.000711897
146.97,0.000711828
146.98,0.000711759
146.99,0.000711691
147,0.000711622
147.01,0.000711553
147.02,0.000711484
147.03,0.000711415
147.04,0.000711346
147.05,0.000711278
147.06,0.000711209
147.07,0.00071114
147.08,0.000711071
147.09,0.000711002
147.1,0.000710933
147.11,0.000710865
147.12,0.000710796
147.13,0.000710727
147.14,0.000710658
147.15,0.000710589
147.16,0.000710521
147.17,0.000710452
147.18,0.000710383
147.19,0.000710314
147.2,0.000710245
147.21,0.000710176
147.22,0.000710108
147.23,0.000710039
147.24,0.00070997
147.25,0.000709901
147.26,0.000709832
147.27,0.000709763
147.28,0.000709695
147.29,0.000709626
147.3,0.000709557
147.31,0.000709488
147.32,0.000709419
147.33,0.000709351
147.34,0.000709282
147.35,0.000709213
147.36,0.000709144
147.37,0.000709075
147.38,0.000709007
147.39,0.000708938
147.4,0.000708869
147.41,0.0007088
147.42,0.000708731
147.43,0.000708662
147.44,0.000708594
147.45,0.000708525
147.46,0.000708456
147.47,0.000708387
147.48,0.000708318
147.49,0.00070825
147.5,0.000708181
147.51,0.000708112
147.52,0.000708043
147.53,0.000707974
147.54,0.000707906
147.55,0.000707837
147.56,0.000707768
147.57,0.000707699
147.58,0.00070763
147.59,0.000707562
147.6,0.000707493
147.61,0.000707424
147.62,0.000707355
147.63,0.000707287
147.64,0.000707218
147.65,0.000707149
147.66,0.00070708
147.67,0.000707011
147.68,0.000706943
147.69,0.000706874
147.7,0.000706805
147.71,0.000706736
147.72,0.000706667
147.73,0.000706599
147.74,0.00070653
147.75,0.000706461
147.76,0.000706392
147.77,0.000706324
147.78,0.000706255
147.79,0.000706186
147.8,0.000706117
147.81,0.000706048
147.82,0.00070598
147.83,0.000705911
147.84,0.000705842
147.85,0.000705773
147.86,0.000705705
147.87,0.000705636
147.88,0.000705567
147.89,0.000705498
147.9,0.000705429
147.91,0.000705361
147.92,0.000705292
147.93,0.000705223
147.94,0.000705154
147.95,0.000705086
147.96,0.000705017
147.97,0.000704948
147.98,0.000704879
147.99,0.000704811
148,0.000704742
148.01,0.000704673
148.02,0.000704604
148.03,0.000704535
148.04,0.000704467
148.05,0.000704398
148.06,0.000704329
148.07,0.00070426
148.08,0.000704192
148.09,0.000704123
148.1,0.000704054
148.11,0.000703985
148.12,0.000703917
148.13,0.000703848
148.14,0.000703779
148.15,0.00070371
148.16,0.000703642
148.17,0.000703573
148.18,0.000703504
148.19,0.000703435
148.2,0.000703367
148.21,0.000703298
148.22,0.000703229
148.23,0.00070316
148.24,0.000703092
148.25,0.000703023
148.26,0.000702954
148.27,0.000702885
148.28,0.000702817
148.29,0.000702748
148.3,0.000702679
148.31,0.00070261
148.32,0.000702542
148.33,0.000702473
148.34,0.000702404
148.35,0.000702335
148.36,0.000702267
148.37,0.000702198
148.38,0.000702129
148.39,0.000702061
148.4,0.000701992
148.41,0.000701923
148.42,0.000701854
148.43,0.000701786
148.44,0.000701717
148.45,0.000701648
148.46,0.000701579
148.47,0.000701511
148.48,0.000701442
148.49,0.000701373
148.5,0.000701304
148.51,0.000701236
148.52,0.000701167
148.53,0.000701098
148.54,0.00070103
148.55,0.000700961
148.56,0.000700892
148.57,0.000700823
148.58,0.000700755
148.59,0.000700686
148.6,0.000700617
148.61,0.000700549
148.62,0.00070048
148.63,0.000700411
148.64,0.000700342
148.65,0.000700274
148.66,0.000700205
148.67,0.000700136
148.68,0.000700067
148.69,0.000699999
148.7,0.00069993
148.71,0.000699861
148.72,0.000699793
148.73,0.000699724
148.74,0.000699655
148.75,0.000699586
148.76,0.000699518
148.77,0.000699449
148.78,0.00069938
148.79,0.000699312
148.8,0.000699243
148.81,0.000699174
148.82,0.000699106
148.83,0.000699037
148.84,0.000698968
148.85,0.000698899
148.86,0.000698831
148.87,0.000698762
148.88,0.000698693
148.89,0.000698625
148.9,0.000698556
148.91,0.000698487
148.92,0.000698419
148.93,0.00069835
148.94,0.000698281
148.95,0.000698212
148.96,0.000698144
148.97,0.000698075
148.98,0.000698006
148.99,0.000697938
149,0.000697869
149.01,0.0006978
149.02,0.000697732
149.03,0.000697663
149.04,0.000697594
149.05,0.000697525
149.06,0.000697457
149.07,0.000697388
149.08,0.000697319
149.09,0.000697251
149.1,0.000697182
149.11,0.000697113
149.12,0.000697045
149.13,0.000696976
149.14,0.000696907
149.15,0.000696839
149.16,0.00069677
149.17,0.000696701
149.18,0.000696633
149.19,0.000696564
149.2,0.000696495
149.21,0.000696427
149.22,0.000696358
149.23,0.000696289
149.24,0.000696221
149.25,0.000696152
149.26,0.000696083
149.27,0.000696014
149.28,0.000695946
149.29,0.000695877
149.3,0.000695808
149.31,0.00069574
149.32,0.000695671
149.33,0.000695602
149.34,0.000695534
149.35,0.000695465
149.36,0.000695396
149.37,0.000695328
149.38,0.000695259
149.39,0.00069519
149.4,0.000695122
149.41,0.000695053
149.42,0.000694984
149.43,0.000694916
149.44,0.000694847
149.45,0.000694778
149.46,0.00069471
149.47,0.000694641
149.48,0.000694572
149.49,0.000694504
149.5,0.000694435
149.51,0.000694367
149.52,0.000694298
149.53,0.000694229
149.54,0.000694161
149.55,0.000694092
149.56,0.000694023
149.57,0.000693955
149.58,0.000693886
149.59,0.000693817
149.6,0.000693749
149.61,0.00069368
149.62,0.000693611
149.63,0.000693543
149.64,0.000693474
149.65,0.000693405
149.66,0.000693337
149.67,0.000693268
149.68,0.000693199
149.69,0.000693131
149.7,0.000693062
149.71,0.000692994
149.72,0.000692925
149.73,0.000692856
149.74,0.000692788
149.75,0.000692719
149.76,0.00069265
149.77,0.000692582
149.78,0.000692513
149.79,0.000692444
149.8,0.000692376
149.81,0.000692307
149.82,0.000692238
149.83,0.00069217
149.84,0.000692101
149.85,0.000692033
149.86,0.000691964
149.87,0.000691895
149.88,0.000691827
149.89,0.000691758
149.9,0.000691689
149.91,0.000691621
149.92,0.000691552
149.93,0.000691483
149.94,0.000691415
149.95,0.000691346
149.96,0.000691278
149.97,0.000691209
149.98,0.00069114
149.99,0.000691072
150,0.000691003
150.01,0.000690924
150.02,0.000690846
150.03,0.000690767
150.04,0.000690689
150.05,0.00069061
150.06,0.000690531
150.07,0.000690453
150.08,0.000690374
150.09,0.000690295
150.1,0.000690217
150.11,0.000690138
150.12,0.000690059
150.13,0.000689981
150.14,0.000689902
150.15,0.000689823
150.16,0.000689745
150.17,0.000689666
150.18,0.000689587
150.19,0.000689509
150.2,0.00068943
150.21,0.000689352
150.22,0.000689273
150.23,0.000689194
150.24,0.000689116
150.25,0.000689037
150.26,0.000688958
150.27,0.00068888
150.28,0.000688801
150.29,0.000688722
150.3,0.000688644
150.31,0.000688565
150.32,0.000688487
150.33,0.000688408
150.34,0.000688329
150.35,0.000688251
150.36,0.000688172
150.37,0.000688093
150.38,0.000688015
150.39,0.000687936
150.4,0.000687858
150.41,0.000687779
150.42,0.0006877
150.43,0.000687622
150.44,0.000687543
150.45,0.000687464
150.46,0.000687386
150.47,0.000687307
150.48,0.000687229
150.49,0.00068715
150.5,0.000687071
150.51,0.000686993
150.52,0.000686914
150.53,0.000686835
150.54,0.000686757
150.55,0.000686678
150.56,0.0006866
150.57,0.000686521
150.58,0.000686442
150.59,0.000686364
150.6,0.000686285
150.61,0.000686207
150.62,0.000686128
150.63,0.000686049
150.64,0.000685971
150.65,0.000685892
150.66,0.000685813
150.67,0.000685735
150.68,0.000685656
150.69,0.000685578
150.7,0.000685499
150.71,0.00068542
150.72,0.000685342
150.73,0.000685263
150.74,0.000685185
150.75,0.000685106
150.76,0.000685027
150.77,0.000684949
150.78,0.00068487
150.79,0.000684792
150.8,0.000684713
150.81,0.000684634
150.82,0.000684556
150.83,0.000684477
150.84,0.000684399
150.85,0.00068432
150.86,0.000684241
150.87,0.000684163
150.88,0.000684084
150.89,0.000684006
150.9,0.000683927
150.91,0.000683848
150.92,0.00068377
150.93,0.000683691
150.94,0.000683613
150.95,0.000683534
150.96,0.000683456
150.97,0.000683377
150.98,0.000683298
150.99,0.00068322
151,0.000683141
151.01,0.000683063
151.02,0.000682984
151.03,0.000682905
151.04,0.000682827
151.05,0.000682748
151.06,0.00068267
151.07,0.000682591
151.08,0.000682513
151.09,0.000682434
151.1,0.000682355
151.11,0.000682277
151.12,0.000682198
151.13,0.00068212
151.14,0.000682041
151.15,0.000681962
151.16,0.000681884
151.17,0.000681805
151.18,0.000681727
151.19,0.000681648
151.2,0.00068157
151.21,0.000681491
151.22,0.000681412
151.23,0.000681334
151.24,0.000681255
151.25,0.000681177
151.26,0.000681098
151.27,0.00068102
151.28,0.000680941
151.29,0.000680862
151.3,0.000680784
151.31,0.000680705
151.32,0.000680627
151.33,0.000680548
151.34,0.00068047
151.35,0.000680391
151.36,0.000680312
151.37,0.000680234
151.38,0.000680155
151.39,0.000680077
151.4,0.000679998
151.41,0.00067992
151.42,0.000679841
151.43,0.000679763
151.44,0.000679684
151.45,0.000679605
151.46,0.000679527
151.47,0.000679448
151.48,0.00067937
151.49,0.000679291
151.5,0.000679213
151.51,0.000679134
151.52,0.000679056
151.53,0.000678977
151.54,0.000678898
151.55,0.00067882
151.56,0.000678741
151.57,0.000678663
151.58,0.000678584
151.59,0.000678506
151.6,0.000678427
151.61,0.000678349
151.62,0.00067827
151.63,0.000678192
151.64,0.000678113
151.65,0.000678034
151.66,0.000677956
151.67,0.000677877
151.68,0.000677799
151.69,0.00067772
151.7,0.000677642
151.71,0.000677563
151.72,0.000677485
151.73,0.000677406
151.74,0.000677328
151.75,0.000677249
151.76,0.00067717
151.77,0.000677092
151.78,0.000677013
151.79,0.000676935
151.8,0.000676856
151.81,0.000676778
151.82,0.000676699
151.83,0.000676621
151.84,0.000676542
151.85,0.000676464
151.86,0.000676385
151.87,0.000676307
151.88,0.000676228
151.89,0.00067615
151.9,0.000676071
151.91,0.000675992
151.92,0.000675914
151.93,0.000675835
151.94,0.000675757
151.95,0.000675678
151.96,0.0006756
151.97,0.000675521
151.98,0.000675443
151.99,0.000675364
152,0.000675286
152.01,0.000675207
152.02,0.000675129
152.03,0.00067505
152.04,0.000674972
152.05,0.000674893
152.06,0.000674815
152.07,0.000674736
152.08,0.000674658
152.09,0.000674579
152.1,0.000674501
152.11,0.000674422
152.12,0.000674344
152.13,0.000674265
152.14,0.000674187
152.15,0.000674108
152.16,0.000674029
152.17,0.000673951
152.18,0.000673872
152.19,0.000673794
152.2,0.000673715
152.21,0.000673637
152.22,0.000673558
152.23,0.00067348
152.24,0.000673401
152.25,0.000673323
152.26,0.000673244
152.27,0.000673166
152.28,0.000673087
152.29,0.000673009
152.3,0.00067293
152.31,0.000672852
152.32,0.000672773
152.33,0.000672695
152.34,0.000672616
152.35,0.000672538
152.36,0.000672459
152.37,0.000672381
152.38,0.000672302
152.39,0.000672224
152.4,0.000672145
152.41,0.000672067
152.42,0.000671988
152.43,0.00067191
152.44,0.000671831
152.45,0.000671753
152.46,0.000671674
152.47,0.000671596
152.48,0.000671517
152.49,0.000671439
152.5,0.00067136
152.51,0.000671282
152.52,0.000671203
152.53,0.000671125
152.54,0.000671046
152.55,0.000670968
152.56,0.000670889
152.57,0.000670811
152.58,0.000670733
152.59,0.000670654
152.6,0.000670576
152.61,0.000670497
152.62,0.000670419
152.63,0.00067034
152.64,0.000670262
152.65,0.000670183
152.66,0.000670105
152.67,0.000670026
152.68,0.000669948
152.69,0.000669869
152.7,0.000669791
152.71,0.000669712
152.72,0.000669634
152.73,0.000669555
152.74,0.000669477
152.75,0.000669398
152.76,0.00066932
152.77,0.000669241
152.78,0.000669163
152.79,0.000669084
152.8,0.000669006
152.81,0.000668927
152.82,0.000668849
152.83,0.000668771
152.84,0.000668692
152.85,0.000668614
152.86,0.000668535
152.87,0.000668457
152.88,0.000668378
152.89,0.0006683
152.9,0.000668221
152.91,0.000668143
152.92,0.000668064
152.93,0.000667986
152.94,0.000667907
152.95,0.000667829
152.96,0.00066775
152.97,0.000667672
152.98,0.000667594
152.99,0.000667515
153,0.000667437
153.01,0.000667358
153.02,0.00066728
153.03,0.000667201
153.04,0.000667123
153.05,0.000667044
153.06,0.000666966
153.07,0.000666887
153.08,0.000666809
153.09,0.000666731
153.1,0.000666652
153.11,0.000666574
153.12,0.000666495
153.13,0.000666417
153.14,0.000666338
153.15,0.00066626
153.16,0.000666181
153.17,0.000666103
153.18,0.000666024
153.19,0.000665946
153.2,0.000665868
153.21,0.000665789
153.22,0.000665711
153.23,0.000665632
153.24,0.000665554
153.25,0.000665475
153.26,0.000665397
153.27,0.000665318
153.28,0.00066524
153.29,0.000665162
153.3,0.000665083
153.31,0.000665005
153.32,0.000664926
153.33,0.000664848
153.34,0.000664769
153.35,0.000664691
153.36,0.000664612
153.37,0.000664534
153.38,0.000664456
153.39,0.000664377
153.4,0.000664299
153.41,0.00066422
153.42,0.000664142
153.43,0.000664063
153.44,0.000663985
153.45,0.000663907
153.46,0.000663828
153.47,0.00066375
153.48,0.000663671
153.49,0.000663593
153.5,0.000663514
153.51,0.000663436
153.52,0.000663358
153.53,0.000663279
153.54,0.000663201
153.55,0.000663122
153.56,0.000663044
153.57,0.000662965
153.58,0.000662887
153.59,0.000662809
153.6,0.00066273
153.61,0.000662652
153.62,0.000662573
153.63,0.000662495
153.64,0.000662416
153.65,0.000662338
153.66,0.00066226
153.67,0.000662181
153.68,0.000662103
153.69,0.000662024
153.7,0.000661946
153.71,0.000661867
153.72,0.000661789
153.73,0.000661711
153.74,0.000661632
153.75,0.000661554
153.76,0.000661475
153.77,0.000661397
153.78,0.000661319
153.79,0.00066124
153.8,0.000661162
153.81,0.000661083
153.82,0.000661005
153.83,0.000660927
153.84,0.000660848
153.85,0.00066077
153.86,0.000660691
153.87,0.000660613
153.88,0.000660534
153.89,0.000660456
153.9,0.000660378
153.91,0.000660299
153.92,0.000660221
153.93,0.000660142
153.94,0.000660064
153.95,0.000659986
153.96,0.000659907
153.97,0.000659829
153.98,0.00065975
153.99,0.000659672
154,0.000659594
154.01,0.000659515
154.02,0.000659437
154.03,0.000659358
154.04,0.00065928
154.05,0.000659202
154.06,0.000659123
154.07,0.000659045
154.08,0.000658966
154.09,0.000658888
154.1,0.00065881
154.11,0.000658731
154.12,0.000658653
154.13,0.000658574
154.14,0.000658496
154.15,0.000658418
154.16,0.000658339
154.17,0.000658261
154.18,0.000658182
154.19,0.000658104
154.2,0.000658026
154.21,0.000657947
154.22,0.000657869
154.23,0.000657791
154.24,0.000657712
154.25,0.000657634
154.26,0.000657555
154.27,0.000657477
154.28,0.000657399
154.29,0.00065732
154.3,0.000657242
154.31,0.000657163
154.32,0.000657085
154.33,0.000657007
154.34,0.000656928
154.35,0.00065685
154.36,0.000656772
154.37,0.000656693
154.38,0.000656615
154.39,0.000656536
154.4,0.000656458
154.41,0.00065638
154.42,0.000656301
154.43,0.000656223
154.44,0.000656145
154.45,0.000656066
154.46,0.000655988
154.47,0.000655909
154.48,0.000655831
154.49,0.000655753
154.5,0.000655674
154.51,0.000655596
154.52,0.000655518
154.53,0.000655439
154.54,0.000655361
154.55,0.000655282
154.56,0.000655204
154.57,0.000655126
154.58,0.000655047
154.59,0.000654969
154.6,0.000654891
154.61,0.000654812
154.62,0.000654734
154.63,0.000654656
154.64,0.000654577
154.65,0.000654499
154.66,0.00065442
154.67,0.000654342
154.68,0.000654264
154.69,0.000654185
154.7,0.000654107
154.71,0.000654029
154.72,0.00065395
154.73,0.000653872
154.74,0.000653794
154.75,0.000653715
154.76,0.000653637
154.77,0.000653558
154.78,0.00065348
154.79,0.000653402
154.8,0.000653323
154.81,0.000653245
154.82,0.000653167
154.83,0.000653088
154.84,0.00065301
154.85,0.000652932
154.86,0.000652853
154.87,0.000652775
154.88,0.000652697
154.89,0.000652618
154.9,0.00065254
154.91,0.000652462
154.92,0.000652383
154.93,0.000652305
154.94,0.000652227
154.95,0.000652148
154.96,0.00065207
154.97,0.000651991
154.98,0.000651913
154.99,0.000651835
155,0.000651756
155.01,0.000651678
155.02,0.0006516
155.03,0.000651521
155.04,0.000651443
155.05,0.000651365
155.06,0.000651286
155.07,0.000651208
155.08,0.00065113
155.09,0.000651051
155.1,0.000650973
155.11,0.000650895
155.12,0.000650816
155.13,0.000650738
155.14,0.00065066
155.15,0.000650581
155.16,0.000650503
155.17,0.000650425
155.18,0.000650346
155.19,0.000650268
155.2,0.00065019
155.21,0.000650111
155.22,0.000650033
155.23,0.000649955
155.24,0.000649876
155.25,0.000649798
155.26,0.00064972
155.27,0.000649641
155.28,0.000649563
155.29,0.000649485
155.3,0.000649406
155.31,0.000649328
155.32,0.00064925
155.33,0.000649171
155.34,0.000649093
155.35,0.000649015
155.36,0.000648937
155.37,0.000648858
155.38,0.00064878
155.39,0.000648702
155.4,0.000648623
155.41,0.000648545
155.42,0.000648467
155.43,0.000648388
155.44,0.00064831
155.45,0.000648232
155.46,0.000648153
155.47,0.000648075
155.48,0.000647997
155.49,0.000647918
155.5,0.00064784
155.51,0.000647762
155.52,0.000647683
155.53,0.000647605
155.54,0.000647527
155.55,0.000647448
155.56,0.00064737
155.57,0.000647292
155.58,0.000647214
155.59,0.000647135
155.6,0.000647057
155.61,0.000646979
155.62,0.0006469
155.63,0.000646822
155.64,0.000646744
155.65,0.000646665
155.66,0.000646587
155.67,0.000646509
155.68,0.00064643
155.69,0.000646352
155.7,0.000646274
155.71,0.000646196
155.72,0.000646117
155.73,0.000646039
155.74,0.000645961
155.75,0.000645882
155.76,0.000645804
155.77,0.000645726
155.78,0.000645647
155.79,0.000645569
155.8,0.000645491
155.81,0.000645413
155.82,0.000645334
155.83,0.000645256
155.84,0.000645178
155.85,0.000645099
155.86,0.000645021
155.87,0.000644943
155.88,0.000644865
155.89,0.000644786
155.9,0.000644708
155.91,0.00064463
155.92,0.000644551
155.93,0.000644473
155.94,0.000644395
155.95,0.000644316
155.96,0.000644238
155.97,0.00064416
155.98,0.000644082
155.99,0.000644003
156,0.000643925
156.01,0.000643847
156.02,0.000643768
156.03,0.00064369
156.04,0.000643612
156.05,0.000643534
156.06,0.000643455
156.07,0.000643377
156.08,0.000643299
156.09,0.00064322
156.1,0.000643142
156.11,0.000643064
156.12,0.000642986
156.13,0.000642907
156.14,0.000642829
156.15,0.000642751
156.16,0.000642673
156.17,0.000642594
156.18,0.000642516
156.19,0.000642438
156.2,0.000642359
156.21,0.000642281
156.22,0.000642203
156.23,0.000642125
156.24,0.000642046
156.25,0.000641968
156.26,0.00064189
156.27,0.000641811
156.28,0.000641733
156.29,0.000641655
156.3,0.000641577
156.31,0.000641498
156.32,0.00064142
156.33,0.000641342
156.34,0.000641264
156.35,0.000641185
156.36,0.000641107
156.37,0.000641029
156.38,0.000640951
156.39,0.000640872
156.4,0.000640794
156.41,0.000640716
156.42,0.000640637
156.43,0.000640559
156.44,0.000640481
156.45,0.000640403
156.46,0.000640324
156.47,0.000640246
156.48,0.000640168
156.49,0.00064009
156.5,0.000640011
156.51,0.000639933
156.52,0.000639855
156.53,0.000639777
156.54,0.000639698
156.55,0.00063962
156.56,0.000639542
156.57,0.000639464
156.58,0.000639385
156.59,0.000639307
156.6,0.000639229
156.61,0.000639151
156.62,0.000639072
156.63,0.000638994
156.64,0.000638916
156.65,0.000638838
156.66,0.000638759
156.67,0.000638681
156.68,0.000638603
156.69,0.000638525
156.7,0.000638446
156.71,0.000638368
156.72,0.00063829
156.73,0.000638212
156.74,0.000638133
156.75,0.000638055
156.76,0.000637977
156.77,0.000637899
156.78,0.00063782
156.79,0.000637742
156.8,0.000637664
156.81,0.000637586
156.82,0.000637507
156.83,0.000637429
156.84,0.000637351
156.85,0.000637273
156.86,0.000637194
156.87,0.000637116
156.88,0.000637038
156.89,0.00063696
156.9,0.000636881
156.91,0.000636803
156.92,0.000636725
156.93,0.000636647
156.94,0.000636568
156.95,0.00063649
156.96,0.000636412
156.97,0.000636334
156.98,0.000636256
156.99,0.000636177
157,0.000636099
157.01,0.000636021
157.02,0.000635943
157.03,0.000635864
157.04,0.000635786
157.05,0.000635708
157.06,0.00063563
157.07,0.000635551
157.08,0.000635473
157.09,0.000635395
157.1,0.000635317
157.11,0.000635239
157.12,0.00063516
157.13,0.000635082
157.14,0.000635004
157.15,0.000634926
157.16,0.000634847
157.17,0.000634769
157.18,0.000634691
157.19,0.000634613
157.2,0.000634535
157.21,0.000634456
157.22,0.000634378
157.23,0.0006343
157.24,0.000634222
157.25,0.000634143
157.26,0.000634065
157.27,0.000633987
157.28,0.000633909
157.29,0.000633831
157.3,0.000633752
157.31,0.000633674
157.32,0.000633596
157.33,0.000633518
157.34,0.000633439
157.35,0.000633361
157.36,0.000633283
157.37,0.000633205
157.38,0.000633127
157.39,0.000633048
157.4,0.00063297
157.41,0.000632892
157.42,0.000632814
157.43,0.000632736
157.44,0.000632657
157.45,0.000632579
157.46,0.000632501
157.47,0.000632423
157.48,0.000632345
157.49,0.000632266
157.5,0.000632188
157.51,0.00063211
157.52,0.000632032
157.53,0.000631953
157.54,0.000631875
157.55,0.000631797
157.56,0.000631719
157.57,0.000631641
157.58,0.000631562
157.59,0.000631484
157.6,0.000631406
157.61,0.000631328
157.62,0.00063125
157.63,0.000631171
157.64,0.000631093
157.65,0.000631015
157.66,0.000630937
157.67,0.000630859
157.68,0.00063078
157.69,0.000630702
157.7,0.000630624
157.71,0.000630546
157.72,0.000630468
157.73,0.00063039
157.74,0.000630311
157.75,0.000630233
157.76,0.000630155
157.77,0.000630077
157.78,0.000629999
157.79,0.00062992
157.8,0.000629842
157.81,0.000629764
157.82,0.000629686
157.83,0.000629608
157.84,0.000629529
157.85,0.000629451
157.86,0.000629373
157.87,0.000629295
157.88,0.000629217
157.89,0.000629138
157.9,0.00062906
157.91,0.000628982
157.92,0.000628904
157.93,0.000628826
157.94,0.000628748
157.95,0.000628669
157.96,0.000628591
157.97,0.000628513
157.98,0.000628435
157.99,0.000628357
158,0.000628278
158.01,0.0006282
158.02,0.000628122
158.03,0.000628044
158.04,0.000627966
158.05,0.000627888
158.06,0.000627809
158.07,0.000627731
158.08,0.000627653
158.09,0.000627575
158.1,0.000627497
158.11,0.000627418
158.12,0.00062734
158.13,0.000627262
158.14,0.000627184
158.15,0.000627106
158.16,0.000627028
158.17,0.000626949
158.18,0.000626871
158.19,0.000626793
158.2,0.000626715
158.21,0.000626637
158.22,0.000626559
158.23,0.00062648
158.24,0.000626402
158.25,0.000626324
158.26,0.000626246
158.27,0.000626168
158.28,0.00062609
158.29,0.000626011
158.3,0.000625933
158.31,0.000625855
158.32,0.000625777
158.33,0.000625699
158.34,0.000625621
158.35,0.000625542
158.36,0.000625464
158.37,0.000625386
158.38,0.000625308
158.39,0.00062523
158.4,0.000625152
158.41,0.000625073
158.42,0.000624995
158.43,0.000624917
158.44,0.000624839
158.45,0.000624761
158.46,0.000624683
158.47,0.000624605
158.48,0.000624526
158.49,0.000624448
158.5,0.00062437
158.51,0.000624292
158.52,0.000624214
158.53,0.000624136
158.54,0.000624057
158.55,0.000623979
158.56,0.000623901
158.57,0.000623823
158.58,0.000623745
158.59,0.000623667
158.6,0.000623589
158.61,0.00062351
158.62,0.000623432
158.63,0.000623354
158.64,0.000623276
158.65,0.000623198
158.66,0.00062312
158.67,0.000623042
158.68,0.000622963
158.69,0.000622885
158.7,0.000622807
158.71,0.000622729
158.72,0.000622651
158.73,0.000622573
158.74,0.000622494
158.75,0.000622416
158.76,0.000622338
158.77,0.00062226
158.78,0.000622182
158.79,0.000622104
158.8,0.000622026
158.81,0.000621948
158.82,0.000621869
158.83,0.000621791
158.84,0.000621713
158.85,0.000621635
158.86,0.000621557
158.87,0.000621479
158.88,0.000621401
158.89,0.000621322
158.9,0.000621244
158.91,0.000621166
158.92,0.000621088
158.93,0.00062101
158.94,0.000620932
158.95,0.000620854
158.96,0.000620775
158.97,0.000620697
158.98,0.000620619
158.99,0.000620541
159,0.000620463
159.01,0.000620385
159.02,0.000620307
159.03,0.000620229
159.04,0.00062015
159.05,0.000620072
159.06,0.000619994
159.07,0.000619916
159.08,0.000619838
159.09,0.00061976
159.1,0.000619682
159.11,0.000619604
159.12,0.000619525
159.13,0.000619447
159.14,0.000619369
159.15,0.000619291
159.16,0.000619213
159.17,0.000619135
159.18,0.000619057
159.19,0.000618979
159.2,0.0006189
159.21,0.000618822
159.22,0.000618744
159.23,0.000618666
159.24,0.000618588
159.25,0.00061851
159.26,0.000618432
159.27,0.000618354
159.28,0.000618276
159.29,0.000618197
159.3,0.000618119
159.31,0.000618041
159.32,0.000617963
159.33,0.000617885
159.34,0.000617807
159.35,0.000617729
159.36,0.000617651
159.37,0.000617572
159.38,0.000617494
159.39,0.000617416
159.4,0.000617338
159.41,0.00061726
159.42,0.000617182
159.43,0.000617104
159.44,0.000617026
159.45,0.000616948
159.46,0.00061687
159.47,0.000616791
159.48,0.000616713
159.49,0.000616635
159.5,0.000616557
159.51,0.000616479
159.52,0.000616401
159.53,0.000616323
159.54,0.000616245
159.55,0.000616167
159.56,0.000616088
159.57,0.00061601
159.58,0.000615932
159.59,0.000615854
159.6,0.000615776
159.61,0.000615698
159.62,0.00061562
159.63,0.000615542
159.64,0.000615464
159.65,0.000615386
159.66,0.000615307
159.67,0.000615229
159.68,0.000615151
159.69,0.000615073
159.7,0.000614995
159.71,0.000614917
159.72,0.000614839
159.73,0.000614761
159.74,0.000614683
159.75,0.000614605
159.76,0.000614527
159.77,0.000614448
159.78,0.00061437
159.79,0.000614292
159.8,0.000614214
159.81,0.000614136
159.82,0.000614058
159.83,0.00061398
159.84,0.000613902
159.85,0.000613824
159.86,0.000613746
159.87,0.000613668
159.88,0.000613589
159.89,0.000613511
159.9,0.000613433
159.91,0.000613355
159.92,0.000613277
159.93,0.000613199
159.94,0.000613121
159.95,0.000613043
159.96,0.000612965
159.97,0.000612887
159.98,0.000612809
159.99,0.000612731
160,0.000612652
160.01,0.000612614
160.02,0.000612576
160.03,0.000612539
160.04,0.000612501
160.05,0.000612463
160.06,0.000612425
160.07,0.000612387
160.08,0.000612349
160.09,0.000612311
160.1,0.000612273
160.11,0.000612235
160.12,0.000612197
160.13,0.000612159
160.14,0.000612121
160.15,0.000612083
160.16,0.000612045
160.17,0.000612007
160.18,0.000611969
160.19,0.000611931
160.2,0.000611893
160.21,0.000611855
160.22,0.000611817
160.23,0.000611779
160.24,0.000611741
160.25,0.000611703
160.26,0.000611665
160.27,0.000611627
160.28,0.00061159
160.29,0.000611552
160.3,0.000611514
160.31,0.000611476
160.32,0.000611438
160.33,0.0006114
160.34,0.000611362
160.35,0.000611324
160.36,0.000611286
160.37,0.000611248
160.38,0.00061121
160.39,0.000611172
160.4,0.000611134
160.41,0.000611096
160.42,0.000611058
160.43,0.00061102
160.44,0.000610982
160.45,0.000610944
160.46,0.000610906
160.47,0.000610868
160.48,0.000610831
160.49,0.000610793
160.5,0.000610755
160.51,0.000610717
160.52,0.000610679
160.53,0.000610641
160.54,0.000610603
160.55,0.000610565
160.56,0.000610527
160.57,0.000610489
160.58,0.000610451
160.59,0.000610413
160.6,0.000610375
160.61,0.000610337
160.62,0.000610299
160.63,0.000610261
160.64,0.000610223
160.65,0.000610186
160.66,0.000610148
160.67,0.00061011
160.68,0.000610072
160.69,0.000610034
160.7,0.000609996
160.71,0.000609958
160.72,0.00060992
160.73,0.000609882
160.74,0.000609844
160.75,0.000609806
160.76,0.000609768
160.77,0.00060973
160.78,0.000609692
160.79,0.000609654
160.8,0.000609617
160.81,0.000609579
160.82,0.000609541
160.83,0.000609503
160.84,0.000609465
160.85,0.000609427
160.86,0.000609389
160.87,0.000609351
160.88,0.000609313
160.89,0.000609275
160.9,0.000609237
160.91,0.000609199
160.92,0.000609161
160.93,0.000609124
160.94,0.000609086
160.95,0.000609048
160.96,0.00060901
160.97,0.000608972
160.98,0.000608934
160.99,0.000608896
161,0.000608858
161.01,0.00060882
161.02,0.000608782
161.03,0.000608744
161.04,0.000608706
161.05,0.000608668
161.06,0.000608631
161.07,0.000608593
161.08,0.000608555
161.09,0.000608517
161.1,0.000608479
161.11,0.000608441
161.12,0.000608403
161.13,0.000608365
161.14,0.000608327
161.15,0.000608289
161.16,0.000608251
161.17,0.000608213
161.18,0.000608176
161.19,0.000608138
161.2,0.0006081
161.21,0.000608062
161.22,0.000608024
161.23,0.000607986
161.24,0.000607948
161.25,0.00060791
161.26,0.000607872
161.27,0.000607834
161.28,0.000607796
161.29,0.000607759
161.3,0.000607721
161.31,0.000607683
161.32,0.000607645
161.33,0.000607607
161.34,0.000607569
161.35,0.000607531
161.36,0.000607493
161.37,0.000607455
161.38,0.000607417
161.39,0.00060738
161.4,0.000607342
161.41,0.000607304
161.42,0.000607266
161.43,0.000607228
161.44,0.00060719
161.45,0.000607152
161.46,0.000607114
161.47,0.000607076
161.48,0.000607038
161.49,0.000607001
161.5,0.000606963
161.51,0.000606925
161.52,0.000606887
161.53,0.000606849
161.54,0.000606811
161.55,0.000606773
161.56,0.000606735
161.57,0.000606697
161.58,0.000606659
161.59,0.000606622
161.6,0.000606584
161.61,0.000606546
161.62,0.000606508
161.63,0.00060647
161.64,0.000606432
161.65,0.000606394
161.66,0.000606356
161.67,0.000606318
161.68,0.000606281
161.69,0.000606243
161.7,0.000606205
161.71,0.000606167
161.72,0.000606129
161.73,0.000606091
161.74,0.000606053
161.75,0.000606015
161.76,0.000605977
161.77,0.00060594
161.78,0.000605902
161.79,0.000605864
161.8,0.000605826
161.81,0.000605788
161.82,0.00060575
161.83,0.000605712
161.84,0.000605674
161.85,0.000605636
161.86,0.000605599
161.87,0.000605561
161.88,0.000605523
161.89,0.000605485
161.9,0.000605447
161.91,0.000605409
161.92,0.000605371
161.93,0.000605333
161.94,0.000605296
161.95,0.000605258
161.96,0.00060522
161.97,0.000605182
161.98,0.000605144
161.99,0.000605106
162,0.000605068
162.01,0.00060503
162.02,0.000604993
162.03,0.000604955
162.04,0.000604917
162.05,0.000604879
162.06,0.000604841
162.07,0.000604803
162.08,0.000604765
162.09,0.000604727
162.1,0.00060469
162.11,0.000604652
162.12,0.000604614
162.13,0.000604576
162.14,0.000604538
162.15,0.0006045
162.16,0.000604462
162.17,0.000604425
162.18,0.000604387
162.19,0.000604349
162.2,0.000604311
162.21,0.000604273
162.22,0.000604235
162.23,0.000604197
162.24,0.000604159
162.25,0.000604122
162.26,0.000604084
162.27,0.000604046
162.28,0.000604008
162.29,0.00060397
162.3,0.000603932
162.31,0.000603894
162.32,0.000603857
162.33,0.000603819
162.34,0.000603781
162.35,0.000603743
162.36,0.000603705
162.37,0.000603667
162.38,0.000603629
162.39,0.000603592
162.4,0.000603554
162.41,0.000603516
162.42,0.000603478
162.43,0.00060344
162.44,0.000603402
162.45,0.000603364
162.46,0.000603327
162.47,0.000603289
162.48,0.000603251
162.49,0.000603213
162.5,0.000603175
162.51,0.000603137
162.52,0.000603099
162.53,0.000603062
162.54,0.000603024
162.55,0.000602986
162.56,0.000602948
162.57,0.00060291
162.58,0.000602872
162.59,0.000602834
162.6,0.000602797
162.61,0.000602759
162.62,0.000602721
162.63,0.000602683
162.64,0.000602645
162.65,0.000602607
162.66,0.00060257
162.67,0.000602532
162.68,0.000602494
162.69,0.000602456
162.7,0.000602418
162.71,0.00060238
162.72,0.000602342
162.73,0.000602305
162.74,0.000602267
162.75,0.000602229
162.76,0.000602191
162.77,0.000602153
162.78,0.000602115
162.79,0.000602078
162.8,0.00060204
162.81,0.000602002
162.82,0.000601964
162.83,0.000601926
162.84,0.000601888
162.85,0.000601851
162.86,0.000601813
162.87,0.000601775
162.88,0.000601737
162.89,0.000601699
162.9,0.000601661
162.91,0.000601624
162.92,0.000601586
162.93,0.000601548
162.94,0.00060151
162.95,0.000601472
162.96,0.000601434
162.97,0.000601397
162.98,0.000601359
162.99,0.000601321
163,0.000601283
163.01,0.000601245
163.02,0.000601207
163.03,0.00060117
163.04,0.000601132
163.05,0.000601094
163.06,0.000601056
163.07,0.000601018
163.08,0.00060098
163.09,0.000600943
163.1,0.000600905
163.11,0.000600867
163.12,0.000600829
163.13,0.000600791
163.14,0.000600753
163.15,0.000600716
163.16,0.000600678
163.17,0.00060064
163.18,0.000600602
163.19,0.000600564
163.2,0.000600527
163.21,0.000600489
163.22,0.000600451
163.23,0.000600413
163.24,0.000600375
163.25,0.000600337
163.26,0.0006003
163.27,0.000600262
163.28,0.000600224
163.29,0.000600186
163.3,0.000600148
163.31,0.000600111
163.32,0.000600073
163.33,0.000600035
163.34,0.000599997
163.35,0.000599959
163.36,0.000599921
163.37,0.000599884
163.38,0.000599846
163.39,0.000599808
163.4,0.00059977
163.41,0.000599732
163.42,0.000599695
163.43,0.000599657
163.44,0.000599619
163.45,0.000599581
163.46,0.000599543
163.47,0.000599505
163.48,0.000599468
163.49,0.00059943
163.5,0.000599392
163.51,0.000599354
163.52,0.000599316
163.53,0.000599279
163.54,0.000599241
163.55,0.000599203
163.56,0.000599165
163.57,0.000599127
163.58,0.00059909
163.59,0.000599052
163.6,0.000599014
163.61,0.000598976
163.62,0.000598938
163.63,0.000598901
163.64,0.000598863
163.65,0.000598825
163.66,0.000598787
163.67,0.000598749
163.68,0.000598712
163.69,0.000598674
163.7,0.000598636
163.71,0.000598598
163.72,0.00059856
163.73,0.000598523
163.74,0.000598485
163.75,0.000598447
163.76,0.000598409
163.77,0.000598371
163.78,0.000598334
163.79,0.000598296
163.8,0.000598258
163.81,0.00059822
163.82,0.000598182
163.83,0.000598145
163.84,0.000598107
163.85,0.000598069
163.86,0.000598031
163.87,0.000597993
163.88,0.000597956
163.89,0.000597918
163.9,0.00059788
163.91,0.000597842
163.92,0.000597804
163.93,0.000597767
163.94,0.000597729
163.95,0.000597691
163.96,0.000597653
163.97,0.000597615
163.98,0.000597578
163.99,0.00059754
164,0.000597502
164.01,0.000597464
164.02,0.000597427
164.03,0.000597389
164.04,0.000597351
164.05,0.000597313
164.06,0.000597275
164.07,0.000597238
164.08,0.0005972
164.09,0.000597162
164.1,0.000597124
164.11,0.000597086
164.12,0.000597049
164.13,0.000597011
164.14,0.000596973
164.15,0.000596935
164.16,0.000596898
164.17,0.00059686
164.18,0.000596822
164.19,0.000596784
164.2,0.000596746
164.21,0.000596709
164.22,0.000596671
164.23,0.000596633
164.24,0.000596595
164.25,0.000596558
164.26,0.00059652
164.27,0.000596482
164.28,0.000596444
164.29,0.000596406
164.3,0.000596369
164.31,0.000596331
164.32,0.000596293
164.33,0.000596255
164.34,0.000596218
164.35,0.00059618
164.36,0.000596142
164.37,0.000596104
164.38,0.000596066
164.39,0.000596029
164.4,0.000595991
164.41,0.000595953
164.42,0.000595915
164.43,0.000595878
164.44,0.00059584
164.45,0.000595802
164.46,0.000595764
164.47,0.000595727
164.48,0.000595689
164.49,0.000595651
164.5,0.000595613
164.51,0.000595575
164.52,0.000595538
164.53,0.0005955
164.54,0.000595462
164.55,0.000595424
164.56,0.000595387
164.57,0.000595349
164.58,0.000595311
164.59,0.000595273
164.6,0.000595236
164.61,0.000595198
164.62,0.00059516
164.63,0.000595122
164.64,0.000595085
164.65,0.000595047
164.66,0.000595009
164.67,0.000594971
164.68,0.000594933
164.69,0.000594896
164.7,0.000594858
164.71,0.00059482
164.72,0.000594782
164.73,0.000594745
164.74,0.000594707
164.75,0.000594669
164.76,0.000594631
164.77,0.000594594
164.78,0.000594556
164.79,0.000594518
164.8,0.00059448
164.81,0.000594443
164.82,0.000594405
164.83,0.000594367
164.84,0.000594329
164.85,0.000594292
164.86,0.000594254
164.87,0.000594216
164.88,0.000594178
164.89,0.000594141
164.9,0.000594103
164.91,0.000594065
164.92,0.000594027
164.93,0.00059399
164.94,0.000593952
164.95,0.000593914
164.96,0.000593876
164.97,0.000593839
164.98,0.000593801
164.99,0.000593763
165,0.000593725
165.01,0.000593688
165.02,0.00059365
165.03,0.000593612
165.04,0.000593574
165.05,0.000593537
165.06,0.000593499
165.07,0.000593461
165.08,0.000593423
165.09,0.000593386
165.1,0.000593348
165.11,0.00059331
165.12,0.000593272
165.13,0.000593235
165.14,0.000593197
165.15,0.000593159
165.16,0.000593121
165.17,0.000593084
165.18,0.000593046
165.19,0.000593008
165.2,0.000592971
165.21,0.000592933
165.22,0.000592895
165.23,0.000592857
165.24,0.00059282
165.25,0.000592782
165.26,0.000592744
165.27,0.000592706
165.28,0.000592669
165.29,0.000592631
165.3,0.000592593
165.31,0.000592555
165.32,0.000592518
165.33,0.00059248
165.34,0.000592442
165.35,0.000592404
165.36,0.000592367
165.37,0.000592329
165.38,0.000592291
165.39,0.000592254
165.4,0.000592216
165.41,0.000592178
165.42,0.00059214
165.43,0.000592103
165.44,0.000592065
165.45,0.000592027
165.46,0.000591989
165.47,0.000591952
165.48,0.000591914
165.49,0.000591876
165.5,0.000591839
165.51,0.000591801
165.52,0.000591763
165.53,0.000591725
165.54,0.000591688
165.55,0.00059165
165.56,0.000591612
165.57,0.000591574
165.58,0.000591537
165.59,0.000591499
165.6,0.000591461
165.61,0.000591424
165.62,0.000591386
165.63,0.000591348
165.64,0.00059131
165.65,0.000591273
165.66,0.000591235
165.67,0.000591197
165.68,0.00059116
165.69,0.000591122
165.7,0.000591084
165.71,0.000591046
165.72,0.000591009
165.73,0.000590971
165.74,0.000590933
165.75,0.000590895
165.76,0.000590858
165.77,0.00059082
165.78,0.000590782
165.79,0.000590745
165.8,0.000590707
165.81,0.000590669
165.82,0.000590631
165.83,0.000590594
165.84,0.000590556
165.85,0.000590518
165.86,0.000590481
165.87,0.000590443
165.88,0.000590405
165.89,0.000590367
165.9,0.00059033
165.91,0.000590292
165.92,0.000590254
165.93,0.000590217
165.94,0.000590179
165.95,0.000590141
165.96,0.000590104
165.97,0.000590066
165.98,0.000590028
165.99,0.00058999
166,0.000589953
166.01,0.000589915
166.02,0.000589877
166.03,0.00058984
166.04,0.000589802
166.05,0.000589764
166.06,0.000589726
166.07,0.000589689
166.08,0.000589651
166.09,0.000589613
166.1,0.000589576
166.11,0.000589538
166.12,0.0005895
166.13,0.000589463
166.14,0.000589425
166.15,0.000589387
166.16,0.000589349
166.17,0.000589312
166.18,0.000589274
166.19,0.000589236
166.2,0.000589199
166.21,0.000589161
166.22,0.000589123
166.23,0.000589086
166.24,0.000589048
166.25,0.00058901
166.26,0.000588972
166.27,0.000588935
166.28,0.000588897
166.29,0.000588859
166.3,0.000588822
166.31,0.000588784
166.32,0.000588746
166.33,0.000588709
166.34,0.000588671
166.35,0.000588633
166.36,0.000588595
166.37,0.000588558
166.38,0.00058852
166.39,0.000588482
166.4,0.000588445
166.41,0.000588407
166.42,0.000588369
166.43,0.000588332
166.44,0.000588294
166.45,0.000588256
166.46,0.000588219
166.47,0.000588181
166.48,0.000588143
166.49,0.000588105
166.5,0.000588068
166.51,0.00058803
166.52,0.000587992
166.53,0.000587955
166.54,0.000587917
166.55,0.000587879
166.56,0.000587842
166.57,0.000587804
166.58,0.000587766
166.59,0.000587729
166.6,0.000587691
166.61,0.000587653
166.62,0.000587616
166.63,0.000587578
166.64,0.00058754
166.65,0.000587503
166.66,0.000587465
166.67,0.000587427
166.68,0.000587389
166.69,0.000587352
166.7,0.000587314
166.71,0.000587276
166.72,0.000587239
166.73,0.000587201
166.74,0.000587163
166.75,0.000587126
166.76,0.000587088
166.77,0.00058705
166.78,0.000587013
166.79,0.000586975
166.8,0.000586937
166.81,0.0005869
166.82,0.000586862
166.83,0.000586824
166.84,0.000586787
166.85,0.000586749
166.86,0.000586711
166.87,0.000586674
166.88,0.000586636
166.89,0.000586598
166.9,0.000586561
166.91,0.000586523
166.92,0.000586485
166.93,0.000586448
166.94,0.00058641
166.95,0.000586372
166.96,0.000586335
166.97,0.000586297
166.98,0.000586259
166.99,0.000586222
167,0.000586184
167.01,0.000586146
167.02,0.000586109
167.03,0.000586071
167.04,0.000586033
167.05,0.000585996
167.06,0.000585958
167.07,0.00058592
167.08,0.000585883
167.09,0.000585845
167.1,0.000585807
167.11,0.00058577
167.12,0.000585732
167.13,0.000585694
167.14,0.000585657
167.15,0.000585619
167.16,0.000585581
167.17,0.000585544
167.18,0.000585506
167.19,0.000585468
167.2,0.000585431
167.21,0.000585393
167.22,0.000585355
167.23,0.000585318
167.24,0.00058528
167.25,0.000585242
167.26,0.000585205
167.27,0.000585167
167.28,0.000585129
167.29,0.000585092
167.3,0.000585054
167.31,0.000585016
167.32,0.000584979
167.33,0.000584941
167.34,0.000584903
167.35,0.000584866
167.36,0.000584828
167.37,0.00058479
167.38,0.000584753
167.39,0.000584715
167.4,0.000584677
167.41,0.00058464
167.42,0.000584602
167.43,0.000584564
167.44,0.000584527
167.45,0.000584489
167.46,0.000584451
167.47,0.000584414
167.48,0.000584376
167.49,0.000584339
167.5,0.000584301
167.51,0.000584263
167.52,0.000584226
167.53,0.000584188
167.54,0.00058415
167.55,0.000584113
167.56,0.000584075
167.57,0.000584037
167.58,0.000584
167.59,0.000583962
167.6,0.000583924
167.61,0.000583887
167.62,0.000583849
167.63,0.000583811
167.64,0.000583774
167.65,0.000583736
167.66,0.000583699
167.67,0.000583661
167.68,0.000583623
167.69,0.000583586
167.7,0.000583548
167.71,0.00058351
167.72,0.000583473
167.73,0.000583435
167.74,0.000583397
167.75,0.00058336
167.76,0.000583322
167.77,0.000583284
167.78,0.000583247
167.79,0.000583209
167.8,0.000583172
167.81,0.000583134
167.82,0.000583096
167.83,0.000583059
167.84,0.000583021
167.85,0.000582983
167.86,0.000582946
167.87,0.000582908
167.88,0.00058287
167.89,0.000582833
167.9,0.000582795
167.91,0.000582758
167.92,0.00058272
167.93,0.000582682
167.94,0.000582645
167.95,0.000582607
167.96,0.000582569
167.97,0.000582532
167.98,0.000582494
167.99,0.000582456
168,0.000582419
168.01,0.000582381
168.02,0.000582344
168.03,0.000582306
168.04,0.000582268
168.05,0.000582231
168.06,0.000582193
168.07,0.000582155
168.08,0.000582118
168.09,0.00058208
168.1,0.000582043
168.11,0.000582005
168.12,0.000581967
168.13,0.00058193
168.14,0.000581892
168.15,0.000581854
168.16,0.000581817
168.17,0.000581779
168.18,0.000581741
168.19,0.000581704
168.2,0.000581666
168.21,0.000581629
168.22,0.000581591
168.23,0.000581553
168.24,0.000581516
168.25,0.000581478
168.26,0.00058144
168.27,0.000581403
168.28,0.000581365
168.29,0.000581328
168.3,0.00058129
168.31,0.000581252
168.32,0.000581215
168.33,0.000581177
168.34,0.00058114
168.35,0.000581102
168.36,0.000581064
168.37,0.000581027
168.38,0.000580989
168.39,0.000580951
168.4,0.000580914
168.41,0.000580876
168.42,0.000580839
168.43,0.000580801
168.44,0.000580763
168.45,0.000580726
168.46,0.000580688
168.47,0.00058065
168.48,0.000580613
168.49,0.000580575
168.5,0.000580538
168.51,0.0005805
168.52,0.000580462
168.53,0.000580425
168.54,0.000580387
168.55,0.00058035
168.56,0.000580312
168.57,0.000580274
168.58,0.000580237
168.59,0.000580199
168.6,0.000580162
168.61,0.000580124
168.62,0.000580086
168.63,0.000580049
168.64,0.000580011
168.65,0.000579973
168.66,0.000579936
168.67,0.000579898
168.68,0.000579861
168.69,0.000579823
168.7,0.000579785
168.71,0.000579748
168.72,0.00057971
168.73,0.000579673
168.74,0.000579635
168.75,0.000579597
168.76,0.00057956
168.77,0.000579522
168.78,0.000579485
168.79,0.000579447
168.8,0.000579409
168.81,0.000579372
168.82,0.000579334
168.83,0.000579297
168.84,0.000579259
168.85,0.000579221
168.86,0.000579184
168.87,0.000579146
168.88,0.000579109
168.89,0.000579071
168.9,0.000579033
168.91,0.000578996
168.92,0.000578958
168.93,0.000578921
168.94,0.000578883
168.95,0.000578845
168.96,0.000578808
168.97,0.00057877
168.98,0.000578733
168.99,0.000578695
169,0.000578657
169.01,0.00057862
169.02,0.000578582
169.03,0.000578545
169.04,0.000578507
169.05,0.000578469
169.06,0.000578432
169.07,0.000578394
169.08,0.000578357
169.09,0.000578319
169.1,0.000578281
169.11,0.000578244
169.12,0.000578206
169.13,0.000578169
169.14,0.000578131
169.15,0.000578093
169.16,0.000578056
169.17,0.000578018
169.18,0.000577981
169.19,0.000577943
169.2,0.000577906
169.21,0.000577868
169.22,0.00057783
169.23,0.000577793
169.24,0.000577755
169.25,0.000577718
169.26,0.00057768
169.27,0.000577642
169.28,0.000577605
169.29,0.000577567
169.3,0.00057753
169.31,0.000577492
169.32,0.000577454
169.33,0.000577417
169.34,0.000577379
169.35,0.000577342
169.36,0.000577304
169.37,0.000577267
169.38,0.000577229
169.39,0.000577191
169.4,0.000577154
169.41,0.000577116
169.42,0.000577079
169.43,0.000577041
169.44,0.000577003
169.45,0.000576966
169.46,0.000576928
169.47,0.000576891
169.48,0.000576853
169.49,0.000576816
169.5,0.000576778
169.51,0.00057674
169.52,0.000576703
169.53,0.000576665
169.54,0.000576628
169.55,0.00057659
169.56,0.000576553
169.57,0.000576515
169.58,0.000576477
169.59,0.00057644
169.6,0.000576402
169.61,0.000576365
169.62,0.000576327
169.63,0.00057629
169.64,0.000576252
169.65,0.000576214
169.66,0.000576177
169.67,0.000576139
169.68,0.000576102
169.69,0.000576064
169.7,0.000576026
169.71,0.000575989
169.72,0.000575951
169.73,0.000575914
169.74,0.000575876
169.75,0.000575839
169.76,0.000575801
169.77,0.000575764
169.78,0.000575726
169.79,0.000575688
169.8,0.000575651
169.81,0.000575613
169.82,0.000575576
169.83,0.000575538
169.84,0.000575501
169.85,0.000575463
169.86,0.000575425
169.87,0.000575388
169.88,0.00057535
169.89,0.000575313
169.9,0.000575275
169.91,0.000575238
169.92,0.0005752
169.93,0.000575162
169.94,0.000575125
169.95,0.000575087
169.96,0.00057505
169.97,0.000575012
169.98,0.000574975
169.99,0.000574937
170,0.000574899
170.01,0.000574862
170.02,0.000574824
170.03,0.000574787
170.04,0.000574749
170.05,0.000574712
170.06,0.000574674
170.07,0.000574637
170.08,0.000574599
170.09,0.000574561
170.1,0.000574524
170.11,0.000574486
170.12,0.000574449
170.13,0.000574411
170.14,0.000574374
170.15,0.000574336
170.16,0.000574299
170.17,0.000574261
170.18,0.000574223
170.19,0.000574186
170.2,0.000574148
170.21,0.000574111
170.22,0.000574073
170.23,0.000574036
170.24,0.000573998
170.25,0.000573961
170.26,0.000573923
170.27,0.000573885
170.28,0.000573848
170.29,0.00057381
170.3,0.000573773
170.31,0.000573735
170.32,0.000573698
170.33,0.00057366
170.34,0.000573623
170.35,0.000573585
170.36,0.000573547
170.37,0.00057351
170.38,0.000573472
170.39,0.000573435
170.4,0.000573397
170.41,0.00057336
170.42,0.000573322
170.43,0.000573285
170.44,0.000573247
170.45,0.00057321
170.46,0.000573172
170.47,0.000573134
170.48,0.000573097
170.49,0.000573059
170.5,0.000573022
170.51,0.000572984
170.52,0.000572947
170.53,0.000572909
170.54,0.000572872
170.55,0.000572834
170.56,0.000572797
170.57,0.000572759
170.58,0.000572721
170.59,0.000572684
170.6,0.000572646
170.61,0.000572609
170.62,0.000572571
170.63,0.000572534
170.64,0.000572496
170.65,0.000572459
170.66,0.000572421
170.67,0.000572384
170.68,0.000572346
170.69,0.000572309
170.7,0.000572271
170.71,0.000572233
170.72,0.000572196
170.73,0.000572158
170.74,0.000572121
170.75,0.000572083
170.76,0.000572046
170.77,0.000572008
170.78,0.000571971
170.79,0.000571933
170.8,0.000571896
170.81,0.000571858
170.82,0.000571821
170.83,0.000571783
170.84,0.000571745
170.85,0.000571708
170.86,0.00057167
170.87,0.000571633
170.88,0.000571595
170.89,0.000571558
170.9,0.00057152
170.91,0.000571483
170.92,0.000571445
170.93,0.000571408
170.94,0.00057137
170.95,0.000571333
170.96,0.000571295
170.97,0.000571258
170.98,0.00057122
170.99,0.000571183
171,0.000571145
171.01,0.000571107
171.02,0.00057107
171.03,0.000571032
171.04,0.000570995
171.05,0.000570957
171.06,0.00057092
171.07,0.000570882
171.08,0.000570845
171.09,0.000570807
171.1,0.00057077
171.11,0.000570732
171.12,0.000570695
171.13,0.000570657
171.14,0.00057062
171.15,0.000570582
171.16,0.000570545
171.17,0.000570507
171.18,0.00057047
171.19,0.000570432
171.2,0.000570394
171.21,0.000570357
171.22,0.000570319
171.23,0.000570282
171.24,0.000570244
171.25,0.000570207
171.26,0.000570169
171.27,0.000570132
171.28,0.000570094
171.29,0.000570057
171.3,0.000570019
171.31,0.000569982
171.32,0.000569944
171.33,0.000569907
171.34,0.000569869
171.35,0.000569832
171.36,0.000569794
171.37,0.000569757
171.38,0.000569719
171.39,0.000569682
171.4,0.000569644
171.41,0.000569607
171.42,0.000569569
171.43,0.000569532
171.44,0.000569494
171.45,0.000569457
171.46,0.000569419
171.47,0.000569381
171.48,0.000569344
171.49,0.000569306
171.5,0.000569269
171.51,0.000569231
171.52,0.000569194
171.53,0.000569156
171.54,0.000569119
171.55,0.000569081
171.56,0.000569044
171.57,0.000569006
171.58,0.000568969
171.59,0.000568931
171.6,0.000568894
171.61,0.000568856
171.62,0.000568819
171.63,0.000568781
171.64,0.000568744
171.65,0.000568706
171.66,0.000568669
171.67,0.000568631
171.68,0.000568594
171.69,0.000568556
171.7,0.000568519
171.71,0.000568481
171.72,0.000568444
171.73,0.000568406
171.74,0.000568369
171.75,0.000568331
171.76,0.000568294
171.77,0.000568256
171.78,0.000568219
171.79,0.000568181
171.8,0.000568144
171.81,0.000568106
171.82,0.000568069
171.83,0.000568031
171.84,0.000567994
171.85,0.000567956
171.86,0.000567919
171.87,0.000567881
171.88,0.000567844
171.89,0.000567806
171.9,0.000567769
171.91,0.000567731
171.92,0.000567694
171.93,0.000567656
171.94,0.000567619
171.95,0.000567581
171.96,0.000567544
171.97,0.000567506
171.98,0.000567469
171.99,0.000567431
172,0.000567394
172.01,0.000567356
172.02,0.000567319
172.03,0.000567281
172.04,0.000567244
172.05,0.000567206
172.06,0.000567169
172.07,0.000567131
172.08,0.000567094
172.09,0.000567056
172.1,0.000567019
172.11,0.000566981
172.12,0.000566944
172.13,0.000566906
172.14,0.000566869
172.15,0.000566831
172.16,0.000566794
172.17,0.000566756
172.18,0.000566719
172.19,0.000566681
172.2,0.000566644
172.21,0.000566606
172.22,0.000566569
172.23,0.000566531
172.24,0.000566494
172.25,0.000566456
172.26,0.000566419
172.27,0.000566381
172.28,0.000566344
172.29,0.000566306
172.3,0.000566269
172.31,0.000566231
172.32,0.000566194
172.33,0.000566157
172.34,0.000566119
172.35,0.000566082
172.36,0.000566044
172.37,0.000566007
172.38,0.000565969
172.39,0.000565932
172.4,0.000565894
172.41,0.000565857
172.42,0.000565819
172.43,0.000565782
172.44,0.000565744
172.45,0.000565707
172.46,0.000565669
172.47,0.000565632
172.48,0.000565594
172.49,0.000565557
172.5,0.000565519
172.51,0.000565482
172.52,0.000565444
172.53,0.000565407
172.54,0.000565369
172.55,0.000565332
172.56,0.000565294
172.57,0.000565257
172.58,0.000565219
172.59,0.000565182
172.6,0.000565145
172.61,0.000565107
172.62,0.00056507
172.63,0.000565032
172.64,0.000564995
172.65,0.000564957
172.66,0.00056492
172.67,0.000564882
172.68,0.000564845
172.69,0.000564807
172.7,0.00056477
172.71,0.000564732
172.72,0.000564695
172.73,0.000564657
172.74,0.00056462
172.75,0.000564582
172.76,0.000564545
172.77,0.000564507
172.78,0.00056447
172.79,0.000564432
172.8,0.000564395
172.81,0.000564358
172.82,0.00056432
172.83,0.000564283
172.84,0.000564245
172.85,0.000564208
172.86,0.00056417
172.87,0.000564133
172.88,0.000564095
172.89,0.000564058
172.9,0.00056402
172.91,0.000563983
172.92,0.000563945
172.93,0.000563908
172.94,0.00056387
172.95,0.000563833
172.96,0.000563796
172.97,0.000563758
172.98,0.000563721
172.99,0.000563683
173,0.000563646
173.01,0.000563608
173.02,0.000563571
173.03,0.000563533
173.04,0.000563496
173.05,0.000563458
173.06,0.000563421
173.07,0.000563383
173.08,0.000563346
173.09,0.000563308
173.1,0.000563271
173.11,0.000563234
173.12,0.000563196
173.13,0.000563159
173.14,0.000563121
173.15,0.000563084
173.16,0.000563046
173.17,0.000563009
173.18,0.000562971
173.19,0.000562934
173.2,0.000562896
173.21,0.000562859
173.22,0.000562821
173.23,0.000562784
173.24,0.000562747
173.25,0.000562709
173.26,0.000562672
173.27,0.000562634
173.28,0.000562597
173.29,0.000562559
173.3,0.000562522
173.31,0.000562484
173.32,0.000562447
173.33,0.000562409
173.34,0.000562372
173.35,0.000562335
173.36,0.000562297
173.37,0.00056226
173.38,0.000562222
173.39,0.000562185
173.4,0.000562147
173.41,0.00056211
173.42,0.000562072
173.43,0.000562035
173.44,0.000561997
173.45,0.00056196
173.46,0.000561923
173.47,0.000561885
173.48,0.000561848
173.49,0.00056181
173.5,0.000561773
173.51,0.000561735
173.52,0.000561698
173.53,0.00056166
173.54,0.000561623
173.55,0.000561585
173.56,0.000561548
173.57,0.000561511
173.58,0.000561473
173.59,0.000561436
173.6,0.000561398
173.61,0.000561361
173.62,0.000561323
173.63,0.000561286
173.64,0.000561248
173.65,0.000561211
173.66,0.000561174
173.67,0.000561136
173.68,0.000561099
173.69,0.000561061
173.7,0.000561024
173.71,0.000560986
173.72,0.000560949
173.73,0.000560911
173.74,0.000560874
173.75,0.000560837
173.76,0.000560799
173.77,0.000560762
173.78,0.000560724
173.79,0.000560687
173.8,0.000560649
173.81,0.000560612
173.82,0.000560574
173.83,0.000560537
173.84,0.0005605
173.85,0.000560462
173.86,0.000560425
173.87,0.000560387
173.88,0.00056035
173.89,0.000560312
173.9,0.000560275
173.91,0.000560238
173.92,0.0005602
173.93,0.000560163
173.94,0.000560125
173.95,0.000560088
173.96,0.00056005
173.97,0.000560013
173.98,0.000559975
173.99,0.000559938
174,0.000559901
174.01,0.000559863
174.02,0.000559826
174.03,0.000559788
174.04,0.000559751
174.05,0.000559713
174.06,0.000559676
174.07,0.000559639
174.08,0.000559601
174.09,0.000559564
174.1,0.000559526
174.11,0.000559489
174.12,0.000559451
174.13,0.000559414
174.14,0.000559377
174.15,0.000559339
174.16,0.000559302
174.17,0.000559264
174.18,0.000559227
174.19,0.000559189
174.2,0.000559152
174.21,0.000559115
174.22,0.000559077
174.23,0.00055904
174.24,0.000559002
174.25,0.000558965
174.26,0.000558927
174.27,0.00055889
174.28,0.000558853
174.29,0.000558815
174.3,0.000558778
174.31,0.00055874
174.32,0.000558703
174.33,0.000558665
174.34,0.000558628
174.35,0.000558591
174.36,0.000558553
174.37,0.000558516
174.38,0.000558478
174.39,0.000558441
174.4,0.000558403
174.41,0.000558366
174.42,0.000558329
174.43,0.000558291
174.44,0.000558254
174.45,0.000558216
174.46,0.000558179
174.47,0.000558141
174.48,0.000558104
174.49,0.000558067
174.5,0.000558029
174.51,0.000557992
174.52,0.000557954
174.53,0.000557917
174.54,0.000557879
174.55,0.000557842
174.56,0.000557805
174.57,0.000557767
174.58,0.00055773
174.59,0.000557692
174.6,0.000557655
174.61,0.000557618
174.62,0.00055758
174.63,0.000557543
174.64,0.000557505
174.65,0.000557468
174.66,0.00055743
174.67,0.000557393
174.68,0.000557356
174.69,0.000557318
174.7,0.000557281
174.71,0.000557243
174.72,0.000557206
174.73,0.000557169
174.74,0.000557131
174.75,0.000557094
174.76,0.000557056
174.77,0.000557019
174.78,0.000556982
174.79,0.000556944
174.8,0.000556907
174.81,0.000556869
174.82,0.000556832
174.83,0.000556794
174.84,0.000556757
174.85,0.00055672
174.86,0.000556682
174.87,0.000556645
174.88,0.000556607
174.89,0.00055657
174.9,0.000556533
174.91,0.000556495
174.92,0.000556458
174.93,0.00055642
174.94,0.000556383
174.95,0.000556346
174.96,0.000556308
174.97,0.000556271
174.98,0.000556233
174.99,0.000556196
175,0.000556158
175.01,0.000556121
175.02,0.000556084
175.03,0.000556046
175.04,0.000556009
175.05,0.000555971
175.06,0.000555934
175.07,0.000555897
175.08,0.000555859
175.09,0.000555822
175.1,0.000555784
175.11,0.000555747
175.12,0.00055571
175.13,0.000555672
175.14,0.000555635
175.15,0.000555597
175.16,0.00055556
175.17,0.000555523
175.18,0.000555485
175.19,0.000555448
175.2,0.00055541
175.21,0.000555373
175.22,0.000555336
175.23,0.000555298
175.24,0.000555261
175.25,0.000555223
175.26,0.000555186
175.27,0.000555149
175.28,0.000555111
175.29,0.000555074
175.3,0.000555036
175.31,0.000554999
175.32,0.000554962
175.33,0.000554924
175.34,0.000554887
175.35,0.000554849
175.36,0.000554812
175.37,0.000554775
175.38,0.000554737
175.39,0.0005547
175.4,0.000554662
175.41,0.000554625
175.42,0.000554588
175.43,0.00055455
175.44,0.000554513
175.45,0.000554475
175.46,0.000554438
175.47,0.000554401
175.48,0.000554363
175.49,0.000554326
175.5,0.000554289
175.51,0.000554251
175.52,0.000554214
175.53,0.000554176
175.54,0.000554139
175.55,0.000554102
175.56,0.000554064
175.57,0.000554027
175.58,0.000553989
175.59,0.000553952
175.6,0.000553915
175.61,0.000553877
175.62,0.00055384
175.63,0.000553802
175.64,0.000553765
175.65,0.000553728
175.66,0.00055369
175.67,0.000553653
175.68,0.000553615
175.69,0.000553578
175.7,0.000553541
175.71,0.000553503
175.72,0.000553466
175.73,0.000553429
175.74,0.000553391
175.75,0.000553354
175.76,0.000553316
175.77,0.000553279
175.78,0.000553242
175.79,0.000553204
175.8,0.000553167
175.81,0.000553129
175.82,0.000553092
175.83,0.000553055
175.84,0.000553017
175.85,0.00055298
175.86,0.000552943
175.87,0.000552905
175.88,0.000552868
175.89,0.00055283
175.9,0.000552793
175.91,0.000552756
175.92,0.000552718
175.93,0.000552681
175.94,0.000552643
175.95,0.000552606
175.96,0.000552569
175.97,0.000552531
175.98,0.000552494
175.99,0.000552457
176,0.000552419
176.01,0.000552382
176.02,0.000552344
176.03,0.000552307
176.04,0.00055227
176.05,0.000552232
176.06,0.000552195
176.07,0.000552158
176.08,0.00055212
176.09,0.000552083
176.1,0.000552045
176.11,0.000552008
176.12,0.000551971
176.13,0.000551933
176.14,0.000551896
176.15,0.000551859
176.16,0.000551821
176.17,0.000551784
176.18,0.000551746
176.19,0.000551709
176.2,0.000551672
176.21,0.000551634
176.22,0.000551597
176.23,0.00055156
176.24,0.000551522
176.25,0.000551485
176.26,0.000551447
176.27,0.00055141
176.28,0.000551373
176.29,0.000551335
176.3,0.000551298
176.31,0.000551261
176.32,0.000551223
176.33,0.000551186
176.34,0.000551148
176.35,0.000551111
176.36,0.000551074
176.37,0.000551036
176.38,0.000550999
176.39,0.000550962
176.4,0.000550924
176.41,0.000550887
176.42,0.00055085
176.43,0.000550812
176.44,0.000550775
176.45,0.000550737
176.46,0.0005507
176.47,0.000550663
176.48,0.000550625
176.49,0.000550588
176.5,0.000550551
176.51,0.000550513
176.52,0.000550476
176.53,0.000550439
176.54,0.000550401
176.55,0.000550364
176.56,0.000550326
176.57,0.000550289
176.58,0.000550252
176.59,0.000550214
176.6,0.000550177
176.61,0.00055014
176.62,0.000550102
176.63,0.000550065
176.64,0.000550028
176.65,0.00054999
176.66,0.000549953
176.67,0.000549915
176.68,0.000549878
176.69,0.000549841
176.7,0.000549803
176.71,0.000549766
176.72,0.000549729
176.73,0.000549691
176.74,0.000549654
176.75,0.000549617
176.76,0.000549579
176.77,0.000549542
176.78,0.000549504
176.79,0.000549467
176.8,0.00054943
176.81,0.000549392
176.82,0.000549355
176.83,0.000549318
176.84,0.00054928
176.85,0.000549243
176.86,0.000549206
176.87,0.000549168
176.88,0.000549131
176.89,0.000549094
176.9,0.000549056
176.91,0.000549019
176.92,0.000548982
176.93,0.000548944
176.94,0.000548907
176.95,0.000548869
176.96,0.000548832
176.97,0.000548795
176.98,0.000548757
176.99,0.00054872
177,0.000548683
177.01,0.000548645
177.02,0.000548608
177.03,0.000548571
177.04,0.000548533
177.05,0.000548496
177.06,0.000548459
177.07,0.000548421
177.08,0.000548384
177.09,0.000548347
177.1,0.000548309
177.11,0.000548272
177.12,0.000548234
177.13,0.000548197
177.14,0.00054816
177.15,0.000548122
177.16,0.000548085
177.17,0.000548048
177.18,0.00054801
177.19,0.000547973
177.2,0.000547936
177.21,0.000547898
177.22,0.000547861
177.23,0.000547824
177.24,0.000547786
177.25,0.000547749
177.26,0.000547712
177.27,0.000547674
177.28,0.000547637
177.29,0.0005476
177.3,0.000547562
177.31,0.000547525
177.32,0.000547488
177.33,0.00054745
177.34,0.000547413
177.35,0.000547376
177.36,0.000547338
177.37,0.000547301
177.38,0.000547263
177.39,0.000547226
177.4,0.000547189
177.41,0.000547151
177.42,0.000547114
177.43,0.000547077
177.44,0.000547039
177.45,0.000547002
177.46,0.000546965
177.47,0.000546927
177.48,0.00054689
177.49,0.000546853
177.5,0.000546815
177.51,0.000546778
177.52,0.000546741
177.53,0.000546703
177.54,0.000546666
177.55,0.000546629
177.56,0.000546591
177.57,0.000546554
177.58,0.000546517
177.59,0.000546479
177.6,0.000546442
177.61,0.000546405
177.62,0.000546367
177.63,0.00054633
177.64,0.000546293
177.65,0.000546255
177.66,0.000546218
177.67,0.000546181
177.68,0.000546143
177.69,0.000546106
177.7,0.000546069
177.71,0.000546031
177.72,0.000545994
177.73,0.000545957
177.74,0.000545919
177.75,0.000545882
177.76,0.000545845
177.77,0.000545807
177.78,0.00054577
177.79,0.000545733
177.8,0.000545695
177.81,0.000545658
177.82,0.000545621
177.83,0.000545583
177.84,0.000545546
177.85,0.000545509
177.86,0.000545471
177.87,0.000545434
177.88,0.000545397
177.89,0.000545359
177.9,0.000545322
177.91,0.000545285
177.92,0.000545247
177.93,0.00054521
177.94,0.000545173
177.95,0.000545135
177.96,0.000545098
177.97,0.000545061
177.98,0.000545023
177.99,0.000544986
178,0.000544949
178.01,0.000544911
178.02,0.000544874
178.03,0.000544837
178.04,0.000544799
178.05,0.000544762
178.06,0.000544725
178.07,0.000544687
178.08,0.00054465
178.09,0.000544613
178.1,0.000544576
178.11,0.000544538
178.12,0.000544501
178.13,0.000544464
178.14,0.000544426
178.15,0.000544389
178.16,0.000544352
178.17,0.000544314
178.18,0.000544277
178.19,0.00054424
178.2,0.000544202
178.21,0.000544165
178.22,0.000544128
178.23,0.00054409
178.24,0.000544053
178.25,0.000544016
178.26,0.000543978
178.27,0.000543941
178.28,0.000543904
178.29,0.000543866
178.3,0.000543829
178.31,0.000543792
178.32,0.000543754
178.33,0.000543717
178.34,0.00054368
178.35,0.000543643
178.36,0.000543605
178.37,0.000543568
178.38,0.000543531
178.39,0.000543493
178.4,0.000543456
178.41,0.000543419
178.42,0.000543381
178.43,0.000543344
178.44,0.000543307
178.45,0.000543269
178.46,0.000543232
178.47,0.000543195
178.48,0.000543157
178.49,0.00054312
178.5,0.000543083
178.51,0.000543045
178.52,0.000543008
178.53,0.000542971
178.54,0.000542934
178.55,0.000542896
178.56,0.000542859
178.57,0.000542822
178.58,0.000542784
178.59,0.000542747
178.6,0.00054271
178.61,0.000542672
178.62,0.000542635
178.63,0.000542598
178.64,0.00054256
178.65,0.000542523
178.66,0.000542486
178.67,0.000542448
178.68,0.000542411
178.69,0.000542374
178.7,0.000542337
178.71,0.000542299
178.72,0.000542262
178.73,0.000542225
178.74,0.000542187
178.75,0.00054215
178.76,0.000542113
178.77,0.000542075
178.78,0.000542038
178.79,0.000542001
178.8,0.000541963
178.81,0.000541926
178.82,0.000541889
178.83,0.000541852
178.84,0.000541814
178.85,0.000541777
178.86,0.00054174
178.87,0.000541702
178.88,0.000541665
178.89,0.000541628
178.9,0.00054159
178.91,0.000541553
178.92,0.000541516
178.93,0.000541479
178.94,0.000541441
178.95,0.000541404
178.96,0.000541367
178.97,0.000541329
178.98,0.000541292
178.99,0.000541255
179,0.000541217
179.01,0.00054118
179.02,0.000541143
179.03,0.000541106
179.04,0.000541068
179.05,0.000541031
179.06,0.000540994
179.07,0.000540956
179.08,0.000540919
179.09,0.000540882
179.1,0.000540844
179.11,0.000540807
179.12,0.00054077
179.13,0.000540733
179.14,0.000540695
179.15,0.000540658
179.16,0.000540621
179.17,0.000540583
179.18,0.000540546
179.19,0.000540509
179.2,0.000540471
179.21,0.000540434
179.22,0.000540397
179.23,0.00054036
179.24,0.000540322
179.25,0.000540285
179.26,0.000540248
179.27,0.00054021
179.28,0.000540173
179.29,0.000540136
179.3,0.000540098
179.31,0.000540061
179.32,0.000540024
179.33,0.000539987
179.34,0.000539949
179.35,0.000539912
179.36,0.000539875
179.37,0.000539837
179.38,0.0005398
179.39,0.000539763
179.4,0.000539726
179.41,0.000539688
179.42,0.000539651
179.43,0.000539614
179.44,0.000539576
179.45,0.000539539
179.46,0.000539502
179.47,0.000539465
179.48,0.000539427
179.49,0.00053939
179.5,0.000539353
179.51,0.000539315
179.52,0.000539278
179.53,0.000539241
179.54,0.000539203
179.55,0.000539166
179.56,0.000539129
179.57,0.000539092
179.58,0.000539054
179.59,0.000539017
179.6,0.00053898
179.61,0.000538942
179.62,0.000538905
179.63,0.000538868
179.64,0.000538831
179.65,0.000538793
179.66,0.000538756
179.67,0.000538719
179.68,0.000538681
179.69,0.000538644
179.7,0.000538607
179.71,0.00053857
179.72,0.000538532
179.73,0.000538495
179.74,0.000538458
179.75,0.000538421
179.76,0.000538383
179.77,0.000538346
179.78,0.000538309
179.79,0.000538271
179.8,0.000538234
179.81,0.000538197
179.82,0.00053816
179.83,0.000538122
179.84,0.000538085
179.85,0.000538048
179.86,0.00053801
179.87,0.000537973
179.88,0.000537936
179.89,0.000537899
179.9,0.000537861
179.91,0.000537824
179.92,0.000537787
179.93,0.000537749
179.94,0.000537712
179.95,0.000537675
179.96,0.000537638
179.97,0.0005376
179.98,0.000537563
179.99,0.000537526
180,0.000537488
180.01,0.000537468
180.02,0.000537447
180.03,0.000537427
180.04,0.000537406
180.05,0.000537386
180.06,0.000537365
180.07,0.000537345
180.08,0.000537324
180.09,0.000537303
180.1,0.000537283
180.11,0.000537262
180.12,0.000537242
180.13,0.000537221
180.14,0.000537201
180.15,0.00053718
180.16,0.00053716
180.17,0.000537139
180.18,0.000537118
180.19,0.000537098
180.2,0.000537077
180.21,0.000537057
180.22,0.000537036
180.23,0.000537016
180.24,0.000536995
180.25,0.000536974
180.26,0.000536954
180.27,0.000536933
180.28,0.000536913
180.29,0.000536892
180.3,0.000536872
180.31,0.000536851
180.32,0.000536831
180.33,0.00053681
180.34,0.000536789
180.35,0.000536769
180.36,0.000536748
180.37,0.000536728
180.38,0.000536707
180.39,0.000536687
180.4,0.000536666
180.41,0.000536646
180.42,0.000536625
180.43,0.000536604
180.44,0.000536584
180.45,0.000536563
180.46,0.000536543
180.47,0.000536522
180.48,0.000536502
180.49,0.000536481
180.5,0.000536461
180.51,0.00053644
180.52,0.00053642
180.53,0.000536399
180.54,0.000536378
180.55,0.000536358
180.56,0.000536337
180.57,0.000536317
180.58,0.000536296
180.59,0.000536276
180.6,0.000536255
180.61,0.000536235
180.62,0.000536214
180.63,0.000536193
180.64,0.000536173
180.65,0.000536152
180.66,0.000536132
180.67,0.000536111
180.68,0.000536091
180.69,0.00053607
180.7,0.00053605
180.71,0.000536029
180.72,0.000536009
180.73,0.000535988
180.74,0.000535967
180.75,0.000535947
180.76,0.000535926
180.77,0.000535906
180.78,0.000535885
180.79,0.000535865
180.8,0.000535844
180.81,0.000535824
180.82,0.000535803
180.83,0.000535783
180.84,0.000535762
180.85,0.000535741
180.86,0.000535721
180.87,0.0005357
180.88,0.00053568
180.89,0.000535659
180.9,0.000535639
180.91,0.000535618
180.92,0.000535598
180.93,0.000535577
180.94,0.000535557
180.95,0.000535536
180.96,0.000535516
180.97,0.000535495
180.98,0.000535474
180.99,0.000535454
181,0.000535433
181.01,0.000535413
181.02,0.000535392
181.03,0.000535372
181.04,0.000535351
181.05,0.000535331
181.06,0.00053531
181.07,0.00053529
181.08,0.000535269
181.09,0.000535248
181.1,0.000535228
181.11,0.000535207
181.12,0.000535187
181.13,0.000535166
181.14,0.000535146
181.15,0.000535125
181.16,0.000535105
181.17,0.000535084
181.18,0.000535064
181.19,0.000535043
181.2,0.000535023
181.21,0.000535002
181.22,0.000534982
181.23,0.000534961
181.24,0.00053494
181.25,0.00053492
181.26,0.000534899
181.27,0.000534879
181.28,0.000534858
181.29,0.000534838
181.3,0.000534817
181.31,0.000534797
181.32,0.000534776
181.33,0.000534756
181.34,0.000534735
181.35,0.000534715
181.36,0.000534694
181.37,0.000534674
181.38,0.000534653
181.39,0.000534632
181.4,0.000534612
181.41,0.000534591
181.42,0.000534571
181.43,0.00053455
181.44,0.00053453
181.45,0.000534509
181.46,0.000534489
181.47,0.000534468
181.48,0.000534448
181.49,0.000534427
181.5,0.000534407
181.51,0.000534386
181.52,0.000534366
181.53,0.000534345
181.54,0.000534325
181.55,0.000534304
181.56,0.000534283
181.57,0.000534263
181.58,0.000534242
181.59,0.000534222
181.6,0.000534201
181.61,0.000534181
181.62,0.00053416
181.63,0.00053414
181.64,0.000534119
181.65,0.000534099
181.66,0.000534078
181.67,0.000534058
181.68,0.000534037
181.69,0.000534017
181.7,0.000533996
181.71,0.000533976
181.72,0.000533955
181.73,0.000533935
181.74,0.000533914
181.75,0.000533893
181.76,0.000533873
181.77,0.000533852
181.78,0.000533832
181.79,0.000533811
181.8,0.000533791
181.81,0.00053377
181.82,0.00053375
181.83,0.000533729
181.84,0.000533709
181.85,0.000533688
181.86,0.000533668
181.87,0.000533647
181.88,0.000533627
181.89,0.000533606
181.9,0.000533586
181.91,0.000533565
181.92,0.000533545
181.93,0.000533524
181.94,0.000533504
181.95,0.000533483
181.96,0.000533463
181.97,0.000533442
181.98,0.000533421
181.99,0.000533401
182,0.00053338
182.01,0.00053336
182.02,0.000533339
182.03,0.000533319
182.04,0.000533298
182.05,0.000533278
182.06,0.000533257
182.07,0.000533237
182.08,0.000533216
182.09,0.000533196
182.1,0.000533175
182.11,0.000533155
182.12,0.000533134
182.13,0.000533114
182.14,0.000533093
182.15,0.000533073
182.16,0.000533052
182.17,0.000533032
182.18,0.000533011
182.19,0.000532991
182.2,0.00053297
182.21,0.00053295
182.22,0.000532929
182.23,0.000532909
182.24,0.000532888
182.25,0.000532868
182.26,0.000532847
182.27,0.000532827
182.28,0.000532806
182.29,0.000532786
182.3,0.000532765
182.31,0.000532745
182.32,0.000532724
182.33,0.000532703
182.34,0.000532683
182.35,0.000532662
182.36,0.000532642
182.37,0.000532621
182.38,0.000532601
182.39,0.00053258
182.4,0.00053256
182.41,0.000532539
182.42,0.000532519
182.43,0.000532498
182.44,0.000532478
182.45,0.000532457
182.46,0.000532437
182.47,0.000532416
182.48,0.000532396
182.49,0.000532375
182.5,0.000532355
182.51,0.000532334
182.52,0.000532314
182.53,0.000532293
182.54,0.000532273
182.55,0.000532252
182.56,0.000532232
182.57,0.000532211
182.58,0.000532191
182.59,0.00053217
182.6,0.00053215
182.61,0.000532129
182.62,0.000532109
182.63,0.000532088
182.64,0.000532068
182.65,0.000532047
182.66,0.000532027
182.67,0.000532006
182.68,0.000531986
182.69,0.000531965
182.7,0.000531945
182.71,0.000531924
182.72,0.000531904
182.73,0.000531883
182.74,0.000531863
182.75,0.000531842
182.76,0.000531822
182.77,0.000531801
182.78,0.000531781
182.79,0.00053176
182.8,0.00053174
182.81,0.000531719
182.82,0.000531699
182.83,0.000531678
182.84,0.000531658
182.85,0.000531637
182.86,0.000531617
182.87,0.000531596
182.88,0.000531576
182.89,0.000531555
182.9,0.000531535
182.91,0.000531514
182.92,0.000531494
182.93,0.000531473
182.94,0.000531453
182.95,0.000531432
182.96,0.000531412
182.97,0.000531391
182.98,0.000531371
182.99,0.00053135
183,0.00053133
183.01,0.000531309
183.02,0.000531289
183.03,0.000531268
183.04,0.000531248
183.05,0.000531227
183.06,0.000531207
183.07,0.000531186
183.08,0.000531166
183.09,0.000531145
183.1,0.000531125
183.11,0.000531104
183.12,0.000531084
183.13,0.000531063
183.14,0.000531043
183.15,0.000531022
183.16,0.000531002
183.17,0.000530981
183.18,0.000530961
183.19,0.00053094
183.2,0.00053092
183.21,0.000530899
183.22,0.000530879
183.23,0.000530858
183.24,0.000530838
183.25,0.000530817
183.26,0.000530797
183.27,0.000530776
183.28,0.000530756
183.29,0.000530735
183.3,0.000530715
183.31,0.000530694
183.32,0.000530674
183.33,0.000530654
183.34,0.000530633
183.35,0.000530613
183.36,0.000530592
183.37,0.000530572
183.38,0.000530551
183.39,0.000530531
183.4,0.00053051
183.41,0.00053049
183.42,0.000530469
183.43,0.000530449
183.44,0.000530428
183.45,0.000530408
183.46,0.000530387
183.47,0.000530367
183.48,0.000530346
183.49,0.000530326
183.5,0.000530305
183.51,0.000530285
183.52,0.000530264
183.53,0.000530244
183.54,0.000530223
183.55,0.000530203
183.56,0.000530182
183.57,0.000530162
183.58,0.000530141
183.59,0.000530121
183.6,0.0005301
183.61,0.00053008
183.62,0.000530059
183.63,0.000530039
183.64,0.000530018
183.65,0.000529998
183.66,0.000529977
183.67,0.000529957
183.68,0.000529937
183.69,0.000529916
183.7,0.000529896
183.71,0.000529875
183.72,0.000529855
183.73,0.000529834
183.74,0.000529814
183.75,0.000529793
183.76,0.000529773
183.77,0.000529752
183.78,0.000529732
183.79,0.000529711
183.8,0.000529691
183.81,0.00052967
183.82,0.00052965
183.83,0.000529629
183.84,0.000529609
183.85,0.000529588
183.86,0.000529568
183.87,0.000529547
183.88,0.000529527
183.89,0.000529506
183.9,0.000529486
183.91,0.000529465
183.92,0.000529445
183.93,0.000529425
183.94,0.000529404
183.95,0.000529384
183.96,0.000529363
183.97,0.000529343
183.98,0.000529322
183.99,0.000529302
184,0.000529281
184.01,0.000529261
184.02,0.00052924
184.03,0.00052922
184.04,0.000529199
184.05,0.000529179
184.06,0.000529158
184.07,0.000529138
184.08,0.000529117
184.09,0.000529097
184.1,0.000529076
184.11,0.000529056
184.12,0.000529036
184.13,0.000529015
184.14,0.000528995
184.15,0.000528974
184.16,0.000528954
184.17,0.000528933
184.18,0.000528913
184.19,0.000528892
184.2,0.000528872
184.21,0.000528851
184.22,0.000528831
184.23,0.00052881
184.24,0.00052879
184.25,0.000528769
184.26,0.000528749
184.27,0.000528728
184.28,0.000528708
184.29,0.000528687
184.3,0.000528667
184.31,0.000528647
184.32,0.000528626
184.33,0.000528606
184.34,0.000528585
184.35,0.000528565
184.36,0.000528544
184.37,0.000528524
184.38,0.000528503
184.39,0.000528483
184.4,0.000528462
184.41,0.000528442
184.42,0.000528421
184.43,0.000528401
184.44,0.00052838
184.45,0.00052836
184.46,0.00052834
184.47,0.000528319
184.48,0.000528299
184.49,0.000528278
184.5,0.000528258
184.51,0.000528237
184.52,0.000528217
184.53,0.000528196
184.54,0.000528176
184.55,0.000528155
184.56,0.000528135
184.57,0.000528114
184.58,0.000528094
184.59,0.000528073
184.6,0.000528053
184.61,0.000528033
184.62,0.000528012
184.63,0.000527992
184.64,0.000527971
184.65,0.000527951
184.66,0.00052793
184.67,0.00052791
184.68,0.000527889
184.69,0.000527869
184.7,0.000527848
184.71,0.000527828
184.72,0.000527807
184.73,0.000527787
184.74,0.000527767
184.75,0.000527746
184.76,0.000527726
184.77,0.000527705
184.78,0.000527685
184.79,0.000527664
184.8,0.000527644
184.81,0.000527623
184.82,0.000527603
184.83,0.000527582
184.84,0.000527562
184.85,0.000527542
184.86,0.000527521
184.87,0.000527501
184.88,0.00052748
184.89,0.00052746
184.9,0.000527439
184.91,0.000527419
184.92,0.000527398
184.93,0.000527378
184.94,0.000527357
184.95,0.000527337
184.96,0.000527316
184.97,0.000527296
184.98,0.000527276
184.99,0.000527255
185,0.000527235
185.01,0.000527214
185.02,0.000527194
185.03,0.000527173
185.04,0.000527153
185.05,0.000527132
185.06,0.000527112
185.07,0.000527091
185.08,0.000527071
185.09,0.000527051
185.1,0.00052703
185.11,0.00052701
185.12,0.000526989
185.13,0.000526969
185.14,0.000526948
185.15,0.000526928
185.16,0.000526907
185.17,0.000526887
185.18,0.000526866
185.19,0.000526846
185.2,0.000526826
185.21,0.000526805
185.22,0.000526785
185.23,0.000526764
185.24,0.000526744
185.25,0.000526723
185.26,0.000526703
185.27,0.000526682
185.28,0.000526662
185.29,0.000526642
185.3,0.000526621
185.31,0.000526601
185.32,0.00052658
185.33,0.00052656
185.34,0.000526539
185.35,0.000526519
185.36,0.000526498
185.37,0.000526478
185.38,0.000526457
185.39,0.000526437
185.4,0.000526417
185.41,0.000526396
185.42,0.000526376
185.43,0.000526355
185.44,0.000526335
185.45,0.000526314
185.46,0.000526294
185.47,0.000526273
185.48,0.000526253
185.49,0.000526233
185.5,0.000526212
185.51,0.000526192
185.52,0.000526171
185.53,0.000526151
185.54,0.00052613
185.55,0.00052611
185.56,0.000526089
185.57,0.000526069
185.58,0.000526049
185.59,0.000526028
185.6,0.000526008
185.61,0.000525987
185.62,0.000525967
185.63,0.000525946
185.64,0.000525926
185.65,0.000525905
185.66,0.000525885
185.67,0.000525865
185.68,0.000525844
185.69,0.000525824
185.7,0.000525803
185.71,0.000525783
185.72,0.000525762
185.73,0.000525742
185.74,0.000525721
185.75,0.000525701
185.76,0.000525681
185.77,0.00052566
185.78,0.00052564
185.79,0.000525619
185.8,0.000525599
185.81,0.000525578
185.82,0.000525558
185.83,0.000525537
185.84,0.000525517
185.85,0.000525497
185.86,0.000525476
185.87,0.000525456
185.88,0.000525435
185.89,0.000525415
185.9,0.000525394
185.91,0.000525374
185.92,0.000525354
185.93,0.000525333
185.94,0.000525313
185.95,0.000525292
185.96,0.000525272
185.97,0.000525251
185.98,0.000525231
185.99,0.00052521
186,0.00052519
186.01,0.00052517
186.02,0.000525149
186.03,0.000525129
186.04,0.000525108
186.05,0.000525088
186.06,0.000525067
186.07,0.000525047
186.08,0.000525027
186.09,0.000525006
186.1,0.000524986
186.11,0.000524965
186.12,0.000524945
186.13,0.000524924
186.14,0.000524904
186.15,0.000524884
186.16,0.000524863
186.17,0.000524843
186.18,0.000524822
186.19,0.000524802
186.2,0.000524781
186.21,0.000524761
186.22,0.00052474
186.23,0.00052472
186.24,0.0005247
186.25,0.000524679
186.26,0.000524659
186.27,0.000524638
186.28,0.000524618
186.29,0.000524597
186.3,0.000524577
186.31,0.000524557
186.32,0.000524536
186.33,0.000524516
186.34,0.000524495
186.35,0.000524475
186.36,0.000524454
186.37,0.000524434
186.38,0.000524414
186.39,0.000524393
186.4,0.000524373
186.41,0.000524352
186.42,0.000524332
186.43,0.000524311
186.44,0.000524291
186.45,0.000524271
186.46,0.00052425
186.47,0.00052423
186.48,0.000524209
186.49,0.000524189
186.5,0.000524168
186.51,0.000524148
186.52,0.000524128
186.53,0.000524107
186.54,0.000524087
186.55,0.000524066
186.56,0.000524046
186.57,0.000524025
186.58,0.000524005
186.59,0.000523985
186.6,0.000523964
186.61,0.000523944
186.62,0.000523923
186.63,0.000523903
186.64,0.000523883
186.65,0.000523862
186.66,0.000523842
186.67,0.000523821
186.68,0.000523801
186.69,0.00052378
186.7,0.00052376
186.71,0.00052374
186.72,0.000523719
186.73,0.000523699
186.74,0.000523678
186.75,0.000523658
186.76,0.000523637
186.77,0.000523617
186.78,0.000523597
186.79,0.000523576
186.8,0.000523556
186.81,0.000523535
186.82,0.000523515
186.83,0.000523494
186.84,0.000523474
186.85,0.000523454
186.86,0.000523433
186.87,0.000523413
186.88,0.000523392
186.89,0.000523372
186.9,0.000523352
186.91,0.000523331
186.92,0.000523311
186.93,0.00052329
186.94,0.00052327
186.95,0.000523249
186.96,0.000523229
186.97,0.000523209
186.98,0.000523188
186.99,0.000523168
187,0.000523147
187.01,0.000523127
187.02,0.000523107
187.03,0.000523086
187.04,0.000523066
187.05,0.000523045
187.06,0.000523025
187.07,0.000523004
187.08,0.000522984
187.09,0.000522964
187.1,0.000522943
187.11,0.000522923
187.12,0.000522902
187.13,0.000522882
187.14,0.000522862
187.15,0.000522841
187.16,0.000522821
187.17,0.0005228
187.18,0.00052278
187.19,0.000522759
187.2,0.000522739
187.21,0.000522719
187.22,0.000522698
187.23,0.000522678
187.24,0.000522657
187.25,0.000522637
187.26,0.000522617
187.27,0.000522596
187.28,0.000522576
187.29,0.000522555
187.3,0.000522535
187.31,0.000522514
187.32,0.000522494
187.33,0.000522474
187.34,0.000522453
187.35,0.000522433
187.36,0.000522412
187.37,0.000522392
187.38,0.000522372
187.39,0.000522351
187.4,0.000522331
187.41,0.00052231
187.42,0.00052229
187.43,0.00052227
187.44,0.000522249
187.45,0.000522229
187.46,0.000522208
187.47,0.000522188
187.48,0.000522167
187.49,0.000522147
187.5,0.000522127
187.51,0.000522106
187.52,0.000522086
187.53,0.000522065
187.54,0.000522045
187.55,0.000522025
187.56,0.000522004
187.57,0.000521984
187.58,0.000521963
187.59,0.000521943
187.6,0.000521923
187.61,0.000521902
187.62,0.000521882
187.63,0.000521861
187.64,0.000521841
187.65,0.000521821
187.66,0.0005218
187.67,0.00052178
187.68,0.000521759
187.69,0.000521739
187.7,0.000521719
187.71,0.000521698
187.72,0.000521678
187.73,0.000521657
187.74,0.000521637
187.75,0.000521616
187.76,0.000521596
187.77,0.000521576
187.78,0.000521555
187.79,0.000521535
187.8,0.000521514
187.81,0.000521494
187.82,0.000521474
187.83,0.000521453
187.84,0.000521433
187.85,0.000521412
187.86,0.000521392
187.87,0.000521372
187.88,0.000521351
187.89,0.000521331
187.9,0.00052131
187.91,0.00052129
187.92,0.00052127
187.93,0.000521249
187.94,0.000521229
187.95,0.000521208
187.96,0.000521188
187.97,0.000521168
187.98,0.000521147
187.99,0.000521127
188,0.000521106
188.01,0.000521086
188.02,0.000521066
188.03,0.000521045
188.04,0.000521025
188.05,0.000521004
188.06,0.000520984
188.07,0.000520964
188.08,0.000520943
188.09,0.000520923
188.1,0.000520902
188.11,0.000520882
188.12,0.000520862
188.13,0.000520841
188.14,0.000520821
188.15,0.0005208
188.16,0.00052078
188.17,0.00052076
188.18,0.000520739
188.19,0.000520719
188.2,0.000520698
188.21,0.000520678
188.22,0.000520658
188.23,0.000520637
188.24,0.000520617
188.25,0.000520596
188.26,0.000520576
188.27,0.000520556
188.28,0.000520535
188.29,0.000520515
188.3,0.000520495
188.31,0.000520474
188.32,0.000520454
188.33,0.000520433
188.34,0.000520413
188.35,0.000520393
188.36,0.000520372
188.37,0.000520352
188.38,0.000520331
188.39,0.000520311
188.4,0.000520291
188.41,0.00052027
188.42,0.00052025
188.43,0.000520229
188.44,0.000520209
188.45,0.000520189
188.46,0.000520168
188.47,0.000520148
188.48,0.000520127
188.49,0.000520107
188.5,0.000520087
188.51,0.000520066
188.52,0.000520046
188.53,0.000520025
188.54,0.000520005
188.55,0.000519985
188.56,0.000519964
188.57,0.000519944
188.58,0.000519924
188.59,0.000519903
188.6,0.000519883
188.61,0.000519862
188.62,0.000519842
188.63,0.000519822
188.64,0.000519801
188.65,0.000519781
188.66,0.00051976
188.67,0.00051974
188.68,0.00051972
188.69,0.000519699
188.7,0.000519679
188.71,0.000519658
188.72,0.000519638
188.73,0.000519618
188.74,0.000519597
188.75,0.000519577
188.76,0.000519557
188.77,0.000519536
188.78,0.000519516
188.79,0.000519495
188.8,0.000519475
188.81,0.000519455
188.82,0.000519434
188.83,0.000519414
188.84,0.000519393
188.85,0.000519373
188.86,0.000519353
188.87,0.000519332
188.88,0.000519312
188.89,0.000519292
188.9,0.000519271
188.91,0.000519251
188.92,0.00051923
188.93,0.00051921
188.94,0.00051919
188.95,0.000519169
188.96,0.000519149
188.97,0.000519128
188.98,0.000519108
188.99,0.000519088
189,0.000519067
189.01,0.000519047
189.02,0.000519027
189.03,0.000519006
189.04,0.000518986
189.05,0.000518965
189.06,0.000518945
189.07,0.000518925
189.08,0.000518904
189.09,0.000518884
189.1,0.000518863
189.11,0.000518843
189.12,0.000518823
189.13,0.000518802
189.14,0.000518782
189.15,0.000518762
189.16,0.000518741
189.17,0.000518721
189.18,0.0005187
189.19,0.00051868
189.2,0.00051866
189.21,0.000518639
189.22,0.000518619
189.23,0.000518599
189.24,0.000518578
189.25,0.000518558
189.26,0.000518537
189.27,0.000518517
189.28,0.000518497
189.29,0.000518476
189.3,0.000518456
189.31,0.000518435
189.32,0.000518415
189.33,0.000518395
189.34,0.000518374
189.35,0.000518354
189.36,0.000518334
189.37,0.000518313
189.38,0.000518293
189.39,0.000518272
189.4,0.000518252
189.41,0.000518232
189.42,0.000518211
189.43,0.000518191
189.44,0.000518171
189.45,0.00051815
189.46,0.00051813
189.47,0.000518109
189.48,0.000518089
189.49,0.000518069
189.5,0.000518048
189.51,0.000518028
189.52,0.000518008
189.53,0.000517987
189.54,0.000517967
189.55,0.000517946
189.56,0.000517926
189.57,0.000517906
189.58,0.000517885
189.59,0.000517865
189.6,0.000517845
189.61,0.000517824
189.62,0.000517804
189.63,0.000517783
189.64,0.000517763
189.65,0.000517743
189.66,0.000517722
189.67,0.000517702
189.68,0.000517682
189.69,0.000517661
189.7,0.000517641
189.71,0.00051762
189.72,0.0005176
189.73,0.00051758
189.74,0.000517559
189.75,0.000517539
189.76,0.000517519
189.77,0.000517498
189.78,0.000517478
189.79,0.000517458
189.8,0.000517437
189.81,0.000517417
189.82,0.000517396
189.83,0.000517376
189.84,0.000517356
189.85,0.000517335
189.86,0.000517315
189.87,0.000517295
189.88,0.000517274
189.89,0.000517254
189.9,0.000517233
189.91,0.000517213
189.92,0.000517193
189.93,0.000517172
189.94,0.000517152
189.95,0.000517132
189.96,0.000517111
189.97,0.000517091
189.98,0.000517071
189.99,0.00051705
190,0.00051703
190.01,0.000517009
190.02,0.000516989
190.03,0.000516969
190.04,0.000516948
190.05,0.000516928
190.06,0.000516908
190.07,0.000516887
190.08,0.000516867
190.09,0.000516846
190.1,0.000516826
190.11,0.000516806
190.12,0.000516785
190.13,0.000516765
190.14,0.000516745
190.15,0.000516724
190.16,0.000516704
190.17,0.000516684
190.18,0.000516663
190.19,0.000516643
190.2,0.000516622
190.21,0.000516602
190.22,0.000516582
190.23,0.000516561
190.24,0.000516541
190.25,0.000516521
190.26,0.0005165
190.27,0.00051648
190.28,0.00051646
190.29,0.000516439
190.3,0.000516419
190.31,0.000516398
190.32,0.000516378
190.33,0.000516358
190.34,0.000516337
190.35,0.000516317
190.36,0.000516297
190.37,0.000516276
190.38,0.000516256
190.39,0.000516236
190.4,0.000516215
190.41,0.000516195
190.42,0.000516175
190.43,0.000516154
190.44,0.000516134
190.45,0.000516113
190.46,0.000516093
190.47,0.000516073
190.48,0.000516052
190.49,0.000516032
190.5,0.000516012
190.51,0.000515991
190.52,0.000515971
190.53,0.000515951
190.54,0.00051593
190.55,0.00051591
190.56,0.00051589
190.57,0.000515869
190.58,0.000515849
190.59,0.000515828
190.6,0.000515808
190.61,0.000515788
190.62,0.000515767
190.63,0.000515747
190.64,0.000515727
190.65,0.000515706
190.66,0.000515686
190.67,0.000515666
190.68,0.000515645
190.69,0.000515625
190.7,0.000515605
190.71,0.000515584
190.72,0.000515564
190.73,0.000515543
190.74,0.000515523
190.75,0.000515503
190.76,0.000515482
190.77,0.000515462
190.78,0.000515442
190.79,0.000515421
190.8,0.000515401
190.81,0.000515381
190.82,0.00051536
190.83,0.00051534
190.84,0.00051532
190.85,0.000515299
190.86,0.000515279
190.87,0.000515258
190.88,0.000515238
190.89,0.000515218
190.9,0.000515197
190.91,0.000515177
190.92,0.000515157
190.93,0.000515136
190.94,0.000515116
190.95,0.000515096
190.96,0.000515075
190.97,0.000515055
190.98,0.000515035
190.99,0.000515014
191,0.000514994
191.01,0.000514974
191.02,0.000514953
191.03,0.000514933
191.04,0.000514913
191.05,0.000514892
191.06,0.000514872
191.07,0.000514851
191.08,0.000514831
191.09,0.000514811
191.1,0.00051479
191.11,0.00051477
191.12,0.00051475
191.13,0.000514729
191.14,0.000514709
191.15,0.000514689
191.16,0.000514668
191.17,0.000514648
191.18,0.000514628
191.19,0.000514607
191.2,0.000514587
191.21,0.000514567
191.22,0.000514546
191.23,0.000514526
191.24,0.000514506
191.25,0.000514485
191.26,0.000514465
191.27,0.000514444
191.28,0.000514424
191.29,0.000514404
191.3,0.000514383
191.31,0.000514363
191.32,0.000514343
191.33,0.000514322
191.34,0.000514302
191.35,0.000514282
191.36,0.000514261
191.37,0.000514241
191.38,0.000514221
191.39,0.0005142
191.4,0.00051418
191.41,0.00051416
191.42,0.000514139
191.43,0.000514119
191.44,0.000514099
191.45,0.000514078
191.46,0.000514058
191.47,0.000514038
191.48,0.000514017
191.49,0.000513997
191.5,0.000513977
191.51,0.000513956
191.52,0.000513936
191.53,0.000513916
191.54,0.000513895
191.55,0.000513875
191.56,0.000513855
191.57,0.000513834
191.58,0.000513814
191.59,0.000513793
191.6,0.000513773
191.61,0.000513753
191.62,0.000513732
191.63,0.000513712
191.64,0.000513692
191.65,0.000513671
191.66,0.000513651
191.67,0.000513631
191.68,0.00051361
191.69,0.00051359
191.7,0.00051357
191.71,0.000513549
191.72,0.000513529
191.73,0.000513509
191.74,0.000513488
191.75,0.000513468
191.76,0.000513448
191.77,0.000513427
191.78,0.000513407
191.79,0.000513387
191.8,0.000513366
191.81,0.000513346
191.82,0.000513326
191.83,0.000513305
191.84,0.000513285
191.85,0.000513265
191.86,0.000513244
191.87,0.000513224
191.88,0.000513204
191.89,0.000513183
191.9,0.000513163
191.91,0.000513143
191.92,0.000513122
191.93,0.000513102
191.94,0.000513082
191.95,0.000513061
191.96,0.000513041
191.97,0.000513021
191.98,0.000513
191.99,0.00051298
192,0.00051296
192.01,0.000512939
192.02,0.000512919
192.03,0.000512899
192.04,0.000512878
192.05,0.000512858
192.06,0.000512838
192.07,0.000512817
192.08,0.000512797
192.09,0.000512777
192.1,0.000512756
192.11,0.000512736
192.12,0.000512716
192.13,0.000512695
192.14,0.000512675
192.15,0.000512655
192.16,0.000512634
192.17,0.000512614
192.18,0.000512594
192.19,0.000512573
192.2,0.000512553
192.21,0.000512533
192.22,0.000512512
192.23,0.000512492
192.24,0.000512472
192.25,0.000512451
192.26,0.000512431
192.27,0.000512411
192.28,0.00051239
192.29,0.00051237
192.3,0.00051235
192.31,0.000512329
192.32,0.000512309
192.33,0.000512289
192.34,0.000512268
192.35,0.000512248
192.36,0.000512228
192.37,0.000512207
192.38,0.000512187
192.39,0.000512167
192.4,0.000512146
192.41,0.000512126
192.42,0.000512106
192.43,0.000512085
192.44,0.000512065
192.45,0.000512045
192.46,0.000512024
192.47,0.000512004
192.48,0.000511984
192.49,0.000511963
192.5,0.000511943
192.51,0.000511923
192.52,0.000511902
192.53,0.000511882
192.54,0.000511862
192.55,0.000511841
192.56,0.000511821
192.57,0.000511801
192.58,0.00051178
192.59,0.00051176
192.6,0.00051174
192.61,0.000511719
192.62,0.000511699
192.63,0.000511679
192.64,0.000511658
192.65,0.000511638
192.66,0.000511618
192.67,0.000511597
192.68,0.000511577
192.69,0.000511557
192.7,0.000511536
192.71,0.000511516
192.72,0.000511496
192.73,0.000511475
192.74,0.000511455
192.75,0.000511435
192.76,0.000511414
192.77,0.000511394
192.78,0.000511374
192.79,0.000511354
192.8,0.000511333
192.81,0.000511313
192.82,0.000511293
192.83,0.000511272
192.84,0.000511252
192.85,0.000511232
192.86,0.000511211
192.87,0.000511191
192.88,0.000511171
192.89,0.00051115
192.9,0.00051113
192.91,0.00051111
192.92,0.000511089
192.93,0.000511069
192.94,0.000511049
192.95,0.000511028
192.96,0.000511008
192.97,0.000510988
192.98,0.000510967
192.99,0.000510947
193,0.000510927
193.01,0.000510906
193.02,0.000510886
193.03,0.000510866
193.04,0.000510845
193.05,0.000510825
193.06,0.000510805
193.07,0.000510784
193.08,0.000510764
193.09,0.000510744
193.1,0.000510724
193.11,0.000510703
193.12,0.000510683
193.13,0.000510663
193.14,0.000510642
193.15,0.000510622
193.16,0.000510602
193.17,0.000510581
193.18,0.000510561
193.19,0.000510541
193.2,0.00051052
193.21,0.0005105
193.22,0.00051048
193.23,0.000510459
193.24,0.000510439
193.25,0.000510419
193.26,0.000510398
193.27,0.000510378
193.28,0.000510358
193.29,0.000510337
193.3,0.000510317
193.31,0.000510297
193.32,0.000510277
193.33,0.000510256
193.34,0.000510236
193.35,0.000510216
193.36,0.000510195
193.37,0.000510175
193.38,0.000510155
193.39,0.000510134
193.4,0.000510114
193.41,0.000510094
193.42,0.000510073
193.43,0.000510053
193.44,0.000510033
193.45,0.000510012
193.46,0.000509992
193.47,0.000509972
193.48,0.000509951
193.49,0.000509931
193.5,0.000509911
193.51,0.000509891
193.52,0.00050987
193.53,0.00050985
193.54,0.00050983
193.55,0.000509809
193.56,0.000509789
193.57,0.000509769
193.58,0.000509748
193.59,0.000509728
193.6,0.000509708
193.61,0.000509687
193.62,0.000509667
193.63,0.000509647
193.64,0.000509626
193.65,0.000509606
193.66,0.000509586
193.67,0.000509566
193.68,0.000509545
193.69,0.000509525
193.7,0.000509505
193.71,0.000509484
193.72,0.000509464
193.73,0.000509444
193.74,0.000509423
193.75,0.000509403
193.76,0.000509383
193.77,0.000509362
193.78,0.000509342
193.79,0.000509322
193.8,0.000509301
193.81,0.000509281
193.82,0.000509261
193.83,0.000509241
193.84,0.00050922
193.85,0.0005092
193.86,0.00050918
193.87,0.000509159
193.88,0.000509139
193.89,0.000509119
193.9,0.000509098
193.91,0.000509078
193.92,0.000509058
193.93,0.000509037
193.94,0.000509017
193.95,0.000508997
193.96,0.000508977
193.97,0.000508956
193.98,0.000508936
193.99,0.000508916
194,0.000508895
194.01,0.000508875
194.02,0.000508855
194.03,0.000508834
194.04,0.000508814
194.05,0.000508794
194.06,0.000508773
194.07,0.000508753
194.08,0.000508733
194.09,0.000508713
194.1,0.000508692
194.11,0.000508672
194.12,0.000508652
194.13,0.000508631
194.14,0.000508611
194.15,0.000508591
194.16,0.00050857
194.17,0.00050855
194.18,0.00050853
194.19,0.000508509
194.2,0.000508489
194.21,0.000508469
194.22,0.000508449
194.23,0.000508428
194.24,0.000508408
194.25,0.000508388
194.26,0.000508367
194.27,0.000508347
194.28,0.000508327
194.29,0.000508306
194.3,0.000508286
194.31,0.000508266
194.32,0.000508246
194.33,0.000508225
194.34,0.000508205
194.35,0.000508185
194.36,0.000508164
194.37,0.000508144
194.38,0.000508124
194.39,0.000508103
194.4,0.000508083
194.41,0.000508063
194.42,0.000508043
194.43,0.000508022
194.44,0.000508002
194.45,0.000507982
194.46,0.000507961
194.47,0.000507941
194.48,0.000507921
194.49,0.0005079
194.5,0.00050788
194.51,0.00050786
194.52,0.00050784
194.53,0.000507819
194.54,0.000507799
194.55,0.000507779
194.56,0.000507758
194.57,0.000507738
194.58,0.000507718
194.59,0.000507697
194.6,0.000507677
194.61,0.000507657
194.62,0.000507637
194.63,0.000507616
194.64,0.000507596
194.65,0.000507576
194.66,0.000507555
194.67,0.000507535
194.68,0.000507515
194.69,0.000507494
194.7,0.000507474
194.71,0.000507454
194.72,0.000507434
194.73,0.000507413
194.74,0.000507393
194.75,0.000507373
194.76,0.000507352
194.77,0.000507332
194.78,0.000507312
194.79,0.000507291
194.8,0.000507271
194.81,0.000507251
194.82,0.000507231
194.83,0.00050721
194.84,0.00050719
194.85,0.00050717
194.86,0.000507149
194.87,0.000507129
194.88,0.000507109
194.89,0.000507088
194.9,0.000507068
194.91,0.000507048
194.92,0.000507028
194.93,0.000507007
194.94,0.000506987
194.95,0.000506967
194.96,0.000506946
194.97,0.000506926
194.98,0.000506906
194.99,0.000506886
195,0.000506865
195.01,0.000506845
195.02,0.000506825
195.03,0.000506804
195.04,0.000506784
195.05,0.000506764
195.06,0.000506743
195.07,0.000506723
195.08,0.000506703
195.09,0.000506683
195.1,0.000506662
195.11,0.000506642
195.12,0.000506622
195.13,0.000506601
195.14,0.000506581
195.15,0.000506561
195.16,0.000506541
195.17,0.00050652
195.18,0.0005065
195.19,0.00050648
195.2,0.000506459
195.21,0.000506439
195.22,0.000506419
195.23,0.000506399
195.24,0.000506378
195.25,0.000506358
195.26,0.000506338
195.27,0.000506317
195.28,0.000506297
195.29,0.000506277
195.3,0.000506256
195.31,0.000506236
195.32,0.000506216
195.33,0.000506196
195.34,0.000506175
195.35,0.000506155
195.36,0.000506135
195.37,0.000506114
195.38,0.000506094
195.39,0.000506074
195.4,0.000506054
195.41,0.000506033
195.42,0.000506013
195.43,0.000505993
195.44,0.000505972
195.45,0.000505952
195.46,0.000505932
195.47,0.000505912
195.48,0.000505891
195.49,0.000505871
195.5,0.000505851
195.51,0.00050583
195.52,0.00050581
195.53,0.00050579
195.54,0.00050577
195.55,0.000505749
195.56,0.000505729
195.57,0.000505709
195.58,0.000505688
195.59,0.000505668
195.6,0.000505648
195.61,0.000505628
195.62,0.000505607
195.63,0.000505587
195.64,0.000505567
195.65,0.000505546
195.66,0.000505526
195.67,0.000505506
195.68,0.000505486
195.69,0.000505465
195.7,0.000505445
195.71,0.000505425
195.72,0.000505404
195.73,0.000505384
195.74,0.000505364
195.75,0.000505344
195.76,0.000505323
195.77,0.000505303
195.78,0.000505283
195.79,0.000505262
195.8,0.000505242
195.81,0.000505222
195.82,0.000505202
195.83,0.000505181
195.84,0.000505161
195.85,0.000505141
195.86,0.00050512
195.87,0.0005051
195.88,0.00050508
195.89,0.00050506
195.9,0.000505039
195.91,0.000505019
195.92,0.000504999
195.93,0.000504978
195.94,0.000504958
195.95,0.000504938
195.96,0.000504918
195.97,0.000504897
195.98,0.000504877
195.99,0.000504857
196,0.000504837
196.01,0.000504816
196.02,0.000504796
196.03,0.000504776
196.04,0.000504755
196.05,0.000504735
196.06,0.000504715
196.07,0.000504695
196.08,0.000504674
196.09,0.000504654
196.1,0.000504634
196.11,0.000504613
196.12,0.000504593
196.13,0.000504573
196.14,0.000504553
196.15,0.000504532
196.16,0.000504512
196.17,0.000504492
196.18,0.000504471
196.19,0.000504451
196.2,0.000504431
196.21,0.000504411
196.22,0.00050439
196.23,0.00050437
196.24,0.00050435
196.25,0.00050433
196.26,0.000504309
196.27,0.000504289
196.28,0.000504269
196.29,0.000504248
196.3,0.000504228
196.31,0.000504208
196.32,0.000504188
196.33,0.000504167
196.34,0.000504147
196.35,0.000504127
196.36,0.000504106
196.37,0.000504086
196.38,0.000504066
196.39,0.000504046
196.4,0.000504025
196.41,0.000504005
196.42,0.000503985
196.43,0.000503965
196.44,0.000503944
196.45,0.000503924
196.46,0.000503904
196.47,0.000503883
196.48,0.000503863
196.49,0.000503843
196.5,0.000503823
196.51,0.000503802
196.52,0.000503782
196.53,0.000503762
196.54,0.000503742
196.55,0.000503721
196.56,0.000503701
196.57,0.000503681
196.58,0.00050366
196.59,0.00050364
196.6,0.00050362
196.61,0.0005036
196.62,0.000503579
196.63,0.000503559
196.64,0.000503539
196.65,0.000503519
196.66,0.000503498
196.67,0.000503478
196.68,0.000503458
196.69,0.000503437
196.7,0.000503417
196.71,0.000503397
196.72,0.000503377
196.73,0.000503356
196.74,0.000503336
196.75,0.000503316
196.76,0.000503296
196.77,0.000503275
196.78,0.000503255
196.79,0.000503235
196.8,0.000503214
196.81,0.000503194
196.82,0.000503174
196.83,0.000503154
196.84,0.000503133
196.85,0.000503113
196.86,0.000503093
196.87,0.000503073
196.88,0.000503052
196.89,0.000503032
196.9,0.000503012
196.91,0.000502991
196.92,0.000502971
196.93,0.000502951
196.94,0.000502931
196.95,0.00050291
196.96,0.00050289
196.97,0.00050287
196.98,0.00050285
196.99,0.000502829
197,0.000502809
197.01,0.000502789
197.02,0.000502768
197.03,0.000502748
197.04,0.000502728
197.05,0.000502708
197.06,0.000502687
197.07,0.000502667
197.08,0.000502647
197.09,0.000502627
197.1,0.000502606
197.11,0.000502586
197.12,0.000502566
197.13,0.000502546
197.14,0.000502525
197.15,0.000502505
197.16,0.000502485
197.17,0.000502464
197.18,0.000502444
197.19,0.000502424
197.2,0.000502404
197.21,0.000502383
197.22,0.000502363
197.23,0.000502343
197.24,0.000502323
197.25,0.000502302
197.26,0.000502282
197.27,0.000502262
197.28,0.000502242
197.29,0.000502221
197.3,0.000502201
197.31,0.000502181
197.32,0.00050216
197.33,0.00050214
197.34,0.00050212
197.35,0.0005021
197.36,0.000502079
197.37,0.000502059
197.38,0.000502039
197.39,0.000502019
197.4,0.000501998
197.41,0.000501978
197.42,0.000501958
197.43,0.000501938
197.44,0.000501917
197.45,0.000501897
197.46,0.000501877
197.47,0.000501857
197.48,0.000501836
197.49,0.000501816
197.5,0.000501796
197.51,0.000501775
197.52,0.000501755
197.53,0.000501735
197.54,0.000501715
197.55,0.000501694
197.56,0.000501674
197.57,0.000501654
197.58,0.000501634
197.59,0.000501613
197.6,0.000501593
197.61,0.000501573
197.62,0.000501553
197.63,0.000501532
197.64,0.000501512
197.65,0.000501492
197.66,0.000501472
197.67,0.000501451
197.68,0.000501431
197.69,0.000501411
197.7,0.000501391
197.71,0.00050137
197.72,0.00050135
197.73,0.00050133
197.74,0.000501309
197.75,0.000501289
197.76,0.000501269
197.77,0.000501249
197.78,0.000501228
197.79,0.000501208
197.8,0.000501188
197.81,0.000501168
197.82,0.000501147
197.83,0.000501127
197.84,0.000501107
197.85,0.000501087
197.86,0.000501066
197.87,0.000501046
197.88,0.000501026
197.89,0.000501006
197.9,0.000500985
197.91,0.000500965
197.92,0.000500945
197.93,0.000500925
197.94,0.000500904
197.95,0.000500884
197.96,0.000500864
197.97,0.000500844
197.98,0.000500823
197.99,0.000500803
198,0.000500783
198.01,0.000500763
198.02,0.000500742
198.03,0.000500722
198.04,0.000500702
198.05,0.000500681
198.06,0.000500661
198.07,0.000500641
198.08,0.000500621
198.09,0.0005006
198.1,0.00050058
198.11,0.00050056
198.12,0.00050054
198.13,0.000500519
198.14,0.000500499
198.15,0.000500479
198.16,0.000500459
198.17,0.000500438
198.18,0.000500418
198.19,0.000500398
198.2,0.000500378
198.21,0.000500357
198.22,0.000500337
198.23,0.000500317
198.24,0.000500297
198.25,0.000500276
198.26,0.000500256
198.27,0.000500236
198.28,0.000500216
198.29,0.000500195
198.3,0.000500175
198.31,0.000500155
198.32,0.000500135
198.33,0.000500114
198.34,0.000500094
198.35,0.000500074
198.36,0.000500054
198.37,0.000500033
198.38,0.000500013
198.39,0.000499993
198.4,0.000499973
198.41,0.000499952
198.42,0.000499932
198.43,0.000499912
198.44,0.000499892
198.45,0.000499871
198.46,0.000499851
198.47,0.000499831
198.48,0.000499811
198.49,0.00049979
198.5,0.00049977
198.51,0.00049975
198.52,0.00049973
198.53,0.000499709
198.54,0.000499689
198.55,0.000499669
198.56,0.000499649
198.57,0.000499628
198.58,0.000499608
198.59,0.000499588
198.6,0.000499568
198.61,0.000499547
198.62,0.000499527
198.63,0.000499507
198.64,0.000499487
198.65,0.000499466
198.66,0.000499446
198.67,0.000499426
198.68,0.000499406
198.69,0.000499385
198.7,0.000499365
198.71,0.000499345
198.72,0.000499325
198.73,0.000499304
198.74,0.000499284
198.75,0.000499264
198.76,0.000499244
198.77,0.000499223
198.78,0.000499203
198.79,0.000499183
198.8,0.000499163
198.81,0.000499142
198.82,0.000499122
198.83,0.000499102
198.84,0.000499082
198.85,0.000499061
198.86,0.000499041
198.87,0.000499021
198.88,0.000499001
198.89,0.00049898
198.9,0.00049896
198.91,0.00049894
198.92,0.00049892
198.93,0.000498899
198.94,0.000498879
198.95,0.000498859
198.96,0.000498839
198.97,0.000498818
198.98,0.000498798
198.99,0.000498778
199,0.000498758
199.01,0.000498737
199.02,0.000498717
199.03,0.000498697
199.04,0.000498677
199.05,0.000498656
199.06,0.000498636
199.07,0.000498616
199.08,0.000498596
199.09,0.000498575
199.1,0.000498555
199.11,0.000498535
199.12,0.000498515
199.13,0.000498494
199.14,0.000498474
199.15,0.000498454
199.16,0.000498434
199.17,0.000498413
199.18,0.000498393
199.19,0.000498373
199.2,0.000498353
199.21,0.000498333
199.22,0.000498312
199.23,0.000498292
199.24,0.000498272
199.25,0.000498252
199.26,0.000498231
199.27,0.000498211
199.28,0.000498191
199.29,0.000498171
199.3,0.00049815
199.31,0.00049813
199.32,0.00049811
199.33,0.00049809
199.34,0.000498069
199.35,0.000498049
199.36,0.000498029
199.37,0.000498009
199.38,0.000497988
199.39,0.000497968
199.4,0.000497948
199.41,0.000497928
199.42,0.000497907
199.43,0.000497887
199.44,0.000497867
199.45,0.000497847
199.46,0.000497826
199.47,0.000497806
199.48,0.000497786
199.49,0.000497766
199.5,0.000497745
199.51,0.000497725
199.52,0.000497705
199.53,0.000497685
199.54,0.000497665
199.55,0.000497644
199.56,0.000497624
199.57,0.000497604
199.58,0.000497584
199.59,0.000497563
199.6,0.000497543
199.61,0.000497523
199.62,0.000497503
199.63,0.000497482
199.64,0.000497462
199.65,0.000497442
199.66,0.000497422
199.67,0.000497401
199.68,0.000497381
199.69,0.000497361
199.7,0.000497341
199.71,0.00049732
199.72,0.0004973
199.73,0.00049728
199.74,0.00049726
199.75,0.00049724
199.76,0.000497219
199.77,0.000497199
199.78,0.000497179
199.79,0.000497159
199.8,0.000497138
199.81,0.000497118
199.82,0.000497098
199.83,0.000497078
199.84,0.000497057
199.85,0.000497037
199.86,0.000497017
199.87,0.000496997
199.88,0.000496976
199.89,0.000496956
199.9,0.000496936
199.91,0.000496916
199.92,0.000496896
199.93,0.000496875
199.94,0.000496855
199.95,0.000496835
199.96,0.000496815
199.97,0.000496794
199.98,0.000496774
199.99,0.000496754
200,0.000496734
200.01,0.000496727
200.02,0.00049672
200.03,0.000496713
200.04,0.000496706
200.05,0.000496699
200.06,0.000496692
200.07,0.000496686
200.08,0.000496679
200.09,0.000496672
200.1,0.000496665
200.11,0.000496658
200.12,0.000496651
200.13,0.000496644
200.14,0.000496638
200.15,0.000496631
200.16,0.000496624
200.17,0.000496617
200.18,0.00049661
200.19,0.000496603
200.2,0.000496596
200.21,0.00049659
200.22,0.000496583
200.23,0.000496576
200.24,0.000496569
200.25,0.000496562
200.26,0.000496555
200.27,0.000496548
200.28,0.000496541
200.29,0.000496535
200.3,0.000496528
200.31,0.000496521
200.32,0.000496514
200.33,0.000496507
200.34,0.0004965
200.35,0.000496493
200.36,0.000496487
200.37,0.00049648
200.38,0.000496473
200.39,0.000496466
200.4,0.000496459
200.41,0.000496452
200.42,0.000496445
200.43,0.000496439
200.44,0.000496432
200.45,0.000496425
200.46,0.000496418
200.47,0.000496411
200.48,0.000496404
200.49,0.000496397
200.5,0.000496391
200.51,0.000496384
200.52,0.000496377
200.53,0.00049637
200.54,0.000496363
200.55,0.000496356
200.56,0.000496349
200.57,0.000496343
200.58,0.000496336
200.59,0.000496329
200.6,0.000496322
200.61,0.000496315
200.62,0.000496308
200.63,0.000496301
200.64,0.000496295
200.65,0.000496288
200.66,0.000496281
200.67,0.000496274
200.68,0.000496267
200.69,0.00049626
200.7,0.000496253
200.71,0.000496247
200.72,0.00049624
200.73,0.000496233
200.74,0.000496226
200.75,0.000496219
200.76,0.000496212
200.77,0.000496205
200.78,0.000496199
200.79,0.000496192
200.8,0.000496185
200.81,0.000496178
200.82,0.000496171
200.83,0.000496164
200.84,0.000496157
200.85,0.000496151
200.86,0.000496144
200.87,0.000496137
200.88,0.00049613
200.89,0.000496123
200.9,0.000496116
200.91,0.000496109
200.92,0.000496103
200.93,0.000496096
200.94,0.000496089
200.95,0.000496082
200.96,0.000496075
200.97,0.000496068
200.98,0.000496062
200.99,0.000496055
201,0.000496048
201.01,0.000496041
201.02,0.000496034
201.03,0.000496027
201.04,0.00049602
201.05,0.000496014
201.06,0.000496007
201.07,0.000496
201.08,0.000495993
201.09,0.000495986
201.1,0.000495979
201.11,0.000495972
201.12,0.000495966
201.13,0.000495959
201.14,0.000495952
201.15,0.000495945
201.16,0.000495938
201.17,0.000495931
201.18,0.000495924
201.19,0.000495918
201.2,0.000495911
201.21,0.000495904
201.22,0.000495897
201.23,0.00049589
201.24,0.000495883
201.25,0.000495876
201.26,0.00049587
201.27,0.000495863
201.28,0.000495856
201.29,0.000495849
201.3,0.000495842
201.31,0.000495835
201.32,0.000495829
201.33,0.000495822
201.34,0.000495815
201.35,0.000495808
201.36,0.000495801
201.37,0.000495794
201.38,0.000495787
201.39,0.000495781
201.4,0.000495774
201.41,0.000495767
201.42,0.00049576
201.43,0.000495753
201.44,0.000495746
201.45,0.00049574
201.46,0.000495733
201.47,0.000495726
201.48,0.000495719
201.49,0.000495712
201.5,0.000495705
201.51,0.000495698
201.52,0.000495692
201.53,0.000495685
201.54,0.000495678
201.55,0.000495671
201.56,0.000495664
201.57,0.000495657
201.58,0.00049565
201.59,0.000495644
201.6,0.000495637
201.61,0.00049563
201.62,0.000495623
201.63,0.000495616
201.64,0.000495609
201.65,0.000495603
201.66,0.000495596
201.67,0.000495589
201.68,0.000495582
201.69,0.000495575
201.7,0.000495568
201.71,0.000495561
201.72,0.000495555
201.73,0.000495548
201.74,0.000495541
201.75,0.000495534
201.76,0.000495527
201.77,0.00049552
201.78,0.000495514
201.79,0.000495507
201.8,0.0004955
201.81,0.000495493
201.82,0.000495486
201.83,0.000495479
201.84,0.000495472
201.85,0.000495466
201.86,0.000495459
201.87,0.000495452
201.88,0.000495445
201.89,0.000495438
201.9,0.000495431
201.91,0.000495425
201.92,0.000495418
201.93,0.000495411
201.94,0.000495404
201.95,0.000495397
201.96,0.00049539
201.97,0.000495384
201.98,0.000495377
201.99,0.00049537
202,0.000495363
202.01,0.000495356
202.02,0.000495349
202.03,0.000495342
202.04,0.000495336
202.05,0.000495329
202.06,0.000495322
202.07,0.000495315
202.08,0.000495308
202.09,0.000495301
202.1,0.000495295
202.11,0.000495288
202.12,0.000495281
202.13,0.000495274
202.14,0.000495267
202.15,0.00049526
202.16,0.000495253
202.17,0.000495247
202.18,0.00049524
202.19,0.000495233
202.2,0.000495226
202.21,0.000495219
202.22,0.000495212
202.23,0.000495206
202.24,0.000495199
202.25,0.000495192
202.26,0.000495185
202.27,0.000495178
202.28,0.000495171
202.29,0.000495165
202.3,0.000495158
202.31,0.000495151
202.32,0.000495144
202.33,0.000495137
202.34,0.00049513
202.35,0.000495124
202.36,0.000495117
202.37,0.00049511
202.38,0.000495103
202.39,0.000495096
202.4,0.000495089
202.41,0.000495082
202.42,0.000495076
202.43,0.000495069
202.44,0.000495062
202.45,0.000495055
202.46,0.000495048
202.47,0.000495041
202.48,0.000495035
202.49,0.000495028
202.5,0.000495021
202.51,0.000495014
202.52,0.000495007
202.53,0.000495
202.54,0.000494994
202.55,0.000494987
202.56,0.00049498
202.57,0.000494973
202.58,0.000494966
202.59,0.000494959
202.6,0.000494953
202.61,0.000494946
202.62,0.000494939
202.63,0.000494932
202.64,0.000494925
202.65,0.000494918
202.66,0.000494912
202.67,0.000494905
202.68,0.000494898
202.69,0.000494891
202.7,0.000494884
202.71,0.000494877
202.72,0.000494871
202.73,0.000494864
202.74,0.000494857
202.75,0.00049485
202.76,0.000494843
202.77,0.000494836
202.78,0.000494829
202.79,0.000494823
202.8,0.000494816
202.81,0.000494809
202.82,0.000494802
202.83,0.000494795
202.84,0.000494788
202.85,0.000494782
202.86,0.000494775
202.87,0.000494768
202.88,0.000494761
202.89,0.000494754
202.9,0.000494747
202.91,0.000494741
202.92,0.000494734
202.93,0.000494727
202.94,0.00049472
202.95,0.000494713
202.96,0.000494706
202.97,0.0004947
202.98,0.000494693
202.99,0.000494686
203,0.000494679
203.01,0.000494672
203.02,0.000494665
203.03,0.000494659
203.04,0.000494652
203.05,0.000494645
203.06,0.000494638
203.07,0.000494631
203.08,0.000494624
203.09,0.000494618
203.1,0.000494611
203.11,0.000494604
203.12,0.000494597
203.13,0.00049459
203.14,0.000494583
203.15,0.000494577
203.16,0.00049457
203.17,0.000494563
203.18,0.000494556
203.19,0.000494549
203.2,0.000494542
203.21,0.000494536
203.22,0.000494529
203.23,0.000494522
203.24,0.000494515
203.25,0.000494508
203.26,0.000494501
203.27,0.000494495
203.28,0.000494488
203.29,0.000494481
203.3,0.000494474
203.31,0.000494467
203.32,0.00049446
203.33,0.000494454
203.34,0.000494447
203.35,0.00049444
203.36,0.000494433
203.37,0.000494426
203.38,0.00049442
203.39,0.000494413
203.4,0.000494406
203.41,0.000494399
203.42,0.000494392
203.43,0.000494385
203.44,0.000494379
203.45,0.000494372
203.46,0.000494365
203.47,0.000494358
203.48,0.000494351
203.49,0.000494344
203.5,0.000494338
203.51,0.000494331
203.52,0.000494324
203.53,0.000494317
203.54,0.00049431
203.55,0.000494303
203.56,0.000494297
203.57,0.00049429
203.58,0.000494283
203.59,0.000494276
203.6,0.000494269
203.61,0.000494262
203.62,0.000494256
203.63,0.000494249
203.64,0.000494242
203.65,0.000494235
203.66,0.000494228
203.67,0.000494221
203.68,0.000494215
203.69,0.000494208
203.7,0.000494201
203.71,0.000494194
203.72,0.000494187
203.73,0.000494181
203.74,0.000494174
203.75,0.000494167
203.76,0.00049416
203.77,0.000494153
203.78,0.000494146
203.79,0.00049414
203.8,0.000494133
203.81,0.000494126
203.82,0.000494119
203.83,0.000494112
203.84,0.000494105
203.85,0.000494099
203.86,0.000494092
203.87,0.000494085
203.88,0.000494078
203.89,0.000494071
203.9,0.000494064
203.91,0.000494058
203.92,0.000494051
203.93,0.000494044
203.94,0.000494037
203.95,0.00049403
203.96,0.000494024
203.97,0.000494017
203.98,0.00049401
203.99,0.000494003
204,0.000493996
204.01,0.000493989
204.02,0.000493983
204.03,0.000493976
204.04,0.000493969
204.05,0.000493962
204.06,0.000493955
204.07,0.000493948
204.08,0.000493942
204.09,0.000493935
204.1,0.000493928
204.11,0.000493921
204.12,0.000493914
204.13,0.000493907
204.14,0.000493901
204.15,0.000493894
204.16,0.000493887
204.17,0.00049388
204.18,0.000493873
204.19,0.000493867
204.2,0.00049386
204.21,0.000493853
204.22,0.000493846
204.23,0.000493839
204.24,0.000493832
204.25,0.000493826
204.26,0.000493819
204.27,0.000493812
204.28,0.000493805
204.29,0.000493798
204.3,0.000493792
204.31,0.000493785
204.32,0.000493778
204.33,0.000493771
204.34,0.000493764
204.35,0.000493757
204.36,0.000493751
204.37,0.000493744
204.38,0.000493737
204.39,0.00049373
204.4,0.000493723
204.41,0.000493716
204.42,0.00049371
204.43,0.000493703
204.44,0.000493696
204.45,0.000493689
204.46,0.000493682
204.47,0.000493676
204.48,0.000493669
204.49,0.000493662
204.5,0.000493655
204.51,0.000493648
204.52,0.000493641
204.53,0.000493635
204.54,0.000493628
204.55,0.000493621
204.56,0.000493614
204.57,0.000493607
204.58,0.000493601
204.59,0.000493594
204.6,0.000493587
204.61,0.00049358
204.62,0.000493573
204.63,0.000493566
204.64,0.00049356
204.65,0.000493553
204.66,0.000493546
204.67,0.000493539
204.68,0.000493532
204.69,0.000493526
204.7,0.000493519
204.71,0.000493512
204.72,0.000493505
204.73,0.000493498
204.74,0.000493491
204.75,0.000493485
204.76,0.000493478
204.77,0.000493471
204.78,0.000493464
204.79,0.000493457
204.8,0.000493451
204.81,0.000493444
204.82,0.000493437
204.83,0.00049343
204.84,0.000493423
204.85,0.000493416
204.86,0.00049341
204.87,0.000493403
204.88,0.000493396
204.89,0.000493389
204.9,0.000493382
204.91,0.000493376
204.92,0.000493369
204.93,0.000493362
204.94,0.000493355
204.95,0.000493348
204.96,0.000493341
204.97,0.000493335
204.98,0.000493328
204.99,0.000493321
205,0.000493314
205.01,0.000493307
205.02,0.000493301
205.03,0.000493294
205.04,0.000493287
205.05,0.00049328
205.06,0.000493273
205.07,0.000493266
205.08,0.00049326
205.09,0.000493253
205.1,0.000493246
205.11,0.000493239
205.12,0.000493232
205.13,0.000493226
205.14,0.000493219
205.15,0.000493212
205.16,0.000493205
205.17,0.000493198
205.18,0.000493191
205.19,0.000493185
205.2,0.000493178
205.21,0.000493171
205.22,0.000493164
205.23,0.000493157
205.24,0.000493151
205.25,0.000493144
205.26,0.000493137
205.27,0.00049313
205.28,0.000493123
205.29,0.000493117
205.3,0.00049311
205.31,0.000493103
205.32,0.000493096
205.33,0.000493089
205.34,0.000493082
205.35,0.000493076
205.36,0.000493069
205.37,0.000493062
205.38,0.000493055
205.39,0.000493048
205.4,0.000493042
205.41,0.000493035
205.42,0.000493028
205.43,0.000493021
205.44,0.000493014
205.45,0.000493008
205.46,0.000493001
205.47,0.000492994
205.48,0.000492987
205.49,0.00049298
205.5,0.000492973
205.51,0.000492967
205.52,0.00049296
205.53,0.000492953
205.54,0.000492946
205.55,0.000492939
205.56,0.000492933
205.57,0.000492926
205.58,0.000492919
205.59,0.000492912
205.6,0.000492905
205.61,0.000492899
205.62,0.000492892
205.63,0.000492885
205.64,0.000492878
205.65,0.000492871
205.66,0.000492864
205.67,0.000492858
205.68,0.000492851
205.69,0.000492844
205.7,0.000492837
205.71,0.00049283
205.72,0.000492824
205.73,0.000492817
205.74,0.00049281
205.75,0.000492803
205.76,0.000492796
205.77,0.00049279
205.78,0.000492783
205.79,0.000492776
205.8,0.000492769
205.81,0.000492762
205.82,0.000492756
205.83,0.000492749
205.84,0.000492742
205.85,0.000492735
205.86,0.000492728
205.87,0.000492721
205.88,0.000492715
205.89,0.000492708
205.9,0.000492701
205.91,0.000492694
205.92,0.000492687
205.93,0.000492681
205.94,0.000492674
205.95,0.000492667
205.96,0.00049266
205.97,0.000492653
205.98,0.000492647
205.99,0.00049264
206,0.000492633
206.01,0.000492626
206.02,0.000492619
206.03,0.000492613
206.04,0.000492606
206.05,0.000492599
206.06,0.000492592
206.07,0.000492585
206.08,0.000492579
206.09,0.000492572
206.1,0.000492565
206.11,0.000492558
206.12,0.000492551
206.13,0.000492544
206.14,0.000492538
206.15,0.000492531
206.16,0.000492524
206.17,0.000492517
206.18,0.00049251
206.19,0.000492504
206.2,0.000492497
206.21,0.00049249
206.22,0.000492483
206.23,0.000492476
206.24,0.00049247
206.25,0.000492463
206.26,0.000492456
206.27,0.000492449
206.28,0.000492442
206.29,0.000492436
206.3,0.000492429
206.31,0.000492422
206.32,0.000492415
206.33,0.000492408
206.34,0.000492402
206.35,0.000492395
206.36,0.000492388
206.37,0.000492381
206.38,0.000492374
206.39,0.000492368
206.4,0.000492361
206.41,0.000492354
206.42,0.000492347
206.43,0.00049234
206.44,0.000492334
206.45,0.000492327
206.46,0.00049232
206.47,0.000492313
206.48,0.000492306
206.49,0.000492299
206.5,0.000492293
206.51,0.000492286
206.52,0.000492279
206.53,0.000492272
206.54,0.000492265
206.55,0.000492259
206.56,0.000492252
206.57,0.000492245
206.58,0.000492238
206.59,0.000492231
206.6,0.000492225
206.61,0.000492218
206.62,0.000492211
206.63,0.000492204
206.64,0.000492197
206.65,0.000492191
206.66,0.000492184
206.67,0.000492177
206.68,0.00049217
206.69,0.000492163
206.7,0.000492157
206.71,0.00049215
206.72,0.000492143
206.73,0.000492136
206.74,0.000492129
206.75,0.000492123
206.76,0.000492116
206.77,0.000492109
206.78,0.000492102
206.79,0.000492095
206.8,0.000492089
206.81,0.000492082
206.82,0.000492075
206.83,0.000492068
206.84,0.000492061
206.85,0.000492055
206.86,0.000492048
206.87,0.000492041
206.88,0.000492034
206.89,0.000492027
206.9,0.000492021
206.91,0.000492014
206.92,0.000492007
206.93,0.000492
206.94,0.000491993
206.95,0.000491987
206.96,0.00049198
206.97,0.000491973
206.98,0.000491966
206.99,0.000491959
207,0.000491953
207.01,0.000491946
207.02,0.000491939
207.03,0.000491932
207.04,0.000491925
207.05,0.000491919
207.06,0.000491912
207.07,0.000491905
207.08,0.000491898
207.09,0.000491891
207.1,0.000491885
207.11,0.000491878
207.12,0.000491871
207.13,0.000491864
207.14,0.000491857
207.15,0.000491851
207.16,0.000491844
207.17,0.000491837
207.18,0.00049183
207.19,0.000491823
207.2,0.000491817
207.21,0.00049181
207.22,0.000491803
207.23,0.000491796
207.24,0.000491789
207.25,0.000491783
207.26,0.000491776
207.27,0.000491769
207.28,0.000491762
207.29,0.000491755
207.3,0.000491749
207.31,0.000491742
207.32,0.000491735
207.33,0.000491728
207.34,0.000491721
207.35,0.000491715
207.36,0.000491708
207.37,0.000491701
207.38,0.000491694
207.39,0.000491687
207.4,0.000491681
207.41,0.000491674
207.42,0.000491667
207.43,0.00049166
207.44,0.000491653
207.45,0.000491647
207.46,0.00049164
207.47,0.000491633
207.48,0.000491626
207.49,0.000491619
207.5,0.000491613
207.51,0.000491606
207.52,0.000491599
207.53,0.000491592
207.54,0.000491586
207.55,0.000491579
207.56,0.000491572
207.57,0.000491565
207.58,0.000491558
207.59,0.000491552
207.6,0.000491545
207.61,0.000491538
207.62,0.000491531
207.63,0.000491524
207.64,0.000491518
207.65,0.000491511
207.66,0.000491504
207.67,0.000491497
207.68,0.00049149
207.69,0.000491484
207.7,0.000491477
207.71,0.00049147
207.72,0.000491463
207.73,0.000491456
207.74,0.00049145
207.75,0.000491443
207.76,0.000491436
207.77,0.000491429
207.78,0.000491422
207.79,0.000491416
207.8,0.000491409
207.81,0.000491402
207.82,0.000491395
207.83,0.000491388
207.84,0.000491382
207.85,0.000491375
207.86,0.000491368
207.87,0.000491361
207.88,0.000491354
207.89,0.000491348
207.9,0.000491341
207.91,0.000491334
207.92,0.000491327
207.93,0.000491321
207.94,0.000491314
207.95,0.000491307
207.96,0.0004913
207.97,0.000491293
207.98,0.000491287
207.99,0.00049128
208,0.000491273
208.01,0.000491266
208.02,0.000491259
208.03,0.000491253
208.04,0.000491246
208.05,0.000491239
208.06,0.000491232
208.07,0.000491225
208.08,0.000491219
208.09,0.000491212
208.1,0.000491205
208.11,0.000491198
208.12,0.000491191
208.13,0.000491185
208.14,0.000491178
208.15,0.000491171
208.16,0.000491164
208.17,0.000491158
208.18,0.000491151
208.19,0.000491144
208.2,0.000491137
208.21,0.00049113
208.22,0.000491124
208.23,0.000491117
208.24,0.00049111
208.25,0.000491103
208.26,0.000491096
208.27,0.00049109
208.28,0.000491083
208.29,0.000491076
208.3,0.000491069
208.31,0.000491062
208.32,0.000491056
208.33,0.000491049
208.34,0.000491042
208.35,0.000491035
208.36,0.000491029
208.37,0.000491022
208.38,0.000491015
208.39,0.000491008
208.4,0.000491001
208.41,0.000490995
208.42,0.000490988
208.43,0.000490981
208.44,0.000490974
208.45,0.000490967
208.46,0.000490961
208.47,0.000490954
208.48,0.000490947
208.49,0.00049094
208.5,0.000490933
208.51,0.000490927
208.52,0.00049092
208.53,0.000490913
208.54,0.000490906
208.55,0.0004909
208.56,0.000490893
208.57,0.000490886
208.58,0.000490879
208.59,0.000490872
208.6,0.000490866
208.61,0.000490859
208.62,0.000490852
208.63,0.000490845
208.64,0.000490838
208.65,0.000490832
208.66,0.000490825
208.67,0.000490818
208.68,0.000490811
208.69,0.000490804
208.7,0.000490798
208.71,0.000490791
208.72,0.000490784
208.73,0.000490777
208.74,0.000490771
208.75,0.000490764
208.76,0.000490757
208.77,0.00049075
208.78,0.000490743
208.79,0.000490737
208.8,0.00049073
208.81,0.000490723
208.82,0.000490716
208.83,0.000490709
208.84,0.000490703
208.85,0.000490696
208.86,0.000490689
208.87,0.000490682
208.88,0.000490676
208.89,0.000490669
208.9,0.000490662
208.91,0.000490655
208.92,0.000490648
208.93,0.000490642
208.94,0.000490635
208.95,0.000490628
208.96,0.000490621
208.97,0.000490614
208.98,0.000490608
208.99,0.000490601
209,0.000490594
209.01,0.000490587
209.02,0.000490581
209.03,0.000490574
209.04,0.000490567
209.05,0.00049056
209.06,0.000490553
209.07,0.000490547
209.08,0.00049054
209.09,0.000490533
209.1,0.000490526
209.11,0.000490519
209.12,0.000490513
209.13,0.000490506
209.14,0.000490499
209.15,0.000490492
209.16,0.000490486
209.17,0.000490479
209.18,0.000490472
209.19,0.000490465
209.2,0.000490458
209.21,0.000490452
209.22,0.000490445
209.23,0.000490438
209.24,0.000490431
209.25,0.000490424
209.26,0.000490418
209.27,0.000490411
209.28,0.000490404
209.29,0.000490397
209.3,0.000490391
209.31,0.000490384
209.32,0.000490377
209.33,0.00049037
209.34,0.000490363
209.35,0.000490357
209.36,0.00049035
209.37,0.000490343
209.38,0.000490336
209.39,0.00049033
209.4,0.000490323
209.41,0.000490316
209.42,0.000490309
209.43,0.000490302
209.44,0.000490296
209.45,0.000490289
209.46,0.000490282
209.47,0.000490275
209.48,0.000490268
209.49,0.000490262
209.5,0.000490255
209.51,0.000490248
209.52,0.000490241
209.53,0.000490235
209.54,0.000490228
209.55,0.000490221
209.56,0.000490214
209.57,0.000490207
209.58,0.000490201
209.59,0.000490194
209.6,0.000490187
209.61,0.00049018
209.62,0.000490174
209.63,0.000490167
209.64,0.00049016
209.65,0.000490153
209.66,0.000490146
209.67,0.00049014
209.68,0.000490133
209.69,0.000490126
209.7,0.000490119
209.71,0.000490113
209.72,0.000490106
209.73,0.000490099
209.74,0.000490092
209.75,0.000490085
209.76,0.000490079
209.77,0.000490072
209.78,0.000490065
209.79,0.000490058
209.8,0.000490051
209.81,0.000490045
209.82,0.000490038
209.83,0.000490031
209.84,0.000490024
209.85,0.000490018
209.86,0.000490011
209.87,0.000490004
209.88,0.000489997
209.89,0.00048999
209.9,0.000489984
209.91,0.000489977
209.92,0.00048997
209.93,0.000489963
209.94,0.000489957
209.95,0.00048995
209.96,0.000489943
209.97,0.000489936
209.98,0.000489929
209.99,0.000489923
210,0.000489916
210.01,0.000489909
210.02,0.000489902
210.03,0.000489896
210.04,0.000489889
210.05,0.000489882
210.06,0.000489875
210.07,0.000489868
210.08,0.000489862
210.09,0.000489855
210.1,0.000489848
210.11,0.000489841
210.12,0.000489835
210.13,0.000489828
210.14,0.000489821
210.15,0.000489814
210.16,0.000489807
210.17,0.000489801
210.18,0.000489794
210.19,0.000489787
210.2,0.00048978
210.21,0.000489774
210.22,0.000489767
210.23,0.00048976
210.24,0.000489753
210.25,0.000489746
210.26,0.00048974
210.27,0.000489733
210.28,0.000489726
210.29,0.000489719
210.3,0.000489713
210.31,0.000489706
210.32,0.000489699
210.33,0.000489692
210.34,0.000489685
210.35,0.000489679
210.36,0.000489672
210.37,0.000489665
210.38,0.000489658
210.39,0.000489652
210.4,0.000489645
210.41,0.000489638
210.42,0.000489631
210.43,0.000489624
210.44,0.000489618
210.45,0.000489611
210.46,0.000489604
210.47,0.000489597
210.48,0.000489591
210.49,0.000489584
210.5,0.000489577
210.51,0.00048957
210.52,0.000489564
210.53,0.000489557
210.54,0.00048955
210.55,0.000489543
210.56,0.000489536
210.57,0.00048953
210.58,0.000489523
210.59,0.000489516
210.6,0.000489509
210.61,0.000489503
210.62,0.000489496
210.63,0.000489489
210.64,0.000489482
210.65,0.000489475
210.66,0.000489469
210.67,0.000489462
210.68,0.000489455
210.69,0.000489448
210.7,0.000489442
210.71,0.000489435
210.72,0.000489428
210.73,0.000489421
210.74,0.000489414
210.75,0.000489408
210.76,0.000489401
210.77,0.000489394
210.78,0.000489387
210.79,0.000489381
210.8,0.000489374
210.81,0.000489367
210.82,0.00048936
210.83,0.000489354
210.84,0.000489347
210.85,0.00048934
210.86,0.000489333
210.87,0.000489326
210.88,0.00048932
210.89,0.000489313
210.9,0.000489306
210.91,0.000489299
210.92,0.000489293
210.93,0.000489286
210.94,0.000489279
210.95,0.000489272
210.96,0.000489265
210.97,0.000489259
210.98,0.000489252
210.99,0.000489245
211,0.000489238
211.01,0.000489232
211.02,0.000489225
211.03,0.000489218
211.04,0.000489211
211.05,0.000489205
211.06,0.000489198
211.07,0.000489191
211.08,0.000489184
211.09,0.000489177
211.1,0.000489171
211.11,0.000489164
211.12,0.000489157
211.13,0.00048915
211.14,0.000489144
211.15,0.000489137
211.16,0.00048913
211.17,0.000489123
211.18,0.000489117
211.19,0.00048911
211.2,0.000489103
211.21,0.000489096
211.22,0.000489089
211.23,0.000489083
211.24,0.000489076
211.25,0.000489069
211.26,0.000489062
211.27,0.000489056
211.28,0.000489049
211.29,0.000489042
211.3,0.000489035
211.31,0.000489028
211.32,0.000489022
211.33,0.000489015
211.34,0.000489008
211.35,0.000489001
211.36,0.000488995
211.37,0.000488988
211.38,0.000488981
211.39,0.000488974
211.4,0.000488968
211.41,0.000488961
211.42,0.000488954
211.43,0.000488947
211.44,0.00048894
211.45,0.000488934
211.46,0.000488927
211.47,0.00048892
211.48,0.000488913
211.49,0.000488907
211.5,0.0004889
211.51,0.000488893
211.52,0.000488886
211.53,0.00048888
211.54,0.000488873
211.55,0.000488866
211.56,0.000488859
211.57,0.000488852
211.58,0.000488846
211.59,0.000488839
211.6,0.000488832
211.61,0.000488825
211.62,0.000488819
211.63,0.000488812
211.64,0.000488805
211.65,0.000488798
211.66,0.000488792
211.67,0.000488785
211.68,0.000488778
211.69,0.000488771
211.7,0.000488764
211.71,0.000488758
211.72,0.000488751
211.73,0.000488744
211.74,0.000488737
211.75,0.000488731
211.76,0.000488724
211.77,0.000488717
211.78,0.00048871
211.79,0.000488704
211.8,0.000488697
211.81,0.00048869
211.82,0.000488683
211.83,0.000488677
211.84,0.00048867
211.85,0.000488663
211.86,0.000488656
211.87,0.000488649
211.88,0.000488643
211.89,0.000488636
211.9,0.000488629
211.91,0.000488622
211.92,0.000488616
211.93,0.000488609
211.94,0.000488602
211.95,0.000488595
211.96,0.000488589
211.97,0.000488582
211.98,0.000488575
211.99,0.000488568
212,0.000488561
212.01,0.000488555
212.02,0.000488548
212.03,0.000488541
212.04,0.000488534
212.05,0.000488528
212.06,0.000488521
212.07,0.000488514
212.08,0.000488507
212.09,0.000488501
212.1,0.000488494
212.11,0.000488487
212.12,0.00048848
212.13,0.000488474
212.14,0.000488467
212.15,0.00048846
212.16,0.000488453
212.17,0.000488446
212.18,0.00048844
212.19,0.000488433
212.2,0.000488426
212.21,0.000488419
212.22,0.000488413
212.23,0.000488406
212.24,0.000488399
212.25,0.000488392
212.26,0.000488386
212.27,0.000488379
212.28,0.000488372
212.29,0.000488365
212.3,0.000488359
212.31,0.000488352
212.32,0.000488345
212.33,0.000488338
212.34,0.000488331
212.35,0.000488325
212.36,0.000488318
212.37,0.000488311
212.38,0.000488304
212.39,0.000488298
212.4,0.000488291
212.41,0.000488284
212.42,0.000488277
212.43,0.000488271
212.44,0.000488264
212.45,0.000488257
212.46,0.00048825
212.47,0.000488244
212.48,0.000488237
212.49,0.00048823
212.5,0.000488223
212.51,0.000488217
212.52,0.00048821
212.53,0.000488203
212.54,0.000488196
212.55,0.000488189
212.56,0.000488183
212.57,0.000488176
212.58,0.000488169
212.59,0.000488162
212.6,0.000488156
212.61,0.000488149
212.62,0.000488142
212.63,0.000488135
212.64,0.000488129
212.65,0.000488122
212.66,0.000488115
212.67,0.000488108
212.68,0.000488102
212.69,0.000488095
212.7,0.000488088
212.71,0.000488081
212.72,0.000488075
212.73,0.000488068
212.74,0.000488061
212.75,0.000488054
212.76,0.000488047
212.77,0.000488041
212.78,0.000488034
212.79,0.000488027
212.8,0.00048802
212.81,0.000488014
212.82,0.000488007
212.83,0.000488
212.84,0.000487993
212.85,0.000487987
212.86,0.00048798
212.87,0.000487973
212.88,0.000487966
212.89,0.00048796
212.9,0.000487953
212.91,0.000487946
212.92,0.000487939
212.93,0.000487933
212.94,0.000487926
212.95,0.000487919
212.96,0.000487912
212.97,0.000487905
212.98,0.000487899
212.99,0.000487892
213,0.000487885
213.01,0.000487878
213.02,0.000487872
213.03,0.000487865
213.04,0.000487858
213.05,0.000487851
213.06,0.000487845
213.07,0.000487838
213.08,0.000487831
213.09,0.000487824
213.1,0.000487818
213.11,0.000487811
213.12,0.000487804
213.13,0.000487797
213.14,0.000487791
213.15,0.000487784
213.16,0.000487777
213.17,0.00048777
213.18,0.000487764
213.19,0.000487757
213.2,0.00048775
213.21,0.000487743
213.22,0.000487736
213.23,0.00048773
213.24,0.000487723
213.25,0.000487716
213.26,0.000487709
213.27,0.000487703
213.28,0.000487696
213.29,0.000487689
213.3,0.000487682
213.31,0.000487676
213.32,0.000487669
213.33,0.000487662
213.34,0.000487655
213.35,0.000487649
213.36,0.000487642
213.37,0.000487635
213.38,0.000487628
213.39,0.000487622
213.4,0.000487615
213.41,0.000487608
213.42,0.000487601
213.43,0.000487595
213.44,0.000487588
213.45,0.000487581
213.46,0.000487574
213.47,0.000487568
213.48,0.000487561
213.49,0.000487554
213.5,0.000487547
213.51,0.000487541
213.52,0.000487534
213.53,0.000487527
213.54,0.00048752
213.55,0.000487513
213.56,0.000487507
213.57,0.0004875
213.58,0.000487493
213.59,0.000487486
213.6,0.00048748
213.61,0.000487473
213.62,0.000487466
213.63,0.000487459
213.64,0.000487453
213.65,0.000487446
213.66,0.000487439
213.67,0.000487432
213.68,0.000487426
213.69,0.000487419
213.7,0.000487412
213.71,0.000487405
213.72,0.000487399
213.73,0.000487392
213.74,0.000487385
213.75,0.000487378
213.76,0.000487372
213.77,0.000487365
213.78,0.000487358
213.79,0.000487351
213.8,0.000487345
213.81,0.000487338
213.82,0.000487331
213.83,0.000487324
213.84,0.000487318
213.85,0.000487311
213.86,0.000487304
213.87,0.000487297
213.88,0.000487291
213.89,0.000487284
213.9,0.000487277
213.91,0.00048727
213.92,0.000487264
213.93,0.000487257
213.94,0.00048725
213.95,0.000487243
213.96,0.000487236
213.97,0.00048723
213.98,0.000487223
213.99,0.000487216
214,0.000487209
214.01,0.000487203
214.02,0.000487196
214.03,0.000487189
214.04,0.000487182
214.05,0.000487176
214.06,0.000487169
214.07,0.000487162
214.08,0.000487155
214.09,0.000487149
214.1,0.000487142
214.11,0.000487135
214.12,0.000487128
214.13,0.000487122
214.14,0.000487115
214.15,0.000487108
214.16,0.000487101
214.17,0.000487095
214.18,0.000487088
214.19,0.000487081
214.2,0.000487074
214.21,0.000487068
214.22,0.000487061
214.23,0.000487054
214.24,0.000487047
214.25,0.000487041
214.26,0.000487034
214.27,0.000487027
214.28,0.00048702
214.29,0.000487014
214.3,0.000487007
214.31,0.000487
214.32,0.000486993
214.33,0.000486987
214.34,0.00048698
214.35,0.000486973
214.36,0.000486966
214.37,0.00048696
214.38,0.000486953
214.39,0.000486946
214.4,0.000486939
214.41,0.000486933
214.42,0.000486926
214.43,0.000486919
214.44,0.000486912
214.45,0.000486906
214.46,0.000486899
214.47,0.000486892
214.48,0.000486885
214.49,0.000486879
214.5,0.000486872
214.51,0.000486865
214.52,0.000486858
214.53,0.000486852
214.54,0.000486845
214.55,0.000486838
214.56,0.000486831
214.57,0.000486825
214.58,0.000486818
214.59,0.000486811
214.6,0.000486804
214.61,0.000486798
214.62,0.000486791
214.63,0.000486784
214.64,0.000486777
214.65,0.000486771
214.66,0.000486764
214.67,0.000486757
214.68,0.00048675
214.69,0.000486744
214.7,0.000486737
214.71,0.00048673
214.72,0.000486723
214.73,0.000486717
214.74,0.00048671
214.75,0.000486703
214.76,0.000486696
214.77,0.00048669
214.78,0.000486683
214.79,0.000486676
214.8,0.000486669
214.81,0.000486663
214.82,0.000486656
214.83,0.000486649
214.84,0.000486642
214.85,0.000486636
214.86,0.000486629
214.87,0.000486622
214.88,0.000486615
214.89,0.000486609
214.9,0.000486602
214.91,0.000486595
214.92,0.000486588
214.93,0.000486582
214.94,0.000486575
214.95,0.000486568
214.96,0.000486561
214.97,0.000486555
214.98,0.000486548
214.99,0.000486541
215,0.000486534
215.01,0.000486528
215.02,0.000486521
215.03,0.000486514
215.04,0.000486507
215.05,0.000486501
215.06,0.000486494
215.07,0.000486487
215.08,0.00048648
215.09,0.000486474
215.1,0.000486467
215.11,0.00048646
215.12,0.000486453
215.13,0.000486447
215.14,0.00048644
215.15,0.000486433
215.16,0.000486426
215.17,0.00048642
215.18,0.000486413
215.19,0.000486406
215.2,0.000486399
215.21,0.000486393
215.22,0.000486386
215.23,0.000486379
215.24,0.000486372
215.25,0.000486366
215.26,0.000486359
215.27,0.000486352
215.28,0.000486345
215.29,0.000486339
215.3,0.000486332
215.31,0.000486325
215.32,0.000486318
215.33,0.000486312
215.34,0.000486305
215.35,0.000486298
215.36,0.000486291
215.37,0.000486285
215.38,0.000486278
215.39,0.000486271
215.4,0.000486264
215.41,0.000486258
215.42,0.000486251
215.43,0.000486244
215.44,0.000486237
215.45,0.000486231
215.46,0.000486224
215.47,0.000486217
215.48,0.00048621
215.49,0.000486204
215.5,0.000486197
215.51,0.00048619
215.52,0.000486183
215.53,0.000486177
215.54,0.00048617
215.55,0.000486163
215.56,0.000486156
215.57,0.00048615
215.58,0.000486143
215.59,0.000486136
215.6,0.000486129
215.61,0.000486123
215.62,0.000486116
215.63,0.000486109
215.64,0.000486102
215.65,0.000486096
215.66,0.000486089
215.67,0.000486082
215.68,0.000486075
215.69,0.000486069
215.7,0.000486062
215.71,0.000486055
215.72,0.000486048
215.73,0.000486042
215.74,0.000486035
215.75,0.000486028
215.76,0.000486021
215.77,0.000486015
215.78,0.000486008
215.79,0.000486001
215.8,0.000485994
215.81,0.000485988
215.82,0.000485981
215.83,0.000485974
215.84,0.000485968
215.85,0.000485961
215.86,0.000485954
215.87,0.000485947
215.88,0.000485941
215.89,0.000485934
215.9,0.000485927
215.91,0.00048592
215.92,0.000485914
215.93,0.000485907
215.94,0.0004859
215.95,0.000485893
215.96,0.000485887
215.97,0.00048588
215.98,0.000485873
215.99,0.000485866
216,0.00048586
216.01,0.000485853
216.02,0.000485846
216.03,0.000485839
216.04,0.000485833
216.05,0.000485826
216.06,0.000485819
216.07,0.000485812
216.08,0.000485806
216.09,0.000485799
216.1,0.000485792
216.11,0.000485785
216.12,0.000485779
216.13,0.000485772
216.14,0.000485765
216.15,0.000485758
216.16,0.000485752
216.17,0.000485745
216.18,0.000485738
216.19,0.000485731
216.2,0.000485725
216.21,0.000485718
216.22,0.000485711
216.23,0.000485704
216.24,0.000485698
216.25,0.000485691
216.26,0.000485684
216.27,0.000485678
216.28,0.000485671
216.29,0.000485664
216.3,0.000485657
216.31,0.000485651
216.32,0.000485644
216.33,0.000485637
216.34,0.00048563
216.35,0.000485624
216.36,0.000485617
216.37,0.00048561
216.38,0.000485603
216.39,0.000485597
216.4,0.00048559
216.41,0.000485583
216.42,0.000485576
216.43,0.00048557
216.44,0.000485563
216.45,0.000485556
216.46,0.000485549
216.47,0.000485543
216.48,0.000485536
216.49,0.000485529
216.5,0.000485522
216.51,0.000485516
216.52,0.000485509
216.53,0.000485502
216.54,0.000485495
216.55,0.000485489
216.56,0.000485482
216.57,0.000485475
216.58,0.000485468
216.59,0.000485462
216.6,0.000485455
216.61,0.000485448
216.62,0.000485442
216.63,0.000485435
216.64,0.000485428
216.65,0.000485421
216.66,0.000485415
216.67,0.000485408
216.68,0.000485401
216.69,0.000485394
216.7,0.000485388
216.71,0.000485381
216.72,0.000485374
216.73,0.000485367
216.74,0.000485361
216.75,0.000485354
216.76,0.000485347
216.77,0.00048534
216.78,0.000485334
216.79,0.000485327
216.8,0.00048532
216.81,0.000485313
216.82,0.000485307
216.83,0.0004853
216.84,0.000485293
216.85,0.000485286
216.86,0.00048528
216.87,0.000485273
216.88,0.000485266
216.89,0.00048526
216.9,0.000485253
216.91,0.000485246
216.92,0.000485239
216.93,0.000485233
216.94,0.000485226
216.95,0.000485219
216.96,0.000485212
216.97,0.000485206
216.98,0.000485199
216.99,0.000485192
217,0.000485185
217.01,0.000485179
217.02,0.000485172
217.03,0.000485165
217.04,0.000485158
217.05,0.000485152
217.06,0.000485145
217.07,0.000485138
217.08,0.000485131
217.09,0.000485125
217.1,0.000485118
217.11,0.000485111
217.12,0.000485105
217.13,0.000485098
217.14,0.000485091
217.15,0.000485084
217.16,0.000485078
217.17,0.000485071
217.18,0.000485064
217.19,0.000485057
217.2,0.000485051
217.21,0.000485044
217.22,0.000485037
217.23,0.00048503
217.24,0.000485024
217.25,0.000485017
217.26,0.00048501
217.27,0.000485003
217.28,0.000484997
217.29,0.00048499
217.3,0.000484983
217.31,0.000484976
217.32,0.00048497
217.33,0.000484963
217.34,0.000484956
217.35,0.00048495
217.36,0.000484943
217.37,0.000484936
217.38,0.000484929
217.39,0.000484923
217.4,0.000484916
217.41,0.000484909
217.42,0.000484902
217.43,0.000484896
217.44,0.000484889
217.45,0.000484882
217.46,0.000484875
217.47,0.000484869
217.48,0.000484862
217.49,0.000484855
217.5,0.000484848
217.51,0.000484842
217.52,0.000484835
217.53,0.000484828
217.54,0.000484822
217.55,0.000484815
217.56,0.000484808
217.57,0.000484801
217.58,0.000484795
217.59,0.000484788
217.6,0.000484781
217.61,0.000484774
217.62,0.000484768
217.63,0.000484761
217.64,0.000484754
217.65,0.000484747
217.66,0.000484741
217.67,0.000484734
217.68,0.000484727
217.69,0.00048472
217.7,0.000484714
217.71,0.000484707
217.72,0.0004847
217.73,0.000484694
217.74,0.000484687
217.75,0.00048468
217.76,0.000484673
217.77,0.000484667
217.78,0.00048466
217.79,0.000484653
217.8,0.000484646
217.81,0.00048464
217.82,0.000484633
217.83,0.000484626
217.84,0.000484619
217.85,0.000484613
217.86,0.000484606
217.87,0.000484599
217.88,0.000484592
217.89,0.000484586
217.9,0.000484579
217.91,0.000484572
217.92,0.000484566
217.93,0.000484559
217.94,0.000484552
217.95,0.000484545
217.96,0.000484539
217.97,0.000484532
217.98,0.000484525
217.99,0.000484518
218,0.000484512
218.01,0.000484505
218.02,0.000484498
218.03,0.000484491
218.04,0.000484485
218.05,0.000484478
218.06,0.000484471
218.07,0.000484464
218.08,0.000484458
218.09,0.000484451
218.1,0.000484444
218.11,0.000484438
218.12,0.000484431
218.13,0.000484424
218.14,0.000484417
218.15,0.000484411
218.16,0.000484404
218.17,0.000484397
218.18,0.00048439
218.19,0.000484384
218.2,0.000484377
218.21,0.00048437
218.22,0.000484363
218.23,0.000484357
218.24,0.00048435
218.25,0.000484343
218.26,0.000484337
218.27,0.00048433
218.28,0.000484323
218.29,0.000484316
218.3,0.00048431
218.31,0.000484303
218.32,0.000484296
218.33,0.000484289
218.34,0.000484283
218.35,0.000484276
218.36,0.000484269
218.37,0.000484262
218.38,0.000484256
218.39,0.000484249
218.4,0.000484242
218.41,0.000484236
218.42,0.000484229
218.43,0.000484222
218.44,0.000484215
218.45,0.000484209
218.46,0.000484202
218.47,0.000484195
218.48,0.000484188
218.49,0.000484182
218.5,0.000484175
218.51,0.000484168
218.52,0.000484161
218.53,0.000484155
218.54,0.000484148
218.55,0.000484141
218.56,0.000484135
218.57,0.000484128
218.58,0.000484121
218.59,0.000484114
218.6,0.000484108
218.61,0.000484101
218.62,0.000484094
218.63,0.000484087
218.64,0.000484081
218.65,0.000484074
218.66,0.000484067
218.67,0.00048406
218.68,0.000484054
218.69,0.000484047
218.7,0.00048404
218.71,0.000484034
218.72,0.000484027
218.73,0.00048402
218.74,0.000484013
218.75,0.000484007
218.76,0.000484
218.77,0.000483993
218.78,0.000483986
218.79,0.00048398
218.8,0.000483973
218.81,0.000483966
218.82,0.000483959
218.83,0.000483953
218.84,0.000483946
218.85,0.000483939
218.86,0.000483933
218.87,0.000483926
218.88,0.000483919
218.89,0.000483912
218.9,0.000483906
218.91,0.000483899
218.92,0.000483892
218.93,0.000483885
218.94,0.000483879
218.95,0.000483872
218.96,0.000483865
218.97,0.000483859
218.98,0.000483852
218.99,0.000483845
219,0.000483838
219.01,0.000483832
219.02,0.000483825
219.03,0.000483818
219.04,0.000483811
219.05,0.000483805
219.06,0.000483798
219.07,0.000483791
219.08,0.000483784
219.09,0.000483778
219.1,0.000483771
219.11,0.000483764
219.12,0.000483758
219.13,0.000483751
219.14,0.000483744
219.15,0.000483737
219.16,0.000483731
219.17,0.000483724
219.18,0.000483717
219.19,0.00048371
219.2,0.000483704
219.21,0.000483697
219.22,0.00048369
219.23,0.000483684
219.24,0.000483677
219.25,0.00048367
219.26,0.000483663
219.27,0.000483657
219.28,0.00048365
219.29,0.000483643
219.3,0.000483636
219.31,0.00048363
219.32,0.000483623
219.33,0.000483616
219.34,0.000483609
219.35,0.000483603
219.36,0.000483596
219.37,0.000483589
219.38,0.000483583
219.39,0.000483576
219.4,0.000483569
219.41,0.000483562
219.42,0.000483556
219.43,0.000483549
219.44,0.000483542
219.45,0.000483535
219.46,0.000483529
219.47,0.000483522
219.48,0.000483515
219.49,0.000483509
219.5,0.000483502
219.51,0.000483495
219.52,0.000483488
219.53,0.000483482
219.54,0.000483475
219.55,0.000483468
219.56,0.000483461
219.57,0.000483455
219.58,0.000483448
219.59,0.000483441
219.6,0.000483435
219.61,0.000483428
219.62,0.000483421
219.63,0.000483414
219.64,0.000483408
219.65,0.000483401
219.66,0.000483394
219.67,0.000483387
219.68,0.000483381
219.69,0.000483374
219.7,0.000483367
219.71,0.000483361
219.72,0.000483354
219.73,0.000483347
219.74,0.00048334
219.75,0.000483334
219.76,0.000483327
219.77,0.00048332
219.78,0.000483313
219.79,0.000483307
219.8,0.0004833
219.81,0.000483293
219.82,0.000483286
219.83,0.00048328
219.84,0.000483273
219.85,0.000483266
219.86,0.00048326
219.87,0.000483253
219.88,0.000483246
219.89,0.000483239
219.9,0.000483233
219.91,0.000483226
219.92,0.000483219
219.93,0.000483212
219.94,0.000483206
219.95,0.000483199
219.96,0.000483192
219.97,0.000483186
219.98,0.000483179
219.99,0.000483172
220,0.000483165
220.01,0.000483159
220.02,0.000483152
220.03,0.000483145
220.04,0.000483138
220.05,0.000483132
220.06,0.000483125
220.07,0.000483118
220.08,0.000483112
220.09,0.000483105
220.1,0.000483098
220.11,0.000483091
220.12,0.000483085
220.13,0.000483078
220.14,0.000483071
220.15,0.000483064
220.16,0.000483058
220.17,0.000483051
220.18,0.000483044
220.19,0.000483038
220.2,0.000483031
220.21,0.000483024
220.22,0.000483017
220.23,0.000483011
220.24,0.000483004
220.25,0.000482997
220.26,0.000482991
220.27,0.000482984
220.28,0.000482977
220.29,0.00048297
220.3,0.000482964
220.31,0.000482957
220.32,0.00048295
220.33,0.000482943
220.34,0.000482937
220.35,0.00048293
220.36,0.000482923
220.37,0.000482917
220.38,0.00048291
220.39,0.000482903
220.4,0.000482896
220.41,0.00048289
220.42,0.000482883
220.43,0.000482876
220.44,0.000482869
220.45,0.000482863
220.46,0.000482856
220.47,0.000482849
220.48,0.000482843
220.49,0.000482836
220.5,0.000482829
220.51,0.000482822
220.52,0.000482816
220.53,0.000482809
220.54,0.000482802
220.55,0.000482795
220.56,0.000482789
220.57,0.000482782
220.58,0.000482775
220.59,0.000482769
220.6,0.000482762
220.61,0.000482755
220.62,0.000482748
220.63,0.000482742
220.64,0.000482735
220.65,0.000482728
220.66,0.000482721
220.67,0.000482715
220.68,0.000482708
220.69,0.000482701
220.7,0.000482695
220.71,0.000482688
220.72,0.000482681
220.73,0.000482674
220.74,0.000482668
220.75,0.000482661
220.76,0.000482654
220.77,0.000482648
220.78,0.000482641
220.79,0.000482634
220.8,0.000482627
220.81,0.000482621
220.82,0.000482614
220.83,0.000482607
220.84,0.0004826
220.85,0.000482594
220.86,0.000482587
220.87,0.00048258
220.88,0.000482574
220.89,0.000482567
220.9,0.00048256
220.91,0.000482553
220.92,0.000482547
220.93,0.00048254
220.94,0.000482533
220.95,0.000482526
220.96,0.00048252
220.97,0.000482513
220.98,0.000482506
220.99,0.0004825
221,0.000482493
221.01,0.000482486
221.02,0.000482479
221.03,0.000482473
221.04,0.000482466
221.05,0.000482459
221.06,0.000482453
221.07,0.000482446
221.08,0.000482439
221.09,0.000482432
221.1,0.000482426
221.11,0.000482419
221.12,0.000482412
221.13,0.000482405
221.14,0.000482399
221.15,0.000482392
221.16,0.000482385
221.17,0.000482379
221.18,0.000482372
221.19,0.000482365
221.2,0.000482358
221.21,0.000482352
221.22,0.000482345
221.23,0.000482338
221.24,0.000482332
221.25,0.000482325
221.26,0.000482318
221.27,0.000482311
221.28,0.000482305
221.29,0.000482298
221.3,0.000482291
221.31,0.000482284
221.32,0.000482278
221.33,0.000482271
221.34,0.000482264
221.35,0.000482258
221.36,0.000482251
221.37,0.000482244
221.38,0.000482237
221.39,0.000482231
221.4,0.000482224
221.41,0.000482217
221.42,0.000482211
221.43,0.000482204
221.44,0.000482197
221.45,0.00048219
221.46,0.000482184
221.47,0.000482177
221.48,0.00048217
221.49,0.000482163
221.5,0.000482157
221.51,0.00048215
221.52,0.000482143
221.53,0.000482137
221.54,0.00048213
221.55,0.000482123
221.56,0.000482116
221.57,0.00048211
221.58,0.000482103
221.59,0.000482096
221.6,0.00048209
221.61,0.000482083
221.62,0.000482076
221.63,0.000482069
221.64,0.000482063
221.65,0.000482056
221.66,0.000482049
221.67,0.000482042
221.68,0.000482036
221.69,0.000482029
221.7,0.000482022
221.71,0.000482016
221.72,0.000482009
221.73,0.000482002
221.74,0.000481995
221.75,0.000481989
221.76,0.000481982
221.77,0.000481975
221.78,0.000481969
221.79,0.000481962
221.8,0.000481955
221.81,0.000481948
221.82,0.000481942
221.83,0.000481935
221.84,0.000481928
221.85,0.000481921
221.86,0.000481915
221.87,0.000481908
221.88,0.000481901
221.89,0.000481895
221.9,0.000481888
221.91,0.000481881
221.92,0.000481874
221.93,0.000481868
221.94,0.000481861
221.95,0.000481854
221.96,0.000481848
221.97,0.000481841
221.98,0.000481834
221.99,0.000481827
222,0.000481821
222.01,0.000481814
222.02,0.000481807
222.03,0.000481801
222.04,0.000481794
222.05,0.000481787
222.06,0.00048178
222.07,0.000481774
222.08,0.000481767
222.09,0.00048176
222.1,0.000481753
222.11,0.000481747
222.12,0.00048174
222.13,0.000481733
222.14,0.000481727
222.15,0.00048172
222.16,0.000481713
222.17,0.000481706
222.18,0.0004817
222.19,0.000481693
222.2,0.000481686
222.21,0.00048168
222.22,0.000481673
222.23,0.000481666
222.24,0.000481659
222.25,0.000481653
222.26,0.000481646
222.27,0.000481639
222.28,0.000481633
222.29,0.000481626
222.3,0.000481619
222.31,0.000481612
222.32,0.000481606
222.33,0.000481599
222.34,0.000481592
222.35,0.000481585
222.36,0.000481579
222.37,0.000481572
222.38,0.000481565
222.39,0.000481559
222.4,0.000481552
222.41,0.000481545
222.42,0.000481538
222.43,0.000481532
222.44,0.000481525
222.45,0.000481518
222.46,0.000481512
222.47,0.000481505
222.48,0.000481498
222.49,0.000481491
222.5,0.000481485
222.51,0.000481478
222.52,0.000481471
222.53,0.000481465
222.54,0.000481458
222.55,0.000481451
222.56,0.000481444
222.57,0.000481438
222.58,0.000481431
222.59,0.000481424
222.6,0.000481418
222.61,0.000481411
222.62,0.000481404
222.63,0.000481397
222.64,0.000481391
222.65,0.000481384
222.66,0.000481377
222.67,0.000481371
222.68,0.000481364
222.69,0.000481357
222.7,0.00048135
222.71,0.000481344
222.72,0.000481337
222.73,0.00048133
222.74,0.000481323
222.75,0.000481317
222.76,0.00048131
222.77,0.000481303
222.78,0.000481297
222.79,0.00048129
222.8,0.000481283
222.81,0.000481276
222.82,0.00048127
222.83,0.000481263
222.84,0.000481256
222.85,0.00048125
222.86,0.000481243
222.87,0.000481236
222.88,0.000481229
222.89,0.000481223
222.9,0.000481216
222.91,0.000481209
222.92,0.000481203
222.93,0.000481196
222.94,0.000481189
222.95,0.000481182
222.96,0.000481176
222.97,0.000481169
222.98,0.000481162
222.99,0.000481156
223,0.000481149
223.01,0.000481142
223.02,0.000481135
223.03,0.000481129
223.04,0.000481122
223.05,0.000481115
223.06,0.000481109
223.07,0.000481102
223.08,0.000481095
223.09,0.000481088
223.1,0.000481082
223.11,0.000481075
223.12,0.000481068
223.13,0.000481062
223.14,0.000481055
223.15,0.000481048
223.16,0.000481041
223.17,0.000481035
223.18,0.000481028
223.19,0.000481021
223.2,0.000481015
223.21,0.000481008
223.22,0.000481001
223.23,0.000480994
223.24,0.000480988
223.25,0.000480981
223.26,0.000480974
223.27,0.000480967
223.28,0.000480961
223.29,0.000480954
223.3,0.000480947
223.31,0.000480941
223.32,0.000480934
223.33,0.000480927
223.34,0.00048092
223.35,0.000480914
223.36,0.000480907
223.37,0.0004809
223.38,0.000480894
223.39,0.000480887
223.4,0.00048088
223.41,0.000480873
223.42,0.000480867
223.43,0.00048086
223.44,0.000480853
223.45,0.000480847
223.46,0.00048084
223.47,0.000480833
223.48,0.000480826
223.49,0.00048082
223.5,0.000480813
223.51,0.000480806
223.52,0.0004808
223.53,0.000480793
223.54,0.000480786
223.55,0.000480779
223.56,0.000480773
223.57,0.000480766
223.58,0.000480759
223.59,0.000480753
223.6,0.000480746
223.61,0.000480739
223.62,0.000480732
223.63,0.000480726
223.64,0.000480719
223.65,0.000480712
223.66,0.000480706
223.67,0.000480699
223.68,0.000480692
223.69,0.000480685
223.7,0.000480679
223.71,0.000480672
223.72,0.000480665
223.73,0.000480659
223.74,0.000480652
223.75,0.000480645
223.76,0.000480638
223.77,0.000480632
223.78,0.000480625
223.79,0.000480618
223.8,0.000480612
223.81,0.000480605
223.82,0.000480598
223.83,0.000480591
223.84,0.000480585
223.85,0.000480578
223.86,0.000480571
223.87,0.000480565
223.88,0.000480558
223.89,0.000480551
223.9,0.000480544
223.91,0.000480538
223.92,0.000480531
223.93,0.000480524
223.94,0.000480518
223.95,0.000480511
223.96,0.000480504
223.97,0.000480497
223.98,0.000480491
223.99,0.000480484
224,0.000480477
224.01,0.000480471
224.02,0.000480464
224.03,0.000480457
224.04,0.00048045
224.05,0.000480444
224.06,0.000480437
224.07,0.00048043
224.08,0.000480424
224.09,0.000480417
224.1,0.00048041
224.11,0.000480403
224.12,0.000480397
224.13,0.00048039
224.14,0.000480383
224.15,0.000480377
224.16,0.00048037
224.17,0.000480363
224.18,0.000480356
224.19,0.00048035
224.2,0.000480343
224.21,0.000480336
224.22,0.00048033
224.23,0.000480323
224.24,0.000480316
224.25,0.000480309
224.26,0.000480303
224.27,0.000480296
224.28,0.000480289
224.29,0.000480283
224.3,0.000480276
224.31,0.000480269
224.32,0.000480262
224.33,0.000480256
224.34,0.000480249
224.35,0.000480242
224.36,0.000480236
224.37,0.000480229
224.38,0.000480222
224.39,0.000480215
224.4,0.000480209
224.41,0.000480202
224.42,0.000480195
224.43,0.000480189
224.44,0.000480182
224.45,0.000480175
224.46,0.000480168
224.47,0.000480162
224.48,0.000480155
224.49,0.000480148
224.5,0.000480142
224.51,0.000480135
224.52,0.000480128
224.53,0.000480122
224.54,0.000480115
224.55,0.000480108
224.56,0.000480101
224.57,0.000480095
224.58,0.000480088
224.59,0.000480081
224.6,0.000480075
224.61,0.000480068
224.62,0.000480061
224.63,0.000480054
224.64,0.000480048
224.65,0.000480041
224.66,0.000480034
224.67,0.000480028
224.68,0.000480021
224.69,0.000480014
224.7,0.000480007
224.71,0.000480001
224.72,0.000479994
224.73,0.000479987
224.74,0.000479981
224.75,0.000479974
224.76,0.000479967
224.77,0.00047996
224.78,0.000479954
224.79,0.000479947
224.8,0.00047994
224.81,0.000479934
224.82,0.000479927
224.83,0.00047992
224.84,0.000479913
224.85,0.000479907
224.86,0.0004799
224.87,0.000479893
224.88,0.000479887
224.89,0.00047988
224.9,0.000479873
224.91,0.000479866
224.92,0.00047986
224.93,0.000479853
224.94,0.000479846
224.95,0.00047984
224.96,0.000479833
224.97,0.000479826
224.98,0.000479819
224.99,0.000479813
225,0.000479806
225.01,0.000479799
225.02,0.000479793
225.03,0.000479786
225.04,0.000479779
225.05,0.000479773
225.06,0.000479766
225.07,0.000479759
225.08,0.000479752
225.09,0.000479746
225.1,0.000479739
225.11,0.000479732
225.12,0.000479726
225.13,0.000479719
225.14,0.000479712
225.15,0.000479705
225.16,0.000479699
225.17,0.000479692
225.18,0.000479685
225.19,0.000479679
225.2,0.000479672
225.21,0.000479665
225.22,0.000479658
225.23,0.000479652
225.24,0.000479645
225.25,0.000479638
225.26,0.000479632
225.27,0.000479625
225.28,0.000479618
225.29,0.000479611
225.3,0.000479605
225.31,0.000479598
225.32,0.000479591
225.33,0.000479585
225.34,0.000479578
225.35,0.000479571
225.36,0.000479564
225.37,0.000479558
225.38,0.000479551
225.39,0.000479544
225.4,0.000479538
225.41,0.000479531
225.42,0.000479524
225.43,0.000479518
225.44,0.000479511
225.45,0.000479504
225.46,0.000479497
225.47,0.000479491
225.48,0.000479484
225.49,0.000479477
225.5,0.000479471
225.51,0.000479464
225.52,0.000479457
225.53,0.00047945
225.54,0.000479444
225.55,0.000479437
225.56,0.00047943
225.57,0.000479424
225.58,0.000479417
225.59,0.00047941
225.6,0.000479403
225.61,0.000479397
225.62,0.00047939
225.63,0.000479383
225.64,0.000479377
225.65,0.00047937
225.66,0.000479363
225.67,0.000479356
225.68,0.00047935
225.69,0.000479343
225.7,0.000479336
225.71,0.00047933
225.72,0.000479323
225.73,0.000479316
225.74,0.00047931
225.75,0.000479303
225.76,0.000479296
225.77,0.000479289
225.78,0.000479283
225.79,0.000479276
225.8,0.000479269
225.81,0.000479263
225.82,0.000479256
225.83,0.000479249
225.84,0.000479242
225.85,0.000479236
225.86,0.000479229
225.87,0.000479222
225.88,0.000479216
225.89,0.000479209
225.9,0.000479202
225.91,0.000479195
225.92,0.000479189
225.93,0.000479182
225.94,0.000479175
225.95,0.000479169
225.96,0.000479162
225.97,0.000479155
225.98,0.000479149
225.99,0.000479142
226,0.000479135
226.01,0.000479128
226.02,0.000479122
226.03,0.000479115
226.04,0.000479108
226.05,0.000479102
226.06,0.000479095
226.07,0.000479088
226.08,0.000479081
226.09,0.000479075
226.1,0.000479068
226.11,0.000479061
226.12,0.000479055
226.13,0.000479048
226.14,0.000479041
226.15,0.000479034
226.16,0.000479028
226.17,0.000479021
226.18,0.000479014
226.19,0.000479008
226.2,0.000479001
226.21,0.000478994
226.22,0.000478988
226.23,0.000478981
226.24,0.000478974
226.25,0.000478967
226.26,0.000478961
226.27,0.000478954
226.28,0.000478947
226.29,0.000478941
226.3,0.000478934
226.31,0.000478927
226.32,0.00047892
226.33,0.000478914
226.34,0.000478907
226.35,0.0004789
226.36,0.000478894
226.37,0.000478887
226.38,0.00047888
226.39,0.000478873
226.4,0.000478867
226.41,0.00047886
226.42,0.000478853
226.43,0.000478847
226.44,0.00047884
226.45,0.000478833
226.46,0.000478827
226.47,0.00047882
226.48,0.000478813
226.49,0.000478806
226.5,0.0004788
226.51,0.000478793
226.52,0.000478786
226.53,0.00047878
226.54,0.000478773
226.55,0.000478766
226.56,0.000478759
226.57,0.000478753
226.58,0.000478746
226.59,0.000478739
226.6,0.000478733
226.61,0.000478726
226.62,0.000478719
226.63,0.000478713
226.64,0.000478706
226.65,0.000478699
226.66,0.000478692
226.67,0.000478686
226.68,0.000478679
226.69,0.000478672
226.7,0.000478666
226.71,0.000478659
226.72,0.000478652
226.73,0.000478645
226.74,0.000478639
226.75,0.000478632
226.76,0.000478625
226.77,0.000478619
226.78,0.000478612
226.79,0.000478605
226.8,0.000478598
226.81,0.000478592
226.82,0.000478585
226.83,0.000478578
226.84,0.000478572
226.85,0.000478565
226.86,0.000478558
226.87,0.000478552
226.88,0.000478545
226.89,0.000478538
226.9,0.000478531
226.91,0.000478525
226.92,0.000478518
226.93,0.000478511
226.94,0.000478505
226.95,0.000478498
226.96,0.000478491
226.97,0.000478484
226.98,0.000478478
226.99,0.000478471
227,0.000478464
227.01,0.000478458
227.02,0.000478451
227.03,0.000478444
227.04,0.000478438
227.05,0.000478431
227.06,0.000478424
227.07,0.000478417
227.08,0.000478411
227.09,0.000478404
227.1,0.000478397
227.11,0.000478391
227.12,0.000478384
227.13,0.000478377
227.14,0.00047837
227.15,0.000478364
227.16,0.000478357
227.17,0.00047835
227.18,0.000478344
227.19,0.000478337
227.2,0.00047833
227.21,0.000478324
227.22,0.000478317
227.23,0.00047831
227.24,0.000478303
227.25,0.000478297
227.26,0.00047829
227.27,0.000478283
227.28,0.000478277
227.29,0.00047827
227.3,0.000478263
227.31,0.000478256
227.32,0.00047825
227.33,0.000478243
227.34,0.000478236
227.35,0.00047823
227.36,0.000478223
227.37,0.000478216
227.38,0.00047821
227.39,0.000478203
227.4,0.000478196
227.41,0.000478189
227.42,0.000478183
227.43,0.000478176
227.44,0.000478169
227.45,0.000478163
227.46,0.000478156
227.47,0.000478149
227.48,0.000478143
227.49,0.000478136
227.5,0.000478129
227.51,0.000478122
227.52,0.000478116
227.53,0.000478109
227.54,0.000478102
227.55,0.000478096
227.56,0.000478089
227.57,0.000478082
227.58,0.000478075
227.59,0.000478069
227.6,0.000478062
227.61,0.000478055
227.62,0.000478049
227.63,0.000478042
227.64,0.000478035
227.65,0.000478029
227.66,0.000478022
227.67,0.000478015
227.68,0.000478008
227.69,0.000478002
227.7,0.000477995
227.71,0.000477988
227.72,0.000477982
227.73,0.000477975
227.74,0.000477968
227.75,0.000477961
227.76,0.000477955
227.77,0.000477948
227.78,0.000477941
227.79,0.000477935
227.8,0.000477928
227.81,0.000477921
227.82,0.000477915
227.83,0.000477908
227.84,0.000477901
227.85,0.000477894
227.86,0.000477888
227.87,0.000477881
227.88,0.000477874
227.89,0.000477868
227.9,0.000477861
227.91,0.000477854
227.92,0.000477848
227.93,0.000477841
227.94,0.000477834
227.95,0.000477827
227.96,0.000477821
227.97,0.000477814
227.98,0.000477807
227.99,0.000477801
228,0.000477794
228.01,0.000477787
228.02,0.00047778
228.03,0.000477774
228.04,0.000477767
228.05,0.00047776
228.06,0.000477754
228.07,0.000477747
228.08,0.00047774
228.09,0.000477734
228.1,0.000477727
228.11,0.00047772
228.12,0.000477713
228.13,0.000477707
228.14,0.0004777
228.15,0.000477693
228.16,0.000477687
228.17,0.00047768
228.18,0.000477673
228.19,0.000477667
228.2,0.00047766
228.21,0.000477653
228.22,0.000477646
228.23,0.00047764
228.24,0.000477633
228.25,0.000477626
228.26,0.00047762
228.27,0.000477613
228.28,0.000477606
228.29,0.000477599
228.3,0.000477593
228.31,0.000477586
228.32,0.000477579
228.33,0.000477573
228.34,0.000477566
228.35,0.000477559
228.36,0.000477553
228.37,0.000477546
228.38,0.000477539
228.39,0.000477532
228.4,0.000477526
228.41,0.000477519
228.42,0.000477512
228.43,0.000477506
228.44,0.000477499
228.45,0.000477492
228.46,0.000477486
228.47,0.000477479
228.48,0.000477472
228.49,0.000477465
228.5,0.000477459
228.51,0.000477452
228.52,0.000477445
228.53,0.000477439
228.54,0.000477432
228.55,0.000477425
228.56,0.000477419
228.57,0.000477412
228.58,0.000477405
228.59,0.000477398
228.6,0.000477392
228.61,0.000477385
228.62,0.000477378
228.63,0.000477372
228.64,0.000477365
228.65,0.000477358
228.66,0.000477351
228.67,0.000477345
228.68,0.000477338
228.69,0.000477331
228.7,0.000477325
228.71,0.000477318
228.72,0.000477311
228.73,0.000477305
228.74,0.000477298
228.75,0.000477291
228.76,0.000477284
228.77,0.000477278
228.78,0.000477271
228.79,0.000477264
228.8,0.000477258
228.81,0.000477251
228.82,0.000477244
228.83,0.000477238
228.84,0.000477231
228.85,0.000477224
228.86,0.000477217
228.87,0.000477211
228.88,0.000477204
228.89,0.000477197
228.9,0.000477191
228.91,0.000477184
228.92,0.000477177
228.93,0.000477171
228.94,0.000477164
228.95,0.000477157
228.96,0.00047715
228.97,0.000477144
228.98,0.000477137
228.99,0.00047713
229,0.000477124
229.01,0.000477117
229.02,0.00047711
229.03,0.000477104
229.04,0.000477097
229.05,0.00047709
229.06,0.000477083
229.07,0.000477077
229.08,0.00047707
229.09,0.000477063
229.1,0.000477057
229.11,0.00047705
229.12,0.000477043
229.13,0.000477037
229.14,0.00047703
229.15,0.000477023
229.16,0.000477016
229.17,0.00047701
229.18,0.000477003
229.19,0.000476996
229.2,0.00047699
229.21,0.000476983
229.22,0.000476976
229.23,0.000476969
229.24,0.000476963
229.25,0.000476956
229.26,0.000476949
229.27,0.000476943
229.28,0.000476936
229.29,0.000476929
229.3,0.000476923
229.31,0.000476916
229.32,0.000476909
229.33,0.000476902
229.34,0.000476896
229.35,0.000476889
229.36,0.000476882
229.37,0.000476876
229.38,0.000476869
229.39,0.000476862
229.4,0.000476856
229.41,0.000476849
229.42,0.000476842
229.43,0.000476835
229.44,0.000476829
229.45,0.000476822
229.46,0.000476815
229.47,0.000476809
229.48,0.000476802
229.49,0.000476795
229.5,0.000476789
229.51,0.000476782
229.52,0.000476775
229.53,0.000476768
229.54,0.000476762
229.55,0.000476755
229.56,0.000476748
229.57,0.000476742
229.58,0.000476735
229.59,0.000476728
229.6,0.000476722
229.61,0.000476715
229.62,0.000476708
229.63,0.000476701
229.64,0.000476695
229.65,0.000476688
229.66,0.000476681
229.67,0.000476675
229.68,0.000476668
229.69,0.000476661
229.7,0.000476655
229.71,0.000476648
229.72,0.000476641
229.73,0.000476634
229.74,0.000476628
229.75,0.000476621
229.76,0.000476614
229.77,0.000476608
229.78,0.000476601
229.79,0.000476594
229.8,0.000476588
229.81,0.000476581
229.82,0.000476574
229.83,0.000476567
229.84,0.000476561
229.85,0.000476554
229.86,0.000476547
229.87,0.000476541
229.88,0.000476534
229.89,0.000476527
229.9,0.000476521
229.91,0.000476514
229.92,0.000476507
229.93,0.0004765
229.94,0.000476494
229.95,0.000476487
229.96,0.00047648
229.97,0.000476474
229.98,0.000476467
229.99,0.00047646
230,0.000476454
230.01,0.000476447
230.02,0.00047644
230.03,0.000476433
230.04,0.000476427
230.05,0.00047642
230.06,0.000476413
230.07,0.000476407
230.08,0.0004764
230.09,0.000476393
230.1,0.000476387
230.11,0.00047638
230.12,0.000476373
230.13,0.000476366
230.14,0.00047636
230.15,0.000476353
230.16,0.000476346
230.17,0.00047634
230.18,0.000476333
230.19,0.000476326
230.2,0.00047632
230.21,0.000476313
230.22,0.000476306
230.23,0.000476299
230.24,0.000476293
230.25,0.000476286
230.26,0.000476279
230.27,0.000476273
230.28,0.000476266
230.29,0.000476259
230.3,0.000476253
230.31,0.000476246
230.32,0.000476239
230.33,0.000476232
230.34,0.000476226
230.35,0.000476219
230.36,0.000476212
230.37,0.000476206
230.38,0.000476199
230.39,0.000476192
230.4,0.000476186
230.41,0.000476179
230.42,0.000476172
230.43,0.000476165
230.44,0.000476159
230.45,0.000476152
230.46,0.000476145
230.47,0.000476139
230.48,0.000476132
230.49,0.000476125
230.5,0.000476119
230.51,0.000476112
230.52,0.000476105
230.53,0.000476098
230.54,0.000476092
230.55,0.000476085
230.56,0.000476078
230.57,0.000476072
230.58,0.000476065
230.59,0.000476058
230.6,0.000476052
230.61,0.000476045
230.62,0.000476038
230.63,0.000476032
230.64,0.000476025
230.65,0.000476018
230.66,0.000476011
230.67,0.000476005
230.68,0.000475998
230.69,0.000475991
230.7,0.000475985
230.71,0.000475978
230.72,0.000475971
230.73,0.000475965
230.74,0.000475958
230.75,0.000475951
230.76,0.000475944
230.77,0.000475938
230.78,0.000475931
230.79,0.000475924
230.8,0.000475918
230.81,0.000475911
230.82,0.000475904
230.83,0.000475898
230.84,0.000475891
230.85,0.000475884
230.86,0.000475877
230.87,0.000475871
230.88,0.000475864
230.89,0.000475857
230.9,0.000475851
230.91,0.000475844
230.92,0.000475837
230.93,0.000475831
230.94,0.000475824
230.95,0.000475817
230.96,0.00047581
230.97,0.000475804
230.98,0.000475797
230.99,0.00047579
231,0.000475784
231.01,0.000475777
231.02,0.00047577
231.03,0.000475764
231.04,0.000475757
231.05,0.00047575
231.06,0.000475743
231.07,0.000475737
231.08,0.00047573
231.09,0.000475723
231.1,0.000475717
231.11,0.00047571
231.12,0.000475703
231.13,0.000475697
231.14,0.00047569
231.15,0.000475683
231.16,0.000475677
231.17,0.00047567
231.18,0.000475663
231.19,0.000475656
231.2,0.00047565
231.21,0.000475643
231.22,0.000475636
231.23,0.00047563
231.24,0.000475623
231.25,0.000475616
231.26,0.00047561
231.27,0.000475603
231.28,0.000475596
231.29,0.000475589
231.3,0.000475583
231.31,0.000475576
231.32,0.000475569
231.33,0.000475563
231.34,0.000475556
231.35,0.000475549
231.36,0.000475543
231.37,0.000475536
231.38,0.000475529
231.39,0.000475522
231.4,0.000475516
231.41,0.000475509
231.42,0.000475502
231.43,0.000475496
231.44,0.000475489
231.45,0.000475482
231.46,0.000475476
231.47,0.000475469
231.48,0.000475462
231.49,0.000475455
231.5,0.000475449
231.51,0.000475442
231.52,0.000475435
231.53,0.000475429
231.54,0.000475422
231.55,0.000475415
231.56,0.000475409
231.57,0.000475402
231.58,0.000475395
231.59,0.000475389
231.6,0.000475382
231.61,0.000475375
231.62,0.000475368
231.63,0.000475362
231.64,0.000475355
231.65,0.000475348
231.66,0.000475342
231.67,0.000475335
231.68,0.000475328
231.69,0.000475322
231.7,0.000475315
231.71,0.000475308
231.72,0.000475301
231.73,0.000475295
231.74,0.000475288
231.75,0.000475281
231.76,0.000475275
231.77,0.000475268
231.78,0.000475261
231.79,0.000475255
231.8,0.000475248
231.81,0.000475241
231.82,0.000475234
231.83,0.000475228
231.84,0.000475221
231.85,0.000475214
231.86,0.000475208
231.87,0.000475201
231.88,0.000475194
231.89,0.000475188
231.9,0.000475181
231.91,0.000475174
231.92,0.000475168
231.93,0.000475161
231.94,0.000475154
231.95,0.000475147
231.96,0.000475141
231.97,0.000475134
231.98,0.000475127
231.99,0.000475121
232,0.000475114
232.01,0.000475107
232.02,0.000475101
232.03,0.000475094
232.04,0.000475087
232.05,0.00047508
232.06,0.000475074
232.07,0.000475067
232.08,0.00047506
232.09,0.000475054
232.1,0.000475047
232.11,0.00047504
232.12,0.000475034
232.13,0.000475027
232.14,0.00047502
232.15,0.000475014
232.16,0.000475007
232.17,0.000475
232.18,0.000474993
232.19,0.000474987
232.2,0.00047498
232.21,0.000474973
232.22,0.000474967
232.23,0.00047496
232.24,0.000474953
232.25,0.000474947
232.26,0.00047494
232.27,0.000474933
232.28,0.000474926
232.29,0.00047492
232.3,0.000474913
232.31,0.000474906
232.32,0.0004749
232.33,0.000474893
232.34,0.000474886
232.35,0.00047488
232.36,0.000474873
232.37,0.000474866
232.38,0.00047486
232.39,0.000474853
232.4,0.000474846
232.41,0.000474839
232.42,0.000474833
232.43,0.000474826
232.44,0.000474819
232.45,0.000474813
232.46,0.000474806
232.47,0.000474799
232.48,0.000474793
232.49,0.000474786
232.5,0.000474779
232.51,0.000474772
232.52,0.000474766
232.53,0.000474759
232.54,0.000474752
232.55,0.000474746
232.56,0.000474739
232.57,0.000474732
232.58,0.000474726
232.59,0.000474719
232.6,0.000474712
232.61,0.000474706
232.62,0.000474699
232.63,0.000474692
232.64,0.000474685
232.65,0.000474679
232.66,0.000474672
232.67,0.000474665
232.68,0.000474659
232.69,0.000474652
232.7,0.000474645
232.71,0.000474639
232.72,0.000474632
232.73,0.000474625
232.74,0.000474618
232.75,0.000474612
232.76,0.000474605
232.77,0.000474598
232.78,0.000474592
232.79,0.000474585
232.8,0.000474578
232.81,0.000474572
232.82,0.000474565
232.83,0.000474558
232.84,0.000474552
232.85,0.000474545
232.86,0.000474538
232.87,0.000474531
232.88,0.000474525
232.89,0.000474518
232.9,0.000474511
232.91,0.000474505
232.92,0.000474498
232.93,0.000474491
232.94,0.000474485
232.95,0.000474478
232.96,0.000474471
232.97,0.000474464
232.98,0.000474458
232.99,0.000474451
233,0.000474444
233.01,0.000474438
233.02,0.000474431
233.03,0.000474424
233.04,0.000474418
233.05,0.000474411
233.06,0.000474404
233.07,0.000474398
233.08,0.000474391
233.09,0.000474384
233.1,0.000474377
233.11,0.000474371
233.12,0.000474364
233.13,0.000474357
233.14,0.000474351
233.15,0.000474344
233.16,0.000474337
233.17,0.000474331
233.18,0.000474324
233.19,0.000474317
233.2,0.000474311
233.21,0.000474304
233.22,0.000474297
233.23,0.00047429
233.24,0.000474284
233.25,0.000474277
233.26,0.00047427
233.27,0.000474264
233.28,0.000474257
233.29,0.00047425
233.3,0.000474244
233.31,0.000474237
233.32,0.00047423
233.33,0.000474223
233.34,0.000474217
233.35,0.00047421
233.36,0.000474203
233.37,0.000474197
233.38,0.00047419
233.39,0.000474183
233.4,0.000474177
233.41,0.00047417
233.42,0.000474163
233.43,0.000474157
233.44,0.00047415
233.45,0.000474143
233.46,0.000474136
233.47,0.00047413
233.48,0.000474123
233.49,0.000474116
233.5,0.00047411
233.51,0.000474103
233.52,0.000474096
233.53,0.00047409
233.54,0.000474083
233.55,0.000474076
233.56,0.00047407
233.57,0.000474063
233.58,0.000474056
233.59,0.000474049
233.6,0.000474043
233.61,0.000474036
233.62,0.000474029
233.63,0.000474023
233.64,0.000474016
233.65,0.000474009
233.66,0.000474003
233.67,0.000473996
233.68,0.000473989
233.69,0.000473982
233.7,0.000473976
233.71,0.000473969
233.72,0.000473962
233.73,0.000473956
233.74,0.000473949
233.75,0.000473942
233.76,0.000473936
233.77,0.000473929
233.78,0.000473922
233.79,0.000473916
233.8,0.000473909
233.81,0.000473902
233.82,0.000473895
233.83,0.000473889
233.84,0.000473882
233.85,0.000473875
233.86,0.000473869
233.87,0.000473862
233.88,0.000473855
233.89,0.000473849
233.9,0.000473842
233.91,0.000473835
233.92,0.000473829
233.93,0.000473822
233.94,0.000473815
233.95,0.000473808
233.96,0.000473802
233.97,0.000473795
233.98,0.000473788
233.99,0.000473782
234,0.000473775
234.01,0.000473768
234.02,0.000473762
234.03,0.000473755
234.04,0.000473748
234.05,0.000473742
234.06,0.000473735
234.07,0.000473728
234.08,0.000473721
234.09,0.000473715
234.1,0.000473708
234.11,0.000473701
234.12,0.000473695
234.13,0.000473688
234.14,0.000473681
234.15,0.000473675
234.16,0.000473668
234.17,0.000473661
234.18,0.000473655
234.19,0.000473648
234.2,0.000473641
234.21,0.000473634
234.22,0.000473628
234.23,0.000473621
234.24,0.000473614
234.25,0.000473608
234.26,0.000473601
234.27,0.000473594
234.28,0.000473588
234.29,0.000473581
234.3,0.000473574
234.31,0.000473567
234.32,0.000473561
234.33,0.000473554
234.34,0.000473547
234.35,0.000473541
234.36,0.000473534
234.37,0.000473527
234.38,0.000473521
234.39,0.000473514
234.4,0.000473507
234.41,0.000473501
234.42,0.000473494
234.43,0.000473487
234.44,0.00047348
234.45,0.000473474
234.46,0.000473467
234.47,0.00047346
234.48,0.000473454
234.49,0.000473447
234.5,0.00047344
234.51,0.000473434
234.52,0.000473427
234.53,0.00047342
234.54,0.000473414
234.55,0.000473407
234.56,0.0004734
234.57,0.000473393
234.58,0.000473387
234.59,0.00047338
234.6,0.000473373
234.61,0.000473367
234.62,0.00047336
234.63,0.000473353
234.64,0.000473347
234.65,0.00047334
234.66,0.000473333
234.67,0.000473327
234.68,0.00047332
234.69,0.000473313
234.7,0.000473306
234.71,0.0004733
234.72,0.000473293
234.73,0.000473286
234.74,0.00047328
234.75,0.000473273
234.76,0.000473266
234.77,0.00047326
234.78,0.000473253
234.79,0.000473246
234.8,0.00047324
234.81,0.000473233
234.82,0.000473226
234.83,0.000473219
234.84,0.000473213
234.85,0.000473206
234.86,0.000473199
234.87,0.000473193
234.88,0.000473186
234.89,0.000473179
234.9,0.000473173
234.91,0.000473166
234.92,0.000473159
234.93,0.000473153
234.94,0.000473146
234.95,0.000473139
234.96,0.000473132
234.97,0.000473126
234.98,0.000473119
234.99,0.000473112
235,0.000473106
235.01,0.000473099
235.02,0.000473092
235.03,0.000473086
235.04,0.000473079
235.05,0.000473072
235.06,0.000473066
235.07,0.000473059
235.08,0.000473052
235.09,0.000473045
235.1,0.000473039
235.11,0.000473032
235.12,0.000473025
235.13,0.000473019
235.14,0.000473012
235.15,0.000473005
235.16,0.000472999
235.17,0.000472992
235.18,0.000472985
235.19,0.000472979
235.2,0.000472972
235.21,0.000472965
235.22,0.000472958
235.23,0.000472952
235.24,0.000472945
235.25,0.000472938
235.26,0.000472932
235.27,0.000472925
235.28,0.000472918
235.29,0.000472912
235.3,0.000472905
235.31,0.000472898
235.32,0.000472892
235.33,0.000472885
235.34,0.000472878
235.35,0.000472871
235.36,0.000472865
235.37,0.000472858
235.38,0.000472851
235.39,0.000472845
235.4,0.000472838
235.41,0.000472831
235.42,0.000472825
235.43,0.000472818
235.44,0.000472811
235.45,0.000472805
235.46,0.000472798
235.47,0.000472791
235.48,0.000472784
235.49,0.000472778
235.5,0.000472771
235.51,0.000472764
235.52,0.000472758
235.53,0.000472751
235.54,0.000472744
235.55,0.000472738
235.56,0.000472731
235.57,0.000472724
235.58,0.000472718
235.59,0.000472711
235.6,0.000472704
235.61,0.000472697
235.62,0.000472691
235.63,0.000472684
235.64,0.000472677
235.65,0.000472671
235.66,0.000472664
235.67,0.000472657
235.68,0.000472651
235.69,0.000472644
235.7,0.000472637
235.71,0.000472631
235.72,0.000472624
235.73,0.000472617
235.74,0.00047261
235.75,0.000472604
235.76,0.000472597
235.77,0.00047259
235.78,0.000472584
235.79,0.000472577
235.8,0.00047257
235.81,0.000472564
235.82,0.000472557
235.83,0.00047255
235.84,0.000472544
235.85,0.000472537
235.86,0.00047253
235.87,0.000472524
235.88,0.000472517
235.89,0.00047251
235.9,0.000472503
235.91,0.000472497
235.92,0.00047249
235.93,0.000472483
235.94,0.000472477
235.95,0.00047247
235.96,0.000472463
235.97,0.000472457
235.98,0.00047245
235.99,0.000472443
236,0.000472437
236.01,0.00047243
236.02,0.000472423
236.03,0.000472416
236.04,0.00047241
236.05,0.000472403
236.06,0.000472396
236.07,0.00047239
236.08,0.000472383
236.09,0.000472376
236.1,0.00047237
236.11,0.000472363
236.12,0.000472356
236.13,0.00047235
236.14,0.000472343
236.15,0.000472336
236.16,0.000472329
236.17,0.000472323
236.18,0.000472316
236.19,0.000472309
236.2,0.000472303
236.21,0.000472296
236.22,0.000472289
236.23,0.000472283
236.24,0.000472276
236.25,0.000472269
236.26,0.000472263
236.27,0.000472256
236.28,0.000472249
236.29,0.000472242
236.3,0.000472236
236.31,0.000472229
236.32,0.000472222
236.33,0.000472216
236.34,0.000472209
236.35,0.000472202
236.36,0.000472196
236.37,0.000472189
236.38,0.000472182
236.39,0.000472176
236.4,0.000472169
236.41,0.000472162
236.42,0.000472155
236.43,0.000472149
236.44,0.000472142
236.45,0.000472135
236.46,0.000472129
236.47,0.000472122
236.48,0.000472115
236.49,0.000472109
236.5,0.000472102
236.51,0.000472095
236.52,0.000472089
236.53,0.000472082
236.54,0.000472075
236.55,0.000472069
236.56,0.000472062
236.57,0.000472055
236.58,0.000472048
236.59,0.000472042
236.6,0.000472035
236.61,0.000472028
236.62,0.000472022
236.63,0.000472015
236.64,0.000472008
236.65,0.000472002
236.66,0.000471995
236.67,0.000471988
236.68,0.000471982
236.69,0.000471975
236.7,0.000471968
236.71,0.000471961
236.72,0.000471955
236.73,0.000471948
236.74,0.000471941
236.75,0.000471935
236.76,0.000471928
236.77,0.000471921
236.78,0.000471915
236.79,0.000471908
236.8,0.000471901
236.81,0.000471895
236.82,0.000471888
236.83,0.000471881
236.84,0.000471874
236.85,0.000471868
236.86,0.000471861
236.87,0.000471854
236.88,0.000471848
236.89,0.000471841
236.9,0.000471834
236.91,0.000471828
236.92,0.000471821
236.93,0.000471814
236.94,0.000471808
236.95,0.000471801
236.96,0.000471794
236.97,0.000471788
236.98,0.000471781
236.99,0.000471774
237,0.000471767
237.01,0.000471761
237.02,0.000471754
237.03,0.000471747
237.04,0.000471741
237.05,0.000471734
237.06,0.000471727
237.07,0.000471721
237.08,0.000471714
237.09,0.000471707
237.1,0.000471701
237.11,0.000471694
237.12,0.000471687
237.13,0.00047168
237.14,0.000471674
237.15,0.000471667
237.16,0.00047166
237.17,0.000471654
237.18,0.000471647
237.19,0.00047164
237.2,0.000471634
237.21,0.000471627
237.22,0.00047162
237.23,0.000471614
237.24,0.000471607
237.25,0.0004716
237.26,0.000471594
237.27,0.000471587
237.28,0.00047158
237.29,0.000471573
237.3,0.000471567
237.31,0.00047156
237.32,0.000471553
237.33,0.000471547
237.34,0.00047154
237.35,0.000471533
237.36,0.000471527
237.37,0.00047152
237.38,0.000471513
237.39,0.000471507
237.4,0.0004715
237.41,0.000471493
237.42,0.000471486
237.43,0.00047148
237.44,0.000471473
237.45,0.000471466
237.46,0.00047146
237.47,0.000471453
237.48,0.000471446
237.49,0.00047144
237.5,0.000471433
237.51,0.000471426
237.52,0.00047142
237.53,0.000471413
237.54,0.000471406
237.55,0.000471399
237.56,0.000471393
237.57,0.000471386
237.58,0.000471379
237.59,0.000471373
237.6,0.000471366
237.61,0.000471359
237.62,0.000471353
237.63,0.000471346
237.64,0.000471339
237.65,0.000471333
237.66,0.000471326
237.67,0.000471319
237.68,0.000471313
237.69,0.000471306
237.7,0.000471299
237.71,0.000471292
237.72,0.000471286
237.73,0.000471279
237.74,0.000471272
237.75,0.000471266
237.76,0.000471259
237.77,0.000471252
237.78,0.000471246
237.79,0.000471239
237.8,0.000471232
237.81,0.000471226
237.82,0.000471219
237.83,0.000471212
237.84,0.000471205
237.85,0.000471199
237.86,0.000471192
237.87,0.000471185
237.88,0.000471179
237.89,0.000471172
237.9,0.000471165
237.91,0.000471159
237.92,0.000471152
237.93,0.000471145
237.94,0.000471139
237.95,0.000471132
237.96,0.000471125
237.97,0.000471119
237.98,0.000471112
237.99,0.000471105
238,0.000471098
238.01,0.000471092
238.02,0.000471085
238.03,0.000471078
238.04,0.000471072
238.05,0.000471065
238.06,0.000471058
238.07,0.000471052
238.08,0.000471045
238.09,0.000471038
238.1,0.000471032
238.11,0.000471025
238.12,0.000471018
238.13,0.000471011
238.14,0.000471005
238.15,0.000470998
238.16,0.000470991
238.17,0.000470985
238.18,0.000470978
238.19,0.000470971
238.2,0.000470965
238.21,0.000470958
238.22,0.000470951
238.23,0.000470945
238.24,0.000470938
238.25,0.000470931
238.26,0.000470925
238.27,0.000470918
238.28,0.000470911
238.29,0.000470904
238.3,0.000470898
238.31,0.000470891
238.32,0.000470884
238.33,0.000470878
238.34,0.000470871
238.35,0.000470864
238.36,0.000470858
238.37,0.000470851
238.38,0.000470844
238.39,0.000470838
238.4,0.000470831
238.41,0.000470824
238.42,0.000470818
238.43,0.000470811
238.44,0.000470804
238.45,0.000470797
238.46,0.000470791
238.47,0.000470784
238.48,0.000470777
238.49,0.000470771
238.5,0.000470764
238.51,0.000470757
238.52,0.000470751
238.53,0.000470744
238.54,0.000470737
238.55,0.000470731
238.56,0.000470724
238.57,0.000470717
238.58,0.00047071
238.59,0.000470704
238.6,0.000470697
238.61,0.00047069
238.62,0.000470684
238.63,0.000470677
238.64,0.00047067
238.65,0.000470664
238.66,0.000470657
238.67,0.00047065
238.68,0.000470644
238.69,0.000470637
238.7,0.00047063
238.71,0.000470624
238.72,0.000470617
238.73,0.00047061
238.74,0.000470603
238.75,0.000470597
238.76,0.00047059
238.77,0.000470583
238.78,0.000470577
238.79,0.00047057
238.8,0.000470563
238.81,0.000470557
238.82,0.00047055
238.83,0.000470543
238.84,0.000470537
238.85,0.00047053
238.86,0.000470523
238.87,0.000470517
238.88,0.00047051
238.89,0.000470503
238.9,0.000470496
238.91,0.00047049
238.92,0.000470483
238.93,0.000470476
238.94,0.00047047
238.95,0.000470463
238.96,0.000470456
238.97,0.00047045
238.98,0.000470443
238.99,0.000470436
239,0.00047043
239.01,0.000470423
239.02,0.000470416
239.03,0.000470409
239.04,0.000470403
239.05,0.000470396
239.06,0.000470389
239.07,0.000470383
239.08,0.000470376
239.09,0.000470369
239.1,0.000470363
239.11,0.000470356
239.12,0.000470349
239.13,0.000470343
239.14,0.000470336
239.15,0.000470329
239.16,0.000470323
239.17,0.000470316
239.18,0.000470309
239.19,0.000470302
239.2,0.000470296
239.21,0.000470289
239.22,0.000470282
239.23,0.000470276
239.24,0.000470269
239.25,0.000470262
239.26,0.000470256
239.27,0.000470249
239.28,0.000470242
239.29,0.000470236
239.3,0.000470229
239.31,0.000470222
239.32,0.000470216
239.33,0.000470209
239.34,0.000470202
239.35,0.000470195
239.36,0.000470189
239.37,0.000470182
239.38,0.000470175
239.39,0.000470169
239.4,0.000470162
239.41,0.000470155
239.42,0.000470149
239.43,0.000470142
239.44,0.000470135
239.45,0.000470129
239.46,0.000470122
239.47,0.000470115
239.48,0.000470109
239.49,0.000470102
239.5,0.000470095
239.51,0.000470088
239.52,0.000470082
239.53,0.000470075
239.54,0.000470068
239.55,0.000470062
239.56,0.000470055
239.57,0.000470048
239.58,0.000470042
239.59,0.000470035
239.6,0.000470028
239.61,0.000470022
239.62,0.000470015
239.63,0.000470008
239.64,0.000470001
239.65,0.000469995
239.66,0.000469988
239.67,0.000469981
239.68,0.000469975
239.69,0.000469968
239.7,0.000469961
239.71,0.000469955
239.72,0.000469948
239.73,0.000469941
239.74,0.000469935
239.75,0.000469928
239.76,0.000469921
239.77,0.000469915
239.78,0.000469908
239.79,0.000469901
239.8,0.000469894
239.81,0.000469888
239.82,0.000469881
239.83,0.000469874
239.84,0.000469868
239.85,0.000469861
239.86,0.000469854
239.87,0.000469848
239.88,0.000469841
239.89,0.000469834
239.9,0.000469828
239.91,0.000469821
239.92,0.000469814
239.93,0.000469808
239.94,0.000469801
239.95,0.000469794
239.96,0.000469787
239.97,0.000469781
239.98,0.000469774
239.99,0.000469767
240,0.000469761
240.01,0.000469754
240.02,0.000469747
240.03,0.000469741
240.04,0.000469734
240.05,0.000469727
240.06,0.000469721
240.07,0.000469714
240.08,0.000469707
240.09,0.000469701
240.1,0.000469694
240.11,0.000469687
240.12,0.00046968
240.13,0.000469674
240.14,0.000469667
240.15,0.00046966
240.16,0.000469654
240.17,0.000469647
240.18,0.00046964
240.19,0.000469634
240.2,0.000469627
240.21,0.00046962
240.22,0.000469614
240.23,0.000469607
240.24,0.0004696
240.25,0.000469594
240.26,0.000469587
240.27,0.00046958
240.28,0.000469573
240.29,0.000469567
240.3,0.00046956
240.31,0.000469553
240.32,0.000469547
240.33,0.00046954
240.34,0.000469533
240.35,0.000469527
240.36,0.00046952
240.37,0.000469513
240.38,0.000469507
240.39,0.0004695
240.4,0.000469493
240.41,0.000469487
240.42,0.00046948
240.43,0.000469473
240.44,0.000469466
240.45,0.00046946
240.46,0.000469453
240.47,0.000469446
240.48,0.00046944
240.49,0.000469433
240.5,0.000469426
240.51,0.00046942
240.52,0.000469413
240.53,0.000469406
240.54,0.0004694
240.55,0.000469393
240.56,0.000469386
240.57,0.00046938
240.58,0.000469373
240.59,0.000469366
240.6,0.000469359
240.61,0.000469353
240.62,0.000469346
240.63,0.000469339
240.64,0.000469333
240.65,0.000469326
240.66,0.000469319
240.67,0.000469313
240.68,0.000469306
240.69,0.000469299
240.7,0.000469293
240.71,0.000469286
240.72,0.000469279
240.73,0.000469273
240.74,0.000469266
240.75,0.000469259
240.76,0.000469252
240.77,0.000469246
240.78,0.000469239
240.79,0.000469232
240.8,0.000469226
240.81,0.000469219
240.82,0.000469212
240.83,0.000469206
240.84,0.000469199
240.85,0.000469192
240.86,0.000469186
240.87,0.000469179
240.88,0.000469172
240.89,0.000469166
240.9,0.000469159
240.91,0.000469152
240.92,0.000469145
240.93,0.000469139
240.94,0.000469132
240.95,0.000469125
240.96,0.000469119
240.97,0.000469112
240.98,0.000469105
240.99,0.000469099
241,0.000469092
241.01,0.000469085
241.02,0.000469079
241.03,0.000469072
241.04,0.000469065
241.05,0.000469059
241.06,0.000469052
241.07,0.000469045
241.08,0.000469038
241.09,0.000469032
241.1,0.000469025
241.11,0.000469018
241.12,0.000469012
241.13,0.000469005
241.14,0.000468998
241.15,0.000468992
241.16,0.000468985
241.17,0.000468978
241.18,0.000468972
241.19,0.000468965
241.2,0.000468958
241.21,0.000468952
241.22,0.000468945
241.23,0.000468938
241.24,0.000468931
241.25,0.000468925
241.26,0.000468918
241.27,0.000468911
241.28,0.000468905
241.29,0.000468898
241.3,0.000468891
241.31,0.000468885
241.32,0.000468878
241.33,0.000468871
241.34,0.000468865
241.35,0.000468858
241.36,0.000468851
241.37,0.000468845
241.38,0.000468838
241.39,0.000468831
241.4,0.000468824
241.41,0.000468818
241.42,0.000468811
241.43,0.000468804
241.44,0.000468798
241.45,0.000468791
241.46,0.000468784
241.47,0.000468778
241.48,0.000468771
241.49,0.000468764
241.5,0.000468758
241.51,0.000468751
241.52,0.000468744
241.53,0.000468738
241.54,0.000468731
241.55,0.000468724
241.56,0.000468717
241.57,0.000468711
241.58,0.000468704
241.59,0.000468697
241.6,0.000468691
241.61,0.000468684
241.62,0.000468677
241.63,0.000468671
241.64,0.000468664
241.65,0.000468657
241.66,0.000468651
241.67,0.000468644
241.68,0.000468637
241.69,0.000468631
241.7,0.000468624
241.71,0.000468617
241.72,0.00046861
241.73,0.000468604
241.74,0.000468597
241.75,0.00046859
241.76,0.000468584
241.77,0.000468577
241.78,0.00046857
241.79,0.000468564
241.8,0.000468557
241.81,0.00046855
241.82,0.000468544
241.83,0.000468537
241.84,0.00046853
241.85,0.000468524
241.86,0.000468517
241.87,0.00046851
241.88,0.000468503
241.89,0.000468497
241.9,0.00046849
241.91,0.000468483
241.92,0.000468477
241.93,0.00046847
241.94,0.000468463
241.95,0.000468457
241.96,0.00046845
241.97,0.000468443
241.98,0.000468437
241.99,0.00046843
242,0.000468423
242.01,0.000468417
242.02,0.00046841
242.03,0.000468403
242.04,0.000468396
242.05,0.00046839
242.06,0.000468383
242.07,0.000468376
242.08,0.00046837
242.09,0.000468363
242.1,0.000468356
242.11,0.00046835
242.12,0.000468343
242.13,0.000468336
242.14,0.00046833
242.15,0.000468323
242.16,0.000468316
242.17,0.00046831
242.18,0.000468303
242.19,0.000468296
242.2,0.000468289
242.21,0.000468283
242.22,0.000468276
242.23,0.000468269
242.24,0.000468263
242.25,0.000468256
242.26,0.000468249
242.27,0.000468243
242.28,0.000468236
242.29,0.000468229
242.3,0.000468223
242.31,0.000468216
242.32,0.000468209
242.33,0.000468203
242.34,0.000468196
242.35,0.000468189
242.36,0.000468182
242.37,0.000468176
242.38,0.000468169
242.39,0.000468162
242.4,0.000468156
242.41,0.000468149
242.42,0.000468142
242.43,0.000468136
242.44,0.000468129
242.45,0.000468122
242.46,0.000468116
242.47,0.000468109
242.48,0.000468102
242.49,0.000468096
242.5,0.000468089
242.51,0.000468082
242.52,0.000468076
242.53,0.000468069
242.54,0.000468062
242.55,0.000468055
242.56,0.000468049
242.57,0.000468042
242.58,0.000468035
242.59,0.000468029
242.6,0.000468022
242.61,0.000468015
242.62,0.000468009
242.63,0.000468002
242.64,0.000467995
242.65,0.000467989
242.66,0.000467982
242.67,0.000467975
242.68,0.000467969
242.69,0.000467962
242.7,0.000467955
242.71,0.000467948
242.72,0.000467942
242.73,0.000467935
242.74,0.000467928
242.75,0.000467922
242.76,0.000467915
242.77,0.000467908
242.78,0.000467902
242.79,0.000467895
242.8,0.000467888
242.81,0.000467882
242.82,0.000467875
242.83,0.000467868
242.84,0.000467862
242.85,0.000467855
242.86,0.000467848
242.87,0.000467841
242.88,0.000467835
242.89,0.000467828
242.9,0.000467821
242.91,0.000467815
242.92,0.000467808
242.93,0.000467801
242.94,0.000467795
242.95,0.000467788
242.96,0.000467781
242.97,0.000467775
242.98,0.000467768
242.99,0.000467761
243,0.000467755
243.01,0.000467748
243.02,0.000467741
243.03,0.000467734
243.04,0.000467728
243.05,0.000467721
243.06,0.000467714
243.07,0.000467708
243.08,0.000467701
243.09,0.000467694
243.1,0.000467688
243.11,0.000467681
243.12,0.000467674
243.13,0.000467668
243.14,0.000467661
243.15,0.000467654
243.16,0.000467648
243.17,0.000467641
243.18,0.000467634
243.19,0.000467627
243.2,0.000467621
243.21,0.000467614
243.22,0.000467607
243.23,0.000467601
243.24,0.000467594
243.25,0.000467587
243.26,0.000467581
243.27,0.000467574
243.28,0.000467567
243.29,0.000467561
243.3,0.000467554
243.31,0.000467547
243.32,0.000467541
243.33,0.000467534
243.34,0.000467527
243.35,0.000467521
243.36,0.000467514
243.37,0.000467507
243.38,0.0004675
243.39,0.000467494
243.4,0.000467487
243.41,0.00046748
243.42,0.000467474
243.43,0.000467467
243.44,0.00046746
243.45,0.000467454
243.46,0.000467447
243.47,0.00046744
243.48,0.000467434
243.49,0.000467427
243.5,0.00046742
243.51,0.000467414
243.52,0.000467407
243.53,0.0004674
243.54,0.000467393
243.55,0.000467387
243.56,0.00046738
243.57,0.000467373
243.58,0.000467367
243.59,0.00046736
243.6,0.000467353
243.61,0.000467347
243.62,0.00046734
243.63,0.000467333
243.64,0.000467327
243.65,0.00046732
243.66,0.000467313
243.67,0.000467307
243.68,0.0004673
243.69,0.000467293
243.7,0.000467286
243.71,0.00046728
243.72,0.000467273
243.73,0.000467266
243.74,0.00046726
243.75,0.000467253
243.76,0.000467246
243.77,0.00046724
243.78,0.000467233
243.79,0.000467226
243.8,0.00046722
243.81,0.000467213
243.82,0.000467206
243.83,0.0004672
243.84,0.000467193
243.85,0.000467186
243.86,0.00046718
243.87,0.000467173
243.88,0.000467166
243.89,0.000467159
243.9,0.000467153
243.91,0.000467146
243.92,0.000467139
243.93,0.000467133
243.94,0.000467126
243.95,0.000467119
243.96,0.000467113
243.97,0.000467106
243.98,0.000467099
243.99,0.000467093
244,0.000467086
244.01,0.000467079
244.02,0.000467073
244.03,0.000467066
244.04,0.000467059
244.05,0.000467052
244.06,0.000467046
244.07,0.000467039
244.08,0.000467032
244.09,0.000467026
244.1,0.000467019
244.11,0.000467012
244.12,0.000467006
244.13,0.000466999
244.14,0.000466992
244.15,0.000466986
244.16,0.000466979
244.17,0.000466972
244.18,0.000466966
244.19,0.000466959
244.2,0.000466952
244.21,0.000466945
244.22,0.000466939
244.23,0.000466932
244.24,0.000466925
244.25,0.000466919
244.26,0.000466912
244.27,0.000466905
244.28,0.000466899
244.29,0.000466892
244.3,0.000466885
244.31,0.000466879
244.32,0.000466872
244.33,0.000466865
244.34,0.000466859
244.35,0.000466852
244.36,0.000466845
244.37,0.000466839
244.38,0.000466832
244.39,0.000466825
244.4,0.000466818
244.41,0.000466812
244.42,0.000466805
244.43,0.000466798
244.44,0.000466792
244.45,0.000466785
244.46,0.000466778
244.47,0.000466772
244.48,0.000466765
244.49,0.000466758
244.5,0.000466752
244.51,0.000466745
244.52,0.000466738
244.53,0.000466732
244.54,0.000466725
244.55,0.000466718
244.56,0.000466711
244.57,0.000466705
244.58,0.000466698
244.59,0.000466691
244.6,0.000466685
244.61,0.000466678
244.62,0.000466671
244.63,0.000466665
244.64,0.000466658
244.65,0.000466651
244.66,0.000466645
244.67,0.000466638
244.68,0.000466631
244.69,0.000466625
244.7,0.000466618
244.71,0.000466611
244.72,0.000466604
244.73,0.000466598
244.74,0.000466591
244.75,0.000466584
244.76,0.000466578
244.77,0.000466571
244.78,0.000466564
244.79,0.000466558
244.8,0.000466551
244.81,0.000466544
244.82,0.000466538
244.83,0.000466531
244.84,0.000466524
244.85,0.000466518
244.86,0.000466511
244.87,0.000466504
244.88,0.000466498
244.89,0.000466491
244.9,0.000466484
244.91,0.000466477
244.92,0.000466471
244.93,0.000466464
244.94,0.000466457
244.95,0.000466451
244.96,0.000466444
244.97,0.000466437
244.98,0.000466431
244.99,0.000466424
245,0.000466417
245.01,0.000466411
245.02,0.000466404
245.03,0.000466397
245.04,0.000466391
245.05,0.000466384
245.06,0.000466377
245.07,0.00046637
245.08,0.000466364
245.09,0.000466357
245.1,0.00046635
245.11,0.000466344
245.12,0.000466337
245.13,0.00046633
245.14,0.000466324
245.15,0.000466317
245.16,0.00046631
245.17,0.000466304
245.18,0.000466297
245.19,0.00046629
245.2,0.000466284
245.21,0.000466277
245.22,0.00046627
245.23,0.000466263
245.24,0.000466257
245.25,0.00046625
245.26,0.000466243
245.27,0.000466237
245.28,0.00046623
245.29,0.000466223
245.3,0.000466217
245.31,0.00046621
245.32,0.000466203
245.33,0.000466197
245.34,0.00046619
245.35,0.000466183
245.36,0.000466177
245.37,0.00046617
245.38,0.000466163
245.39,0.000466157
245.4,0.00046615
245.41,0.000466143
245.42,0.000466136
245.43,0.00046613
245.44,0.000466123
245.45,0.000466116
245.46,0.00046611
245.47,0.000466103
245.48,0.000466096
245.49,0.00046609
245.5,0.000466083
245.51,0.000466076
245.52,0.00046607
245.53,0.000466063
245.54,0.000466056
245.55,0.00046605
245.56,0.000466043
245.57,0.000466036
245.58,0.000466029
245.59,0.000466023
245.6,0.000466016
245.61,0.000466009
245.62,0.000466003
245.63,0.000465996
245.64,0.000465989
245.65,0.000465983
245.66,0.000465976
245.67,0.000465969
245.68,0.000465963
245.69,0.000465956
245.7,0.000465949
245.71,0.000465943
245.72,0.000465936
245.73,0.000465929
245.74,0.000465923
245.75,0.000465916
245.76,0.000465909
245.77,0.000465902
245.78,0.000465896
245.79,0.000465889
245.8,0.000465882
245.81,0.000465876
245.82,0.000465869
245.83,0.000465862
245.84,0.000465856
245.85,0.000465849
245.86,0.000465842
245.87,0.000465836
245.88,0.000465829
245.89,0.000465822
245.9,0.000465816
245.91,0.000465809
245.92,0.000465802
245.93,0.000465795
245.94,0.000465789
245.95,0.000465782
245.96,0.000465775
245.97,0.000465769
245.98,0.000465762
245.99,0.000465755
246,0.000465749
246.01,0.000465742
246.02,0.000465735
246.03,0.000465729
246.04,0.000465722
246.05,0.000465715
246.06,0.000465709
246.07,0.000465702
246.08,0.000465695
246.09,0.000465689
246.1,0.000465682
246.11,0.000465675
246.12,0.000465668
246.13,0.000465662
246.14,0.000465655
246.15,0.000465648
246.16,0.000465642
246.17,0.000465635
246.18,0.000465628
246.19,0.000465622
246.2,0.000465615
246.21,0.000465608
246.22,0.000465602
246.23,0.000465595
246.24,0.000465588
246.25,0.000465582
246.26,0.000465575
246.27,0.000465568
246.28,0.000465561
246.29,0.000465555
246.3,0.000465548
246.31,0.000465541
246.32,0.000465535
246.33,0.000465528
246.34,0.000465521
246.35,0.000465515
246.36,0.000465508
246.37,0.000465501
246.38,0.000465495
246.39,0.000465488
246.4,0.000465481
246.41,0.000465475
246.42,0.000465468
246.43,0.000465461
246.44,0.000465455
246.45,0.000465448
246.46,0.000465441
246.47,0.000465434
246.48,0.000465428
246.49,0.000465421
246.5,0.000465414
246.51,0.000465408
246.52,0.000465401
246.53,0.000465394
246.54,0.000465388
246.55,0.000465381
246.56,0.000465374
246.57,0.000465368
246.58,0.000465361
246.59,0.000465354
246.6,0.000465348
246.61,0.000465341
246.62,0.000465334
246.63,0.000465327
246.64,0.000465321
246.65,0.000465314
246.66,0.000465307
246.67,0.000465301
246.68,0.000465294
246.69,0.000465287
246.7,0.000465281
246.71,0.000465274
246.72,0.000465267
246.73,0.000465261
246.74,0.000465254
246.75,0.000465247
246.76,0.000465241
246.77,0.000465234
246.78,0.000465227
246.79,0.000465221
246.8,0.000465214
246.81,0.000465207
246.82,0.0004652
246.83,0.000465194
246.84,0.000465187
246.85,0.00046518
246.86,0.000465174
246.87,0.000465167
246.88,0.00046516
246.89,0.000465154
246.9,0.000465147
246.91,0.00046514
246.92,0.000465134
246.93,0.000465127
246.94,0.00046512
246.95,0.000465114
246.96,0.000465107
246.97,0.0004651
246.98,0.000465093
246.99,0.000465087
247,0.00046508
247.01,0.000465073
247.02,0.000465067
247.03,0.00046506
247.04,0.000465053
247.05,0.000465047
247.06,0.00046504
247.07,0.000465033
247.08,0.000465027
247.09,0.00046502
247.1,0.000465013
247.11,0.000465007
247.12,0.000465
247.13,0.000464993
247.14,0.000464987
247.15,0.00046498
247.16,0.000464973
247.17,0.000464966
247.18,0.00046496
247.19,0.000464953
247.2,0.000464946
247.21,0.00046494
247.22,0.000464933
247.23,0.000464926
247.24,0.00046492
247.25,0.000464913
247.26,0.000464906
247.27,0.0004649
247.28,0.000464893
247.29,0.000464886
247.3,0.00046488
247.31,0.000464873
247.32,0.000464866
247.33,0.000464859
247.34,0.000464853
247.35,0.000464846
247.36,0.000464839
247.37,0.000464833
247.38,0.000464826
247.39,0.000464819
247.4,0.000464813
247.41,0.000464806
247.42,0.000464799
247.43,0.000464793
247.44,0.000464786
247.45,0.000464779
247.46,0.000464773
247.47,0.000464766
247.48,0.000464759
247.49,0.000464753
247.5,0.000464746
247.51,0.000464739
247.52,0.000464732
247.53,0.000464726
247.54,0.000464719
247.55,0.000464712
247.56,0.000464706
247.57,0.000464699
247.58,0.000464692
247.59,0.000464686
247.6,0.000464679
247.61,0.000464672
247.62,0.000464666
247.63,0.000464659
247.64,0.000464652
247.65,0.000464646
247.66,0.000464639
247.67,0.000464632
247.68,0.000464625
247.69,0.000464619
247.7,0.000464612
247.71,0.000464605
247.72,0.000464599
247.73,0.000464592
247.74,0.000464585
247.75,0.000464579
247.76,0.000464572
247.77,0.000464565
247.78,0.000464559
247.79,0.000464552
247.8,0.000464545
247.81,0.000464539
247.82,0.000464532
247.83,0.000464525
247.84,0.000464519
247.85,0.000464512
247.86,0.000464505
247.87,0.000464498
247.88,0.000464492
247.89,0.000464485
247.9,0.000464478
247.91,0.000464472
247.92,0.000464465
247.93,0.000464458
247.94,0.000464452
247.95,0.000464445
247.96,0.000464438
247.97,0.000464432
247.98,0.000464425
247.99,0.000464418
248,0.000464412
248.01,0.000464405
248.02,0.000464398
248.03,0.000464391
248.04,0.000464385
248.05,0.000464378
248.06,0.000464371
248.07,0.000464365
248.08,0.000464358
248.09,0.000464351
248.1,0.000464345
248.11,0.000464338
248.12,0.000464331
248.13,0.000464325
248.14,0.000464318
248.15,0.000464311
248.16,0.000464305
248.17,0.000464298
248.18,0.000464291
248.19,0.000464285
248.2,0.000464278
248.21,0.000464271
248.22,0.000464264
248.23,0.000464258
248.24,0.000464251
248.25,0.000464244
248.26,0.000464238
248.27,0.000464231
248.28,0.000464224
248.29,0.000464218
248.3,0.000464211
248.31,0.000464204
248.32,0.000464198
248.33,0.000464191
248.34,0.000464184
248.35,0.000464178
248.36,0.000464171
248.37,0.000464164
248.38,0.000464157
248.39,0.000464151
248.4,0.000464144
248.41,0.000464137
248.42,0.000464131
248.43,0.000464124
248.44,0.000464117
248.45,0.000464111
248.46,0.000464104
248.47,0.000464097
248.48,0.000464091
248.49,0.000464084
248.5,0.000464077
248.51,0.000464071
248.52,0.000464064
248.53,0.000464057
248.54,0.000464051
248.55,0.000464044
248.56,0.000464037
248.57,0.00046403
248.58,0.000464024
248.59,0.000464017
248.6,0.00046401
248.61,0.000464004
248.62,0.000463997
248.63,0.00046399
248.64,0.000463984
248.65,0.000463977
248.66,0.00046397
248.67,0.000463964
248.68,0.000463957
248.69,0.00046395
248.7,0.000463944
248.71,0.000463937
248.72,0.00046393
248.73,0.000463923
248.74,0.000463917
248.75,0.00046391
248.76,0.000463903
248.77,0.000463897
248.78,0.00046389
248.79,0.000463883
248.8,0.000463877
248.81,0.00046387
248.82,0.000463863
248.83,0.000463857
248.84,0.00046385
248.85,0.000463843
248.86,0.000463837
248.87,0.00046383
248.88,0.000463823
248.89,0.000463817
248.9,0.00046381
248.91,0.000463803
248.92,0.000463796
248.93,0.00046379
248.94,0.000463783
248.95,0.000463776
248.96,0.00046377
248.97,0.000463763
248.98,0.000463756
248.99,0.00046375
249,0.000463743
249.01,0.000463736
249.02,0.00046373
249.03,0.000463723
249.04,0.000463716
249.05,0.00046371
249.06,0.000463703
249.07,0.000463696
249.08,0.000463689
249.09,0.000463683
249.1,0.000463676
249.11,0.000463669
249.12,0.000463663
249.13,0.000463656
249.14,0.000463649
249.15,0.000463643
249.16,0.000463636
249.17,0.000463629
249.18,0.000463623
249.19,0.000463616
249.2,0.000463609
249.21,0.000463603
249.22,0.000463596
249.23,0.000463589
249.24,0.000463583
249.25,0.000463576
249.26,0.000463569
249.27,0.000463562
249.28,0.000463556
249.29,0.000463549
249.3,0.000463542
249.31,0.000463536
249.32,0.000463529
249.33,0.000463522
249.34,0.000463516
249.35,0.000463509
249.36,0.000463502
249.37,0.000463496
249.38,0.000463489
249.39,0.000463482
249.4,0.000463476
249.41,0.000463469
249.42,0.000463462
249.43,0.000463455
249.44,0.000463449
249.45,0.000463442
249.46,0.000463435
249.47,0.000463429
249.48,0.000463422
249.49,0.000463415
249.5,0.000463409
249.51,0.000463402
249.52,0.000463395
249.53,0.000463389
249.54,0.000463382
249.55,0.000463375
249.56,0.000463369
249.57,0.000463362
249.58,0.000463355
249.59,0.000463349
249.6,0.000463342
249.61,0.000463335
249.62,0.000463328
249.63,0.000463322
249.64,0.000463315
249.65,0.000463308
249.66,0.000463302
249.67,0.000463295
249.68,0.000463288
249.69,0.000463282
249.7,0.000463275
249.71,0.000463268
249.72,0.000463262
249.73,0.000463255
249.74,0.000463248
249.75,0.000463242
249.76,0.000463235
249.77,0.000463228
249.78,0.000463221
249.79,0.000463215
249.8,0.000463208
249.81,0.000463201
249.82,0.000463195
249.83,0.000463188
249.84,0.000463181
249.85,0.000463175
249.86,0.000463168
249.87,0.000463161
249.88,0.000463155
249.89,0.000463148
249.9,0.000463141
249.91,0.000463135
249.92,0.000463128
249.93,0.000463121
249.94,0.000463115
249.95,0.000463108
249.96,0.000463101
249.97,0.000463094
249.98,0.000463088
249.99,0.000463081
250,0.000463074
250.01,0.000463073
250.02,0.000463072
250.03,0.00046307
250.04,0.000463069
250.05,0.000463068
250.06,0.000463066
250.07,0.000463065
250.08,0.000463064
250.09,0.000463062
250.1,0.000463061
250.11,0.00046306
250.12,0.000463058
250.13,0.000463057
250.14,0.000463056
250.15,0.000463054
250.16,0.000463053
250.17,0.000463052
250.18,0.00046305
250.19,0.000463049
250.2,0.000463048
250.21,0.000463046
250.22,0.000463045
250.23,0.000463044
250.24,0.000463042
250.25,0.000463041
250.26,0.00046304
250.27,0.000463038
250.28,0.000463037
250.29,0.000463036
250.3,0.000463034
250.31,0.000463033
250.32,0.000463032
250.33,0.00046303
250.34,0.000463029
250.35,0.000463028
250.36,0.000463026
250.37,0.000463025
250.38,0.000463024
250.39,0.000463022
250.4,0.000463021
250.41,0.00046302
250.42,0.000463018
250.43,0.000463017
250.44,0.000463016
250.45,0.000463014
250.46,0.000463013
250.47,0.000463012
250.48,0.00046301
250.49,0.000463009
250.5,0.000463008
250.51,0.000463006
250.52,0.000463005
250.53,0.000463004
250.54,0.000463002
250.55,0.000463001
250.56,0.000463
250.57,0.000462998
250.58,0.000462997
250.59,0.000462996
250.6,0.000462994
250.61,0.000462993
250.62,0.000462992
250.63,0.00046299
250.64,0.000462989
250.65,0.000462988
250.66,0.000462986
250.67,0.000462985
250.68,0.000462983
250.69,0.000462982
250.7,0.000462981
250.71,0.000462979
250.72,0.000462978
250.73,0.000462977
250.74,0.000462975
250.75,0.000462974
250.76,0.000462973
250.77,0.000462971
250.78,0.00046297
250.79,0.000462969
250.8,0.000462967
250.81,0.000462966
250.82,0.000462965
250.83,0.000462963
250.84,0.000462962
250.85,0.000462961
250.86,0.000462959
250.87,0.000462958
250.88,0.000462957
250.89,0.000462955
250.9,0.000462954
250.91,0.000462953
250.92,0.000462951
250.93,0.00046295
250.94,0.000462949
250.95,0.000462947
250.96,0.000462946
250.97,0.000462945
250.98,0.000462944
250.99,0.000462942
251,0.000462941
