energy_MeVu,total_kinetic_energy_MeV,electronic_stopping_power_MeV_per_mm,total_stopping_power_MeV_per_mm,csda_range_mm
0.01,0.12,215.789,244.498,0
0.11,1.32,691.516,696.289,0
0.21,2.52,818.656,821.442,0
0.31,3.72,831.967,833.978,0
0.41,4.92,810.347,811.928,0
0.51,6.12,784.614,785.933,0
0.61,7.32,759.696,760.837,0
0.71,8.52,737.532,738.531,0
0.81,9.72,716.33,717.229,0
0.91,10.92,696.72,697.531,0
1.01,12.12,677.526,678.252,0
1.11,13.32,659.791,660.47,0
1.21,14.52,642.056,642.689,0
1.31,15.72,625.535,626.122,0
1.41,16.92,609.628,610.178,0
1.51,18.12,593.72,594.24,0
1.61,19.32,578.668,579.162,0
1.71,20.52,564.685,565.155,0
1.81,21.72,550.703,551.148,0
1.91,22.92,536.721,537.142,0
2.01,24.12,506.133,506.531,0
2.11,25.32,492.523,492.906,0
2.21,26.52,479.658,480.027,0
2.31,27.72,467.481,467.837,0
2.41,28.92,455.937,456.279,0
2.51,30.12,444.896,445.225,0
2.61,31.32,434.194,434.511,0
2.71,32.52,424.069,424.374,0
2.81,33.72,414.414,414.71,0
2.91,34.92,405.198,405.486,0
3.01,36.12,396.396,396.675,0
3.11,37.32,387.977,388.249,0
3.21,38.52,379.919,380.183,0
3.31,39.72,372.201,372.458,0
3.41,40.92,364.801,365.051,0
3.51,42.12,357.776,358.02,0
3.61,43.32,351.273,351.511,0
3.71,44.52,345.01,345.242,0
3.81,45.72,338.974,339.201,0
3.91,46.92,333.155,333.376,0
4.01,48.12,327.54,327.756,0
4.11,49.32,322.11,322.321,0
4.21,50.52,316.86,317.067,0
4.31,51.72,311.788,311.992,0
4.41,52.92,306.886,307.086,0
4.51,54.12,302.136,302.332,0
4.61,55.32,297.536,297.728,0
4.71,56.52,293.083,293.271,0
4.81,57.72,288.769,288.954,0
4.91,58.92,284.588,284.77,0
5.01,60.12,280.535,280.713,0
5.11,61.32,276.604,276.778,0
5.21,62.52,272.788,272.96,0
5.31,63.72,269.084,269.252,0
5.41,64.92,265.486,265.651,0
5.51,66.12,261.991,262.154,0
5.61,67.32,258.593,258.754,0
5.71,68.52,255.288,255.446,0
5.81,69.72,252.071,252.228,0
5.91,70.92,248.94,249.095,0
6.01,72.12,245.892,246.044,0
6.11,73.32,242.923,243.073,0
6.21,74.52,240.031,240.179,0
6.31,75.72,237.212,237.357,0
6.41,76.92,234.463,234.607,0
6.51,78.12,231.782,231.924,0
6.61,79.32,229.167,229.306,0
6.71,80.52,226.615,226.752,0
6.81,81.72,224.123,224.258,0
6.91,82.92,221.69,221.824,0
7.01,84.12,219.314,219.446,0
7.11,85.32,216.991,217.122,0
7.21,86.52,214.722,214.851,0
7.31,87.72,212.507,212.634,0
7.41,88.92,210.341,210.466,0
7.51,90.12,208.218,208.342,0
7.61,91.32,206.14,206.263,0
7.71,92.52,204.106,204.228,0
7.81,93.72,202.115,202.235,0
7.91,94.92,200.165,200.284,0
8.01,96.12,198.256,198.374,0
8.11,97.32,196.385,196.502,0
8.21,98.52,194.553,194.669,0
8.31,99.72,192.757,192.872,0
8.41,100.92,190.998,191.111,0
8.51,102.12,189.272,189.384,0
8.61,103.32,187.58,187.691,0
8.71,104.52,185.92,186.03,0
8.81,105.72,184.292,184.401,0
8.91,106.92,182.695,182.802,0
9.01,108.12,181.127,181.233,0
9.11,109.32,179.588,179.693,0
9.21,110.52,178.077,178.181,0
9.31,111.72,176.594,176.697,0
9.41,112.92,175.137,175.239,0
9.51,114.12,173.706,173.807,0
9.61,115.32,172.301,172.4,0
9.71,116.52,170.919,171.017,0
9.81,117.72,169.562,169.659,0
9.91,118.92,168.228,168.323,0
10.01,120.12,166.916,167.011,0
10.11,121.32,165.627,165.72,0
10.21,122.52,164.359,164.452,0
10.31,123.72,163.112,163.204,0
10.41,124.92,161.885,161.977,0
10.51,126.12,160.677,160.768,0
10.61,127.32,159.488,159.578,0
10.71,128.52,158.318,158.408,0
10.81,129.72,157.166,157.255,0
10.91,130.92,156.033,156.121,0
11.01,132.12,154.917,155.005,0
11.11,133.32,153.819,153.906,0
11.21,134.52,152.737,152.823,0
11.31,135.72,151.672,151.757,0
11.41,136.92,150.622,150.708,0
11.51,138.12,149.589,149.674,0
11.61,139.32,148.571,148.655,0
11.71,140.52,147.568,147.651,0
11.81,141.72,146.58,146.662,0
11.91,142.92,145.606,145.688,0
12.01,144.12,144.646,144.727,0
12.11,145.32,143.699,143.78,0
12.21,146.52,142.767,142.847,0
12.31,147.72,141.847,141.927,0
12.41,148.92,140.94,141.019,0
12.51,150.12,140.046,140.125,0
12.61,151.32,139.164,139.242,0
12.71,152.52,138.295,138.372,0
12.81,153.72,137.437,137.513,0
12.91,154.92,136.59,136.667,0
13.01,156.12,135.756,135.831,0
13.11,157.32,134.932,135.006,0
13.21,158.52,134.119,134.193,0
13.31,159.72,133.316,133.39,0
13.41,160.92,132.525,132.598,0
13.51,162.12,131.743,131.816,0
13.61,163.32,130.972,131.044,0
13.71,164.52,130.21,130.281,0
13.81,165.72,129.458,129.529,0
13.91,166.92,128.715,128.786,0
14.01,168.12,127.982,128.052,0
14.11,169.32,127.258,127.328,0
14.21,170.52,126.543,126.612,0
14.31,171.72,125.836,125.906,0
14.41,172.92,125.139,125.207,0
14.51,174.12,124.449,124.518,0
14.61,175.32,123.768,123.836,0
14.71,176.52,123.096,123.163,0
14.81,177.72,122.431,122.498,0
14.91,178.92,121.774,121.84,0
15.01,180.12,121.125,121.191,0
15.11,181.32,120.483,120.548,0
15.21,182.52,119.848,119.913,0
15.31,183.72,119.22,119.285,0
15.41,184.92,118.6,118.665,0
15.51,186.12,117.987,118.051,0
15.61,187.32,117.38,117.445,0
15.71,188.52,116.781,116.845,0
15.81,189.72,116.188,116.252,0
15.91,190.92,115.602,115.665,0
16.01,192.12,115.022,115.085,0
16.11,193.32,114.449,114.511,0
16.21,194.52,113.882,113.944,0
16.31,195.72,113.321,113.383,0
16.41,196.92,112.766,112.827,0
16.51,198.12,112.217,112.278,0
16.61,199.32,111.674,111.735,0
16.71,200.52,111.137,111.197,0
16.81,201.72,110.605,110.665,0
16.91,202.92,110.079,110.139,0
17.01,204.12,109.559,109.618,0
17.11,205.32,109.044,109.103,0
17.21,206.52,108.534,108.593,0
17.31,207.72,108.03,108.088,0
17.41,208.92,107.53,107.589,0
17.51,210.12,107.036,107.094,0
17.61,211.32,106.547,106.604,0
17.71,212.52,106.062,106.12,0
17.81,213.72,105.583,105.64,0
17.91,214.92,105.108,105.165,0
18.01,216.12,104.638,104.694,0
18.11,217.32,104.173,104.229,0
18.21,218.52,103.712,103.768,0
18.31,219.72,103.255,103.311,0
18.41,220.92,102.803,102.859,0
18.51,222.12,102.356,102.411,0
18.61,223.32,101.913,101.967,0
18.71,224.52,101.474,101.528,0
18.81,225.72,101.039,101.092,0
18.91,226.92,100.608,100.661,0
19.01,228.12,100.181,100.234,0
19.11,229.32,99.7585,99.8114,0
19.21,230.52,99.3398,99.3923,0
19.31,231.72,98.9249,98.977,0
19.41,232.92,98.5138,98.5656,0
19.51,234.12,98.1064,98.158,0
19.61,235.32,97.7028,97.7541,0
19.71,236.52,97.3029,97.3538,0
19.81,237.72,96.9066,96.9572,0
19.91,238.92,96.5138,96.5641,0
20.01,240.12,96.1245,96.1745,0
20.11,241.32,95.7387,95.7885,0
20.21,242.52,95.3564,95.4059,0
20.31,243.72,94.9774,95.0267,0
20.41,244.92,94.6017,94.6509,0
20.51,246.12,94.2293,94.2783,0
20.61,247.32,93.8602,93.909,0
20.71,248.52,93.4942,93.5428,0
20.81,249.72,93.1315,93.1799,0
20.91,250.92,92.7718,92.82,0
21.01,252.12,92.4152,92.4632,0
21.11,253.32,92.0616,92.1095,0
21.21,254.52,91.711,91.7587,0
21.31,255.72,91.3634,91.4109,0
21.41,256.92,91.0187,91.066,0
21.51,258.12,90.6769,90.724,0
21.61,259.32,90.3379,90.3849,0
21.71,260.52,90.0018,90.0485,0
21.81,261.72,89.6684,89.7149,0
21.91,262.92,89.3377,89.3841,0
22.01,264.12,89.0098,89.056,0
22.11,265.32,88.6845,88.7305,0
22.21,266.52,88.3619,88.4077,0
22.31,267.72,88.0418,88.0875,0
22.41,268.92,87.7244,87.7698,0
22.51,270.12,87.4094,87.4547,0
22.61,271.32,87.097,87.1422,0
22.71,272.52,86.7871,86.832,0
22.81,273.72,86.4796,86.5244,0
22.91,274.92,86.1746,86.2192,0
23.01,276.12,85.8719,85.9163,0
23.11,277.32,85.5716,85.6158,0
23.21,278.52,85.2736,85.3177,0
23.31,279.72,84.9779,85.0218,0
23.41,280.92,84.6846,84.7283,0
23.51,282.12,84.3934,84.4369,0
23.61,283.32,84.1045,84.1479,0
23.71,284.52,83.8178,83.861,0
23.81,285.72,83.5331,83.5761,0
23.91,286.92,83.2506,83.2934,0
24.01,288.12,82.9701,83.0128,0
24.11,289.32,82.6918,82.7343,0
24.21,290.52,82.4156,82.4579,0
24.31,291.72,82.1414,82.1835,0
24.41,292.92,81.8692,81.9112,0
24.51,294.12,81.5991,81.6409,0
24.61,295.32,81.3309,81.3725,0
24.71,296.52,81.0648,81.1062,0
24.81,297.72,80.8005,80.8417,0
24.91,298.92,80.5382,80.5793,0
25.01,300.12,80.2778,80.3187,0
25.11,301.32,80.0192,80.06,0
25.21,302.52,79.7626,79.8031,0
25.31,303.72,79.5077,79.5481,0
25.41,304.92,79.2547,79.295,0
25.51,306.12,79.0035,79.0436,0
25.61,307.32,78.754,78.794,0
25.71,308.52,78.5064,78.5462,0
25.81,309.72,78.2604,78.3001,0
25.91,310.92,78.0162,78.0557,0
26.01,312.12,77.7737,77.813,0
26.11,313.32,77.5329,77.5721,0
26.21,314.52,77.2937,77.3328,0
26.31,315.72,77.0562,77.0951,0
26.41,316.92,76.8204,76.8591,0
26.51,318.12,76.5861,76.6247,0
26.61,319.32,76.3535,76.3919,0
26.71,320.52,76.1224,76.1606,0
26.81,321.72,75.8929,75.931,0
26.91,322.92,75.6649,75.7029,0
27.01,324.12,75.4385,75.4764,0
27.11,325.32,75.2136,75.2513,0
27.21,326.52,74.9902,75.0278,0
27.31,327.72,74.7683,74.8058,0
27.41,328.92,74.5479,74.5853,0
27.51,330.12,74.3289,74.3662,0
27.61,331.32,74.1114,74.1485,0
27.71,332.52,73.8953,73.9323,0
27.81,333.72,73.6806,73.7175,0
27.91,334.92,73.4673,73.5041,0
28.01,336.12,73.2554,73.2921,0
28.11,337.32,73.0449,73.0814,0
28.21,338.52,72.8357,72.8721,0
28.31,339.72,72.6279,72.6642,0
28.41,340.92,72.4214,72.4576,0
28.51,342.12,72.2162,72.2523,0
28.61,343.32,72.0124,72.0483,0
28.71,344.52,71.8098,71.8457,0
28.81,345.72,71.6085,71.6443,0
28.91,346.92,71.4085,71.4441,0
29.01,348.12,71.2097,71.2453,0
29.11,349.32,71.0122,71.0476,0
29.21,350.52,70.8159,70.8512,0
29.31,351.72,70.6209,70.656,0
29.41,352.92,70.427,70.4621,0
29.51,354.12,70.2344,70.2693,0
29.61,355.32,70.0429,70.0777,0
29.71,356.52,69.8526,69.8873,0
29.81,357.72,69.6635,69.6981,0
29.91,358.92,69.4755,69.51,0
30.01,360.12,69.2887,69.3231,0
30.11,361.32,69.103,69.1373,0
30.21,362.52,68.9184,68.9526,0
30.31,363.72,68.735,68.7691,0
30.41,364.92,68.5526,68.5866,0
30.51,366.12,68.3713,68.4052,0
30.61,367.32,68.1911,68.225,0
30.71,368.52,68.012,68.0457,0
30.81,369.72,67.834,67.8676,0
30.91,370.92,67.657,67.6905,0
31.01,372.12,67.481,67.5144,0
31.11,373.32,67.3061,67.3394,0
31.21,374.52,67.1322,67.1654,0
31.31,375.72,66.9593,66.9924,0
31.41,376.92,66.7874,66.8204,0
31.51,378.12,66.6165,66.6494,0
31.61,379.32,66.4466,66.4794,0
31.71,380.52,66.2777,66.3104,0
31.81,381.72,66.1097,66.1424,0
31.91,382.92,65.9427,65.9753,0
32.01,384.12,65.7767,65.8092,0
32.11,385.32,65.6116,65.644,0
32.21,386.52,65.4475,65.4797,0
32.31,387.72,65.2843,65.3164,0
32.41,388.92,65.122,65.154,0
32.51,390.12,64.9606,64.9925,0
32.61,391.32,64.8001,64.8319,0
32.71,392.52,64.6405,64.6723,0
32.81,393.72,64.4818,64.5135,0
32.91,394.92,64.324,64.3555,0
33.01,396.12,64.167,64.1985,0
33.11,397.32,64.011,64.0423,0
33.21,398.52,63.8557,63.887,0
33.31,399.72,63.7014,63.7325,0
33.41,400.92,63.5479,63.5789,0
33.51,402.12,63.3952,63.4261,0
33.61,403.32,63.2433,63.2742,0
33.71,404.52,63.0923,63.1231,0
33.81,405.72,62.9421,62.9728,0
33.91,406.92,62.7927,62.8233,0
34.01,408.12,62.6441,62.6747,0
34.11,409.32,62.4963,62.5268,0
34.21,410.52,62.3493,62.3797,0
34.31,411.72,62.2031,62.2335,0
34.41,412.92,62.0577,62.0879,0
34.51,414.12,61.913,61.9432,0
34.61,415.32,61.7691,61.7992,0
34.71,416.52,61.6259,61.656,0
34.81,417.72,61.4836,61.5135,0
34.91,418.92,61.3419,61.3718,0
35.01,420.12,61.201,61.2308,0
35.11,421.32,61.0608,61.0906,0
35.21,422.52,60.9214,60.9511,0
35.31,423.72,60.7827,60.8123,0
35.41,424.92,60.6447,60.6742,0
35.51,426.12,60.5074,60.5368,0
35.61,427.32,60.3708,60.4002,0
35.71,428.52,60.2349,60.2642,0
35.81,429.72,60.0997,60.0997,0
35.91,430.92,59.9652,59.9652,0
36.01,432.12,59.8314,59.8314,0
36.11,433.32,59.6982,59.6982,0
36.21,434.52,59.5658,59.5658,0
36.31,435.72,59.434,59.434,0
36.41,436.92,59.3028,59.3028,0
36.51,438.12,59.1723,59.1723,0
36.61,439.32,59.0425,59.0425,0
36.71,440.52,58.9133,58.9133,0
36.81,441.72,58.7848,58.7848,0
36.91,442.92,58.6569,58.6569,0
37.01,444.12,58.5296,58.5296,0
37.11,445.32,58.403,58.403,0
37.21,446.52,58.2769,58.2769,0
37.31,447.72,58.1515,58.1515,0
37.41,448.92,58.0267,58.0267,0
37.51,450.12,57.9026,57.9026,0
37.61,451.32,57.779,57.779,0
37.71,452.52,57.656,57.656,0
37.81,453.72,57.5336,57.5336,0
37.91,454.92,57.4118,57.4118,0
38.01,456.12,57.2906,57.2906,0
38.11,457.32,57.17,57.17,0
38.21,458.52,57.05,57.05,0
38.31,459.72,56.9305,56.9305,0
38.41,460.92,56.8116,56.8116,0
38.51,462.12,56.6933,56.6933,0
38.61,463.32,56.5755,56.5755,0
38.71,464.52,56.4583,56.4583,0
38.81,465.72,56.3416,56.3416,0
38.91,466.92,56.2255,56.2255,0
39.01,468.12,56.11,56.11,0
39.11,469.32,55.9949,55.9949,0
39.21,470.52,55.8805,55.8805,0
39.31,471.72,55.7665,55.7665,0
39.41,472.92,55.6531,55.6531,0
39.51,474.12,55.5402,55.5402,0
39.61,475.32,55.4278,55.4278,0
39.71,476.52,55.316,55.316,0
39.81,477.72,55.2046,55.2046,0
39.91,478.92,55.0938,55.0938,0
40.01,480.12,54.9835,54.9835,0
40.11,481.32,54.8737,54.8737,0
40.21,482.52,54.7643,54.7643,0
40.31,483.72,54.6555,54.6555,0
40.41,484.92,54.5472,54.5472,0
40.51,486.12,54.4394,54.4394,0
40.61,487.32,54.332,54.332,0
40.71,488.52,54.2252,54.2252,0
40.81,489.72,54.1188,54.1188,0
40.91,490.92,54.0129,54.0129,0
41.01,492.12,53.9075,53.9075,0
41.11,493.32,53.8025,53.8025,0
41.21,494.52,53.698,53.698,0
41.31,495.72,53.594,53.594,0
41.41,496.92,53.4905,53.4905,0
41.51,498.12,53.3874,53.3874,0
41.61,499.32,53.2847,53.2847,0
41.71,500.52,53.1825,53.1825,0
41.81,501.72,53.0808,53.0808,0
41.91,502.92,52.9795,52.9795,0
42.01,504.12,52.8786,52.8786,0
42.11,505.32,52.7782,52.7782,0
42.21,506.52,52.6782,52.6782,0
42.31,507.72,52.5787,52.5787,0
42.41,508.92,52.4796,52.4796,0
42.51,510.12,52.3809,52.3809,0
42.61,511.32,52.2827,52.2827,0
42.71,512.52,52.1848,52.1848,0
42.81,513.72,52.0874,52.0874,0
42.91,514.92,51.9904,51.9904,0
43.01,516.12,51.8939,51.8939,0
43.11,517.32,51.7977,51.7977,0
43.21,518.52,51.7019,51.7019,0
43.31,519.72,51.6066,51.6066,0
43.41,520.92,51.5117,51.5117,0
43.51,522.12,51.4171,51.4171,0
43.61,523.32,51.323,51.323,0
43.71,524.52,51.2292,51.2292,0
43.81,525.72,51.1359,51.1359,0
43.91,526.92,51.0429,51.0429,0
44.01,528.12,50.9504,50.9504,0
44.11,529.32,50.8582,50.8582,0
44.21,530.52,50.7664,50.7664,0
44.31,531.72,50.675,50.675,0
44.41,532.92,50.5839,50.5839,0
44.51,534.12,50.4933,50.4933,0
44.61,535.32,50.403,50.403,0
44.71,536.52,50.3131,50.3131,0
44.81,537.72,50.2236,50.2236,0
44.91,538.92,50.1344,50.1344,0
45.01,540.12,50.0456,50.0456,0
45.11,541.32,49.9571,49.9571,0
45.21,542.52,49.8691,49.8691,0
45.31,543.72,49.7813,49.7813,0
45.41,544.92,49.694,49.694,0
45.51,546.12,49.607,49.607,0
45.61,547.32,49.5203,49.5203,0
45.71,548.52,49.434,49.434,0
45.81,549.72,49.348,49.348,0
45.91,550.92,49.2624,49.2624,0
46.01,552.12,49.1771,49.1771,0
46.11,553.32,49.0922,49.0922,0
46.21,554.52,49.0076,49.0076,0
46.31,555.72,48.9234,48.9234,0
46.41,556.92,48.8395,48.8395,0
46.51,558.12,48.7559,48.7559,0
46.61,559.32,48.6726,48.6726,0
46.71,560.52,48.5897,48.5897,0
46.81,561.72,48.5071,48.5071,0
46.91,562.92,48.4248,48.4248,0
47.01,564.12,48.3429,48.3429,0
47.11,565.32,48.2613,48.2613,0
47.21,566.52,48.18,48.18,0
47.31,567.72,48.099,48.099,0
47.41,568.92,48.0183,48.0183,0
47.51,570.12,47.9379,47.9379,0
47.61,571.32,47.8579,47.8579,0
47.71,572.52,47.7782,47.7782,0
47.81,573.72,47.6987,47.6987,0
47.91,574.92,47.6196,47.6196,0
48.01,576.12,47.5408,47.5408,0
48.11,577.32,47.4623,47.4623,0
48.21,578.52,47.3841,47.3841,0
48.31,579.72,47.3062,47.3062,0
48.41,580.92,47.2286,47.2286,0
48.51,582.12,47.1512,47.1512,0
48.61,583.32,47.0742,47.0742,0
48.71,584.52,46.9975,46.9975,0
48.81,585.72,46.9211,46.9211,0
48.91,586.92,46.8449,46.8449,0
49.01,588.12,46.769,46.769,0
49.11,589.32,46.6935,46.6935,0
49.21,590.52,46.6182,46.6182,0
49.31,591.72,46.5432,46.5432,0
49.41,592.92,46.4685,46.4685,0
49.51,594.12,46.394,46.394,0
49.61,595.32,46.3198,46.3198,0
49.71,596.52,46.2459,46.2459,0
49.81,597.72,46.1723,46.1723,0
49.91,598.92,46.099,46.099,0
50.01,600.12,46.0259,46.0259,0
50.11,601.32,45.9531,45.9531,0
50.21,602.52,45.8806,45.8806,0
50.31,603.72,45.8083,45.8083,0
50.41,604.92,45.7363,45.7363,0
50.51,606.12,45.6646,45.6646,0
50.61,607.32,45.5931,45.5931,0
50.71,608.52,45.5219,45.5219,0
50.81,609.72,45.4509,45.4509,0
50.91,610.92,45.3803,45.3803,0
51.01,612.12,45.3098,45.3098,0
51.11,613.32,45.2396,45.2396,0
51.21,614.52,45.1697,45.1697,0
51.31,615.72,45.1,45.1,0
51.41,616.92,45.0306,45.0306,0
51.51,618.12,44.9614,44.9614,0
51.61,619.32,44.8925,44.8925,0
51.71,620.52,44.8238,44.8238,0
51.81,621.72,44.7554,44.7554,0
51.91,622.92,44.6872,44.6872,0
52.01,624.12,44.6193,44.6193,0
52.11,625.32,44.5516,44.5516,0
52.21,626.52,44.4841,44.4841,0
52.31,627.72,44.4169,44.4169,0
52.41,628.92,44.3499,44.3499,0
52.51,630.12,44.2831,44.2831,0
52.61,631.32,44.2166,44.2166,0
52.71,632.52,44.1503,44.1503,0
52.81,633.72,44.0843,44.0843,0
52.91,634.92,44.0185,44.0185,0
53.01,636.12,43.9529,43.9529,0
53.11,637.32,43.8875,43.8875,0
53.21,638.52,43.8224,43.8224,0
53.31,639.72,43.7575,43.7575,0
53.41,640.92,43.6928,43.6928,0
53.51,642.12,43.6284,43.6284,0
53.61,643.32,43.5642,43.5642,0
53.71,644.52,43.5001,43.5001,0
53.81,645.72,43.4364,43.4364,0
53.91,646.92,43.3728,43.3728,0
54.01,648.12,43.3094,43.3094,0
54.11,649.32,43.2463,43.2463,0
54.21,650.52,43.1834,43.1834,0
54.31,651.72,43.1207,43.1207,0
54.41,652.92,43.0582,43.0582,0
54.51,654.12,42.9959,42.9959,0
54.61,655.32,42.9339,42.9339,0
54.71,656.52,42.872,42.872,0
54.81,657.72,42.8104,42.8104,0
54.91,658.92,42.7489,42.7489,0
55.01,660.12,42.6877,42.6877,0
55.11,661.32,42.6267,42.6267,0
55.21,662.52,42.5659,42.5659,0
55.31,663.72,42.5052,42.5052,0
55.41,664.92,42.4448,42.4448,0
55.51,666.12,42.3846,42.3846,0
55.61,667.32,42.3246,42.3246,0
55.71,668.52,42.2648,42.2648,0
55.81,669.72,42.2052,42.2052,0
55.91,670.92,42.1458,42.1458,0
56.01,672.12,42.0866,42.0866,0
56.11,673.32,42.0276,42.0276,0
56.21,674.52,41.9687,41.9687,0
56.31,675.72,41.9101,41.9101,0
56.41,676.92,41.8517,41.8517,0
56.51,678.12,41.7934,41.7934,0
56.61,679.32,41.7354,41.7354,0
56.71,680.52,41.6775,41.6775,0
56.81,681.72,41.6198,41.6198,0
56.91,682.92,41.5623,41.5623,0
57.01,684.12,41.505,41.505,0
57.11,685.32,41.4479,41.4479,0
57.21,686.52,41.391,41.391,0
57.31,687.72,41.3343,41.3343,0
57.41,688.92,41.2777,41.2777,0
57.51,690.12,41.2213,41.2213,0
57.61,691.32,41.1651,41.1651,0
57.71,692.52,41.1091,41.1091,0
57.81,693.72,41.0533,41.0533,0
57.91,694.92,40.9976,40.9976,0
58.01,696.12,40.9421,40.9421,0
58.11,697.32,40.8868,40.8868,0
58.21,698.52,40.8317,40.8317,0
58.31,699.72,40.7768,40.7768,0
58.41,700.92,40.722,40.722,0
58.51,702.12,40.6674,40.6674,0
58.61,703.32,40.6129,40.6129,0
58.71,704.52,40.5587,40.5587,0
58.81,705.72,40.5046,40.5046,0
58.91,706.92,40.4507,40.4507,0
59.01,708.12,40.397,40.397,0
59.11,709.32,40.3434,40.3434,0
59.21,710.52,40.29,40.29,0
59.31,711.72,40.2367,40.2367,0
59.41,712.92,40.1837,40.1837,0
59.51,714.12,40.1307,40.1307,0
59.61,715.32,40.078,40.078,0
59.71,716.52,40.0254,40.0254,0
59.81,717.72,39.973,39.973,0
59.91,718.92,39.9208,39.9208,0
60.01,720.12,39.8687,39.8687,0
60.11,721.32,39.8167,39.8167,0
60.21,722.52,39.765,39.765,0
60.31,723.72,39.7133,39.7133,0
60.41,724.92,39.6619,39.6619,0
60.51,726.12,39.6106,39.6106,0
60.61,727.32,39.5595,39.5595,0
60.71,728.52,39.5085,39.5085,0
60.81,729.72,39.4577,39.4577,0
60.91,730.92,39.407,39.407,0
61.01,732.12,39.3565,39.3565,0
61.11,733.32,39.3061,39.3061,0
61.21,734.52,39.2559,39.2559,0
61.31,735.72,39.2058,39.2058,0
61.41,736.92,39.1559,39.1559,0
61.51,738.12,39.1062,39.1062,0
61.61,739.32,39.0566,39.0566,0
61.71,740.52,39.0071,39.0071,0
61.81,741.72,38.9578,38.9578,0
61.91,742.92,38.9087,38.9087,0
62.01,744.12,38.8596,38.8596,0
62.11,745.32,38.8108,38.8108,0
62.21,746.52,38.7621,38.7621,0
62.31,747.72,38.7135,38.7135,0
62.41,748.92,38.6651,38.6651,0
62.51,750.12,38.6168,38.6168,0
62.61,751.32,38.5686,38.5686,0
62.71,752.52,38.5206,38.5206,0
62.81,753.72,38.4728,38.4728,0
62.91,754.92,38.4251,38.4251,0
63.01,756.12,38.3775,38.3775,0
63.11,757.32,38.33,38.33,0
63.21,758.52,38.2827,38.2827,0
63.31,759.72,38.2356,38.2356,0
63.41,760.92,38.1886,38.1886,0
63.51,762.12,38.1417,38.1417,0
63.61,763.32,38.0949,38.0949,0
63.71,764.52,38.0483,38.0483,0
63.81,765.72,38.0019,38.0019,0
63.91,766.92,37.9555,37.9555,0
64.01,768.12,37.9093,37.9093,0
64.11,769.32,37.8633,37.8633,0
64.21,770.52,37.8173,37.8173,0
64.31,771.72,37.7715,37.7715,0
64.41,772.92,37.7259,37.7259,0
64.51,774.12,37.6803,37.6803,0
64.61,775.32,37.6349,37.6349,0
64.71,776.52,37.5896,37.5896,0
64.81,777.72,37.5445,37.5445,0
64.91,778.92,37.4995,37.4995,0
65.01,780.12,37.4546,37.4546,0
65.11,781.32,37.4098,37.4098,0
65.21,782.52,37.3652,37.3652,0
65.31,783.72,37.3207,37.3207,0
65.41,784.92,37.2763,37.2763,0
65.51,786.12,37.2321,37.2321,0
65.61,787.32,37.188,37.188,0
65.71,788.52,37.144,37.144,0
65.81,789.72,37.1001,37.1001,0
65.91,790.92,37.0563,37.0563,0
66.01,792.12,37.0127,37.0127,0
66.11,793.32,36.9692,36.9692,0
66.21,794.52,36.9258,36.9258,0
66.31,795.72,36.8826,36.8826,0
66.41,796.92,36.8394,36.8394,0
66.51,798.12,36.7964,36.7964,0
66.61,799.32,36.7535,36.7535,0
66.71,800.52,36.7107,36.7107,0
66.81,801.72,36.6681,36.6681,0
66.91,802.92,36.6255,36.6255,0
67.01,804.12,36.5831,36.5831,0
67.11,805.32,36.5408,36.5408,0
67.21,806.52,36.4986,36.4986,0
67.31,807.72,36.4565,36.4565,0
67.41,808.92,36.4146,36.4146,0
67.51,810.12,36.3728,36.3728,0
67.61,811.32,36.331,36.331,0
67.71,812.52,36.2894,36.2894,0
67.81,813.72,36.2479,36.2479,0
67.91,814.92,36.2066,36.2066,0
68.01,816.12,36.1653,36.1653,0
68.11,817.32,36.1241,36.1241,0
68.21,818.52,36.0831,36.0831,0
68.31,819.72,36.0422,36.0422,0
68.41,820.92,36.0014,36.0014,0
68.51,822.12,35.9606,35.9606,0
68.61,823.32,35.9201,35.9201,0
68.71,824.52,35.8796,35.8796,0
68.81,825.72,35.8392,35.8392,0
68.91,826.92,35.7989,35.7989,0
69.01,828.12,35.7588,35.7588,0
69.11,829.32,35.7187,35.7187,0
69.21,830.52,35.6788,35.6788,0
69.31,831.72,35.639,35.639,0
69.41,832.92,35.5992,35.5992,0
69.51,834.12,35.5596,35.5596,0
69.61,835.32,35.5201,35.5201,0
69.71,836.52,35.4807,35.4807,0
69.81,837.72,35.4414,35.4414,0
69.91,838.92,35.4022,35.4022,0
70.01,840.12,35.3631,35.3631,0
70.11,841.32,35.3241,35.3241,0
70.21,842.52,35.2852,35.2852,0
70.31,843.72,35.2465,35.2465,0
70.41,844.92,35.2078,35.2078,0
70.51,846.12,35.1692,35.1692,0
70.61,847.32,35.1307,35.1307,0
70.71,848.52,35.0924,35.0924,0
70.81,849.72,35.0541,35.0541,0
70.91,850.92,35.0159,35.0159,0
71.01,852.12,34.9779,34.9779,0
71.11,853.32,34.9399,34.9399,0
71.21,854.52,34.902,34.902,0
71.31,855.72,34.8642,34.8642,0
71.41,856.92,34.8266,34.8266,0
71.51,858.12,34.789,34.789,0
71.61,859.32,34.7515,34.7515,0
71.71,860.52,34.7141,34.7141,0
71.81,861.72,34.6769,34.6769,0
71.91,862.92,34.6397,34.6397,0
72.01,864.12,34.6026,34.6026,0
72.11,865.32,34.5656,34.5656,0
72.21,866.52,34.5287,34.5287,0
72.31,867.72,34.4919,34.4919,0
72.41,868.92,34.4552,34.4552,0
72.51,870.12,34.4186,34.4186,0
72.61,871.32,34.3821,34.3821,0
72.71,872.52,34.3457,34.3457,0
72.81,873.72,34.3094,34.3094,0
72.91,874.92,34.2731,34.2731,0
73.01,876.12,34.237,34.237,0
73.11,877.32,34.2009,34.2009,0
73.21,878.52,34.165,34.165,0
73.31,879.72,34.1291,34.1291,0
73.41,880.92,34.0934,34.0934,0
73.51,882.12,34.0577,34.0577,0
73.61,883.32,34.0221,34.0221,0
73.71,884.52,33.9866,33.9866,0
73.81,885.72,33.9512,33.9512,0
73.91,886.92,33.9159,33.9159,0
74.01,888.12,33.8806,33.8806,0
74.11,889.32,33.8455,33.8455,0
74.21,890.52,33.8104,33.8104,0
74.31,891.72,33.7755,33.7755,0
74.41,892.92,33.7406,33.7406,0
74.51,894.12,33.7058,33.7058,0
74.61,895.32,33.6711,33.6711,0
74.71,896.52,33.6365,33.6365,0
74.81,897.72,33.6019,33.6019,0
74.91,898.92,33.5675,33.5675,0
75.01,900.12,33.5331,33.5331,0
75.11,901.32,33.4989,33.4989,0
75.21,902.52,33.4647,33.4647,0
75.31,903.72,33.4306,33.4306,0
75.41,904.92,33.3966,33.3966,0
75.51,906.12,33.3626,33.3626,0
75.61,907.32,33.3288,33.3288,0
75.71,908.52,33.295,33.295,0
75.81,909.72,33.2614,33.2614,0
75.91,910.92,33.2278,33.2278,0
76.01,912.12,33.1942,33.1942,0
76.11,913.32,33.1608,33.1608,0
76.21,914.52,33.1275,33.1275,0
76.31,915.72,33.0942,33.0942,0
76.41,916.92,33.061,33.061,0
76.51,918.12,33.0279,33.0279,0
76.61,919.32,32.9949,32.9949,0
76.71,920.52,32.9619,32.9619,0
76.81,921.72,32.9291,32.9291,0
76.91,922.92,32.8963,32.8963,0
77.01,924.12,32.8636,32.8636,0
77.11,925.32,32.831,32.831,0
77.21,926.52,32.7984,32.7984,0
77.31,927.72,32.766,32.766,0
77.41,928.92,32.7336,32.7336,0
77.51,930.12,32.7013,32.7013,0
77.61,931.32,32.669,32.669,0
77.71,932.52,32.6369,32.6369,0
77.81,933.72,32.6048,32.6048,0
77.91,934.92,32.5728,32.5728,0
78.01,936.12,32.5409,32.5409,0
78.11,937.32,32.509,32.509,0
78.21,938.52,32.4773,32.4773,0
78.31,939.72,32.4456,32.4456,0
78.41,940.92,32.414,32.414,0
78.51,942.12,32.3824,32.3824,0
78.61,943.32,32.351,32.351,0
78.71,944.52,32.3196,32.3196,0
78.81,945.72,32.2882,32.2882,0
78.91,946.92,32.257,32.257,0
79.01,948.12,32.2258,32.2258,0
79.11,949.32,32.1947,32.1947,0
79.21,950.52,32.1637,32.1637,0
79.31,951.72,32.1328,32.1328,0
79.41,952.92,32.1019,32.1019,0
79.51,954.12,32.0711,32.0711,0
79.61,955.32,32.0404,32.0404,0
79.71,956.52,32.0097,32.0097,0
79.81,957.72,31.9791,31.9791,0
79.91,958.92,31.9486,31.9486,0
80.01,960.12,31.9182,31.9182,0
80.11,961.32,31.8878,31.8878,0
80.21,962.52,31.8575,31.8575,0
80.31,963.72,31.8273,31.8273,0
80.41,964.92,31.7971,31.7971,0
80.51,966.12,31.7671,31.7671,0
80.61,967.32,31.737,31.737,0
80.71,968.52,31.7071,31.7071,0
80.81,969.72,31.6772,31.6772,0
80.91,970.92,31.6474,31.6474,0
81.01,972.12,31.6177,31.6177,0
81.11,973.32,31.588,31.588,0
81.21,974.52,31.5584,31.5584,0
81.31,975.72,31.5289,31.5289,0
81.41,976.92,31.4994,31.4994,0
81.51,978.12,31.47,31.47,0
81.61,979.32,31.4407,31.4407,0
81.71,980.52,31.4114,31.4114,0
81.81,981.72,31.3822,31.3822,0
81.91,982.92,31.3531,31.3531,0
82.01,984.12,31.324,31.324,0
82.11,985.32,31.295,31.295,0
82.21,986.52,31.2661,31.2661,0
82.31,987.72,31.2372,31.2372,0
82.41,988.92,31.2084,31.2084,0
82.51,990.12,31.1797,31.1797,0
82.61,991.32,31.1511,31.1511,0
82.71,992.52,31.1225,31.1225,0
82.81,993.72,31.0939,31.0939,0
82.91,994.92,31.0654,31.0654,0
83.01,996.12,31.037,31.037,0
83.11,997.32,31.0087,31.0087,0
83.21,998.52,30.9804,30.9804,0
83.31,999.72,30.9522,30.9522,0
83.41,1000.92,30.924,30.924,0
83.51,1002.12,30.896,30.896,0
83.61,1003.32,30.8679,30.8679,0
83.71,1004.52,30.84,30.84,0
83.81,1005.72,30.8121,30.8121,0
83.91,1006.92,30.7842,30.7842,0
84.01,1008.12,30.7565,30.7565,0
84.11,1009.32,30.7287,30.7287,0
84.21,1010.52,30.7011,30.7011,0
84.31,1011.72,30.6735,30.6735,0
84.41,1012.92,30.646,30.646,0
84.51,1014.12,30.6185,30.6185,0
84.61,1015.32,30.5911,30.5911,0
84.71,1016.52,30.5637,30.5637,0
84.81,1017.72,30.5365,30.5365,0
84.91,1018.92,30.5092,30.5092,0
85.01,1020.12,30.4821,30.4821,0
85.11,1021.32,30.455,30.455,0
85.21,1022.52,30.4279,30.4279,0
85.31,1023.72,30.4009,30.4009,0
85.41,1024.92,30.374,30.374,0
85.51,1026.12,30.3471,30.3471,0
85.61,1027.32,30.3203,30.3203,0
85.71,1028.52,30.2936,30.2936,0
85.81,1029.72,30.2669,30.2669,0
85.91,1030.92,30.2402,30.2402,0
86.01,1032.12,30.2137,30.2137,0
86.11,1033.32,30.1871,30.1871,0
86.21,1034.52,30.1607,30.1607,0
86.31,1035.72,30.1343,30.1343,0
86.41,1036.92,30.1079,30.1079,0
86.51,1038.12,30.0816,30.0816,0
86.61,1039.32,30.0554,30.0554,0
86.71,1040.52,30.0292,30.0292,0
86.81,1041.72,30.0031,30.0031,0
86.91,1042.92,29.9771,29.9771,0
87.01,1044.12,29.951,29.951,0
87.11,1045.32,29.9251,29.9251,0
87.21,1046.52,29.8992,29.8992,0
87.31,1047.72,29.8734,29.8734,0
87.41,1048.92,29.8476,29.8476,0
87.51,1050.12,29.8219,29.8219,0
87.61,1051.32,29.7962,29.7962,0
87.71,1052.52,29.7706,29.7706,0
87.81,1053.72,29.745,29.745,0
87.91,1054.92,29.7195,29.7195,0
88.01,1056.12,29.694,29.694,0
88.11,1057.32,29.6686,29.6686,0
88.21,1058.52,29.6433,29.6433,0
88.31,1059.72,29.618,29.618,0
88.41,1060.92,29.5928,29.5928,0
88.51,1062.12,29.5676,29.5676,0
88.61,1063.32,29.5424,29.5424,0
88.71,1064.52,29.5174,29.5174,0
88.81,1065.72,29.4923,29.4923,0
88.91,1066.92,29.4674,29.4674,0
89.01,1068.12,29.4424,29.4424,0
89.11,1069.32,29.4176,29.4176,0
89.21,1070.52,29.3928,29.3928,0
89.31,1071.72,29.368,29.368,0
89.41,1072.92,29.3433,29.3433,0
89.51,1074.12,29.3186,29.3186,0
89.61,1075.32,29.294,29.294,0
89.71,1076.52,29.2695,29.2695,0
89.81,1077.72,29.2449,29.2449,0
89.91,1078.92,29.2205,29.2205,0
90.01,1080.12,29.1961,29.1961,0
90.11,1081.32,29.1717,29.1717,0
90.21,1082.52,29.1474,29.1474,0
90.31,1083.72,29.1232,29.1232,0
90.41,1084.92,29.099,29.099,0
90.51,1086.12,29.0748,29.0748,0
90.61,1087.32,29.0507,29.0507,0
90.71,1088.52,29.0267,29.0267,0
90.81,1089.72,29.0027,29.0027,0
90.91,1090.92,28.9787,28.9787,0
91.01,1092.12,28.9548,28.9548,0
91.11,1093.32,28.931,28.931,0
91.21,1094.52,28.9072,28.9072,0
91.31,1095.72,28.8834,28.8834,0
91.41,1096.92,28.8597,28.8597,0
91.51,1098.12,28.836,28.836,0
91.61,1099.32,28.8124,28.8124,0
91.71,1100.52,28.7889,28.7889,0
91.81,1101.72,28.7653,28.7653,0
91.91,1102.92,28.7419,28.7419,0
92.01,1104.12,28.7185,28.7185,0
92.11,1105.32,28.6951,28.6951,0
92.21,1106.52,28.6718,28.6718,0
92.31,1107.72,28.6485,28.6485,0
92.41,1108.92,28.6253,28.6253,0
92.51,1110.12,28.6021,28.6021,0
92.61,1111.32,28.5789,28.5789,0
92.71,1112.52,28.5559,28.5559,0
92.81,1113.72,28.5328,28.5328,0
92.91,1114.92,28.5098,28.5098,0
93.01,1116.12,28.4869,28.4869,0
93.11,1117.32,28.464,28.464,0
93.21,1118.52,28.4411,28.4411,0
93.31,1119.72,28.4183,28.4183,0
93.41,1120.92,28.3955,28.3955,0
93.51,1122.12,28.3728,28.3728,0
93.61,1123.32,28.3501,28.3501,0
93.71,1124.52,28.3275,28.3275,0
93.81,1125.72,28.3049,28.3049,0
93.91,1126.92,28.2824,28.2824,0
94.01,1128.12,28.2599,28.2599,0
94.11,1129.32,28.2375,28.2375,0
94.21,1130.52,28.2151,28.2151,0
94.31,1131.72,28.1927,28.1927,0
94.41,1132.92,28.1704,28.1704,0
94.51,1134.12,28.1481,28.1481,0
94.61,1135.32,28.1259,28.1259,0
94.71,1136.52,28.1037,28.1037,0
94.81,1137.72,28.0816,28.0816,0
94.91,1138.92,28.0595,28.0595,0
95.01,1140.12,28.0374,28.0374,0
95.11,1141.32,28.0154,28.0154,0
95.21,1142.52,27.9934,27.9934,0
95.31,1143.72,27.9715,27.9715,0
95.41,1144.92,27.9496,27.9496,0
95.51,1146.12,27.9278,27.9278,0
95.61,1147.32,27.906,27.906,0
95.71,1148.52,27.8843,27.8843,0
95.81,1149.72,27.8626,27.8626,0
95.91,1150.92,27.8409,27.8409,0
96.01,1152.12,27.8193,27.8193,0
96.11,1153.32,27.7977,27.7977,0
96.21,1154.52,27.7762,27.7762,0
96.31,1155.72,27.7547,27.7547,0
96.41,1156.92,27.7332,27.7332,0
96.51,1158.12,27.7118,27.7118,0
96.61,1159.32,27.6904,27.6904,0
96.71,1160.52,27.6691,27.6691,0
96.81,1161.72,27.6478,27.6478,0
96.91,1162.92,27.6266,27.6266,0
97.01,1164.12,27.6054,27.6054,0
97.11,1165.32,27.5842,27.5842,0
97.21,1166.52,27.5631,27.5631,0
97.31,1167.72,27.542,27.542,0
97.41,1168.92,27.5209,27.5209,0
97.51,1170.12,27.4999,27.4999,0
97.61,1171.32,27.479,27.479,0
97.71,1172.52,27.4581,27.4581,0
97.81,1173.72,27.4372,27.4372,0
97.91,1174.92,27.4163,27.4163,0
98.01,1176.12,27.3955,27.3955,0
98.11,1177.32,27.3748,27.3748,0
98.21,1178.52,27.354,27.354,0
98.31,1179.72,27.3334,27.3334,0
98.41,1180.92,27.3127,27.3127,0
98.51,1182.12,27.2921,27.2921,0
98.61,1183.32,27.2716,27.2716,0
98.71,1184.52,27.251,27.251,0
98.81,1185.72,27.2305,27.2305,0
98.91,1186.92,27.2101,27.2101,0
99.01,1188.12,27.1897,27.1897,0
99.11,1189.32,27.1693,27.1693,0
99.21,1190.52,27.149,27.149,0
99.31,1191.72,27.1287,27.1287,0
99.41,1192.92,27.1084,27.1084,0
99.51,1194.12,27.0882,27.0882,0
99.61,1195.32,27.068,27.068,0
99.71,1196.52,27.0479,27.0479,0
99.81,1197.72,27.0278,27.0278,0
99.91,1198.92,27.0077,27.0077,0
100.01,1200.12,26.9877,26.9877,0
100.11,1201.32,26.9677,26.9677,0
100.21,1202.52,26.9477,26.9477,0
100.31,1203.72,26.9278,26.9278,0
100.41,1204.92,26.908,26.908,0
100.51,1206.12,26.8881,26.8881,0
100.61,1207.32,26.8683,26.8683,0
100.71,1208.52,26.8485,26.8485,0
100.81,1209.72,26.8288,26.8288,0
100.91,1210.92,26.8091,26.8091,0
101.01,1212.12,26.7895,26.7895,0
101.11,1213.32,26.7698,26.7698,0
101.21,1214.52,26.7502,26.7502,0
101.31,1215.72,26.7307,26.7307,0
101.41,1216.92,26.7112,26.7112,0
101.51,1218.12,26.6917,26.6917,0
101.61,1219.32,26.6723,26.6723,0
101.71,1220.52,26.6529,26.6529,0
101.81,1221.72,26.6335,26.6335,0
101.91,1222.92,26.6142,26.6142,0
102.01,1224.12,26.5949,26.5949,0
102.11,1225.32,26.5756,26.5756,0
102.21,1226.52,26.5564,26.5564,0
102.31,1227.72,26.5372,26.5372,0
102.41,1228.92,26.518,26.518,0
102.51,1230.12,26.4989,26.4989,0
102.61,1231.32,26.4798,26.4798,0
102.71,1232.52,26.4608,26.4608,0
102.81,1233.72,26.4417,26.4417,0
102.91,1234.92,26.4228,26.4228,0
103.01,1236.12,26.4038,26.4038,0
103.11,1237.32,26.3849,26.3849,0
103.21,1238.52,26.366,26.366,0
103.31,1239.72,26.3472,26.3472,0
103.41,1240.92,26.3284,26.3284,0
103.51,1242.12,26.3096,26.3096,0
103.61,1243.32,26.2908,26.2908,0
103.71,1244.52,26.2721,26.2721,0
103.81,1245.72,26.2535,26.2535,0
103.91,1246.92,26.2348,26.2348,0
104.01,1248.12,26.2162,26.2162,0
104.11,1249.32,26.1976,26.1976,0
104.21,1250.52,26.1791,26.1791,0
104.31,1251.72,26.1606,26.1606,0
104.41,1252.92,26.1421,26.1421,0
104.51,1254.12,26.1237,26.1237,0
104.61,1255.32,26.1053,26.1053,0
104.71,1256.52,26.0869,26.0869,0
104.81,1257.72,26.0686,26.0686,0
104.91,1258.92,26.0502,26.0502,0
105.01,1260.12,26.032,26.032,0
105.11,1261.32,26.0137,26.0137,0
105.21,1262.52,25.9955,25.9955,0
105.31,1263.72,25.9773,25.9773,0
105.41,1264.92,25.9592,25.9592,0
105.51,1266.12,25.9411,25.9411,0
105.61,1267.32,25.923,25.923,0
105.71,1268.52,25.905,25.905,0
105.81,1269.72,25.8869,25.8869,0
105.91,1270.92,25.8689,25.8689,0
106.01,1272.12,25.851,25.851,0
106.11,1273.32,25.8331,25.8331,0
106.21,1274.52,25.8152,25.8152,0
106.31,1275.72,25.7973,25.7973,0
106.41,1276.92,25.7795,25.7795,0
106.51,1278.12,25.7617,25.7617,0
106.61,1279.32,25.7439,25.7439,0
106.71,1280.52,25.7262,25.7262,0
106.81,1281.72,25.7085,25.7085,0
106.91,1282.92,25.6908,25.6908,0
107.01,1284.12,25.6732,25.6732,0
107.11,1285.32,25.6556,25.6556,0
107.21,1286.52,25.638,25.638,0
107.31,1287.72,25.6205,25.6205,0
107.41,1288.92,25.603,25.603,0
107.51,1290.12,25.5855,25.5855,0
107.61,1291.32,25.568,25.568,0
107.71,1292.52,25.5506,25.5506,0
107.81,1293.72,25.5332,25.5332,0
107.91,1294.92,25.5158,25.5158,0
108.01,1296.12,25.4985,25.4985,0
108.11,1297.32,25.4812,25.4812,0
108.21,1298.52,25.4639,25.4639,0
108.31,1299.72,25.4467,25.4467,0
108.41,1300.92,25.4295,25.4295,0
108.51,1302.12,25.4123,25.4123,0
108.61,1303.32,25.3952,25.3952,0
108.71,1304.52,25.378,25.378,0
108.81,1305.72,25.3609,25.3609,0
108.91,1306.92,25.3439,25.3439,0
109.01,1308.12,25.3268,25.3268,0
109.11,1309.32,25.3098,25.3098,0
109.21,1310.52,25.2929,25.2929,0
109.31,1311.72,25.2759,25.2759,0
109.41,1312.92,25.259,25.259,0
109.51,1314.12,25.2421,25.2421,0
109.61,1315.32,25.2253,25.2253,0
109.71,1316.52,25.2084,25.2084,0
109.81,1317.72,25.1916,25.1916,0
109.91,1318.92,25.1749,25.1749,0
110.01,1320.12,25.1581,25.1581,0
110.11,1321.32,25.1414,25.1414,0
110.21,1322.52,25.1247,25.1247,0
110.31,1323.72,25.1081,25.1081,0
110.41,1324.92,25.0914,25.0914,0
110.51,1326.12,25.0748,25.0748,0
110.61,1327.32,25.0583,25.0583,0
110.71,1328.52,25.0417,25.0417,0
110.81,1329.72,25.0252,25.0252,0
110.91,1330.92,25.0087,25.0087,0
111.01,1332.12,24.9923,24.9923,0
111.11,1333.32,24.9758,24.9758,0
111.21,1334.52,24.9594,24.9594,0
111.31,1335.72,24.943,24.943,0
111.41,1336.92,24.9267,24.9267,0
111.51,1338.12,24.9104,24.9104,0
111.61,1339.32,24.8941,24.8941,0
111.71,1340.52,24.8778,24.8778,0
111.81,1341.72,24.8616,24.8616,0
111.91,1342.92,24.8454,24.8454,0
112.01,1344.12,24.8292,24.8292,0
112.11,1345.32,24.813,24.813,0
112.21,1346.52,24.7969,24.7969,0
112.31,1347.72,24.7808,24.7808,0
112.41,1348.92,24.7647,24.7647,0
112.51,1350.12,24.7487,24.7487,0
112.61,1351.32,24.7327,24.7327,0
112.71,1352.52,24.7167,24.7167,0
112.81,1353.72,24.7007,24.7007,0
112.91,1354.92,24.6848,24.6848,0
113.01,1356.12,24.6688,24.6688,0
113.11,1357.32,24.653,24.653,0
113.21,1358.52,24.6371,24.6371,0
113.31,1359.72,24.6213,24.6213,0
113.41,1360.92,24.6055,24.6055,0
113.51,1362.12,24.5897,24.5897,0
113.61,1363.32,24.5739,24.5739,0
113.71,1364.52,24.5582,24.5582,0
113.81,1365.72,24.5425,24.5425,0
113.91,1366.92,24.5268,24.5268,0
114.01,1368.12,24.5112,24.5112,0
114.11,1369.32,24.4955,24.4955,0
114.21,1370.52,24.4799,24.4799,0
114.31,1371.72,24.4644,24.4644,0
114.41,1372.92,24.4488,24.4488,0
114.51,1374.12,24.4333,24.4333,0
114.61,1375.32,24.4178,24.4178,0
114.71,1376.52,24.4023,24.4023,0
114.81,1377.72,24.3869,24.3869,0
114.91,1378.92,24.3715,24.3715,0
115.01,1380.12,24.3561,24.3561,0
115.11,1381.32,24.3407,24.3407,0
115.21,1382.52,24.3254,24.3254,0
115.31,1383.72,24.31,24.31,0
115.41,1384.92,24.2948,24.2948,0
115.51,1386.12,24.2795,24.2795,0
115.61,1387.32,24.2642,24.2642,0
115.71,1388.52,24.249,24.249,0
115.81,1389.72,24.2338,24.2338,0
115.91,1390.92,24.2187,24.2187,0
116.01,1392.12,24.2035,24.2035,0
116.11,1393.32,24.1884,24.1884,0
116.21,1394.52,24.1733,24.1733,0
116.31,1395.72,24.1582,24.1582,0
116.41,1396.92,24.1432,24.1432,0
116.51,1398.12,24.1282,24.1282,0
116.61,1399.32,24.1132,24.1132,0
116.71,1400.52,24.0982,24.0982,0
116.81,1401.72,24.0833,24.0833,0
116.91,1402.92,24.0683,24.0683,0
117.01,1404.12,24.0534,24.0534,0
117.11,1405.32,24.0386,24.0386,0
117.21,1406.52,24.0237,24.0237,0
117.31,1407.72,24.0089,24.0089,0
117.41,1408.92,23.9941,23.9941,0
117.51,1410.12,23.9793,23.9793,0
117.61,1411.32,23.9645,23.9645,0
117.71,1412.52,23.9498,23.9498,0
117.81,1413.72,23.9351,23.9351,0
117.91,1414.92,23.9204,23.9204,0
118.01,1416.12,23.9057,23.9057,0
118.11,1417.32,23.8911,23.8911,0
118.21,1418.52,23.8765,23.8765,0
118.31,1419.72,23.8619,23.8619,0
118.41,1420.92,23.8473,23.8473,0
118.51,1422.12,23.8328,23.8328,0
118.61,1423.32,23.8183,23.8183,0
118.71,1424.52,23.8038,23.8038,0
118.81,1425.72,23.7893,23.7893,0
118.91,1426.92,23.7748,23.7748,0
119.01,1428.12,23.7604,23.7604,0
119.11,1429.32,23.746,23.746,0
119.21,1430.52,23.7316,23.7316,0
119.31,1431.72,23.7173,23.7173,0
119.41,1432.92,23.7029,23.7029,0
119.51,1434.12,23.6886,23.6886,0
119.61,1435.32,23.6743,23.6743,0
119.71,1436.52,23.6601,23.6601,0
119.81,1437.72,23.6458,23.6458,0
119.91,1438.92,23.6316,23.6316,0
120.01,1440.12,23.6174,23.6174,0
120.11,1441.32,23.6032,23.6032,0
120.21,1442.52,23.5891,23.5891,0
120.31,1443.72,23.5749,23.5749,0
120.41,1444.92,23.5608,23.5608,0
120.51,1446.12,23.5467,23.5467,0
120.61,1447.32,23.5326,23.5326,0
120.71,1448.52,23.5186,23.5186,0
120.81,1449.72,23.5046,23.5046,0
120.91,1450.92,23.4906,23.4906,0
121.01,1452.12,23.4766,23.4766,0
121.11,1453.32,23.4626,23.4626,0
121.21,1454.52,23.4487,23.4487,0
121.31,1455.72,23.4348,23.4348,0
121.41,1456.92,23.4209,23.4209,0
121.51,1458.12,23.407,23.407,0
121.61,1459.32,23.3932,23.3932,0
121.71,1460.52,23.3794,23.3794,0
121.81,1461.72,23.3655,23.3655,0
121.91,1462.92,23.3518,23.3518,0
122.01,1464.12,23.338,23.338,0
122.11,1465.32,23.3243,23.3243,0
122.21,1466.52,23.3105,23.3105,0
122.31,1467.72,23.2968,23.2968,0
122.41,1468.92,23.2832,23.2832,0
122.51,1470.12,23.2695,23.2695,0
122.61,1471.32,23.2559,23.2559,0
122.71,1472.52,23.2423,23.2423,0
122.81,1473.72,23.2287,23.2287,0
122.91,1474.92,23.2151,23.2151,0
123.01,1476.12,23.2015,23.2015,0
123.11,1477.32,23.188,23.188,0
123.21,1478.52,23.1745,23.1745,0
123.31,1479.72,23.161,23.161,0
123.41,1480.92,23.1476,23.1476,0
123.51,1482.12,23.1341,23.1341,0
123.61,1483.32,23.1207,23.1207,0
123.71,1484.52,23.1073,23.1073,0
123.81,1485.72,23.0939,23.0939,0
123.91,1486.92,23.0805,23.0805,0
124.01,1488.12,23.0672,23.0672,0
124.11,1489.32,23.0539,23.0539,0
124.21,1490.52,23.0406,23.0406,0
124.31,1491.72,23.0273,23.0273,0
124.41,1492.92,23.014,23.014,0
124.51,1494.12,23.0008,23.0008,0
124.61,1495.32,22.9875,22.9875,0
124.71,1496.52,22.9743,22.9743,0
124.81,1497.72,22.9612,22.9612,0
124.91,1498.92,22.948,22.948,0
125.01,1500.12,22.9349,22.9349,0
125.11,1501.32,22.9217,22.9217,0
125.21,1502.52,22.9086,22.9086,0
125.31,1503.72,22.8956,22.8956,0
125.41,1504.92,22.8825,22.8825,0
125.51,1506.12,22.8695,22.8695,0
125.61,1507.32,22.8564,22.8564,0
125.71,1508.52,22.8434,22.8434,0
125.81,1509.72,22.8304,22.8304,0
125.91,1510.92,22.8175,22.8175,0
126.01,1512.12,22.8045,22.8045,0
126.11,1513.32,22.7916,22.7916,0
126.21,1514.52,22.7787,22.7787,0
126.31,1515.72,22.7658,22.7658,0
126.41,1516.92,22.753,22.753,0
126.51,1518.12,22.7401,22.7401,0
126.61,1519.32,22.7273,22.7273,0
126.71,1520.52,22.7145,22.7145,0
126.81,1521.72,22.7017,22.7017,0
126.91,1522.92,22.6889,22.6889,0
127.01,1524.12,22.6762,22.6762,0
127.11,1525.32,22.6634,22.6634,0
127.21,1526.52,22.6507,22.6507,0
127.31,1527.72,22.638,22.638,0
127.41,1528.92,22.6254,22.6254,0
127.51,1530.12,22.6127,22.6127,0
127.61,1531.32,22.6001,22.6001,0
127.71,1532.52,22.5875,22.5875,0
127.81,1533.72,22.5749,22.5749,0
127.91,1534.92,22.5623,22.5623,0
128.01,1536.12,22.5497,22.5497,0
128.11,1537.32,22.5372,22.5372,0
128.21,1538.52,22.5246,22.5246,0
128.31,1539.72,22.5121,22.5121,0
128.41,1540.92,22.4997,22.4997,0
128.51,1542.12,22.4872,22.4872,0
128.61,1543.32,22.4747,22.4747,0
128.71,1544.52,22.4623,22.4623,0
128.81,1545.72,22.4499,22.4499,0
128.91,1546.92,22.4375,22.4375,0
129.01,1548.12,22.4251,22.4251,0
129.11,1549.32,22.4128,22.4128,0
129.21,1550.52,22.4004,22.4004,0
129.31,1551.72,22.3881,22.3881,0
129.41,1552.92,22.3758,22.3758,0
129.51,1554.12,22.3635,22.3635,0
129.61,1555.32,22.3512,22.3512,0
129.71,1556.52,22.339,22.339,0
129.81,1557.72,22.3268,22.3268,0
129.91,1558.92,22.3146,22.3146,0
130.01,1560.12,22.3024,22.3024,0
130.11,1561.32,22.2902,22.2902,0
130.21,1562.52,22.278,22.278,0
130.31,1563.72,22.2659,22.2659,0
130.41,1564.92,22.2538,22.2538,0
130.51,1566.12,22.2417,22.2417,0
130.61,1567.32,22.2296,22.2296,0
130.71,1568.52,22.2175,22.2175,0
130.81,1569.72,22.2054,22.2054,0
130.91,1570.92,22.1934,22.1934,0
131.01,1572.12,22.1814,22.1814,0
131.11,1573.32,22.1694,22.1694,0
131.21,1574.52,22.1574,22.1574,0
131.31,1575.72,22.1454,22.1454,0
131.41,1576.92,22.1335,22.1335,0
131.51,1578.12,22.1216,22.1216,0
131.61,1579.32,22.1096,22.1096,0
131.71,1580.52,22.0977,22.0977,0
131.81,1581.72,22.0859,22.0859,0
131.91,1582.92,22.074,22.074,0
132.01,1584.12,22.0622,22.0622,0
132.11,1585.32,22.0503,22.0503,0
132.21,1586.52,22.0385,22.0385,0
132.31,1587.72,22.0267,22.0267,0
132.41,1588.92,22.0149,22.0149,0
132.51,1590.12,22.0032,22.0032,0
132.61,1591.32,21.9914,21.9914,0
132.71,1592.52,21.9797,21.9797,0
132.81,1593.72,21.968,21.968,0
132.91,1594.92,21.9563,21.9563,0
133.01,1596.12,21.9446,21.9446,0
133.11,1597.32,21.933,21.933,0
133.21,1598.52,21.9213,21.9213,0
133.31,1599.72,21.9097,21.9097,0
133.41,1600.92,21.8981,21.8981,0
133.51,1602.12,21.8865,21.8865,0
133.61,1603.32,21.8749,21.8749,0
133.71,1604.52,21.8634,21.8634,0
133.81,1605.72,21.8518,21.8518,0
133.91,1606.92,21.8403,21.8403,0
134.01,1608.12,21.8288,21.8288,0
134.11,1609.32,21.8173,21.8173,0
134.21,1610.52,21.8058,21.8058,0
134.31,1611.72,21.7944,21.7944,0
134.41,1612.92,21.7829,21.7829,0
134.51,1614.12,21.7715,21.7715,0
134.61,1615.32,21.7601,21.7601,0
134.71,1616.52,21.7487,21.7487,0
134.81,1617.72,21.7373,21.7373,0
134.91,1618.92,21.7259,21.7259,0
135.01,1620.12,21.7146,21.7146,0
135.11,1621.32,21.7033,21.7033,0
135.21,1622.52,21.6919,21.6919,0
135.31,1623.72,21.6806,21.6806,0
135.41,1624.92,21.6694,21.6694,0
135.51,1626.12,21.6581,21.6581,0
135.61,1627.32,21.6468,21.6468,0
135.71,1628.52,21.6356,21.6356,0
135.81,1629.72,21.6244,21.6244,0
135.91,1630.92,21.6132,21.6132,0
136.01,1632.12,21.602,21.602,0
136.11,1633.32,21.5908,21.5908,0
136.21,1634.52,21.5796,21.5796,0
136.31,1635.72,21.5685,21.5685,0
136.41,1636.92,21.5574,21.5574,0
136.51,1638.12,21.5463,21.5463,0
136.61,1639.32,21.5352,21.5352,0
136.71,1640.52,21.5241,21.5241,0
136.81,1641.72,21.513,21.513,0
136.91,1642.92,21.502,21.502,0
137.01,1644.12,21.4909,21.4909,0
137.11,1645.32,21.4799,21.4799,0
137.21,1646.52,21.4689,21.4689,0
137.31,1647.72,21.4579,21.4579,0
137.41,1648.92,21.4469,21.4469,0
137.51,1650.12,21.436,21.436,0
137.61,1651.32,21.425,21.425,0
137.71,1652.52,21.4141,21.4141,0
137.81,1653.72,21.4032,21.4032,0
137.91,1654.92,21.3923,21.3923,0
138.01,1656.12,21.3814,21.3814,0
138.11,1657.32,21.3706,21.3706,0
138.21,1658.52,21.3597,21.3597,0
138.31,1659.72,21.3489,21.3489,0
138.41,1660.92,21.338,21.338,0
138.51,1662.12,21.3272,21.3272,0
138.61,1663.32,21.3164,21.3164,0
138.71,1664.52,21.3057,21.3057,0
138.81,1665.72,21.2949,21.2949,0
138.91,1666.92,21.2842,21.2842,0
139.01,1668.12,21.2734,21.2734,0
139.11,1669.32,21.2627,21.2627,0
139.21,1670.52,21.252,21.252,0
139.31,1671.72,21.2413,21.2413,0
139.41,1672.92,21.2306,21.2306,0
139.51,1674.12,21.22,21.22,0
139.61,1675.32,21.2093,21.2093,0
139.71,1676.52,21.1987,21.1987,0
139.81,1677.72,21.1881,21.1881,0
139.91,1678.92,21.1775,21.1775,0
140.01,1680.12,21.1669,21.1669,0
140.11,1681.32,21.1563,21.1563,0
140.21,1682.52,21.1458,21.1458,0
140.31,1683.72,21.1352,21.1352,0
140.41,1684.92,21.1247,21.1247,0
140.51,1686.12,21.1142,21.1142,0
140.61,1687.32,21.1037,21.1037,0
140.71,1688.52,21.0932,21.0932,0
140.81,1689.72,21.0827,21.0827,0
140.91,1690.92,21.0722,21.0722,0
141.01,1692.12,21.0618,21.0618,0
141.11,1693.32,21.0514,21.0514,0
141.21,1694.52,21.0409,21.0409,0
141.31,1695.72,21.0305,21.0305,0
141.41,1696.92,21.0202,21.0202,0
141.51,1698.12,21.0098,21.0098,0
141.61,1699.32,20.9994,20.9994,0
141.71,1700.52,20.9891,20.9891,0
141.81,1701.72,20.9787,20.9787,0
141.91,1702.92,20.9684,20.9684,0
142.01,1704.12,20.9581,20.9581,0
142.11,1705.32,20.9478,20.9478,0
142.21,1706.52,20.9375,20.9375,0
142.31,1707.72,20.9273,20.9273,0
142.41,1708.92,20.917,20.917,0
142.51,1710.12,20.9068,20.9068,0
142.61,1711.32,20.8966,20.8966,0
142.71,1712.52,20.8864,20.8864,0
142.81,1713.72,20.8762,20.8762,0
142.91,1714.92,20.866,20.866,0
143.01,1716.12,20.8558,20.8558,0
143.11,1717.32,20.8457,20.8457,0
143.21,1718.52,20.8355,20.8355,0
143.31,1719.72,20.8254,20.8254,0
143.41,1720.92,20.8153,20.8153,0
143.51,1722.12,20.8052,20.8052,0
143.61,1723.32,20.7951,20.7951,0
143.71,1724.52,20.785,20.785,0
143.81,1725.72,20.775,20.775,0
143.91,1726.92,20.7649,20.7649,0
144.01,1728.12,20.7549,20.7549,0
144.11,1729.32,20.7449,20.7449,0
144.21,1730.52,20.7348,20.7348,0
144.31,1731.72,20.7249,20.7249,0
144.41,1732.92,20.7149,20.7149,0
144.51,1734.12,20.7049,20.7049,0
144.61,1735.32,20.6949,20.6949,0
144.71,1736.52,20.685,20.685,0
144.81,1737.72,20.6751,20.6751,0
144.91,1738.92,20.6652,20.6652,0
145.01,1740.12,20.6553,20.6553,0
145.11,1741.32,20.6454,20.6454,0
145.21,1742.52,20.6355,20.6355,0
145.31,1743.72,20.6256,20.6256,0
145.41,1744.92,20.6158,20.6158,0
145.51,1746.12,20.6059,20.6059,0
145.61,1747.32,20.5961,20.5961,0
145.71,1748.52,20.5863,20.5863,0
145.81,1749.72,20.5765,20.5765,0
145.91,1750.92,20.5667,20.5667,0
146.01,1752.12,20.5569,20.5569,0
146.11,1753.32,20.5472,20.5472,0
146.21,1754.52,20.5374,20.5374,0
146.31,1755.72,20.5277,20.5277,0
146.41,1756.92,20.518,20.518,0
146.51,1758.12,20.5083,20.5083,0
146.61,1759.32,20.4986,20.4986,0
146.71,1760.52,20.4889,20.4889,0
146.81,1761.72,20.4792,20.4792,0
146.91,1762.92,20.4696,20.4696,0
147.01,1764.12,20.4599,20.4599,0
147.11,1765.32,20.4503,20.4503,0
147.21,1766.52,20.4406,20.4406,0
147.31,1767.72,20.431,20.431,0
147.41,1768.92,20.4214,20.4214,0
147.51,1770.12,20.4119,20.4119,0
147.61,1771.32,20.4023,20.4023,0
147.71,1772.52,20.3927,20.3927,0
147.81,1773.72,20.3832,20.3832,0
147.91,1774.92,20.3736,20.3736,0
148.01,1776.12,20.3641,20.3641,0
148.11,1777.32,20.3546,20.3546,0
148.21,1778.52,20.3451,20.3451,0
148.31,1779.72,20.3356,20.3356,0
148.41,1780.92,20.3261,20.3261,0
148.51,1782.12,20.3167,20.3167,0
148.61,1783.32,20.3072,20.3072,0
148.71,1784.52,20.2978,20.2978,0
148.81,1785.72,20.2884,20.2884,0
148.91,1786.92,20.279,20.279,0
149.01,1788.12,20.2696,20.2696,0
149.11,1789.32,20.2602,20.2602,0
149.21,1790.52,20.2508,20.2508,0
149.31,1791.72,20.2414,20.2414,0
149.41,1792.92,20.2321,20.2321,0
149.51,1794.12,20.2227,20.2227,0
149.61,1795.32,20.2134,20.2134,0
149.71,1796.52,20.2041,20.2041,0
149.81,1797.72,20.1948,20.1948,0
149.91,1798.92,20.1855,20.1855,0
150.01,1800.12,20.1762,20.1762,0
150.11,1801.32,20.1669,20.1669,0
150.21,1802.52,20.1577,20.1577,0
150.31,1803.72,20.1484,20.1484,0
150.41,1804.92,20.1392,20.1392,0
150.51,1806.12,20.13,20.13,0
150.61,1807.32,20.1207,20.1207,0
150.71,1808.52,20.1115,20.1115,0
150.81,1809.72,20.1024,20.1024,0
150.91,1810.92,20.0932,20.0932,0
151.01,1812.12,20.084,20.084,0
151.11,1813.32,20.0749,20.0749,0
151.21,1814.52,20.0657,20.0657,0
151.31,1815.72,20.0566,20.0566,0
151.41,1816.92,20.0475,20.0475,0
151.51,1818.12,20.0384,20.0384,0
151.61,1819.32,20.0293,20.0293,0
151.71,1820.52,20.0202,20.0202,0
151.81,1821.72,20.0111,20.0111,0
151.91,1822.92,20.002,20.002,0
152.01,1824.12,19.993,19.993,0
152.11,1825.32,19.984,19.984,0
152.21,1826.52,19.9749,19.9749,0
152.31,1827.72,19.9659,19.9659,0
152.41,1828.92,19.9569,19.9569,0
152.51,1830.12,19.9479,19.9479,0
152.61,1831.32,19.9389,19.9389,0
152.71,1832.52,19.93,19.93,0
152.81,1833.72,19.921,19.921,0
152.91,1834.92,19.912,19.912,0
153.01,1836.12,19.9031,19.9031,0
153.11,1837.32,19.8942,19.8942,0
153.21,1838.52,19.8853,19.8853,0
153.31,1839.72,19.8764,19.8764,0
153.41,1840.92,19.8675,19.8675,0
153.51,1842.12,19.8586,19.8586,0
153.61,1843.32,19.8497,19.8497,0
153.71,1844.52,19.8408,19.8408,0
153.81,1845.72,19.832,19.832,0
153.91,1846.92,19.8232,19.8232,0
154.01,1848.12,19.8143,19.8143,0
154.11,1849.32,19.8055,19.8055,0
154.21,1850.52,19.7967,19.7967,0
154.31,1851.72,19.7879,19.7879,0
154.41,1852.92,19.7791,19.7791,0
154.51,1854.12,19.7704,19.7704,0
154.61,1855.32,19.7616,19.7616,0
154.71,1856.52,19.7528,19.7528,0
154.81,1857.72,19.7441,19.7441,0
154.91,1858.92,19.7354,19.7354,0
155.01,1860.12,19.7266,19.7266,0
155.11,1861.32,19.7179,19.7179,0
155.21,1862.52,19.7092,19.7092,0
155.31,1863.72,19.7006,19.7006,0
155.41,1864.92,19.6919,19.6919,0
155.51,1866.12,19.6832,19.6832,0
155.61,1867.32,19.6746,19.6746,0
155.71,1868.52,19.6659,19.6659,0
155.81,1869.72,19.6573,19.6573,0
155.91,1870.92,19.6486,19.6486,0
156.01,1872.12,19.64,19.64,0
156.11,1873.32,19.6314,19.6314,0
156.21,1874.52,19.6228,19.6228,0
156.31,1875.72,19.6143,19.6143,0
156.41,1876.92,19.6057,19.6057,0
156.51,1878.12,19.5971,19.5971,0
156.61,1879.32,19.5886,19.5886,0
156.71,1880.52,19.58,19.58,0
156.81,1881.72,19.5715,19.5715,0
156.91,1882.92,19.563,19.563,0
157.01,1884.12,19.5545,19.5545,0
157.11,1885.32,19.546,19.546,0
157.21,1886.52,19.5375,19.5375,0
157.31,1887.72,19.529,19.529,0
157.41,1888.92,19.5205,19.5205,0
157.51,1890.12,19.5121,19.5121,0
157.61,1891.32,19.5036,19.5036,0
157.71,1892.52,19.4952,19.4952,0
157.81,1893.72,19.4868,19.4868,0
157.91,1894.92,19.4784,19.4784,0
158.01,1896.12,19.47,19.47,0
158.11,1897.32,19.4616,19.4616,0
158.21,1898.52,19.4532,19.4532,0
158.31,1899.72,19.4448,19.4448,0
158.41,1900.92,19.4364,19.4364,0
158.51,1902.12,19.4281,19.4281,0
158.61,1903.32,19.4197,19.4197,0
158.71,1904.52,19.4114,19.4114,0
158.81,1905.72,19.4031,19.4031,0
158.91,1906.92,19.3948,19.3948,0
159.01,1908.12,19.3864,19.3864,0
159.11,1909.32,19.3781,19.3781,0
159.21,1910.52,19.3699,19.3699,0
159.31,1911.72,19.3616,19.3616,0
159.41,1912.92,19.3533,19.3533,0
159.51,1914.12,19.3451,19.3451,0
159.61,1915.32,19.3368,19.3368,0
159.71,1916.52,19.3286,19.3286,0
159.81,1917.72,19.3204,19.3204,0
159.91,1918.92,19.3121,19.3121,0
160.01,1920.12,19.3039,19.3039,0
160.11,1921.32,19.2957,19.2957,0
160.21,1922.52,19.2875,19.2875,0
160.31,1923.72,19.2794,19.2794,0
160.41,1924.92,19.2712,19.2712,0
160.51,1926.12,19.263,19.263,0
160.61,1927.32,19.2549,19.2549,0
160.71,1928.52,19.2468,19.2468,0
160.81,1929.72,19.2386,19.2386,0
160.91,1930.92,19.2305,19.2305,0
161.01,1932.12,19.2224,19.2224,0
161.11,1933.32,19.2143,19.2143,0
161.21,1934.52,19.2062,19.2062,0
161.31,1935.72,19.1981,19.1981,0
161.41,1936.92,19.1901,19.1901,0
161.51,1938.12,19.182,19.182,0
161.61,1939.32,19.1739,19.1739,0
161.71,1940.52,19.1659,19.1659,0
161.81,1941.72,19.1579,19.1579,0
161.91,1942.92,19.1498,19.1498,0
162.01,1944.12,19.1418,19.1418,0
162.11,1945.32,19.1338,19.1338,0
162.21,1946.52,19.1258,19.1258,0
162.31,1947.72,19.1178,19.1178,0
162.41,1948.92,19.1099,19.1099,0
162.51,1950.12,19.1019,19.1019,0
162.61,1951.32,19.0939,19.0939,0
162.71,1952.52,19.086,19.086,0
162.81,1953.72,19.078,19.078,0
162.91,1954.92,19.0701,19.0701,0
163.01,1956.12,19.0622,19.0622,0
163.11,1957.32,19.0543,19.0543,0
163.21,1958.52,19.0464,19.0464,0
163.31,1959.72,19.0385,19.0385,0
163.41,1960.92,19.0306,19.0306,0
163.51,1962.12,19.0227,19.0227,0
163.61,1963.32,19.0149,19.0149,0
163.71,1964.52,19.007,19.007,0
163.81,1965.72,18.9992,18.9992,0
163.91,1966.92,18.9913,18.9913,0
164.01,1968.12,18.9835,18.9835,0
164.11,1969.32,18.9757,18.9757,0
164.21,1970.52,18.9679,18.9679,0
164.31,1971.72,18.9601,18.9601,0
164.41,1972.92,18.9523,18.9523,0
164.51,1974.12,18.9445,18.9445,0
164.61,1975.32,18.9367,18.9367,0
164.71,1976.52,18.9289,18.9289,0
164.81,1977.72,18.9212,18.9212,0
164.91,1978.92,18.9134,18.9134,0
165.01,1980.12,18.9057,18.9057,0
165.11,1981.32,18.898,18.898,0
165.21,1982.52,18.8902,18.8902,0
165.31,1983.72,18.8825,18.8825,0
165.41,1984.92,18.8748,18.8748,0
165.51,1986.12,18.8671,18.8671,0
165.61,1987.32,18.8595,18.8595,0
165.71,1988.52,18.8518,18.8518,0
165.81,1989.72,18.8441,18.8441,0
165.91,1990.92,18.8364,18.8364,0
166.01,1992.12,18.8288,18.8288,0
166.11,1993.32,18.8212,18.8212,0
166.21,1994.52,18.8135,18.8135,0
166.31,1995.72,18.8059,18.8059,0
166.41,1996.92,18.7983,18.7983,0
166.51,1998.12,18.7907,18.7907,0
166.61,1999.32,18.7831,18.7831,0
166.71,2000.52,18.7755,18.7755,0
166.81,2001.72,18.7679,18.7679,0
166.91,2002.92,18.7603,18.7603,0
167.01,2004.12,18.7528,18.7528,0
167.11,2005.32,18.7452,18.7452,0
167.21,2006.52,18.7377,18.7377,0
167.31,2007.72,18.7301,18.7301,0
167.41,2008.92,18.7226,18.7226,0
167.51,2010.12,18.7151,18.7151,0
167.61,2011.32,18.7076,18.7076,0
167.71,2012.52,18.7001,18.7001,0
167.81,2013.72,18.6926,18.6926,0
167.91,2014.92,18.6851,18.6851,0
168.01,2016.12,18.6776,18.6776,0
168.11,2017.32,18.6702,18.6702,0
168.21,2018.52,18.6627,18.6627,0
168.31,2019.72,18.6552,18.6552,0
168.41,2020.92,18.6478,18.6478,0
168.51,2022.12,18.6404,18.6404,0
168.61,2023.32,18.6329,18.6329,0
168.71,2024.52,18.6255,18.6255,0
168.81,2025.72,18.6181,18.6181,0
168.91,2026.92,18.6107,18.6107,0
169.01,2028.12,18.6033,18.6033,0
169.11,2029.32,18.5959,18.5959,0
169.21,2030.52,18.5886,18.5886,0
169.31,2031.72,18.5812,18.5812,0
169.41,2032.92,18.5738,18.5738,0
169.51,2034.12,18.5665,18.5665,0
169.61,2035.32,18.5591,18.5591,0
169.71,2036.52,18.5518,18.5518,0
169.81,2037.72,18.5445,18.5445,0
169.91,2038.92,18.5372,18.5372,0
170.01,2040.12,18.5299,18.5299,0
170.11,2041.32,18.5226,18.5226,0
170.21,2042.52,18.5153,18.5153,0
170.31,2043.72,18.508,18.508,0
170.41,2044.92,18.5007,18.5007,0
170.51,2046.12,18.4934,18.4934,0
170.61,2047.32,18.4862,18.4862,0
170.71,2048.52,18.4789,18.4789,0
170.81,2049.72,18.4717,18.4717,0
170.91,2050.92,18.4644,18.4644,0
171.01,2052.12,18.4572,18.4572,0
171.11,2053.32,18.45,18.45,0
171.21,2054.52,18.4428,18.4428,0
171.31,2055.72,18.4356,18.4356,0
171.41,2056.92,18.4284,18.4284,0
171.51,2058.12,18.4212,18.4212,0
171.61,2059.32,18.414,18.414,0
171.71,2060.52,18.4069,18.4069,0
171.81,2061.72,18.3997,18.3997,0
171.91,2062.92,18.3925,18.3925,0
172.01,2064.12,18.3854,18.3854,0
172.11,2065.32,18.3782,18.3782,0
172.21,2066.52,18.3711,18.3711,0
172.31,2067.72,18.364,18.364,0
172.41,2068.92,18.3569,18.3569,0
172.51,2070.12,18.3498,18.3498,0
172.61,2071.32,18.3427,18.3427,0
172.71,2072.52,18.3356,18.3356,0
172.81,2073.72,18.3285,18.3285,0
172.91,2074.92,18.3214,18.3214,0
173.01,2076.12,18.3143,18.3143,0
173.11,2077.32,18.3073,18.3073,0
173.21,2078.52,18.3002,18.3002,0
173.31,2079.72,18.2932,18.2932,0
173.41,2080.92,18.2862,18.2862,0
173.51,2082.12,18.2791,18.2791,0
173.61,2083.32,18.2721,18.2721,0
173.71,2084.52,18.2651,18.2651,0
173.81,2085.72,18.2581,18.2581,0
173.91,2086.92,18.2511,18.2511,0
174.01,2088.12,18.2441,18.2441,0
174.11,2089.32,18.2371,18.2371,0
174.21,2090.52,18.2301,18.2301,0
174.31,2091.72,18.2232,18.2232,0
174.41,2092.92,18.2162,18.2162,0
174.51,2094.12,18.2093,18.2093,0
174.61,2095.32,18.2023,18.2023,0
174.71,2096.52,18.1954,18.1954,0
174.81,2097.72,18.1884,18.1884,0
174.91,2098.92,18.1815,18.1815,0
175.01,2100.12,18.1746,18.1746,0
175.11,2101.32,18.1677,18.1677,0
175.21,2102.52,18.1608,18.1608,0
175.31,2103.72,18.1539,18.1539,0
175.41,2104.92,18.147,18.147,0
175.51,2106.12,18.1401,18.1401,0
175.61,2107.32,18.1333,18.1333,0
175.71,2108.52,18.1264,18.1264,0
175.81,2109.72,18.1196,18.1196,0
175.91,2110.92,18.1127,18.1127,0
176.01,2112.12,18.1059,18.1059,0
176.11,2113.32,18.099,18.099,0
176.21,2114.52,18.0922,18.0922,0
176.31,2115.72,18.0854,18.0854,0
176.41,2116.92,18.0786,18.0786,0
176.51,2118.12,18.0718,18.0718,0
176.61,2119.32,18.065,18.065,0
176.71,2120.52,18.0582,18.0582,0
176.81,2121.72,18.0514,18.0514,0
176.91,2122.92,18.0447,18.0447,0
177.01,2124.12,18.0379,18.0379,0
177.11,2125.32,18.0311,18.0311,0
177.21,2126.52,18.0244,18.0244,0
177.31,2127.72,18.0176,18.0176,0
177.41,2128.92,18.0109,18.0109,0
177.51,2130.12,18.0042,18.0042,0
177.61,2131.32,17.9975,17.9975,0
177.71,2132.52,17.9907,17.9907,0
177.81,2133.72,17.984,17.984,0
177.91,2134.92,17.9773,17.9773,0
178.01,2136.12,17.9706,17.9706,0
178.11,2137.32,17.964,17.964,0
178.21,2138.52,17.9573,17.9573,0
178.31,2139.72,17.9506,17.9506,0
178.41,2140.92,17.9439,17.9439,0
178.51,2142.12,17.9373,17.9373,0
178.61,2143.32,17.9306,17.9306,0
178.71,2144.52,17.924,17.924,0
178.81,2145.72,17.9174,17.9174,0
178.91,2146.92,17.9107,17.9107,0
179.01,2148.12,17.9041,17.9041,0
179.11,2149.32,17.8975,17.8975,0
179.21,2150.52,17.8909,17.8909,0
179.31,2151.72,17.8843,17.8843,0
179.41,2152.92,17.8777,17.8777,0
179.51,2154.12,17.8711,17.8711,0
179.61,2155.32,17.8645,17.8645,0
179.71,2156.52,17.858,17.858,0
179.81,2157.72,17.8514,17.8514,0
179.91,2158.92,17.8448,17.8448,0
180.01,2160.12,17.8383,17.8383,0
180.11,2161.32,17.8318,17.8318,0
180.21,2162.52,17.8252,17.8252,0
180.31,2163.72,17.8187,17.8187,0
180.41,2164.92,17.8122,17.8122,0
180.51,2166.12,17.8056,17.8056,0
180.61,2167.32,17.7991,17.7991,0
180.71,2168.52,17.7926,17.7926,0
180.81,2169.72,17.7861,17.7861,0
180.91,2170.92,17.7797,17.7797,0
181.01,2172.12,17.7732,17.7732,0
181.11,2173.32,17.7667,17.7667,0
181.21,2174.52,17.7602,17.7602,0
181.31,2175.72,17.7538,17.7538,0
181.41,2176.92,17.7473,17.7473,0
181.51,2178.12,17.7409,17.7409,0
181.61,2179.32,17.7344,17.7344,0
181.71,2180.52,17.728,17.728,0
181.81,2181.72,17.7216,17.7216,0
181.91,2182.92,17.7152,17.7152,0
182.01,2184.12,17.7087,17.7087,0
182.11,2185.32,17.7023,17.7023,0
182.21,2186.52,17.6959,17.6959,0
182.31,2187.72,17.6895,17.6895,0
182.41,2188.92,17.6832,17.6832,0
182.51,2190.12,17.6768,17.6768,0
182.61,2191.32,17.6704,17.6704,0
182.71,2192.52,17.664,17.664,0
182.81,2193.72,17.6577,17.6577,0
182.91,2194.92,17.6513,17.6513,0
183.01,2196.12,17.645,17.645,0
183.11,2197.32,17.6387,17.6387,0
183.21,2198.52,17.6323,17.6323,0
183.31,2199.72,17.626,17.626,0
183.41,2200.92,17.6197,17.6197,0
183.51,2202.12,17.6134,17.6134,0
183.61,2203.32,17.6071,17.6071,0
183.71,2204.52,17.6008,17.6008,0
183.81,2205.72,17.5945,17.5945,0
183.91,2206.92,17.5882,17.5882,0
184.01,2208.12,17.5819,17.5819,0
184.11,2209.32,17.5756,17.5756,0
184.21,2210.52,17.5694,17.5694,0
184.31,2211.72,17.5631,17.5631,0
184.41,2212.92,17.5569,17.5569,0
184.51,2214.12,17.5506,17.5506,0
184.61,2215.32,17.5444,17.5444,0
184.71,2216.52,17.5381,17.5381,0
184.81,2217.72,17.5319,17.5319,0
184.91,2218.92,17.5257,17.5257,0
185.01,2220.12,17.5195,17.5195,0
185.11,2221.32,17.5133,17.5133,0
185.21,2222.52,17.5071,17.5071,0
185.31,2223.72,17.5009,17.5009,0
185.41,2224.92,17.4947,17.4947,0
185.51,2226.12,17.4885,17.4885,0
185.61,2227.32,17.4823,17.4823,0
185.71,2228.52,17.4762,17.4762,0
185.81,2229.72,17.47,17.47,0
185.91,2230.92,17.4638,17.4638,0
186.01,2232.12,17.4577,17.4577,0
186.11,2233.32,17.4515,17.4515,0
186.21,2234.52,17.4454,17.4454,0
186.31,2235.72,17.4393,17.4393,0
186.41,2236.92,17.4332,17.4332,0
186.51,2238.12,17.427,17.427,0
186.61,2239.32,17.4209,17.4209,0
186.71,2240.52,17.4148,17.4148,0
186.81,2241.72,17.4087,17.4087,0
186.91,2242.92,17.4026,17.4026,0
187.01,2244.12,17.3965,17.3965,0
187.11,2245.32,17.3905,17.3905,0
187.21,2246.52,17.3844,17.3844,0
187.31,2247.72,17.3783,17.3783,0
187.41,2248.92,17.3723,17.3723,0
187.51,2250.12,17.3662,17.3662,0
187.61,2251.32,17.3602,17.3602,0
187.71,2252.52,17.3541,17.3541,0
187.81,2253.72,17.3481,17.3481,0
187.91,2254.92,17.3421,17.3421,0
188.01,2256.12,17.336,17.336,0
188.11,2257.32,17.33,17.33,0
188.21,2258.52,17.324,17.324,0
188.31,2259.72,17.318,17.318,0
188.41,2260.92,17.312,17.312,0
188.51,2262.12,17.306,17.306,0
188.61,2263.32,17.3,17.3,0
188.71,2264.52,17.294,17.294,0
188.81,2265.72,17.2881,17.2881,0
188.91,2266.92,17.2821,17.2821,0
189.01,2268.12,17.2761,17.2761,0
189.11,2269.32,17.2702,17.2702,0
189.21,2270.52,17.2642,17.2642,0
189.31,2271.72,17.2583,17.2583,0
189.41,2272.92,17.2523,17.2523,0
189.51,2274.12,17.2464,17.2464,0
189.61,2275.32,17.2405,17.2405,0
189.71,2276.52,17.2346,17.2346,0
189.81,2277.72,17.2286,17.2286,0
189.91,2278.92,17.2227,17.2227,0
190.01,2280.12,17.2168,17.2168,0
190.11,2281.32,17.2109,17.2109,0
190.21,2282.52,17.205,17.205,0
190.31,2283.72,17.1992,17.1992,0
190.41,2284.92,17.1933,17.1933,0
190.51,2286.12,17.1874,17.1874,0
190.61,2287.32,17.1815,17.1815,0
190.71,2288.52,17.1757,17.1757,0
190.81,2289.72,17.1698,17.1698,0
190.91,2290.92,17.164,17.164,0
191.01,2292.12,17.1581,17.1581,0
191.11,2293.32,17.1523,17.1523,0
191.21,2294.52,17.1465,17.1465,0
191.31,2295.72,17.1406,17.1406,0
191.41,2296.92,17.1348,17.1348,0
191.51,2298.12,17.129,17.129,0
191.61,2299.32,17.1232,17.1232,0
191.71,2300.52,17.1174,17.1174,0
191.81,2301.72,17.1116,17.1116,0
191.91,2302.92,17.1058,17.1058,0
192.01,2304.12,17.1,17.1,0
192.11,2305.32,17.0943,17.0943,0
192.21,2306.52,17.0885,17.0885,0
192.31,2307.72,17.0827,17.0827,0
192.41,2308.92,17.077,17.077,0
192.51,2310.12,17.0712,17.0712,0
192.61,2311.32,17.0655,17.0655,0
192.71,2312.52,17.0597,17.0597,0
192.81,2313.72,17.054,17.054,0
192.91,2314.92,17.0482,17.0482,0
193.01,2316.12,17.0425,17.0425,0
193.11,2317.32,17.0368,17.0368,0
193.21,2318.52,17.0311,17.0311,0
193.31,2319.72,17.0254,17.0254,0
193.41,2320.92,17.0197,17.0197,0
193.51,2322.12,17.014,17.014,0
193.61,2323.32,17.0083,17.0083,0
193.71,2324.52,17.0026,17.0026,0
193.81,2325.72,16.9969,16.9969,0
193.91,2326.92,16.9912,16.9912,0
194.01,2328.12,16.9856,16.9856,0
194.11,2329.32,16.9799,16.9799,0
194.21,2330.52,16.9742,16.9742,0
194.31,2331.72,16.9686,16.9686,0
194.41,2332.92,16.9629,16.9629,0
194.51,2334.12,16.9573,16.9573,0
194.61,2335.32,16.9517,16.9517,0
194.71,2336.52,16.946,16.946,0
194.81,2337.72,16.9404,16.9404,0
194.91,2338.92,16.9348,16.9348,0
195.01,2340.12,16.9292,16.9292,0
195.11,2341.32,16.9236,16.9236,0
195.21,2342.52,16.918,16.918,0
195.31,2343.72,16.9124,16.9124,0
195.41,2344.92,16.9068,16.9068,0
195.51,2346.12,16.9012,16.9012,0
195.61,2347.32,16.8956,16.8956,0
195.71,2348.52,16.89,16.89,0
195.81,2349.72,16.8845,16.8845,0
195.91,2350.92,16.8789,16.8789,0
196.01,2352.12,16.8734,16.8734,0
196.11,2353.32,16.8678,16.8678,0
196.21,2354.52,16.8623,16.8623,0
196.31,2355.72,16.8567,16.8567,0
196.41,2356.92,16.8512,16.8512,0
196.51,2358.12,16.8456,16.8456,0
196.61,2359.32,16.8401,16.8401,0
196.71,2360.52,16.8346,16.8346,0
196.81,2361.72,16.8291,16.8291,0
196.91,2362.92,16.8236,16.8236,0
197.01,2364.12,16.8181,16.8181,0
197.11,2365.32,16.8126,16.8126,0
197.21,2366.52,16.8071,16.8071,0
197.31,2367.72,16.8016,16.8016,0
197.41,2368.92,16.7961,16.7961,0
197.51,2370.12,16.7906,16.7906,0
197.61,2371.32,16.7852,16.7852,0
197.71,2372.52,16.7797,16.7797,0
197.81,2373.72,16.7742,16.7742,0
197.91,2374.92,16.7688,16.7688,0
198.01,2376.12,16.7633,16.7633,0
198.11,2377.32,16.7579,16.7579,0
198.21,2378.52,16.7525,16.7525,0
198.31,2379.72,16.747,16.747,0
198.41,2380.92,16.7416,16.7416,0
198.51,2382.12,16.7362,16.7362,0
198.61,2383.32,16.7307,16.7307,0
198.71,2384.52,16.7253,16.7253,0
198.81,2385.72,16.7199,16.7199,0
198.91,2386.92,16.7145,16.7145,0
199.01,2388.12,16.7091,16.7091,0
199.11,2389.32,16.7037,16.7037,0
199.21,2390.52,16.6984,16.6984,0
199.31,2391.72,16.693,16.693,0
199.41,2392.92,16.6876,16.6876,0
199.51,2394.12,16.6822,16.6822,0
199.61,2395.32,16.6769,16.6769,0
199.71,2396.52,16.6715,16.6715,0
199.81,2397.72,16.6661,16.6661,0
199.91,2398.92,16.6608,16.6608,0
200.01,2400.12,16.6554,16.6554,0
200.11,2401.32,16.6501,16.6501,0
200.21,2402.52,16.6448,16.6448,0
200.31,2403.72,16.6394,16.6394,0
200.41,2404.92,16.6341,16.6341,0
200.51,2406.12,16.6288,16.6288,0
200.61,2407.32,16.6235,16.6235,0
200.71,2408.52,16.6182,16.6182,0
200.81,2409.72,16.6129,16.6129,0
200.91,2410.92,16.6076,16.6076,0
201.01,2412.12,16.6023,16.6023,0
201.11,2413.32,16.597,16.597,0
201.21,2414.52,16.5917,16.5917,0
201.31,2415.72,16.5864,16.5864,0
201.41,2416.92,16.5812,16.5812,0
201.51,2418.12,16.5759,16.5759,0
201.61,2419.32,16.5706,16.5706,0
201.71,2420.52,16.5654,16.5654,0
201.81,2421.72,16.5601,16.5601,0
201.91,2422.92,16.5549,16.5549,0
202.01,2424.12,16.5496,16.5496,0
202.11,2425.32,16.5444,16.5444,0
202.21,2426.52,16.5392,16.5392,0
202.31,2427.72,16.5339,16.5339,0
202.41,2428.92,16.5287,16.5287,0
202.51,2430.12,16.5235,16.5235,0
202.61,2431.32,16.5183,16.5183,0
202.71,2432.52,16.5131,16.5131,0
202.81,2433.72,16.5079,16.5079,0
202.91,2434.92,16.5027,16.5027,0
203.01,2436.12,16.4975,16.4975,0
203.11,2437.32,16.4923,16.4923,0
203.21,2438.52,16.4871,16.4871,0
203.31,2439.72,16.4819,16.4819,0
203.41,2440.92,16.4768,16.4768,0
203.51,2442.12,16.4716,16.4716,0
203.61,2443.32,16.4664,16.4664,0
203.71,2444.52,16.4613,16.4613,0
203.81,2445.72,16.4561,16.4561,0
203.91,2446.92,16.451,16.451,0
204.01,2448.12,16.4458,16.4458,0
204.11,2449.32,16.4407,16.4407,0
204.21,2450.52,16.4356,16.4356,0
204.31,2451.72,16.4304,16.4304,0
204.41,2452.92,16.4253,16.4253,0
204.51,2454.12,16.4202,16.4202,0
204.61,2455.32,16.4151,16.4151,0
204.71,2456.52,16.41,16.41,0
204.81,2457.72,16.4049,16.4049,0
204.91,2458.92,16.3998,16.3998,0
205.01,2460.12,16.3947,16.3947,0
205.11,2461.32,16.3896,16.3896,0
205.21,2462.52,16.3845,16.3845,0
205.31,2463.72,16.3794,16.3794,0
205.41,2464.92,16.3743,16.3743,0
205.51,2466.12,16.3693,16.3693,0
205.61,2467.32,16.3642,16.3642,0
205.71,2468.52,16.3591,16.3591,0
205.81,2469.72,16.3541,16.3541,0
205.91,2470.92,16.349,16.349,0
206.01,2472.12,16.344,16.344,0
206.11,2473.32,16.3389,16.3389,0
206.21,2474.52,16.3339,16.3339,0
206.31,2475.72,16.3289,16.3289,0
206.41,2476.92,16.3238,16.3238,0
206.51,2478.12,16.3188,16.3188,0
206.61,2479.32,16.3138,16.3138,0
206.71,2480.52,16.3088,16.3088,0
206.81,2481.72,16.3038,16.3038,0
206.91,2482.92,16.2988,16.2988,0
207.01,2484.12,16.2938,16.2938,0
207.11,2485.32,16.2888,16.2888,0
207.21,2486.52,16.2838,16.2838,0
207.31,2487.72,16.2788,16.2788,0
207.41,2488.92,16.2738,16.2738,0
207.51,2490.12,16.2689,16.2689,0
207.61,2491.32,16.2639,16.2639,0
207.71,2492.52,16.2589,16.2589,0
207.81,2493.72,16.254,16.254,0
207.91,2494.92,16.249,16.249,0
208.01,2496.12,16.244,16.244,0
208.11,2497.32,16.2391,16.2391,0
208.21,2498.52,16.2342,16.2342,0
208.31,2499.72,16.2292,16.2292,0
208.41,2500.92,16.2243,16.2243,0
208.51,2502.12,16.2193,16.2193,0
208.61,2503.32,16.2144,16.2144,0
208.71,2504.52,16.2095,16.2095,0
208.81,2505.72,16.2046,16.2046,0
208.91,2506.92,16.1997,16.1997,0
209.01,2508.12,16.1948,16.1948,0
209.11,2509.32,16.1899,16.1899,0
209.21,2510.52,16.185,16.185,0
209.31,2511.72,16.1801,16.1801,0
209.41,2512.92,16.1752,16.1752,0
209.51,2514.12,16.1703,16.1703,0
209.61,2515.32,16.1654,16.1654,0
209.71,2516.52,16.1605,16.1605,0
209.81,2517.72,16.1557,16.1557,0
209.91,2518.92,16.1508,16.1508,0
210.01,2520.12,16.146,16.146,0
210.11,2521.32,16.1411,16.1411,0
210.21,2522.52,16.1362,16.1362,0
210.31,2523.72,16.1314,16.1314,0
210.41,2524.92,16.1266,16.1266,0
210.51,2526.12,16.1217,16.1217,0
210.61,2527.32,16.1169,16.1169,0
210.71,2528.52,16.112,16.112,0
210.81,2529.72,16.1072,16.1072,0
210.91,2530.92,16.1024,16.1024,0
211.01,2532.12,16.0976,16.0976,0
211.11,2533.32,16.0928,16.0928,0
211.21,2534.52,16.088,16.088,0
211.31,2535.72,16.0832,16.0832,0
211.41,2536.92,16.0784,16.0784,0
211.51,2538.12,16.0736,16.0736,0
211.61,2539.32,16.0688,16.0688,0
211.71,2540.52,16.064,16.064,0
211.81,2541.72,16.0592,16.0592,0
211.91,2542.92,16.0544,16.0544,0
212.01,2544.12,16.0497,16.0497,0
212.11,2545.32,16.0449,16.0449,0
212.21,2546.52,16.0401,16.0401,0
212.31,2547.72,16.0354,16.0354,0
212.41,2548.92,16.0306,16.0306,0
212.51,2550.12,16.0259,16.0259,0
212.61,2551.32,16.0211,16.0211,0
212.71,2552.52,16.0164,16.0164,0
212.81,2553.72,16.0116,16.0116,0
212.91,2554.92,16.0069,16.0069,0
213.01,2556.12,16.0022,16.0022,0
213.11,2557.32,15.9975,15.9975,0
213.21,2558.52,15.9927,15.9927,0
213.31,2559.72,15.988,15.988,0
213.41,2560.92,15.9833,15.9833,0
213.51,2562.12,15.9786,15.9786,0
213.61,2563.32,15.9739,15.9739,0
213.71,2564.52,15.9692,15.9692,0
213.81,2565.72,15.9645,15.9645,0
213.91,2566.92,15.9598,15.9598,0
214.01,2568.12,15.9551,15.9551,0
214.11,2569.32,15.9504,15.9504,0
214.21,2570.52,15.9458,15.9458,0
214.31,2571.72,15.9411,15.9411,0
214.41,2572.92,15.9364,15.9364,0
214.51,2574.12,15.9318,15.9318,0
214.61,2575.32,15.9271,15.9271,0
214.71,2576.52,15.9224,15.9224,0
214.81,2577.72,15.9178,15.9178,0
214.91,2578.92,15.9131,15.9131,0
215.01,2580.12,15.9085,15.9085,0
215.11,2581.32,15.9039,15.9039,0
215.21,2582.52,15.8992,15.8992,0
215.31,2583.72,15.8946,15.8946,0
215.41,2584.92,15.89,15.89,0
215.51,2586.12,15.8853,15.8853,0
215.61,2587.32,15.8807,15.8807,0
215.71,2588.52,15.8761,15.8761,0
215.81,2589.72,15.8715,15.8715,0
215.91,2590.92,15.8669,15.8669,0
216.01,2592.12,15.8623,15.8623,0
216.11,2593.32,15.8577,15.8577,0
216.21,2594.52,15.8531,15.8531,0
216.31,2595.72,15.8485,15.8485,0
216.41,2596.92,15.8439,15.8439,0
216.51,2598.12,15.8393,15.8393,0
216.61,2599.32,15.8348,15.8348,0
216.71,2600.52,15.8302,15.8302,0
216.81,2601.72,15.8256,15.8256,0
216.91,2602.92,15.8211,15.8211,0
217.01,2604.12,15.8165,15.8165,0
217.11,2605.32,15.8119,15.8119,0
217.21,2606.52,15.8074,15.8074,0
217.31,2607.72,15.8028,15.8028,0
217.41,2608.92,15.7983,15.7983,0
217.51,2610.12,15.7938,15.7938,0
217.61,2611.32,15.7892,15.7892,0
217.71,2612.52,15.7847,15.7847,0
217.81,2613.72,15.7802,15.7802,0
217.91,2614.92,15.7756,15.7756,0
218.01,2616.12,15.7711,15.7711,0
218.11,2617.32,15.7666,15.7666,0
218.21,2618.52,15.7621,15.7621,0
218.31,2619.72,15.7576,15.7576,0
218.41,2620.92,15.7531,15.7531,0
218.51,2622.12,15.7486,15.7486,0
218.61,2623.32,15.7441,15.7441,0
218.71,2624.52,15.7396,15.7396,0
218.81,2625.72,15.7351,15.7351,0
218.91,2626.92,15.7306,15.7306,0
219.01,2628.12,15.7261,15.7261,0
219.11,2629.32,15.7217,15.7217,0
219.21,2630.52,15.7172,15.7172,0
219.31,2631.72,15.7127,15.7127,0
219.41,2632.92,15.7083,15.7083,0
219.51,2634.12,15.7038,15.7038,0
219.61,2635.32,15.6993,15.6993,0
219.71,2636.52,15.6949,15.6949,0
219.81,2637.72,15.6904,15.6904,0
219.91,2638.92,15.686,15.686,0
220.01,2640.12,15.6816,15.6816,0
220.11,2641.32,15.6771,15.6771,0
220.21,2642.52,15.6727,15.6727,0
220.31,2643.72,15.6683,15.6683,0
220.41,2644.92,15.6638,15.6638,0
220.51,2646.12,15.6594,15.6594,0
220.61,2647.32,15.655,15.655,0
220.71,2648.52,15.6506,15.6506,0
220.81,2649.72,15.6462,15.6462,0
220.91,2650.92,15.6418,15.6418,0
221.01,2652.12,15.6374,15.6374,0
221.11,2653.32,15.633,15.633,0
221.21,2654.52,15.6286,15.6286,0
221.31,2655.72,15.6242,15.6242,0
221.41,2656.92,15.6198,15.6198,0
221.51,2658.12,15.6154,15.6154,0
221.61,2659.32,15.6111,15.6111,0
221.71,2660.52,15.6067,15.6067,0
221.81,2661.72,15.6023,15.6023,0
221.91,2662.92,15.5979,15.5979,0
222.01,2664.12,15.5936,15.5936,0
222.11,2665.32,15.5892,15.5892,0
222.21,2666.52,15.5849,15.5849,0
222.31,2667.72,15.5805,15.5805,0
222.41,2668.92,15.5762,15.5762,0
222.51,2670.12,15.5718,15.5718,0
222.61,2671.32,15.5675,15.5675,0
222.71,2672.52,15.5632,15.5632,0
222.81,2673.72,15.5588,15.5588,0
222.91,2674.92,15.5545,15.5545,0
223.01,2676.12,15.5502,15.5502,0
223.11,2677.32,15.5458,15.5458,0
223.21,2678.52,15.5415,15.5415,0
223.31,2679.72,15.5372,15.5372,0
223.41,2680.92,15.5329,15.5329,0
223.51,2682.12,15.5286,15.5286,0
223.61,2683.32,15.5243,15.5243,0
223.71,2684.52,15.52,15.52,0
223.81,2685.72,15.5157,15.5157,0
223.91,2686.92,15.5114,15.5114,0
224.01,2688.12,15.5071,15.5071,0
224.11,2689.32,15.5028,15.5028,0
224.21,2690.52,15.4986,15.4986,0
224.31,2691.72,15.4943,15.4943,0
224.41,2692.92,15.49,15.49,0
224.51,2694.12,15.4858,15.4858,0
224.61,2695.32,15.4815,15.4815,0
224.71,2696.52,15.4772,15.4772,0
224.81,2697.72,15.473,15.473,0
224.91,2698.92,15.4687,15.4687,0
225.01,2700.12,15.4645,15.4645,0
225.11,2701.32,15.4602,15.4602,0
225.21,2702.52,15.456,15.456,0
225.31,2703.72,15.4517,15.4517,0
225.41,2704.92,15.4475,15.4475,0
225.51,2706.12,15.4433,15.4433,0
225.61,2707.32,15.439,15.439,0
225.71,2708.52,15.4348,15.4348,0
225.81,2709.72,15.4306,15.4306,0
225.91,2710.92,15.4264,15.4264,0
226.01,2712.12,15.4222,15.4222,0
226.11,2713.32,15.418,15.418,0
226.21,2714.52,15.4138,15.4138,0
226.31,2715.72,15.4096,15.4096,0
226.41,2716.92,15.4054,15.4054,0
226.51,2718.12,15.4012,15.4012,0
226.61,2719.32,15.397,15.397,0
226.71,2720.52,15.3928,15.3928,0
226.81,2721.72,15.3886,15.3886,0
226.91,2722.92,15.3844,15.3844,0
227.01,2724.12,15.3802,15.3802,0
227.11,2725.32,15.3761,15.3761,0
227.21,2726.52,15.3719,15.3719,0
227.31,2727.72,15.3677,15.3677,0
227.41,2728.92,15.3636,15.3636,0
227.51,2730.12,15.3594,15.3594,0
227.61,2731.32,15.3553,15.3553,0
227.71,2732.52,15.3511,15.3511,0
227.81,2733.72,15.347,15.347,0
227.91,2734.92,15.3428,15.3428,0
228.01,2736.12,15.3387,15.3387,0
228.11,2737.32,15.3345,15.3345,0
228.21,2738.52,15.3304,15.3304,0
228.31,2739.72,15.3263,15.3263,0
228.41,2740.92,15.3221,15.3221,0
228.51,2742.12,15.318,15.318,0
228.61,2743.32,15.3139,15.3139,0
228.71,2744.52,15.3098,15.3098,0
228.81,2745.72,15.3057,15.3057,0
228.91,2746.92,15.3016,15.3016,0
229.01,2748.12,15.2975,15.2975,0
229.11,2749.32,15.2934,15.2934,0
229.21,2750.52,15.2893,15.2893,0
229.31,2751.72,15.2852,15.2852,0
229.41,2752.92,15.2811,15.2811,0
229.51,2754.12,15.277,15.277,0
229.61,2755.32,15.2729,15.2729,0
229.71,2756.52,15.2688,15.2688,0
229.81,2757.72,15.2647,15.2647,0
229.91,2758.92,15.2607,15.2607,0
230.01,2760.12,15.2566,15.2566,0
230.11,2761.32,15.2525,15.2525,0
230.21,2762.52,15.2485,15.2485,0
230.31,2763.72,15.2444,15.2444,0
230.41,2764.92,15.2403,15.2403,0
230.51,2766.12,15.2363,15.2363,0
230.61,2767.32,15.2322,15.2322,0
230.71,2768.52,15.2282,15.2282,0
230.81,2769.72,15.2242,15.2242,0
230.91,2770.92,15.2201,15.2201,0
231.01,2772.12,15.2161,15.2161,0
231.11,2773.32,15.212,15.212,0
231.21,2774.52,15.208,15.208,0
231.31,2775.72,15.204,15.204,0
231.41,2776.92,15.2,15.2,0
231.51,2778.12,15.1959,15.1959,0
231.61,2779.32,15.1919,15.1919,0
231.71,2780.52,15.1879,15.1879,0
231.81,2781.72,15.1839,15.1839,0
231.91,2782.92,15.1799,15.1799,0
232.01,2784.12,15.1759,15.1759,0
232.11,2785.32,15.1719,15.1719,0
232.21,2786.52,15.1679,15.1679,0
232.31,2787.72,15.1639,15.1639,0
232.41,2788.92,15.1599,15.1599,0
232.51,2790.12,15.1559,15.1559,0
232.61,2791.32,15.152,15.152,0
232.71,2792.52,15.148,15.148,0
232.81,2793.72,15.144,15.144,0
232.91,2794.92,15.14,15.14,0
233.01,2796.12,15.1361,15.1361,0
233.11,2797.32,15.1321,15.1321,0
233.21,2798.52,15.1281,15.1281,0
233.31,2799.72,15.1242,15.1242,0
233.41,2800.92,15.1202,15.1202,0
233.51,2802.12,15.1163,15.1163,0
233.61,2803.32,15.1123,15.1123,0
233.71,2804.52,15.1084,15.1084,0
233.81,2805.72,15.1044,15.1044,0
233.91,2806.92,15.1005,15.1005,0
234.01,2808.12,15.0966,15.0966,0
234.11,2809.32,15.0926,15.0926,0
234.21,2810.52,15.0887,15.0887,0
234.31,2811.72,15.0848,15.0848,0
234.41,2812.92,15.0808,15.0808,0
234.51,2814.12,15.0769,15.0769,0
234.61,2815.32,15.073,15.073,0
234.71,2816.52,15.0691,15.0691,0
234.81,2817.72,15.0652,15.0652,0
234.91,2818.92,15.0613,15.0613,0
235.01,2820.12,15.0574,15.0574,0
235.11,2821.32,15.0535,15.0535,0
235.21,2822.52,15.0496,15.0496,0
235.31,2823.72,15.0457,15.0457,0
235.41,2824.92,15.0418,15.0418,0
235.51,2826.12,15.0379,15.0379,0
235.61,2827.32,15.034,15.034,0
235.71,2828.52,15.0301,15.0301,0
235.81,2829.72,15.0263,15.0263,0
235.91,2830.92,15.0224,15.0224,0
236.01,2832.12,15.0185,15.0185,0
236.11,2833.32,15.0147,15.0147,0
236.21,2834.52,15.0108,15.0108,0
236.31,2835.72,15.0069,15.0069,0
236.41,2836.92,15.0031,15.0031,0
236.51,2838.12,14.9992,14.9992,0
236.61,2839.32,14.9954,14.9954,0
236.71,2840.52,14.9915,14.9915,0
236.81,2841.72,14.9877,14.9877,0
236.91,2842.92,14.9838,14.9838,0
237.01,2844.12,14.98,14.98,0
237.11,2845.32,14.9762,14.9762,0
237.21,2846.52,14.9723,14.9723,0
237.31,2847.72,14.9685,14.9685,0
237.41,2848.92,14.9647,14.9647,0
237.51,2850.12,14.9608,14.9608,0
237.61,2851.32,14.957,14.957,0
237.71,2852.52,14.9532,14.9532,0
237.81,2853.72,14.9494,14.9494,0
237.91,2854.92,14.9456,14.9456,0
238.01,2856.12,14.9418,14.9418,0
238.11,2857.32,14.938,14.938,0
238.21,2858.52,14.9342,14.9342,0
238.31,2859.72,14.9304,14.9304,0
238.41,2860.92,14.9266,14.9266,0
238.51,2862.12,14.9228,14.9228,0
238.61,2863.32,14.919,14.919,0
238.71,2864.52,14.9152,14.9152,0
238.81,2865.72,14.9114,14.9114,0
238.91,2866.92,14.9076,14.9076,0
239.01,2868.12,14.9039,14.9039,0
239.11,2869.32,14.9001,14.9001,0
239.21,2870.52,14.8963,14.8963,0
239.31,2871.72,14.8926,14.8926,0
239.41,2872.92,14.8888,14.8888,0
239.51,2874.12,14.885,14.885,0
239.61,2875.32,14.8813,14.8813,0
239.71,2876.52,14.8775,14.8775,0
239.81,2877.72,14.8738,14.8738,0
239.91,2878.92,14.87,14.87,0
240.01,2880.12,14.8663,14.8663,0
240.11,2881.32,14.8625,14.8625,0
240.21,2882.52,14.8588,14.8588,0
240.31,2883.72,14.8551,14.8551,0
240.41,2884.92,14.8513,14.8513,0
240.51,2886.12,14.8476,14.8476,0
240.61,2887.32,14.8439,14.8439,0
240.71,2888.52,14.8401,14.8401,0
240.81,2889.72,14.8364,14.8364,0
240.91,2890.92,14.8327,14.8327,0
241.01,2892.12,14.829,14.829,0
241.11,2893.32,14.8253,14.8253,0
241.21,2894.52,14.8216,14.8216,0
241.31,2895.72,14.8179,14.8179,0
241.41,2896.92,14.8142,14.8142,0
241.51,2898.12,14.8105,14.8105,0
241.61,2899.32,14.8068,14.8068,0
241.71,2900.52,14.8031,14.8031,0
241.81,2901.72,14.7994,14.7994,0
241.91,2902.92,14.7957,14.7957,0
242.01,2904.12,14.792,14.792,0
242.11,2905.32,14.7883,14.7883,0
242.21,2906.52,14.7846,14.7846,0
242.31,2907.72,14.781,14.781,0
242.41,2908.92,14.7773,14.7773,0
242.51,2910.12,14.7736,14.7736,0
242.61,2911.32,14.77,14.77,0
242.71,2912.52,14.7663,14.7663,0
242.81,2913.72,14.7626,14.7626,0
242.91,2914.92,14.759,14.759,0
243.01,2916.12,14.7553,14.7553,0
243.11,2917.32,14.7517,14.7517,0
243.21,2918.52,14.748,14.748,0
243.31,2919.72,14.7444,14.7444,0
243.41,2920.92,14.7407,14.7407,0
243.51,2922.12,14.7371,14.7371,0
243.61,2923.32,14.7335,14.7335,0
243.71,2924.52,14.7298,14.7298,0
243.81,2925.72,14.7262,14.7262,0
243.91,2926.92,14.7226,14.7226,0
244.01,2928.12,14.7189,14.7189,0
244.11,2929.32,14.7153,14.7153,0
244.21,2930.52,14.7117,14.7117,0
244.31,2931.72,14.7081,14.7081,0
244.41,2932.92,14.7045,14.7045,0
244.51,2934.12,14.7008,14.7008,0
244.61,2935.32,14.6972,14.6972,0
244.71,2936.52,14.6936,14.6936,0
244.81,2937.72,14.69,14.69,0
244.91,2938.92,14.6864,14.6864,0
245.01,2940.12,14.6828,14.6828,0
245.11,2941.32,14.6792,14.6792,0
245.21,2942.52,14.6756,14.6756,0
245.31,2943.72,14.6721,14.6721,0
245.41,2944.92,14.6685,14.6685,0
245.51,2946.12,14.6649,14.6649,0
245.61,2947.32,14.6613,14.6613,0
245.71,2948.52,14.6577,14.6577,0
245.81,2949.72,14.6542,14.6542,0
245.91,2950.92,14.6506,14.6506,0
246.01,2952.12,14.647,14.647,0
246.11,2953.32,14.6435,14.6435,0
246.21,2954.52,14.6399,14.6399,0
246.31,2955.72,14.6363,14.6363,0
246.41,2956.92,14.6328,14.6328,0
246.51,2958.12,14.6292,14.6292,0
246.61,2959.32,14.6257,14.6257,0
246.71,2960.52,14.6221,14.6221,0
246.81,2961.72,14.6186,14.6186,0
246.91,2962.92,14.615,14.615,0
247.01,2964.12,14.6115,14.6115,0
247.11,2965.32,14.608,14.608,0
247.21,2966.52,14.6044,14.6044,0
247.31,2967.72,14.6009,14.6009,0
247.41,2968.92,14.5974,14.5974,0
247.51,2970.12,14.5938,14.5938,0
247.61,2971.32,14.5903,14.5903,0
247.71,2972.52,14.5868,14.5868,0
247.81,2973.72,14.5833,14.5833,0
247.91,2974.92,14.5798,14.5798,0
248.01,2976.12,14.5762,14.5762,0
248.11,2977.32,14.5727,14.5727,0
248.21,2978.52,14.5692,14.5692,0
248.31,2979.72,14.5657,14.5657,0
248.41,2980.92,14.5622,14.5622,0
248.51,2982.12,14.5587,14.5587,0
248.61,2983.32,14.5552,14.5552,0
248.71,2984.52,14.5517,14.5517,0
248.81,2985.72,14.5482,14.5482,0
248.91,2986.92,14.5448,14.5448,0
249.01,2988.12,14.5413,14.5413,0
249.11,2989.32,14.5378,14.5378,0
249.21,2990.52,14.5343,14.5343,0
249.31,2991.72,14.5308,14.5308,0
249.41,2992.92,14.5274,14.5274,0
249.51,2994.12,14.5239,14.5239,0
249.61,2995.32,14.5204,14.5204,0
249.71,2996.52,14.517,14.517,0
249.81,2997.72,14.5135,14.5135,0
249.91,2998.92,14.51,14.51,0
250.01,3000.12,14.5066,14.5066,0
250.11,3001.32,14.5031,14.5031,0
250.21,3002.52,14.4997,14.4997,0
250.31,3003.72,14.4962,14.4962,0
250.41,3004.92,14.4928,14.4928,0
250.51,3006.12,14.4893,14.4893,0
250.61,3007.32,14.4859,14.4859,0
250.71,3008.52,14.4825,14.4825,0
250.81,3009.72,14.479,14.479,0
250.91,3010.92,14.4756,14.4756,0
251.01,3012.12,14.4722,14.4722,0
251.11,3013.32,14.4687,14.4687,0
251.21,3014.52,14.4653,14.4653,0
251.31,3015.72,14.4619,14.4619,0
251.41,3016.92,14.4585,14.4585,0
251.51,3018.12,14.4551,14.4551,0
251.61,3019.32,14.4516,14.4516,0
251.71,3020.52,14.4482,14.4482,0
251.81,3021.72,14.4448,14.4448,0
251.91,3022.92,14.4414,14.4414,0
252.01,3024.12,14.438,14.438,0
252.11,3025.32,14.4346,14.4346,0
252.21,3026.52,14.4312,14.4312,0
252.31,3027.72,14.4278,14.4278,0
252.41,3028.92,14.4244,14.4244,0
252.51,3030.12,14.421,14.421,0
252.61,3031.32,14.4176,14.4176,0
252.71,3032.52,14.4143,14.4143,0
252.81,3033.72,14.4109,14.4109,0
252.91,3034.92,14.4075,14.4075,0
253.01,3036.12,14.4041,14.4041,0
253.11,3037.32,14.4007,14.4007,0
253.21,3038.52,14.3974,14.3974,0
253.31,3039.72,14.394,14.394,0
253.41,3040.92,14.3906,14.3906,0
253.51,3042.12,14.3873,14.3873,0
253.61,3043.32,14.3839,14.3839,0
253.71,3044.52,14.3806,14.3806,0
253.81,3045.72,14.3772,14.3772,0
253.91,3046.92,14.3738,14.3738,0
254.01,3048.12,14.3705,14.3705,0
254.11,3049.32,14.3671,14.3671,0
254.21,3050.52,14.3638,14.3638,0
254.31,3051.72,14.3605,14.3605,0
254.41,3052.92,14.3571,14.3571,0
254.51,3054.12,14.3538,14.3538,0
254.61,3055.32,14.3504,14.3504,0
254.71,3056.52,14.3471,14.3471,0
254.81,3057.72,14.3438,14.3438,0
254.91,3058.92,14.3405,14.3405,0
255.01,3060.12,14.3371,14.3371,0
255.11,3061.32,14.3338,14.3338,0
255.21,3062.52,14.3305,14.3305,0
255.31,3063.72,14.3272,14.3272,0
255.41,3064.92,14.3239,14.3239,0
255.51,3066.12,14.3205,14.3205,0
255.61,3067.32,14.3172,14.3172,0
255.71,3068.52,14.3139,14.3139,0
255.81,3069.72,14.3106,14.3106,0
255.91,3070.92,14.3073,14.3073,0
256.01,3072.12,14.304,14.304,0
256.11,3073.32,14.3007,14.3007,0
256.21,3074.52,14.2974,14.2974,0
256.31,3075.72,14.2941,14.2941,0
256.41,3076.92,14.2908,14.2908,0
256.51,3078.12,14.2876,14.2876,0
256.61,3079.32,14.2843,14.2843,0
256.71,3080.52,14.281,14.281,0
256.81,3081.72,14.2777,14.2777,0
256.91,3082.92,14.2744,14.2744,0
257.01,3084.12,14.2712,14.2712,0
257.11,3085.32,14.2679,14.2679,0
257.21,3086.52,14.2646,14.2646,0
257.31,3087.72,14.2614,14.2614,0
257.41,3088.92,14.2581,14.2581,0
257.51,3090.12,14.2548,14.2548,0
257.61,3091.32,14.2516,14.2516,0
257.71,3092.52,14.2483,14.2483,0
257.81,3093.72,14.2451,14.2451,0
257.91,3094.92,14.2418,14.2418,0
258.01,3096.12,14.2386,14.2386,0
258.11,3097.32,14.2353,14.2353,0
258.21,3098.52,14.2321,14.2321,0
258.31,3099.72,14.2288,14.2288,0
258.41,3100.92,14.2256,14.2256,0
258.51,3102.12,14.2223,14.2223,0
258.61,3103.32,14.2191,14.2191,0
258.71,3104.52,14.2159,14.2159,0
258.81,3105.72,14.2127,14.2127,0
258.91,3106.92,14.2094,14.2094,0
259.01,3108.12,14.2062,14.2062,0
259.11,3109.32,14.203,14.203,0
259.21,3110.52,14.1998,14.1998,0
259.31,3111.72,14.1965,14.1965,0
259.41,3112.92,14.1933,14.1933,0
259.51,3114.12,14.1901,14.1901,0
259.61,3115.32,14.1869,14.1869,0
259.71,3116.52,14.1837,14.1837,0
259.81,3117.72,14.1805,14.1805,0
259.91,3118.92,14.1773,14.1773,0
260.01,3120.12,14.1741,14.1741,0
260.11,3121.32,14.1709,14.1709,0
260.21,3122.52,14.1677,14.1677,0
260.31,3123.72,14.1645,14.1645,0
260.41,3124.92,14.1613,14.1613,0
260.51,3126.12,14.1581,14.1581,0
260.61,3127.32,14.1549,14.1549,0
260.71,3128.52,14.1518,14.1518,0
260.81,3129.72,14.1486,14.1486,0
260.91,3130.92,14.1454,14.1454,0
261.01,3132.12,14.1422,14.1422,0
261.11,3133.32,14.139,14.139,0
261.21,3134.52,14.1359,14.1359,0
261.31,3135.72,14.1327,14.1327,0
261.41,3136.92,14.1295,14.1295,0
261.51,3138.12,14.1264,14.1264,0
261.61,3139.32,14.1232,14.1232,0
261.71,3140.52,14.12,14.12,0
261.81,3141.72,14.1169,14.1169,0
261.91,3142.92,14.1137,14.1137,0
262.01,3144.12,14.1106,14.1106,0
262.11,3145.32,14.1074,14.1074,0
262.21,3146.52,14.1043,14.1043,0
262.31,3147.72,14.1011,14.1011,0
262.41,3148.92,14.098,14.098,0
262.51,3150.12,14.0949,14.0949,0
262.61,3151.32,14.0917,14.0917,0
262.71,3152.52,14.0886,14.0886,0
262.81,3153.72,14.0855,14.0855,0
262.91,3154.92,14.0823,14.0823,0
263.01,3156.12,14.0792,14.0792,0
263.11,3157.32,14.0761,14.0761,0
263.21,3158.52,14.0729,14.0729,0
263.31,3159.72,14.0698,14.0698,0
263.41,3160.92,14.0667,14.0667,0
263.51,3162.12,14.0636,14.0636,0
263.61,3163.32,14.0605,14.0605,0
263.71,3164.52,14.0574,14.0574,0
263.81,3165.72,14.0542,14.0542,0
263.91,3166.92,14.0511,14.0511,0
264.01,3168.12,14.048,14.048,0
264.11,3169.32,14.0449,14.0449,0
264.21,3170.52,14.0418,14.0418,0
264.31,3171.72,14.0387,14.0387,0
264.41,3172.92,14.0356,14.0356,0
264.51,3174.12,14.0325,14.0325,0
264.61,3175.32,14.0294,14.0294,0
264.71,3176.52,14.0264,14.0264,0
264.81,3177.72,14.0233,14.0233,0
264.91,3178.92,14.0202,14.0202,0
265.01,3180.12,14.0171,14.0171,0
265.11,3181.32,14.014,14.014,0
265.21,3182.52,14.0109,14.0109,0
265.31,3183.72,14.0079,14.0079,0
265.41,3184.92,14.0048,14.0048,0
265.51,3186.12,14.0017,14.0017,0
265.61,3187.32,13.9987,13.9987,0
265.71,3188.52,13.9956,13.9956,0
265.81,3189.72,13.9925,13.9925,0
265.91,3190.92,13.9895,13.9895,0
266.01,3192.12,13.9864,13.9864,0
266.11,3193.32,13.9833,13.9833,0
266.21,3194.52,13.9803,13.9803,0
266.31,3195.72,13.9772,13.9772,0
266.41,3196.92,13.9742,13.9742,0
266.51,3198.12,13.9711,13.9711,0
266.61,3199.32,13.9681,13.9681,0
266.71,3200.52,13.9651,13.9651,0
266.81,3201.72,13.962,13.962,0
266.91,3202.92,13.959,13.959,0
267.01,3204.12,13.9559,13.9559,0
267.11,3205.32,13.9529,13.9529,0
267.21,3206.52,13.9499,13.9499,0
267.31,3207.72,13.9468,13.9468,0
267.41,3208.92,13.9438,13.9438,0
267.51,3210.12,13.9408,13.9408,0
267.61,3211.32,13.9378,13.9378,0
267.71,3212.52,13.9347,13.9347,0
267.81,3213.72,13.9317,13.9317,0
267.91,3214.92,13.9287,13.9287,0
268.01,3216.12,13.9257,13.9257,0
268.11,3217.32,13.9227,13.9227,0
268.21,3218.52,13.9197,13.9197,0
268.31,3219.72,13.9167,13.9167,0
268.41,3220.92,13.9137,13.9137,0
268.51,3222.12,13.9106,13.9106,0
268.61,3223.32,13.9076,13.9076,0
268.71,3224.52,13.9046,13.9046,0
268.81,3225.72,13.9016,13.9016,0
268.91,3226.92,13.8987,13.8987,0
269.01,3228.12,13.8957,13.8957,0
269.11,3229.32,13.8927,13.8927,0
269.21,3230.52,13.8897,13.8897,0
269.31,3231.72,13.8867,13.8867,0
269.41,3232.92,13.8837,13.8837,0
269.51,3234.12,13.8807,13.8807,0
269.61,3235.32,13.8778,13.8778,0
269.71,3236.52,13.8748,13.8748,0
269.81,3237.72,13.8718,13.8718,0
269.91,3238.92,13.8688,13.8688,0
270.01,3240.12,13.8659,13.8659,0
270.11,3241.32,13.8629,13.8629,0
270.21,3242.52,13.8599,13.8599,0
270.31,3243.72,13.857,13.857,0
270.41,3244.92,13.854,13.854,0
270.51,3246.12,13.851,13.851,0
270.61,3247.32,13.8481,13.8481,0
270.71,3248.52,13.8451,13.8451,0
270.81,3249.72,13.8422,13.8422,0
270.91,3250.92,13.8392,13.8392,0
271.01,3252.12,13.8363,13.8363,0
271.11,3253.32,13.8333,13.8333,0
271.21,3254.52,13.8304,13.8304,0
271.31,3255.72,13.8274,13.8274,0
271.41,3256.92,13.8245,13.8245,0
271.51,3258.12,13.8216,13.8216,0
271.61,3259.32,13.8186,13.8186,0
271.71,3260.52,13.8157,13.8157,0
271.81,3261.72,13.8128,13.8128,0
271.91,3262.92,13.8098,13.8098,0
272.01,3264.12,13.8069,13.8069,0
272.11,3265.32,13.804,13.804,0
272.21,3266.52,13.801,13.801,0
272.31,3267.72,13.7981,13.7981,0
272.41,3268.92,13.7952,13.7952,0
272.51,3270.12,13.7923,13.7923,0
272.61,3271.32,13.7894,13.7894,0
272.71,3272.52,13.7865,13.7865,0
272.81,3273.72,13.7836,13.7836,0
272.91,3274.92,13.7806,13.7806,0
273.01,3276.12,13.7777,13.7777,0
273.11,3277.32,13.7748,13.7748,0
273.21,3278.52,13.7719,13.7719,0
273.31,3279.72,13.769,13.769,0
273.41,3280.92,13.7661,13.7661,0
273.51,3282.12,13.7632,13.7632,0
273.61,3283.32,13.7603,13.7603,0
273.71,3284.52,13.7574,13.7574,0
273.81,3285.72,13.7546,13.7546,0
273.91,3286.92,13.7517,13.7517,0
274.01,3288.12,13.7488,13.7488,0
274.11,3289.32,13.7459,13.7459,0
274.21,3290.52,13.743,13.743,0
274.31,3291.72,13.7401,13.7401,0
274.41,3292.92,13.7373,13.7373,0
274.51,3294.12,13.7344,13.7344,0
274.61,3295.32,13.7315,13.7315,0
274.71,3296.52,13.7286,13.7286,0
274.81,3297.72,13.7258,13.7258,0
274.91,3298.92,13.7229,13.7229,0
275.01,3300.12,13.72,13.72,0
275.11,3301.32,13.7172,13.7172,0
275.21,3302.52,13.7143,13.7143,0
275.31,3303.72,13.7115,13.7115,0
275.41,3304.92,13.7086,13.7086,0
275.51,3306.12,13.7058,13.7058,0
275.61,3307.32,13.7029,13.7029,0
275.71,3308.52,13.7,13.7,0
275.81,3309.72,13.6972,13.6972,0
275.91,3310.92,13.6944,13.6944,0
276.01,3312.12,13.6915,13.6915,0
276.11,3313.32,13.6887,13.6887,0
276.21,3314.52,13.6858,13.6858,0
276.31,3315.72,13.683,13.683,0
276.41,3316.92,13.6802,13.6802,0
276.51,3318.12,13.6773,13.6773,0
276.61,3319.32,13.6745,13.6745,0
276.71,3320.52,13.6717,13.6717,0
276.81,3321.72,13.6688,13.6688,0
276.91,3322.92,13.666,13.666,0
277.01,3324.12,13.6632,13.6632,0
277.11,3325.32,13.6604,13.6604,0
277.21,3326.52,13.6575,13.6575,0
277.31,3327.72,13.6547,13.6547,0
277.41,3328.92,13.6519,13.6519,0
277.51,3330.12,13.6491,13.6491,0
277.61,3331.32,13.6463,13.6463,0
277.71,3332.52,13.6435,13.6435,0
277.81,3333.72,13.6407,13.6407,0
277.91,3334.92,13.6379,13.6379,0
278.01,3336.12,13.635,13.635,0
278.11,3337.32,13.6322,13.6322,0
278.21,3338.52,13.6294,13.6294,0
278.31,3339.72,13.6266,13.6266,0
278.41,3340.92,13.6239,13.6239,0
278.51,3342.12,13.6211,13.6211,0
278.61,3343.32,13.6183,13.6183,0
278.71,3344.52,13.6155,13.6155,0
278.81,3345.72,13.6127,13.6127,0
278.91,3346.92,13.6099,13.6099,0
279.01,3348.12,13.6071,13.6071,0
279.11,3349.32,13.6043,13.6043,0
279.21,3350.52,13.6016,13.6016,0
279.31,3351.72,13.5988,13.5988,0
279.41,3352.92,13.596,13.596,0
279.51,3354.12,13.5932,13.5932,0
279.61,3355.32,13.5905,13.5905,0
279.71,3356.52,13.5877,13.5877,0
279.81,3357.72,13.5849,13.5849,0
279.91,3358.92,13.5822,13.5822,0
280.01,3360.12,13.5794,13.5794,0
280.11,3361.32,13.5766,13.5766,0
280.21,3362.52,13.5739,13.5739,0
280.31,3363.72,13.5711,13.5711,0
280.41,3364.92,13.5683,13.5683,0
280.51,3366.12,13.5656,13.5656,0
280.61,3367.32,13.5628,13.5628,0
280.71,3368.52,13.5601,13.5601,0
280.81,3369.72,13.5573,13.5573,0
280.91,3370.92,13.5546,13.5546,0
281.01,3372.12,13.5518,13.5518,0
281.11,3373.32,13.5491,13.5491,0
281.21,3374.52,13.5464,13.5464,0
281.31,3375.72,13.5436,13.5436,0
281.41,3376.92,13.5409,13.5409,0
281.51,3378.12,13.5382,13.5382,0
281.61,3379.32,13.5354,13.5354,0
281.71,3380.52,13.5327,13.5327,0
281.81,3381.72,13.53,13.53,0
281.91,3382.92,13.5272,13.5272,0
282.01,3384.12,13.5245,13.5245,0
282.11,3385.32,13.5218,13.5218,0
282.21,3386.52,13.5191,13.5191,0
282.31,3387.72,13.5163,13.5163,0
282.41,3388.92,13.5136,13.5136,0
282.51,3390.12,13.5109,13.5109,0
282.61,3391.32,13.5082,13.5082,0
282.71,3392.52,13.5055,13.5055,0
282.81,3393.72,13.5028,13.5028,0
282.91,3394.92,13.5001,13.5001,0
283.01,3396.12,13.4974,13.4974,0
283.11,3397.32,13.4947,13.4947,0
283.21,3398.52,13.4919,13.4919,0
283.31,3399.72,13.4892,13.4892,0
283.41,3400.92,13.4865,13.4865,0
283.51,3402.12,13.4839,13.4839,0
283.61,3403.32,13.4812,13.4812,0
283.71,3404.52,13.4785,13.4785,0
283.81,3405.72,13.4758,13.4758,0
283.91,3406.92,13.4731,13.4731,0
284.01,3408.12,13.4704,13.4704,0
284.11,3409.32,13.4677,13.4677,0
284.21,3410.52,13.465,13.465,0
284.31,3411.72,13.4623,13.4623,0
284.41,3412.92,13.4597,13.4597,0
284.51,3414.12,13.457,13.457,0
284.61,3415.32,13.4543,13.4543,0
284.71,3416.52,13.4516,13.4516,0
284.81,3417.72,13.449,13.449,0
284.91,3418.92,13.4463,13.4463,0
285.01,3420.12,13.4436,13.4436,0
285.11,3421.32,13.441,13.441,0
285.21,3422.52,13.4383,13.4383,0
285.31,3423.72,13.4356,13.4356,0
285.41,3424.92,13.433,13.433,0
285.51,3426.12,13.4303,13.4303,0
285.61,3427.32,13.4276,13.4276,0
285.71,3428.52,13.425,13.425,0
285.81,3429.72,13.4223,13.4223,0
285.91,3430.92,13.4197,13.4197,0
286.01,3432.12,13.417,13.417,0
286.11,3433.32,13.4144,13.4144,0
286.21,3434.52,13.4117,13.4117,0
286.31,3435.72,13.4091,13.4091,0
286.41,3436.92,13.4065,13.4065,0
286.51,3438.12,13.4038,13.4038,0
286.61,3439.32,13.4012,13.4012,0
286.71,3440.52,13.3985,13.3985,0
286.81,3441.72,13.3959,13.3959,0
286.91,3442.92,13.3933,13.3933,0
287.01,3444.12,13.3906,13.3906,0
287.11,3445.32,13.388,13.388,0
287.21,3446.52,13.3854,13.3854,0
287.31,3447.72,13.3827,13.3827,0
287.41,3448.92,13.3801,13.3801,0
287.51,3450.12,13.3775,13.3775,0
287.61,3451.32,13.3749,13.3749,0
287.71,3452.52,13.3723,13.3723,0
287.81,3453.72,13.3696,13.3696,0
287.91,3454.92,13.367,13.367,0
288.01,3456.12,13.3644,13.3644,0
288.11,3457.32,13.3618,13.3618,0
288.21,3458.52,13.3592,13.3592,0
288.31,3459.72,13.3566,13.3566,0
288.41,3460.92,13.354,13.354,0
288.51,3462.12,13.3514,13.3514,0
288.61,3463.32,13.3488,13.3488,0
288.71,3464.52,13.3462,13.3462,0
288.81,3465.72,13.3436,13.3436,0
288.91,3466.92,13.341,13.341,0
289.01,3468.12,13.3384,13.3384,0
289.11,3469.32,13.3358,13.3358,0
289.21,3470.52,13.3332,13.3332,0
289.31,3471.72,13.3306,13.3306,0
289.41,3472.92,13.328,13.328,0
289.51,3474.12,13.3254,13.3254,0
289.61,3475.32,13.3228,13.3228,0
289.71,3476.52,13.3202,13.3202,0
289.81,3477.72,13.3177,13.3177,0
289.91,3478.92,13.3151,13.3151,0
290.01,3480.12,13.3125,13.3125,0
290.11,3481.32,13.3099,13.3099,0
290.21,3482.52,13.3074,13.3074,0
290.31,3483.72,13.3048,13.3048,0
290.41,3484.92,13.3022,13.3022,0
290.51,3486.12,13.2996,13.2996,0
290.61,3487.32,13.2971,13.2971,0
290.71,3488.52,13.2945,13.2945,0
290.81,3489.72,13.2919,13.2919,0
290.91,3490.92,13.2894,13.2894,0
291.01,3492.12,13.2868,13.2868,0
291.11,3493.32,13.2843,13.2843,0
291.21,3494.52,13.2817,13.2817,0
291.31,3495.72,13.2792,13.2792,0
291.41,3496.92,13.2766,13.2766,0
291.51,3498.12,13.274,13.274,0
291.61,3499.32,13.2715,13.2715,0
291.71,3500.52,13.2689,13.2689,0
291.81,3501.72,13.2664,13.2664,0
291.91,3502.92,13.2639,13.2639,0
292.01,3504.12,13.2613,13.2613,0
292.11,3505.32,13.2588,13.2588,0
292.21,3506.52,13.2562,13.2562,0
292.31,3507.72,13.2537,13.2537,0
292.41,3508.92,13.2512,13.2512,0
292.51,3510.12,13.2486,13.2486,0
292.61,3511.32,13.2461,13.2461,0
292.71,3512.52,13.2436,13.2436,0
292.81,3513.72,13.241,13.241,0
292.91,3514.92,13.2385,13.2385,0
293.01,3516.12,13.236,13.236,0
293.11,3517.32,13.2335,13.2335,0
293.21,3518.52,13.2309,13.2309,0
293.31,3519.72,13.2284,13.2284,0
293.41,3520.92,13.2259,13.2259,0
293.51,3522.12,13.2234,13.2234,0
293.61,3523.32,13.2209,13.2209,0
293.71,3524.52,13.2183,13.2183,0
293.81,3525.72,13.2158,13.2158,0
293.91,3526.92,13.2133,13.2133,0
294.01,3528.12,13.2108,13.2108,0
294.11,3529.32,13.2083,13.2083,0
294.21,3530.52,13.2058,13.2058,0
294.31,3531.72,13.2033,13.2033,0
294.41,3532.92,13.2008,13.2008,0
294.51,3534.12,13.1983,13.1983,0
294.61,3535.32,13.1958,13.1958,0
294.71,3536.52,13.1933,13.1933,0
294.81,3537.72,13.1908,13.1908,0
294.91,3538.92,13.1883,13.1883,0
295.01,3540.12,13.1858,13.1858,0
295.11,3541.32,13.1833,13.1833,0
295.21,3542.52,13.1808,13.1808,0
295.31,3543.72,13.1783,13.1783,0
295.41,3544.92,13.1759,13.1759,0
295.51,3546.12,13.1734,13.1734,0
295.61,3547.32,13.1709,13.1709,0
295.71,3548.52,13.1684,13.1684,0
295.81,3549.72,13.1659,13.1659,0
295.91,3550.92,13.1635,13.1635,0
296.01,3552.12,13.161,13.161,0
296.11,3553.32,13.1585,13.1585,0
296.21,3554.52,13.156,13.156,0
296.31,3555.72,13.1536,13.1536,0
296.41,3556.92,13.1511,13.1511,0
296.51,3558.12,13.1486,13.1486,0
296.61,3559.32,13.1462,13.1462,0
296.71,3560.52,13.1437,13.1437,0
296.81,3561.72,13.1412,13.1412,0
296.91,3562.92,13.1388,13.1388,0
297.01,3564.12,13.1363,13.1363,0
297.11,3565.32,13.1339,13.1339,0
297.21,3566.52,13.1314,13.1314,0
297.31,3567.72,13.129,13.129,0
297.41,3568.92,13.1265,13.1265,0
297.51,3570.12,13.1241,13.1241,0
297.61,3571.32,13.1216,13.1216,0
297.71,3572.52,13.1192,13.1192,0
297.81,3573.72,13.1167,13.1167,0
297.91,3574.92,13.1143,13.1143,0
298.01,3576.12,13.1118,13.1118,0
298.11,3577.32,13.1094,13.1094,0
298.21,3578.52,13.107,13.107,0
298.31,3579.72,13.1045,13.1045,0
298.41,3580.92,13.1021,13.1021,0
298.51,3582.12,13.0996,13.0996,0
298.61,3583.32,13.0972,13.0972,0
298.71,3584.52,13.0948,13.0948,0
298.81,3585.72,13.0924,13.0924,0
298.91,3586.92,13.0899,13.0899,0
299.01,3588.12,13.0875,13.0875,0
299.11,3589.32,13.0851,13.0851,0
299.21,3590.52,13.0827,13.0827,0
299.31,3591.72,13.0802,13.0802,0
299.41,3592.92,13.0778,13.0778,0
299.51,3594.12,13.0754,13.0754,0
299.61,3595.32,13.073,13.073,0
299.71,3596.52,13.0706,13.0706,0
299.81,3597.72,13.0682,13.0682,0
299.91,3598.92,13.0657,13.0657,0
300.01,3600.12,13.0633,13.0633,0
300.11,3601.32,13.0609,13.0609,0
300.21,3602.52,13.0585,13.0585,0
300.31,3603.72,13.0561,13.0561,0
300.41,3604.92,13.0537,13.0537,0
300.51,3606.12,13.0513,13.0513,0
300.61,3607.32,13.0489,13.0489,0
300.71,3608.52,13.0465,13.0465,0
300.81,3609.72,13.0441,13.0441,0
300.91,3610.92,13.0417,13.0417,0
301.01,3612.12,13.0393,13.0393,0
301.11,3613.32,13.0369,13.0369,0
301.21,3614.52,13.0345,13.0345,0
301.31,3615.72,13.0322,13.0322,0
301.41,3616.92,13.0298,13.0298,0
301.51,3618.12,13.0274,13.0274,0
301.61,3619.32,13.025,13.025,0
301.71,3620.52,13.0226,13.0226,0
301.81,3621.72,13.0202,13.0202,0
301.91,3622.92,13.0179,13.0179,0
302.01,3624.12,13.0155,13.0155,0
302.11,3625.32,13.0131,13.0131,0
302.21,3626.52,13.0107,13.0107,0
302.31,3627.72,13.0083,13.0083,0
302.41,3628.92,13.006,13.006,0
302.51,3630.12,13.0036,13.0036,0
302.61,3631.32,13.0012,13.0012,0
302.71,3632.52,12.9989,12.9989,0
302.81,3633.72,12.9965,12.9965,0
302.91,3634.92,12.9941,12.9941,0
303.01,3636.12,12.9918,12.9918,0
303.11,3637.32,12.9894,12.9894,0
303.21,3638.52,12.9871,12.9871,0
303.31,3639.72,12.9847,12.9847,0
303.41,3640.92,12.9823,12.9823,0
303.51,3642.12,12.98,12.98,0
303.61,3643.32,12.9776,12.9776,0
303.71,3644.52,12.9753,12.9753,0
303.81,3645.72,12.9729,12.9729,0
303.91,3646.92,12.9706,12.9706,0
304.01,3648.12,12.9682,12.9682,0
304.11,3649.32,12.9659,12.9659,0
304.21,3650.52,12.9636,12.9636,0
304.31,3651.72,12.9612,12.9612,0
304.41,3652.92,12.9589,12.9589,0
304.51,3654.12,12.9565,12.9565,0
304.61,3655.32,12.9542,12.9542,0
304.71,3656.52,12.9519,12.9519,0
304.81,3657.72,12.9495,12.9495,0
304.91,3658.92,12.9472,12.9472,0
305.01,3660.12,12.9449,12.9449,0
305.11,3661.32,12.9425,12.9425,0
305.21,3662.52,12.9402,12.9402,0
305.31,3663.72,12.9379,12.9379,0
305.41,3664.92,12.9355,12.9355,0
305.51,3666.12,12.9332,12.9332,0
305.61,3667.32,12.9309,12.9309,0
305.71,3668.52,12.9286,12.9286,0
305.81,3669.72,12.9263,12.9263,0
305.91,3670.92,12.9239,12.9239,0
306.01,3672.12,12.9216,12.9216,0
306.11,3673.32,12.9193,12.9193,0
306.21,3674.52,12.917,12.917,0
306.31,3675.72,12.9147,12.9147,0
306.41,3676.92,12.9124,12.9124,0
306.51,3678.12,12.9101,12.9101,0
306.61,3679.32,12.9078,12.9078,0
306.71,3680.52,12.9055,12.9055,0
306.81,3681.72,12.9032,12.9032,0
306.91,3682.92,12.9009,12.9009,0
307.01,3684.12,12.8986,12.8986,0
307.11,3685.32,12.8963,12.8963,0
307.21,3686.52,12.894,12.894,0
307.31,3687.72,12.8917,12.8917,0
307.41,3688.92,12.8894,12.8894,0
307.51,3690.12,12.8871,12.8871,0
307.61,3691.32,12.8848,12.8848,0
307.71,3692.52,12.8825,12.8825,0
307.81,3693.72,12.8802,12.8802,0
307.91,3694.92,12.8779,12.8779,0
308.01,3696.12,12.8756,12.8756,0
308.11,3697.32,12.8733,12.8733,0
308.21,3698.52,12.8711,12.8711,0
308.31,3699.72,12.8688,12.8688,0
308.41,3700.92,12.8665,12.8665,0
308.51,3702.12,12.8642,12.8642,0
308.61,3703.32,12.8619,12.8619,0
308.71,3704.52,12.8597,12.8597,0
308.81,3705.72,12.8574,12.8574,0
308.91,3706.92,12.8551,12.8551,0
309.01,3708.12,12.8528,12.8528,0
309.11,3709.32,12.8506,12.8506,0
309.21,3710.52,12.8483,12.8483,0
309.31,3711.72,12.846,12.846,0
309.41,3712.92,12.8438,12.8438,0
309.51,3714.12,12.8415,12.8415,0
309.61,3715.32,12.8392,12.8392,0
309.71,3716.52,12.837,12.837,0
309.81,3717.72,12.8347,12.8347,0
309.91,3718.92,12.8325,12.8325,0
310.01,3720.12,12.8302,12.8302,0
310.11,3721.32,12.828,12.828,0
310.21,3722.52,12.8257,12.8257,0
310.31,3723.72,12.8234,12.8234,0
310.41,3724.92,12.8212,12.8212,0
310.51,3726.12,12.8189,12.8189,0
310.61,3727.32,12.8167,12.8167,0
310.71,3728.52,12.8145,12.8145,0
310.81,3729.72,12.8122,12.8122,0
310.91,3730.92,12.81,12.81,0
311.01,3732.12,12.8077,12.8077,0
311.11,3733.32,12.8055,12.8055,0
311.21,3734.52,12.8032,12.8032,0
311.31,3735.72,12.801,12.801,0
311.41,3736.92,12.7988,12.7988,0
311.51,3738.12,12.7965,12.7965,0
311.61,3739.32,12.7943,12.7943,0
311.71,3740.52,12.7921,12.7921,0
311.81,3741.72,12.7898,12.7898,0
311.91,3742.92,12.7876,12.7876,0
312.01,3744.12,12.7854,12.7854,0
312.11,3745.32,12.7832,12.7832,0
312.21,3746.52,12.7809,12.7809,0
312.31,3747.72,12.7787,12.7787,0
312.41,3748.92,12.7765,12.7765,0
312.51,3750.12,12.7743,12.7743,0
312.61,3751.32,12.772,12.772,0
312.71,3752.52,12.7698,12.7698,0
312.81,3753.72,12.7676,12.7676,0
312.91,3754.92,12.7654,12.7654,0
313.01,3756.12,12.7632,12.7632,0
313.11,3757.32,12.761,12.761,0
313.21,3758.52,12.7588,12.7588,0
313.31,3759.72,12.7566,12.7566,0
313.41,3760.92,12.7543,12.7543,0
313.51,3762.12,12.7521,12.7521,0
313.61,3763.32,12.7499,12.7499,0
313.71,3764.52,12.7477,12.7477,0
313.81,3765.72,12.7455,12.7455,0
313.91,3766.92,12.7433,12.7433,0
314.01,3768.12,12.7411,12.7411,0
314.11,3769.32,12.7389,12.7389,0
314.21,3770.52,12.7367,12.7367,0
314.31,3771.72,12.7345,12.7345,0
314.41,3772.92,12.7323,12.7323,0
314.51,3774.12,12.7301,12.7301,0
314.61,3775.32,12.728,12.728,0
314.71,3776.52,12.7258,12.7258,0
314.81,3777.72,12.7236,12.7236,0
314.91,3778.92,12.7214,12.7214,0
315.01,3780.12,12.7192,12.7192,0
315.11,3781.32,12.717,12.717,0
315.21,3782.52,12.7148,12.7148,0
315.31,3783.72,12.7127,12.7127,0
315.41,3784.92,12.7105,12.7105,0
315.51,3786.12,12.7083,12.7083,0
315.61,3787.32,12.7061,12.7061,0
315.71,3788.52,12.7039,12.7039,0
315.81,3789.72,12.7018,12.7018,0
315.91,3790.92,12.6996,12.6996,0
316.01,3792.12,12.6974,12.6974,0
316.11,3793.32,12.6953,12.6953,0
316.21,3794.52,12.6931,12.6931,0
316.31,3795.72,12.6909,12.6909,0
316.41,3796.92,12.6888,12.6888,0
316.51,3798.12,12.6866,12.6866,0
316.61,3799.32,12.6844,12.6844,0
316.71,3800.52,12.6823,12.6823,0
316.81,3801.72,12.6801,12.6801,0
316.91,3802.92,12.6779,12.6779,0
317.01,3804.12,12.6758,12.6758,0
317.11,3805.32,12.6736,12.6736,0
317.21,3806.52,12.6715,12.6715,0
317.31,3807.72,12.6693,12.6693,0
317.41,3808.92,12.6672,12.6672,0
317.51,3810.12,12.665,12.665,0
317.61,3811.32,12.6629,12.6629,0
317.71,3812.52,12.6607,12.6607,0
317.81,3813.72,12.6586,12.6586,0
317.91,3814.92,12.6564,12.6564,0
318.01,3816.12,12.6543,12.6543,0
318.11,3817.32,12.6521,12.6521,0
318.21,3818.52,12.65,12.65,0
318.31,3819.72,12.6479,12.6479,0
318.41,3820.92,12.6457,12.6457,0
318.51,3822.12,12.6436,12.6436,0
318.61,3823.32,12.6415,12.6415,0
318.71,3824.52,12.6393,12.6393,0
318.81,3825.72,12.6372,12.6372,0
318.91,3826.92,12.6351,12.6351,0
319.01,3828.12,12.6329,12.6329,0
319.11,3829.32,12.6308,12.6308,0
319.21,3830.52,12.6287,12.6287,0
319.31,3831.72,12.6265,12.6265,0
319.41,3832.92,12.6244,12.6244,0
319.51,3834.12,12.6223,12.6223,0
319.61,3835.32,12.6202,12.6202,0
319.71,3836.52,12.618,12.618,0
319.81,3837.72,12.6159,12.6159,0
319.91,3838.92,12.6138,12.6138,0
320.01,3840.12,12.6117,12.6117,0
320.11,3841.32,12.6096,12.6096,0
320.21,3842.52,12.6075,12.6075,0
320.31,3843.72,12.6053,12.6053,0
320.41,3844.92,12.6032,12.6032,0
320.51,3846.12,12.6011,12.6011,0
320.61,3847.32,12.599,12.599,0
320.71,3848.52,12.5969,12.5969,0
320.81,3849.72,12.5948,12.5948,0
320.91,3850.92,12.5927,12.5927,0
321.01,3852.12,12.5906,12.5906,0
321.11,3853.32,12.5885,12.5885,0
321.21,3854.52,12.5864,12.5864,0
321.31,3855.72,12.5843,12.5843,0
321.41,3856.92,12.5822,12.5822,0
321.51,3858.12,12.5801,12.5801,0
321.61,3859.32,12.578,12.578,0
321.71,3860.52,12.5759,12.5759,0
321.81,3861.72,12.5738,12.5738,0
321.91,3862.92,12.5717,12.5717,0
322.01,3864.12,12.5696,12.5696,0
322.11,3865.32,12.5675,12.5675,0
322.21,3866.52,12.5654,12.5654,0
322.31,3867.72,12.5634,12.5634,0
322.41,3868.92,12.5613,12.5613,0
322.51,3870.12,12.5592,12.5592,0
322.61,3871.32,12.5571,12.5571,0
322.71,3872.52,12.555,12.555,0
322.81,3873.72,12.5529,12.5529,0
322.91,3874.92,12.5509,12.5509,0
323.01,3876.12,12.5488,12.5488,0
323.11,3877.32,12.5467,12.5467,0
323.21,3878.52,12.5446,12.5446,0
323.31,3879.72,12.5426,12.5426,0
323.41,3880.92,12.5405,12.5405,0
323.51,3882.12,12.5384,12.5384,0
323.61,3883.32,12.5363,12.5363,0
323.71,3884.52,12.5343,12.5343,0
323.81,3885.72,12.5322,12.5322,0
323.91,3886.92,12.5301,12.5301,0
324.01,3888.12,12.5281,12.5281,0
324.11,3889.32,12.526,12.526,0
324.21,3890.52,12.524,12.524,0
324.31,3891.72,12.5219,12.5219,0
324.41,3892.92,12.5198,12.5198,0
324.51,3894.12,12.5178,12.5178,0
324.61,3895.32,12.5157,12.5157,0
324.71,3896.52,12.5137,12.5137,0
324.81,3897.72,12.5116,12.5116,0
324.91,3898.92,12.5095,12.5095,0
325.01,3900.12,12.5075,12.5075,0
325.11,3901.32,12.5054,12.5054,0
325.21,3902.52,12.5034,12.5034,0
325.31,3903.72,12.5013,12.5013,0
325.41,3904.92,12.4993,12.4993,0
325.51,3906.12,12.4973,12.4973,0
325.61,3907.32,12.4952,12.4952,0
325.71,3908.52,12.4932,12.4932,0
325.81,3909.72,12.4911,12.4911,0
325.91,3910.92,12.4891,12.4891,0
326.01,3912.12,12.487,12.487,0
326.11,3913.32,12.485,12.485,0
326.21,3914.52,12.483,12.483,0
326.31,3915.72,12.4809,12.4809,0
326.41,3916.92,12.4789,12.4789,0
326.51,3918.12,12.4769,12.4769,0
326.61,3919.32,12.4748,12.4748,0
326.71,3920.52,12.4728,12.4728,0
326.81,3921.72,12.4708,12.4708,0
326.91,3922.92,12.4687,12.4687,0
327.01,3924.12,12.4667,12.4667,0
327.11,3925.32,12.4647,12.4647,0
327.21,3926.52,12.4627,12.4627,0
327.31,3927.72,12.4606,12.4606,0
327.41,3928.92,12.4586,12.4586,0
327.51,3930.12,12.4566,12.4566,0
327.61,3931.32,12.4546,12.4546,0
327.71,3932.52,12.4526,12.4526,0
327.81,3933.72,12.4505,12.4505,0
327.91,3934.92,12.4485,12.4485,0
328.01,3936.12,12.4465,12.4465,0
328.11,3937.32,12.4445,12.4445,0
328.21,3938.52,12.4425,12.4425,0
328.31,3939.72,12.4405,12.4405,0
328.41,3940.92,12.4385,12.4385,0
328.51,3942.12,12.4365,12.4365,0
328.61,3943.32,12.4345,12.4345,0
328.71,3944.52,12.4325,12.4325,0
328.81,3945.72,12.4304,12.4304,0
328.91,3946.92,12.4284,12.4284,0
329.01,3948.12,12.4264,12.4264,0
329.11,3949.32,12.4244,12.4244,0
329.21,3950.52,12.4224,12.4224,0
329.31,3951.72,12.4204,12.4204,0
329.41,3952.92,12.4184,12.4184,0
329.51,3954.12,12.4164,12.4164,0
329.61,3955.32,12.4145,12.4145,0
329.71,3956.52,12.4125,12.4125,0
329.81,3957.72,12.4105,12.4105,0
329.91,3958.92,12.4085,12.4085,0
330.01,3960.12,12.4065,12.4065,0
330.11,3961.32,12.4045,12.4045,0
330.21,3962.52,12.4025,12.4025,0
330.31,3963.72,12.4005,12.4005,0
330.41,3964.92,12.3985,12.3985,0
330.51,3966.12,12.3966,12.3966,0
330.61,3967.32,12.3946,12.3946,0
330.71,3968.52,12.3926,12.3926,0
330.81,3969.72,12.3906,12.3906,0
330.91,3970.92,12.3886,12.3886,0
331.01,3972.12,12.3867,12.3867,0
331.11,3973.32,12.3847,12.3847,0
331.21,3974.52,12.3827,12.3827,0
331.31,3975.72,12.3807,12.3807,0
331.41,3976.92,12.3788,12.3788,0
331.51,3978.12,12.3768,12.3768,0
331.61,3979.32,12.3748,12.3748,0
331.71,3980.52,12.3728,12.3728,0
331.81,3981.72,12.3709,12.3709,0
331.91,3982.92,12.3689,12.3689,0
332.01,3984.12,12.3669,12.3669,0
332.11,3985.32,12.365,12.365,0
332.21,3986.52,12.363,12.363,0
332.31,3987.72,12.3611,12.3611,0
332.41,3988.92,12.3591,12.3591,0
332.51,3990.12,12.3571,12.3571,0
332.61,3991.32,12.3552,12.3552,0
332.71,3992.52,12.3532,12.3532,0
332.81,3993.72,12.3513,12.3513,0
332.91,3994.92,12.3493,12.3493,0
333.01,3996.12,12.3474,12.3474,0
333.11,3997.32,12.3454,12.3454,0
333.21,3998.52,12.3434,12.3434,0
333.31,3999.72,12.3415,12.3415,0
333.41,4000.92,12.3395,12.3395,0
333.51,4002.12,12.3376,12.3376,0
333.61,4003.32,12.3357,12.3357,0
333.71,4004.52,12.3337,12.3337,0
333.81,4005.72,12.3318,12.3318,0
333.91,4006.92,12.3298,12.3298,0
334.01,4008.12,12.3279,12.3279,0
334.11,4009.32,12.3259,12.3259,0
334.21,4010.52,12.324,12.324,0
334.31,4011.72,12.3221,12.3221,0
334.41,4012.92,12.3201,12.3201,0
334.51,4014.12,12.3182,12.3182,0
334.61,4015.32,12.3162,12.3162,0
334.71,4016.52,12.3143,12.3143,0
334.81,4017.72,12.3124,12.3124,0
334.91,4018.92,12.3105,12.3105,0
335.01,4020.12,12.3085,12.3085,0
335.11,4021.32,12.3066,12.3066,0
335.21,4022.52,12.3047,12.3047,0
335.31,4023.72,12.3027,12.3027,0
335.41,4024.92,12.3008,12.3008,0
335.51,4026.12,12.2989,12.2989,0
335.61,4027.32,12.297,12.297,0
335.71,4028.52,12.295,12.295,0
335.81,4029.72,12.2931,12.2931,0
335.91,4030.92,12.2912,12.2912,0
336.01,4032.12,12.2893,12.2893,0
336.11,4033.32,12.2874,12.2874,0
336.21,4034.52,12.2854,12.2854,0
336.31,4035.72,12.2835,12.2835,0
336.41,4036.92,12.2816,12.2816,0
336.51,4038.12,12.2797,12.2797,0
336.61,4039.32,12.2778,12.2778,0
336.71,4040.52,12.2759,12.2759,0
336.81,4041.72,12.274,12.274,0
336.91,4042.92,12.2721,12.2721,0
337.01,4044.12,12.2702,12.2702,0
337.11,4045.32,12.2683,12.2683,0
337.21,4046.52,12.2663,12.2663,0
337.31,4047.72,12.2644,12.2644,0
337.41,4048.92,12.2625,12.2625,0
337.51,4050.12,12.2606,12.2606,0
337.61,4051.32,12.2587,12.2587,0
337.71,4052.52,12.2568,12.2568,0
337.81,4053.72,12.2549,12.2549,0
337.91,4054.92,12.253,12.253,0
338.01,4056.12,12.2511,12.2511,0
338.11,4057.32,12.2493,12.2493,0
338.21,4058.52,12.2474,12.2474,0
338.31,4059.72,12.2455,12.2455,0
338.41,4060.92,12.2436,12.2436,0
338.51,4062.12,12.2417,12.2417,0
338.61,4063.32,12.2398,12.2398,0
338.71,4064.52,12.2379,12.2379,0
338.81,4065.72,12.236,12.236,0
338.91,4066.92,12.2341,12.2341,0
339.01,4068.12,12.2323,12.2323,0
339.11,4069.32,12.2304,12.2304,0
339.21,4070.52,12.2285,12.2285,0
339.31,4071.72,12.2266,12.2266,0
339.41,4072.92,12.2247,12.2247,0
339.51,4074.12,12.2228,12.2228,0
339.61,4075.32,12.221,12.221,0
339.71,4076.52,12.2191,12.2191,0
339.81,4077.72,12.2172,12.2172,0
339.91,4078.92,12.2153,12.2153,0
340.01,4080.12,12.2135,12.2135,0
340.11,4081.32,12.2116,12.2116,0
340.21,4082.52,12.2097,12.2097,0
340.31,4083.72,12.2079,12.2079,0
340.41,4084.92,12.206,12.206,0
340.51,4086.12,12.2041,12.2041,0
340.61,4087.32,12.2023,12.2023,0
340.71,4088.52,12.2004,12.2004,0
340.81,4089.72,12.1985,12.1985,0
340.91,4090.92,12.1967,12.1967,0
341.01,4092.12,12.1948,12.1948,0
341.11,4093.32,12.1929,12.1929,0
341.21,4094.52,12.1911,12.1911,0
341.31,4095.72,12.1892,12.1892,0
341.41,4096.92,12.1874,12.1874,0
341.51,4098.12,12.1855,12.1855,0
341.61,4099.32,12.1836,12.1836,0
341.71,4100.52,12.1818,12.1818,0
341.81,4101.72,12.1799,12.1799,0
341.91,4102.92,12.1781,12.1781,0
342.01,4104.12,12.1762,12.1762,0
342.11,4105.32,12.1744,12.1744,0
342.21,4106.52,12.1725,12.1725,0
342.31,4107.72,12.1707,12.1707,0
342.41,4108.92,12.1688,12.1688,0
342.51,4110.12,12.167,12.167,0
342.61,4111.32,12.1652,12.1652,0
342.71,4112.52,12.1633,12.1633,0
342.81,4113.72,12.1615,12.1615,0
342.91,4114.92,12.1596,12.1596,0
343.01,4116.12,12.1578,12.1578,0
343.11,4117.32,12.1559,12.1559,0
343.21,4118.52,12.1541,12.1541,0
343.31,4119.72,12.1523,12.1523,0
343.41,4120.92,12.1504,12.1504,0
343.51,4122.12,12.1486,12.1486,0
343.61,4123.32,12.1468,12.1468,0
343.71,4124.52,12.1449,12.1449,0
343.81,4125.72,12.1431,12.1431,0
343.91,4126.92,12.1413,12.1413,0
344.01,4128.12,12.1394,12.1394,0
344.11,4129.32,12.1376,12.1376,0
344.21,4130.52,12.1358,12.1358,0
344.31,4131.72,12.134,12.134,0
344.41,4132.92,12.1321,12.1321,0
344.51,4134.12,12.1303,12.1303,0
344.61,4135.32,12.1285,12.1285,0
344.71,4136.52,12.1267,12.1267,0
344.81,4137.72,12.1248,12.1248,0
344.91,4138.92,12.123,12.123,0
345.01,4140.12,12.1212,12.1212,0
345.11,4141.32,12.1194,12.1194,0
345.21,4142.52,12.1176,12.1176,0
345.31,4143.72,12.1158,12.1158,0
345.41,4144.92,12.1139,12.1139,0
345.51,4146.12,12.1121,12.1121,0
345.61,4147.32,12.1103,12.1103,0
345.71,4148.52,12.1085,12.1085,0
345.81,4149.72,12.1067,12.1067,0
345.91,4150.92,12.1049,12.1049,0
346.01,4152.12,12.1031,12.1031,0
346.11,4153.32,12.1013,12.1013,0
346.21,4154.52,12.0995,12.0995,0
346.31,4155.72,12.0977,12.0977,0
346.41,4156.92,12.0959,12.0959,0
346.51,4158.12,12.0941,12.0941,0
346.61,4159.32,12.0923,12.0923,0
346.71,4160.52,12.0905,12.0905,0
346.81,4161.72,12.0887,12.0887,0
346.91,4162.92,12.0869,12.0869,0
347.01,4164.12,12.0851,12.0851,0
347.11,4165.32,12.0833,12.0833,0
347.21,4166.52,12.0815,12.0815,0
347.31,4167.72,12.0797,12.0797,0
347.41,4168.92,12.0779,12.0779,0
347.51,4170.12,12.0761,12.0761,0
347.61,4171.32,12.0743,12.0743,0
347.71,4172.52,12.0725,12.0725,0
347.81,4173.72,12.0707,12.0707,0
347.91,4174.92,12.0689,12.0689,0
348.01,4176.12,12.0671,12.0671,0
348.11,4177.32,12.0654,12.0654,0
348.21,4178.52,12.0636,12.0636,0
348.31,4179.72,12.0618,12.0618,0
348.41,4180.92,12.06,12.06,0
348.51,4182.12,12.0582,12.0582,0
348.61,4183.32,12.0564,12.0564,0
348.71,4184.52,12.0547,12.0547,0
348.81,4185.72,12.0529,12.0529,0
348.91,4186.92,12.0511,12.0511,0
349.01,4188.12,12.0493,12.0493,0
349.11,4189.32,12.0476,12.0476,0
349.21,4190.52,12.0458,12.0458,0
349.31,4191.72,12.044,12.044,0
349.41,4192.92,12.0422,12.0422,0
349.51,4194.12,12.0405,12.0405,0
349.61,4195.32,12.0387,12.0387,0
349.71,4196.52,12.0369,12.0369,0
349.81,4197.72,12.0352,12.0352,0
349.91,4198.92,12.0334,12.0334,0
350.01,4200.12,12.0316,12.0316,0
350.11,4201.32,12.0299,12.0299,0
350.21,4202.52,12.0281,12.0281,0
350.31,4203.72,12.0263,12.0263,0
350.41,4204.92,12.0246,12.0246,0
350.51,4206.12,12.0228,12.0228,0
350.61,4207.32,12.021,12.021,0
350.71,4208.52,12.0193,12.0193,0
350.81,4209.72,12.0175,12.0175,0
350.91,4210.92,12.0158,12.0158,0
351.01,4212.12,12.014,12.014,0
351.11,4213.32,12.0123,12.0123,0
351.21,4214.52,12.0105,12.0105,0
351.31,4215.72,12.0087,12.0087,0
351.41,4216.92,12.007,12.007,0
351.51,4218.12,12.0052,12.0052,0
351.61,4219.32,12.0035,12.0035,0
351.71,4220.52,12.0017,12.0017,0
351.81,4221.72,12,12,0
351.91,4222.92,11.9983,11.9983,0
352.01,4224.12,11.9965,11.9965,0
352.11,4225.32,11.9948,11.9948,0
352.21,4226.52,11.993,11.993,0
352.31,4227.72,11.9913,11.9913,0
352.41,4228.92,11.9895,11.9895,0
352.51,4230.12,11.9878,11.9878,0
352.61,4231.32,11.9861,11.9861,0
352.71,4232.52,11.9843,11.9843,0
352.81,4233.72,11.9826,11.9826,0
352.91,4234.92,11.9808,11.9808,0
353.01,4236.12,11.9791,11.9791,0
353.11,4237.32,11.9774,11.9774,0
353.21,4238.52,11.9756,11.9756,0
353.31,4239.72,11.9739,11.9739,0
353.41,4240.92,11.9722,11.9722,0
353.51,4242.12,11.9704,11.9704,0
353.61,4243.32,11.9687,11.9687,0
353.71,4244.52,11.967,11.967,0
353.81,4245.72,11.9652,11.9652,0
353.91,4246.92,11.9635,11.9635,0
354.01,4248.12,11.9618,11.9618,0
354.11,4249.32,11.9601,11.9601,0
354.21,4250.52,11.9583,11.9583,0
354.31,4251.72,11.9566,11.9566,0
354.41,4252.92,11.9549,11.9549,0
354.51,4254.12,11.9532,11.9532,0
354.61,4255.32,11.9515,11.9515,0
354.71,4256.52,11.9497,11.9497,0
354.81,4257.72,11.948,11.948,0
354.91,4258.92,11.9463,11.9463,0
355.01,4260.12,11.9446,11.9446,0
355.11,4261.32,11.9429,11.9429,0
355.21,4262.52,11.9412,11.9412,0
355.31,4263.72,11.9394,11.9394,0
355.41,4264.92,11.9377,11.9377,0
355.51,4266.12,11.936,11.936,0
355.61,4267.32,11.9343,11.9343,0
355.71,4268.52,11.9326,11.9326,0
355.81,4269.72,11.9309,11.9309,0
355.91,4270.92,11.9292,11.9292,0
356.01,4272.12,11.9275,11.9275,0
356.11,4273.32,11.9258,11.9258,0
356.21,4274.52,11.9241,11.9241,0
356.31,4275.72,11.9224,11.9224,0
356.41,4276.92,11.9207,11.9207,0
356.51,4278.12,11.919,11.919,0
356.61,4279.32,11.9173,11.9173,0
356.71,4280.52,11.9156,11.9156,0
356.81,4281.72,11.9139,11.9139,0
356.91,4282.92,11.9122,11.9122,0
357.01,4284.12,11.9105,11.9105,0
357.11,4285.32,11.9088,11.9088,0
357.21,4286.52,11.9071,11.9071,0
357.31,4287.72,11.9054,11.9054,0
357.41,4288.92,11.9037,11.9037,0
357.51,4290.12,11.902,11.902,0
357.61,4291.32,11.9003,11.9003,0
357.71,4292.52,11.8986,11.8986,0
357.81,4293.72,11.8969,11.8969,0
357.91,4294.92,11.8952,11.8952,0
358.01,4296.12,11.8936,11.8936,0
358.11,4297.32,11.8919,11.8919,0
358.21,4298.52,11.8902,11.8902,0
358.31,4299.72,11.8885,11.8885,0
358.41,4300.92,11.8868,11.8868,0
358.51,4302.12,11.8851,11.8851,0
358.61,4303.32,11.8835,11.8835,0
358.71,4304.52,11.8818,11.8818,0
358.81,4305.72,11.8801,11.8801,0
358.91,4306.92,11.8784,11.8784,0
359.01,4308.12,11.8767,11.8767,0
359.11,4309.32,11.8751,11.8751,0
359.21,4310.52,11.8734,11.8734,0
359.31,4311.72,11.8717,11.8717,0
359.41,4312.92,11.87,11.87,0
359.51,4314.12,11.8684,11.8684,0
359.61,4315.32,11.8667,11.8667,0
359.71,4316.52,11.865,11.865,0
359.81,4317.72,11.8634,11.8634,0
359.91,4318.92,11.8617,11.8617,0
360.01,4320.12,11.86,11.86,0
360.11,4321.32,11.8584,11.8584,0
360.21,4322.52,11.8567,11.8567,0
360.31,4323.72,11.855,11.855,0
360.41,4324.92,11.8534,11.8534,0
360.51,4326.12,11.8517,11.8517,0
360.61,4327.32,11.85,11.85,0
360.71,4328.52,11.8484,11.8484,0
360.81,4329.72,11.8467,11.8467,0
360.91,4330.92,11.8451,11.8451,0
361.01,4332.12,11.8434,11.8434,0
361.11,4333.32,11.8417,11.8417,0
361.21,4334.52,11.8401,11.8401,0
361.31,4335.72,11.8384,11.8384,0
361.41,4336.92,11.8368,11.8368,0
361.51,4338.12,11.8351,11.8351,0
361.61,4339.32,11.8335,11.8335,0
361.71,4340.52,11.8318,11.8318,0
361.81,4341.72,11.8302,11.8302,0
361.91,4342.92,11.8285,11.8285,0
362.01,4344.12,11.8269,11.8269,0
362.11,4345.32,11.8252,11.8252,0
362.21,4346.52,11.8236,11.8236,0
362.31,4347.72,11.8219,11.8219,0
362.41,4348.92,11.8203,11.8203,0
362.51,4350.12,11.8186,11.8186,0
362.61,4351.32,11.817,11.817,0
362.71,4352.52,11.8153,11.8153,0
362.81,4353.72,11.8137,11.8137,0
362.91,4354.92,11.8121,11.8121,0
363.01,4356.12,11.8104,11.8104,0
363.11,4357.32,11.8088,11.8088,0
363.21,4358.52,11.8071,11.8071,0
363.31,4359.72,11.8055,11.8055,0
363.41,4360.92,11.8039,11.8039,0
363.51,4362.12,11.8022,11.8022,0
363.61,4363.32,11.8006,11.8006,0
363.71,4364.52,11.799,11.799,0
363.81,4365.72,11.7973,11.7973,0
363.91,4366.92,11.7957,11.7957,0
364.01,4368.12,11.7941,11.7941,0
364.11,4369.32,11.7924,11.7924,0
364.21,4370.52,11.7908,11.7908,0
364.31,4371.72,11.7892,11.7892,0
364.41,4372.92,11.7876,11.7876,0
364.51,4374.12,11.7859,11.7859,0
364.61,4375.32,11.7843,11.7843,0
364.71,4376.52,11.7827,11.7827,0
364.81,4377.72,11.7811,11.7811,0
364.91,4378.92,11.7794,11.7794,0
365.01,4380.12,11.7778,11.7778,0
365.11,4381.32,11.7762,11.7762,0
365.21,4382.52,11.7746,11.7746,0
365.31,4383.72,11.773,11.773,0
365.41,4384.92,11.7713,11.7713,0
365.51,4386.12,11.7697,11.7697,0
365.61,4387.32,11.7681,11.7681,0
365.71,4388.52,11.7665,11.7665,0
365.81,4389.72,11.7649,11.7649,0
365.91,4390.92,11.7633,11.7633,0
366.01,4392.12,11.7616,11.7616,0
366.11,4393.32,11.76,11.76,0
366.21,4394.52,11.7584,11.7584,0
366.31,4395.72,11.7568,11.7568,0
366.41,4396.92,11.7552,11.7552,0
366.51,4398.12,11.7536,11.7536,0
366.61,4399.32,11.752,11.752,0
366.71,4400.52,11.7504,11.7504,0
366.81,4401.72,11.7488,11.7488,0
366.91,4402.92,11.7472,11.7472,0
367.01,4404.12,11.7456,11.7456,0
367.11,4405.32,11.744,11.744,0
367.21,4406.52,11.7424,11.7424,0
367.31,4407.72,11.7408,11.7408,0
367.41,4408.92,11.7392,11.7392,0
367.51,4410.12,11.7376,11.7376,0
367.61,4411.32,11.736,11.736,0
367.71,4412.52,11.7344,11.7344,0
367.81,4413.72,11.7328,11.7328,0
367.91,4414.92,11.7312,11.7312,0
368.01,4416.12,11.7296,11.7296,0
368.11,4417.32,11.728,11.728,0
368.21,4418.52,11.7264,11.7264,0
368.31,4419.72,11.7248,11.7248,0
368.41,4420.92,11.7232,11.7232,0
368.51,4422.12,11.7216,11.7216,0
368.61,4423.32,11.72,11.72,0
368.71,4424.52,11.7184,11.7184,0
368.81,4425.72,11.7169,11.7169,0
368.91,4426.92,11.7153,11.7153,0
369.01,4428.12,11.7137,11.7137,0
369.11,4429.32,11.7121,11.7121,0
369.21,4430.52,11.7105,11.7105,0
369.31,4431.72,11.7089,11.7089,0
369.41,4432.92,11.7073,11.7073,0
369.51,4434.12,11.7058,11.7058,0
369.61,4435.32,11.7042,11.7042,0
369.71,4436.52,11.7026,11.7026,0
369.81,4437.72,11.701,11.701,0
369.91,4438.92,11.6994,11.6994,0
370.01,4440.12,11.6979,11.6979,0
370.11,4441.32,11.6963,11.6963,0
370.21,4442.52,11.6947,11.6947,0
370.31,4443.72,11.6931,11.6931,0
370.41,4444.92,11.6916,11.6916,0
370.51,4446.12,11.69,11.69,0
370.61,4447.32,11.6884,11.6884,0
370.71,4448.52,11.6868,11.6868,0
370.81,4449.72,11.6853,11.6853,0
370.91,4450.92,11.6837,11.6837,0
371.01,4452.12,11.6821,11.6821,0
371.11,4453.32,11.6806,11.6806,0
371.21,4454.52,11.679,11.679,0
371.31,4455.72,11.6774,11.6774,0
371.41,4456.92,11.6759,11.6759,0
371.51,4458.12,11.6743,11.6743,0
371.61,4459.32,11.6727,11.6727,0
371.71,4460.52,11.6712,11.6712,0
371.81,4461.72,11.6696,11.6696,0
371.91,4462.92,11.6681,11.6681,0
372.01,4464.12,11.6665,11.6665,0
372.11,4465.32,11.6649,11.6649,0
372.21,4466.52,11.6634,11.6634,0
372.31,4467.72,11.6618,11.6618,0
372.41,4468.92,11.6603,11.6603,0
372.51,4470.12,11.6587,11.6587,0
372.61,4471.32,11.6572,11.6572,0
372.71,4472.52,11.6556,11.6556,0
372.81,4473.72,11.6541,11.6541,0
372.91,4474.92,11.6525,11.6525,0
373.01,4476.12,11.6509,11.6509,0
373.11,4477.32,11.6494,11.6494,0
373.21,4478.52,11.6478,11.6478,0
373.31,4479.72,11.6463,11.6463,0
373.41,4480.92,11.6448,11.6448,0
373.51,4482.12,11.6432,11.6432,0
373.61,4483.32,11.6417,11.6417,0
373.71,4484.52,11.6401,11.6401,0
373.81,4485.72,11.6386,11.6386,0
373.91,4486.92,11.637,11.637,0
374.01,4488.12,11.6355,11.6355,0
374.11,4489.32,11.6339,11.6339,0
374.21,4490.52,11.6324,11.6324,0
374.31,4491.72,11.6309,11.6309,0
374.41,4492.92,11.6293,11.6293,0
374.51,4494.12,11.6278,11.6278,0
374.61,4495.32,11.6262,11.6262,0
374.71,4496.52,11.6247,11.6247,0
374.81,4497.72,11.6232,11.6232,0
374.91,4498.92,11.6216,11.6216,0
375.01,4500.12,11.6201,11.6201,0
375.11,4501.32,11.6186,11.6186,0
375.21,4502.52,11.617,11.617,0
375.31,4503.72,11.6155,11.6155,0
375.41,4504.92,11.614,11.614,0
375.51,4506.12,11.6124,11.6124,0
375.61,4507.32,11.6109,11.6109,0
375.71,4508.52,11.6094,11.6094,0
375.81,4509.72,11.6078,11.6078,0
375.91,4510.92,11.6063,11.6063,0
376.01,4512.12,11.6048,11.6048,0
376.11,4513.32,11.6033,11.6033,0
376.21,4514.52,11.6017,11.6017,0
376.31,4515.72,11.6002,11.6002,0
376.41,4516.92,11.5987,11.5987,0
376.51,4518.12,11.5972,11.5972,0
376.61,4519.32,11.5957,11.5957,0
376.71,4520.52,11.5941,11.5941,0
376.81,4521.72,11.5926,11.5926,0
376.91,4522.92,11.5911,11.5911,0
377.01,4524.12,11.5896,11.5896,0
377.11,4525.32,11.5881,11.5881,0
377.21,4526.52,11.5865,11.5865,0
377.31,4527.72,11.585,11.585,0
377.41,4528.92,11.5835,11.5835,0
377.51,4530.12,11.582,11.582,0
377.61,4531.32,11.5805,11.5805,0
377.71,4532.52,11.579,11.579,0
377.81,4533.72,11.5775,11.5775,0
377.91,4534.92,11.576,11.576,0
378.01,4536.12,11.5744,11.5744,0
378.11,4537.32,11.5729,11.5729,0
378.21,4538.52,11.5714,11.5714,0
378.31,4539.72,11.5699,11.5699,0
378.41,4540.92,11.5684,11.5684,0
378.51,4542.12,11.5669,11.5669,0
378.61,4543.32,11.5654,11.5654,0
378.71,4544.52,11.5639,11.5639,0
378.81,4545.72,11.5624,11.5624,0
378.91,4546.92,11.5609,11.5609,0
379.01,4548.12,11.5594,11.5594,0
379.11,4549.32,11.5579,11.5579,0
379.21,4550.52,11.5564,11.5564,0
379.31,4551.72,11.5549,11.5549,0
379.41,4552.92,11.5534,11.5534,0
379.51,4554.12,11.5519,11.5519,0
379.61,4555.32,11.5504,11.5504,0
379.71,4556.52,11.5489,11.5489,0
379.81,4557.72,11.5474,11.5474,0
379.91,4558.92,11.5459,11.5459,0
380.01,4560.12,11.5444,11.5444,0
380.11,4561.32,11.5429,11.5429,0
380.21,4562.52,11.5414,11.5414,0
380.31,4563.72,11.5399,11.5399,0
380.41,4564.92,11.5384,11.5384,0
380.51,4566.12,11.537,11.537,0
380.61,4567.32,11.5355,11.5355,0
380.71,4568.52,11.534,11.534,0
380.81,4569.72,11.5325,11.5325,0
380.91,4570.92,11.531,11.531,0
381.01,4572.12,11.5295,11.5295,0
381.11,4573.32,11.528,11.528,0
381.21,4574.52,11.5266,11.5266,0
381.31,4575.72,11.5251,11.5251,0
381.41,4576.92,11.5236,11.5236,0
381.51,4578.12,11.5221,11.5221,0
381.61,4579.32,11.5206,11.5206,0
381.71,4580.52,11.5191,11.5191,0
381.81,4581.72,11.5177,11.5177,0
381.91,4582.92,11.5162,11.5162,0
382.01,4584.12,11.5147,11.5147,0
382.11,4585.32,11.5132,11.5132,0
382.21,4586.52,11.5118,11.5118,0
382.31,4587.72,11.5103,11.5103,0
382.41,4588.92,11.5088,11.5088,0
382.51,4590.12,11.5073,11.5073,0
382.61,4591.32,11.5059,11.5059,0
382.71,4592.52,11.5044,11.5044,0
382.81,4593.72,11.5029,11.5029,0
382.91,4594.92,11.5014,11.5014,0
383.01,4596.12,11.5,11.5,0
383.11,4597.32,11.4985,11.4985,0
383.21,4598.52,11.497,11.497,0
383.31,4599.72,11.4956,11.4956,0
383.41,4600.92,11.4941,11.4941,0
383.51,4602.12,11.4926,11.4926,0
383.61,4603.32,11.4912,11.4912,0
383.71,4604.52,11.4897,11.4897,0
383.81,4605.72,11.4882,11.4882,0
383.91,4606.92,11.4868,11.4868,0
384.01,4608.12,11.4853,11.4853,0
384.11,4609.32,11.4839,11.4839,0
384.21,4610.52,11.4824,11.4824,0
384.31,4611.72,11.4809,11.4809,0
384.41,4612.92,11.4795,11.4795,0
384.51,4614.12,11.478,11.478,0
384.61,4615.32,11.4766,11.4766,0
384.71,4616.52,11.4751,11.4751,0
384.81,4617.72,11.4737,11.4737,0
384.91,4618.92,11.4722,11.4722,0
385.01,4620.12,11.4707,11.4707,0
385.11,4621.32,11.4693,11.4693,0
385.21,4622.52,11.4678,11.4678,0
385.31,4623.72,11.4664,11.4664,0
385.41,4624.92,11.4649,11.4649,0
385.51,4626.12,11.4635,11.4635,0
385.61,4627.32,11.462,11.462,0
385.71,4628.52,11.4606,11.4606,0
385.81,4629.72,11.4591,11.4591,0
385.91,4630.92,11.4577,11.4577,0
386.01,4632.12,11.4562,11.4562,0
386.11,4633.32,11.4548,11.4548,0
386.21,4634.52,11.4534,11.4534,0
386.31,4635.72,11.4519,11.4519,0
386.41,4636.92,11.4505,11.4505,0
386.51,4638.12,11.449,11.449,0
386.61,4639.32,11.4476,11.4476,0
386.71,4640.52,11.4461,11.4461,0
386.81,4641.72,11.4447,11.4447,0
386.91,4642.92,11.4433,11.4433,0
387.01,4644.12,11.4418,11.4418,0
387.11,4645.32,11.4404,11.4404,0
387.21,4646.52,11.439,11.439,0
387.31,4647.72,11.4375,11.4375,0
387.41,4648.92,11.4361,11.4361,0
387.51,4650.12,11.4346,11.4346,0
387.61,4651.32,11.4332,11.4332,0
387.71,4652.52,11.4318,11.4318,0
387.81,4653.72,11.4303,11.4303,0
387.91,4654.92,11.4289,11.4289,0
388.01,4656.12,11.4275,11.4275,0
388.11,4657.32,11.426,11.426,0
388.21,4658.52,11.4246,11.4246,0
388.31,4659.72,11.4232,11.4232,0
388.41,4660.92,11.4218,11.4218,0
388.51,4662.12,11.4203,11.4203,0
388.61,4663.32,11.4189,11.4189,0
388.71,4664.52,11.4175,11.4175,0
388.81,4665.72,11.4161,11.4161,0
388.91,4666.92,11.4146,11.4146,0
389.01,4668.12,11.4132,11.4132,0
389.11,4669.32,11.4118,11.4118,0
389.21,4670.52,11.4104,11.4104,0
389.31,4671.72,11.4089,11.4089,0
389.41,4672.92,11.4075,11.4075,0
389.51,4674.12,11.4061,11.4061,0
389.61,4675.32,11.4047,11.4047,0
389.71,4676.52,11.4033,11.4033,0
389.81,4677.72,11.4018,11.4018,0
389.91,4678.92,11.4004,11.4004,0
390.01,4680.12,11.399,11.399,0
390.11,4681.32,11.3976,11.3976,0
390.21,4682.52,11.3962,11.3962,0
390.31,4683.72,11.3948,11.3948,0
390.41,4684.92,11.3934,11.3934,0
390.51,4686.12,11.3919,11.3919,0
390.61,4687.32,11.3905,11.3905,0
390.71,4688.52,11.3891,11.3891,0
390.81,4689.72,11.3877,11.3877,0
390.91,4690.92,11.3863,11.3863,0
391.01,4692.12,11.3849,11.3849,0
391.11,4693.32,11.3835,11.3835,0
391.21,4694.52,11.3821,11.3821,0
391.31,4695.72,11.3807,11.3807,0
391.41,4696.92,11.3793,11.3793,0
391.51,4698.12,11.3779,11.3779,0
391.61,4699.32,11.3765,11.3765,0
391.71,4700.52,11.3751,11.3751,0
391.81,4701.72,11.3736,11.3736,0
391.91,4702.92,11.3722,11.3722,0
392.01,4704.12,11.3708,11.3708,0
392.11,4705.32,11.3694,11.3694,0
392.21,4706.52,11.368,11.368,0
392.31,4707.72,11.3666,11.3666,0
392.41,4708.92,11.3652,11.3652,0
392.51,4710.12,11.3638,11.3638,0
392.61,4711.32,11.3625,11.3625,0
392.71,4712.52,11.3611,11.3611,0
392.81,4713.72,11.3597,11.3597,0
392.91,4714.92,11.3583,11.3583,0
393.01,4716.12,11.3569,11.3569,0
393.11,4717.32,11.3555,11.3555,0
393.21,4718.52,11.3541,11.3541,0
393.31,4719.72,11.3527,11.3527,0
393.41,4720.92,11.3513,11.3513,0
393.51,4722.12,11.3499,11.3499,0
393.61,4723.32,11.3485,11.3485,0
393.71,4724.52,11.3471,11.3471,0
393.81,4725.72,11.3457,11.3457,0
393.91,4726.92,11.3444,11.3444,0
394.01,4728.12,11.343,11.343,0
394.11,4729.32,11.3416,11.3416,0
394.21,4730.52,11.3402,11.3402,0
394.31,4731.72,11.3388,11.3388,0
394.41,4732.92,11.3374,11.3374,0
394.51,4734.12,11.336,11.336,0
394.61,4735.32,11.3347,11.3347,0
394.71,4736.52,11.3333,11.3333,0
394.81,4737.72,11.3319,11.3319,0
394.91,4738.92,11.3305,11.3305,0
395.01,4740.12,11.3291,11.3291,0
395.11,4741.32,11.3278,11.3278,0
395.21,4742.52,11.3264,11.3264,0
395.31,4743.72,11.325,11.325,0
395.41,4744.92,11.3236,11.3236,0
395.51,4746.12,11.3223,11.3223,0
395.61,4747.32,11.3209,11.3209,0
395.71,4748.52,11.3195,11.3195,0
395.81,4749.72,11.3181,11.3181,0
395.91,4750.92,11.3168,11.3168,0
396.01,4752.12,11.3154,11.3154,0
396.11,4753.32,11.314,11.314,0
396.21,4754.52,11.3126,11.3126,0
396.31,4755.72,11.3113,11.3113,0
396.41,4756.92,11.3099,11.3099,0
396.51,4758.12,11.3085,11.3085,0
396.61,4759.32,11.3072,11.3072,0
396.71,4760.52,11.3058,11.3058,0
396.81,4761.72,11.3044,11.3044,0
396.91,4762.92,11.3031,11.3031,0
397.01,4764.12,11.3017,11.3017,0
397.11,4765.32,11.3003,11.3003,0
397.21,4766.52,11.299,11.299,0
397.31,4767.72,11.2976,11.2976,0
397.41,4768.92,11.2962,11.2962,0
397.51,4770.12,11.2949,11.2949,0
397.61,4771.32,11.2935,11.2935,0
397.71,4772.52,11.2922,11.2922,0
397.81,4773.72,11.2908,11.2908,0
397.91,4774.92,11.2894,11.2894,0
398.01,4776.12,11.2881,11.2881,0
398.11,4777.32,11.2867,11.2867,0
398.21,4778.52,11.2854,11.2854,0
398.31,4779.72,11.284,11.284,0
398.41,4780.92,11.2827,11.2827,0
398.51,4782.12,11.2813,11.2813,0
398.61,4783.32,11.2799,11.2799,0
398.71,4784.52,11.2786,11.2786,0
398.81,4785.72,11.2772,11.2772,0
398.91,4786.92,11.2759,11.2759,0
399.01,4788.12,11.2745,11.2745,0
399.11,4789.32,11.2732,11.2732,0
399.21,4790.52,11.2718,11.2718,0
399.31,4791.72,11.2705,11.2705,0
399.41,4792.92,11.2691,11.2691,0
399.51,4794.12,11.2678,11.2678,0
399.61,4795.32,11.2664,11.2664,0
399.71,4796.52,11.2651,11.2651,0
399.81,4797.72,11.2638,11.2638,0
399.91,4798.92,11.2624,11.2624,0
400.01,4800.12,11.2611,11.2611,0
