energy_MeVu,total_kinetic_energy_MeV,electronic_stopping_power_MeV_per_mm,total_stopping_power_MeV_per_mm,csda_range_mm
0.01,0.12,355.438,399.961,0
0.11,1.32,1112.63,1120.11,0
0.21,2.52,1300.01,1304.41,0
0.31,3.72,1321.62,1324.8,0
0.41,4.92,1290.84,1293.35,0
0.51,6.12,1251.5,1253.58,0
0.61,7.32,1211.39,1213.19,0
0.71,8.52,1174.15,1175.73,0
0.81,9.72,1138.17,1139.59,0
0.91,10.92,1104.63,1105.91,0
1.01,12.12,1072,1073.16,0
1.11,13.32,1042.61,1043.68,0
1.21,14.52,1013.22,1014.22,0
1.31,15.72,986.157,987.091,0
1.41,16.92,960.278,961.154,0
1.51,18.12,934.4,935.225,0
1.61,19.32,910.146,910.927,0
1.71,20.52,887.928,888.669,0
1.81,21.72,865.709,866.414,0
1.91,22.92,843.491,844.16,0
2.01,24.12,824.483,825.117,0
2.11,25.32,802.847,803.455,0
2.21,26.52,782.342,782.927,0
2.31,27.72,762.889,763.453,0
2.41,28.92,744.407,744.95,0
2.51,30.12,726.693,727.216,0
2.61,31.32,709.58,710.085,0
2.71,32.52,693.364,693.85,0
2.81,33.72,677.92,678.391,0
2.91,34.92,663.163,663.621,0
3.01,36.12,649.06,649.505,0
3.11,37.32,635.515,635.947,0
3.21,38.52,622.54,622.961,0
3.31,39.72,610.108,610.516,0
3.41,40.92,598.182,598.58,0
3.51,42.12,586.824,587.213,0
3.61,43.32,576.206,576.586,0
3.71,44.52,565.982,566.352,0
3.81,45.72,556.128,556.49,0
3.91,46.92,546.628,546.981,0
4.01,48.12,537.474,537.818,0
4.11,49.32,528.612,528.949,0
4.21,50.52,520.038,520.368,0
4.31,51.72,511.778,512.101,0
4.41,52.92,503.796,504.113,0
4.51,54.12,496.065,496.376,0
4.61,55.32,488.578,488.883,0
4.71,56.52,481.327,481.626,0
4.81,57.72,474.303,474.596,0
4.91,58.92,467.496,467.784,0
5.01,60.12,460.895,461.178,0
5.11,61.32,454.491,454.769,0
5.21,62.52,448.276,448.549,0
5.31,63.72,442.241,442.509,0
5.41,64.92,436.38,436.643,0
5.51,66.12,430.691,430.95,0
5.61,67.32,425.16,425.415,0
5.71,68.52,419.778,420.029,0
5.81,69.72,414.533,414.781,0
5.91,70.92,409.427,409.672,0
6.01,72.12,404.455,404.697,0
6.11,73.32,399.612,399.85,0
6.21,74.52,394.891,395.126,0
6.31,75.72,390.289,390.521,0
6.41,76.92,385.801,386.029,0
6.51,78.12,381.423,381.648,0
6.61,79.32,377.151,377.373,0
6.71,80.52,372.982,373.201,0
6.81,81.72,368.912,369.127,0
6.91,82.92,364.937,365.15,0
7.01,84.12,361.054,361.265,0
7.11,85.32,357.26,357.468,0
7.21,86.52,353.552,353.757,0
7.31,87.72,349.93,350.133,0
7.41,88.92,346.389,346.589,0
7.51,90.12,342.92,343.118,0
7.61,91.32,339.524,339.72,0
7.71,92.52,336.2,336.394,0
7.81,93.72,332.946,333.138,0
7.91,94.92,329.76,329.95,0
8.01,96.12,326.64,326.827,0
8.11,97.32,323.583,323.767,0
8.21,98.52,320.587,320.769,0
8.31,99.72,317.65,317.83,0
8.41,100.92,314.771,314.949,0
8.51,102.12,311.948,312.124,0
8.61,103.32,309.179,309.354,0
8.71,104.52,306.464,306.637,0
8.81,105.72,303.799,303.971,0
8.91,106.92,301.185,301.354,0
9.01,108.12,298.618,298.786,0
9.11,109.32,296.099,296.265,0
9.21,110.52,293.625,293.789,0
9.31,111.72,291.196,291.359,0
9.41,112.92,288.81,288.971,0
9.51,114.12,286.467,286.626,0
9.61,115.32,284.164,284.322,0
9.71,116.52,281.901,282.057,0
9.81,117.72,279.678,279.832,0
9.91,118.92,277.492,277.645,0
10.01,120.12,275.344,275.495,0
10.11,121.32,273.231,273.381,0
10.21,122.52,271.153,271.302,0
10.31,123.72,269.11,269.257,0
10.41,124.92,267.099,267.245,0
10.51,126.12,265.121,265.266,0
10.61,127.32,263.172,263.316,0
10.71,128.52,261.255,261.398,0
10.81,129.72,259.368,259.51,0
10.91,130.92,257.511,257.651,0
11.01,132.12,255.683,255.822,0
11.11,133.32,253.883,254.02,0
11.21,134.52,252.11,252.247,0
11.31,135.72,250.365,250.501,0
11.41,136.92,248.645,248.78,0
11.51,138.12,246.952,247.086,0
11.61,139.32,245.283,245.416,0
11.71,140.52,243.639,243.771,0
11.81,141.72,242.018,242.15,0
11.91,142.92,240.422,240.552,0
12.01,144.12,238.848,238.978,0
12.11,145.32,237.297,237.425,0
12.21,146.52,235.767,235.895,0
12.31,147.72,234.259,234.386,0
12.41,148.92,232.773,232.898,0
12.51,150.12,231.306,231.431,0
12.61,151.32,229.86,229.984,0
12.71,152.52,228.434,228.557,0
12.81,153.72,227.027,227.149,0
12.91,154.92,225.638,225.76,0
13.01,156.12,224.268,224.389,0
13.11,157.32,222.917,223.036,0
13.21,158.52,221.583,221.702,0
13.31,159.72,220.266,220.384,0
13.41,160.92,218.967,219.084,0
13.51,162.12,217.684,217.801,0
13.61,163.32,216.418,216.534,0
13.71,164.52,215.168,215.283,0
13.81,165.72,213.934,214.048,0
13.91,166.92,212.715,212.828,0
14.01,168.12,211.511,211.624,0
14.11,169.32,210.323,210.435,0
14.21,170.52,209.149,209.26,0
14.31,171.72,207.989,208.099,0
14.41,172.92,206.843,206.953,0
14.51,174.12,205.712,205.821,0
14.61,175.32,204.593,204.702,0
14.71,176.52,203.489,203.596,0
14.81,177.72,202.397,202.504,0
14.91,178.92,201.318,201.424,0
15.01,180.12,200.251,200.357,0
15.11,181.32,199.196,199.301,0
15.21,182.52,198.153,198.257,0
15.31,183.72,197.122,197.226,0
15.41,184.92,196.102,196.206,0
15.51,186.12,195.094,195.197,0
15.61,187.32,194.098,194.2,0
15.71,188.52,193.112,193.214,0
15.81,189.72,192.138,192.239,0
15.91,190.92,191.175,191.275,0
16.01,192.12,190.222,190.321,0
16.11,193.32,189.279,189.378,0
16.21,194.52,188.347,188.445,0
16.31,195.72,187.424,187.523,0
16.41,196.92,186.512,186.61,0
16.51,198.12,185.61,185.707,0
16.61,199.32,184.717,184.813,0
16.71,200.52,183.833,183.929,0
16.81,201.72,182.959,183.055,0
16.91,202.92,182.094,182.189,0
17.01,204.12,181.238,181.333,0
17.11,205.32,180.391,180.485,0
17.21,206.52,179.553,179.646,0
17.31,207.72,178.723,178.816,0
17.41,208.92,177.902,177.994,0
17.51,210.12,177.089,177.181,0
17.61,211.32,176.284,176.375,0
17.71,212.52,175.487,175.578,0
17.81,213.72,174.698,174.789,0
17.91,214.92,173.917,174.007,0
18.01,216.12,173.144,173.233,0
18.11,217.32,172.378,172.467,0
18.21,218.52,171.62,171.708,0
18.31,219.72,170.869,170.957,0
18.41,220.92,170.125,170.213,0
18.51,222.12,169.389,169.476,0
18.61,223.32,168.659,168.746,0
18.71,224.52,167.937,168.023,0
18.81,225.72,167.221,167.307,0
18.91,226.92,166.512,166.597,0
19.01,228.12,165.81,165.895,0
19.11,229.32,165.114,165.198,0
19.21,230.52,164.425,164.509,0
19.31,231.72,163.742,163.825,0
19.41,232.92,163.065,163.148,0
19.51,234.12,162.394,162.477,0
19.61,235.32,161.73,161.812,0
19.71,236.52,161.072,161.153,0
19.81,237.72,160.419,160.5,0
19.91,238.92,159.772,159.853,0
20.01,240.12,159.131,159.211,0
20.11,241.32,158.496,158.576,0
20.21,242.52,157.866,157.946,0
20.31,243.72,157.242,157.321,0
20.41,244.92,156.624,156.702,0
20.51,246.12,156.01,156.089,0
20.61,247.32,155.402,155.48,0
20.71,248.52,154.8,154.877,0
20.81,249.72,154.202,154.28,0
20.91,250.92,153.61,153.687,0
21.01,252.12,153.023,153.099,0
21.11,253.32,152.44,152.516,0
21.21,254.52,151.863,151.939,0
21.31,255.72,151.292,151.367,0
21.41,256.92,150.724,150.8,0
21.51,258.12,150.162,150.237,0
21.61,259.32,149.604,149.679,0
21.71,260.52,149.051,149.126,0
21.81,261.72,148.503,148.577,0
21.91,262.92,147.959,148.032,0
22.01,264.12,147.419,147.493,0
22.11,265.32,146.884,146.957,0
22.21,266.52,146.353,146.426,0
22.31,267.72,145.826,145.899,0
22.41,268.92,145.304,145.376,0
22.51,270.12,144.786,144.858,0
22.61,271.32,144.271,144.343,0
22.71,272.52,143.761,143.833,0
22.81,273.72,143.255,143.326,0
22.91,274.92,142.753,142.824,0
23.01,276.12,142.255,142.326,0
23.11,277.32,141.761,141.831,0
23.21,278.52,141.27,141.34,0
23.31,279.72,140.783,140.853,0
23.41,280.92,140.3,140.37,0
23.51,282.12,139.821,139.89,0
23.61,283.32,139.345,139.414,0
23.71,284.52,138.873,138.942,0
23.81,285.72,138.405,138.473,0
23.91,286.92,137.939,138.008,0
24.01,288.12,137.478,137.546,0
24.11,289.32,137.019,137.087,0
24.21,290.52,136.565,136.632,0
24.31,291.72,136.113,136.18,0
24.41,292.92,135.665,135.732,0
24.51,294.12,135.22,135.287,0
24.61,295.32,134.778,134.845,0
24.71,296.52,134.34,134.406,0
24.81,297.72,133.905,133.971,0
24.91,298.92,133.473,133.538,0
25.01,300.12,133.044,133.109,0
25.11,301.32,132.618,132.683,0
25.21,302.52,132.195,132.26,0
25.31,303.72,131.775,131.84,0
25.41,304.92,131.359,131.423,0
25.51,306.12,130.945,131.009,0
25.61,307.32,130.534,130.598,0
25.71,308.52,130.126,130.19,0
25.81,309.72,129.721,129.784,0
25.91,310.92,129.319,129.382,0
26.01,312.12,128.919,128.982,0
26.11,313.32,128.522,128.585,0
26.21,314.52,128.128,128.191,0
26.31,315.72,127.737,127.799,0
26.41,316.92,127.348,127.41,0
26.51,318.12,126.962,127.024,0
26.61,319.32,126.579,126.641,0
26.71,320.52,126.198,126.26,0
26.81,321.72,125.82,125.881,0
26.91,322.92,125.445,125.505,0
27.01,324.12,125.071,125.132,0
27.11,325.32,124.701,124.761,0
27.21,326.52,124.333,124.393,0
27.31,327.72,123.967,124.027,0
27.41,328.92,123.604,123.663,0
27.51,330.12,123.243,123.302,0
27.61,331.32,122.884,122.944,0
27.71,332.52,122.528,122.587,0
27.81,333.72,122.174,122.233,0
27.91,334.92,121.823,121.881,0
28.01,336.12,121.474,121.532,0
28.11,337.32,121.127,121.185,0
28.21,338.52,120.782,120.84,0
28.31,339.72,120.439,120.497,0
28.41,340.92,120.099,120.157,0
28.51,342.12,119.761,119.818,0
28.61,343.32,119.424,119.482,0
28.71,344.52,119.09,119.148,0
28.81,345.72,118.759,118.816,0
28.91,346.92,118.429,118.486,0
29.01,348.12,118.101,118.158,0
29.11,349.32,117.776,117.832,0
29.21,350.52,117.452,117.508,0
29.31,351.72,117.13,117.186,0
29.41,352.92,116.811,116.867,0
29.51,354.12,116.493,116.549,0
29.61,355.32,116.177,116.233,0
29.71,356.52,115.863,115.919,0
29.81,357.72,115.552,115.607,0
29.91,358.92,115.242,115.297,0
30.01,360.12,114.934,114.989,0
30.11,361.32,114.627,114.682,0
30.21,362.52,114.323,114.378,0
30.31,363.72,114.02,114.075,0
30.41,364.92,113.72,113.774,0
30.51,366.12,113.421,113.475,0
30.61,367.32,113.123,113.177,0
30.71,368.52,112.828,112.882,0
30.81,369.72,112.534,112.588,0
30.91,370.92,112.242,112.296,0
31.01,372.12,111.952,112.005,0
31.11,373.32,111.663,111.717,0
31.21,374.52,111.377,111.43,0
31.31,375.72,111.091,111.144,0
31.41,376.92,110.808,110.861,0
31.51,378.12,110.526,110.579,0
31.61,379.32,110.246,110.298,0
31.71,380.52,109.967,110.019,0
31.81,381.72,109.69,109.742,0
31.91,382.92,109.414,109.466,0
32.01,384.12,109.14,109.192,0
32.11,385.32,108.868,108.92,0
32.21,386.52,108.597,108.649,0
32.31,387.72,108.328,108.379,0
32.41,388.92,108.06,108.111,0
32.51,390.12,107.794,107.845,0
32.61,391.32,107.529,107.58,0
32.71,392.52,107.266,107.317,0
32.81,393.72,107.004,107.054,0
32.91,394.92,106.743,106.794,0
33.01,396.12,106.484,106.534,0
33.11,397.32,106.226,106.276,0
33.21,398.52,105.97,106.02,0
33.31,399.72,105.715,105.765,0
33.41,400.92,105.462,105.511,0
33.51,402.12,105.209,105.259,0
33.61,403.32,104.959,105.008,0
33.71,404.52,104.709,104.759,0
33.81,405.72,104.461,104.51,0
33.91,406.92,104.214,104.263,0
34.01,408.12,103.969,104.018,0
34.11,409.32,103.725,103.774,0
34.21,410.52,103.482,103.531,0
34.31,411.72,103.241,103.289,0
34.41,412.92,103,103.049,0
34.51,414.12,102.761,102.81,0
34.61,415.32,102.524,102.572,0
34.71,416.52,102.287,102.335,0
34.81,417.72,102.052,102.1,0
34.91,418.92,101.818,101.866,0
35.01,420.12,101.585,101.633,0
35.11,421.32,101.354,101.401,0
35.21,422.52,101.123,101.171,0
35.31,423.72,100.894,100.942,0
35.41,424.92,100.666,100.713,0
35.51,426.12,100.439,100.487,0
35.61,427.32,100.214,100.261,0
35.71,428.52,99.9892,100.036,0
35.81,429.72,99.7658,99.7658,0
35.91,430.92,99.5436,99.5436,0
36.01,432.12,99.3225,99.3225,0
36.11,433.32,99.1025,99.1025,0
36.21,434.52,98.8836,98.8836,0
36.31,435.72,98.6659,98.6659,0
36.41,436.92,98.4492,98.4492,0
36.51,438.12,98.2336,98.2336,0
36.61,439.32,98.0191,98.0191,0
36.71,440.52,97.8056,97.8056,0
36.81,441.72,97.5932,97.5932,0
36.91,442.92,97.3818,97.3818,0
37.01,444.12,97.1715,97.1715,0
37.11,445.32,96.9623,96.9623,0
37.21,446.52,96.754,96.754,0
37.31,447.72,96.5468,96.5468,0
37.41,448.92,96.3406,96.3406,0
37.51,450.12,96.1353,96.1353,0
37.61,451.32,95.9311,95.9311,0
37.71,452.52,95.7279,95.7279,0
37.81,453.72,95.5256,95.5256,0
37.91,454.92,95.3244,95.3244,0
38.01,456.12,95.1241,95.1241,0
38.11,457.32,94.9247,94.9247,0
38.21,458.52,94.7263,94.7263,0
38.31,459.72,94.5289,94.5289,0
38.41,460.92,94.3323,94.3323,0
38.51,462.12,94.1368,94.1368,0
38.61,463.32,93.9421,93.9421,0
38.71,464.52,93.7484,93.7484,0
38.81,465.72,93.5555,93.5555,0
38.91,466.92,93.3636,93.3636,0
39.01,468.12,93.1726,93.1726,0
39.11,469.32,92.9825,92.9825,0
39.21,470.52,92.7932,92.7932,0
39.31,471.72,92.6048,92.6048,0
39.41,472.92,92.4174,92.4174,0
39.51,474.12,92.2307,92.2307,0
39.61,475.32,92.045,92.045,0
39.71,476.52,91.8601,91.8601,0
39.81,477.72,91.676,91.676,0
39.91,478.92,91.4928,91.4928,0
40.01,480.12,91.3104,91.3104,0
40.11,481.32,91.1289,91.1289,0
40.21,482.52,90.9481,90.9481,0
40.31,483.72,90.7682,90.7682,0
40.41,484.92,90.5891,90.5891,0
40.51,486.12,90.4109,90.4109,0
40.61,487.32,90.2334,90.2334,0
40.71,488.52,90.0567,90.0567,0
40.81,489.72,89.8808,89.8808,0
40.91,490.92,89.7057,89.7057,0
41.01,492.12,89.5314,89.5314,0
41.11,493.32,89.3579,89.3579,0
41.21,494.52,89.1851,89.1851,0
41.31,495.72,89.0131,89.0131,0
41.41,496.92,88.8418,88.8418,0
41.51,498.12,88.6714,88.6714,0
41.61,499.32,88.5016,88.5016,0
41.71,500.52,88.3326,88.3326,0
41.81,501.72,88.1644,88.1644,0
41.91,502.92,87.9969,87.9969,0
42.01,504.12,87.8301,87.8301,0
42.11,505.32,87.6641,87.6641,0
42.21,506.52,87.4987,87.4987,0
42.31,507.72,87.3341,87.3341,0
42.41,508.92,87.1702,87.1702,0
42.51,510.12,87.007,87.007,0
42.61,511.32,86.8445,86.8445,0
42.71,512.52,86.6827,86.6827,0
42.81,513.72,86.5216,86.5216,0
42.91,514.92,86.3612,86.3612,0
43.01,516.12,86.2015,86.2015,0
43.11,517.32,86.0425,86.0425,0
43.21,518.52,85.8841,85.8841,0
43.31,519.72,85.7264,85.7264,0
43.41,520.92,85.5694,85.5694,0
43.51,522.12,85.413,85.413,0
43.61,523.32,85.2573,85.2573,0
43.71,524.52,85.1022,85.1022,0
43.81,525.72,84.9478,84.9478,0
43.91,526.92,84.7941,84.7941,0
44.01,528.12,84.641,84.641,0
44.11,529.32,84.4885,84.4885,0
44.21,530.52,84.3366,84.3366,0
44.31,531.72,84.1854,84.1854,0
44.41,532.92,84.0349,84.0349,0
44.51,534.12,83.8849,83.8849,0
44.61,535.32,83.7355,83.7355,0
44.71,536.52,83.5868,83.5868,0
44.81,537.72,83.4387,83.4387,0
44.91,538.92,83.2912,83.2912,0
45.01,540.12,83.1443,83.1443,0
45.11,541.32,82.998,82.998,0
45.21,542.52,82.8523,82.8523,0
45.31,543.72,82.7071,82.7071,0
45.41,544.92,82.5626,82.5626,0
45.51,546.12,82.4187,82.4187,0
45.61,547.32,82.2753,82.2753,0
45.71,548.52,82.1325,82.1325,0
45.81,549.72,81.9903,81.9903,0
45.91,550.92,81.8486,81.8486,0
46.01,552.12,81.7076,81.7076,0
46.11,553.32,81.567,81.567,0
46.21,554.52,81.4271,81.4271,0
46.31,555.72,81.2877,81.2877,0
46.41,556.92,81.1488,81.1488,0
46.51,558.12,81.0106,81.0106,0
46.61,559.32,80.8728,80.8728,0
46.71,560.52,80.7356,80.7356,0
46.81,561.72,80.5989,80.5989,0
46.91,562.92,80.4628,80.4628,0
47.01,564.12,80.3274,80.3274,0
47.11,565.32,80.1925,80.1925,0
47.21,566.52,80.0582,80.0582,0
47.31,567.72,79.9243,79.9243,0
47.41,568.92,79.791,79.791,0
47.51,570.12,79.6582,79.6582,0
47.61,571.32,79.526,79.526,0
47.71,572.52,79.3942,79.3942,0
47.81,573.72,79.2629,79.2629,0
47.91,574.92,79.1322,79.1322,0
48.01,576.12,79.002,79.002,0
48.11,577.32,78.8722,78.8722,0
48.21,578.52,78.743,78.743,0
48.31,579.72,78.6142,78.6142,0
48.41,580.92,78.4859,78.4859,0
48.51,582.12,78.3581,78.3581,0
48.61,583.32,78.2308,78.2308,0
48.71,584.52,78.104,78.104,0
48.81,585.72,77.9777,77.9777,0
48.91,586.92,77.8518,77.8518,0
49.01,588.12,77.7265,77.7265,0
49.11,589.32,77.6016,77.6016,0
49.21,590.52,77.4771,77.4771,0
49.31,591.72,77.3531,77.3531,0
49.41,592.92,77.2296,77.2296,0
49.51,594.12,77.1066,77.1066,0
49.61,595.32,76.984,76.984,0
49.71,596.52,76.8618,76.8618,0
49.81,597.72,76.7401,76.7401,0
49.91,598.92,76.6189,76.6189,0
50.01,600.12,76.4981,76.4981,0
50.11,601.32,76.3778,76.3778,0
50.21,602.52,76.2579,76.2579,0
50.31,603.72,76.1384,76.1384,0
50.41,604.92,76.0194,76.0194,0
50.51,606.12,75.9008,75.9008,0
50.61,607.32,75.7826,75.7826,0
50.71,608.52,75.6649,75.6649,0
50.81,609.72,75.5476,75.5476,0
50.91,610.92,75.4308,75.4308,0
51.01,612.12,75.3143,75.3143,0
51.11,613.32,75.1983,75.1983,0
51.21,614.52,75.0827,75.0827,0
51.31,615.72,74.9675,74.9675,0
51.41,616.92,74.8527,74.8527,0
51.51,618.12,74.7383,74.7383,0
51.61,619.32,74.6244,74.6244,0
51.71,620.52,74.5108,74.5108,0
51.81,621.72,74.3977,74.3977,0
51.91,622.92,74.2849,74.2849,0
52.01,624.12,74.1726,74.1726,0
52.11,625.32,74.0606,74.0606,0
52.21,626.52,73.9491,73.9491,0
52.31,627.72,73.8379,73.8379,0
52.41,628.92,73.7272,73.7272,0
52.51,630.12,73.6168,73.6168,0
52.61,631.32,73.5068,73.5068,0
52.71,632.52,73.3972,73.3972,0
52.81,633.72,73.288,73.288,0
52.91,634.92,73.1791,73.1791,0
53.01,636.12,73.0707,73.0707,0
53.11,637.32,72.9626,72.9626,0
53.21,638.52,72.8549,72.8549,0
53.31,639.72,72.7476,72.7476,0
53.41,640.92,72.6406,72.6406,0
53.51,642.12,72.534,72.534,0
53.61,643.32,72.4278,72.4278,0
53.71,644.52,72.3219,72.3219,0
53.81,645.72,72.2164,72.2164,0
53.91,646.92,72.1113,72.1113,0
54.01,648.12,72.0065,72.0065,0
54.11,649.32,71.9021,71.9021,0
54.21,650.52,71.7981,71.7981,0
54.31,651.72,71.6943,71.6943,0
54.41,652.92,71.591,71.591,0
54.51,654.12,71.488,71.488,0
54.61,655.32,71.3853,71.3853,0
54.71,656.52,71.283,71.283,0
54.81,657.72,71.1811,71.1811,0
54.91,658.92,71.0795,71.0795,0
55.01,660.12,70.9782,70.9782,0
55.11,661.32,70.8772,70.8772,0
55.21,662.52,70.7766,70.7766,0
55.31,663.72,70.6764,70.6764,0
55.41,664.92,70.5764,70.5764,0
55.51,666.12,70.4769,70.4769,0
55.61,667.32,70.3776,70.3776,0
55.71,668.52,70.2787,70.2787,0
55.81,669.72,70.18,70.18,0
55.91,670.92,70.0818,70.0818,0
56.01,672.12,69.9838,69.9838,0
56.11,673.32,69.8862,69.8862,0
56.21,674.52,69.7889,69.7889,0
56.31,675.72,69.6919,69.6919,0
56.41,676.92,69.5952,69.5952,0
56.51,678.12,69.4988,69.4988,0
56.61,679.32,69.4028,69.4028,0
56.71,680.52,69.3071,69.3071,0
56.81,681.72,69.2117,69.2117,0
56.91,682.92,69.1165,69.1165,0
57.01,684.12,69.0217,69.0217,0
57.11,685.32,68.9273,68.9273,0
57.21,686.52,68.8331,68.8331,0
57.31,687.72,68.7392,68.7392,0
57.41,688.92,68.6456,68.6456,0
57.51,690.12,68.5523,68.5523,0
57.61,691.32,68.4593,68.4593,0
57.71,692.52,68.3667,68.3667,0
57.81,693.72,68.2743,68.2743,0
57.91,694.92,68.1822,68.1822,0
58.01,696.12,68.0904,68.0904,0
58.11,697.32,67.9989,67.9989,0
58.21,698.52,67.9077,67.9077,0
58.31,699.72,67.8168,67.8168,0
58.41,700.92,67.7261,67.7261,0
58.51,702.12,67.6358,67.6358,0
58.61,703.32,67.5457,67.5457,0
58.71,704.52,67.4559,67.4559,0
58.81,705.72,67.3664,67.3664,0
58.91,706.92,67.2772,67.2772,0
59.01,708.12,67.1883,67.1883,0
59.11,709.32,67.0996,67.0996,0
59.21,710.52,67.0112,67.0112,0
59.31,711.72,66.9231,66.9231,0
59.41,712.92,66.8353,66.8353,0
59.51,714.12,66.7478,66.7478,0
59.61,715.32,66.6605,66.6605,0
59.71,716.52,66.5735,66.5735,0
59.81,717.72,66.4867,66.4867,0
59.91,718.92,66.4002,66.4002,0
60.01,720.12,66.314,66.314,0
60.11,721.32,66.2281,66.2281,0
60.21,722.52,66.1424,66.1424,0
60.31,723.72,66.057,66.057,0
60.41,724.92,65.9718,65.9718,0
60.51,726.12,65.8869,65.8869,0
60.61,727.32,65.8023,65.8023,0
60.71,728.52,65.7179,65.7179,0
60.81,729.72,65.6338,65.6338,0
60.91,730.92,65.5499,65.5499,0
61.01,732.12,65.4663,65.4663,0
61.11,733.32,65.383,65.383,0
61.21,734.52,65.2999,65.2999,0
61.31,735.72,65.217,65.217,0
61.41,736.92,65.1344,65.1344,0
61.51,738.12,65.052,65.052,0
61.61,739.32,64.9699,64.9699,0
61.71,740.52,64.8881,64.8881,0
61.81,741.72,64.8065,64.8065,0
61.91,742.92,64.7251,64.7251,0
62.01,744.12,64.644,64.644,0
62.11,745.32,64.5631,64.5631,0
62.21,746.52,64.4824,64.4824,0
62.31,747.72,64.402,64.402,0
62.41,748.92,64.3218,64.3218,0
62.51,750.12,64.2419,64.2419,0
62.61,751.32,64.1622,64.1622,0
62.71,752.52,64.0828,64.0828,0
62.81,753.72,64.0035,64.0035,0
62.91,754.92,63.9246,63.9246,0
63.01,756.12,63.8458,63.8458,0
63.11,757.32,63.7673,63.7673,0
63.21,758.52,63.689,63.689,0
63.31,759.72,63.6109,63.6109,0
63.41,760.92,63.5331,63.5331,0
63.51,762.12,63.4555,63.4555,0
63.61,763.32,63.3781,63.3781,0
63.71,764.52,63.3009,63.3009,0
63.81,765.72,63.224,63.224,0
63.91,766.92,63.1473,63.1473,0
64.01,768.12,63.0708,63.0708,0
64.11,769.32,62.9945,62.9945,0
64.21,770.52,62.9185,62.9185,0
64.31,771.72,62.8426,62.8426,0
64.41,772.92,62.767,62.767,0
64.51,774.12,62.6916,62.6916,0
64.61,775.32,62.6165,62.6165,0
64.71,776.52,62.5415,62.5415,0
64.81,777.72,62.4668,62.4668,0
64.91,778.92,62.3922,62.3922,0
65.01,780.12,62.3179,62.3179,0
65.11,781.32,62.2438,62.2438,0
65.21,782.52,62.1699,62.1699,0
65.31,783.72,62.0962,62.0962,0
65.41,784.92,62.0227,62.0227,0
65.51,786.12,61.9495,61.9495,0
65.61,787.32,61.8764,61.8764,0
65.71,788.52,61.8035,61.8035,0
65.81,789.72,61.7309,61.7309,0
65.91,790.92,61.6585,61.6585,0
66.01,792.12,61.5862,61.5862,0
66.11,793.32,61.5142,61.5142,0
66.21,794.52,61.4423,61.4423,0
66.31,795.72,61.3707,61.3707,0
66.41,796.92,61.2993,61.2993,0
66.51,798.12,61.228,61.228,0
66.61,799.32,61.157,61.157,0
66.71,800.52,61.0862,61.0862,0
66.81,801.72,61.0155,61.0155,0
66.91,802.92,60.9451,60.9451,0
67.01,804.12,60.8748,60.8748,0
67.11,805.32,60.8048,60.8048,0
67.21,806.52,60.7349,60.7349,0
67.31,807.72,60.6652,60.6652,0
67.41,808.92,60.5957,60.5957,0
67.51,810.12,60.5265,60.5265,0
67.61,811.32,60.4574,60.4574,0
67.71,812.52,60.3885,60.3885,0
67.81,813.72,60.3197,60.3197,0
67.91,814.92,60.2512,60.2512,0
68.01,816.12,60.1829,60.1829,0
68.11,817.32,60.1147,60.1147,0
68.21,818.52,60.0468,60.0468,0
68.31,819.72,59.979,59.979,0
68.41,820.92,59.9114,59.9114,0
68.51,822.12,59.844,59.844,0
68.61,823.32,59.7767,59.7767,0
68.71,824.52,59.7097,59.7097,0
68.81,825.72,59.6428,59.6428,0
68.91,826.92,59.5761,59.5761,0
69.01,828.12,59.5096,59.5096,0
69.11,829.32,59.4433,59.4433,0
69.21,830.52,59.3771,59.3771,0
69.31,831.72,59.3111,59.3111,0
69.41,832.92,59.2453,59.2453,0
69.51,834.12,59.1797,59.1797,0
69.61,835.32,59.1143,59.1143,0
69.71,836.52,59.049,59.049,0
69.81,837.72,58.9839,58.9839,0
69.91,838.92,58.919,58.919,0
70.01,840.12,58.8542,58.8542,0
70.11,841.32,58.7897,58.7897,0
70.21,842.52,58.7253,58.7253,0
70.31,843.72,58.661,58.661,0
70.41,844.92,58.597,58.597,0
70.51,846.12,58.5331,58.5331,0
70.61,847.32,58.4693,58.4693,0
70.71,848.52,58.4058,58.4058,0
70.81,849.72,58.3424,58.3424,0
70.91,850.92,58.2791,58.2791,0
71.01,852.12,58.2161,58.2161,0
71.11,853.32,58.1532,58.1532,0
71.21,854.52,58.0905,58.0905,0
71.31,855.72,58.0279,58.0279,0
71.41,856.92,57.9655,57.9655,0
71.51,858.12,57.9032,57.9032,0
71.61,859.32,57.8412,57.8412,0
71.71,860.52,57.7792,57.7792,0
71.81,861.72,57.7175,57.7175,0
71.91,862.92,57.6559,57.6559,0
72.01,864.12,57.5945,57.5945,0
72.11,865.32,57.5332,57.5332,0
72.21,866.52,57.4721,57.4721,0
72.31,867.72,57.4111,57.4111,0
72.41,868.92,57.3503,57.3503,0
72.51,870.12,57.2897,57.2897,0
72.61,871.32,57.2292,57.2292,0
72.71,872.52,57.1688,57.1688,0
72.81,873.72,57.1086,57.1086,0
72.91,874.92,57.0486,57.0486,0
73.01,876.12,56.9887,56.9887,0
73.11,877.32,56.929,56.929,0
73.21,878.52,56.8694,56.8694,0
73.31,879.72,56.81,56.81,0
73.41,880.92,56.7508,56.7508,0
73.51,882.12,56.6916,56.6916,0
73.61,883.32,56.6327,56.6327,0
73.71,884.52,56.5739,56.5739,0
73.81,885.72,56.5152,56.5152,0
73.91,886.92,56.4567,56.4567,0
74.01,888.12,56.3983,56.3983,0
74.11,889.32,56.3401,56.3401,0
74.21,890.52,56.282,56.282,0
74.31,891.72,56.2241,56.2241,0
74.41,892.92,56.1663,56.1663,0
74.51,894.12,56.1086,56.1086,0
74.61,895.32,56.0511,56.0511,0
74.71,896.52,55.9938,55.9938,0
74.81,897.72,55.9366,55.9366,0
74.91,898.92,55.8795,55.8795,0
75.01,900.12,55.8226,55.8226,0
75.11,901.32,55.7658,55.7658,0
75.21,902.52,55.7091,55.7091,0
75.31,903.72,55.6526,55.6526,0
75.41,904.92,55.5963,55.5963,0
75.51,906.12,55.54,55.54,0
75.61,907.32,55.484,55.484,0
75.71,908.52,55.428,55.428,0
75.81,909.72,55.3722,55.3722,0
75.91,910.92,55.3165,55.3165,0
76.01,912.12,55.261,55.261,0
76.11,913.32,55.2056,55.2056,0
76.21,914.52,55.1503,55.1503,0
76.31,915.72,55.0952,55.0952,0
76.41,916.92,55.0402,55.0402,0
76.51,918.12,54.9853,54.9853,0
76.61,919.32,54.9306,54.9306,0
76.71,920.52,54.876,54.876,0
76.81,921.72,54.8215,54.8215,0
76.91,922.92,54.7672,54.7672,0
77.01,924.12,54.713,54.713,0
77.11,925.32,54.6589,54.6589,0
77.21,926.52,54.605,54.605,0
77.31,927.72,54.5512,54.5512,0
77.41,928.92,54.4975,54.4975,0
77.51,930.12,54.444,54.444,0
77.61,931.32,54.3906,54.3906,0
77.71,932.52,54.3373,54.3373,0
77.81,933.72,54.2841,54.2841,0
77.91,934.92,54.2311,54.2311,0
78.01,936.12,54.1782,54.1782,0
78.11,937.32,54.1254,54.1254,0
78.21,938.52,54.0728,54.0728,0
78.31,939.72,54.0202,54.0202,0
78.41,940.92,53.9678,53.9678,0
78.51,942.12,53.9156,53.9156,0
78.61,943.32,53.8634,53.8634,0
78.71,944.52,53.8114,53.8114,0
78.81,945.72,53.7595,53.7595,0
78.91,946.92,53.7077,53.7077,0
79.01,948.12,53.656,53.656,0
79.11,949.32,53.6045,53.6045,0
79.21,950.52,53.5531,53.5531,0
79.31,951.72,53.5018,53.5018,0
79.41,952.92,53.4506,53.4506,0
79.51,954.12,53.3996,53.3996,0
79.61,955.32,53.3486,53.3486,0
79.71,956.52,53.2978,53.2978,0
79.81,957.72,53.2471,53.2471,0
79.91,958.92,53.1966,53.1966,0
80.01,960.12,53.1461,53.1461,0
80.11,961.32,53.0958,53.0958,0
80.21,962.52,53.0456,53.0456,0
80.31,963.72,52.9954,52.9954,0
80.41,964.92,52.9455,52.9455,0
80.51,966.12,52.8956,52.8956,0
80.61,967.32,52.8458,52.8458,0
80.71,968.52,52.7962,52.7962,0
80.81,969.72,52.7467,52.7467,0
80.91,970.92,52.6973,52.6973,0
81.01,972.12,52.648,52.648,0
81.11,973.32,52.5988,52.5988,0
81.21,974.52,52.5497,52.5497,0
81.31,975.72,52.5008,52.5008,0
81.41,976.92,52.4519,52.4519,0
81.51,978.12,52.4032,52.4032,0
81.61,979.32,52.3546,52.3546,0
81.71,980.52,52.3061,52.3061,0
81.81,981.72,52.2577,52.2577,0
81.91,982.92,52.2094,52.2094,0
82.01,984.12,52.1612,52.1612,0
82.11,985.32,52.1131,52.1131,0
82.21,986.52,52.0652,52.0652,0
82.31,987.72,52.0173,52.0173,0
82.41,988.92,51.9696,51.9696,0
82.51,990.12,51.922,51.922,0
82.61,991.32,51.8745,51.8745,0
82.71,992.52,51.827,51.827,0
82.81,993.72,51.7797,51.7797,0
82.91,994.92,51.7325,51.7325,0
83.01,996.12,51.6854,51.6854,0
83.11,997.32,51.6385,51.6385,0
83.21,998.52,51.5916,51.5916,0
83.31,999.72,51.5448,51.5448,0
83.41,1000.92,51.4981,51.4981,0
83.51,1002.12,51.4516,51.4516,0
83.61,1003.32,51.4051,51.4051,0
83.71,1004.52,51.3587,51.3587,0
83.81,1005.72,51.3125,51.3125,0
83.91,1006.92,51.2663,51.2663,0
84.01,1008.12,51.2203,51.2203,0
84.11,1009.32,51.1743,51.1743,0
84.21,1010.52,51.1285,51.1285,0
84.31,1011.72,51.0827,51.0827,0
84.41,1012.92,51.0371,51.0371,0
84.51,1014.12,50.9916,50.9916,0
84.61,1015.32,50.9461,50.9461,0
84.71,1016.52,50.9008,50.9008,0
84.81,1017.72,50.8555,50.8555,0
84.91,1018.92,50.8104,50.8104,0
85.01,1020.12,50.7653,50.7653,0
85.11,1021.32,50.7204,50.7204,0
85.21,1022.52,50.6756,50.6756,0
85.31,1023.72,50.6308,50.6308,0
85.41,1024.92,50.5862,50.5862,0
85.51,1026.12,50.5416,50.5416,0
85.61,1027.32,50.4972,50.4972,0
85.71,1028.52,50.4528,50.4528,0
85.81,1029.72,50.4086,50.4086,0
85.91,1030.92,50.3644,50.3644,0
86.01,1032.12,50.3203,50.3203,0
86.11,1033.32,50.2764,50.2764,0
86.21,1034.52,50.2325,50.2325,0
86.31,1035.72,50.1887,50.1887,0
86.41,1036.92,50.145,50.145,0
86.51,1038.12,50.1014,50.1014,0
86.61,1039.32,50.0579,50.0579,0
86.71,1040.52,50.0145,50.0145,0
86.81,1041.72,49.9712,49.9712,0
86.91,1042.92,49.928,49.928,0
87.01,1044.12,49.8849,49.8849,0
87.11,1045.32,49.8419,49.8419,0
87.21,1046.52,49.7989,49.7989,0
87.31,1047.72,49.7561,49.7561,0
87.41,1048.92,49.7133,49.7133,0
87.51,1050.12,49.6707,49.6707,0
87.61,1051.32,49.6281,49.6281,0
87.71,1052.52,49.5856,49.5856,0
87.81,1053.72,49.5432,49.5432,0
87.91,1054.92,49.5009,49.5009,0
88.01,1056.12,49.4587,49.4587,0
88.11,1057.32,49.4166,49.4166,0
88.21,1058.52,49.3746,49.3746,0
88.31,1059.72,49.3326,49.3326,0
88.41,1060.92,49.2908,49.2908,0
88.51,1062.12,49.249,49.249,0
88.61,1063.32,49.2073,49.2073,0
88.71,1064.52,49.1657,49.1657,0
88.81,1065.72,49.1242,49.1242,0
88.91,1066.92,49.0828,49.0828,0
89.01,1068.12,49.0415,49.0415,0
89.11,1069.32,49.0003,49.0003,0
89.21,1070.52,48.9591,48.9591,0
89.31,1071.72,48.918,48.918,0
89.41,1072.92,48.8771,48.8771,0
89.51,1074.12,48.8362,48.8362,0
89.61,1075.32,48.7953,48.7953,0
89.71,1076.52,48.7546,48.7546,0
89.81,1077.72,48.714,48.714,0
89.91,1078.92,48.6734,48.6734,0
90.01,1080.12,48.633,48.633,0
90.11,1081.32,48.5926,48.5926,0
90.21,1082.52,48.5523,48.5523,0
90.31,1083.72,48.512,48.512,0
90.41,1084.92,48.4719,48.4719,0
90.51,1086.12,48.4319,48.4319,0
90.61,1087.32,48.3919,48.3919,0
90.71,1088.52,48.352,48.352,0
90.81,1089.72,48.3122,48.3122,0
90.91,1090.92,48.2725,48.2725,0
91.01,1092.12,48.2328,48.2328,0
91.11,1093.32,48.1933,48.1933,0
91.21,1094.52,48.1538,48.1538,0
91.31,1095.72,48.1144,48.1144,0
91.41,1096.92,48.0751,48.0751,0
91.51,1098.12,48.0358,48.0358,0
91.61,1099.32,47.9967,47.9967,0
91.71,1100.52,47.9576,47.9576,0
91.81,1101.72,47.9186,47.9186,0
91.91,1102.92,47.8797,47.8797,0
92.01,1104.12,47.8408,47.8408,0
92.11,1105.32,47.8021,47.8021,0
92.21,1106.52,47.7634,47.7634,0
92.31,1107.72,47.7248,47.7248,0
92.41,1108.92,47.6862,47.6862,0
92.51,1110.12,47.6478,47.6478,0
92.61,1111.32,47.6094,47.6094,0
92.71,1112.52,47.5711,47.5711,0
92.81,1113.72,47.5329,47.5329,0
92.91,1114.92,47.4948,47.4948,0
93.01,1116.12,47.4567,47.4567,0
93.11,1117.32,47.4187,47.4187,0
93.21,1118.52,47.3808,47.3808,0
93.31,1119.72,47.343,47.343,0
93.41,1120.92,47.3052,47.3052,0
93.51,1122.12,47.2675,47.2675,0
93.61,1123.32,47.2299,47.2299,0
93.71,1124.52,47.1924,47.1924,0
93.81,1125.72,47.1549,47.1549,0
93.91,1126.92,47.1175,47.1175,0
94.01,1128.12,47.0802,47.0802,0
94.11,1129.32,47.043,47.043,0
94.21,1130.52,47.0058,47.0058,0
94.31,1131.72,46.9687,46.9687,0
94.41,1132.92,46.9317,46.9317,0
94.51,1134.12,46.8948,46.8948,0
94.61,1135.32,46.8579,46.8579,0
94.71,1136.52,46.8211,46.8211,0
94.81,1137.72,46.7844,46.7844,0
94.91,1138.92,46.7478,46.7478,0
95.01,1140.12,46.7112,46.7112,0
95.11,1141.32,46.6747,46.6747,0
95.21,1142.52,46.6382,46.6382,0
95.31,1143.72,46.6019,46.6019,0
95.41,1144.92,46.5656,46.5656,0
95.51,1146.12,46.5294,46.5294,0
95.61,1147.32,46.4932,46.4932,0
95.71,1148.52,46.4571,46.4571,0
95.81,1149.72,46.4211,46.4211,0
95.91,1150.92,46.3852,46.3852,0
96.01,1152.12,46.3493,46.3493,0
96.11,1153.32,46.3135,46.3135,0
96.21,1154.52,46.2778,46.2778,0
96.31,1155.72,46.2421,46.2421,0
96.41,1156.92,46.2065,46.2065,0
96.51,1158.12,46.171,46.171,0
96.61,1159.32,46.1356,46.1356,0
96.71,1160.52,46.1002,46.1002,0
96.81,1161.72,46.0649,46.0649,0
96.91,1162.92,46.0296,46.0296,0
97.01,1164.12,45.9945,45.9945,0
97.11,1165.32,45.9593,45.9593,0
97.21,1166.52,45.9243,45.9243,0
97.31,1167.72,45.8893,45.8893,0
97.41,1168.92,45.8544,45.8544,0
97.51,1170.12,45.8196,45.8196,0
97.61,1171.32,45.7848,45.7848,0
97.71,1172.52,45.7501,45.7501,0
97.81,1173.72,45.7154,45.7154,0
97.91,1174.92,45.6809,45.6809,0
98.01,1176.12,45.6464,45.6464,0
98.11,1177.32,45.6119,45.6119,0
98.21,1178.52,45.5775,45.5775,0
98.31,1179.72,45.5432,45.5432,0
98.41,1180.92,45.509,45.509,0
98.51,1182.12,45.4748,45.4748,0
98.61,1183.32,45.4407,45.4407,0
98.71,1184.52,45.4066,45.4066,0
98.81,1185.72,45.3726,45.3726,0
98.91,1186.92,45.3387,45.3387,0
99.01,1188.12,45.3048,45.3048,0
99.11,1189.32,45.271,45.271,0
99.21,1190.52,45.2373,45.2373,0
99.31,1191.72,45.2036,45.2036,0
99.41,1192.92,45.17,45.17,0
99.51,1194.12,45.1365,45.1365,0
99.61,1195.32,45.103,45.103,0
99.71,1196.52,45.0696,45.0696,0
99.81,1197.72,45.0362,45.0362,0
99.91,1198.92,45.0029,45.0029,0
100.01,1200.12,44.9697,44.9697,0
100.11,1201.32,44.9365,44.9365,0
100.21,1202.52,44.9034,44.9034,0
100.31,1203.72,44.8704,44.8704,0
100.41,1204.92,44.8374,44.8374,0
100.51,1206.12,44.8045,44.8045,0
100.61,1207.32,44.7716,44.7716,0
100.71,1208.52,44.7388,44.7388,0
100.81,1209.72,44.7061,44.7061,0
100.91,1210.92,44.6734,44.6734,0
101.01,1212.12,44.6408,44.6408,0
101.11,1213.32,44.6082,44.6082,0
101.21,1214.52,44.5757,44.5757,0
101.31,1215.72,44.5433,44.5433,0
101.41,1216.92,44.5109,44.5109,0
101.51,1218.12,44.4786,44.4786,0
101.61,1219.32,44.4463,44.4463,0
101.71,1220.52,44.4141,44.4141,0
101.81,1221.72,44.382,44.382,0
101.91,1222.92,44.3499,44.3499,0
102.01,1224.12,44.3179,44.3179,0
102.11,1225.32,44.2859,44.2859,0
102.21,1226.52,44.254,44.254,0
102.31,1227.72,44.2222,44.2222,0
102.41,1228.92,44.1904,44.1904,0
102.51,1230.12,44.1587,44.1587,0
102.61,1231.32,44.127,44.127,0
102.71,1232.52,44.0954,44.0954,0
102.81,1233.72,44.0638,44.0638,0
102.91,1234.92,44.0323,44.0323,0
103.01,1236.12,44.0009,44.0009,0
103.11,1237.32,43.9695,43.9695,0
103.21,1238.52,43.9382,43.9382,0
103.31,1239.72,43.9069,43.9069,0
103.41,1240.92,43.8757,43.8757,0
103.51,1242.12,43.8445,43.8445,0
103.61,1243.32,43.8134,43.8134,0
103.71,1244.52,43.7824,43.7824,0
103.81,1245.72,43.7514,43.7514,0
103.91,1246.92,43.7205,43.7205,0
104.01,1248.12,43.6896,43.6896,0
104.11,1249.32,43.6588,43.6588,0
104.21,1250.52,43.628,43.628,0
104.31,1251.72,43.5973,43.5973,0
104.41,1252.92,43.5666,43.5666,0
104.51,1254.12,43.536,43.536,0
104.61,1255.32,43.5055,43.5055,0
104.71,1256.52,43.475,43.475,0
104.81,1257.72,43.4445,43.4445,0
104.91,1258.92,43.4142,43.4142,0
105.01,1260.12,43.3838,43.3838,0
105.11,1261.32,43.3536,43.3536,0
105.21,1262.52,43.3233,43.3233,0
105.31,1263.72,43.2932,43.2932,0
105.41,1264.92,43.2631,43.2631,0
105.51,1266.12,43.233,43.233,0
105.61,1267.32,43.203,43.203,0
105.71,1268.52,43.173,43.173,0
105.81,1269.72,43.1431,43.1431,0
105.91,1270.92,43.1133,43.1133,0
106.01,1272.12,43.0835,43.0835,0
106.11,1273.32,43.0538,43.0538,0
106.21,1274.52,43.0241,43.0241,0
106.31,1275.72,42.9944,42.9944,0
106.41,1276.92,42.9649,42.9649,0
106.51,1278.12,42.9353,42.9353,0
106.61,1279.32,42.9058,42.9058,0
106.71,1280.52,42.8764,42.8764,0
106.81,1281.72,42.847,42.847,0
106.91,1282.92,42.8177,42.8177,0
107.01,1284.12,42.7884,42.7884,0
107.11,1285.32,42.7592,42.7592,0
107.21,1286.52,42.73,42.73,0
107.31,1287.72,42.7009,42.7009,0
107.41,1288.92,42.6719,42.6719,0
107.51,1290.12,42.6428,42.6428,0
107.61,1291.32,42.6139,42.6139,0
107.71,1292.52,42.585,42.585,0
107.81,1293.72,42.5561,42.5561,0
107.91,1294.92,42.5273,42.5273,0
108.01,1296.12,42.4985,42.4985,0
108.11,1297.32,42.4698,42.4698,0
108.21,1298.52,42.4411,42.4411,0
108.31,1299.72,42.4125,42.4125,0
108.41,1300.92,42.3839,42.3839,0
108.51,1302.12,42.3554,42.3554,0
108.61,1303.32,42.327,42.327,0
108.71,1304.52,42.2985,42.2985,0
108.81,1305.72,42.2702,42.2702,0
108.91,1306.92,42.2419,42.2419,0
109.01,1308.12,42.2136,42.2136,0
109.11,1309.32,42.1854,42.1854,0
109.21,1310.52,42.1572,42.1572,0
109.31,1311.72,42.1291,42.1291,0
109.41,1312.92,42.101,42.101,0
109.51,1314.12,42.073,42.073,0
109.61,1315.32,42.045,42.045,0
109.71,1316.52,42.017,42.017,0
109.81,1317.72,41.9892,41.9892,0
109.91,1318.92,41.9613,41.9613,0
110.01,1320.12,41.9335,41.9335,0
110.11,1321.32,41.9058,41.9058,0
110.21,1322.52,41.8781,41.8781,0
110.31,1323.72,41.8504,41.8504,0
110.41,1324.92,41.8228,41.8228,0
110.51,1326.12,41.7953,41.7953,0
110.61,1327.32,41.7678,41.7678,0
110.71,1328.52,41.7403,41.7403,0
110.81,1329.72,41.7129,41.7129,0
110.91,1330.92,41.6855,41.6855,0
111.01,1332.12,41.6582,41.6582,0
111.11,1333.32,41.6309,41.6309,0
111.21,1334.52,41.6037,41.6037,0
111.31,1335.72,41.5765,41.5765,0
111.41,1336.92,41.5494,41.5494,0
111.51,1338.12,41.5223,41.5223,0
111.61,1339.32,41.4953,41.4953,0
111.71,1340.52,41.4683,41.4683,0
111.81,1341.72,41.4413,41.4413,0
111.91,1342.92,41.4144,41.4144,0
112.01,1344.12,41.3875,41.3875,0
112.11,1345.32,41.3607,41.3607,0
112.21,1346.52,41.334,41.334,0
112.31,1347.72,41.3072,41.3072,0
112.41,1348.92,41.2805,41.2805,0
112.51,1350.12,41.2539,41.2539,0
112.61,1351.32,41.2273,41.2273,0
112.71,1352.52,41.2008,41.2008,0
112.81,1353.72,41.1743,41.1743,0
112.91,1354.92,41.1478,41.1478,0
113.01,1356.12,41.1214,41.1214,0
113.11,1357.32,41.095,41.095,0
113.21,1358.52,41.0687,41.0687,0
113.31,1359.72,41.0424,41.0424,0
113.41,1360.92,41.0162,41.0162,0
113.51,1362.12,40.99,40.99,0
113.61,1363.32,40.9638,40.9638,0
113.71,1364.52,40.9377,40.9377,0
113.81,1365.72,40.9116,40.9116,0
113.91,1366.92,40.8856,40.8856,0
114.01,1368.12,40.8596,40.8596,0
114.11,1369.32,40.8337,40.8337,0
114.21,1370.52,40.8078,40.8078,0
114.31,1371.72,40.7819,40.7819,0
114.41,1372.92,40.7561,40.7561,0
114.51,1374.12,40.7304,40.7304,0
114.61,1375.32,40.7046,40.7046,0
114.71,1376.52,40.679,40.679,0
114.81,1377.72,40.6533,40.6533,0
114.91,1378.92,40.6277,40.6277,0
115.01,1380.12,40.6022,40.6022,0
115.11,1381.32,40.5767,40.5767,0
115.21,1382.52,40.5512,40.5512,0
115.31,1383.72,40.5258,40.5258,0
115.41,1384.92,40.5004,40.5004,0
115.51,1386.12,40.475,40.475,0
115.61,1387.32,40.4497,40.4497,0
115.71,1388.52,40.4244,40.4244,0
115.81,1389.72,40.3992,40.3992,0
115.91,1390.92,40.374,40.374,0
116.01,1392.12,40.3489,40.3489,0
116.11,1393.32,40.3238,40.3238,0
116.21,1394.52,40.2987,40.2987,0
116.31,1395.72,40.2737,40.2737,0
116.41,1396.92,40.2487,40.2487,0
116.51,1398.12,40.2238,40.2238,0
116.61,1399.32,40.1989,40.1989,0
116.71,1400.52,40.174,40.174,0
116.81,1401.72,40.1492,40.1492,0
116.91,1402.92,40.1244,40.1244,0
117.01,1404.12,40.0997,40.0997,0
117.11,1405.32,40.075,40.075,0
117.21,1406.52,40.0504,40.0504,0
117.31,1407.72,40.0257,40.0257,0
117.41,1408.92,40.0012,40.0012,0
117.51,1410.12,39.9766,39.9766,0
117.61,1411.32,39.9521,39.9521,0
117.71,1412.52,39.9277,39.9277,0
117.81,1413.72,39.9032,39.9032,0
117.91,1414.92,39.8789,39.8789,0
118.01,1416.12,39.8545,39.8545,0
118.11,1417.32,39.8302,39.8302,0
118.21,1418.52,39.806,39.806,0
118.31,1419.72,39.7817,39.7817,0
118.41,1420.92,39.7575,39.7575,0
118.51,1422.12,39.7334,39.7334,0
118.61,1423.32,39.7093,39.7093,0
118.71,1424.52,39.6852,39.6852,0
118.81,1425.72,39.6612,39.6612,0
118.91,1426.92,39.6372,39.6372,0
119.01,1428.12,39.6132,39.6132,0
119.11,1429.32,39.5893,39.5893,0
119.21,1430.52,39.5654,39.5654,0
119.31,1431.72,39.5416,39.5416,0
119.41,1432.92,39.5178,39.5178,0
119.51,1434.12,39.494,39.494,0
119.61,1435.32,39.4703,39.4703,0
119.71,1436.52,39.4466,39.4466,0
119.81,1437.72,39.4229,39.4229,0
119.91,1438.92,39.3993,39.3993,0
120.01,1440.12,39.3757,39.3757,0
120.11,1441.32,39.3522,39.3522,0
120.21,1442.52,39.3287,39.3287,0
120.31,1443.72,39.3052,39.3052,0
120.41,1444.92,39.2818,39.2818,0
120.51,1446.12,39.2584,39.2584,0
120.61,1447.32,39.235,39.235,0
120.71,1448.52,39.2117,39.2117,0
120.81,1449.72,39.1884,39.1884,0
120.91,1450.92,39.1652,39.1652,0
121.01,1452.12,39.142,39.142,0
121.11,1453.32,39.1188,39.1188,0
121.21,1454.52,39.0957,39.0957,0
121.31,1455.72,39.0726,39.0726,0
121.41,1456.92,39.0495,39.0495,0
121.51,1458.12,39.0265,39.0265,0
121.61,1459.32,39.0035,39.0035,0
121.71,1460.52,38.9805,38.9805,0
121.81,1461.72,38.9576,38.9576,0
121.91,1462.92,38.9347,38.9347,0
122.01,1464.12,38.9118,38.9118,0
122.11,1465.32,38.889,38.889,0
122.21,1466.52,38.8662,38.8662,0
122.31,1467.72,38.8435,38.8435,0
122.41,1468.92,38.8208,38.8208,0
122.51,1470.12,38.7981,38.7981,0
122.61,1471.32,38.7755,38.7755,0
122.71,1472.52,38.7529,38.7529,0
122.81,1473.72,38.7303,38.7303,0
122.91,1474.92,38.7078,38.7078,0
123.01,1476.12,38.6853,38.6853,0
123.11,1477.32,38.6628,38.6628,0
123.21,1478.52,38.6404,38.6404,0
123.31,1479.72,38.618,38.618,0
123.41,1480.92,38.5956,38.5956,0
123.51,1482.12,38.5733,38.5733,0
123.61,1483.32,38.551,38.551,0
123.71,1484.52,38.5287,38.5287,0
123.81,1485.72,38.5065,38.5065,0
123.91,1486.92,38.4843,38.4843,0
124.01,1488.12,38.4621,38.4621,0
124.11,1489.32,38.44,38.44,0
124.21,1490.52,38.4179,38.4179,0
124.31,1491.72,38.3959,38.3959,0
124.41,1492.92,38.3738,38.3738,0
124.51,1494.12,38.3519,38.3519,0
124.61,1495.32,38.3299,38.3299,0
124.71,1496.52,38.308,38.308,0
124.81,1497.72,38.2861,38.2861,0
124.91,1498.92,38.2642,38.2642,0
125.01,1500.12,38.2424,38.2424,0
125.11,1501.32,38.2206,38.2206,0
125.21,1502.52,38.1989,38.1989,0
125.31,1503.72,38.1771,38.1771,0
125.41,1504.92,38.1554,38.1554,0
125.51,1506.12,38.1338,38.1338,0
125.61,1507.32,38.1122,38.1122,0
125.71,1508.52,38.0906,38.0906,0
125.81,1509.72,38.069,38.069,0
125.91,1510.92,38.0475,38.0475,0
126.01,1512.12,38.026,38.026,0
126.11,1513.32,38.0045,38.0045,0
126.21,1514.52,37.9831,37.9831,0
126.31,1515.72,37.9617,37.9617,0
126.41,1516.92,37.9403,37.9403,0
126.51,1518.12,37.919,37.919,0
126.61,1519.32,37.8977,37.8977,0
126.71,1520.52,37.8764,37.8764,0
126.81,1521.72,37.8552,37.8552,0
126.91,1522.92,37.834,37.834,0
127.01,1524.12,37.8128,37.8128,0
127.11,1525.32,37.7917,37.7917,0
127.21,1526.52,37.7706,37.7706,0
127.31,1527.72,37.7495,37.7495,0
127.41,1528.92,37.7284,37.7284,0
127.51,1530.12,37.7074,37.7074,0
127.61,1531.32,37.6864,37.6864,0
127.71,1532.52,37.6655,37.6655,0
127.81,1533.72,37.6445,37.6445,0
127.91,1534.92,37.6237,37.6237,0
128.01,1536.12,37.6028,37.6028,0
128.11,1537.32,37.582,37.582,0
128.21,1538.52,37.5612,37.5612,0
128.31,1539.72,37.5404,37.5404,0
128.41,1540.92,37.5197,37.5197,0
128.51,1542.12,37.499,37.499,0
128.61,1543.32,37.4783,37.4783,0
128.71,1544.52,37.4576,37.4576,0
128.81,1545.72,37.437,37.437,0
128.91,1546.92,37.4164,37.4164,0
129.01,1548.12,37.3959,37.3959,0
129.11,1549.32,37.3754,37.3754,0
129.21,1550.52,37.3549,37.3549,0
129.31,1551.72,37.3344,37.3344,0
129.41,1552.92,37.314,37.314,0
129.51,1554.12,37.2936,37.2936,0
129.61,1555.32,37.2732,37.2732,0
129.71,1556.52,37.2528,37.2528,0
129.81,1557.72,37.2325,37.2325,0
129.91,1558.92,37.2122,37.2122,0
130.01,1560.12,37.192,37.192,0
130.11,1561.32,37.1718,37.1718,0
130.21,1562.52,37.1516,37.1516,0
130.31,1563.72,37.1314,37.1314,0
130.41,1564.92,37.1113,37.1113,0
130.51,1566.12,37.0912,37.0912,0
130.61,1567.32,37.0711,37.0711,0
130.71,1568.52,37.051,37.051,0
130.81,1569.72,37.031,37.031,0
130.91,1570.92,37.011,37.011,0
131.01,1572.12,36.9911,36.9911,0
131.11,1573.32,36.9711,36.9711,0
131.21,1574.52,36.9512,36.9512,0
131.31,1575.72,36.9314,36.9314,0
131.41,1576.92,36.9115,36.9115,0
131.51,1578.12,36.8917,36.8917,0
131.61,1579.32,36.8719,36.8719,0
131.71,1580.52,36.8521,36.8521,0
131.81,1581.72,36.8324,36.8324,0
131.91,1582.92,36.8127,36.8127,0
132.01,1584.12,36.793,36.793,0
132.11,1585.32,36.7734,36.7734,0
132.21,1586.52,36.7538,36.7538,0
132.31,1587.72,36.7342,36.7342,0
132.41,1588.92,36.7146,36.7146,0
132.51,1590.12,36.6951,36.6951,0
132.61,1591.32,36.6756,36.6756,0
132.71,1592.52,36.6561,36.6561,0
132.81,1593.72,36.6367,36.6367,0
132.91,1594.92,36.6172,36.6172,0
133.01,1596.12,36.5978,36.5978,0
133.11,1597.32,36.5785,36.5785,0
133.21,1598.52,36.5591,36.5591,0
133.31,1599.72,36.5398,36.5398,0
133.41,1600.92,36.5206,36.5206,0
133.51,1602.12,36.5013,36.5013,0
133.61,1603.32,36.4821,36.4821,0
133.71,1604.52,36.4629,36.4629,0
133.81,1605.72,36.4437,36.4437,0
133.91,1606.92,36.4245,36.4245,0
134.01,1608.12,36.4054,36.4054,0
134.11,1609.32,36.3863,36.3863,0
134.21,1610.52,36.3673,36.3673,0
134.31,1611.72,36.3482,36.3482,0
134.41,1612.92,36.3292,36.3292,0
134.51,1614.12,36.3102,36.3102,0
134.61,1615.32,36.2913,36.2913,0
134.71,1616.52,36.2724,36.2724,0
134.81,1617.72,36.2535,36.2535,0
134.91,1618.92,36.2346,36.2346,0
135.01,1620.12,36.2157,36.2157,0
135.11,1621.32,36.1969,36.1969,0
135.21,1622.52,36.1781,36.1781,0
135.31,1623.72,36.1593,36.1593,0
135.41,1624.92,36.1406,36.1406,0
135.51,1626.12,36.1219,36.1219,0
135.61,1627.32,36.1032,36.1032,0
135.71,1628.52,36.0845,36.0845,0
135.81,1629.72,36.0659,36.0659,0
135.91,1630.92,36.0473,36.0473,0
136.01,1632.12,36.0287,36.0287,0
136.11,1633.32,36.0101,36.0101,0
136.21,1634.52,35.9916,35.9916,0
136.31,1635.72,35.9731,35.9731,0
136.41,1636.92,35.9546,35.9546,0
136.51,1638.12,35.9361,35.9361,0
136.61,1639.32,35.9177,35.9177,0
136.71,1640.52,35.8993,35.8993,0
136.81,1641.72,35.8809,35.8809,0
136.91,1642.92,35.8626,35.8626,0
137.01,1644.12,35.8442,35.8442,0
137.11,1645.32,35.8259,35.8259,0
137.21,1646.52,35.8076,35.8076,0
137.31,1647.72,35.7894,35.7894,0
137.41,1648.92,35.7712,35.7712,0
137.51,1650.12,35.753,35.753,0
137.61,1651.32,35.7348,35.7348,0
137.71,1652.52,35.7166,35.7166,0
137.81,1653.72,35.6985,35.6985,0
137.91,1654.92,35.6804,35.6804,0
138.01,1656.12,35.6623,35.6623,0
138.11,1657.32,35.6443,35.6443,0
138.21,1658.52,35.6262,35.6262,0
138.31,1659.72,35.6082,35.6082,0
138.41,1660.92,35.5903,35.5903,0
138.51,1662.12,35.5723,35.5723,0
138.61,1663.32,35.5544,35.5544,0
138.71,1664.52,35.5365,35.5365,0
138.81,1665.72,35.5186,35.5186,0
138.91,1666.92,35.5007,35.5007,0
139.01,1668.12,35.4829,35.4829,0
139.11,1669.32,35.4651,35.4651,0
139.21,1670.52,35.4473,35.4473,0
139.31,1671.72,35.4296,35.4296,0
139.41,1672.92,35.4118,35.4118,0
139.51,1674.12,35.3941,35.3941,0
139.61,1675.32,35.3764,35.3764,0
139.71,1676.52,35.3588,35.3588,0
139.81,1677.72,35.3411,35.3411,0
139.91,1678.92,35.3235,35.3235,0
140.01,1680.12,35.3059,35.3059,0
140.11,1681.32,35.2884,35.2884,0
140.21,1682.52,35.2708,35.2708,0
140.31,1683.72,35.2533,35.2533,0
140.41,1684.92,35.2358,35.2358,0
140.51,1686.12,35.2183,35.2183,0
140.61,1687.32,35.2009,35.2009,0
140.71,1688.52,35.1835,35.1835,0
140.81,1689.72,35.1661,35.1661,0
140.91,1690.92,35.1487,35.1487,0
141.01,1692.12,35.1313,35.1313,0
141.11,1693.32,35.114,35.114,0
141.21,1694.52,35.0967,35.0967,0
141.31,1695.72,35.0794,35.0794,0
141.41,1696.92,35.0622,35.0622,0
141.51,1698.12,35.0449,35.0449,0
141.61,1699.32,35.0277,35.0277,0
141.71,1700.52,35.0105,35.0105,0
141.81,1701.72,34.9934,34.9934,0
141.91,1702.92,34.9762,34.9762,0
142.01,1704.12,34.9591,34.9591,0
142.11,1705.32,34.942,34.942,0
142.21,1706.52,34.9249,34.9249,0
142.31,1707.72,34.9079,34.9079,0
142.41,1708.92,34.8908,34.8908,0
142.51,1710.12,34.8738,34.8738,0
142.61,1711.32,34.8568,34.8568,0
142.71,1712.52,34.8399,34.8399,0
142.81,1713.72,34.8229,34.8229,0
142.91,1714.92,34.806,34.806,0
143.01,1716.12,34.7891,34.7891,0
143.11,1717.32,34.7723,34.7723,0
143.21,1718.52,34.7554,34.7554,0
143.31,1719.72,34.7386,34.7386,0
143.41,1720.92,34.7218,34.7218,0
143.51,1722.12,34.705,34.705,0
143.61,1723.32,34.6882,34.6882,0
143.71,1724.52,34.6715,34.6715,0
143.81,1725.72,34.6548,34.6548,0
143.91,1726.92,34.6381,34.6381,0
144.01,1728.12,34.6214,34.6214,0
144.11,1729.32,34.6048,34.6048,0
144.21,1730.52,34.5882,34.5882,0
144.31,1731.72,34.5715,34.5715,0
144.41,1732.92,34.555,34.555,0
144.51,1734.12,34.5384,34.5384,0
144.61,1735.32,34.5219,34.5219,0
144.71,1736.52,34.5053,34.5053,0
144.81,1737.72,34.4888,34.4888,0
144.91,1738.92,34.4724,34.4724,0
145.01,1740.12,34.4559,34.4559,0
145.11,1741.32,34.4395,34.4395,0
145.21,1742.52,34.4231,34.4231,0
145.31,1743.72,34.4067,34.4067,0
145.41,1744.92,34.3903,34.3903,0
145.51,1746.12,34.374,34.374,0
145.61,1747.32,34.3577,34.3577,0
145.71,1748.52,34.3414,34.3414,0
145.81,1749.72,34.3251,34.3251,0
145.91,1750.92,34.3088,34.3088,0
146.01,1752.12,34.2926,34.2926,0
146.11,1753.32,34.2764,34.2764,0
146.21,1754.52,34.2602,34.2602,0
146.31,1755.72,34.244,34.244,0
146.41,1756.92,34.2278,34.2278,0
146.51,1758.12,34.2117,34.2117,0
146.61,1759.32,34.1956,34.1956,0
146.71,1760.52,34.1795,34.1795,0
146.81,1761.72,34.1634,34.1634,0
146.91,1762.92,34.1474,34.1474,0
147.01,1764.12,34.1313,34.1313,0
147.11,1765.32,34.1153,34.1153,0
147.21,1766.52,34.0994,34.0994,0
147.31,1767.72,34.0834,34.0834,0
147.41,1768.92,34.0674,34.0674,0
147.51,1770.12,34.0515,34.0515,0
147.61,1771.32,34.0356,34.0356,0
147.71,1772.52,34.0197,34.0197,0
147.81,1773.72,34.0039,34.0039,0
147.91,1774.92,33.988,33.988,0
148.01,1776.12,33.9722,33.9722,0
148.11,1777.32,33.9564,33.9564,0
148.21,1778.52,33.9406,33.9406,0
148.31,1779.72,33.9248,33.9248,0
148.41,1780.92,33.9091,33.9091,0
148.51,1782.12,33.8934,33.8934,0
148.61,1783.32,33.8777,33.8777,0
148.71,1784.52,33.862,33.862,0
148.81,1785.72,33.8463,33.8463,0
148.91,1786.92,33.8307,33.8307,0
149.01,1788.12,33.8151,33.8151,0
149.11,1789.32,33.7995,33.7995,0
149.21,1790.52,33.7839,33.7839,0
149.31,1791.72,33.7683,33.7683,0
149.41,1792.92,33.7528,33.7528,0
149.51,1794.12,33.7373,33.7373,0
149.61,1795.32,33.7218,33.7218,0
149.71,1796.52,33.7063,33.7063,0
149.81,1797.72,33.6908,33.6908,0
149.91,1798.92,33.6754,33.6754,0
150.01,1800.12,33.6599,33.6599,0
150.11,1801.32,33.6445,33.6445,0
150.21,1802.52,33.6292,33.6292,0
150.31,1803.72,33.6138,33.6138,0
150.41,1804.92,33.5984,33.5984,0
150.51,1806.12,33.5831,33.5831,0
150.61,1807.32,33.5678,33.5678,0
150.71,1808.52,33.5525,33.5525,0
150.81,1809.72,33.5372,33.5372,0
150.91,1810.92,33.522,33.522,0
151.01,1812.12,33.5068,33.5068,0
151.11,1813.32,33.4916,33.4916,0
151.21,1814.52,33.4764,33.4764,0
151.31,1815.72,33.4612,33.4612,0
151.41,1816.92,33.446,33.446,0
151.51,1818.12,33.4309,33.4309,0
151.61,1819.32,33.4158,33.4158,0
151.71,1820.52,33.4007,33.4007,0
151.81,1821.72,33.3856,33.3856,0
151.91,1822.92,33.3706,33.3706,0
152.01,1824.12,33.3555,33.3555,0
152.11,1825.32,33.3405,33.3405,0
152.21,1826.52,33.3255,33.3255,0
152.31,1827.72,33.3105,33.3105,0
152.41,1828.92,33.2955,33.2955,0
152.51,1830.12,33.2806,33.2806,0
152.61,1831.32,33.2657,33.2657,0
152.71,1832.52,33.2508,33.2508,0
152.81,1833.72,33.2359,33.2359,0
152.91,1834.92,33.221,33.221,0
153.01,1836.12,33.2061,33.2061,0
153.11,1837.32,33.1913,33.1913,0
153.21,1838.52,33.1765,33.1765,0
153.31,1839.72,33.1617,33.1617,0
153.41,1840.92,33.1469,33.1469,0
153.51,1842.12,33.1322,33.1322,0
153.61,1843.32,33.1174,33.1174,0
153.71,1844.52,33.1027,33.1027,0
153.81,1845.72,33.088,33.088,0
153.91,1846.92,33.0733,33.0733,0
154.01,1848.12,33.0586,33.0586,0
154.11,1849.32,33.044,33.044,0
154.21,1850.52,33.0293,33.0293,0
154.31,1851.72,33.0147,33.0147,0
154.41,1852.92,33.0001,33.0001,0
154.51,1854.12,32.9855,32.9855,0
154.61,1855.32,32.971,32.971,0
154.71,1856.52,32.9564,32.9564,0
154.81,1857.72,32.9419,32.9419,0
154.91,1858.92,32.9274,32.9274,0
155.01,1860.12,32.9129,32.9129,0
155.11,1861.32,32.8984,32.8984,0
155.21,1862.52,32.884,32.884,0
155.31,1863.72,32.8696,32.8696,0
155.41,1864.92,32.8551,32.8551,0
155.51,1866.12,32.8407,32.8407,0
155.61,1867.32,32.8263,32.8263,0
155.71,1868.52,32.812,32.812,0
155.81,1869.72,32.7976,32.7976,0
155.91,1870.92,32.7833,32.7833,0
156.01,1872.12,32.769,32.769,0
156.11,1873.32,32.7547,32.7547,0
156.21,1874.52,32.7404,32.7404,0
156.31,1875.72,32.7262,32.7262,0
156.41,1876.92,32.7119,32.7119,0
156.51,1878.12,32.6977,32.6977,0
156.61,1879.32,32.6835,32.6835,0
156.71,1880.52,32.6693,32.6693,0
156.81,1881.72,32.6551,32.6551,0
156.91,1882.92,32.6409,32.6409,0
157.01,1884.12,32.6268,32.6268,0
157.11,1885.32,32.6127,32.6127,0
157.21,1886.52,32.5986,32.5986,0
157.31,1887.72,32.5845,32.5845,0
157.41,1888.92,32.5704,32.5704,0
157.51,1890.12,32.5564,32.5564,0
157.61,1891.32,32.5423,32.5423,0
157.71,1892.52,32.5283,32.5283,0
157.81,1893.72,32.5143,32.5143,0
157.91,1894.92,32.5003,32.5003,0
158.01,1896.12,32.4863,32.4863,0
158.11,1897.32,32.4724,32.4724,0
158.21,1898.52,32.4584,32.4584,0
158.31,1899.72,32.4445,32.4445,0
158.41,1900.92,32.4306,32.4306,0
158.51,1902.12,32.4167,32.4167,0
158.61,1903.32,32.4029,32.4029,0
158.71,1904.52,32.389,32.389,0
158.81,1905.72,32.3752,32.3752,0
158.91,1906.92,32.3614,32.3614,0
159.01,1908.12,32.3475,32.3475,0
159.11,1909.32,32.3338,32.3338,0
159.21,1910.52,32.32,32.32,0
159.31,1911.72,32.3062,32.3062,0
159.41,1912.92,32.2925,32.2925,0
159.51,1914.12,32.2788,32.2788,0
159.61,1915.32,32.2651,32.2651,0
159.71,1916.52,32.2514,32.2514,0
159.81,1917.72,32.2377,32.2377,0
159.91,1918.92,32.2241,32.2241,0
160.01,1920.12,32.2104,32.2104,0
160.11,1921.32,32.1968,32.1968,0
160.21,1922.52,32.1832,32.1832,0
160.31,1923.72,32.1696,32.1696,0
160.41,1924.92,32.156,32.156,0
160.51,1926.12,32.1425,32.1425,0
160.61,1927.32,32.1289,32.1289,0
160.71,1928.52,32.1154,32.1154,0
160.81,1929.72,32.1019,32.1019,0
160.91,1930.92,32.0884,32.0884,0
161.01,1932.12,32.0749,32.0749,0
161.11,1933.32,32.0614,32.0614,0
161.21,1934.52,32.048,32.048,0
161.31,1935.72,32.0346,32.0346,0
161.41,1936.92,32.0211,32.0211,0
161.51,1938.12,32.0077,32.0077,0
161.61,1939.32,31.9944,31.9944,0
161.71,1940.52,31.981,31.981,0
161.81,1941.72,31.9676,31.9676,0
161.91,1942.92,31.9543,31.9543,0
162.01,1944.12,31.941,31.941,0
162.11,1945.32,31.9277,31.9277,0
162.21,1946.52,31.9144,31.9144,0
162.31,1947.72,31.9011,31.9011,0
162.41,1948.92,31.8879,31.8879,0
162.51,1950.12,31.8746,31.8746,0
162.61,1951.32,31.8614,31.8614,0
162.71,1952.52,31.8482,31.8482,0
162.81,1953.72,31.835,31.835,0
162.91,1954.92,31.8218,31.8218,0
163.01,1956.12,31.8086,31.8086,0
163.11,1957.32,31.7955,31.7955,0
163.21,1958.52,31.7824,31.7824,0
163.31,1959.72,31.7692,31.7692,0
163.41,1960.92,31.7561,31.7561,0
163.51,1962.12,31.743,31.743,0
163.61,1963.32,31.73,31.73,0
163.71,1964.52,31.7169,31.7169,0
163.81,1965.72,31.7039,31.7039,0
163.91,1966.92,31.6908,31.6908,0
164.01,1968.12,31.6778,31.6778,0
164.11,1969.32,31.6648,31.6648,0
164.21,1970.52,31.6518,31.6518,0
164.31,1971.72,31.6389,31.6389,0
164.41,1972.92,31.6259,31.6259,0
164.51,1974.12,31.613,31.613,0
164.61,1975.32,31.6001,31.6001,0
164.71,1976.52,31.5872,31.5872,0
164.81,1977.72,31.5743,31.5743,0
164.91,1978.92,31.5614,31.5614,0
165.01,1980.12,31.5485,31.5485,0
165.11,1981.32,31.5357,31.5357,0
165.21,1982.52,31.5228,31.5228,0
165.31,1983.72,31.51,31.51,0
165.41,1984.92,31.4972,31.4972,0
165.51,1986.12,31.4844,31.4844,0
165.61,1987.32,31.4717,31.4717,0
165.71,1988.52,31.4589,31.4589,0
165.81,1989.72,31.4462,31.4462,0
165.91,1990.92,31.4334,31.4334,0
166.01,1992.12,31.4207,31.4207,0
166.11,1993.32,31.408,31.408,0
166.21,1994.52,31.3953,31.3953,0
166.31,1995.72,31.3827,31.3827,0
166.41,1996.92,31.37,31.37,0
166.51,1998.12,31.3574,31.3574,0
166.61,1999.32,31.3447,31.3447,0
166.71,2000.52,31.3321,31.3321,0
166.81,2001.72,31.3195,31.3195,0
166.91,2002.92,31.3069,31.3069,0
167.01,2004.12,31.2944,31.2944,0
167.11,2005.32,31.2818,31.2818,0
167.21,2006.52,31.2693,31.2693,0
167.31,2007.72,31.2567,31.2567,0
167.41,2008.92,31.2442,31.2442,0
167.51,2010.12,31.2317,31.2317,0
167.61,2011.32,31.2192,31.2192,0
167.71,2012.52,31.2068,31.2068,0
167.81,2013.72,31.1943,31.1943,0
167.91,2014.92,31.1819,31.1819,0
168.01,2016.12,31.1694,31.1694,0
168.11,2017.32,31.157,31.157,0
168.21,2018.52,31.1446,31.1446,0
168.31,2019.72,31.1322,31.1322,0
168.41,2020.92,31.1199,31.1199,0
168.51,2022.12,31.1075,31.1075,0
168.61,2023.32,31.0952,31.0952,0
168.71,2024.52,31.0828,31.0828,0
168.81,2025.72,31.0705,31.0705,0
168.91,2026.92,31.0582,31.0582,0
169.01,2028.12,31.0459,31.0459,0
169.11,2029.32,31.0337,31.0337,0
169.21,2030.52,31.0214,31.0214,0
169.31,2031.72,31.0091,31.0091,0
169.41,2032.92,30.9969,30.9969,0
169.51,2034.12,30.9847,30.9847,0
169.61,2035.32,30.9725,30.9725,0
169.71,2036.52,30.9603,30.9603,0
169.81,2037.72,30.9481,30.9481,0
169.91,2038.92,30.936,30.936,0
170.01,2040.12,30.9238,30.9238,0
170.11,2041.32,30.9117,30.9117,0
170.21,2042.52,30.8995,30.8995,0
170.31,2043.72,30.8874,30.8874,0
170.41,2044.92,30.8753,30.8753,0
170.51,2046.12,30.8633,30.8633,0
170.61,2047.32,30.8512,30.8512,0
170.71,2048.52,30.8391,30.8391,0
170.81,2049.72,30.8271,30.8271,0
170.91,2050.92,30.8151,30.8151,0
171.01,2052.12,30.8031,30.8031,0
171.11,2053.32,30.7911,30.7911,0
171.21,2054.52,30.7791,30.7791,0
171.31,2055.72,30.7671,30.7671,0
171.41,2056.92,30.7551,30.7551,0
171.51,2058.12,30.7432,30.7432,0
171.61,2059.32,30.7312,30.7312,0
171.71,2060.52,30.7193,30.7193,0
171.81,2061.72,30.7074,30.7074,0
171.91,2062.92,30.6955,30.6955,0
172.01,2064.12,30.6836,30.6836,0
172.11,2065.32,30.6718,30.6718,0
172.21,2066.52,30.6599,30.6599,0
172.31,2067.72,30.6481,30.6481,0
172.41,2068.92,30.6362,30.6362,0
172.51,2070.12,30.6244,30.6244,0
172.61,2071.32,30.6126,30.6126,0
172.71,2072.52,30.6008,30.6008,0
172.81,2073.72,30.5891,30.5891,0
172.91,2074.92,30.5773,30.5773,0
173.01,2076.12,30.5655,30.5655,0
173.11,2077.32,30.5538,30.5538,0
173.21,2078.52,30.5421,30.5421,0
173.31,2079.72,30.5304,30.5304,0
173.41,2080.92,30.5187,30.5187,0
173.51,2082.12,30.507,30.507,0
173.61,2083.32,30.4953,30.4953,0
173.71,2084.52,30.4837,30.4837,0
173.81,2085.72,30.472,30.472,0
173.91,2086.92,30.4604,30.4604,0
174.01,2088.12,30.4488,30.4488,0
174.11,2089.32,30.4371,30.4371,0
174.21,2090.52,30.4255,30.4255,0
174.31,2091.72,30.414,30.414,0
174.41,2092.92,30.4024,30.4024,0
174.51,2094.12,30.3908,30.3908,0
174.61,2095.32,30.3793,30.3793,0
174.71,2096.52,30.3678,30.3678,0
174.81,2097.72,30.3562,30.3562,0
174.91,2098.92,30.3447,30.3447,0
175.01,2100.12,30.3332,30.3332,0
175.11,2101.32,30.3218,30.3218,0
175.21,2102.52,30.3103,30.3103,0
175.31,2103.72,30.2988,30.2988,0
175.41,2104.92,30.2874,30.2874,0
175.51,2106.12,30.276,30.276,0
175.61,2107.32,30.2645,30.2645,0
175.71,2108.52,30.2531,30.2531,0
175.81,2109.72,30.2417,30.2417,0
175.91,2110.92,30.2303,30.2303,0
176.01,2112.12,30.219,30.219,0
176.11,2113.32,30.2076,30.2076,0
176.21,2114.52,30.1963,30.1963,0
176.31,2115.72,30.1849,30.1849,0
176.41,2116.92,30.1736,30.1736,0
176.51,2118.12,30.1623,30.1623,0
176.61,2119.32,30.151,30.151,0
176.71,2120.52,30.1397,30.1397,0
176.81,2121.72,30.1285,30.1285,0
176.91,2122.92,30.1172,30.1172,0
177.01,2124.12,30.106,30.106,0
177.11,2125.32,30.0947,30.0947,0
177.21,2126.52,30.0835,30.0835,0
177.31,2127.72,30.0723,30.0723,0
177.41,2128.92,30.0611,30.0611,0
177.51,2130.12,30.0499,30.0499,0
177.61,2131.32,30.0387,30.0387,0
177.71,2132.52,30.0276,30.0276,0
177.81,2133.72,30.0164,30.0164,0
177.91,2134.92,30.0053,30.0053,0
178.01,2136.12,29.9942,29.9942,0
178.11,2137.32,29.983,29.983,0
178.21,2138.52,29.9719,29.9719,0
178.31,2139.72,29.9608,29.9608,0
178.41,2140.92,29.9498,29.9498,0
178.51,2142.12,29.9387,29.9387,0
178.61,2143.32,29.9276,29.9276,0
178.71,2144.52,29.9166,29.9166,0
178.81,2145.72,29.9056,29.9056,0
178.91,2146.92,29.8946,29.8946,0
179.01,2148.12,29.8835,29.8835,0
179.11,2149.32,29.8726,29.8726,0
179.21,2150.52,29.8616,29.8616,0
179.31,2151.72,29.8506,29.8506,0
179.41,2152.92,29.8396,29.8396,0
179.51,2154.12,29.8287,29.8287,0
179.61,2155.32,29.8178,29.8178,0
179.71,2156.52,29.8068,29.8068,0
179.81,2157.72,29.7959,29.7959,0
179.91,2158.92,29.785,29.785,0
180.01,2160.12,29.7741,29.7741,0
180.11,2161.32,29.7632,29.7632,0
180.21,2162.52,29.7524,29.7524,0
180.31,2163.72,29.7415,29.7415,0
180.41,2164.92,29.7307,29.7307,0
180.51,2166.12,29.7198,29.7198,0
180.61,2167.32,29.709,29.709,0
180.71,2168.52,29.6982,29.6982,0
180.81,2169.72,29.6874,29.6874,0
180.91,2170.92,29.6766,29.6766,0
181.01,2172.12,29.6659,29.6659,0
181.11,2173.32,29.6551,29.6551,0
181.21,2174.52,29.6443,29.6443,0
181.31,2175.72,29.6336,29.6336,0
181.41,2176.92,29.6229,29.6229,0
181.51,2178.12,29.6122,29.6122,0
181.61,2179.32,29.6014,29.6014,0
181.71,2180.52,29.5907,29.5907,0
181.81,2181.72,29.5801,29.5801,0
181.91,2182.92,29.5694,29.5694,0
182.01,2184.12,29.5587,29.5587,0
182.11,2185.32,29.5481,29.5481,0
182.21,2186.52,29.5374,29.5374,0
182.31,2187.72,29.5268,29.5268,0
182.41,2188.92,29.5162,29.5162,0
182.51,2190.12,29.5056,29.5056,0
182.61,2191.32,29.495,29.495,0
182.71,2192.52,29.4844,29.4844,0
182.81,2193.72,29.4738,29.4738,0
182.91,2194.92,29.4633,29.4633,0
183.01,2196.12,29.4527,29.4527,0
183.11,2197.32,29.4422,29.4422,0
183.21,2198.52,29.4317,29.4317,0
183.31,2199.72,29.4211,29.4211,0
183.41,2200.92,29.4106,29.4106,0
183.51,2202.12,29.4001,29.4001,0
183.61,2203.32,29.3897,29.3897,0
183.71,2204.52,29.3792,29.3792,0
183.81,2205.72,29.3687,29.3687,0
183.91,2206.92,29.3583,29.3583,0
184.01,2208.12,29.3478,29.3478,0
184.11,2209.32,29.3374,29.3374,0
184.21,2210.52,29.327,29.327,0
184.31,2211.72,29.3166,29.3166,0
184.41,2212.92,29.3062,29.3062,0
184.51,2214.12,29.2958,29.2958,0
184.61,2215.32,29.2854,29.2854,0
184.71,2216.52,29.2751,29.2751,0
184.81,2217.72,29.2647,29.2647,0
184.91,2218.92,29.2544,29.2544,0
185.01,2220.12,29.244,29.244,0
185.11,2221.32,29.2337,29.2337,0
185.21,2222.52,29.2234,29.2234,0
185.31,2223.72,29.2131,29.2131,0
185.41,2224.92,29.2028,29.2028,0
185.51,2226.12,29.1925,29.1925,0
185.61,2227.32,29.1823,29.1823,0
185.71,2228.52,29.172,29.172,0
185.81,2229.72,29.1618,29.1618,0
185.91,2230.92,29.1515,29.1515,0
186.01,2232.12,29.1413,29.1413,0
186.11,2233.32,29.1311,29.1311,0
186.21,2234.52,29.1209,29.1209,0
186.31,2235.72,29.1107,29.1107,0
186.41,2236.92,29.1005,29.1005,0
186.51,2238.12,29.0903,29.0903,0
186.61,2239.32,29.0802,29.0802,0
186.71,2240.52,29.07,29.07,0
186.81,2241.72,29.0599,29.0599,0
186.91,2242.92,29.0498,29.0498,0
187.01,2244.12,29.0396,29.0396,0
187.11,2245.32,29.0295,29.0295,0
187.21,2246.52,29.0194,29.0194,0
187.31,2247.72,29.0093,29.0093,0
187.41,2248.92,28.9993,28.9993,0
187.51,2250.12,28.9892,28.9892,0
187.61,2251.32,28.9791,28.9791,0
187.71,2252.52,28.9691,28.9691,0
187.81,2253.72,28.9591,28.9591,0
187.91,2254.92,28.949,28.949,0
188.01,2256.12,28.939,28.939,0
188.11,2257.32,28.929,28.929,0
188.21,2258.52,28.919,28.919,0
188.31,2259.72,28.909,28.909,0
188.41,2260.92,28.899,28.899,0
188.51,2262.12,28.8891,28.8891,0
188.61,2263.32,28.8791,28.8791,0
188.71,2264.52,28.8692,28.8692,0
188.81,2265.72,28.8592,28.8592,0
188.91,2266.92,28.8493,28.8493,0
189.01,2268.12,28.8394,28.8394,0
189.11,2269.32,28.8295,28.8295,0
189.21,2270.52,28.8196,28.8196,0
189.31,2271.72,28.8097,28.8097,0
189.41,2272.92,28.7998,28.7998,0
189.51,2274.12,28.79,28.79,0
189.61,2275.32,28.7801,28.7801,0
189.71,2276.52,28.7703,28.7703,0
189.81,2277.72,28.7605,28.7605,0
189.91,2278.92,28.7506,28.7506,0
190.01,2280.12,28.7408,28.7408,0
190.11,2281.32,28.731,28.731,0
190.21,2282.52,28.7212,28.7212,0
190.31,2283.72,28.7114,28.7114,0
190.41,2284.92,28.7017,28.7017,0
190.51,2286.12,28.6919,28.6919,0
190.61,2287.32,28.6821,28.6821,0
190.71,2288.52,28.6724,28.6724,0
190.81,2289.72,28.6627,28.6627,0
190.91,2290.92,28.6529,28.6529,0
191.01,2292.12,28.6432,28.6432,0
191.11,2293.32,28.6335,28.6335,0
191.21,2294.52,28.6238,28.6238,0
191.31,2295.72,28.6141,28.6141,0
191.41,2296.92,28.6045,28.6045,0
191.51,2298.12,28.5948,28.5948,0
191.61,2299.32,28.5851,28.5851,0
191.71,2300.52,28.5755,28.5755,0
191.81,2301.72,28.5658,28.5658,0
191.91,2302.92,28.5562,28.5562,0
192.01,2304.12,28.5466,28.5466,0
192.11,2305.32,28.537,28.537,0
192.21,2306.52,28.5274,28.5274,0
192.31,2307.72,28.5178,28.5178,0
192.41,2308.92,28.5082,28.5082,0
192.51,2310.12,28.4987,28.4987,0
192.61,2311.32,28.4891,28.4891,0
192.71,2312.52,28.4795,28.4795,0
192.81,2313.72,28.47,28.47,0
192.91,2314.92,28.4605,28.4605,0
193.01,2316.12,28.4509,28.4509,0
193.11,2317.32,28.4414,28.4414,0
193.21,2318.52,28.4319,28.4319,0
193.31,2319.72,28.4224,28.4224,0
193.41,2320.92,28.413,28.413,0
193.51,2322.12,28.4035,28.4035,0
193.61,2323.32,28.394,28.394,0
193.71,2324.52,28.3846,28.3846,0
193.81,2325.72,28.3751,28.3751,0
193.91,2326.92,28.3657,28.3657,0
194.01,2328.12,28.3562,28.3562,0
194.11,2329.32,28.3468,28.3468,0
194.21,2330.52,28.3374,28.3374,0
194.31,2331.72,28.328,28.328,0
194.41,2332.92,28.3186,28.3186,0
194.51,2334.12,28.3092,28.3092,0
194.61,2335.32,28.2999,28.2999,0
194.71,2336.52,28.2905,28.2905,0
194.81,2337.72,28.2812,28.2812,0
194.91,2338.92,28.2718,28.2718,0
195.01,2340.12,28.2625,28.2625,0
195.11,2341.32,28.2532,28.2532,0
195.21,2342.52,28.2438,28.2438,0
195.31,2343.72,28.2345,28.2345,0
195.41,2344.92,28.2252,28.2252,0
195.51,2346.12,28.216,28.216,0
195.61,2347.32,28.2067,28.2067,0
195.71,2348.52,28.1974,28.1974,0
195.81,2349.72,28.1881,28.1881,0
195.91,2350.92,28.1789,28.1789,0
196.01,2352.12,28.1696,28.1696,0
196.11,2353.32,28.1604,28.1604,0
196.21,2354.52,28.1512,28.1512,0
196.31,2355.72,28.142,28.142,0
196.41,2356.92,28.1328,28.1328,0
196.51,2358.12,28.1236,28.1236,0
196.61,2359.32,28.1144,28.1144,0
196.71,2360.52,28.1052,28.1052,0
196.81,2361.72,28.096,28.096,0
196.91,2362.92,28.0869,28.0869,0
197.01,2364.12,28.0777,28.0777,0
197.11,2365.32,28.0686,28.0686,0
197.21,2366.52,28.0594,28.0594,0
197.31,2367.72,28.0503,28.0503,0
197.41,2368.92,28.0412,28.0412,0
197.51,2370.12,28.0321,28.0321,0
197.61,2371.32,28.023,28.023,0
197.71,2372.52,28.0139,28.0139,0
197.81,2373.72,28.0048,28.0048,0
197.91,2374.92,27.9958,27.9958,0
198.01,2376.12,27.9867,27.9867,0
198.11,2377.32,27.9776,27.9776,0
198.21,2378.52,27.9686,27.9686,0
198.31,2379.72,27.9596,27.9596,0
198.41,2380.92,27.9505,27.9505,0
198.51,2382.12,27.9415,27.9415,0
198.61,2383.32,27.9325,27.9325,0
198.71,2384.52,27.9235,27.9235,0
198.81,2385.72,27.9145,27.9145,0
198.91,2386.92,27.9055,27.9055,0
199.01,2388.12,27.8965,27.8965,0
199.11,2389.32,27.8876,27.8876,0
199.21,2390.52,27.8786,27.8786,0
199.31,2391.72,27.8697,27.8697,0
199.41,2392.92,27.8607,27.8607,0
199.51,2394.12,27.8518,27.8518,0
199.61,2395.32,27.8429,27.8429,0
199.71,2396.52,27.834,27.834,0
199.81,2397.72,27.8251,27.8251,0
199.91,2398.92,27.8162,27.8162,0
200.01,2400.12,27.8073,27.8073,0
200.11,2401.32,27.7984,27.7984,0
200.21,2402.52,27.7895,27.7895,0
200.31,2403.72,27.7807,27.7807,0
200.41,2404.92,27.7718,27.7718,0
200.51,2406.12,27.763,27.763,0
200.61,2407.32,27.7541,27.7541,0
200.71,2408.52,27.7453,27.7453,0
200.81,2409.72,27.7365,27.7365,0
200.91,2410.92,27.7277,27.7277,0
201.01,2412.12,27.7189,27.7189,0
201.11,2413.32,27.7101,27.7101,0
201.21,2414.52,27.7013,27.7013,0
201.31,2415.72,27.6925,27.6925,0
201.41,2416.92,27.6837,27.6837,0
201.51,2418.12,27.675,27.675,0
201.61,2419.32,27.6662,27.6662,0
201.71,2420.52,27.6575,27.6575,0
201.81,2421.72,27.6487,27.6487,0
201.91,2422.92,27.64,27.64,0
202.01,2424.12,27.6313,27.6313,0
202.11,2425.32,27.6226,27.6226,0
202.21,2426.52,27.6139,27.6139,0
202.31,2427.72,27.6052,27.6052,0
202.41,2428.92,27.5965,27.5965,0
202.51,2430.12,27.5878,27.5878,0
202.61,2431.32,27.5792,27.5792,0
202.71,2432.52,27.5705,27.5705,0
202.81,2433.72,27.5619,27.5619,0
202.91,2434.92,27.5532,27.5532,0
203.01,2436.12,27.5446,27.5446,0
203.11,2437.32,27.5359,27.5359,0
203.21,2438.52,27.5273,27.5273,0
203.31,2439.72,27.5187,27.5187,0
203.41,2440.92,27.5101,27.5101,0
203.51,2442.12,27.5015,27.5015,0
203.61,2443.32,27.4929,27.4929,0
203.71,2444.52,27.4844,27.4844,0
203.81,2445.72,27.4758,27.4758,0
203.91,2446.92,27.4672,27.4672,0
204.01,2448.12,27.4587,27.4587,0
204.11,2449.32,27.4501,27.4501,0
204.21,2450.52,27.4416,27.4416,0
204.31,2451.72,27.4331,27.4331,0
204.41,2452.92,27.4245,27.4245,0
204.51,2454.12,27.416,27.416,0
204.61,2455.32,27.4075,27.4075,0
204.71,2456.52,27.399,27.399,0
204.81,2457.72,27.3905,27.3905,0
204.91,2458.92,27.3821,27.3821,0
205.01,2460.12,27.3736,27.3736,0
205.11,2461.32,27.3651,27.3651,0
205.21,2462.52,27.3567,27.3567,0
205.31,2463.72,27.3482,27.3482,0
205.41,2464.92,27.3398,27.3398,0
205.51,2466.12,27.3313,27.3313,0
205.61,2467.32,27.3229,27.3229,0
205.71,2468.52,27.3145,27.3145,0
205.81,2469.72,27.3061,27.3061,0
205.91,2470.92,27.2977,27.2977,0
206.01,2472.12,27.2893,27.2893,0
206.11,2473.32,27.2809,27.2809,0
206.21,2474.52,27.2725,27.2725,0
206.31,2475.72,27.2642,27.2642,0
206.41,2476.92,27.2558,27.2558,0
206.51,2478.12,27.2474,27.2474,0
206.61,2479.32,27.2391,27.2391,0
206.71,2480.52,27.2308,27.2308,0
206.81,2481.72,27.2224,27.2224,0
206.91,2482.92,27.2141,27.2141,0
207.01,2484.12,27.2058,27.2058,0
207.11,2485.32,27.1975,27.1975,0
207.21,2486.52,27.1892,27.1892,0
207.31,2487.72,27.1809,27.1809,0
207.41,2488.92,27.1726,27.1726,0
207.51,2490.12,27.1643,27.1643,0
207.61,2491.32,27.1561,27.1561,0
207.71,2492.52,27.1478,27.1478,0
207.81,2493.72,27.1396,27.1396,0
207.91,2494.92,27.1313,27.1313,0
208.01,2496.12,27.1231,27.1231,0
208.11,2497.32,27.1148,27.1148,0
208.21,2498.52,27.1066,27.1066,0
208.31,2499.72,27.0984,27.0984,0
208.41,2500.92,27.0902,27.0902,0
208.51,2502.12,27.082,27.082,0
208.61,2503.32,27.0738,27.0738,0
208.71,2504.52,27.0656,27.0656,0
208.81,2505.72,27.0574,27.0574,0
208.91,2506.92,27.0493,27.0493,0
209.01,2508.12,27.0411,27.0411,0
209.11,2509.32,27.033,27.033,0
209.21,2510.52,27.0248,27.0248,0
209.31,2511.72,27.0167,27.0167,0
209.41,2512.92,27.0085,27.0085,0
209.51,2514.12,27.0004,27.0004,0
209.61,2515.32,26.9923,26.9923,0
209.71,2516.52,26.9842,26.9842,0
209.81,2517.72,26.9761,26.9761,0
209.91,2518.92,26.968,26.968,0
210.01,2520.12,26.9599,26.9599,0
210.11,2521.32,26.9518,26.9518,0
210.21,2522.52,26.9438,26.9438,0
210.31,2523.72,26.9357,26.9357,0
210.41,2524.92,26.9277,26.9277,0
210.51,2526.12,26.9196,26.9196,0
210.61,2527.32,26.9116,26.9116,0
210.71,2528.52,26.9035,26.9035,0
210.81,2529.72,26.8955,26.8955,0
210.91,2530.92,26.8875,26.8875,0
211.01,2532.12,26.8795,26.8795,0
211.11,2533.32,26.8715,26.8715,0
211.21,2534.52,26.8635,26.8635,0
211.31,2535.72,26.8555,26.8555,0
211.41,2536.92,26.8475,26.8475,0
211.51,2538.12,26.8395,26.8395,0
211.61,2539.32,26.8316,26.8316,0
211.71,2540.52,26.8236,26.8236,0
211.81,2541.72,26.8157,26.8157,0
211.91,2542.92,26.8077,26.8077,0
212.01,2544.12,26.7998,26.7998,0
212.11,2545.32,26.7918,26.7918,0
212.21,2546.52,26.7839,26.7839,0
212.31,2547.72,26.776,26.776,0
212.41,2548.92,26.7681,26.7681,0
212.51,2550.12,26.7602,26.7602,0
212.61,2551.32,26.7523,26.7523,0
212.71,2552.52,26.7444,26.7444,0
212.81,2553.72,26.7365,26.7365,0
212.91,2554.92,26.7287,26.7287,0
213.01,2556.12,26.7208,26.7208,0
213.11,2557.32,26.7129,26.7129,0
213.21,2558.52,26.7051,26.7051,0
213.31,2559.72,26.6972,26.6972,0
213.41,2560.92,26.6894,26.6894,0
213.51,2562.12,26.6816,26.6816,0
213.61,2563.32,26.6738,26.6738,0
213.71,2564.52,26.6659,26.6659,0
213.81,2565.72,26.6581,26.6581,0
213.91,2566.92,26.6503,26.6503,0
214.01,2568.12,26.6425,26.6425,0
214.11,2569.32,26.6347,26.6347,0
214.21,2570.52,26.627,26.627,0
214.31,2571.72,26.6192,26.6192,0
214.41,2572.92,26.6114,26.6114,0
214.51,2574.12,26.6037,26.6037,0
214.61,2575.32,26.5959,26.5959,0
214.71,2576.52,26.5882,26.5882,0
214.81,2577.72,26.5804,26.5804,0
214.91,2578.92,26.5727,26.5727,0
215.01,2580.12,26.565,26.565,0
215.11,2581.32,26.5573,26.5573,0
215.21,2582.52,26.5496,26.5496,0
215.31,2583.72,26.5419,26.5419,0
215.41,2584.92,26.5342,26.5342,0
215.51,2586.12,26.5265,26.5265,0
215.61,2587.32,26.5188,26.5188,0
215.71,2588.52,26.5111,26.5111,0
215.81,2589.72,26.5034,26.5034,0
215.91,2590.92,26.4958,26.4958,0
216.01,2592.12,26.4881,26.4881,0
216.11,2593.32,26.4805,26.4805,0
216.21,2594.52,26.4728,26.4728,0
216.31,2595.72,26.4652,26.4652,0
216.41,2596.92,26.4576,26.4576,0
216.51,2598.12,26.45,26.45,0
216.61,2599.32,26.4423,26.4423,0
216.71,2600.52,26.4347,26.4347,0
216.81,2601.72,26.4271,26.4271,0
216.91,2602.92,26.4195,26.4195,0
217.01,2604.12,26.412,26.412,0
217.11,2605.32,26.4044,26.4044,0
217.21,2606.52,26.3968,26.3968,0
217.31,2607.72,26.3892,26.3892,0
217.41,2608.92,26.3817,26.3817,0
217.51,2610.12,26.3741,26.3741,0
217.61,2611.32,26.3666,26.3666,0
217.71,2612.52,26.3591,26.3591,0
217.81,2613.72,26.3515,26.3515,0
217.91,2614.92,26.344,26.344,0
218.01,2616.12,26.3365,26.3365,0
218.11,2617.32,26.329,26.329,0
218.21,2618.52,26.3215,26.3215,0
218.31,2619.72,26.314,26.314,0
218.41,2620.92,26.3065,26.3065,0
218.51,2622.12,26.299,26.299,0
218.61,2623.32,26.2915,26.2915,0
218.71,2624.52,26.284,26.284,0
218.81,2625.72,26.2766,26.2766,0
218.91,2626.92,26.2691,26.2691,0
219.01,2628.12,26.2617,26.2617,0
219.11,2629.32,26.2542,26.2542,0
219.21,2630.52,26.2468,26.2468,0
219.31,2631.72,26.2393,26.2393,0
219.41,2632.92,26.2319,26.2319,0
219.51,2634.12,26.2245,26.2245,0
219.61,2635.32,26.2171,26.2171,0
219.71,2636.52,26.2097,26.2097,0
219.81,2637.72,26.2023,26.2023,0
219.91,2638.92,26.1949,26.1949,0
220.01,2640.12,26.1875,26.1875,0
220.11,2641.32,26.1801,26.1801,0
220.21,2642.52,26.1728,26.1728,0
220.31,2643.72,26.1654,26.1654,0
220.41,2644.92,26.158,26.158,0
220.51,2646.12,26.1507,26.1507,0
220.61,2647.32,26.1433,26.1433,0
220.71,2648.52,26.136,26.136,0
220.81,2649.72,26.1287,26.1287,0
220.91,2650.92,26.1213,26.1213,0
221.01,2652.12,26.114,26.114,0
221.11,2653.32,26.1067,26.1067,0
221.21,2654.52,26.0994,26.0994,0
221.31,2655.72,26.0921,26.0921,0
221.41,2656.92,26.0848,26.0848,0
221.51,2658.12,26.0775,26.0775,0
221.61,2659.32,26.0702,26.0702,0
221.71,2660.52,26.063,26.063,0
221.81,2661.72,26.0557,26.0557,0
221.91,2662.92,26.0484,26.0484,0
222.01,2664.12,26.0412,26.0412,0
222.11,2665.32,26.0339,26.0339,0
222.21,2666.52,26.0267,26.0267,0
222.31,2667.72,26.0194,26.0194,0
222.41,2668.92,26.0122,26.0122,0
222.51,2670.12,26.005,26.005,0
222.61,2671.32,25.9978,25.9978,0
222.71,2672.52,25.9905,25.9905,0
222.81,2673.72,25.9833,25.9833,0
222.91,2674.92,25.9761,25.9761,0
223.01,2676.12,25.9689,25.9689,0
223.11,2677.32,25.9618,25.9618,0
223.21,2678.52,25.9546,25.9546,0
223.31,2679.72,25.9474,25.9474,0
223.41,2680.92,25.9402,25.9402,0
223.51,2682.12,25.9331,25.9331,0
223.61,2683.32,25.9259,25.9259,0
223.71,2684.52,25.9188,25.9188,0
223.81,2685.72,25.9116,25.9116,0
223.91,2686.92,25.9045,25.9045,0
224.01,2688.12,25.8974,25.8974,0
224.11,2689.32,25.8902,25.8902,0
224.21,2690.52,25.8831,25.8831,0
224.31,2691.72,25.876,25.876,0
224.41,2692.92,25.8689,25.8689,0
224.51,2694.12,25.8618,25.8618,0
224.61,2695.32,25.8547,25.8547,0
224.71,2696.52,25.8476,25.8476,0
224.81,2697.72,25.8405,25.8405,0
224.91,2698.92,25.8335,25.8335,0
225.01,2700.12,25.8264,25.8264,0
225.11,2701.32,25.8193,25.8193,0
225.21,2702.52,25.8123,25.8123,0
225.31,2703.72,25.8052,25.8052,0
225.41,2704.92,25.7982,25.7982,0
225.51,2706.12,25.7911,25.7911,0
225.61,2707.32,25.7841,25.7841,0
225.71,2708.52,25.7771,25.7771,0
225.81,2709.72,25.7701,25.7701,0
225.91,2710.92,25.7631,25.7631,0
226.01,2712.12,25.756,25.756,0
226.11,2713.32,25.749,25.749,0
226.21,2714.52,25.742,25.742,0
226.31,2715.72,25.7351,25.7351,0
226.41,2716.92,25.7281,25.7281,0
226.51,2718.12,25.7211,25.7211,0
226.61,2719.32,25.7141,25.7141,0
226.71,2720.52,25.7072,25.7072,0
226.81,2721.72,25.7002,25.7002,0
226.91,2722.92,25.6932,25.6932,0
227.01,2724.12,25.6863,25.6863,0
227.11,2725.32,25.6794,25.6794,0
227.21,2726.52,25.6724,25.6724,0
227.31,2727.72,25.6655,25.6655,0
227.41,2728.92,25.6586,25.6586,0
227.51,2730.12,25.6516,25.6516,0
227.61,2731.32,25.6447,25.6447,0
227.71,2732.52,25.6378,25.6378,0
227.81,2733.72,25.6309,25.6309,0
227.91,2734.92,25.624,25.624,0
228.01,2736.12,25.6171,25.6171,0
228.11,2737.32,25.6103,25.6103,0
228.21,2738.52,25.6034,25.6034,0
228.31,2739.72,25.5965,25.5965,0
228.41,2740.92,25.5896,25.5896,0
228.51,2742.12,25.5828,25.5828,0
228.61,2743.32,25.5759,25.5759,0
228.71,2744.52,25.5691,25.5691,0
228.81,2745.72,25.5622,25.5622,0
228.91,2746.92,25.5554,25.5554,0
229.01,2748.12,25.5486,25.5486,0
229.11,2749.32,25.5418,25.5418,0
229.21,2750.52,25.5349,25.5349,0
229.31,2751.72,25.5281,25.5281,0
229.41,2752.92,25.5213,25.5213,0
229.51,2754.12,25.5145,25.5145,0
229.61,2755.32,25.5077,25.5077,0
229.71,2756.52,25.5009,25.5009,0
229.81,2757.72,25.4942,25.4942,0
229.91,2758.92,25.4874,25.4874,0
230.01,2760.12,25.4806,25.4806,0
230.11,2761.32,25.4738,25.4738,0
230.21,2762.52,25.4671,25.4671,0
230.31,2763.72,25.4603,25.4603,0
230.41,2764.92,25.4536,25.4536,0
230.51,2766.12,25.4468,25.4468,0
230.61,2767.32,25.4401,25.4401,0
230.71,2768.52,25.4334,25.4334,0
230.81,2769.72,25.4266,25.4266,0
230.91,2770.92,25.4199,25.4199,0
231.01,2772.12,25.4132,25.4132,0
231.11,2773.32,25.4065,25.4065,0
231.21,2774.52,25.3998,25.3998,0
231.31,2775.72,25.3931,25.3931,0
231.41,2776.92,25.3864,25.3864,0
231.51,2778.12,25.3797,25.3797,0
231.61,2779.32,25.373,25.373,0
231.71,2780.52,25.3664,25.3664,0
231.81,2781.72,25.3597,25.3597,0
231.91,2782.92,25.353,25.353,0
232.01,2784.12,25.3464,25.3464,0
232.11,2785.32,25.3397,25.3397,0
232.21,2786.52,25.3331,25.3331,0
232.31,2787.72,25.3264,25.3264,0
232.41,2788.92,25.3198,25.3198,0
232.51,2790.12,25.3132,25.3132,0
232.61,2791.32,25.3065,25.3065,0
232.71,2792.52,25.2999,25.2999,0
232.81,2793.72,25.2933,25.2933,0
232.91,2794.92,25.2867,25.2867,0
233.01,2796.12,25.2801,25.2801,0
233.11,2797.32,25.2735,25.2735,0
233.21,2798.52,25.2669,25.2669,0
233.31,2799.72,25.2603,25.2603,0
233.41,2800.92,25.2537,25.2537,0
233.51,2802.12,25.2472,25.2472,0
233.61,2803.32,25.2406,25.2406,0
233.71,2804.52,25.234,25.234,0
233.81,2805.72,25.2275,25.2275,0
233.91,2806.92,25.2209,25.2209,0
234.01,2808.12,25.2144,25.2144,0
234.11,2809.32,25.2078,25.2078,0
234.21,2810.52,25.2013,25.2013,0
234.31,2811.72,25.1947,25.1947,0
234.41,2812.92,25.1882,25.1882,0
234.51,2814.12,25.1817,25.1817,0
234.61,2815.32,25.1752,25.1752,0
234.71,2816.52,25.1687,25.1687,0
234.81,2817.72,25.1622,25.1622,0
234.91,2818.92,25.1557,25.1557,0
235.01,2820.12,25.1492,25.1492,0
235.11,2821.32,25.1427,25.1427,0
235.21,2822.52,25.1362,25.1362,0
235.31,2823.72,25.1297,25.1297,0
235.41,2824.92,25.1233,25.1233,0
235.51,2826.12,25.1168,25.1168,0
235.61,2827.32,25.1103,25.1103,0
235.71,2828.52,25.1039,25.1039,0
235.81,2829.72,25.0974,25.0974,0
235.91,2830.92,25.091,25.091,0
236.01,2832.12,25.0845,25.0845,0
236.11,2833.32,25.0781,25.0781,0
236.21,2834.52,25.0717,25.0717,0
236.31,2835.72,25.0653,25.0653,0
236.41,2836.92,25.0588,25.0588,0
236.51,2838.12,25.0524,25.0524,0
236.61,2839.32,25.046,25.046,0
236.71,2840.52,25.0396,25.0396,0
236.81,2841.72,25.0332,25.0332,0
236.91,2842.92,25.0268,25.0268,0
237.01,2844.12,25.0204,25.0204,0
237.11,2845.32,25.0141,25.0141,0
237.21,2846.52,25.0077,25.0077,0
237.31,2847.72,25.0013,25.0013,0
237.41,2848.92,24.995,24.995,0
237.51,2850.12,24.9886,24.9886,0
237.61,2851.32,24.9822,24.9822,0
237.71,2852.52,24.9759,24.9759,0
237.81,2853.72,24.9695,24.9695,0
237.91,2854.92,24.9632,24.9632,0
238.01,2856.12,24.9569,24.9569,0
238.11,2857.32,24.9505,24.9505,0
238.21,2858.52,24.9442,24.9442,0
238.31,2859.72,24.9379,24.9379,0
238.41,2860.92,24.9316,24.9316,0
238.51,2862.12,24.9253,24.9253,0
238.61,2863.32,24.919,24.919,0
238.71,2864.52,24.9127,24.9127,0
238.81,2865.72,24.9064,24.9064,0
238.91,2866.92,24.9001,24.9001,0
239.01,2868.12,24.8938,24.8938,0
239.11,2869.32,24.8875,24.8875,0
239.21,2870.52,24.8813,24.8813,0
239.31,2871.72,24.875,24.875,0
239.41,2872.92,24.8687,24.8687,0
239.51,2874.12,24.8625,24.8625,0
239.61,2875.32,24.8562,24.8562,0
239.71,2876.52,24.85,24.85,0
239.81,2877.72,24.8437,24.8437,0
239.91,2878.92,24.8375,24.8375,0
240.01,2880.12,24.8313,24.8313,0
240.11,2881.32,24.825,24.825,0
240.21,2882.52,24.8188,24.8188,0
240.31,2883.72,24.8126,24.8126,0
240.41,2884.92,24.8064,24.8064,0
240.51,2886.12,24.8002,24.8002,0
240.61,2887.32,24.794,24.794,0
240.71,2888.52,24.7878,24.7878,0
240.81,2889.72,24.7816,24.7816,0
240.91,2890.92,24.7754,24.7754,0
241.01,2892.12,24.7692,24.7692,0
241.11,2893.32,24.7631,24.7631,0
241.21,2894.52,24.7569,24.7569,0
241.31,2895.72,24.7507,24.7507,0
241.41,2896.92,24.7446,24.7446,0
241.51,2898.12,24.7384,24.7384,0
241.61,2899.32,24.7323,24.7323,0
241.71,2900.52,24.7261,24.7261,0
241.81,2901.72,24.72,24.72,0
241.91,2902.92,24.7138,24.7138,0
242.01,2904.12,24.7077,24.7077,0
242.11,2905.32,24.7016,24.7016,0
242.21,2906.52,24.6955,24.6955,0
242.31,2907.72,24.6893,24.6893,0
242.41,2908.92,24.6832,24.6832,0
242.51,2910.12,24.6771,24.6771,0
242.61,2911.32,24.671,24.671,0
242.71,2912.52,24.6649,24.6649,0
242.81,2913.72,24.6588,24.6588,0
242.91,2914.92,24.6528,24.6528,0
243.01,2916.12,24.6467,24.6467,0
243.11,2917.32,24.6406,24.6406,0
243.21,2918.52,24.6345,24.6345,0
243.31,2919.72,24.6285,24.6285,0
243.41,2920.92,24.6224,24.6224,0
243.51,2922.12,24.6163,24.6163,0
243.61,2923.32,24.6103,24.6103,0
243.71,2924.52,24.6042,24.6042,0
243.81,2925.72,24.5982,24.5982,0
243.91,2926.92,24.5922,24.5922,0
244.01,2928.12,24.5861,24.5861,0
244.11,2929.32,24.5801,24.5801,0
244.21,2930.52,24.5741,24.5741,0
244.31,2931.72,24.5681,24.5681,0
244.41,2932.92,24.562,24.562,0
244.51,2934.12,24.556,24.556,0
244.61,2935.32,24.55,24.55,0
244.71,2936.52,24.544,24.544,0
244.81,2937.72,24.538,24.538,0
244.91,2938.92,24.5321,24.5321,0
245.01,2940.12,24.5261,24.5261,0
245.11,2941.32,24.5201,24.5201,0
245.21,2942.52,24.5141,24.5141,0
245.31,2943.72,24.5081,24.5081,0
245.41,2944.92,24.5022,24.5022,0
245.51,2946.12,24.4962,24.4962,0
245.61,2947.32,24.4903,24.4903,0
245.71,2948.52,24.4843,24.4843,0
245.81,2949.72,24.4784,24.4784,0
245.91,2950.92,24.4724,24.4724,0
246.01,2952.12,24.4665,24.4665,0
246.11,2953.32,24.4606,24.4606,0
246.21,2954.52,24.4546,24.4546,0
246.31,2955.72,24.4487,24.4487,0
246.41,2956.92,24.4428,24.4428,0
246.51,2958.12,24.4369,24.4369,0
246.61,2959.32,24.431,24.431,0
246.71,2960.52,24.4251,24.4251,0
246.81,2961.72,24.4192,24.4192,0
246.91,2962.92,24.4133,24.4133,0
247.01,2964.12,24.4074,24.4074,0
247.11,2965.32,24.4015,24.4015,0
247.21,2966.52,24.3956,24.3956,0
247.31,2967.72,24.3897,24.3897,0
247.41,2968.92,24.3839,24.3839,0
247.51,2970.12,24.378,24.378,0
247.61,2971.32,24.3721,24.3721,0
247.71,2972.52,24.3663,24.3663,0
247.81,2973.72,24.3604,24.3604,0
247.91,2974.92,24.3546,24.3546,0
248.01,2976.12,24.3487,24.3487,0
248.11,2977.32,24.3429,24.3429,0
248.21,2978.52,24.3371,24.3371,0
248.31,2979.72,24.3312,24.3312,0
248.41,2980.92,24.3254,24.3254,0
248.51,2982.12,24.3196,24.3196,0
248.61,2983.32,24.3138,24.3138,0
248.71,2984.52,24.308,24.308,0
248.81,2985.72,24.3022,24.3022,0
248.91,2986.92,24.2964,24.2964,0
249.01,2988.12,24.2906,24.2906,0
249.11,2989.32,24.2848,24.2848,0
249.21,2990.52,24.279,24.279,0
249.31,2991.72,24.2732,24.2732,0
249.41,2992.92,24.2674,24.2674,0
249.51,2994.12,24.2616,24.2616,0
249.61,2995.32,24.2559,24.2559,0
249.71,2996.52,24.2501,24.2501,0
249.81,2997.72,24.2443,24.2443,0
249.91,2998.92,24.2386,24.2386,0
250.01,3000.12,24.2328,24.2328,0
250.11,3001.32,24.2271,24.2271,0
250.21,3002.52,24.2213,24.2213,0
250.31,3003.72,24.2156,24.2156,0
250.41,3004.92,24.2099,24.2099,0
250.51,3006.12,24.2041,24.2041,0
250.61,3007.32,24.1984,24.1984,0
250.71,3008.52,24.1927,24.1927,0
250.81,3009.72,24.187,24.187,0
250.91,3010.92,24.1813,24.1813,0
251.01,3012.12,24.1756,24.1756,0
251.11,3013.32,24.1699,24.1699,0
251.21,3014.52,24.1642,24.1642,0
251.31,3015.72,24.1585,24.1585,0
251.41,3016.92,24.1528,24.1528,0
251.51,3018.12,24.1471,24.1471,0
251.61,3019.32,24.1414,24.1414,0
251.71,3020.52,24.1357,24.1357,0
251.81,3021.72,24.1301,24.1301,0
251.91,3022.92,24.1244,24.1244,0
252.01,3024.12,24.1187,24.1187,0
252.11,3025.32,24.1131,24.1131,0
252.21,3026.52,24.1074,24.1074,0
252.31,3027.72,24.1018,24.1018,0
252.41,3028.92,24.0961,24.0961,0
252.51,3030.12,24.0905,24.0905,0
252.61,3031.32,24.0849,24.0849,0
252.71,3032.52,24.0792,24.0792,0
252.81,3033.72,24.0736,24.0736,0
252.91,3034.92,24.068,24.068,0
253.01,3036.12,24.0624,24.0624,0
253.11,3037.32,24.0567,24.0567,0
253.21,3038.52,24.0511,24.0511,0
253.31,3039.72,24.0455,24.0455,0
253.41,3040.92,24.0399,24.0399,0
253.51,3042.12,24.0343,24.0343,0
253.61,3043.32,24.0287,24.0287,0
253.71,3044.52,24.0232,24.0232,0
253.81,3045.72,24.0176,24.0176,0
253.91,3046.92,24.012,24.012,0
254.01,3048.12,24.0064,24.0064,0
254.11,3049.32,24.0008,24.0008,0
254.21,3050.52,23.9953,23.9953,0
254.31,3051.72,23.9897,23.9897,0
254.41,3052.92,23.9842,23.9842,0
254.51,3054.12,23.9786,23.9786,0
254.61,3055.32,23.9731,23.9731,0
254.71,3056.52,23.9675,23.9675,0
254.81,3057.72,23.962,23.962,0
254.91,3058.92,23.9564,23.9564,0
255.01,3060.12,23.9509,23.9509,0
255.11,3061.32,23.9454,23.9454,0
255.21,3062.52,23.9398,23.9398,0
255.31,3063.72,23.9343,23.9343,0
255.41,3064.92,23.9288,23.9288,0
255.51,3066.12,23.9233,23.9233,0
255.61,3067.32,23.9178,23.9178,0
255.71,3068.52,23.9123,23.9123,0
255.81,3069.72,23.9068,23.9068,0
255.91,3070.92,23.9013,23.9013,0
256.01,3072.12,23.8958,23.8958,0
256.11,3073.32,23.8903,23.8903,0
256.21,3074.52,23.8848,23.8848,0
256.31,3075.72,23.8794,23.8794,0
256.41,3076.92,23.8739,23.8739,0
256.51,3078.12,23.8684,23.8684,0
256.61,3079.32,23.863,23.863,0
256.71,3080.52,23.8575,23.8575,0
256.81,3081.72,23.852,23.852,0
256.91,3082.92,23.8466,23.8466,0
257.01,3084.12,23.8411,23.8411,0
257.11,3085.32,23.8357,23.8357,0
257.21,3086.52,23.8303,23.8303,0
257.31,3087.72,23.8248,23.8248,0
257.41,3088.92,23.8194,23.8194,0
257.51,3090.12,23.814,23.814,0
257.61,3091.32,23.8085,23.8085,0
257.71,3092.52,23.8031,23.8031,0
257.81,3093.72,23.7977,23.7977,0
257.91,3094.92,23.7923,23.7923,0
258.01,3096.12,23.7869,23.7869,0
258.11,3097.32,23.7815,23.7815,0
258.21,3098.52,23.7761,23.7761,0
258.31,3099.72,23.7707,23.7707,0
258.41,3100.92,23.7653,23.7653,0
258.51,3102.12,23.7599,23.7599,0
258.61,3103.32,23.7545,23.7545,0
258.71,3104.52,23.7492,23.7492,0
258.81,3105.72,23.7438,23.7438,0
258.91,3106.92,23.7384,23.7384,0
259.01,3108.12,23.733,23.733,0
259.11,3109.32,23.7277,23.7277,0
259.21,3110.52,23.7223,23.7223,0
259.31,3111.72,23.717,23.717,0
259.41,3112.92,23.7116,23.7116,0
259.51,3114.12,23.7063,23.7063,0
259.61,3115.32,23.7009,23.7009,0
259.71,3116.52,23.6956,23.6956,0
259.81,3117.72,23.6903,23.6903,0
259.91,3118.92,23.6849,23.6849,0
260.01,3120.12,23.6796,23.6796,0
260.11,3121.32,23.6743,23.6743,0
260.21,3122.52,23.669,23.669,0
260.31,3123.72,23.6637,23.6637,0
260.41,3124.92,23.6584,23.6584,0
260.51,3126.12,23.6531,23.6531,0
260.61,3127.32,23.6478,23.6478,0
260.71,3128.52,23.6425,23.6425,0
260.81,3129.72,23.6372,23.6372,0
260.91,3130.92,23.6319,23.6319,0
261.01,3132.12,23.6266,23.6266,0
261.11,3133.32,23.6213,23.6213,0
261.21,3134.52,23.616,23.616,0
261.31,3135.72,23.6108,23.6108,0
261.41,3136.92,23.6055,23.6055,0
261.51,3138.12,23.6002,23.6002,0
261.61,3139.32,23.595,23.595,0
261.71,3140.52,23.5897,23.5897,0
261.81,3141.72,23.5845,23.5845,0
261.91,3142.92,23.5792,23.5792,0
262.01,3144.12,23.574,23.574,0
262.11,3145.32,23.5687,23.5687,0
262.21,3146.52,23.5635,23.5635,0
262.31,3147.72,23.5582,23.5582,0
262.41,3148.92,23.553,23.553,0
262.51,3150.12,23.5478,23.5478,0
262.61,3151.32,23.5426,23.5426,0
262.71,3152.52,23.5374,23.5374,0
262.81,3153.72,23.5321,23.5321,0
262.91,3154.92,23.5269,23.5269,0
263.01,3156.12,23.5217,23.5217,0
263.11,3157.32,23.5165,23.5165,0
263.21,3158.52,23.5113,23.5113,0
263.31,3159.72,23.5061,23.5061,0
263.41,3160.92,23.5009,23.5009,0
263.51,3162.12,23.4957,23.4957,0
263.61,3163.32,23.4906,23.4906,0
263.71,3164.52,23.4854,23.4854,0
263.81,3165.72,23.4802,23.4802,0
263.91,3166.92,23.475,23.475,0
264.01,3168.12,23.4699,23.4699,0
264.11,3169.32,23.4647,23.4647,0
264.21,3170.52,23.4596,23.4596,0
264.31,3171.72,23.4544,23.4544,0
264.41,3172.92,23.4492,23.4492,0
264.51,3174.12,23.4441,23.4441,0
264.61,3175.32,23.439,23.439,0
264.71,3176.52,23.4338,23.4338,0
264.81,3177.72,23.4287,23.4287,0
264.91,3178.92,23.4235,23.4235,0
265.01,3180.12,23.4184,23.4184,0
265.11,3181.32,23.4133,23.4133,0
265.21,3182.52,23.4082,23.4082,0
265.31,3183.72,23.403,23.403,0
265.41,3184.92,23.3979,23.3979,0
265.51,3186.12,23.3928,23.3928,0
265.61,3187.32,23.3877,23.3877,0
265.71,3188.52,23.3826,23.3826,0
265.81,3189.72,23.3775,23.3775,0
265.91,3190.92,23.3724,23.3724,0
266.01,3192.12,23.3673,23.3673,0
266.11,3193.32,23.3622,23.3622,0
266.21,3194.52,23.3572,23.3572,0
266.31,3195.72,23.3521,23.3521,0
266.41,3196.92,23.347,23.347,0
266.51,3198.12,23.3419,23.3419,0
266.61,3199.32,23.3369,23.3369,0
266.71,3200.52,23.3318,23.3318,0
266.81,3201.72,23.3267,23.3267,0
266.91,3202.92,23.3217,23.3217,0
267.01,3204.12,23.3166,23.3166,0
267.11,3205.32,23.3116,23.3116,0
267.21,3206.52,23.3065,23.3065,0
267.31,3207.72,23.3015,23.3015,0
267.41,3208.92,23.2965,23.2965,0
267.51,3210.12,23.2914,23.2914,0
267.61,3211.32,23.2864,23.2864,0
267.71,3212.52,23.2814,23.2814,0
267.81,3213.72,23.2763,23.2763,0
267.91,3214.92,23.2713,23.2713,0
268.01,3216.12,23.2663,23.2663,0
268.11,3217.32,23.2613,23.2613,0
268.21,3218.52,23.2563,23.2563,0
268.31,3219.72,23.2513,23.2513,0
268.41,3220.92,23.2463,23.2463,0
268.51,3222.12,23.2413,23.2413,0
268.61,3223.32,23.2363,23.2363,0
268.71,3224.52,23.2313,23.2313,0
268.81,3225.72,23.2263,23.2263,0
268.91,3226.92,23.2213,23.2213,0
269.01,3228.12,23.2163,23.2163,0
269.11,3229.32,23.2114,23.2114,0
269.21,3230.52,23.2064,23.2064,0
269.31,3231.72,23.2014,23.2014,0
269.41,3232.92,23.1965,23.1965,0
269.51,3234.12,23.1915,23.1915,0
269.61,3235.32,23.1865,23.1865,0
269.71,3236.52,23.1816,23.1816,0
269.81,3237.72,23.1766,23.1766,0
269.91,3238.92,23.1717,23.1717,0
270.01,3240.12,23.1667,23.1667,0
270.11,3241.32,23.1618,23.1618,0
270.21,3242.52,23.1569,23.1569,0
270.31,3243.72,23.1519,23.1519,0
270.41,3244.92,23.147,23.147,0
270.51,3246.12,23.1421,23.1421,0
270.61,3247.32,23.1372,23.1372,0
270.71,3248.52,23.1322,23.1322,0
270.81,3249.72,23.1273,23.1273,0
270.91,3250.92,23.1224,23.1224,0
271.01,3252.12,23.1175,23.1175,0
271.11,3253.32,23.1126,23.1126,0
271.21,3254.52,23.1077,23.1077,0
271.31,3255.72,23.1028,23.1028,0
271.41,3256.92,23.0979,23.0979,0
271.51,3258.12,23.093,23.093,0
271.61,3259.32,23.0881,23.0881,0
271.71,3260.52,23.0833,23.0833,0
271.81,3261.72,23.0784,23.0784,0
271.91,3262.92,23.0735,23.0735,0
272.01,3264.12,23.0686,23.0686,0
272.11,3265.32,23.0638,23.0638,0
272.21,3266.52,23.0589,23.0589,0
272.31,3267.72,23.054,23.054,0
272.41,3268.92,23.0492,23.0492,0
272.51,3270.12,23.0443,23.0443,0
272.61,3271.32,23.0395,23.0395,0
272.71,3272.52,23.0346,23.0346,0
272.81,3273.72,23.0298,23.0298,0
272.91,3274.92,23.0249,23.0249,0
273.01,3276.12,23.0201,23.0201,0
273.11,3277.32,23.0153,23.0153,0
273.21,3278.52,23.0104,23.0104,0
273.31,3279.72,23.0056,23.0056,0
273.41,3280.92,23.0008,23.0008,0
273.51,3282.12,22.996,22.996,0
273.61,3283.32,22.9912,22.9912,0
273.71,3284.52,22.9863,22.9863,0
273.81,3285.72,22.9815,22.9815,0
273.91,3286.92,22.9767,22.9767,0
274.01,3288.12,22.9719,22.9719,0
274.11,3289.32,22.9671,22.9671,0
274.21,3290.52,22.9623,22.9623,0
274.31,3291.72,22.9576,22.9576,0
274.41,3292.92,22.9528,22.9528,0
274.51,3294.12,22.948,22.948,0
274.61,3295.32,22.9432,22.9432,0
274.71,3296.52,22.9384,22.9384,0
274.81,3297.72,22.9336,22.9336,0
274.91,3298.92,22.9289,22.9289,0
275.01,3300.12,22.9241,22.9241,0
275.11,3301.32,22.9193,22.9193,0
275.21,3302.52,22.9146,22.9146,0
275.31,3303.72,22.9098,22.9098,0
275.41,3304.92,22.9051,22.9051,0
275.51,3306.12,22.9003,22.9003,0
275.61,3307.32,22.8956,22.8956,0
275.71,3308.52,22.8908,22.8908,0
275.81,3309.72,22.8861,22.8861,0
275.91,3310.92,22.8814,22.8814,0
276.01,3312.12,22.8766,22.8766,0
276.11,3313.32,22.8719,22.8719,0
276.21,3314.52,22.8672,22.8672,0
276.31,3315.72,22.8624,22.8624,0
276.41,3316.92,22.8577,22.8577,0
276.51,3318.12,22.853,22.853,0
276.61,3319.32,22.8483,22.8483,0
276.71,3320.52,22.8436,22.8436,0
276.81,3321.72,22.8389,22.8389,0
276.91,3322.92,22.8342,22.8342,0
277.01,3324.12,22.8295,22.8295,0
277.11,3325.32,22.8248,22.8248,0
277.21,3326.52,22.8201,22.8201,0
277.31,3327.72,22.8154,22.8154,0
277.41,3328.92,22.8107,22.8107,0
277.51,3330.12,22.806,22.806,0
277.61,3331.32,22.8014,22.8014,0
277.71,3332.52,22.7967,22.7967,0
277.81,3333.72,22.792,22.792,0
277.91,3334.92,22.7873,22.7873,0
278.01,3336.12,22.7827,22.7827,0
278.11,3337.32,22.778,22.778,0
278.21,3338.52,22.7733,22.7733,0
278.31,3339.72,22.7687,22.7687,0
278.41,3340.92,22.764,22.764,0
278.51,3342.12,22.7594,22.7594,0
278.61,3343.32,22.7547,22.7547,0
278.71,3344.52,22.7501,22.7501,0
278.81,3345.72,22.7455,22.7455,0
278.91,3346.92,22.7408,22.7408,0
279.01,3348.12,22.7362,22.7362,0
279.11,3349.32,22.7316,22.7316,0
279.21,3350.52,22.7269,22.7269,0
279.31,3351.72,22.7223,22.7223,0
279.41,3352.92,22.7177,22.7177,0
279.51,3354.12,22.7131,22.7131,0
279.61,3355.32,22.7085,22.7085,0
279.71,3356.52,22.7039,22.7039,0
279.81,3357.72,22.6992,22.6992,0
279.91,3358.92,22.6946,22.6946,0
280.01,3360.12,22.69,22.69,0
280.11,3361.32,22.6854,22.6854,0
280.21,3362.52,22.6809,22.6809,0
280.31,3363.72,22.6763,22.6763,0
280.41,3364.92,22.6717,22.6717,0
280.51,3366.12,22.6671,22.6671,0
280.61,3367.32,22.6625,22.6625,0
280.71,3368.52,22.6579,22.6579,0
280.81,3369.72,22.6534,22.6534,0
280.91,3370.92,22.6488,22.6488,0
281.01,3372.12,22.6442,22.6442,0
281.11,3373.32,22.6397,22.6397,0
281.21,3374.52,22.6351,22.6351,0
281.31,3375.72,22.6305,22.6305,0
281.41,3376.92,22.626,22.626,0
281.51,3378.12,22.6214,22.6214,0
281.61,3379.32,22.6169,22.6169,0
281.71,3380.52,22.6123,22.6123,0
281.81,3381.72,22.6078,22.6078,0
281.91,3382.92,22.6033,22.6033,0
282.01,3384.12,22.5987,22.5987,0
282.11,3385.32,22.5942,22.5942,0
282.21,3386.52,22.5897,22.5897,0
282.31,3387.72,22.5851,22.5851,0
282.41,3388.92,22.5806,22.5806,0
282.51,3390.12,22.5761,22.5761,0
282.61,3391.32,22.5716,22.5716,0
282.71,3392.52,22.5671,22.5671,0
282.81,3393.72,22.5625,22.5625,0
282.91,3394.92,22.558,22.558,0
283.01,3396.12,22.5535,22.5535,0
283.11,3397.32,22.549,22.549,0
283.21,3398.52,22.5445,22.5445,0
283.31,3399.72,22.54,22.54,0
283.41,3400.92,22.5356,22.5356,0
283.51,3402.12,22.5311,22.5311,0
283.61,3403.32,22.5266,22.5266,0
283.71,3404.52,22.5221,22.5221,0
283.81,3405.72,22.5176,22.5176,0
283.91,3406.92,22.5131,22.5131,0
284.01,3408.12,22.5087,22.5087,0
284.11,3409.32,22.5042,22.5042,0
284.21,3410.52,22.4997,22.4997,0
284.31,3411.72,22.4953,22.4953,0
284.41,3412.92,22.4908,22.4908,0
284.51,3414.12,22.4864,22.4864,0
284.61,3415.32,22.4819,22.4819,0
284.71,3416.52,22.4774,22.4774,0
284.81,3417.72,22.473,22.473,0
284.91,3418.92,22.4686,22.4686,0
285.01,3420.12,22.4641,22.4641,0
285.11,3421.32,22.4597,22.4597,0
285.21,3422.52,22.4552,22.4552,0
285.31,3423.72,22.4508,22.4508,0
285.41,3424.92,22.4464,22.4464,0
285.51,3426.12,22.442,22.442,0
285.61,3427.32,22.4375,22.4375,0
285.71,3428.52,22.4331,22.4331,0
285.81,3429.72,22.4287,22.4287,0
285.91,3430.92,22.4243,22.4243,0
286.01,3432.12,22.4199,22.4199,0
286.11,3433.32,22.4155,22.4155,0
286.21,3434.52,22.4111,22.4111,0
286.31,3435.72,22.4067,22.4067,0
286.41,3436.92,22.4023,22.4023,0
286.51,3438.12,22.3979,22.3979,0
286.61,3439.32,22.3935,22.3935,0
286.71,3440.52,22.3891,22.3891,0
286.81,3441.72,22.3847,22.3847,0
286.91,3442.92,22.3803,22.3803,0
287.01,3444.12,22.3759,22.3759,0
287.11,3445.32,22.3716,22.3716,0
287.21,3446.52,22.3672,22.3672,0
287.31,3447.72,22.3628,22.3628,0
287.41,3448.92,22.3584,22.3584,0
287.51,3450.12,22.3541,22.3541,0
287.61,3451.32,22.3497,22.3497,0
287.71,3452.52,22.3454,22.3454,0
287.81,3453.72,22.341,22.341,0
287.91,3454.92,22.3366,22.3366,0
288.01,3456.12,22.3323,22.3323,0
288.11,3457.32,22.328,22.328,0
288.21,3458.52,22.3236,22.3236,0
288.31,3459.72,22.3193,22.3193,0
288.41,3460.92,22.3149,22.3149,0
288.51,3462.12,22.3106,22.3106,0
288.61,3463.32,22.3063,22.3063,0
288.71,3464.52,22.3019,22.3019,0
288.81,3465.72,22.2976,22.2976,0
288.91,3466.92,22.2933,22.2933,0
289.01,3468.12,22.289,22.289,0
289.11,3469.32,22.2846,22.2846,0
289.21,3470.52,22.2803,22.2803,0
289.31,3471.72,22.276,22.276,0
289.41,3472.92,22.2717,22.2717,0
289.51,3474.12,22.2674,22.2674,0
289.61,3475.32,22.2631,22.2631,0
289.71,3476.52,22.2588,22.2588,0
289.81,3477.72,22.2545,22.2545,0
289.91,3478.92,22.2502,22.2502,0
290.01,3480.12,22.2459,22.2459,0
290.11,3481.32,22.2416,22.2416,0
290.21,3482.52,22.2374,22.2374,0
290.31,3483.72,22.2331,22.2331,0
290.41,3484.92,22.2288,22.2288,0
290.51,3486.12,22.2245,22.2245,0
290.61,3487.32,22.2202,22.2202,0
290.71,3488.52,22.216,22.216,0
290.81,3489.72,22.2117,22.2117,0
290.91,3490.92,22.2074,22.2074,0
291.01,3492.12,22.2032,22.2032,0
291.11,3493.32,22.1989,22.1989,0
291.21,3494.52,22.1947,22.1947,0
291.31,3495.72,22.1904,22.1904,0
291.41,3496.92,22.1862,22.1862,0
291.51,3498.12,22.1819,22.1819,0
291.61,3499.32,22.1777,22.1777,0
291.71,3500.52,22.1734,22.1734,0
291.81,3501.72,22.1692,22.1692,0
291.91,3502.92,22.165,22.165,0
292.01,3504.12,22.1607,22.1607,0
292.11,3505.32,22.1565,22.1565,0
292.21,3506.52,22.1523,22.1523,0
292.31,3507.72,22.148,22.148,0
292.41,3508.92,22.1438,22.1438,0
292.51,3510.12,22.1396,22.1396,0
292.61,3511.32,22.1354,22.1354,0
292.71,3512.52,22.1312,22.1312,0
292.81,3513.72,22.127,22.127,0
292.91,3514.92,22.1228,22.1228,0
293.01,3516.12,22.1186,22.1186,0
293.11,3517.32,22.1144,22.1144,0
293.21,3518.52,22.1102,22.1102,0
293.31,3519.72,22.106,22.106,0
293.41,3520.92,22.1018,22.1018,0
293.51,3522.12,22.0976,22.0976,0
293.61,3523.32,22.0934,22.0934,0
293.71,3524.52,22.0892,22.0892,0
293.81,3525.72,22.085,22.085,0
293.91,3526.92,22.0809,22.0809,0
294.01,3528.12,22.0767,22.0767,0
294.11,3529.32,22.0725,22.0725,0
294.21,3530.52,22.0683,22.0683,0
294.31,3531.72,22.0642,22.0642,0
294.41,3532.92,22.06,22.06,0
294.51,3534.12,22.0558,22.0558,0
294.61,3535.32,22.0517,22.0517,0
294.71,3536.52,22.0475,22.0475,0
294.81,3537.72,22.0434,22.0434,0
294.91,3538.92,22.0392,22.0392,0
295.01,3540.12,22.0351,22.0351,0
295.11,3541.32,22.0309,22.0309,0
295.21,3542.52,22.0268,22.0268,0
295.31,3543.72,22.0227,22.0227,0
295.41,3544.92,22.0185,22.0185,0
295.51,3546.12,22.0144,22.0144,0
295.61,3547.32,22.0103,22.0103,0
295.71,3548.52,22.0061,22.0061,0
295.81,3549.72,22.002,22.002,0
295.91,3550.92,21.9979,21.9979,0
296.01,3552.12,21.9938,21.9938,0
296.11,3553.32,21.9897,21.9897,0
296.21,3554.52,21.9855,21.9855,0
296.31,3555.72,21.9814,21.9814,0
296.41,3556.92,21.9773,21.9773,0
296.51,3558.12,21.9732,21.9732,0
296.61,3559.32,21.9691,21.9691,0
296.71,3560.52,21.965,21.965,0
296.81,3561.72,21.9609,21.9609,0
296.91,3562.92,21.9568,21.9568,0
297.01,3564.12,21.9527,21.9527,0
297.11,3565.32,21.9486,21.9486,0
297.21,3566.52,21.9446,21.9446,0
297.31,3567.72,21.9405,21.9405,0
297.41,3568.92,21.9364,21.9364,0
297.51,3570.12,21.9323,21.9323,0
297.61,3571.32,21.9282,21.9282,0
297.71,3572.52,21.9242,21.9242,0
297.81,3573.72,21.9201,21.9201,0
297.91,3574.92,21.916,21.916,0
298.01,3576.12,21.912,21.912,0
298.11,3577.32,21.9079,21.9079,0
298.21,3578.52,21.9038,21.9038,0
298.31,3579.72,21.8998,21.8998,0
298.41,3580.92,21.8957,21.8957,0
298.51,3582.12,21.8917,21.8917,0
298.61,3583.32,21.8876,21.8876,0
298.71,3584.52,21.8836,21.8836,0
298.81,3585.72,21.8796,21.8796,0
298.91,3586.92,21.8755,21.8755,0
299.01,3588.12,21.8715,21.8715,0
299.11,3589.32,21.8674,21.8674,0
299.21,3590.52,21.8634,21.8634,0
299.31,3591.72,21.8594,21.8594,0
299.41,3592.92,21.8554,21.8554,0
299.51,3594.12,21.8513,21.8513,0
299.61,3595.32,21.8473,21.8473,0
299.71,3596.52,21.8433,21.8433,0
299.81,3597.72,21.8393,21.8393,0
299.91,3598.92,21.8353,21.8353,0
300.01,3600.12,21.8313,21.8313,0
300.11,3601.32,21.8272,21.8272,0
300.21,3602.52,21.8232,21.8232,0
300.31,3603.72,21.8192,21.8192,0
300.41,3604.92,21.8152,21.8152,0
300.51,3606.12,21.8112,21.8112,0
300.61,3607.32,21.8072,21.8072,0
300.71,3608.52,21.8033,21.8033,0
300.81,3609.72,21.7993,21.7993,0
300.91,3610.92,21.7953,21.7953,0
301.01,3612.12,21.7913,21.7913,0
301.11,3613.32,21.7873,21.7873,0
301.21,3614.52,21.7833,21.7833,0
301.31,3615.72,21.7794,21.7794,0
301.41,3616.92,21.7754,21.7754,0
301.51,3618.12,21.7714,21.7714,0
301.61,3619.32,21.7674,21.7674,0
301.71,3620.52,21.7635,21.7635,0
301.81,3621.72,21.7595,21.7595,0
301.91,3622.92,21.7556,21.7556,0
302.01,3624.12,21.7516,21.7516,0
302.11,3625.32,21.7476,21.7476,0
302.21,3626.52,21.7437,21.7437,0
302.31,3627.72,21.7397,21.7397,0
302.41,3628.92,21.7358,21.7358,0
302.51,3630.12,21.7319,21.7319,0
302.61,3631.32,21.7279,21.7279,0
302.71,3632.52,21.724,21.724,0
302.81,3633.72,21.72,21.72,0
302.91,3634.92,21.7161,21.7161,0
303.01,3636.12,21.7122,21.7122,0
303.11,3637.32,21.7082,21.7082,0
303.21,3638.52,21.7043,21.7043,0
303.31,3639.72,21.7004,21.7004,0
303.41,3640.92,21.6965,21.6965,0
303.51,3642.12,21.6926,21.6926,0
303.61,3643.32,21.6886,21.6886,0
303.71,3644.52,21.6847,21.6847,0
303.81,3645.72,21.6808,21.6808,0
303.91,3646.92,21.6769,21.6769,0
304.01,3648.12,21.673,21.673,0
304.11,3649.32,21.6691,21.6691,0
304.21,3650.52,21.6652,21.6652,0
304.31,3651.72,21.6613,21.6613,0
304.41,3652.92,21.6574,21.6574,0
304.51,3654.12,21.6535,21.6535,0
304.61,3655.32,21.6496,21.6496,0
304.71,3656.52,21.6457,21.6457,0
304.81,3657.72,21.6418,21.6418,0
304.91,3658.92,21.638,21.638,0
305.01,3660.12,21.6341,21.6341,0
305.11,3661.32,21.6302,21.6302,0
305.21,3662.52,21.6263,21.6263,0
305.31,3663.72,21.6225,21.6225,0
305.41,3664.92,21.6186,21.6186,0
305.51,3666.12,21.6147,21.6147,0
305.61,3667.32,21.6109,21.6109,0
305.71,3668.52,21.607,21.607,0
305.81,3669.72,21.6031,21.6031,0
305.91,3670.92,21.5993,21.5993,0
306.01,3672.12,21.5954,21.5954,0
306.11,3673.32,21.5916,21.5916,0
306.21,3674.52,21.5877,21.5877,0
306.31,3675.72,21.5839,21.5839,0
306.41,3676.92,21.58,21.58,0
306.51,3678.12,21.5762,21.5762,0
306.61,3679.32,21.5724,21.5724,0
306.71,3680.52,21.5685,21.5685,0
306.81,3681.72,21.5647,21.5647,0
306.91,3682.92,21.5608,21.5608,0
307.01,3684.12,21.557,21.557,0
307.11,3685.32,21.5532,21.5532,0
307.21,3686.52,21.5494,21.5494,0
307.31,3687.72,21.5455,21.5455,0
307.41,3688.92,21.5417,21.5417,0
307.51,3690.12,21.5379,21.5379,0
307.61,3691.32,21.5341,21.5341,0
307.71,3692.52,21.5303,21.5303,0
307.81,3693.72,21.5265,21.5265,0
307.91,3694.92,21.5227,21.5227,0
308.01,3696.12,21.5189,21.5189,0
308.11,3697.32,21.5151,21.5151,0
308.21,3698.52,21.5113,21.5113,0
308.31,3699.72,21.5075,21.5075,0
308.41,3700.92,21.5037,21.5037,0
308.51,3702.12,21.4999,21.4999,0
308.61,3703.32,21.4961,21.4961,0
308.71,3704.52,21.4923,21.4923,0
308.81,3705.72,21.4885,21.4885,0
308.91,3706.92,21.4847,21.4847,0
309.01,3708.12,21.4809,21.4809,0
309.11,3709.32,21.4772,21.4772,0
309.21,3710.52,21.4734,21.4734,0
309.31,3711.72,21.4696,21.4696,0
309.41,3712.92,21.4659,21.4659,0
309.51,3714.12,21.4621,21.4621,0
309.61,3715.32,21.4583,21.4583,0
309.71,3716.52,21.4546,21.4546,0
309.81,3717.72,21.4508,21.4508,0
309.91,3718.92,21.447,21.447,0
310.01,3720.12,21.4433,21.4433,0
310.11,3721.32,21.4395,21.4395,0
310.21,3722.52,21.4358,21.4358,0
310.31,3723.72,21.432,21.432,0
310.41,3724.92,21.4283,21.4283,0
310.51,3726.12,21.4245,21.4245,0
310.61,3727.32,21.4208,21.4208,0
310.71,3728.52,21.4171,21.4171,0
310.81,3729.72,21.4133,21.4133,0
310.91,3730.92,21.4096,21.4096,0
311.01,3732.12,21.4059,21.4059,0
311.11,3733.32,21.4021,21.4021,0
311.21,3734.52,21.3984,21.3984,0
311.31,3735.72,21.3947,21.3947,0
311.41,3736.92,21.391,21.391,0
311.51,3738.12,21.3872,21.3872,0
311.61,3739.32,21.3835,21.3835,0
311.71,3740.52,21.3798,21.3798,0
311.81,3741.72,21.3761,21.3761,0
311.91,3742.92,21.3724,21.3724,0
312.01,3744.12,21.3687,21.3687,0
312.11,3745.32,21.365,21.365,0
312.21,3746.52,21.3613,21.3613,0
312.31,3747.72,21.3576,21.3576,0
312.41,3748.92,21.3539,21.3539,0
312.51,3750.12,21.3502,21.3502,0
312.61,3751.32,21.3465,21.3465,0
312.71,3752.52,21.3428,21.3428,0
312.81,3753.72,21.3391,21.3391,0
312.91,3754.92,21.3354,21.3354,0
313.01,3756.12,21.3317,21.3317,0
313.11,3757.32,21.328,21.328,0
313.21,3758.52,21.3244,21.3244,0
313.31,3759.72,21.3207,21.3207,0
313.41,3760.92,21.317,21.317,0
313.51,3762.12,21.3133,21.3133,0
313.61,3763.32,21.3097,21.3097,0
313.71,3764.52,21.306,21.306,0
313.81,3765.72,21.3023,21.3023,0
313.91,3766.92,21.2987,21.2987,0
314.01,3768.12,21.295,21.295,0
314.11,3769.32,21.2914,21.2914,0
314.21,3770.52,21.2877,21.2877,0
314.31,3771.72,21.284,21.284,0
314.41,3772.92,21.2804,21.2804,0
314.51,3774.12,21.2768,21.2768,0
314.61,3775.32,21.2731,21.2731,0
314.71,3776.52,21.2695,21.2695,0
314.81,3777.72,21.2658,21.2658,0
314.91,3778.92,21.2622,21.2622,0
315.01,3780.12,21.2585,21.2585,0
315.11,3781.32,21.2549,21.2549,0
315.21,3782.52,21.2513,21.2513,0
315.31,3783.72,21.2476,21.2476,0
315.41,3784.92,21.244,21.244,0
315.51,3786.12,21.2404,21.2404,0
315.61,3787.32,21.2368,21.2368,0
315.71,3788.52,21.2331,21.2331,0
315.81,3789.72,21.2295,21.2295,0
315.91,3790.92,21.2259,21.2259,0
316.01,3792.12,21.2223,21.2223,0
316.11,3793.32,21.2187,21.2187,0
316.21,3794.52,21.2151,21.2151,0
316.31,3795.72,21.2115,21.2115,0
316.41,3796.92,21.2079,21.2079,0
316.51,3798.12,21.2043,21.2043,0
316.61,3799.32,21.2007,21.2007,0
316.71,3800.52,21.1971,21.1971,0
316.81,3801.72,21.1935,21.1935,0
316.91,3802.92,21.1899,21.1899,0
317.01,3804.12,21.1863,21.1863,0
317.11,3805.32,21.1827,21.1827,0
317.21,3806.52,21.1791,21.1791,0
317.31,3807.72,21.1755,21.1755,0
317.41,3808.92,21.1719,21.1719,0
317.51,3810.12,21.1684,21.1684,0
317.61,3811.32,21.1648,21.1648,0
317.71,3812.52,21.1612,21.1612,0
317.81,3813.72,21.1576,21.1576,0
317.91,3814.92,21.1541,21.1541,0
318.01,3816.12,21.1505,21.1505,0
318.11,3817.32,21.1469,21.1469,0
318.21,3818.52,21.1434,21.1434,0
318.31,3819.72,21.1398,21.1398,0
318.41,3820.92,21.1362,21.1362,0
318.51,3822.12,21.1327,21.1327,0
318.61,3823.32,21.1291,21.1291,0
318.71,3824.52,21.1256,21.1256,0
318.81,3825.72,21.122,21.122,0
318.91,3826.92,21.1185,21.1185,0
319.01,3828.12,21.1149,21.1149,0
319.11,3829.32,21.1114,21.1114,0
319.21,3830.52,21.1078,21.1078,0
319.31,3831.72,21.1043,21.1043,0
319.41,3832.92,21.1008,21.1008,0
319.51,3834.12,21.0972,21.0972,0
319.61,3835.32,21.0937,21.0937,0
319.71,3836.52,21.0902,21.0902,0
319.81,3837.72,21.0866,21.0866,0
319.91,3838.92,21.0831,21.0831,0
320.01,3840.12,21.0796,21.0796,0
320.11,3841.32,21.0761,21.0761,0
320.21,3842.52,21.0726,21.0726,0
320.31,3843.72,21.069,21.069,0
320.41,3844.92,21.0655,21.0655,0
320.51,3846.12,21.062,21.062,0
320.61,3847.32,21.0585,21.0585,0
320.71,3848.52,21.055,21.055,0
320.81,3849.72,21.0515,21.0515,0
320.91,3850.92,21.048,21.048,0
321.01,3852.12,21.0445,21.0445,0
321.11,3853.32,21.041,21.041,0
321.21,3854.52,21.0375,21.0375,0
321.31,3855.72,21.034,21.034,0
321.41,3856.92,21.0305,21.0305,0
321.51,3858.12,21.027,21.027,0
321.61,3859.32,21.0235,21.0235,0
321.71,3860.52,21.02,21.02,0
321.81,3861.72,21.0165,21.0165,0
321.91,3862.92,21.0131,21.0131,0
322.01,3864.12,21.0096,21.0096,0
322.11,3865.32,21.0061,21.0061,0
322.21,3866.52,21.0026,21.0026,0
322.31,3867.72,20.9992,20.9992,0
322.41,3868.92,20.9957,20.9957,0
322.51,3870.12,20.9922,20.9922,0
322.61,3871.32,20.9887,20.9887,0
322.71,3872.52,20.9853,20.9853,0
322.81,3873.72,20.9818,20.9818,0
322.91,3874.92,20.9784,20.9784,0
323.01,3876.12,20.9749,20.9749,0
323.11,3877.32,20.9714,20.9714,0
323.21,3878.52,20.968,20.968,0
323.31,3879.72,20.9645,20.9645,0
323.41,3880.92,20.9611,20.9611,0
323.51,3882.12,20.9576,20.9576,0
323.61,3883.32,20.9542,20.9542,0
323.71,3884.52,20.9508,20.9508,0
323.81,3885.72,20.9473,20.9473,0
323.91,3886.92,20.9439,20.9439,0
324.01,3888.12,20.9404,20.9404,0
324.11,3889.32,20.937,20.937,0
324.21,3890.52,20.9336,20.9336,0
324.31,3891.72,20.9301,20.9301,0
324.41,3892.92,20.9267,20.9267,0
324.51,3894.12,20.9233,20.9233,0
324.61,3895.32,20.9199,20.9199,0
324.71,3896.52,20.9164,20.9164,0
324.81,3897.72,20.913,20.913,0
324.91,3898.92,20.9096,20.9096,0
325.01,3900.12,20.9062,20.9062,0
325.11,3901.32,20.9028,20.9028,0
325.21,3902.52,20.8994,20.8994,0
325.31,3903.72,20.896,20.896,0
325.41,3904.92,20.8925,20.8925,0
325.51,3906.12,20.8891,20.8891,0
325.61,3907.32,20.8857,20.8857,0
325.71,3908.52,20.8823,20.8823,0
325.81,3909.72,20.8789,20.8789,0
325.91,3910.92,20.8755,20.8755,0
326.01,3912.12,20.8721,20.8721,0
326.11,3913.32,20.8688,20.8688,0
326.21,3914.52,20.8654,20.8654,0
326.31,3915.72,20.862,20.862,0
326.41,3916.92,20.8586,20.8586,0
326.51,3918.12,20.8552,20.8552,0
326.61,3919.32,20.8518,20.8518,0
326.71,3920.52,20.8484,20.8484,0
326.81,3921.72,20.8451,20.8451,0
326.91,3922.92,20.8417,20.8417,0
327.01,3924.12,20.8383,20.8383,0
327.11,3925.32,20.8349,20.8349,0
327.21,3926.52,20.8316,20.8316,0
327.31,3927.72,20.8282,20.8282,0
327.41,3928.92,20.8248,20.8248,0
327.51,3930.12,20.8215,20.8215,0
327.61,3931.32,20.8181,20.8181,0
327.71,3932.52,20.8148,20.8148,0
327.81,3933.72,20.8114,20.8114,0
327.91,3934.92,20.8081,20.8081,0
328.01,3936.12,20.8047,20.8047,0
328.11,3937.32,20.8013,20.8013,0
328.21,3938.52,20.798,20.798,0
328.31,3939.72,20.7947,20.7947,0
328.41,3940.92,20.7913,20.7913,0
328.51,3942.12,20.788,20.788,0
328.61,3943.32,20.7846,20.7846,0
328.71,3944.52,20.7813,20.7813,0
328.81,3945.72,20.7779,20.7779,0
328.91,3946.92,20.7746,20.7746,0
329.01,3948.12,20.7713,20.7713,0
329.11,3949.32,20.768,20.768,0
329.21,3950.52,20.7646,20.7646,0
329.31,3951.72,20.7613,20.7613,0
329.41,3952.92,20.758,20.758,0
329.51,3954.12,20.7547,20.7547,0
329.61,3955.32,20.7513,20.7513,0
329.71,3956.52,20.748,20.748,0
329.81,3957.72,20.7447,20.7447,0
329.91,3958.92,20.7414,20.7414,0
330.01,3960.12,20.7381,20.7381,0
330.11,3961.32,20.7348,20.7348,0
330.21,3962.52,20.7315,20.7315,0
330.31,3963.72,20.7281,20.7281,0
330.41,3964.92,20.7248,20.7248,0
330.51,3966.12,20.7215,20.7215,0
330.61,3967.32,20.7182,20.7182,0
330.71,3968.52,20.7149,20.7149,0
330.81,3969.72,20.7116,20.7116,0
330.91,3970.92,20.7084,20.7084,0
331.01,3972.12,20.7051,20.7051,0
331.11,3973.32,20.7018,20.7018,0
331.21,3974.52,20.6985,20.6985,0
331.31,3975.72,20.6952,20.6952,0
331.41,3976.92,20.6919,20.6919,0
331.51,3978.12,20.6886,20.6886,0
331.61,3979.32,20.6854,20.6854,0
331.71,3980.52,20.6821,20.6821,0
331.81,3981.72,20.6788,20.6788,0
331.91,3982.92,20.6755,20.6755,0
332.01,3984.12,20.6723,20.6723,0
332.11,3985.32,20.669,20.669,0
332.21,3986.52,20.6657,20.6657,0
332.31,3987.72,20.6625,20.6625,0
332.41,3988.92,20.6592,20.6592,0
332.51,3990.12,20.6559,20.6559,0
332.61,3991.32,20.6527,20.6527,0
332.71,3992.52,20.6494,20.6494,0
332.81,3993.72,20.6462,20.6462,0
332.91,3994.92,20.6429,20.6429,0
333.01,3996.12,20.6396,20.6396,0
333.11,3997.32,20.6364,20.6364,0
333.21,3998.52,20.6331,20.6331,0
333.31,3999.72,20.6299,20.6299,0
333.41,4000.92,20.6267,20.6267,0
333.51,4002.12,20.6234,20.6234,0
333.61,4003.32,20.6202,20.6202,0
333.71,4004.52,20.6169,20.6169,0
333.81,4005.72,20.6137,20.6137,0
333.91,4006.92,20.6105,20.6105,0
334.01,4008.12,20.6072,20.6072,0
334.11,4009.32,20.604,20.604,0
334.21,4010.52,20.6008,20.6008,0
334.31,4011.72,20.5975,20.5975,0
334.41,4012.92,20.5943,20.5943,0
334.51,4014.12,20.5911,20.5911,0
334.61,4015.32,20.5879,20.5879,0
334.71,4016.52,20.5847,20.5847,0
334.81,4017.72,20.5814,20.5814,0
334.91,4018.92,20.5782,20.5782,0
335.01,4020.12,20.575,20.575,0
335.11,4021.32,20.5718,20.5718,0
335.21,4022.52,20.5686,20.5686,0
335.31,4023.72,20.5654,20.5654,0
335.41,4024.92,20.5622,20.5622,0
335.51,4026.12,20.559,20.559,0
335.61,4027.32,20.5558,20.5558,0
335.71,4028.52,20.5526,20.5526,0
335.81,4029.72,20.5494,20.5494,0
335.91,4030.92,20.5462,20.5462,0
336.01,4032.12,20.543,20.543,0
336.11,4033.32,20.5398,20.5398,0
336.21,4034.52,20.5366,20.5366,0
336.31,4035.72,20.5334,20.5334,0
336.41,4036.92,20.5302,20.5302,0
336.51,4038.12,20.5271,20.5271,0
336.61,4039.32,20.5239,20.5239,0
336.71,4040.52,20.5207,20.5207,0
336.81,4041.72,20.5175,20.5175,0
336.91,4042.92,20.5143,20.5143,0
337.01,4044.12,20.5112,20.5112,0
337.11,4045.32,20.508,20.508,0
337.21,4046.52,20.5048,20.5048,0
337.31,4047.72,20.5017,20.5017,0
337.41,4048.92,20.4985,20.4985,0
337.51,4050.12,20.4953,20.4953,0
337.61,4051.32,20.4922,20.4922,0
337.71,4052.52,20.489,20.489,0
337.81,4053.72,20.4858,20.4858,0
337.91,4054.92,20.4827,20.4827,0
338.01,4056.12,20.4795,20.4795,0
338.11,4057.32,20.4764,20.4764,0
338.21,4058.52,20.4732,20.4732,0
338.31,4059.72,20.4701,20.4701,0
338.41,4060.92,20.4669,20.4669,0
338.51,4062.12,20.4638,20.4638,0
338.61,4063.32,20.4606,20.4606,0
338.71,4064.52,20.4575,20.4575,0
338.81,4065.72,20.4544,20.4544,0
338.91,4066.92,20.4512,20.4512,0
339.01,4068.12,20.4481,20.4481,0
339.11,4069.32,20.4449,20.4449,0
339.21,4070.52,20.4418,20.4418,0
339.31,4071.72,20.4387,20.4387,0
339.41,4072.92,20.4356,20.4356,0
339.51,4074.12,20.4324,20.4324,0
339.61,4075.32,20.4293,20.4293,0
339.71,4076.52,20.4262,20.4262,0
339.81,4077.72,20.4231,20.4231,0
339.91,4078.92,20.4199,20.4199,0
340.01,4080.12,20.4168,20.4168,0
340.11,4081.32,20.4137,20.4137,0
340.21,4082.52,20.4106,20.4106,0
340.31,4083.72,20.4075,20.4075,0
340.41,4084.92,20.4044,20.4044,0
340.51,4086.12,20.4013,20.4013,0
340.61,4087.32,20.3981,20.3981,0
340.71,4088.52,20.395,20.395,0
340.81,4089.72,20.3919,20.3919,0
340.91,4090.92,20.3888,20.3888,0
341.01,4092.12,20.3857,20.3857,0
341.11,4093.32,20.3826,20.3826,0
341.21,4094.52,20.3795,20.3795,0
341.31,4095.72,20.3765,20.3765,0
341.41,4096.92,20.3734,20.3734,0
341.51,4098.12,20.3703,20.3703,0
341.61,4099.32,20.3672,20.3672,0
341.71,4100.52,20.3641,20.3641,0
341.81,4101.72,20.361,20.361,0
341.91,4102.92,20.3579,20.3579,0
342.01,4104.12,20.3548,20.3548,0
342.11,4105.32,20.3518,20.3518,0
342.21,4106.52,20.3487,20.3487,0
342.31,4107.72,20.3456,20.3456,0
342.41,4108.92,20.3425,20.3425,0
342.51,4110.12,20.3395,20.3395,0
342.61,4111.32,20.3364,20.3364,0
342.71,4112.52,20.3333,20.3333,0
342.81,4113.72,20.3303,20.3303,0
342.91,4114.92,20.3272,20.3272,0
343.01,4116.12,20.3241,20.3241,0
343.11,4117.32,20.3211,20.3211,0
343.21,4118.52,20.318,20.318,0
343.31,4119.72,20.315,20.315,0
343.41,4120.92,20.3119,20.3119,0
343.51,4122.12,20.3088,20.3088,0
343.61,4123.32,20.3058,20.3058,0
343.71,4124.52,20.3027,20.3027,0
343.81,4125.72,20.2997,20.2997,0
343.91,4126.92,20.2967,20.2967,0
344.01,4128.12,20.2936,20.2936,0
344.11,4129.32,20.2906,20.2906,0
344.21,4130.52,20.2875,20.2875,0
344.31,4131.72,20.2845,20.2845,0
344.41,4132.92,20.2814,20.2814,0
344.51,4134.12,20.2784,20.2784,0
344.61,4135.32,20.2754,20.2754,0
344.71,4136.52,20.2723,20.2723,0
344.81,4137.72,20.2693,20.2693,0
344.91,4138.92,20.2663,20.2663,0
345.01,4140.12,20.2633,20.2633,0
345.11,4141.32,20.2602,20.2602,0
345.21,4142.52,20.2572,20.2572,0
345.31,4143.72,20.2542,20.2542,0
345.41,4144.92,20.2512,20.2512,0
345.51,4146.12,20.2481,20.2481,0
345.61,4147.32,20.2451,20.2451,0
345.71,4148.52,20.2421,20.2421,0
345.81,4149.72,20.2391,20.2391,0
345.91,4150.92,20.2361,20.2361,0
346.01,4152.12,20.2331,20.2331,0
346.11,4153.32,20.2301,20.2301,0
346.21,4154.52,20.2271,20.2271,0
346.31,4155.72,20.2241,20.2241,0
346.41,4156.92,20.2211,20.2211,0
346.51,4158.12,20.2181,20.2181,0
346.61,4159.32,20.2151,20.2151,0
346.71,4160.52,20.2121,20.2121,0
346.81,4161.72,20.2091,20.2091,0
346.91,4162.92,20.2061,20.2061,0
347.01,4164.12,20.2031,20.2031,0
347.11,4165.32,20.2001,20.2001,0
347.21,4166.52,20.1971,20.1971,0
347.31,4167.72,20.1941,20.1941,0
347.41,4168.92,20.1911,20.1911,0
347.51,4170.12,20.1882,20.1882,0
347.61,4171.32,20.1852,20.1852,0
347.71,4172.52,20.1822,20.1822,0
347.81,4173.72,20.1792,20.1792,0
347.91,4174.92,20.1762,20.1762,0
348.01,4176.12,20.1733,20.1733,0
348.11,4177.32,20.1703,20.1703,0
348.21,4178.52,20.1673,20.1673,0
348.31,4179.72,20.1644,20.1644,0
348.41,4180.92,20.1614,20.1614,0
348.51,4182.12,20.1584,20.1584,0
348.61,4183.32,20.1555,20.1555,0
348.71,4184.52,20.1525,20.1525,0
348.81,4185.72,20.1495,20.1495,0
348.91,4186.92,20.1466,20.1466,0
349.01,4188.12,20.1436,20.1436,0
349.11,4189.32,20.1407,20.1407,0
349.21,4190.52,20.1377,20.1377,0
349.31,4191.72,20.1348,20.1348,0
349.41,4192.92,20.1318,20.1318,0
349.51,4194.12,20.1289,20.1289,0
349.61,4195.32,20.1259,20.1259,0
349.71,4196.52,20.123,20.123,0
349.81,4197.72,20.12,20.12,0
349.91,4198.92,20.1171,20.1171,0
350.01,4200.12,20.1141,20.1141,0
350.11,4201.32,20.1112,20.1112,0
350.21,4202.52,20.1083,20.1083,0
350.31,4203.72,20.1053,20.1053,0
350.41,4204.92,20.1024,20.1024,0
350.51,4206.12,20.0995,20.0995,0
350.61,4207.32,20.0965,20.0965,0
350.71,4208.52,20.0936,20.0936,0
350.81,4209.72,20.0907,20.0907,0
350.91,4210.92,20.0878,20.0878,0
351.01,4212.12,20.0848,20.0848,0
351.11,4213.32,20.0819,20.0819,0
351.21,4214.52,20.079,20.079,0
351.31,4215.72,20.0761,20.0761,0
351.41,4216.92,20.0732,20.0732,0
351.51,4218.12,20.0703,20.0703,0
351.61,4219.32,20.0673,20.0673,0
351.71,4220.52,20.0644,20.0644,0
351.81,4221.72,20.0615,20.0615,0
351.91,4222.92,20.0586,20.0586,0
352.01,4224.12,20.0557,20.0557,0
352.11,4225.32,20.0528,20.0528,0
352.21,4226.52,20.0499,20.0499,0
352.31,4227.72,20.047,20.047,0
352.41,4228.92,20.0441,20.0441,0
352.51,4230.12,20.0412,20.0412,0
352.61,4231.32,20.0383,20.0383,0
352.71,4232.52,20.0354,20.0354,0
352.81,4233.72,20.0325,20.0325,0
352.91,4234.92,20.0296,20.0296,0
353.01,4236.12,20.0267,20.0267,0
353.11,4237.32,20.0238,20.0238,0
353.21,4238.52,20.021,20.021,0
353.31,4239.72,20.0181,20.0181,0
353.41,4240.92,20.0152,20.0152,0
353.51,4242.12,20.0123,20.0123,0
353.61,4243.32,20.0094,20.0094,0
353.71,4244.52,20.0066,20.0066,0
353.81,4245.72,20.0037,20.0037,0
353.91,4246.92,20.0008,20.0008,0
354.01,4248.12,19.9979,19.9979,0
354.11,4249.32,19.9951,19.9951,0
354.21,4250.52,19.9922,19.9922,0
354.31,4251.72,19.9893,19.9893,0
354.41,4252.92,19.9865,19.9865,0
354.51,4254.12,19.9836,19.9836,0
354.61,4255.32,19.9807,19.9807,0
354.71,4256.52,19.9779,19.9779,0
354.81,4257.72,19.975,19.975,0
354.91,4258.92,19.9722,19.9722,0
355.01,4260.12,19.9693,19.9693,0
355.11,4261.32,19.9664,19.9664,0
355.21,4262.52,19.9636,19.9636,0
355.31,4263.72,19.9607,19.9607,0
355.41,4264.92,19.9579,19.9579,0
355.51,4266.12,19.955,19.955,0
355.61,4267.32,19.9522,19.9522,0
355.71,4268.52,19.9493,19.9493,0
355.81,4269.72,19.9465,19.9465,0
355.91,4270.92,19.9437,19.9437,0
356.01,4272.12,19.9408,19.9408,0
356.11,4273.32,19.938,19.938,0
356.21,4274.52,19.9351,19.9351,0
356.31,4275.72,19.9323,19.9323,0
356.41,4276.92,19.9295,19.9295,0
356.51,4278.12,19.9266,19.9266,0
356.61,4279.32,19.9238,19.9238,0
356.71,4280.52,19.921,19.921,0
356.81,4281.72,19.9182,19.9182,0
356.91,4282.92,19.9153,19.9153,0
357.01,4284.12,19.9125,19.9125,0
357.11,4285.32,19.9097,19.9097,0
357.21,4286.52,19.9069,19.9069,0
357.31,4287.72,19.9041,19.9041,0
357.41,4288.92,19.9012,19.9012,0
357.51,4290.12,19.8984,19.8984,0
357.61,4291.32,19.8956,19.8956,0
357.71,4292.52,19.8928,19.8928,0
357.81,4293.72,19.89,19.89,0
357.91,4294.92,19.8872,19.8872,0
358.01,4296.12,19.8844,19.8844,0
358.11,4297.32,19.8816,19.8816,0
358.21,4298.52,19.8788,19.8788,0
358.31,4299.72,19.8759,19.8759,0
358.41,4300.92,19.8731,19.8731,0
358.51,4302.12,19.8703,19.8703,0
358.61,4303.32,19.8675,19.8675,0
358.71,4304.52,19.8648,19.8648,0
358.81,4305.72,19.862,19.862,0
358.91,4306.92,19.8592,19.8592,0
359.01,4308.12,19.8564,19.8564,0
359.11,4309.32,19.8536,19.8536,0
359.21,4310.52,19.8508,19.8508,0
359.31,4311.72,19.848,19.848,0
359.41,4312.92,19.8452,19.8452,0
359.51,4314.12,19.8424,19.8424,0
359.61,4315.32,19.8397,19.8397,0
359.71,4316.52,19.8369,19.8369,0
359.81,4317.72,19.8341,19.8341,0
359.91,4318.92,19.8313,19.8313,0
360.01,4320.12,19.8285,19.8285,0
360.11,4321.32,19.8258,19.8258,0
360.21,4322.52,19.823,19.823,0
360.31,4323.72,19.8202,19.8202,0
360.41,4324.92,19.8175,19.8175,0
360.51,4326.12,19.8147,19.8147,0
360.61,4327.32,19.8119,19.8119,0
360.71,4328.52,19.8091,19.8091,0
360.81,4329.72,19.8064,19.8064,0
360.91,4330.92,19.8036,19.8036,0
361.01,4332.12,19.8009,19.8009,0
361.11,4333.32,19.7981,19.7981,0
361.21,4334.52,19.7953,19.7953,0
361.31,4335.72,19.7926,19.7926,0
361.41,4336.92,19.7898,19.7898,0
361.51,4338.12,19.7871,19.7871,0
361.61,4339.32,19.7843,19.7843,0
361.71,4340.52,19.7816,19.7816,0
361.81,4341.72,19.7788,19.7788,0
361.91,4342.92,19.7761,19.7761,0
362.01,4344.12,19.7733,19.7733,0
362.11,4345.32,19.7706,19.7706,0
362.21,4346.52,19.7679,19.7679,0
362.31,4347.72,19.7651,19.7651,0
362.41,4348.92,19.7624,19.7624,0
362.51,4350.12,19.7596,19.7596,0
362.61,4351.32,19.7569,19.7569,0
362.71,4352.52,19.7542,19.7542,0
362.81,4353.72,19.7514,19.7514,0
362.91,4354.92,19.7487,19.7487,0
363.01,4356.12,19.746,19.746,0
363.11,4357.32,19.7433,19.7433,0
363.21,4358.52,19.7405,19.7405,0
363.31,4359.72,19.7378,19.7378,0
363.41,4360.92,19.7351,19.7351,0
363.51,4362.12,19.7324,19.7324,0
363.61,4363.32,19.7296,19.7296,0
363.71,4364.52,19.7269,19.7269,0
363.81,4365.72,19.7242,19.7242,0
363.91,4366.92,19.7215,19.7215,0
364.01,4368.12,19.7188,19.7188,0
364.11,4369.32,19.7161,19.7161,0
364.21,4370.52,19.7133,19.7133,0
364.31,4371.72,19.7106,19.7106,0
364.41,4372.92,19.7079,19.7079,0
364.51,4374.12,19.7052,19.7052,0
364.61,4375.32,19.7025,19.7025,0
364.71,4376.52,19.6998,19.6998,0
364.81,4377.72,19.6971,19.6971,0
364.91,4378.92,19.6944,19.6944,0
365.01,4380.12,19.6917,19.6917,0
365.11,4381.32,19.689,19.689,0
365.21,4382.52,19.6863,19.6863,0
365.31,4383.72,19.6836,19.6836,0
365.41,4384.92,19.6809,19.6809,0
365.51,4386.12,19.6782,19.6782,0
365.61,4387.32,19.6755,19.6755,0
365.71,4388.52,19.6729,19.6729,0
365.81,4389.72,19.6702,19.6702,0
365.91,4390.92,19.6675,19.6675,0
366.01,4392.12,19.6648,19.6648,0
366.11,4393.32,19.6621,19.6621,0
366.21,4394.52,19.6594,19.6594,0
366.31,4395.72,19.6568,19.6568,0
366.41,4396.92,19.6541,19.6541,0
366.51,4398.12,19.6514,19.6514,0
366.61,4399.32,19.6487,19.6487,0
366.71,4400.52,19.646,19.646,0
366.81,4401.72,19.6434,19.6434,0
366.91,4402.92,19.6407,19.6407,0
367.01,4404.12,19.638,19.638,0
367.11,4405.32,19.6354,19.6354,0
367.21,4406.52,19.6327,19.6327,0
367.31,4407.72,19.63,19.63,0
367.41,4408.92,19.6274,19.6274,0
367.51,4410.12,19.6247,19.6247,0
367.61,4411.32,19.6221,19.6221,0
367.71,4412.52,19.6194,19.6194,0
367.81,4413.72,19.6167,19.6167,0
367.91,4414.92,19.6141,19.6141,0
368.01,4416.12,19.6114,19.6114,0
368.11,4417.32,19.6088,19.6088,0
368.21,4418.52,19.6061,19.6061,0
368.31,4419.72,19.6035,19.6035,0
368.41,4420.92,19.6008,19.6008,0
368.51,4422.12,19.5982,19.5982,0
368.61,4423.32,19.5955,19.5955,0
368.71,4424.52,19.5929,19.5929,0
368.81,4425.72,19.5902,19.5902,0
368.91,4426.92,19.5876,19.5876,0
369.01,4428.12,19.585,19.585,0
369.11,4429.32,19.5823,19.5823,0
369.21,4430.52,19.5797,19.5797,0
369.31,4431.72,19.577,19.577,0
369.41,4432.92,19.5744,19.5744,0
369.51,4434.12,19.5718,19.5718,0
369.61,4435.32,19.5692,19.5692,0
369.71,4436.52,19.5665,19.5665,0
369.81,4437.72,19.5639,19.5639,0
369.91,4438.92,19.5613,19.5613,0
370.01,4440.12,19.5586,19.5586,0
370.11,4441.32,19.556,19.556,0
370.21,4442.52,19.5534,19.5534,0
370.31,4443.72,19.5508,19.5508,0
370.41,4444.92,19.5482,19.5482,0
370.51,4446.12,19.5455,19.5455,0
370.61,4447.32,19.5429,19.5429,0
370.71,4448.52,19.5403,19.5403,0
370.81,4449.72,19.5377,19.5377,0
370.91,4450.92,19.5351,19.5351,0
371.01,4452.12,19.5325,19.5325,0
371.11,4453.32,19.5299,19.5299,0
371.21,4454.52,19.5273,19.5273,0
371.31,4455.72,19.5246,19.5246,0
371.41,4456.92,19.522,19.522,0
371.51,4458.12,19.5194,19.5194,0
371.61,4459.32,19.5168,19.5168,0
371.71,4460.52,19.5142,19.5142,0
371.81,4461.72,19.5116,19.5116,0
371.91,4462.92,19.509,19.509,0
372.01,4464.12,19.5064,19.5064,0
372.11,4465.32,19.5038,19.5038,0
372.21,4466.52,19.5012,19.5012,0
372.31,4467.72,19.4987,19.4987,0
372.41,4468.92,19.4961,19.4961,0
372.51,4470.12,19.4935,19.4935,0
372.61,4471.32,19.4909,19.4909,0
372.71,4472.52,19.4883,19.4883,0
372.81,4473.72,19.4857,19.4857,0
372.91,4474.92,19.4831,19.4831,0
373.01,4476.12,19.4806,19.4806,0
373.11,4477.32,19.478,19.478,0
373.21,4478.52,19.4754,19.4754,0
373.31,4479.72,19.4728,19.4728,0
373.41,4480.92,19.4702,19.4702,0
373.51,4482.12,19.4677,19.4677,0
373.61,4483.32,19.4651,19.4651,0
373.71,4484.52,19.4625,19.4625,0
373.81,4485.72,19.4599,19.4599,0
373.91,4486.92,19.4574,19.4574,0
374.01,4488.12,19.4548,19.4548,0
374.11,4489.32,19.4522,19.4522,0
374.21,4490.52,19.4497,19.4497,0
374.31,4491.72,19.4471,19.4471,0
374.41,4492.92,19.4445,19.4445,0
374.51,4494.12,19.442,19.442,0
374.61,4495.32,19.4394,19.4394,0
374.71,4496.52,19.4369,19.4369,0
374.81,4497.72,19.4343,19.4343,0
374.91,4498.92,19.4318,19.4318,0
375.01,4500.12,19.4292,19.4292,0
375.11,4501.32,19.4266,19.4266,0
375.21,4502.52,19.4241,19.4241,0
375.31,4503.72,19.4215,19.4215,0
375.41,4504.92,19.419,19.419,0
375.51,4506.12,19.4164,19.4164,0
375.61,4507.32,19.4139,19.4139,0
375.71,4508.52,19.4114,19.4114,0
375.81,4509.72,19.4088,19.4088,0
375.91,4510.92,19.4063,19.4063,0
376.01,4512.12,19.4037,19.4037,0
376.11,4513.32,19.4012,19.4012,0
376.21,4514.52,19.3987,19.3987,0
376.31,4515.72,19.3961,19.3961,0
376.41,4516.92,19.3936,19.3936,0
376.51,4518.12,19.391,19.391,0
376.61,4519.32,19.3885,19.3885,0
376.71,4520.52,19.386,19.386,0
376.81,4521.72,19.3835,19.3835,0
376.91,4522.92,19.3809,19.3809,0
377.01,4524.12,19.3784,19.3784,0
377.11,4525.32,19.3759,19.3759,0
377.21,4526.52,19.3734,19.3734,0
377.31,4527.72,19.3708,19.3708,0
377.41,4528.92,19.3683,19.3683,0
377.51,4530.12,19.3658,19.3658,0
377.61,4531.32,19.3633,19.3633,0
377.71,4532.52,19.3608,19.3608,0
377.81,4533.72,19.3582,19.3582,0
377.91,4534.92,19.3557,19.3557,0
378.01,4536.12,19.3532,19.3532,0
378.11,4537.32,19.3507,19.3507,0
378.21,4538.52,19.3482,19.3482,0
378.31,4539.72,19.3457,19.3457,0
378.41,4540.92,19.3432,19.3432,0
378.51,4542.12,19.3407,19.3407,0
378.61,4543.32,19.3382,19.3382,0
378.71,4544.52,19.3357,19.3357,0
378.81,4545.72,19.3332,19.3332,0
378.91,4546.92,19.3307,19.3307,0
379.01,4548.12,19.3282,19.3282,0
379.11,4549.32,19.3257,19.3257,0
379.21,4550.52,19.3232,19.3232,0
379.31,4551.72,19.3207,19.3207,0
379.41,4552.92,19.3182,19.3182,0
379.51,4554.12,19.3157,19.3157,0
379.61,4555.32,19.3132,19.3132,0
379.71,4556.52,19.3107,19.3107,0
379.81,4557.72,19.3082,19.3082,0
379.91,4558.92,19.3057,19.3057,0
380.01,4560.12,19.3032,19.3032,0
380.11,4561.32,19.3007,19.3007,0
380.21,4562.52,19.2983,19.2983,0
380.31,4563.72,19.2958,19.2958,0
380.41,4564.92,19.2933,19.2933,0
380.51,4566.12,19.2908,19.2908,0
380.61,4567.32,19.2883,19.2883,0
380.71,4568.52,19.2859,19.2859,0
380.81,4569.72,19.2834,19.2834,0
380.91,4570.92,19.2809,19.2809,0
381.01,4572.12,19.2784,19.2784,0
381.11,4573.32,19.276,19.276,0
381.21,4574.52,19.2735,19.2735,0
381.31,4575.72,19.271,19.271,0
381.41,4576.92,19.2686,19.2686,0
381.51,4578.12,19.2661,19.2661,0
381.61,4579.32,19.2636,19.2636,0
381.71,4580.52,19.2612,19.2612,0
381.81,4581.72,19.2587,19.2587,0
381.91,4582.92,19.2563,19.2563,0
382.01,4584.12,19.2538,19.2538,0
382.11,4585.32,19.2513,19.2513,0
382.21,4586.52,19.2489,19.2489,0
382.31,4587.72,19.2464,19.2464,0
382.41,4588.92,19.244,19.244,0
382.51,4590.12,19.2415,19.2415,0
382.61,4591.32,19.2391,19.2391,0
382.71,4592.52,19.2366,19.2366,0
382.81,4593.72,19.2342,19.2342,0
382.91,4594.92,19.2317,19.2317,0
383.01,4596.12,19.2293,19.2293,0
383.11,4597.32,19.2268,19.2268,0
383.21,4598.52,19.2244,19.2244,0
383.31,4599.72,19.2219,19.2219,0
383.41,4600.92,19.2195,19.2195,0
383.51,4602.12,19.2171,19.2171,0
383.61,4603.32,19.2146,19.2146,0
383.71,4604.52,19.2122,19.2122,0
383.81,4605.72,19.2097,19.2097,0
383.91,4606.92,19.2073,19.2073,0
384.01,4608.12,19.2049,19.2049,0
384.11,4609.32,19.2024,19.2024,0
384.21,4610.52,19.2,19.2,0
384.31,4611.72,19.1976,19.1976,0
384.41,4612.92,19.1952,19.1952,0
384.51,4614.12,19.1927,19.1927,0
384.61,4615.32,19.1903,19.1903,0
384.71,4616.52,19.1879,19.1879,0
384.81,4617.72,19.1855,19.1855,0
384.91,4618.92,19.183,19.183,0
385.01,4620.12,19.1806,19.1806,0
385.11,4621.32,19.1782,19.1782,0
385.21,4622.52,19.1758,19.1758,0
385.31,4623.72,19.1734,19.1734,0
385.41,4624.92,19.1709,19.1709,0
385.51,4626.12,19.1685,19.1685,0
385.61,4627.32,19.1661,19.1661,0
385.71,4628.52,19.1637,19.1637,0
385.81,4629.72,19.1613,19.1613,0
385.91,4630.92,19.1589,19.1589,0
386.01,4632.12,19.1565,19.1565,0
386.11,4633.32,19.1541,19.1541,0
386.21,4634.52,19.1517,19.1517,0
386.31,4635.72,19.1493,19.1493,0
386.41,4636.92,19.1469,19.1469,0
386.51,4638.12,19.1445,19.1445,0
386.61,4639.32,19.1421,19.1421,0
386.71,4640.52,19.1397,19.1397,0
386.81,4641.72,19.1373,19.1373,0
386.91,4642.92,19.1349,19.1349,0
387.01,4644.12,19.1325,19.1325,0
387.11,4645.32,19.1301,19.1301,0
387.21,4646.52,19.1277,19.1277,0
387.31,4647.72,19.1253,19.1253,0
387.41,4648.92,19.1229,19.1229,0
387.51,4650.12,19.1205,19.1205,0
387.61,4651.32,19.1181,19.1181,0
387.71,4652.52,19.1157,19.1157,0
387.81,4653.72,19.1134,19.1134,0
387.91,4654.92,19.111,19.111,0
388.01,4656.12,19.1086,19.1086,0
388.11,4657.32,19.1062,19.1062,0
388.21,4658.52,19.1038,19.1038,0
388.31,4659.72,19.1015,19.1015,0
388.41,4660.92,19.0991,19.0991,0
388.51,4662.12,19.0967,19.0967,0
388.61,4663.32,19.0943,19.0943,0
388.71,4664.52,19.092,19.092,0
388.81,4665.72,19.0896,19.0896,0
388.91,4666.92,19.0872,19.0872,0
389.01,4668.12,19.0848,19.0848,0
389.11,4669.32,19.0825,19.0825,0
389.21,4670.52,19.0801,19.0801,0
389.31,4671.72,19.0777,19.0777,0
389.41,4672.92,19.0754,19.0754,0
389.51,4674.12,19.073,19.073,0
389.61,4675.32,19.0707,19.0707,0
389.71,4676.52,19.0683,19.0683,0
389.81,4677.72,19.0659,19.0659,0
389.91,4678.92,19.0636,19.0636,0
390.01,4680.12,19.0612,19.0612,0
390.11,4681.32,19.0589,19.0589,0
390.21,4682.52,19.0565,19.0565,0
390.31,4683.72,19.0542,19.0542,0
390.41,4684.92,19.0518,19.0518,0
390.51,4686.12,19.0495,19.0495,0
390.61,4687.32,19.0471,19.0471,0
390.71,4688.52,19.0448,19.0448,0
390.81,4689.72,19.0424,19.0424,0
390.91,4690.92,19.0401,19.0401,0
391.01,4692.12,19.0377,19.0377,0
391.11,4693.32,19.0354,19.0354,0
391.21,4694.52,19.033,19.033,0
391.31,4695.72,19.0307,19.0307,0
391.41,4696.92,19.0283,19.0283,0
391.51,4698.12,19.026,19.026,0
391.61,4699.32,19.0237,19.0237,0
391.71,4700.52,19.0213,19.0213,0
391.81,4701.72,19.019,19.019,0
391.91,4702.92,19.0167,19.0167,0
392.01,4704.12,19.0143,19.0143,0
392.11,4705.32,19.012,19.012,0
392.21,4706.52,19.0097,19.0097,0
392.31,4707.72,19.0073,19.0073,0
392.41,4708.92,19.005,19.005,0
392.51,4710.12,19.0027,19.0027,0
392.61,4711.32,19.0004,19.0004,0
392.71,4712.52,18.998,18.998,0
392.81,4713.72,18.9957,18.9957,0
392.91,4714.92,18.9934,18.9934,0
393.01,4716.12,18.9911,18.9911,0
393.11,4717.32,18.9888,18.9888,0
393.21,4718.52,18.9864,18.9864,0
393.31,4719.72,18.9841,18.9841,0
393.41,4720.92,18.9818,18.9818,0
393.51,4722.12,18.9795,18.9795,0
393.61,4723.32,18.9772,18.9772,0
393.71,4724.52,18.9749,18.9749,0
393.81,4725.72,18.9726,18.9726,0
393.91,4726.92,18.9702,18.9702,0
394.01,4728.12,18.9679,18.9679,0
394.11,4729.32,18.9656,18.9656,0
394.21,4730.52,18.9633,18.9633,0
394.31,4731.72,18.961,18.961,0
394.41,4732.92,18.9587,18.9587,0
394.51,4734.12,18.9564,18.9564,0
394.61,4735.32,18.9541,18.9541,0
394.71,4736.52,18.9518,18.9518,0
394.81,4737.72,18.9495,18.9495,0
394.91,4738.92,18.9472,18.9472,0
395.01,4740.12,18.9449,18.9449,0
395.11,4741.32,18.9426,18.9426,0
395.21,4742.52,18.9403,18.9403,0
395.31,4743.72,18.938,18.938,0
395.41,4744.92,18.9357,18.9357,0
395.51,4746.12,18.9335,18.9335,0
395.61,4747.32,18.9312,18.9312,0
395.71,4748.52,18.9289,18.9289,0
395.81,4749.72,18.9266,18.9266,0
395.91,4750.92,18.9243,18.9243,0
396.01,4752.12,18.922,18.922,0
396.11,4753.32,18.9197,18.9197,0
396.21,4754.52,18.9175,18.9175,0
396.31,4755.72,18.9152,18.9152,0
396.41,4756.92,18.9129,18.9129,0
396.51,4758.12,18.9106,18.9106,0
396.61,4759.32,18.9083,18.9083,0
396.71,4760.52,18.9061,18.9061,0
396.81,4761.72,18.9038,18.9038,0
396.91,4762.92,18.9015,18.9015,0
397.01,4764.12,18.8992,18.8992,0
397.11,4765.32,18.897,18.897,0
397.21,4766.52,18.8947,18.8947,0
397.31,4767.72,18.8924,18.8924,0
397.41,4768.92,18.8902,18.8902,0
397.51,4770.12,18.8879,18.8879,0
397.61,4771.32,18.8856,18.8856,0
397.71,4772.52,18.8834,18.8834,0
397.81,4773.72,18.8811,18.8811,0
397.91,4774.92,18.8788,18.8788,0
398.01,4776.12,18.8766,18.8766,0
398.11,4777.32,18.8743,18.8743,0
398.21,4778.52,18.8721,18.8721,0
398.31,4779.72,18.8698,18.8698,0
398.41,4780.92,18.8676,18.8676,0
398.51,4782.12,18.8653,18.8653,0
398.61,4783.32,18.863,18.863,0
398.71,4784.52,18.8608,18.8608,0
398.81,4785.72,18.8585,18.8585,0
398.91,4786.92,18.8563,18.8563,0
399.01,4788.12,18.854,18.854,0
399.11,4789.32,18.8518,18.8518,0
399.21,4790.52,18.8495,18.8495,0
399.31,4791.72,18.8473,18.8473,0
399.41,4792.92,18.8451,18.8451,0
399.51,4794.12,18.8428,18.8428,0
399.61,4795.32,18.8406,18.8406,0
399.71,4796.52,18.8383,18.8383,0
399.81,4797.72,18.8361,18.8361,0
399.91,4798.92,18.8338,18.8338,0
400.01,4800.12,18.8316,18.8316,0
