depth_mm,evaluated_voxels,voxel_difference_noise_RMS_pp,observed_voxel_difference_RMS_percent,central_peak_TOPAS_SE_percent,central_peak_GPU_SE_percent,central_peak_ratio_SE_pp,central_peak_CI95_half_width_pp,adjacent_valleys_TOPAS_SE_percent,adjacent_valleys_GPU_SE_percent,adjacent_valleys_ratio_SE_pp,adjacent_valleys_CI95_half_width_pp,inner_field_peaks_TOPAS_SE_percent,inner_field_peaks_GPU_SE_percent,inner_field_peaks_ratio_SE_pp,inner_field_peaks_CI95_half_width_pp,inner_field_valleys_TOPAS_SE_percent,inner_field_valleys_GPU_SE_percent,inner_field_valleys_ratio_SE_pp,inner_field_valleys_CI95_half_width_pp
0.125,386,4.831152778363581,5.553632204277881,0.19038517190448656,0.2248924679582557,0.3099140760501562,0.7633682332447415,0.5000676596840087,1.020181262773741,1.1104785441095752,2.9846170019177087,0.10433555260296579,0.19808620518805686,0.23484494966233932,0.6222977057632876,0.5763297129065463,0.6367371158494923,0.8260114570034094,2.026022808489019
0.375,386,4.952797477844981,5.139854609054194,0.24844775085163381,0.12741953696602631,0.287118046084213,0.7648187914553892,0.6664854181631831,1.412476513318082,1.534694491647689,4.155822649701826,0.09704528237648762,0.23845350506212826,0.2638848121875807,0.7350531253804932,0.3888220166175123,0.8000550917024075,0.8745742518328645,2.354556261096406
0.625,385,4.8904731835181785,5.202363862428184,0.20951244425199664,0.23240280410501052,0.3192374330008059,0.7831716108945397,1.1920684483784516,1.7560938326369395,2.108644089334135,5.334962383024965,0.11166906000510289,0.21738788760126476,0.2486489943816842,0.6621361624842186,0.43467548026651304,0.8932612797543729,0.9811853104528176,2.6409114726299086
0.875,386,4.927048505110246,5.137473040481969,0.2734339478549176,0.28277938394786717,0.3992561423951995,0.9772119114442286,0.6952738805605281,1.7298737470177177,1.8673713201549562,5.21349946943217,0.09567144536338922,0.215432031660723,0.23885540334494948,0.6544772361095623,0.21877765133069377,0.9871705019174528,1.0027732315966753,3.036041242763445
1.125,386,4.938009398641273,5.078726684144393,0.3404015225967968,0.3100850647921303,0.46639645131466695,1.1436284123307754,1.072677242332646,1.9892850706527676,2.258169230017955,5.956271256249504,0.11993617183231874,0.19726080592826198,0.23364446418188645,0.6023807473286436,0.47892704321299084,1.0494114474878524,1.1432555013422816,3.116082750658713
1.375,386,5.021251975580861,5.2202703189625295,0.32534817114857056,0.2879080671779609,0.43939992562528635,1.0790415524343466,0.9662759888678386,1.6548829101838494,1.900024863970166,4.935503712432302,0.09697246271989608,0.17997913250160316,0.2067404057113426,0.5453947482734902,0.5453862509891014,1.0417705665306465,1.167537301458545,3.097478403619816
1.625,386,5.048499171322172,4.91653148107443,0.28949905382328767,0.2634822025611982,0.3963908968588732,0.9720099194279987,0.6899919110930062,1.3859684449165661,1.5314343010119211,4.103421524217438,0.0739505081880064,0.20402534063218258,0.21949118200271434,0.6240092550406348,0.485380388264946,1.1751240150316065,1.2619840446492268,3.5056669348407024
1.875,385,4.920042342129161,5.034581932636622,0.2520347221750042,0.26706726959822785,0.3718195281252635,0.9105486697349489,0.7332391233145128,1.0574251466758895,1.269464727745628,3.2012102210721367,0.06224402745413319,0.21848747372876665,0.22982276741336646,0.6771668984064453,0.4530208830420577,1.2534213398460252,1.315855458216675,3.742738989665279
2.125,386,4.884357744045561,5.076913257212377,0.3036784346434877,0.3309315024189466,0.45480259880677804,1.1148475709457863,0.535349309153931,0.6668202941843027,0.8499702540204601,2.103582520737899,0.08014781506152971,0.2570863476661272,0.272305279671889,0.792571164872285,0.16771942216478414,1.073870201257733,1.0798475582390787,3.3479184336744434
2.375,385,4.894605374256389,4.998451174470194,0.38633744259420516,0.2480903042744873,0.4642630473077631,1.1854261765535352,0.9521722475508692,0.9078831535905847,1.3061982682753277,3.19790783152508,0.09526700809702414,0.25538543494669214,0.2756790801874005,0.7799239297345406,0.30236453288491105,1.0409865548675978,1.0752896162136958,3.1603448707114428
2.625,385,4.923456359682967,5.170467505410227,0.3779598109789824,0.2563295257215059,0.46096640569710295,1.1664355276088547,1.070825244628892,0.7948552274621226,1.3283351920314181,3.317510122433628,0.10136472925964025,0.23006162505550884,0.2540314107616822,0.6971177507313376,0.37576175621246,0.9407309843716318,1.0077003673129645,2.8165693059098382
2.875,385,4.96120054186579,5.00975245989957,0.3965250794226939,0.18174130905193067,0.43990085347821106,1.198005015519219,0.8709046479830584,0.700082395179315,1.1176141968312592,2.7656198955760467,0.08450978233784256,0.24012048036119063,0.25720159229310496,0.7347945680826794,0.5784121369068941,1.0500833676337176,1.1941299002396306,3.136672158913536
3.125,386,5.070407377634293,4.96557597669905,0.3757109619147951,0.19520656606768128,0.4276445884556959,1.1362366470263483,1.0800531053797044,1.1863624862308626,1.5987453815159651,3.920313087838554,0.10038061694705532,0.23288952221968617,0.2565070791097129,0.7068715073293708,0.5294233129268289,1.2979249737187781,1.3878078295266427,3.8641396720948435
3.375,385,4.95559492196479,5.022064162551882,0.32146953163269215,0.13450455712281884,0.35206650439634696,0.9756598032508849,1.0801914312497976,0.9331725465260177,1.411462106100594,3.4714677127748423,0.10107978952536505,0.2469018723547546,0.2699592696724653,0.7511544216538901,0.44463145018254424,1.0652144689335528,1.1422261758113772,3.1667885113699326
3.625,385,4.996288636749171,5.181207508413553,0.29963035484706246,0.24075176100515852,0.3877947569694353,0.959670296702903,1.1688276264960737,1.3282253492377643,1.7501822060731593,4.299380931678544,0.10211901295699892,0.24686176822590794,0.270240015677235,0.7504900928201194,0.4931422599131928,0.9388147092093199,1.0454072637662093,2.771632792946987
3.875,385,5.093781745734663,4.8318212458997545,0.26693268494336037,0.13151748758461604,0.30040824674807,0.8065848125901185,1.4865912372116086,0.7825247714315962,1.6530710509421211,4.380885404134673,0.08521990324956942,0.23684883978822138,0.25449596119599094,0.7244169746760516,0.703433045928786,0.863703296806644,1.096721541276135,2.7104619361612032
4.125,385,5.090451998133522,4.895352792023158,0.3347969388339878,0.11683007360882053,0.35868893183946865,1.0261559265774947,1.2559081472102955,0.802508870859266,1.462791520957885,3.7382067706981914,0.09533557041332706,0.26436223544448556,0.2840312183192323,0.8081818540801815,0.46387571086800616,1.084794439169032,1.1580155991695273,3.1960155404732546
4.375,385,5.047947521920792,4.964682840405581,0.3468283399994164,0.15064821116037722,0.3819728744681977,1.0510807826932733,0.683982273829257,0.7431300325434235,0.9916474569540118,2.4305071751892657,0.08159873293223323,0.30248957928134157,0.31672261248881023,0.9395411959615179,0.21074213161739985,1.0875600691448277,1.089283978401874,3.333714738457369
4.625,385,4.966765532486484,4.858116610978657,0.4146824256858759,0.1109474597291315,0.43339961475024474,1.286912312903707,0.48481327755699993,0.6877468610065522,0.8261735718018346,2.078231899300864,0.07229878818548144,0.26483895610908315,0.2775922414483243,0.8222832918414269,0.17424102354948048,0.8060040586902444,0.8095363225186744,2.456327961690223
4.875,386,5.03414595676145,5.14169200646891,0.3866402990869308,0.165727616796058,0.4241321239250623,1.1700379111781045,1.0533628720582002,0.9413841314940304,1.3898833010041365,3.411275243164518,0.06450651125045889,0.2651403540135868,0.2757073878067854,0.8273019754277207,0.37598780690141625,0.6352876417250117,0.724061629089933,1.8760685434680195
5.125,385,4.964326479113039,5.2658455826479,0.3021328046503652,0.2637280105415575,0.40509420341046887,0.9956330121320207,0.7220844730197492,0.7579012691582764,1.033994304859683,2.531528716475948,0.05697098043477615,0.2604977030292103,0.26959690020764604,0.8172006170422443,0.14814444058696963,0.6002795163503163,0.6067019162555312,1.8177981060084565
5.375,386,4.8949958215607845,5.341050118881187,0.3136087981986907,0.17895197388971407,0.3647509070262533,0.9516148288609102,0.6590102961716002,0.9972646354534145,1.189919537533784,3.0236577664356616,0.011788131346449111,0.2836170440077506,0.28705939363978156,0.9117742094720169,0.3577527884128154,0.6041144517957705,0.6941575470683191,1.7983851247687839
5.625,386,4.837935778499879,5.4024042809055635,0.2316485772939233,0.15660956918897648,0.28219494522525074,0.7144262170354395,0.5774478558520271,1.065598069941524,1.2183152295192443,3.210392853609031,0.02712062861501182,0.2890998577708994,0.29338052802057907,0.9245987235184195,0.31156073250061134,0.4233033601826049,0.5219532755807267,1.3050326009193671
5.875,384,4.829491991546003,5.365959943882896,0.1890678637525715,0.25742288322652374,0.32222619042906353,0.8058860578978662,0.7757902564202607,1.4711421830584337,1.6766659779147348,4.4418404102558595,0.07056846318283937,0.30103111615481065,0.3125857102461918,0.941455006214929,0.5021826352514339,0.6996710575811698,0.8611127475686579,2.160490389654512
6.125,384,4.913223251646487,5.092960463024526,0.2081246923012192,0.17695837592352548,0.27526545356140003,0.6777953102489082,0.97235197362923,1.5947954691696118,1.8597768320083783,4.792436973876969,0.07311768642548747,0.28362799481579093,0.2961576858826786,0.8831562326674761,0.6495445761257806,0.820982147698035,1.0385996100140575,2.5743194258648305
6.375,384,5.002724712645991,5.044391718088075,0.30532209885915174,0.14719253315188055,0.34213936870890144,0.9225839838197031,0.5904138770672492,0.7183162579816894,0.9161034719688379,2.262151435233526,0.03241624098917087,0.2933291554107016,0.2982316405511144,0.9364334467987443,0.5906019558042317,0.6849959176739774,0.8932437243606184,2.1972191124073417
6.625,384,5.001378956053714,4.963565179625282,0.20046981337292297,0.15170198524077655,0.2540055918081344,0.6328261390608798,0.7135097343133189,0.6451725207500193,0.9601705529308456,2.3551985095000445,0.08005733400412413,0.2831239717771232,0.2976270105180213,0.8777880864236439,0.6212550176945283,0.5453204607981708,0.818048493603426,2.0098749902278352
6.875,384,4.914072978178656,5.032001735850509,0.20537194201796735,0.13754112011990646,0.24952636312142445,0.6326771212976716,0.5620349822766258,1.1735676187211779,1.3117286388512375,3.541704893757027,0.09195637972031276,0.24243457292903833,0.2621217019852162,0.739426489230351,0.37683558043125015,0.7010933626519585,0.7946799276957233,2.0974096661853934
7.125,385,4.903573522392282,4.73611809838684,0.2404311158625574,0.20391507117385937,0.3190161080023755,0.7856753447304881,0.6477687214886856,1.1333966074804736,1.302507468950295,3.397140069011281,0.09480951972912803,0.2436753764627978,0.2642497398292485,0.7420890695865962,0.4163077379167993,0.7138420420817857,0.82065956219082,2.1322268057003786
7.375,383,4.9163426623978905,4.82648948151408,0.2864247163546245,0.18199664535689014,0.3438470830193603,0.8795673044527148,0.6879254040037754,1.1885152721752386,1.3633750691919087,3.547350198578503,0.08991925240100278,0.21714973565538334,0.23764670018905634,0.6598499973291257,0.30656020185788846,0.5756527605363946,0.6470672098575042,1.7109139967961102
7.625,383,4.936947006270435,5.151463732618782,0.3200115865946206,0.2121719726243778,0.38887299500803063,0.9876103134251542,0.8598385576511735,0.8640223489165442,1.2051931501639679,2.9490182444877657,0.06776320242761479,0.20466738349625418,0.21787711501973744,0.6285084589769793,0.62307250988602,0.5021726132766394,0.7912578963610174,1.95751665919647
7.875,384,4.926897556706971,5.198569990746068,0.31579672650370205,0.20213019994438503,0.37964555411480555,0.9699133423419298,0.9176292901422415,0.8187805081869562,1.2047400266120805,2.9571203111830755,0.08296409282310836,0.20193253059964988,0.22061705488379516,0.6134579016978265,0.16951694945130721,0.7818537277838917,0.7939184824360361,2.408331705651042
8.125,384,5.008343542755729,5.062906088859728,0.3286152332175812,0.10700773317255755,0.3494936258131237,1.0107352568664758,1.6255699551373564,0.8188460067965561,1.7801859068367665,4.758877330783364,0.059339461370667715,0.178370368950232,0.1898379682586019,0.5472212815978305,0.2975175361968121,0.7093826329830346,0.7638821983666062,2.1159550485588796
8.375,384,4.875038475607461,5.013103667439549,0.24005551013239804,0.027668970465261903,0.24413673936447214,0.7657006525452074,1.336988575238469,0.946227878429977,1.6161224339142146,4.062976662515439,0.06489540794911929,0.20789083852107787,0.219915955235166,0.6399671076840981,0.47507225866239,0.8345388578788215,0.9540770119139212,2.490267140066924
8.625,384,4.918890417960047,4.969815066526577,0.189461243781146,0.13636653329440832,0.23585736345385727,0.5915201099096952,1.12430081680598,1.639514793357852,1.9543674445406265,4.936764227205693,0.05839778263334648,0.21087949437179135,0.22112665685150842,0.653874667600673,0.4424528375512359,0.806771329160291,0.9140248862357101,2.402946296484841
8.875,384,4.89465190777881,4.796941778302406,0.2138487583869533,0.188172120276672,0.2879508078448066,0.7073637463075233,0.7392699226057414,1.2274224096202073,1.4130371518523284,3.649382419281161,0.08226605192653325,0.21681202388406196,0.23455021652456906,0.6616093857593731,0.6380229295176423,0.828757963162146,1.0434105166701824,2.5941648303981664
9.125,384,4.907206574231422,4.924860571015815,0.2806465476571722,0.19276693138092857,0.34431139642284064,0.8695170379097874,0.9562386495607724,1.174451254944279,1.5023740681487499,3.7131034673955012,0.07650227755255772,0.20574888458530757,0.22183638443495657,0.6279481117862858,0.5127689127622245,0.7767669040902333,0.934190568344784,2.374242040606458
9.375,384,4.975756896211245,4.806236778965895,0.2656023687203622,0.18647440305927007,0.32801036229461045,0.8256013690851727,1.3256821934036886,1.4208646507966454,1.9288068926204975,4.725108660075286,0.07445971725251932,0.1701906120609282,0.1877491845674487,0.515920222380445,0.617608302212252,1.0751940818600219,1.2499766310667548,3.2570055465547765
9.625,384,4.932535945217729,4.5553778233135835,0.39176497848178515,0.09715829011662204,0.4086467397163774,1.2237547725349136,1.69725430159811,1.4666364150909459,2.2374188540011315,5.502794542440332,0.07774801614649966,0.22171454461730042,0.23742214540142195,0.6786905006827588,0.6638034886725843,0.9293229651463916,1.146162735681681,2.877643710410124
9.875,385,4.834714860557058,4.646995274845841,0.3708310817776054,0.1332718746956017,0.3985545227756012,1.1346975263632417,1.06242208903313,1.4300693720583129,1.7980820581656412,4.490201302959751,0.085581361589611,0.25182730002228176,0.26874944291281494,0.7721158257900516,0.24192044228021709,0.8290575960136761,0.8711906873717022,2.5589276064288358
10.125,384,4.75750433124282,4.920874661667311,0.33826271743301284,0.1860473191535524,0.39005664636886006,1.0248736431686256,1.1631166866346827,1.212408107032376,1.6850658337193372,4.124927985809955,0.09553781334900789,0.23333440519313484,0.2547775875992165,0.7088947533691817,0.3692012276440479,0.674040189126682,0.7753047567160256,2.03874699413591
10.375,384,4.752946643380446,4.8894675541589345,0.2621291482936319,0.2515954844452587,0.3677622866250176,0.900248559974475,1.3554100610546789,1.248584562394618,1.8364866964598738,4.501039425239671,0.12190432266019219,0.23781133844993657,0.27008289805204844,0.719511035819604,0.41980280334104814,0.7573732543557857,0.8654932039136592,2.2706680802328334
10.625,384,4.906170364797019,4.602619121586072,0.13526166612846305,0.17758418923699426,0.22528428831444722,0.5608232290546873,1.262324550216974,1.1555655724729037,1.7238062813733492,4.225957096499769,0.12484851082899423,0.21244476385503808,0.24893989007702508,0.6458630406579129,0.4381398395959752,0.7599601915321241,0.8795888341979989,2.2903048352390907
10.875,384,4.967576171965408,4.794791199094971,0.18303888677116792,0.2795952860725194,0.33674606725379297,0.8570255085714168,1.2296886468010229,1.4272090587550554,1.898642555412454,4.67054569891679,0.09410323969722918,0.22051764697169993,0.24218979556079792,0.6686813338874604,0.2763735451655547,1.0333869222863021,1.0675526657760575,3.170075339644662
11.125,384,4.965365911819568,4.911171015870022,0.19333815802272586,0.32643678959665184,0.3825680759089964,0.9911130538148649,1.144065923720369,1.4598164334985086,1.8927204341491082,4.696213467945471,0.10852827876693227,0.1965149440951008,0.2267349876108106,0.5952729999062337,0.3055317150847003,1.0711523211135674,1.1173128388077307,3.2916138254739655
11.375,384,4.959156561828429,4.765076254961314,0.17395170202831825,0.3381475535391158,0.38446863657296304,1.0235244341433054,1.297882520101824,1.179240173987692,1.7809761388731846,4.36755851093684,0.11995044903901457,0.19513175918879666,0.23136810826560428,0.5953268343230562,0.09322698033783408,1.0880757561574048,1.0983365200649724,3.4669589517296155
11.625,384,4.996317014352674,4.865062736260731,0.2764019097799776,0.2788846924061714,0.39723644000879976,0.9720213934837655,1.319270854312143,1.2415461110535717,1.8394099988944854,4.504890049950013,0.10140031331217206,0.19567249559113492,0.222534526519764,0.5915700022536543,0.22636251525881304,1.0161902485467915,1.0439233955144405,3.1591827192903006
11.875,384,4.936631146425663,4.9693823259761105,0.2696385703959391,0.2955039511171549,0.40502740651149094,0.9930743082378255,1.3745859200545338,1.2010303125347117,1.8550210714762194,4.5589504040632685,0.10486396534862179,0.1929696283951639,0.22183616081507093,0.584242581505797,0.12250940147314009,0.8115552213729298,0.8239115433379071,2.5585983414218654
12.125,384,4.995235726399906,4.989109985161461,0.20684976769099858,0.2821947148053561,0.35374346806790596,0.8849473221563474,1.324572625375957,1.2486202663816734,1.8381897554178424,4.501684061057627,0.11996723645179427,0.19361403697163596,0.23016548906739104,0.5913875860910738,0.08059832459763974,0.7723921053915178,0.7765897547792936,2.4419249363768274
12.375,384,5.045083245161847,4.979844703341046,0.293412350965312,0.2519029346884222,0.38996909474220637,0.9595445219511144,1.3820106283159006,1.2788699638556218,1.8767850967561759,4.599006093166282,0.08736333191259217,0.17618175700929642,0.19850818236297388,0.5323121357889343,0.026072884959481582,0.797244115551207,0.7938743009186575,2.5234142843976315
12.625,384,5.0488833089979135,4.760716441664686,0.3581112203800258,0.2911758136919276,0.4657168613569129,1.1511646975087957,1.1695814149872932,1.5308000309143295,1.916676824896972,4.769602720785596,0.10459820101302346,0.17532338864596486,0.20605273955415798,0.5330954384951501,0.2983659229189604,0.9328770472761649,0.9781861039803443,2.836513441924544
12.875,384,5.042450788214613,4.884190346899442,0.2377246954822603,0.2116402327111224,0.32116281042267486,0.7884144064033324,1.439310325270882,1.3803175413076134,1.993681671562097,4.880432794496816,0.08753396405901077,0.1993735481676479,0.21993936129484443,0.6039705787451016,0.12780847617094548,0.8124949212082708,0.8209921658375052,2.5444667706091746
13.125,384,5.015869079151893,4.88086949275997,0.2901165158278718,0.27896428878761553,0.4059837384721896,0.9937761671642532,1.6040645991384446,1.0957171930030924,1.9423402238073282,4.90936172661275,0.0710207864668127,0.15581712806174255,0.17297927867761734,0.471592988058009,0.15927230717409113,0.6522305881277363,0.6685067556229668,2.0051882138889945
13.375,384,5.001518449157956,5.057700926336038,0.3212145159154256,0.2735390324982846,0.4259166080937927,1.0486246036006612,1.683991291353537,1.213982591862097,2.0484274206614885,5.136228902123353,0.0773873882746943,0.1475510340292034,0.16836197366572633,0.446503539598595,0.3003502175943119,0.49283144544883434,0.5724014138718201,1.4751311074733275
13.625,383,4.980503151683449,5.050036100599255,0.2748660826477184,0.12568473221431778,0.3050489612292765,0.8311363051086815,1.3191708238631399,1.0795527077689744,1.7107861586085344,4.2261722695202995,0.06566887916356626,0.1589350342386021,0.17371905509206678,0.48254519241060545,0.17985506999743622,0.43272118609631854,0.46968835375513746,1.3032314468477972
13.875,383,4.918744566196884,4.957431410459162,0.35040304576667486,0.16478231778925198,0.39134463710775014,1.0604303587723691,1.562173862523708,1.2326497148195645,2.0000245647076897,4.958774740453502,0.04822755020093433,0.17102940295593427,0.17960942473096514,0.5299058446798096,0.2769905809104469,0.3983339572275651,0.4856016655913993,1.2240193656455245
14.125,383,4.878523615314512,5.239662716290915,0.2908558695081042,0.20260524021390816,0.35843003252150407,0.9032300729467612,1.5521360881702426,1.3229014915660005,2.041121379914882,5.025000760591306,0.08041215081131457,0.18839989458892462,0.2069943306123609,0.5714874863188857,0.7025180509901086,0.4191530668551081,0.8192604343884075,2.119546025686298
14.375,383,5.014406563129158,5.056755254132235,0.2507513670374809,0.3587569866014331,0.44106745644783085,1.1109076415222103,1.4849063627351924,1.0125201605885485,1.7980081284924403,4.545821121781442,0.088878515804149,0.1568091149102203,0.18204889202428967,0.47556698236997624,0.3680207126749721,0.5079602488960855,0.624484599794459,1.564742662774835
14.625,384,5.015576485379024,4.954509397362916,0.21994775104004607,0.37139366946957303,0.4333295223060986,1.1226360310626364,1.7530891929853873,1.17696998801396,2.1205265258712527,5.374483341754481,0.061454997922707026,0.14494205912276742,0.1588071910145158,0.4389970735906479,0.42829138510544057,0.7215170310928927,0.8388641737796887,2.172325205805199
14.875,383,4.885959249003253,4.870864684951398,0.2878010385736427,0.43167386501721716,0.520117321625219,1.3197274870917277,1.6409796587143581,1.2869744431267929,2.0932779678538225,5.193422736110993,0.051238919767007785,0.15556579227242973,0.16520708547205268,0.47695151513217354,0.3737454211980587,0.45216949391218497,0.5861030964341266,1.446547730655314
15.125,383,4.846610501517627,4.790306284695791,0.285077758750166,0.40156703166269153,0.4942431664679751,1.241984050763092,1.8869036538896988,1.4696521674549692,2.365877041849501,5.874261734973744,0.07056079386650288,0.14369874906166866,0.16154796932807836,0.43404037508870164,0.44277561703599705,0.8750642053174252,0.9762124159928748,2.6073471359150546
15.375,385,4.96871883850119,5.250697679639298,0.29431888562077185,0.3565877534558537,0.4636338595730819,1.1444300259960716,1.0944832724199471,0.9252670080745777,1.420578234725902,3.4994924359894495,0.06606649224666812,0.15582814677711923,0.1708096570037022,0.47218159060836346,0.32293786928379487,0.5232582705444678,0.6108976605169747,1.5707580147456655
15.625,385,5.026297958349226,5.1077269621702195,0.2281117050690175,0.3379275642641123,0.409400177881036,1.0367216415292697,1.228117796760845,0.9030880928237648,1.5199040025595643,3.8006634672692923,0.08108939503854184,0.14854977754864557,0.17090462675220985,0.4497112522572202,0.37082824121723623,0.43083316995623216,0.5684912064024648,1.3985548704524646
15.875,385,4.936642764293828,4.859162914393099,0.3104111401736306,0.3228815542961063,0.45061613780075876,1.1030323274051217,1.4938641331858045,1.120672342492771,1.8692405188781975,4.662068161349068,0.08419253178105163,0.18751111535972415,0.20747967821109084,0.5673012298454982,0.22070712281143878,0.6774031556067098,0.7112374716516996,2.056725457335184
16.125,385,4.8454827192697145,4.886823794231962,0.21723345704540453,0.4033923225306719,0.461110432776148,1.216564007358018,1.3997376407519926,1.4508033989600357,2.0250921376517796,4.956763302557768,0.0919592937949988,0.1834505031298593,0.2072624526720406,0.5545983091445827,0.5254965876860705,0.8757630282966941,1.0180828117456304,2.631164740260669
16.375,384,4.769675241039255,4.854984713250023,0.20437392697954998,0.4177750272089877,0.4670081691208646,1.255666427418117,1.3403165403064556,1.1844409838810814,1.786634902038424,4.38782309549707,0.12111698323761232,0.14443555937388358,0.1901218499072543,0.46865811549236513,0.5937138083410416,0.8736864486930611,1.0494798471521567,2.6547780799459404
16.625,385,4.801286171407623,4.82196242636287,0.2101326403107953,0.4296635625539925,0.48139649546652824,1.294422391522686,1.206432141202229,1.5564898753830647,1.9516746922347974,4.848508565139478,0.10383479446668842,0.18322474305273645,0.21246946156043262,0.5550510768140409,0.2524058784527111,1.0768393354587003,1.099431414618945,3.3113381086892795
16.875,383,4.839243711399293,4.9933588117396965,0.3260785380457663,0.40850120652705446,0.526659069556038,1.304187348971602,0.7623645949984331,1.4957384447947464,1.6949671220839444,4.520548321617196,0.058223833998827926,0.1818277203788072,0.192749296879385,0.5588301675294006,0.38806325244099366,1.1469484793113551,1.2070411315980616,3.4702360136607946
17.125,383,4.93304160872512,4.895057044986098,0.39167321867469695,0.4258956458801772,0.5812519106104443,1.4246835285456725,0.7994642362857808,1.6297502375650645,1.827409945311885,4.910774265168542,0.07583430342448862,0.1445745248474134,0.16485743760087582,0.43720024070544306,0.2093601726986716,1.0883427692493661,1.1080200746376718,3.3928225815607895
17.375,385,4.980110677356837,4.917039702602174,0.3921673950622929,0.40508289601895464,0.5665338963178144,1.3866111524233236,0.706281974924223,1.437159048884262,1.6139511471058174,4.335581917754942,0.07798364201455187,0.1547825308704407,0.17491291692724176,0.46756742191054806,0.2312781440329135,1.0230010477339728,1.0445586197558892,3.1568487703571195
17.625,385,4.942764145841709,4.83366367677935,0.3284635170937519,0.4762831576692408,0.5805862075397308,1.4652895941345443,0.9637723940641565,1.4091379779456275,1.714336103789151,4.332221337580138,0.07935929326804841,0.17297119172033246,0.19195426556762102,0.5226557149402596,0.23547750645449236,1.1663212323034247,1.1809486541359957,3.603241131379299
17.875,385,4.947541152405052,5.101691627014794,0.34691821602044537,0.43445751145377187,0.5577393824489959,1.381103385203648,1.1403866556608495,1.277797264133147,1.7243111823861794,4.232397097661717,0.10136749127779295,0.19389535022527637,0.220775620867972,0.5858776223857886,0.3730767923518355,1.2113226045156886,1.2626591267787841,3.68145879300546
18.125,385,4.961120034224208,4.910362465775928,0.3793812734232465,0.46734251483058875,0.6039889434240349,1.4931768102169731,0.79456999532891,0.8930045891206964,1.1967443274339062,2.937949503067623,0.08482291825903007,0.24558044041532012,0.262099263035136,0.7510685652395329,0.2595552596772662,1.1980694553808768,1.216008458568287,3.688979680890092
18.375,385,4.989012276691924,4.910283510721458,0.3536432584308388,0.3738283491249996,0.5168702730175686,1.2656792612988599,0.9792070414809834,1.4628858845463728,1.7624511528225177,4.469094789777915,0.08809047968639261,0.17740272466371676,0.19985995542982513,0.5357906787443946,0.40854917126782775,1.1433795960279622,1.2044869581319808,3.4325082114097825
18.625,384,4.854010800809762,4.861159434578046,0.38179857005509227,0.3896534172273039,0.5478661856945177,1.3407150021024112,0.824461143517179,1.379249188578709,1.6110867966931681,4.166673987364247,0.07134065676761117,0.16216885429044595,0.17887570901972216,0.4910200328949043,0.2856735239227144,1.2246607827345202,1.255642657784155,3.7835940703825064
18.875,384,4.892278107214106,4.809556181282873,0.31208067287666547,0.38276486412546207,0.4955048373027417,1.2244745896758533,1.2672093143777197,0.926547529002282,1.5852671195969121,3.967147487227377,0.06460336090561115,0.1898993025965121,0.20234736895398436,0.5812467249532718,0.3724141613415271,1.0642169751848225,1.1317456988450776,3.2362772074037087
19.125,384,4.816707642099674,5.093712654928454,0.4141887035938297,0.45970109723078484,0.6227992036224755,1.5279298226311788,0.9506395634597822,1.0434892556977238,1.425986070773231,3.4965782962303846,0.04318301140215891,0.19722964522594233,0.20380070806754394,0.6176984763786256,0.28008327815892575,1.150122583552516,1.1870327171185,3.5615214769063086
19.375,384,4.842032632333861,5.059831154704099,0.4379849770974009,0.45167474821748876,0.6333916735247147,1.5502093151326668,0.9672743880551575,1.612511873630908,1.9052178564241649,4.924189335224807,0.04377974182650096,0.20444713394489294,0.21116680058458928,0.6412489143766342,0.25747109119763384,1.2428043526469912,1.2799841281973028,3.8975193246650774
19.625,385,4.921808056871078,4.8945954653903,0.3387903460059945,0.4283390361771079,0.5498489554587366,1.362924333857193,0.6766676105913506,1.0070284680078567,1.2158176867311452,3.081069870186845,0.07603414868003273,0.20175845144400067,0.21776295842050822,0.6149867076450612,0.3283258381482578,1.1187911430199478,1.1634598928574036,3.4148237614311028
19.875,385,4.8592377198907,4.847785110271475,0.39410110493700473,0.32255235408056276,0.5128192093633456,1.2668089972733816,0.8350848741726187,1.4641362332578234,1.686983228624486,4.401630605794637,0.07336491930390518,0.1790849816585503,0.1953700283071885,0.5435450010818641,0.3842087817611503,1.245380170363398,1.295929537605591,3.777567734220228
20.125,384,4.817560257047916,4.801387605350728,0.2569503048127,0.3266927165176645,0.4193639265587401,1.0401159897430798,1.1606893158773492,1.5127089610918965,1.9148781428085546,4.762709201930609,0.10483005822101406,0.19830627287879202,0.22656732703995225,0.5999366881801338,0.3742976561245438,1.156827799780052,1.2104661507927945,3.5040355254888653
20.375,384,4.870809828229849,4.816595042008744,0.22959815805195416,0.2903870938002378,0.37286845823040893,0.9242729572137702,1.215653873013431,1.5258108998945334,1.9455800096830795,4.818859475228207,0.11341631724024455,0.18027842947723055,0.2150082685095501,0.5509535218275319,0.3379082036682675,1.0722543444582515,1.1164881489485754,3.2445849992168028
20.625,384,4.762700442143056,5.068982053431718,0.31934052083941783,0.25389127052356747,0.41051011996097186,1.0169847270656107,0.9724352630125681,1.1940669533568542,1.550163065458173,3.831129254816688,0.10634146052296452,0.186962502508491,0.21700106578422007,0.5664924685299404,0.16355387851194905,1.0194359452888186,1.0273809654630766,3.1809209096847626
20.875,385,4.802495239617302,4.921953268939355,0.23511855151807007,0.26370156124716165,0.35611190842713303,0.8741379067031358,0.8936313582868058,1.0997767109128564,1.4288461798403023,3.532060057727511,0.07340681723166426,0.19229967481496063,0.20776371332654878,0.5854319937028806,0.16157927804539346,0.7052632209649902,0.7217483163249768,2.1785595526887502
21.125,385,4.853162626272414,5.033302241378888,0.17269164250220373,0.2231524291807623,0.2840826421848321,0.7058693962449625,1.8001363792173368,1.424729307335478,2.312915110404814,5.7326815202775965,0.08548613677877445,0.17828272070967302,0.19950371003875234,0.5385360807607498,0.3976250198710958,0.9573919887129217,1.036819434675205,2.8772424869190747
21.375,384,4.810436074739471,5.100539205653113,0.2866636979637427,0.13478179100130108,0.318670171946436,0.8635364862061933,1.6368059902326753,1.1764692933940173,2.023381197279694,5.075548145572355,0.11512362879868518,0.1798393091233751,0.2152759894283479,0.5499719116596984,0.5737593444906023,0.6079891668986572,0.83275375997252,2.0393310553945634
21.625,384,4.865662943546413,4.772788383592338,0.27870009657808054,0.13094655951990408,0.3097594135650846,0.8395042740820561,1.397368503168769,1.0155706039730037,1.7410981546664768,4.360708606436286,0.07882181084129875,0.20159598583570176,0.21828380328347544,0.6124684583124201,0.33069773431802263,0.5317465552483636,0.6271267171102137,1.610280408969226
21.875,384,4.786980154503996,4.961779238367717,0.22924137648210438,0.19493261390208738,0.3029448472039452,0.7459454435173606,1.2093147834973221,1.1814724525598947,1.696374503780154,4.151424631965187,0.10664436571043728,0.1727318444479789,0.2049650653666913,0.526976761628497,0.416150265575416,0.6947444588773071,0.8095464231273565,2.092890615755114
22.125,384,4.917224314859067,4.963808707511853,0.24967848771130097,0.23471216083392699,0.34445847136718555,0.8436388150406987,0.7725597641177069,1.3449683792310616,1.5624986682911488,4.071340713633222,0.12428849963132992,0.19140706509556502,0.2303466810574487,0.5870417330826555,0.4774098485548134,0.7671410093453703,0.9000544962579604,2.3108056314049157
22.375,384,4.995100460476989,4.953455619238272,0.25862791371460225,0.2840651885260941,0.38616896887862484,0.9469291492613323,0.7666518335671398,1.5337126291163186,1.7286122496930214,4.6280388432350295,0.12933172112093477,0.1827861743230476,0.22595024637210528,0.5680655151458494,0.4682441057356535,0.5625027828453812,0.7322667430575384,1.8061782546261376
22.625,384,4.88357166446867,5.1295561523816104,0.3034958207699579,0.2320591105209466,0.3836743633103571,0.9546761424436444,1.2549409243966558,1.1213332842188404,1.6968914030538578,4.164823831559788,0.11759133885039888,0.1834303455543897,0.2197391800715766,0.5612351885292092,0.3932874000329184,0.45121774502736767,0.5968704327457169,1.467116047730617
22.875,385,4.948648405518224,5.0288799963360535,0.3447188262136967,0.28901862407765555,0.45174405014754526,1.1135823171477472,1.579148608871915,1.3906227896096928,2.117879053274909,5.202416977389599,0.09548331469507551,0.17591274016544683,0.20177510661271986,0.5315294978335723,0.5758578914086481,0.4411237065525382,0.7223192709987445,1.7969131301365568
23.125,384,5.00273563074053,5.027597496061092,0.30677491792470374,0.17082970546051435,0.35217130537065555,0.9231145488759142,1.4287092215913655,1.727005582906887,2.245908822751794,5.542653070551733,0.12081560033971642,0.1732842994132888,0.21288989389087667,0.53640165733097,0.6223318144697632,0.33872756633212053,0.7075821763227437,1.8629576465727369
23.375,384,5.012545317854625,4.882886587659458,0.34755780767080824,0.255013314973964,0.4322543518523927,1.0812112177267592,1.1830164537936652,1.7625058231920157,2.123975422678134,5.383426585735003,0.10633938087772948,0.18828429563413385,0.2180053440817403,0.5698848336959288,0.59286733207195,0.3880754831276348,0.7094130437310735,1.8055086010548909
23.625,384,4.989086424339066,5.010361963850766,0.32125344957866003,0.259816731874353,0.41440984379541335,1.0248714958580571,1.1410013247623174,1.1734531659023817,1.636069046351222,4.004079692749134,0.10121437074076382,0.2143484254263201,0.2390222012312397,0.6471604891951777,0.5017737809866406,0.14389215817350634,0.5239206045714317,1.5424097352918846
23.875,384,4.999520063253302,4.8757317558282685,0.279040985994308,0.31420758638806173,0.42120932129563715,1.034159161625044,1.7445927283283948,1.2414341111461942,2.146855505685922,5.39299312518844,0.13355930328482693,0.17211481868802958,0.21955260721279402,0.5453586847448705,0.7286077557641623,0.4443859296189496,0.8530549887084125,2.198091224769609
24.125,384,4.9757124685799266,5.0640716735248485,0.1998228828608461,0.23919738887671363,0.31378600205442886,0.7737385759810567,1.3311422135978235,0.947028848111813,1.6644751534216498,4.1813593429764,0.1573488556811718,0.19123245104318368,0.2497249125594746,0.6165910141466161,0.40890328688865835,0.38852807351769647,0.5701827793800778,1.3960694992969436
24.375,384,4.914529236701709,4.630613504275455,0.23949486202112574,0.30981696806335113,0.3944145590223013,0.9801393724094902,1.54645174140772,1.243968719863249,2.012435861563499,4.979585185987993,0.13637248556594198,0.19798454713477726,0.24249377826656213,0.6121225691720453,0.5570019682388134,0.3194020296890505,0.650371859567914,1.6951967669976193
24.625,384,4.939097579174969,4.350707373004637,0.2014633783075744,0.3721002696362021,0.4263128553272709,1.1235741811074684,1.8880901867057167,1.147295637911394,2.232503896187643,5.756448278089015,0.12845609196097263,0.16484344519868366,0.21073762454658254,0.5232131254385263,0.6017184295026822,0.4408768854293244,0.7562127267077591,1.8918971747916393
24.875,384,5.074460054919135,4.425423702531244,0.25821402463510446,0.3404578463064645,0.43103704936117104,1.073583358844483,1.217582941808145,1.3089727777484965,1.7927909082955336,4.392358001154432,0.11186669454449508,0.18481167063531778,0.2178524522415945,0.5621236154709097,0.48915135597948833,0.639675409270164,0.8124763668335061,2.0216199410867475
25.125,384,4.985631470737562,4.701383815488854,0.2025175419100157,0.38621281993535667,0.4396489794770939,1.1660174909242786,1.003068713820852,1.268105441193447,1.6299668815051893,4.040207898309086,0.1207517544037707,0.1617816250558724,0.2035977907387069,0.508121543940303,0.3760451077120054,0.6135710553322327,0.7289112013594218,1.876554252778054
25.375,384,4.970783027413355,4.572007671147486,0.1881169488392875,0.485088067889928,0.5239158728057371,1.472170374853423,1.1763251047361831,1.185635783981216,1.6847855322626077,4.122583796688401,0.13095232907037166,0.14981087121544723,0.20067000807043855,0.4931584445654393,0.2997750444075693,0.5386438549554726,0.6218959753703349,1.6303004084187962
25.625,384,4.913593902883564,4.440638699698956,0.2824556722258577,0.37936182573456145,0.4757542474278587,1.187722152923997,1.5054342048988267,1.2766427527796391,1.972669761636413,4.858350594875524,0.12851112036267298,0.15907490061407212,0.2062346740361827,0.510091461879861,0.3961409772078834,0.45890113940187166,0.6085458789001358,1.496787552321864
25.875,385,4.989736657085388,4.629874370541833,0.17416456438972783,0.41083974383692895,0.44990620114874635,1.243734411845595,1.8744164500585636,1.456069428192619,2.3794025781150863,5.909614277707908,0.14125896612663505,0.1760840771087087,0.22763983740291074,0.5634269576880873,0.5545688194159548,0.8478816418700528,1.0175944315047314,2.5901910039770812
26.125,385,4.9149999916463,4.616776434027455,0.14891537465411825,0.5089113271070196,0.5343203466080386,1.5688668733488533,1.5611151090579025,1.321700838554275,2.0620779635589623,5.079193205700983,0.15905838797324745,0.1943747511152754,0.25298308750003706,0.6249501504811241,0.4204418030177595,0.7343874696768211,0.8527322439511863,2.223332399965384
26.375,385,4.926203260826697,4.606824710594171,0.1294352085695116,0.4572311822628771,0.47753559796889056,1.4081875483155823,1.4505898452243764,0.6825554629914314,1.611379878717221,4.365877696615578,0.1312677430798711,0.20160365661170648,0.242326362196277,0.6172871669342503,0.2954507221868347,0.7274215737438414,0.7880605938054419,2.1959586810844813
26.625,385,4.93519036926346,4.656881436927608,0.14338120364105927,0.4276187086016702,0.45343227465283475,1.3054582257193332,1.329476686162028,0.373050704783171,1.3708680922636587,4.047017078841726,0.137541556010254,0.19205967377097413,0.23786595967913998,0.5969835933848164,0.48072657578981015,0.4758680276826967,0.6752594080949631,1.6523415749186612
26.875,385,4.908928894530712,4.787054004877645,0.18904323602986797,0.4201787518119888,0.4642513993315608,1.2688814581197994,1.512455779183118,0.20723543154311733,1.5156128087426672,4.726127182810245,0.14549709822791337,0.15934427379896485,0.2172572881004743,0.5326704224154233,0.6776320281727677,0.4372138534897722,0.8103917312682245,2.0675369139794806
27.125,384,4.917158620246444,4.567604476610092,0.19527206755806317,0.4927114588008136,0.5326076242416767,1.490775179857143,1.4008144577277903,0.3960360065559069,1.4324928139248558,4.224922451018537,0.165684158981464,0.18773284081690225,0.25217514208270997,0.619368376150832,0.38425870878133916,0.4962956351698098,0.6262268290668489,1.5559181381960119
27.375,384,4.810706933129974,4.643359867840934,0.2278019431381585,0.41598532675934247,0.47632215460247346,1.25259511728483,1.558644298417759,0.8913911646179788,1.767206177900513,4.608572828022246,0.12394404901150503,0.14820692998660184,0.19468191498462145,0.4800064407653613,0.4022763645542811,0.2937745973153424,0.49940417851020485,1.2499711436422372
27.625,384,4.845855288729179,4.735272643444941,0.22963109052268815,0.40688469823245205,0.4691563827920566,1.2265892184153218,1.1933289674360177,0.7063969557937706,1.375661544681208,3.564255897022261,0.11316237300207667,0.15954612570524598,0.19699999830285497,0.4951059595088634,0.4241599364330814,0.5482644742636341,0.6946249346856401,1.7260168234562867
27.875,384,4.844068070116343,5.088372637838071,0.143110819230778,0.3603678398473286,0.38929786946170936,1.0892508901612703,1.24034949759196,0.6872422178363156,1.41890466343852,3.722854354734479,0.13654573066235098,0.1624994087270427,0.21371629750174143,0.5267304387852912,0.6030648377149866,0.5579086489757727,0.8273289313888474,2.0273651946047124
28.125,384,4.909476723302984,4.787980735104424,0.15985102780523133,0.2562470045019825,0.3030436292686961,0.7777047100985305,0.6879440538840634,0.8904737722812781,1.1305430535494625,2.8096484149336187,0.14246234816370798,0.17325068597887583,0.22570035812572065,0.5573046356606435,0.37861382780379765,0.42601401621030455,0.5679694508464261,1.3944285177518
28.375,384,4.802655965321961,4.635675131065763,0.20556833381317557,0.254737993429177,0.3294150365427997,0.8148481047477224,0.5455464660265062,0.7840496916462377,0.9589742684830526,2.4169861078563297,0.15414918738251895,0.17196504724696415,0.23246606804206826,0.5704642827414479,0.38649296818293866,0.11636991362994308,0.402329455326343,1.1767627571698054
28.625,384,4.817467767535208,5.014520120161491,0.21924461579826,0.21892183595049403,0.311963739882095,0.7633481739007822,0.8241892713364124,0.4943252530050987,0.9616150795412609,2.4854360731871497,0.1269003494415229,0.16808308803958083,0.21216815528619518,0.5287443408263197,0.3631391232573159,0.24712589826943643,0.43954792607963694,1.1116345169452964
28.875,384,4.853277494351982,4.811865445743963,0.207112792171763,0.3614703102698883,0.4194192293694224,1.0933839579030948,0.8581156377615864,1.307689934442358,1.5733565328424495,4.002641740026851,0.12678243590620775,0.16289619547389264,0.20812924274255148,0.5168088818124967,0.371634236067878,0.13781488660450358,0.3974061449339477,1.1254444341909535
29.125,384,4.790802548001486,4.849232607796007,0.16501267915755652,0.40065481582218215,0.4355629163556551,1.2105974946200615,0.734729253279995,1.2968849884836642,1.4880011510167606,3.8874531096304668,0.14733619894196304,0.19324132750337356,0.24481488803213516,0.6093682272893781,0.41659953238841524,0.16718611585917917,0.448064524680201,1.2512944970946853
29.375,384,4.86416849423767,4.89599492998623,0.24154296232081715,0.3809945089928986,0.45216137485931734,1.1570907215571957,0.8080776521655773,1.8896740896955735,2.0732192949988715,5.721862839565553,0.1137670400742684,0.16178878515198913,0.19916889146965353,0.501191149271925,0.28777363873899037,0.5340189635915996,0.6122610209082214,1.6151352328288648
29.625,384,4.8300459858152545,4.980844612958112,0.16679548823294468,0.4189793246995841,0.4520337403070348,1.2642236084571574,1.4217214072022633,1.6363430249971462,2.1683093511637357,5.3308544274403,0.1691056371893048,0.1777125108778411,0.24680993587603517,0.6042825292244126,0.30659381834375155,0.7361804143592489,0.7984316810684428,2.2145646170660944
29.875,384,4.847353513359901,5.128502502894583,0.1637266653771613,0.2812590797511712,0.32608959412249006,0.8475355783504422,1.3395511232691735,0.9096620091572009,1.6318798316552945,4.128476389518981,0.15220672847444705,0.17790372147821534,0.23584828745381498,0.580466599022129,0.4312971838805295,0.2410635327193962,0.49814774596262673,1.3048144213013206
30.125,384,4.895014851958041,5.114525897887558,0.2536005733401452,0.40592564248406643,0.47990675566830343,1.2312651528696483,1.0769886840756304,0.7909021277858469,1.3540007090959805,3.386410515524162,0.13809340737907538,0.20752313698730324,0.2512452277607149,0.6376996404787489,0.33758234090241945,0.15864887291616195,0.3769901792727875,1.02166560329263
30.375,384,4.944318806902412,5.0189856569566995,0.2861420982251595,0.3306238302718408,0.43790970361044756,1.0768975477495049,0.9562568372883327,0.26107174329709065,1.0093628259445087,2.9899027479859552,0.10393316539028834,0.1497897091035757,0.18369601088876758,0.4631815731467798,0.46515705922459194,0.48114332616178335,0.6791692647392686,1.6623270329924171
30.625,385,4.9340678403991935,4.833151241159029,0.3728699335152787,0.301751319329081,0.4798098000732774,1.1865386398807782,1.267594059739867,0.5562855006276338,1.3947587709856897,3.830439609691801,0.10202392120469894,0.19975138919108595,0.2258129643455441,0.6020048731608147,0.48876485866703406,0.43288254266379766,0.6599292923253026,1.6205201158919975
30.875,385,4.726266097639878,4.693064612597644,0.290048662347022,0.2844083346581946,0.40647919433130325,0.9947117183347015,1.2045078942697902,0.781845848838099,1.4408351777085389,3.672219701250925,0.10386630141079103,0.2226692366641198,0.24739675511858292,0.6714411118527452,0.38977955658817337,0.3610205923329591,0.5366579536970503,1.3150196347093939
31.125,385,4.862105109589321,4.692115191686555,0.2748341647840583,0.3078671656487967,0.4129150197382917,1.0135031077540777,0.8881443966542076,0.9237404054334464,1.2919951023653637,3.162580681635594,0.07920060382783337,0.2040875230126356,0.22043512987515385,0.6193314648975218,0.37281835016452297,0.4089642148825145,0.5589573461135658,1.3705471504616091
31.375,385,4.894562468628512,4.389041751953886,0.3365930360890664,0.3112990652521109,0.45882532875249255,1.124361337790394,1.6611219560012713,0.8829632766193294,1.8815297886187028,4.976793240897997,0.08518314648073089,0.1735519178231862,0.1947471421983887,0.5232828166348972,0.5454496609564133,0.4769441789153507,0.7236670954871338,1.778417448922522
31.625,385,5.043190355282641,4.494897054502119,0.34656654665275016,0.47014934012866566,0.5845874425837813,1.4613404379292054,1.5371494310987721,0.8172841364032006,1.7557136188550613,4.643756542669958,0.10254304281137852,0.16204514852488852,0.19302740141856017,0.49412128486771845,0.43121006486068836,0.6277265662887521,0.7642479282524429,1.9299849098517092
31.875,385,4.9720902628255255,4.555304465160241,0.34794319138776286,0.45151066563805053,0.5705776907698812,1.4184258493251003,0.8340244465115433,0.8424140972082396,1.1897752627316944,2.911345884200552,0.093226931258926,0.14498141842456327,0.17341295606763404,0.442681523647396,0.5698849447714617,0.5503608357375577,0.7953450960993501,1.9467123116192553
32.125,385,5.0257251816858375,4.811095700184465,0.43487121869216955,0.4682760472472381,0.6405244654726459,1.5693825568288413,0.7012858251169004,1.1444215144083745,1.3276153453526447,3.4179893560357613,0.09155868990641712,0.15329651075727976,0.17980188136830844,0.465084023524119,0.41545646936700775,0.6175707010962778,0.7399953222761977,1.8749119544683903
32.375,385,5.029034484900997,4.908799639097702,0.36854065492643234,0.37443113156023416,0.52524991353674,1.2853185642106364,0.9754434667842439,1.2594211397301642,1.5733143915560404,3.908891302354477,0.0959134093403427,0.20070201332043114,0.223935792364974,0.6048871962580872,0.39591246654427203,0.7292422879861714,0.82462225469193,2.1721803773708346
32.625,385,4.97458790273747,4.593641609916179,0.3476519968078911,0.42477552011294295,0.5491586611946323,1.3565798759848706,1.0349033833835277,1.0323867547307382,1.4471042475438045,3.5409416211919003,0.12637465963217873,0.22029922589960646,0.2554930422943206,0.6658951429796416,0.5281592506795055,0.6653783980270062,0.8450712706659687,2.093905638784836
32.875,385,5.005540371431798,4.499764940164156,0.36516395945652674,0.4561747708363985,0.5846429127351593,1.44735585686194,1.0632906980621277,1.2572579944716018,1.6451561470907725,4.052599362637711,0.08840934793267244,0.21677805050861113,0.23578968375300396,0.6565401375672589,0.48258909602315914,0.5973770575452185,0.7633796654224032,1.888112843075722
33.125,385,4.981666802502619,4.531241779685726,0.45741647803030905,0.39887151893626976,0.6079860689966415,1.4943942505605166,1.1762776809494082,0.9105007670365561,1.4855400916307167,3.691071256011279,0.06070321007320443,0.20656149627092854,0.2169664949687383,0.636690910938197,0.6368774819227866,0.4154891626013542,0.7578454278767277,1.9298568011900434
33.375,385,4.981152382914161,4.564176727070866,0.4877214163155799,0.3510337238307663,0.6020637029482607,1.50995492894104,0.8180668762988518,1.0240778487266167,1.3036148942171726,3.227944771454474,0.06997090564797853,0.20108020242024116,0.21468703983984452,0.6144683692024585,0.5740748151711167,0.5195210171269082,0.7691948302338878,1.886680061181566
33.625,386,4.897683126482504,4.616530920341597,0.4897131936436706,0.2962144306961505,0.5735170420974051,1.480034642948734,0.6086982268903127,0.7819414904255676,0.98465404837255,2.4449587712307443,0.10293924772411407,0.18394882813798502,0.21247364317553558,0.556408335706721,0.37591912664733435,0.554327238875247,0.6704670588158932,1.6965741198025672
33.875,386,5.033795457684744,4.531173157780958,0.5710413282305447,0.36624688379750964,0.6799578196315645,1.7365391340534118,1.1593124825065686,0.9319715348291417,1.4801675460696286,3.6627653423292,0.09885533222150313,0.18461888700534557,0.21118429592299298,0.5577968839724398,0.6658409893901748,0.30745838854957963,0.7353810471275702,1.9997974808167809
34.125,386,5.024478726646245,4.920209497568471,0.48353125771715055,0.3422360932474376,0.593599964391022,1.4923101177293405,1.0951776880748754,0.7796996098050193,1.3434276737852433,3.3745089461821913,0.125834279591835,0.22137541790647064,0.25675059703814024,0.6703428745798763,0.6098479505671905,0.13269056966548784,0.6277749011514696,1.903759057709442
34.375,385,5.012753665513472,5.0549336625187,0.42787058440774556,0.3397252410425273,0.5484689645364673,1.35894939934158,0.7514941607255923,0.9176824228459532,1.1892724862802135,2.9376898574447425,0.1299955766244329,0.18880739751439266,0.23094694946526698,0.5830135943476573,0.5898513735862358,0.3557544136869157,0.6943856627004972,1.792902249974917
34.625,386,5.075199125516587,4.9976015109407355,0.475792034560234,0.3300858969226979,0.5830828043725091,1.4702502603200431,0.7067099355450661,0.9158559592289365,1.1529896433218292,2.865829815858617,0.12015214625906798,0.19966198828539578,0.23506619620672695,0.6071898425104088,0.6378804423724688,0.45891114102343966,0.7899984309726927,1.9814093389744485
34.875,385,5.124284885102806,4.989568727233064,0.42451348576411285,0.4351872438874147,0.6106680955683078,1.4944742968665197,0.8572306094548029,1.0713402738354159,1.3663820127598476,3.3827957484062807,0.11530733998655561,0.18710713129258913,0.22173213322592675,0.5702743202476313,0.8828869164277298,0.5805433571201493,1.0616965917389376,2.700051409889119
35.125,385,4.963259925216345,5.061854897797934,0.3350594476670232,0.3919781808569568,0.5170372371937776,1.272609020275702,0.5753161809226414,1.4325643816339426,1.5438376426230909,4.310860029351532,0.09624991289454427,0.22960813159102977,0.25100885675586493,0.6953606117338381,0.6403764657760181,0.9291660133437145,1.132435700701705,2.858336551597094
35.375,385,4.928319032145857,4.951205959891821,0.326570386158629,0.3653681139532804,0.4918419114373099,1.20714901573103,0.7180993435755602,1.0261089191145583,1.2505582456993545,3.149160670742945,0.11908728577704143,0.24001949518101443,0.27023254904553373,0.7245629354582598,0.6459824276580375,0.7102222414682711,0.9618539455143756,2.3586784810676806
35.625,385,4.99468853706992,4.807633632970102,0.3991156800189293,0.40392804190074816,0.5691757950463672,1.3927714915989848,0.7658568919764631,0.7379968874751303,1.0678188076509776,2.6137276342526636,0.0785834096396913,0.22617444886251672,0.24156273826873223,0.6915608658428074,0.6824055457416626,0.6693155226602853,0.9611864492090919,2.352152350337276
35.875,385,4.87168868107484,4.680877699923953,0.28464521910444884,0.2975984515054697,0.4119683070003227,1.0085336072704008,0.5247123559640863,1.2523875864129996,1.3672699293876882,3.7880740240299344,0.053979987126893156,0.2518759927738234,0.2595737133837553,0.7881915684353367,0.35200710588306333,0.6771516155588128,0.7673231994059018,2.0385426913777813
36.125,385,4.833581286964949,4.895222258305295,0.2359845317829683,0.37524312951073524,0.4433130561610682,1.136053173478635,0.703477550018136,0.9628144687768896,1.1888831498408434,2.9754822881312166,0.08557651339799287,0.2520827542955443,0.2680195567167198,0.7701489398564366,0.6332410166789527,0.47759098056524657,0.7940960461338754,1.9792235014431212
36.375,384,4.849324471430966,4.912163131635216,0.28201672028985114,0.35773228882480174,0.4561964351292762,1.1311843136658426,0.9604927531901996,1.4284113834963557,1.714608088855541,4.344587825648464,0.09049619860701014,0.2535978361894864,0.2710272888074751,0.7725326151077815,0.5751840868284102,0.44019036826822416,0.7222602089893058,1.7969691283431672
36.625,385,4.847084560347661,4.9757748724941,0.25921207142704983,0.500537236964696,0.5647970240886303,1.5016144790050507,0.6944750501376347,1.210156968020928,1.389022136649218,3.619961834324493,0.10689817422235158,0.25016271639565013,0.27397053397594906,0.756234200060308,0.4329104562493454,0.3616097530751682,0.566117637185501,1.3959546020582534
36.875,385,4.7823832299447036,4.908337529342002,0.22732338497674898,0.427541596418921,0.485057946867685,1.282943912790356,0.5876465108040467,0.8050701593199985,0.9975609233902958,2.4969822330128886,0.13150658873369006,0.20421350082915368,0.244831955915372,0.624840804020471,0.26758244512082957,0.3562114056025141,0.4480233129946275,1.117224429439873
37.125,386,4.78076694133583,4.897118443809048,0.25501958472508873,0.4174081559035217,0.4902496641670414,1.2628464804941057,0.6029896234523013,1.3355041184075611,1.4572672122053048,3.980240265739277,0.09139650080838634,0.23011936785174847,0.24963462482046977,0.6984602305607087,0.3003653059406366,0.3988957789001725,0.49898236841729815,1.2439248321363927
37.375,385,4.92035489102257,5.007895797754819,0.34332773229779395,0.45592053790444775,0.5720666077434852,1.4261061434275624,0.764726885736779,1.4981159775558774,1.681363379422235,4.482933812667975,0.10937076269404392,0.1950484076707776,0.2251702770707075,0.5894284044945381,0.3275441001907903,0.3797930066335635,0.49963877339986096,1.2289986677580214
37.625,385,4.917747845954691,5.060349384835111,0.2967592586492936,0.33443913560661875,0.4481461590124863,1.1003472781913923,1.4352226080544483,2.012301035361149,2.4862862487745114,6.2435933746292624,0.10747327778813788,0.16915603755099873,0.2016700088781107,0.5158839201874804,0.6493416579883164,0.6626893826527671,0.925935623184076,2.2659101866238363
37.875,384,4.801286125145032,5.1880065260414385,0.3423456822561654,0.3292855149593047,0.47694057474525714,1.1674592283455367,1.0734816236403526,1.303633060126982,1.6981166620213077,4.192493405942907,0.07459439935515763,0.11934431818867772,0.1417577870628946,0.36366881601715184,0.25654829106147103,0.568554006305415,0.6226435532366789,1.700831773896165
38.125,384,4.772427348337415,5.12636961223822,0.30699140093826305,0.3766571674130365,0.4868667385368329,1.2031689027085344,1.4253737755334177,0.9645013443698256,1.711665133846046,4.332769928537125,0.10080763198979646,0.13918943189735514,0.17308792101085171,0.43372005405596803,0.416782421623842,0.47141052478431555,0.6277060951892016,1.5415501126859412
38.375,384,4.769939538334686,4.852066439522377,0.28681115464457035,0.31477686947863365,0.4263951392994395,1.0455319293734278,1.211929929778341,1.0982771095092174,1.6263774060442504,3.988914507518571,0.10105561600440738,0.15287266521335424,0.18445698573507135,0.4686898875773716,0.4665411577641532,0.48553367295673716,0.670112902234647,1.6403395896775734
38.625,385,4.710276568101052,4.635015828021454,0.41623260802231216,0.42791900459437143,0.5967985125012968,1.4605846630381238,0.9854244781356227,1.2405884180351894,1.5724214435197448,3.895841209590866,0.06338266638890218,0.14014069536490886,0.15480023534285084,0.42266663517962055,0.4864110558413767,0.7573960599489479,0.8942219333089894,2.2832280497966795
38.875,385,4.761725501125547,4.6833328916057315,0.39322385306942276,0.40516528795519946,0.5661028514406994,1.3855041627872189,1.0646237592312573,1.4484020434377094,1.777249191155474,4.444429949949877,0.07356985910481388,0.15631302856451953,0.1739248841141603,0.47120891524098135,0.32643849746897224,0.6957270766459432,0.7626477306766649,2.0674685384095928
39.125,384,4.725423510166203,4.645411645626305,0.39396301325970406,0.40970349324374666,0.5685297372278426,1.3916593502706762,1.51031232433459,1.4617877656295293,2.087213690684882,5.108547517251616,0.06889794724008377,0.13639351536053435,0.15389216606840955,0.4111643672434344,0.4761181814357536,0.7497175089691805,0.8824774972505907,2.2576072980861652
39.375,385,4.811230504236749,4.775384771550772,0.42990510946742294,0.35341172668276755,0.5561977605489892,1.3734101333010502,1.4704789249021875,1.3922984651545427,2.0187652352338694,4.943309542491199,0.051833573053112515,0.18501977585392068,0.1935920026694773,0.5716286977114813,0.5142224536832609,0.5968946581277321,0.7840877323197712,1.9288252914147312
39.625,386,4.848847248243147,4.899513178334785,0.3764229031426471,0.3464257558752684,0.5132478328355061,1.2579650096218618,1.2006227041664412,0.773777730525759,1.4282433852753649,3.644552673585103,0.05566741124472466,0.20456594184126484,0.21355234577362828,0.6328279440232774,0.45643867996976284,0.48588019360674983,0.6648046663102181,1.6282563446012512
39.875,385,4.767890665941525,4.884242002704477,0.41917197425265784,0.1933644194215889,0.4637875675622804,1.2614698864906801,0.7757045630214687,0.7625591308216656,1.0763365567907828,2.6338871490464144,0.07448322004548101,0.1819053905629487,0.19783915883721426,0.5504650855943771,0.452134187274627,0.5718317206520155,0.7231369377169555,1.7925211518380766
40.125,386,4.695871419529617,4.961249001067935,0.39347106596389575,0.3293219466566405,0.5145579140429614,1.2686052018296194,1.0866690277717022,0.5947294656106853,1.2188921673989173,3.2057175850730575,0.09920815403398817,0.15967191467511765,0.18922391280535522,0.4859537198547106,0.6997684334319506,0.5532172294100728,0.8827082467335847,2.188099659119527
40.375,386,4.687221974956652,4.934573387663385,0.3905283675209288,0.3613949292577597,0.5333076117542002,1.3068528254143261,0.7562647204035491,1.1770693530832705,1.371435810587098,3.501439355015386,0.08355199502618439,0.15444929707591654,0.17663917978419874,0.46562006324643146,0.4861855150631621,0.6708655183880077,0.8158409399309711,2.04413464778384
40.625,386,4.718900820743761,5.095486593503672,0.5134037771802318,0.4057028240772755,0.6547818564452428,1.6231816693656664,1.1233233767696045,0.6413693658975409,1.273120098790399,3.3211271756187752,0.09864672748541925,0.18026295424086444,0.20662841624429665,0.5434492120487243,0.5929886057577721,0.5975872053908979,0.8340853395809286,2.0409628249523752
40.875,386,4.7239146984301,5.219432736888757,0.5857687837492287,0.43428757973342114,0.7292988112177492,1.8217038813604916,0.8712278836332391,0.750423292196752,1.131811098724606,2.784246839549931,0.10451470742007606,0.17212361138213536,0.20249933277787305,0.5222080181347666,0.5251290150143518,0.5485126185622221,0.750854690389164,1.838119806530627
41.125,386,4.798717010141266,5.123425931404255,0.46657087267377545,0.4302614092407262,0.6344779214870967,1.554974251371497,0.8297359010792603,1.2219507049145384,1.4698457216375085,3.718594706942761,0.11022273106327911,0.1763599679311934,0.20926307480120865,0.5368557951712472,0.529328101739681,0.6024750463634493,0.7968415838939558,1.9576589642175088
41.375,386,4.787670175981135,5.030618594809531,0.5536010601258871,0.44783231880278246,0.7123160659589227,1.7615801447292356,0.9017179997959276,0.7784020454522642,1.1921234808718957,2.9321615789550464,0.13295881460011474,0.20003218798148445,0.24183906699932617,0.6139383785603325,0.601677886577583,0.365901363743746,0.7053237632200446,1.8183923631311247
41.625,387,4.7215468756639165,5.336354796043914,0.4917835640499709,0.44773760461542383,0.6637351207735983,1.6275534634101279,0.937639376621599,0.8348366170940914,1.2494004486848393,3.067105013850856,0.13713993563609822,0.20741718094105707,0.25018579327879864,0.6356799377129547,0.47605914879858285,0.5486755405832237,0.722105958602725,1.775482182802623
41.875,386,4.62291727922789,5.3852915330209905,0.48438615662487194,0.5107176039207189,0.7037409738354801,1.7231602393834222,0.731481214073255,1.0053587560151265,1.2477941555783447,3.1247148622480028,0.15644388673239418,0.22652265754011916,0.27688256437191483,0.6986447161698414,0.23337297169604593,0.6873250596765773,0.7264485501954376,2.0873773525695
42.125,386,4.6491081693231875,5.3183881468964,0.5985924831796542,0.6016309290105554,0.8495226298615609,2.078719907955835,0.7060704814398108,1.3289428663195277,1.4962797440766231,3.9581333723930845,0.14274182787930728,0.24328292663555,0.2838477340668305,0.7366515777698259,0.38929642988346697,0.9632890880625873,1.0383796341367082,2.896139822687872
42.375,386,4.769647088539859,5.341420758285094,0.5465208893425929,0.5792485294522983,0.7988597776325173,1.9563396981807895,0.7260956874435215,1.1739634046835195,1.3801519231878772,3.547314675554176,0.12218473291791022,0.2519844583175337,0.2819801717643039,0.7594963700598838,0.28657573283507737,0.8378790729684341,0.888343857053458,2.5496197092687525
42.625,387,4.880988340008958,5.129883539750739,0.5500089640843175,0.5629924965103369,0.791607119574095,1.937248377184357,1.1581323456130805,1.666844668388558,2.0521453012177884,5.173327245322972,0.13715032385482667,0.2247678150234136,0.2650968410501047,0.6830265754867976,0.314993208645583,1.0773360073925136,1.127580778574202,3.3111447821353703
42.875,387,4.86981774949699,5.286329276915147,0.5518323751753204,0.6172721809962886,0.8309631538727476,2.0394478267337863,1.1377310088877635,1.0899655717323729,1.5937967375809134,3.9016176438535464,0.13600379813288221,0.187276735624257,0.23294549113437954,0.5834905710122976,0.2730823047906244,0.7457891095123687,0.7996113786538627,2.269377506663508
43.125,387,4.911334341698149,5.203430784965801,0.5239436064792771,0.5618419101309524,0.7704582425590276,1.8874671975476125,0.7708305400108185,0.9216048857277022,1.1973563994622916,2.952161675170193,0.1370136965568206,0.17248657157638264,0.22173247802495427,0.5493640395536827,0.38288465006864203,0.6146767108879346,0.7223195544180168,1.854180017312635
43.375,387,4.913141955425238,5.3487702086263145,0.5388331227275783,0.5821150529807066,0.7957552319220641,1.9499527131507381,0.9693769937677236,0.7781386432975329,1.2339480034021713,3.05393049050425,0.136862196105015,0.17065956705818594,0.2202768341921226,0.5452210831708623,0.46253821116461125,0.712128388076101,0.8454078305456316,2.1544360154587023
43.625,387,4.907354103031981,5.295742723696942,0.570195621748416,0.6077966696140163,0.8374396718301634,2.0511629785285077,1.0288656106420233,1.082601957238108,1.490277263496475,3.648865432669831,0.1770099833870642,0.1848541628706619,0.2577844379792524,0.6310630307497789,0.402096205160168,0.8688364570611902,0.9539898781086624,2.593144906494403
43.875,387,4.79155204277603,4.980271186917316,0.5302876115276449,0.6886930263262109,0.8746291287640795,2.1744891697301694,1.1372610061400268,0.7736915120901295,1.361854454543416,3.444356912505108,0.17726312036983338,0.19485249915148092,0.26531035593394525,0.6505937843734527,0.6378939177542935,0.7150665181257654,0.9533991097927663,2.34021493851904
44.125,387,4.734037117939121,4.79729474996594,0.5366403733845102,0.7040180084078707,0.8914624268210914,2.21900510121468,1.0604123934710592,0.6778923011239171,1.2458284299299456,3.183505645911413,0.15133667579223287,0.18303792865754157,0.2392110358366573,0.5903758670807983,0.6727524092455482,0.5885965404635057,0.8862652057152173,2.1779239687183836
44.375,386,4.872216689267811,4.972179408409041,0.5921861963635222,0.6137101103230211,0.8593172699106107,2.1033228873631162,0.6402400303159922,0.3965706172287298,0.7585519417218957,1.9491435268364592,0.13459784116160506,0.21059818497635888,0.25162977551644267,0.6430238895725945,0.7234086961093622,0.6081388850098522,0.9420459416983841,2.3217057636278207
44.625,386,4.9064877488549055,5.194509630045655,0.5428044852807891,0.5946842079941409,0.8098844943476843,1.9857032563049524,0.4292533124793126,0.7167410037737459,0.8447226648327141,2.183898846688648,0.10725328361399701,0.18660053967596146,0.21657266880147152,0.5642462181625263,0.5510756076237723,0.44964587564003133,0.712014966633411,1.7593831819604795
44.875,386,4.783468235285632,5.08646086037961,0.5021393108721206,0.6655148741367878,0.8376456329116688,2.0876599880351003,0.4099841173617334,0.7420282431210508,0.8595297462776579,2.2564199222154233,0.1388693156387965,0.1411404748565297,0.19907150814468816,0.48714150240578075,0.3569490627773083,0.3846521770058984,0.5245382359786722,1.2852326170963004
45.125,387,4.741883845531396,5.217868754344756,0.5728838799693032,0.620931623308586,0.8493405281769786,2.081519336893461,0.5092943103103245,0.8436818859913222,1.0015173631233707,2.585498007547555,0.14434895497803016,0.14151119876458138,0.2030764691479318,0.49695769436118337,0.3696911931765074,0.5433254366867512,0.6591195019020452,1.6669799196027206
45.375,387,4.939499656158705,5.13748171767971,0.6253924706152534,0.5977358117093724,0.8700590633913183,2.1300126060976083,0.3019680659361188,0.9868739517708681,1.04395950596707,3.0466150763630067,0.11775085852740357,0.12479954263681589,0.1725204463693817,0.42248765717338993,0.5442622777789667,0.6985182734661447,0.8923606929453471,2.2155568464819426
45.625,387,4.949826892203297,5.316526156843693,0.6680802283270375,0.6085564769661159,0.9076860130193758,2.225697343057245,0.8253871168364473,0.7901220193027734,1.1549176485245585,2.8272866341600076,0.11823900690244432,0.1217143039241255,0.17073950215988593,0.41786946316658125,0.32411114074469954,0.8169779001375628,0.8869982759255721,2.482268386359916
45.875,387,4.957836092719815,5.177822537952176,0.4930908136820986,0.5635082117614912,0.7532308650748383,1.8509856408231375,0.7713425260802055,0.4980809432028986,0.9310336325058128,2.374999308370772,0.14331641370670375,0.10121795185417386,0.1765006358027005,0.4438631136234478,0.3894486084139425,0.7654628342062668,0.8654111406350242,2.308907499139725
46.125,386,4.833234997645725,5.109411491411777,0.4837710919926903,0.6460099263543255,0.8121072197107972,2.025928862543466,0.40605037711558634,0.6771856874973383,0.8003684431190828,2.0687702046490526,0.16485829099387944,0.09930775149686048,0.19346712940904653,0.4996447657336037,0.2590590155820549,0.5256316570140251,0.5909385673053361,1.5865500714686107
46.375,386,4.812454847079535,5.165977258797635,0.48276548404478836,0.6188504023414878,0.7880771870667993,1.956378113285604,0.28791850834351035,0.9814434499460138,1.0319596919917713,3.029003944486537,0.15053279637333047,0.13637486463034942,0.20404983098137255,0.5004674525394379,0.4394884190051714,0.5388791414521696,0.7015780540758888,1.7336700448395443
46.625,386,4.762172384744642,5.158913343305587,0.5332135236388387,0.6465530453456413,0.8406636293581157,2.0752386279109194,0.1603624796665814,1.1115501305883209,1.1211955412218524,3.4888483090869347,0.16129468401655417,0.15477930204574603,0.2247993403748811,0.5502906846365204,0.5497135532945704,0.565105510593662,0.7918120705840432,1.9378523693711425
46.875,386,4.693011883299502,5.0786304472044606,0.5514523578961785,0.6222720803724758,0.8354115301923111,2.0513634632076663,0.4976412439333495,1.3479993683409357,1.4479859291961923,4.10381843962574,0.143455097242101,0.12907811708239014,0.19414183761651832,0.47632560742478053,0.4027636515148521,0.7624618012214264,0.8649694309326746,2.2907158758872503
47.125,386,4.712068320356529,5.117345980616743,0.4786871893795063,0.5391954368907933,0.7243642350930084,1.7785032813010893,0.8282370475816804,1.6037183787257363,1.8130078873152722,4.8228176379074945,0.14599894276476252,0.0928509258893483,0.1740031598550977,0.445035000962043,0.514217214353412,0.6452937477516191,0.8207966248752178,2.0329300542582707
47.375,386,4.62154313730036,4.762055810961246,0.4818826361317647,0.5492708495435262,0.7331900220565288,1.8014435039667338,1.0355469216253697,1.2318519197252626,1.6008404994396237,3.9453341435691,0.1518079682532193,0.0803960506976981,0.17272231172132654,0.45719476011773064,0.607459383508375,0.5074615322644297,0.7848893192261027,1.9353938075276251
47.625,386,4.7176665904295225,4.519118559145409,0.4838153632716855,0.5234892376976004,0.7171869889505438,1.7575281189927436,0.676864500847865,1.230509138600705,1.4143189297450898,3.7160431721548304,0.15204200220807249,0.1164837157514352,0.19264945460675623,0.4792464809938707,0.4599454393668645,0.5966479626830962,0.7552402007276052,1.8774124505687664
47.875,386,4.74444467154366,4.534596624172803,0.4114752117499477,0.48659852730579156,0.6416155930992603,1.5805409839387135,0.49468040996853335,1.1280990997158196,1.235301348717362,3.3930290529032257,0.15398525283807013,0.11765353286479963,0.194960391727757,0.485152241123406,0.338770304001409,0.6170266100466645,0.7019595440151056,1.8450319066105756
48.125,386,4.791747284039099,5.072144265657551,0.39072465375118715,0.4966097843041444,0.6339366108602392,1.5722465874920637,1.0277337894414196,1.2153639310537327,1.6047914804178807,3.9532051390314,0.17604046937064918,0.1410278174866405,0.22686269492819383,0.5615825201772594,0.6284063641985707,0.695096010368696,0.9352166110696928,2.2940095334186643
48.375,386,4.7907590484527125,5.306001534223704,0.4914015451485122,0.5357104333355251,0.7277871717549592,1.7840374433372987,0.8489532581260115,1.201166449977582,1.4646307087190489,3.6828510044803986,0.1857385920650601,0.13341910588482725,0.22983292990330695,0.5765743274181236,0.5984390698867281,0.6930416569201322,0.9116888501433779,2.2423554300164015
48.625,386,4.773819423450739,5.209362140168218,0.5037462244491142,0.47176697184278277,0.6911534722469492,1.6929516193358296,0.7516924179749006,0.8652635019409327,1.125280497004442,2.7665568284018587,0.15315270999343988,0.13697882576680767,0.20664721800163605,0.5071656133512037,0.593552334305179,0.603769237477802,0.8406059479404913,2.0570338632586394
48.875,386,4.730359278738883,4.893657142901226,0.5438281633753846,0.5444702735647048,0.7695865592673774,1.8831111079709613,0.5521268361505433,1.4233224181788282,1.5138098744551036,4.253486448681568,0.15076989904064753,0.08659693613639793,0.17488796765353232,0.45570503989252975,0.5787077019459599,0.6193277774671266,0.843581301507948,2.066466808400036
49.125,386,4.647915448509403,5.07897544749771,0.40274577423440117,0.48992793285585895,0.6354453376526509,1.5690980312173386,1.0480492175891545,1.5844145440223036,1.8760297571890763,4.76632502138275,0.16134506741968685,0.12801648648560315,0.20705909288790295,0.5130712389032126,0.6067282809440853,0.6593217367978412,0.8923679353752206,2.187191875027562
49.375,386,4.815715597864033,4.919532202968944,0.4240226148299895,0.4451857019867423,0.6157351145289752,1.507514949800542,0.981168034730535,1.482550350811156,1.7524457688588395,4.451968587092109,0.20122378352523482,0.119113337291519,0.23502232242470214,0.608930602309629,0.7751478996342158,0.6426748451736378,0.9994549866743627,2.4660672315616927
49.625,386,4.669509682730906,4.818147895955576,0.45675130004018316,0.47648216106445745,0.6619006230690533,1.6203140824398923,0.42645570310132663,1.309376159375589,1.3600376773969125,3.933115701772794,0.1797377085264936,0.09369148133631479,0.2038093615386865,0.5411655000551483,0.7774752477246221,0.4305587937903761,0.8806981623980917,2.310960346152898
49.875,386,4.595022502490056,4.851851080239844,0.47656398271179223,0.4579741610221703,0.66333189904313,1.6237371300103007,0.41996245689912887,0.9308342045258285,1.0104848319787274,2.760343596803457,0.15423051939092827,0.08821219420440576,0.17842734240435718,0.4653005755259658,0.699129180958894,0.3979395785152933,0.8000817688059797,2.0883682693429666
50.125,387,4.586384178679984,5.173703608911968,0.5015697975466142,0.5493429440223457,0.7466144586801591,1.830551435171331,0.5222054199955499,1.2694807203321792,1.3525413084916034,3.760086886752808,0.15528768658046846,0.1008753446727511,0.1859587672142769,0.47388620351395516,0.7561098238805054,0.6960179243964421,1.0212063149347312,2.5029425663263747
50.375,387,4.559993855143527,4.756686178462054,0.4548374940075872,0.5406302012209085,0.7093914360195939,1.748210474014694,0.9561586969217103,1.0599232779360643,1.406024892147412,3.4492281960722946,0.14176160251260486,0.1034884465949341,0.176110743696977,0.44081357042401287,0.6805677094804676,0.7875245077283868,1.0405028771154874,2.559040150027786
50.625,387,4.725421518275139,4.573492321462606,0.4546621655561783,0.5763875054081254,0.7361132487786354,1.8251490547772307,0.986970352929991,1.0472435545212024,1.4283900052182785,3.4981165746421237,0.12289258450680186,0.10572495322126117,0.16273301362297563,0.40035610536094696,0.8075638653197276,0.8741194304106475,1.1957995108814001,2.930451619104963
50.875,388,4.787952401917053,4.630183388750923,0.28070670354612465,0.5707726495367638,0.6374241808649709,1.7120762428857978,0.734097891685849,1.6117733791240114,1.7652535008995254,4.81329623689393,0.13848972905913104,0.09484709845631448,0.16822749565645526,0.4250307567849997,1.014978603011232,0.9924694316092507,1.4188535552881003,3.4722327539099074
51.125,387,4.789327873799103,4.721780783858489,0.22770973767756278,0.7359258991936614,0.7718851786207079,2.2490623083849717,0.9249099763557329,1.7679490346786133,1.9758539466535754,5.242662303005464,0.18671909749098178,0.10680001463741126,0.21562849703100306,0.5623072889862875,1.06401579448031,0.8473900021497,1.3543144333908,3.3545381963657626
51.375,387,4.802054105182194,4.8522553539350906,0.25449376092286874,0.7130383467128177,0.7589109498935936,2.1631242182832926,1.378791407785852,1.5205434323034126,2.023289773044902,4.9622540645385325,0.16515930838108453,0.07569484652233406,0.18222371713466073,0.4962637762950785,0.5402772369682366,0.7821006158847078,0.948190650213702,2.392434295204697
51.625,387,4.806878708625902,4.976306500486829,0.22962951843128776,0.623459035160646,0.6668669481690994,1.8907529096442202,1.0083136695871302,1.7103372094005242,1.9713754161863721,5.111610416374766,0.17777931909432487,0.07144661271226159,0.19216260320329703,0.5365065378789616,0.2692329867992003,0.7774646529429342,0.8216937986766235,2.353653383424708
51.875,388,4.899155150196998,5.0861812664506205,0.2084356298330872,0.6129783108305421,0.6486761399419175,1.8634736371678773,0.9231418509018939,1.5048377362455032,1.7541005728637125,4.515106746765,0.1409430029065656,0.0707416062690989,0.15809732227529466,0.42293424373081756,0.4372103056585794,0.7384790278871746,0.8568440978630897,2.219970705931912
52.125,388,4.8634553989956455,5.1803953364689495,0.21233322978418276,0.5792531228121325,0.6171224984400816,1.751132773720419,1.129178538501794,1.3915190780025581,1.7747696527829888,4.387734320592152,0.13136795854326647,0.07494387141031363,0.15167990576577167,0.3957421040681639,0.23654440366299373,0.515363774059271,0.5689088831926874,1.548911498313034
52.375,388,4.792144032853958,5.162691186774411,0.1712640393174603,0.4471228894972411,0.4802373357535407,1.35239071692927,1.0951724227641801,1.2675310798441628,1.659915130919569,4.082493086935571,0.1686246299797906,0.0867785793375091,0.1903373575674595,0.5066732449691402,0.2632771479253676,0.705839665806399,0.7569481543597161,2.141516081803944
52.625,388,4.796854328710027,4.928781078001591,0.19583203779162917,0.5561010859569396,0.5913401627263916,1.6892285721677571,1.0130944119808183,1.002109730089193,1.407100825141658,3.443150873571527,0.1721132349016888,0.05006130001418012,0.18000940266236432,0.5289625286242722,0.2718776929077651,0.6042258152062685,0.6645165998933961,1.8162035548826543
52.875,388,4.815880966629834,4.907570423209415,0.15924597730959592,0.7268368726510729,0.748326213480487,2.2679648751037824,0.7986091927994842,1.377690844091243,1.5893422774303427,4.134128571619418,0.16300805095729637,0.04820891554420825,0.1709760057951365,0.501304457969862,0.26871683235653837,0.7809456514751898,0.8287669669706301,2.376346543300362
53.125,388,4.822279989471382,4.760465978406202,0.11495415968407502,0.6306286923235533,0.6432697177393762,1.9769324774198798,0.9903057628791527,0.9357217095550883,1.3574889638143186,3.3242401674992745,0.17214434863240302,0.07599473006817681,0.18909934487403662,0.5187354497470051,0.11767242063564808,0.6753529763223008,0.6872960431257468,2.118188104312064
53.375,388,4.82859622034074,4.733851714492917,0.11850144919157382,0.6070570011129065,0.6202723007435949,1.8973122920902294,0.8421647211546002,0.7661741925498777,1.1204149901513356,2.7474753102282246,0.14462131319571933,0.03846692339476418,0.15038487615468243,0.4468520840361269,0.35624099822851685,0.28936540545737066,0.45882923020589916,1.1342483649293447
53.625,388,4.822997471944455,4.523802306981763,0.1200467643362753,0.5432199573976783,0.5573425896405135,1.687863182563642,0.8488060768097235,0.8342313398232647,1.1697161183106966,2.8624003322003464,0.14502832075847621,0.04755538509518327,0.1534310843786402,0.44325570896352057,0.5621641997880099,0.33417603788350797,0.6527924584426984,1.6900254509241157
53.875,388,4.739593488370385,4.636451645649015,0.13449287979508903,0.5333361414685363,0.5514514945523213,1.6484556330891593,0.976024387445046,0.8523602101788584,1.2871097493469326,3.163338690265754,0.12042137340553503,0.06755394215225836,0.13873358565722854,0.36313269409024046,0.6560087398746954,0.5694747301767373,0.8706587695144554,2.1406646360424193
54.125,388,4.704832339872071,4.740929445760305,0.10322471809067002,0.5242401159434954,0.5358587848224494,1.638066676042385,1.3605839473773134,0.948656262018611,1.6326346145455841,4.113590854052238,0.15382879971525504,0.02714861178746705,0.15700802458930257,0.4835097410406676,0.6006007939313803,0.6466858435209695,0.8782526222732684,2.151846798705118
54.375,388,4.787012925226048,4.6659933824667545,0.11920445766325223,0.5852603088957743,0.5995010445674743,1.8279200242053963,0.7889255519038136,1.0458425225953396,1.294619676361838,3.226663677297087,0.18218392074562204,0.04208250401189666,0.18809376701302982,0.5673115645337269,0.5430164306146585,0.5796055629340935,0.7919126127891694,1.9397337270212138
54.625,387,4.775074424462813,4.698199864310455,0.2729559537517942,0.5155598946043877,0.5858703505883215,1.5508836140377509,0.6812143254223598,1.124894789138479,1.2987827190215078,3.35095981264193,0.15518414896855112,0.052380125725825046,0.16465125097376906,0.4735492120623592,0.43821355534037454,0.5510263204688665,0.7013572102367571,1.7374699790003132
54.875,388,4.784237802875676,4.745188171010515,0.16935349135964356,0.617742902127968,0.642392080792509,1.9019140586227463,0.4973977819831906,1.158308488858422,1.2510289094811504,3.449975573672901,0.1974913173287003,0.06285802077744727,0.20838877208737416,0.6047126433903389,0.485010507299304,0.6587249304218247,0.8182902542905653,2.045861893365914
55.125,388,4.8081829705416865,4.415620112690919,0.08776412323025402,0.7152347486670003,0.7221972482690922,2.260815457001633,0.2601051656419888,0.8619297340654672,0.8879161985533917,2.5962364983926953,0.1645194911538076,0.05454876182277178,0.17422477231994832,0.5024742046153248,0.6004753610478867,0.5645117955451783,0.824095351343977,2.0183498683880456
55.375,388,4.935885744468191,4.546598964288344,0.22233834729469532,0.7286530987339219,0.7625486570694365,2.2262322832358823,0.5382037470789469,0.988392060328298,1.0950077105161942,2.882746479609899,0.15999479516670445,0.03345952375023007,0.16431078530412135,0.4999419781321226,0.6041539946467006,0.6125208911729612,0.8530579628995902,2.0874533474593333
55.625,388,4.86111522992968,4.904862544458899,0.25060250229598297,0.7698818164025313,0.8104268614035324,2.3438889730089234,0.08386952268312023,1.1747888222236866,1.1455122802505058,3.6248096926582463,0.15862438489981898,0.045018369928292806,0.16570444006567997,0.4884816271410568,0.4470363710471853,0.45884934423862195,0.6357767268493568,1.5559460590176004
55.875,388,4.865265069057719,4.866116701682557,0.25230402251343015,0.7162415658127278,0.7610383595627082,2.173879976206026,0.5530799566107361,1.107982001276953,1.2207400816118834,3.269195798948448,0.13347457542555635,0.04386180896466839,0.1411757158874241,0.4077160193081073,0.6429273547235652,0.5756656227235011,0.8625964210278867,2.1169101834588173
56.125,388,4.828748619347681,4.7464926879506955,0.19196871447904806,0.49383210962240986,0.5291008966993289,1.4861043121457032,0.6604294042154437,1.322785136605964,1.4559249289459966,3.898885989926381,0.14032466651198416,0.036242519447170184,0.14556829030489024,0.4340006476943691,0.33129131684971985,0.7560002404542997,0.8269932056353161,2.2718100175672253
56.375,388,4.892661795746505,4.896796603821138,0.26235586044068926,0.5523031545503564,0.6112686658892994,1.6530919215868853,0.48790625432945006,1.1855571092070103,1.2603275126630196,3.503434315666186,0.15740585730407852,0.05501383498806939,0.16757793966162673,0.4792942836378662,0.3754729379205074,0.6405719910664288,0.7413364864506042,1.9242988594044292
56.625,388,4.884189603689213,4.65339834879265,0.2882867449523643,0.5970160560535775,0.6629205731252786,1.7869988152144252,0.46748595040591623,0.966249970712187,1.0569598097752482,2.848102650179583,0.1491868674489745,0.09044606974832878,0.17535254984509593,0.4523303806137327,0.3985381760886684,0.5367257032162432,0.6701124712397508,1.6735279546707942
56.875,388,4.694276897696555,4.60939897595045,0.27957853530614785,0.517981462917989,0.5884417301234114,1.5518145723260963,0.5203631576228857,1.3013278878912682,1.3618448488061496,3.805666972990984,0.1284022439155753,0.07833860991853023,0.15114390029485472,0.3894345451178531,0.5062968696731801,0.6696164431279403,0.83679696719356,2.0850004392682457
57.125,387,4.673226247486345,4.386507000486765,0.3067271327043618,0.5314297404235874,0.612489070462417,1.5944836202648107,0.9151232564866845,1.22624527297393,1.488535610868565,3.7150250450047246,0.11024007220406139,0.09700259311561159,0.14758323161170545,0.3625448978182833,0.7791858672817636,0.5358555587850555,0.9447337731657617,2.385357829450279
57.375,387,4.799881531955269,4.377074757454551,0.21474129292394042,0.43970589707927243,0.4895095821783774,1.3166034304380312,1.1482386257359887,1.1542338179204037,1.5813960016503683,3.8695620550388674,0.12774487771695325,0.041475510150340796,0.13490228423373568,0.3903103750144849,0.8037964636717961,0.4523306369905709,0.9200149188205158,2.4066692710682864
57.625,387,4.761317081453803,4.544517164835698,0.2568787695640093,0.39228826337609324,0.470134191920875,1.196450554365268,1.0137783165600454,1.2031414812604495,1.5422085725645474,3.800116143454461,0.11063176400978673,0.06473281593758658,0.12876620545237125,0.3343511884284026,0.8181667004283367,0.5389693982210961,0.975512202032347,2.4801199057937975
57.875,387,4.794662275923986,4.681256541359284,0.29422141295611826,0.3842741472771215,0.48375835340867224,1.2035152833575593,1.1152166633686338,0.8193320233085724,1.3492071417141478,3.3742246914473912,0.10932401454367086,0.11050245871207293,0.1562487332011093,0.3823375300833627,0.6774259831257926,0.5114084874776231,0.8459414827472133,2.1081908502713653
58.125,388,4.866287973310607,4.907399866699802,0.13980554007379456,0.42064536780049755,0.44322328790653087,1.2778095794409474,1.446014464600699,0.8831673538928759,1.6459971057413516,4.240217384534008,0.12017915331799876,0.07561917782356502,0.14281991836930444,0.3659620763565233,0.6019045714939963,0.5184940578171726,0.7958726957227649,1.9578276586887529
58.375,388,4.857666588740802,4.971537678726394,0.1954525349819224,0.41279990120677,0.4584460113666201,1.2405958806280657,1.1607307974028236,0.9828914492229146,1.4864258832348038,3.6612298017620772,0.1052504284745002,0.07084082534913029,0.12761987577387868,0.323321638482878,0.2593782113862289,0.4433316229336829,0.515200654289543,1.337780533498728
58.625,388,4.884737244568393,5.046848989273896,0.19887065060665363,0.555968804424184,0.5910688176140009,1.684108821415443,0.8890331704928761,0.8708752065922544,1.2057439965783687,2.9506537629540976,0.1507637197019679,0.07038249110216233,0.1672100384032162,0.4537400568061288,0.3884431318627742,0.44631447633061555,0.592961798051671,1.4576486967834652
58.875,388,4.752211326190875,4.958944668251965,0.2548222860936431,0.6371395882409188,0.6848465827210792,1.9137330325014588,0.4928509729561199,0.9405374470757049,1.0151114141252942,2.6925950528213525,0.17761350115882957,0.06698004551298746,0.1906951435018922,0.5384811506097195,0.3594893195872042,0.4955005887522605,0.6091477048726328,1.5260222215322725
59.125,388,4.700488001246787,4.709910190938768,0.24310074562338846,0.5706310682658033,0.620379963880326,1.7134014147085166,0.6937818620912013,1.041338750790665,1.1969974530041116,3.0375678237424264,0.16578092881280046,0.07006751641940524,0.1808916597736346,0.5003453626220743,0.5344960642515573,0.5463070892885475,0.75803170266094,1.85505150225852
59.375,388,4.765966093398646,4.626083314482808,0.24034229659329362,0.5398959003646282,0.5919560347384843,1.621238901194281,1.1152633385184574,0.6793813310517479,1.2596218365244136,3.2464241754668812,0.16382613737126606,0.08241433276108905,0.1845115571440094,0.49337450983438125,0.6415463082902731,0.45641621671768573,0.7865169230665011,1.975827701176614
59.625,388,4.789568260200465,4.611364158643519,0.23976227644643605,0.6085243536840745,0.6551470903819512,1.8357022600309412,0.8666369740388589,0.7734215839137294,1.1300105019619007,2.7736639762591224,0.183185106217202,0.064309640172262,0.19524945044264033,0.5580336331428026,0.6727064481182339,0.5540007635347407,0.8743751073983101,2.1587310954260444
59.875,388,4.78606879841668,4.5415594318436625,0.20428302616543123,0.48669476960889163,0.5285575670357823,1.4638884593703188,1.0961113360036043,1.0627458692137148,1.4804196979734072,3.623295239416602,0.1608670479622424,0.0804479307024142,0.18089066800000836,0.48425858416443424,0.558180658387937,0.761801449350368,0.9429865285635098,2.3591623292083987
60.125,388,4.7110550250320795,4.590059103833409,0.1474478782330855,0.37931071610613853,0.4080920986483364,1.1462262687297489,0.5760340876880172,0.9374716980310261,1.0754398316875988,2.7673956054606994,0.1618089344460208,0.12477669771750635,0.2054625399209073,0.5107290869657883,0.4250315698427173,0.6480592727107245,0.7775011540210555,1.9781524074320198
60.375,388,4.774818106117342,4.6598670529667325,0.16264750353654317,0.3926167304699612,0.4267373984297992,1.184785427370887,0.1876764801655406,1.32899215725421,1.303906780928251,4.061044863951065,0.1765410481848809,0.0949952258339983,0.20169455657320529,0.5322201124351642,0.11013774394063985,0.9036547116713157,0.9099355752489571,2.8491331857611257
60.625,388,4.824968906146435,4.743480603690173,0.19891187335850363,0.44351444873861534,0.4877819197306679,1.3340106290858846,0.5213321780854238,1.3801039508491082,1.4373473172636568,4.057560506639681,0.15355900957990637,0.10912604058140123,0.18950711131262482,0.4761413886883389,0.24697080797221513,0.8402565771819794,0.8724332854963301,2.5601102252977954
60.875,388,4.779870149865339,4.703766552156535,0.1604936098840246,0.5374283283534838,0.561694244815571,1.6447311428703033,0.6755653359827972,1.3396592096213034,1.464929344828585,3.9152699866775347,0.14810297612935017,0.13801322621598827,0.20358459895875675,0.4987533613363163,0.43904490646463773,0.8424172367156172,0.946271962020801,2.5126821086846634
61.125,388,4.84385710856907,4.544577846897009,0.17868374095452216,0.5642063551386362,0.5927946924028362,1.7214583360329863,0.39618375048522564,1.3336124898052246,1.3694811807477252,4.012909556355459,0.15150654483193618,0.12209568074609452,0.19569278029510437,0.48413527326244593,0.29599746973276114,0.8908255096085855,0.9393926859281174,2.7083709991490217
61.375,388,4.856377640526557,4.52722310519091,0.16765093518368407,0.5389718196238454,0.5647904189417602,1.6444056578595136,0.4731882442834973,1.4880632881355396,1.5205784608475421,4.413085741518869,0.16562372147367155,0.08561965461588177,0.1875280118720163,0.4987508000889836,0.30537492573866765,0.8211533712661466,0.8686951871095713,2.458928977595804
61.625,388,4.947011365940053,4.581379108925649,0.15976583410464168,0.5046589747832331,0.5305345128287586,1.5407401604003255,0.6132773346490141,1.1152422845858152,1.2285206477017263,3.2280551624074363,0.19201514008673068,0.09706006456239116,0.2162985641168947,0.5778229815252913,0.28821411159673,0.5555206748992841,0.6183419625372627,1.6433793181932386
61.875,388,4.946160295402612,4.950914560667299,0.04165860602936442,0.4992533185763627,0.5038800645175098,1.5911845719931874,0.6950836222789202,1.384853590160789,1.4883930638757112,3.981673256540847,0.1914093031942703,0.09949632819829266,0.21712876893232175,0.5768502545940691,0.20536679232348373,0.6814977876883568,0.7028072959660956,2.0553834190873856
62.125,388,4.921957653971661,4.437539595458129,0.17878804972396792,0.495128170444077,0.5292785256042455,1.5056800182795118,0.9674065005803442,1.369919643625703,1.6316558021717738,4.103347819864471,0.15968350257247807,0.11024768168056284,0.19536998347411474,0.4929918137019851,0.4337464503972161,0.9016057200457586,0.992629011177964,2.6777418674005613
62.375,388,4.9296494980720205,4.390868063139826,0.165239727572778,0.513860740265878,0.542717774641227,1.572496883162471,0.5824608458777336,0.8125656970706681,0.9776093757785433,2.453223222499249,0.1278887346663535,0.14431687079354077,0.19400518789838453,0.47638295528479685,0.39323820108388774,0.7206042590617592,0.8173990801465043,2.1509980337559864
62.625,388,4.922295029678939,4.4184751635150015,0.19321967923965197,0.501122141225466,0.5406434887859538,1.520725607870679,0.4146791873515257,1.1281241064239194,1.1764614775272924,3.336725663438319,0.16880662541841274,0.18290614092367824,0.25061227393474356,0.6141798824730977,0.32351737468892383,0.8591180560229392,0.9175558619470525,2.591623722246306
62.875,388,4.886584955194569,4.61631545620537,0.20129257094267222,0.5413819335373253,0.5794380051472217,1.6402127068090668,0.9947364991045003,1.050860906139323,1.4200443864966434,3.477257380036504,0.14047895158423332,0.14519532042694935,0.2031654975673662,0.49725940457294715,0.36988156101135633,0.6855583992667998,0.7800734548957117,2.0573366294007664
63.125,388,4.765275917702612,4.147973184614675,0.30455065381926266,0.5013693820119477,0.5888347440935313,1.518389937152014,1.4267708103994834,1.0905459112211904,1.770931537643631,4.406702875680007,0.16102165397254337,0.12554664339512311,0.20527358427465198,0.5096157970718174,0.2165360220933074,0.7237745064687374,0.7584573525665051,2.2203343355218577
63.375,388,4.721588709941222,4.1390258446799155,0.23010847797651124,0.5273797370431437,0.5785248430639047,1.590565214853918,0.9930930191439696,1.5564871285107638,1.8074765025247446,4.620250566335095,0.15292329741978017,0.1517451198427581,0.21673663684070987,0.5303431349192003,0.2760178958775592,0.6964406604462839,0.7485709734791008,2.0952542731368022
63.625,388,4.777418142497849,4.2225782068976025,0.19315703728081166,0.4823537581067393,0.5231923910168241,1.4616752946414424,1.368105161086777,1.3257960228970354,1.8743561232588475,4.587480807887981,0.15026754218911523,0.13353733284040203,0.20217588495273237,0.49636666289435477,0.7258322691237241,0.7123012967441096,1.020608101925873,2.4975523929656616
63.875,388,4.863981944373808,4.471630050097349,0.1839383729377119,0.436765901848566,0.47701156444564025,1.3203013449218601,1.4037551304268616,1.274147857837064,1.8596563903521033,4.5607219989466845,0.15191519429239844,0.12006267570729673,0.1947849573395538,0.48285831822890235,0.758477626474213,0.8440977408133932,1.1325118545807997,2.778800581770511
64.125,388,4.755283006948569,4.58310984214577,0.24892436862034073,0.5238310020105084,0.5828734093061496,1.5761846326086375,1.2459553146001707,0.9154106611752324,1.5238670917526822,3.8110157257380375,0.12588673258799316,0.12484335209978588,0.17834417110339507,0.43639979305830345,0.7326908756033628,0.7384202751026295,1.040770896985669,2.546712095473723
64.375,388,4.865263733653546,4.530227300875706,0.1837544790386752,0.43044586662616097,0.4704824355504843,1.2989034575133238,1.1404558957390631,0.8890895722022563,1.4120818586589792,3.5057079517981116,0.1565050711011024,0.12318416756490758,0.20032497068902108,0.4968111499169559,0.6623886606138639,0.6818801891668191,0.9435647604668043,2.309290337993995
64.625,388,4.868087455769529,4.544716904093078,0.19376976270585863,0.4099449329860801,0.45551163195001415,1.233068311425927,1.0694233940224107,1.2924751879378436,1.6597971623147059,4.096130401105397,0.2041999986277062,0.14123465616371378,0.24967498761210988,0.6298512711766601,0.6450090803838742,0.8732758604803279,1.0881831650677192,2.7195028057894315
64.875,389,4.9025949830465665,4.657313669170579,0.18032081033859884,0.5124744985774395,0.5474928708230609,1.5641837954794697,1.3208654776864863,1.4152369840635248,1.9257822988667603,4.7176474403886255,0.18626927036484398,0.13479025047278226,0.23144087512866748,0.5800082598067468,0.7048198435894699,0.9017273390981227,1.1503179386146922,2.8550038574632075
65.125,389,4.941924954580259,4.704086913027209,0.10142085728742933,0.4503225118168198,0.46644277251617183,1.4101692648459434,1.4638564529836795,1.3254121240974133,1.943837025438359,4.767726736756193,0.22333773264936063,0.14933219031015824,0.27069535902763786,0.6865305475075356,0.6441145792785546,1.0233440955787068,1.2051683482574622,3.0879526569296396
65.375,389,5.02972482449872,4.641891452555206,0.059382334087832965,0.5768534125829421,0.5839413963163063,1.8367347275316117,1.1755485524610925,1.4478867176164998,1.8324929910605674,4.530209501177293,0.19399887721877487,0.15153818257402665,0.24795970109798612,0.6154618341976169,0.6789273806547657,0.8874532661128617,1.1087874685411236,2.7587595708619075
65.625,388,4.972089025082858,4.70217018786269,0.11030290126365888,0.45844143473984844,0.4737415206018876,1.4231465339178706,1.1786871689115355,1.117515548364657,1.598371789382403,3.9137639976683403,0.16404905751953883,0.12003745931363108,0.20474209027230725,0.5123174822618456,0.7046663491501439,0.8999074949982453,1.1316775766858478,2.808177991936144
65.875,389,4.974538977963222,4.544992957396061,0.06652305968116907,0.4699958418723062,0.4756798868430863,1.481375258406434,0.6474520069490858,1.204059425147356,1.3383325826219716,3.5319874035794068,0.17104403906551258,0.1340708896758323,0.21878704862525436,0.5428437422050649,0.49147989406765474,0.8411160957382767,0.9640669618025708,2.5039172991515675
66.125,388,5.008282017304776,4.660971116420327,0.13826059986334818,0.5239876284622427,0.5441849798956752,1.6184930845243615,0.7141337653178136,1.4019552417974877,1.5540149019644012,4.145115893460194,0.1559584928473932,0.13462024270869116,0.2072289475263475,0.5097054714899117,0.43727096202836124,0.933300829038294,1.023440197206264,2.7752462465082774
66.375,388,4.9926787267189185,4.479529136571749,0.18565739053797023,0.4863540671990295,0.5234790712165973,1.475046641888623,0.6174820772736349,1.444905295100551,1.5528224621713622,4.286148485090144,0.16708358040361368,0.15271720454603782,0.22773995189375457,0.5583474143879126,0.41695170445386726,0.7035185831993561,0.8130136414034579,2.1059981969274553
66.625,389,4.991415296055592,4.623201801219948,0.14542821804024397,0.5545458873186208,0.5767764240729654,1.716639048171354,0.5347216333661599,0.804429851040618,0.9488447426457294,2.4087394555966903,0.16612149155719572,0.1429111651529604,0.22035659537816693,0.5421227823011997,0.4442605480074146,0.8516285520298452,0.9554003499413972,2.5364542647840778
66.875,389,4.948322286263473,4.815241971372626,0.1593471028835215,0.5756824767069624,0.5995246557663141,1.7729042564577058,0.5514896618472265,0.7512360378743558,0.9117328983813949,2.280386969926245,0.16801699649469823,0.15269271940272952,0.22833577692547266,0.5599510764054124,0.5325471330069942,0.7422050927871389,0.9026929810462471,2.2649119828469146
67.125,390,4.905017108225976,4.657729046026835,0.23144511715401536,0.5794156260497573,0.6265346509015919,1.751185604974637,0.9286794123110099,0.8256625613369749,1.2148360754678658,2.9824950706239948,0.167657531481948,0.12065256870527369,0.2077255318633915,0.5209791717610917,0.6523973084057944,0.4770219198713601,0.7961933476684365,1.992477901396692
67.375,389,4.887677960118711,4.6853305665809115,0.20359588130870016,0.648513920632995,0.6830760220389928,1.986156905225057,1.1221706514473357,0.3510070703841835,1.1474922839428405,3.338291653491736,0.20557161693065407,0.13055673260773343,0.24496144120149482,0.6266703978660979,0.7723899550686979,0.42346534892400145,0.8630989725367065,2.2692008693173626
67.625,390,4.811381505937973,4.613094635666704,0.20466631753383852,0.6313574234282836,0.6661879933217554,1.9279213405146942,0.9578174123748988,0.6463886429444583,1.1301234969059932,2.8619238935632954,0.17176525437990325,0.17004493126582423,0.24317316296979152,0.5950379083264676,0.5759805893683081,0.5324942988568414,0.7735050684310255,1.8955180504489257
67.875,390,4.827678201746089,4.60238783707335,0.30551114342350283,0.5242705636548707,0.6093551523724077,1.5834524851783625,1.1391122279783334,0.6992644035898257,1.3034729447031757,3.354764712235519,0.22223353032236343,0.14469975352431622,0.26675456224312133,0.6795144220820541,0.8870467995293884,0.5416481609212116,1.027933293602655,2.6481468552560212
68.125,389,4.868988655995278,4.826179784661457,0.306533827029578,0.48150134082544976,0.5720549672482655,1.4628426804592516,1.0282730221848326,1.5436011010996193,1.8089270146740604,4.590533763669109,0.1875124960498789,0.118911719354592,0.2232741506812495,0.5713361235133807,0.8124855670130369,0.5004389282523778,0.9456507469951719,2.432358264864956
68.375,389,4.97203385746524,4.756917249378722,0.30054250987290915,0.4252601484860935,0.522133729069912,1.3129314895527835,0.6970212496074932,1.4589087718951383,1.5767472606676696,4.259263857868943,0.17846994127660426,0.12226320675635977,0.21754739869919046,0.5496141875636406,0.41290260659059275,0.7024353018400706,0.8099468036805292,2.1012753502853645
68.625,390,4.905897672462853,4.908826280866298,0.29555549021485644,0.4309770445222327,0.5237574429526508,1.3230115137273113,0.8552150950083817,1.210026428162712,1.4567076150870908,3.6629282888567114,0.190231945230738,0.13157568321679158,0.2324567198149757,0.5864136387157813,0.4536432281023881,0.7226580582681206,0.8481366493321627,2.1741677321450323
68.875,389,4.932721122216915,4.689807500875986,0.22102084200949518,0.4179633407256365,0.4742177484540778,1.2556174026500493,0.9901806093947122,1.0873559673374242,1.442853999976781,3.538006813930439,0.15685314020829536,0.1384725476443248,0.21030520744780037,0.5165222949781407,0.6023812619572295,0.6083102097682382,0.8508920288923241,2.0821062029998583
69.125,390,4.833128922339607,4.728055377387061,0.1259972363457037,0.5406368675697248,0.5575145119570699,1.6800923546675495,1.004936896026803,0.9108138298216286,1.3324032326735573,3.267882351614423,0.17761005656146206,0.10249882713381242,0.20600530564905023,0.5363034000156568,0.6077663537002312,0.5285302881250562,0.8051926632369786,1.9794716454041135
69.375,390,4.885533125432492,4.233166754199103,0.1057568517514808,0.37195277111575087,0.3887991028817103,1.1458741838565516,0.7361745712961069,0.9075489981868667,1.1467225394963245,2.8351259584110937,0.14774143444711316,0.1176341747653593,0.18975139011778933,0.4700120819918181,0.5360644207347365,0.4117754378392846,0.674463941079673,1.677314802194325
69.625,389,4.875458009788308,4.116607316117353,0.15187236192992534,0.4333162614472073,0.4601065971303736,1.3153612922402158,1.0481930635671273,0.9531326637787841,1.3858152039309268,3.398365957882279,0.1424587032778644,0.13275473496679818,0.19549103014524935,0.4789251127517492,0.5135304828526721,0.4533297093183729,0.6833691550093791,1.6784010940173764
69.875,389,4.923816088699084,4.118135124703523,0.21130975592952125,0.569419696413985,0.6088214338039233,1.7239585639883181,0.869809188626503,0.9141946066560722,1.2205363018859,2.988335923092146,0.16614640514246434,0.15112014982054575,0.2254193520612345,0.5527777886683392,0.4683402018506995,0.4145332508810687,0.6217224898889109,1.5267551226574787
70.125,389,4.890747742251986,4.25268429864037,0.23654953121935363,0.517265065532756,0.5710914321430396,1.5559623722207134,0.6255984746066088,1.3252918946303531,1.4207427558433936,3.8469472851068818,0.16877635508808164,0.12101626443600634,0.20881309538439544,0.5239765400926752,0.442390539820318,0.7274199817673581,0.8416269313547257,2.169776242469612
70.375,389,4.687753972400181,4.308273813655191,0.183352621637928,0.5214175745447353,0.5534990942658131,1.5815054411244895,0.8110837881591578,1.3439064792062634,1.5220172393086655,3.9293655037921242,0.17915830669994356,0.13843268002659218,0.22738092756563513,0.5650811693865397,0.7604535354936918,0.41290756846800014,0.8538146276506016,2.249024156224308
70.625,390,4.7350203376808455,4.501548650062358,0.20853063508198813,0.5840082264429787,0.6217824522594262,1.7721405998957787,1.1275344472233264,1.4269600313662807,1.7810240219440245,4.41513090720762,0.1967479316405975,0.1771195774092549,0.2654547949474303,0.6512748210636367,0.8824326848267209,0.562249800272925,1.029004295296139,2.630954995641376
70.875,389,4.676802774886028,4.314230301251271,0.19380686390828186,0.5270597351666212,0.5640519058285021,1.5996893845192324,1.1657730351563658,1.0344691326232125,1.544171198808463,3.7914437000695553,0.1854426710343304,0.16704060567625414,0.25071707227204204,0.6150986583186974,1.0158104546259887,0.4555893059639991,1.1049696957736566,3.0219162931850163
71.125,389,4.688628732298304,4.223283344795002,0.16812899581809027,0.5607026063382995,0.586629370892888,1.7167875058071116,1.699813865031821,1.1130797569002024,1.9991664515639749,5.087700468659779,0.18417183470131204,0.1565282427546604,0.24266529564400402,0.597541559797478,1.1362681348938992,0.2090946935177166,1.1453165628897766,3.517676145992174
71.375,390,4.748266680624925,4.404163557220152,0.2077024813806368,0.7045158038463635,0.7358730551861439,2.158504855045015,1.2963713132768275,1.0886349169505503,1.6831209399450904,4.148474374841475,0.20182252808184217,0.15491278144614443,0.2554425580623673,0.6353127862556336,1.0283138541183336,0.28893534528852494,1.0697996813973785,3.1576777457456524
71.625,390,4.754849384674075,4.658438862615974,0.21399344863375236,0.6101119060065449,0.6481140673648133,1.8526201317345212,1.222803987919368,0.9351489220577553,1.5267929131981588,3.798954438787661,0.17757002281561135,0.15849447927023994,0.23910656700437427,0.5868935244472052,0.8550745036411989,0.26006325505748834,0.8889288472371467,2.596378409499641
71.875,390,4.766855848342404,4.678737765933048,0.23038812962667354,0.5800918182841122,0.6251601933088105,1.7491640203375007,1.0570043952069887,0.9342344179558357,1.3978322408834123,3.4329229205006158,0.19203308175828054,0.17604161860071327,0.26201062270871806,0.6422876778566853,0.9235883302492238,0.29652036709875407,0.9615525783008138,2.786709875485965
72.125,390,4.800872901328903,4.666833167003801,0.1291408731121479,0.5773954921283929,0.5931740553638968,1.7944416269493386,1.4687869863748586,0.8107295966632665,1.681458972052877,4.414977933842234,0.18761762687381392,0.14521072693762463,0.2386106409906371,0.5928749296449243,1.053571275155869,0.16025655461837177,1.0598960514358924,3.290259694234556
72.375,390,4.85451422745068,4.617910012480147,0.1198838224354363,0.5270140951411886,0.5413457906227962,1.6351131340979494,1.8582810194328507,0.5662251407659583,1.9349716387795761,5.65019715489002,0.2114217422549203,0.16083703428057455,0.2671912853376503,0.665245892326263,1.0047606317050846,0.26542405044024675,1.0349360374197623,3.0776545768656494
72.625,390,4.759426923495222,4.934993199984685,0.0631019990487514,0.5383588193013829,0.5416403877156934,1.69795926593513,1.2065278604606327,0.8699815615099379,1.4758221373513296,3.7003582875064214,0.1771762671680657,0.1575758954653735,0.23838820585582757,0.585246141797018,0.6417311497960286,0.28403722344586496,0.7002547741404228,1.9199704443261754
72.875,390,4.768475207480027,4.98960190094588,0.06752389820680646,0.5534948154464193,0.5580902673949651,1.7474053005352463,1.0685695127165054,0.948449012218842,1.422736737857711,3.493233208877352,0.16524680470593084,0.15310883083974394,0.22641928938356382,0.5548076111015813,0.8027028795101633,0.27024652913331365,0.843038600450465,2.4256152670576707
73.125,390,4.882100992135408,4.649869117431111,0.19611482962968285,0.5288027514656246,0.5642959104778182,1.5980492387180312,1.0146249806619407,0.7693770630291742,1.2775658913393384,3.1821060012407214,0.15502279425875598,0.17792723228966908,0.23720754197014676,0.5830744842976974,0.8167208393327097,0.1753443715278009,0.8327410294540849,2.5282242231988934
73.375,390,4.9269793985074255,4.7618882565026865,0.21691769629127614,0.6093626158171941,0.6463097492134302,1.8429807895966743,1.215723015152042,0.593227562818521,1.358159160491231,3.653564446744582,0.16295131348881772,0.17234465634920873,0.23826239475615718,0.5834503330673725,0.7528671937873649,0.14830663647296116,0.7639943349103844,2.3353793482893104
73.625,390,4.842979939076223,4.692689314922482,0.17544585743729105,0.7374435988647,0.7597796647118474,2.2850021649220404,0.9533375400839882,0.4713982277070169,1.061310382784025,2.8475586628543224,0.15645980933078724,0.13947432158409753,0.2105833820361541,0.516918516005394,0.6387258050286235,0.20212611235464265,0.6676964229014323,1.9391919799515738
73.875,390,4.887573817359484,4.780397786504135,0.13470476123885436,0.5562147892294862,0.5727804498094998,1.7195218582569503,1.446533210264208,0.8593265218537335,1.6773997569770742,4.34317301165037,0.13482577869347318,0.14145803440586097,0.19636980906561813,0.480767905138177,0.9342646348387353,0.29878499182648843,0.9820884121396001,2.8478640740997165
74.125,390,4.813658416949881,4.686239159934225,0.14550842876856018,0.6612339818958265,0.6774838917354093,2.0524712686302866,1.110356016311801,1.175193600306477,1.5869691521396005,3.886200858112138,0.11454856834302923,0.15636804862283699,0.19509387096134292,0.4880994132532714,0.8445307249392292,0.4925950580515411,0.9680206869410728,2.5150306677923724
74.375,390,4.815840828326305,4.614757865791965,0.09523832789114027,0.6458703304030283,0.6544037637216913,2.034376592136756,1.260906369857985,1.4230017960302443,1.8641230937907063,4.577408117489574,0.16713358532635963,0.15377721406852454,0.22864096616397322,0.5604020539529116,0.9361266934268766,0.5653854623735164,1.081822888884242,2.7925539822317575
74.625,390,4.942716228617463,4.764323411888083,0.14007267621773664,0.6017521173346014,0.6186094762807485,1.8644194646939303,1.6147848991877065,1.329812855317267,2.0665435461711947,5.102066648712726,0.1467048802418746,0.16963613579580905,0.22556672595310012,0.5547366825224131,1.1109631244689155,0.514119775335926,1.2157560536414747,3.3047208927375804
74.875,390,4.874056510734155,4.430549844419781,0.08849352872276003,0.6356516028976371,0.6419479068810808,2.000521517942375,1.8188304026238828,1.4989231434356696,2.328559429190159,5.748584085294716,0.12404252554158231,0.19731671220241018,0.23439929574493068,0.6007217101362218,1.1763931126083214,0.40784392576019673,1.2322470612221457,3.528992802291921
75.125,390,4.95525123266834,4.288549998026682,0.29414085696617687,0.7134650259792058,0.7687427740437968,2.1362357052982124,1.4144763855411924,1.3122331574158321,1.9143454582858372,4.690610020718501,0.17723563381976445,0.2179501337813969,0.282302821259656,0.6977909361321882,0.8287051413839197,0.5454296908712218,0.9874817437465893,2.5109189680266164
75.375,390,4.744234751680164,4.4431810173054815,0.32593051467806144,0.7542924727013547,0.8184608679103493,2.2544090275630193,1.0363915336459604,0.8655187786371162,1.338180614754776,3.2997942545601093,0.159381067514021,0.21532677812070405,0.26913700849981376,0.6724176816349214,0.8604593851860964,0.5147139128810404,0.9957507574152794,2.57492325019404
75.625,391,4.773214342749581,4.317364098426977,0.17420903625093595,0.6384164715161351,0.6601877506025432,1.9557067530452517,1.5115495889326198,1.4190738426689504,2.0481360649961253,5.016441244542753,0.11627804077247667,0.22106895743429622,0.2509428483615114,0.6651374292232741,0.9311750600117472,0.5973908056203536,1.0933872500967425,2.7922598836763495
75.875,390,4.739715202854304,4.23075443211819,0.21571948943865893,0.741882596343314,0.7701476863741579,2.263191735659571,1.0749177697555647,1.2375657427473656,1.6243651248922593,3.993632691095716,0.1595416050255004,0.19590437584872858,0.2536951654037327,0.6269917393630191,0.664658966314677,0.43728219949280434,0.7887087696781685,2.005623889571798
76.125,390,4.746303106643242,4.593351772768565,0.16313094256132166,0.8037109444944552,0.8189984168873414,2.4978563289862263,1.4357173627951976,1.4452313751189783,2.01629752899922,4.933754489163346,0.15388901103105157,0.1723128038369669,0.23208806176542598,0.5696489732956247,1.004058396183195,0.5711229295866507,1.1426076011318893,2.98280647762347
76.375,391,4.899337205981318,4.467967515352487,0.22424356277288343,0.8505012002898176,0.8793260424870495,2.6154876234019158,0.8048352109166752,1.7132287023771837,1.8748342324497735,5.081291186299651,0.13495348786978803,0.1907647798672294,0.23496068053249758,0.5907338794467564,0.8516307180599477,0.6340851610933621,1.0530279170485706,2.6288882152580735
76.625,391,5.0067522615758655,4.61048622117909,0.2797060223604233,0.8529088790443929,0.8945559858964129,2.5842859141122427,0.7615944030936607,1.6438472067553778,1.8076562758761363,4.912550221078076,0.1606039842784769,0.20587719960511522,0.2623316252386841,0.6512308513829453,0.6721284161347285,0.6206391826127591,0.9106353259699264,2.2316652860672668
76.875,390,4.920831516861745,4.447084485186439,0.27579031052226255,0.8597560860151461,0.9010243797004815,2.611623195058558,0.9684376901045766,1.6560455708397714,1.9120502485634732,4.965309920933765,0.16401410941167338,0.20044555643361162,0.26003065126542174,0.642364300733313,0.5963568441296602,0.6423122121785401,0.8710373424395287,2.1341915527556488
77.125,390,4.843137345580687,4.728858843952625,0.26742840146573904,0.8263427933951661,0.8658393910242211,2.5063307262838697,0.8431724680439018,1.3233509337683196,1.5823437334059374,4.045741789439343,0.16137738107736802,0.2187726830189246,0.27314290022631443,0.6827350316749863,0.7072230857232712,0.5131821696266708,0.8747749147168489,2.1914140299653475
77.375,390,4.760612265759998,4.764222471238369,0.33733625027351455,0.8760851376887197,0.9374074064502337,2.637380660642076,0.9672048420998138,1.8135368769827223,2.0711835730837187,5.474853168234698,0.16884378329852726,0.18986223124467114,0.2551114241584019,0.6263049056024788,0.6780320148488651,0.745547956128544,1.0048047142291323,2.464016640473457
77.625,390,4.748351846558549,4.6220436203471245,0.31264714819551354,0.9021557000147982,0.954273270884507,2.733083411645233,0.5081842027325536,1.7546342701691295,1.8398434149234248,5.409464002629801,0.11902137073333018,0.20466039853898138,0.237711392244614,0.6179460026982112,0.4185758417655983,0.7349009732022863,0.8451499352764843,2.2057276957284127
77.875,390,4.656102075043336,4.772307855340729,0.34358847855190694,0.9609640580500598,1.020147494070419,2.9068753432884553,0.9020932632798682,1.2657214139914807,1.5542473436063842,3.9034500458408417,0.09061498338423893,0.23147335800292518,0.24951836116163723,0.6999533311903211,0.7866763179242888,0.5703893409525654,0.9695728857470486,2.4291568525949847
78.125,390,4.83238433177881,5.011025664534813,0.2540654576794014,0.9590224738096823,0.9922443158596562,2.949721951724483,1.057955623912523,1.5694035324227256,1.8901902449779635,4.787558945781204,0.08145332238841814,0.2717319106484259,0.28469932009464566,0.8332179155845293,0.7530621165296282,0.650680531448455,0.9964552636455636,2.4507356726335754
78.375,390,4.770981313998848,5.251903526028958,0.21852305751888396,0.974838000651183,1.0014636700649349,3.0289632217597866,1.2694126730084634,0.981998842428039,1.5988079599504206,3.9727805646422274,0.1122512198579857,0.27519633666603743,0.2986781176337965,0.8316255400826996,0.5915164747640679,0.34345069101091275,0.6853137517289782,1.7820541224911297
78.625,390,4.738861236495428,5.07610467147789,0.3094769785358759,0.9342804096292654,0.9864770983171101,2.8454758133967384,1.2734493277524235,0.9124516415402928,1.5662379118981145,3.930565505953128,0.06917734743737955,0.24316640422673447,0.25380169689380777,0.7479550790809139,0.8848395745847127,0.352184730757596,0.9570203785077355,2.676638747903463
78.875,391,4.756773506061594,4.95294875610798,0.4144448404980569,1.0320289567928056,1.1106885469336254,3.1014000891055287,1.3884579252380804,0.7738480178927062,1.5845142629964666,4.152642029532528,0.07765999619508514,0.24088350943328446,0.25410230403479933,0.7359652985369779,0.9599123184905608,0.5637601771786075,1.1176803631095447,2.9001134329619522
79.125,391,4.811717273522232,5.161350474202173,0.44092611087534855,1.0656508312070225,1.1559678701860876,3.2101316333253425,1.1851585425606717,0.792476019008711,1.427103382554066,3.6193577918992035,0.078365459748517,0.2151193061899702,0.23002105178154794,0.6533907971789403,0.9448324941902392,0.5908123757664334,1.1259449199484095,2.8883017524867443
79.375,391,4.791815223539871,4.763230623441788,0.39166435160761304,0.9917640100857164,1.0713325004706695,3.0005936227011136,1.2924128699031843,1.0367291956331566,1.6635052122105392,4.117340101158922,0.08217459425952,0.2231082956102515,0.23874923019165722,0.6769197938344129,0.9549149242717844,0.5555514477418939,1.1131158231356015,2.893404219179159
79.625,390,4.678241283147817,4.796412352869427,0.36052472019165616,0.8797123702684333,0.9528595745559121,2.650794023977761,1.0830063594095767,0.9503232077944938,1.4314113042300018,3.5169259315688013,0.150326685231422,0.27119995313253825,0.3114592736508884,0.8171261522219382,0.6841505582220803,0.6879209184335657,0.9722961097891015,2.3791402928366208
79.875,390,4.586895037317959,4.311779198800325,0.47431124237642347,0.8195136114179171,0.9508437149644656,2.4740211465952107,1.0612402187702006,1.2055561103054993,1.593054558828742,3.913310867142139,0.15217750481557274,0.294417337018115,0.33338626100272567,0.8867021186662754,0.5986820869532646,0.7682700273330659,0.9750184209540812,2.4207472314273457
80.125,389,4.702164520703657,4.573344534054976,0.47519001442094466,0.8264976096312796,0.9571164492815835,2.4934775632875428,1.2373961269193132,1.1467821783698215,1.6957099411564516,4.155054280560811,0.12550707854643478,0.2884689452308809,0.3160800055664244,0.869487400765336,0.7822414907490323,0.508584021347874,0.935146840162915,2.38272556683145
80.375,391,4.728025711289411,4.761463948374032,0.5103042859695985,0.877615199684145,1.0181165728293453,2.646735239871922,0.9559981088859894,1.4043555057818067,1.7214161936742498,4.353318661748499,0.14408803628702152,0.2524709438510233,0.29198176160164296,0.7617413258694328,0.4836917572174529,0.44704227269055546,0.6607624386696662,1.6192537951476846
80.625,391,4.677543233157986,4.795232472316765,0.44738237593974806,0.9240500046149033,1.03575803830382,2.790586556579294,0.9744803532517622,1.2030930215878881,1.5549597377112394,3.8449860717004616,0.155104017593597,0.2450640298788898,0.29152809038078614,0.746246303217847,0.4191210901459119,0.41310976937874183,0.5872044341517583,1.4369101715756236
80.875,391,4.66693589959981,4.4851794488474,0.49018109951277633,0.9606994372347185,1.0889800027230956,2.9037453909282536,0.5032950597266691,1.2460131409894466,1.3518800461828855,3.7708778954524114,0.1847275737727894,0.25129229042718254,0.3135143470551548,0.7840054249413956,0.3073914998749545,0.3810947246088945,0.48896933025169814,1.2095809768631607
81.125,390,4.6098870368209495,4.56485245945423,0.4652685358462572,0.7420341319553635,0.8819593646141445,2.2613321903861148,0.8897613942584703,1.1464223245799323,1.4452371841231206,3.5898344954016377,0.17904649227135166,0.2352221417667535,0.29693879495093634,0.7392585071145612,0.39308703272438905,0.335322601049962,0.5135501187782664,1.2642177868168347
81.375,389,4.629152640605332,4.631076798878538,0.33763729070802095,0.744601132383276,0.8235223420744677,2.2474208118752292,1.2497500168843023,0.9743302690321682,1.5680056958908566,3.8927964539556017,0.17345471735411097,0.20850632623259924,0.2727185008703667,0.6727131987210861,0.6394003575649824,0.3015242067177747,0.7007176926976073,1.89770713864664
81.625,391,4.846311198667988,4.991163378547522,0.42821993405704106,0.6889264816197007,0.8173309324373051,2.098870239607309,1.209221351720176,0.9789659710637283,1.5427390917882489,3.814948781879075,0.15034884599087567,0.2186985433499958,0.2665305603351688,0.6729994055264287,0.4816561863514046,0.37637678789890716,0.6080621846231272,1.5092106396160099
81.875,390,4.6885792898195096,4.729262150616603,0.41575369888964947,0.7512437315487538,0.8675031562563557,2.276631587060598,1.4240724336820876,0.6505251532697901,1.5507205507122201,4.2259054989254325,0.16549337088339755,0.24267616919899804,0.2950833190625281,0.74603239159227,0.5805008237638478,0.22233714175294467,0.6188343999725376,1.7427135480599867
82.125,390,4.68253258730589,4.94004642277991,0.3123543764835634,0.7388008457067168,0.8111508022970446,2.243504636121139,1.4432428042393886,0.4184486355542666,1.485762134057232,4.3677847613615315,0.19827261157371684,0.1965162249465522,0.280441327840534,0.6862283778025584,0.4682234313693239,0.31421349535785215,0.5597085027566403,1.418683379325017
82.375,391,4.771153192521434,4.818394126741167,0.4768291014731263,0.7465012954143083,0.8949723434537479,2.2872735682553453,1.3325418482432814,0.7112176665027454,1.4969775100769345,3.9564395592246777,0.21624854913046923,0.2006626671627007,0.2963248594191092,0.726061758194794,0.475497513529481,0.25701705861394003,0.5367370988422766,1.4150638307037426
82.625,392,4.984092429857351,4.704194792975804,0.38015570519993114,0.8493649122536886,0.9393782548594772,2.5700716631572895,1.226750771721753,0.8734475661519069,1.4867368845123552,3.7344354912426394,0.19974958451132913,0.24263079740401294,0.3155542683633659,0.7790904468997271,0.4348460039249974,0.1131854164711622,0.44701477865153083,1.3315729284868538
82.875,392,4.995048091138794,4.767315181836165,0.23176225656813357,0.7104112566677796,0.7532281564451019,2.1777252976995904,1.5239395214026386,0.8858152322345116,1.7500088347601843,4.549686524631858,0.2086115494492849,0.2268215860793971,0.3096009348205676,0.7588482428419532,0.5531653322499591,0.10678896525046998,0.5620142726701233,1.7204858050778866
83.125,392,4.97892538517459,4.811543033030341,0.22809903120894742,0.6500374988017275,0.6957471172955156,1.988633370253927,1.5339589095887027,0.45555063523521117,1.5901563558588558,4.659750189493236,0.19846516432526895,0.20685918844839915,0.2881511924457478,0.7053736248057757,0.3562910911023599,0.42736454980539923,0.553360409118942,1.3647190611335012
83.375,392,4.88009177519342,4.672045036426168,0.23330131641916466,0.6561886142227832,0.7046736560710767,2.0098136070634185,1.2016366426770748,0.21896785216644513,1.2179278151862318,3.7430841119730696,0.18882218399728318,0.19271403737151435,0.2713352330815535,0.6640003720560458,0.45784550760467224,0.44958354282497787,0.6400183240797515,1.5661942877372188
83.625,392,4.890928272611393,4.510580767600405,0.28796285930397864,0.5774576219714481,0.652145872392926,1.7468240637985277,1.2985985781389577,0.3258485486984163,1.330036627791805,3.978018069323571,0.22346183025294936,0.19074737837374453,0.2952482732517338,0.7267841263765077,0.622709256014629,0.43364798229040147,0.7577918089888062,1.9096867670616122
83.875,391,4.7933209587228465,4.890207317752633,0.3299627597951225,0.5982798381522756,0.6903615296907497,1.8129591417826492,0.9769017762939982,0.5522939776686828,1.1229362533267582,2.9348828239542004,0.21759950287149848,0.1955976405490074,0.29377636132004437,0.7208145080303536,0.561132981547927,0.4189705675506394,0.695573181620549,1.7358718816001173
84.125,391,4.832882468458498,4.892352808969317,0.3527995106519108,0.6638638420654777,0.7575931551602999,2.003976519022479,0.8539010540728146,0.5406008924458868,1.011602845560616,2.5893446338173667,0.23483479328022172,0.1905080709830936,0.3038539127141234,0.7512335336197977,0.5183073548005851,0.37457396675225463,0.6371581371570948,1.5970566002399056
84.375,391,4.954584177920568,4.6780146613396205,0.33933842487359395,0.6263280643732805,0.7172877344111401,1.8902059446999466,0.6545534469647938,0.4537882147527119,0.7985306183807374,2.0137173396431165,0.19428068161755394,0.16181502525968922,0.2540631658253003,0.6266317183869428,0.5101200045017864,0.3964916691043963,0.6466110059016752,1.6058551869618813
84.625,391,4.946727408702238,4.6579035451072315,0.22960830215255765,0.8133746921601497,0.851181477735484,2.5109141985751973,0.7152414899865058,0.446422645470173,0.8467188091601324,2.1727347781755655,0.22189198039116637,0.19159300041143876,0.29470139420638514,0.7248390224109699,0.464788294141712,0.4076223713768288,0.6164776264053904,1.5147148429850767
84.875,390,4.812776148738703,4.7315853460517125,0.06513804221632923,0.817985751262602,0.8232558029035334,2.601503230327594,0.3520475153868782,0.5636428203645217,0.669666919909589,1.7181949919454378,0.20954898413556067,0.16739401440861473,0.2691001194171193,0.6663322347529448,0.4851416201858851,0.3318972569586192,0.5851524713564447,1.4786517195127054
85.125,388,4.7658614411492195,4.548211701103668,0.21629743832817602,0.8257248456849765,0.8578898785666385,2.5536407011022146,0.4681451728214608,0.4206969625092916,0.631187667777584,1.5487137187611253,0.23974011185805225,0.14720393252914166,0.2824306761406217,0.7268640187594384,0.5665026997027703,0.2557705147505018,0.616752823347394,1.684551775388027
85.375,389,4.7448913705844555,4.662424107822433,0.2997238805935388,0.8284280778423951,0.8834470083426441,2.51239070464911,0.31721898156460815,0.9899659568362673,1.0357692937501362,3.0026582971255102,0.24717756930922888,0.16961140279571071,0.3008286835701005,0.7598224483945482,0.24721519360257635,0.20351328106562108,0.31694002483650735,0.7825154587083732
85.625,389,4.9036346595325515,4.5981228506306575,0.43887951987062856,0.8411644006264284,0.9524327481782443,2.5284875234005,0.24137193295920698,1.128547663800414,1.1375669622893558,3.4547954101225598,0.2276627067562109,0.14806245869208687,0.27277092957693594,0.6949765309093946,0.43567900523875425,0.4035077171233088,0.5860318950738108,1.4360082774211842
85.875,390,4.788831696685163,4.796122022273705,0.23097287716326254,0.8010604564144255,0.8402894295406065,2.4720414837154117,0.47451241254800264,1.2317550268249502,1.302428405033286,3.6640532308600045,0.21704532013901087,0.1770902651742675,0.2815998822585294,0.6958332989473215,0.43174376579641477,0.3397062134415295,0.5427200928329139,1.3460101927365633
86.125,388,4.921100545053285,4.903551029591612,0.20262831048012872,0.8372500799195006,0.8680376661673768,2.60608320868196,0.4081921548444656,1.1288831523912746,1.1806997801534171,3.358058282969034,0.2343786554670526,0.20045987400585547,0.3097081104372956,0.7622674013213854,0.6550650186435135,0.23573874867932545,0.6862021602542272,1.9532012190097987
86.375,389,4.979719363473655,4.697490210769907,0.136081417851657,0.9336423494871611,0.950324245592755,2.9558350528380988,0.8030237389614243,1.1287008153034557,1.362346436299138,3.4223638224909294,0.20109296035945248,0.21163189985939912,0.29314344235629775,0.7177493065655083,0.8339286826884739,0.14106237516708964,0.834124823441305,2.575153154355189
86.625,388,4.971829154219309,4.485976012306689,0.12407340181179165,1.0001105129564865,1.0126926120757522,3.1690842947644935,0.8301181098951158,1.1669629384836786,1.4268610752544515,3.584511243680009,0.18452698955022212,0.25119326337939,0.313031027823307,0.7828693488535223,0.8086707899580233,0.18885946136936368,0.8253499887520727,2.4867208486138814
86.875,386,4.788919424508049,4.469403561036235,0.25168123836345985,0.8731114962459288,0.915143777277806,2.692347517733556,1.0052278908870305,1.1561699587000318,1.5145976134899253,3.723511779439795,0.19239514640636052,0.230478312937638,0.3012377087912633,0.7428435314533665,0.7502002768271443,0.15591048003746488,0.7626708063550048,2.3217237467549316
87.125,388,4.836429132132944,4.746143471378483,0.25921392856970743,0.8257979639165093,0.8722674420158826,2.536317420048667,1.1874275311234654,1.3862921701680007,1.8001860588719147,4.430217107231711,0.1935118420386552,0.2031135438282099,0.28134772528957497,0.6888240100536258,0.8457992334037882,0.15205862548471333,0.8544062823482761,2.628134886216738
87.375,387,4.838582041809865,4.781877103465848,0.28826826103945,0.8193380246150007,0.8737002218293276,2.4961936629854624,0.982330009083274,1.351857034431732,1.6525567944508168,4.139045377114921,0.20968228688451868,0.19949966046162385,0.29055143371525083,0.7113803352026682,0.8267989354036873,0.20864502692607115,0.846352422612294,2.529807961920226
87.625,389,4.816198716796536,4.809952787616953,0.3338404954788663,0.8064232967978835,0.8809453828365414,2.4461565120601887,0.8680318171002528,1.0992051794313042,1.3851869947117805,3.4340784092699814,0.16712941624388195,0.2118735697175847,0.27089318092952847,0.6716632345210133,0.804401986956429,0.36740482977662753,0.8754840942453781,2.385866978288313
87.875,389,4.890817381468257,4.832522872484205,0.3884380367152361,0.7980486257586115,0.8957849519347949,2.410936156495628,0.7187078219459119,1.2400378888420946,1.4201962423635113,3.694257919008796,0.1868486259730992,0.21839122586266133,0.2883829515215641,0.7097634906667541,0.476792797302905,0.4338766989328809,0.6408929702591725,1.5715767123419069
88.125,386,4.748307897759656,4.658126605316373,0.35269510469471405,0.7695223106083252,0.8522725693988052,2.321043459580026,0.9926764811076039,0.9727690050950017,1.3869289468204071,3.394030418711318,0.14659787492744164,0.22586761997923305,0.2701510642655746,0.6885372385803251,0.619703569901445,0.232189157815487,0.6596813824281055,1.8648876300603512
88.375,386,4.764214874576423,4.633200181206077,0.3876431912736619,0.9249917983079136,1.0095768721287812,2.7969369302284286,0.9674119218021603,0.9919677259498546,1.3830175751735372,3.3846373643818066,0.11746561021650372,0.2425462486680516,0.27020816877819326,0.727963306526093,0.8624189937518746,0.13323773807295727,0.8687253067441056,2.694797754525165
88.625,388,4.774948495811972,4.625664867983714,0.4149731054455425,0.8014811162299619,0.9069897526422399,2.411496302318951,0.7098768542164962,1.0434211411263938,1.2624853333491992,3.1930176553440135,0.1737718054688688,0.22703436160419732,0.2867095807428484,0.7133171747273943,0.8187076371650435,0.3265965313230768,0.8796271198418356,2.459178726697598
88.875,387,4.853029790825928,4.6131195414101605,0.39549490236156054,0.8057629117347769,0.9047639104557778,2.431077493754894,0.8020343079768634,1.2533014352919136,1.486282427894936,3.7972642216067194,0.18514578358479467,0.22104883692843466,0.28937823735311385,0.7133977216529362,0.7152104681169116,0.424013800875361,0.8270592177662562,2.1422564935359927
89.125,387,4.809503822129598,4.867686165818017,0.4336241629778396,0.7560525483027858,0.8815014413239893,2.297555819988755,0.6367628418770412,1.320244759293872,1.4624446334718764,3.943154011673017,0.17410551879456695,0.2065516564802182,0.27094374105888,0.6676060277198508,0.4806049622145795,0.6550516771466576,0.8101917743009076,2.026572317292751
89.375,385,4.831966246254996,5.0114491422204,0.4876750648562957,0.8748040866906756,1.0126969604020277,2.6539281205908143,0.6761148081912658,0.6753643666277668,0.9434407174515291,2.308516962537413,0.16035154472848492,0.2310774649696989,0.2822021262770558,0.7115496946764309,0.5574028171746827,0.28602122471529373,0.6234814364033346,1.66064408260398
89.625,388,4.714349111491252,4.618846049305876,0.5407540493879135,1.0014484714475225,1.1517275637574083,3.0370408955813266,0.5664893071899787,0.8100337721675929,0.9805773490070012,2.4695510115896977,0.19740941238365795,0.25758296107606393,0.3256004769768958,0.8099504487952945,0.48882099970518744,0.18791148859981852,0.5205366410031975,1.464946479097446
89.875,389,4.736337720833486,4.711680800500537,0.5814281890262917,0.8471956845325097,1.03938815292062,2.625187593521024,0.3497162815525918,0.2112020626360698,0.40861906253157204,1.0547975494576844,0.18344183521011176,0.24875176619197706,0.3100165761195651,0.7749304969257319,0.3266420463523384,0.29943315456732944,0.44300726000202706,1.085980470257381
90.125,388,4.607773222214857,4.649564511199428,0.5829114071629979,0.7785284972323986,0.9824410266273867,2.450905498871861,0.40390587742081185,0.41911376362094144,0.5797160335388758,1.4189834661996967,0.15851601340576224,0.2513292260165146,0.29796270414595044,0.7631830235380275,0.24778529113726572,0.4771980304156192,0.5338005779343714,1.4184590913234107
90.375,387,4.7346549367124755,4.660646066964474,0.5781847534430353,0.7457912930834659,0.94892881941828,2.357348283022866,0.431068449497719,0.8265087195730016,0.9188714314777975,2.4395732692441525,0.1897511166689374,0.2566292998988347,0.3204356824804691,0.8006951278118645,0.38151163573700636,0.4012594269051055,0.5471207021701833,1.3395816766059516
90.625,388,4.716220672348366,4.882644404424069,0.6776744799415145,0.8550263431290194,1.0992413068291613,2.72411796690566,0.4516915077247782,0.4591023641877601,0.63208547465297,1.546756717143521,0.20136654436547272,0.26933180137981994,0.3376300727335287,0.8424446893538202,0.22902175328233673,0.3016387637233034,0.3741255115145338,0.9317095017240596
90.875,387,4.738456699537051,4.538977014559221,0.6454355635681631,0.847119764280502,1.0713727964887894,2.6669755593816813,0.5087263485371502,0.7438403045398478,0.8816018626845846,2.227869411064504,0.20125888123278582,0.2560266345042159,0.32665520666063047,0.8102264713493772,0.2958461607497638,0.29711436724444007,0.4157201556291344,1.017235087294821
91.125,386,4.826312426310162,4.585074065743374,0.6148507099348036,0.6926432036250219,0.9309472515480508,2.2857321098757772,0.6552647428086286,0.6219451666059365,0.8777377855629196,2.1491631339614337,0.23418430055067227,0.23254648262289804,0.3315124215875168,0.8111913583592528,0.2709803710948824,0.047546714864594435,0.27189381006104674,0.8376002087206984
91.375,387,4.775559690841698,4.759777650558993,0.6671269780478163,0.6019002320534482,0.9054945812457033,2.221323407517752,0.9740336635592832,1.0230982956179369,1.3813945123145523,3.3821273404494923,0.23490455286098183,0.16829732861728114,0.2901853514639975,0.7282471987957979,0.23839729796331657,0.3758121466229156,0.4421988648199965,1.131480672166589
91.625,385,4.730911974388117,4.552746134856197,0.8189943378352138,0.708127193044516,1.088997554443939,2.6782144050714654,1.1285385947490887,1.1722902646429545,1.6113767024233334,3.944278561405449,0.23005308526805357,0.1921573927645095,0.3008506651092462,0.7418509888650257,0.30954610385840653,0.4417890621984757,0.5391845575514677,1.3575342594415019
91.875,387,4.656960236726129,4.693727345522984,0.6524484189755806,0.7454121772479751,0.9958861478025848,2.447241574945456,0.6335060343879985,0.9330333614907984,1.1149377101024056,2.8207386814377164,0.26121526162205444,0.24083940210142307,0.3562153439558688,0.8730169145825207,0.333561475133745,0.3192430085174868,0.46029373635670856,1.1268232863449221
92.125,386,4.698541815452612,4.945995557398265,0.7051166679424806,0.6773624855020868,0.9833719241962829,2.4071642847103156,0.5173320593379386,0.8991736799095852,1.02672077423561,2.6744594823619083,0.2763689029524776,0.20923438471990335,0.34744461037714813,0.8655692522415157,0.21194358435400493,0.5263830925972537,0.5681074365705587,1.5855770685863269
92.375,382,4.7164876474367805,4.877839462522335,0.6338711970623206,0.6709495885228014,0.9299121816475183,2.2771929964484157,0.5950863344276786,1.3781100889417748,1.4837789113139015,4.087511508755805,0.25052941499162346,0.2332506128975388,0.3429246984975222,0.8401428306857781,0.3312543200805198,0.7080671661268532,0.7799769414575592,2.1156632780520033
92.625,385,4.660537087748333,4.949600466548725,0.7467297872254121,0.6977242392526791,1.028085002046427,2.518437131579185,0.7707132149244713,1.3527448456803834,1.5527843640707968,4.052323867109071,0.2093323859252857,0.2472134060712345,0.324743130764315,0.7998792965992502,0.42536945331545417,0.5436467945201261,0.6888769903670009,1.709546227752072
92.875,385,4.642195225597635,4.769507692001425,0.6296244355578438,0.6780964358714512,0.9336837387121022,2.287680352145519,0.5597964946232091,1.0093854389681907,1.1427686861236634,2.9977975584446384,0.24101956221127566,0.255784112396108,0.35252537724547817,0.8633364720032829,0.2603782173855745,0.4372855097950717,0.5080122992837218,1.314792895804853
93.125,382,4.673062791495825,4.635616624778176,0.6610387141843742,0.5327054193995032,0.8591393234522512,2.125476858796989,0.6262231183506499,1.1834717886245747,1.3204397484907977,3.4957781379094515,0.26151625073785173,0.2434528734480265,0.3581972430235516,0.8775628869098864,0.23989678198066614,0.28894141793557465,0.37365825955046666,0.9218566903505615
93.375,383,4.695846892680388,4.567844324914808,0.6208621939274873,0.5816495116378628,0.8617057943347616,2.11068935325355,0.4660174324935822,1.218088599374609,1.2922371926142218,3.639814982953135,0.23042093362549654,0.24101753311664464,0.33449587861071833,0.8188826408411627,0.41220137679188795,0.49513843535917235,0.6422157180121059,1.5840512325658491
93.625,383,4.746913381747664,4.820211270508779,0.640431825714636,0.6534871138198467,0.9241917108227369,2.261638844969356,0.4053623049275542,1.1953038568220216,1.2509043198326508,3.5950313991659004,0.22490494760803464,0.23489134256231806,0.3262476264913247,0.7986641130479404,0.46665055007456807,0.6038946384530806,0.7614345523772823,1.8922827597834393
93.875,384,4.789912591323014,4.756201185049277,0.6021319177604788,0.7274551704631378,0.9539145206119272,2.3540425740146778,0.35725968651052653,1.1988810930876668,1.2451225342024534,3.6469810191035146,0.21429895993842699,0.20979599453836156,0.3005732677661931,0.7355566768546122,0.26549981316593746,0.5662044735831037,0.6295835672430228,1.7069528426207736
94.125,383,4.636015081562818,4.612363504828286,0.6756054121898015,0.8060854083982589,1.0616297608248564,2.6170694133846557,0.5511870123952841,1.2555134308796436,1.3625509048386437,3.741722589593662,0.2031332681829594,0.21770712997184272,0.2982944394168883,0.7307477446403451,0.2849902663887612,0.5853035461617754,0.6550677565613275,1.7629391012423488
94.375,381,4.523612796246675,4.09067462901622,0.585082635437517,0.929575342126052,1.1102434354849735,2.844740676677426,0.6369796600939965,1.1037716332252052,1.2706128469927112,3.307854024579995,0.16055007081939185,0.26132023053764264,0.30730346770512185,0.7907916413639379,0.2891247112948326,0.5338705390623487,0.607463622294863,1.6009269274242035
94.625,382,4.665083409964412,4.140502057975869,0.6013080932304053,0.87760239340663,1.0757151365412605,2.7176320305608725,0.5419372599478689,1.171071546943222,1.2811272307485524,3.4824142291411397,0.15869966744773323,0.32103994796614643,0.35879439287660475,0.962721036117841,0.32395840001645865,0.6478598879493355,0.7258365539871175,1.9431567260002942
94.875,380,4.661899068664194,4.258909866500952,0.7449445515867749,0.9027622552525822,1.1850077448189675,2.9251241960727756,0.5412154626226038,1.0599409454741873,1.1913467561762368,3.1762431214923486,0.15977598387239728,0.27682202802532263,0.32044207219568005,0.8342004014483518,0.26765645259662957,0.7242227385729049,0.775631753502722,2.197847486079189
95.125,382,4.681242841011058,4.285225258082914,0.7918182785785589,0.900618770682326,1.211998667178355,2.9774800287612666,0.48701017519888784,0.9364210462078186,1.0438141303800021,2.7728410637966214,0.1962063920608776,0.2409878029127427,0.31170574081620445,0.7703800483314349,0.14683802160825682,0.45090580499749805,0.47388199395391045,1.3704543006395262
95.375,382,4.639260203780897,4.627137936024121,0.865650357457821,0.8034523524549338,1.1950667651965814,2.9281538742949382,0.46815477797046945,0.7666943308366816,0.8951977777851071,2.306198945944332,0.16993901239048337,0.28370770161073794,0.33161697807787865,0.8573183227535596,0.3812408305734373,0.43654107964618616,0.5791646210732243,1.4234144812865719
95.625,380,4.67958296310571,4.4557343970327965,0.8218692935287706,0.7919891321518501,1.1526066520419371,2.821263913801789,0.5771966821237962,0.4387298135175105,0.7258835852885923,1.8074700093261724,0.20039008106650155,0.2817200420573281,0.3466164480384239,0.870764956453975,0.22244019429803508,0.46530705488117474,0.5156493453349155,1.3927610815274047
95.875,382,4.710396998897188,4.280821291920815,0.853060492360103,0.7570193695474813,1.1482030609286664,2.8192040949990917,0.5927497546205186,0.9630721858045544,1.1266290079912713,2.8982499072148995,0.20897981894900858,0.2552370747038967,0.33028253063821866,0.8158623520526358,0.04716531606965993,0.4379774801278793,0.44120240823937623,1.3862699847105957
96.125,382,4.5938771891129315,4.139934400317985,0.7643799140180407,0.8079382695353814,1.1204063015792984,2.7435737268531635,0.460796121084028,1.1607600782986034,1.256187286049347,3.5150316813813247,0.1725800274999561,0.2532800459434739,0.3069026056970547,0.7760161145580019,0.07040409662183383,0.46600542755296365,0.47361458993330235,1.4707201428688432
96.375,381,4.583491981428378,4.078133006389165,0.6433848192293034,0.8043774338892156,1.0348985335996246,2.562227454693713,0.3072226987013693,1.0798452296728285,1.1203374613169075,3.301610389258882,0.16250978242889874,0.2093009724616497,0.2653291067418231,0.6590217517734197,0.30616359536819066,0.5332006601934232,0.6116558819618326,1.59387708663653
96.625,381,4.6377843476441445,4.178353585600281,0.8635366835999556,0.8399630164757863,1.216411372483869,2.9770039493323983,0.1951584828568604,0.9042749473762178,0.9278991340485093,2.8158727360994322,0.1661166756602841,0.1878158170540684,0.25117922846774965,0.6168435243698789,0.305351138719192,0.6173893175405671,0.6878284067443922,1.8454011590835213
96.875,384,4.635044072421791,4.253329736616073,0.8418635591617469,0.9333559394350446,1.2662537104046843,3.1063663085612174,0.527717558966705,0.9256093103040393,1.0780748911550393,2.8131003617122974,0.19529987386350076,0.21043512032282158,0.2877220665242402,0.7049788929599238,0.20509214231694536,0.5848023687006164,0.6199087666196034,1.7720298406597947
97.125,382,4.537050970719621,4.172417051611383,0.5967582937015974,0.9010617758607139,1.0915027375988389,2.772562270332161,0.8288944512859749,0.9584615852616061,1.2747067470215745,3.134889579844654,0.29039687120329616,0.21636767110642416,0.3627752506571583,0.9055878301198433,0.16562717918178432,0.4753702956756194,0.5035813776441314,1.441033796358461
97.375,381,4.576482558983711,4.234643234179471,0.49748652893351747,0.869221606218685,1.0137500673522957,2.6433053749473703,0.8440306776037642,0.46039937577065243,0.9641075623406098,2.5372711364610288,0.2672907864128177,0.23285176258648937,0.3551325393057983,0.8729508175312726,0.25517315239252597,0.5259868100586574,0.5830699630730092,1.5703086917830629
97.625,382,4.626890199362596,4.358424592762217,0.543790790520927,0.8096943754010322,0.981969568766753,2.488668156714025,0.6830506237497359,0.4861720509864905,0.8448667163863363,2.1222656095158277,0.338894596312154,0.23239420690732898,0.4112207208962442,1.0387527147989015,0.39780584430728655,0.6370878673135996,0.7504509099523087,1.9255648615473808
97.875,381,4.598241529720612,4.160056753419454,0.4637352437809396,0.8215423576092071,0.9499894922066408,2.483618019502013,0.9194138094570568,0.589955456647079,1.0985602806000094,2.8053806739279907,0.31477154510737637,0.20695029576988133,0.3771661903318669,0.9592110551083513,0.4332041909713081,0.5050783620043031,0.6664848848766438,1.6400445135144595
98.125,377,4.4452981714555575,4.350712197897713,0.5150647180987773,0.8046131659172981,0.9634683887634964,2.4614061328484054,0.966373873095289,0.8519317956945875,1.2822876241240277,3.149640179914658,0.29044106137454956,0.2138999007310779,0.36091806799211734,0.9023260684762794,0.38464886643664153,0.4195802566467288,0.5689995882601371,1.394833022383618
98.375,376,4.467494701748922,4.343765418388393,0.590849633246412,0.6655572998654237,0.89788653402777,2.2045498775189105,0.9123220385931321,1.143843586642308,1.4580399101792652,3.6109017084661685,0.30351577547741054,0.23214632955265907,0.3822180031120397,0.9510170756316342,0.37602490553689794,0.5089709148210011,0.6330167356046498,1.5819336540913516
98.625,375,4.443603101443406,4.313058097874334,0.5603339076394196,0.6379004598503881,0.856441988827243,2.104111058303393,1.1034306067109751,1.430163833239951,1.8083548987622409,4.494848206945934,0.3299695780726016,0.2362851133284387,0.4060082459177614,1.0189901338901228,0.38448647050733137,0.4188746295953621,0.570878884555285,1.399366706019198
98.875,379,4.51201389384929,4.396029633503339,0.5092525615643453,0.549662813439172,0.7545856095190123,1.8490072740051062,0.9893891519370068,1.149757792588569,1.5355406639004328,3.7776731062039843,0.26766839941706294,0.21916408252063724,0.3462918444756581,0.855406352876908,0.47570683155609045,0.3037213759145197,0.5710379792882453,1.459511144420324
99.125,379,4.621533807563918,4.614863953911592,0.30416364491083164,0.7194726337727906,0.7855309305249586,2.1726700276778734,0.6796485596109412,1.025936042462436,1.2412238549640064,3.152730282492395,0.30833865087335194,0.22081271685778156,0.3795646358885716,0.9526120588024307,0.49420333433636343,0.4660709243614916,0.6881937800267829,1.6853494634579798
99.375,380,4.465022068405945,4.70786868871647,0.33036658966353405,0.7550929832480162,0.8322608305793249,2.2869783457082393,0.705147871241612,1.0361111197210104,1.251271406614572,3.1644832278501913,0.2940160239957427,0.20614186784339897,0.35981660284115363,0.9058412681373498,0.44283618078756937,0.6429757642198766,0.7863698354533276,1.9850519504006299
99.625,379,4.476793683946574,4.857627785378261,0.2505281096289936,0.6295256370836301,0.6827259275339771,1.909529508740583,0.4146123422288303,1.18623918268704,1.257746121419763,3.5972888858974366,0.32814950283615896,0.172812511216122,0.37136749768675464,0.9840916470642261,0.5061558865731863,0.693532365458917,0.8671063438164415,2.1704871652829083
99.875,379,4.389737713475004,4.713430155073946,0.4494992499967182,0.7812262730739262,0.909476938050025,2.369028931687275,0.49663445293873343,1.369464431485868,1.453917210017735,4.13309261504769,0.3030669076323622,0.17419171524886964,0.34984325349658457,0.911465363539468,0.707177654967514,0.7428478177964363,1.0298637013166978,2.5214632570757476
100.125,377,4.24483567518936,4.23731665942239,0.5161203604829949,0.873694572627277,1.0228247766871084,2.651098166398585,0.6605142965369054,0.9719537847154224,1.1720908237074028,2.9649201987439984,0.28555176925144476,0.14626378701595646,0.3213008036965113,0.8560876338752785,0.6093604658918425,0.4508929909687965,0.758971507619116,1.8963107772404237
100.375,378,4.368471025674646,4.086254412440525,0.44265649126711515,0.8248437495432264,0.9420167732401011,2.487040870084719,0.34355136670016145,0.9415748452310378,1.00086285297679,2.842255985179564,0.30021691002724327,0.14654393174803446,0.33457608584352605,0.899978632045605,0.5374442257783499,0.3895045441673907,0.6666905990220768,1.6704235058893584
100.625,378,4.377122959639171,3.9339954577832734,0.4204111508927887,0.7507296841724359,0.8680032163392957,2.272745419224986,0.4035798476985497,1.2332278948420503,1.2971353409371025,3.748495193878226,0.29545621327621413,0.13021904954445687,0.32389436367939384,0.8887824880164317,0.21891654683590395,0.5794072761091121,0.6206468092446726,1.7519907292632348
100.875,379,4.389583925079875,3.988150288664039,0.453828085828728,0.8482554350901559,0.967690436537883,2.556355747291916,0.4948699266281957,0.9564958974252975,1.0730008187125106,2.8532978628157806,0.24585650886380467,0.10776355032528309,0.26921925211919,0.7395314369529274,0.21761676526175722,0.6074358664094079,0.6461411775090526,1.8405513805097202
101.125,381,4.466488146318913,4.365578615702554,0.453254530736545,0.8372260276173225,0.957232949195325,2.5228889007460253,0.5585386880416287,1.0922523134339643,1.2258614729865,3.2673093577780685,0.24077578849711778,0.12192193928895709,0.2703522002566422,0.7219717312199341,0.15715896097270124,0.5299950088807496,0.5535552366497226,1.6224540466535242
101.375,379,4.460162218629208,4.437211795321591,0.541391376063701,0.9436046395886873,1.0936978834677855,2.8504276149202483,0.5542783637049763,1.4640011497413938,1.564436241398733,4.414583076055181,0.24577157477153233,0.07766103522692204,0.25801557528658553,0.7495153847632564,0.21160249423560729,0.7489272816633266,0.7766477107751587,2.2907886503692683
101.625,378,4.3800666340874335,4.36507031598205,0.534544339016337,0.9416147133266372,1.0905641686584517,2.8480245087401337,0.7073020846348106,1.4132927023103496,1.5835536440842524,4.238671283716938,0.2285337900935411,0.10342855882118825,0.2515172671767206,0.6866558475120892,0.3560150267094473,0.7626130642471718,0.8420555950603441,2.285000318486954
101.875,378,4.299926632672738,4.636738682735297,0.4876996600506958,0.9711466984299915,1.0965577317652535,2.9331425775572653,0.6852659462192596,1.4240890358569613,1.5927635140294667,4.29648018415076,0.2727628032971892,0.14535550104693587,0.30993212063881426,0.8193854937643793,0.27808117451740927,0.8451614070803051,0.8934903591954011,2.5799109908248195
102.125,379,4.341117267906838,4.477386092814293,0.5093027418047431,1.0056157701502741,1.139457616107862,3.0428018302918103,0.6205571135477616,1.3791025663268575,1.5338062708384146,4.192056122089675,0.24049602782704868,0.1686796574850693,0.294280105242933,0.740812061276976,0.5155462210286839,1.020847244001662,1.1481623605378783,3.0677724584856665
102.375,380,4.468572987729259,4.553234148116542,0.5595626634771107,0.9624568787847623,1.126864690609194,2.9295144018904717,0.8532922007107724,1.3916720248964705,1.6541244953889152,4.258151423444969,0.25658436966681347,0.11892458502113093,0.28317582729944313,0.7695065644499637,0.5456610782772005,1.1687116300742442,1.2903398703226983,3.501382289776714
102.625,379,4.432950998092105,4.610280386191896,0.48358986292717293,0.9246936747855624,1.0538389181622607,2.7964102882875492,1.040919389983968,1.2000126336463726,1.6164857475525367,3.974613867064568,0.2586342147879556,0.11885979369085317,0.2851679338831167,0.7762066639765769,0.3767225480767252,0.9190614758242075,1.0001321501267153,2.7822054201231654
102.875,379,4.405358306442615,4.553362748368336,0.45899571889175433,0.9343153177136875,1.0507050942897802,2.822728195313361,0.8558020232100909,0.9128684122507738,1.2724677282690229,3.11675541310252,0.2819018735277745,0.17930353476198,0.3346440699010291,0.8558757499531943,0.22276235366492356,0.6920517411041659,0.7295450033379808,2.1135047001579825
103.125,379,4.387459803690263,4.492179090536671,0.36011246148764176,0.925587135476318,1.0065981317695096,2.826838870396826,0.9727489204259648,0.9318632181670428,1.3845700676390262,3.389433859584714,0.28946471595456613,0.16417068050662983,0.33351794934877077,0.8711447031617232,0.25604159994152736,0.80631704901875,0.8531942544314318,2.476684305968625
103.375,378,4.4726672950106385,4.23833517689331,0.31807144287148087,0.8580928568716975,0.9248222202563611,2.6192702402934853,0.7679125261445443,1.1470499800140577,1.3974768823991799,3.543533450640549,0.31232950360001166,0.12538062203790934,0.3369125941099642,0.9408306182544649,0.24590844349981683,0.8093992391567382,0.8494061318123034,2.4813101673477305
103.625,378,4.443489075454843,4.526251525109708,0.3422376210916189,0.8602088556121792,0.9369718766090017,2.6207652686774545,0.9748680144579559,1.1504447755940195,1.5217634769432136,3.7480643724657328,0.30587210425070527,0.19513685675874845,0.36319936542815434,0.9284226618229807,0.06956124521561831,0.7955009093832576,0.8032183925097768,2.5345565134632744
103.875,378,4.429320766424488,4.641930223082173,0.4521344109925053,0.6302473954593303,0.7806464284825196,1.9587393485744244,0.9076129888035924,0.9599142325091979,1.337992408368873,3.276436958344625,0.26603978474141504,0.1886212715904368,0.32651588718277297,0.8206561490915126,0.09687313506727965,0.6243969509919808,0.634180616565637,1.9668326067197284
104.125,378,4.423764540908928,4.3044872663021305,0.45542844598140875,0.7812963470741997,0.907130162780326,2.3571061677755885,1.2589446514407086,0.871872901005664,1.5301981364714925,3.85944583567472,0.2633599688544888,0.1449090216043889,0.30100764988821177,0.7908350827683472,0.24687687297715277,0.7628273944371429,0.7994967720243958,2.3142844003208
104.375,378,4.405122115433457,4.475535532227218,0.357631922879424,0.6668249432876152,0.7609454907172125,2.0092354551358382,0.9484768379276445,1.1346602970992519,1.492115953990162,3.6790902654081696,0.25287660721787925,0.09795604470897773,0.271439705419358,0.7628796473271402,0.32829024240164445,0.8630479754422629,0.9237809962159451,2.6046232513263976
104.625,378,4.436731091947492,4.325525760810687,0.47217342344629654,0.6777722259034208,0.83063073107267,2.093125238403233,0.9913105765858271,1.3164289285860873,1.6754808140919275,4.17681884665149,0.16948921919358714,0.12703503352694082,0.21182198567130053,0.5283642745315983,0.17668032331610467,0.9724282369797564,0.9930346545407002,3.052494316773454
104.875,377,4.399879982823152,4.357566833087516,0.4892692285915869,0.8060468633718721,0.9480846785552518,2.445086986754568,1.092627827782354,0.886015377745692,1.41251016039165,3.4923621136196457,0.13670248028767745,0.12340394689348735,0.18426572493412333,0.452021266304658,0.24670459461326008,0.5936007890696483,0.6434400312781404,1.7853598013205092
105.125,376,4.399376799662914,4.743632240998075,0.5008409552942413,0.8656251713428373,1.0063776371213913,2.6186727405016113,0.9445282587745985,0.7522163135292984,1.201937303764019,2.977116468140724,0.13444667039032043,0.15997668028155354,0.20896720711062589,0.5150192419032286,0.2927142240950224,0.4894021978171661,0.5682375987541758,1.4694481170954312
105.375,377,4.359865866449619,4.6227745613972315,0.4897453149042642,0.7690873953102846,0.917632439994011,2.3464369662105686,0.8132246472164466,0.9205053967632241,1.2216661049056963,3.0003574914166213,0.19226445561914654,0.11985003428929328,0.2266085123064331,0.5816238432191163,0.3224736580975684,0.3005473195100479,0.43788075278739264,1.072740494088123
105.625,377,4.356828530210616,4.460914086943451,0.34392326627648634,0.8460015360770491,0.922786105483877,2.5709502542232343,0.4674788753840676,0.8473974870594033,0.9634894966614951,2.530091666271861,0.28423201876086557,0.13509854536637905,0.31482538939791116,0.8513000470298229,0.13347841092053647,0.1881712907935814,0.22882828667245111,0.5750896490541957
105.875,376,4.333785729812058,4.200975788962733,0.37280085406989916,0.8649589019559019,0.9485055650921753,2.6138732017213644,0.6994810220122841,0.9835208678133527,1.199461594969154,3.0133368311131785,0.24403341355994776,0.0719472355597101,0.25426692309332966,0.7458270597848183,0.2843639444885791,0.284908533732083,0.3991744785851755,0.976745629038336
106.125,377,4.296485188905244,4.290271286897318,0.35344060864007043,0.9208604954688387,0.9943341441259466,2.7991292748053747,0.556678989322948,0.901106643426394,1.0640640882959673,2.735471395785844,0.2240759565018335,0.05439435001910408,0.2302697098455584,0.6911177764096277,0.1719947764887585,0.16677821576141233,0.2382173502320614,0.5830308309597994
106.375,377,4.368696511408089,4.2553371203614,0.2857429437937198,1.0276322541465783,1.0716168337193095,3.1671804139578073,0.8426428010367722,0.7613710625338347,1.1370927806222604,2.789270795380023,0.2455151378176738,0.07075795120004054,0.2551158250783355,0.7505681834020534,0.24254543181090257,0.10083051142203256,0.2617245055374091,0.726173562394823
106.625,377,4.309207432035799,4.137087305797777,0.10051922026733129,0.9517090881931904,0.9615306358286726,3.0225887489243206,0.7480276054274823,0.7855222303394317,1.0852402849515712,2.657025393890229,0.24476599823289505,0.06540071057311209,0.2530560184880706,0.7515265469386939,0.21455852062451214,0.2979317037697784,0.36524020905918,0.9159350181118479
106.875,378,4.321926494950926,4.038901788165673,0.13614703233297357,0.7776825269689649,0.7942581915768067,2.447137089897075,0.43641479369051805,0.8823568375992049,0.9857457792382088,2.6446773127488084,0.2264067601011633,0.06357560399754036,0.23489570114091773,0.6933857576540484,0.18260924854113822,0.5281480364869222,0.5573674559606167,1.5969212986305592
107.125,377,4.46665321357232,4.18028281391708,0.16682360202259597,0.8500605898599215,0.8708752583409733,2.662830299044545,0.3989161234687418,0.6690185187945474,0.7829935452887571,2.025953033615164,0.2363953423339135,0.07711626787693429,0.24840765606954585,0.7182000394784461,0.265917109336467,0.5597867652925215,0.6216408617318792,1.6811341797721746
107.375,377,4.356527207491178,4.269802518364074,0.09140832528167842,0.8200958637601301,0.8307345160111562,2.6078797176015636,0.3417975218937389,0.9825533942403575,1.0487464531459454,3.001830052324079,0.2437863463263602,0.05291165898061755,0.2491773597875636,0.7558050035500968,0.21259554737095054,0.2684580956289259,0.3427677683289225,0.8495157658356178
107.625,378,4.518683602517603,4.577868639326507,0.18203615391984793,0.9063824919468875,0.9325475035452039,2.8464798770288824,0.4577334811858463,0.8833471818487707,0.9998148931671483,2.6578710960861915,0.27539174615339496,0.0812621308849176,0.28719158392103167,0.8423062038397253,0.12349681071623,0.4306262590291653,0.4477775105492211,1.3182360423180326
107.875,376,4.4241570332674796,4.230658718486727,0.11950224822985789,1.0549533454167954,1.0700093785959055,3.3575571291556345,0.6333045722583631,0.7118173176882189,0.9589907942893608,2.3542864613378427,0.2936170537543963,0.08935979897051881,0.30705726491745555,0.8967688455156427,0.21609554043054646,0.305000604111461,0.37543632779665886,0.9437060699292834
108.125,377,4.306642792464311,4.723115785362839,0.1765660498586159,1.0678470702127292,1.092015427649684,3.3756109840671993,0.4337097020711699,0.6739346998439172,0.8084914368730819,2.0635971889515976,0.325666392688924,0.13563248553435853,0.3530795839056915,0.9793118970265033,0.14404177882113828,0.27640367148946143,0.312479542383354,0.8297561106417356
108.375,379,4.380343095313947,4.715330743280791,0.2922230332696928,1.1084527029258069,1.1559807682912928,3.4384195269594255,0.6539604687048024,0.8181131060480925,1.0546001507559146,2.6111730247855527,0.3145103999085708,0.14761923141964786,0.34757961788758096,0.9421948359921557,0.32730236081816744,0.2643867264415124,0.42098301618793704,1.0412516656291417
108.625,377,4.327501698212911,4.441203788739463,0.26656657607475626,1.1059385114745202,1.1509950422751853,3.4570319947304062,0.6352453818358751,0.6637226096193309,0.920705137033743,2.253933586549723,0.2628678960171497,0.17821893761618327,0.3176645418673891,0.8038626764802819,0.21066280653397623,0.2981290242461577,0.365046191923151,0.9179479308476308
108.875,378,4.417139763865487,4.6739085463820365,0.38914697962320327,1.1199486909131247,1.19904122198822,3.432653961753283,0.5070666855949958,0.5534110242917856,0.7504529979509793,1.8396851039633313,0.21204172521740425,0.2189201668305149,0.3049274673558584,0.7463148738794414,0.18462545446837555,0.39767614383311933,0.4387880952940188,1.1919833089678775
109.125,377,4.366488047670706,4.450273455391739,0.3212458206353608,0.9596871129757224,1.0243929310260065,2.9500562973429942,0.5168243409753,0.478969057581795,0.7016429292266821,1.7192600427039637,0.2305670746109943,0.20154433254456947,0.30640050910333083,0.7529970437839482,0.1117076975136073,0.47431619718238627,0.4869783057623598,1.4660309510183134
109.375,378,4.398444586460985,4.339976595037075,0.2875496332063705,0.9281837319476957,0.9811620453061927,2.858339950217204,0.6950159730751297,0.4585075586943582,0.8230309747800825,2.091952813156939,0.2518349102696314,0.1706448466597072,0.30447994876502854,0.7705657940870075,0.25534675896261483,0.5138338311002,0.5707721531430825,1.529907576305372
109.625,376,4.390783615253014,4.348874045759725,0.15914073164247772,0.7743113628589692,0.79828422368777,2.432297845609281,0.9961214520045251,0.6848099461069143,1.210376225627452,3.056240332196593,0.28508643381342696,0.19069100146096699,0.3432403966904262,0.8704646587790572,0.41674562271511023,0.6087228215177259,0.7388525476210247,1.8668322777496273
109.875,378,4.402790124476392,4.500776485073518,0.13194283130592976,0.6619680646601355,0.6816991672150268,2.0819944287198155,0.8413238704445775,0.8726604895828903,1.2198976380753863,2.985949060258388,0.3044567092648996,0.13854093191463546,0.3345455670670458,0.9123637430878079,0.5020628327789495,0.7089297967995074,0.8682979846195586,2.182714795453295
110.125,376,4.31484960380382,4.431641907153682,0.09598846274921308,0.6996360117899326,0.7139331013373704,2.226140426529066,0.701851580205917,0.9357679736544932,1.1794139131392516,2.9416509631168437,0.32745436552974716,0.18924234478432056,0.3781431641426322,0.9841734234938517,0.24448725452545558,0.5133650939941283,0.5706888624596643,1.5425697121918496
110.375,378,4.33487448299782,4.386228729555452,0.23345364289116488,0.7776666416634889,0.8201039281338927,2.399680906874147,0.7222506274551708,0.9932166718486803,1.2407766915661012,3.1073758179571813,0.27144870022291956,0.20446595528211742,0.3398754650996536,0.8472485762125269,0.19310907022581345,0.6608435036183542,0.6929796419218948,2.0350899650511685
110.625,377,4.349444485152542,4.39756303235261,0.2748490037059679,0.8732441407599538,0.9276581794781601,2.6963222862638556,0.7745239515846533,0.8125392232745465,1.1312976455669619,2.769724576687214,0.25222677518711384,0.21399794395444205,0.3311893596273187,0.815632527867369,0.28143933080599143,0.5702033032026593,0.6379904235504772,1.7123781107844946
110.875,377,4.369262682088129,4.265895696344497,0.36188718623426014,0.7590472020569707,0.8496480052762091,2.2961018455987277,0.8002548654645083,0.5459362933951866,0.9708734962229083,2.454429416407276,0.2629127575024166,0.18741595032894626,0.32322750205280076,0.8117551650711525,0.21602978694092437,0.4543116252143934,0.5039689665651113,1.3626393071330871
111.125,377,4.32370445474279,4.217529638378152,0.5391627404297341,0.8011115880357796,0.9732574620641439,2.465752435150782,0.7182242230057246,0.2787008725133283,0.7751896460522404,2.177992122355183,0.2876097020727074,0.13400091718517076,0.3174907441423196,0.8618760860619348,0.39892459971506855,0.4375116380790439,0.5940463349634945,1.4565710509903627
111.375,377,4.308785280668333,3.89776576485002,0.581356626464685,0.7789159325576912,0.9754181646690772,2.4343720696069613,0.5232767692891241,0.15096398795505536,0.5476810017659179,1.6110997170703512,0.24438772325216054,0.1545182772485716,0.28906949374694235,0.7400848493637786,0.2403433103114767,0.47892490772109075,0.5370587850975421,1.4367571042283518
111.625,377,4.306902470744286,3.98324413161489,0.4918888781545814,0.7260558184973761,0.8821484125818722,2.2325717142263968,0.5895150813011595,0.3161780236009066,0.669770965795004,1.7684842259666191,0.22418909826055333,0.1242508228483024,0.25602958702873035,0.6717225709550131,0.18290319588277726,0.30221723701484443,0.35272146571814195,0.9101520569461463
111.875,377,4.288420176306875,4.145055802173814,0.5086995473051253,0.6563150501259887,0.8353509704574907,2.0752508012694695,0.8716087841017779,0.28457807176379935,0.9174432925084153,2.65218196346237,0.2015646953498237,0.12166168767734414,0.23523020481419749,0.6072787902895649,0.2640928862771215,0.22108195887683785,0.3435769897020499,0.8470497531244157
112.125,376,4.231012125616404,4.01222425218155,0.5306883496887658,0.8679128584645381,1.023620141981494,2.6363827971902634,0.5719084524259139,0.4963171268748065,0.7617869828938526,1.873022794484144,0.19034761781720533,0.16473694922686383,0.2514975101403547,0.6184773290314853,0.1620229155896258,0.3798359320182462,0.4144067381731129,1.1442590249661428
112.375,377,4.335315381610856,4.018660593009966,0.3622974113233693,0.9588328025289664,1.0338734785850305,2.918433801588402,0.6290916227010614,0.7637367309176841,0.9960062830218053,2.4589808392874586,0.23755731789802487,0.1434544160860503,0.27735031827776957,0.7159552893105066,0.26735381371383976,0.5412033049878705,0.6059286614461842,1.6260495333166944
112.625,376,4.2424358102311475,3.853866878960446,0.3898880023918372,0.8897689985757774,0.9827366081623746,2.6996787544577043,0.5703396985746426,0.80946987588886,1.0006840784129698,2.517393386489016,0.23222631086892934,0.1874275079199761,0.2984607793190891,0.7382690358064969,0.28372950448335754,0.5347495727750726,0.6102429600086272,1.614714563364981
112.875,377,4.319213265518173,3.8495890841104896,0.41232019946121756,0.9952814143289539,1.0892793415473667,3.0242409148235434,0.847150343294456,0.9287384493627147,1.2650322731952621,3.1017416556508293,0.26840804879786967,0.15424918689301426,0.3093270303900159,0.8059280135259721,0.26794916136270663,0.6113122784481213,0.6742718845123611,1.8521909150739908
113.125,377,4.235300593759768,3.947944399069385,0.2601588097254334,0.9236027673817726,0.9730242010704055,2.871129934175764,0.4586591453817357,0.7871533406616242,0.9163011375627583,2.3811155620507454,0.2674702466246779,0.17321568707343482,0.3183667453511839,0.811729958590316,0.3531574985559411,0.46837136852510947,0.5923202140241357,1.4763589529370154
113.375,377,4.267979960561457,4.126714634036278,0.3773398817078334,1.119534949804345,1.1996501881843706,3.4510597016710602,0.4366662726520394,0.6929157488408882,0.8256358711140431,2.1150406057103024,0.2707813702309159,0.2101630695715933,0.3427124933195296,0.851263953921318,0.30308159956279257,0.40364590325301664,0.5102062716912407,1.2723590846686599
113.625,378,4.30184230351742,4.18216281414939,0.35466444377182477,0.9373622647913388,1.0142380392585104,2.862331377057375,0.4578442588924123,0.7237889022687185,0.8574237291957512,2.1950217322627332,0.267329889359185,0.16017663102204063,0.31161035034286333,0.8055514670837147,0.2718145250182183,0.25182984209787845,0.37333245230393364,0.9147995238518294
113.875,378,4.354895251503155,4.16006859705246,0.5218410695652781,1.0034318462430143,1.148885380723632,3.051980527768729,0.5993656055660551,0.6448359286199277,0.8860837670328057,2.17097225920386,0.2660396118391521,0.23380601037451249,0.354024940794838,0.86974374668509,0.2212556748502041,0.38357472186086244,0.44574010405441383,1.1605212173529054
114.125,378,4.262036798309896,4.179157489421063,0.5449063649733348,0.8270658931741124,1.0022821978027305,2.548121479231034,0.602409460310611,0.7662107180919667,0.9816181337268344,2.4347332159107764,0.2334675257365298,0.224608039604832,0.3236901504432606,0.7923284074360185,0.21470642930045497,0.4561221554132078,0.5055847569839901,1.3697274217214552
114.375,378,4.254667111911302,4.1177832606451545,0.5675972951947227,0.6842159719580838,0.9000708213688137,2.2207384640130616,0.6431574750057925,0.633139629519377,0.903752114930293,2.2115338531498017,0.2419276795198897,0.2210222688710137,0.3274399794561627,0.8027971244001217,0.11775968350995368,0.33359142220966603,0.3557418016980513,1.0158128796391441
114.625,380,4.205230109236531,4.141811418745528,0.6049247873683076,0.6860103280046458,0.9239159005373107,2.2693489218887737,0.6665385125282145,0.6577028640810477,0.9403966982280467,2.301167147917826,0.20252673992663064,0.21773170517246054,0.2972897018573493,0.728363555426043,0.38812132422465323,0.42606455422829853,0.579873613124583,1.4218799265649837
114.875,379,4.198387843942508,4.047760481824199,0.5535372322801678,0.7689134032290085,0.9568090658756013,2.399572169870723,0.5425790310038864,0.7062793057683653,0.8924595339877183,2.219418978288643,0.21034343547648154,0.2345777285881594,0.3152816416885541,0.7736779189188431,0.3689768836436986,0.4070273419943025,0.5523153033434498,1.354608574566413
115.125,378,4.084021612038778,4.310078064973572,0.48028180371694795,0.9151660638716589,1.0438433154270517,2.767983020660284,0.7199742414056663,0.6649603697180422,0.9806178287771741,2.403149726959192,0.2136922886124082,0.20260122490258237,0.29436136898807147,0.7207716371182717,0.291929837653826,0.3227829323353646,0.43576097647939377,1.068865449667659
115.375,378,4.112382065683356,4.237531137503256,0.5888160487059132,0.734161795656641,0.9539686602610021,2.3612087520401297,0.7274056445531613,0.6555912248668385,0.9864444303831006,2.4200331674045112,0.18867850347991258,0.17527169337200596,0.2576594492267273,0.6312981614647134,0.16988755292461727,0.29353644179883764,0.3407642100363879,0.886644862240024
115.625,379,4.081888395052794,4.170224323390644,0.5180182528195498,0.6227865885357812,0.8203287588837328,2.0235247753021013,0.5730452504215758,0.7839478766333067,0.9691226641230957,2.4253286554622813,0.2508370094981932,0.1615502930356855,0.2986127057494452,0.7620798586697305,0.260534399100794,0.36181856359268044,0.44599289982038237,1.118463288672227
115.875,379,4.104534437052412,4.296941365988472,0.6763657818899512,0.5482032953715682,0.882610963278832,2.18231385534432,0.5710210051446235,0.5779848327322926,0.810856395685005,1.9841647872246337,0.23239729459188152,0.15901392901560335,0.2816962503881025,0.7118150329718094,0.25640132779626007,0.24780630044695884,0.3561916073068662,0.8718149511983802
116.125,378,4.122653755344975,4.230960283381063,0.5994372231616559,0.4695110251717813,0.7723499077058947,1.9164749362723457,0.6690710712827677,0.8220644709617184,1.0527141655732992,2.601867056622402,0.1932109344357133,0.18601889624932047,0.26846040733870646,0.6571279395443995,0.3063960907387859,0.27231263041928655,0.410308899634074,1.0073526696952841
116.375,379,4.138664312746515,4.425601673340741,0.6820983338809605,0.4180483046187482,0.8085805085374197,2.081656050825141,0.4433975034831764,0.8435389873029824,0.9397408836623683,2.4911514015975875,0.22496063895168944,0.18541761781958982,0.2913377627892434,0.7192257015372198,0.17395668638880646,0.3788315668856572,0.4137861960606247,1.126475279883987
116.625,380,4.142582154364318,4.642280096759697,0.7745266830137025,0.16660903521537274,0.7972185347527562,2.4199771528441185,0.6464905603977095,0.8018089438358584,1.0266260936264338,2.5396987007731995,0.21616169995778953,0.22812458855839324,0.31443501001290247,0.7699351617398611,0.19960362953113064,0.3665972892559762,0.41581044763356345,1.0946924725589018
116.875,380,4.145678013426943,4.248754551897403,0.7677243458968068,0.2901380378747097,0.8285586048585316,2.33879561523222,0.7751052894382404,0.7580999612674106,1.0789934338867615,2.6405166977886836,0.20956953020726557,0.26849737152131326,0.34133673745685067,0.8473063561170909,0.12947585675261727,0.3647723403829034,0.3862834960230138,1.102028726694458
117.125,380,4.247161463094623,4.37892079923846,0.701964149509027,0.45568714943291944,0.8478683467941337,2.1609063298524216,0.7252432326476048,1.1432742118387045,1.3417420367899249,3.4331917601233255,0.19200778824650522,0.24993281418768235,0.3156687922250603,0.785021125360987,0.07468468529544399,0.6079202940410626,0.6098318367306593,1.90898677667912
117.375,381,4.292607827619207,4.545827986612265,0.7515886900848229,0.2574272201535223,0.8063362254679549,2.313729023340393,0.8461049147790407,0.905816776057535,1.2348817006779722,3.025045579965718,0.19410352413221965,0.20426183468116751,0.28172104494459405,0.689780856695279,0.1858010359790782,0.551325783918087,0.5808059570390203,1.6708503402342907
117.625,381,4.226828975792531,4.504242367424011,0.7532226141241531,0.3398352757240073,0.8397504700936833,2.2939410371456015,0.9630114501884353,0.9147364027219768,1.3239444685145696,3.24164993673231,0.19521354892818196,0.1496301611819349,0.24614116450298193,0.6122809132557797,0.06574393642917573,0.3889047682936812,0.39470200556054064,1.2185874553889782
117.875,381,4.2370504125956066,4.526300839872935,0.9050831546339775,0.5102955763313854,1.053225277858697,2.754130980801511,0.8372468464323448,0.9173835451667608,1.2374423575363513,3.0340213283060007,0.252720032904153,0.1944524533563222,0.31905729917642134,0.7933020545229665,0.14742172574958773,0.41242237808896764,0.4381669689068429,1.248595279156091
118.125,382,4.260183879390874,4.536086841835937,0.9558601144083283,0.7140853872642146,1.2057009597017447,3.008734786421259,1.1040848918224049,0.8464170316438683,1.387370516764034,3.45104236885618,0.2524306788916005,0.2271686301496823,0.3396291212611484,0.8332708726828146,0.23153188809880548,0.39173951295290377,0.45571696001830864,1.1810773264325871
118.375,383,4.3580550915809795,4.551290468596502,0.8978615695978619,0.7322583973850652,1.1715578141055814,2.895038055982442,1.0554713903110122,0.9965645569689192,1.4440462568960022,3.536274474332306,0.2671584236817716,0.2727535251694533,0.38239197413650783,0.9357768713940994,0.18559780353201435,0.4260844300935933,0.46511261040855034,1.2791674750975304
118.625,383,4.39340714286229,4.2757872832915185,0.9994379863054752,0.7556468608985514,1.2612329683595394,3.142558436788104,0.942019934595654,1.1419758330646037,1.4774463720490811,3.64710285895578,0.310306238414402,0.2572023168256771,0.403724162316586,0.9961783446378752,0.22664193701066,0.4859637881859884,0.5374339694886445,1.458660839740102
118.875,383,4.355161991454687,4.337850340828285,0.9405822216506501,0.7016381895784537,1.182340872031193,2.9509993609820016,1.1189781314760476,0.9598685029100017,1.4701088995636242,3.617518541739319,0.31572854288282237,0.2256266463704432,0.38863384174341326,0.975668307292257,0.262046710336427,0.3953801636278754,0.4765556393554423,1.2103681379004005
119.125,383,4.330442681008065,4.330444044623559,1.0284481060871669,0.6522043241764294,1.223262709613553,3.130197790925918,1.1624985911352035,0.8571278401738054,1.4329906700047437,3.582050388829991,0.35443531716129323,0.2404913313445256,0.42833892718791106,1.083791767859772,0.26274829935380034,0.3514489241356185,0.4388777775432656,1.095082093522005
119.375,383,4.237555833326037,4.11630433247781,0.9309159737143804,0.728338504134198,1.1862163375130563,2.9437846187981784,1.06106493893376,0.9010955437875776,1.3769300940123919,3.3907708505607106,0.33293417070531567,0.2307467755742779,0.40418977280599927,1.0193238407585232,0.19399142941311592,0.46237413432877417,0.5004590160325311,1.386178515004383
119.625,384,4.205166616627831,4.216056387884677,0.8981734688948868,0.8694659361896425,1.2576114718621139,3.078051155871414,1.274393110026658,0.6416449225783198,1.4148593216990921,3.782622062894908,0.33812940005295566,0.25195249499943534,0.4217393208712996,1.0527674896196528,0.21807581969776996,0.37030309009790285,0.42871938715105146,1.1118551759824915
119.875,383,4.239418154235969,4.301716834964166,0.6498043349584547,1.0594294955200332,1.2495597813660106,3.2164951246226194,0.953447805565115,0.69409758724126,1.172826553107922,2.936757698443184,0.35856616183513823,0.24758437000592612,0.4353605116421745,1.0985607397107624,0.16997300502899765,0.43073812577977255,0.46213997503426485,1.294546065884806
120.125,384,4.193111471597451,4.445395130613864,0.698941178126251,0.7471375097070578,1.026802809237217,2.515198550714095,1.0569821026716355,0.5309358545615005,1.1775932227511057,3.149748455429696,0.33701559086708854,0.30521089349086916,0.4534412917887136,1.1121616862878865,0.31012813150177176,0.35948739652185346,0.47513603850407365,1.168702140628484
120.375,384,4.256338150581281,4.524125488451309,0.6726280134589401,0.6657658148750262,0.9453903212480491,2.3133457429986994,1.390843542515646,0.41708557158692383,1.4481954823545082,4.2381359406570285,0.3785394144243925,0.2514876353582627,0.4521316369984975,1.14788366868948,0.4521452336761651,0.428267221616386,0.6235570694998148,1.52687646082108
120.625,385,4.336002584499693,4.571514058941296,0.7232814637765601,0.7769050999467813,1.0578025733166772,2.5915514223826728,1.221688384025393,0.39864261865986284,1.2750765560716857,3.686371885442217,0.3782197758101676,0.2680036058289345,0.46137109621576355,1.1596938727542467,0.4529448493622079,0.36205056979766065,0.5777435874432937,1.4304886421224232
120.875,388,4.576394384022445,4.865500703739663,0.7865141755734658,0.6082702395518734,0.9884552508223504,2.4562293659916024,1.187007297781977,0.5376861305107138,1.2862169545136846,3.510838059794173,0.3275908350939304,0.2068047553319333,0.3863006968159385,0.9892871670728167,0.4773297273569609,0.5354888523858626,0.7130668601013782,1.7503686665728762
121.125,386,4.4708321961208,4.648949215071421,0.7469613602117576,0.5614717737920178,0.9344058677217987,2.3299149218245314,0.9652239681638811,0.4642634858030305,1.0575948575159981,2.8531025971561523,0.35679590224639435,0.2037520168192532,0.4105334452530602,1.0709018600270857,0.44801736615471477,0.6202301664342978,0.7618305450549633,1.9096796259986895
121.375,389,4.651255025442063,4.764993899461129,1.0286202733715535,0.5880664934241873,1.1796352505707006,3.076490373608923,0.9645396286366367,0.6725569963503971,1.1594556026989833,2.9213418464090943,0.35304737647851037,0.16273636592747234,0.3880955500663268,1.0557506413792752,0.31414468763778053,0.6608933497117276,0.7270109678720051,1.96584743395361
121.625,390,4.70763667221763,4.745767306107338,1.2524431487371106,0.729380802891049,1.4450629740726568,3.7555469250975406,1.1451751082828543,0.7792193842457156,1.36970516772139,3.464111943710303,0.4203265535378972,0.20455919503837403,0.4665918984290258,1.2558304729318839,0.3983777868690499,0.6433155338627153,0.7520748631026667,1.9325852137600985
121.875,390,4.6531383678122795,4.917695104126544,1.1731436360045413,0.710948304266425,1.3678526778931392,3.5286978341082986,1.1645793177633332,0.6125036327888449,1.2958792087649378,3.4348442944243955,0.34226219777822703,0.22703727395016965,0.4098886863249935,1.0408983261604148,0.41834111914622113,0.43091293915296003,0.596636781690234,1.4602277355858602
122.125,390,4.580558614579335,4.730474209837468,1.0415882548409872,0.8393923551938772,1.3425770818701408,3.3214762299316103,1.2733748331663999,0.759739857539739,1.4654443661861796,3.791328465036031,0.355398554177879,0.3029082038041719,0.4668514115118442,1.1493337279397735,0.4889928160251281,0.5573102986244832,0.7385586435524191,1.8146210067280262
122.375,390,4.648748588365888,4.672331587519482,0.92756831301504,0.6807169393093744,1.1578994937513032,2.896213883581604,1.3126188081870451,1.2070989617594103,1.7744578095775894,4.34930985853324,0.3986024814885577,0.2573992901749595,0.47502294129675704,1.2117420994798571,0.5352988030031718,0.4465044329908293,0.695915267465341,1.7162187223886922
122.625,390,4.70122170234316,4.672668719969357,0.9292547618691025,0.8457348718130318,1.26382937805333,3.0991006645592547,1.372653252728135,1.018565169618974,1.691454073530858,4.224577149259362,0.3561353263734838,0.20307678791819656,0.4090276429401981,1.0672725078581233,0.34988950884912395,0.3759462726629354,0.513996951169398,1.259274446725988
122.875,392,4.888172493107778,4.855340307409628,0.9440525489850584,0.788166106820995,1.2338537755345844,3.042613970374837,1.287708808448923,0.9995842970556258,1.6246976279048642,4.035520326149236,0.26921923873541176,0.16224915935571818,0.31324262666252983,0.8089050450677759,0.43032442613230254,0.306107136945137,0.5306023683229717,1.3329633734971527
123.125,393,4.942788740798925,4.699866427209247,0.9639010995176583,0.6855548741951949,1.1856953877284375,2.978735554529497,1.1087486943243106,1.3415868164558749,1.7293682731084323,4.268267003800212,0.3970455414155735,0.1328914130706639,0.41804901117572246,1.2039234993752452,0.3653049780525824,0.48976298692195025,0.6109667972470885,1.5249304922588458
123.375,394,5.047177819462515,4.604596142256524,0.85634340142714,0.9418555424793535,1.2738284627410823,3.123762312542435,1.01701940102708,1.017143920857527,1.4311487654258146,3.5018948875953932,0.44289958029739235,0.10329574292916735,0.45200686647747285,1.3620434050924992,0.39404807072693243,0.4322625415060348,0.5840755260137154,1.432137715794339
123.625,394,5.062712730026309,5.033563825149968,0.9134470672806322,1.3043280900760907,1.5875914905120196,3.997459048022748,0.8669737829150839,0.7949217048336424,1.1665024655895415,2.859519423011349,0.35126406477780175,0.13222244697373414,0.3733272699243595,1.054530728009239,0.36023523745882435,0.23533119349415788,0.4296698398413762,1.0939067275211203
123.875,394,5.22015334104275,4.648521194383394,1.168776536526672,1.1742790752343546,1.666104837277372,4.076833472569612,1.4548630110847278,0.8083514757095347,1.653945676086018,4.337200262960509,0.2137844283852902,0.10004444956269543,0.23566563905263713,0.6391983152095811,0.5884121393648406,0.3719522101342238,0.6966844384081308,1.783741751134686
124.125,393,5.1742663136965055,4.547671098022859,0.6891152424400968,0.9010820014880279,1.1304222671515276,2.812705233991745,1.0900077625814935,0.5863744202471879,1.231557058625008,3.24992462747974,0.30873055760765306,0.07915769655663842,0.3190550771716637,0.95201416102338,0.49794790224398877,0.20508192528484043,0.5396461627241786,1.4998872378570376
124.375,392,5.27607160682248,4.652547214058525,0.9576068727753203,1.0994010174160396,1.453453271695978,3.5727662168235046,1.0329790507428955,0.5524866366786771,1.1626196237417539,3.071488083131221,0.30364122749983924,0.2199590949845519,0.37617266720300546,0.9425772075425041,0.34031595156198624,0.3344463745030205,0.47699620270921367,1.1672532870106076
124.625,392,5.495501045149386,5.003394391358783,1.236212913603547,1.2146405210477866,1.7142730040182426,4.194990007578963,1.155438399262678,0.49187910006141994,1.245356737807401,3.439976113483623,0.4149354965622533,0.19401177154195617,0.4589892901925796,1.24512873825189,0.653227049718452,0.45196072182992275,0.7901195259848383,1.9931164961200856
124.875,390,5.3691125652294085,4.60884276681531,1.2177596735271752,1.4821684140669056,1.8963323217298673,4.682822381532817,0.9757986028427852,0.6208029094946662,1.1397362330996765,2.9148358927144677,0.3027192995072778,0.2000489460687203,0.3633978274751076,0.9234108899901126,0.4645162544759278,0.7156047799383167,0.8494099943615724,2.164855818898903
125.125,390,5.564882482532054,5.383762732246052,1.10411985578994,0.8065352022394747,1.3583963434277342,3.39983906861765,1.0379984203684447,0.8384463189813263,1.3246288722905926,3.2763215843096294,0.3046376321105742,0.2791214808304431,0.414724866300277,1.016670889771777,0.22586843521284994,0.554862709984526,0.602297068803705,1.6776324715421127
125.375,391,5.710420049921935,5.538712381040756,1.285439603365501,0.7776224505323435,1.511751535647339,3.9011830189124046,0.8751935990730266,1.1455874010225908,1.4301745241896238,3.5589893179647056,0.13702425644675462,0.3646536064539347,0.3925402318761307,1.1091354989510687,0.44153457105730215,0.833737057439273,0.9448994967099857,2.501147542799438
125.625,391,5.925629870513803,5.557103340349175,1.66395463765783,0.9774517353662627,1.9671561012385375,5.10409955193592,0.6014872297485139,0.4656813107167112,0.7488407180747937,1.8605739010823774,0.3158509467551407,0.2824840795021015,0.42746847924183035,1.049120172761006,0.44709831258280897,0.5089159254673843,0.6701172605739953,1.6463327997328319
125.875,389,6.158126943856568,5.600469068024685,1.7896001069438383,1.5137456700864045,2.3672922337692355,5.831401887565426,0.8518623527080491,0.33876163321241815,0.9012751366159975,2.5211286277405036,0.17397325606236005,0.22305155346401462,0.28479182062601693,0.707000581723985,0.46586908352439377,0.6350740335585261,0.7842756061060145,1.9617913690511248
126.125,388,6.401598288561335,5.717789143985019,1.4325876618599214,1.55633076531699,2.1345795060207804,5.2317908608466155,0.529921820742091,0.4128775152042681,0.6747017197092418,1.6751613747694205,0.1537523338534919,0.34047250723840217,0.37653629447913617,1.0284007744784023,0.6153610547353687,0.532267796278584,0.8168916579668043,2.0089597199032396
126.375,387,6.417549991660798,6.10624138681944,1.532136816203923,1.9973309681779443,2.5700919507500593,6.39256251110493,1.271847880404327,0.6258023503907942,1.4281942563234102,3.8356583921012586,0.2359520551718104,0.2669038807870812,0.3606571337421476,0.8857236661935066,0.6718744602318975,0.9094689631173097,1.1305914332694815,2.825412443756794
126.625,383,6.3281522311559,6.289971685182346,1.3940541210929687,1.5590071469090951,2.096536013653403,5.145502033986296,1.022354741902797,0.4313980804762096,1.112157755364826,3.0771620254508285,0.05407719253519321,0.25493851311373505,0.26239963051082127,0.7974607316960505,0.4718256556764105,0.7301079733787905,0.8675901516440981,2.2128628082821744
126.875,382,6.569818127190736,7.078071085660647,2.162514496171655,1.8235999907712217,2.831020724471831,6.975401972138748,0.6789658813329282,0.8444202953686352,1.086180404270814,2.687766010741167,0.18405318128588885,0.2598069851223329,0.31958189833968514,0.8033231726589697,0.40541053161438523,0.9216792214771277,1.0101185179254997,2.7728770512643957
127.125,381,6.944234801633095,7.967388067249908,1.840227089783695,1.5857071442951238,2.404733207074152,5.915455891029416,0.8891836896702483,1.0020468023909113,1.3287764524079002,3.2625793990926604,0.17520088172542442,0.4036603949647788,0.4428567331900911,1.218792014325114,0.4649351322813249,1.2502448029153141,1.3331151522001494,3.7735339367719845
127.375,378,7.131077590096527,7.942480299991979,2.1303151998981384,1.797670804834195,2.7995284578335324,6.89743301257401,1.2085527700123893,1.022743148299903,1.5611564134063585,3.8454884203860282,0.5724538446283457,0.3315690389691836,0.6683239826203915,1.7386797287789102,0.8474455088199818,1.5124275358719714,1.7264070455488982,4.51986172214579
127.625,377,7.253682565548095,7.628153553534085,1.7951017033148904,2.1852173712362686,2.8307576554826306,6.9904039500881625,1.7097254958636259,1.1533973609294108,2.0231042572355613,5.123606295608488,0.475301274849523,0.2033283004924217,0.5229020061219213,1.4430511471554748,0.8023399370773369,1.2859472293897376,1.492814295435548,3.8309050834154235
127.875,374,7.600949241409486,7.899620458904172,1.7697745313317352,1.9156025248585795,2.6080097831365223,6.391240425739061,1.935449151633704,0.9956406852414899,2.112587123693282,5.624089641382866,0.7514734360798373,0.42053965906514873,0.8680967564367528,2.273290265546848,0.8150213263613969,1.2760523138763658,1.4893596406026544,3.8063923847466157
128.125,372,8.045346878349449,8.343702422323053,1.0238689108945824,2.363590524754978,2.5452178935305523,7.007335250625489,2.338063144985938,1.862586524128286,2.922812430262445,7.239377087942865,0.7553120876852893,0.5181726038200463,0.9254297963985028,2.3374996939558352,0.8326124597217506,1.3544340487473656,1.595832468345452,4.106173105108724
128.375,367,8.009694325247352,8.763797347548707,1.361087795410643,1.8425256514575514,2.296117287310039,5.7381762571455965,1.8613986089651344,1.5077714332989491,2.41377831779085,5.968577613253759,0.5873961938272587,0.48919933292906104,0.7750831634811608,1.9117095696948048,0.6568687748670442,0.952431376443018,1.1849763359445544,2.99063141280968
128.625,362,8.716890714791662,8.447536400970929,0.44645361534484346,2.2137348110510064,2.271006391184529,6.929749849249894,1.8102436211688118,1.9837038113511354,2.656459131879516,6.513263544313437,0.9975019052357141,0.5321894411868987,1.145374062228308,3.027399730091625,0.5294009832090169,1.3539539138936214,1.4884771383032764,4.17639399627345
128.875,355,9.332293476032616,8.841356313198538,1.0322477718511323,3.00756958151278,3.212310226051852,9.214491708881866,1.7212208314262936,1.5959974472710077,2.371452421895326,5.81073937346462,1.3650040715863536,0.5467352389907014,1.4845974947553753,4.147442126325276,0.40657314026329394,1.4789166489130405,1.574851829013077,4.661038923723291
129.125,346,9.36464814881109,9.537032597664036,1.6832152115338745,3.0919997579423484,3.5098890886152994,9.240713868216627,3.061034589274808,0.36801731623552986,3.0633514562898077,9.595841492181355,0.9159427483425516,0.6477965085398875,1.1380449946851607,2.8613635121235377,1.0827141631813226,1.150552953976242,1.5992291337084095,3.9166699987937963
129.375,338,9.83769899308452,10.245422080141243,2.706822781130622,1.7649604107655679,3.1948353223074197,8.136383100364569,3.0586211237030327,1.478474772752491,3.4621634724847867,9.330861732912451,0.9838531883619599,0.7689566410837303,1.277731886046766,3.1712613081459424,1.246312276932435,1.2163275761444996,1.7720445154638875,4.336659903809249
129.625,320,9.967536548556383,10.183321147791212,3.3701074981034274,2.934790183890834,4.452793781316825,10.945674211731873,2.7120510498110724,1.6670181409694198,3.166409073899705,8.147505381228,1.1256803322264608,0.7927262537111415,1.3908911009304543,3.4992936058051427,0.6984220261728334,0.8803304026720588,1.134002682381707,2.809968495171991
129.875,309,10.573974444541618,11.226826864927421,3.0368017047581497,3.67705036475824,4.736452158992647,11.690784321680887,2.052457303032018,1.829213526010815,2.7151545271944157,6.664968501232485,0.8346792992503422,0.6009433409884493,1.0396028469032412,2.607172321608206,0.4035431495174424,1.2364958579402836,1.3047285418168015,3.772001481922073
130.125,301,11.14085920802493,12.443626619316667,3.465485958492694,2.9920809033376092,4.463875308251965,10.979269182523872,2.2932711227705442,0.9983099761004431,2.5961307787334613,7.140799918611491,1.1699412110454293,0.6911545547449407,1.380597036927745,3.578391188575271,1.078403283323563,1.4855418656730073,1.8803930854901816,4.71033451085
130.375,281,12.007977325322212,11.998973623308116,1.4095445458055929,4.094691625148805,4.352041624451976,12.477886517832928,5.037615918962706,0.5333352622228228,5.336074242819728,16.773087604787136,1.0832728231019697,0.6856948331365633,1.28020198001914,3.276963620295839,1.0505600713576486,0.8789655037671126,1.3953554055944803,3.440250996142365
130.625,256,12.198877372902954,12.631139139163531,3.4500259248153053,2.833817089769934,4.474727391949795,11.050203199263317,4.022369141180581,2.521783457361435,4.98809393073905,12.789687681627802,1.1858143476156384,0.4714721585789181,1.258692631714028,3.5210547009651214,1.893535141740977,1.5704906106003058,2.547704765489247,6.286041465011237
130.875,229,13.244315097787696,13.435191541280586,1.9722987296013987,3.5242045845739782,3.977855325439282,10.416749561962655,4.846886124772416,1.9491147132031403,5.260071792512981,14.684115908276903,1.0781685576774889,1.369335438967623,1.6999703029165973,4.2158122483501215,1.7055895178354472,1.7424504931795783,2.4339700693561466,5.9563700828973625
131.125,196,13.665034120355816,13.190005206826884,1.4046736102221502,4.5186061056252225,4.8382520230648245,14.087976552141349,7.297113307360171,1.433299318343804,7.619831144669714,23.297275322261047,1.0583713620239676,1.372213617791761,1.7077197775649173,4.244872036234896,2.245909166367859,1.155989224833397,2.5180316299175707,6.702723322500414
131.375,164,14.181863211774143,14.836041188348215,2.8530573266240826,2.4012547266794004,3.8127799525661983,9.395840425825458,6.258291638950694,0.6081321625021425,6.215960629383,19.576162845022907,1.860601378048608,0.7625413134610853,1.979632253160344,5.507172797171548,1.201976828478618,1.1223320749440564,1.6347606454797423,4.004662953331515
131.625,124,15.008208925703595,14.987820412145526,3.3409357218741618,3.543116812149774,4.997959040779347,12.23978308929995,6.08170714058176,2.9060368879284244,6.589050605414511,17.798522255702174,1.7151700284906437,1.207375835589171,2.068838762175666,5.205224034305728,2.1640582002137894,1.5425294965820313,2.623123374804534,6.587791388098532
131.875,78,16.024867769167823,15.523213698341676,6.308013677384751,4.863005946900825,8.087854036319268,20.105047224828976,3.435563837043102,2.513911019709862,4.462332187938898,11.165874599370666,0.8786046313385969,0.46832210486377573,0.9731680033212756,2.572698799461856,1.6586884328474532,1.882016256763049,2.5324053470953336,6.22036417573648
132.125,35,15.647607432443067,17.308505906647568,4.648835014661845,5.637514025665216,7.285676311030244,17.985366076486105,3.5532419276870453,4.341446898837047,5.671324777206039,14.009788670390526,0.6060598442912417,0.9393862712143604,1.0625937545412074,2.7110056728488425,1.0402186538377276,2.213200317756447,2.446283782707181,6.629433629654785
132.375,4,15.09499849925444,30.753299605195217,6.706005034695243,4.079107146983337,7.7507124704039825,19.981232153202136,7.006989820982598,5.464151603630091,9.31598585683656,23.127608575568566,1.5353446844985028,0.8526554192237537,1.6468609090071344,4.319026419668761,1.243276110553834,4.38523183505499,4.308254276100685,12.702002138188828
132.625,0,,,14.97873554955998,4.0802788584607095,17.3021044488794,51.26562102369524,4.129454738071119,5.352844872437078,6.629166249177477,16.477686252115777,2.344324076624779,3.0353764603425506,3.4983722019677552,8.694519640683676,1.223462393425288,3.525666991777246,3.6396624369001462,10.421935156652903
132.875,0,,,15.186168195610216,3.788557942464975,16.102704233144056,48.19164196124125,5.947105273622216,7.49691118406321,9.673761996073353,23.97109830281041,3.651250690856141,1.5958959751548378,3.7464421096260194,10.296850395130825,1.0316872524978122,1.496450255867955,1.8595892340583082,4.693477207151618
133.125,0,,,23.629896986297897,9.243931473636733,27.959241201152548,78.44158954663176,7.417652231202896,9.050838290674603,11.062545340460023,27.32422397395461,2.639972218073008,2.05796477326015,3.0238086041392194,7.507119943718191,3.5752671058196217,3.6513267187503113,5.145222198974531,12.5912572609363
133.375,0,,,17.74134996111676,15.137357857610512,23.990559444725683,59.05718732084808,9.258848583855837,7.63590742283535,11.75921485434435,29.02842761549173,4.26443370338626,3.1161624274506803,4.578836369583314,11.459518850299785,6.924450771920027,3.326694859884599,7.0829560461702785,19.112292616917003
133.625,0,,,20.117874244520532,24.665856747153754,27.748983169395768,68.57008922923913,10.868731223140465,9.511074229741197,13.816883398957536,33.95341874854795,3.8090697064252255,4.886379581101524,5.272027307325734,13.088729079288843,3.0390661152738754,4.365417014192102,5.375028264256801,13.54608389811215
133.875,0,,,17.21948932545644,16.283964390273336,19.565549450246316,47.9113359004012,11.461056068440733,14.180548654055528,15.320389097431525,37.89110649419592,4.602821562295188,1.9285792546804994,4.767565438390356,13.208548348290325,3.080085009685246,3.66396995506529,4.446992420203745,10.959788065698719
134.125,0,,,4.179970330554105,10.2928560365282,11.427957205214396,31.845235615607553,14.14378175741077,14.925552474323062,14.891020913350822,36.462546067475465,3.6670139546922824,2.404720458383521,4.74124545647288,12.063136167615497,10.659387017811756,4.192421665449369,9.380612817169471,26.29257227242851
134.375,0,,,13.243508305527426,15.927343118967666,16.089888568317768,39.69046427728982,15.571153144475296,12.456575986868064,15.654760561784464,38.757833778481746,6.539343783164685,5.517500742157825,8.47080269833263,20.87044913327314,7.91128526761086,6.300766734342135,8.588392279679503,21.272765565359915
134.625,0,,,22.705810020835383,30.08927557358368,27.01545879653694,67.3293557700715,20.611618744572734,12.02990106983917,19.05815731206096,49.509406680723096,7.597863086022335,10.506168073319461,12.344852578175933,30.939807693717206,17.453260562587047,6.693617055525376,17.689456042937902,49.804057730988085
134.875,0,,,38.93496319547833,45.51619152096386,29.20637855149607,71.88325465355146,18.371273912874187,27.281466649915405,27.357427981672654,69.30391241707848,7.664671136787006,9.70819791906081,13.275254366425044,32.912100597205885,10.291897582398546,16.085755015688406,19.878445108187776,50.78860330679591
135.125,0,,,19.811879647064245,61.06721562682493,34.1353758684261,98.77457632383287,20.208285961182604,13.721868396143714,21.349689019503824,54.01309094482448,7.180285351120919,7.946469828561339,11.840746051485569,29.045117280271807,11.23400241174471,12.131269567063205,20.572700761888747,50.41144014420872
135.375,0,,,36.50082297525824,84.61457206656856,36.063027774834225,99.36543943525197,14.685800855066047,45.600329766237294,38.39731734278141,111.2290657771499,10.791612878438924,14.067958838985545,19.951921178759687,49.62609736846656,12.344443405047361,23.328460903539174,30.32406176979435,80.28045928076213
135.625,0,,,31.188056381934675,78.31481939266563,26.467439158329086,74.01799288303121,27.49694543122181,38.678695579711004,27.472871083681866,69.02260978328619,7.8224668478721675,9.781900418378653,12.408956435214392,30.723056177716206,24.221304744535583,19.634840494415492,27.140644528074148,67.10599089610308
135.875,0,,,60.76373789101355,59.33696907767828,83.80649799414319,205.09516989613226,35.221772758108145,78.09835190005316,41.56443602983042,113.550207725604,16.594581598455786,23.62755110145359,36.708655582609204,92.3905424668892,24.680388924397153,23.376458766307866,26.75310729071097,65.50918403624993
136.125,0,,,99.4198640220381,59.715897903386626,318.76229113484726,823.6676588696915,26.904278671620112,68.42288079359462,30.894882871317364,86.59816049371678,28.140324158605274,32.65080374614806,50.93167284695801,125.28624128568366,25.44375109745055,32.851278373364664,32.896488267661226,81.73120037245721
136.375,0,,,98.81050794083751,62.85061681826689,376.71829876592255,963.4775667620092,36.726095894865985,64.11156009868982,104.54674615116417,272.5543611378736,34.2303941364592,20.07438031509423,59.40763018064688,154.19070216670613,12.105442021582038,30.34749590214808,39.83003355864813,111.35421981618403
136.625,0,,,99.51797450899738,62.77412259393876,408.705425181103,1046.8117860944192,62.92774702838974,100.0,73.106227722341,187.3245726863477,22.17808718741716,43.82393451560382,65.04667143194327,173.726467796234,26.751042299900803,20.921514470406514,35.419480795404205,87.90290773208957
136.875,0,,,99.06211210385992,100.0,180.83547363395442,442.4979873923778,63.85025492482244,100.0,24.1792407589901,61.79886087732848,65.10884193602526,37.916059715740694,137.62817030247618,357.68128790024394,38.471486802049014,15.913892495089643,21.82229618053657,60.60362449453625
137.125,0,,,99.53180573051276,100.00000000000003,227.07643449173744,555.6389849579056,86.92311621563165,100.0,567.6900976810626,1395.6416452417564,68.55795351171572,3.2651086087575427,75.48901096290497,239.62714235428942,73.0139980428073,25.14922445370422,991.4792049234674,2842.4305697152868
137.375,0,,,99.26202027916085,100.0,120.87739959900878,295.7802752443932,28.663302391803434,100.0,5387.108895437247,15860.478865228468,68.69728562524975,38.58410934339325,83.80319536181753,219.3026514994883,14.153586939589877,43.67565964040512,1624.251973871306,4700.754025399943
137.625,0,,,99.56140891080425,nan,0.0,nan,19.2307245052376,nan,0.0,nan,98.08043939113732,100.0,102.72499849955577,251.3819019432055,16.872898207628854,64.12892318766536,1794.8562631196837,5339.9520901566375
137.875,0,,,49.60416096908201,nan,0.0,nan,24.162414731090117,nan,0.0,nan,13.60738164496073,100.0,1548.0826105085218,4828.673935964878,4.397502617101849,60.53363081737936,1642.7117258468045,5197.088339555922
138.125,0,,,39.42005320668068,nan,0.0,nan,20.820216674556434,nan,0.0,nan,8.602871700609642,100.00000000000003,1870.0304276335196,5902.46665629958,14.954294831322285,100.0,1168.5902321409226,3630.5487291482414
138.375,0,,,36.43580455052413,nan,0.0,nan,8.826327203034081,nan,0.0,nan,10.194692151101627,100.0,4007.111470157578,12606.778066632047,6.469361166655201,100.0,2402.709298527393,7610.710557442603
138.625,0,,,74.49083050473135,nan,0.0,nan,15.403909176434496,nan,0.0,nan,24.91776403393545,100.0,609.3777195763441,1823.9570642072756,11.941428906134579,100.0,1847.1954372847047,5787.469373087583
138.875,0,,,50.79668130404876,nan,0.0,nan,14.100344746144868,nan,0.0,nan,24.577584257767846,nan,0.0,nan,11.050317338625405,nan,0.0,nan
139.125,0,,,36.53679708901304,nan,0.0,nan,49.416414303869395,nan,0.0,nan,25.537588407037926,nan,0.0,nan,17.26907937292557,nan,0.0,nan
139.375,0,,,57.74179292818082,nan,0.0,nan,35.63336879488429,nan,0.0,nan,16.68298560331072,nan,0.0,nan,9.441066977451957,nan,0.0,nan
139.625,0,,,34.970387108212975,nan,0.0,nan,8.084735026539873,nan,0.0,nan,15.649712021819449,nan,0.0,nan,11.534556139731217,nan,0.0,nan
139.875,0,,,16.844642445221357,nan,0.0,nan,13.611261324896883,nan,0.0,nan,15.658610575824506,nan,0.0,nan,7.834515835556689,nan,0.0,nan
140.125,0,,,55.35597101321118,nan,0.0,nan,18.49827294946478,nan,0.0,nan,11.421996523034608,nan,0.0,nan,10.43316587457997,nan,0.0,nan
140.375,0,,,32.89433293016389,nan,0.0,nan,17.238084398677803,nan,0.0,nan,9.449419716621179,nan,0.0,nan,9.334201708768532,nan,0.0,nan
140.625,0,,,52.0963539382001,nan,0.0,nan,22.22830374891267,nan,0.0,nan,15.422561573671695,nan,0.0,nan,7.305525813678973,nan,0.0,nan
140.875,0,,,35.59959283299594,nan,0.0,nan,25.043962193256213,nan,0.0,nan,17.499406397933328,nan,0.0,nan,7.331087646591611,nan,0.0,nan
141.125,0,,,81.01373709217444,nan,0.0,nan,3.832801365290934,nan,0.0,nan,12.429671841015326,nan,0.0,nan,9.585131320131495,nan,0.0,nan
141.375,0,,,28.662957920024695,nan,0.0,nan,40.369883277306364,nan,0.0,nan,10.061417408943754,nan,0.0,nan,12.209563941672606,nan,0.0,nan
141.625,0,,,57.69896715524384,nan,0.0,nan,39.778231209978784,nan,0.0,nan,3.2083783253766414,nan,0.0,nan,16.71588380306515,nan,0.0,nan
141.875,0,,,35.94063005316262,nan,0.0,nan,23.54386617315257,nan,0.0,nan,18.751749997666227,nan,0.0,nan,15.495137626979302,nan,0.0,nan
142.125,0,,,39.27645966912851,nan,0.0,nan,19.086949499095493,nan,0.0,nan,10.035439106561181,nan,0.0,nan,9.701522641213069,nan,0.0,nan
142.375,0,,,16.068028281168218,nan,0.0,nan,21.90842394628308,nan,0.0,nan,8.932187160961199,nan,0.0,nan,7.044536211547997,nan,0.0,nan
142.625,0,,,65.3804758912915,nan,0.0,nan,10.458166898307171,nan,0.0,nan,6.742506536860922,nan,0.0,nan,10.245720253681627,nan,0.0,nan
142.875,0,,,32.80805146227411,nan,0.0,nan,9.054416964086789,nan,0.0,nan,13.618774318192358,nan,0.0,nan,14.44381555076338,nan,0.0,nan
143.125,0,,,45.77237568470514,nan,0.0,nan,13.035028082899824,nan,0.0,nan,23.767694035198616,nan,0.0,nan,12.832173892706844,nan,0.0,nan
143.375,0,,,37.867922018192736,nan,0.0,nan,12.101528887319267,nan,0.0,nan,16.039324453314578,nan,0.0,nan,6.709975670429451,nan,0.0,nan
143.625,0,,,29.900876385361073,nan,0.0,nan,21.249235939310967,nan,0.0,nan,14.094096742417703,nan,0.0,nan,9.516908703528886,nan,0.0,nan
143.875,0,,,18.445298815852844,nan,0.0,nan,14.237396501122268,nan,0.0,nan,17.75898893670989,nan,0.0,nan,17.22148409508428,nan,0.0,nan
144.125,0,,,49.91001616992978,nan,0.0,nan,18.09986637082621,nan,0.0,nan,21.047801320042375,nan,0.0,nan,12.376803458742671,nan,0.0,nan
144.375,0,,,35.10429017048893,nan,0.0,nan,15.512982064040445,nan,0.0,nan,7.803719562330757,nan,0.0,nan,13.034107957732857,nan,0.0,nan
144.625,0,,,62.173124006587535,nan,0.0,nan,5.8821292675209405,nan,0.0,nan,17.218780655543306,nan,0.0,nan,28.79415879721862,nan,0.0,nan
144.875,0,,,66.97808842988768,nan,0.0,nan,22.230374665148638,nan,0.0,nan,25.392708100527145,nan,0.0,nan,18.985329873413384,nan,0.0,nan
145.125,0,,,33.815120777672774,nan,0.0,nan,18.460811146153148,nan,0.0,nan,6.960976460907302,nan,0.0,nan,11.214947238486657,nan,0.0,nan
145.375,0,,,29.510641044866325,nan,0.0,nan,11.007632125418864,nan,0.0,nan,36.249199178957845,nan,0.0,nan,15.463151844932794,nan,0.0,nan
145.625,0,,,46.86883016078225,nan,0.0,nan,24.459773745170406,nan,0.0,nan,28.391773014297527,nan,0.0,nan,13.134261901104344,nan,0.0,nan
145.875,0,,,55.5763472709041,nan,0.0,nan,34.79090584820577,nan,0.0,nan,5.683743772262743,nan,0.0,nan,15.696470489413178,nan,0.0,nan
146.125,0,,,76.03811790604948,nan,0.0,nan,15.772990317284238,nan,0.0,nan,13.143243333316537,nan,0.0,nan,13.619277753793794,nan,0.0,nan
146.375,0,,,47.06269002271898,nan,0.0,nan,20.966843581684877,nan,0.0,nan,11.378111308811132,nan,0.0,nan,13.25790236144403,nan,0.0,nan
146.625,0,,,30.71313266072593,nan,0.0,nan,32.63050513425137,nan,0.0,nan,16.466454400533593,nan,0.0,nan,19.214962222126,nan,0.0,nan
146.875,0,,,90.32760124228795,nan,0.0,nan,29.346442339066915,nan,0.0,nan,22.950561465221618,nan,0.0,nan,11.02454998707159,nan,0.0,nan
147.125,0,,,52.173910015078725,nan,0.0,nan,35.57387442273324,nan,0.0,nan,10.568052215123073,nan,0.0,nan,9.834756522215745,nan,0.0,nan
147.375,0,,,55.61934666952884,nan,0.0,nan,23.4294381972363,nan,0.0,nan,18.915156677866094,nan,0.0,nan,4.48969213552586,nan,0.0,nan
147.625,0,,,54.626428505441574,nan,0.0,nan,14.387999632317076,nan,0.0,nan,17.176610703603405,nan,0.0,nan,18.134786158500617,nan,0.0,nan
147.875,0,,,37.37310093716553,nan,0.0,nan,23.7677548398252,nan,0.0,nan,19.80159963114345,nan,0.0,nan,12.218112183144878,nan,0.0,nan
148.125,0,,,75.52369646470545,nan,0.0,nan,23.00122518404739,nan,0.0,nan,37.67529369757877,nan,0.0,nan,28.275829882349985,nan,0.0,nan
148.375,0,,,46.55857996093475,nan,0.0,nan,20.907490347260307,nan,0.0,nan,8.825264738428752,nan,0.0,nan,10.879439255460847,nan,0.0,nan
148.625,0,,,44.91254654710919,nan,0.0,nan,23.91632868245683,nan,0.0,nan,25.77500419106474,nan,0.0,nan,10.99319370239019,nan,0.0,nan
148.875,0,,,49.211231697143475,nan,0.0,nan,27.204479334982643,nan,0.0,nan,25.874750138477676,nan,0.0,nan,9.932644824914323,nan,0.0,nan
149.125,0,,,35.21612186090557,nan,0.0,nan,17.14918053781169,nan,0.0,nan,21.028926026277542,nan,0.0,nan,12.39800964092238,nan,0.0,nan
149.375,0,,,54.91297589789279,nan,0.0,nan,23.792801891167024,nan,0.0,nan,32.23646228593879,nan,0.0,nan,10.820573406206266,nan,0.0,nan
149.625,0,,,97.68674426705239,nan,0.0,nan,23.582962766730624,nan,0.0,nan,15.892035452887615,nan,0.0,nan,18.426555664166646,nan,0.0,nan
149.875,0,,,24.33812022926743,nan,0.0,nan,28.66730692273463,nan,0.0,nan,13.01530350479706,nan,0.0,nan,16.323061896492487,nan,0.0,nan
150.125,0,,,52.81979538969057,nan,0.0,nan,8.511820729837503,nan,0.0,nan,21.86645178980051,nan,0.0,nan,8.531349384411257,nan,0.0,nan
150.375,0,,,66.51583758442968,nan,0.0,nan,39.91811423927754,nan,0.0,nan,21.204199407930673,nan,0.0,nan,20.474514920341843,nan,0.0,nan
150.625,0,,,43.55332380497307,nan,0.0,nan,22.156141903671493,nan,0.0,nan,18.516255480746203,nan,0.0,nan,5.437805423843786,nan,0.0,nan
150.875,0,,,61.22782052803421,nan,0.0,nan,22.77402936840986,nan,0.0,nan,34.24286771809169,nan,0.0,nan,18.790596293984603,nan,0.0,nan
151.125,0,,,94.05388581717293,nan,0.0,nan,7.658322769811715,nan,0.0,nan,30.541741007954766,nan,0.0,nan,19.564603635485962,nan,0.0,nan
151.375,0,,,62.82147313438406,nan,0.0,nan,7.931511703077232,nan,0.0,nan,43.33627353937666,nan,0.0,nan,3.798451117339595,nan,0.0,nan
151.625,0,,,56.03675955175259,nan,0.0,nan,26.469326295661688,nan,0.0,nan,21.907396997719246,nan,0.0,nan,14.722662008857549,nan,0.0,nan
151.875,0,,,57.417425818859535,nan,0.0,nan,34.213656857473296,nan,0.0,nan,31.38910062544801,nan,0.0,nan,10.285051211154776,nan,0.0,nan
152.125,0,,,64.93930219491028,nan,0.0,nan,30.593758251615167,nan,0.0,nan,17.513227363434062,nan,0.0,nan,21.323371579368967,nan,0.0,nan
152.375,0,,,46.1772590448726,nan,0.0,nan,33.07838228721443,nan,0.0,nan,41.695971140107915,nan,0.0,nan,31.82947340283892,nan,0.0,nan
152.625,0,,,47.576183009297466,nan,0.0,nan,19.311236526013094,nan,0.0,nan,18.415962076300225,nan,0.0,nan,18.3435159764317,nan,0.0,nan
152.875,0,,,49.53023845292809,nan,0.0,nan,37.94673411748453,nan,0.0,nan,17.372093816943764,nan,0.0,nan,23.4592698796756,nan,0.0,nan
153.125,0,,,49.24657436904554,nan,0.0,nan,33.19501009927528,nan,0.0,nan,9.600900827400483,nan,0.0,nan,15.3291433031399,nan,0.0,nan
153.375,0,,,37.22040712023427,nan,0.0,nan,20.81246260577007,nan,0.0,nan,9.0659327708166,nan,0.0,nan,17.940229122611502,nan,0.0,nan
153.625,0,,,100.0,nan,0.0,nan,44.26490893367172,nan,0.0,nan,26.33016431558865,nan,0.0,nan,26.10920999127681,nan,0.0,nan
153.875,0,,,83.25792995549864,nan,0.0,nan,30.92986286220365,nan,0.0,nan,17.050357608815936,nan,0.0,nan,15.782835672581722,nan,0.0,nan
154.125,0,,,84.94814821261295,nan,0.0,nan,17.47160966706101,nan,0.0,nan,21.715041659636654,nan,0.0,nan,17.299523137594306,nan,0.0,nan
154.375,0,,,52.95094130810689,nan,0.0,nan,21.970238960338158,nan,0.0,nan,15.255853605045175,nan,0.0,nan,33.768043662595126,nan,0.0,nan
154.625,0,,,60.52055034049033,nan,0.0,nan,18.556610490494794,nan,0.0,nan,22.68255946668039,nan,0.0,nan,18.780979385340142,nan,0.0,nan
154.875,0,,,96.9544728915924,nan,0.0,nan,39.220906930087466,nan,0.0,nan,17.277189074852018,nan,0.0,nan,24.983399153512526,nan,0.0,nan
155.125,0,,,35.36775835848795,nan,0.0,nan,21.575381097049434,nan,0.0,nan,24.20960015372903,nan,0.0,nan,13.404946675473866,nan,0.0,nan
155.375,0,,,92.66596431746657,nan,0.0,nan,44.01758994036685,nan,0.0,nan,26.54587215071474,nan,0.0,nan,11.095844647495742,nan,0.0,nan
155.625,0,,,54.33904510067524,nan,0.0,nan,51.896837380414276,nan,0.0,nan,21.53682025077453,nan,0.0,nan,13.251380594478146,nan,0.0,nan
155.875,0,,,62.8596596697208,nan,0.0,nan,4.772237238185882,nan,0.0,nan,23.59144542527057,nan,0.0,nan,14.438283451532172,nan,0.0,nan
156.125,0,,,39.19609147810374,nan,0.0,nan,20.897521251257857,nan,0.0,nan,8.579044189531931,nan,0.0,nan,19.277780043535063,nan,0.0,nan
156.375,0,,,48.99562588438663,nan,0.0,nan,22.60904373903371,nan,0.0,nan,7.389762425181134,nan,0.0,nan,28.164122791772776,nan,0.0,nan
156.625,0,,,95.09777920955072,nan,0.0,nan,19.247074727004076,nan,0.0,nan,23.84628157245558,nan,0.0,nan,14.119835427466931,nan,0.0,nan
156.875,0,,,76.41386706182148,nan,0.0,nan,52.28717461176603,nan,0.0,nan,19.164361537556317,nan,0.0,nan,18.68016600515047,nan,0.0,nan
157.125,0,,,46.24566202809397,nan,0.0,nan,29.995639108820793,nan,0.0,nan,15.275238059553987,nan,0.0,nan,25.260470415603663,nan,0.0,nan
157.375,0,,,60.590532710986736,nan,0.0,nan,42.18124654287742,nan,0.0,nan,13.935481360697052,nan,0.0,nan,29.87207567144955,nan,0.0,nan
157.625,0,,,40.383328874015696,nan,0.0,nan,26.363598492829194,nan,0.0,nan,16.1308059409116,nan,0.0,nan,13.59737085569434,nan,0.0,nan
157.875,0,,,68.03038226809886,nan,0.0,nan,25.19723932838603,nan,0.0,nan,25.6753727871957,nan,0.0,nan,15.594820538719418,nan,0.0,nan
158.125,0,,,45.218729252660204,nan,0.0,nan,34.12344903607886,nan,0.0,nan,14.949464904483664,nan,0.0,nan,5.435012213350919,nan,0.0,nan
158.375,0,,,40.91043081334238,nan,0.0,nan,32.903232698280135,nan,0.0,nan,29.597649022302225,nan,0.0,nan,17.883102146415304,nan,0.0,nan
158.625,0,,,45.10872592267905,nan,0.0,nan,30.16940196964909,nan,0.0,nan,50.58147417265736,nan,0.0,nan,3.152194765434637,nan,0.0,nan
158.875,0,,,94.12307012227093,nan,0.0,nan,32.50543368894679,nan,0.0,nan,6.805273015832225,nan,0.0,nan,22.741564366856856,nan,0.0,nan
159.125,0,,,80.01814826033377,nan,0.0,nan,17.479285407875338,nan,0.0,nan,47.56578076013863,nan,0.0,nan,24.305497346539664,nan,0.0,nan
159.375,0,,,48.58217921564364,nan,0.0,nan,37.81310572540907,nan,0.0,nan,33.897870139064665,nan,0.0,nan,19.22746810850649,nan,0.0,nan
159.625,0,,,77.54232043189326,nan,0.0,nan,35.121811577912595,nan,0.0,nan,19.636728242871833,nan,0.0,nan,20.118649609685537,nan,0.0,nan
159.875,0,,,87.66445777236815,nan,0.0,nan,64.02278410814925,nan,0.0,nan,33.774471963585825,nan,0.0,nan,23.576869163485238,nan,0.0,nan
160.125,0,,,57.73084599803177,nan,0.0,nan,36.19245387478435,nan,0.0,nan,34.33539880880425,nan,0.0,nan,12.017595964999526,nan,0.0,nan
160.375,0,,,84.5414352665503,nan,0.0,nan,17.019424309533406,nan,0.0,nan,40.25496395841958,nan,0.0,nan,13.720581889816394,nan,0.0,nan
160.625,0,,,36.80747335438308,nan,0.0,nan,56.29260732362855,nan,0.0,nan,28.99638468919968,nan,0.0,nan,32.6263314989612,nan,0.0,nan
160.875,0,,,47.67730332093694,nan,0.0,nan,48.24740314834261,nan,0.0,nan,18.180720065549078,nan,0.0,nan,35.55052240488048,nan,0.0,nan
161.125,0,,,89.43262488530284,nan,0.0,nan,34.9377314232617,nan,0.0,nan,14.320890935428324,nan,0.0,nan,21.833328767390423,nan,0.0,nan
161.375,0,,,38.66125266635277,nan,0.0,nan,12.84298965130541,nan,0.0,nan,25.543258021994177,nan,0.0,nan,21.852005061194046,nan,0.0,nan
161.625,0,,,56.390265403180905,nan,0.0,nan,34.908693098018055,nan,0.0,nan,21.691853273028013,nan,0.0,nan,26.265108834373365,nan,0.0,nan
161.875,0,,,59.332852561240124,nan,0.0,nan,41.51456213806391,nan,0.0,nan,62.54073337679321,nan,0.0,nan,18.707779086493677,nan,0.0,nan
162.125,0,,,88.37092959696116,nan,0.0,nan,63.68201790670156,nan,0.0,nan,33.32700323579264,nan,0.0,nan,24.133202129495444,nan,0.0,nan
162.375,0,,,59.395067082513776,nan,0.0,nan,27.4229503580158,nan,0.0,nan,24.308279851805985,nan,0.0,nan,15.492477291730472,nan,0.0,nan
162.625,0,,,75.13763042061271,nan,0.0,nan,33.4467118897772,nan,0.0,nan,24.200147899099015,nan,0.0,nan,24.453554329477438,nan,0.0,nan
162.875,0,,,51.69750688994672,nan,0.0,nan,37.04173123739016,nan,0.0,nan,27.639079571495095,nan,0.0,nan,27.085132107587384,nan,0.0,nan
163.125,0,,,42.612900456870236,nan,0.0,nan,24.708417579309234,nan,0.0,nan,27.88568719258703,nan,0.0,nan,16.194293647726393,nan,0.0,nan
163.375,0,,,57.163647990596225,nan,0.0,nan,12.598821283703964,nan,0.0,nan,10.48792504657584,nan,0.0,nan,13.974265810391914,nan,0.0,nan
163.625,0,,,57.60305209444262,nan,0.0,nan,16.38781950340162,nan,0.0,nan,30.118320694979143,nan,0.0,nan,13.00048217747643,nan,0.0,nan
163.875,0,,,89.80268844700102,nan,0.0,nan,24.374666625167695,nan,0.0,nan,31.111235758820428,nan,0.0,nan,13.046019995235042,nan,0.0,nan
164.125,0,,,62.7447129964963,nan,0.0,nan,37.43329346328678,nan,0.0,nan,37.50647771564435,nan,0.0,nan,8.142055138990607,nan,0.0,nan
164.375,0,,,91.41934568554,nan,0.0,nan,25.920795661129393,nan,0.0,nan,19.704248326931108,nan,0.0,nan,26.488598176216232,nan,0.0,nan
164.625,0,,,34.19044791568848,nan,0.0,nan,39.73021830730158,nan,0.0,nan,22.912086373730894,nan,0.0,nan,9.759458834217149,nan,0.0,nan
164.875,0,,,36.778122903088814,nan,0.0,nan,30.063252962126658,nan,0.0,nan,26.29731699750284,nan,0.0,nan,16.10267525773499,nan,0.0,nan
165.125,0,,,43.37640660942218,nan,0.0,nan,48.9710947054092,nan,0.0,nan,47.33705512174037,nan,0.0,nan,32.83795551865962,nan,0.0,nan
165.375,0,,,57.48799799784792,nan,0.0,nan,4.477050838035127,nan,0.0,nan,33.307632787679445,nan,0.0,nan,17.847401004874406,nan,0.0,nan
165.625,0,,,23.84763843799924,nan,0.0,nan,43.407006845235095,nan,0.0,nan,20.004953424305743,nan,0.0,nan,31.80461367164228,nan,0.0,nan
165.875,0,,,91.66769462201802,nan,0.0,nan,36.343207887261855,nan,0.0,nan,41.06399124958264,nan,0.0,nan,20.566269477182054,nan,0.0,nan
166.125,0,,,82.9800445342678,nan,0.0,nan,27.766767092525573,nan,0.0,nan,17.956781893145752,nan,0.0,nan,8.827310591938895,nan,0.0,nan
166.375,0,,,93.8117905580312,nan,0.0,nan,62.81810659022704,nan,0.0,nan,41.587418819008434,nan,0.0,nan,19.847376500975162,nan,0.0,nan
166.625,0,,,80.34347048834576,nan,0.0,nan,19.704872043888383,nan,0.0,nan,31.756499640101545,nan,0.0,nan,18.68692185123271,nan,0.0,nan
166.875,0,,,92.34197796411542,nan,0.0,nan,25.859690583830563,nan,0.0,nan,19.508032048480334,nan,0.0,nan,29.354805676831123,nan,0.0,nan
167.125,0,,,83.78877259569506,nan,0.0,nan,28.175420415138415,nan,0.0,nan,32.3383627668312,nan,0.0,nan,17.317957266309804,nan,0.0,nan
167.375,0,,,100.0,nan,0.0,nan,40.17733022888306,nan,0.0,nan,23.74252937342483,nan,0.0,nan,19.087277351957326,nan,0.0,nan
167.625,0,,,68.33687063035566,nan,0.0,nan,56.04108631858158,nan,0.0,nan,25.409800144881288,nan,0.0,nan,4.606312850567174,nan,0.0,nan
167.875,0,,,94.3697082082936,nan,0.0,nan,48.429522249762094,nan,0.0,nan,17.13943810717375,nan,0.0,nan,15.2242173324008,nan,0.0,nan
168.125,0,,,100.0,nan,0.0,nan,55.84515695232519,nan,0.0,nan,42.82743883187989,nan,0.0,nan,40.237286313602304,nan,0.0,nan
168.375,0,,,56.880491504924024,nan,0.0,nan,27.117068926556374,nan,0.0,nan,35.61537649250595,nan,0.0,nan,15.289459547159032,nan,0.0,nan
168.625,0,,,62.48639227769524,nan,0.0,nan,41.53704836325257,nan,0.0,nan,26.440570589884576,nan,0.0,nan,14.823593374870983,nan,0.0,nan
168.875,0,,,68.163029313638,nan,0.0,nan,34.75184128722655,nan,0.0,nan,15.395945028769233,nan,0.0,nan,34.72308050698371,nan,0.0,nan
169.125,0,,,61.39861780419983,nan,0.0,nan,68.55664922196644,nan,0.0,nan,36.33883650557602,nan,0.0,nan,25.897300566198584,nan,0.0,nan
169.375,0,,,58.03068957983829,nan,0.0,nan,35.04222150524131,nan,0.0,nan,41.185793529633884,nan,0.0,nan,27.89845242171286,nan,0.0,nan
169.625,0,,,70.735384306957,nan,0.0,nan,22.7858190518294,nan,0.0,nan,38.50395577451701,nan,0.0,nan,18.341233508351053,nan,0.0,nan
169.875,0,,,74.56857013663593,nan,0.0,nan,33.620408231497265,nan,0.0,nan,15.423282009969274,nan,0.0,nan,36.70686719922306,nan,0.0,nan
170.125,0,,,100.0,nan,0.0,nan,45.49919492255764,nan,0.0,nan,41.077390746123406,nan,0.0,nan,30.13671904997813,nan,0.0,nan
170.375,0,,,100.0,nan,0.0,nan,53.0640470840604,nan,0.0,nan,22.35827231198547,nan,0.0,nan,38.31743546280552,nan,0.0,nan
170.625,0,,,89.10210159870175,nan,0.0,nan,70.65879758334876,nan,0.0,nan,35.64834174885985,nan,0.0,nan,17.09783818935231,nan,0.0,nan
170.875,0,,,66.9868719562199,nan,0.0,nan,39.118568783634935,nan,0.0,nan,25.20300156823146,nan,0.0,nan,23.23686734028559,nan,0.0,nan
171.125,0,,,53.434545280737886,nan,0.0,nan,52.77759005403454,nan,0.0,nan,18.225382525405404,nan,0.0,nan,33.25169539283082,nan,0.0,nan
171.375,0,,,54.35394786321312,nan,0.0,nan,27.898029876446156,nan,0.0,nan,28.826147205777747,nan,0.0,nan,8.248308793937381,nan,0.0,nan
171.625,0,,,93.25522809039121,nan,0.0,nan,44.41841341341066,nan,0.0,nan,26.97046143659047,nan,0.0,nan,31.213435554012047,nan,0.0,nan
171.875,0,,,57.73678383775661,nan,0.0,nan,33.629172147486486,nan,0.0,nan,55.74241372568143,nan,0.0,nan,12.401510772129692,nan,0.0,nan
172.125,0,,,89.4058400839208,nan,0.0,nan,53.147996461907944,nan,0.0,nan,62.84836515374549,nan,0.0,nan,31.296342374141144,nan,0.0,nan
172.375,0,,,50.55305233422247,nan,0.0,nan,27.201644780872403,nan,0.0,nan,37.838875483483356,nan,0.0,nan,17.57197698912959,nan,0.0,nan
172.625,0,,,71.68027284455374,nan,0.0,nan,31.928826699223663,nan,0.0,nan,40.78631692718682,nan,0.0,nan,11.010955682645191,nan,0.0,nan
172.875,0,,,99.31840624254932,nan,0.0,nan,50.45597648953968,nan,0.0,nan,46.10028993959163,nan,0.0,nan,19.227044241207143,nan,0.0,nan
173.125,0,,,80.0710095973925,nan,0.0,nan,45.655299675926535,nan,0.0,nan,35.26418122227361,nan,0.0,nan,34.41285275749671,nan,0.0,nan
173.375,0,,,60.18700892190814,nan,0.0,nan,48.81951638336816,nan,0.0,nan,21.008830510765264,nan,0.0,nan,36.53002078067257,nan,0.0,nan
173.625,0,,,69.23852296436422,nan,0.0,nan,32.91147508312681,nan,0.0,nan,45.44622333635947,nan,0.0,nan,36.81519401654642,nan,0.0,nan
173.875,0,,,99.32911911475021,nan,0.0,nan,33.78887534301391,nan,0.0,nan,49.15994283365672,nan,0.0,nan,10.572320989176736,nan,0.0,nan
174.125,0,,,94.53177228889942,nan,0.0,nan,62.5660315744189,nan,0.0,nan,38.08411733383039,nan,0.0,nan,26.484113423350188,nan,0.0,nan
174.375,0,,,58.825787104749224,nan,0.0,nan,52.785945945930614,nan,0.0,nan,39.61781506562978,nan,0.0,nan,6.349943950383075,nan,0.0,nan
174.625,0,,,57.7033172852766,nan,0.0,nan,61.51549490998579,nan,0.0,nan,25.850849143943794,nan,0.0,nan,42.100098546327764,nan,0.0,nan
174.875,0,,,100.0,nan,0.0,nan,35.26578775890248,nan,0.0,nan,44.181041548748304,nan,0.0,nan,7.111118206214605,nan,0.0,nan
175.125,0,,,85.08192687501857,nan,0.0,nan,45.17129255456731,nan,0.0,nan,44.314840259792845,nan,0.0,nan,38.358696291932986,nan,0.0,nan
175.375,0,,,61.21664094452836,nan,0.0,nan,54.56927780007628,nan,0.0,nan,23.88469278991149,nan,0.0,nan,34.350160227606644,nan,0.0,nan
175.625,0,,,88.92606520225338,nan,0.0,nan,48.304004459350736,nan,0.0,nan,38.529968975968536,nan,0.0,nan,34.05877010026975,nan,0.0,nan
175.875,0,,,67.72124382628574,nan,0.0,nan,51.94726667977982,nan,0.0,nan,38.38245791236358,nan,0.0,nan,32.713000857142106,nan,0.0,nan
176.125,0,,,100.0,nan,0.0,nan,83.8442301208438,nan,0.0,nan,26.750562729909305,nan,0.0,nan,21.1297081216678,nan,0.0,nan
176.375,0,,,100.0,nan,0.0,nan,43.42578462807239,nan,0.0,nan,21.626353178089186,nan,0.0,nan,19.438885195692578,nan,0.0,nan
176.625,0,,,64.65804459734515,nan,0.0,nan,45.34818171503176,nan,0.0,nan,39.334586974198174,nan,0.0,nan,30.585577290684896,nan,0.0,nan
176.875,0,,,97.75460467770529,nan,0.0,nan,17.532101155373358,nan,0.0,nan,23.85170157613245,nan,0.0,nan,16.354506913092635,nan,0.0,nan
177.125,0,,,92.28072407996568,nan,0.0,nan,15.919726167321354,nan,0.0,nan,47.57492231410746,nan,0.0,nan,10.542414490196625,nan,0.0,nan
177.375,0,,,48.72212664222081,nan,0.0,nan,42.46796248997251,nan,0.0,nan,40.30210003578206,nan,0.0,nan,30.01730050493871,nan,0.0,nan
177.625,0,,,100.0,nan,0.0,nan,37.9965657100389,nan,0.0,nan,25.87218811670164,nan,0.0,nan,26.799279369304635,nan,0.0,nan
177.875,0,,,58.04018191437802,nan,0.0,nan,33.85998668802657,nan,0.0,nan,44.89000467415977,nan,0.0,nan,11.544006650932067,nan,0.0,nan
178.125,0,,,62.9924855689566,nan,0.0,nan,68.20884605751996,nan,0.0,nan,56.67200874499162,nan,0.0,nan,42.45067904460814,nan,0.0,nan
178.375,0,,,85.92756581186698,nan,0.0,nan,28.563112819921727,nan,0.0,nan,63.32935596861524,nan,0.0,nan,31.40850053993142,nan,0.0,nan
178.625,0,,,70.78358649121466,nan,0.0,nan,54.86581798466794,nan,0.0,nan,59.40206986651132,nan,0.0,nan,24.754678711323134,nan,0.0,nan
178.875,0,,,94.04628532400329,nan,0.0,nan,34.75609346646165,nan,0.0,nan,21.494689248168932,nan,0.0,nan,7.452812059180637,nan,0.0,nan
179.125,0,,,40.56033013397076,nan,0.0,nan,54.65879943198468,nan,0.0,nan,68.73975371577842,nan,0.0,nan,42.68981288703985,nan,0.0,nan
179.375,0,,,100.0,nan,0.0,nan,21.909621326173355,nan,0.0,nan,38.68859060927807,nan,0.0,nan,19.426934821226823,nan,0.0,nan
179.625,0,,,52.758218428731716,nan,0.0,nan,53.692326623647446,nan,0.0,nan,11.845404507211049,nan,0.0,nan,35.269349112728015,nan,0.0,nan
179.875,0,,,57.900232618046374,nan,0.0,nan,16.944325669537896,nan,0.0,nan,52.4725578062161,nan,0.0,nan,21.024000269896774,nan,0.0,nan
180.125,0,,,89.77555647307442,nan,0.0,nan,37.03855026093306,nan,0.0,nan,26.297906380737796,nan,0.0,nan,20.43708319887406,nan,0.0,nan
180.375,0,,,nan,nan,nan,nan,41.419970856047094,nan,0.0,nan,20.076693849633667,nan,0.0,nan,28.907453627044706,nan,0.0,nan
180.625,0,,,85.52779841653015,nan,0.0,nan,47.01486429510122,nan,0.0,nan,55.126206352973185,nan,0.0,nan,26.89113368929736,nan,0.0,nan
180.875,0,,,100.0,nan,0.0,nan,56.04733363563682,nan,0.0,nan,35.809665845471564,nan,0.0,nan,29.693486583535684,nan,0.0,nan
181.125,0,,,94.19196623771519,nan,0.0,nan,73.46536672949429,nan,0.0,nan,39.8973415967925,nan,0.0,nan,21.10916302986793,nan,0.0,nan
181.375,0,,,100.0,nan,0.0,nan,31.43787809653778,nan,0.0,nan,38.65986000202029,nan,0.0,nan,20.6626536812469,nan,0.0,nan
181.625,0,,,21.005688097924878,nan,0.0,nan,49.21097139243293,nan,0.0,nan,42.19950034369243,nan,0.0,nan,45.50021461990056,nan,0.0,nan
181.875,0,,,48.31544173678387,nan,0.0,nan,39.346163864209274,nan,0.0,nan,44.00735836675377,nan,0.0,nan,23.870425809711925,nan,0.0,nan
182.125,0,,,60.690382644823735,nan,0.0,nan,40.77087738753074,nan,0.0,nan,24.682863351898387,nan,0.0,nan,24.17825669738175,nan,0.0,nan
182.375,0,,,100.0,nan,0.0,nan,66.67835741104608,nan,0.0,nan,31.52797323247037,nan,0.0,nan,10.3112872160905,nan,0.0,nan
182.625,0,,,100.0,nan,0.0,nan,28.01663439326593,nan,0.0,nan,36.68400378016267,nan,0.0,nan,38.79256611671767,nan,0.0,nan
182.875,0,,,62.7847752199891,nan,0.0,nan,47.13601158102455,nan,0.0,nan,72.78054742571621,nan,0.0,nan,23.37077103008533,nan,0.0,nan
183.125,0,,,76.5155642848551,nan,0.0,nan,26.45301034906628,nan,0.0,nan,26.16742015083714,nan,0.0,nan,12.646431362667155,nan,0.0,nan
183.375,0,,,66.4519684445496,nan,0.0,nan,39.191893622916744,nan,0.0,nan,21.10299359717711,nan,0.0,nan,28.41875493887534,nan,0.0,nan
183.625,0,,,95.33870599428032,nan,0.0,nan,46.51555412546047,nan,0.0,nan,27.675052665705223,nan,0.0,nan,38.8965158236357,nan,0.0,nan
183.875,0,,,96.57274592327303,nan,0.0,nan,22.185301900048128,nan,0.0,nan,24.734658077972096,nan,0.0,nan,15.980178456619292,nan,0.0,nan
184.125,0,,,77.10021401277342,nan,0.0,nan,63.330714052972326,nan,0.0,nan,40.005260768792105,nan,0.0,nan,22.57317811527974,nan,0.0,nan
184.375,0,,,90.0392110313986,nan,0.0,nan,40.0919922899392,nan,0.0,nan,55.20625735428754,nan,0.0,nan,27.989522327252697,nan,0.0,nan
184.625,0,,,99.99999999999997,nan,0.0,nan,32.411849261886424,nan,0.0,nan,41.95639691044092,nan,0.0,nan,42.83788029552391,nan,0.0,nan
184.875,0,,,58.710939215948564,nan,0.0,nan,19.93897273156702,nan,0.0,nan,36.37838876069436,nan,0.0,nan,19.32004606465578,nan,0.0,nan
185.125,0,,,nan,nan,nan,nan,49.04691289640641,nan,0.0,nan,46.3557245563439,nan,0.0,nan,54.12959505752774,nan,0.0,nan
185.375,0,,,nan,nan,nan,nan,42.49839189634055,nan,0.0,nan,40.699162393933975,nan,0.0,nan,16.795985061252008,nan,0.0,nan
185.625,0,,,47.84491067257009,nan,0.0,nan,52.33528531657111,nan,0.0,nan,21.122277340950152,nan,0.0,nan,41.99601179458828,nan,0.0,nan
185.875,0,,,70.76194716530395,nan,0.0,nan,37.63399960777114,nan,0.0,nan,25.964200193495117,nan,0.0,nan,30.697965731491923,nan,0.0,nan
186.125,0,,,100.0,nan,0.0,nan,36.3219439618848,nan,0.0,nan,32.43990021306759,nan,0.0,nan,19.230468061502027,nan,0.0,nan
186.375,0,,,100.0,nan,0.0,nan,32.93310728741886,nan,0.0,nan,41.74867237297696,nan,0.0,nan,65.04981887432773,nan,0.0,nan
186.625,0,,,55.46774710911174,nan,0.0,nan,64.89594552684392,nan,0.0,nan,29.799167308855896,nan,0.0,nan,50.42320032260703,nan,0.0,nan
186.875,0,,,nan,nan,nan,nan,37.84445869750974,nan,0.0,nan,15.242900205884702,nan,0.0,nan,33.33276737643464,nan,0.0,nan
187.125,0,,,54.47179819087191,nan,0.0,nan,55.12549331485263,nan,0.0,nan,42.09380384732949,nan,0.0,nan,24.19445295672601,nan,0.0,nan
187.375,0,,,100.0,nan,0.0,nan,85.5409113825804,nan,0.0,nan,31.728245682748472,nan,0.0,nan,61.63199641144372,nan,0.0,nan
187.625,0,,,100.0,nan,0.0,nan,59.861594497561875,nan,0.0,nan,57.075961335508794,nan,0.0,nan,40.06276251760125,nan,0.0,nan
187.875,0,,,58.45204300344557,nan,0.0,nan,73.8064721530653,nan,0.0,nan,21.762021414057635,nan,0.0,nan,42.24914974205573,nan,0.0,nan
188.125,0,,,83.77507453646926,nan,0.0,nan,70.20427418530637,nan,0.0,nan,40.050349794049495,nan,0.0,nan,46.87301517571781,nan,0.0,nan
188.375,0,,,100.0,nan,0.0,nan,43.61411403100213,nan,0.0,nan,31.32701430305424,nan,0.0,nan,31.959214274001596,nan,0.0,nan
188.625,0,,,74.43100222454844,nan,0.0,nan,77.33019128069613,nan,0.0,nan,19.79197257212476,nan,0.0,nan,40.30256539318831,nan,0.0,nan
188.875,0,,,63.39124347519067,nan,0.0,nan,27.135402457900152,nan,0.0,nan,31.584867710856468,nan,0.0,nan,20.4376906889138,nan,0.0,nan
189.125,0,,,78.05307908978412,nan,0.0,nan,77.79529928103926,nan,0.0,nan,29.592728933193946,nan,0.0,nan,57.74110951885848,nan,0.0,nan
189.375,0,,,100.0,nan,0.0,nan,51.06428539112533,nan,0.0,nan,65.03830081585484,nan,0.0,nan,27.509496723027873,nan,0.0,nan
189.625,0,,,57.74103038945436,nan,0.0,nan,40.23958438467933,nan,0.0,nan,50.68539433041157,nan,0.0,nan,22.043608598955082,nan,0.0,nan
189.875,0,,,68.70123698763723,nan,0.0,nan,58.72439575774576,nan,0.0,nan,30.274968249637237,nan,0.0,nan,22.95282133897583,nan,0.0,nan
190.125,0,,,nan,nan,nan,nan,43.63038974108932,nan,0.0,nan,42.81895433524549,nan,0.0,nan,23.008182920783067,nan,0.0,nan
190.375,0,,,61.23961060990249,nan,0.0,nan,40.36851468853601,nan,0.0,nan,43.59928223720942,nan,0.0,nan,26.7028784466025,nan,0.0,nan
190.625,0,,,100.0,nan,0.0,nan,38.24687039261046,nan,0.0,nan,25.051214655232247,nan,0.0,nan,27.266569456501838,nan,0.0,nan
190.875,0,,,100.0,nan,0.0,nan,30.970498874339945,nan,0.0,nan,62.13465523069135,nan,0.0,nan,25.821166503555492,nan,0.0,nan
191.125,0,,,nan,nan,nan,nan,46.26748707742661,nan,0.0,nan,63.36940345829056,nan,0.0,nan,28.61891331804354,nan,0.0,nan
191.375,0,,,95.27594892125822,nan,0.0,nan,47.86470289061507,nan,0.0,nan,50.35460907653121,nan,0.0,nan,53.472283561965575,nan,0.0,nan
191.625,0,,,83.65397553642082,nan,0.0,nan,73.8011356968826,nan,0.0,nan,40.19516326642445,nan,0.0,nan,32.77803327663946,nan,0.0,nan
191.875,0,,,100.0,nan,0.0,nan,44.70679703708757,nan,0.0,nan,48.933694612842395,nan,0.0,nan,55.80266404239992,nan,0.0,nan
192.125,0,,,56.38940676306808,nan,0.0,nan,75.32255441715085,nan,0.0,nan,45.480480155005964,nan,0.0,nan,40.634260402741305,nan,0.0,nan
192.375,0,,,83.48210172573242,nan,0.0,nan,60.00791596272237,nan,0.0,nan,54.057768369015136,nan,0.0,nan,30.830875493093096,nan,0.0,nan
192.625,0,,,98.80694720666595,nan,0.0,nan,54.53222220934195,nan,0.0,nan,53.20396847840881,nan,0.0,nan,17.211923477040486,nan,0.0,nan
192.875,0,,,100.0,nan,0.0,nan,23.6533422158994,nan,0.0,nan,21.04357061223147,nan,0.0,nan,18.045211951122102,nan,0.0,nan
193.125,0,,,96.24468360404414,nan,0.0,nan,26.361230703500354,nan,0.0,nan,33.75024245576653,nan,0.0,nan,23.10109795617806,nan,0.0,nan
193.375,0,,,100.0,nan,0.0,nan,44.635508077593364,nan,0.0,nan,62.261892794397255,nan,0.0,nan,8.15479406549848,nan,0.0,nan
193.625,0,,,57.73842865165122,nan,0.0,nan,42.43069320620836,nan,0.0,nan,56.59080382934497,nan,0.0,nan,42.68286950395181,nan,0.0,nan
193.875,0,,,72.06662150437644,nan,0.0,nan,51.5702857556998,nan,0.0,nan,22.151593605244543,nan,0.0,nan,9.589034026420403,nan,0.0,nan
194.125,0,,,nan,nan,nan,nan,33.020683533424965,nan,0.0,nan,37.14349114531459,nan,0.0,nan,35.30852960722797,nan,0.0,nan
194.375,0,,,100.0,nan,0.0,nan,50.08854948894735,nan,0.0,nan,45.87287263925636,nan,0.0,nan,57.08120535404523,nan,0.0,nan
194.625,0,,,100.0,nan,0.0,nan,45.41715748875587,nan,0.0,nan,52.19029430448304,nan,0.0,nan,16.051051252275546,nan,0.0,nan
194.875,0,,,99.99999999999999,nan,0.0,nan,49.10993858619225,nan,0.0,nan,24.523692248569915,nan,0.0,nan,46.56462524660035,nan,0.0,nan
195.125,0,,,83.74336921293761,nan,0.0,nan,58.21270034408369,nan,0.0,nan,73.27253954855702,nan,0.0,nan,28.774032751631285,nan,0.0,nan
195.375,0,,,100.0,nan,0.0,nan,75.25492773334655,nan,0.0,nan,66.84198871703876,nan,0.0,nan,23.55515379655488,nan,0.0,nan
195.625,0,,,94.75671682414728,nan,0.0,nan,54.24524172381183,nan,0.0,nan,67.83768739911861,nan,0.0,nan,21.809566315566464,nan,0.0,nan
195.875,0,,,100.0,nan,0.0,nan,85.60819929091801,nan,0.0,nan,55.88205189223141,nan,0.0,nan,70.6386382342627,nan,0.0,nan
196.125,0,,,nan,nan,nan,nan,48.70440300907484,nan,0.0,nan,37.11790287072989,nan,0.0,nan,40.385144863176755,nan,0.0,nan
196.375,0,,,65.80518057250535,nan,0.0,nan,83.78695926800837,nan,0.0,nan,55.83469204362586,nan,0.0,nan,14.194565667575763,nan,0.0,nan
196.625,0,,,61.73978077316493,nan,0.0,nan,56.59636937767418,nan,0.0,nan,46.07247472590875,nan,0.0,nan,19.103408593797973,nan,0.0,nan
196.875,0,,,nan,nan,nan,nan,80.53439306089116,nan,0.0,nan,46.24571416047991,nan,0.0,nan,43.35434763455191,nan,0.0,nan
197.125,0,,,100.0,nan,0.0,nan,58.52177625587341,nan,0.0,nan,30.50906826405777,nan,0.0,nan,18.486136958191313,nan,0.0,nan
197.375,0,,,nan,nan,nan,nan,58.2188593513554,nan,0.0,nan,50.42914432707176,nan,0.0,nan,67.60205146941023,nan,0.0,nan
197.625,0,,,100.0,nan,0.0,nan,57.496040782449555,nan,0.0,nan,41.22141232082621,nan,0.0,nan,27.93977635981777,nan,0.0,nan
197.875,0,,,100.0,nan,0.0,nan,63.28334588786307,nan,0.0,nan,59.57202907527049,nan,0.0,nan,34.58878571660088,nan,0.0,nan
198.125,0,,,99.99999999999999,nan,0.0,nan,72.0159695198525,nan,0.0,nan,42.745519504453924,nan,0.0,nan,60.839681876250495,nan,0.0,nan
198.375,0,,,64.81568347534238,nan,0.0,nan,58.34225369857911,nan,0.0,nan,40.98209800367062,nan,0.0,nan,64.01491489329045,nan,0.0,nan
198.625,0,,,nan,nan,nan,nan,67.66097927176915,nan,0.0,nan,36.322470413117884,nan,0.0,nan,47.02890629458641,nan,0.0,nan
198.875,0,,,100.0,nan,0.0,nan,75.84105218874238,nan,0.0,nan,37.247027929483636,nan,0.0,nan,39.023670423484894,nan,0.0,nan
199.125,0,,,79.22327156065786,nan,0.0,nan,44.52235197926986,nan,0.0,nan,88.90972969747307,nan,0.0,nan,21.43184452810092,nan,0.0,nan
199.375,0,,,99.99999999999999,nan,0.0,nan,46.56355421043069,nan,0.0,nan,52.513597182687356,nan,0.0,nan,38.147228945196225,nan,0.0,nan
199.625,0,,,60.08627692721306,nan,0.0,nan,53.28929544597701,nan,0.0,nan,21.703784471723676,nan,0.0,nan,62.05448948677472,nan,0.0,nan
199.875,0,,,39.61885647001373,nan,0.0,nan,57.73676994152821,nan,0.0,nan,11.213762123772913,nan,0.0,nan,38.31504100821708,nan,0.0,nan
200.125,0,,,65.56687925557361,nan,0.0,nan,71.85376604880028,nan,0.0,nan,44.31338528819356,nan,0.0,nan,14.753186286252959,nan,0.0,nan
200.375,0,,,91.03760944410475,nan,0.0,nan,58.38000915146496,nan,0.0,nan,14.461988774966755,nan,0.0,nan,33.17472553035166,nan,0.0,nan
200.625,0,,,100.0,nan,0.0,nan,61.04596066938088,nan,0.0,nan,62.62255959894719,nan,0.0,nan,24.074999715777167,nan,0.0,nan
200.875,0,,,nan,nan,nan,nan,44.27896543786166,nan,0.0,nan,27.12949058151633,nan,0.0,nan,36.07511176363861,nan,0.0,nan
201.125,0,,,nan,nan,nan,nan,32.150608806586845,nan,0.0,nan,53.298567335046535,nan,0.0,nan,10.01556451787067,nan,0.0,nan
201.375,0,,,nan,nan,nan,nan,59.161714194624935,nan,0.0,nan,68.08160471587877,nan,0.0,nan,49.03084194327995,nan,0.0,nan
201.625,0,,,nan,nan,nan,nan,42.71573972269662,nan,0.0,nan,47.13696714396784,nan,0.0,nan,36.91201937482726,nan,0.0,nan
201.875,0,,,57.735030058291315,nan,0.0,nan,37.665008494907354,nan,0.0,nan,28.907441356179465,nan,0.0,nan,38.41080047045553,nan,0.0,nan
202.125,0,,,100.0,nan,0.0,nan,58.031083379784185,nan,0.0,nan,29.583685791477738,nan,0.0,nan,46.29051714696108,nan,0.0,nan
202.375,0,,,100.0,nan,0.0,nan,59.01563850303031,nan,0.0,nan,31.802746458455488,nan,0.0,nan,35.80751953378227,nan,0.0,nan
202.625,0,,,nan,nan,nan,nan,79.1742357042791,nan,0.0,nan,36.66351579929141,nan,0.0,nan,62.0079794721056,nan,0.0,nan
202.875,0,,,100.0,nan,0.0,nan,39.88148530923133,nan,0.0,nan,48.849793345356325,nan,0.0,nan,17.925769456464113,nan,0.0,nan
203.125,0,,,100.0,nan,0.0,nan,50.302996644655884,nan,0.0,nan,44.53746044799381,nan,0.0,nan,17.96798520805069,nan,0.0,nan
203.375,0,,,71.52506788306006,nan,0.0,nan,82.82131002106576,nan,0.0,nan,60.098768379727986,nan,0.0,nan,51.321776851580836,nan,0.0,nan
203.625,0,,,64.27267703919921,nan,0.0,nan,26.48205326968409,nan,0.0,nan,44.78470955505381,nan,0.0,nan,30.75848766774293,nan,0.0,nan
203.875,0,,,nan,nan,nan,nan,94.12609318252728,nan,0.0,nan,66.1802971640536,nan,0.0,nan,24.07027029333498,nan,0.0,nan
204.125,0,,,100.0,nan,0.0,nan,46.091313431057515,nan,0.0,nan,32.67109151418573,nan,0.0,nan,36.96893826823644,nan,0.0,nan
204.375,0,,,nan,nan,nan,nan,95.32861715869088,nan,0.0,nan,43.03884413405131,nan,0.0,nan,38.515533365898335,nan,0.0,nan
204.625,0,,,nan,nan,nan,nan,88.7118294763794,nan,0.0,nan,44.091044512367105,nan,0.0,nan,64.56707621220482,nan,0.0,nan
204.875,0,,,100.00000000000003,nan,0.0,nan,51.34245118482879,nan,0.0,nan,45.57277519028284,nan,0.0,nan,68.12827943108657,nan,0.0,nan
205.125,0,,,nan,nan,nan,nan,100.0,nan,0.0,nan,41.874513739944554,nan,0.0,nan,56.10645871367061,nan,0.0,nan
205.375,0,,,100.0,nan,0.0,nan,89.2596760824899,nan,0.0,nan,49.72936457622686,nan,0.0,nan,71.15750074278097,nan,0.0,nan
205.625,0,,,99.99999999999999,nan,0.0,nan,58.380914296076355,nan,0.0,nan,50.47485172583297,nan,0.0,nan,75.99954748210537,nan,0.0,nan
205.875,0,,,nan,nan,nan,nan,49.812410555722266,nan,0.0,nan,51.09452831358146,nan,0.0,nan,14.081374942824471,nan,0.0,nan
206.125,0,,,100.0,nan,0.0,nan,92.46720481721114,nan,0.0,nan,67.77440589890688,nan,0.0,nan,56.11417123284219,nan,0.0,nan
206.375,0,,,100.0,nan,0.0,nan,56.21745930168346,nan,0.0,nan,19.202443229494026,nan,0.0,nan,43.13090215292016,nan,0.0,nan
206.625,0,,,nan,nan,nan,nan,47.29687987354652,nan,0.0,nan,78.0919489916456,nan,0.0,nan,38.37994948142463,nan,0.0,nan
206.875,0,,,100.0,nan,0.0,nan,33.96107043434446,nan,0.0,nan,57.73507854084542,nan,0.0,nan,21.97051495837358,nan,0.0,nan
207.125,0,,,77.24415151797548,nan,0.0,nan,83.7161134369389,nan,0.0,nan,52.577472141204936,nan,0.0,nan,47.778550869395545,nan,0.0,nan
207.375,0,,,57.804276343818614,nan,0.0,nan,86.81145506573623,nan,0.0,nan,30.68780887781189,nan,0.0,nan,38.83706039667421,nan,0.0,nan
207.625,0,,,100.0,nan,0.0,nan,77.21959836651408,nan,0.0,nan,73.32550987352752,nan,0.0,nan,45.41587956863094,nan,0.0,nan
207.875,0,,,62.946909365764,nan,0.0,nan,63.29306129321969,nan,0.0,nan,56.12019062147697,nan,0.0,nan,24.857571505618214,nan,0.0,nan
208.125,0,,,99.99999999999999,nan,0.0,nan,100.0,nan,0.0,nan,58.98261707992164,nan,0.0,nan,38.96091289974258,nan,0.0,nan
208.375,0,,,99.99999999999999,nan,0.0,nan,39.6717837745616,nan,0.0,nan,44.634534117207394,nan,0.0,nan,23.4582498209212,nan,0.0,nan
208.625,0,,,84.69250297036027,nan,0.0,nan,60.067760081501035,nan,0.0,nan,35.41108217120872,nan,0.0,nan,49.511737533338696,nan,0.0,nan
208.875,0,,,89.0931239695934,nan,0.0,nan,72.92669472627573,nan,0.0,nan,48.41450919303156,nan,0.0,nan,53.88590457192708,nan,0.0,nan
209.125,0,,,nan,nan,nan,nan,43.00564751802437,nan,0.0,nan,52.457727183364774,nan,0.0,nan,54.14348429566028,nan,0.0,nan
209.375,0,,,nan,nan,nan,nan,88.58472289291778,nan,0.0,nan,14.363531638206679,nan,0.0,nan,48.22646641904015,nan,0.0,nan
209.625,0,,,100.0,nan,0.0,nan,53.32114454835184,nan,0.0,nan,42.4668312892458,nan,0.0,nan,47.22475096767161,nan,0.0,nan
209.875,0,,,nan,nan,nan,nan,74.18375383371601,nan,0.0,nan,44.072338795759826,nan,0.0,nan,42.38540982006861,nan,0.0,nan
210.125,0,,,nan,nan,nan,nan,49.40411264566334,nan,0.0,nan,22.278369133460256,nan,0.0,nan,31.062026315934215,nan,0.0,nan
210.375,0,,,nan,nan,nan,nan,77.31681573237852,nan,0.0,nan,53.70900118371069,nan,0.0,nan,43.356601085758236,nan,0.0,nan
210.625,0,,,nan,nan,nan,nan,43.79423184837552,nan,0.0,nan,27.66196255101568,nan,0.0,nan,26.53250290370875,nan,0.0,nan
210.875,0,,,nan,nan,nan,nan,52.46671487474634,nan,0.0,nan,43.915251780578956,nan,0.0,nan,35.64338867105354,nan,0.0,nan
211.125,0,,,100.0,nan,0.0,nan,41.251683343088004,nan,0.0,nan,63.6634355941999,nan,0.0,nan,24.321732953257243,nan,0.0,nan
211.375,0,,,nan,nan,nan,nan,100.0,nan,0.0,nan,57.249298533792015,nan,0.0,nan,79.94552578219607,nan,0.0,nan
211.625,0,,,100.0,nan,0.0,nan,55.959029358412636,nan,0.0,nan,65.91252006253427,nan,0.0,nan,40.909408172562266,nan,0.0,nan
211.875,0,,,nan,nan,nan,nan,50.44334485273362,nan,0.0,nan,30.711005247190865,nan,0.0,nan,30.090505581089584,nan,0.0,nan
212.125,0,,,62.842174786702266,nan,0.0,nan,86.02367877879455,nan,0.0,nan,87.02557177696532,nan,0.0,nan,36.35537989333129,nan,0.0,nan
212.375,0,,,100.00000000000003,nan,0.0,nan,91.59879272140856,nan,0.0,nan,86.28286607876436,nan,0.0,nan,51.97897918374272,nan,0.0,nan
212.625,0,,,100.0,nan,0.0,nan,82.21211331747138,nan,0.0,nan,63.70286937406608,nan,0.0,nan,60.88664138976602,nan,0.0,nan
212.875,0,,,nan,nan,nan,nan,52.172857689817995,nan,0.0,nan,66.76562216118873,nan,0.0,nan,46.34952620157935,nan,0.0,nan
213.125,0,,,100.0,nan,0.0,nan,67.52152012964604,nan,0.0,nan,64.51611194737822,nan,0.0,nan,61.5606688531513,nan,0.0,nan
213.375,0,,,99.99999999999999,nan,0.0,nan,20.32749104203274,nan,0.0,nan,62.4217181814774,nan,0.0,nan,23.844947349899044,nan,0.0,nan
213.625,0,,,46.462717834111494,nan,0.0,nan,89.75481766092206,nan,0.0,nan,43.64295792865853,nan,0.0,nan,54.80810875436764,nan,0.0,nan
213.875,0,,,99.99999999999999,nan,0.0,nan,60.5887989257392,nan,0.0,nan,79.85731297579368,nan,0.0,nan,51.20960303839278,nan,0.0,nan
214.125,0,,,100.0,nan,0.0,nan,58.01950472852306,nan,0.0,nan,49.21632401113154,nan,0.0,nan,27.716728727569382,nan,0.0,nan
214.375,0,,,nan,nan,nan,nan,84.60048089063194,nan,0.0,nan,94.514067170379,nan,0.0,nan,35.54914067727552,nan,0.0,nan
214.625,0,,,100.0,nan,0.0,nan,34.64864890410122,nan,0.0,nan,53.89554906561472,nan,0.0,nan,29.408474504817267,nan,0.0,nan
214.875,0,,,99.99999999999999,nan,0.0,nan,66.16796284444894,nan,0.0,nan,61.01026826398852,nan,0.0,nan,52.742604736102386,nan,0.0,nan
215.125,0,,,nan,nan,nan,nan,100.0,nan,0.0,nan,95.98046699887396,nan,0.0,nan,70.69036060570484,nan,0.0,nan
215.375,0,,,100.0,nan,0.0,nan,44.20712843564427,nan,0.0,nan,55.98526131807318,nan,0.0,nan,23.16917732281596,nan,0.0,nan
215.625,0,,,100.0,nan,0.0,nan,24.99114090214443,nan,0.0,nan,26.45616722369788,nan,0.0,nan,9.03006952355777,nan,0.0,nan
215.875,0,,,100.0,nan,0.0,nan,34.46822004450038,nan,0.0,nan,30.74661788766032,nan,0.0,nan,31.98788374065609,nan,0.0,nan
216.125,0,,,nan,nan,nan,nan,61.69581663438441,nan,0.0,nan,63.531701569795196,nan,0.0,nan,32.03246424937502,nan,0.0,nan
216.375,0,,,60.36665129886233,nan,0.0,nan,59.23015411701533,nan,0.0,nan,47.865443156982,nan,0.0,nan,51.66722305744567,nan,0.0,nan
216.625,0,,,100.0,nan,0.0,nan,60.59373563756788,nan,0.0,nan,37.999549528950624,nan,0.0,nan,40.657183677451265,nan,0.0,nan
216.875,0,,,nan,nan,nan,nan,41.261553630069905,nan,0.0,nan,57.98328313978928,nan,0.0,nan,32.384718307038334,nan,0.0,nan
217.125,0,,,nan,nan,nan,nan,81.97404806912999,nan,0.0,nan,86.34927415024374,nan,0.0,nan,59.830018340175464,nan,0.0,nan
217.375,0,,,100.0,nan,0.0,nan,54.02244369647477,nan,0.0,nan,12.934864485541844,nan,0.0,nan,25.309326850920318,nan,0.0,nan
217.625,0,,,64.44221229048107,nan,0.0,nan,34.9938367320683,nan,0.0,nan,51.41212935426833,nan,0.0,nan,52.86662315751338,nan,0.0,nan
217.875,0,,,62.81672293234085,nan,0.0,nan,99.99999999999999,nan,0.0,nan,49.36538327932378,nan,0.0,nan,70.50800931869196,nan,0.0,nan
218.125,0,,,100.0,nan,0.0,nan,67.79679775909284,nan,0.0,nan,55.25903858882839,nan,0.0,nan,67.6256229402749,nan,0.0,nan
218.375,0,,,99.99999999999999,nan,0.0,nan,100.0,nan,0.0,nan,58.18377264448602,nan,0.0,nan,70.28483128436804,nan,0.0,nan
218.625,0,,,83.30866043632248,nan,0.0,nan,84.02170929470138,nan,0.0,nan,38.418465392619154,nan,0.0,nan,77.96739748777244,nan,0.0,nan
218.875,0,,,100.0,nan,0.0,nan,88.68102819562496,nan,0.0,nan,26.66637329084891,nan,0.0,nan,86.19229654397506,nan,0.0,nan
219.125,0,,,58.64581203844546,nan,0.0,nan,46.8134421745196,nan,0.0,nan,37.90175867153355,nan,0.0,nan,15.807744716189587,nan,0.0,nan
219.375,0,,,nan,nan,nan,nan,66.81365879994671,nan,0.0,nan,27.31715214642394,nan,0.0,nan,18.855563814169077,nan,0.0,nan
219.625,0,,,nan,nan,nan,nan,71.48481628272968,nan,0.0,nan,52.949787849553466,nan,0.0,nan,57.0929964827392,nan,0.0,nan
219.875,0,,,100.0,nan,0.0,nan,73.464747329465,nan,0.0,nan,58.639298439591705,nan,0.0,nan,80.63890918016318,nan,0.0,nan
220.125,0,,,100.0,nan,0.0,nan,100.0,nan,0.0,nan,53.44526062463728,nan,0.0,nan,48.453579391765395,nan,0.0,nan
220.375,0,,,nan,nan,nan,nan,52.6162073964599,nan,0.0,nan,53.82157439039516,nan,0.0,nan,35.64593733894368,nan,0.0,nan
220.625,0,,,100.0,nan,0.0,nan,55.36848834521213,nan,0.0,nan,100.0,nan,0.0,nan,59.099532113612504,nan,0.0,nan
220.875,0,,,97.31556020179035,nan,0.0,nan,61.375710740040404,nan,0.0,nan,55.413658584675964,nan,0.0,nan,55.61256691681737,nan,0.0,nan
221.125,0,,,78.139695858883,nan,0.0,nan,92.96827179150083,nan,0.0,nan,25.35746220186769,nan,0.0,nan,60.915345265641854,nan,0.0,nan
221.375,0,,,100.0,nan,0.0,nan,47.70435056807926,nan,0.0,nan,50.63098165888099,nan,0.0,nan,38.69826495534265,nan,0.0,nan
221.625,0,,,nan,nan,nan,nan,58.648005552281205,nan,0.0,nan,84.2267993843848,nan,0.0,nan,39.42772459193203,nan,0.0,nan
221.875,0,,,100.0,nan,0.0,nan,66.53074101202941,nan,0.0,nan,31.85444221358698,nan,0.0,nan,38.328223900764264,nan,0.0,nan
222.125,0,,,nan,nan,nan,nan,100.0,nan,0.0,nan,50.642829456537456,nan,0.0,nan,34.45244644630067,nan,0.0,nan
222.375,0,,,100.0,nan,0.0,nan,49.50431691154652,nan,0.0,nan,37.30604558568642,nan,0.0,nan,53.51109552136164,nan,0.0,nan
222.625,0,,,100.0,nan,0.0,nan,66.63475525639649,nan,0.0,nan,43.723614581185444,nan,0.0,nan,47.07698861895579,nan,0.0,nan
222.875,0,,,85.39597550369093,nan,0.0,nan,69.03194062982739,nan,0.0,nan,32.7565349565068,nan,0.0,nan,31.479425297716023,nan,0.0,nan
223.125,0,,,nan,nan,nan,nan,46.59860688133624,nan,0.0,nan,47.8360311723616,nan,0.0,nan,30.11850762842634,nan,0.0,nan
223.375,0,,,69.04580669051407,nan,0.0,nan,68.6820603293659,nan,0.0,nan,73.20997552690713,nan,0.0,nan,50.48022145051591,nan,0.0,nan
223.625,0,,,57.73766178383747,nan,0.0,nan,nan,nan,nan,nan,47.35571590124599,nan,0.0,nan,63.19062996176371,nan,0.0,nan
223.875,0,,,100.0,nan,0.0,nan,100.0,nan,0.0,nan,36.66266738548204,nan,0.0,nan,67.84306226569609,nan,0.0,nan
224.125,0,,,nan,nan,nan,nan,99.760433912007,nan,0.0,nan,28.282310998568256,nan,0.0,nan,52.61629572215389,nan,0.0,nan
224.375,0,,,100.00000000000003,nan,0.0,nan,59.67394310242663,nan,0.0,nan,60.13428623924838,nan,0.0,nan,16.312196635271174,nan,0.0,nan
224.625,0,,,100.0,nan,0.0,nan,84.24679125072258,nan,0.0,nan,47.89003432114301,nan,0.0,nan,51.67862721092982,nan,0.0,nan
224.875,0,,,100.0,nan,0.0,nan,100.0,nan,0.0,nan,37.91289251948636,nan,0.0,nan,62.29997013122337,nan,0.0,nan
225.125,0,,,nan,nan,nan,nan,55.58193977908073,nan,0.0,nan,76.31854966503126,nan,0.0,nan,59.73717440331785,nan,0.0,nan
225.375,0,,,nan,nan,nan,nan,83.89931609138202,nan,0.0,nan,89.56841153532879,nan,0.0,nan,64.71093267731362,nan,0.0,nan
225.625,0,,,100.0,nan,0.0,nan,87.24518897911904,nan,0.0,nan,37.39585613284503,nan,0.0,nan,54.2443607065475,nan,0.0,nan
225.875,0,,,nan,nan,nan,nan,57.752795042130536,nan,0.0,nan,49.82863640594068,nan,0.0,nan,59.257771031018656,nan,0.0,nan
226.125,0,,,100.0,nan,0.0,nan,73.18845289345597,nan,0.0,nan,35.40039762057412,nan,0.0,nan,34.08612923886582,nan,0.0,nan
226.375,0,,,100.0,nan,0.0,nan,44.00164223645369,nan,0.0,nan,47.762950360596804,nan,0.0,nan,43.30016027260685,nan,0.0,nan
226.625,0,,,59.085720337715216,nan,0.0,nan,100.0,nan,0.0,nan,69.19356927335211,nan,0.0,nan,69.94227099624601,nan,0.0,nan
226.875,0,,,nan,nan,nan,nan,nan,nan,nan,nan,100.0,nan,0.0,nan,53.43440097495162,nan,0.0,nan
227.125,0,,,nan,nan,nan,nan,31.596858560861662,nan,0.0,nan,56.993538265033486,nan,0.0,nan,34.35917794110808,nan,0.0,nan
227.375,0,,,100.0,nan,0.0,nan,68.10517867126055,nan,0.0,nan,49.802587812872076,nan,0.0,nan,54.121226615429975,nan,0.0,nan
227.625,0,,,100.0,nan,0.0,nan,97.3149485689606,nan,0.0,nan,29.72934612540688,nan,0.0,nan,17.838289639557313,nan,0.0,nan
227.875,0,,,96.20478486576606,nan,0.0,nan,89.53767292510784,nan,0.0,nan,29.799309053671568,nan,0.0,nan,45.44169274727908,nan,0.0,nan
228.125,0,,,96.30962533292518,nan,0.0,nan,97.47684013399093,nan,0.0,nan,55.26104221824125,nan,0.0,nan,82.89015988402899,nan,0.0,nan
228.375,0,,,100.0,nan,0.0,nan,71.88659542300651,nan,0.0,nan,43.02892326305455,nan,0.0,nan,94.89404630253779,nan,0.0,nan
228.625,0,,,nan,nan,nan,nan,73.30313026768674,nan,0.0,nan,29.848159953683602,nan,0.0,nan,56.3096736171562,nan,0.0,nan
228.875,0,,,89.90576805506811,nan,0.0,nan,60.04458311341293,nan,0.0,nan,38.42910821126646,nan,0.0,nan,38.79289969029131,nan,0.0,nan
229.125,0,,,nan,nan,nan,nan,43.68008651704143,nan,0.0,nan,97.7176294184033,nan,0.0,nan,40.489761750136935,nan,0.0,nan
229.375,0,,,100.0,nan,0.0,nan,81.29616585829092,nan,0.0,nan,45.35957446095588,nan,0.0,nan,49.2935650186559,nan,0.0,nan
229.625,0,,,99.99999999999999,nan,0.0,nan,69.34136986788295,nan,0.0,nan,87.67825381768114,nan,0.0,nan,15.018498164129527,nan,0.0,nan
229.875,0,,,100.0,nan,0.0,nan,56.40116148948302,nan,0.0,nan,62.16934767640861,nan,0.0,nan,34.07731635011027,nan,0.0,nan
230.125,0,,,100.0,nan,0.0,nan,57.4494585780128,nan,0.0,nan,58.9849901928972,nan,0.0,nan,52.090297339511125,nan,0.0,nan
230.375,0,,,89.18505576277296,nan,0.0,nan,100.0,nan,0.0,nan,48.79967169298833,nan,0.0,nan,53.94509527586633,nan,0.0,nan
230.625,0,,,100.0,nan,0.0,nan,97.32182172920918,nan,0.0,nan,24.40065615139784,nan,0.0,nan,91.55623238990543,nan,0.0,nan
230.875,0,,,100.0,nan,0.0,nan,60.97183679786558,nan,0.0,nan,55.136248117578134,nan,0.0,nan,68.26987007383916,nan,0.0,nan
231.125,0,,,nan,nan,nan,nan,96.97175496093136,nan,0.0,nan,78.77797791334122,nan,0.0,nan,59.13582601308026,nan,0.0,nan
231.375,0,,,nan,nan,nan,nan,33.52314586677677,nan,0.0,nan,66.3338815787225,nan,0.0,nan,13.625248383386115,nan,0.0,nan
231.625,0,,,100.0,nan,0.0,nan,45.05708384887773,nan,0.0,nan,84.75989923174888,nan,0.0,nan,40.12677788792857,nan,0.0,nan
231.875,0,,,100.0,nan,0.0,nan,58.24894333778283,nan,0.0,nan,68.4638602135934,nan,0.0,nan,43.41459910837961,nan,0.0,nan
232.125,0,,,nan,nan,nan,nan,96.48217715928051,nan,0.0,nan,41.08249102133153,nan,0.0,nan,53.70728671182049,nan,0.0,nan
232.375,0,,,nan,nan,nan,nan,38.754680037072326,nan,0.0,nan,100.0,nan,0.0,nan,37.01441407873256,nan,0.0,nan
232.625,0,,,nan,nan,nan,nan,86.42811875231486,nan,0.0,nan,66.83175841196339,nan,0.0,nan,70.38829464283543,nan,0.0,nan
232.875,0,,,99.99999999999999,nan,0.0,nan,78.1692913280209,nan,0.0,nan,86.72643911019031,nan,0.0,nan,46.063837911240846,nan,0.0,nan
233.125,0,,,99.99999999999999,nan,0.0,nan,76.19663979469263,nan,0.0,nan,81.75320582107504,nan,0.0,nan,37.23887274103202,nan,0.0,nan
233.375,0,,,100.0,nan,0.0,nan,56.91902325111167,nan,0.0,nan,59.808159014151926,nan,0.0,nan,56.6929992607903,nan,0.0,nan
233.625,0,,,nan,nan,nan,nan,58.06388356815815,nan,0.0,nan,84.88957288432962,nan,0.0,nan,48.85300809692464,nan,0.0,nan
233.875,0,,,nan,nan,nan,nan,95.97958816272603,nan,0.0,nan,32.91471261364696,nan,0.0,nan,77.29752237418386,nan,0.0,nan
234.125,0,,,nan,nan,nan,nan,57.40282853993538,nan,0.0,nan,55.19327371707984,nan,0.0,nan,49.73565442373819,nan,0.0,nan
234.375,0,,,nan,nan,nan,nan,66.2650935551644,nan,0.0,nan,85.50838123194106,nan,0.0,nan,37.471799580490675,nan,0.0,nan
234.625,0,,,100.00000000000003,nan,0.0,nan,55.848590354536576,nan,0.0,nan,57.653216805438056,nan,0.0,nan,21.724661515295153,nan,0.0,nan
234.875,0,,,76.42685285627108,nan,0.0,nan,46.76716825642026,nan,0.0,nan,43.87571722351152,nan,0.0,nan,53.55074838968494,nan,0.0,nan
235.125,0,,,nan,nan,nan,nan,80.49214740084768,nan,0.0,nan,26.23377151101472,nan,0.0,nan,57.92761964901779,nan,0.0,nan
235.375,0,,,100.00000000000003,nan,0.0,nan,47.97074404157582,nan,0.0,nan,69.50433096755273,nan,0.0,nan,33.047097324545085,nan,0.0,nan
235.625,0,,,100.0,nan,0.0,nan,58.8624461260468,nan,0.0,nan,79.39135935836826,nan,0.0,nan,36.852965313967786,nan,0.0,nan
235.875,0,,,44.399701992326726,nan,0.0,nan,58.89350069761462,nan,0.0,nan,73.38422105478129,nan,0.0,nan,36.15870648861255,nan,0.0,nan
236.125,0,,,100.0,nan,0.0,nan,74.69698466014432,nan,0.0,nan,57.96681710887799,nan,0.0,nan,60.09763652320738,nan,0.0,nan
236.375,0,,,nan,nan,nan,nan,100.0,nan,0.0,nan,69.25250112170389,nan,0.0,nan,67.79298510735202,nan,0.0,nan
236.625,0,,,87.29166509626184,nan,0.0,nan,86.6702357670095,nan,0.0,nan,71.68422637823781,nan,0.0,nan,29.744883342728663,nan,0.0,nan
236.875,0,,,nan,nan,nan,nan,61.83376294393547,nan,0.0,nan,67.8835895116897,nan,0.0,nan,58.24770179220683,nan,0.0,nan
237.125,0,,,92.68374186011039,nan,0.0,nan,100.0,nan,0.0,nan,57.571307784417556,nan,0.0,nan,67.21029298610287,nan,0.0,nan
237.375,0,,,59.58278193234653,nan,0.0,nan,61.70219038277788,nan,0.0,nan,14.774182457864631,nan,0.0,nan,40.46113466930458,nan,0.0,nan
237.625,0,,,nan,nan,nan,nan,59.59502133216914,nan,0.0,nan,58.04887754655965,nan,0.0,nan,37.422865020044405,nan,0.0,nan
237.875,0,,,100.0,nan,0.0,nan,86.49101598139198,nan,0.0,nan,48.76865603424366,nan,0.0,nan,46.29401933031721,nan,0.0,nan
238.125,0,,,100.0,nan,0.0,nan,96.8707387924639,nan,0.0,nan,96.95190209335642,nan,0.0,nan,19.622936648374694,nan,0.0,nan
238.375,0,,,nan,nan,nan,nan,66.30248957193662,nan,0.0,nan,82.0945222764488,nan,0.0,nan,40.13006582003397,nan,0.0,nan
238.625,0,,,nan,nan,nan,nan,98.82841119479284,nan,0.0,nan,94.68525184007106,nan,0.0,nan,57.427559611833765,nan,0.0,nan
238.875,0,,,100.00000000000003,nan,0.0,nan,96.62703695955754,nan,0.0,nan,37.86921103289427,nan,0.0,nan,68.82569467846093,nan,0.0,nan
239.125,0,,,100.0,nan,0.0,nan,57.735040914959804,nan,0.0,nan,58.87065503950186,nan,0.0,nan,39.91630546042766,nan,0.0,nan
239.375,0,,,100.0,nan,0.0,nan,48.103065386439916,nan,0.0,nan,68.92588286852715,nan,0.0,nan,50.18060098473994,nan,0.0,nan
239.625,0,,,100.0,nan,0.0,nan,58.652692448623355,nan,0.0,nan,72.47847218404631,nan,0.0,nan,44.17478019095476,nan,0.0,nan
239.875,0,,,100.00000000000003,nan,0.0,nan,100.0,nan,0.0,nan,28.696147271547446,nan,0.0,nan,74.20481370350949,nan,0.0,nan
240.125,0,,,100.0,nan,0.0,nan,82.4535256284651,nan,0.0,nan,64.89007020199341,nan,0.0,nan,38.913022400222786,nan,0.0,nan
240.375,0,,,100.0,nan,0.0,nan,100.0,nan,0.0,nan,99.20220545176798,nan,0.0,nan,58.59230500675372,nan,0.0,nan
240.625,0,,,nan,nan,nan,nan,46.29399580341835,nan,0.0,nan,34.959504415951784,nan,0.0,nan,45.7722156104159,nan,0.0,nan
240.875,0,,,95.85111901260416,nan,0.0,nan,47.088534823932534,nan,0.0,nan,77.19887695370421,nan,0.0,nan,36.7700742539334,nan,0.0,nan
241.125,0,,,99.99999999999999,nan,0.0,nan,75.05266800433749,nan,0.0,nan,55.85174793488198,nan,0.0,nan,64.85784911558105,nan,0.0,nan
241.375,0,,,nan,nan,nan,nan,57.814462221319474,nan,0.0,nan,55.25152408189265,nan,0.0,nan,51.75713406137687,nan,0.0,nan
241.625,0,,,nan,nan,nan,nan,100.0,nan,0.0,nan,59.457763669469166,nan,0.0,nan,37.75226264541413,nan,0.0,nan
241.875,0,,,nan,nan,nan,nan,40.24941663732069,nan,0.0,nan,50.20422350460984,nan,0.0,nan,29.348501758810354,nan,0.0,nan
242.125,0,,,nan,nan,nan,nan,42.78135363950263,nan,0.0,nan,45.76356694352692,nan,0.0,nan,29.44722738860805,nan,0.0,nan
242.375,0,,,99.99999999999999,nan,0.0,nan,74.19614388490646,nan,0.0,nan,40.46626303497763,nan,0.0,nan,52.261284955731725,nan,0.0,nan
242.625,0,,,100.0,nan,0.0,nan,61.9886404891295,nan,0.0,nan,31.29280485964828,nan,0.0,nan,56.3107945494348,nan,0.0,nan
242.875,0,,,nan,nan,nan,nan,54.94216320087156,nan,0.0,nan,60.731419911578065,nan,0.0,nan,35.33156793328169,nan,0.0,nan
243.125,0,,,nan,nan,nan,nan,100.0,nan,0.0,nan,39.72456877148372,nan,0.0,nan,63.12633242355082,nan,0.0,nan
243.375,0,,,99.99999999999999,nan,0.0,nan,39.74150589408673,nan,0.0,nan,35.11817013673307,nan,0.0,nan,23.208801089611953,nan,0.0,nan
243.625,0,,,nan,nan,nan,nan,100.0,nan,0.0,nan,61.36800495518943,nan,0.0,nan,58.59228504520716,nan,0.0,nan
243.875,0,,,99.99999999999997,nan,0.0,nan,100.0,nan,0.0,nan,58.89954780895885,nan,0.0,nan,58.10997577027527,nan,0.0,nan
244.125,0,,,100.0,nan,0.0,nan,67.03109086978533,nan,0.0,nan,68.17224138585244,nan,0.0,nan,43.33674496644508,nan,0.0,nan
244.375,0,,,100.0,nan,0.0,nan,93.13418818700676,nan,0.0,nan,38.807260888553024,nan,0.0,nan,62.65937169467956,nan,0.0,nan
244.625,0,,,100.0,nan,0.0,nan,100.0,nan,0.0,nan,55.7282830668489,nan,0.0,nan,39.10617302871985,nan,0.0,nan
244.875,0,,,nan,nan,nan,nan,85.89787792927189,nan,0.0,nan,44.95786782632143,nan,0.0,nan,47.35625657816325,nan,0.0,nan
245.125,0,,,100.00000000000003,nan,0.0,nan,50.74447164312087,nan,0.0,nan,56.813455021185774,nan,0.0,nan,44.29126051154625,nan,0.0,nan
245.375,0,,,100.00000000000003,nan,0.0,nan,100.0,nan,0.0,nan,46.0281417220186,nan,0.0,nan,58.83453796321967,nan,0.0,nan
245.625,0,,,nan,nan,nan,nan,nan,nan,nan,nan,nan,nan,nan,nan,46.09241805134339,nan,0.0,nan
245.875,0,,,100.00000000000003,nan,0.0,nan,100.0,nan,0.0,nan,48.37470346377875,nan,0.0,nan,33.37018189410895,nan,0.0,nan
246.125,0,,,64.0061517794874,nan,0.0,nan,58.770461553425804,nan,0.0,nan,57.878490453924336,nan,0.0,nan,19.044430873032717,nan,0.0,nan
246.375,0,,,100.0,nan,0.0,nan,58.03594522289227,nan,0.0,nan,93.8464202157846,nan,0.0,nan,62.433069877299,nan,0.0,nan
246.625,0,,,nan,nan,nan,nan,64.7538179640325,nan,0.0,nan,88.72387751866296,nan,0.0,nan,64.29941706391733,nan,0.0,nan
246.875,0,,,nan,nan,nan,nan,52.530263976027804,nan,0.0,nan,100.0,nan,0.0,nan,53.02474812239394,nan,0.0,nan
247.125,0,,,100.0,nan,0.0,nan,100.00000000000003,nan,0.0,nan,36.20279840310598,nan,0.0,nan,57.10079673463676,nan,0.0,nan
247.375,0,,,nan,nan,nan,nan,57.75329557970561,nan,0.0,nan,39.19419608084135,nan,0.0,nan,42.383705979993245,nan,0.0,nan
247.625,0,,,60.204737964230816,nan,0.0,nan,95.47419788561409,nan,0.0,nan,43.25834822862385,nan,0.0,nan,54.67116556583631,nan,0.0,nan
247.875,0,,,100.0,nan,0.0,nan,100.00000000000003,nan,0.0,nan,36.45345007564782,nan,0.0,nan,59.503858647036814,nan,0.0,nan
248.125,0,,,nan,nan,nan,nan,99.99999999999999,nan,0.0,nan,65.04432169467549,nan,0.0,nan,58.888933172163064,nan,0.0,nan
248.375,0,,,nan,nan,nan,nan,100.0,nan,0.0,nan,100.0,nan,0.0,nan,97.95116695789268,nan,0.0,nan
248.625,0,,,100.0,nan,0.0,nan,61.03413904802001,nan,0.0,nan,59.59928737730704,nan,0.0,nan,57.9962207515544,nan,0.0,nan
248.875,0,,,100.0,nan,0.0,nan,85.06292542623376,nan,0.0,nan,96.36870982035146,nan,0.0,nan,68.2595635845701,nan,0.0,nan
249.125,0,,,nan,nan,nan,nan,100.0,nan,0.0,nan,58.83596331811507,nan,0.0,nan,67.9530808900362,nan,0.0,nan
249.375,0,,,nan,nan,nan,nan,58.264342086550435,nan,0.0,nan,100.00000000000003,nan,0.0,nan,75.5852410488799,nan,0.0,nan
249.625,0,,,100.0,nan,0.0,nan,59.84951159727922,nan,0.0,nan,48.07792228785533,nan,0.0,nan,48.04431736195488,nan,0.0,nan
249.875,0,,,54.90606644655951,nan,0.0,nan,18.933421013648672,nan,0.0,nan,11.514813368041505,nan,0.0,nan,5.76494426149064,nan,0.0,nan
