depth_mm,ROI,gpu,topas,gpu_SE,topas_SE,difference_percent,CI95_low_percent,CI95_high_percent
0.125,peak,3.396129295651917e-10,3.2289450018652137e-10,7.637638988044923e-13,6.147432492502414e-13,5.17767548503083,4.414307251786089,5.941043718275572
0.375,peak,3.387028004908643e-10,3.2938198955889676e-10,4.3157354007642327e-13,8.183421447694423e-13,2.82978767128399,2.0649688798286006,3.594606462739379
0.625,peak,3.3734206454028025e-10,3.306454209450749e-10,7.839924174173458e-13,6.927433032293296e-13,2.0253247651410122,1.2421531542464725,2.808496376035552
0.875,peak,3.3623298804741345e-10,3.312656485832122e-10,9.507975722299817e-13,9.057927408082749e-13,1.499503339825936,0.5222914283817074,2.4767152512701647
1.125,peak,3.356208208060707e-10,3.3135090461655634e-10,1.040710039652384e-12,1.1279235244530177e-12,1.288638760306271,0.14501034797549522,2.432267172637047
1.375,peak,3.352525322952715e-10,3.3147205840577953e-10,9.652190858964854e-13,1.0784382798917254e-12,1.1405105780783575,0.06146902564401098,2.219552130512704
1.625,peak,3.3538236948515994e-10,3.312013541290071e-10,8.836728541214352e-13,9.588247864533918e-13,1.2623787022695288,0.29036878284152984,2.2343886216975277
1.875,peak,3.348719064888428e-10,3.307244037387136e-10,8.943332573112833e-13,8.33540332127806e-13,1.254066135804699,0.3435174660697499,2.164614805539648
2.125,peak,3.341154865665886e-10,3.299633021924819e-10,1.1056933995091853e-12,1.00202739099609e-12,1.2583776276079872,0.1435300566622012,2.373225198553773
2.375,peak,3.333567860863695e-10,3.2967504012049175e-10,8.270258649213259e-13,1.2736581188729278e-12,1.116780319350874,-0.0686458572026618,2.30220649590441
2.625,peak,3.3230123790417566e-10,3.29212693941372e-10,8.517861870864664e-13,1.2442916757396254e-12,0.9381606540826981,-0.22827487352615664,2.104596181691553
2.875,peak,3.314660125397495e-10,3.2867015988813365e-10,6.024106702519774e-13,1.3032596125351168e-12,0.8506560658160911,-0.3473489497031275,2.0486610813353097
3.125,peak,3.309411636109871e-10,3.2765345395091566e-10,6.460188811894347e-13,1.2310299435860355e-12,1.00341065245233,-0.13282599457401806,2.139647299478678
3.375,peak,3.307386282358493e-10,3.273637639722438e-10,4.448585271427154e-13,1.052374758776724e-12,1.0309217558641004,0.05526195261321542,2.006581559114985
3.625,peak,3.2942565439952886e-10,3.265157829446252e-10,7.930980641696332e-13,9.783403990686448e-13,0.8911886061560237,-0.06848169054687915,1.8508589028589266
3.875,peak,3.2901680697250414e-10,3.259119534959609e-10,4.327146382613633e-13,8.699655280181244e-13,0.9526663392485091,0.1460815266583905,1.7592511518386276
4.125,peak,3.2900961286941303e-10,3.2525525966775603e-10,3.843821728954307e-13,1.0889446527641854e-12,1.154279013194759,0.12812308661726401,2.1804349397722538
4.375,peak,3.278959502495127e-10,3.2459994145028753e-10,4.939693835182113e-13,1.12580458857111e-12,1.0154064675732322,-0.035674315120041294,2.0664872502665057
4.625,peak,3.2731353257986486e-10,3.241930971853435e-10,3.631460497470433e-13,1.3443717993143512e-12,0.962523700107476,-0.32438861279623155,2.2494360130111835
4.875,peak,3.267192460043588e-10,3.240459841435949e-10,5.414640200170738e-13,1.2528923622719838e-12,0.8249637371155583,-0.34507417406254587,1.995001648293662
5.125,peak,3.2675695138095764e-10,3.2349038519896573e-10,8.617496071832438e-13,9.77370573575905e-13,1.0097877190330617,0.014154706901040905,2.0054207311650827
5.375,peak,3.2604634952804187e-10,3.227594265808875e-10,5.834663782757874e-13,1.0122019587733066e-12,1.0183817036651721,0.06676687480426206,1.9699965325260822
5.625,peak,3.2540694519411774e-10,3.2243827263300773e-10,5.096184149795166e-13,7.46923671205464e-13,0.9206948470688703,0.2062686300334308,1.63512106410431
5.875,peak,3.250068994020694e-10,3.2215132705459843e-10,8.366421311259345e-13,6.090846321126892e-13,0.8864071346777358,0.08052107677986968,1.692293192575602
6.125,peak,3.243549190301564e-10,3.219036852897261e-10,5.739731969438308e-13,6.699610545155274e-13,0.7614804838981915,0.08368517364928324,1.4392757941470997
6.375,peak,3.2371123324992367e-10,3.206938208677456e-10,4.764787643177552e-13,9.791491047850092e-13,0.9409013164062285,0.018317332586525494,1.8634853002259317
6.625,peak,3.2339493827748813e-10,3.2007673553380294e-10,4.905965415351335e-13,6.416572343747589e-13,1.036689760707321,0.4038636216464411,1.6695158997682011
6.875,peak,3.229581898267497e-10,3.199141065124422e-10,4.442003118066853e-13,6.57013813334031e-13,0.9515314430778687,0.318854321780197,1.5842085643755406
7.125,peak,3.2271408144879386e-10,3.189138078596443e-10,6.580626488743745e-13,7.66768026876715e-13,1.1916303074660517,0.4059549627355637,1.9773056521965398
7.375,peak,3.2217087209573946e-10,3.179620830451313e-10,5.863401795312831e-13,9.10721994477273e-13,1.3236763988650813,0.4441090944123663,2.203243703317796
7.625,peak,3.216883442291873e-10,3.1762316439198913e-10,6.825325056537656e-13,1.0164309277628443e-12,1.2798751139514453,0.292264800526291,2.2674854273765996
7.875,peak,3.2160917498913476e-10,3.1762768799126205e-10,6.500692684450253e-13,1.0030578411457979e-12,1.2535075336323365,0.28359419129040664,2.2234208759742664
8.125,peak,3.2054815847004645e-10,3.1697603390057335e-10,3.430113181051742e-13,1.0416315330462083e-12,1.126938376228659,0.11620311936218312,2.1376736330951345
8.375,peak,3.2018398428590443e-10,3.1691584808868354e-10,8.85916120465657e-14,7.607739558197049e-13,1.031231545197553,0.26553089265234553,1.7969321977427601
8.625,peak,3.1969407132237393e-10,3.164092004226405e-10,4.359557222100745e-13,5.994728065587137e-13,1.0381717394265744,0.44665162951687926,1.6296918493362695
8.875,peak,3.1936810842125855e-10,3.1592998652740787e-10,6.009617411037829e-13,6.756123535609307e-13,1.0882543729518357,0.3808906266443123,1.7956181192593592
9.125,peak,3.191458324636187e-10,3.1558758905703143e-10,6.152076278702372e-13,8.856856735230625e-13,1.1274978896411048,0.25798085173131746,1.9970149275508922
9.375,peak,3.188479115578957e-10,3.154611738409585e-10,5.945697397445354e-13,8.378723501146452e-13,1.0735830580040462,0.2479816889188734,1.899184427089219
9.625,peak,3.1815042120797444e-10,3.142469279282522e-10,3.0910950924449883e-13,1.2311094095777885e-12,1.2421738870947552,0.018419114559841722,2.465928659629669
9.875,peak,3.178983513407729e-10,3.143071182876156e-10,4.236690924582585e-13,1.1655484868499826e-12,1.1425872480148813,0.007889721651639647,2.277284774378123
10.125,peak,3.1692738843958066e-10,3.136726263619494e-10,5.896349098552054e-13,1.061037549775431e-12,1.0376302565451079,0.012756613376482297,2.0625038997137337
10.375,peak,3.1712426107333156e-10,3.133061693461059e-10,7.978703209408954e-13,8.212667932583513e-13,1.2186455616862935,0.3183970017118185,2.1188941216607686
10.625,peak,3.163289352414722e-10,3.1344516514764105e-10,5.61750174970585e-13,4.239711527778118e-13,0.9200237918721266,0.35920056281743923,1.4808470209268139
10.875,peak,3.153941997879883e-10,3.1299151828534374e-10,8.818273151533593e-13,5.728961907576696e-13,0.7676506749470846,-0.0893748336243323,1.6246761835185017
11.125,peak,3.1520760899184095e-10,3.125932903458306e-10,1.0289535993573328e-12,6.043621096572602e-13,0.8363322971897569,-0.15478075662510843,1.8274453510046222
11.375,peak,3.1529860393675334e-10,3.118528559298283e-10,1.0661745155551175e-12,5.424733507138556e-13,1.1049275135387449,0.08140307939543939,2.1284519476820503
11.625,peak,3.1454092322746875e-10,3.1090994525584394e-10,8.772064862344579e-13,8.593610263830356e-13,1.1678552027780675,0.195833809294302,2.1398765962618334
11.875,peak,3.1430511967300847e-10,3.1043052103996163e-10,9.28784047197242e-13,8.370404190048174e-13,1.2481371419494014,0.2550628337115756,2.241211450187227
12.125,peak,3.132969595753821e-10,3.098811441759608e-10,8.841074615676012e-13,6.409884268461834e-13,1.102298563052173,0.2173512408958257,1.9872458852085204
12.375,peak,3.1258233775588454e-10,3.09971306933221e-10,7.87404082124749e-13,9.094940989906669e-13,0.842345973405223,-0.11719854854589148,1.8018904953563377
12.625,peak,3.124510180896323e-10,3.09654437842255e-10,9.097817943111986e-13,1.1089072863178079e-12,0.9031293938057239,-0.24803530370307217,2.05429409131452
12.875,peak,3.1196109944175986e-10,3.091646397024306e-10,6.602351968267164e-13,7.349606982714303e-13,0.9045212098061528,0.11610680340282051,1.692935616209485
13.125,peak,3.1139512202571497e-10,3.0870629302626186e-10,8.686811874783633e-13,8.956079414691711e-13,0.8709990888408514,-0.12277707832340154,1.8647752560051043
13.375,peak,3.1112543069866663e-10,3.081937484239461e-10,8.510494929892536e-13,9.89963057081583e-13,0.9512465096104927,-0.09737809399016864,1.999871113211154
13.625,peak,3.1071525654624566e-10,3.078524298416596e-10,3.9052163813917935e-13,8.461819142415853e-13,0.9299347437532246,0.09879843864454285,1.7610710488619064
13.875,peak,3.1089318895283214e-10,3.0761256198275075e-10,5.122970026053955e-13,1.0778837863484592e-12,1.0664801687342518,0.006049809961882445,2.126910527506621
14.125,peak,3.106491669768729e-10,3.072134109061153e-10,6.29391490975998e-13,8.935482375364867e-13,1.118361356889963,0.2151312839432021,2.0215914298367244
14.375,peak,3.0924175689506227e-10,3.068819898999209e-10,1.1094264083500549e-12,7.695107848658757e-13,0.7689493267138081,-0.3419583148084023,1.8798569682360182
14.625,peak,3.0842032629152523e-10,3.07215492512114e-10,1.1454535672041258e-12,6.757135666269958e-13,0.3921787177981306,-0.730457313264506,1.5148147488607673
14.875,peak,3.0757027047911833e-10,3.068017178975424e-10,1.3277004742211191e-12,8.829785304709044e-13,0.2505046538991751,-1.0692228331925528,1.5702321409909028
15.125,peak,3.0744715559194446e-10,3.063433302941121e-10,1.234606416641948e-12,8.73316700083073e-13,0.3603229411825781,-0.8816611095805137,1.6023069919456698
15.375,peak,3.0691562074025566e-10,3.060735434701201e-10,1.0944235170027658e-12,9.008322423212662e-13,0.27512252793511216,-0.8693074980609595,1.419552553931184
15.625,peak,3.0649491918666173e-10,3.052319141261251e-10,1.0357308150007454e-12,6.962697237279032e-13,0.4137853881212239,-0.622936253408046,1.4505070296504938
15.875,peak,3.0626856073467935e-10,3.0441730700658813e-10,9.88884689220447e-13,9.449452335650116e-13,0.6081302493261775,-0.4949020780789442,1.7111625767312992
16.125,peak,3.0609800091951914e-10,3.0414315574489593e-10,1.2347758351292058e-12,6.607006915916263e-13,0.6427385057656387,-0.573825501592379,1.8593025131236562
16.375,peak,3.0520639143105655e-10,3.039499665646872e-10,1.2750760848446658e-12,6.211944827212804e-13,0.41336568665222284,-0.8423007407658941,1.6690321140703397
16.625,peak,3.0526027103405797e-10,3.032938320757239e-10,1.3115921555869068e-12,6.373193372405084e-13,0.648361011787113,-0.6460613797355734,1.9427834033097995
16.875,peak,3.0506776738548066e-10,3.027662489785144e-10,1.2462055104948365e-12,9.872557583651446e-13,0.7601634643000121,-0.5440238846715897,2.064350813271614
17.125,peak,3.04005800444429e-10,3.026265073913237e-10,1.2947474673160037e-12,1.1853069820624172e-12,0.4557740381022857,-0.9689094904433865,1.8804575666479577
17.375,peak,3.039903106127895e-10,3.025314379101474e-10,1.2314127538473031e-12,1.1864296592967231e-12,0.4822218519568766,-0.9043893004664473,1.8688330043802006
17.625,peak,3.0369180649358894e-10,3.0263296139310116e-10,1.4464329255504257e-12,9.940388688767564e-13,0.3498776523263025,-1.1154119418082415,1.8151672464608466
17.875,peak,3.028945536698302e-10,3.019350799604581e-10,1.3159481402029536e-12,1.0474677929387264e-12,0.3177748373914602,-1.0633285478121879,1.6988782225951085
18.125,peak,3.024618183644634e-10,3.014388448718819e-10,1.4135326683468107e-12,1.1436025282672703e-12,0.33936352596370956,-1.1538132842532642,1.8325403361806831
18.375,peak,3.0234009727792e-10,3.01010994689932e-10,1.1302329943969661e-12,1.0645050898565548e-12,0.4415461931405851,-0.824133068158275,1.7072254544394452
18.625,peak,3.0211062039597893e-10,3.008208341270802e-10,1.1771843561795401e-12,1.1485296431249931e-12,0.4287556321161956,-0.9119593699862156,1.7694706342186068
18.875,peak,3.013430898590741e-10,3.003462165906967e-10,1.153435468450554e-12,9.373224936958533e-13,0.33190804921505723,-0.8925665404607966,1.556382638890911
19.125,peak,3.0148753353387286e-10,2.995374757119862e-10,1.3859414996692438e-12,1.2406503874291581e-12,0.6510229871075301,-0.8769068355236485,2.1789528097387088
19.375,peak,3.0136428904370406e-10,2.993503574089118e-10,1.3611863937555753e-12,1.3111095943384102e-12,0.6727674061338229,-0.8774419089988448,2.2229767212664906
19.625,peak,3.005851613124833e-10,2.985497485497035e-10,1.287523582857296e-12,1.011457726111567e-12,0.6817666980687198,-0.6811576357884733,2.0446910319259133
19.875,peak,3.003580638960557e-10,2.9827916023350555e-10,9.688120057675285e-13,1.1755214662770643e-12,0.6969657755917957,-0.5698432216815864,1.9637747728651778
20.125,peak,3.001719278472592e-10,2.9750209705525775e-10,9.80639825307655e-13,7.644325452076593e-13,0.8974157891416645,-0.14270020060141528,1.9375317788847441
20.375,peak,2.990533096181025e-10,2.9690438168472615e-10,8.684122147134347e-13,6.816869915236748e-13,0.7237777769336651,-0.20049518028010527,1.6480507341474353
20.625,peak,2.987212019434082e-10,2.9687246524190416e-10,7.584270549373908e-13,9.480340767323164e-13,0.6227376796287265,-0.39424704743688443,1.6397224066943377
20.875,peak,2.985087542128895e-10,2.961497386877454e-10,7.871722453188419e-13,6.963029759271765e-13,0.7965617446083151,-0.07757616209482059,1.6706996513114507
21.125,peak,2.9800336278640316e-10,2.959960693260655e-10,6.650017430982185e-13,5.111604738611441e-13,0.6781486878889798,-0.027720708355982726,1.3840180841339422
21.375,peak,2.9775444886581684e-10,2.9597748039122964e-10,4.013187789674011e-13,8.484599904294103e-13,0.6003728635835204,-0.26316362262267295,1.4639093497897138
21.625,peak,2.972054630845378e-10,2.954499746010697e-10,3.8918032861440077e-13,8.234193645530956e-13,0.5941745250912289,-0.24532974899082738,1.4336787991732853
21.875,peak,2.972616857732646e-10,2.952707257009024e-10,5.79459974207234e-13,6.768826759454474e-13,0.6742829204067213,-0.07166252311063921,1.420228363924082
22.125,peak,2.966873637433309e-10,2.9515499022636507e-10,6.963613223631848e-13,7.369385160016264e-13,0.5191758796931012,-0.32446293534759746,1.3628146947337998
22.375,peak,2.9630438007188786e-10,2.9476543431883325e-10,8.416975958622825e-13,7.623456931305847e-13,0.5220916613275728,-0.4248374879337593,1.4690208105889049
22.625,peak,2.955499496692937e-10,2.942976118447404e-10,6.858505843476684e-13,8.931809525745797e-13,0.425534484192136,-0.5291416582515082,1.38021062663578
22.875,peak,2.953712919406826e-10,2.9413128345368023e-10,8.53678043887356e-13,1.0139259078488076e-12,0.4215833393994117,-0.691998977748335,1.5351656565471585
23.125,peak,2.9505826887543664e-10,2.9418746066767196e-10,5.040471716568009e-13,9.024933410080207e-13,0.29600452914897435,-0.6271100197269397,1.2191190780248884
23.375,peak,2.946132838133053e-10,2.9381149602158986e-10,7.513031014059628e-13,1.0211647942574416e-12,0.27289190605956914,-0.8083193116671901,1.3541031237863284
23.625,peak,2.943434469671047e-10,2.934620169980917e-10,7.647535243962508e-13,9.427568528094833e-13,0.300355725088175,-0.724515770769882,1.325227220946232
23.875,peak,2.9403354574242256e-10,2.933474411292991e-10,9.238757072485034e-13,8.185595921162684e-13,0.23388805113899735,-0.8002711104860463,1.268047212764041
24.125,peak,2.9403343546618996e-10,2.9206023441474825e-10,7.033203000596232e-13,5.836031800976949e-13,0.6756144174833612,-0.09812415849769557,1.449352993464418
24.375,peak,2.9337514547478353e-10,2.9127570314813053e-10,9.0892598076142e-13,6.97590343355679e-13,0.7207749578705291,-0.2593644145389611,1.7009143302800191
24.625,peak,2.930872949491459e-10,2.909048760102451e-10,1.0905786147752227e-12,5.860667908717004e-13,0.7502173799327938,-0.3733568011746749,1.8737915610402625
24.875,peak,2.933210498667904e-10,2.907785722072731e-10,9.986345291399854e-13,7.508310540728932e-13,0.8743689881333561,-0.19921437071112708,1.9479523469778393
25.125,peak,2.930227310571353e-10,2.906500935750955e-10,1.1316913526673584e-12,5.886174250674439e-13,0.8163209076782252,-0.34969658324605357,1.9823383986025038
25.375,peak,2.9275033853082276e-10,2.9072254392303873e-10,1.4200969609203914e-12,5.468983792159779e-13,0.6975016730456307,-0.7746687018077928,2.1696720478990543
25.625,peak,2.919465941886301e-10,2.902354333400581e-10,1.1075339298838582e-12,8.197864442782924e-13,0.5895768235049115,-0.5981453294190852,1.777298976428908
25.875,peak,2.918392704032158e-10,2.89455641677705e-10,1.1989917109401342e-12,5.041291574294664e-13,0.8234867048004801,-0.420247707045115,2.067221116646075
26.125,peak,2.9173736834309234e-10,2.8951572517144087e-10,1.4846845129019252e-12,4.3113342682163847e-13,0.7673652857149271,-0.8015015876339262,2.3362321590637802
26.375,peak,2.9071568292238226e-10,2.8929303311997503e-10,1.3292427540496055e-12,3.7444704079590594e-13,0.491767737046489,-0.9164198112690937,1.8999552853620718
26.625,peak,2.906747840825119e-10,2.8912617381138265e-10,1.2429797579243308e-12,4.1455258805210157e-13,0.5356174609565167,-0.7698407647628166,1.84107568667585
26.875,peak,2.904817108628777e-10,2.8828882818743294e-10,1.2205424269457499e-12,5.449905299181093e-13,0.7606547535095709,-0.5082267046102283,2.0295362116293703
27.125,peak,2.8977986630707164e-10,2.883589411339926e-10,1.42777860659262e-12,5.630844663408857e-13,0.49276265458984003,-0.9980125252673026,1.9835378344469827
27.375,peak,2.892137899834779e-10,2.879712712910987e-10,1.2030869292958491e-12,6.560041516807808e-13,0.4314731420285156,-0.8211219752563145,1.6840682593133454
27.625,peak,2.887634457238164e-10,2.875657276035781e-10,1.1749342747389809e-12,6.603403162655994e-13,0.4165023872001239,-0.8100868312151976,1.6430916056154452
27.875,peak,2.8862598583145886e-10,2.874742096992122e-10,1.040115230378885e-12,4.1140669657774724e-13,0.4006537259296339,-0.6885971642316364,1.4899046160909042
28.125,peak,2.8833318310717005e-10,2.873573498618498e-10,7.388451446973395e-13,4.593436772280414e-13,0.339588754486142,-0.4381159556123885,1.1172934645846726
28.375,peak,2.8848130455116916e-10,2.8666185471593053e-10,7.348714866319614e-13,5.892859984174845e-13,0.634702457026104,-0.18014564772161848,1.4495505617738265
28.625,peak,2.8866008278782827e-10,2.866862450900953e-10,6.319399528953297e-13,6.285441565942374e-13,0.6885010116591594,-0.07484716224162302,1.4518491855599418
28.875,peak,2.881240425267606e-10,2.8618811597880266e-10,1.0414828704836263e-12,5.927321978674616e-13,0.676452459018706,-0.4169314988843889,1.7698364169218008
29.125,peak,2.8756342430824586e-10,2.8607290801119235e-10,1.1521367080341626e-12,4.720565698532007e-13,0.521026722668605,-0.6895707719514566,1.7316242172886667
29.375,peak,2.868378112452774e-10,2.861705593204533e-10,1.0928363105599219e-12,6.912248462726742e-13,0.23316581775865153,-0.9239249037985441,1.3902565393158473
29.625,peak,2.861330801806616e-10,2.854530532658828e-10,1.1988384470830557e-12,4.761228138706768e-13,0.23822723456574657,-1.0259963738914109,1.502450843022904
29.875,peak,2.8578363867382e-10,2.852168915978837e-10,8.037924322133983e-13,4.669761057056079e-13,0.19870740220229166,-0.6488281761481507,1.046242980552734
30.125,peak,2.8541222150124664e-10,2.846542713541567e-10,1.1585613938569822e-12,7.21884864191354e-13,0.2662704281527928,-0.9649947247168555,1.497535581022441
30.375,peak,2.847373616532423e-10,2.8430978886717643e-10,9.414095713129332e-13,8.135299953240595e-13,0.150389751886304,-0.9265077958632009,1.2272872996358088
30.625,peak,2.8439436277949423e-10,2.843130675955763e-10,8.581637417846566e-13,1.0601179461188748e-12,0.02859354464619379,-1.1579450952345844,1.215132184526972
30.875,peak,2.839717467395531e-10,2.8379207947182297e-10,8.07639315801749e-13,8.2313513035482e-13,0.06330947222505934,-0.9314022461096423,1.058021190559761
31.125,peak,2.83500093019029e-10,2.83348072116496e-10,8.728037009893867e-13,7.787373074331031e-13,0.05365164527058042,-0.9598514624834973,1.0671547530246581
31.375,peak,2.8305316618570944e-10,2.8283883125368444e-10,8.811418605026174e-13,9.520158093556076e-13,0.0757798818058264,-1.0485814559845679,1.2001412195962207
31.625,peak,2.830498146977334e-10,2.8280383844503377e-10,1.3307568360368044e-12,9.801034967003762e-13,0.0869776924005361,-1.3743627455286693,1.5483181303297415
31.875,peak,2.828801348186971e-10,2.8260518547540414e-10,1.277233979677714e-12,9.833055013704276e-13,0.0972909760415197,-1.3211348732835808,1.5157168253666202
32.125,peak,2.828346293881623e-10,2.8218719194228473e-10,1.3244468227452616e-12,1.2271508805926252e-12,0.2294354472367477,-1.3399471095920938,1.7988180040655892
32.375,peak,2.820973702455376e-10,2.8216557097948683e-10,1.0562603755120298e-12,1.039894843264708e-12,-0.024170466195594376,-1.30948903040623,1.2611480980150414
32.625,peak,2.8177672788842756e-10,2.816463177168771e-10,1.1969185614453002e-12,9.791490474786204e-13,0.046302814326715236,-1.3102770616581554,1.4028826903115859
32.875,peak,2.8145787155153813e-10,2.81306648730606e-10,1.2839398005512339e-12,1.0272304967191441e-12,0.053757286439726215,-1.3935985704222138,1.5011131433016662
33.125,peak,2.812789705330942e-10,2.807767828016949e-10,1.1219417022136556e-12,1.2843192710183234e-12,0.1788565729645697,-1.3155376775959466,1.673250823525086
33.375,peak,2.8108353035349867e-10,2.8054646918462824e-10,9.866979836748687e-13,1.3682852129306209e-12,0.19143394334326658,-1.3185209855977735,1.7013888722843067
33.625,peak,2.8073369321646164e-10,2.8015280122417604e-10,8.315737111334195e-13,1.3719452299571168e-12,0.2073482719955999,-1.2726863709531342,1.687382914944334
33.875,peak,2.804238874887233e-10,2.797809406729357e-10,1.0270437493512836e-12,1.5976647997546442e-12,0.22980365075659925,-1.506735483296812,1.9663427848100106
34.125,peak,2.8042340090905784e-10,2.7985264068774996e-10,9.59710091822759e-13,1.3531749932721356e-12,0.2039502717948949,-1.2883598459344456,1.6962603895242352
34.375,peak,2.8001649070574787e-10,2.789291352200962e-10,9.512866980089282e-13,1.1934557209496962e-12,0.38983216464414383,-0.9691172346974362,1.748781563985724
34.625,peak,2.800809863856557e-10,2.781587204481184e-10,9.245078360210312e-13,1.3234570353268162e-12,0.6910680112564904,-0.7791822490635529,2.161318271576534
34.875,peak,2.7935882712881723e-10,2.7811405402644596e-10,1.215733980338107e-12,1.1806316651475539e-12,0.4475764832268858,-1.0468978136396336,1.9420507800934053
35.125,peak,2.7867122526004093e-10,2.779323187951377e-10,1.0923303993461007e-12,9.312384922431386e-13,0.26585841765593976,-1.0067506026197623,1.5384674379316419
35.375,peak,2.787581320262689e-10,2.777385361696361e-10,1.0184933294757739e-12,9.070118100805039e-13,0.3671063694272725,-0.8400426463037576,1.5742553851583025
35.625,peak,2.7840324491990035e-10,2.7775370540439326e-10,1.1245487757930976e-12,1.1085585901025177e-12,0.2338544915400531,-1.1589170000589315,1.626625983139038
35.875,peak,2.7777913942372833e-10,2.7767261258304644e-10,8.266664175302352e-13,7.903818164800599e-13,0.03836418712344081,-0.97016942014696,1.0468977943938416
36.125,peak,2.775750397177035e-10,2.775535983801092e-10,1.0415812657773768e-12,6.549835595840809e-13,0.007725116056667147,-1.1283280574219678,1.1437782895353021
36.375,peak,2.776877295218583e-10,2.7728089321499284e-10,9.933786706041684e-13,7.819784810353272e-13,0.14672352723201776,-0.9844607864338247,1.2779078408978601
36.625,peak,2.7692340268004043e-10,2.7637279686132387e-10,1.3861047482832933e-12,7.163916516051102e-13,0.19922576497022337,-1.3023887140348276,1.7008402439752743
36.875,peak,2.76553838602922e-10,2.760753386610304e-10,1.182382696520739e-12,6.275838049302777e-13,0.17332223305868144,-1.109621679731674,1.456266145849037
37.125,peak,2.7661747481033673e-10,2.759951769348845e-10,1.1546239005127153e-12,7.038417540806163e-13,0.22547418486196236,-1.037372295632143,1.4883206653560677
37.375,peak,2.7622964239526487e-10,2.755862476533366e-10,1.259387671460024e-12,9.461640145927829e-13,0.23346402347972361,-1.1926421199478388,1.659570166907286
37.625,peak,2.7581479116634e-10,2.7518275146576345e-10,9.224326034519081e-13,8.166302931805277e-13,0.22967998437766202,-0.8706672938137303,1.3300272625690543
37.875,peak,2.7582637699197225e-10,2.747068447206402e-10,9.08256305871609e-13,9.404470217632606e-13,0.40753708647869313,-0.7599221418668433,1.5749963148242296
38.125,peak,2.750796807049483e-10,2.745425035755034e-10,1.0361073334720834e-12,8.428218778974188e-13,0.1956626469304279,-1.0075062557781065,1.3988315496389623
38.375,peak,2.7518115985003533e-10,2.748269912444812e-10,8.66206640370936e-13,7.882344668632287e-13,0.12886965867158207,-0.9166622707018455,1.1744015880450096
38.625,peak,2.7470298050502606e-10,2.747784753864835e-10,1.1755062597681778e-12,1.1437176143851072e-12,-0.027474816341144237,-1.4880594793792679,1.4331098466969794
38.875,peak,2.7477958155941454e-10,2.7405473588260063e-10,1.113311482867294e-12,1.0776485919567921e-12,0.2644893818307903,-1.1210147809564281,1.6499935446180087
39.125,peak,2.741640867043316e-10,2.740952652402484e-10,1.123259840447461e-12,1.0798339661426608e-12,0.02510859281821265,-1.366550757452464,1.4167679430888893
39.375,peak,2.7381140853321995e-10,2.739716990163288e-10,9.676816267516593e-13,1.177818332565907e-12,-0.05850621932278477,-1.4319163526238352,1.3149039139782657
39.625,peak,2.7391595722292547e-10,2.730211076595879e-10,9.489154252724964e-13,1.0277139796444327e-12,0.3277583813971363,-0.9302066282247251,1.5857233910189978
39.875,peak,2.7343887268216345e-10,2.721621478940506e-10,5.28733488634803e-13,1.1408274484959304e-12,0.4691044651109477,-0.7923654213797325,1.730574351601628
40.125,peak,2.7349522497388535e-10,2.727207436237222e-10,9.006797988969576e-13,1.073077217040923e-12,0.28398329363303887,-0.9846219081965806,1.5525884954626583
40.375,peak,2.7311803023621905e-10,2.7249395202488817e-10,9.870347121623705e-13,1.0641661824360586e-12,0.22902461015863462,-1.0778282152556917,1.535877435572961
40.625,peak,2.726632442318078e-10,2.724847786339524e-10,1.1062024820691632e-12,1.3989471457479047e-12,0.06549562098481232,-1.5576860483808543,1.688677290350479
40.875,peak,2.722098406593432e-10,2.7217248089073113e-10,1.1821735287956637e-12,1.5943014310137375e-12,0.013726504784683513,-1.8079773765758083,1.8354303861451753
41.125,peak,2.72016873168468e-10,2.7210167104385614e-10,1.1703836318672092e-12,1.2695471411492453e-12,-0.03116404065540701,-1.5861382920269043,1.5238102107160902
41.375,peak,2.7224170935369334e-10,2.7214343390369323e-10,1.2191863597469762e-12,1.5065889351538386e-12,0.03611163737828882,-1.7254685073509468,1.7976917821075244
41.625,peak,2.713689343636361e-10,2.719152951158321e-10,1.2150207663901458e-12,1.3372347295176359e-12,-0.20093049637509575,-1.828483959785224,1.4266229670350326
41.875,peak,2.7127972089147076e-10,2.7133752041663684e-10,1.3854732904597332e-12,1.3143213866273745e-12,-0.02130170758446459,-1.7444619469678875,1.7018585317989583
42.125,peak,2.7115007128486465e-10,2.7088394062957375e-10,1.6313226928839143e-12,1.621490906749466e-12,0.0982452686830948,-1.9804746392727397,2.1769651766389293
42.375,peak,2.71236858679913e-10,2.70393372829858e-10,1.5711355152360046e-12,1.4777562659131728e-12,0.3119476787568187,-1.6443920194239707,2.268287376937608
42.625,peak,2.712067089305492e-10,2.696503702281916e-10,1.526873421311622e-12,1.4831012079416038e-12,0.5771691323993133,-1.3600792447850432,2.51441750958367
42.875,peak,2.702317181046965e-10,2.692602197384986e-10,1.6680652200886024e-12,1.4858650659852435e-12,0.36080278295151924,-1.6786450437822669,2.400250609685305
43.125,peak,2.698696960123925e-10,2.690905512281461e-10,1.516241054940621e-12,1.4098827387997152e-12,0.28954743326747856,-1.5979197642801344,2.1770146308150915
43.375,peak,2.7024584142054663e-10,2.693850888135785e-10,1.5731417229633714e-12,1.4515360862166655e-12,0.3195249635973063,-1.6304277495534318,2.2694776767480445
43.625,peak,2.701122650705656e-10,2.688062454581086e-10,1.6417333513178817e-12,1.5327214425884354e-12,0.48585910280143363,-1.565303875727074,2.5370220813299413
43.875,peak,2.698332707495865e-10,2.681573266727355e-10,1.8583229183603256e-12,1.4220050827492335e-12,0.624985376176701,-1.5495037935534683,2.7994745459068704
44.125,peak,2.6987721867044456e-10,2.679890906165383e-10,1.899984220030218e-12,1.4381376565143446e-12,0.7045540732879996,-1.5144510279266803,2.9235591745026794
44.375,peak,2.6968991392095634e-10,2.676549627267377e-10,1.655114268254362e-12,1.585015743149671e-12,0.7602889830577331,-1.3430339043053834,2.8636118704208497
44.625,peak,2.6936722633763565e-10,2.6779656195685675e-10,1.6018843565417536e-12,1.4536117497295656e-12,0.5865140199342589,-1.399189236370693,2.572217276239211
44.875,peak,2.687248286292743e-10,2.6745869377009513e-10,1.7884037050264135e-12,1.3430152417647311e-12,0.4733945422867869,-1.6142654457483145,2.561054530321888
45.125,peak,2.6861814944822977e-10,2.6719429456534274e-10,1.6679350358703767e-12,1.5307130417625445e-12,0.5328912000921671,-1.5486281368012937,2.614410536985628
45.375,peak,2.683681123016868e-10,2.6683953819883753e-10,1.6041323144356078e-12,1.668794380520043e-12,0.5728439320376255,-1.5571686740599833,2.7028565381352343
45.625,peak,2.6808890197571605e-10,2.6691136895351516e-10,1.6314723770005616e-12,1.7831820831354654e-12,0.44117005087407346,-1.7845272921831716,2.6668673939313186
45.875,peak,2.6845675620279505e-10,2.6687247554946226e-10,1.5127758662312764e-12,1.3159236611804032e-12,0.5936470780925962,-1.257338562730541,2.444632718915733
46.125,peak,2.6857582497541447e-10,2.669102104846388e-10,1.7350264891291972e-12,1.2912344399015251e-12,0.6240355090767702,-1.4018933534666962,2.6499643716202366
46.375,peak,2.676207236618211e-10,2.6653537247511846e-10,1.6561719251303812e-12,1.2867407810800853e-12,0.4072071847814218,-1.549170928504182,2.3635852980670258
46.625,peak,2.6741818032860463e-10,2.665905140020186e-10,1.7290003887224918e-12,1.4214966733970549e-12,0.31046353231449775,-1.7647750955964219,2.385702160225417
46.875,peak,2.6702684067458905e-10,2.6576312279757985e-10,1.6616334766186616e-12,1.4655570070857704e-12,0.47550535367983926,-1.5758581095278268,2.5268688168875055
47.125,peak,2.668098397862195e-10,2.6557887963463143e-10,1.4386264813029318e-12,1.2712920745085993e-12,0.463500769820846,-1.315002511480243,2.2420040511219352
47.375,peak,2.667182161530945e-10,2.658091284502007e-10,1.465005411751441e-12,1.2808880352546957e-12,0.34200770612893283,-1.4594357978378005,2.1434512100956664
47.625,peak,2.6684223826123345e-10,2.652189709806407e-10,1.3968903989289456e-12,1.283170127915413e-12,0.6120479521471545,-1.1454801668455892,2.3695760711398983
47.875,peak,2.6665588848118207e-10,2.6484233217161094e-10,1.2975436263236057e-12,1.089760547106636e-12,0.6847682901372387,-0.8957726938014748,2.2653092740759524
48.125,peak,2.659273445715371e-10,2.6506950462135137e-10,1.3206212122824493e-12,1.0356919041317622e-12,0.3236283070023882,-1.248618280489676,1.8958748944944523
48.375,peak,2.6525988687353677e-10,2.649559735345974e-10,1.4210248894355478e-12,1.3019977479122947e-12,0.11470333538250443,-1.6693341079547945,1.8987407787198034
48.625,peak,2.650552403338224e-10,2.6467522161510713e-10,1.250443081033484e-12,1.333291435938428e-12,0.14357925777725988,-1.5493723615585695,1.8365308771130893
48.875,peak,2.647391238497221e-10,2.647242558850849e-10,1.4414258318573845e-12,1.4396450587890105e-12,0.005616396800323109,-1.877494711170638,1.8887275047712841
49.125,peak,2.646588393417915e-10,2.6414801141072525e-10,1.2966375807075479e-12,1.0638449536808997e-12,0.19338700614783821,-1.3757110250695,1.7624850373651764
49.375,peak,2.6484132717996543e-10,2.6444136892678214e-10,1.1790357215571339e-12,1.121291207215561e-12,0.15124647660329504,-1.356268473197247,1.6587614264038368
49.625,peak,2.6454854605617586e-10,2.6380616304777504e-10,1.2605266293130683e-12,1.2049380793068378e-12,0.2814123066057217,-1.3389017758341706,1.901726389045614
49.875,peak,2.6440357942192344e-10,2.634537520407321e-10,1.2109000745701416e-12,1.2555256933289624e-12,0.36052907724180017,-1.2632080527685008,1.9842662072521011
50.125,peak,2.644633173076727e-10,2.6349293534622123e-10,1.4528105731571267e-12,1.3216009823656729e-12,0.36827627282545183,-1.4622751623458794,2.198827707996783
50.375,peak,2.6415463139528584e-10,2.6308214614800817e-10,1.428099715246683e-12,1.1965962407209785e-12,0.40766173721051846,-1.3405487368041757,2.155872211225213
50.625,peak,2.641347180087905e-10,2.6342146497881913e-10,1.522439512047654e-12,1.1976777372125088e-12,0.27076496216005275,-1.5543840926171781,2.0959140169372836
50.875,peak,2.6340284989601065e-10,2.6284086629857484e-10,1.5034314253068046e-12,7.378119313588062e-13,0.21381134728015727,-1.4982648956056408,1.9258875901659553
51.125,peak,2.6307732468922045e-10,2.6255399461661006e-10,1.9360541672937738e-12,5.978610124034451e-13,0.19932283771746384,-2.049739470667508,2.4483851461024355
51.375,peak,2.628489698963676e-10,2.6221953930871675e-10,1.8742139493007317e-12,6.673323674613735e-13,0.2400395444634551,-1.9230846738198377,2.4031637627467477
51.625,peak,2.629355958561064e-10,2.619639610657032e-10,1.6392957290183766e-12,6.015465822587005e-13,0.3709039924615798,-1.51984891718264,2.2616569021057997
51.875,peak,2.622001920826733e-10,2.617034272134333e-10,1.6072303084228074e-12,5.454831868070947e-13,0.18981977979020126,-1.6736538573776765,2.0532934169580788
52.125,peak,2.618012274524517e-10,2.617253937842179e-10,1.5164917855788203e-12,5.557299817874005e-13,0.02897451681602714,-1.7221582569043916,1.780107290536446
52.375,peak,2.620417876642023e-10,2.612579658034519e-10,1.1716488126944063e-12,4.474409452736209e-13,0.30001835861344084,-1.0523723583158293,1.6524090755427108
52.625,peak,2.6187587991444164e-10,2.6109414648090024e-10,1.4562946120635012e-12,5.113059876082082e-13,0.2994067251517629,-1.3898218470159942,1.98863529731952
52.875,peak,2.6201584546470256e-10,2.6052817020172365e-10,1.904427777025912e-12,4.1488063080454224e-13,0.5710228041086785,-1.6969420709951042,2.838987679212461
53.125,peak,2.6137774057133354e-10,2.6046373591270823e-10,1.6483230273898505e-12,2.994138989002021e-13,0.35091436257814745,-1.6260181148417319,2.3278468399980268
53.375,peak,2.610048352380545e-10,2.602653762551199e-10,1.5844481255558164e-12,3.0841824260621935e-13,0.28411730886930275,-1.6131949832209267,2.181429600959532
53.625,peak,2.6066390887535816e-10,2.6018868197752453e-10,1.4159783747438435e-12,3.123480938832197e-13,0.1826470291565796,-1.5052161534070625,1.8705102117202217
53.875,peak,2.6055282546622036e-10,2.5988238121499307e-10,1.3896223858287895e-12,3.4952329857609566e-13,0.2579798784715148,-1.3904757546176445,1.9064355115606741
54.125,peak,2.6078002974827543e-10,2.600244181394373e-10,1.3671135303098408e-12,2.6840947259133923e-13,0.2905925582854074,-1.3474741177569785,1.9286592343277933
54.375,peak,2.6047719529742605e-10,2.595106946046144e-10,1.5244696378007648e-12,3.0934831608156934e-13,0.3724319316721125,-1.4554880925332838,2.2003519558775086
54.625,peak,2.6014992158707177e-10,2.5903448999997635e-10,1.3412286615477044e-12,7.070500627255315e-13,0.4306112236619697,-1.120272390375781,1.9814948376997203
54.875,peak,2.5944036224245793e-10,2.586909215551714e-10,1.6026744230078726e-12,4.3810210748411947e-13,0.2897050591420536,-1.6122089994806936,2.191619117764801
55.125,peak,2.592884698060516e-10,2.587147469057527e-10,1.854521235339824e-12,2.270587292892046e-13,0.22175887040094544,-2.039056586600687,2.482574327402578
55.375,peak,2.5903578261932127e-10,2.5878825226754996e-10,1.8874722568853504e-12,5.753855230844975e-13,0.09564976369769163,-2.130582519538191,2.3218820469335744
55.625,peak,2.587895630767889e-10,2.58538830166799e-10,1.992373788875757e-12,6.479047778047599e-13,0.09698075520345739,-2.246908217805467,2.4408697282123817
55.875,peak,2.5925010845639917e-10,2.5868547822938127e-10,1.8568570361793085e-12,6.526738672308325e-13,0.2182690079406857,-1.955610968265341,2.3921489841467127
56.125,peak,2.583630941899173e-10,2.587201845472009e-10,1.2758799185238026e-12,4.966618123730823e-13,-0.1380218392733945,-1.6241261514190974,1.3480824728723086
56.375,peak,2.5841471256171646e-10,2.584907736036257e-10,1.427232609300596e-12,6.781656932475863e-13,-0.02942505097913717,-1.6825169725660227,1.6236668706077484
56.625,peak,2.583269485967321e-10,2.583486184448702e-10,1.5422533602357626e-12,7.447848227441197e-13,-0.008387832018807995,-1.7953866472332336,1.7786109831956176
56.875,peak,2.583073785444867e-10,2.583839363978768e-10,1.3379843382098397e-12,7.223860248475526e-13,-0.02962949417730787,-1.581444066503404,1.5221850781487882
57.125,peak,2.581361138709326e-10,2.586023083495093e-10,1.371812079883833e-12,7.932034455077423e-13,-0.18027467796095653,-1.7747582982257675,1.4142089423038544
57.375,peak,2.580163743459707e-10,2.579277770564659e-10,1.1345132134293643e-12,5.538774432610334e-13,0.03434965032300674,-1.2822537801150244,1.350953080761038
57.625,peak,2.5834636062427306e-10,2.57673762007471e-10,1.0134624515883e-12,6.619091893340851e-13,0.2610272041522643,-0.9354233502130036,1.4574777585175323
57.875,peak,2.574037955582753e-10,2.575196538145974e-10,9.891362404405077e-13,7.576779640930127e-13,-0.044990063711991546,-1.2485053470695513,1.1585252196455682
58.125,peak,2.5712804244903966e-10,2.5715502488310453e-10,1.0815971998779823e-12,3.595169713647251e-13,-0.010492672300344008,-1.2883022517412912,1.2673169071406032
58.375,peak,2.5735137569427023e-10,2.5639002387833894e-10,1.062346224620211e-12,5.011208011109695e-13,0.3749567948819532,-0.8656390857461123,1.6155526755100187
58.625,peak,2.5699205025375703e-10,2.5673022605587906e-10,1.428795629261011e-12,5.105610708612593e-13,0.10198417299760454,-1.5821246484178386,1.7860929944130477
58.875,peak,2.56127060538347e-10,2.5663617407190033e-10,1.6318868988875928e-12,6.539661657132777e-13,-0.19837949010675926,-2.112112522608218,1.7153535423946993
59.125,peak,2.564589567555231e-10,2.5640780563662704e-10,1.463434484597376e-12,6.23329287339209e-13,0.019949127043572545,-1.693452287664944,1.7333505417520891
59.375,peak,2.566789294178307e-10,2.5625374405535695e-10,1.3857990170266854e-12,6.158861335689455e-13,0.16592357081106623,-1.4553153303832143,1.7871624720053467
59.625,peak,2.5625377247706634e-10,2.5582658167877525e-10,1.5593666127571269e-12,6.133756359881326e-13,0.1669845234564038,-1.6687177365745371,2.002686783487345
59.875,peak,2.56377926461937e-10,2.5602448772588105e-10,1.247777958521978e-12,5.230145712509728e-13,0.13804880118903906,-1.3258396581812795,1.6019372605593576
60.125,peak,2.562992654020491e-10,2.5558907282174916e-10,9.721705789712848e-13,3.7686066487128493e-13,0.2778650012143613,-0.8683612675153872,1.42409126994411
60.375,peak,2.5687683432806807e-10,2.5581478553249326e-10,1.0085414282735999e-12,4.160763623459623e-13,0.41516317884600085,-0.7696222485248859,1.5999486062168875
60.625,peak,2.564114129199879e-10,2.5551527187417376e-10,1.137221664514979e-12,5.082502140019928e-13,0.350719171985725,-0.9832914571001593,1.6847298010716092
60.875,peak,2.556262404596055e-10,2.552560977164831e-10,1.3738078309349146e-12,4.09669725674277e-13,0.14500838429862828,-1.499722758571675,1.7897395271689316
61.125,peak,2.5558308493600636e-10,2.5516495156807647e-10,1.4420160078683262e-12,4.559382810666337e-13,0.16386786874933446,-1.557590467283652,1.885326204782321
61.375,peak,2.5504175823698463e-10,2.5488549795227303e-10,1.3746032051705247e-12,4.273179209645756e-13,0.06130607114449571,-1.5830995867150182,1.7057117290040096
61.625,peak,2.550629494635359e-10,2.5449092390772424e-10,1.287198065814556e-12,4.0658954730178463e-13,0.22477247794465693,-1.3159676824556685,1.7655126383449824
61.875,peak,2.5486545723651945e-10,2.5340280558339147e-10,1.2724242531581438e-12,1.0556407644534132e-13,0.5772042064651206,-1.013980365528067,2.1683887784583082
62.125,peak,2.54854202239585e-10,2.5347735459035906e-10,1.261854948848705e-12,4.5318721876400964e-13,0.5431836904921994,-0.9624963277873124,2.048863708771711
62.375,peak,2.5497547881059287e-10,2.5359291726090305e-10,1.3102188829125795e-12,4.190362456257765e-13,0.5451893391278828,-1.027307544034588,2.1176862222903536
62.625,peak,2.5514291905892607e-10,2.534622399252839e-10,1.2785776591732479e-12,4.897389269772706e-13,0.6630885666194741,-0.8576370412512052,2.1838141744901534
62.875,peak,2.5455365857851574e-10,2.537429077165143e-10,1.3781075187023703e-12,5.107656225272639e-13,0.3195166593216614,-1.3206960474874054,1.9597293661307282
63.125,peak,2.5442672495046285e-10,2.5346952156724e-10,1.2756176985573736e-12,7.719430851655865e-13,0.3776404268664324,-1.1407495102855814,1.8960303640184462
63.375,peak,2.5483581111984675e-10,2.534570978696138e-10,1.34395243057561e-12,5.832262702312048e-13,0.5439631645045573,-1.0466020503493605,2.134528379358475
63.625,peak,2.5465077101216597e-10,2.5289787572546627e-10,1.2283175640249696e-12,4.884900440974196e-13,0.6931237685058989,-0.7685515261355436,2.1547990631473413
63.875,peak,2.543453240377858e-10,2.5269554043916285e-10,1.1108936483432928e-12,4.648040655699539e-13,0.6528740458797699,-0.6674272990420903,1.9731753908016303
64.125,peak,2.5404527264072384e-10,2.5277871714024515e-10,1.3307678972342315e-12,6.292278256479522e-13,0.5010530612733488,-1.0751315713352887,2.0772376938819863
64.375,peak,2.5392406541868693e-10,2.5259888843720545e-10,1.093005643963847e-12,4.641617715052712e-13,0.5246171072565531,-0.7742863502567704,1.8235205647698767
64.625,peak,2.538872149671079e-10,2.52728705163463e-10,1.0407977732571354e-12,4.897118122848314e-13,0.45840056154109465,-0.7746677498848322,1.6914688729670218
64.875,peak,2.538486410230689e-10,2.51892136020615e-10,1.3009095502286168e-12,4.5421394085157857e-13,0.7767233361718917,-0.7874604593075787,2.340907131651362
65.125,peak,2.541799119626376e-10,2.5154210447908555e-10,1.1446293640839309e-12,2.5511615880152976e-13,1.0486544544956455,-0.36151481035029825,2.458823719341589
65.375,peak,2.529106097881595e-10,2.5116103074651616e-10,1.4589234833473265e-12,1.491452823763411e-13,0.6965965366693805,-1.1401381908622314,2.5333312642009926
65.625,peak,2.524386547975155e-10,2.5125724732788513e-10,1.1572833908917033e-12,2.771440334378643e-13,0.47019836529875736,-0.9529481686191136,1.8933448992166286
65.875,peak,2.520726343391289e-10,2.5154294462481634e-10,1.184730899891889e-12,1.6733406317653666e-13,0.2105762557175206,-1.2707990026889127,1.6919515141239536
66.125,peak,2.51946116804902e-10,2.508982231574919e-10,1.320166482448718e-12,3.4689338838403023e-13,0.41765686270018865,-1.2008362218241728,2.0361499472245503
66.375,peak,2.521498140595213e-10,2.5075588951040117e-10,1.2263408761132721e-12,4.655468410852866e-13,0.5558890568200692,-0.9191575850685536,2.030935698708692
66.625,peak,2.522251509162743e-10,2.507039971533231e-10,1.3987042011893836e-12,3.645943556157418e-13,0.606752895934437,-1.1098861522369163,2.3233919441057904
66.875,peak,2.517312850613962e-10,2.5080932005039355e-10,1.4491728964877092e-12,3.9965738526216134e-13,0.36759599317017777,-1.4053082632875276,2.140500249627883
67.125,peak,2.516202778224397e-10,2.505744475911342e-10,1.4579272080130277e-12,5.799423237853274e-13,0.41737305673401615,-1.333812548240621,2.168558661708653
67.375,peak,2.5159754159176375e-10,2.5036204306161376e-10,1.6316450811929773e-12,5.097268080337599e-13,0.49348476112489603,-1.4926721441001611,2.479641666349953
67.625,peak,2.512336743620836e-10,2.502961967820738e-10,1.5861824532366552e-12,5.122720088811204e-13,0.37454727321568626,-1.5533740672990082,2.3024686137303805
67.875,peak,2.513641470613948e-10,2.503068765236094e-10,1.3178282306250326e-12,7.647154005349344e-13,0.4223897291474099,-1.1610627560309525,2.0058422143257726
68.125,peak,2.507977524146554e-10,2.5024520823535565e-10,1.2075945406366577e-12,7.670862137619723e-13,0.22080110272484355,-1.242041577734408,1.6836437831840954
68.375,peak,2.510151534806937e-10,2.503459722902335e-10,1.0674674144145936e-12,7.523960684868053e-13,0.2673025590699041,-1.0456289304828794,1.5802340486226876
68.625,peak,2.509519276827632e-10,2.503897894712281e-10,1.0815452010987435e-12,7.400407697196352e-13,0.22450524549031403,-1.0985062682369973,1.5475167592176253
68.875,peak,2.507809733742761e-10,2.5003330847539475e-10,1.0481725342193934e-12,5.526257236965159e-13,0.2990261191360144,-0.9565912835140347,1.5546435217860635
69.125,peak,2.5080036948565976e-10,2.497253399269539e-10,1.355919261440567e-12,3.1464702676287605e-13,0.43048477139737695,-1.2496075832701725,2.1105771260649266
69.375,peak,2.508802924694464e-10,2.495228727639187e-10,9.331562000234063e-13,2.6388753463497356e-13,0.5440061227621307,-0.601868061094421,1.6898803066186825
69.625,peak,2.5036096189978704e-10,2.4984605602185186e-10,1.0848547602274244e-12,3.7944710646915087e-13,0.2060892559737404,-1.1092720362664756,1.5214505482139564
69.875,peak,2.503528173747327e-10,2.4975336373245225e-10,1.4255582526590612e-12,5.277532233288143e-13,0.24001824572925656,-1.483940318259061,1.963976809717574
70.125,peak,2.50349958150764e-10,2.4933983013397664e-10,1.2949728750897767e-12,5.898121993250544e-13,0.4051210014238915,-1.150841370796822,1.9610833736446052
70.375,peak,2.4990036422423146e-10,2.4954659693321447e-10,1.3030244179164469e-12,4.575502276852819e-13,0.14176402137500155,-1.4397414197494875,1.7232694624994906
70.625,peak,2.5009608066284273e-10,2.49427992002893e-10,1.4605816850824693e-12,5.201337757958832e-13,0.26784830948003435,-1.5042922904157443,2.039988909375813
70.875,peak,2.502720917618717e-10,2.4916777874750547e-10,1.3190834240360842e-12,4.829042578604668e-13,0.44320056947864117,-1.1564888150405916,2.0428899539978738
71.125,peak,2.4952929834398674e-10,2.4899242475839857e-10,1.399117279392405e-12,4.186284634094095e-13,0.21561844144821762,-1.501169064358894,1.9324059472553292
71.375,peak,2.494158127319679e-10,2.4894872126424164e-10,1.7571738179885641e-12,5.170726714311949e-13,0.18762557419624848,-1.970879280848766,2.346130429241263
71.625,peak,2.496242848337715e-10,2.4902272002691465e-10,1.5229874820545298e-12,5.328923064671686e-13,0.2415702498116845,-1.6110498819228363,2.0941903815462055
71.875,peak,2.499169397651713e-10,2.495201408692082e-10,1.4497477200837914e-12,5.748647855904098e-13,0.1590247963875191,-1.5901392239499816,1.9081888167250198
72.125,peak,2.497657760613947e-10,2.491287432349054e-10,1.4421363318579895e-12,3.217270341868779e-13,0.2557042668852594,-1.538737360064079,2.0501458938345976
72.375,peak,2.4957849518614236e-10,2.491782095148665e-10,1.315313848072243e-12,2.98724362242602e-13,0.16064232584993565,-1.4744708082480136,1.7957554599478849
72.625,peak,2.492696035005793e-10,2.494555133125687e-10,1.3419648942829572e-12,1.57411415637555e-13,-0.07452623897570287,-1.772485504910833,1.6234330269594273
72.875,peak,2.491285454198078e-10,2.489089831669844e-10,1.378913582695714e-12,1.680730484212716e-13,0.08820985487538735,-1.6591954456598592,1.835615155410634
73.125,peak,2.4900249286474716e-10,2.4887089239200577e-10,1.3167320334867785e-12,4.880727266124534e-13,0.05287901348225432,-1.545170225235777,1.6509282522002857
73.375,peak,2.4839735033310716e-10,2.485934476226248e-10,1.5136405916104214e-12,5.392431797140578e-13,-0.07888272655331985,-1.9218635161499944,1.7640980630433547
73.625,peak,2.492432190592808e-10,2.4866812850632417e-10,1.8380281645569883e-12,4.362779302311852e-13,0.2312682998062643,-2.0537338651157766,2.516270464728305
73.875,peak,2.491044608632365e-10,2.488928419097647e-10,1.3855558519516988e-12,3.3527050843514777e-13,0.08502412196671472,-1.6344977362902358,1.8045459802236652
74.125,peak,2.489350686118996e-10,2.487773701886908e-10,1.6460432665175716e-12,3.6199204249330845e-13,0.0633893762479909,-1.9890818923822957,2.1158606448782775
74.375,peak,2.487681808815978e-10,2.481791852915194e-10,1.606719871797579e-12,2.363617062454978e-13,0.23732674816647759,-1.797049843970278,2.271703340303233
74.625,peak,2.483484320237039e-10,2.480394186932244e-10,1.4944419480699216e-12,3.474354518385164e-13,0.12458234747827479,-1.739837117215656,1.9890018121722055
74.875,peak,2.4807811087157456e-10,2.4801397557894235e-10,1.5769124881933411e-12,2.194763187154104e-13,0.02585954782690081,-1.9746619701154748,2.0263810657692765
75.125,peak,2.475236215104814e-10,2.484821243342594e-10,1.7659944705144273e-12,7.308874499245517e-13,-0.38574317019626214,-2.521978875494474,1.75049253510195
75.375,peak,2.4706633212190355e-10,2.480435580309859e-10,1.8636027457748477e-12,8.084496453161684e-13,-0.3939735088625995,-2.648382536425619,1.8604355187004196
75.625,peak,2.471432958373043e-10,2.4773132963673563e-10,1.5778035088732014e-12,4.315703618517864e-13,-0.23736755471889248,-2.1930743077641446,1.7183391983263594
75.875,peak,2.4703759549993265e-10,2.4782710625004257e-10,1.8327289274389943e-12,5.346113682931946e-13,-0.31857320293017244,-2.581764938589744,1.9446185327293988
76.125,peak,2.469992170972546e-10,2.473312520123727e-10,1.985159740626255e-12,4.034738026565014e-13,-0.13424705224938105,-2.632103381235607,2.363609276736845
76.375,peak,2.4700524591025893e-10,2.4707282932467935e-10,2.1007825812455676e-12,5.540449151214265e-13,-0.02735364086984271,-2.6428412642717585,2.588133982532073
76.625,peak,2.463428245391697e-10,2.471815844273806e-10,2.101079823383328e-12,6.913817778092978e-13,-0.3393294408052139,-2.9236153549174566,2.244956473307029
76.875,peak,2.464298779614182e-10,2.469447395014868e-10,2.1186958735329902e-12,6.810496638895427e-13,-0.20849261300642796,-2.820115808064986,2.40313058205213
77.125,peak,2.465161617237755e-10,2.4728483708713615e-10,2.0370685369587915e-12,6.613098868892851e-13,-0.31084613695493424,-2.817176863238804,2.1954845893289354
77.375,peak,2.46337340286118e-10,2.466998614636395e-10,2.1581248268243667e-12,8.322080620913967e-13,-0.14694826959802398,-2.7843289302401004,2.4904323910440525
77.625,peak,2.464360875364946e-10,2.4657077460688014e-10,2.223237210603944e-12,7.708964950919981e-13,-0.05462410157905939,-2.787707513224292,2.6784593100661733
77.875,peak,2.4635670229145035e-10,2.464518524902815e-10,2.367399363618226e-12,8.467801703343483e-13,-0.038608027438091774,-2.945483370726547,2.8682673158503635
78.125,peak,2.4655250399518993e-10,2.465180159560987e-10,2.3644939230543864e-12,6.263171255010421e-13,0.013990068416491752,-2.9357318833079917,2.9637120201409752
78.375,peak,2.4674025553395043e-10,2.4614071207906817e-10,2.4053177738487823e-12,5.378742098339327e-13,0.2435775251554695,-2.785385696604318,3.272540746915257
78.625,peak,2.469513674441259e-10,2.463821203946282e-10,2.307218247342052e-12,7.624959418499194e-13,0.23104235347353175,-2.6144334599232066,3.07651816687027
78.875,peak,2.4679616558387355e-10,2.471179720942018e-10,2.5470078930798955e-12,1.0241676852878476e-12,-0.13022383908427582,-3.231623928189805,2.9711762500212533
79.125,peak,2.4739798959672043e-10,2.4682021035005165e-10,2.6363987325269147e-12,1.0882947543508373e-12,0.2340891152508684,-2.976042518074473,3.44422074857621
79.375,peak,2.4778757165222484e-10,2.4662373107275926e-10,2.4574679571121228e-12,9.659372372166259e-13,0.47190940401522496,-2.528684218685889,3.472503026716339
79.625,peak,2.475214455444075e-10,2.4696612058505705e-10,2.1774767755213963e-12,8.90373915207465e-13,0.22485876120776904,-2.425935262769992,2.87565278518553
79.875,peak,2.478296255503664e-10,2.467954118401394e-10,2.030997514511309e-12,1.170578384026976e-12,0.4190571058496406,-2.05496404074557,2.8930782524448513
80.125,peak,2.4738124011491893e-10,2.464114891154168e-10,2.044600036226021e-12,1.1709227906624135e-12,0.3935494253873628,-2.0999281379001804,2.887026988674906
80.375,peak,2.4747807856329014e-10,2.4676768134668237e-10,2.1719052333577043e-12,1.2592660542999218e-12,0.2878809788749104,-2.358854260997012,2.9346162187468328
80.625,peak,2.4766576984802667e-10,2.4548896590204096e-10,2.288555557710226e-12,1.0982743683224688e-12,0.8867217057952459,-1.9038648507840477,3.6773082623745394
80.875,peak,2.4817215035000115e-10,2.457900177432748e-10,2.3841884517857606e-12,1.2048162114666326e-12,0.9691738617369161,-1.934571529191338,3.8729192526651706
81.125,peak,2.4812461333567626e-10,2.4640202923364993e-10,1.8411693207329875e-12,1.1464311137108697e-12,0.6990949333428143,-1.5622372570433,2.9604271237289286
81.375,peak,2.479954844147869e-10,2.462046688833652e-10,1.846577185211894e-12,8.312787736144482e-13,0.7273686317744277,-1.5200521801008018,2.9747894436496574
81.625,peak,2.480696537077165e-10,2.461988469804055e-10,1.7090175372547467e-12,1.054272540188688e-12,0.7598763155295618,-1.338993924077747,2.8587465551368707
81.875,peak,2.481480237292999e-10,2.456053402966063e-10,1.8641964732284793e-12,1.0211132869536516e-12,1.0352720464558596,-1.2413595406047382,3.3119036335164576
82.125,peak,2.4821991473800153e-10,2.454555351505405e-10,1.8338508292968466e-12,7.666911063638646e-13,1.126224179774793,-1.1172804563463468,3.3697288158959324
82.375,peak,2.478566318586673e-10,2.453146203151846e-10,1.8502529675952244e-12,1.1697314998311063e-12,1.0362250485587143,-1.251048519696631,3.3234986168140592
82.625,peak,2.4785507434899044e-10,2.455279798141419e-10,2.1051940347606175e-12,9.333886231255957e-13,0.9477919936498047,-1.6222796695074846,3.517863656807094
82.875,peak,2.474820303177694e-10,2.455212074892188e-10,1.7581402016074009e-12,5.690254908303428e-13,0.7986368463248628,-1.3790884513747275,2.9763621440244528
83.125,peak,2.4772288156782454e-10,2.452835769872763e-10,1.6102916233030522e-12,5.5948946282263e-13,0.9944834507508826,-0.9941499195030443,2.9831168210048093
83.375,peak,2.4804058966765294e-10,2.451384352752939e-10,1.627614108050192e-12,5.719111965466024e-13,1.183883869169633,-0.8259297378937859,3.193697476233052
83.625,peak,2.4801356062198465e-10,2.454005675645021e-10,1.4321732093344284e-12,7.066624911069322e-13,1.0647868843236319,-0.682037179474896,2.81161094812216
83.875,peak,2.481673413967655e-10,2.456066204103991e-10,1.484735168455374e-12,8.104103829456835e-13,1.0426107334108536,-0.770348408371795,2.855569875193502
84.125,peak,2.4744724555603173e-10,2.4555060576858526e-10,1.6427127914334694e-12,8.663013355543715e-13,0.7724028134688865,-1.2315737055535922,2.7763793324913655
84.375,peak,2.473037920935894e-10,2.4560014139751726e-10,1.5489330541415004e-12,8.334156513056546e-13,0.6936684508315194,-1.1965374938684277,2.5838743955314665
84.625,peak,2.473495260346681e-10,2.4560021643083023e-10,2.011878445944071e-12,5.639184870298362e-13,0.7122589830170334,-1.7986552155581634,3.22317318159223
84.875,peak,2.4653409354868925e-10,2.457313530612737e-10,2.016613757232692e-12,1.6006459249580949e-13,0.32667401917385597,-2.274829211153738,2.92817724950145
85.125,peak,2.472035612299805e-10,2.4596288653810913e-10,2.041221224494023e-12,5.320114228199682e-13,0.5044154056466521,-2.0492252954555625,3.0580561067488667
85.375,peak,2.46842646447476e-10,2.4615361667201796e-10,2.044913791260125e-12,7.377811721107164e-13,0.27991860723952655,-2.2324720974095835,2.7923093118886366
85.625,peak,2.4649682586641575e-10,2.4555000663895045e-10,2.0734435478624067e-12,1.0776686901793225e-12,0.38559120418084625,-2.1428963192196537,2.9140787275813462
85.875,peak,2.4702078462723873e-10,2.4508203182449505e-10,1.9787858247734538e-12,5.660730203152189e-13,0.7910628079548676,-1.6809786757605447,3.2631042916702797
86.125,peak,2.467962860919215e-10,2.449150326810923e-10,2.0663021025429723e-12,4.962671928335524e-13,0.7681249248913113,-1.8379582837906485,3.3742081335732714
86.375,peak,2.4659713972141615e-10,2.448282509703859e-10,2.302335329063167e-12,3.3316575522191427e-13,0.722501894294969,-2.2333331585431293,3.678336947133068
86.625,peak,2.468187051363202e-10,2.456207391787757e-10,2.4684598180114096e-12,3.047500066543752e-13,0.48772997001387264,-2.6813543247506204,3.6568142647783657
86.875,peak,2.47008217684197e-10,2.452587830248376e-10,2.1566571452728932e-12,6.172703423120624e-13,0.7133015330921921,-1.9790459846413637,3.405649050825748
87.125,peak,2.467385479576478e-10,2.448314114644745e-10,2.0375619052314153e-12,6.346371200297295e-13,0.7789590730068685,-1.7573583470417993,3.3152764930555363
87.375,peak,2.467405204242823e-10,2.452916271522554e-10,2.0216389059690868e-12,7.070979080671781e-13,0.5906819115059081,-1.9055117514795545,3.086875574491371
87.625,peak,2.4722143052713363e-10,2.4493367391187346e-10,1.9936512104478004e-12,8.176877905819891e-13,0.9340310700125753,-1.5121254420476133,3.380187582072764
87.875,peak,2.473887172982359e-10,2.4511769538548834e-10,1.9742822586804277e-12,9.521303635970238e-13,0.9265026375088858,-1.4844335189867413,3.337438794004513
88.125,peak,2.471319942287664e-10,2.454574769217288e-10,1.9017358322416362e-12,8.657165052100951e-13,0.6822026071634291,-1.6388408524165967,3.003246066743455
88.375,peak,2.4750863190092785e-10,2.4588011683590594e-10,2.289434545187707e-12,9.531375316101143e-13,0.662320762645785,-2.1346161675826436,3.459257692874214
88.625,peak,2.4739380705796064e-10,2.4617950316496716e-10,1.982814646291941e-12,1.0215787292540718e-12,0.4932595432934006,-1.9182367590255502,2.9047558456123515
88.875,peak,2.479174634117953e-10,2.4595206355115806e-10,1.997626971885882e-12,9.72727873597896e-13,0.79909874804871,-1.6319787457061843,3.230176241803604
89.125,peak,2.485896732196125e-10,2.4579073283348406e-10,1.879468559194448e-12,1.0658080079262934e-12,1.1387493555440997,-1.1588064644446556,3.4363051755328557
89.375,peak,2.484599849594815e-10,2.457259631682973e-10,2.173538102216582e-12,1.1983442502497511e-12,1.112630409881299,-1.5412977107095154,3.766558530472113
89.625,peak,2.4850766067174843e-10,2.45571264940736e-10,2.4886761692272205e-12,1.3279365593001515e-12,1.1957407686608246,-1.8413001269205018,4.232781664242151
89.875,peak,2.4871391360647977e-10,2.4587422103650165e-10,2.107093542906011e-12,1.429582030655033e-12,1.1549370885679533,-1.4702505049530707,3.780124682088977
90.125,peak,2.487176561771775e-10,2.462186682805623e-10,1.936337830987824e-12,1.4352367039722196e-12,1.014946557085472,-1.4359589417863887,3.465852055957333
90.375,peak,2.4802391521916435e-10,2.4664790771566915e-10,1.849740764469245e-12,1.4260805970982472e-12,0.5578833067100053,-1.7994649763128616,2.915231589732872
90.625,peak,2.484651440681773e-10,2.466056230332469e-10,2.1244424352763862e-12,1.6711833733970878e-12,0.7540464860688489,-1.9700714808368116,3.4781644529745095
90.875,peak,2.485035201971187e-10,2.4702252289898753e-10,2.105122434522581e-12,1.5943712128133751e-12,0.599539378333036,-2.0674361810486457,3.266514937714718
91.125,peak,2.484521405676787e-10,2.471779225743376e-10,1.7208868659029126e-12,1.5197752117504139e-12,0.5155063931560955,-1.7702257167196818,2.8012385030318727
91.375,peak,2.4909857756938434e-10,2.4718052145544787e-10,1.4993249164319632e-12,1.6490079431085635e-12,0.7759738116266623,-1.4453495958910891,2.997297219144414
91.625,peak,2.4866575813575763e-10,2.4722316993575077e-10,1.7608698531496058e-12,2.0247437635905272e-12,0.5835165855942126,-2.0946978194772536,3.261730990665679
91.875,peak,2.486502648935129e-10,2.4733546069910517e-10,1.8534693532755922e-12,1.61373630289728e-12,0.5315874200534587,-1.9156541548919974,2.978828994998915
92.125,peak,2.486250571109849e-10,2.4720553142287826e-10,1.6840928664279503e-12,1.7430874061385012e-12,0.5742289340922468,-1.8329353506180681,2.9813932188025616
92.375,peak,2.489560722551687e-10,2.4711091555218445e-10,1.6703697423985825e-12,1.5663649184822918e-12,0.7466917027364683,-1.5305012937119473,3.023884699184884
92.625,peak,2.491646853286511e-10,2.4768287971710374e-10,1.7384824051956626e-12,1.849521840705302e-12,0.5982672735555417,-1.9201698580236441,3.1167044051347275
92.875,peak,2.4976665258691356e-10,2.4753285288170447e-10,1.6936587691872905e-12,1.5585273277766596e-12,0.9024255484489707,-1.3852548036965475,3.190105900594489
93.125,peak,2.503252358110331e-10,2.4736174282224963e-10,1.3334960972899593e-12,1.6351568841362576e-12,1.19804014758782,-0.9274367112091693,3.323517006384809
93.375,peak,2.5096159902204817e-10,2.4777264343356364e-10,1.4597169151103146e-12,1.5383266699737536e-12,1.2870491044906673,-0.8236402487628827,3.3977384577442176
93.625,peak,2.5094945499404275e-10,2.4844963604664376e-10,1.639922350587205e-12,1.591150540114889e-12,1.0061672808929556,-1.2554715640763996,3.26780612586231
93.875,peak,2.5084399680963543e-10,2.48322890001873e-10,1.8247776245880815e-12,1.4952313798065224e-12,1.0152534902212906,-1.3387890837933865,3.3692960642359675
94.125,peak,2.508245881926996e-10,2.48494660581855e-10,2.0218604060963735e-12,1.6788433758936896e-12,0.9376167702714433,-1.6794526431132126,3.5546861836560995
94.375,peak,2.5093976091739027e-10,2.4825767923175594e-10,2.3326741410781276e-12,1.452512572325175e-12,1.0803620230134037,-1.764378653664022,3.925102699690829
94.625,peak,2.5117935479102013e-10,2.4840671358106195e-10,2.2043560293893235e-12,1.493689672890598e-12,1.1161699979792994,-1.6014620325815736,3.8338020285401724
94.875,peak,2.518382598282187e-10,2.4874161681509583e-10,2.2735007540140854e-12,1.8529871219929094e-12,1.2449235687909788,-1.6802006272817964,4.170047764863754
95.125,peak,2.515876565212238e-10,2.489317398612911e-10,2.265845659349919e-12,1.9710870174053314e-12,1.0669256806756122,-1.9105543480856553,4.044405709436879
95.375,peak,2.517332927709503e-10,2.487813844709308e-10,2.022557062680466e-12,2.1535769439611284e-12,1.1865470988905225,-1.7416067754044158,4.11470097318546
95.625,peak,2.51489387892434e-10,2.4903672851905865e-10,1.991768620623288e-12,2.04675640130675e-12,0.9848584937493188,-1.8364054200524698,3.8061224075511073
95.875,peak,2.521713201986131e-10,2.5048439511010656e-10,1.908985738347101e-12,2.1367834142115006e-12,0.6734651425151617,-2.1457389524839305,3.492669237514254
96.125,peak,2.524717911001062e-10,2.5062786107810096e-10,2.039816220079181e-12,1.9157490290140426e-12,0.7357242782479956,-2.007849448605168,3.479298005101159
96.375,peak,2.524353942590096e-10,2.512484729777498e-10,2.030533346568746e-12,1.6164945336842808e-12,0.4724093512659566,-2.0898181034277563,3.0346368059596696
96.625,peak,2.5292434543189303e-10,2.5048331735888494e-10,2.1244709612913666e-12,2.1630153316920668e-12,0.9745272055426524,-2.0024767437897464,3.9515311548750516
96.875,peak,2.5266039415328126e-10,2.5080115278797163e-10,2.358220795429645e-12,2.111403511279509e-12,0.7413209008977129,-2.365045407663504,3.8476872094589303
97.125,peak,2.53179294986694e-10,2.506864575479995e-10,2.28130185151874e-12,1.495992226604421e-12,0.9944045095523935,-1.7781577607797683,3.7669667798845548
97.375,peak,2.5371900619575176e-10,2.506576856831089e-10,2.2053804209367986e-12,1.2469882200099848e-12,1.2213152388684811,-1.4219901360788898,3.8646206138158523
97.625,peak,2.530171366288414e-10,2.513122831260261e-10,2.0486655240844733e-12,1.3666130510872077e-12,0.6783804920352132,-1.8102876646788113,3.1670486487492377
97.875,peak,2.5397643412361504e-10,2.52211732458818e-10,2.086523984670942e-12,1.1695946923620309e-12,0.6996905526927444,-1.783927466809269,3.183308572194758
98.125,peak,2.547210897319019e-10,2.52574809564976e-10,2.049519424350898e-12,1.3009237308743673e-12,0.849760184169801,-1.611645948678604,3.3111663170182064
98.375,peak,2.5531379264975837e-10,2.5306643578915096e-10,1.6992595845437384e-12,1.4952421077299653e-12,0.8880501492026571,-1.316499728316253,3.092600026721567
98.625,peak,2.556436822942487e-10,2.5343812126266133e-10,1.6307522249334778e-12,1.420099728319001e-12,0.8702562268845027,-1.2338548314188909,2.9743672851878964
98.875,peak,2.5576413918315665e-10,2.539764204811945e-10,1.4058403632026186e-12,1.2933814270699156e-12,0.703891604809237,-1.1451156691958693,2.552898878814343
99.125,peak,2.5561775942151144e-10,2.541840626690828e-10,1.839099826100944e-12,7.731355097967148e-13,0.5640388061210366,-1.6086312215568375,2.7367088337989105
99.375,peak,2.564217606959573e-10,2.539385445743392e-10,1.9362227225361932e-12,8.389281095514577e-13,0.9778807410984358,-1.3090976046098035,3.2648590868066747
99.625,peak,2.57061419688398e-10,2.551105842485413e-10,1.6182675399896118e-12,6.391237241813515e-13,0.76470188236335,-1.144827626377233,2.674231391103933
99.875,peak,2.572286587110284e-10,2.5491947440059445e-10,2.0095378637262164e-12,1.145861125526248e-12,0.9058485295655228,-1.4631804021217523,3.274877461252798
100.125,peak,2.574406198618817e-10,2.554088371198304e-10,2.2492447234712803e-12,1.318217010848294e-12,0.7955021310002808,-1.8555960353983034,3.4466002973988648
100.375,peak,2.5715181891428075e-10,2.555408525495295e-10,2.121100705151161e-12,1.1311681716498196e-12,0.6304144126775268,-1.856626457407192,3.1174552827622457
100.625,peak,2.5799878699217517e-10,2.557479206188873e-10,1.9368734787550724e-12,1.0751927764582396e-12,0.8801113095429969,-1.3926341096819888,3.1528567287679823
100.875,peak,2.580880072855507e-10,2.5657771516307547e-10,2.1892455491155614e-12,1.1644217333876714e-12,0.5886295002336173,-1.967726247058299,3.1449852475255335
101.125,peak,2.58871551750417e-10,2.574681684563984e-10,2.1673400093513373e-12,1.1669861387330258e-12,0.5450706013222062,-1.977818299423819,3.0679595020682315
101.375,peak,2.5897652335515885e-10,2.5760015319065133e-10,2.4437144898247593e-12,1.394625014101069e-12,0.534304870342539,-2.316122744577711,3.3847324852627896
101.625,peak,2.5967448891606184e-10,2.5781697331694886e-10,2.4451331943893857e-12,1.3781460358890103e-12,0.7204783979949392,-2.1275461107451954,3.5685029067350738
101.875,peak,2.6042368631351566e-10,2.5808910777413985e-10,2.529096031563385e-12,1.2586997012423539e-12,0.9045629858269066,-2.0285795917303586,3.8377055633841723
102.125,peak,2.6089684865837625e-10,2.580976388344425e-10,2.6236198539337253e-12,1.314498351117119e-12,1.0845546036666098,-1.958247226625201,4.127356433958421
102.375,peak,2.616812889755238e-10,2.58530945984603e-10,2.5185695662375607e-12,1.4466426472640148e-12,1.2185554727009107,-1.7109589291895613,4.148069874591383
102.625,peak,2.618379846808239e-10,2.592721773453377e-10,2.4211992825295684e-12,1.2538139670326153e-12,0.9896192340255183,-1.8067910542620307,3.7860295223130667
102.875,peak,2.6297876388525763e-10,2.6054262548314e-10,2.4570508733140726e-12,1.1958794968557896e-12,0.9350248918387871,-1.8877033034745732,3.757753087152148
103.125,peak,2.6363535880591375e-10,2.6011920908786124e-10,2.44017496567437e-12,9.367216866484826e-13,1.3517455056019534,-1.4750933647948727,4.1785843759987795
103.375,peak,2.640566333411698e-10,2.6129395678253785e-10,2.265851108796467e-12,8.311014584742018e-13,1.0573059525181394,-1.561964287775346,3.6765761928116243
103.625,peak,2.6467651423445204e-10,2.615176572362543e-10,2.2767708141703865e-12,8.950118088598906e-13,1.207894347013072,-1.4128709216643824,3.8286596156905266
103.875,peak,2.6451981852915195e-10,2.628277502481069e-10,1.6671292667537272e-12,1.188334700509131e-12,0.6437936174729542,-1.31494573110147,2.602532966047378
104.125,peak,2.6439694011060057e-10,2.63585028505986e-10,2.0657236348600816e-12,1.2004411991644652e-12,0.3080264494597973,-2.049079718315791,2.6651326172353857
104.375,peak,2.6545063292360283e-10,2.6396068051326435e-10,1.7700910324494304e-12,9.440076573652004e-13,0.564459982237242,-1.4447754728985966,2.5736954373730807
104.625,peak,2.6572292540549825e-10,2.642506194661109e-10,1.800996186256532e-12,1.2477211964111817e-12,0.5571627201336193,-1.5359625182696124,2.6502879585368513
104.875,peak,2.665149997937988e-10,2.6506283461458225e-10,2.1482357962534665e-12,1.2968708862017602e-12,0.5478569567582303,-1.8972300299963378,2.9929439435127985
105.125,peak,2.6742223553810614e-10,2.6574726462058606e-10,2.3148741845855775e-12,1.3309711387940586e-12,0.6302871715016423,-1.9883855689999688,3.2489599120032535
105.375,peak,2.680831300949649e-10,2.6637386099537255e-10,2.061793562513647e-12,1.3045535043544344e-12,0.6416804911732799,-1.7047564750372886,2.9881174573838485
105.625,peak,2.694230454380886e-10,2.6663502126211824e-10,2.279323102951796e-12,9.17019874161681e-13,1.045633151554215,-1.525317102669019,3.616583405777449
105.875,peak,2.6988394324689585e-10,2.6799819465850306e-10,2.3343851920636396e-12,9.990995585788103e-13,0.7036422729622016,-1.910230928759162,3.3175154746835647
106.125,peak,2.705960991988832e-10,2.684257924556732e-10,2.4918125798021865e-12,9.487257546022636e-13,0.8085313722482113,-1.9905979025571647,3.6076606470535872
106.375,peak,2.7111282861369544e-10,2.698485229757353e-10,2.7860428719634678e-12,7.710731133347383e-13,0.46852420165881536,-2.6986562122989914,3.635704615616622
106.625,peak,2.720467739436572e-10,2.7076570063400143e-10,2.5890938717581698e-12,2.721715710286747e-13,0.47312983389553587,-2.5494589150287843,3.495718582819856
106.875,peak,2.726229752170184e-10,2.7099321414425505e-10,2.1201412427656833e-12,3.689492188811432e-13,0.6014029088919459,-1.8457341810051282,3.04853999878902
107.125,peak,2.7308951075610825e-10,2.716470942232263e-10,2.3214263059789475e-12,4.531714673729013e-13,0.5309891265380617,-2.1318411725064825,3.193819425582606
107.375,peak,2.7389229671825887e-10,2.720591157867602e-10,2.2461793965440637e-12,2.4868468151681985e-13,0.6738171320587183,-1.9340625855428446,3.281696849660282
107.625,peak,2.7506336095939334e-10,2.726842740230495e-10,2.493126145496611e-12,4.963839647758182e-13,0.8724694318612336,-1.974010445167649,3.718949308890116
107.875,peak,2.7548695925361244e-10,2.733476640059962e-10,2.906258892832988e-12,3.2665660397096353e-13,0.7826279604018493,-2.574929168753785,4.140185089557484
108.125,peak,2.7640069220069564e-10,2.7395326583246065e-10,2.9515366937128323e-12,4.83708459939049e-13,0.8933736784622726,-2.4822373056049276,4.268984662529473
108.375,peak,2.7677861453412333e-10,2.7446678814158077e-10,3.0679600339240903e-12,8.020551736252287e-13,0.8422973169890602,-2.5961222099703654,4.280716843948486
108.625,peak,2.779267356345372e-10,2.746948257481563e-10,3.0736988030663256e-12,7.322445916513783e-13,1.1765456002232666,-2.2804863945071396,4.633577594953673
108.875,peak,2.7834497245748934e-10,2.7523188691702675e-10,3.1173208752601495e-12,1.07105657489756e-12,1.1310773527491325,-2.301576609004151,4.563731314502416
109.125,peak,2.7917437932956086e-10,2.758042774075875e-10,2.6792005411557546e-12,8.860097143054314e-13,1.2219179316762308,-1.7281383656667644,4.171974229019226
109.375,peak,2.79781924064082e-10,2.770850994693319e-10,2.596890304093064e-12,7.967571871935707e-13,0.9732838755728723,-1.8850560746443308,3.831623825790076
109.625,peak,2.8100348231419043e-10,2.78261940138691e-10,2.1758418935881705e-12,4.428280874192662e-13,0.9852379287419,-1.4470599168673812,3.417535774351181
109.875,peak,2.8225770392964476e-10,2.7947950457019035e-10,1.8684558600572043e-12,3.687531712496945e-13,0.9940619308478338,-1.087932497871982,3.0760563595676493
110.125,peak,2.83361896435963e-10,2.8028864448970125e-10,1.982501871156891e-12,2.6904476110627115e-13,1.0964596699438056,-1.1296807565852602,3.322600096472872
110.375,peak,2.8420042440302493e-10,2.813754304042959e-10,2.2101318960483864e-12,6.568811924795232e-13,1.0039945544178863,-1.3956863524562606,3.403675461292033
110.625,peak,2.8611615334739325e-10,2.8235899094397613e-10,2.4984925448738758e-12,7.760608734837425e-13,1.3306331740513322,-1.365689112212522,4.026955460315186
110.875,peak,2.8635000717258664e-10,2.834021745456994e-10,2.173531717533454e-12,1.0255961551901383e-12,1.04015878904693,-1.2559430565517968,3.3362606346456567
111.125,peak,2.866729084871622e-10,2.8443156907087536e-10,2.2965698896498623e-12,1.5335490424498237e-12,0.7880065576435058,-1.6777458775072758,3.2537589927942876
111.375,peak,2.876684175134869e-10,2.866454042305122e-10,2.240695136949129e-12,1.6664320519505652e-12,0.3568915698198394,-2.077480499787122,2.7912636394268007
111.625,peak,2.8866470188404494e-10,2.8697676725641945e-10,2.095866863977213e-12,1.4116068010218858e-12,0.5881781454863511,-1.6443935687400455,2.820749859712748
111.875,peak,2.8992101306357654e-10,2.881944533328351e-10,1.9027952422139864e-12,1.466043879462613e-12,0.5990954061657172,-1.4761553951037523,2.6743462074351867
112.125,peak,2.9094479600644263e-10,2.891489123157953e-10,2.5251472955733357e-12,1.5344795909117106e-12,0.6210930126847369,-2.0152897845055264,3.2574758098750003
112.375,peak,2.9265961074997904e-10,2.901470622873603e-10,2.8061163476243882e-12,1.0511952956979103e-12,0.865956885040009,-2.0524769165483936,3.784390686628411
112.625,peak,2.9457695745804816e-10,2.9119168289071236e-10,2.621054444409469e-12,1.1353214355537715e-12,1.1625588113401975,-1.5371199431175078,3.8622375657979027
112.875,peak,2.956428124889499e-10,2.923937188370473e-10,2.9424779655019174e-12,1.2055983647209853e-12,1.1112050097469073,-1.9130359050766366,4.135445924570451
113.125,peak,2.983147203394765e-10,2.941818900126236e-10,2.7552430125626008e-12,7.653401034846254e-13,1.4048554541122638,-1.4662744800635004,4.275985388288028
113.375,peak,2.9968451258355345e-10,2.95129444793929e-10,3.3550728575236812e-12,1.1136410978703972e-12,1.5434135325958387,-1.9076461690752222,4.994473234266899
113.625,peak,3.005166672664927e-10,2.9695426178477643e-10,2.8169298383646478e-12,1.0531911808157057e-12,1.1996478717985815,-1.662683505258794,4.061979248855957
113.875,peak,3.0249483870647963e-10,2.9778951329717527e-10,3.0353295448222568e-12,1.5539879812432153e-12,1.580084321038111,-1.4718962067306187,4.632064848806841
114.125,peak,3.040155797862099e-10,3.0042196385693384e-10,2.5144091703472734e-12,1.6370184028343238e-12,1.1961894806690632,-1.3519319985619713,3.7443109599000977
114.375,peak,3.059776406644232e-10,3.02213594522982e-10,2.0935478880464963e-12,1.7153561882231924e-12,1.2454919995847247,-0.9752464644283372,3.4662304635977867
114.625,peak,3.075785446071677e-10,3.044864945422887e-10,2.1100205827315468e-12,1.8419142796751536e-12,1.0154966214600325,-1.253852300428741,3.284845543348806
114.875,peak,3.099041180121276e-10,3.0686761419929095e-10,2.382894300553893e-12,1.6986264984029384e-12,0.9895158929559278,-1.410056276914795,3.3890880628266506
115.125,peak,3.1189424817057443e-10,3.0881489806233733e-10,2.8543503144247496e-12,1.483181762560448e-12,0.9971507616888031,-1.7708322589714807,3.7651337823490865
115.375,peak,3.142509001463622e-10,3.10016797584467e-10,2.3071100513816908e-12,1.8254286578614674e-12,1.3657655310569394,-0.9954432209831905,3.726974283097069
115.625,peak,3.1599024509887385e-10,3.1203682624436627e-10,1.96794486755713e-12,1.6164077154646408e-12,1.2669718834441346,-0.7565528918579666,3.290496658746236
115.875,peak,3.1815281886338196e-10,3.1383425948661174e-10,1.7441242373265963e-12,2.1226675430151598e-12,1.3760637171463586,-0.8062501381979618,3.5583775724906785
116.125,peak,3.2067447136796545e-10,3.1613785722584e-10,1.5056019979839249e-12,1.8950479927173356e-12,1.4350113529379094,-0.48146358333443634,3.3514862892102553
116.375,peak,3.2297706184181156e-10,3.195553108525928e-10,1.3502001313371392e-12,2.17968145115366e-12,1.0707852046299315,-1.0108708461952096,3.1524412554550727
116.625,peak,3.247012818974326e-10,3.226750868634553e-10,5.409816731012602e-13,2.499204647195104e-12,0.6279366199829051,-1.7920405328612135,3.0479137728270236
116.875,peak,3.289087339908292e-10,3.25796945617185e-10,9.542893471995402e-13,2.5012224696913086e-12,0.9551312298982095,-1.3836643853340103,3.2939268451304295
117.125,peak,3.321232975395106e-10,3.2782748803583676e-10,1.5134431871604093e-12,2.301231438247569e-12,1.310387219025455,-0.8505191108269666,3.4712935488778767
117.375,peak,3.365580187164596e-10,3.315977346574073e-10,8.663919517855533e-13,2.4922510702625543e-12,1.4958739281428102,-0.8178550951975828,3.809602951483203
117.625,peak,3.4047575127260645e-10,3.350371503074712e-10,1.1570567081106475e-12,2.5235755818330025e-12,1.6232829583657127,-0.6706580787798896,3.917223995511315
117.875,peak,3.4339836474828194e-10,3.387690912859398e-10,1.7523466645047986e-12,3.066141978335642e-12,1.366498178676756,-1.3876328021247557,4.120629159478267
118.125,peak,3.4599539048940636e-10,3.423912335165369e-10,2.4707025240926085e-12,3.272781236415256e-12,1.0526428892039252,-1.9560918972173338,4.0613776756251845
118.375,peak,3.5002221466129414e-10,3.4615134381965616e-10,2.563067059570505e-12,3.1079598888032565e-12,1.1182596603336314,-1.776778395648811,4.013297716316074
118.625,peak,3.530469530232949e-10,3.5072778246103554e-10,2.6677882180185113e-12,3.505306686442421e-12,0.6612451816579323,-2.481313255130172,3.803803618446037
118.875,peak,3.575137338884815e-10,3.5482612474879725e-10,2.5084528899494724e-12,3.3374314471591446e-12,0.7574439851594894,-2.193555375822513,3.708443346141492
119.125,peak,3.6225375652065854e-10,3.6064080404685227e-10,2.3626346645192887e-12,3.709003518997383e-12,0.44724625048160327,-2.6829515404443143,3.577444041407521
119.375,peak,3.6733998058480207e-10,3.6602872796720474e-10,2.675478519678201e-12,3.4074198970302645e-12,0.35823762382793944,-2.585546994970239,3.3020222426261183
119.625,peak,3.7327367408579454e-10,3.7103665363247273e-10,3.2454874449395286e-12,3.332552782802286e-12,0.602910906893217,-2.475140248978197,3.680962062764631
119.875,peak,3.7935692262180965e-10,3.773150478991738e-10,4.01901913155256e-12,2.451809537699401e-12,0.5411591013940953,-2.6753360232285237,3.7576542260167143
120.125,peak,3.8539026036232824e-10,3.8400041376007726e-10,2.8793951939246453e-12,2.683937015944362e-12,0.3619388293470305,-2.1532597213670646,2.8771373800611255
120.375,peak,3.9084347918105775e-10,3.9126081446738684e-10,2.6021022740556724e-12,2.6317298437952532e-12,-0.10666421754941258,-2.4200099605481125,2.2066815254492873
120.625,peak,3.977904134444543e-10,3.9916939385875594e-10,3.090454009149352e-12,2.8871182348496327e-12,-0.345462461681012,-2.937013884063685,2.2460889607016608
120.875,peak,4.0437970255879917e-10,4.0676355183677517e-10,2.4597213854535608e-12,3.1992529962623596e-12,-0.5860528228774475,-3.0422821888690494,1.8701765431141544
121.125,peak,4.1347946989844783e-10,4.1350018818775423e-10,2.3215705139046473e-12,3.0886866301654266e-12,-0.0050104667176142925,-2.3349253885421457,2.324904455106917
121.375,peak,4.205198092677165e-10,4.2238063542754394e-10,2.4729360965147407e-12,4.3446928468033066e-12,-0.4405566931220406,-3.5170470667309632,2.635933680486882
121.625,peak,4.2973398194590116e-10,4.3100832499476377e-10,3.1343971678126895e-12,5.398134236883498e-12,-0.29566553009807706,-4.051212455195618,3.4598813949994636
121.875,peak,4.3658423237502567e-10,4.378299536256236e-10,3.1038881967648334e-12,5.136374237480638e-12,-0.2845217053520921,-3.8132195394603907,3.2441761287562065
122.125,peak,4.448453182703816e-10,4.432348509908479e-10,3.733997593999454e-12,4.616682149282623e-12,0.3633440095997642,-2.9581322203318448,3.684820239531373
122.375,peak,4.51571756912017e-10,4.487043634071597e-10,3.0739254424370507e-12,4.162039494080665e-12,0.6390384713632624,-2.257175412218341,3.535252354944866
122.625,peak,4.579648361868749e-10,4.553074472823937e-10,3.873168320273827e-12,4.230966135016298e-12,0.5836471422425493,-2.515453522316706,3.6827478068018045
122.875,peak,4.6365610160137294e-10,4.6213781843107426e-10,3.654380245029538e-12,4.362823854722498e-12,0.328534716213702,-2.714079254161136,3.3711486865885405
123.125,peak,4.668687347475498e-10,4.657411523112387e-10,3.200641367155263e-12,4.489284088034242e-12,0.2421049612462589,-2.736630593283239,3.2208405157757567
123.375,peak,4.706701952272852e-10,4.703476679424057e-10,4.433033320546579e-12,4.027791218191227e-12,0.06857210248121248,-3.0551902100612214,3.192334415023647
123.625,peak,4.705815467787034e-10,4.719993603430339e-10,6.137927301349188e-12,4.311464314636787e-12,-0.3003846368139329,-4.297843684836681,3.697074411208815
123.875,peak,4.733407286039437e-10,4.706958247879812e-10,5.558341130557946e-12,5.501382358532619e-12,0.5619135918942808,-3.5149198806753326,4.638747064463894
124.125,peak,4.722645076071785e-10,4.7391991074619e-10,4.2554904774643435e-12,3.2658543419104975e-12,-0.34930018795898965,-3.162005421950735,2.4634050460327557
124.375,peak,4.694079893852176e-10,4.708685969490035e-10,5.160676211133257e-12,4.50907004612438e-12,-0.3101943033045451,-3.8829605201280497,3.2625719135189595
124.625,peak,4.604373930305883e-10,4.654893677979999e-10,5.592659149805583e-12,5.7544396761703855e-12,-1.0853040084051746,-5.280294015984138,3.109685999173789
124.875,peak,4.5365742153080644e-10,4.589056743498077e-10,6.723967009999971e-12,5.5883682417599e-12,-1.1436452221771143,-5.82646760370993,3.539177159355701
125.125,peak,4.443987631930213e-10,4.473200124266441e-10,3.5842324634685584e-12,4.938949076124605e-12,-0.6530557883550725,-4.052894856972722,2.746783280262578
125.375,peak,4.3850089241459503e-10,4.357734951554448e-10,3.409881385200569e-12,5.601605087698131e-12,0.6258749762138027,-3.275308042698603,4.527057995126209
125.625,peak,4.294590962672373e-10,4.213053443891113e-10,4.19775538915238e-12,7.01032981666291e-12,1.9353544849873394,-3.168745066948582,7.039454036923261
125.875,peak,4.1056641293835124e-10,4.0651783820067067e-10,6.214931298683359e-12,7.275043667184982e-12,0.9959156418818838,-4.835486245683542,6.827317529447311
126.125,peak,3.908257440343732e-10,3.872948900607298e-10,6.082541293185981e-12,5.548338810023962e-12,0.9116706840851085,-4.320120176761509,6.143461544931726
126.375,peak,3.734877373062772e-10,3.658152468233311e-10,7.459786239565364e-12,5.6047900758675085e-12,2.097367605525613,-4.2951949055793195,8.489930116630545
126.625,peak,3.5120818210998547e-10,3.5034525126320656e-10,5.475360659624184e-12,4.8840024132882465e-12,0.24630870367658986,-4.899193330309706,5.391810737662886
126.875,peak,3.311619195756066e-10,3.3089959288190583e-10,6.0390687348185625e-12,7.155751663844205e-12,0.0792768257633858,-6.896125146375362,7.054678797902134
127.125,peak,3.069952731493686e-10,3.1011589157969867e-10,4.868045978977868e-12,5.706836646573847e-12,-1.0062749169137963,-6.92173080794321,4.9091809741156185
127.375,peak,2.8367968866405136e-10,2.824555031111231e-10,5.0996269423581905e-12,6.017192515725015e-12,0.43340828535625153,-6.46402472721776,7.330841297930263
127.625,peak,2.6159494836974773e-10,2.613397998629807e-10,5.716418254052276e-12,4.691315198780092e-12,0.09763094136476802,-6.892773008723396,7.088034891452932
127.875,peak,2.4036587205955583e-10,2.403644566584262e-10,4.6044547140711946e-12,4.253908936314734e-12,0.0005888562516043194,-6.390651569487457,6.391829281990666
128.125,peak,2.142670007287961e-10,2.1684352418560593e-10,5.064394526902505e-12,2.220193429424594e-12,-1.188194789992647,-8.195530040618136,5.819140460632842
128.375,peak,1.948618194091978e-10,1.9440493474576214e-10,3.5903790075113595e-12,2.646021840500593e-12,0.23501700923032054,-5.5031592479152796,5.973193266375921
128.625,peak,1.7401920160864392e-10,1.7304595871792116e-10,3.852323643923583e-12,7.725699389043044e-13,0.5624187342677223,-6.367331114982172,7.492168583517617
128.875,peak,1.5422779654272746e-10,1.5266604293628915e-10,4.6385082950564896e-12,1.5758918265831376e-12,1.0229868911255213,-8.191504817756343,10.237478600007385
129.125,peak,1.3422521305983536e-10,1.3462966876431894e-10,4.1502432629077105e-12,2.2661070638786858e-12,-0.30042093113340496,-9.541134799350031,8.940292937083221
129.375,peak,1.173121648889719e-10,1.1865495878282673e-10,2.070513267302379e-12,3.2117794552747033e-12,-1.1316795417817604,-9.26806264214633,7.004703558582809
129.625,peak,1.0161350132875669e-10,1.0197990093274712e-10,2.9821430625041337e-12,3.4368322878929574e-12,-0.3592860952395527,-11.304960306971426,10.586388116492321
129.875,peak,8.544705593749315e-11,8.603328893741491e-11,3.1419312820247692e-12,2.6126603851109208e-12,-0.6814025212359631,-12.37218684291685,11.009381800444924
130.125,peak,7.134057511848368e-11,7.317156956787584e-11,2.1345677244513722e-12,2.53575046898345e-12,-2.502330427248356,-13.481599609772232,8.476938755275519
130.375,peak,6.137189359378681e-11,6.106825509277769e-11,2.512989787180024e-12,8.60784258878894e-13,0.4972116864119025,-11.980674831421025,12.975098204244828
130.625,peak,5.224342345400146e-11,5.21258965591187e-11,1.4804830621203672e-12,1.7983569448320044e-12,0.22546738308752978,-10.824735816175785,11.275670582350845
130.875,peak,4.357074075755918e-11,4.423567688149888e-11,1.5355220433107435e-12,8.724596931643821e-13,-1.5031670606532654,-11.91991662261592,8.913582501309389
131.125,peak,3.674399877695578e-11,3.593633593368395e-11,1.6603165721863809e-12,5.047882273412382e-13,2.247482449970062,-11.840494102171286,16.33545900211141
131.375,peak,2.8799892319852916e-11,2.8167585170990608e-11,6.915587756090457e-13,8.036373524540261e-13,2.244804249366439,-7.151036176459018,11.640644675191895
131.625,peak,2.3295059961014885e-11,2.269799736609457e-11,8.25371185879089e-13,7.583255021539097e-13,2.630463759821322,-9.60931932947862,14.870246849121266
131.875,peak,1.8141523980830244e-11,1.78657635530044e-11,8.82223390046214e-13,1.1269748084927376e-12,1.5435132509602045,-18.56153397386877,21.648560475789182
132.125,peak,1.5167598661491864e-11,1.5212131074804344e-11,8.550755018982135e-13,7.071868758817596e-13,-0.2927427662402837,-18.278108842726386,17.69262331024582
132.375,peak,1.203101728464162e-11,1.2183862381220932e-11,4.907580859126169e-13,8.170504247050156e-13,-1.2544880416155535,-21.235720194817688,18.726744111586584
132.625,peak,9.650178416364952e-12,8.658746413203744e-12,3.9375418972667767e-13,1.2969707271407989e-12,11.45006396825956,-39.81555705543567,62.71568499195479
132.875,peak,7.015836400725562e-12,6.819297500015864e-12,2.657990271900371e-13,1.0355899881114517e-12,2.882098936279598,-45.30954302496165,51.07374089752085
133.125,peak,5.798416466973322e-12,5.262196145494613e-12,5.360016447630821e-13,1.2434515283973156e-12,10.19004815960367,-68.25154138702808,88.63163770623542
133.375,peak,3.970868558411667e-12,3.860136921218782e-12,6.010845837421137e-13,6.848404001717021e-13,2.8685935098365034,-56.18859381101158,61.92578083068459
133.625,peak,3.1274633993660925e-12,3.5873889725479555e-12,7.714156419073054e-13,7.217064021589949e-13,-12.82062181439999,-81.3907110436391,55.749467414839124
133.875,peak,2.3021194461847473e-12,2.7885576736608187e-12,3.74876310838282e-13,4.801753909502212e-13,-17.444079857867003,-65.3554157582682,30.467256042534192
134.125,peak,2.008562902666711e-12,1.952544188554839e-12,2.0673848797459656e-13,8.161576777255068e-14,2.86901133609343,-28.976224279514124,34.714246951700986
134.375,peak,1.1631609520001972e-12,1.4974462522900468e-12,1.8526063585092222e-13,1.9831441879284153e-13,-22.32369273879624,-62.01415701608606,17.366771538493573
134.625,peak,9.945538059774606e-13,1.387715669082758e-12,2.9925403540812286e-13,3.1509208345129564e-13,-28.33158635191939,-95.66094212199089,38.9977694181521
134.875,peak,6.1556928665496e-13,1.2624220533230656e-12,2.801836954581026e-13,4.915235618329374e-13,-51.239026200896845,-123.12228085444829,20.644228452654612
135.125,peak,3.0429821995525684e-13,5.723131477102439e-13,1.8582645012866672e-13,1.1338599202867855e-13,-46.83011893528614,-145.604695259119,51.94445738854673
135.375,peak,2.1290255114436718e-13,5.440289769010113e-13,1.8014658256961353e-13,1.9857505379274664e-13,-60.865586175733085,-160.23102561098503,38.49985325951886
135.625,peak,1.5187204605027203e-13,4.836995054468992e-13,1.189383185722165e-13,1.508564744779181e-13,-68.60198442627008,-142.61997730930125,5.41600845676109
135.875,peak,6.765382254414477e-14,6.856079681251143e-14,4.0143727762886515e-14,4.166010287114482e-14,-1.3228759152944303,-206.41804581142668,203.77229398083782
136.125,peak,7.822314129768415e-14,2.845995854578615e-14,4.6711651194146926e-14,2.8294852086949e-14,174.85332127887466,-648.8143375908171,998.5209801485664
136.375,peak,1.0059998389877478e-13,3.1272224761450493e-14,6.322771039945713e-14,3.0900244131189594e-14,221.69116417577408,-741.7864025862349,1185.168730937783
136.625,peak,1.1474733552230276e-13,3.303463818188085e-14,7.203163307404858e-14,3.2875402804983703e-14,247.35460061808837,-799.4571854763306,1294.1663867125073
136.875,peak,5.061661312311117e-14,3.9399243616971085e-14,5.061661312311117e-14,3.902972287991677e-14,28.471027553707252,-414.02695983867045,470.969014946085
137.125,peak,7.449417083194021e-14,4.6285883163895396e-14,7.449417083194022e-14,4.6069175311340475e-14,60.943609022563194,-494.69537593534216,616.5825939804686
137.375,peak,5.466226582484524e-14,6.371695766762155e-14,5.466226582484524e-14,6.324673944129883e-14,-14.210803802042715,-309.9910790464358,281.56947144235033
137.625,peak,0.0,8.325396685301957e-14,0.0,8.288882237300024e-14,-100.0,nan,nan
137.875,peak,0.0,2.9244712283337664e-16,0.0,1.4506594155971714e-16,-100.0,nan,nan
138.125,peak,0.0,2.1073673107116843e-16,0.0,8.307253151427417e-17,-100.0,nan,nan
138.375,peak,0.0,4.555976517545916e-16,0.0,1.6600066993008056e-16,-100.0,nan,nan
138.625,peak,0.0,1.812226811418404e-16,0.0,1.3499428024549807e-16,-100.0,nan,nan
138.875,peak,0.0,1.0419556700330375e-16,0.0,5.29278901036148e-17,-100.0,nan,nan
139.125,peak,0.0,1.7835807903840947e-16,0.0,6.516632943012517e-17,-100.0,nan,nan
139.375,peak,0.0,2.8606756368029435e-16,0.0,1.651805402549674e-16,-100.0,nan,nan
139.625,peak,0.0,2.4333850283083175e-16,0.0,8.509641642327166e-17,-100.0,nan,nan
139.875,peak,0.0,1.4060675136685042e-16,0.0,2.3684704521587342e-17,-100.0,nan,nan
140.125,peak,0.0,1.2671869921378112e-16,0.0,7.014636640509895e-17,-100.0,nan,nan
140.375,peak,0.0,1.5913597679596782e-16,0.0,5.2346718018934005e-17,-100.0,nan,nan
140.625,peak,0.0,2.494107248203828e-16,0.0,1.2993389396225692e-16,-100.0,nan,nan
140.875,peak,0.0,2.0217610978380192e-16,0.0,7.197387188862435e-17,-100.0,nan,nan
141.125,peak,0.0,3.508096082100983e-16,0.0,2.8420397368941626e-16,-100.0,nan,nan
141.375,peak,0.0,1.7916771012779429e-16,0.0,5.1354765360201504e-17,-100.0,nan,nan
141.625,peak,0.0,1.8643937413874434e-16,0.0,1.0757359324875627e-16,-100.0,nan,nan
141.875,peak,0.0,1.5245628969535303e-16,0.0,5.4793751072184714e-17,-100.0,nan,nan
142.125,peak,0.0,5.952466140433585e-16,0.0,2.3379179629659276e-16,-100.0,nan,nan
142.375,peak,0.0,4.97179913341514e-16,0.0,7.988700908400209e-17,-100.0,nan,nan
142.625,peak,0.0,2.2119059083386968e-16,0.0,1.4461546091394336e-16,-100.0,nan,nan
142.875,peak,0.0,2.1087939032526145e-16,0.0,6.918541890124167e-17,-100.0,nan,nan
143.125,peak,0.0,7.486473328202278e-17,0.0,3.426736697319995e-17,-100.0,nan,nan
143.375,peak,0.0,3.1280191131256074e-16,0.0,1.184515838472569e-16,-100.0,nan,nan
143.625,peak,0.0,6.780264185117426e-16,0.0,2.0273584125928706e-16,-100.0,nan,nan
143.875,peak,0.0,1.1640069252439114e-16,0.0,2.1470455559846026e-17,-100.0,nan,nan
144.125,peak,0.0,1.6602441896961136e-16,0.0,8.2862814353765e-17,-100.0,nan,nan
144.375,peak,0.0,1.8121527688803529e-16,0.0,6.361433663203086e-17,-100.0,nan,nan
144.625,peak,0.0,5.335324336939117e-17,0.0,3.317137816158801e-17,-100.0,nan,nan
144.875,peak,0.0,1.3458341457941936e-16,0.0,9.014139842896586e-17,-100.0,nan,nan
145.125,peak,0.0,2.4325398466362728e-16,0.0,8.225662871050718e-17,-100.0,nan,nan
145.375,peak,0.0,2.818189774698044e-16,0.0,8.316658683742667e-17,-100.0,nan,nan
145.625,peak,0.0,1.3709032227558065e-16,0.0,6.425263031421093e-17,-100.0,nan,nan
145.875,peak,0.0,2.2651915818061847e-16,0.0,1.258910739855891e-16,-100.0,nan,nan
146.125,peak,0.0,2.6755889150564207e-16,0.0,2.0344674539117911e-16,-100.0,nan,nan
146.375,peak,0.0,2.017141833475728e-16,0.0,9.493212084072722e-17,-100.0,nan,nan
146.625,peak,0.0,2.772701108966734e-16,0.0,8.51583369882372e-17,-100.0,nan,nan
146.875,peak,0.0,1.4133671880425804e-16,0.0,1.2766606777044403e-16,-100.0,nan,nan
147.125,peak,0.0,5.918779357169926e-16,0.0,3.088058615800892e-16,-100.0,nan,nan
147.375,peak,0.0,4.3292139485914463e-16,0.0,2.4078805141326745e-16,-100.0,nan,nan
147.625,peak,0.0,1.6375001791264949e-16,0.0,8.945078646270124e-17,-100.0,nan,nan
147.875,peak,0.0,1.5506334904253833e-16,0.0,5.795198195421715e-17,-100.0,nan,nan
148.125,peak,0.0,5.640083367654041e-17,0.0,4.259599442943375e-17,-100.0,nan,nan
148.375,peak,0.0,2.697434938988327e-16,0.0,1.2558874029630717e-16,-100.0,nan,nan
148.625,peak,0.0,5.367940004646974e-16,0.0,2.4108785532079673e-16,-100.0,nan,nan
148.875,peak,0.0,2.0232223516447774e-16,0.0,9.956526392163063e-17,-100.0,nan,nan
149.125,peak,0.0,1.8977529563004443e-16,0.0,6.683149937097023e-17,-100.0,nan,nan
149.375,peak,0.0,7.975947240992585e-17,0.0,4.379829986074903e-17,-100.0,nan,nan
149.625,peak,0.0,1.2447257715644465e-16,0.0,1.2159320812942557e-16,-100.0,nan,nan
149.875,peak,0.0,4.190579635821598e-16,0.0,1.0199083100694578e-16,-100.0,nan,nan
150.125,peak,0.0,1.89291798923831e-16,0.0,9.998354088103205e-17,-100.0,nan,nan
150.375,peak,0.0,1.7685695945658232e-17,0.0,1.1763788790890095e-17,-100.0,nan,nan
150.625,peak,0.0,2.021160579938723e-16,0.0,8.802826119991835e-17,-100.0,nan,nan
150.875,peak,0.0,1.78932315267181e-16,0.0,1.0955635685844594e-16,-100.0,nan,nan
151.125,peak,0.0,1.9224396407462388e-16,0.0,1.8081291846115366e-16,-100.0,nan,nan
151.375,peak,0.0,5.237835826957943e-17,0.0,3.290485626855527e-17,-100.0,nan,nan
151.625,peak,0.0,6.96653748143844e-17,0.0,3.9038218575563794e-17,-100.0,nan,nan
151.875,peak,0.0,3.23787399886602e-16,0.0,1.8591039014070377e-16,-100.0,nan,nan
152.125,peak,0.0,2.7176628460655328e-17,0.0,1.7648312882452958e-17,-100.0,nan,nan
152.375,peak,0.0,1.3332307995236533e-16,0.0,6.156494399620634e-17,-100.0,nan,nan
152.625,peak,0.0,1.9322176786362463e-16,0.0,9.192754189259798e-17,-100.0,nan,nan
152.875,peak,0.0,1.1609390593227564e-16,0.0,5.750158843757415e-17,-100.0,nan,nan
153.125,peak,0.0,1.1055732555571157e-16,0.0,5.444569555022128e-17,-100.0,nan,nan
153.375,peak,0.0,1.2989648500707704e-16,0.0,4.8348000554508143e-17,-100.0,nan,nan
153.625,peak,0.0,1.2481289331060796e-18,0.0,1.2481289331060796e-18,-100.0,nan,nan
153.875,peak,0.0,8.365992821461957e-17,0.0,6.96535244337484e-17,-100.0,nan,nan
154.125,peak,0.0,1.2061968306489085e-16,0.0,1.0246418714354748e-16,-100.0,nan,nan
154.375,peak,0.0,9.117683035441902e-17,0.0,4.8278989927560606e-17,-100.0,nan,nan
154.625,peak,0.0,9.785285713767751e-18,0.0,5.922108766361621e-18,-100.0,nan,nan
154.875,peak,0.0,1.0489831280078439e-16,0.0,1.017036062481743e-16,-100.0,nan,nan
155.125,peak,0.0,1.977120778293845e-17,0.0,6.992632993224233e-18,-100.0,nan,nan
155.375,peak,0.0,7.203222583294575e-17,0.0,6.674935668743445e-17,-100.0,nan,nan
155.625,peak,0.0,6.514392963696034e-17,0.0,3.5398589305780026e-17,-100.0,nan,nan
155.875,peak,0.0,1.1247171122501403e-16,0.0,7.069933490075499e-17,-100.0,nan,nan
156.125,peak,0.0,1.0747168725702e-16,0.0,4.2124700850323116e-17,-100.0,nan,nan
156.375,peak,0.0,2.7299355443853764e-16,0.0,1.3375490062119523e-16,-100.0,nan,nan
156.625,peak,0.0,2.657475544416872e-16,0.0,2.527200225777363e-16,-100.0,nan,nan
156.875,peak,0.0,1.3478528318141334e-16,0.0,1.0299464710914481e-16,-100.0,nan,nan
157.125,peak,0.0,9.792113192345909e-17,0.0,4.5284275723406916e-17,-100.0,nan,nan
157.375,peak,0.0,9.134739080603194e-17,0.0,5.5347870706961665e-17,-100.0,nan,nan
157.625,peak,0.0,4.418051493225439e-16,0.0,1.7841562643325904e-16,-100.0,nan,nan
157.875,peak,0.0,1.946402422544409e-16,0.0,1.3241450085324985e-16,-100.0,nan,nan
158.125,peak,0.0,3.9307298193257124e-17,0.0,1.7774260746544737e-17,-100.0,nan,nan
158.375,peak,0.0,1.8071227229306861e-16,0.0,7.393016912767472e-17,-100.0,nan,nan
158.625,peak,0.0,1.4712299099196748e-16,0.0,6.63653067758144e-17,-100.0,nan,nan
158.875,peak,0.0,9.344141835681002e-17,0.0,8.794993172322484e-17,-100.0,nan,nan
159.125,peak,0.0,1.622090162927206e-16,0.0,1.2979665114873814e-16,-100.0,nan,nan
159.375,peak,0.0,3.186802628426036e-16,0.0,1.548218164190779e-16,-100.0,nan,nan
159.625,peak,0.0,1.049357936698872e-16,0.0,8.13696493752543e-17,-100.0,nan,nan
159.875,peak,0.0,1.8504105203393657e-16,0.0,1.622152349218361e-16,-100.0,nan,nan
160.125,peak,0.0,1.5896896619167418e-16,0.0,9.17741290567786e-17,-100.0,nan,nan
160.375,peak,0.0,4.322504431209656e-17,0.0,3.654307285604879e-17,-100.0,nan,nan
160.625,peak,0.0,1.6668118000060093e-16,0.0,6.135113091549249e-17,-100.0,nan,nan
160.875,peak,0.0,1.973207285500128e-16,0.0,9.407720226587222e-17,-100.0,nan,nan
161.125,peak,0.0,4.9579733222594736e-17,0.0,4.4340456832097024e-17,-100.0,nan,nan
161.375,peak,0.0,9.034614636277417e-17,0.0,3.492895191962501e-17,-100.0,nan,nan
161.625,peak,0.0,3.3567635433426335e-16,0.0,1.8928878710481307e-16,-100.0,nan,nan
161.875,peak,0.0,4.9751049634172427e-17,0.0,2.951871692711292e-17,-100.0,nan,nan
162.125,peak,0.0,1.5548894962379155e-16,0.0,1.3740703020309524e-16,-100.0,nan,nan
162.375,peak,0.0,1.6677463202758798e-16,0.0,9.905590456940138e-17,-100.0,nan,nan
162.625,peak,0.0,7.871413888532394e-18,0.0,5.91439387644225e-18,-100.0,nan,nan
162.875,peak,0.0,1.5844457148216086e-16,0.0,8.191189325873667e-17,-100.0,nan,nan
163.125,peak,0.0,2.1707096135772233e-16,0.0,9.250023268413747e-17,-100.0,nan,nan
163.375,peak,0.0,9.273900881446879e-17,0.0,5.3013000548670946e-17,-100.0,nan,nan
163.625,peak,0.0,2.149135780803006e-16,0.0,1.2379678033962616e-16,-100.0,nan,nan
163.875,peak,0.0,8.587674401618322e-17,0.0,7.711962487728161e-17,-100.0,nan,nan
164.125,peak,0.0,7.915383843162815e-17,0.0,4.966484874963547e-17,-100.0,nan,nan
164.375,peak,0.0,1.255370921148316e-16,0.0,1.147651882040327e-16,-100.0,nan,nan
164.625,peak,0.0,1.5911940683252178e-16,0.0,5.4403637916825824e-17,-100.0,nan,nan
164.875,peak,0.0,3.7930963708507346e-17,0.0,1.3950296451040847e-17,-100.0,nan,nan
165.125,peak,0.0,8.73213137810979e-17,0.0,3.787684812237843e-17,-100.0,nan,nan
165.375,peak,0.0,8.659566119728623e-17,0.0,4.978211197531907e-17,-100.0,nan,nan
165.625,peak,0.0,2.58511694987756e-16,0.0,6.164893434062346e-17,-100.0,nan,nan
165.875,peak,0.0,1.3184407633302832e-16,0.0,1.2085842527018074e-16,-100.0,nan,nan
166.125,peak,0.0,2.359014654625125e-16,0.0,1.9575114109778324e-16,-100.0,nan,nan
166.375,peak,0.0,4.1231774261128386e-17,0.0,3.868026571320998e-17,-100.0,nan,nan
166.625,peak,0.0,1.2671862962155418e-16,0.0,1.0181014479322954e-16,-100.0,nan,nan
166.875,peak,0.0,1.005243441401716e-16,0.0,9.282616771448881e-17,-100.0,nan,nan
167.125,peak,0.0,1.3418186233080023e-16,0.0,1.1242933549302284e-16,-100.0,nan,nan
167.375,peak,0.0,2.4527569645466095e-18,0.0,2.4527569645466095e-18,-100.0,nan,nan
167.625,peak,0.0,1.0251277162754737e-17,0.0,7.005402012670898e-18,-100.0,nan,nan
167.875,peak,0.0,5.86089957490578e-17,0.0,5.530913827219704e-17,-100.0,nan,nan
168.125,peak,0.0,9.48439799462221e-19,0.0,9.48439799462221e-19,-100.0,nan,nan
168.375,peak,0.0,1.0989164276904023e-16,0.0,6.250690652986539e-17,-100.0,nan,nan
168.625,peak,0.0,6.539695691985641e-17,0.0,4.086419903861684e-17,-100.0,nan,nan
168.875,peak,0.0,9.541550018078888e-18,0.0,6.503809535798546e-18,-100.0,nan,nan
169.125,peak,0.0,2.1638585571593535e-17,0.0,1.3285792453337443e-17,-100.0,nan,nan
169.375,peak,0.0,5.777423244673896e-17,0.0,3.35267854883013e-17,-100.0,nan,nan
169.625,peak,0.0,9.246432029872027e-17,0.0,6.540499231011544e-17,-100.0,nan,nan
169.875,peak,0.0,1.4084772139832254e-16,0.0,1.0502813191676171e-16,-100.0,nan,nan
170.125,peak,0.0,4.167769861868065e-17,0.0,4.167769861868065e-17,-100.0,nan,nan
170.375,peak,0.0,2.7212967122769437e-17,0.0,2.7212967122769437e-17,-100.0,nan,nan
170.625,peak,0.0,5.651408337072235e-17,0.0,5.035523598255604e-17,-100.0,nan,nan
170.875,peak,0.0,5.5043547844690904e-17,0.0,3.6871950914883736e-17,-100.0,nan,nan
171.125,peak,0.0,1.830479347199494e-16,0.0,9.78108315633869e-17,-100.0,nan,nan
171.375,peak,0.0,3.8254264204040315e-16,0.0,2.0792702820919875e-16,-100.0,nan,nan
171.625,peak,0.0,8.504234859721405e-17,0.0,7.930643615775758e-17,-100.0,nan,nan
171.875,peak,0.0,2.753740703347052e-17,0.0,1.589921317343806e-17,-100.0,nan,nan
172.125,peak,0.0,6.167245967386714e-17,0.0,5.5138780671838196e-17,-100.0,nan,nan
172.375,peak,0.0,8.702550182218549e-17,0.0,4.3994047480289163e-17,-100.0,nan,nan
172.625,peak,0.0,2.1492373839296884e-16,0.0,1.5405792208779497e-16,-100.0,nan,nan
172.875,peak,0.0,3.898606044656742e-16,0.0,3.872033389228767e-16,-100.0,nan,nan
173.125,peak,0.0,3.847315749403585e-17,0.0,3.080584562946938e-17,-100.0,nan,nan
173.375,peak,0.0,1.1096796767064154e-16,0.0,6.678830060238916e-17,-100.0,nan,nan
173.625,peak,0.0,1.3434670016005887e-16,0.0,9.301967084218792e-17,-100.0,nan,nan
173.875,peak,0.0,1.5806664957235696e-16,0.0,1.5700621063442125e-16,-100.0,nan,nan
174.125,peak,0.0,4.0306756820011545e-17,0.0,3.810269157413375e-17,-100.0,nan,nan
174.375,peak,0.0,1.060894509177443e-17,0.0,6.240795453746969e-18,-100.0,nan,nan
174.625,peak,0.0,8.518412348114748e-17,0.0,4.9154065049008344e-17,-100.0,nan,nan
174.875,peak,0.0,5.188649531730205e-18,0.0,5.188649531730205e-18,-100.0,nan,nan
175.125,peak,0.0,4.987789749364563e-17,0.0,4.2437076272340296e-17,-100.0,nan,nan
175.375,peak,0.0,3.115910684309796e-16,0.0,1.907455855766124e-16,-100.0,nan,nan
175.625,peak,0.0,2.240742422339459e-16,0.0,1.992604067504139e-16,-100.0,nan,nan
175.875,peak,0.0,5.008741143196216e-17,0.0,3.391981802211401e-17,-100.0,nan,nan
176.125,peak,0.0,3.8556859290885763e-20,0.0,3.8556859290885763e-20,-100.0,nan,nan
176.375,peak,0.0,5.186683263327766e-19,0.0,5.186683263327766e-19,-100.0,nan,nan
176.625,peak,0.0,1.292742266858181e-16,0.0,8.358618714338934e-17,-100.0,nan,nan
176.875,peak,0.0,2.2010485908928804e-16,0.0,2.1516263487915378e-16,-100.0,nan,nan
177.125,peak,0.0,1.0980716736005892e-16,0.0,1.013308491315621e-16,-100.0,nan,nan
177.375,peak,0.0,6.612518312857501e-17,0.0,3.2217595466304745e-17,-100.0,nan,nan
177.625,peak,0.0,1.627334942147507e-16,0.0,1.627334942147507e-16,-100.0,nan,nan
177.875,peak,0.0,8.558409599637934e-17,0.0,4.9673165006074486e-17,-100.0,nan,nan
178.125,peak,0.0,6.806405130265966e-17,0.0,4.28752376944751e-17,-100.0,nan,nan
178.375,peak,0.0,6.643717802463922e-17,0.0,5.70878498706691e-17,-100.0,nan,nan
178.625,peak,0.0,1.9852300684429501e-16,0.0,1.4052170425459158e-16,-100.0,nan,nan
178.875,peak,0.0,1.5035201545148672e-16,0.0,1.414004854418947e-16,-100.0,nan,nan
179.125,peak,0.0,3.808922896867111e-17,0.0,1.544911701517703e-17,-100.0,nan,nan
179.375,peak,0.0,6.6090023536323485e-19,0.0,6.6090023536323485e-19,-100.0,nan,nan
179.625,peak,0.0,6.940543571722774e-17,0.0,3.661707137710799e-17,-100.0,nan,nan
179.875,peak,0.0,3.924103982022846e-18,0.0,2.2720653337652488e-18,-100.0,nan,nan
180.125,peak,0.0,5.324895750301751e-17,0.0,4.780454791444488e-17,-100.0,nan,nan
180.375,peak,0.0,0.0,0.0,0.0,nan,nan,nan
180.625,peak,0.0,4.480219404560774e-17,0.0,3.831833020951006e-17,-100.0,nan,nan
180.875,peak,0.0,5.816479263021697e-18,0.0,5.816479263021697e-18,-100.0,nan,nan
181.125,peak,0.0,2.0572337859929222e-16,0.0,1.9377489531333234e-16,-100.0,nan,nan
181.375,peak,0.0,2.597929467038074e-18,0.0,2.597929467038074e-18,-100.0,nan,nan
181.625,peak,0.0,2.3814244711406127e-17,0.0,5.002345966954542e-18,-100.0,nan,nan
181.875,peak,0.0,1.3404360019414302e-17,0.0,6.4763757553688675e-18,-100.0,nan,nan
182.125,peak,0.0,6.387227586299258e-17,0.0,3.876432862520759e-17,-100.0,nan,nan
182.375,peak,0.0,1.8139733421948522e-17,0.0,1.8139733421948522e-17,-100.0,nan,nan
182.625,peak,0.0,2.390471392881011e-17,0.0,2.390471392881011e-17,-100.0,nan,nan
182.875,peak,0.0,1.113389924960878e-17,0.0,6.990393617086925e-18,-100.0,nan,nan
183.125,peak,0.0,6.924898534373808e-17,0.0,5.29862518972978e-17,-100.0,nan,nan
183.375,peak,0.0,5.2080360965663095e-17,0.0,3.460842503470997e-17,-100.0,nan,nan
183.625,peak,0.0,2.69386507458641e-16,0.0,2.5682961033425377e-16,-100.0,nan,nan
183.875,peak,0.0,4.769671677474878e-17,0.0,4.6062029104621285e-17,-100.0,nan,nan
184.125,peak,0.0,7.724295216036265e-17,0.0,5.95544814254238e-17,-100.0,nan,nan
184.375,peak,0.0,5.2737310232784526e-17,0.0,4.748425805278022e-17,-100.0,nan,nan
184.625,peak,0.0,7.212475517000273e-18,0.0,7.212475517000271e-18,-100.0,nan,nan
184.875,peak,0.0,3.899857108254079e-17,0.0,2.2896427363359017e-17,-100.0,nan,nan
185.125,peak,0.0,0.0,0.0,0.0,nan,nan,nan
185.375,peak,0.0,0.0,0.0,0.0,nan,nan,nan
185.625,peak,0.0,1.583016020784839e-16,0.0,7.573926010769797e-17,-100.0,nan,nan
185.875,peak,0.0,1.8577591721913313e-16,0.0,1.314586563884618e-16,-100.0,nan,nan
186.125,peak,0.0,3.40345438464007e-17,0.0,3.40345438464007e-17,-100.0,nan,nan
186.375,peak,0.0,6.172257583508812e-17,0.0,6.172257583508812e-17,-100.0,nan,nan
186.625,peak,0.0,1.6706385000441264e-16,0.0,9.266655383119337e-17,-100.0,nan,nan
186.875,peak,0.0,0.0,0.0,0.0,nan,nan,nan
187.125,peak,0.0,1.4601146572194855e-16,0.0,7.953507094359393e-17,-100.0,nan,nan
187.375,peak,0.0,1.9171787719656983e-16,0.0,1.9171787719656983e-16,-100.0,nan,nan
187.625,peak,0.0,5.109969305333584e-17,0.0,5.109969305333584e-17,-100.0,nan,nan
187.875,peak,0.0,1.0674013756206692e-16,0.0,6.239179110971631e-17,-100.0,nan,nan
188.125,peak,0.0,3.287508806848472e-16,0.0,2.7541129533302984e-16,-100.0,nan,nan
188.375,peak,0.0,4.6823065173381974e-18,0.0,4.6823065173381974e-18,-100.0,nan,nan
188.625,peak,0.0,7.480483517775111e-17,0.0,5.567798853522173e-17,-100.0,nan,nan
188.875,peak,0.0,3.257101229350856e-16,0.0,2.0647169705312296e-16,-100.0,nan,nan
189.125,peak,0.0,3.19820244506358e-17,0.0,2.4962954838968857e-17,-100.0,nan,nan
189.375,peak,0.0,6.959756664211281e-19,0.0,6.959756664211281e-19,-100.0,nan,nan
189.625,peak,0.0,2.536937456984467e-17,0.0,1.464853827998852e-17,-100.0,nan,nan
189.875,peak,0.0,1.2856366741597487e-16,0.0,8.832482983144665e-17,-100.0,nan,nan
190.125,peak,0.0,0.0,0.0,0.0,nan,nan,nan
190.375,peak,0.0,1.2108372030722458e-17,0.0,7.415119882812777e-18,-100.0,nan,nan
190.625,peak,0.0,2.1319005588660288e-17,0.0,2.1319005588660288e-17,-100.0,nan,nan
190.875,peak,0.0,6.769472914896265e-20,0.0,6.769472914896265e-20,-100.0,nan,nan
191.125,peak,0.0,0.0,0.0,0.0,nan,nan,nan
191.375,peak,0.0,1.1584384845700693e-16,0.0,1.1037132588431769e-16,-100.0,nan,nan
191.625,peak,0.0,1.1820587694430506e-16,0.0,9.888391538160065e-17,-100.0,nan,nan
191.875,peak,0.0,1.8481204414055874e-16,0.0,1.8481204414055874e-16,-100.0,nan,nan
192.125,peak,0.0,8.203786106930448e-17,0.0,4.6260663178090785e-17,-100.0,nan,nan
192.375,peak,0.0,6.583425915963197e-17,0.0,5.4959823202026275e-17,-100.0,nan,nan
192.625,peak,0.0,4.4916908530806024e-17,0.0,4.438102609889994e-17,-100.0,nan,nan
192.875,peak,0.0,2.3066325759157905e-16,0.0,2.3066325759157905e-16,-100.0,nan,nan
193.125,peak,0.0,5.467367904981104e-17,0.0,5.26205094161812e-17,-100.0,nan,nan
193.375,peak,0.0,8.782042801303014e-17,0.0,8.782042801303014e-17,-100.0,nan,nan
193.625,peak,0.0,9.58465414240689e-17,0.0,5.5340286935211356e-17,-100.0,nan,nan
193.875,peak,0.0,3.8939250044875416e-17,0.0,2.8062201946483104e-17,-100.0,nan,nan
194.125,peak,0.0,0.0,0.0,0.0,nan,nan,nan
194.375,peak,0.0,1.3333163241015244e-18,0.0,1.3333163241015244e-18,-100.0,nan,nan
194.625,peak,0.0,5.3381105959149354e-18,0.0,5.3381105959149354e-18,-100.0,nan,nan
194.875,peak,0.0,1.0118490247068567e-16,0.0,1.0118490247068566e-16,-100.0,nan,nan
195.125,peak,0.0,2.2022371719190166e-17,0.0,1.8442276058246973e-17,-100.0,nan,nan
195.375,peak,0.0,5.769118256032658e-17,0.0,5.769118256032658e-17,-100.0,nan,nan
195.625,peak,0.0,6.807782636231164e-17,0.0,6.450831314617032e-17,-100.0,nan,nan
195.875,peak,0.0,5.696460555863758e-18,0.0,5.696460555863758e-18,-100.0,nan,nan
196.125,peak,0.0,0.0,0.0,0.0,nan,nan,nan
196.375,peak,0.0,2.0970931815486897e-16,0.0,1.3799959548918127e-16,-100.0,nan,nan
196.625,peak,0.0,1.7941244952364431e-16,0.0,1.1076885301566318e-16,-100.0,nan,nan
196.875,peak,0.0,0.0,0.0,0.0,nan,nan,nan
197.125,peak,0.0,6.2474222843611485e-18,0.0,6.2474222843611485e-18,-100.0,nan,nan
197.375,peak,0.0,0.0,0.0,0.0,nan,nan,nan
197.625,peak,0.0,1.6989117361185245e-17,0.0,1.6989117361185245e-17,-100.0,nan,nan
197.875,peak,0.0,3.76325966916502e-17,0.0,3.76325966916502e-17,-100.0,nan,nan
198.125,peak,0.0,1.2839368240466497e-17,0.0,1.2839368240466496e-17,-100.0,nan,nan
198.375,peak,0.0,7.550020992511813e-18,0.0,4.893597708828361e-18,-100.0,nan,nan
198.625,peak,0.0,0.0,0.0,0.0,nan,nan,nan
198.875,peak,0.0,4.367422493534861e-18,0.0,4.367422493534861e-18,-100.0,nan,nan
199.125,peak,0.0,1.7402267235740174e-17,0.0,1.3786645429881826e-17,-100.0,nan,nan
199.375,peak,0.0,1.722258100023133e-16,0.0,1.7222581000231327e-16,-100.0,nan,nan
199.625,peak,0.0,1.1494963834957072e-16,0.0,6.906895802555297e-17,-100.0,nan,nan
199.875,peak,0.0,4.276068800261601e-16,0.0,1.6941295605346818e-16,-100.0,nan,nan
200.125,peak,0.0,1.4706406231690393e-16,0.0,9.642531616766592e-17,-100.0,nan,nan
200.375,peak,0.0,5.795695168361522e-17,0.0,5.276262331943812e-17,-100.0,nan,nan
200.625,peak,0.0,7.793105787426424e-17,0.0,7.793105787426424e-17,-100.0,nan,nan
200.875,peak,0.0,0.0,0.0,0.0,nan,nan,nan
201.125,peak,0.0,0.0,0.0,0.0,nan,nan,nan
201.375,peak,0.0,0.0,0.0,0.0,nan,nan,nan
201.625,peak,0.0,0.0,0.0,0.0,nan,nan,nan
201.875,peak,0.0,9.732452257299463e-17,0.0,5.619034236160696e-17,-100.0,nan,nan
202.125,peak,0.0,1.181510445036338e-16,0.0,1.181510445036338e-16,-100.0,nan,nan
202.375,peak,0.0,6.161670132454056e-17,0.0,6.161670132454056e-17,-100.0,nan,nan
202.625,peak,0.0,0.0,0.0,0.0,nan,nan,nan
202.875,peak,0.0,3.620608451720617e-19,0.0,3.620608451720617e-19,-100.0,nan,nan
203.125,peak,0.0,1.995261594833764e-18,0.0,1.995261594833764e-18,-100.0,nan,nan
203.375,peak,0.0,4.15615079244619e-17,0.0,2.972689675619476e-17,-100.0,nan,nan
203.625,peak,0.0,7.59750899345657e-17,0.0,4.883122418388456e-17,-100.0,nan,nan
203.875,peak,0.0,0.0,0.0,0.0,nan,nan,nan
204.125,peak,0.0,1.1698280148395023e-17,0.0,1.1698280148395023e-17,-100.0,nan,nan
204.375,peak,0.0,0.0,0.0,0.0,nan,nan,nan
204.625,peak,0.0,0.0,0.0,0.0,nan,nan,nan
204.875,peak,0.0,7.532924886080247e-19,0.0,7.532924886080248e-19,-100.0,nan,nan
205.125,peak,0.0,0.0,0.0,0.0,nan,nan,nan
205.375,peak,0.0,5.281989309911111e-18,0.0,5.281989309911111e-18,-100.0,nan,nan
205.625,peak,0.0,1.3852837605320135e-18,0.0,1.3852837605320133e-18,-100.0,nan,nan
205.875,peak,0.0,0.0,0.0,0.0,nan,nan,nan
206.125,peak,0.0,4.409917797685431e-18,0.0,4.409917797685431e-18,-100.0,nan,nan
206.375,peak,0.0,6.677604432944739e-18,0.0,6.677604432944739e-18,-100.0,nan,nan
206.625,peak,0.0,0.0,0.0,0.0,nan,nan,nan
206.875,peak,0.0,3.5807023578832144e-17,0.0,3.5807023578832144e-17,-100.0,nan,nan
207.125,peak,0.0,1.4273092798812446e-17,0.0,1.1025129427815933e-17,-100.0,nan,nan
207.375,peak,0.0,1.4614389125949812e-16,0.0,8.447741876325008e-17,-100.0,nan,nan
207.625,peak,0.0,3.023472748206468e-17,0.0,3.023472748206468e-17,-100.0,nan,nan
207.875,peak,0.0,4.6269579964328124e-18,0.0,2.9125270564065322e-18,-100.0,nan,nan
208.125,peak,0.0,2.3438862612953916e-18,0.0,2.3438862612953912e-18,-100.0,nan,nan
208.375,peak,0.0,4.927320595808637e-17,0.0,4.9273205958086366e-17,-100.0,nan,nan
208.625,peak,0.0,1.404657130627679e-16,0.0,1.1896392820802243e-16,-100.0,nan,nan
208.875,peak,0.0,1.6427623286208517e-17,0.0,1.463588277963955e-17,-100.0,nan,nan
209.125,peak,0.0,0.0,0.0,0.0,nan,nan,nan
209.375,peak,0.0,0.0,0.0,0.0,nan,nan,nan
209.625,peak,0.0,7.704254579134554e-19,0.0,7.704254579134554e-19,-100.0,nan,nan
209.875,peak,0.0,0.0,0.0,0.0,nan,nan,nan
210.125,peak,0.0,0.0,0.0,0.0,nan,nan,nan
210.375,peak,0.0,0.0,0.0,0.0,nan,nan,nan
210.625,peak,0.0,0.0,0.0,0.0,nan,nan,nan
210.875,peak,0.0,0.0,0.0,0.0,nan,nan,nan
211.125,peak,0.0,1.179878406348117e-18,0.0,1.179878406348117e-18,-100.0,nan,nan
211.375,peak,0.0,0.0,0.0,0.0,nan,nan,nan
211.625,peak,0.0,3.492565665928065e-18,0.0,3.492565665928065e-18,-100.0,nan,nan
211.875,peak,0.0,0.0,0.0,0.0,nan,nan,nan
212.125,peak,0.0,1.5792985612306764e-17,0.0,9.924655622524559e-18,-100.0,nan,nan
212.375,peak,0.0,2.6116542739193508e-16,0.0,2.611654273919351e-16,-100.0,nan,nan
212.625,peak,0.0,7.202566451244841e-17,0.0,7.202566451244841e-17,-100.0,nan,nan
212.875,peak,0.0,0.0,0.0,0.0,nan,nan,nan
213.125,peak,0.0,1.840309371906046e-17,0.0,1.840309371906046e-17,-100.0,nan,nan
213.375,peak,0.0,1.0726907643393568e-17,0.0,1.0726907643393567e-17,-100.0,nan,nan
213.625,peak,0.0,2.0771738550116188e-17,0.0,9.651114271779846e-18,-100.0,nan,nan
213.875,peak,0.0,2.0571055709545094e-16,0.0,2.0571055709545092e-16,-100.0,nan,nan
214.125,peak,0.0,2.551182138807451e-17,0.0,2.551182138807451e-17,-100.0,nan,nan
214.375,peak,0.0,0.0,0.0,0.0,nan,nan,nan
214.625,peak,0.0,1.5089271791692696e-17,0.0,1.5089271791692696e-17,-100.0,nan,nan
214.875,peak,0.0,1.2925377185658144e-18,0.0,1.2925377185658142e-18,-100.0,nan,nan
215.125,peak,0.0,0.0,0.0,0.0,nan,nan,nan
215.375,peak,0.0,8.992380408009982e-18,0.0,8.992380408009982e-18,-100.0,nan,nan
215.625,peak,0.0,5.899756594721084e-18,0.0,5.899756594721084e-18,-100.0,nan,nan
215.875,peak,0.0,2.384721109818799e-17,0.0,2.384721109818799e-17,-100.0,nan,nan
216.125,peak,0.0,0.0,0.0,0.0,nan,nan,nan
216.375,peak,0.0,8.197407379631482e-17,0.0,4.9485003284093447e-17,-100.0,nan,nan
216.625,peak,0.0,4.818555277008585e-17,0.0,4.818555277008585e-17,-100.0,nan,nan
216.875,peak,0.0,0.0,0.0,0.0,nan,nan,nan
217.125,peak,0.0,0.0,0.0,0.0,nan,nan,nan
217.375,peak,0.0,8.552722982960169e-17,0.0,8.552722982960169e-17,-100.0,nan,nan
217.625,peak,0.0,1.3911922666382664e-16,0.0,8.965150738357871e-17,-100.0,nan,nan
217.875,peak,0.0,1.3017169373658043e-16,0.0,8.176959219084303e-17,-100.0,nan,nan
218.125,peak,0.0,6.100875555616059e-18,0.0,6.100875555616059e-18,-100.0,nan,nan
218.375,peak,0.0,1.2362415778566227e-17,0.0,1.2362415778566226e-17,-100.0,nan,nan
218.625,peak,0.0,1.220377325670402e-16,0.0,1.0166800022846286e-16,-100.0,nan,nan
218.875,peak,0.0,5.651741282006878e-19,0.0,5.651741282006878e-19,-100.0,nan,nan
219.125,peak,0.0,1.7452503743402292e-17,0.0,1.0235162541358367e-17,-100.0,nan,nan
219.375,peak,0.0,0.0,0.0,0.0,nan,nan,nan
219.625,peak,0.0,0.0,0.0,0.0,nan,nan,nan
219.875,peak,0.0,5.61078744229504e-18,0.0,5.61078744229504e-18,-100.0,nan,nan
220.125,peak,0.0,4.87434474293752e-18,0.0,4.87434474293752e-18,-100.0,nan,nan
220.375,peak,0.0,0.0,0.0,0.0,nan,nan,nan
220.625,peak,0.0,4.7754231125018975e-17,0.0,4.7754231125018975e-17,-100.0,nan,nan
220.875,peak,0.0,1.7234745504661127e-16,0.0,1.6772089137213855e-16,-100.0,nan,nan
221.125,peak,0.0,2.0986664419101947e-17,0.0,1.6398915748010674e-17,-100.0,nan,nan
221.375,peak,0.0,1.2419374556538188e-16,0.0,1.2419374556538188e-16,-100.0,nan,nan
221.625,peak,0.0,0.0,0.0,0.0,nan,nan,nan
221.875,peak,0.0,1.0052033532804983e-17,0.0,1.0052033532804983e-17,-100.0,nan,nan
222.125,peak,0.0,0.0,0.0,0.0,nan,nan,nan
222.375,peak,0.0,9.545908334629428e-17,0.0,9.545908334629428e-17,-100.0,nan,nan
222.625,peak,0.0,3.827203040162458e-18,0.0,3.827203040162458e-18,-100.0,nan,nan
222.875,peak,0.0,1.904554335421804e-16,0.0,1.6264127537312873e-16,-100.0,nan,nan
223.125,peak,0.0,0.0,0.0,0.0,nan,nan,nan
223.375,peak,0.0,1.749139515953152e-17,0.0,1.2077074889324068e-17,-100.0,nan,nan
223.625,peak,0.0,3.036808868608909e-17,0.0,1.753382433578993e-17,-100.0,nan,nan
223.875,peak,0.0,2.856172329895879e-17,0.0,2.856172329895879e-17,-100.0,nan,nan
224.125,peak,0.0,0.0,0.0,0.0,nan,nan,nan
224.375,peak,0.0,1.2628902914743612e-17,0.0,1.2628902914743613e-17,-100.0,nan,nan
224.625,peak,0.0,5.5245114038982025e-17,0.0,5.5245114038982025e-17,-100.0,nan,nan
224.875,peak,0.0,1.8540593519288887e-16,0.0,1.8540593519288887e-16,-100.0,nan,nan
225.125,peak,0.0,0.0,0.0,0.0,nan,nan,nan
225.375,peak,0.0,0.0,0.0,0.0,nan,nan,nan
225.625,peak,0.0,3.0069757447903634e-17,0.0,3.0069757447903634e-17,-100.0,nan,nan
225.875,peak,0.0,0.0,0.0,0.0,nan,nan,nan
226.125,peak,0.0,4.300521744271535e-17,0.0,4.300521744271535e-17,-100.0,nan,nan
226.375,peak,0.0,8.548113239925831e-17,0.0,8.548113239925831e-17,-100.0,nan,nan
226.625,peak,0.0,1.9428663539100555e-16,0.0,1.1479565804068598e-16,-100.0,nan,nan
226.875,peak,0.0,0.0,0.0,0.0,nan,nan,nan
227.125,peak,0.0,0.0,0.0,0.0,nan,nan,nan
227.375,peak,0.0,4.505836242313377e-17,0.0,4.505836242313377e-17,-100.0,nan,nan
227.625,peak,0.0,3.8207267211154415e-17,0.0,3.8207267211154415e-17,-100.0,nan,nan
227.875,peak,0.0,4.4789108538537474e-17,0.0,4.308926551279443e-17,-100.0,nan,nan
228.125,peak,0.0,2.0876509451272368e-16,0.0,2.010608803511313e-16,-100.0,nan,nan
228.375,peak,0.0,1.0877786301918824e-17,0.0,1.0877786301918824e-17,-100.0,nan,nan
228.625,peak,0.0,0.0,0.0,0.0,nan,nan,nan
228.875,peak,0.0,1.191386839714554e-17,0.0,1.0711254887523731e-17,-100.0,nan,nan
229.125,peak,0.0,0.0,0.0,0.0,nan,nan,nan
229.375,peak,0.0,7.96944975289815e-17,0.0,7.96944975289815e-17,-100.0,nan,nan
229.625,peak,0.0,4.439615342022307e-17,0.0,4.4396153420223065e-17,-100.0,nan,nan
229.875,peak,0.0,1.2775528031305772e-16,0.0,1.2775528031305772e-16,-100.0,nan,nan
230.125,peak,0.0,4.372796409365422e-19,0.0,4.372796409365422e-19,-100.0,nan,nan
230.375,peak,0.0,7.318015442757398e-17,0.0,6.526576153351521e-17,-100.0,nan,nan
230.625,peak,0.0,1.0483117846016299e-16,0.0,1.0483117846016299e-16,-100.0,nan,nan
230.875,peak,0.0,4.473292938324269e-18,0.0,4.473292938324269e-18,-100.0,nan,nan
231.125,peak,0.0,0.0,0.0,0.0,nan,nan,nan
231.375,peak,0.0,0.0,0.0,0.0,nan,nan,nan
231.625,peak,0.0,1.020214728669755e-18,0.0,1.020214728669755e-18,-100.0,nan,nan
231.875,peak,0.0,2.5305841623579627e-16,0.0,2.5305841623579627e-16,-100.0,nan,nan
232.125,peak,0.0,0.0,0.0,0.0,nan,nan,nan
232.375,peak,0.0,0.0,0.0,0.0,nan,nan,nan
232.625,peak,0.0,0.0,0.0,0.0,nan,nan,nan
232.875,peak,0.0,9.295056044300586e-18,0.0,9.295056044300585e-18,-100.0,nan,nan
233.125,peak,0.0,8.420680819298809e-17,0.0,8.420680819298808e-17,-100.0,nan,nan
233.375,peak,0.0,6.319619307026958e-18,0.0,6.319619307026958e-18,-100.0,nan,nan
233.625,peak,0.0,0.0,0.0,0.0,nan,nan,nan
233.875,peak,0.0,0.0,0.0,0.0,nan,nan,nan
234.125,peak,0.0,0.0,0.0,0.0,nan,nan,nan
234.375,peak,0.0,0.0,0.0,0.0,nan,nan,nan
234.625,peak,0.0,7.039607178432883e-17,0.0,7.039607178432885e-17,-100.0,nan,nan
234.875,peak,0.0,2.2968296752370884e-16,0.0,1.7553946362526185e-16,-100.0,nan,nan
235.125,peak,0.0,0.0,0.0,0.0,nan,nan,nan
235.375,peak,0.0,3.6596345528647214e-17,0.0,3.659634552864722e-17,-100.0,nan,nan
235.625,peak,0.0,7.614117127595354e-18,0.0,7.614117127595354e-18,-100.0,nan,nan
235.875,peak,0.0,2.9775396829124363e-18,0.0,1.3220187459163919e-18,-100.0,nan,nan
236.125,peak,0.0,2.1268536519632175e-18,0.0,2.1268536519632175e-18,-100.0,nan,nan
236.375,peak,0.0,0.0,0.0,0.0,nan,nan,nan
236.625,peak,0.0,3.806085560110507e-18,0.0,3.3223954604088454e-18,-100.0,nan,nan
236.875,peak,0.0,0.0,0.0,0.0,nan,nan,nan
237.125,peak,0.0,3.665255097584467e-17,0.0,3.3970955731597246e-17,-100.0,nan,nan
237.375,peak,0.0,9.005622202823415e-17,0.0,5.3658002387592574e-17,-100.0,nan,nan
237.625,peak,0.0,0.0,0.0,0.0,nan,nan,nan
237.875,peak,0.0,7.100491527210762e-18,0.0,7.100491527210762e-18,-100.0,nan,nan
238.125,peak,0.0,8.896819370628194e-17,0.0,8.896819370628194e-17,-100.0,nan,nan
238.375,peak,0.0,0.0,0.0,0.0,nan,nan,nan
238.625,peak,0.0,0.0,0.0,0.0,nan,nan,nan
238.875,peak,0.0,1.2005182004753979e-17,0.0,1.200518200475398e-17,-100.0,nan,nan
239.125,peak,0.0,1.6132496380438789e-16,0.0,1.6132496380438789e-16,-100.0,nan,nan
239.375,peak,0.0,3.801855531782028e-17,0.0,3.801855531782028e-17,-100.0,nan,nan
239.625,peak,0.0,7.029226918413289e-19,0.0,7.029226918413289e-19,-100.0,nan,nan
239.875,peak,0.0,5.920886177179785e-17,0.0,5.920886177179786e-17,-100.0,nan,nan
240.125,peak,0.0,3.893964144185969e-18,0.0,3.893964144185969e-18,-100.0,nan,nan
240.375,peak,0.0,6.083306601512017e-19,0.0,6.083306601512017e-19,-100.0,nan,nan
240.625,peak,0.0,0.0,0.0,0.0,nan,nan,nan
240.875,peak,0.0,3.523919816974391e-17,0.0,3.377716577676866e-17,-100.0,nan,nan
241.125,peak,0.0,6.912815046951348e-18,0.0,6.9128150469513474e-18,-100.0,nan,nan
241.375,peak,0.0,0.0,0.0,0.0,nan,nan,nan
241.625,peak,0.0,0.0,0.0,0.0,nan,nan,nan
241.875,peak,0.0,0.0,0.0,0.0,nan,nan,nan
242.125,peak,0.0,0.0,0.0,0.0,nan,nan,nan
242.375,peak,0.0,1.2055474890929064e-17,0.0,1.2055474890929062e-17,-100.0,nan,nan
242.625,peak,0.0,1.2368374553706207e-17,0.0,1.2368374553706207e-17,-100.0,nan,nan
242.875,peak,0.0,0.0,0.0,0.0,nan,nan,nan
243.125,peak,0.0,0.0,0.0,0.0,nan,nan,nan
243.375,peak,0.0,7.578906686261932e-17,0.0,7.578906686261931e-17,-100.0,nan,nan
243.625,peak,0.0,0.0,0.0,0.0,nan,nan,nan
243.875,peak,0.0,3.5473835240801276e-17,0.0,3.547383524080127e-17,-100.0,nan,nan
244.125,peak,0.0,7.090886471744495e-17,0.0,7.090886471744495e-17,-100.0,nan,nan
244.375,peak,0.0,1.371361878221844e-16,0.0,1.371361878221844e-16,-100.0,nan,nan
244.625,peak,0.0,1.0537263336191093e-17,0.0,1.0537263336191093e-17,-100.0,nan,nan
244.875,peak,0.0,0.0,0.0,0.0,nan,nan,nan
245.125,peak,0.0,1.0728154475891926e-17,0.0,1.0728154475891928e-17,-100.0,nan,nan
245.375,peak,0.0,4.7951673014245965e-17,0.0,4.795167301424597e-17,-100.0,nan,nan
245.625,peak,0.0,0.0,0.0,0.0,nan,nan,nan
245.875,peak,0.0,4.540770103672598e-17,0.0,4.5407701036725984e-17,-100.0,nan,nan
246.125,peak,0.0,2.418581789242992e-16,0.0,1.5480411309339113e-16,-100.0,nan,nan
246.375,peak,0.0,1.0400015538428869e-18,0.0,1.0400015538428869e-18,-100.0,nan,nan
246.625,peak,0.0,0.0,0.0,0.0,nan,nan,nan
246.875,peak,0.0,0.0,0.0,0.0,nan,nan,nan
247.125,peak,0.0,1.501856500491297e-18,0.0,1.501856500491297e-18,-100.0,nan,nan
247.375,peak,0.0,0.0,0.0,0.0,nan,nan,nan
247.625,peak,0.0,2.2281692007956878e-17,0.0,1.3414634287387399e-17,-100.0,nan,nan
247.875,peak,0.0,2.1736516666454042e-16,0.0,2.1736516666454042e-16,-100.0,nan,nan
248.125,peak,0.0,0.0,0.0,0.0,nan,nan,nan
248.375,peak,0.0,0.0,0.0,0.0,nan,nan,nan
248.625,peak,0.0,9.144133367167128e-17,0.0,9.144133367167128e-17,-100.0,nan,nan
248.875,peak,0.0,1.685855166404238e-16,0.0,1.685855166404238e-16,-100.0,nan,nan
249.125,peak,0.0,0.0,0.0,0.0,nan,nan,nan
249.375,peak,0.0,0.0,0.0,0.0,nan,nan,nan
249.625,peak,0.0,2.6583282016628963e-18,0.0,2.6583282016628963e-18,-100.0,nan,nan
249.875,peak,0.0,7.7665791576838135e-16,0.0,4.264323112942517e-16,-100.0,nan,nan
0.125,valley,3.3873665017836177e-11,3.465674723202028e-11,3.4557278352670806e-13,1.7330718480576628e-13,-2.2595375409628526,-5.244154542880562,0.7250794609548562
0.375,valley,3.3515653996119e-11,3.4108115357867055e-11,4.734007409801341e-13,2.2732561527046112e-13,-1.737009962385394,-5.89283261208722,2.418812687316432
0.625,valley,3.378637748596703e-11,3.400795947072765e-11,5.933204913025024e-13,4.0539815478787584e-13,-0.6515591885227545,-5.986521571547721,4.683403194502212
0.875,valley,3.386977161312643e-11,3.381530279966682e-11,5.859042873103335e-13,2.351089679985364e-13,0.16107740859900854,-5.0524220608331625,5.37457687803118
1.125,valley,3.359604298225349e-11,3.3624240018070854e-11,6.683210673760556e-13,3.6067957058115244e-13,-0.08385925095172331,-6.040130507201229,5.872412005297782
1.375,valley,3.324524990944155e-11,3.353057297772466e-11,5.501699591992599e-13,3.2399787561356124e-13,-0.8509340668668486,-5.786437779299149,4.084569645565452
1.625,valley,3.289806659267924e-11,3.325873936432799e-11,4.559568219621728e-13,2.2948261134536864e-13,-1.0844451068869887,-5.187866631104427,3.0189764173304496
1.875,valley,3.283070631709961e-11,3.327835838717874e-11,3.4716014442832106e-13,2.4400994329161103e-13,-1.3451747375002765,-4.546384958572413,1.85603548357186
2.125,valley,3.29044012516988e-11,3.3104167187048e-11,2.1941322522616129e-13,1.7722293033702379e-13,-0.6034464912543114,-2.7070290119922102,1.5001360294835877
2.375,valley,3.2697410489390674e-11,3.293352472155675e-11,2.968542814935387e-13,3.1358388253896805e-13,-0.7169418826631913,-3.914849714188271,2.4809659488618885
2.625,valley,3.2676230716788266e-11,3.280548884276868e-11,2.5972872798997535e-13,3.512894561522816e-13,-0.3940137170335478,-3.7115238394671755,2.92349640540008
2.875,valley,3.2690273172875095e-11,3.268410614509776e-11,2.28858847419325e-13,2.846473995693728e-13,0.01886858324948726,-2.74675131232656,2.7844884788255344
3.125,valley,3.2605383040618104e-11,3.271988734354636e-11,3.86818032885773e-13,3.5339215933071333e-13,-0.3499532309693021,-4.270266318807855,3.5703598568692514
3.375,valley,3.2294118199160946e-11,3.266000805979275e-11,3.013598451772323e-13,3.527906085073746e-13,-1.1202993580465281,-4.59176707082137,2.351168354728314
3.625,valley,3.235156060554801e-11,3.270451915682315e-11,4.29701628836907e-13,3.8225945501764974e-13,-1.079234798049311,-5.378615729727856,3.2201461336292336
3.875,valley,3.223638552185548e-11,3.276093551107806e-11,2.522577021227078e-13,4.870211965362325e-13,-1.6011447201964124,-5.982030124331085,2.77974068393826
4.125,valley,3.2219295320601305e-11,3.2827645128463704e-11,2.5856270307616984e-13,4.1228506970565936e-13,-1.8531631053088304,-5.591369876007021,1.8850436653893605
4.375,valley,3.212411959907513e-11,3.271822765782417e-11,2.387239804308953e-13,2.2378687749061862e-13,-1.8158320339426104,-4.246339209131876,0.6146751412466553
4.625,valley,3.2005714217575593e-11,3.25975542523338e-11,2.2011829487410394e-13,1.580372711741607e-13,-1.8155964406925795,-3.8938283399934437,0.2626354586082843
4.875,valley,3.188748601701263e-11,3.2411415389788084e-11,3.001837332965347e-13,3.414098160245853e-13,-1.6164964302685991,-5.027771673433118,1.7947788128959197
5.125,valley,3.2071081392359704e-11,3.246871730766543e-11,2.43067132905478e-13,2.3445156626732803e-13,-1.2246739270228235,-3.7562026434987725,1.306854789453125
5.375,valley,3.1980956038069054e-11,3.212656761775179e-11,3.189347646475661e-13,2.1171738840751552e-13,-0.45324350056704654,-3.4769012670027086,2.5704142658686155
5.625,valley,3.211597910990349e-11,3.1949517335760904e-11,3.422272535379546e-13,1.8449180281042303e-13,0.5210149887186599,-2.6893778648903717,3.7314078423276915
5.875,valley,3.208043440849906e-11,3.182206802421206e-11,4.71948803091822e-13,2.468725031232645e-13,0.8119094714096553,-3.6299309388462033,5.253749881665514
6.125,valley,3.184925449772891e-11,3.1987406060807184e-11,5.079304676940794e-13,3.1103017414505455e-13,-0.431893610928169,-5.224330584805139,4.360543362948801
6.375,valley,3.174350877088727e-11,3.2218823378116206e-11,2.280187843551268e-13,1.9022440425218519e-13,-1.4752699117863477,-3.737421347019873,0.786881523447178
6.625,valley,3.2024933148022685e-11,3.2084212989502706e-11,2.0661606845960648e-13,2.289239828579201e-13,-0.18476327126807357,-2.539961780768118,2.170435238231971
6.875,valley,3.2061733548971463e-11,3.180460333851442e-11,3.762661229313934e-13,1.787529967367707e-13,0.808468534319573,-2.733236359437453,4.350173428076599
7.125,valley,3.1755811846778674e-11,3.182748210406316e-11,3.5991929414927175e-13,2.0616847390753016e-13,-0.22518356007602547,-3.622323629087307,3.171956508935256
7.375,valley,3.1624385712802906e-11,3.1853393551273265e-11,3.7586065392826674e-13,2.1912758627650914e-13,-0.7189432990922451,-4.266293497670748,2.8284068994862586
7.625,valley,3.12607076864424e-11,3.161772755788661e-11,2.700995008403343e-13,2.718614125958098e-13,-1.1291762533868543,-4.078194497874621,1.8198419911009118
7.875,valley,3.118686839798102e-11,3.1835980365713114e-11,2.5535199955658627e-13,2.9213628063971663e-13,-2.0389256441154857,-4.996045955298562,0.91819466706759
8.125,valley,3.1283862170994325e-11,3.1986361108238273e-11,2.561666561589254e-13,5.199606759172617e-13,-2.1962452523648146,-6.955122583148178,2.562632078418549
8.375,valley,3.1500232381631575e-11,3.192571114141174e-11,2.980639805652251e-13,4.2684311052430996e-13,-1.332715058078271,-5.395691720593711,2.730261604437169
8.625,valley,3.133683279088473e-11,3.1875771497880126e-11,5.137720093763693e-13,3.5837955931387404e-13,-1.6907471777780847,-6.627511404983776,3.2460170494276075
8.875,valley,3.145847659880019e-11,3.189977763895513e-11,3.8612839149880234e-13,2.358254614629072e-13,-1.3833984836810864,-5.032780902962248,2.265983935600075
9.125,valley,3.141000937034732e-11,3.16636484569699e-11,3.6889524922815967e-13,3.0278004440659937e-13,-0.801041885515108,-4.514145352910609,2.912061581880393
9.375,valley,3.1515247570723656e-11,3.1751527416190584e-11,4.4778901234346096e-13,4.209243450901289e-13,-0.744152690262212,-5.469261350337498,3.980955969813074
9.625,valley,3.154273701966304e-11,3.1623447654283155e-11,4.626172674467506e-13,5.367303256259475e-13,-0.2552240208040235,-5.758018563244355,5.247570521636308
9.875,valley,3.165152062933885e-11,3.136010624871233e-11,4.526387023108934e-13,3.331766959305786e-13,0.9292518919271409,-3.560949411032611,5.419453194886892
10.125,valley,3.1578821392486144e-11,3.148597065205649e-11,3.8286419066777625e-13,3.662185786029681e-13,0.29489559478956817,-3.830032391020388,4.419823580599525
10.375,valley,3.1585053903882e-11,3.169451136386669e-11,3.943661070678892e-13,4.295905958279677e-13,-0.3453514670981095,-4.84639089233778,4.155687958141561
10.625,valley,3.1615481617564e-11,3.138743562658419e-11,3.6533762114406913e-13,3.962113055979211e-13,0.7265518397006732,-3.4994052567990956,4.952508936200442
10.875,valley,3.1524626876944244e-11,3.127975961092489e-11,4.499223305264792e-13,3.846436526821952e-13,0.78282975657471,-3.88771594234208,5.4533754554915
11.125,valley,3.1723718535658915e-11,3.108663659645572e-11,4.631080565003613e-13,3.556516161308354e-13,2.049375580489232,-2.6468378874562375,6.745589048434702
11.375,valley,3.159023907528535e-11,3.1104619068855754e-11,3.725247902345229e-13,4.037014138389376e-13,1.561247239050223,-2.806311271886619,5.928805749987065
11.625,valley,3.159420901965859e-11,3.1116621130422575e-11,3.92256673401708e-13,4.1051251342039875e-13,1.5348320990066666,-2.9700579509433465,6.03972214895668
11.875,valley,3.152772151793215e-11,3.1023703797927743e-11,3.7865749228189405e-13,4.264474642857384e-13,1.624621364642076,-2.934329039421192,6.183571768705344
12.125,valley,3.159715043921096e-11,3.128988930711785e-11,3.94528423983094e-13,4.1445730827252177e-13,0.9819821638781479,-3.5197018971794773,5.483666224935773
12.375,valley,3.130486203417604e-11,3.140752042440908e-11,4.0034847778151934e-13,4.3405527035582077e-13,-0.3268592644239954,-4.925865357590277,4.272146828742287
12.625,valley,3.135955481070596e-11,3.151971185388902e-11,4.80052074736883e-13,3.686486919006328e-13,-0.5081170916963695,-5.2777198124819655,4.2614856290892265
12.875,valley,3.1148948608006324e-11,3.115727051294926e-11,4.2995440156920496e-13,4.4844981156545854e-13,-0.026709351640652468,-4.907142146137468,4.853723442856163
13.125,valley,3.1067949834096e-11,3.107179475136945e-11,3.4041686784576556e-13,4.984116599236746e-13,-0.012374300564921281,-4.921736027177672,4.896987426047829
13.375,valley,3.0921422705887386e-11,3.133692518986209e-11,3.7538068880556667e-13,5.277110911752504e-13,-1.3259197622526253,-6.462148664375979,3.810309139870728
13.625,valley,3.100586502569058e-11,3.089366649078329e-11,3.3472465545203604e-13,4.0754023476799675e-13,0.363176494252504,-3.8629957752677946,4.5893487637728025
13.875,valley,3.0989835778427734e-11,3.0833388564133206e-11,3.8199612234584083e-13,4.81671137079263e-13,0.5073954618030951,-4.451379278650407,5.466170202256597
14.125,valley,3.090035406216884e-11,3.087445173832748e-11,4.0878124478760686e-13,4.792135074552856e-13,0.08389565606183869,-4.941105104529466,5.108896416653144
14.375,valley,3.084068251268945e-11,3.082785235619667e-11,3.122681281040876e-13,4.577647411317753e-13,0.041618716557145774,-4.504202405224295,4.587439838338587
14.625,valley,3.06950944093387e-11,3.0564940118438244e-11,3.612720489904674e-13,5.358306620587959e-13,0.4258287122307802,-4.948654629523701,5.8003120539852615
14.875,valley,3.075074931757627e-11,3.06358101056503e-11,3.9575428478719323e-13,5.027274121160792e-13,0.3751792804877363,-4.818243455623255,5.568602016598728
15.125,valley,3.0640140295190575e-11,3.097471599744495e-11,4.503034859595117e-13,5.844630479377458e-13,-1.0801574493272903,-6.954419184301034,4.794104285646452
15.375,valley,3.052823512916802e-11,3.079910530345842e-11,2.824676877976251e-13,3.370910556013572e-13,-0.8794741653095461,-4.3789666012989965,2.620018270679904
15.625,valley,3.052836783012935e-11,3.061897666611912e-11,2.7569805480733887e-13,3.7603710162265944e-13,-0.29592378928207097,-4.096587256551363,3.504739677987221
15.875,valley,3.0778533556485856e-11,3.074978766903769e-11,3.4492651299239363e-13,4.593600490185453e-13,0.0934832063153257,-4.568584955033742,4.755551367664394
16.125,valley,3.061975331775102e-11,3.0481678436444783e-11,4.442324218871101e-13,4.266635266079011e-13,0.4529766351092812,-4.5037866674484865,5.409739937667049
16.375,valley,3.05067584633889e-11,3.0541548312612576e-11,3.613345500939886e-13,4.0935342369963353e-13,-0.1139099068180105,-4.5017330023150794,4.2739131886790585
16.625,valley,3.041621744159783e-11,3.069088930374164e-11,4.734253449529681e-13,3.702647529811361e-13,-0.8949622131357526,-5.7434707782752294,3.953546352003724
16.875,valley,3.0499677365014576e-11,3.020910406803523e-11,4.561953998868842e-13,2.3030351388093193e-13,0.9618732694784082,-3.558675052138787,5.482421591095603
17.125,valley,3.0430804315528805e-11,3.0228753644223615e-11,4.959461056252906e-13,2.4166807446050246e-13,0.6684055640640008,-4.24236870110454,5.579179829232541
17.375,valley,3.033725468526427e-11,3.0100031636948184e-11,4.3599460089234024e-13,2.1259109789825355e-13,0.7881156112304444,-3.5474663065244973,5.123697528985386
17.625,valley,3.0306582289085776e-11,3.018040325741822e-11,4.2706156085285095e-13,2.9087039501223624e-13,0.41808265645537634,-3.914138681124762,4.750303994035514
17.875,valley,3.0376255949704504e-11,3.01712260579734e-11,3.8814696747140645e-13,3.440686358143976e-13,0.6795543917809121,-3.552842705880806,4.91195148944263
18.125,valley,3.021370929445766e-11,3.0177842518241954e-11,2.6980981054309326e-13,2.397840818875609e-13,0.1188513598811003,-2.819098143186523,3.0568008629487236
18.375,valley,3.025085510444114e-11,3.021503167133232e-11,4.425354892774453e-13,2.9586771771139535e-13,0.11856162686998406,-4.35053316290793,4.587656416647898
18.625,valley,3.018920222075395e-11,3.011038035083402e-11,4.163843266681344e-13,2.482483861578581e-13,0.26177640070144115,-3.9048975866628055,4.428450388065688
18.875,valley,3.040429129441691e-11,3.010787347079713e-11,2.8171020969907586e-13,3.8152977698299963e-13,0.9845192949521575,-2.98262819227522,4.951666782179535
19.125,valley,3.044907322191648e-11,3.0141667025418425e-11,3.177328075302312e-13,2.8653861182993884e-13,1.0198712507799135,-2.476707045450471,4.516449547010298
19.375,valley,3.062944028897618e-11,3.0230069143044605e-11,4.939033614864301e-13,2.924077163120357e-13,1.3211056317529613,-3.603083703471846,6.245294966977768
19.625,valley,3.0476904157694666e-11,3.041264147896072e-11,3.0691110103545537e-13,2.057924944133975e-13,0.2113025229275367,-2.8697673472593084,3.292372393114382
19.875,valley,3.023800184109859e-11,3.0212221048486756e-11,4.427255411686922e-13,2.5229768812750906e-13,0.08533233147758335,-4.316298274317052,4.486962937272219
20.125,valley,3.024774639470707e-11,3.011849344147777e-11,4.575603702410849e-13,3.495821354784526e-13,0.4291481361126115,-4.3335610658179995,5.1918573380432225
20.375,valley,3.0220082237519816e-11,3.030232755918405e-11,4.611013087371692e-13,3.683714185864372e-13,-0.2714158557741264,-5.090275331002334,4.547443619454081
20.625,valley,3.0424669660078507e-11,3.022409433128814e-11,3.6329092607898657e-13,2.9390975120362853e-13,0.6636272590730075,-3.1675019957436814,4.494756513889697
20.875,valley,3.0532167556884814e-11,3.0280517535175024e-11,3.3578566812751004e-13,2.70596200145859e-13,0.8310624856971538,-2.7009975720303574,4.363122543424665
21.125,valley,3.05172224841499e-11,3.0290386575870796e-11,4.347878125164556e-13,5.452682681578148e-13,0.7488709584835718,-4.983810561794026,6.481552478761168
21.375,valley,3.029494408224309e-11,3.018055940628983e-11,3.564107145784779e-13,4.939972042478831e-13,0.37900117891591645,-4.696546966656437,5.45454932448827
21.625,valley,3.040851436253434e-11,3.0169838538540715e-11,3.0881993297080755e-13,4.2158382119444083e-13,0.7911073958474235,-3.5696012105888637,5.151816002283711
21.875,valley,3.027714052450392e-11,3.0175084759775925e-11,3.5771607471986226e-13,3.6491176093281764e-13,0.3382120233976549,-3.813212608567533,4.489636655362843
22.125,valley,3.037635181613041e-11,3.015398283423565e-11,4.085523266909343e-13,2.3295753865626475e-13,0.7374448115765819,-3.3338959020566405,4.808785525209804
22.375,valley,3.0543185488340895e-11,3.0296508725768943e-11,4.68444693169107e-13,2.322687396529361e-13,0.8142085439770019,-3.813830299258029,5.442247387212032
22.625,valley,3.051230785899861e-11,3.0261326088520944e-11,3.421446638062725e-13,3.797617653499711e-13,0.8293812694906144,-3.3354425620691726,4.994205101050402
22.875,valley,3.054976841099233e-11,3.035205605783631e-11,4.2483204169624225e-13,4.793040710013459e-13,0.6513969029948941,-4.551020074394707,5.853813880384495
23.125,valley,3.0326652108669806e-11,3.0265420861042e-11,5.237429750254767e-13,4.324048587951439e-13,0.20231421168379615,-5.340338858867937,5.744967282235529
23.375,valley,3.035970550513411e-11,3.03418095768393e-11,5.350915774319356e-13,3.5894859967275096e-13,0.05898108433346483,-5.324445501401538,5.442407670068468
23.625,valley,3.0244138514490264e-11,3.025630746833485e-11,3.549008008981875e-13,3.452248690378606e-13,-0.04021956035885621,-4.04429925310799,3.9638601323902773
23.875,valley,3.0360020815578536e-11,3.028012534400659e-11,3.7689965455567697e-13,5.282648648802624e-13,0.26385449420789353,-5.1291386309805445,5.6568476193963315
24.125,valley,3.055768104331946e-11,2.999171871920225e-11,2.8939005479423015e-13,3.992324284548217e-13,1.8870619900647867,-2.2942973529116126,6.068421333041186
24.375,valley,3.045208066509985e-11,3.003214308705537e-11,3.788143580213666e-13,4.64432599751826e-13,1.3982937442299503,-3.5812914417580437,6.377878930217945
24.625,valley,3.044368475002557e-11,3.012777358435414e-11,3.4927906715653966e-13,5.688395365191077e-13,1.048571228759787,-4.707877049329228,6.805019506848802
24.875,valley,3.0269471778865414e-11,3.018373726604296e-11,3.962191455536118e-13,3.6751203615152716e-13,0.28404207228145406,-4.108315928872978,4.676400073435886
25.125,valley,3.033361943494129e-11,3.008971236795333e-11,3.846622785654034e-13,3.0182049084162333e-13,0.8105995298503643,-3.229608368458723,4.8508074281594515
25.375,valley,3.029231766049634e-11,3.00295591273425e-11,3.5915655798010615e-13,3.532452428565257e-13,0.8749996363236479,-3.247584160364754,4.99758343301205
25.625,valley,3.027329341875884e-11,3.029165861789806e-11,3.864818064583002e-13,4.560209900650206e-13,-0.06062790872856105,-4.918978503604086,4.7977226861469635
25.875,valley,3.0202981037064094e-11,3.0128251665928475e-11,4.397763732835043e-13,5.647289053412066e-13,0.24803752957271996,-5.661576748135189,6.1576518072806286
26.125,valley,3.039060317178155e-11,3.0145930992375725e-11,4.016728569631388e-13,4.706126834881463e-13,0.8116258856550429,-4.2675673200459405,5.890819091356026
26.375,valley,3.0394645108344773e-11,3.023942633717524e-11,2.0746031064386513e-13,4.3865004770116964e-13,0.5132993246591777,-3.8525783719563993,4.879177021274755
26.625,valley,3.0201010645214414e-11,3.042034634859192e-11,1.1266508306361287e-13,4.044314125542713e-13,-0.7210164567625132,-4.768033535604239,3.326000622079213
26.875,valley,3.0297587272798406e-11,3.05169723446852e-11,6.278733573193637e-14,4.615557118589051e-13,-0.7188952737803289,-5.445022456590575,4.007231909029917
27.125,valley,3.021547559001192e-11,3.0705440906331206e-11,1.1966416288855807e-13,4.301262555249506e-13,-1.5956954267940748,-5.820617877812612,2.6292270242244626
27.375,valley,3.0162745474626714e-11,3.0646283477153707e-11,2.6886804816703176e-13,4.776665500936e-13,-1.577803073209394,-6.18637590123164,3.0307697548128525
27.625,valley,3.014289941916104e-11,3.0385510285668715e-11,2.1292852388493177e-13,3.625990961421354e-13,-0.7984426268533018,-4.362698523875564,2.7658132701689606
27.875,valley,3.0469563853330324e-11,3.0450475890120286e-11,2.0939970639067965e-13,3.7769232471746785e-13,0.06268527059778428,-3.660169084136694,3.7855396253322624
28.125,valley,3.0373498958624624e-11,3.023156878612099e-11,2.704680419506794e-13,2.079762798599899e-13,0.4694767033353253,-2.3401717115982934,3.279125118268944
28.375,valley,3.0343021990120176e-11,3.022273574515566e-11,2.3790437034968736e-13,1.6487906679422638e-13,0.3979991949729422,-2.0189869128833875,2.814985302829272
28.625,valley,3.0339480531438314e-11,3.032211662912232e-11,1.499757138974651e-13,2.499116320993404e-13,0.05726480947347845,-2.428171263713671,2.542700882660628
28.875,valley,3.026309124720683e-11,3.008508491575412e-11,3.9574739809083e-13,2.5816481829593826e-13,0.5916763471041309,-3.410965392922721,4.594318087130983
29.125,valley,3.0242590469242714e-11,3.029438346402458e-11,3.9221161592420005e-13,2.2258169741100609e-13,-0.17096566709591254,-4.05841877672638,3.716487442534554
29.375,valley,3.043191466645112e-11,3.0167454923457626e-11,5.750640064501939e-13,2.4377646146358523e-13,0.8766392248351629,-4.845223614730389,6.598502064400716
29.625,valley,3.038169873548213e-11,3.037311856246561e-11,4.97148808133708e-13,4.318211286374979e-13,0.028249232948773795,-5.302605194491527,5.359103660389074
29.875,valley,3.0412610755092826e-11,3.017672565874818e-11,2.7665196603193637e-13,4.042326675276181e-13,0.7816788972141664,-3.3467974923048156,4.910155286733149
30.125,valley,3.040817679789142e-11,3.0008411130211246e-11,2.404989173154055e-13,3.231871921432671e-13,1.3321787213109282,-2.054231794213235,4.718589236835092
30.375,valley,3.04969025819446e-11,2.9949779047910856e-11,7.96187952222982e-14,2.8639680989839606e-13,1.8268032400456269,-1.1630995079403281,4.816705988031582
30.625,valley,3.047920128551595e-11,3.0250347464289006e-11,1.6955137745843662e-13,3.834516075079969e-13,0.7565328679186578,-3.0739067417731434,4.586972477610459
30.875,valley,3.043645779143844e-11,3.0334511336604923e-11,2.379661817757216e-13,3.653815837375707e-13,0.33607416220513553,-3.336145539045791,4.008293863456061
31.125,valley,3.038473096239614e-11,3.013657587302986e-11,2.806760369819e-13,2.676563099597586e-13,0.8234349197858037,-2.339145761849791,3.9860156014213985
31.375,valley,3.0286930666534316e-11,3.028177977171254e-11,2.6742247540065587e-13,5.030172924558686e-13,0.01700988138941817,-4.959783359508578,4.993803122287415
31.625,valley,3.048378624725956e-11,3.0226826993384745e-11,2.491391491739129e-13,4.646314991680237e-13,0.8501033003929015,-3.793653242277056,5.493859843062859
31.875,valley,3.049452524805929e-11,3.038330541471623e-11,2.5689017956637734e-13,2.534041948169988e-13,0.36605573957462223,-2.54529014462593,3.2774016237751744
32.125,valley,3.010418336657494e-11,3.043490923460013e-11,3.4451875118403086e-13,2.1343570434944522e-13,-1.0866661880798323,-4.504655544115592,2.331323167955927
32.375,valley,2.9939318153537895e-11,3.031382044582642e-11,3.7706210191672693e-13,2.9569418107152015e-13,-1.2354176635630432,-5.144308965917518,2.673473638791432
32.625,valley,3.002362413440096e-11,3.032843866890289e-11,3.0995991885369674e-13,3.138700379118741e-13,-1.0050452574549062,-4.545986878646806,2.535896363736994
32.875,valley,3.029982403290887e-11,3.032637837918628e-11,3.809469599645744e-13,3.22457560365012e-13,-0.08756187746979949,-4.140161240107511,3.9650374851679118
33.125,valley,3.037828994933989e-11,3.0418262753073574e-11,2.7659456300132875e-13,3.5780323569695145e-13,-0.13141054128623653,-3.8224817972975145,3.5596607147250414
33.375,valley,3.043487416221069e-11,3.0600592793916807e-11,3.1167680458302015e-13,2.5033331359812674e-13,-0.5415536647350949,-3.769498436189569,2.686391106719379
33.625,valley,3.046417162977377e-11,3.065840175509038e-11,2.3821199768765597e-13,1.8661714787614366e-13,-0.6335298456461746,-3.078488616876919,1.8114289255845697
33.875,valley,3.036635482089877e-11,3.051623284022753e-11,2.830057830959934e-13,3.537784965075265e-13,-0.49114194439879855,-4.153907286727998,3.171623397930401
34.125,valley,3.05540223735079e-11,3.057558049590625e-11,2.382295932259794e-13,3.3485693559053857e-13,-0.07050764711150626,-3.445016593293699,3.3040012990706864
34.375,valley,3.0548081525694215e-11,3.046714729748601e-11,2.8033437467794773e-13,2.2895883288027247e-13,0.2656442607440468,-2.6720455967006957,3.2033341181887893
34.625,valley,3.04442499441393e-11,3.0545372595724987e-11,2.78825477355952e-13,2.1586718298324836e-13,-0.33105718802014517,-3.1968870038787625,2.534772627838472
34.875,valley,3.0538987800809993e-11,3.066642702265199e-11,3.27176475531762e-13,2.62881999264292e-13,-0.41556592735064735,-3.7983616757569276,2.967229821055633
35.125,valley,3.0720200840050894e-11,3.071887806527229e-11,4.4008665520098033e-13,1.7673067610740751e-13,0.004306064745573934,-4.306553964605957,4.315166094097105
35.375,valley,3.073934647090937e-11,3.078521064026063e-11,3.154191758155273e-13,2.210683955260651e-13,-0.14898117764143848,-3.298141848384384,3.000179493101507
35.625,valley,3.095676169095896e-11,3.083351839450187e-11,2.284599377423706e-13,2.361406256631231e-13,0.3997055894829682,-2.2140220447696963,3.0134332237356327
35.875,valley,3.089010334633712e-11,3.067762511932415e-11,3.8686381973967274e-13,1.6096928951743607e-13,0.6926162836481398,-3.0954577403817947,4.480690307678074
36.125,valley,3.0638253662118586e-11,3.072969124673363e-11,2.9498953923944296e-13,2.1617647911065937e-13,-0.2975545178143246,-3.273036805945542,2.677927770316893
36.375,valley,3.065207499730604e-11,3.077187110989144e-11,4.378377285393598e-13,2.955615920315359e-13,-0.38930395931265904,-4.733891784961123,3.955283866335805
36.625,valley,3.062093546191136e-11,3.075864651691518e-11,3.7056138416551164e-13,2.136111258200045e-13,-0.44771493741797563,-4.067676771742469,3.1722468969065174
36.875,valley,3.072580091156852e-11,3.0700141110173716e-11,2.4736425435111017e-13,1.8040830804585457e-13,0.08358203078844273,-2.4134002022244454,2.580564263801331
37.125,valley,3.048292086305082e-11,3.0651403932324685e-11,4.071006635369614e-13,1.8482478515436852e-13,-0.549674884862883,-4.529915150602159,3.4305653808763927
37.375,valley,3.0778219212379555e-11,3.079006165762621e-11,4.610934196278308e-13,2.35459879630799e-13,-0.03846190819082329,-4.521395720858799,4.444471904477153
37.625,valley,3.0961452665678736e-11,3.0779606390751735e-11,6.230376325543053e-13,4.417558695902407e-13,0.5908011708091188,-5.652792203820145,6.834394545438382
37.875,valley,3.103048004504671e-11,3.085902318389344e-11,4.04523596583335e-13,3.3126594311401215e-13,0.5556133780759698,-3.6368800278669373,4.748106784018876
38.125,valley,3.0814981187177177e-11,3.098362316222847e-11,2.9721090781763274e-13,4.4163243926450247e-13,-0.5442939134919444,-4.877063842029069,3.788476015045181
38.375,valley,3.079972441355494e-11,3.097321712175472e-11,3.3826632302599595e-13,3.75373688513775e-13,-0.5601378362402043,-4.549052343758777,3.4287766712783685
38.625,valley,3.08993608655328e-11,3.113349447403379e-11,3.8333389214469776e-13,3.0679707544613045e-13,-0.7520312526955952,-4.6478724622864585,3.143809956895268
38.875,valley,3.092884156785658e-11,3.12826435902025e-11,4.479739732804464e-13,3.3304245617692984e-13,-1.1309850503066987,-5.575415000256576,3.3134448996431782
39.125,valley,3.096168120464426e-11,3.117912535799405e-11,4.5259406788270726e-13,4.709021729015155e-13,-0.6974029927174996,-5.805950509969115,4.411144524534116
39.375,valley,3.107144146952123e-11,3.116808019854034e-11,4.3260720268153614e-13,4.583200506161476e-13,-0.31005672599506706,-5.253366268486266,4.633252816496132
39.625,valley,3.117031334909371e-11,3.117296964205707e-11,2.41188943230385e-13,3.742697510854494e-13,-0.008521141854178627,-3.653073815439281,3.6360315317309237
39.875,valley,3.0922836828040096e-11,3.125092575828603e-11,2.358049157413045e-13,2.424148570934763e-13,-1.049853475649265,-3.683740624695679,1.5840336733971492
40.125,valley,3.0875267924557195e-11,3.137880167969342e-11,1.8362431593358635e-13,3.4098371913913507e-13,-1.6046940232968931,-4.810411608369951,1.6010235617761646
40.375,valley,3.07342384076037e-11,3.1353781963616706e-11,3.617633011994509e-13,2.371175915030843e-13,-1.975977114122729,-5.477416469138116,1.5254622408926575
40.625,valley,3.074282736292843e-11,3.123558664697157e-11,1.9717507691658978e-13,3.508766466765567e-13,-1.5775573214371286,-4.898684497055903,1.743569854181646
40.875,valley,3.080193104665341e-11,3.1293069270077466e-11,2.3114486502046996e-13,2.726339451255794e-13,-1.569479232558646,-4.353726072108577,1.2147676069912845
41.125,valley,3.1064672725733544e-11,3.121656408211493e-11,3.795949873514954e-13,2.59015039272721e-13,-0.4865729488416348,-4.205167655784397,3.2320217581011272
41.375,valley,3.128203098867743e-11,3.125832319028632e-11,2.434999690748763e-13,2.818619266411964e-13,0.0758447542012819,-2.856316824753764,3.008006333156328
41.625,valley,3.1053103185740834e-11,3.1203115469224944e-11,2.592426761385763e-13,2.925726973721585e-13,-0.4807605946658189,-3.547865608516676,2.586344419185038
41.875,valley,3.108913142568781e-11,3.0977319681824153e-11,3.1255730495720273e-13,2.2659327409596068e-13,0.36094712199798984,-2.7637677402500125,3.485661984245992
42.125,valley,3.0986410905597945e-11,3.116424397830997e-11,4.1179169725840006e-13,2.2004152749473044e-13,-0.5706317561747776,-4.528765128567862,3.3875016162183065
42.375,valley,3.1259368199698655e-11,3.1264173628642314e-11,3.669735431997397e-13,2.2700781643242656e-13,-0.015370401280190293,-3.562685076834367,3.5319442742739864
42.625,valley,3.148932302110552e-11,3.1144756377443626e-11,5.248781018889482e-13,3.606974975695673e-13,1.1063391843111336,-4.0669880610118385,6.279666429634107
42.875,valley,3.1278022106562275e-11,3.092054913622633e-11,3.4091967248036947e-13,3.517926756412244e-13,1.156101622778527,-2.7455160210750194,5.057719266632073
43.125,valley,3.1081331542281984e-11,3.118816897540455e-11,2.864470700428961e-13,2.4040793133259745e-13,-0.34255756792525016,-3.2947192430954426,2.6096041072449423
43.375,valley,3.114013449589948e-11,3.137001888831037e-11,2.4231342008741924e-13,3.0409374604387015e-13,-0.7328156008747588,-3.7867460913790083,2.3211148896294906
43.625,valley,3.1284897460182033e-11,3.1352897025271885e-11,3.386909122238659e-13,3.2257917543302835e-13,-0.2168844717444829,-3.8657499044143138,3.431980960925348
43.875,valley,3.116016864623816e-11,3.147206294329407e-11,2.410835799689145e-13,3.579194996819287e-13,-0.9910195515873133,-4.435376464092421,2.4533373609177946
44.125,valley,3.10528616296324e-11,3.137058962465744e-11,2.1050495826594096e-13,3.3265762028481374e-13,-1.012821240616113,-4.196326886527526,2.1706844052953
44.375,valley,3.131508449882858e-11,3.109045044880077e-11,1.241864238827028e-13,1.9905350937878055e-13,0.7225178367799234,-1.226625690056535,2.671661363616382
44.625,valley,3.136638778755696e-11,3.102205960203719e-11,2.2481576267610144e-13,1.331632184410513e-13,1.1099462445013142,-1.073952602187334,3.293845091189962
44.875,valley,3.1597357718737834e-11,3.116459805596605e-11,2.344613183530241e-13,1.2776990226908432e-13,1.3886258439612442,-0.8677940782541786,3.6450457661766675
45.125,valley,3.1815918333677475e-11,3.1306592831015225e-11,2.68425139843029e-13,1.5944269604038048e-13,1.6268953488853155,-0.95860265866224,4.212393356432871
45.375,valley,3.190532015651115e-11,3.1541013697733437e-11,3.148652938537089e-13,9.524378903969196e-14,1.1550245729860409,-1.891590503376965,4.201639649349047
45.625,valley,3.191607922303774e-11,3.157594704816802e-11,2.5217596963933865e-13,2.6062379895467734e-13,1.0771875641635065,-1.7500990699965029,3.9044741983235154
45.875,valley,3.203061024237286e-11,3.1588392005232887e-11,1.5953836560885497e-13,2.43654700841281e-13,1.3999390569381154,-0.9750602514326561,3.7749383653088873
46.125,valley,3.206232292995992e-11,3.1630671117000023e-11,2.1712146196086585e-13,1.2843645935476942e-13,1.3646622019597432,-0.7041080026893094,3.4334324066087953
46.375,valley,3.206998135851791e-11,3.178545637183561e-11,3.1474873144208167e-13,9.151621185596635e-14,0.8951420528742648,-2.133861891612273,3.9241459973608026
46.625,valley,3.205401498007633e-11,3.210726802649333e-11,3.562964453698383e-13,5.148801116048016e-14,-0.16585978717671424,-3.654708096263649,3.3229885219102204
46.875,valley,3.229761921375029e-11,3.205086918001143e-11,4.3537170299051455e-13,1.5949834407885943e-13,0.769870022410335,-3.3339484172154052,4.873688462036075
47.125,valley,3.228721928394407e-11,3.214393993289377e-11,5.177960696360911e-13,2.6622801907662813e-13,0.44574296539074965,-4.377074672516745,5.268560603298244
47.375,valley,3.2104446233915955e-11,3.22739129785532e-11,3.954792372496584e-13,3.342115123374583e-13,-0.5250889309575291,-4.470423074526628,3.4202452126115697
47.625,valley,3.2405293495685324e-11,3.2177693043422554e-11,3.9875009785478776e-13,2.1779938140272025e-13,0.7073237101107077,-3.008719462044122,4.423366882265538
47.875,valley,3.2294330395643554e-11,3.220263639036603e-11,3.6431205045250724e-13,1.5930013371653878e-13,0.2847406782662043,-3.108288374637021,3.6777697311694295
48.125,valley,3.2420372406249955e-11,3.2154862964262065e-11,3.940255125388591e-13,3.304663916323061e-13,0.8257209563697687,-3.127484182661632,4.77892609540117
48.375,valley,3.2292147920998104e-11,3.243019074261611e-11,3.878824468041625e-13,2.7531716092591963e-13,-0.42566145451806703,-4.108512458998466,3.257189549962332
48.625,valley,3.226101219411249e-11,3.286010925762639e-11,2.79142763872369e-13,2.47006949827846e-13,-1.8231742895829295,-4.589731117984789,0.94338253881893
48.875,valley,3.2442672761590073e-11,3.2718065568815284e-11,4.617638344721078e-13,1.8064522027476007e-13,-0.8417148215745907,-5.095201270256157,3.4117716271069756
49.125,valley,3.231276005521977e-11,3.2720078166903474e-11,5.119680698899314e-13,3.4292252322279166e-13,-1.2448567806164546,-6.011181801999204,3.521468240766295
49.375,valley,3.239611180561042e-11,3.286519759626572e-11,4.802886692232516e-13,3.224628133655874e-13,-1.4273025113611282,-5.879271098453238,3.0246660757309813
49.625,valley,3.2316867191184425e-11,3.272165915291225e-11,4.2314935445844044e-13,1.3954338160697154e-13,-1.237076518144098,-5.170192219916892,2.6960391836286957
49.875,valley,3.21856560674405e-11,3.2526505407304285e-11,2.9959509562677885e-13,1.3659911125194307e-13,-1.0479125734400019,-3.808256170243459,1.7124310233634552
50.125,valley,3.214721249378272e-11,3.2626123754653235e-11,4.081026647327892e-13,1.7037538658125482e-13,-1.467876675978741,-5.227963562731548,2.2922102107740665
50.375,valley,3.222619866960485e-11,3.271777202940029e-11,3.4157298129306406e-13,3.128338226981296e-13,-1.5024658749798525,-4.951694071052148,1.9467623210924427
50.625,valley,3.24669453846127e-11,3.2708965107985934e-11,3.400079928902756e-13,3.228277883660364e-13,-0.7399186203972619,-4.238035195039385,2.7581979542448614
50.875,valley,3.2517291742806266e-11,3.2624561839611485e-11,5.241050519226417e-13,2.3949622063633397e-13,-0.3288016474599087,-5.142097884353837,4.48449458943402
51.125,valley,3.237538609823787e-11,3.2693527657556836e-11,5.723803259972705e-13,3.023856989273639e-13,-0.9731025744645461,-6.2157648774700105,4.269559728540918
51.375,valley,3.24670725717624e-11,3.293721394470595e-11,4.936759396511158e-13,4.5413547583364916e-13,-1.4273865838586253,-6.389640648397157,3.5348674806799076
51.625,valley,3.2663922382880634e-11,3.2896867423914953e-11,5.586632185641139e-13,3.317036111012901e-13,-0.7081070608716211,-5.819717477246387,4.403503355503145
51.875,valley,3.2745962244007384e-11,3.295738019915006e-11,4.927735969445279e-13,3.0424336957920817e-13,-0.6414889589680728,-5.156595705733074,3.8736177877969284
52.125,valley,3.271089394729643e-11,3.3029010211294006e-11,4.551783298618139e-13,3.72956494785498e-13,-0.9631419832520471,-5.3508763038442,3.4245923373401057
52.375,valley,3.27936324708844e-11,3.3094085921447916e-11,4.1566948377832706e-13,3.6243730257758064e-13,-0.9078765652469456,-4.990369652182515,3.1746165216886246
52.625,valley,3.254978474842574e-11,3.2963506555461206e-11,3.261845600870625e-13,3.339514429063082e-13,-1.2550904022889053,-4.698241275860431,2.1880604712826206
52.875,valley,3.277293774317513e-11,3.283644866769464e-11,4.515097626274471e-13,2.622348976490931e-13,-0.193415935938257,-4.327544507557675,3.940712635681161
53.125,valley,3.272543665389094e-11,3.284512794721196e-11,3.062190153171558e-13,3.252671948862712e-13,-0.36441110387325226,-3.6886512713725264,2.959829063626022
53.375,valley,3.249522862347476e-11,3.302079068134844e-11,2.489700555231445e-13,2.780894497646223e-13,-1.5916095497087501,-4.339084859936975,1.1558657605194742
53.625,valley,3.242115710122562e-11,3.298702071674598e-11,2.7046745327176e-13,2.7999583640222226e-13,-1.7154129206736646,-4.577813252874012,1.1469874115266825
53.875,valley,3.2596063789469556e-11,3.281657336628996e-11,2.778358778259575e-13,3.202977591787857e-13,-0.6719457706907295,-3.8352844609564825,2.4913929195750235
54.125,valley,3.246526782163528e-11,3.298269425044964e-11,3.0798379617105616e-13,4.487572433841579e-13,-1.5687815703755215,-5.68237242442776,2.5448092836767167
54.375,valley,3.2523170716558533e-11,3.2910416052800425e-11,3.4014114905004457e-13,2.5963868147839706e-13,-1.1766649671660412,-4.403328644463129,2.0499987101310473
54.625,valley,3.257647773580174e-11,3.298530694451074e-11,3.6645110053489055e-13,2.2470063619054364e-13,-1.2394282381447908,-4.5903880507867205,2.1115315744971395
54.875,valley,3.252648190255059e-11,3.27750265398663e-11,3.767570010042419e-13,1.6302225505369707e-13,-0.7583354265583653,-4.208311000231267,2.6916401471145357
55.125,valley,3.262864572661783e-11,3.308448347638659e-11,2.812359993406005e-13,8.605445054805175e-14,-1.3777992033458974,-3.9740357017385946,1.2184372950467992
55.375,valley,3.2410594172915814e-11,3.33109098562545e-11,3.203437395103259e-13,1.7928056503245196e-13,-2.702765211829361,-5.58551169143926,0.17998126778053758
55.625,valley,3.2513764296027146e-11,3.342960400232187e-11,3.8196806863388284e-13,2.8037249311604607e-14,-2.739606805486272,-6.364416498144518,0.8852028871719736
55.875,valley,3.2678870638847004e-11,3.315040029860938e-11,3.6207600489900365e-13,1.8334821958783407e-13,-1.4223950706928723,-4.69159086964132,1.8468007282555758
56.125,valley,3.27075177892766e-11,3.3214405419812466e-11,4.326501838693025e-13,2.1935769982776952e-13,-1.5261077960874836,-5.424993786013864,2.372778193838897
56.375,valley,3.2674444412350565e-11,3.323706141600269e-11,3.873741986245148e-13,1.621657014039976e-13,-1.6927399104580299,-5.196174226124216,1.8106944052081568
56.625,valley,3.2846268823050195e-11,3.3357088312868653e-11,3.173770628827687e-13,1.5593970132715484e-13,-1.5313671416020802,-4.379469791781662,1.3167355085775019
56.875,valley,3.271333082466299e-11,3.3666156184608556e-11,4.2570769707947006e-13,1.7518627337248148e-13,-2.8302172505846546,-6.635884223575639,0.9754497224063297
57.125,valley,3.2719815436621504e-11,3.3632891017987275e-11,4.0122519011736546e-13,3.077824075344227e-13,-2.714829304675137,-6.429854349679862,1.0001957403295876
57.375,valley,3.301631761587487e-11,3.399138910253896e-11,3.810855033544393e-13,3.9030225909956593e-13,-2.8685838161031763,-6.738145871142044,1.0009782389356916
57.625,valley,3.3195117993045645e-11,3.386449978393102e-11,3.9938423432768337e-13,3.4331095582101615e-13,-1.9766475074378675,-5.776763650892328,1.8234686360165933
57.875,valley,3.327495235794231e-11,3.4129088817280714e-11,2.726323404092922e-13,3.8061328554619547e-13,-2.5026641171443265,-5.87688880859172,0.8715605743030665
58.125,valley,3.323992689274747e-11,3.421710266593436e-11,2.935641827746043e-13,4.947842539166822e-13,-2.85581097478409,-7.096028359318095,1.3844064097499151
58.375,valley,3.3249033549509476e-11,3.402189230428121e-11,3.268019077073868e-13,3.9490258183501313e-13,-2.271651288116261,-5.932881089878338,1.3895785136458159
58.625,valley,3.3069094257598404e-11,3.4132285293253515e-11,2.8799054293404744e-13,3.034473381042854e-13,-3.1149131284955556,-6.065566891449654,-0.1642593655414571
58.875,valley,3.275670582070234e-11,3.426472449064022e-11,3.080890846721326e-13,1.6887402803285422e-13,-4.401082140175438,-7.093677192996791,-1.7084870873540863
59.125,valley,3.2815986685363895e-11,3.430435387485886e-11,3.4172558580899936e-13,2.37997385091351e-13,-4.338712208148509,-7.376280031890936,-1.3011443844060833
59.375,valley,3.330191219674816e-11,3.4525379930983033e-11,2.2624697434795205e-13,3.8504890485446284e-13,-3.543676381492711,-6.790100556959593,-0.29725220602582897
59.625,valley,3.34010344147373e-11,3.4333820821075284e-11,2.583308094140311e-13,2.9754958583569054e-13,-2.71681503552732,-5.490479011786443,0.0568489407318018
59.875,valley,3.340340236945849e-11,3.4448207742343586e-11,3.5499327885825624e-13,3.7759071011389934e-13,-3.032974547470657,-6.656269786887259,0.5903206919459447
60.125,valley,3.339408002034361e-11,3.416614495677095e-11,3.1306004900855493e-13,1.9680864139990101e-13,-2.2597367581393746,-5.027132363600074,0.5076588473213249
60.375,valley,3.338829120025366e-11,3.436828529856939e-11,4.437277714925687e-13,6.450118814160599e-14,-2.8514489151907796,-6.912493779141844,1.209595948760285
60.625,valley,3.3492001051627086e-11,3.43760625298728e-11,4.622244297319303e-13,1.7921347552699313e-13,-2.5717357171941013,-6.629296223833782,1.4858247894455792
60.875,valley,3.3542842288625256e-11,3.435406989638068e-11,4.4935977588831745e-13,2.3208418771924916e-13,-2.361372641443249,-6.276642628120782,1.5538973452342848
61.125,valley,3.372638605014799e-11,3.426166881581594e-11,4.497792967247006e-13,1.3573916449332658e-13,-1.5623371078201886,-5.575246664175648,2.450572448535271
61.375,valley,3.385476708217538e-11,3.47655555685833e-11,5.037803602336473e-13,1.6450652201038295e-13,-2.6198013278147414,-7.03288706933361,1.7932844137041277
61.625,valley,3.3742899148592183e-11,3.495751965942872e-11,3.7631507935024704e-13,2.1438654482674958e-13,-3.4745614753846743,-6.702616637792111,-0.24650631297723838
61.875,valley,3.357645934443098e-11,3.495503864314742e-11,4.649848026802302e-13,2.429667487697854e-13,-3.943864324654933,-7.92553758119578,0.03780893188591386
62.125,valley,3.379982837259376e-11,3.474053244190145e-11,4.630304883879358e-13,3.3608216917917805e-13,-2.7077998038195994,-6.811147623684069,1.39554801604487
62.375,valley,3.388207889543082e-11,3.464983959133861e-11,2.753141505586911e-13,2.0182174877898871e-13,-2.21576984183125,-4.668993064330499,0.23745338066799848
62.625,valley,3.40048233908874e-11,3.474081873378054e-11,3.8361661001948037e-13,1.4406294480450776e-13,-2.1185319451826556,-5.455257608620976,1.2181937182556648
62.875,valley,3.3906023276131236e-11,3.454963817262069e-11,3.5630514343536253e-13,3.436778612115991e-13,-1.8628701501119949,-5.340127530148499,1.614387229924509
63.125,valley,3.418141014321918e-11,3.466176937649834e-11,3.72763970714622e-13,4.945440078318653e-13,-1.3858474103311536,-5.79255028601116,3.0208554653488524
63.375,valley,3.414196112316858e-11,3.4875628074360063e-11,5.31415230303268e-13,3.4634742778908426e-13,-2.1036666339805943,-6.72391720031569,2.5165839323545014
63.625,valley,3.422482075166045e-11,3.478638441833937e-11,4.5375131236915346e-13,4.759143205827873e-13,-1.6143203039602594,-6.201801111848241,2.9731605039277214
63.875,valley,3.4401513801185505e-11,3.506975639311349e-11,4.3832615116132706e-13,4.922935045965329e-13,-1.9054668770359773,-6.466188875982662,2.6552551219107072
64.125,valley,3.446465447609626e-11,3.496716573181402e-11,3.1549312141139216e-13,4.3567525980058645e-13,-1.437094614907719,-5.248110340645755,2.3739211108303166
64.375,valley,3.420353317551417e-11,3.5026808347993203e-11,3.041000467882357e-13,3.9946530089391085e-13,-2.3504144719660225,-5.856122423764134,1.1552934798320889
64.625,valley,3.44146607460516e-11,3.478265688272586e-11,4.448009511557017e-13,3.7197386976641655e-13,-1.057987427225593,-5.15411782833099,3.038142973879804
64.875,valley,3.4483907484172956e-11,3.4664489930946724e-11,4.880290122662655e-13,4.578712805139834e-13,-0.5209436144408719,-5.238591054829497,4.196703825947753
65.125,valley,3.459650557147142e-11,3.514649543490123e-11,4.585462793583193e-13,5.14494241421416e-13,-1.5648497997432065,-6.332576536499398,3.202876937012986
65.375,valley,3.465680157432871e-11,3.5271917766976914e-11,5.017912267454114e-13,4.1463851873496397e-13,-1.7439261361175573,-6.274135637294847,2.7862833650597336
65.625,valley,3.4685462736661065e-11,3.5246741390437825e-11,3.8761543910441667e-13,4.1544881822852193e-13,-1.5924270773270188,-5.506191074995359,2.3213369203413214
65.875,valley,3.458888130580817e-11,3.533228118612897e-11,4.164706854156151e-13,2.2875956364048625e-13,-2.104024578556374,-5.636011982135781,1.4279628250230332
66.125,valley,3.46757640272699e-11,3.510745128210146e-11,4.86138691413638e-13,2.507141637479882e-13,-1.2296171868552586,-5.374733080315452,2.9154987066049345
66.375,valley,3.457584401189706e-11,3.498763976494957e-11,4.995882009536073e-13,2.1604240480962688e-13,-1.1769749426340126,-5.463123427724157,3.1091735424561318
66.625,valley,3.462262992570686e-11,3.524631961226987e-11,2.785147703377082e-13,1.884696959321866e-13,-1.7695171961894407,-4.178256651786131,0.6392222594072495
66.875,valley,3.467439864834887e-11,3.5442580241351605e-11,2.6048657856261523e-13,1.9546216592296187e-13,-2.1673974856561973,-4.447784455582443,0.11298948427004851
67.125,valley,3.485241609268996e-11,3.565019733287045e-11,2.87763351398724e-13,3.310760430786166e-13,-2.237803153602491,-5.220298224226486,0.744691917021504
67.375,valley,3.481695475215929e-11,3.5675439164606354e-11,1.2220997287254107e-13,4.003393080801611e-13,-2.406373775767756,-5.7446654292594905,0.9319178777239784
67.625,valley,3.4883898990756284e-11,3.566790149989174e-11,2.2548556129246514e-13,3.416333711946908e-13,-2.198061775901894,-5.05998566946519,0.6638621176614019
67.875,valley,3.501532594896162e-11,3.5905701878391476e-11,2.4484971016203993e-13,4.0900624063820353e-13,-2.4797619398875925,-5.834526652123111,0.8750027723479263
68.125,valley,3.4891024995431506e-11,3.57746213808241e-11,5.385782460144241e-13,3.678607804477813e-13,-2.4698972380074458,-7.0604310016765535,2.120636525661663
68.375,valley,3.4848513621454916e-11,3.573518353050531e-11,5.084080220984779e-13,2.4908182279385925e-13,-2.4812238848402335,-6.740487742709175,1.778039973028709
68.625,valley,3.522395871868867e-11,3.582928263767826e-11,4.2621920954125666e-13,3.064174335506417e-13,-1.6894670348577612,-5.352395323714473,1.9734612539989502
68.875,valley,3.5531217633888443e-11,3.621562191824523e-11,3.863508152097331e-13,3.586000658061655e-13,-1.8898040351254752,-5.4278108490559145,1.6482027788049636
69.125,valley,3.55643223883817e-11,3.620148581262584e-11,3.239247667957303e-13,3.638020878409856e-13,-1.7600477161131334,-5.0279300677275565,1.5078346355012893
69.375,valley,3.5531182305703623e-11,3.620868687903567e-11,3.2246288905936245e-13,2.6655914540369054e-13,-1.871110586239766,-4.706236544650859,0.9640153721713278
69.625,valley,3.574085880586608e-11,3.6538591558610285e-11,3.4065779959376554e-13,3.829949822424769e-13,-2.1832608174417123,-5.581626775323991,1.2151051404405664
69.875,valley,3.5454346914320916e-11,3.6655060199564106e-11,3.2412172731585537e-13,3.1882908171238476e-13,-3.275709489238454,-6.264045412330599,-0.2873735661463088
70.125,valley,3.543263036931421e-11,3.654955025922391e-11,4.695857783388542e-13,2.286534288972806e-13,-3.0559059741858907,-6.9028532592927725,0.7910413109209911
70.375,valley,3.564074620499014e-11,3.675719955253953e-11,4.789782974863229e-13,2.9813168655195865e-13,-3.037373252425213,-6.966738756217336,0.8919922513669111
70.625,valley,3.586867126159632e-11,3.6626772072168023e-11,5.118316026851429e-13,4.129794720196674e-13,-2.069799678437323,-6.4849305856449435,2.3453312287702976
70.875,valley,3.614017484210308e-11,3.647726347821845e-11,3.7385895321761614e-13,4.2524210159201174e-13,-0.9241061526357397,-4.715549852705295,2.867337547433816
71.125,valley,3.623106280770116e-11,3.6822940415959235e-11,4.0328062582231975e-13,6.259214467028813e-13,-1.6073610677803218,-6.695061536440101,3.480339400879458
71.375,valley,3.655870946772666e-11,3.6769797759461654e-11,3.979908764521791e-13,4.766731101035666e-13,-0.5740806438911616,-4.722555018732637,3.5743937309503133
71.625,valley,3.636201645917936e-11,3.666227186727156e-11,3.4003900495647937e-13,4.483077224548372e-13,-0.8189765467323307,-4.617930985519991,2.97997789205533
71.875,valley,3.6256579619475815e-11,3.659013538026556e-11,3.3872144557870405e-13,3.867593391815944e-13,-0.9116002368486531,-4.344523157349268,2.521322683651962
72.125,valley,3.635990617567586e-11,3.6278237985243324e-11,2.94780520685199e-13,5.328500384133546e-13,0.2251161990440398,-4.189861734798194,4.640094132886274
72.375,valley,3.646243996513476e-11,3.660679197992067e-11,2.0645950201928735e-13,6.802570671861329e-13,-0.3943312346656569,-6.044528389555676,5.2558659202243625
72.625,valley,3.637147815993558e-11,3.665862459456548e-11,3.164251536400536e-13,4.4229651899510613e-13,-0.783298440150626,-4.4836567276570465,2.917059847355794
72.875,valley,3.649571721098255e-11,3.665059435320473e-11,3.4614326938974594e-13,3.916370774877428e-13,-0.4225774368885271,-3.9158106457658777,3.0706557719888234
73.125,valley,3.663670881337567e-11,3.651563750395326e-11,2.818744342589003e-13,3.704967799630702e-13,0.3315601690078607,-2.85054583223286,3.513666170248581
73.375,valley,3.670044796422189e-11,3.655396920976273e-11,2.17717173001633e-13,4.443950166346765e-13,0.40071914931756325,-3.252845297427018,4.054283596062144
73.625,valley,3.651180048791503e-11,3.6587719364433723e-11,1.721159804039534e-13,3.488044637617255e-13,-0.2074982476018894,-3.0550569104562117,2.640060415252433
73.875,valley,3.6504784532098714e-11,3.661638859853156e-11,3.136952952298836e-13,5.29668221477156e-13,-0.3047926644445864,-4.647965676094956,4.038380347205783
74.125,valley,3.616325213329219e-11,3.684252050106806e-11,4.2498822473314527e-13,4.090831429445179e-13,-1.8437076468646563,-5.729908504976794,2.042493211247481
74.375,valley,3.6314553966576566e-11,3.7038160115798746e-11,5.167567551647569e-13,4.67016520178306e-13,-1.9536773612939928,-6.531085478783566,2.62373075619558
74.625,valley,3.635266088508615e-11,3.679823183233566e-11,4.834223576997674e-13,5.942122907966399e-13,-1.2108487964304082,-6.312915445143133,3.8912178522823173
74.875,valley,3.65362574257233e-11,3.6980725440116654e-11,5.476504182994e-13,6.726166774157065e-13,-1.2018910097182478,-6.950475095012962,4.546693075576466
75.125,valley,3.673296532724635e-11,3.7022407411768646e-11,4.820221507261876e-13,5.236732101983197e-13,-0.7818024400819801,-5.472412460800482,3.908807580636521
75.375,valley,3.6752204579215687e-11,3.7084242308083047e-11,3.180972321962419e-13,3.84337947597726e-13,-0.8953606928487456,-4.195154947408855,2.4044335617113637
75.625,valley,3.674980300161224e-11,3.720123345374304e-11,5.215068416282481e-13,5.623150913479171e-13,-1.2134824849077241,-6.229923729450477,3.8029587596350285
75.875,valley,3.676738751323682e-11,3.7103453735198855e-11,4.550205923669914e-13,3.988316173926873e-13,-0.9057545541729883,-4.899387245268703,3.087878136922727
76.125,valley,3.6833811037695344e-11,3.721473569839873e-11,5.323337937688104e-13,5.342984219402532e-13,-1.0235855597377719,-5.957340048901117,3.9101689294255735
76.375,valley,3.6826842602977194e-11,3.718088305504352e-11,6.309280376534741e-13,2.9924483855674187e-13,-0.9522109831070824,-6.0335021694067335,4.129080203192569
76.625,valley,3.702069946598385e-11,3.710353044539261e-11,6.085637340928785e-13,2.825784112222625e-13,-0.22324285159512902,-5.135793072673205,4.689307369482947
76.875,valley,3.704534262283232e-11,3.716887158589088e-11,6.134877557078326e-13,3.599573614243379e-13,-0.3323452065880028,-5.297655127521767,4.6329647143457615
77.125,valley,3.7361282380743434e-11,3.704950299265874e-11,4.944208792533869e-13,3.123912087811999e-13,0.8415211079794371,-3.2042206814599052,4.887262897418779
77.375,valley,3.764526411487167e-11,3.735720147801658e-11,6.827107471607411e-13,3.613206615683596e-13,0.7711033628271302,-4.703749805407568,6.245956531061829
77.625,valley,3.760672558428268e-11,3.7338965427125005e-11,6.598604949902857e-13,1.8975072376441904e-13,0.717106524229405,-4.692357478400395,6.126570526859205
77.875,valley,3.749916683659649e-11,3.7500239074006456e-11,4.746349847191935e-13,3.3828713040045706e-13,-0.002859281531109037,-3.9063093273719507,3.9005907643097326
78.125,valley,3.7578716444386366e-11,3.7628530009214955e-11,5.897617033173193e-13,3.9809314942810106e-13,-0.13238243645550263,-4.919941382236707,4.655176509325702
78.375,valley,3.750185931039595e-11,3.7644946871751014e-11,3.6826782431708e-13,4.778697263373104e-13,-0.3800976578411275,-4.352878222483355,3.5926829068011
78.625,valley,3.772107737631814e-11,3.772984112515587e-11,3.4418658972689887e-13,4.804704081703548e-13,-0.023227632495625983,-3.9537931384487544,3.9073378734575024
78.875,valley,3.7782702833055734e-11,3.790268206671499e-11,2.923806969798931e-13,5.26262793033097e-13,-0.3165454978834248,-4.4691875274159525,3.8360965316491034
79.125,valley,3.788944431448727e-11,3.785217089102844e-11,3.0026475992797114e-13,4.486082368596874e-13,0.09847103239108979,-3.520886759508114,3.7178288242902937
79.375,valley,3.8134424585223313e-11,3.798176638269979e-11,3.9535071326171837e-13,4.908812369465732e-13,0.4019249683791859,-3.7154151327797376,4.519265069538109
79.625,valley,3.7900544043623086e-11,3.815016771113732e-11,3.601776659269238e-13,4.1316874243703614e-13,-0.654318663562159,-4.17124459513096,2.8626072680066423
79.875,valley,3.8110249676037705e-11,3.8422623930500774e-11,4.594404436221543e-13,4.0775633825729786e-13,-0.8129956325421572,-4.726306499684296,3.100315234599981
80.125,valley,3.839387929360782e-11,3.819861373699496e-11,4.402941653239156e-13,4.726681669184444e-13,0.5111849292681159,-3.643869351292696,4.666239209828928
80.375,valley,3.872043166097683e-11,3.8213209251125585e-11,5.437725138934099e-13,3.6531755778540656e-13,1.327348369297976,-3.0259702924505234,5.680667031046475
80.625,valley,3.872013977002098e-11,3.855279254594279e-11,4.65839299522199e-13,3.7568938899012234e-13,0.4340728985553044,-3.410913173145157,4.279058970255766
80.875,valley,3.898132263202569e-11,3.874893855027039e-11,4.857124025265333e-13,1.9502149342003369e-13,0.5997172837491238,-3.171160611703288,4.370595179201535
81.125,valley,3.8884571324615536e-11,3.904479927996362e-11,4.457814064825992e-13,3.474055504588255e-13,-0.4103695198922619,-4.0002040152939,3.179464975509376
81.375,valley,3.8617701449084054e-11,3.902824002466332e-11,3.762639544229002e-13,4.877554362978759e-13,-1.0519013291909407,-4.944697783146541,2.84089512476466
81.625,valley,3.8812267632692966e-11,3.9141476918302944e-11,3.799588927222458e-13,4.733070962747435e-13,-0.8410752775044994,-4.656024059383575,2.973873504374576
81.875,valley,3.881659279159067e-11,3.918954007531284e-11,2.5251169975160547e-13,5.580874370993245e-13,-0.9516500653119597,-5.177555564237391,3.274255433613472
82.125,valley,3.8631345489648085e-11,3.9071243605803836e-11,1.6165233809768713e-13,5.638929118676061e-13,-1.125887162932293,-5.493671924293823,3.2418975984292366
82.375,valley,3.858237477061266e-11,3.892994217835622e-11,2.744046655248954e-13,5.187577710235087e-13,-0.8928022706820027,-4.84924182990668,3.0636372885426746
82.625,valley,3.865309363959568e-11,3.9152113373575044e-11,3.3761450563746603e-13,4.802988529557075e-13,-1.2745665328915967,-5.009002024134237,2.4598689583510427
82.875,valley,3.892071674727049e-11,3.9202650299330345e-11,3.447656374421706e-13,5.97424681348765e-13,-0.7191696222249244,-5.268856146856782,3.830516902406934
83.125,valley,3.925611133581696e-11,3.950341246650169e-11,1.788314645589559e-13,6.059661151214769e-13,-0.6260247286090315,-5.285774918102268,4.033725460884205
83.375,valley,3.930617046421503e-11,3.94190153940599e-11,8.606787723437329e-14,4.736733331575406e-13,-0.2862702904088077,-4.029354402381878,3.4568138215642628
83.625,valley,3.9216092716287675e-11,3.947613336663381e-11,1.2778506897224873e-13,5.126365066033453e-13,-0.6587287765268512,-4.636746845850423,3.3192892927967206
83.875,valley,3.929826178250551e-11,3.9273008525242404e-11,2.1704193315325154e-13,3.8365871788718637e-13,0.06430181493959353,-2.8705810090146078,2.999184638893795
84.125,valley,3.9363778313372674e-11,3.9326371961578844e-11,2.1280093686251314e-13,3.3580830470851757e-13,0.09511772870982593,-2.4942269051075407,2.6844623625271926
84.375,valley,3.958243283364026e-11,3.948027423916755e-11,1.7962041531146743e-13,2.584194959036247e-13,0.2587585735951192,-1.754958766047997,2.2724759132382357
84.625,valley,3.9632265895761516e-11,3.9464156429858125e-11,1.7692740987163174e-13,2.822640204595227e-13,0.42598013263550616,-1.7467546455400595,2.598714910811072
84.875,valley,3.9997002460268055e-11,3.9691564495569765e-11,2.2544023272832203e-13,1.3973316662483365e-13,0.7695286607621199,-0.948666331183318,2.4877236527075577
85.125,valley,3.9985429253874836e-11,3.987225571222553e-11,1.6821748631735316e-13,1.8666004041181299e-13,0.28384032863886244,-1.264873390122263,1.832554047399988
85.375,valley,3.970078219595052e-11,3.984562707159966e-11,3.9302422833762403e-13,1.2639789239456023e-13,-0.3635151114295798,-3.36617340855509,2.6391431856959304
85.625,valley,3.963732831380185e-11,4.021239973894808e-11,4.4732614267831074e-13,9.706144653918208e-14,-1.430084821795008,-4.8848802319175695,2.0247105883275536
85.875,valley,3.969783819002259e-11,4.023321565682636e-11,4.88980117446438e-13,1.9091160225884747e-13,-1.3306852511375977,-4.994738481997602,2.3333679797224063
86.125,valley,3.9757774203508236e-11,4.042167171292021e-11,4.4881881474916873e-13,1.6499809278912482e-13,-1.6424296207417144,-5.0004879037107495,1.7156286622273205
86.375,valley,3.991731500718742e-11,4.058728941913614e-11,4.5054705993337307e-13,3.259255690366416e-13,-1.650700062844901,-5.073063885335831,1.7716637596460292
86.625,valley,4.017526620714308e-11,4.032265911746435e-11,4.688304670745172e-13,3.3472569572534564e-13,-0.36553370622681713,-3.950044949906827,3.218977537453193
86.875,valley,4.024075147412987e-11,4.070473957540344e-11,4.652514796990297e-13,4.091753951248864e-13,-1.1398871632971819,-4.8633989427369775,2.5836246161426137
87.125,valley,4.044494761501482e-11,4.1009615870279953e-11,5.606851420154999e-13,4.869594692516821e-13,-1.3769167140001315,-5.807133821231843,3.05330039323158
87.375,valley,4.047535827567117e-11,4.092890225138035e-11,5.471689780611069e-13,4.020568892036689e-13,-1.108126411315824,-5.247171788430745,3.0309189657990974
87.625,valley,4.0503400214220166e-11,4.0954613751864595e-11,4.4521547300049803e-13,3.554990779367002e-13,-1.1017404299750844,-4.535818839245066,2.3323379792948975
87.875,valley,4.07004953899559e-11,4.107488797444603e-11,5.047015637818832e-13,2.9520843272786435e-13,-0.9114877798888976,-4.605745698897694,2.7827701391198985
88.125,valley,4.085061758019037e-11,4.093668727023215e-11,3.973821462099817e-13,4.063688666761649e-13,-0.21025074519004372,-3.604281163901361,3.183779673521274
88.375,valley,4.105810253918207e-11,4.1134751086246976e-11,4.072831260760839e-13,3.9794248601199683e-13,-0.1863352640792626,-3.570972628461069,3.198302100302544
88.625,valley,4.110157127001912e-11,4.108588456119833e-11,4.288624839665116e-13,2.9165918485005575e-13,0.03818028743527435,-3.1548373679087383,3.231197942779287
88.875,valley,4.1149237830495617e-11,4.119566969507104e-11,5.157239883412847e-13,3.304034043552974e-13,-0.11271054681015746,-3.909974768416877,3.684553674796562
89.125,valley,4.143806643241988e-11,4.153259396844078e-11,5.470839004267366e-13,2.6446412565869615e-13,-0.2275984401377107,-4.170752451810728,3.7155555715353064
89.375,valley,4.1051737809993936e-11,4.158257291919654e-11,2.77248809050157e-13,2.811459331336189e-13,-1.2765807210489921,-3.585097683586405,1.0319362414884206
89.625,valley,4.1374967480578565e-11,4.170782116830197e-11,3.3515120981604537e-13,2.362703471803491e-13,-0.7980605996660728,-3.2676116112557705,1.671490411923625
89.875,valley,4.152753692210354e-11,4.15198572625286e-11,8.770701454143813e-14,1.4520170092445877e-13,0.018496353507146956,-1.0363011959505377,1.0732939029648316
90.125,valley,4.153135239448602e-11,4.1699427612229556e-11,1.7406361410320632e-13,1.6842643897663208e-13,-0.4030636087058559,-1.8220470749055524,1.0159198574938406
90.375,valley,4.16374222140803e-11,4.223992596052995e-11,3.441369252047996e-13,1.8208299390704093e-13,-1.4263844757035016,-3.865957744947654,1.0131887935406505
90.625,valley,4.1557608000175594e-11,4.2344227068724656e-11,1.9079196082868787e-13,1.9126527768112605e-13,-1.8576772396208363,-3.404433956764357,-0.3109205224773155
90.875,valley,4.1581681472280245e-11,4.25044639200678e-11,3.093013060961989e-13,2.1623140726585133e-13,-2.171024788179665,-4.398894199244169,0.05684462288483884
91.125,valley,4.1703128289327646e-11,4.292386844895191e-11,2.5937059071894626e-13,2.8126497619553877e-13,-2.843965848688723,-4.993128982650156,-0.6948027147272897
91.375,valley,4.176195784566516e-11,4.270570647690874e-11,4.272658789356815e-13,4.159679573459083e-13,-2.209888816038852,-5.592016156488344,1.1722385244106404
91.625,valley,4.220153499545631e-11,4.2616618884494526e-11,4.947244862816238e-13,4.809449918886493e-13,-0.9739953565139237,-4.918273917919373,2.9702832048915253
91.875,valley,4.2390885681697904e-11,4.28790496300735e-11,3.9552110564166747e-13,2.7164136689474034e-13,-1.1384672761805326,-3.959205957618248,1.6822714052571832
92.125,valley,4.246647839067919e-11,4.2907128317892786e-11,3.8184739647347893e-13,2.2197233052972654e-13,-1.0269853623129488,-3.7014448446748576,1.6474741200489595
92.375,valley,4.2578289964012595e-11,4.307546660697881e-11,5.867757096929407e-13,2.563362152690889e-13,-1.1541990885495457,-5.2417105973053495,2.9333124202062586
92.625,valley,4.266902971039599e-11,4.278194577977956e-11,5.772031001092132e-13,3.2972610972658324e-13,-0.26393392662598103,-4.316257793735053,3.788389940483091
92.875,valley,4.2573980920224135e-11,4.300071830698471e-11,4.297355641978382e-13,2.40716513745301e-13,-0.9923959495608203,-3.9901935080054587,2.0054016088838176
93.125,valley,4.2313896983614536e-11,4.2906749740723166e-11,5.007730334687429e-13,2.68691986209266e-13,-1.381723763023579,-4.87750190093303,2.1140543748858724
93.375,valley,4.246920036621305e-11,4.286203440528879e-11,5.173124879064008e-13,1.9974455225004266e-13,-0.9165081511559481,-4.556323134109085,2.7233068317971885
93.625,valley,4.2697797709934094e-11,4.308229202365511e-11,5.103684228049071e-13,1.746393719627082e-13,-0.8924648519394007,-4.4874962511053,2.702566547226499
93.875,valley,4.2866392362839184e-11,4.30680416911855e-11,5.139170733268546e-13,1.538647507321522e-13,-0.4682110456570632,-4.115192064760579,3.178769973446452
94.125,valley,4.320938731439128e-11,4.3482878226086545e-11,5.424996611329875e-13,2.3967197739784595e-13,-0.6289623016058621,-4.370684891199525,3.1127602879878
94.375,valley,4.368800276211004e-11,4.3817672263912754e-11,4.822157816108148e-13,2.7910965984777286e-13,-0.29592969024396787,-3.6037837148239618,3.011924334336026
94.625,valley,4.352947570396281e-11,4.384417769642824e-11,5.097613045026713e-13,2.3760793525469785e-13,-0.7177737364454373,-4.2001879655865775,2.7646404926957024
94.875,valley,4.3590210935917633e-11,4.354537693984639e-11,4.62030493928358e-13,2.356743132557463e-13,0.1029592558888126,-3.073283865603537,3.279202377381162
95.125,valley,4.347170201413064e-11,4.3958048479453277e-11,4.0707816680506747e-13,2.1408016891379744e-13,-1.106387754110516,-3.879228817907138,1.6664533096861052
95.375,valley,4.348458691083579e-11,4.3636527777835e-11,3.333938626331277e-13,2.0428648973234567e-13,-0.3481965104391027,-2.654395456383435,1.9580024355052295
95.625,valley,4.387999769051021e-11,4.382720402418272e-11,1.9251463203906339e-13,2.529691674952096e-13,0.12045866831560392,-1.6870113410105687,1.9279286776417766
95.875,valley,4.39561181906356e-11,4.412146836330066e-11,4.2332914825338763e-13,2.615298954584344e-13,-0.374761264297796,-3.2730111715126955,2.5234886429171035
96.125,valley,4.4242488769441476e-11,4.398506899860876e-11,5.135491472814196e-13,2.0268149180172248e-13,0.5852435308010051,-2.9297881505803187,4.100275212182329
96.375,valley,4.4257285765070264e-11,4.4350547824478775e-11,4.77910189116783e-13,1.3625494991520513e-13,-0.21028389497600442,-3.5118942842348866,3.0913264942828778
96.625,valley,4.437802408574498e-11,4.424389334189983e-11,4.0129935394797574e-13,8.634571100285917e-14,0.3031621625353864,-2.512710573564046,3.1190348986348186
96.875,valley,4.468858131190245e-11,4.416631608705756e-11,4.1364166926576003e-13,2.330734051401393e-13,1.1824966877822307,-1.6306036739300664,3.995597049494528
97.125,valley,4.50209044231542e-11,4.475464450592881e-11,4.315080742332763e-13,3.709687650024073e-13,0.5949324816782342,-2.5399570981664192,3.7298220615228876
97.375,valley,4.5335143539659833e-11,4.520942567864949e-11,2.0872271786132312e-13,3.815814218962755e-13,0.27807887210058446,-2.2591922643604443,2.815350008561613
97.625,valley,4.531751835656905e-11,4.4970871726945916e-11,2.203211084503111e-13,3.0717381983659774e-13,0.7708247946090596,-1.3514408149067692,2.893090404124888
97.875,valley,4.5526891284453084e-11,4.5272191186995765e-11,2.685883793744144e-13,4.1623877761703967e-13,0.5625972385681299,-2.242783435359861,3.36797791249612
98.125,valley,4.534158586011472e-11,4.555348797907754e-11,3.8627938661447846e-13,4.4021700611340847e-13,-0.46517210506502593,-3.614812284979684,2.684468074849632
98.375,valley,4.542244863614542e-11,4.558059754344867e-11,5.195617656204459e-13,4.15841836711322e-13,-0.3469654103426256,-3.957867118808794,3.263936298123543
98.625,valley,4.558330027748525e-11,4.553295366349629e-11,6.519158745657603e-13,5.024245468625443e-13,0.11057181653761905,-4.384276390408315,4.605420023483553
98.875,valley,4.608883548939958e-11,4.552783983058362e-11,5.299099775526975e-13,4.5044750839505e-13,1.2322035504067852,-2.5454695557971987,5.0098766566107695
99.125,valley,4.626620321346309e-11,4.587157420132826e-11,4.746616542458316e-13,3.117654933301916e-13,0.8602909732350117,-2.292439309257383,4.0130212557274065
99.375,valley,4.616777928845295e-11,4.62426112335379e-11,4.783494949359146e-13,3.2607878871982707e-13,-0.16182465282297276,-3.326307880673164,3.0026585750272186
99.625,valley,4.661724702259562e-11,4.6575109678315124e-11,5.529920500720367e-13,1.9310615313290898e-13,0.09047180902315155,-3.5068170768742863,3.6877606949205894
99.875,valley,4.6433241067234124e-11,4.652325100096277e-11,6.358867208018603e-13,2.310504930979453e-13,-0.193473009284717,-4.326565624332406,3.9396196057629713
100.125,valley,4.663576524421842e-11,4.675741379855935e-11,4.5327808532218044e-13,3.0883940283040423e-13,-0.26016955271525033,-3.2250897514592483,2.7047506460287476
100.375,valley,4.6785652472181026e-11,4.685249285785176e-11,4.405219348552697e-13,1.6096237954624524e-13,-0.14266132193547776,-2.984917307115041,2.6995946632440857
100.625,valley,4.699514826711493e-11,4.701145198282575e-11,5.795572776524418e-13,1.89728746313165e-13,-0.03468030665544353,-3.7831755005336696,3.7138148872227825
100.875,valley,4.6998566062939066e-11,4.717071757909252e-11,4.495393562407303e-13,2.3343369547364856e-13,-0.3649542024982022,-3.2182520653139832,2.488343660317579
101.125,valley,4.7250734070303226e-11,4.7286003734825495e-11,5.160972359974173e-13,2.641106248878098e-13,-0.07458795782374628,-3.3418973156018152,3.1927213999543227
101.375,valley,4.736940073257756e-11,4.739903403105927e-11,6.934885713505437e-13,2.6272259023932017e-13,-0.06251878142136125,-4.477101857476542,4.35206429463382
101.625,valley,4.767953836903871e-11,4.758466411658446e-11,6.738514362648872e-13,3.365673212630746e-13,0.19937989311389348,-4.039291390603044,4.438051176830831
101.875,valley,4.811279688965442e-11,4.773889915554719e-11,6.851690653496977e-13,3.271384190129186e-13,0.7832139842373742,-3.513266199913387,5.079694168388135
102.125,valley,4.8346495844953104e-11,4.766822726764986e-11,6.667477649268557e-13,2.9580857521151495e-13,1.4228944858697412,-2.7691616362199336,5.614950607959416
102.375,valley,4.845118314733554e-11,4.781600398473529e-11,6.74281561592822e-13,4.0801023269329843e-13,1.3283819425877308,-2.9297694808572374,5.5865333660326995
102.625,valley,4.867198046554223e-11,4.783133866226308e-11,5.840699146324012e-13,4.978856786243947e-13,1.7575125990408003,-2.2171012680237676,5.732126466105368
102.875,valley,4.9027976871229847e-11,4.821198973559149e-11,4.4756091402307254e-13,4.1259918358703333e-13,1.6924983600831833,-1.4242570530193368,4.809253773185704
103.125,valley,4.956259925847917e-11,4.822039107921228e-11,4.618556324572989e-13,4.690633336482156e-13,2.783486714286565,-0.6059471452981482,6.172920573871278
103.375,valley,4.929784196860964e-11,4.869427147013993e-11,5.654708864482986e-13,3.739294101340337e-13,1.23951027553586,-2.3040231751046885,4.783043726176409
103.625,valley,4.945379762943958e-11,4.900465043533586e-11,5.689386311607267e-13,4.777306626910208e-13,0.916539940829475,-2.8315244316362573,4.664604313295207
103.875,valley,4.9817794177897665e-11,4.918730553526984e-11,4.782080966357782e-13,4.464303738806175e-13,1.2818117109011595,-1.994625247443465,4.558248669245784
104.125,valley,4.980915647934126e-11,4.984740692748346e-11,4.342725375628833e-13,6.275512633954382e-13,-0.07673508112034932,-3.9361809167950685,3.78271075455437
104.375,valley,5.030592438970416e-11,4.9859410239605497e-11,5.708013511387422e-13,4.729049576499824e-13,0.8955463932543095,-2.783543872153861,4.57463665866248
104.625,valley,5.0837861351737955e-11,5.000198584070858e-11,6.692443135087645e-13,4.956749741418919e-13,1.671684628071013,-2.5051342185804772,5.848503474722503
104.875,valley,5.0696612959200137e-11,5.048876761293286e-11,4.491797868147285e-13,5.516543248432689e-13,0.41166650741151223,-3.080695606208134,3.9040286210311583
105.125,valley,5.045561229621853e-11,5.068750564873881e-11,3.795353467832504e-13,4.787578145203089e-13,-0.45749608222446225,-3.4346125503651863,2.5196203859162614
105.375,valley,5.087578207962906e-11,5.115109217967983e-11,4.683143196884828e-13,4.1597328892556074e-13,-0.5382291722798027,-3.5385866636964245,2.462128319136819
105.625,valley,5.111285446446346e-11,5.1341036538588015e-11,4.3312904429619345e-13,2.400085002211145e-13,-0.44444383968182954,-2.9745355059536918,2.0856478265900327
105.875,valley,5.1151102525182065e-11,5.14679495324799e-11,5.030817674517684e-13,3.6000853939855703e-13,-0.6156200318372496,-3.6289568629504263,2.3977167992759276
106.125,valley,5.1746630532534253e-11,5.150962624611566e-11,4.66292325477977e-13,2.867432667909046e-13,0.46011649412127653,-2.2753549016645667,3.19558788990712
106.375,valley,5.196256483941397e-11,5.1897274090606514e-11,3.956279320376789e-13,4.373086440588178e-13,0.1258076651453166,-2.6634631302347063,2.9150784605253395
106.625,valley,5.2331037181829737e-11,5.2305348418713043e-11,4.1107193043046625e-13,3.9125844528700064e-13,0.04911307140342824,-2.607912322486801,2.7061384652936575
106.875,valley,5.248736437124535e-11,5.2414843821679823e-11,4.631258484052922e-13,2.2874613252759126e-13,0.13835880120571797,-2.5063185115430904,2.7830361139545263
107.125,valley,5.2839276037275334e-11,5.2564529255505475e-11,3.535045418863417e-13,2.0968838242565512e-13,0.5226847565482196,-1.5032682770669443,2.5486377901633834
107.375,valley,5.332328379381578e-11,5.289413434184098e-11,5.239297348365554e-13,1.807908404075576e-13,0.8113365637129499,-2.190493488611129,3.8131666160370288
107.625,valley,5.346118558691159e-11,5.319827809557865e-11,4.722478762649247e-13,2.4350633025781967e-13,0.4942030094669425,-2.1636680866192486,3.1520741055531336
107.875,valley,5.386358287751135e-11,5.351382327489772e-11,3.83410310849472e-13,3.3890548959018735e-13,0.6535873933299907,-1.700699068007852,3.0078738546678334
108.125,valley,5.4003551696268924e-11,5.353196485202716e-11,3.6394867402930463e-13,2.3217332527257036e-13,0.8809443956434793,-1.1826527933081186,2.944541584595077
108.375,valley,5.439801566353708e-11,5.4024812328634654e-11,4.4503729557349113e-13,3.5330091592122905e-13,0.6907998729032361,-1.9203731518823164,3.3019728976887888
108.625,valley,5.42980027091744e-11,5.4181506925488066e-11,3.603881205525073e-13,3.4418552055324774e-13,0.21501023189802737,-2.038923354651695,2.46894381844775
108.875,valley,5.453000733268709e-11,5.453972207192237e-11,3.017750721262094e-13,2.7655276104281916e-13,-0.017812227246916112,-1.8574973312102476,1.8218728767164154
109.125,valley,5.47342388586003e-11,5.496810436511623e-11,2.6216006803560646e-13,2.8408854313162703e-13,-0.42545674299139247,-2.1447167856953566,1.2938032997125717
109.375,valley,5.49225425743316e-11,5.5563252146839664e-11,2.5182400913043734e-13,3.861734775805456e-13,-1.1531174791835963,-3.245070292340536,0.9388353339733431
109.625,valley,5.566092522713006e-11,5.5588918939974975e-11,3.811715520505192e-13,5.537331464984972e-13,0.129533526695913,-2.9267068055006793,3.1857738588925053
109.875,valley,5.6084081279550456e-11,5.572892285954366e-11,4.894236182721911e-13,4.688607307589856e-13,0.6372964015506133,-2.348652658707774,3.6232454618090006
110.125,valley,5.671519608085874e-11,5.624929514169707e-11,5.307226411200244e-13,3.94786566806691e-13,0.8282787152941617,-2.113372247822681,3.769929678411005
110.375,valley,5.706784082804007e-11,5.6482840790295084e-11,5.66807309368162e-13,4.079476720124114e-13,1.0357128458126308,-2.0716629721445514,4.143088663769813
110.625,valley,5.7043987112592735e-11,5.660264952211947e-11,4.635047698094935e-13,4.3840107778033155e-13,0.7797118936999636,-1.9900126829872515,3.5494364703871786
110.875,valley,5.73413449274085e-11,5.721524877344564e-11,3.130472130796428e-13,4.578678120971211e-13,0.22038906876409303,-2.2340403476431825,2.6748184851713686
111.125,valley,5.775134349050859e-11,5.739471248489281e-11,1.6095349819621667e-13,4.12222727790991e-13,0.6213656104813614,-1.556626511873822,2.799357732836545
111.375,valley,5.832419634543841e-11,5.799800192107795e-11,8.804853274581048e-14,3.0349007070486083e-13,0.5624235552189161,-1.048676161851435,2.1735232722892674
111.625,valley,5.848928191198866e-11,5.841775049475474e-11,1.849302555676883e-13,3.443814493234619e-13,0.12244808577548394,-1.6460361401911352,1.890932311742103
111.875,valley,5.905267465777798e-11,5.90170358236719e-11,1.6805096286605436e-13,5.143976683556173e-13,0.06038736715370252,-2.5917945963086666,2.7125693306160716
112.125,valley,5.970242420971773e-11,5.934594338441457e-11,2.963133565122799e-13,3.3940446638736447e-13,0.6006827172567508,-1.2723400772273932,2.473705511740895
112.375,valley,6.039826411097238e-11,6.000187596555406e-11,4.612837278521693e-13,3.774667751627823e-13,0.660626253828922,-1.7983545854585365,3.1196070931163806
112.625,valley,6.097355856127252e-11,6.033575351693799e-11,4.935625888109541e-13,3.441187547412434e-13,1.0570930288547498,-1.4603003576342657,3.5744864153437654
112.875,valley,6.130760550604465e-11,6.092160867865459e-11,5.693873047182493e-13,5.160976170617274e-13,0.6335959206627217,-2.4681457349881075,3.7353375763135506
113.125,valley,6.173425458655402e-11,6.13792289527737e-11,4.85943247310612e-13,2.815214469566907e-13,0.5784133164225436,-1.8027022456282011,2.9595288784732885
113.375,valley,6.198106689225824e-11,6.148513784864917e-11,4.2947657379606305e-13,2.6848485967866466e-13,0.8065836085947131,-1.3084569971155893,2.9216242143050155
113.625,valley,6.236904795287046e-11,6.229758770359695e-11,4.514202475335318e-13,2.8522592872938404e-13,0.11470789144116811,-2.0803138408215656,2.309729623703902
113.875,valley,6.324643135258155e-11,6.283864433953567e-11,4.0783571293138434e-13,3.7663322117515767e-13,0.6489430466425805,-1.5220292125612802,2.819915305846441
114.125,valley,6.372142024702044e-11,6.327019838181514e-11,4.882403516530952e-13,3.811456606093455e-13,0.71316650926605,-1.7215667066447264,3.147899725176827
114.375,valley,6.407358148408093e-11,6.398524504902527e-11,4.0567523642810607e-13,4.115258864335797e-13,0.13805750839583908,-2.0734763447539626,2.3495913615456407
114.625,valley,6.469832106859031e-11,6.442341430101806e-11,4.2552271068047037e-13,4.2940686740189477e-13,0.42671871796138294,-1.8744484299564435,2.7278858658792093
114.875,valley,6.535473283975079e-11,6.522078359694205e-11,4.615869533873618e-13,3.538742956534298e-13,0.20537815619716682,-2.014040822091476,2.4247971344858095
115.125,valley,6.595818803134535e-11,6.592127130033988e-11,4.3859581099255545e-13,4.746161729695933e-13,0.05600124250833005,-2.3471484844508614,2.4591509694675215
115.375,valley,6.677376813968295e-11,6.628636168670709e-11,4.377629644366902e-13,4.821707364780315e-13,0.7353042776423901,-1.6847288897621209,3.155337445046901
115.625,valley,6.729320080012257e-11,6.742763855527301e-11,5.275436187911483e-13,3.863908802124192e-13,-0.1993807851363938,-2.624709440598674,2.2259478703258866
115.875,valley,6.8056835061725e-11,6.819350545583801e-11,3.9335818429440357e-13,3.8939924029727987e-13,-0.20041555746319606,-2.1845803446878302,1.7837492297614381
116.125,valley,6.850549425507779e-11,6.897489629409391e-11,5.631593289277156e-13,4.614910775510722e-13,-0.6805404056204667,-3.2824074622428685,1.9213266510019353
116.375,valley,6.918670368349922e-11,7.016096475354061e-11,5.836168196001046e-13,3.1109196613691036e-13,-1.3886084284384315,-3.87975983003602,1.102542973159157
116.625,valley,7.061526423512985e-11,7.084558563974497e-11,5.661995043505954e-13,4.580100236194265e-13,-0.32510339569542523,-2.864802096468624,2.2145953050777734
116.875,valley,7.115067830909538e-11,7.149443763410091e-11,5.39393264702752e-13,5.541571677560401e-13,-0.48081967825923666,-3.1213363760479207,2.1596970195294474
117.125,valley,7.187315793544257e-11,7.252459147366607e-11,8.217072799100182e-13,5.25979691668085e-13,-0.8982243470617046,-4.33141610718503,2.53496741306162
117.375,valley,7.325389378820545e-11,7.352874672506006e-11,6.635460590489335e-13,6.221303398161661e-13,-0.3738033750015468,-3.3988489549672654,2.6512422049641713
117.625,valley,7.434323345023585e-11,7.458258465931067e-11,6.800446193298888e-13,7.182388301156451e-13,-0.32092104365673,-3.5625709803890397,2.9207288930755797
117.875,valley,7.544362932776494e-11,7.572176320991275e-11,6.9210744132952e-13,6.33978074537962e-13,-0.3673103614568185,-3.4013316897628196,2.666710966849182
118.125,valley,7.662017441134593e-11,7.683142274572673e-11,6.485262058928689e-13,8.482841307077717e-13,-0.2749504393273039,-3.725992808183483,3.176091929528875
118.375,valley,7.780752810049307e-11,7.821487389492176e-11,7.754022477031461e-13,8.255356169287356e-13,-0.5208034918984139,-4.05707796623072,3.0154709824338926
118.625,valley,7.931704442398767e-11,7.947427246790538e-11,9.057814788230551e-13,7.486634895225341e-13,-0.19783514719333706,-3.844938006149117,3.449267711762443
118.875,valley,8.08059419341589e-11,8.10344290584908e-11,7.756307851057363e-13,9.067575401309837e-13,-0.2819630211338575,-3.8994815628731763,3.3355555206054612
119.125,valley,8.216194891019769e-11,8.281174262947388e-11,7.04232938138683e-13,9.626853413621446e-13,-0.7846637428988501,-4.366714131728841,2.797386645931141
119.375,valley,8.367168771883371e-11,8.45911047804293e-11,7.539618494462684e-13,8.975665542818552e-13,-1.0868956777217886,-4.4776665282825,2.303875172838922
119.625,valley,8.549034600946469e-11,8.621242807294038e-11,5.485444644643674e-13,1.0986852433482404e-12,-0.8375614509601448,-4.620183513855053,2.945060611934763
119.875,valley,8.743156166701737e-11,8.791685075948407e-11,6.068603600181219e-13,8.382412842882579e-13,-0.5519864374968542,-3.4887441359400375,2.3847712609463296
120.125,valley,8.918843900573848e-11,8.958561340932647e-11,4.735334008051802e-13,9.469039003051815e-13,-0.443346189720506,-3.5930946451502015,2.7064022657091895
120.375,valley,9.147716434654284e-11,9.171970322086054e-11,3.8153805378628793e-13,1.2756775694618538e-12,-0.2644348660109319,-4.50257080666796,3.9737010746460966
120.625,valley,9.349102583655621e-11,9.422472089681831e-11,3.726950736068166e-13,1.1511324700767765e-12,-0.7786651457058036,-4.465037031148018,2.9077067397364114
120.875,valley,9.558252139640899e-11,9.683780797331564e-11,5.139339607409265e-13,1.149471847655354e-12,-1.2962773561051355,-4.807115415899308,2.214560703689038
121.125,valley,9.827788119309846e-11,9.953037141485768e-11,4.562683170004399e-13,9.606910004987386e-13,-1.2584000280061791,-4.1115026251623314,1.594702569149973
121.375,valley,1.00736854619754e-10,1.0216296095677535e-10,6.775127636484837e-13,9.854022442166732e-13,-1.3959132778314176,-4.317255124240512,1.5254285685776778
121.625,valley,1.0299545704128832e-10,1.0415597762403196e-10,8.025605661581874e-13,1.1927683295390737e-12,-1.1142140943006917,-4.578326038010995,2.3498978494096114
121.875,valley,1.0511948914881941e-10,1.0673777353531477e-10,6.438606898055945e-13,1.2430460348333405e-12,-1.5161309186948135,-4.950975213119208,1.9187133757295811
122.125,valley,1.0786479617763689e-10,1.0914207496171002e-10,8.194918488155084e-13,1.3897877149580219e-12,-1.1702899954222357,-4.961618460458266,2.621038469613794
122.375,valley,1.1011937544935789e-10,1.1066631486755796e-10,1.329249837745146e-12,1.452626863279062e-12,-0.49422393693566713,-4.8435337954689075,3.8550859215975732
122.625,valley,1.1224229479012138e-10,1.1342546451942327e-10,1.1432609203132286e-12,1.5569383281478601e-12,-1.0431253108064475,-5.2677024600658084,3.181451838452914
122.875,valley,1.1487728636438988e-10,1.1526223659075187e-10,1.1482953153820649e-12,1.4842419733943494e-12,-0.3339777517321507,-4.369498077881387,3.7015425744170853
123.125,valley,1.1652312844034895e-10,1.1727004914519056e-10,1.5632589292776675e-12,1.3002301387307776e-12,-0.6369236734239392,-4.905190677224151,3.6313433303762723
123.375,valley,1.184462250876095e-10,1.19043932841123e-10,1.204768577963843e-12,1.2106998927398685e-12,-0.5020900597355271,-4.00398494733092,2.9998048278598666
123.625,valley,1.1910753835309148e-10,1.201019571226425e-10,9.468116744617793e-13,1.0412524810212256e-12,-0.8279788218068407,-3.6874982448181908,2.031540601204509
123.875,valley,1.2011969727154793e-10,1.2087527011317433e-10,9.709893455123833e-13,1.7585695944253261e-12,-0.625084718254576,-4.962284981215085,3.712115544705932
124.125,valley,1.212162643469128e-10,1.218228962898138e-10,7.107811673095087e-13,1.3278790261605726e-12,-0.4979621740873963,-3.7478868015671365,2.751962453392344
124.375,valley,1.2034966323426489e-10,1.2126339890983218e-10,6.649158066571045e-13,1.252625506957355e-12,-0.7535131653754079,-3.8250012485066285,2.3179749177558127
124.625,valley,1.2006292877231319e-10,1.2106780161502685e-10,5.905644535526377e-13,1.3988638690031809e-12,-0.8300083336021613,-4.269984447085784,2.6099677798814622
124.875,valley,1.189684569453675e-10,1.2072222227743622e-10,7.385596420977507e-13,1.1780057583039843e-12,-1.452727839981549,-4.367563732696017,1.4621080527329189
125.125,valley,1.1817410722869682e-10,1.1903945357971679e-10,9.908264520480539e-13,1.235627647772688e-12,-0.7269407956753349,-4.003262379984966,2.549380788634296
125.375,valley,1.1569614946438379e-10,1.1662390340916318e-10,1.3254005117322464e-12,1.0206849376261053e-12,-0.795509254671789,-4.354498572636494,2.763480063292916
125.625,valley,1.1210842001219136e-10,1.1388204245577072e-10,5.220679597365685e-13,6.849859423482417e-13,-1.5574206480079567,-3.4179945490903334,0.3031532530744202
125.875,valley,1.0870146809338621e-10,1.1056776003215418e-10,3.6823886863903073e-13,9.418851219464987e-13,-1.6879169282485451,-4.209045555989049,0.8332116994919588
126.125,valley,1.0522849561311886e-10,1.0477242199158355e-10,4.344647979742774e-13,5.552119262533864e-13,0.43529930192121036,-1.23986207284821,2.110460676690631
126.375,valley,1.0066618273185669e-10,9.991039388523859e-11,6.29971337584651e-13,1.2707082269330213e-12,0.756466687025803,-3.0791917050754556,4.592125079127062
126.625,valley,9.550166748795164e-11,9.528595353458514e-11,4.1199236036579566e-13,9.74160464328127e-13,0.22638588938317383,-2.850776136067654,3.3035479148340015
126.875,valley,9.08624446651629e-11,9.06408473611009e-11,7.672609236207313e-13,6.15420428132933e-13,0.24447841179064955,-2.4432875989505174,2.9322444225318165
127.125,valley,8.47684613063393e-11,8.54641159548919e-11,8.494196559561499e-13,7.599329795917671e-13,-0.8139727893748505,-4.076552188467511,2.44860660971781
127.375,valley,7.96162357232788e-11,8.074172620808895e-11,8.142695957941337e-13,9.758063686436784e-13,-1.3939390915541194,-5.239427511940148,2.4515493288319092
127.625,valley,7.259179579932606e-11,7.400172069083055e-11,8.372718570006936e-13,1.2652262860289182e-12,-1.9052596052394177,-7.028865900847904,3.2183466903690685
127.875,valley,6.63392642081817e-11,6.834705504843441e-11,6.605007047465027e-13,1.3228224971015446e-12,-2.9376406032855074,-8.561730244668372,2.686449038097358
128.125,valley,6.122716467871213e-11,6.261943445906581e-11,1.140408918411526e-12,1.4640819186860422e-12,-2.2233828720759186,-9.462759960018783,5.015994215866945
128.375,valley,5.54773184262558e-11,5.505606179667665e-11,8.364711591913791e-13,1.024812768434324e-12,0.765141232104205,-5.203436381149553,6.733718845357964
128.625,valley,4.923186128280578e-11,4.97705987640984e-11,9.766143086661221e-13,9.009690893446148e-13,-1.082441229702935,-7.595704774016372,5.430822314610502
128.875,valley,4.379064469617333e-11,4.3344619541585416e-11,6.988975714944433e-13,7.460566208522402e-13,1.0290208088226338,-4.781718564641984,6.839760182287252
129.125,valley,3.857496065506893e-11,3.882336434912758e-11,1.4196253494169625e-13,1.1883966114469798e-12,-0.6398304171292946,-10.23567190931065,8.95601107505206
129.375,valley,3.415943626805529e-11,3.351859467670693e-11,5.050386477376624e-13,1.0252068171501584e-12,1.911898746141949,-7.418962986770502,11.2427604790544
129.625,valley,2.9560256024296904e-11,2.9719073808109895e-11,4.927748304420352e-13,8.059964532069718e-13,-0.534396814781124,-8.681902196009123,7.613108566446875
129.875,valley,2.543022667111927e-11,2.5749953579179425e-11,4.651731459633236e-13,5.285068027632227e-13,-1.2416601337824296,-7.906628635014913,5.423308367450054
130.125,valley,2.2669199864822078e-11,2.183977257175229e-11,2.2630888375266698e-13,5.008451976667571e-13,3.7977835636556767,-3.343016354955812,10.938583482267166
130.375,valley,1.9214439440418117e-11,1.8241110765870872e-11,1.0247738097419945e-13,9.189170997371309e-13,5.335906826290127,-11.437180778497016,22.10899443107727
130.625,valley,1.6462085952184682e-11,1.5668090568965452e-11,4.15138160278814e-13,6.302284400582913e-13,5.067595057127994,-7.722092624499802,17.85728273875579
130.875,valley,1.3544339445559216e-11,1.3451747086890008e-11,2.6399471293957133e-13,6.519908630939495e-13,0.6883296130318239,-13.995786295245077,15.372445521308725
131.125,valley,1.1484291572827488e-11,1.1208051155620069e-11,1.6460427282995133e-13,8.178641923724874e-13,2.4646605674074173,-20.832614754853633,25.761935889668464
131.375,valley,9.078082399582856e-12,9.182954730846406e-12,5.520673881030961e-14,5.746960881291878e-13,-1.142032541130511,-20.71819538615342,18.434130303892395
131.625,valley,7.405003067617599e-12,7.575029727036054e-12,2.1519212069719881e-13,4.606911238103427e-13,-2.2445675534659926,-20.04308980916817,15.553954702236183
131.875,valley,6.056265188902898e-12,5.777716182819858e-12,1.5224911796668225e-13,1.9849712778394617e-13,4.821091885948148,-6.344782713422517,15.986966485318813
132.125,valley,4.9956808885198706e-12,4.94178671495149e-12,2.1688483301044097e-13,1.7559363753252464e-13,1.0905807287336478,-12.919207941656879,15.100369399124174
132.375,valley,4.024198838159521e-12,3.838309953508212e-12,2.1988832534855694e-13,2.6894998774008233e-13,4.842987848894453,-18.284620726674103,27.97059642446301
132.625,valley,2.9743294733819422e-12,3.0332880783687193e-12,1.5921124270531006e-13,1.2525825827154345e-13,-1.9437192730630604,-18.421405525178837,14.533966979052718
132.875,valley,2.5291419358808297e-12,2.5018342519657084e-12,1.896075246518827e-13,1.4878671673593957e-13,1.0915065174147864,-22.879591785395625,25.062604820225197
133.125,valley,1.8237594021641714e-12,1.929196361809755e-12,1.6506551430085303e-13,1.431010769760664e-13,-5.4653306284838,-32.78955460243841,21.858893345470808
133.375,valley,1.5010645465496355e-12,1.5319782055950675e-12,1.146198991315334e-13,1.4184354239371897e-13,-2.017891568726604,-31.04631918421833,27.01053604676512
133.625,valley,1.1208123555823957e-12,1.171573135542802e-12,1.066012951155525e-13,1.273351351846663e-13,-4.332702621837459,-38.28612137038541,29.62071612671049
133.875,valley,7.858067948562919e-13,9.352012559583272e-13,1.1143171487147078e-13,1.0718394029814582e-13,-15.974578749784351,-53.86568524398028,21.916527744411574
134.125,valley,5.211637933988378e-13,7.196591400100066e-13,7.778657546091617e-14,1.0178701816027454e-13,-27.581855850313907,-64.04440191778937,8.880690217161558
134.375,valley,4.684657832418338e-13,5.967184024697375e-13,5.835479626199566e-14,9.29159362898293e-14,-21.49298876942346,-60.250822547905216,17.264845009058295
134.625,valley,3.3783515585028565e-13,4.2305093864904993e-13,4.064123502792634e-14,8.719764656967848e-14,-20.14314944457709,-69.65255612530017,29.366257236145994
134.875,valley,2.530535541112044e-13,3.0423353084557e-13,6.903672097127386e-14,5.5891575286448246e-14,-16.822595652793026,-86.12650806987152,52.48131676428547
135.125,valley,1.7530692630884914e-13,2.0057306870486734e-13,2.405538571742492e-14,4.053237928499885e-14,-12.596976532874404,-66.61006747769889,41.41611441195009
135.375,valley,1.2099942559018472e-13,1.5096619684185723e-13,5.517613708437714e-14,2.217059502666216e-14,-19.84998753268179,-131.07905330983166,91.37907824446809
135.625,valley,7.090446674240525e-14,1.2248013264574871e-13,2.7424922843712356e-14,3.3678295237689615e-14,-42.10941382021246,-111.13202360349861,26.91319596307369
135.875,valley,4.953315979605577e-14,1.0209864472259194e-13,3.868458144473929e-14,3.596095263329951e-14,-51.48499773856911,-165.03520546417312,62.06520998703488
136.125,valley,4.175186552046739e-14,9.935929610825334e-14,2.856782917417133e-14,2.6731901911124676e-14,-57.97890368005611,-144.57706417377292,28.619256813660677
136.375,valley,5.946158143643743e-14,4.2022935868164356e-14,3.8121747518252976e-14,1.5433383724780074e-14,41.4979229984838,-231.0564381393898,314.0522841363574
136.625,valley,2.450317981850248e-14,3.9601282125690167e-14,2.450317981850248e-14,2.492019463605323e-14,-38.12528659872161,-225.4498592850693,149.1992860876261
136.875,valley,9.058591210475697e-15,4.444990338282017e-14,9.058591210475697e-15,2.838137662376795e-14,-79.6206728899734,-141.41953376730189,-17.821812012644923
137.125,valley,1.2355024434085317e-14,2.883636249407942e-15,1.2355024434085317e-14,2.506546488308947e-15,328.45294501419886,-1067.1887002275578,1724.0945902559556
137.375,valley,1.7604252278147212e-14,3.3994390951557022e-16,1.7604252278147212e-14,9.743915074696654e-17,5078.575578316368,-10781.903286912102,20939.054443544836
137.625,valley,0.0,3.446514488733565e-16,0.0,6.627897063614502e-17,-100.0,nan,nan
137.875,valley,0.0,2.886550535340202e-16,0.0,6.974603117714015e-17,-100.0,nan,nan
138.125,valley,0.0,3.0544164632040395e-16,0.0,6.359361257824044e-17,-100.0,nan,nan
138.375,valley,0.0,2.377022620688005e-16,0.0,2.09803794192059e-17,-100.0,nan,nan
138.625,valley,0.0,2.9299253781066466e-16,0.0,4.513230441808529e-17,-100.0,nan,nan
138.875,valley,0.0,3.123252476143566e-16,0.0,4.4038936642874884e-17,-100.0,nan,nan
139.125,valley,0.0,2.3839861639452444e-16,0.0,1.178080479722105e-16,-100.0,nan,nan
139.375,valley,0.0,2.949512371232981e-16,0.0,1.0510106208921846e-16,-100.0,nan,nan
139.625,valley,0.0,2.8406866802951385e-16,0.0,2.296619910360738e-17,-100.0,nan,nan
139.875,valley,0.0,2.193203863963197e-16,0.0,2.985227093117667e-17,-100.0,nan,nan
140.125,valley,0.0,2.574702328577327e-16,0.0,4.762754643764595e-17,-100.0,nan,nan
140.375,valley,0.0,1.7049702803216872e-16,0.0,2.9390421589422596e-17,-100.0,nan,nan
140.625,valley,0.0,2.7115863408675363e-16,0.0,6.027396482620624e-17,-100.0,nan,nan
140.875,valley,0.0,2.1214879778987594e-16,0.0,5.313046471194411e-17,-100.0,nan,nan
141.125,valley,0.0,3.4642174854626967e-16,0.0,1.327765750794615e-17,-100.0,nan,nan
141.375,valley,0.0,1.852602254004583e-16,0.0,7.478933675343969e-17,-100.0,nan,nan
141.625,valley,0.0,2.674873529189556e-16,0.0,1.064017377015541e-16,-100.0,nan,nan
141.875,valley,0.0,2.532956932171709e-16,0.0,5.96355990334098e-17,-100.0,nan,nan
142.125,valley,0.0,2.4727836025686824e-16,0.0,4.7197895744419864e-17,-100.0,nan,nan
142.375,valley,0.0,2.490273152077303e-16,0.0,5.455795995775623e-17,-100.0,nan,nan
142.625,valley,0.0,1.4010010501979558e-16,0.0,1.4651902807673845e-17,-100.0,nan,nan
142.875,valley,0.0,1.1649544522467883e-16,0.0,1.0547983354811752e-17,-100.0,nan,nan
143.125,valley,0.0,1.870710074511567e-16,0.0,2.43847583562219e-17,-100.0,nan,nan
143.375,valley,0.0,2.1382677003805796e-16,0.0,2.5876308344977324e-17,-100.0,nan,nan
143.625,valley,0.0,2.8198213870915235e-16,0.0,5.991904996102291e-17,-100.0,nan,nan
143.875,valley,0.0,1.927376128434046e-16,0.0,2.744081814731347e-17,-100.0,nan,nan
144.125,valley,0.0,1.9754250153180049e-16,0.0,3.5754928802843205e-17,-100.0,nan,nan
144.375,valley,0.0,1.6311653917717825e-16,0.0,2.5304239466039168e-17,-100.0,nan,nan
144.625,valley,0.0,1.9499043087067792e-16,0.0,1.1469589203109333e-17,-100.0,nan,nan
144.875,valley,0.0,2.692983350151192e-16,0.0,5.986602884086816e-17,-100.0,nan,nan
145.125,valley,0.0,1.5344265645212566e-16,0.0,2.83267590252675e-17,-100.0,nan,nan
145.375,valley,0.0,1.8745062842434947e-16,0.0,2.0633875593738235e-17,-100.0,nan,nan
145.625,valley,0.0,1.6752262864936936e-16,0.0,4.097565593959776e-17,-100.0,nan,nan
145.875,valley,0.0,2.0691105202623723e-16,0.0,7.198622929998024e-17,-100.0,nan,nan
146.125,valley,0.0,2.7035906329577487e-16,0.0,4.2643708875542935e-17,-100.0,nan,nan
146.375,valley,0.0,2.1630603021629073e-16,0.0,4.5352547013201704e-17,-100.0,nan,nan
146.625,valley,0.0,2.61309340742681e-16,0.0,8.526655784731893e-17,-100.0,nan,nan
146.875,valley,0.0,1.713593480758951e-16,0.0,5.028787227569352e-17,-100.0,nan,nan
147.125,valley,0.0,1.3117681427036749e-16,0.0,4.666467518028254e-17,-100.0,nan,nan
147.375,valley,0.0,1.936763463906803e-16,0.0,4.537727988026974e-17,-100.0,nan,nan
147.625,valley,0.0,1.6224071721905554e-16,0.0,2.3343193796946295e-17,-100.0,nan,nan
147.875,valley,0.0,1.1840010707094333e-16,0.0,2.814104717871235e-17,-100.0,nan,nan
148.125,valley,0.0,1.226990357325883e-16,0.0,2.8222281507507405e-17,-100.0,nan,nan
148.375,valley,0.0,2.906243919768825e-16,0.0,6.076226669935066e-17,-100.0,nan,nan
148.625,valley,0.0,1.4928642587256399e-16,0.0,3.570383228997468e-17,-100.0,nan,nan
148.875,valley,0.0,1.5506337400968148e-16,0.0,4.2184183538590646e-17,-100.0,nan,nan
149.125,valley,0.0,1.3642614804781211e-16,0.0,2.3395966429501562e-17,-100.0,nan,nan
149.375,valley,0.0,1.1729573610885933e-16,0.0,2.7907942119166965e-17,-100.0,nan,nan
149.625,valley,0.0,2.295404588178638e-16,0.0,5.4132440937599454e-17,-100.0,nan,nan
149.875,valley,0.0,1.4777473993419055e-16,0.0,4.2363038251207306e-17,-100.0,nan,nan
150.125,valley,0.0,1.5069929368792793e-16,0.0,1.282725371984775e-17,-100.0,nan,nan
150.375,valley,0.0,2.82584837081319e-16,0.0,1.1280253808899724e-16,-100.0,nan,nan
150.625,valley,0.0,1.728707015250376e-16,0.0,3.8301477939759725e-17,-100.0,nan,nan
150.875,valley,0.0,1.7812207831884595e-16,0.0,4.0565574427955987e-17,-100.0,nan,nan
151.125,valley,0.0,1.1135800520260385e-16,0.0,8.528155468439125e-18,-100.0,nan,nan
151.375,valley,0.0,1.877884915134993e-16,0.0,1.489446618142539e-17,-100.0,nan,nan
151.625,valley,0.0,2.433862587991197e-16,0.0,6.44227030003426e-17,-100.0,nan,nan
151.875,valley,0.0,1.6049370294688353e-16,0.0,5.491076480409924e-17,-100.0,nan,nan
152.125,valley,0.0,2.2638979285791083e-16,0.0,6.926114593328157e-17,-100.0,nan,nan
152.375,valley,0.0,2.0791903138431268e-16,0.0,6.87762520491763e-17,-100.0,nan,nan
152.625,valley,0.0,1.481221305346344e-16,0.0,2.860421497491311e-17,-100.0,nan,nan
152.875,valley,0.0,1.539802897902433e-16,0.0,5.84304911600358e-17,-100.0,nan,nan
153.125,valley,0.0,1.4650713067308927e-16,0.0,4.863305682309041e-17,-100.0,nan,nan
153.375,valley,0.0,1.3419762463816669e-16,0.0,2.7929830445650123e-17,-100.0,nan,nan
153.625,valley,0.0,1.4952626855315827e-16,0.0,6.618766660697292e-17,-100.0,nan,nan
153.875,valley,0.0,1.1551875202462098e-16,0.0,3.5729791581344375e-17,-100.0,nan,nan
154.125,valley,0.0,2.3676878267706104e-16,0.0,4.1367317522788075e-17,-100.0,nan,nan
154.375,valley,0.0,1.5157939692029595e-16,0.0,3.3302355718028476e-17,-100.0,nan,nan
154.625,valley,0.0,1.6522129780107058e-16,0.0,3.0659472680285105e-17,-100.0,nan,nan
154.875,valley,0.0,7.969819220538227e-17,0.0,3.12583537898352e-17,-100.0,nan,nan
155.125,valley,0.0,1.710339333945961e-16,0.0,3.690122293515781e-17,-100.0,nan,nan
155.375,valley,0.0,1.9347392923490308e-16,0.0,8.516256081213517e-17,-100.0,nan,nan
155.625,valley,0.0,1.0505034907552174e-16,0.0,5.4517808827281045e-17,-100.0,nan,nan
155.875,valley,0.0,8.461258653631471e-17,0.0,4.037913362878265e-18,-100.0,nan,nan
156.125,valley,0.0,1.294594970504062e-16,0.0,2.7053825907880173e-17,-100.0,nan,nan
156.375,valley,0.0,1.2671992807562848e-16,0.0,2.86501639646909e-17,-100.0,nan,nan
156.625,valley,0.0,1.9497908111199353e-16,0.0,3.7527769443651284e-17,-100.0,nan,nan
156.875,valley,0.0,1.8640869776313362e-16,0.0,9.746784129092888e-17,-100.0,nan,nan
157.125,valley,0.0,1.1571211333262457e-16,0.0,3.470858792044377e-17,-100.0,nan,nan
157.375,valley,0.0,1.7242107828641302e-16,0.0,7.272936012387957e-17,-100.0,nan,nan
157.625,valley,0.0,1.327894727261704e-16,0.0,3.5008083430272494e-17,-100.0,nan,nan
157.875,valley,0.0,1.5792477690439899e-16,0.0,3.9792683995421116e-17,-100.0,nan,nan
158.125,valley,0.0,1.3087503487455618e-16,0.0,4.465907582636961e-17,-100.0,nan,nan
158.375,valley,0.0,1.2795960555793234e-16,0.0,4.210284677652788e-17,-100.0,nan,nan
158.625,valley,0.0,9.470652900963034e-17,0.0,2.8572393428417704e-17,-100.0,nan,nan
158.875,valley,0.0,1.0167675580066877e-16,0.0,3.305047043385875e-17,-100.0,nan,nan
159.125,valley,0.0,2.2243259187662567e-16,0.0,3.887962757424993e-17,-100.0,nan,nan
159.375,valley,0.0,6.825953266975573e-17,0.0,2.5811049256084882e-17,-100.0,nan,nan
159.625,valley,0.0,1.1650786697301472e-16,0.0,4.0919673511707287e-17,-100.0,nan,nan
159.875,valley,0.0,1.738761755222854e-16,0.0,1.1132036847013945e-16,-100.0,nan,nan
160.125,valley,0.0,1.215893522476218e-16,0.0,4.400617022886958e-17,-100.0,nan,nan
160.375,valley,0.0,6.155247511230137e-17,0.0,1.047587691238252e-17,-100.0,nan,nan
160.625,valley,0.0,1.022201484427495e-16,0.0,5.754238676850718e-17,-100.0,nan,nan
160.875,valley,0.0,2.401104973959937e-16,0.0,1.1584707968013577e-16,-100.0,nan,nan
161.125,valley,0.0,1.803826568230185e-16,0.0,6.302160817497005e-17,-100.0,nan,nan
161.375,valley,0.0,1.5606574264523128e-16,0.0,2.004350717715999e-17,-100.0,nan,nan
161.625,valley,0.0,1.7304671615732316e-16,0.0,6.040834705955837e-17,-100.0,nan,nan
161.875,valley,0.0,6.272331699847369e-17,0.0,2.603931041038616e-17,-100.0,nan,nan
162.125,valley,0.0,1.2019957840609396e-16,0.0,7.654551704434853e-17,-100.0,nan,nan
162.375,valley,0.0,1.0321581726113879e-16,0.0,2.83048223291424e-17,-100.0,nan,nan
162.625,valley,0.0,1.7158520974501143e-16,0.0,5.738961074888388e-17,-100.0,nan,nan
162.875,valley,0.0,1.5808469289201653e-16,0.0,5.855730706851438e-17,-100.0,nan,nan
163.125,valley,0.0,1.6694829255541338e-16,0.0,4.125028126611837e-17,-100.0,nan,nan
163.375,valley,0.0,1.9325691711529792e-16,0.0,2.4348093605752283e-17,-100.0,nan,nan
163.625,valley,0.0,1.1090555839828433e-16,0.0,1.8175002729550512e-17,-100.0,nan,nan
163.875,valley,0.0,1.7397846392572725e-16,0.0,4.2406670581483656e-17,-100.0,nan,nan
164.125,valley,0.0,4.471042464618226e-17,0.0,1.6736584466487106e-17,-100.0,nan,nan
164.375,valley,0.0,9.758527099657985e-17,0.0,2.529487869038283e-17,-100.0,nan,nan
164.625,valley,0.0,1.0550701359400472e-16,0.0,4.191816683041243e-17,-100.0,nan,nan
164.875,valley,0.0,9.724234946055034e-17,0.0,2.923421350464045e-17,-100.0,nan,nan
165.125,valley,0.0,1.6264356839269932e-16,0.0,7.964833590984577e-17,-100.0,nan,nan
165.375,valley,0.0,1.3708569276618545e-16,0.0,6.137396156814765e-18,-100.0,nan,nan
165.625,valley,0.0,1.6788068676242213e-16,0.0,7.287198119479226e-17,-100.0,nan,nan
165.875,valley,0.0,1.0237670796321068e-16,0.0,3.720697980320462e-17,-100.0,nan,nan
166.125,valley,0.0,5.4949303116837934e-17,0.0,1.5257645015418286e-17,-100.0,nan,nan
166.375,valley,0.0,1.3660529932441654e-16,0.0,8.581286253751068e-17,-100.0,nan,nan
166.625,valley,0.0,1.3639875620847282e-16,0.0,2.687720038033483e-17,-100.0,nan,nan
166.875,valley,0.0,1.0492992696384045e-16,0.0,2.7134554442688536e-17,-100.0,nan,nan
167.125,valley,0.0,1.521480855393902e-16,0.0,4.2868362754307604e-17,-100.0,nan,nan
167.375,valley,0.0,5.649982357783159e-17,0.0,2.2700120697601726e-17,-100.0,nan,nan
167.625,valley,0.0,5.725419775800644e-17,0.0,3.2085874386575786e-17,-100.0,nan,nan
167.875,valley,0.0,5.64739093620578e-17,0.0,2.735004449980826e-17,-100.0,nan,nan
168.125,valley,0.0,6.794753033674225e-17,0.0,3.794540496178249e-17,-100.0,nan,nan
168.375,valley,0.0,1.1024580018356255e-16,0.0,2.9895429624410276e-17,-100.0,nan,nan
168.625,valley,0.0,8.61603254834111e-17,0.0,3.57884560659803e-17,-100.0,nan,nan
168.875,valley,0.0,2.843166167451096e-17,0.0,9.880525940447267e-18,-100.0,nan,nan
169.125,valley,0.0,1.113904231033651e-16,0.0,7.636554163383827e-17,-100.0,nan,nan
169.375,valley,0.0,1.0589233461358267e-16,0.0,3.710702645236295e-17,-100.0,nan,nan
169.625,valley,0.0,7.513646034019473e-17,0.0,1.7120457895066332e-17,-100.0,nan,nan
169.875,valley,0.0,1.4000127797244697e-16,0.0,4.706900118364992e-17,-100.0,nan,nan
170.125,valley,0.0,1.0719861543578846e-16,0.0,4.877450699141235e-17,-100.0,nan,nan
170.375,valley,0.0,1.4220507716798846e-16,0.0,7.545976910434581e-17,-100.0,nan,nan
170.625,valley,0.0,1.0399971733950596e-16,0.0,7.348494976217637e-17,-100.0,nan,nan
170.875,valley,0.0,1.2929506402835746e-16,0.0,5.057837855577784e-17,-100.0,nan,nan
171.125,valley,0.0,1.3784543503799233e-16,0.0,7.275149861255208e-17,-100.0,nan,nan
171.375,valley,0.0,9.072871124640898e-17,0.0,2.531152297003774e-17,-100.0,nan,nan
171.625,valley,0.0,3.549633030474545e-17,0.0,1.5766906741351608e-17,-100.0,nan,nan
171.875,valley,0.0,3.929927836333978e-17,0.0,1.3216021973527442e-17,-100.0,nan,nan
172.125,valley,0.0,6.848918892958521e-17,0.0,3.6400631709085395e-17,-100.0,nan,nan
172.375,valley,0.0,1.1968828976961085e-16,0.0,3.255718342743079e-17,-100.0,nan,nan
172.625,valley,0.0,7.388365724889274e-17,0.0,2.3590184882047363e-17,-100.0,nan,nan
172.875,valley,0.0,1.1297668055525352e-16,0.0,5.700348737962106e-17,-100.0,nan,nan
173.125,valley,0.0,1.268336526876314e-16,0.0,5.790628422446196e-17,-100.0,nan,nan
173.375,valley,0.0,1.7663989854957343e-16,0.0,8.62347442119739e-17,-100.0,nan,nan
173.625,valley,0.0,8.535834323621826e-17,0.0,2.8092689865557826e-17,-100.0,nan,nan
173.875,valley,0.0,1.2952782364749912e-16,0.0,4.376599486677237e-17,-100.0,nan,nan
174.125,valley,0.0,1.2134095792493313e-16,0.0,7.591822204801601e-17,-100.0,nan,nan
174.375,valley,0.0,4.80211616456748e-17,0.0,2.5348424428893863e-17,-100.0,nan,nan
174.625,valley,0.0,8.633942036795004e-17,0.0,5.3112121741757537e-17,-100.0,nan,nan
174.875,valley,0.0,4.219392475082078e-17,0.0,1.488001994977548e-17,-100.0,nan,nan
175.125,valley,0.0,1.3798061055270843e-16,0.0,6.23276252613421e-17,-100.0,nan,nan
175.375,valley,0.0,1.520444872503174e-16,0.0,8.296957862732726e-17,-100.0,nan,nan
175.625,valley,0.0,2.384859566501984e-17,0.0,1.151982671352371e-17,-100.0,nan,nan
175.875,valley,0.0,6.815424334377824e-17,0.0,3.5404266543378574e-17,-100.0,nan,nan
176.125,valley,0.0,5.4791881562476007e-17,0.0,4.593983126478257e-17,-100.0,nan,nan
176.375,valley,0.0,1.0356477719679346e-16,0.0,4.497381709602256e-17,-100.0,nan,nan
176.625,valley,0.0,9.208282029135421e-17,0.0,4.1757884674049445e-17,-100.0,nan,nan
176.875,valley,0.0,1.1545635183584506e-16,0.0,2.024192439416412e-17,-100.0,nan,nan
177.125,valley,0.0,6.9908091922461e-17,0.0,1.112917680285509e-17,-100.0,nan,nan
177.375,valley,0.0,7.908215601874725e-17,0.0,3.358458035430312e-17,-100.0,nan,nan
177.625,valley,0.0,8.758901245899293e-17,0.0,3.3280816673755404e-17,-100.0,nan,nan
177.875,valley,0.0,1.428036831580687e-16,0.0,4.8353308107333696e-17,-100.0,nan,nan
178.125,valley,0.0,1.3271551546400812e-16,0.0,9.052372163728939e-17,-100.0,nan,nan
178.375,valley,0.0,9.679506992482135e-17,0.0,2.7647685026748844e-17,-100.0,nan,nan
178.625,valley,0.0,2.5807779836252952e-17,0.0,1.4159649510842378e-17,-100.0,nan,nan
178.875,valley,0.0,8.664994375772068e-17,0.0,3.011613544106985e-17,-100.0,nan,nan
179.125,valley,0.0,5.133737889751411e-17,0.0,2.806039496523027e-17,-100.0,nan,nan
179.375,valley,0.0,1.365813880722065e-16,0.0,2.9924464928651745e-17,-100.0,nan,nan
179.625,valley,0.0,1.8063479528883202e-16,0.0,9.698702428243661e-17,-100.0,nan,nan
179.875,valley,0.0,7.793789639137577e-17,0.0,1.3206050984541733e-17,-100.0,nan,nan
180.125,valley,0.0,7.067506144529207e-17,0.0,2.6177018155359822e-17,-100.0,nan,nan
180.375,valley,0.0,7.390399456416643e-17,0.0,3.061101300993236e-17,-100.0,nan,nan
180.625,valley,0.0,5.392451405111104e-18,0.0,2.5352537102922643e-18,-100.0,nan,nan
180.875,valley,0.0,3.523253108532465e-17,0.0,1.9746894245671362e-17,-100.0,nan,nan
181.125,valley,0.0,7.151623421881772e-17,0.0,5.253966373997852e-17,-100.0,nan,nan
181.375,valley,0.0,9.991612132256118e-17,0.0,3.1411508420175574e-17,-100.0,nan,nan
181.625,valley,0.0,7.000250924174729e-18,0.0,3.4448914796941475e-18,-100.0,nan,nan
181.875,valley,0.0,3.023556763032814e-17,0.0,1.1896535985102728e-17,-100.0,nan,nan
182.125,valley,0.0,1.159366317142127e-16,0.0,4.726838196343474e-17,-100.0,nan,nan
182.375,valley,0.0,3.3185347563446594e-17,0.0,2.2127444656452795e-17,-100.0,nan,nan
182.625,valley,0.0,6.452357861875223e-17,0.0,1.807733511906732e-17,-100.0,nan,nan
182.875,valley,0.0,4.728750758206755e-17,0.0,2.2289445050261218e-17,-100.0,nan,nan
183.125,valley,0.0,3.429752245013781e-17,0.0,9.072727163208285e-18,-100.0,nan,nan
183.375,valley,0.0,3.623371950243516e-17,0.0,1.4200680803020428e-17,-100.0,nan,nan
183.625,valley,0.0,6.886840904951793e-17,0.0,3.2034522086772026e-17,-100.0,nan,nan
183.875,valley,0.0,1.1355904113103178e-16,0.0,2.5193416109719226e-17,-100.0,nan,nan
184.125,valley,0.0,9.887034886548601e-17,0.0,6.261529792317711e-17,-100.0,nan,nan
184.375,valley,0.0,1.087604942647094e-16,0.0,4.3604248975107057e-17,-100.0,nan,nan
184.625,valley,0.0,4.020777520609073e-17,0.0,1.3032083491356269e-17,-100.0,nan,nan
184.875,valley,0.0,3.044728141485264e-17,0.0,6.070875138810941e-18,-100.0,nan,nan
185.125,valley,0.0,1.0520278887675512e-16,0.0,5.159872022497242e-17,-100.0,nan,nan
185.375,valley,0.0,5.012820456580698e-17,0.0,2.1303680826975927e-17,-100.0,nan,nan
185.625,valley,0.0,3.9081196097226836e-17,0.0,2.045325548261232e-17,-100.0,nan,nan
185.875,valley,0.0,8.517025721976401e-17,0.0,3.2052974268023656e-17,-100.0,nan,nan
186.125,valley,0.0,9.275115793678027e-17,0.0,3.368902360979659e-17,-100.0,nan,nan
186.375,valley,0.0,3.226189793965754e-17,0.0,1.0624845461424992e-17,-100.0,nan,nan
186.625,valley,0.0,4.2329912048360996e-17,0.0,2.7470396664465297e-17,-100.0,nan,nan
186.875,valley,0.0,5.947678967036093e-17,0.0,2.250866910140448e-17,-100.0,nan,nan
187.125,valley,0.0,5.854051736366075e-17,0.0,3.227074898578495e-17,-100.0,nan,nan
187.375,valley,0.0,8.141839849887256e-17,0.0,6.964604010903675e-17,-100.0,nan,nan
187.625,valley,0.0,6.790433926956439e-17,0.0,4.0648620219795304e-17,-100.0,nan,nan
187.875,valley,0.0,5.203144043379882e-17,0.0,3.840257059461049e-17,-100.0,nan,nan
188.125,valley,0.0,4.8485291058745706e-17,0.0,3.4038746674425667e-17,-100.0,nan,nan
188.375,valley,0.0,2.9986598517857745e-17,0.0,1.3078389271597273e-17,-100.0,nan,nan
188.625,valley,0.0,1.0450399479968158e-16,0.0,8.08131390745625e-17,-100.0,nan,nan
188.875,valley,0.0,2.3334142804825112e-17,0.0,6.331813560190445e-18,-100.0,nan,nan
189.125,valley,0.0,9.360119532133343e-17,0.0,7.281733003086146e-17,-100.0,nan,nan
189.375,valley,0.0,3.195712379618077e-17,0.0,1.631867689807697e-17,-100.0,nan,nan
189.625,valley,0.0,2.5287705984105083e-17,0.0,1.0175667788423571e-17,-100.0,nan,nan
189.875,valley,0.0,4.88912589883747e-17,0.0,2.871109641927761e-17,-100.0,nan,nan
190.125,valley,0.0,4.424240802273354e-17,0.0,1.9303135051161614e-17,-100.0,nan,nan
190.375,valley,0.0,1.0828243941145115e-16,0.0,4.3712012458916766e-17,-100.0,nan,nan
190.625,valley,0.0,1.1535945331311078e-16,0.0,4.4121380594289454e-17,-100.0,nan,nan
190.875,valley,0.0,5.376123327169736e-17,0.0,1.6650122145242305e-17,-100.0,nan,nan
191.125,valley,0.0,6.302415635542606e-17,0.0,2.915969339740389e-17,-100.0,nan,nan
191.375,valley,0.0,3.0316441848241005e-17,0.0,1.451087481766665e-17,-100.0,nan,nan
191.625,valley,0.0,1.2912094895893565e-16,0.0,9.529272675428661e-17,-100.0,nan,nan
191.875,valley,0.0,1.966360765621317e-17,0.0,8.790969165032433e-18,-100.0,nan,nan
192.125,valley,0.0,1.5417119078771357e-17,0.0,1.1612567907664502e-17,-100.0,nan,nan
192.375,valley,0.0,2.7721699759407185e-17,0.0,1.6635214295063273e-17,-100.0,nan,nan
192.625,valley,0.0,3.494611937905274e-17,0.0,1.905689547332695e-17,-100.0,nan,nan
192.875,valley,0.0,1.4151194567557385e-16,0.0,3.3472304787021135e-17,-100.0,nan,nan
193.125,valley,0.0,1.0081237419225122e-16,0.0,2.65753825384954e-17,-100.0,nan,nan
193.375,valley,0.0,8.289262340226665e-17,0.0,3.6999543614447774e-17,-100.0,nan,nan
193.625,valley,0.0,2.1321869196990785e-17,0.0,9.047016904804202e-18,-100.0,nan,nan
193.875,valley,0.0,4.0207559585383675e-17,0.0,2.0735153373575627e-17,-100.0,nan,nan
194.125,valley,0.0,1.4556115568529343e-16,0.0,4.8065288566436765e-17,-100.0,nan,nan
194.375,valley,0.0,1.929477918042287e-17,0.0,9.66447501856922e-18,-100.0,nan,nan
194.625,valley,0.0,3.7253125009708424e-17,0.0,1.6919310455142375e-17,-100.0,nan,nan
194.875,valley,0.0,1.0002608913676701e-16,0.0,4.91227509452362e-17,-100.0,nan,nan
195.125,valley,0.0,4.50008377593904e-17,0.0,2.61962028372012e-17,-100.0,nan,nan
195.375,valley,0.0,4.0914749431854596e-17,0.0,3.0790365117221993e-17,-100.0,nan,nan
195.625,valley,0.0,6.307839699789403e-17,0.0,3.421702892701328e-17,-100.0,nan,nan
195.875,valley,0.0,4.0656245527842013e-17,0.0,3.480507969567993e-17,-100.0,nan,nan
196.125,valley,0.0,5.885367090592911e-17,0.0,2.866432906365834e-17,-100.0,nan,nan
196.375,valley,0.0,7.255111591250412e-18,0.0,6.078837393809537e-18,-100.0,nan,nan
196.625,valley,0.0,3.3821381893034406e-17,0.0,1.9141674224815566e-17,-100.0,nan,nan
196.875,valley,0.0,5.868316368864285e-17,0.0,4.7260129705577793e-17,-100.0,nan,nan
197.125,valley,0.0,2.1363235777223093e-17,0.0,1.2502145042561199e-17,-100.0,nan,nan
197.375,valley,0.0,1.7606407651249433e-17,0.0,1.0250249707307183e-17,-100.0,nan,nan
197.625,valley,0.0,1.3116809572636006e-17,0.0,7.541646181239045e-18,-100.0,nan,nan
197.875,valley,0.0,2.0309143418644623e-17,0.0,1.2852305476483055e-17,-100.0,nan,nan
198.125,valley,0.0,1.604285017311124e-16,0.0,1.1553414090783397e-16,-100.0,nan,nan
198.375,valley,0.0,3.205346967142159e-17,0.0,1.8700716594897893e-17,-100.0,nan,nan
198.625,valley,0.0,3.982776497043669e-17,0.0,2.6947855801056103e-17,-100.0,nan,nan
198.875,valley,0.0,7.212440600269308e-17,0.0,5.4699908397322893e-17,-100.0,nan,nan
199.125,valley,0.0,1.4484145474799245e-16,0.0,6.448682229479607e-17,-100.0,nan,nan
199.375,valley,0.0,1.3076498082053785e-17,0.0,6.088882273263044e-18,-100.0,nan,nan
199.625,valley,0.0,9.182525871403654e-17,0.0,4.8933033410155687e-17,-100.0,nan,nan
199.875,valley,0.0,9.335422972850394e-17,0.0,5.3899716849032055e-17,-100.0,nan,nan
200.125,valley,0.0,5.125238135370719e-17,0.0,3.6826766192331706e-17,-100.0,nan,nan
200.375,valley,0.0,5.619912656984818e-17,0.0,3.280905523452074e-17,-100.0,nan,nan
200.625,valley,0.0,1.0642828952118697e-16,0.0,6.497017176219861e-17,-100.0,nan,nan
200.875,valley,0.0,3.419972559814098e-17,0.0,1.514328467744437e-17,-100.0,nan,nan
201.125,valley,0.0,1.3332859461119042e-16,0.0,4.286595488076386e-17,-100.0,nan,nan
201.375,valley,0.0,4.952824164249775e-17,0.0,2.930175676615773e-17,-100.0,nan,nan
201.625,valley,0.0,5.416824782234105e-17,0.0,2.313836775213648e-17,-100.0,nan,nan
201.875,valley,0.0,5.742968637266738e-17,0.0,2.1630896250863817e-17,-100.0,nan,nan
202.125,valley,0.0,6.583908223299627e-18,0.0,3.8207132707114746e-18,-100.0,nan,nan
202.375,valley,0.0,1.3472830706975914e-18,0.0,7.951077066154169e-19,-100.0,nan,nan
202.625,valley,0.0,5.666243407635719e-17,0.0,4.48620491113968e-17,-100.0,nan,nan
202.875,valley,0.0,1.4768582139016752e-16,0.0,5.889929916153728e-17,-100.0,nan,nan
203.125,valley,0.0,1.4995896467943569e-16,0.0,7.543385297105723e-17,-100.0,nan,nan
203.375,valley,0.0,6.73136230644331e-17,0.0,5.575002444460576e-17,-100.0,nan,nan
203.625,valley,0.0,7.973742217719237e-17,0.0,2.111610661683698e-17,-100.0,nan,nan
203.875,valley,0.0,4.6046562152428015e-17,0.0,4.3341829998944734e-17,-100.0,nan,nan
204.125,valley,0.0,3.9157462862482454e-17,0.0,1.8048188939596732e-17,-100.0,nan,nan
204.375,valley,0.0,3.4313381705507273e-17,0.0,3.27104722802433e-17,-100.0,nan,nan
204.625,valley,0.0,1.0993260311396512e-17,0.0,9.75232234134057e-18,-100.0,nan,nan
204.875,valley,0.0,1.940510919946946e-17,0.0,9.963058718100326e-18,-100.0,nan,nan
205.125,valley,0.0,2.1767555639928826e-17,0.0,2.1767555639928826e-17,-100.0,nan,nan
205.375,valley,0.0,6.813457805766866e-17,0.0,6.081670367444629e-17,-100.0,nan,nan
205.625,valley,0.0,2.078606709497721e-18,0.0,1.2135096016243574e-18,-100.0,nan,nan
205.875,valley,0.0,2.6206923512805264e-17,0.0,1.305430033422267e-17,-100.0,nan,nan
206.125,valley,0.0,2.8714558671354834e-17,0.0,2.6551549778999936e-17,-100.0,nan,nan
206.375,valley,0.0,1.6368462129738883e-16,0.0,9.201933536097427e-17,-100.0,nan,nan
206.625,valley,0.0,3.9580048839923855e-17,0.0,1.872012815370983e-17,-100.0,nan,nan
206.875,valley,0.0,7.417355825953352e-18,0.0,2.51901343641797e-18,-100.0,nan,nan
207.125,valley,0.0,2.1374473534434974e-17,0.0,1.7893878510636066e-17,-100.0,nan,nan
207.375,valley,0.0,4.41043130564988e-17,0.0,3.828759591109409e-17,-100.0,nan,nan
207.625,valley,0.0,8.362111521341246e-17,0.0,6.45718893173971e-17,-100.0,nan,nan
207.875,valley,0.0,5.629711680285501e-17,0.0,3.56321686443465e-17,-100.0,nan,nan
208.125,valley,0.0,2.055168481143038e-18,0.0,2.055168481143038e-18,-100.0,nan,nan
208.375,valley,0.0,4.079479413781825e-17,0.0,1.6184022521632786e-17,-100.0,nan,nan
208.625,valley,0.0,7.503656232132828e-17,0.0,4.507278222858147e-17,-100.0,nan,nan
208.875,valley,0.0,9.699652431076345e-18,0.0,7.073635917920827e-18,-100.0,nan,nan
209.125,valley,0.0,3.605848096239344e-18,0.0,1.5507183223040844e-18,-100.0,nan,nan
209.375,valley,0.0,7.570499403145719e-18,0.0,6.706305917886629e-18,-100.0,nan,nan
209.625,valley,0.0,2.5324942663773608e-17,0.0,1.3503549284537951e-17,-100.0,nan,nan
209.875,valley,0.0,5.1171500359530743e-17,0.0,3.796093985973339e-17,-100.0,nan,nan
210.125,valley,0.0,2.779619427423913e-17,0.0,1.3732463130452522e-17,-100.0,nan,nan
210.375,valley,0.0,1.0002429624584446e-16,0.0,7.733560081600797e-17,-100.0,nan,nan
210.625,valley,0.0,7.057208756180295e-17,0.0,3.0906503647054564e-17,-100.0,nan,nan
210.875,valley,0.0,5.971611703389778e-17,0.0,3.133108485844498e-17,-100.0,nan,nan
211.125,valley,0.0,1.7429981848842473e-17,0.0,7.190160919042212e-18,-100.0,nan,nan
211.375,valley,0.0,6.453284955021398e-18,0.0,6.453284955021398e-18,-100.0,nan,nan
211.625,valley,0.0,6.586456342689272e-17,0.0,3.685717038484521e-17,-100.0,nan,nan
211.875,valley,0.0,7.426864949856143e-17,0.0,3.746359098402736e-17,-100.0,nan,nan
212.125,valley,0.0,4.2587485540044114e-17,0.0,3.663532176093312e-17,-100.0,nan,nan
212.375,valley,0.0,1.3278122904577392e-16,0.0,1.2162600276657717e-16,-100.0,nan,nan
212.625,valley,0.0,1.2663225177657333e-17,0.0,1.0410705032702214e-17,-100.0,nan,nan
212.875,valley,0.0,1.7103367246779078e-16,0.0,8.92331545382899e-17,-100.0,nan,nan
213.125,valley,0.0,3.391967804723672e-17,0.0,2.2903082240576068e-17,-100.0,nan,nan
213.375,valley,0.0,9.221327900484772e-17,0.0,1.8744646029275078e-17,-100.0,nan,nan
213.625,valley,0.0,1.2827390083285095e-17,0.0,1.1513200579907735e-17,-100.0,nan,nan
213.875,valley,0.0,4.368962338277191e-17,0.0,2.647101806280041e-17,-100.0,nan,nan
214.125,valley,0.0,6.031618363403976e-17,0.0,3.499515101561635e-17,-100.0,nan,nan
214.375,valley,0.0,1.6143451592870448e-17,0.0,1.3657437679914783e-17,-100.0,nan,nan
214.625,valley,0.0,8.37423541968918e-17,0.0,2.901559428970991e-17,-100.0,nan,nan
214.875,valley,0.0,6.707127735150475e-17,0.0,4.4379697877240956e-17,-100.0,nan,nan
215.125,valley,0.0,1.7976066165117933e-17,0.0,1.7976066165117933e-17,-100.0,nan,nan
215.375,valley,0.0,8.479709122377609e-17,0.0,3.748635902698513e-17,-100.0,nan,nan
215.625,valley,0.0,9.703934273426647e-17,0.0,2.4251238873235387e-17,-100.0,nan,nan
215.875,valley,0.0,9.911439031296378e-17,0.0,3.416296614883733e-17,-100.0,nan,nan
216.125,valley,0.0,4.992754896581547e-17,0.0,3.0803209059992e-17,-100.0,nan,nan
216.375,valley,0.0,7.732249953165682e-17,0.0,4.579823563972879e-17,-100.0,nan,nan
216.625,valley,0.0,2.4778161130962347e-17,0.0,1.5014013451545925e-17,-100.0,nan,nan
216.875,valley,0.0,2.2824359522072116e-17,0.0,9.417685344919753e-18,-100.0,nan,nan
217.125,valley,0.0,6.016005125704729e-17,0.0,4.931562933586519e-17,-100.0,nan,nan
217.375,valley,0.0,8.705535397375216e-17,0.0,4.7029429585237065e-17,-100.0,nan,nan
217.625,valley,0.0,4.7615139478832113e-17,0.0,1.666236416896911e-17,-100.0,nan,nan
217.875,valley,0.0,5.310012520833019e-17,0.0,5.310012520833018e-17,-100.0,nan,nan
218.125,valley,0.0,1.4768175628254199e-18,0.0,1.0012350163395137e-18,-100.0,nan,nan
218.375,valley,0.0,6.970831247302135e-19,0.0,6.970831247302135e-19,-100.0,nan,nan
218.625,valley,0.0,1.1124652089279651e-17,0.0,9.347122838501472e-18,-100.0,nan,nan
218.875,valley,0.0,2.407362408919124e-17,0.0,2.134873736624445e-17,-100.0,nan,nan
219.125,valley,0.0,6.379826127025229e-17,0.0,2.986616214809849e-17,-100.0,nan,nan
219.375,valley,0.0,1.3202222344868562e-16,0.0,8.820887791510805e-17,-100.0,nan,nan
219.625,valley,0.0,8.130518263857467e-17,0.0,5.812086043752293e-17,-100.0,nan,nan
219.875,valley,0.0,1.683658624302385e-17,0.0,1.2368955542344937e-17,-100.0,nan,nan
220.125,valley,0.0,1.8017872784048538e-17,0.0,1.8017872784048538e-17,-100.0,nan,nan
220.375,valley,0.0,5.4360798333466874e-17,0.0,2.860259039350825e-17,-100.0,nan,nan
220.625,valley,0.0,6.922230258617213e-17,0.0,3.832734253971219e-17,-100.0,nan,nan
220.875,valley,0.0,2.69081302378682e-17,0.0,1.651505618034733e-17,-100.0,nan,nan
221.125,valley,0.0,3.380124489766462e-17,0.0,3.1424433225371646e-17,-100.0,nan,nan
221.375,valley,0.0,5.3033854841315e-17,0.0,2.5299456033267183e-17,-100.0,nan,nan
221.625,valley,0.0,6.01952836534747e-17,0.0,3.5303333299301263e-17,-100.0,nan,nan
221.875,valley,0.0,8.864584133877257e-17,0.0,5.897673511903329e-17,-100.0,nan,nan
222.125,valley,0.0,9.16509381408692e-19,0.0,9.16509381408692e-19,-100.0,nan,nan
222.375,valley,0.0,2.3487041765678574e-17,0.0,1.1627099588828813e-17,-100.0,nan,nan
222.625,valley,0.0,3.798246154987188e-17,0.0,2.5309520294112027e-17,-100.0,nan,nan
222.875,valley,0.0,1.0260098537917192e-16,0.0,7.082745131256785e-17,-100.0,nan,nan
223.125,valley,0.0,2.0627403282094843e-17,0.0,9.612082565251224e-18,-100.0,nan,nan
223.375,valley,0.0,2.5913447602998743e-17,0.0,1.7797889716110215e-17,-100.0,nan,nan
223.625,valley,0.0,0.0,0.0,0.0,nan,nan,nan
223.875,valley,0.0,1.6555085427527594e-17,0.0,1.6555085427527594e-17,-100.0,nan,nan
224.125,valley,0.0,3.49980654740646e-17,0.0,3.4914221977735156e-17,-100.0,nan,nan
224.375,valley,0.0,7.117261272525377e-17,0.0,4.247150442217839e-17,-100.0,nan,nan
224.625,valley,0.0,7.751222081721353e-18,0.0,6.5301558865677006e-18,-100.0,nan,nan
224.875,valley,0.0,2.99790845360165e-19,0.0,2.99790845360165e-19,-100.0,nan,nan
225.125,valley,0.0,5.772548790968641e-17,0.0,3.208494592714242e-17,-100.0,nan,nan
225.375,valley,0.0,7.255051073795648e-17,0.0,6.086938232995016e-17,-100.0,nan,nan
225.625,valley,0.0,7.682757403350284e-17,0.0,6.702836215360214e-17,-100.0,nan,nan
225.875,valley,0.0,3.364901673269527e-17,0.0,1.9433247667325706e-17,-100.0,nan,nan
226.125,valley,0.0,5.430305334628953e-17,0.0,3.974356461805738e-17,-100.0,nan,nan
226.375,valley,0.0,2.3373838455020835e-17,0.0,1.0284872773904903e-17,-100.0,nan,nan
226.625,valley,0.0,1.6507980963101354e-19,0.0,1.6507980963101354e-19,-100.0,nan,nan
226.875,valley,0.0,0.0,0.0,0.0,nan,nan,nan
227.125,valley,0.0,1.931301537964891e-17,0.0,6.102306153345126e-18,-100.0,nan,nan
227.375,valley,0.0,3.4322662062751666e-17,0.0,2.3375510322569983e-17,-100.0,nan,nan
227.625,valley,0.0,3.442830265668052e-17,0.0,3.350388502351474e-17,-100.0,nan,nan
227.875,valley,0.0,1.6894496977608308e-17,0.0,1.5126939446153157e-17,-100.0,nan,nan
228.125,valley,0.0,9.835739590412924e-18,0.0,9.587568156542461e-18,-100.0,nan,nan
228.375,valley,0.0,1.0824814569015961e-17,0.0,7.78159065451917e-18,-100.0,nan,nan
228.625,valley,0.0,4.446363503080031e-17,0.0,3.259323630837634e-17,-100.0,nan,nan
228.875,valley,0.0,1.7184489074784094e-17,0.0,1.03183548251241e-17,-100.0,nan,nan
229.125,valley,0.0,1.32099872747894e-16,0.0,5.770133870518174e-17,-100.0,nan,nan
229.375,valley,0.0,8.814195900930245e-18,0.0,7.16560331869493e-18,-100.0,nan,nan
229.625,valley,0.0,6.104359856137776e-17,0.0,4.232846745911063e-17,-100.0,nan,nan
229.875,valley,0.0,7.530378333701557e-17,0.0,4.2472208447600556e-17,-100.0,nan,nan
230.125,valley,0.0,9.08313370535669e-17,0.0,5.218211135644411e-17,-100.0,nan,nan
230.375,valley,0.0,3.830683383346245e-17,0.0,3.830683383346245e-17,-100.0,nan,nan
230.625,valley,0.0,5.381628573764702e-17,0.0,5.237498966687466e-17,-100.0,nan,nan
230.875,valley,0.0,1.3141604449616595e-17,0.0,8.01267761764127e-18,-100.0,nan,nan
231.125,valley,0.0,7.243664151032442e-18,0.0,7.024308250732009e-18,-100.0,nan,nan
231.375,valley,0.0,4.429336033422247e-17,0.0,1.484852779413844e-17,-100.0,nan,nan
231.625,valley,0.0,7.166090745976128e-17,0.0,3.2288315161011316e-17,-100.0,nan,nan
231.875,valley,0.0,2.8347192215089074e-17,0.0,1.651193993121962e-17,-100.0,nan,nan
232.125,valley,0.0,6.674077280687408e-17,0.0,6.439295065700116e-17,-100.0,nan,nan
232.375,valley,0.0,9.143081420009274e-17,0.0,3.543371949853603e-17,-100.0,nan,nan
232.625,valley,0.0,8.267669435489198e-17,0.0,7.145591157753445e-17,-100.0,nan,nan
232.875,valley,0.0,3.279526533016752e-17,0.0,2.5635826497736087e-17,-100.0,nan,nan
233.125,valley,0.0,1.3571611174288679e-17,0.0,1.0341111680808999e-17,-100.0,nan,nan
233.375,valley,0.0,1.1140597254118753e-17,0.0,6.341119141384561e-18,-100.0,nan,nan
233.625,valley,0.0,1.4233495350228496e-16,0.0,8.264520167835878e-17,-100.0,nan,nan
233.875,valley,0.0,6.30943349663412e-17,0.0,6.055768285470513e-17,-100.0,nan,nan
234.125,valley,0.0,3.7518389057415025e-17,0.0,2.1536616541573825e-17,-100.0,nan,nan
234.375,valley,0.0,2.6136824041872452e-17,0.0,1.7319590903695483e-17,-100.0,nan,nan
234.625,valley,0.0,5.558153668761868e-17,0.0,3.104150473742461e-17,-100.0,nan,nan
234.875,valley,0.0,5.1088221076267445e-17,0.0,2.3892514309949955e-17,-100.0,nan,nan
235.125,valley,0.0,4.493637002756477e-17,0.0,3.617024919917778e-17,-100.0,nan,nan
235.375,valley,0.0,1.4099811162376907e-16,0.0,6.763784323049362e-17,-100.0,nan,nan
235.625,valley,0.0,3.3599074531712877e-17,0.0,1.9777237145079802e-17,-100.0,nan,nan
235.875,valley,0.0,1.8173841338092747e-18,0.0,1.0703211375233027e-18,-100.0,nan,nan
236.125,valley,0.0,1.1461247603110695e-16,0.0,8.561206363956754e-17,-100.0,nan,nan
236.375,valley,0.0,8.601796216230109e-18,0.0,8.601796216230109e-18,-100.0,nan,nan
236.625,valley,0.0,7.271448146297516e-18,0.0,6.3021812520719e-18,-100.0,nan,nan
236.875,valley,0.0,1.978216267010946e-17,0.0,1.2232055570619179e-17,-100.0,nan,nan
237.125,valley,0.0,1.8975884665678456e-17,0.0,1.8975884665678456e-17,-100.0,nan,nan
237.375,valley,0.0,9.363980814705576e-17,0.0,5.777781269696429e-17,-100.0,nan,nan
237.625,valley,0.0,2.4580707044460917e-17,0.0,1.4648877606744485e-17,-100.0,nan,nan
237.875,valley,0.0,1.6286969873897243e-17,0.0,1.4086765716516963e-17,-100.0,nan,nan
238.125,valley,0.0,2.5583086755813502e-17,0.0,2.4782525146273523e-17,-100.0,nan,nan
238.375,valley,0.0,2.7280670994792033e-17,0.0,1.8087764041476324e-17,-100.0,nan,nan
238.625,valley,0.0,8.13973143580374e-18,0.0,8.044367253527935e-18,-100.0,nan,nan
238.875,valley,0.0,6.255258138722352e-17,0.0,6.044270593618978e-17,-100.0,nan,nan
239.125,valley,0.0,2.9121726731473614e-17,0.0,1.6813440843559077e-17,-100.0,nan,nan
239.375,valley,0.0,9.668419541266747e-18,0.0,4.650806173770877e-18,-100.0,nan,nan
239.625,valley,0.0,3.030753187478752e-17,0.0,1.7776183459287616e-17,-100.0,nan,nan
239.875,valley,0.0,2.246050914700426e-17,0.0,2.246050914700426e-17,-100.0,nan,nan
240.125,valley,0.0,6.933367779644179e-17,0.0,5.716806179104655e-17,-100.0,nan,nan
240.375,valley,0.0,3.252511942501007e-17,0.0,3.252511942501007e-17,-100.0,nan,nan
240.625,valley,0.0,6.36004555227762e-17,0.0,2.944319221066897e-17,-100.0,nan,nan
240.875,valley,0.0,5.1057609095489507e-17,0.0,2.404228003919692e-17,-100.0,nan,nan
241.125,valley,0.0,1.2018522388781462e-16,0.0,9.020221707479121e-17,-100.0,nan,nan
241.375,valley,0.0,1.11720893820888e-16,0.0,6.459083395139775e-17,-100.0,nan,nan
241.625,valley,0.0,4.846596301372185e-17,0.0,4.846596301372185e-17,-100.0,nan,nan
241.875,valley,0.0,5.871951298949078e-17,0.0,2.3634261430545783e-17,-100.0,nan,nan
242.125,valley,0.0,7.420219386850001e-17,0.0,3.174470296715233e-17,-100.0,nan,nan
242.375,valley,0.0,6.0447504843914e-17,0.0,4.4849717668826236e-17,-100.0,nan,nan
242.625,valley,0.0,1.1489111517628408e-16,0.0,7.121944034057845e-17,-100.0,nan,nan
242.875,valley,0.0,3.924418862794043e-17,0.0,2.156160616282091e-17,-100.0,nan,nan
243.125,valley,0.0,3.341068605588679e-20,0.0,3.341068605588679e-20,-100.0,nan,nan
243.375,valley,0.0,4.827633532191768e-17,0.0,1.9185742647408986e-17,-100.0,nan,nan
243.625,valley,0.0,1.2985053136904678e-17,0.0,1.2985053136904678e-17,-100.0,nan,nan
243.875,valley,0.0,2.091181210400056e-17,0.0,2.091181210400056e-17,-100.0,nan,nan
244.125,valley,0.0,6.020464899184063e-17,0.0,4.035583297355599e-17,-100.0,nan,nan
244.375,valley,0.0,2.921984399231747e-17,0.0,2.721366449175474e-17,-100.0,nan,nan
244.625,valley,0.0,2.8795813823701e-17,0.0,2.8795813823701e-17,-100.0,nan,nan
244.875,valley,0.0,7.84502153451834e-18,0.0,6.738707021245655e-18,-100.0,nan,nan
245.125,valley,0.0,2.1463184311440455e-17,0.0,1.0891379476629668e-17,-100.0,nan,nan
245.375,valley,0.0,2.2316173214909084e-17,0.0,2.2316173214909084e-17,-100.0,nan,nan
245.625,valley,0.0,0.0,0.0,0.0,nan,nan,nan
245.875,valley,0.0,3.028697702790045e-17,0.0,3.028697702790045e-17,-100.0,nan,nan
246.125,valley,0.0,2.6375109127979577e-17,0.0,1.5500773369733337e-17,-100.0,nan,nan
246.375,valley,0.0,4.0089978212143325e-17,0.0,2.3266597795068947e-17,-100.0,nan,nan
246.625,valley,0.0,5.794794592089981e-17,0.0,3.752350741551547e-17,-100.0,nan,nan
246.875,valley,0.0,8.549072235720935e-17,0.0,4.4908502129255094e-17,-100.0,nan,nan
247.125,valley,0.0,1.0490875366770541e-17,0.0,1.0490875366770543e-17,-100.0,nan,nan
247.375,valley,0.0,6.118575958391492e-17,0.0,3.533679258518644e-17,-100.0,nan,nan
247.625,valley,0.0,5.587847079577962e-18,0.0,5.3349521783017715e-18,-100.0,nan,nan
247.875,valley,0.0,6.945829545204618e-19,0.0,6.945829545204619e-19,-100.0,nan,nan
248.125,valley,0.0,1.726967635735932e-18,0.0,1.7269676357359318e-18,-100.0,nan,nan
248.375,valley,0.0,7.819494834623853e-19,0.0,7.819494834623853e-19,-100.0,nan,nan
248.625,valley,0.0,2.957971541317494e-17,0.0,1.80537246352858e-17,-100.0,nan,nan
248.875,valley,0.0,6.13336281719487e-17,0.0,5.217217839310823e-17,-100.0,nan,nan
249.125,valley,0.0,1.2502167703876131e-17,0.0,1.2502167703876131e-17,-100.0,nan,nan
249.375,valley,0.0,2.3898893064186466e-17,0.0,1.3924532809816477e-17,-100.0,nan,nan
249.625,valley,0.0,7.090519440340583e-17,0.0,4.2436412547539745e-17,-100.0,nan,nan
249.875,valley,0.0,6.025769738596861e-16,0.0,1.1408843539215807e-16,-100.0,nan,nan
0.125,inner_field_peaks,3.1890870251813526e-10,3.0402425462692493e-10,6.317141468326433e-13,3.1720538611204993e-13,4.895809352275315,4.273511646512028,5.518107058038603
0.375,inner_field_peaks,3.182050064049904e-10,3.1043941375815736e-10,7.587709910558694e-13,3.012668056895166e-13,2.501484123044606,1.7664309976641133,3.236537248425099
0.625,inner_field_peaks,3.1743833741369175e-10,3.1200369529174436e-10,6.900724961401998e-13,3.484115937134764e-13,1.7418518446923104,1.0797156822080918,2.4039880071765287
0.875,inner_field_peaks,3.167604888724728e-10,3.126026316589132e-10,6.824035566764065e-13,2.99071455952074e-13,1.3300774825518058,0.6756002464422433,1.9845547186613683
1.125,inner_field_peaks,3.162386579948789e-10,3.124703773531057e-10,6.238149254174182e-13,3.747650087073156e-13,1.2059641216853212,0.6035833743566776,1.808344869013965
1.375,inner_field_peaks,3.155521454466319e-10,3.1204260534757526e-10,5.679280139650452e-13,3.0259539914086985e-13,1.1246990119017308,0.5793042636282406,1.670093760175221
1.625,inner_field_peaks,3.1509351000589533e-10,3.1153716329700886e-10,6.428706070994283e-13,2.303833154526374e-13,1.1415481450911091,0.5175388900504744,1.765557400131744
1.875,inner_field_peaks,3.145870006365465e-10,3.109705487665505e-10,6.873331903698896e-13,1.9356059374852032e-13,1.1629563906744522,0.4857894922680068,1.8401232890808978
2.125,inner_field_peaks,3.139782997737605e-10,3.105014788803494e-10,8.071953433525649e-13,2.4886015105633716e-13,1.119743746776436,0.32717258190415094,1.9123149116487208
2.375,inner_field_peaks,3.135185045935299e-10,3.099891805772238e-10,8.006805965945514e-13,2.9531741776040257e-13,1.1385313544602482,0.3586074247257075,1.918455284194789
2.625,inner_field_peaks,3.1281957904759427e-10,3.095821430446556e-10,7.196778070486975e-13,3.138071011334073e-13,1.0457437793728541,0.3486260286415165,1.7428615301041919
2.875,inner_field_peaks,3.122353913407577e-10,3.0902608146147137e-10,7.497411215450708e-13,2.6115726881025353e-13,1.038523953741577,0.3037293856588974,1.7733185218242564
3.125,inner_field_peaks,3.1180701037502487e-10,3.0827520691566276e-10,7.261658567098827e-13,3.094485545967536e-13,1.1456657493472466,0.43879424201787576,1.8525372566766174
3.375,inner_field_peaks,3.114906768828137e-10,3.0783546769859693e-10,7.690763134341658e-13,3.1115944283416484e-13,1.1873905276553742,0.43623610600148416,1.9385449493092641
3.625,inner_field_peaks,3.1102637930256175e-10,3.0746978943759186e-10,7.678052195953233e-13,3.1398511411463173e-13,1.1567282338454943,0.406238141025375,1.9072183266656135
3.875,inner_field_peaks,3.1031485324252994e-10,3.069223992176429e-10,7.34977129595454e-13,2.615589716645325e-13,1.1053132757773643,0.38089630110131306,1.8297302504534156
4.125,inner_field_peaks,3.0975872491848454e-10,3.064825552749372e-10,8.188850896788405e-13,2.921868922887018e-13,1.0689579511657277,0.26077609708554594,1.8771398052459094
4.375,inner_field_peaks,3.092973212701241e-10,3.059571445994473e-10,9.355921658384578e-13,2.4965715330878964e-13,1.091713898379365,0.15217270241784722,2.031255094340883
4.625,inner_field_peaks,3.087746087176664e-10,3.053685157497324e-10,8.177554504577737e-13,2.2077773638704757e-13,1.1154041075817522,0.29312081574032545,1.937687399423179
4.875,inner_field_peaks,3.0826651682753655e-10,3.0509909399423876e-10,8.173389340218835e-13,1.968087813924418e-13,1.0381619924959784,0.2108600170682578,1.865463967923699
5.125,inner_field_peaks,3.0805255579145845e-10,3.0469071241575024e-10,8.024698319595258e-13,1.7358528615695714e-13,1.103362603032343,0.28616198599009846,1.9205632200745872
5.375,inner_field_peaks,3.0745163485335065e-10,3.0402701414084945e-10,8.719852385245762e-13,3.5839103755610745e-14,1.1264198749505239,0.21464566547850697,2.038194084422541
5.625,inner_field_peaks,3.068233496271526e-10,3.03674012363498e-10,8.870258673800075e-13,8.235830109340938e-14,1.0370782929837397,0.11247956946531992,1.9616770165021593
5.875,inner_field_peaks,3.065271754862539e-10,3.0319915969598427e-10,9.227421776840852e-13,2.1396298738073899e-13,1.0976335797258097,0.15617857351088066,2.0390885859407386
6.125,inner_field_peaks,3.0601597031551034e-10,3.026509482558194e-10,8.679469604219679e-13,2.2129137130945435e-13,1.1118491711602507,0.22869293849277478,1.9950054038277265
6.375,inner_field_peaks,3.0537783325545366e-10,3.0218641300320195e-10,8.957622190997227e-13,9.795747587564912e-14,1.0561097769203442,0.11967633012159984,1.9925432237190885
6.625,inner_field_peaks,3.0494451132600424e-10,3.01458875021447e-10,8.633710121825224e-13,2.413399384609949e-13,1.1562559915707427,0.2784679051470989,2.0340440779943862
6.875,inner_field_peaks,3.043488294786263e-10,3.0105914260382316e-10,7.378467849610348e-13,2.768430883554895e-13,1.0927045252142387,0.3532780359838875,1.83213101444459
7.125,inner_field_peaks,3.0388610465546236e-10,3.0068935650299813e-10,7.404956095373297e-13,2.8508213477709813e-13,1.0631397764264916,0.32105070683989534,1.8052288460130876
7.375,inner_field_peaks,3.035060809880259e-10,3.001652398512199e-10,6.59062652563512e-13,2.699063396418938e-13,1.1130006720504904,0.4531506747213648,1.7728506693796158
7.625,inner_field_peaks,3.029990847715132e-10,2.9982339275888724e-10,6.201402988194533e-13,2.0316993256054729e-13,1.0591875381717797,0.4306790791948004,1.6876959971487588
7.875,inner_field_peaks,3.025888942348127e-10,2.994263063020994e-10,6.110254114418554e-13,2.484163186972785e-13,1.0562157920495308,0.44275789035170376,1.6696736937473577
8.125,inner_field_peaks,3.0207187324669893e-10,2.9911833467742647e-10,5.38806714805014e-13,1.7749520865849605e-13,0.9874147542502154,0.44019347265238495,1.534636035848046
8.375,inner_field_peaks,3.0156181149804445e-10,2.986388014559291e-10,6.269193785826368e-13,1.9380286849918556e-13,0.9787777167149736,0.33881060903087534,1.6187448243990716
8.625,inner_field_peaks,3.0125220733038184e-10,2.9810434398314104e-10,6.352791316021697e-13,1.740863268198382e-13,1.0559602403575896,0.4020855727569165,1.7098349079582627
8.875,inner_field_peaks,3.0087613769116134e-10,2.974697104839245e-10,6.523356435124039e-13,2.4471658649241343e-13,1.1451341387650027,0.4835247530056296,1.806743524524376
9.125,inner_field_peaks,3.0042661485233966e-10,2.9727779279068375e-10,6.181244090560868e-13,2.274242821428463e-13,1.059218730096334,0.4312706183100482,1.6871668418826198
9.375,inner_field_peaks,3.0001848913611067e-10,2.9684978485152794e-10,5.106033029566962e-13,2.2103351046515963e-13,1.0674436857576186,0.5515234633771735,1.5833639081380635
9.625,inner_field_peaks,2.995739261196457e-10,2.9645621506300384e-10,6.641989660883404e-13,2.30488825954486e-13,1.0516598736104443,0.3729693729276856,1.730350374293203
9.875,inner_field_peaks,2.9913163215871253e-10,2.9604031102708714e-10,7.532951127778693e-13,2.5335532903110045e-13,1.0442230387139873,0.27210721292393575,1.8163388645040388
10.125,inner_field_peaks,2.98639018129667e-10,2.9554233111305034e-10,6.968275766274765e-13,2.823546806660929e-13,1.0477981292744465,0.3389033759052646,1.7566928826436283
10.375,inner_field_peaks,2.9827672412519696e-10,2.9513226135189625e-10,7.093358699267557e-13,3.597789841527373e-13,1.0654419001491222,0.34593086432951825,1.7849529359687262
10.625,inner_field_peaks,2.9785144600763863e-10,2.9482943800223225e-10,6.327698011097441e-13,3.6809016283127977e-13,1.0250021252570685,0.3791390845991556,1.6708651659149814
10.875,inner_field_peaks,2.974824381935297e-10,2.9449431354698707e-10,6.560012728584133e-13,2.771286897718309e-13,1.0146629354409908,0.34598160155353064,1.683344269328451
11.125,inner_field_peaks,2.9692148566883745e-10,2.9398374422003944e-10,5.834950915684586e-13,3.1905549745658954e-13,0.9992870376530627,0.40401403774682904,1.5945600375592963
11.375,inner_field_peaks,2.9647948033872286e-10,2.935107220443623e-10,5.785256256187525e-13,3.520674290698665e-13,1.0114650237247114,0.41613818940165515,1.6067918580477676
11.625,inner_field_peaks,2.9604073140088826e-10,2.931817929867762e-10,5.792702870983666e-13,2.9728725666283474e-13,0.9751418684587287,0.3835718662050742,1.5667118707123833
11.875,inner_field_peaks,2.956504109159355e-10,2.9269921964548887e-10,5.705154992932559e-13,3.0693600826473184e-13,1.0082675567161026,0.42402497521030547,1.5925101382218996
12.125,inner_field_peaks,2.9525255807611223e-10,2.9217786197263835e-10,5.716503969531848e-13,3.5051770653251216e-13,1.0523371218870148,0.4609495357959412,1.6437247079780886
12.375,inner_field_peaks,2.9469122128990844e-10,2.919370008920155e-10,5.191921714207145e-13,2.5504589106495867e-13,0.9434297089705668,0.41111757318163245,1.4757418447595012
12.625,inner_field_peaks,2.943700224022904e-10,2.9165821936604675e-10,5.160994984335814e-13,3.0506925056350246e-13,0.9297879696783751,0.39669253118322506,1.4628834081735251
12.875,inner_field_peaks,2.941786249935189e-10,2.9124087164104017e-10,5.865143626003777e-13,2.549346799074178e-13,1.0087022937150136,0.404731714969912,1.6126728724601154
13.125,inner_field_peaks,2.937577610014962e-10,2.9080304236284816e-10,4.577249066510089e-13,2.065306077555133e-13,1.0160549266060581,0.544461938548049,1.487647914664067
13.375,inner_field_peaks,2.9341322300858927e-10,2.9036636520044446e-10,4.32934244527586e-13,2.2470694645678479e-13,1.0493149941941393,0.6028114545955443,1.4958185337927343
13.625,inner_field_peaks,2.929903846105684e-10,2.9003588973436677e-10,4.656643680966189e-13,1.904633179606356e-13,1.0186652689456954,0.53612007653509,1.5012104613563009
13.875,inner_field_peaks,2.927300789344693e-10,2.8961652627485284e-10,5.00654506274058e-13,1.3967495559940683e-13,1.0750604254750273,0.5451545807952177,1.604966270154837
14.125,inner_field_peaks,2.9222807731511076e-10,2.891908263122519e-10,5.505573896209098e-13,2.325445633866948e-13,1.050258419877892,0.47877093355900635,1.6217459061967774
14.375,inner_field_peaks,2.9181353818999285e-10,2.8892302519606714e-10,4.575902264239255e-13,2.5679049661071195e-13,1.0004439736030601,0.524876991233084,1.4760109559730363
14.625,inner_field_peaks,2.9122576520154213e-10,2.8870437678479525e-10,4.22108620779151e-13,1.7742326875586017e-13,0.873346100542971,0.4343490269523232,1.312343174133619
14.875,inner_field_peaks,2.9082483037842287e-10,2.883247528937799e-10,4.524239515031434e-13,1.4773448880366735e-13,0.8671047003598664,0.3901531852276928,1.34405621549204
15.125,inner_field_peaks,2.904492530700843e-10,2.8782428939046113e-10,4.173719433206714e-13,2.0309110353453e-13,0.9120021403274059,0.47796176523870426,1.3460425154161075
15.375,inner_field_peaks,2.90108430898031e-10,2.874676405393556e-10,4.5207059151258126e-13,1.8991978644861314e-13,0.9186391740373612,0.44645758342899766,1.3908207646457247
15.625,inner_field_peaks,2.898602715236741e-10,2.8703875360032035e-10,4.30586788550318e-13,2.3275798882067055e-13,0.982974559345573,0.5332633070883529,1.4326858116027932
15.875,inner_field_peaks,2.893720197254665e-10,2.866739053869798e-10,5.426047017261832e-13,2.4135801890091483e-13,0.9411789101782864,0.37387768033278823,1.5084801400237844
16.125,inner_field_peaks,2.8918961200307584e-10,2.8632400752779654e-10,5.305197982189306e-13,2.633015352881009e-13,1.0008257777689433,0.4462274686243604,1.5554240869135263
16.375,inner_field_peaks,2.8855544916736747e-10,2.860886876773935e-10,4.1677667710870953e-13,3.465019878989337e-13,0.8622366406726201,0.39357852518025493,1.3308947561649853
16.625,inner_field_peaks,2.882421476362437e-10,2.85707950591613e-10,5.281309343761968e-13,2.966642632717891e-13,0.8869886327570242,0.33193755594298324,1.4420397095710653
16.875,inner_field_peaks,2.8795975728879805e-10,2.8523033640393643e-10,5.235906622865676e-13,1.660720375821264e-13,0.9569181592929521,0.3980879917635514,1.5157483268223528
17.125,inner_field_peaks,2.87468114947842e-10,2.846762329093455e-10,4.156056612736587e-13,2.1588223824187697e-13,0.9807218572354781,0.5435216165300351,1.4179220979409213
17.375,inner_field_peaks,2.871495069163811e-10,2.8453094634695684e-10,4.4445727418716575e-13,2.2188759461982747e-13,0.9203078269845344,0.4527404050739865,1.3878752488950823
17.625,inner_field_peaks,2.867652015351375e-10,2.843050031194306e-10,4.960211865345405e-13,2.256224412012831e-13,0.8653377143255758,0.3426819993853161,1.3879934292658356
17.875,inner_field_peaks,2.8634729848336597e-10,2.83777007873997e-10,5.5521409725494e-13,2.876576337050557e-13,0.9057430792667409,0.31986545688095214,1.4916207016525296
18.125,inner_field_peaks,2.860681967617625e-10,2.835768151164623e-10,7.025275374957009e-13,2.4053813008779764e-13,0.8785561838957179,0.12748761865618505,1.6296247491352507
18.375,inner_field_peaks,2.857778510106608e-10,2.8321817407071223e-10,5.069776941783293e-13,2.494882480979328e-13,0.9037827280496069,0.3679920493052124,1.4395734067940016
18.625,inner_field_peaks,2.8545385716557465e-10,2.827274246395545e-10,4.629172496932985e-13,2.0169960160001112e-13,0.964332529642653,0.4733124967477488,1.4553525625375572
18.875,inner_field_peaks,2.8484396352723703e-10,2.823665794066448e-10,5.409167002264864e-13,1.8241830037090382e-13,0.8773644975259343,0.29611777257266253,1.458611222479206
19.125,inner_field_peaks,2.8463864188833056e-10,2.8198641971625074e-10,5.613917835722948e-13,1.2177022777860825e-13,0.9405496104204714,0.3228511340418456,1.558248086799097
19.375,inner_field_peaks,2.843682429610293e-10,2.8156078555826646e-10,5.813827225832742e-13,1.2326658500207706e-13,0.9971052599517138,0.3558563455750798,1.6383541743283478
19.625,inner_field_peaks,2.8390623168995854e-10,2.810993111565682e-10,5.728048166106771e-13,2.1373146818333292e-13,0.9985511959603954,0.38356448831533413,1.6135379036054567
19.875,inner_field_peaks,2.8350063410150193e-10,2.8083050598498256e-10,5.077070585825485e-13,2.0603107409663107e-13,0.9507970322362835,0.40725203115441944,1.4943420333181476
20.125,inner_field_peaks,2.831514225095709e-10,2.803296226428596e-10,5.61507032582011e-13,2.9386970662725875e-13,1.0066006724898546,0.4066639843097209,1.6065373606699886
20.375,inner_field_peaks,2.828257894340341e-10,2.8016731876585467e-10,5.098738913482557e-13,3.1775545505496893e-13,0.9488867866138229,0.39793326478629093,1.4998403084413547
20.625,inner_field_peaks,2.8229968607132937e-10,2.798128751719025e-10,5.277945576525714e-13,2.9755709818910064e-13,0.8887406978321133,0.3222482293021728,1.455233166362054
20.875,inner_field_peaks,2.821203819996085e-10,2.7950034002381415e-10,5.425165771719719e-13,2.051723037631614e-13,0.9374020709853603,0.35197007728247953,1.5228340646882412
21.125,inner_field_peaks,2.8165318741123296e-10,2.7913289306311257e-10,5.021389654822604e-13,2.3861992675848264e-13,0.9029012383540813,0.3643651575933317,1.441437319114831
21.375,inner_field_peaks,2.8127541126570365e-10,2.7899586752134975e-10,5.058437563541734e-13,3.211901668889501e-13,0.8170528705696567,0.2670809589099585,1.3670247822293549
21.625,inner_field_peaks,2.8092861531845033e-10,2.785780960788115e-10,5.663408115458162e-13,2.195802999365323e-13,0.8437559423099206,0.2312874839975004,1.4562244006223408
21.875,inner_field_peaks,2.806833926757356e-10,2.7799343998220353e-10,4.848296012279614e-13,2.964643407856461e-13,0.9676317159513781,0.440654954322881,1.4946084775798751
22.125,inner_field_peaks,2.8034949804457617e-10,2.777609709964428e-10,5.366087462172717e-13,3.452249434128922e-13,0.9319261229708609,0.34488438988820547,1.5189678560535163
22.375,inner_field_peaks,2.799876130452236e-10,2.7746438664668373e-10,5.117786464637824e-13,3.588494667478012e-13,0.9093874817718062,0.3413219666259567,1.4774529969176557
22.625,inner_field_peaks,2.795058882089934e-10,2.7714897134287373e-10,5.126986165866227e-13,3.259031860121935e-13,0.8504151592912956,0.2891799707620864,1.4116503478205047
22.875,inner_field_peaks,2.7911306032739743e-10,2.768731320322652e-10,4.909954325815615e-13,2.6436764396447966e-13,0.8090089055196703,0.2774794076860979,1.3405384033532426
23.125,inner_field_peaks,2.78786763721976e-10,2.766308816984854e-10,4.830936903726069e-13,3.3421326044907586e-13,0.7793352680849353,0.24293361075396525,1.3157369254159053
23.375,inner_field_peaks,2.785208075425437e-10,2.7626336572318585e-10,5.2441094067598e-13,2.9377675270201337e-13,0.8171339741150474,0.24724914041911852,1.3870188078109764
23.625,inner_field_peaks,2.782459515562069e-10,2.759424834199736e-10,5.964158159732108e-13,2.7929344819996283e-13,0.834763863717014,0.18760337452183637,1.4819243529121917
23.875,inner_field_peaks,2.7789881882841546e-10,2.757523877923685e-10,4.783050481627031e-13,3.6829296792676146e-13,0.7783907342493013,0.23303204950443104,1.3237494189941714
24.125,inner_field_peaks,2.7755404597187675e-10,2.752433969737253e-10,5.307734050815447e-13,4.330923354761418e-13,0.8394929809604212,0.22290196681380522,1.4560839951070372
24.375,inner_field_peaks,2.771290138191356e-10,2.747437308832613e-10,5.486726229888898e-13,3.7467485474210597e-13,0.8681846636521717,0.25606209448012635,1.480307232824217
24.625,inner_field_peaks,2.7666530781168736e-10,2.7436312754670163e-10,4.560646250663283e-13,3.5243615142839164e-13,0.8390997309191572,0.31588660548063097,1.3623128563576836
24.875,inner_field_peaks,2.765755701094509e-10,2.7426348384217225e-10,5.111439316884308e-13,3.0680949371681346e-13,0.8430164434902077,0.2808928280192981,1.4051400589611172
25.125,inner_field_peaks,2.7616582576015127e-10,2.7383155277087044e-10,4.4678556076374186e-13,3.3065640408191324e-13,0.8524485091877088,0.3443269652474058,1.3605700531280118
25.375,inner_field_peaks,2.758147078405754e-10,2.734875932433437e-10,4.132004167563065e-13,3.58138373070663e-13,0.8509031688179958,0.3577447242525565,1.344061613383435
25.625,inner_field_peaks,2.7556481146508736e-10,2.732459514685188e-10,4.3835444996544293e-13,3.511514335778392e-13,0.8486347131974714,0.3385432513176103,1.3587261750773325
25.875,inner_field_peaks,2.7523146052451055e-10,2.729375127915667e-10,4.846387771774043e-13,3.855487087411194e-13,0.8404662699097898,0.2770393122217024,1.403893227597877
26.125,inner_field_peaks,2.7470669251402694e-10,2.7272655763547793e-10,5.339604498711447e-13,4.337944661499208e-13,0.7260513591769824,0.10110120869585822,1.3510015096581067
26.375,inner_field_peaks,2.743383427460846e-10,2.723530892848537e-10,5.530761304640628e-13,3.575117535125337e-13,0.7289263604256302,0.11163919349137962,1.3462135273598808
26.625,inner_field_peaks,2.740160915195969e-10,2.721314672271546e-10,5.262744114525117e-13,3.742938544177629e-13,0.6925418481168011,0.09555825473198465,1.2895254415016175
26.875,inner_field_peaks,2.737333712128234e-10,2.71869126957908e-10,4.361784525044981e-13,3.9556169070131796e-13,0.6857138490770964,0.15304342666167303,1.21838427149252
27.125,inner_field_peaks,2.733146125672861e-10,2.713791925945021e-10,5.131012865402764e-13,4.496323329008882e-13,0.7131792066593423,0.09381083050851056,1.332547582810174
27.375,inner_field_peaks,2.730285760823309e-10,2.7095457559934244e-10,4.046472705977561e-13,3.3583207197976444e-13,0.765442133022054,0.2854356922566927,1.2454485737874152
27.625,inner_field_peaks,2.7262557897997523e-10,2.706928416153139e-10,4.3496354894404596e-13,3.063224431186422e-13,0.7139964814466548,0.2188905219377914,1.2091024409555184
27.875,inner_field_peaks,2.7234808893648305e-10,2.7048171860395295e-10,4.425640342011853e-13,3.693312389758517e-13,0.6900171819977485,0.16328674321245729,1.2167476207830399
28.125,inner_field_peaks,2.72038540809744e-10,2.703529096780746e-10,4.713086380798055e-13,3.851511034562936e-13,0.6234928759141445,0.06618824025350105,1.1807975115747877
28.375,inner_field_peaks,2.717721304179577e-10,2.699897155413483e-10,4.67353072477322e-13,4.161869525233629e-13,0.660178804602074,0.08971452186062617,1.230643087343522
28.625,inner_field_peaks,2.7165372196524167e-10,2.6965582238143026e-10,4.566039646536353e-13,3.4219418089144726e-13,0.7409072669624539,0.21216292613613405,1.2696516077887738
28.875,inner_field_peaks,2.714030297818895e-10,2.6917333597713665e-10,4.4210520991557377e-13,3.4126451216181453e-13,0.8283486908756243,0.3115398090631275,1.345157572688121
29.125,inner_field_peaks,2.709961677282991e-10,2.6898984595605086e-10,5.23676592001434e-13,3.9631941457148703e-13,0.7458726797352933,0.13650445244591516,1.3552409070246711
29.375,inner_field_peaks,2.7073516548625777e-10,2.688527851044937e-10,4.3801913521944376e-13,3.0586585577061604e-13,0.7001528293755443,0.19896168010361928,1.2013439786474696
29.625,inner_field_peaks,2.7030615603293616e-10,2.686666790823972e-10,4.803678569435058e-13,4.543304995776324e-13,0.6102271246060109,0.0059445953815983645,1.2145096538304236
29.875,inner_field_peaks,2.7014495665699704e-10,2.6817622483577e-10,4.805979312785096e-13,4.0818225836880307e-13,0.7341187021454587,0.15365210312332972,1.3145853011675879
30.125,inner_field_peaks,2.699676760772384e-10,2.678454912336961e-10,5.602453902472065e-13,3.6987696535583364e-13,0.7923168068902253,0.15461716641147621,1.4300164473689745
30.375,inner_field_peaks,2.696311463189298e-10,2.676052924792149e-10,4.038797097237615e-13,2.7813065122558725e-13,0.7570305583071368,0.29384898516035707,1.2202121314539165
30.625,inner_field_peaks,2.6921072864805703e-10,2.674043595534921e-10,5.377521703259388e-13,2.728164130887846e-13,0.6755196877048508,0.07351481454403608,1.2775245608656656
30.875,inner_field_peaks,2.6892728729923394e-10,2.6708575874448907e-10,5.988183378107286e-13,2.774120992028492e-13,0.6894896094054248,0.018048497552679548,1.36093072125817
31.125,inner_field_peaks,2.6851140372694793e-10,2.6666161709406024e-10,5.479982728727858e-13,2.1119761091556064e-13,0.6936831228452345,0.07435165794771265,1.3130145877427564
31.375,inner_field_peaks,2.683320477605294e-10,2.6637925429895404e-10,4.656954150226267e-13,2.2691023038375666e-13,0.7330876673240283,0.2098048506891311,1.2563704839589254
31.625,inner_field_peaks,2.679152929458189e-10,2.661627278190709e-10,4.3414373437494233e-13,2.729313599354428e-13,0.65845625385208,0.1643349689843615,1.1525775387197985
31.875,inner_field_peaks,2.6753343357032626e-10,2.659219728015801e-10,3.878737667501957e-13,2.47910894786109e-13,0.6059900773782712,0.16330855373087524,1.0486716010256671
32.125,inner_field_peaks,2.673050635969369e-10,2.654552238656085e-10,4.0976933557163187e-13,2.4304732525949786e-13,0.6968556521098623,0.23177162858574332,1.1619396756339815
32.375,inner_field_peaks,2.670005390909329e-10,2.652201126639899e-10,5.35875457531907e-13,2.543816523123307e-13,0.6713014367800474,0.06641424052196013,1.2761886330381347
32.625,inner_field_peaks,2.6671196886073794e-10,2.6512521879554055e-10,5.875644027818051e-13,3.3505109285193353e-13,0.5984908083832785,-0.06740433459636293,1.2643859513629199
32.875,inner_field_peaks,2.6644521780968607e-10,2.6455063936523136e-10,5.775947488412602e-13,2.338874952145169e-13,0.7161496373626619,0.05960949979540295,1.3726897749299207
33.125,inner_field_peaks,2.662133809227432e-10,2.641641851690057e-10,5.49894342907445e-13,1.6035614026131026e-13,0.7757280770012365,0.13903716606303937,1.4124189879394335
33.375,inner_field_peaks,2.6603021417352413e-10,2.6382384516289357e-10,5.349340931591234e-13,1.8459993377579724e-13,0.8363038637649645,0.22183549456250595,1.4507722329674229
33.625,inner_field_peaks,2.656220243914183e-10,2.635208980952003e-10,4.886086011444067e-13,2.7126643009502844e-13,0.7973281479402683,0.2409198122335474,1.3537364836469894
33.875,inner_field_peaks,2.6546014342944975e-10,2.632417320402215e-10,4.900895622422441e-13,2.60228488754e-13,0.8427278501910607,0.2849309662186209,1.4005247341635003
34.125,inner_field_peaks,2.6524821284029335e-10,2.630673804346503e-10,5.87194339664644e-13,3.31028943011054e-13,0.8290014527988276,0.15865857821895135,1.499344327378704
34.375,inner_field_peaks,2.648166767304407e-10,2.6284965328801157e-10,4.999934755188473e-13,3.4169292244707325e-13,0.7483454582585258,0.16533186391086868,1.331359052606183
34.625,inner_field_peaks,2.647856170851275e-10,2.6248827921068263e-10,5.286762277659202e-13,3.153853011501301e-13,0.8752154120378552,0.2680255695274465,1.482405254548264
34.875,inner_field_peaks,2.645330833087535e-10,2.622085072717335e-10,4.949602634988436e-13,3.0234565495349015e-13,0.8865372299347252,0.3162629096870941,1.4568115501823562
35.125,inner_field_peaks,2.642389281123435e-10,2.6208812387802245e-10,6.067140657749162e-13,2.522595909395419e-13,0.8206416233198066,0.12528101158596838,1.5160022350536448
35.375,inner_field_peaks,2.640680707051669e-10,2.6182653514564767e-10,6.338148502407859e-13,3.118021141490233e-13,0.8561147395821811,0.13155180412392115,1.580677675040441
35.625,inner_field_peaks,2.639065979458204e-10,2.615845923013266e-10,5.968892934157771e-13,2.055620917224679e-13,0.887669118454415,0.19610825261160755,1.5792299842972222
35.875,inner_field_peaks,2.6336044356867203e-10,2.613532003980415e-10,6.633417318121377e-13,1.4107842393058607e-13,0.7680193575489103,-0.02017221088642645,1.556210925984247
36.125,inner_field_peaks,2.6307417168508806e-10,2.6130038336572507e-10,6.631646178239589e-13,2.2361175757997644e-13,0.6788311201519903,-0.09131781970444638,1.448980060008427
36.375,inner_field_peaks,2.627428767375343e-10,2.6103046660436496e-10,6.663102501483964e-13,2.3622264948309137e-13,0.6560192591483105,-0.11651335595947113,1.428551874256092
36.625,inner_field_peaks,2.6242092270181546e-10,2.6057677761106307e-10,6.564793086213909e-13,2.785518177136638e-13,0.7077165922686257,-0.04851760779168218,1.4639507923289337
36.875,inner_field_peaks,2.622478029265682e-10,2.6017120235872636e-10,5.355454192038846e-13,3.421422730893868e-13,0.7981669566098137,0.17332615258934267,1.423007760630285
37.125,inner_field_peaks,2.6200741143945965e-10,2.5987720766138144e-10,6.029297989292143e-13,2.3751867420104634e-13,0.819696270114556,0.12123603955384735,1.5181565006752649
37.375,inner_field_peaks,2.6160333243965667e-10,2.598020629353842e-10,5.102531343372412e-13,2.841474977272897e-13,0.6933237880872634,0.10389538359272532,1.2827521925818015
37.625,inner_field_peaks,2.611655066389443e-10,2.5953410814134475e-10,4.417772224804287e-13,2.789298129977136e-13,0.6285873210588155,0.11270340087133511,1.1444712412462958
37.875,inner_field_peaks,2.611231035884617e-10,2.5924596644365333e-10,3.116355876107642e-13,1.933829715211167e-13,0.7240757380178264,0.36040692200067453,1.0877445540349784
38.125,inner_field_peaks,2.608075521279448e-10,2.5895740477340847e-10,3.6301655015228477e-13,2.610488276143052e-13,0.7144601082773594,0.28074005422139153,1.1481801623333274
38.375,inner_field_peaks,2.6053823763932624e-10,2.588400726006726e-10,3.9829174777914053e-13,2.61572429832865e-13,0.6560672857148786,0.18737739813750703,1.1247571732922501
38.625,inner_field_peaks,2.60252610560736e-10,2.5858377124249646e-10,3.6471981814514365e-13,1.638972890624735e-13,0.6453766646765002,0.22271002949687968,1.0680432998561207
38.875,inner_field_peaks,2.599989301522916e-10,2.5825871997607037e-10,4.0641220195639684e-13,1.900005764122908e-13,0.6738243635616703,0.202615448320689,1.1450332788026516
39.125,inner_field_peaks,2.598590027874332e-10,2.580273822412196e-10,3.5443082888260905e-13,1.777755696815248e-13,0.7098551054171676,0.29869073817373315,1.121019472660602
39.375,inner_field_peaks,2.596058957618987e-10,2.5766315449051466e-10,4.803222464422279e-13,1.3355601941379509e-13,0.7539848975401497,0.18235619982866855,1.325613595251631
39.625,inner_field_peaks,2.5921900701445437e-10,2.5734067268037026e-10,5.302738031306929e-13,1.432548905609225e-13,0.7299018513164057,0.09707390729312843,1.362729795339683
39.875,inner_field_peaks,2.588815003518368e-10,2.5721261462261766e-10,4.709194043102301e-13,1.9158023773409937e-13,0.6488351015239591,0.09837001592958193,1.1993001871183362
40.125,inner_field_peaks,2.5876125833105214e-10,2.57063489056343e-10,4.131690556146183e-13,2.550279421881611e-13,0.6604474563624452,0.17449373650773453,1.1464011762171558
40.375,inner_field_peaks,2.584724539059714e-10,2.5695251545531553e-10,3.992088881926452e-13,2.146889529328809e-13,0.5915250325386312,0.12590496929219974,1.0571450957850625
40.625,inner_field_peaks,2.581312307537541e-10,2.567083595963863e-10,4.653149823750199e-13,2.5323439592333727e-13,0.5542753495074715,0.01082613745874714,1.097724561556196
40.875,inner_field_peaks,2.57883580027684e-10,2.5644532276119745e-10,4.4387853110518885e-13,2.680230787763352e-13,0.5608436336449918,0.03863561551022522,1.0830516517797584
41.125,inner_field_peaks,2.5775433093311967e-10,2.5616270905255296e-10,4.54575455374912e-13,2.823495338834056e-13,0.6213323892667599,0.0844765940955128,1.158188184438007
41.375,inner_field_peaks,2.576367103970637e-10,2.5587922624147134e-10,5.153563488507671e-13,3.4021398601860606e-13,0.6868412811025904,0.07290290254225781,1.3007796596629229
41.625,inner_field_peaks,2.5724753293295237e-10,2.5567340718921246e-10,5.335755808499472e-13,3.506303460579053e-13,0.6156783222179163,-0.020001615495038403,1.2513582599308708
41.875,inner_field_peaks,2.5682612043537495e-10,2.5535332992256054e-10,5.817693532673983e-13,3.9948467423144743e-13,0.5767657360336909,-0.12187898013615063,1.2754104522035323
42.125,inner_field_peaks,2.567054260747254e-10,2.550950017286916e-10,6.245204733868503e-13,3.641272682962849e-13,0.6313037633510987,-0.10534781441872725,1.3679553411209249
42.375,inner_field_peaks,2.565928731628981e-10,2.548320496905089e-10,6.46574161520925e-13,3.113658593035846e-13,0.6909741041316142,-0.06852226592826971,1.4504704741914982
42.625,inner_field_peaks,2.5629956419780847e-10,2.545694970274995e-10,5.760789303619453e-13,3.4914288960881893e-13,0.6796050550086363,-0.003421520478161331,1.362631630495434
42.875,inner_field_peaks,2.5594658716406285e-10,2.543046326429569e-10,4.793284133825506e-13,3.458639592222948e-13,0.6456644159570812,0.06217384494478359,1.2291549869693787
43.125,inner_field_peaks,2.5575138137997675e-10,2.54078918527846e-10,4.4113678950156094e-13,3.481229184465944e-13,0.6582454230446011,0.10888138349091853,1.2076094625982838
43.375,inner_field_peaks,2.5571375973039024e-10,2.5395293465301033e-10,4.3639999526409376e-13,3.4756556343924356e-13,0.693366697961495,0.1481456147906326,1.2385877811323573
43.625,inner_field_peaks,2.5548561392069507e-10,2.5365435596861915e-10,4.722757928680721e-13,4.489935333606174e-13,0.7219501297673236,0.0908870990175446,1.3530131605171027
43.875,inner_field_peaks,2.552720205612252e-10,2.534524833208706e-10,4.974039116980295e-13,4.4927778058940673e-13,0.7179007348888433,0.06730695051539048,1.3684945192622961
44.125,inner_field_peaks,2.5524874231183167e-10,2.534216947852281e-10,4.672020108520026e-13,3.8351996862430247e-13,0.7209515065992989,0.13057563951850054,1.3113273736800972
44.375,inner_field_peaks,2.5482035826986676e-10,2.531054511724934e-10,5.366470494665944e-13,3.4067447314051647e-13,0.6775464887971427,0.034522599224548214,1.3205703783697373
44.625,inner_field_peaks,2.5461069994622336e-10,2.5302968437886997e-10,4.751049401723957e-13,2.7138264501447094e-13,0.6248340273728781,0.06058780921035191,1.1890802455354041
44.875,inner_field_peaks,2.542193736671299e-10,2.52855288769805e-10,3.5880643117108273e-13,3.5113840907113083e-13,0.5394725591706839,0.0523310567649031,1.0266140615764647
45.125,inner_field_peaks,2.5384198178311205e-10,2.526759278546652e-10,3.5921483138905217e-13,3.6473506133925067e-13,0.4614820012128318,-0.035475693148351306,0.9584396955740149
45.375,inner_field_peaks,2.5376836380447085e-10,2.523871354670144e-10,3.1670175738491064e-13,2.971880188251305e-13,0.5472657451025098,0.12477808792911985,0.9697534022758997
45.625,inner_field_peaks,2.536188938339525e-10,2.52060554243251e-10,3.086904712500621e-13,2.98033896130017e-13,0.6182401666853465,0.20037070351876535,1.0361096298519277
45.875,inner_field_peaks,2.533763051146439e-10,2.51876101762772e-10,2.5646230652082493e-13,3.609797960306525e-13,0.5956116286430779,0.15174851501963005,1.0394747422665258
46.125,inner_field_peaks,2.5304428136758575e-10,2.517250887274927e-10,2.5129258611753847e-13,4.149896792789712e-13,0.5240608501765776,0.02441608444297364,1.0237056159101814
46.375,inner_field_peaks,2.526210053421143e-10,2.51471340909441e-10,3.445115540631361e-13,3.785468415484925e-13,0.4571751311762018,-0.04329232136323618,0.9576425837156397
46.625,inner_field_peaks,2.52574800470029e-10,2.5116608212021465e-10,3.9093351331094653e-13,4.051175385125591e-13,0.5608712521701475,0.01058056753362709,1.111161936806668
46.875,inner_field_peaks,2.524319437297355e-10,2.509187261774273e-10,3.2583439988082117e-13,3.599557026364695e-13,0.603070793224969,0.1267451858001886,1.0793964006497494
47.125,inner_field_peaks,2.5217141790241895e-10,2.507510501292178e-10,2.341434963506938e-13,3.6609388216019774e-13,0.5664453937358038,0.12141039277376074,1.011480394697847
47.375,inner_field_peaks,2.520723581469878e-10,2.5070060607557776e-10,2.0265622085073546e-13,3.8058349648184145e-13,0.5471674332516274,0.08997267313389677,1.004362193369358
47.625,inner_field_peaks,2.51948046939908e-10,2.504890897077584e-10,2.9347844683877494e-13,3.8084862730445067e-13,0.5824434245226939,0.10319694352882332,1.0616899055165645
47.875,inner_field_peaks,2.5174535882316e-10,2.50231567887942e-10,2.961873084786143e-13,3.853197124929146e-13,0.6049560205353188,0.11980377941191271,1.090108261658725
48.125,inner_field_peaks,2.514312132007035e-10,2.499918099708928e-10,3.5458795245713414e-13,4.4008675566094107e-13,0.5757801545491992,0.014197634371939695,1.1373626747264587
48.375,inner_field_peaks,2.510062532725415e-10,2.4975890576516735e-10,3.3489029883122976e-13,4.63898675125322e-13,0.49942063269086123,-0.07715369472726247,1.0759949601089849
48.625,inner_field_peaks,2.5095596998546496e-10,2.495293810010052e-10,3.437565408777922e-13,3.821610092328952e-13,0.5717118275759159,0.06454621422471216,1.0788774409271196
48.875,inner_field_peaks,2.5070662345302374e-10,2.492465762984733e-10,2.1710425460133462e-13,3.757888114474788e-13,0.585784236731901,0.13007919683937114,1.041489276624431
49.125,inner_field_peaks,2.503727490179967e-10,2.490464723504214e-10,3.2051839641025684e-13,4.0182419872013914e-13,0.5325418405080606,0.01947060160484796,1.0456130794112732
49.375,inner_field_peaks,2.5017982392562453e-10,2.4891636110837944e-10,2.979975375078575e-13,5.008789196356173e-13,0.5075852835141559,-0.101345318795473,1.1165158858237847
49.625,inner_field_peaks,2.499912566503661e-10,2.4861977221114686e-10,2.3422051156699654e-13,4.4686348151610347e-13,0.5516393274041187,0.01047382734897049,1.092804827459267
49.875,inner_field_peaks,2.4957062056701573e-10,2.485184534313756e-10,2.2015172049171656e-13,3.832913015095128e-13,0.42337585845739767,-0.04192471706856811,0.8886764339833635
50.125,inner_field_peaks,2.4939196731900345e-10,2.483420051730183e-10,2.515750066191995e-13,3.856445546407274e-13,0.4227887848669232,-0.051097418647032,0.8966749883808782
50.375,inner_field_peaks,2.4908829158555494e-10,2.482484825015811e-10,2.5777760361175077e-13,3.519210270074648e-13,0.3382937432330424,-0.10251982719097054,0.7791073136570553
50.625,inner_field_peaks,2.4895423514274573e-10,2.480044361832637e-10,2.632067486470165e-13,3.0477906131713486e-13,0.38297660078152607,-0.01737950457942096,0.7833327061424731
50.875,inner_field_peaks,2.485313503337452e-10,2.4798137781758937e-10,2.3572477454585513e-13,3.434287382566796e-13,0.22177976467263605,-0.20325099211236358,0.6468105214576356
51.125,inner_field_peaks,2.4841683264586364e-10,2.478140100613339e-10,2.653092136275758e-13,4.627160830427335e-13,0.24325605496660074,-0.31905123401968666,0.8055633439528882
51.375,inner_field_peaks,2.483203069031708e-10,2.475781883838542e-10,1.8796567519414405e-13,4.0889842363719213e-13,0.2997511712000911,-0.19651260509498739,0.7960149474951695
51.625,inner_field_peaks,2.481521734326259e-10,2.4742411289266515e-10,1.7729632228946793e-13,4.398689031757538e-13,0.2942560979400488,-0.24225043993891274,0.8307626358190104
51.875,inner_field_peaks,2.4777986629273716e-10,2.4715723250611677e-10,1.7528345742690783e-13,3.4835082539488327e-13,0.2519180929107412,-0.17101615082007635,0.6748523366415587
52.125,inner_field_peaks,2.476098856117032e-10,2.4689492821541056e-10,1.8556843427205952e-13,3.2434082694344806e-13,0.2895796205537593,-0.10616248351440466,0.6853217246219232
52.375,inner_field_peaks,2.475603138704815e-10,2.4665830297261196e-10,2.148293233802823e-13,4.1592665070199776e-13,0.3656924932179173,-0.1409807517512229,0.8723657381870576
52.625,inner_field_peaks,2.4746052491429835e-10,2.464109567935177e-10,1.2388195579401183e-13,4.241058688895261e-13,0.4259421473940872,-0.10302038123018503,0.9549046760183595
52.875,inner_field_peaks,2.474898549146875e-10,2.460588702620846e-10,1.1931217513630524e-13,4.0109576862176657e-13,0.5815619047095266,0.0802574467396646,1.0828663626793886
53.125,inner_field_peaks,2.471795432136466e-10,2.4596797750157693e-10,1.878434266489632e-13,4.2341997271438527e-13,0.4925705062814201,-0.026164943465585046,1.0113059560284252
53.375,inner_field_peaks,2.469855077352429e-10,2.457780632379153e-10,9.500772605668526e-14,3.554474626016786e-13,0.49127431529916166,0.04442223126303471,0.9381263993352886
53.625,inner_field_peaks,2.4689158060616195e-10,2.455962616669935e-10,1.1741024192484513e-13,3.5618413414123395e-13,0.5274180194667633,0.08416231050324277,0.9706737284302838
53.875,inner_field_peaks,2.4650241959320473e-10,2.4533312104240925e-10,1.665221019359107e-13,2.954335137779329e-13,0.476616669541885,0.11348397545164457,0.8397493636321254
54.125,inner_field_peaks,2.465314719302114e-10,2.4527230821417214e-10,6.692987224826139e-14,3.772994477597619e-13,0.513373778396442,0.029864037355774482,0.9968835194371096
54.375,inner_field_peaks,2.463943772401014e-10,2.449367857212458e-10,1.0368892368715344e-13,4.4623543957526854e-13,0.5950888571365498,0.027777292602822624,1.162400421670277
54.625,inner_field_peaks,2.462097758967395e-10,2.449156743429793e-10,1.2896499016398425e-13,3.800703049197406e-13,0.5283865792713449,0.05483736720898573,1.0019357913337041
54.875,inner_field_peaks,2.459939516002658e-10,2.4465363514322874e-10,1.5462692920815867e-13,4.831696869369144e-13,0.5478424451990538,-0.05687019819128518,1.1525550885893927
55.125,inner_field_peaks,2.4578988787278135e-10,2.4452326830642585e-10,1.3407534052018132e-13,4.0228843677039146e-13,0.5179955163891581,0.015521311773833424,1.0204697210044826
55.375,inner_field_peaks,2.4558559128790344e-10,2.4430804133397247e-10,8.217176924411901e-14,3.908801503080769e-13,0.5229258713529417,0.022983893220819042,1.0228678494850643
55.625,inner_field_peaks,2.452337661024478e-10,2.440268091210301e-10,1.1040024401308428e-13,3.870860249588894e-13,0.4946001571569436,0.0061185300158868305,0.9830817842980004
55.875,inner_field_peaks,2.4507668633626e-10,2.4389792248685435e-10,1.0749506797774992e-13,3.255417165110814e-13,0.4833021279503358,0.0755861086422286,0.891018147258443
56.125,inner_field_peaks,2.4475494696804053e-10,2.4368073983329366e-10,8.870535925280315e-14,3.419441855250051e-13,0.44082562104899026,0.006824973354621188,0.8748262687433592
56.375,inner_field_peaks,2.4467198513508154e-10,2.434524854192312e-10,1.3460344216424743e-13,3.832084718022276e-13,0.5009189837394068,0.02162470010154049,0.980213267377273
56.625,inner_field_peaks,2.4446814784502805e-10,2.432274788374985e-10,2.2111183151236158e-13,3.628634564527814e-13,0.5100858724759627,0.05775549186223007,0.9624162530896954
56.875,inner_field_peaks,2.4429479534613647e-10,2.4311345548673725e-10,1.9137714677748158e-13,3.1216313210566396e-13,0.48592121609807304,0.09648667098021987,0.8753557612159263
57.125,inner_field_peaks,2.4420252764363845e-10,2.429749225912554e-10,2.368827842681975e-13,2.678557301023622e-13,0.5052394046640707,0.14269450684578727,0.867784302482354
57.375,inner_field_peaks,2.4388197703849397e-10,2.428098454241562e-10,1.0115129414145238e-13,3.101771401218115e-13,0.44155195291397664,0.05124157789949167,0.8318623279284617
57.625,inner_field_peaks,2.4378978463680724e-10,2.426770732413656e-10,1.5781199256358314e-13,2.6847792697424495e-13,0.4585152526274783,0.12416406419907561,0.7928664410558809
57.875,inner_field_peaks,2.437247600456056e-10,2.4246797278572236e-10,2.6932185234049413e-13,2.65075721832007e-13,0.518331244099568,0.1359937140162052,0.9006687741829308
58.125,inner_field_peaks,2.4348279192268175e-10,2.420687008666659e-10,1.8411968539379353e-13,2.909161151494382e-13,0.5841693085281374,0.21820723217161409,0.9501313848846609
58.375,inner_field_peaks,2.4344910744890937e-10,2.4201922488988636e-10,1.7246135702189843e-13,2.5472627118726963e-13,0.5908136263445884,0.2674919878617104,0.9141352648274665
58.625,inner_field_peaks,2.4317521245072434e-10,2.4197284239883575e-10,1.7115277226579537e-13,3.6480725786906526e-13,0.49690289206372196,0.043162835257593186,0.9506429488698507
58.875,inner_field_peaks,2.4287069275969236e-10,2.4176029683076196e-10,1.6267490054814989e-13,4.293989276130952e-13,0.4592962299792891,-0.07918492063043034,0.9977773805890087
59.125,inner_field_peaks,2.426947392397029e-10,2.414715023031236e-10,1.7005017626581158e-13,4.0031369933634114e-13,0.5065761072889696,0.006230744666895285,1.006921469911044
59.375,inner_field_peaks,2.4279451535596094e-10,2.413159339031314e-10,2.0009747981113509e-13,3.953385733748976e-13,0.612716047761297,0.11934153792691557,1.1060905575956783
59.625,inner_field_peaks,2.426187398561845e-10,2.4124708194422593e-10,1.5602723859198866e-13,4.419287233054306e-13,0.5685697422345148,0.010536109091712192,1.1266033753773175
59.875,inner_field_peaks,2.4245209287448016e-10,2.4107236694202157e-10,1.950476916622147e-13,3.878060001523349e-13,0.5723285293790736,0.08806994521463937,1.0565871135435079
60.125,inner_field_peaks,2.4225003551905766e-10,2.409164677802063e-10,3.0227159454016634e-13,3.898243694201428e-13,0.5535394699826002,0.04281038301681182,1.0642685569483885
60.375,inner_field_peaks,2.4228016360104767e-10,2.408170285782356e-10,2.3015458856379577e-13,4.251409064597013e-13,0.6075712467055627,0.07535113427039843,1.139791359140727
60.625,inner_field_peaks,2.419616632377095e-10,2.4052880141479207e-10,2.640431828162163e-13,3.693536452069745e-13,0.5957132012837318,0.11957181259539297,1.0718545899720706
60.875,inner_field_peaks,2.417655229478174e-10,2.404068151704183e-10,3.336683980982383e-13,3.560496480851756e-13,0.5651702412994952,0.06641687996317884,1.0639236026358116
61.125,inner_field_peaks,2.416044999871006e-10,2.4023132148025014e-10,2.949886589724483e-13,3.639661747788279e-13,0.5716067739998332,0.08747150073738731,1.055742047262279
61.375,inner_field_peaks,2.4145274290490573e-10,2.4005901048654136e-10,2.0673100453575325e-13,3.975946669006812e-13,0.5805790899244379,0.08182828983545427,1.0793298900134214
61.625,inner_field_peaks,2.4123076507427916e-10,2.399522649658834e-10,2.341387363254455e-13,4.607446777155242e-13,0.5328143531287521,-0.045008628396539255,1.1106373346540435
61.875,inner_field_peaks,2.412097124119207e-10,2.396496517362453e-10,2.399948071075225e-13,4.587117284958426e-13,0.6509755655278004,0.07412531093373143,1.2278258201218695
62.125,inner_field_peaks,2.4110735266196357e-10,2.394718967480003e-10,2.6581526667119366e-13,3.823971124039551e-13,0.6829427319750447,0.18995091827305968,1.1759345456770298
62.375,inner_field_peaks,2.4090477034084925e-10,2.394438095453712e-10,3.4766622614827953e-13,3.062216582644886e-13,0.6101476577122344,0.13376470242743768,1.0865306129970311
62.625,inner_field_peaks,2.409412818719027e-10,2.392933902228833e-10,4.406964005639392e-13,4.0394309688456333e-13,0.688649046045331,0.07446916357223303,1.3028289285184287
62.875,inner_field_peaks,2.4074479918400516e-10,2.3939896490286197e-10,3.4955018258643207e-13,3.3630515599904715e-13,0.5621721387514267,0.06491273417847943,1.059431543324374
63.125,inner_field_peaks,2.4046867284756876e-10,2.391889090765343e-10,3.019003471769224e-13,3.8514593751391844e-13,0.5350431071304174,0.02542731005859989,1.0446589042022347
63.375,inner_field_peaks,2.405071484859303e-10,2.390624384882839e-10,3.649578607003751e-13,3.655821638284174e-13,0.6043232917651409,0.07398015684594063,1.1346664266843411
63.625,inner_field_peaks,2.4024198610812376e-10,2.3887885190026067e-10,3.2081274061159763e-13,3.5895737956009825e-13,0.5706382951104594,0.07427163221610444,1.0670049580048142
63.875,inner_field_peaks,2.401096609152292e-10,2.386881691135761e-10,2.882820835265414e-13,3.626035958618577e-13,0.5955434686738537,0.11268515044495142,1.0784017869027558
64.125,inner_field_peaks,2.399211610495781e-10,2.385090401195853e-10,2.995256198510191e-13,3.002512375335317e-13,0.5920618058270488,0.15566201276874533,1.0284615988853525
64.375,inner_field_peaks,2.3967504576456335e-10,2.382916635296544e-10,2.952417099858886e-13,3.729385374350853e-13,0.5805415994910801,0.0837304495741242,1.077352749408036
64.625,inner_field_peaks,2.3956191839983257e-10,2.382271236456291e-10,3.383444517512001e-13,4.864597832151985e-13,0.560303433873055,-0.06954783730360502,1.190154705049715
64.875,inner_field_peaks,2.3959166716903225e-10,2.3802048644938624e-10,3.229462082890534e-13,4.433590234281241e-13,0.6601031461970885,0.08009488639034176,1.2401114060038354
65.125,inner_field_peaks,2.3970429190419106e-10,2.3790467447029454e-10,3.5795566936798383e-13,5.313309058287982e-13,0.7564447558264353,0.06991420831889955,1.4429753033339712
65.375,inner_field_peaks,2.3950321613430037e-10,2.377739947940641e-10,3.629388209362618e-13,4.612788802187126e-13,0.7272541901539586,0.1117923559563418,1.3427160243515754
65.625,inner_field_peaks,2.3918707055974454e-10,2.3747419538053424e-10,2.8711408250661943e-13,3.8957417937387467e-13,0.7212889705618508,0.20897148830000536,1.2336064528236963
65.875,inner_field_peaks,2.390336286386146e-10,2.374385720780564e-10,3.2047451254021573e-13,4.061245239817861e-13,0.6717765132254083,0.1289327710203436,1.214620255430473
66.125,inner_field_peaks,2.3870310127783923e-10,2.3731450951077826e-10,3.2134269429340007e-13,3.7011213234119334e-13,0.5851272094249627,0.075421737935051,1.0948326809148743
66.375,inner_field_peaks,2.3860331446164363e-10,2.371589675931318e-10,3.6438831180001417e-13,3.9625369430285045e-13,0.6090205583074271,0.05067314391951419,1.1673679726953399
66.625,inner_field_peaks,2.384733808385671e-10,2.371508642628375e-10,3.4080508713605283e-13,3.939585529542063e-13,0.5576688829874277,0.015546100686227981,1.0997916652886273
66.875,inner_field_peaks,2.3844932617494655e-10,2.370906735022265e-10,3.6409476053401043e-13,3.9835262858749233e-13,0.5730519267799439,0.013100850374531472,1.1330030031853562
67.125,inner_field_peaks,2.3827330310536233e-10,2.369337506238748e-10,2.874828607355223e-13,3.972372775435831e-13,0.5653700572249898,0.044390885463898265,1.0863492289860812
67.375,inner_field_peaks,2.3818735358230806e-10,2.36791283093814e-10,3.109696263218905e-13,4.867756694067958e-13,0.5895784972544726,-0.03709190061162533,1.2162488951205708
67.625,inner_field_peaks,2.380738315236265e-10,2.366309354329132e-10,4.0483248317626486e-13,4.06449728187888e-13,0.6097664652652268,0.014728556938759137,1.2048043735916945
67.875,inner_field_peaks,2.3792839904083794e-10,2.365329486137317e-10,3.44281806976444e-13,5.256555220798778e-13,0.5899602720401909,-0.08955415004186341,1.269474694122245
68.125,inner_field_peaks,2.3784542610669363e-10,2.3652874527696814e-10,2.82826085589725e-13,4.43520954144303e-13,0.556668420230988,-0.014667703282392891,1.1280045437443689
68.375,inner_field_peaks,2.377825552791953e-10,2.364548072364414e-10,2.90720577191558e-13,4.220007556205847e-13,0.561522964270389,0.01190877670674828,1.1111371518340296
68.625,inner_field_peaks,2.376837650284442e-10,2.3650250140610083e-10,3.12734037731569e-13,4.4990330894417913e-13,0.4994719359500577,-0.08694170276572376,1.0858855746658391
68.875,inner_field_peaks,2.3758283077768286e-10,2.3636913858675094e-10,3.289869985433625e-13,3.707524163566164e-13,0.5134732047460178,-0.0030490902321228357,1.0299954997241585
69.125,inner_field_peaks,2.3739329917054207e-10,2.3630884590923363e-10,2.433253473440681e-13,4.1970827487912803e-13,0.45891352781815,-0.07738987219750694,0.9952169278338068
69.375,inner_field_peaks,2.3719151720476525e-10,2.3606810480166187e-10,2.790182838772608e-13,3.4877040430608963e-13,0.47588487400584967,0.005872792014031611,0.9458969559976678
69.625,inner_field_peaks,2.36926113944612e-10,2.359992025530493e-10,3.145306346343039e-13,3.3620140370317463e-13,0.3927603913637556,-0.08616472138799364,0.8716855041155049
69.875,inner_field_peaks,2.3684490543018915e-10,2.3597646317926666e-10,3.5792037592843175e-13,3.920664105546826e-13,0.3680207081766307,-0.18475708049170858,0.92079849684497
70.125,inner_field_peaks,2.3704509136651346e-10,2.3575719163037476e-10,2.8686311460067276e-13,3.9790239489177043e-13,0.5462822691567837,0.022305729064108284,1.0702588092494592
70.375,inner_field_peaks,2.3689319398138597e-10,2.358812290527995e-10,3.279375972290263e-13,4.2260081579401086e-13,0.4290146073301804,-0.13606656205635942,0.9940957767167201
70.625,inner_field_peaks,2.3660560747671026e-10,2.3595810128373323e-10,4.1907485208934965e-13,4.642426838141712e-13,0.27441574985316297,-0.3768590712104737,0.9256905709167996
70.875,inner_field_peaks,2.367564822152952e-10,2.3568532028280863e-10,3.95479461870222e-13,4.370611531682568e-13,0.45448818416065073,-0.1606104741580466,1.069586842479348
71.125,inner_field_peaks,2.3658823880289085e-10,2.356500726818922e-10,3.703274127623646e-13,4.3400106233321615e-13,0.3981183244806896,-0.1994232353167885,0.9956598842781679
71.375,inner_field_peaks,2.365027000236938e-10,2.355573541107707e-10,3.663729108019353e-13,4.754078071490547e-13,0.40132303085664844,-0.2339897553989851,1.036635817112282
71.625,inner_field_peaks,2.365376928323445e-10,2.3545883563843636e-10,3.7489918453246414e-13,4.1810430816454433e-13,0.45819354834695236,-0.1286999761002528,1.0450870727941577
71.875,inner_field_peaks,2.3661047501210467e-10,2.352586134560732e-10,4.165329099901453e-13,4.5177436552149817e-13,0.5746278685281325,-0.06765980932855283,1.216915546384818
72.125,inner_field_peaks,2.365292857575696e-10,2.3517835456111836e-10,3.434658952689383e-13,4.412360477484542e-13,0.5744283732966426,-0.01844655634828168,1.1673033029415671
72.375,inner_field_peaks,2.3642824276869174e-10,2.350607194463973e-10,3.802641738708408e-13,4.969694684105234e-13,0.5817744987402174,-0.08347139358604559,1.2470203910664803
72.625,inner_field_peaks,2.362442917140416e-10,2.3497850152660467e-10,3.722640581542303e-13,4.163261376522944e-13,0.5386834026148701,-0.046562739182147775,1.123929544411888
72.875,inner_field_peaks,2.3601491875524516e-10,2.348221227400833e-10,3.613596827135274e-13,3.8803605457062663e-13,0.5079572577078473,-0.046850353393734,1.0627648688094287
73.125,inner_field_peaks,2.3608827512041043e-10,2.3487413032211507e-10,4.200653336821657e-13,3.6410843981629485e-13,0.5169342390455078,-0.0661402452521896,1.1000087233432054
73.375,inner_field_peaks,2.359135181209507e-10,2.3484483884150154e-10,4.0658434208688073e-13,3.8268274955292394e-13,0.45505759663315715,-0.12839273643421525,1.0385079297005295
73.625,inner_field_peaks,2.357978332036189e-10,2.34698302927641e-10,3.2887742817074933e-13,3.6720851726318057e-13,0.46848667513241793,-0.048431840872976105,0.985405191137812
73.875,inner_field_peaks,2.3576388684887203e-10,2.3462166021037024e-10,3.3350696017527253e-13,3.1633048036218635e-13,0.48683767623058927,0.00606977109241227,0.9676055813687662
74.125,inner_field_peaks,2.358819578523038e-10,2.343609373704513e-10,3.688440145469903e-13,2.6845709851315536e-13,0.649007679743252,0.16090826648998066,1.1371070929965235
74.375,inner_field_peaks,2.3579902223419217e-10,2.3422492778776995e-10,3.626051671925615e-13,3.9146851953977674e-13,0.6720439456591398,0.11164189170622786,1.2324459996120518
74.625,inner_field_peaks,2.3553183101445456e-10,2.3418179326279854e-10,3.995470967020357e-13,3.4355611935446297e-13,0.5764913372838576,0.021754654761444586,1.1312280198062705
74.875,inner_field_peaks,2.3551784459093194e-10,2.3417963642286314e-10,4.647160675968089e-13,2.904823353230146e-13,0.5714451471998894,-0.0292765629363324,1.172166857336111
75.125,inner_field_peaks,2.35369905246497e-10,2.3421502593170285e-10,5.129890233658874e-13,4.151124857111792e-13,0.4930850658278807,-0.2047058703043075,1.190876001960069
75.375,inner_field_peaks,2.353305259983993e-10,2.3424487795530107e-10,5.06729639566859e-13,3.7334198708207456e-13,0.4634671428356274,-0.208950538799294,1.1358848244705488
75.625,inner_field_peaks,2.351803163946897e-10,2.340942966625067e-10,5.199106735444197e-13,2.7220026171927205e-13,0.4639240458509386,-0.2012133833723358,1.129061475074213
75.875,inner_field_peaks,2.3504500244170605e-10,2.340767185374074e-10,4.60463444997053e-13,3.734497537456028e-13,0.41366091867178767,-0.2133308206912315,1.0406526580348068
76.125,inner_field_peaks,2.349969268192688e-10,2.339226875847089e-10,4.0492979353298727e-13,3.59981310501365e-13,0.45922832267857316,-0.11042065061705143,1.0288772959741979
76.375,inner_field_peaks,2.3496747136211047e-10,2.3368098227900406e-10,4.482351795035253e-13,3.1536063607389725e-13,0.5505322130024304,-0.040201666444325976,1.1412660924491866
76.625,inner_field_peaks,2.3493182599101123e-10,2.3383887470545773e-10,4.836710643314561e-13,3.7555454956892066e-13,0.4673950329816545,-0.18383581840129082,1.1186258843645998
76.875,inner_field_peaks,2.347519351614585e-10,2.338180780391079e-10,4.705498226730567e-13,3.8349463833933434e-13,0.3993947474815851,-0.24296955325172775,1.041759048214898
77.125,inner_field_peaks,2.347991911686704e-10,2.336905127134849e-10,5.136764902264341e-13,3.7712362924329567e-13,0.47442167947349123,-0.20831335220149486,1.1571567111484775
77.375,inner_field_peaks,2.346196993130434e-10,2.3366975496815833e-10,4.454541960552825e-13,3.9453685471263687e-13,0.4065328630205034,-0.2197720425819753,1.0328377686229822
77.625,inner_field_peaks,2.346244730902339e-10,2.336784898622735e-10,4.801833816964577e-13,2.7812734174302394e-13,0.4048225527809368,-0.21312344991727422,1.022768555479148
77.875,inner_field_peaks,2.345369732799608e-10,2.3365301317693705e-10,5.428906078095486e-13,2.117246390670551e-13,0.37832172202905134,-0.32163160916126976,1.0782750532193723
78.125,inner_field_peaks,2.344418628715229e-10,2.336003516949645e-10,6.370533533405518e-13,1.90275247566578e-13,0.3602354065191049,-0.47298250906542444,1.1934533221036343
78.375,inner_field_peaks,2.346368299132497e-10,2.3348293940644535e-10,6.457119603905843e-13,2.620874476440165e-13,0.4942076323596778,-0.33741790772302205,1.3258331724423775
78.625,inner_field_peaks,2.3456661250854855e-10,2.3365466110108714e-10,5.703871971534951e-13,1.6163609671353077e-13,0.39029882954779715,-0.35765624953311687,1.1382539086287111
78.875,inner_field_peaks,2.345117972628727e-10,2.3358007678432516e-10,5.649002472818769e-13,1.8139827874318387e-13,0.39888696475078866,-0.33707833378618923,1.1348522632877667
79.125,inner_field_peaks,2.347025199068252e-10,2.336082406252578e-10,5.048904324339391e-13,1.8306817177640516e-13,0.4684249488111192,-0.1849658483678211,1.1218157459900595
79.375,inner_field_peaks,2.3461266089404544e-10,2.3364089643377267e-10,5.234403090065639e-13,1.9199345866875803e-13,0.4159222443953503,-0.26099754943906234,1.0928420382297628
79.625,inner_field_peaks,2.3465789233930136e-10,2.336162013788827e-10,6.363920940459874e-13,3.5118749169643796e-13,0.445898424111979,-0.3712277281099593,1.2630245763339174
79.875,inner_field_peaks,2.348990922067006e-10,2.3351406004140323e-10,6.915836519546944e-13,3.553558699645458e-13,0.5931258122323868,-0.2935763064338882,1.479827930898662
80.125,inner_field_peaks,2.346994232111148e-10,2.3359244617976775e-10,6.770349506000641e-13,2.931750549053795e-13,0.47389247788225397,-0.39559492288308207,1.3433798786475901
80.375,inner_field_peaks,2.3450334003213995e-10,2.3346899671891796e-10,5.920527959413183e-13,3.364008927112996e-13,0.44303240591181403,-0.3187089199576187,1.2047737317812466
80.625,inner_field_peaks,2.344273890658395e-10,2.3321750431397745e-10,5.744972067846101e-13,3.6172971892249937e-13,0.5187795639186588,-0.22746673929918856,1.2650258671365062
80.875,inner_field_peaks,2.344892685441129e-10,2.332704244669431e-10,5.892534537304482e-13,4.309147954472713e-13,0.5225026189904058,-0.26150280595099007,1.3065080439318018
81.125,inner_field_peaks,2.34456040957679e-10,2.334092993591826e-10,5.514925210421893e-13,4.17911163137755e-13,0.4484575384828826,-0.2908009686316787,1.187716045597444
81.375,inner_field_peaks,2.345859686957898e-10,2.332987994978954e-10,4.891265851847466e-13,4.0466777325960857e-13,0.5517255985305614,-0.12098760019052489,1.2244387972516475
81.625,inner_field_peaks,2.3449082779252953e-10,2.334906503165257e-10,5.128280246716092e-13,3.510504982474873e-13,0.42835868359094587,-0.2446407219354829,1.1013580891173747
81.875,inner_field_peaks,2.3446865939417074e-10,2.333966683502641e-10,5.689995605900202e-13,3.862560139823959e-13,0.4593000626289534,-0.28673232896331663,1.2053324542212234
82.125,inner_field_peaks,2.346351631304595e-10,2.335636460937916e-10,4.610961649811635e-13,4.630927407969541e-13,0.45876875729096156,-0.22745962051159688,1.14499713509352
82.375,inner_field_peaks,2.345557550142985e-10,2.3351235059261155e-10,4.706658339953016e-13,5.049670701969771e-13,0.446830507696494,-0.2792312504982999,1.172892265891288
82.625,inner_field_peaks,2.3445584956254394e-10,2.3350633201142257e-10,5.688620973539533e-13,4.664279280004612e-13,0.4066346051270653,-0.3724558417726617,1.1857250520267921
82.875,inner_field_peaks,2.345095264686012e-10,2.334232720065355e-10,5.319182274433647e-13,4.869479045080525e-13,0.4653582535829148,-0.2934899892590383,1.224206496424868
83.125,inner_field_peaks,2.3463278226057917e-10,2.3342592010735906e-10,4.853594692181335e-13,4.632691359188411e-13,0.517021482732094,-0.1883521420736817,1.2223951075378696
83.375,inner_field_peaks,2.3471768960970464e-10,2.3339040634549323e-10,4.523339360720012e-13,4.406928625016941e-13,0.568696582260797,-0.09530378979524862,1.2326969543168427
83.625,inner_field_peaks,2.3445265028118125e-10,2.3330436908295e-10,4.472122839391168e-13,5.213462132128561e-13,0.492181609262099,-0.2346025171144089,1.218965735638607
83.875,inner_field_peaks,2.344340505795331e-10,2.3348606739947336e-10,4.585474715770334e-13,5.080645219354659e-13,0.40601274012546096,-0.3148017679048928,1.1268272481558146
84.125,inner_field_peaks,2.346006181142002e-10,2.3347162301861853e-10,4.4693311208377697e-13,5.482726032837514e-13,0.483568444415039,-0.2676650892047587,1.2348019780348367
84.375,inner_field_peaks,2.345478016168807e-10,2.334204531079569e-10,3.795335844324012e-13,4.5349084733292157e-13,0.4829690345954374,-0.14366268379150524,1.1096007529823801
84.625,inner_field_peaks,2.3466111623052065e-10,2.334353067614275e-10,4.495942733850282e-13,5.179742251051257e-13,0.5251174237948186,-0.19972159861615119,1.2499564462057884
84.875,inner_field_peaks,2.343815030518967e-10,2.335979902187212e-10,3.923406069898198e-13,4.895022154644165e-13,0.3354107766260883,-0.3309214581268564,1.001743011379033
85.125,inner_field_peaks,2.3459532472128667e-10,2.3367774889159005e-10,3.453335435192436e-13,5.602192965800764e-13,0.39266718121386823,-0.33419683754557017,1.1195311999733066
85.375,inner_field_peaks,2.346630998652151e-10,2.338408143366585e-10,3.980153755252909e-13,5.780020409302593e-13,0.35164328814421,-0.4081791602503383,1.1114657365387581
85.625,inner_field_peaks,2.347332665789616e-10,2.337038216972039e-10,3.4755184586506117e-13,5.320564462685632e-13,0.4404912484022194,-0.2544852825071752,1.1354677793116141
85.875,inner_field_peaks,2.3488995967615184e-10,2.3365915146367866e-10,4.159672524582273e-13,5.071462533284376e-13,0.5267536943291962,-0.16907960461812502,1.2225869932765174
86.125,inner_field_peaks,2.3472164002669163e-10,2.3373879497846835e-10,4.705227038619836e-13,5.478338449754249e-13,0.42048862633770057,-0.34177877498368475,1.1827560276590858
86.375,inner_field_peaks,2.3464779641311484e-10,2.336810363136893e-10,4.965895895272899e-13,4.69916113721845e-13,0.4137092657051422,-0.304040040860366,1.1314585722706505
86.625,inner_field_peaks,2.348745758407698e-10,2.3386549347539103e-10,5.899891119029301e-13,4.3154495470691015e-13,0.4314798007962306,-0.3513895480572916,1.2143491496497527
86.875,inner_field_peaks,2.3480283743992914e-10,2.340148918900762e-10,5.411696184612534e-13,4.5023329386459837e-13,0.33670743920992674,-0.4061360922434398,1.0795509706632933
87.125,inner_field_peaks,2.347268189302721e-10,2.3405182767365815e-10,4.767619602445011e-13,4.529180030564349e-13,0.28839392681654363,-0.40043008323708223,0.9772179368701694
87.375,inner_field_peaks,2.350019576624618e-10,2.3409080634283946e-10,4.688281076147802e-13,4.908469561260756e-13,0.3892298607780065,-0.3221504744246618,1.1006101959806749
87.625,inner_field_peaks,2.3501537418055436e-10,2.3411618806622916e-10,4.979354626614795e-13,3.912770184475176e-13,0.38407686446304545,-0.2875863700579679,1.0557400989840589
87.875,inner_field_peaks,2.351131841832659e-10,2.343236831299745e-10,5.134665651025712e-13,4.378305822579162e-13,0.3369275536922567,-0.3728359369744976,1.046691044359011
88.125,inner_field_peaks,2.3513538708892376e-10,2.343697921038684e-10,5.31094702546709e-13,3.4358113469613403e-13,0.3266611188168955,-0.3618761197634296,1.0151983573972205
88.375,inner_field_peaks,2.352485330447962e-10,2.346264992571806e-10,5.705864919467749e-13,2.7560544908206774e-13,0.2651165957745283,-0.46284671075156464,0.9930799023006212
88.625,inner_field_peaks,2.3537013409141387e-10,2.3470901155900823e-10,5.343710813413847e-13,4.078580869842246e-13,0.2816775240176206,-0.4316396507097737,0.9949946987450149
88.875,inner_field_peaks,2.3557392497048775e-10,2.347309778622944e-10,5.207334212539265e-13,4.3459450827939584e-13,0.35911199956226714,-0.3542857220906691,1.0725097212152035
89.125,inner_field_peaks,2.3550234011375274e-10,2.348048585244053e-10,4.864339845546337e-13,4.0880821708876484e-13,0.297047341239276,-0.37055868648057483,0.9646533689591268
89.375,inner_field_peaks,2.355970970229999e-10,2.3481386305694984e-10,5.4441179934295e-13,3.7652765664844824e-13,0.33355524918905477,-0.37799444548737615,1.0451049438654856
89.625,inner_field_peaks,2.3566277457789774e-10,2.348876926268584e-10,6.070271529117587e-13,4.636904137762138e-13,0.32997980540030447,-0.4799706433949903,1.1399302541955991
89.875,inner_field_peaks,2.3592260383927217e-10,2.352072862563278e-10,5.868616438962906e-13,4.314685624565087e-13,0.30412220400553025,-0.4708082929202017,1.079052700931262
90.125,inner_field_peaks,2.358767749362468e-10,2.352275298696494e-10,5.928272727999851e-13,3.7287330278221683e-13,0.27600726282215327,-0.48717576071587415,1.0391902863601805
90.375,inner_field_peaks,2.359318179568457e-10,2.3499368112692645e-10,6.054701726612463e-13,4.4590313403978495e-13,0.39921789616654824,-0.401477231645316,1.1999130239784126
90.625,inner_field_peaks,2.361274326123e-10,2.3518725597301345e-10,6.359662678066279e-13,4.73588450140836e-13,0.39975662601141604,-0.44268806334240385,1.2422013153652358
90.875,inner_field_peaks,2.3617455660903085e-10,2.354553901247581e-10,6.04669768841356e-13,4.738748839673794e-13,0.3054364072496707,-0.5047900640997065,1.115662878599048
91.125,inner_field_peaks,2.364650712853986e-10,2.3540805293176913e-10,5.498912059059228e-13,5.512887021982199e-13,0.44901537584010054,-0.3621759825191525,1.2602067341993535
91.375,inner_field_peaks,2.366217877887025e-10,2.35631446364149e-10,3.9822814777483826e-13,5.535089954815685e-13,0.4202925542556635,-0.3079546445401343,1.1485397530514612
91.625,inner_field_peaks,2.3659635871808864e-10,2.3572922480204444e-10,4.5463739428844543e-13,5.42302354535569e-13,0.367851681000686,-0.3739993078643397,1.1097026698657118
91.875,inner_field_peaks,2.365782405136355e-10,2.359693301995695e-10,5.697736199551064e-13,6.163879032286149e-13,0.2580463798202315,-0.6149705347622894,1.1310632944027523
92.125,inner_field_peaks,2.367795746870209e-10,2.362307588341269e-10,4.954242862387923e-13,6.528683566261897e-13,0.23232192776359017,-0.6332473244779255,1.0978911800051059
92.375,inner_field_peaks,2.368487651652044e-10,2.3641886280208434e-10,5.524511963880916e-13,5.922987939079108e-13,0.18183928220649737,-0.6583035484792806,1.0219821128922753
92.625,inner_field_peaks,2.370335762273445e-10,2.364444244181762e-10,5.859787773240743e-13,4.949547550218771e-13,0.24917136896673853,-0.5507079276325115,1.0490506655659886
92.875,inner_field_peaks,2.3738031492993126e-10,2.366550750272889e-10,6.071811315466104e-13,5.703850257815377e-13,0.3064544052388207,-0.5568820667644621,1.1697908772421035
93.125,inner_field_peaks,2.374172757246175e-10,2.3681956837903915e-10,5.779991798136052e-13,6.193216562384262e-13,0.2523893399812627,-0.6251735469286238,1.129952226891149
93.375,inner_field_peaks,2.3766677740615495e-10,2.3691764347270633e-10,5.728186039421416e-13,5.459078460133352e-13,0.3162001455307095,-0.5026824953104532,1.1350827863718722
93.625,inner_field_peaks,2.378967571851664e-10,2.371341137779168e-10,5.587988868644551e-13,5.33326354353001e-13,0.3216084750943038,-0.47705563795363665,1.1202725881422442
93.875,inner_field_peaks,2.3795518967852013e-10,2.374200626571324e-10,4.99220456741696e-13,5.087887249593963e-13,0.22539250280653178,-0.5101641740480803,0.9609491796611439
94.125,inner_field_peaks,2.3813196401747787e-10,2.3770330592335944e-10,5.184302644080322e-13,4.828544939010582e-13,0.18033324881758794,-0.5504144958227571,0.911080993457933
94.375,inner_field_peaks,2.383873002412763e-10,2.3791878501309407e-10,6.229542425629655e-13,3.8197877783115914e-13,0.19692233555934635,-0.5938693058045915,0.9877139769232842
94.625,inner_field_peaks,2.385106947311964e-10,2.38064521106614e-10,7.657146102587274e-13,3.7780760330723506e-13,0.18741710125829147,-0.7753039348595494,1.1501381373761324
94.875,inner_field_peaks,2.3879141174214e-10,2.3818097213948293e-10,6.610272287348904e-13,3.805559916326993e-13,0.2562923466025602,-0.5779080548457919,1.0904927480509121
95.125,inner_field_peaks,2.3888522772561856e-10,2.381607901845521e-10,5.756842617790702e-13,4.672866937247864e-13,0.3041800207771672,-0.4662000275542678,1.0745600691086024
95.375,inner_field_peaks,2.3896846213948954e-10,2.3831512314299127e-10,6.779719315104722e-13,4.049903666463636e-13,0.2741491970303045,-0.5831691257232547,1.1314675197838637
95.625,inner_field_peaks,2.393135658916007e-10,2.386946816306376e-10,6.74194278478709e-13,4.783204660210624e-13,0.25927861347192493,-0.6114863429820498,1.1300435699258997
95.875,inner_field_peaks,2.393972551865719e-10,2.391029798833616e-10,6.110305510596289e-13,4.996769744619335e-13,0.12307471172205986,-0.6927876403305759,0.9389370637746957
96.125,inner_field_peaks,2.3957240928746834e-10,2.3924844834469057e-10,6.067891083111872e-13,4.1289503794648523e-13,0.13540775082103718,-0.640608363736965,0.9114238653790394
96.375,inner_field_peaks,2.398232326788061e-10,2.395109702453791e-10,5.01952358185706e-13,3.8922875663910996e-13,0.13037500249239997,-0.5286467492810196,0.7893967542658196
96.625,inner_field_peaks,2.399974170978513e-10,2.395758050464364e-10,4.5075310983098983e-13,3.9797536302950327e-13,0.17598273387129382,-0.4408607904985851,0.7928262582411728
96.875,inner_field_peaks,2.4024900553473234e-10,2.3972749899899905e-10,5.055682838713963e-13,4.681875031611702e-13,0.21754139091714197,-0.48743750204278186,0.9225202838770659
97.125,inner_field_peaks,2.4046400459851343e-10,2.400428694968201e-10,5.202863665990482e-13,6.970769825653769e-13,0.17544162114715434,-0.7301462089726891,1.0810294512669978
97.375,inner_field_peaks,2.407107537210857e-10,2.4027633437927925e-10,5.604992327747716e-13,6.422365037262671e-13,0.18079988731671826,-0.6921509302145544,1.0537507048479908
97.625,inner_field_peaks,2.4074241684288343e-10,2.405673395140398e-10,5.59471430311555e-13,8.152697141049942e-13,0.0727768487598146,-0.9659758660390869,1.1115295635587161
97.875,inner_field_peaks,2.4114690565029916e-10,2.4085449213624304e-10,4.990542344832108e-13,7.581414063577765e-13,0.12140670969538192,-0.8378043454129693,1.0806177648037332
98.125,inner_field_peaks,2.415299785324725e-10,2.4138839374726936e-10,5.166323843167525e-13,7.01091012834546e-13,0.05865434663416824,-0.8436717218421113,0.9609804151104477
98.375,inner_field_peaks,2.41943687074929e-10,2.418800359544762e-10,5.616633891288189e-13,7.341440668522679e-13,0.026315160819945227,-0.9247019148116888,0.9773322364515793
98.625,inner_field_peaks,2.4207976099098556e-10,2.4198273021123467e-10,5.719984376027638e-13,7.984693938865727e-13,0.0400982250535753,-0.9788919088365475,1.0590883589436981
98.875,inner_field_peaks,2.4253808693602503e-10,2.4229650213836813e-10,5.315563729964448e-13,6.485511691172997e-13,0.09970626712512143,-0.7557000857517867,0.9551126200020296
99.125,inner_field_peaks,2.427210707163099e-10,2.4252022138385016e-10,5.359589906349811e-13,7.4778357871003e-13,0.08281756107333393,-0.8697944977290971,1.035429619875765
99.375,inner_field_peaks,2.432275831618908e-10,2.427310176458645e-10,5.013938830402782e-13,7.136680870867754e-13,0.20457439714225423,-0.7012668709950953,1.1104156652796038
99.625,inner_field_peaks,2.435181367592817e-10,2.431934166559265e-10,4.2082980740042504e-13,7.980379876866913e-13,0.13352339377452616,-0.8505682532896998,1.1176150408387522
99.875,inner_field_peaks,2.4365772533736376e-10,2.434605559809664e-10,4.2443157110153356e-13,7.37848378316071e-13,0.08098616040816964,-0.8304792031312985,0.9924515239476378
100.125,inner_field_peaks,2.440559850423169e-10,2.4369957533481817e-10,3.569655261619889e-13,6.958884490268308e-13,0.14624962189986324,-0.7098380119754153,1.0023372557751418
100.375,inner_field_peaks,2.445025256747612e-10,2.4413547808923313e-10,3.583036143470425e-13,7.329359885997332e-13,0.15034586058562116,-0.7496327714599836,1.050324492631226
100.625,inner_field_peaks,2.45044252685201e-10,2.442766895803609e-10,3.19094296809986e-13,7.217306569506267e-13,0.3142187271977237,-0.5745637608187076,1.2030012152141552
100.875,inner_field_peaks,2.4529169155250517e-10,2.445789348658924e-10,2.6433503546992205e-13,6.013132306775619e-13,0.2914219440049326,-0.44810949294799474,1.03095338095786
101.125,inner_field_peaks,2.4560010013588266e-10,2.4517571880685006e-10,2.9944040498128863e-13,5.903237701606695e-13,0.17309272349557148,-0.5488790077243628,0.8950644547155058
101.375,inner_field_peaks,2.4579375041653025e-10,2.4554046095705846e-10,1.9088597109655439e-13,6.034686575954421e-13,0.1031558947492961,-0.6463594900139604,0.8526712795125526
101.625,inner_field_peaks,2.464448511198177e-10,2.4578994230871426e-10,2.5489435780225044e-13,5.617130708268328e-13,0.26645061427323924,-0.42020523323885,0.9531064617853284
101.875,inner_field_peaks,2.4675405189983017e-10,2.4607218272328336e-10,3.586705884926143e-13,6.711933837306095e-13,0.2771012834529074,-0.542284210311472,1.0964867772172868
102.125,inner_field_peaks,2.4699454329760664e-10,2.465526219620027e-10,4.166295496412141e-13,5.929492623220562e-13,0.17924016872634674,-0.561571892550629,0.9200522300033225
102.375,inner_field_peaks,2.4738679525505763e-10,2.470627230329282e-10,2.942037196541521e-13,6.339243305757041e-13,0.13117001956066687,-0.638336544889297,0.9006765840106308
102.625,inner_field_peaks,2.479464180449962e-10,2.4748644270456514e-10,2.947086009521428e-13,6.400846177955957e-13,0.18585880317498749,-0.5903478608015895,0.9620654671515645
102.875,inner_field_peaks,2.483153076247938e-10,2.479067216774959e-10,4.4523812392633967e-13,6.988536930101464e-13,0.16481438846560614,-0.691061361487588,1.0206901384188003
103.125,inner_field_peaks,2.488573596458402e-10,2.483059538730338e-10,4.085508208214071e-13,7.187581240768534e-13,0.22206707660679115,-0.6490776265549318,1.0932117797685141
103.375,inner_field_peaks,2.491406588192417e-10,2.48877049804886e-10,3.1237410777691064e-13,7.773164542299542e-13,0.10591937447119726,-0.8349112437832676,1.0467499927256623
103.625,inner_field_peaks,2.4974520543122816e-10,2.49482244699346e-10,4.873449437841777e-13,7.630965915937832e-13,0.10540258373861189,-0.8230200780843691,1.0338252455615928
103.875,inner_field_peaks,2.502826824264262e-10,2.4998027878181717e-10,4.720863781633798e-13,6.650469955671355e-13,0.12097100062560262,-0.6996851484659103,0.9416271497171156
104.125,inner_field_peaks,2.506948382741779e-10,2.5035080692331956e-10,3.632794373558163e-13,6.593238071402158e-13,0.13741970920178037,-0.6534153735665672,0.928254791970128
104.375,inner_field_peaks,2.5129005199928275e-10,2.51055382170093e-10,2.461537956856308e-13,6.348603326696117e-13,0.09347333132685431,-0.6694063160002859,0.8563529786539945
104.625,inner_field_peaks,2.5170657114786615e-10,2.5169518721668287e-10,3.197555270472049e-13,4.2659620756139313e-13,0.004522903798509503,-0.5238413707330889,0.5328871783301079
104.875,inner_field_peaks,2.52300050948072e-10,2.5215973878670514e-10,3.1134822088420026e-13,3.4470861720835457e-13,0.05564415716876603,-0.3963771091358919,0.507665423473424
105.125,inner_field_peaks,2.52683733459194e-10,2.5268706582103144e-10,4.042350483995077e-13,3.3972934650337415e-13,-0.0013187702451622485,-0.5163380121483908,0.5137004716580663
105.375,inner_field_peaks,2.532384958024469e-10,2.5318482023388187e-10,3.0350642405292307e-13,4.867844163329877e-13,0.021200152724576427,-0.5604236904945398,0.6028239959436926
105.625,inner_field_peaks,2.5390410936619015e-10,2.538072987376569e-10,3.4302075837918306e-13,7.21401608964463e-13,0.0381433587665736,-0.8131566882632495,0.8894434057963967
105.875,inner_field_peaks,2.5457922099710285e-10,2.5473086305496775e-10,1.8316271181686054e-13,6.216284205037536e-13,-0.05953030427733319,-0.8053573640621515,0.6862967555074851
106.125,inner_field_peaks,2.550575730792309e-10,2.5540521178032466e-10,1.3873690905094902e-13,5.723016712522961e-13,-0.1361126104947208,-0.8272303869043482,0.5550051659149067
106.375,inner_field_peaks,2.556232993811136e-10,2.560163181228477e-10,1.808738094320219e-13,6.285588162750438e-13,-0.15351316065155274,-0.9040813440536063,0.5970550227505008
106.625,inner_field_peaks,2.5629185796895077e-10,2.5659244556663906e-10,1.67616696252725e-13,6.28051060781382e-13,-0.11714592650009514,-0.8686724734387891,0.6343806204385989
106.875,inner_field_peaks,2.5675336380171594e-10,2.57046097645156e-10,1.6323250182094308e-13,5.819697416448704e-13,-0.11388379209872346,-0.8072695497527718,0.579501965555325
107.125,inner_field_peaks,2.5738230052036883e-10,2.5763934659420667e-10,1.9848362433710365e-13,6.090474153682328e-13,-0.09976972742548051,-0.8179697669039266,0.6184303120529656
107.375,inner_field_peaks,2.5807904889648746e-10,2.583741418086848e-10,1.3655390625253068e-13,6.298808801674813e-13,-0.11421147260775033,-0.8700164761578472,0.6415935309423465
107.625,inner_field_peaks,2.590466101537459e-10,2.58991863922668e-10,2.1050679539607922e-13,7.132422164518601e-13,0.021138204980153397,-0.8211679988595719,0.8634444088198787
107.875,inner_field_peaks,2.597976797059185e-10,2.596763884224963e-10,2.321546843152811e-13,7.624541609819559e-13,0.04670862998328307,-0.8500602155323599,0.943477475498926
108.125,inner_field_peaks,2.6071237725238247e-10,2.604922563959382e-10,3.536106773631199e-13,8.483357346386348e-13,0.0845018809732645,-0.8948100160532388,1.0638137779997678
108.375,inner_field_peaks,2.6154773823851853e-10,2.6143582932918973e-10,3.860947609831735e-13,8.222428723275232e-13,0.04280549824251523,-0.8993893377496411,0.9850003342346716
108.625,inner_field_peaks,2.622834726400255e-10,2.6221947256785557e-10,4.674388184818861e-13,6.89290810486389e-13,0.02440706311517271,-0.7794556133651092,0.8282697395954546
108.875,inner_field_peaks,2.6315704016109094e-10,2.630253623144253e-10,5.761038313469054e-13,5.577235160108355e-13,0.0500627945179799,-0.6962520793614615,0.7963776683974213
109.125,inner_field_peaks,2.6379729607630426e-10,2.636567942585423e-10,5.316684996476092e-13,6.07905757535049e-13,0.053289663237054974,-0.6997073805468931,0.806286707021003
109.375,inner_field_peaks,2.648901673798237e-10,2.6465068792865215e-10,4.520214199419419e-13,6.664828224730833e-13,0.09048888292937374,-0.6800769111576338,0.8610546770163813
109.625,inner_field_peaks,2.658214253535656e-10,2.656220790948496e-10,5.068975381045311e-13,7.572525127125871e-13,0.07504882854441064,-0.7954158302346465,0.9455134873234677
109.875,inner_field_peaks,2.6661538119215576e-10,2.6657576400419415e-10,3.6937143373137027e-13,8.116077987849342e-13,0.014861511551744755,-0.8975022315360631,0.9272252546395526
110.125,inner_field_peaks,2.6764669963299907e-10,2.676904708042617e-10,5.06500890123335e-13,8.765641327556882e-13,-0.016351411811987848,-1.0005248353058394,0.9678220116818638
110.375,inner_field_peaks,2.6860362154098654e-10,2.6857500990766257e-10,5.492029607061414e-13,7.290433735179274e-13,0.01065312567010146,-0.8365954505424253,0.8579017018826283
110.625,inner_field_peaks,2.697134699006069e-10,2.693777053215908e-10,5.771812801554817e-13,6.794426992056947e-13,0.12464453159375388,-0.6909879962736151,0.9402770594611228
110.875,inner_field_peaks,2.7067292180885596e-10,2.7037720361905114e-10,5.07284228691193e-13,7.10856161692771e-13,0.10937245664448536,-0.7023827084266672,0.9211276217156379
111.125,inner_field_peaks,2.714759224385061e-10,2.7130783323895335e-10,3.63780226004501e-13,7.803076508784716e-13,0.06195515903322235,-0.7999209270287123,0.923831245095157
111.375,inner_field_peaks,2.7245091908244995e-10,2.725162598568097e-10,4.209864665141014e-13,6.659962829559988e-13,-0.023976835141537034,-0.7640616845053156,0.7161080142222416
111.625,inner_field_peaks,2.7343976933694003e-10,2.7374800632006716e-10,3.3975116339564804e-13,6.137131868752011e-13,-0.11259880474406847,-0.7843213756990816,0.5591237662109447
111.875,inner_field_peaks,2.746376934309784e-10,2.7487742580192657e-10,3.341288528262588e-13,5.54055845903091e-13,-0.08721428114687457,-0.6944930714364397,0.5200645091426905
112.125,inner_field_peaks,2.758383742302078e-10,2.7609877914822876e-10,4.54407722503824e-13,5.255474489310403e-13,-0.09431585276267196,-0.7127931817941572,0.5241614762688133
112.375,inner_field_peaks,2.7704185025440356e-10,2.772028817750706e-10,3.974287685964445e-13,6.585157310808905e-13,-0.05809157525198394,-0.7740468645624905,0.6578637140585226
112.625,inner_field_peaks,2.786094658885679e-10,2.7857708225971744e-10,5.221907787440987e-13,6.469292810580445e-13,0.011624656482056572,-0.7266443793244404,0.7498936922885535
112.875,inner_field_peaks,2.7976036897277534e-10,2.7998319303472217e-10,4.3152809438940253e-13,7.514974253864707e-13,-0.07958479919156769,-0.8855128127175397,0.7263432143344043
113.125,inner_field_peaks,2.8110268725440084e-10,2.8136135597378595e-10,4.869139511095991e-13,7.525579127296231e-13,-0.09193470030376405,-0.9036646588940801,0.719795258286552
113.375,inner_field_peaks,2.825735166023899e-10,2.826206835326208e-10,5.938651762879784e-13,7.652841594256111e-13,-0.016689128920543972,-0.867953082841862,0.8345748250007741
113.625,inner_field_peaks,2.839152455849483e-10,2.839456708577072e-10,4.547658753359232e-13,7.590716477441041e-13,-0.010715174021480589,-0.8162666411051953,0.7948362930622341
113.875,inner_field_peaks,2.855805571337388e-10,2.857043324076906e-10,6.677045070396998e-13,7.600866969450608e-13,-0.0433228551029341,-0.9130666017880243,0.8264208915821561
114.125,inner_field_peaks,2.871824286183469e-10,2.8742975125757823e-10,6.450348230092151e-13,6.7105512849173e-13,-0.08604629066728542,-0.8783746981033044,0.7062821167687335
114.375,inner_field_peaks,2.887699156417512e-10,2.8898921073050584e-10,6.382458193683108e-13,6.991448915831569e-13,-0.07588348651506038,-0.8786806109151819,0.7269136378850611
114.625,inner_field_peaks,2.90612325336363e-10,2.90683027180742e-10,6.327551713962016e-13,5.887108584691985e-13,-0.024322660000053453,-0.7526862154260964,0.7040408954259895
114.875,inner_field_peaks,2.9258055586551023e-10,2.923870492315259e-10,6.863288222399246e-13,6.15016964241903e-13,0.06618167066323455,-0.7074962482556086,0.8398595895820777
115.125,inner_field_peaks,2.943223180676903e-10,2.944293551616497e-10,5.96300621566815e-13,6.291728273916848e-13,-0.036354083613932,-0.7571257207322034,0.6844175535043394
115.375,inner_field_peaks,2.965711743908126e-10,2.9641780295552214e-10,5.198053194080222e-13,5.592766746645153e-13,0.05174164094101652,-0.5795565205236971,0.6830398024057301
115.625,inner_field_peaks,2.9856298704758315e-10,2.983086694578507e-10,4.823293804714663e-13,7.482685455419228e-13,0.08525316753102974,-0.6768266911387008,0.8473330262007602
115.875,inner_field_peaks,3.006015784943456e-10,3.0049009985626015e-10,4.779983806467819e-13,6.983308625823918e-13,0.03709893874666026,-0.6747160942251491,0.7489139717184696
116.125,inner_field_peaks,3.029739891377069e-10,3.0268484779833884e-10,5.635888705164985e-13,5.84820222826487e-13,0.09552554132497004,-0.5616023982194296,0.7526534808693697
116.375,inner_field_peaks,3.053704251536093e-10,3.055669621436905e-10,5.662105678453758e-13,6.874053904637131e-13,-0.06431879569126497,-0.7835444972284846,0.6549069058459547
116.625,inner_field_peaks,3.083043150260945e-10,3.081442000888381e-10,7.033179501610506e-13,6.660897412333648e-13,0.051961042008974445,-0.7179741197308864,0.8218962037488352
116.875,inner_field_peaks,3.111405392112775e-10,3.1047147451638867e-10,8.354041695195211e-13,6.50653610571566e-13,0.2154995707515539,-0.631806785365537,1.062805926868645
117.125,inner_field_peaks,3.137986341778956e-10,3.1330480530467714e-10,7.842857572833249e-13,6.015696271355299e-13,0.1576193102873935,-0.6274018150735934,0.9426404356483804
117.375,inner_field_peaks,3.167916191373747e-10,3.1685613106781284e-10,6.470843733661781e-13,6.150289168316296e-13,-0.020360006991426705,-0.7101408636867057,0.6694208497038523
117.625,inner_field_peaks,3.2025423519478547e-10,3.200216780682882e-10,4.791969283139304e-13,6.247256750966267e-13,0.07266917913217874,-0.5396117341236009,0.6849500923879583
117.875,inner_field_peaks,3.2380372645360796e-10,3.2361538307454525e-10,6.296442901482352e-13,8.178409025888917e-13,0.05819976086220979,-0.7351022936607567,0.8515018153851763
118.125,inner_field_peaks,3.272424175841425e-10,3.27212477553557e-10,7.433921172945995e-13,8.259846785064699e-13,0.009150027165616414,-0.8241208455171981,0.8424208998484309
118.375,inner_field_peaks,3.312814564036243e-10,3.307650530694124e-10,9.035818505735908e-13,8.836667018704176e-13,0.1561239101349532,-0.7796529612591455,1.0919007815290518
118.625,inner_field_peaks,3.3529506173876786e-10,3.34728666155784e-10,8.623866669941956e-13,1.0386839328427149e-12,0.16921036058508143,-0.8269679840527936,1.1653887052229563
118.875,inner_field_peaks,3.395953694962373e-10,3.3909543657607766e-10,7.662176434236752e-13,1.0706210808837952e-12,0.14743133237284933,-0.8282369749194076,1.1230996396651063
119.125,inner_field_peaks,3.442771010079869e-10,3.442641889919555e-10,8.279565837284449e-13,1.2201938701263913e-12,0.0037506125947217583,-1.0800411552650504,1.087542380454494
119.375,inner_field_peaks,3.4880418712311756e-10,3.4957182058004785e-10,8.048544148546644e-13,1.1638440418676563e-12,-0.21959248764862327,-1.2389163284071463,0.7997313531098997
119.625,inner_field_peaks,3.545706051548169e-10,3.545182682822034e-10,8.933494862221575e-13,1.198730493620742e-12,0.014762814020019555,-1.038004675599633,1.0675303036396722
119.875,inner_field_peaks,3.6042006232652487e-10,3.6073267464791355e-10,8.923437406860929e-13,1.2934653059702603e-12,-0.08666038409018695,-1.1852211238009491,1.0119003556205752
120.125,inner_field_peaks,3.6653866706782384e-10,3.6753934904588863e-10,1.1187159407472273e-12,1.2386649088560524e-12,-0.2722652637499934,-1.3844269500378796,0.8398964225378929
120.375,inner_field_peaks,3.7221949803685735e-10,3.741401627955972e-10,9.360860139552876e-13,1.4162679813729224e-12,-0.5133543387559669,-1.6612380074454474,0.6345293299335133
120.625,inner_field_peaks,3.788351376201985e-10,3.8062206278803335e-10,1.0152918289691384e-12,1.439587912560935e-12,-0.4694749313126301,-1.6291688040668768,0.6902189414416168
120.875,inner_field_peaks,3.858948543090853e-10,3.869997095427928e-10,7.980489092924244e-13,1.2677755803023198e-12,-0.2854925227237959,-1.2747796897966124,0.7037946443490206
121.125,inner_field_peaks,3.9321805188057404e-10,3.9354512436522573e-10,8.011897112040471e-13,1.4041528772256018e-12,-0.083109271186943,-1.1540111312140284,0.9877925888401424
121.375,inner_field_peaks,4.006191837855594e-10,4.012934411601985e-10,6.519531009009209e-13,1.4167559659964155e-12,-0.1680210303686258,-1.223771671747901,0.8877296110106493
121.625,inner_field_peaks,4.083750095292892e-10,4.0913482039553965e-10,8.353686322309972e-13,1.7197022898920378e-12,-0.18571161103224654,-1.4415420839641304,1.0701188618996373
121.875,inner_field_peaks,4.154513295789536e-10,4.162919723218211e-10,9.43229373265791e-13,1.4248100536429936e-12,-0.20193585242082035,-1.2428341785812351,0.8389624737395944
122.125,inner_field_peaks,4.2267969948785747e-10,4.2278758267938805e-10,1.2803314855635406e-12,1.50258095608615e-12,-0.025517114492079607,-1.1748508424318531,1.123816613447694
122.375,inner_field_peaks,4.291456934879534e-10,4.2866191239120195e-10,1.1046179688543995e-12,1.7086570199876383e-12,0.11285842823141046,-1.0988836712484467,1.3246005277112676
122.625,inner_field_peaks,4.3454754685466036e-10,4.355450084189857e-10,8.824652001297644e-13,1.5511296372363722e-12,-0.22901457829722638,-1.29628708615535,0.8382579295608971
122.875,inner_field_peaks,4.396413450034314e-10,4.4116847274220645e-10,7.133143864482401e-13,1.1877104038572107e-12,-0.3461552293804626,-1.1550602744482388,0.4627498156873135
123.125,inner_field_peaks,4.4426328392600066e-10,4.4494950944841977e-10,5.90387755763398e-13,1.7666521888154167e-12,-0.15422548128433133,-1.3581489806595766,1.049698018090914
123.375,inner_field_peaks,4.4656752299274287e-10,4.4931293386445537e-10,4.612852405557339e-13,1.9900050983075726e-12,-0.61102422494268,-1.9730676300351795,0.7510191801498194
123.625,inner_field_peaks,4.486704748320763e-10,4.5107195894482113e-10,5.932430806716432e-13,1.5844536980624357e-12,-0.5323949017718932,-1.5869256297811325,0.5221358262373462
123.875,inner_field_peaks,4.490789658174275e-10,4.497834269761156e-10,4.492785794538905e-13,9.61566928332658e-13,-0.15662230229872565,-0.7958206175083069,0.48257601291085545
124.125,inner_field_peaks,4.4935756089698233e-10,4.4888135080862625e-10,3.557010945091449e-13,1.385833897348237e-12,0.10608818733464087,-0.8459259736887391,1.058102348358021
124.375,inner_field_peaks,4.472308495785589e-10,4.457653261959101e-10,9.837249292247208e-13,1.3535273082299239e-12,0.32876567479023233,-0.6138115327522717,1.2713428823327364
124.625,inner_field_peaks,4.4290637454062515e-10,4.4200234723950194e-10,8.592905035185184e-13,1.8340246343350427e-12,0.2045299774467768,-1.0405987608051133,1.4496587156986669
124.875,inner_field_peaks,4.3537356438772637e-10,4.347146448387374e-10,8.70960227019468e-13,1.3159651277113764e-12,0.1515751900268647,-0.7718356999632476,1.074986080016977
125.125,inner_field_peaks,4.2617793389902496e-10,4.245844050220673e-10,1.1895541600715452e-12,1.2934438777699958e-12,0.375314980510133,-0.641355909261644,1.39198587028191
125.375,inner_field_peaks,4.173321250324508e-10,4.1415125933246384e-10,1.5218166448216758e-12,5.67487683665179e-13,0.7680444350486759,-0.34109106390239274,1.8771799339997446
125.625,inner_field_peaks,4.0504149771603655e-10,4.015125317463945e-10,1.1441777464246713e-12,1.268181132861522e-12,0.8789180139141983,-0.17020215884680762,1.9280381866752045
125.875,inner_field_peaks,3.9001699165322974e-10,3.873929678293815e-10,8.699389586561451e-13,6.73960159889386e-13,0.6773545318984553,-0.02964604982552974,1.3843551136224401
126.125,inner_field_peaks,3.7311798544525273e-10,3.7018759003866067e-10,1.2703641600028686e-12,5.691720593204375e-13,0.7915974185644714,-0.23680335591393098,1.8199981930428737
126.375,inner_field_peaks,3.559125088138578e-10,3.5155918607522516e-10,9.49944298230849e-13,8.295111246897828e-13,1.2382901403410251,0.3525664741475186,2.1240138065345318
126.625,inner_field_peaks,3.357577817469599e-10,3.3346885201728365e-10,8.559758964493592e-13,1.8033059315028503e-13,0.6863998588862552,-0.1110608728097949,1.4838605905823052
126.875,inner_field_peaks,3.1474046609753926e-10,3.135713427582232e-10,8.177177159279951e-13,5.771380319473885e-13,0.3728412580793483,-0.4304819145796213,1.176164430738318
127.125,inner_field_peaks,2.935653925733812e-10,2.9169961006867673e-10,1.185007223141614e-12,5.110602888299465e-13,0.6396246139188211,-0.5791674004062932,1.8584166282439356
127.375,inner_field_peaks,2.712876182479651e-10,2.685357689562593e-10,8.995057486671654e-13,1.5372433335923977e-12,1.0247607990554242,-0.7139189297234856,2.7634405278343337
127.625,inner_field_peaks,2.499374176402532e-10,2.4710005003298116e-10,5.081935035825731e-13,1.1744696879605687e-12,1.1482667069040886,-0.2947844402513864,2.5913178540595636
127.875,inner_field_peaks,2.2862062464542652e-10,2.2678908969871425e-10,9.6144039543649e-13,1.7042597650131123e-12,0.8075939407603094,-1.4656963247865387,3.0808842063071573
128.125,inner_field_peaks,2.0752466926911869e-10,2.0540311451815582e-10,1.0753359823207316e-12,1.5514345524376883e-12,1.0328737010340427,-1.3046259929217923,3.3703733949898775
128.375,inner_field_peaks,1.8691712859756937e-10,1.843475730070435e-10,9.143973462294645e-13,1.0828506272563004e-12,1.3938646159598278,-0.5178449537349767,3.305574185654632
128.625,inner_field_peaks,1.6650499861391246e-10,1.6435593646319294e-10,8.861220216716343e-13,1.6394535975883492e-12,1.307565882295214,-1.7198338477964121,4.33496561238684
128.875,inner_field_peaks,1.471553343221518e-10,1.4575073464584423e-10,8.045500687937822e-13,1.989503462282796e-12,0.9636998947007536,-3.1837422316245223,5.111142021026029
129.125,inner_field_peaks,1.3014974195571353e-10,1.2829988416824026e-10,8.431054842627852e-13,1.1751534851708901e-12,1.4418234275625164,-1.4195400845610218,4.3031869396860545
129.375,inner_field_peaks,1.1404058949772339e-10,1.1144977252917992e-10,8.769226864737792e-13,1.0965021404504883e-12,2.3246498487604628,-0.8466114593854802,5.495911156906406
129.625,inner_field_peaks,9.761026062198441e-11,9.662119088502281e-11,7.737821622663386e-13,1.0876457425556876e-12,1.0236571583334797,-2.475636447471662,4.5229507641386215
129.875,inner_field_peaks,8.363468135244417e-11,8.274187012723225e-11,5.025970483444215e-13,6.906292617646103e-13,1.0790319627040468,-1.5281403589041593,3.686204284312253
130.125,inner_field_peaks,7.164183801598804e-11,7.051303180774352e-11,4.951558265504938e-13,8.249610182763632e-13,1.6008476437692432,-1.977543544806027,5.179238832344513
130.375,inner_field_peaks,5.996186580566299e-11,6.004851821431014e-11,4.1115541568171086e-13,6.50489278491058e-13,-0.14430399154546913,-3.4212676118413077,3.1326596287503694
130.625,inner_field_peaks,4.999721564966902e-11,5.068882589900087e-11,2.3572295185285117e-13,6.01075370148264e-13,-1.364423493868061,-4.885478194833182,2.1566312070970595
130.875,inner_field_peaks,4.117399022200462e-11,4.221256036169721e-11,5.638100397469732e-13,4.551225532104502e-13,-2.4603343905075348,-6.676146638857655,1.7554778578425863
131.125,inner_field_peaks,3.4513244566583394e-11,3.502317667880562e-11,4.735954418844324e-13,3.7067527203953557e-13,-1.4559847523220593,-5.700856788556955,2.7888872839128367
131.375,inner_field_peaks,2.8125387454819622e-11,2.8568164509579218e-11,2.1446769891400087e-13,5.315396625484243e-13,-1.5498967552190046,-7.057069552390552,3.9572760419525435
131.625,inner_field_peaks,2.2965808304487677e-11,2.3284126066702058e-11,2.772836199161153e-13,3.993623516920511e-13,-1.3671020389706467,-6.5723260732763755,3.8381219953350825
131.875,inner_field_peaks,1.834702974225793e-11,1.8770433197299583e-11,8.592319586892531e-14,1.6491789539379161e-13,-2.2556935718594073,-4.8283923713212635,0.3170052276024484
132.125,inner_field_peaks,1.4565010133918912e-11,1.5323430087686148e-11,1.3682170559901458e-13,9.286915652950795e-14,-4.949413737180808,-7.66041941002965,-2.2384080643319657
132.375,inner_field_peaks,1.161962234665653e-11,1.2391210090941861e-11,9.907533963210121e-14,1.9024778547631796e-13,-6.22689582875664,-10.5459222484254,-1.9078694090878798
132.625,inner_field_peaks,8.675614702975268e-12,9.511110215749555e-12,2.6333756648412857e-13,2.2297124674213575e-13,-8.784416264999017,-17.478935905682693,-0.08989662431534151
132.875,inner_field_peaks,6.884486238606054e-12,7.322467614217737e-12,1.0986923879200269e-13,2.6736164935184227e-13,-5.981335783053144,-16.27818617818397,4.3155146120776795
133.125,inner_field_peaks,5.258916654306196e-12,5.82158937892864e-12,1.0822665220073276e-13,1.5368834225400504e-13,-9.665276748288864,-17.172396692007055,-2.158156804570674
133.375,inner_field_peaks,3.9207435220678375e-12,4.522548273916732e-12,1.2217673651138442e-13,1.9286107284481867e-13,-13.306762369342373,-24.76628121964216,-1.8472435190425878
133.625,inner_field_peaks,2.9572195636053693e-12,3.475287598474729e-12,1.4450097292435236e-13,1.3237612712465364e-13,-14.907198906264185,-27.995927985553028,-1.8184698269753414
133.875,inner_field_peaks,2.3723767579831405e-12,2.4833253471430367e-12,4.5753165997324643e-14,1.143030345402415e-13,-4.467742790429696,-17.67629113872003,8.740805557860634
134.125,inner_field_peaks,1.846689565513959e-12,1.7079981347069155e-12,4.4407721784747927e-14,6.263252994558648e-14,8.120116058021454,-3.9430201095940447,20.183252225636952
134.375,inner_field_peaks,1.3040988213246639e-12,1.3172213921629794e-12,7.195366214505978e-14,8.61376352189251e-14,-0.9962312270655804,-21.86668036033872,19.87421790620756
134.625,inner_field_peaks,9.690651805841435e-13,1.0177944956981438e-12,1.0181161661218686e-13,7.733063228021645e-14,-4.7877361608813835,-35.727543854598586,26.15207153283582
134.875,inner_field_peaks,7.981571028939861e-13,7.43679794544996e-13,7.748667125399e-14,5.700061056260722e-14,7.325371584462759,-25.586729012743127,40.23747218166864
135.125,inner_field_peaks,5.836279847639419e-13,5.278909336370027e-13,4.637782172030721e-14,3.790407537783316e-14,10.558440688292992,-18.486676591978817,39.6035579685648
135.375,inner_field_peaks,4.655501067005349e-13,4.137135577028143e-13,6.549339738548454e-14,4.4646365572904757e-14,12.529574637473374,-37.096522730993186,62.155672005939934
135.625,inner_field_peaks,3.3806506450449174e-13,3.412275334379297e-13,3.306918795915694e-14,2.6692410678993965e-14,-0.9267918393265351,-31.649848017042732,29.796264338389662
135.875,inner_field_peaks,1.8076515500140166e-13,1.4217912994271885e-13,4.271037937157797e-14,2.3594031734318962e-14,27.139021791896155,-65.25152067499302,119.52956425878534
136.125,inner_field_peaks,1.1943000392566252e-13,1.0107478998339198e-13,3.8994856195784986e-14,2.8442773543956e-14,18.160031740146643,-107.12620954553702,143.4462730258303
136.375,inner_field_peaks,9.171788792502532e-14,6.126477138139462e-14,1.8411797639041473e-14,2.097117271065204e-14,49.70738624657456,-104.48331592013156,203.89808841328065
136.625,inner_field_peaks,6.483107795705307e-14,4.895344455378598e-14,2.8411529149659e-14,1.0856937614382572e-14,32.434149523067916,-141.29231827316613,206.16061731930193
136.875,inner_field_peaks,6.816470055071022e-14,3.7316728829056733e-14,2.584536856586311e-14,2.4296489989005714e-14,82.6652621749462,-275.0160257252977,440.3465500751902
137.125,inner_field_peaks,3.6488636095465066e-14,3.317597641867977e-14,1.191393598371242e-15,2.2744770490176245e-14,9.9851158409918,-229.64202651329765,249.61225819528119
137.375,inner_field_peaks,2.533398510581385e-14,2.3818837126725334e-14,9.774892514266177e-15,1.6362894573559533e-14,6.361133295581767,-212.94151820390655,225.66378479507003
137.625,inner_field_peaks,1.0429295858299986e-14,1.4220858945230635e-14,1.0429295858299986e-14,1.3947880938676064e-14,-26.661983650447894,-278.04388559365333,224.71991829275754
137.875,inner_field_peaks,4.089892085132493e-15,2.666254874219079e-16,4.089892085132493e-15,3.6280747636235775e-17,1433.9464072542517,-3394.727528710627,6262.620343219131
138.125,inner_field_peaks,4.580630776645728e-15,2.458542892648609e-16,4.580630776645729e-15,2.1150529075901686e-17,1763.1486114569989,-4139.318044842579,7665.615267756577
138.375,inner_field_peaks,1.1652007985924897e-14,2.922904000780074e-16,1.1652007985924897e-14,2.979810647517616e-17,3886.4490872143497,-8720.328979417698,16493.227153846397
138.625,inner_field_peaks,1.9604890913297246e-15,3.315571636999069e-16,1.9604890913297246e-15,8.261663168835189e-17,491.29746118354643,-1332.6596030237292,2315.2545253908224
138.875,inner_field_peaks,0.0,2.718860121496234e-16,0.0,6.682301372115861e-17,-100.0,nan,nan
139.125,inner_field_peaks,0.0,2.436620392179653e-16,0.0,6.22254086796793e-17,-100.0,nan,nan
139.375,inner_field_peaks,0.0,2.3326258184584813e-16,0.0,3.8915162947253726e-17,-100.0,nan,nan
139.625,inner_field_peaks,0.0,2.46060851783888e-16,0.0,3.850781470261445e-17,-100.0,nan,nan
139.875,inner_field_peaks,0.0,2.1190154802793105e-16,0.0,3.3180838209837455e-17,-100.0,nan,nan
140.125,inner_field_peaks,0.0,2.305954936703016e-16,0.0,2.6338609269296334e-17,-100.0,nan,nan
140.375,inner_field_peaks,0.0,3.115015464614821e-16,0.0,2.943508854891117e-17,-100.0,nan,nan
140.625,inner_field_peaks,0.0,3.1416794284927646e-16,0.0,4.845274443066736e-17,-100.0,nan,nan
140.875,inner_field_peaks,0.0,2.9843158135959833e-16,0.0,5.222375524189516e-17,-100.0,nan,nan
141.125,inner_field_peaks,0.0,2.0526572031624488e-16,0.0,2.5513855437405564e-17,-100.0,nan,nan
141.375,inner_field_peaks,0.0,1.9426126364138923e-16,0.0,1.954543659884886e-17,-100.0,nan,nan
141.625,inner_field_peaks,0.0,2.502791922512643e-16,0.0,8.029903357117299e-18,-100.0,nan,nan
141.875,inner_field_peaks,0.0,1.8517387599784734e-16,0.0,3.47233422881048e-17,-100.0,nan,nan
142.125,inner_field_peaks,0.0,2.318795757997612e-16,0.0,2.3270133629937414e-17,-100.0,nan,nan
142.375,inner_field_peaks,0.0,2.21554476494935e-16,0.0,1.978966050401538e-17,-100.0,nan,nan
142.625,inner_field_peaks,0.0,2.2081591328297361e-16,0.0,1.4888527387533642e-17,-100.0,nan,nan
142.875,inner_field_peaks,0.0,2.151696468756508e-16,0.0,2.9303468609246317e-17,-100.0,nan,nan
143.125,inner_field_peaks,0.0,1.9359601788560217e-16,0.0,4.6013309195378316e-17,-100.0,nan,nan
143.375,inner_field_peaks,0.0,2.2235187508725986e-16,0.0,3.5663738673274354e-17,-100.0,nan,nan
143.625,inner_field_peaks,0.0,2.359085599543757e-16,0.0,3.3249180663614184e-17,-100.0,nan,nan
143.875,inner_field_peaks,0.0,2.2983319342476364e-16,0.0,4.081605139319082e-17,-100.0,nan,nan
144.125,inner_field_peaks,0.0,2.3943791513115003e-16,0.0,5.039641666165614e-17,-100.0,nan,nan
144.375,inner_field_peaks,0.0,2.1530544633476604e-16,0.0,1.680183323438969e-17,-100.0,nan,nan
144.625,inner_field_peaks,0.0,1.7241841961441565e-16,0.0,2.968834948316049e-17,-100.0,nan,nan
144.875,inner_field_peaks,0.0,1.7770102228081403e-16,0.0,4.512310187941981e-17,-100.0,nan,nan
145.125,inner_field_peaks,0.0,1.80064533013488e-16,0.0,1.2534249757511559e-17,-100.0,nan,nan
145.375,inner_field_peaks,0.0,1.808162127927196e-16,0.0,6.554442912308118e-17,-100.0,nan,nan
145.625,inner_field_peaks,0.0,1.9756118931338874e-16,0.0,5.609112443420396e-17,-100.0,nan,nan
145.875,inner_field_peaks,0.0,2.1588192237574947e-16,0.0,1.227017531847275e-17,-100.0,nan,nan
146.125,inner_field_peaks,0.0,1.8579050483250882e-16,0.0,2.4418898140333853e-17,-100.0,nan,nan
146.375,inner_field_peaks,0.0,1.457642667337495e-16,0.0,1.6585220517438374e-17,-100.0,nan,nan
146.625,inner_field_peaks,0.0,1.5982599959057035e-16,0.0,2.6317675342778273e-17,-100.0,nan,nan
146.875,inner_field_peaks,0.0,2.1429478189859054e-16,0.0,4.9181855636398637e-17,-100.0,nan,nan
147.125,inner_field_peaks,0.0,2.2226971332136997e-16,0.0,2.3489579362206743e-17,-100.0,nan,nan
147.375,inner_field_peaks,0.0,1.292317698150401e-16,0.0,2.4444391738094096e-17,-100.0,nan,nan
147.625,inner_field_peaks,0.0,1.5326544762715092e-16,0.0,2.632580928205088e-17,-100.0,nan,nan
147.875,inner_field_peaks,0.0,1.5163427032360517e-16,0.0,3.002601111308606e-17,-100.0,nan,nan
148.125,inner_field_peaks,0.0,1.85629065769787e-16,0.0,6.993629571683891e-17,-100.0,nan,nan
148.375,inner_field_peaks,0.0,1.75624908210307e-16,0.0,1.5499363096182088e-17,-100.0,nan,nan
148.625,inner_field_peaks,0.0,2.180120146193227e-16,0.0,5.61926059051551e-17,-100.0,nan,nan
148.875,inner_field_peaks,0.0,1.3724869778455633e-16,0.0,3.5512757620068296e-17,-100.0,nan,nan
149.125,inner_field_peaks,0.0,1.4168749498273637e-16,0.0,2.9795358508405335e-17,-100.0,nan,nan
149.375,inner_field_peaks,0.0,1.576843237270003e-16,0.0,5.083184754909209e-17,-100.0,nan,nan
149.625,inner_field_peaks,0.0,1.6877380757034123e-16,0.0,2.682159333426695e-17,-100.0,nan,nan
149.875,inner_field_peaks,0.0,2.0940352056838776e-16,0.0,2.7254503751705806e-17,-100.0,nan,nan
150.125,inner_field_peaks,0.0,1.7197417331483169e-16,0.0,3.760464969879565e-17,-100.0,nan,nan
150.375,inner_field_peaks,0.0,1.4996356392514085e-16,0.0,3.179857313392645e-17,-100.0,nan,nan
150.625,inner_field_peaks,0.0,1.6594524925891834e-16,0.0,3.072684631094241e-17,-100.0,nan,nan
150.875,inner_field_peaks,0.0,1.4358648061598039e-16,0.0,4.916812861839352e-17,-100.0,nan,nan
151.125,inner_field_peaks,0.0,1.7492414253569833e-16,0.0,5.342487857363862e-17,-100.0,nan,nan
151.375,inner_field_peaks,0.0,2.0983929206018619e-16,0.0,9.093652960029378e-17,-100.0,nan,nan
151.625,inner_field_peaks,0.0,1.1314944892480014e-16,0.0,2.478809897668754e-17,-100.0,nan,nan
151.875,inner_field_peaks,0.0,1.528013025326103e-16,0.0,4.796295460895628e-17,-100.0,nan,nan
152.125,inner_field_peaks,0.0,1.171899845749397e-16,0.0,2.0523748445782493e-17,-100.0,nan,nan
152.375,inner_field_peaks,0.0,1.285000027654537e-16,0.0,5.357932406812146e-17,-100.0,nan,nan
152.625,inner_field_peaks,0.0,1.7203597947142958e-16,0.0,3.1682080737050116e-17,-100.0,nan,nan
152.875,inner_field_peaks,0.0,1.348519255912082e-16,0.0,2.342660302765988e-17,-100.0,nan,nan
153.125,inner_field_peaks,0.0,1.6924512549932073e-16,0.0,1.624905665439927e-17,-100.0,nan,nan
153.375,inner_field_peaks,0.0,1.4774995187771856e-16,0.0,1.3394911306147843e-17,-100.0,nan,nan
153.625,inner_field_peaks,0.0,1.2171995848675102e-16,0.0,3.204906507442784e-17,-100.0,nan,nan
153.875,inner_field_peaks,0.0,1.4192723944871442e-16,0.0,2.419910187032629e-17,-100.0,nan,nan
154.125,inner_field_peaks,0.0,1.7960006035386776e-16,0.0,3.900022792657495e-17,-100.0,nan,nan
154.375,inner_field_peaks,0.0,9.924396879579755e-17,0.0,1.514051459132359e-17,-100.0,nan,nan
154.625,inner_field_peaks,0.0,1.0682976436235495e-16,0.0,2.4231724829605698e-17,-100.0,nan,nan
154.875,inner_field_peaks,0.0,1.7718206072263653e-16,0.0,3.0612079637769026e-17,-100.0,nan,nan
155.125,inner_field_peaks,0.0,7.875390165720063e-17,0.0,1.9066004696669253e-17,-100.0,nan,nan
155.375,inner_field_peaks,0.0,1.226161963671467e-16,0.0,3.2549538723692096e-17,-100.0,nan,nan
155.625,inner_field_peaks,0.0,1.2175442265598428e-16,0.0,2.622203115478763e-17,-100.0,nan,nan
155.875,inner_field_peaks,0.0,1.5088302884057562e-16,0.0,3.5595487404919656e-17,-100.0,nan,nan
156.125,inner_field_peaks,0.0,1.3467406005840062e-16,0.0,1.1553747124246961e-17,-100.0,nan,nan
156.375,inner_field_peaks,0.0,1.296663384223955e-16,0.0,9.582034354846391e-18,-100.0,nan,nan
156.625,inner_field_peaks,0.0,1.6529954240001689e-16,0.0,3.941779431868862e-17,-100.0,nan,nan
156.875,inner_field_peaks,0.0,1.3879918969814805e-16,0.0,2.6599978524951716e-17,-100.0,nan,nan
157.125,inner_field_peaks,0.0,8.528730595058557e-17,0.0,1.3027839018532098e-17,-100.0,nan,nan
157.375,inner_field_peaks,0.0,9.651849027946839e-17,0.0,1.3450316222521513e-17,-100.0,nan,nan
157.625,inner_field_peaks,0.0,1.4872053300083394e-16,0.0,2.3989820572653915e-17,-100.0,nan,nan
157.875,inner_field_peaks,0.0,1.461781388982113e-16,0.0,3.7531782095500474e-17,-100.0,nan,nan
158.125,inner_field_peaks,0.0,1.215878424789566e-16,0.0,1.8176731839510498e-17,-100.0,nan,nan
158.375,inner_field_peaks,0.0,1.156510117832737e-16,0.0,3.422998055835474e-17,-100.0,nan,nan
158.625,inner_field_peaks,0.0,1.2069054669626317e-16,0.0,6.104705770600933e-17,-100.0,nan,nan
158.875,inner_field_peaks,0.0,1.2596038436986904e-16,0.0,8.571948048161249e-18,-100.0,nan,nan
159.125,inner_field_peaks,0.0,6.802892089218792e-17,0.0,3.235848736506625e-17,-100.0,nan,nan
159.375,inner_field_peaks,0.0,1.2546220684277438e-16,0.0,4.2529015949168365e-17,-100.0,nan,nan
159.625,inner_field_peaks,0.0,1.1022413278819665e-16,0.0,2.1644413413680363e-17,-100.0,nan,nan
159.875,inner_field_peaks,0.0,1.332147890182538e-16,0.0,4.499259156832014e-17,-100.0,nan,nan
160.125,inner_field_peaks,0.0,1.1071436290509651e-16,0.0,3.801421804209172e-17,-100.0,nan,nan
160.375,inner_field_peaks,0.0,5.737603224132273e-17,0.0,2.3096701099515662e-17,-100.0,nan,nan
160.625,inner_field_peaks,0.0,1.600183516388871e-16,0.0,4.6399536814527954e-17,-100.0,nan,nan
160.875,inner_field_peaks,0.0,1.3525083829881645e-16,0.0,2.4589576297416258e-17,-100.0,nan,nan
161.125,inner_field_peaks,0.0,1.045050211532905e-16,0.0,1.4966050101409033e-17,-100.0,nan,nan
161.375,inner_field_peaks,0.0,1.31637574419956e-16,0.0,3.362452528798396e-17,-100.0,nan,nan
161.625,inner_field_peaks,0.0,1.3224110120349902e-16,0.0,2.868554563969949e-17,-100.0,nan,nan
161.875,inner_field_peaks,0.0,5.747555384931043e-17,0.0,3.594563288973244e-17,-100.0,nan,nan
162.125,inner_field_peaks,0.0,6.987062047595198e-17,0.0,2.3285783946888912e-17,-100.0,nan,nan
162.375,inner_field_peaks,0.0,1.0878676947695674e-16,0.0,2.6444192366197695e-17,-100.0,nan,nan
162.625,inner_field_peaks,0.0,9.187001958139648e-17,0.0,2.2232680613629175e-17,-100.0,nan,nan
162.875,inner_field_peaks,0.0,5.400020964670408e-17,0.0,1.492516091302671e-17,-100.0,nan,nan
163.125,inner_field_peaks,0.0,1.8186642163966404e-16,0.0,5.071470144678813e-17,-100.0,nan,nan
163.375,inner_field_peaks,0.0,1.3179321519337565e-16,0.0,1.3822373625953642e-17,-100.0,nan,nan
163.625,inner_field_peaks,0.0,1.1659469076430022e-16,0.0,3.511636287771117e-17,-100.0,nan,nan
163.875,inner_field_peaks,0.0,9.185173105984912e-17,0.0,2.857620859858735e-17,-100.0,nan,nan
164.125,inner_field_peaks,0.0,7.689318366359858e-17,0.0,2.883992479563708e-17,-100.0,nan,nan
164.375,inner_field_peaks,0.0,9.344048813825179e-17,0.0,1.8411745820657737e-17,-100.0,nan,nan
164.625,inner_field_peaks,0.0,1.017953115095307e-16,0.0,2.3323429697472103e-17,-100.0,nan,nan
164.875,inner_field_peaks,0.0,1.0348277313498548e-16,0.0,2.721319288911384e-17,-100.0,nan,nan
165.125,inner_field_peaks,0.0,1.1762179308258652e-16,0.0,5.567869302668338e-17,-100.0,nan,nan
165.375,inner_field_peaks,0.0,1.0059319270158736e-16,0.0,3.350521123444748e-17,-100.0,nan,nan
165.625,inner_field_peaks,0.0,1.203364677813663e-16,0.0,2.4073254332117014e-17,-100.0,nan,nan
165.875,inner_field_peaks,0.0,1.4471539809820854e-16,0.0,5.942591841184704e-17,-100.0,nan,nan
166.125,inner_field_peaks,0.0,1.1960889179101233e-16,0.0,2.14779078237208e-17,-100.0,nan,nan
166.375,inner_field_peaks,0.0,6.553763190460208e-17,0.0,2.725540946422696e-17,-100.0,nan,nan
166.625,inner_field_peaks,0.0,1.0269186405818202e-16,0.0,3.261134144005014e-17,-100.0,nan,nan
166.875,inner_field_peaks,0.0,5.60285531207638e-17,0.0,1.0930068099098431e-17,-100.0,nan,nan
167.125,inner_field_peaks,0.0,8.287455949362777e-17,0.0,2.6800275690462697e-17,-100.0,nan,nan
167.375,inner_field_peaks,0.0,9.805026070514093e-17,0.0,2.327961194863771e-17,-100.0,nan,nan
167.625,inner_field_peaks,0.0,8.21396008712303e-17,0.0,2.0871508421182788e-17,-100.0,nan,nan
167.875,inner_field_peaks,0.0,7.06162850721336e-17,0.0,1.2103234473523712e-17,-100.0,nan,nan
168.125,inner_field_peaks,0.0,1.1106079427042355e-16,0.0,4.756449373236561e-17,-100.0,nan,nan
168.375,inner_field_peaks,0.0,1.3913018488452072e-16,0.0,4.955173916134166e-17,-100.0,nan,nan
168.625,inner_field_peaks,0.0,7.647009566009302e-17,0.0,2.0219129623159156e-17,-100.0,nan,nan
168.875,inner_field_peaks,0.0,8.118919391049327e-17,0.0,1.2499843663760402e-17,-100.0,nan,nan
169.125,inner_field_peaks,0.0,1.0578672843853868e-16,0.0,3.844166629187827e-17,-100.0,nan,nan
169.375,inner_field_peaks,0.0,7.209283205277529e-17,0.0,2.969200495892175e-17,-100.0,nan,nan
169.625,inner_field_peaks,0.0,9.139983257094778e-17,0.0,3.519255111110033e-17,-100.0,nan,nan
169.875,inner_field_peaks,0.0,7.151220086575983e-17,0.0,1.1029528411061828e-17,-100.0,nan,nan
170.125,inner_field_peaks,0.0,6.319970237759552e-17,0.0,2.5960788696031955e-17,-100.0,nan,nan
170.375,inner_field_peaks,0.0,7.825785102884004e-17,0.0,1.749710343853598e-17,-100.0,nan,nan
170.625,inner_field_peaks,0.0,1.1114839787770908e-16,0.0,3.9622560723828215e-17,-100.0,nan,nan
170.875,inner_field_peaks,0.0,5.5144333524788695e-17,0.0,1.389802724304328e-17,-100.0,nan,nan
171.125,inner_field_peaks,0.0,4.925741013691468e-17,0.0,8.977351419560519e-18,-100.0,nan,nan
171.375,inner_field_peaks,0.0,9.121022783114556e-17,0.0,2.6292394541331283e-17,-100.0,nan,nan
171.625,inner_field_peaks,0.0,1.4247028256115472e-16,0.0,3.842489261675771e-17,-100.0,nan,nan
171.875,inner_field_peaks,0.0,8.532884757236875e-17,0.0,4.7564359241145866e-17,-100.0,nan,nan
172.125,inner_field_peaks,0.0,7.951406945344746e-17,0.0,4.997329271870546e-17,-100.0,nan,nan
172.375,inner_field_peaks,0.0,1.0940110255138535e-16,0.0,4.139614697197664e-17,-100.0,nan,nan
172.625,inner_field_peaks,0.0,1.4237502732857613e-16,0.0,5.80695298714019e-17,-100.0,nan,nan
172.875,inner_field_peaks,0.0,1.111718737007741e-16,0.0,5.1250556107333475e-17,-100.0,nan,nan
173.125,inner_field_peaks,0.0,5.825195618445445e-17,0.0,2.054207539440544e-17,-100.0,nan,nan
173.375,inner_field_peaks,0.0,1.0037393236770164e-16,0.0,2.1087389328120594e-17,-100.0,nan,nan
173.625,inner_field_peaks,0.0,1.2546179027595697e-16,0.0,5.701764541060633e-17,-100.0,nan,nan
173.875,inner_field_peaks,0.0,1.0502007938733473e-16,0.0,5.162781099067466e-17,-100.0,nan,nan
174.125,inner_field_peaks,0.0,7.447979648451197e-17,0.0,2.8364973083159623e-17,-100.0,nan,nan
174.375,inner_field_peaks,0.0,1.2584449322636076e-16,0.0,4.9856838596698596e-17,-100.0,nan,nan
174.625,inner_field_peaks,0.0,1.0340675322343156e-16,0.0,2.6731523780439525e-17,-100.0,nan,nan
174.875,inner_field_peaks,0.0,8.541896772251262e-17,0.0,3.773898961999521e-17,-100.0,nan,nan
175.125,inner_field_peaks,0.0,7.526449856516329e-17,0.0,3.335334231148619e-17,-100.0,nan,nan
175.375,inner_field_peaks,0.0,1.160148710418238e-16,0.0,2.7709795538951602e-17,-100.0,nan,nan
175.625,inner_field_peaks,0.0,1.140607459189634e-16,0.0,4.39475700163349e-17,-100.0,nan,nan
175.875,inner_field_peaks,0.0,1.0155609949294757e-16,0.0,3.897972714531868e-17,-100.0,nan,nan
176.125,inner_field_peaks,0.0,1.1220642956470224e-16,0.0,3.001585132769717e-17,-100.0,nan,nan
176.375,inner_field_peaks,0.0,5.818200878015083e-17,0.0,1.2582646704902278e-17,-100.0,nan,nan
176.625,inner_field_peaks,0.0,1.129888658636097e-16,0.0,4.444370371428167e-17,-100.0,nan,nan
176.875,inner_field_peaks,0.0,6.179232935305183e-17,0.0,1.4738521994230817e-17,-100.0,nan,nan
177.125,inner_field_peaks,0.0,9.97339146474438e-17,0.0,4.744833241433963e-17,-100.0,nan,nan
177.375,inner_field_peaks,0.0,1.301037901619915e-16,0.0,5.2434559661429794e-17,-100.0,nan,nan
177.625,inner_field_peaks,0.0,1.2005009463544717e-16,0.0,3.105958631836123e-17,-100.0,nan,nan
177.875,inner_field_peaks,0.0,8.041397469652056e-17,0.0,3.609783699994573e-17,-100.0,nan,nan
178.125,inner_field_peaks,0.0,4.3543511165685656e-17,0.0,2.4676982455693777e-17,-100.0,nan,nan
178.375,inner_field_peaks,0.0,8.845112441671909e-17,0.0,5.601552744010678e-17,-100.0,nan,nan
178.625,inner_field_peaks,0.0,4.356001322997415e-17,0.0,2.5875549492730817e-17,-100.0,nan,nan
178.875,inner_field_peaks,0.0,6.039350027211936e-17,0.0,1.2981395209584114e-17,-100.0,nan,nan
179.125,inner_field_peaks,0.0,6.146148462165376e-17,0.0,4.224847315898582e-17,-100.0,nan,nan
179.375,inner_field_peaks,0.0,7.598773790228278e-17,0.0,2.939858483026541e-17,-100.0,nan,nan
179.625,inner_field_peaks,0.0,4.893387497299636e-17,0.0,5.79641543160433e-18,-100.0,nan,nan
179.875,inner_field_peaks,0.0,6.833742330200402e-17,0.0,3.585839394542265e-17,-100.0,nan,nan
180.125,inner_field_peaks,0.0,8.314772191459951e-17,0.0,2.1866110066817584e-17,-100.0,nan,nan
180.375,inner_field_peaks,0.0,1.086663439049964e-16,0.0,2.181660918339618e-17,-100.0,nan,nan
180.625,inner_field_peaks,0.0,1.2891452511639185e-16,0.0,7.106568713461761e-17,-100.0,nan,nan
180.875,inner_field_peaks,0.0,1.1444082715266998e-16,0.0,4.098087779416481e-17,-100.0,nan,nan
181.125,inner_field_peaks,0.0,1.3105706404076557e-16,0.0,5.228828452707135e-17,-100.0,nan,nan
181.375,inner_field_peaks,0.0,9.220906412186693e-17,0.0,3.5647895098686876e-17,-100.0,nan,nan
181.625,inner_field_peaks,0.0,1.004986160480295e-16,0.0,4.240991382459434e-17,-100.0,nan,nan
181.875,inner_field_peaks,0.0,6.784880851978447e-17,0.0,2.985846831287411e-17,-100.0,nan,nan
182.125,inner_field_peaks,0.0,9.027305800634144e-17,0.0,2.2281975551285226e-17,-100.0,nan,nan
182.375,inner_field_peaks,0.0,8.16402333879067e-17,0.0,2.573951092946556e-17,-100.0,nan,nan
182.625,inner_field_peaks,0.0,4.92324187666261e-17,0.0,1.8060422361414638e-17,-100.0,nan,nan
182.875,inner_field_peaks,0.0,4.57876329320466e-17,0.0,3.3324489901221035e-17,-100.0,nan,nan
183.125,inner_field_peaks,0.0,8.552293517724329e-17,0.0,2.2379145773157343e-17,-100.0,nan,nan
183.375,inner_field_peaks,0.0,3.9934997391788895e-17,0.0,8.427479942622057e-18,-100.0,nan,nan
183.625,inner_field_peaks,0.0,9.16990143796887e-17,0.0,2.5377750523511455e-17,-100.0,nan,nan
183.875,inner_field_peaks,0.0,8.846532975117108e-17,0.0,2.188159683150269e-17,-100.0,nan,nan
184.125,inner_field_peaks,0.0,4.0765108872868186e-17,0.0,1.6308188107272927e-17,-100.0,nan,nan
184.375,inner_field_peaks,0.0,9.377075192462913e-17,0.0,5.1767322630561296e-17,-100.0,nan,nan
184.625,inner_field_peaks,0.0,9.082106993163843e-17,0.0,3.810524857882734e-17,-100.0,nan,nan
184.875,inner_field_peaks,0.0,4.993631486075834e-17,0.0,1.816602675281106e-17,-100.0,nan,nan
185.125,inner_field_peaks,0.0,2.720965467785855e-17,0.0,1.2613232575200454e-17,-100.0,nan,nan
185.375,inner_field_peaks,0.0,3.776809762446653e-17,0.0,1.537129938528115e-17,-100.0,nan,nan
185.625,inner_field_peaks,0.0,5.2945035484650776e-17,0.0,1.1183197233332408e-17,-100.0,nan,nan
185.875,inner_field_peaks,0.0,4.113796330143863e-17,0.0,1.068114314711208e-17,-100.0,nan,nan
186.125,inner_field_peaks,0.0,2.648077323634024e-17,0.0,8.590336413517484e-18,-100.0,nan,nan
186.375,inner_field_peaks,0.0,3.014682311231329e-17,0.0,1.2585898412020573e-17,-100.0,nan,nan
186.625,inner_field_peaks,0.0,6.469996738887874e-17,0.0,1.9280051530987178e-17,-100.0,nan,nan
186.875,inner_field_peaks,0.0,3.4451255111839245e-17,0.0,5.251370436372408e-18,-100.0,nan,nan
187.125,inner_field_peaks,0.0,8.697360036264604e-17,0.0,3.6610496735612477e-17,-100.0,nan,nan
187.375,inner_field_peaks,0.0,9.910412262780823e-17,0.0,3.1443999509083317e-17,-100.0,nan,nan
187.625,inner_field_peaks,0.0,9.241240151586228e-17,0.0,5.27452665584087e-17,-100.0,nan,nan
187.875,inner_field_peaks,0.0,5.952025185843546e-17,0.0,1.2952809955133762e-17,-100.0,nan,nan
188.125,inner_field_peaks,0.0,8.158859665157423e-17,0.0,3.267651835101163e-17,-100.0,nan,nan
188.375,inner_field_peaks,0.0,5.027896846312669e-17,0.0,1.5750899641871828e-17,-100.0,nan,nan
188.625,inner_field_peaks,0.0,7.823990993928095e-17,0.0,1.5485221515637598e-17,-100.0,nan,nan
188.875,inner_field_peaks,0.0,6.178805142610636e-17,0.0,1.951567430405166e-17,-100.0,nan,nan
189.125,inner_field_peaks,0.0,5.891960574824625e-17,0.0,1.7435919217585072e-17,-100.0,nan,nan
189.375,inner_field_peaks,0.0,2.129278958012959e-17,0.0,1.3848468539211679e-17,-100.0,nan,nan
189.625,inner_field_peaks,0.0,3.189365049827482e-17,0.0,1.6165422521413867e-17,-100.0,nan,nan
189.875,inner_field_peaks,0.0,7.800621577334236e-17,0.0,2.3616357058122912e-17,-100.0,nan,nan
190.125,inner_field_peaks,0.0,6.918200130861492e-17,0.0,2.962300954854476e-17,-100.0,nan,nan
190.375,inner_field_peaks,0.0,5.682063101633818e-17,0.0,2.4773387285776637e-17,-100.0,nan,nan
190.625,inner_field_peaks,0.0,3.748102954880126e-17,0.0,9.38945316726123e-18,-100.0,nan,nan
190.875,inner_field_peaks,0.0,2.9468204549084017e-17,0.0,1.830996729924826e-17,-100.0,nan,nan
191.125,inner_field_peaks,0.0,3.5306632977864434e-17,0.0,2.237360269928078e-17,-100.0,nan,nan
191.375,inner_field_peaks,0.0,5.81692891713836e-17,0.0,2.929091816484721e-17,-100.0,nan,nan
191.625,inner_field_peaks,0.0,7.110805056380355e-17,0.0,2.858199701969249e-17,-100.0,nan,nan
191.875,inner_field_peaks,0.0,4.8604635048157334e-17,0.0,2.378404368215187e-17,-100.0,nan,nan
192.125,inner_field_peaks,0.0,5.60782637614735e-17,0.0,2.5504663621308856e-17,-100.0,nan,nan
192.375,inner_field_peaks,0.0,2.2085322657756943e-17,0.0,1.1938832565879865e-17,-100.0,nan,nan
192.625,inner_field_peaks,0.0,3.8651799692279455e-17,0.0,2.0564291324618075e-17,-100.0,nan,nan
192.875,inner_field_peaks,0.0,1.1810071046959463e-16,0.0,2.485260640121619e-17,-100.0,nan,nan
193.125,inner_field_peaks,0.0,8.577716058475548e-17,0.0,2.894999966902718e-17,-100.0,nan,nan
193.375,inner_field_peaks,0.0,7.06388789505428e-17,0.0,4.3981103083351004e-17,-100.0,nan,nan
193.625,inner_field_peaks,0.0,1.2139268958765007e-16,0.0,6.869709882771274e-17,-100.0,nan,nan
193.875,inner_field_peaks,0.0,6.129738641359259e-17,0.0,1.3578347928975413e-17,-100.0,nan,nan
194.125,inner_field_peaks,0.0,3.970454477908605e-17,0.0,1.4747654074307297e-17,-100.0,nan,nan
194.375,inner_field_peaks,0.0,5.954826156785148e-17,0.0,2.7316498187911748e-17,-100.0,nan,nan
194.625,inner_field_peaks,0.0,5.2544253797847894e-17,0.0,2.7423000697191326e-17,-100.0,nan,nan
194.875,inner_field_peaks,0.0,2.9920647410116395e-17,0.0,7.33764748963665e-18,-100.0,nan,nan
195.125,inner_field_peaks,0.0,3.223175706385652e-17,0.0,2.3617026941809084e-17,-100.0,nan,nan
195.375,inner_field_peaks,0.0,2.6791415522431637e-17,0.0,1.7907914940638726e-17,-100.0,nan,nan
195.625,inner_field_peaks,0.0,5.3488199623151573e-17,0.0,3.62851576557701e-17,-100.0,nan,nan
195.875,inner_field_peaks,0.0,3.0845360660775177e-17,0.0,1.723702045080032e-17,-100.0,nan,nan
196.125,inner_field_peaks,0.0,3.8060012968743104e-17,0.0,1.4127078646325265e-17,-100.0,nan,nan
196.375,inner_field_peaks,0.0,3.6156970688935545e-17,0.0,2.0188133236471227e-17,-100.0,nan,nan
196.625,inner_field_peaks,0.0,7.034912052484443e-17,0.0,3.241158077370803e-17,-100.0,nan,nan
196.875,inner_field_peaks,0.0,4.3811557245075765e-17,0.0,2.0260967532812765e-17,-100.0,nan,nan
197.125,inner_field_peaks,0.0,3.2258794096440445e-17,0.0,9.841857512044854e-18,-100.0,nan,nan
197.375,inner_field_peaks,0.0,3.263599747118471e-17,0.0,1.6458054267323228e-17,-100.0,nan,nan
197.625,inner_field_peaks,0.0,3.674581768996006e-17,0.0,1.5147145020637535e-17,-100.0,nan,nan
197.875,inner_field_peaks,0.0,7.660780423779949e-17,0.0,4.563682341446821e-17,-100.0,nan,nan
198.125,inner_field_peaks,0.0,4.635472027224981e-17,0.0,1.9814565995209603e-17,-100.0,nan,nan
198.375,inner_field_peaks,0.0,7.740727207182395e-17,0.0,3.172312410244285e-17,-100.0,nan,nan
198.625,inner_field_peaks,0.0,4.7558081939608734e-17,0.0,1.7274270241560743e-17,-100.0,nan,nan
198.875,inner_field_peaks,0.0,8.225551038339537e-17,0.0,3.063773292604259e-17,-100.0,nan,nan
199.125,inner_field_peaks,0.0,5.1140466142195785e-17,0.0,4.5468850213054e-17,-100.0,nan,nan
199.375,inner_field_peaks,0.0,4.136497439536056e-17,0.0,2.172223602870141e-17,-100.0,nan,nan
199.625,inner_field_peaks,0.0,5.847459085694502e-17,0.0,1.2691199170313584e-17,-100.0,nan,nan
199.875,inner_field_peaks,0.0,1.3286132770198447e-16,0.0,1.4898753242986945e-17,-100.0,nan,nan
200.125,inner_field_peaks,0.0,6.875126837735563e-17,0.0,3.046601444657758e-17,-100.0,nan,nan
200.375,inner_field_peaks,0.0,6.772043561834661e-17,0.0,9.793721797483875e-18,-100.0,nan,nan
200.625,inner_field_peaks,0.0,1.5578877034848807e-16,0.0,9.755891555994891e-17,-100.0,nan,nan
200.875,inner_field_peaks,0.0,8.440518036753945e-17,0.0,2.2898695458123483e-17,-100.0,nan,nan
201.125,inner_field_peaks,0.0,6.413641287935205e-17,0.0,3.418378920478491e-17,-100.0,nan,nan
201.375,inner_field_peaks,0.0,2.3415506107932396e-17,0.0,1.5941652310624983e-17,-100.0,nan,nan
201.625,inner_field_peaks,0.0,5.885485301315218e-17,0.0,2.774239272744011e-17,-100.0,nan,nan
201.875,inner_field_peaks,0.0,4.206416827078941e-17,0.0,1.2159674774843099e-17,-100.0,nan,nan
202.125,inner_field_peaks,0.0,7.281595734936479e-17,0.0,2.1541644028292517e-17,-100.0,nan,nan
202.375,inner_field_peaks,0.0,6.444519424003739e-17,0.0,2.0495341728818254e-17,-100.0,nan,nan
202.625,inner_field_peaks,0.0,4.943486388216368e-17,0.0,1.8124559129795284e-17,-100.0,nan,nan
202.875,inner_field_peaks,0.0,4.232833468816074e-17,0.0,2.0677304021697297e-17,-100.0,nan,nan
203.125,inner_field_peaks,0.0,3.3168991291066886e-17,0.0,1.4772626377257426e-17,-100.0,nan,nan
203.375,inner_field_peaks,0.0,9.023958397378062e-17,0.0,5.423287855923255e-17,-100.0,nan,nan
203.625,inner_field_peaks,0.0,8.139744523160332e-17,0.0,3.645360943220754e-17,-100.0,nan,nan
203.875,inner_field_peaks,0.0,4.379272399165749e-17,0.0,2.898215487391272e-17,-100.0,nan,nan
204.125,inner_field_peaks,0.0,5.074063868882997e-17,0.0,1.657752050090997e-17,-100.0,nan,nan
204.375,inner_field_peaks,0.0,8.018873383170275e-17,0.0,3.451230416689582e-17,-100.0,nan,nan
204.625,inner_field_peaks,0.0,1.5344786092369874e-17,0.0,6.765676466314318e-18,-100.0,nan,nan
204.875,inner_field_peaks,0.0,4.824573487952219e-17,0.0,2.1986920295544523e-17,-100.0,nan,nan
205.125,inner_field_peaks,0.0,4.088148960141993e-17,0.0,1.711892498024059e-17,-100.0,nan,nan
205.375,inner_field_peaks,0.0,7.079808441528499e-17,0.0,3.520743751186192e-17,-100.0,nan,nan
205.625,inner_field_peaks,0.0,2.3813719917694272e-17,0.0,1.2019939818861338e-17,-100.0,nan,nan
205.875,inner_field_peaks,0.0,5.986733056420817e-17,0.0,3.0588930165714756e-17,-100.0,nan,nan
206.125,inner_field_peaks,0.0,5.81874691850209e-17,0.0,3.9436211547757426e-17,-100.0,nan,nan
206.375,inner_field_peaks,0.0,4.974724422804436e-17,0.0,9.552686331127962e-18,-100.0,nan,nan
206.625,inner_field_peaks,0.0,3.169859834559319e-17,0.0,2.4754053251107248e-17,-100.0,nan,nan
206.875,inner_field_peaks,0.0,1.0602162594033903e-17,0.0,6.121166900693608e-18,-100.0,nan,nan
207.125,inner_field_peaks,0.0,7.571458482009841e-17,0.0,3.980881474061623e-17,-100.0,nan,nan
207.375,inner_field_peaks,0.0,6.812283956258027e-17,0.0,2.0905406807103058e-17,-100.0,nan,nan
207.625,inner_field_peaks,0.0,2.432019072444528e-17,0.0,1.7832903850913847e-17,-100.0,nan,nan
207.875,inner_field_peaks,0.0,9.705032116297435e-17,0.0,5.4464825235416816e-17,-100.0,nan,nan
208.125,inner_field_peaks,0.0,4.262287353064419e-17,0.0,2.5140086283039137e-17,-100.0,nan,nan
208.375,inner_field_peaks,0.0,9.840257803664887e-17,0.0,4.3921532265979675e-17,-100.0,nan,nan
208.625,inner_field_peaks,0.0,6.56845921847273e-17,0.0,2.3259624912357126e-17,-100.0,nan,nan
208.875,inner_field_peaks,0.0,4.425088888012807e-17,0.0,2.1423850664867787e-17,-100.0,nan,nan
209.125,inner_field_peaks,0.0,5.782353934570656e-17,0.0,3.033291451773634e-17,-100.0,nan,nan
209.375,inner_field_peaks,0.0,3.624811735332565e-17,0.0,5.2065098042992146e-18,-100.0,nan,nan
209.625,inner_field_peaks,0.0,2.759445136615479e-17,0.0,1.1718489106857938e-17,-100.0,nan,nan
209.875,inner_field_peaks,0.0,7.272873306137024e-17,0.0,3.205325363667088e-17,-100.0,nan,nan
210.125,inner_field_peaks,0.0,8.80431137322104e-17,0.0,1.961456987385407e-17,-100.0,nan,nan
210.375,inner_field_peaks,0.0,1.5295841116629506e-17,0.0,8.215243486389048e-18,-100.0,nan,nan
210.625,inner_field_peaks,0.0,6.678312359564433e-17,0.0,1.847352263942565e-17,-100.0,nan,nan
210.875,inner_field_peaks,0.0,3.2793283593149744e-17,0.0,1.4401253057051e-17,-100.0,nan,nan
211.125,inner_field_peaks,0.0,8.852241867366273e-17,0.0,5.635641299873527e-17,-100.0,nan,nan
211.375,inner_field_peaks,0.0,5.834353253022327e-17,0.0,3.340126311338758e-17,-100.0,nan,nan
211.625,inner_field_peaks,0.0,7.28624448613001e-17,0.0,4.8025473587257394e-17,-100.0,nan,nan
211.875,inner_field_peaks,0.0,1.5317056976070497e-17,0.0,4.704022171636225e-18,-100.0,nan,nan
212.125,inner_field_peaks,0.0,2.1408320082918125e-17,0.0,1.8630712960002397e-17,-100.0,nan,nan
212.375,inner_field_peaks,0.0,3.495259733738254e-17,0.0,3.015810275166353e-17,-100.0,nan,nan
212.625,inner_field_peaks,0.0,5.691235441200918e-17,0.0,3.625480278878774e-17,-100.0,nan,nan
212.875,inner_field_peaks,0.0,1.9514399064448448e-17,0.0,1.3028909946396199e-17,-100.0,nan,nan
213.125,inner_field_peaks,0.0,1.0666026276968871e-16,0.0,6.881305453186014e-17,-100.0,nan,nan
213.375,inner_field_peaks,0.0,5.592640573355934e-17,0.0,3.491022337603203e-17,-100.0,nan,nan
213.625,inner_field_peaks,0.0,3.014765688371412e-17,0.0,1.315732921023568e-17,-100.0,nan,nan
213.875,inner_field_peaks,0.0,3.9715661060114136e-17,0.0,3.171585975318076e-17,-100.0,nan,nan
214.125,inner_field_peaks,0.0,7.246498722674901e-17,0.0,3.566460290814188e-17,-100.0,nan,nan
214.375,inner_field_peaks,0.0,9.486486734023728e-18,0.0,8.966064443904278e-18,-100.0,nan,nan
214.625,inner_field_peaks,0.0,4.545812871474174e-17,0.0,2.449990806576393e-17,-100.0,nan,nan
214.875,inner_field_peaks,0.0,4.672771442338921e-17,0.0,2.8508703923340215e-17,-100.0,nan,nan
215.125,inner_field_peaks,0.0,6.327327416861605e-17,0.0,6.072998403251556e-17,-100.0,nan,nan
215.375,inner_field_peaks,0.0,2.4371615374191096e-17,0.0,1.3644512554676582e-17,-100.0,nan,nan
215.625,inner_field_peaks,0.0,6.338530267447122e-17,0.0,1.676932167080515e-17,-100.0,nan,nan
215.875,inner_field_peaks,0.0,3.504513982039086e-17,0.0,1.0775195228771866e-17,-100.0,nan,nan
216.125,inner_field_peaks,0.0,8.184562622842443e-17,0.0,5.199791900337263e-17,-100.0,nan,nan
216.375,inner_field_peaks,0.0,1.1363074362038724e-16,0.0,5.4389858996472406e-17,-100.0,nan,nan
216.625,inner_field_peaks,0.0,8.080712511273036e-17,0.0,3.070634353013307e-17,-100.0,nan,nan
216.875,inner_field_peaks,0.0,6.27279199178106e-17,0.0,3.637170741364439e-17,-100.0,nan,nan
217.125,inner_field_peaks,0.0,1.1174209679107845e-17,0.0,9.648848949935905e-18,-100.0,nan,nan
217.375,inner_field_peaks,0.0,6.271280542203941e-17,0.0,8.111816396422336e-18,-100.0,nan,nan
217.625,inner_field_peaks,0.0,1.1120980853170421e-16,0.0,5.71753306169539e-17,-100.0,nan,nan
217.875,inner_field_peaks,0.0,5.678969367754954e-17,0.0,2.803444994707623e-17,-100.0,nan,nan
218.125,inner_field_peaks,0.0,3.906950320798675e-17,0.0,2.1589431854164945e-17,-100.0,nan,nan
218.375,inner_field_peaks,0.0,8.44987984349074e-17,0.0,4.9164588768689033e-17,-100.0,nan,nan
218.625,inner_field_peaks,0.0,4.88789846191877e-17,0.0,1.8778555790186267e-17,-100.0,nan,nan
218.875,inner_field_peaks,0.0,3.413344357276361e-17,0.0,9.102151480134418e-18,-100.0,nan,nan
219.125,inner_field_peaks,0.0,1.39413774132095e-17,0.0,5.2840272226423515e-18,-100.0,nan,nan
219.375,inner_field_peaks,0.0,2.597995692657833e-17,0.0,7.096984361208807e-18,-100.0,nan,nan
219.625,inner_field_peaks,0.0,1.3044242526915671e-17,0.0,6.9068987445830794e-18,-100.0,nan,nan
219.875,inner_field_peaks,0.0,3.459955830191526e-17,0.0,2.028893825144062e-17,-100.0,nan,nan
220.125,inner_field_peaks,0.0,2.829091430970378e-17,0.0,1.5120152885913987e-17,-100.0,nan,nan
220.375,inner_field_peaks,0.0,6.010460452655807e-18,0.0,3.234924443731427e-18,-100.0,nan,nan
220.625,inner_field_peaks,0.0,3.449136567145804e-17,0.0,3.449136567145804e-17,-100.0,nan,nan
220.875,inner_field_peaks,0.0,3.296220829858134e-17,0.0,1.8265565568545594e-17,-100.0,nan,nan
221.125,inner_field_peaks,0.0,5.774846547329332e-17,0.0,1.4643545304548968e-17,-100.0,nan,nan
221.375,inner_field_peaks,0.0,6.310754614958323e-17,0.0,3.1951970116365344e-17,-100.0,nan,nan
221.625,inner_field_peaks,0.0,6.285940195034275e-17,0.0,5.294446237493925e-17,-100.0,nan,nan
221.875,inner_field_peaks,0.0,7.758550253632047e-17,0.0,2.4714429071553263e-17,-100.0,nan,nan
222.125,inner_field_peaks,0.0,4.7123297910848176e-17,0.0,2.386457139528692e-17,-100.0,nan,nan
222.375,inner_field_peaks,0.0,2.635172761934267e-17,0.0,9.830787518287895e-18,-100.0,nan,nan
222.625,inner_field_peaks,0.0,5.548582744139434e-17,0.0,2.4260409337656892e-17,-100.0,nan,nan
222.875,inner_field_peaks,0.0,9.501143348895656e-17,0.0,3.112245342348826e-17,-100.0,nan,nan
223.125,inner_field_peaks,0.0,4.5417822637995516e-17,0.0,2.1726083794919438e-17,-100.0,nan,nan
223.375,inner_field_peaks,0.0,1.782517725769332e-17,0.0,1.3049807907985092e-17,-100.0,nan,nan
223.625,inner_field_peaks,0.0,1.3013320602631899e-17,0.0,6.162551133900675e-18,-100.0,nan,nan
223.875,inner_field_peaks,0.0,6.204955730701129e-17,0.0,2.2749022809633616e-17,-100.0,nan,nan
224.125,inner_field_peaks,0.0,6.079595605078336e-17,0.0,1.7194501364835424e-17,-100.0,nan,nan
224.375,inner_field_peaks,0.0,1.3134703891825975e-17,0.0,7.898460434988329e-18,-100.0,nan,nan
224.625,inner_field_peaks,0.0,3.279105037185064e-17,0.0,1.5703645277342566e-17,-100.0,nan,nan
224.875,inner_field_peaks,0.0,4.828360400461181e-17,0.0,1.830571089080289e-17,-100.0,nan,nan
225.125,inner_field_peaks,0.0,1.1711988370171892e-17,0.0,8.938419661052321e-18,-100.0,nan,nan
225.375,inner_field_peaks,0.0,9.177410079715813e-18,0.0,8.220060428484607e-18,-100.0,nan,nan
225.625,inner_field_peaks,0.0,6.575063088324887e-17,0.0,2.4588011331537723e-17,-100.0,nan,nan
225.875,inner_field_peaks,0.0,1.2607004639322279e-16,0.0,6.281898503407972e-17,-100.0,nan,nan
226.125,inner_field_peaks,0.0,7.894792245010932e-17,0.0,2.79478784605212e-17,-100.0,nan,nan
226.375,inner_field_peaks,0.0,7.792540887800675e-17,0.0,3.721947436069446e-17,-100.0,nan,nan
226.625,inner_field_peaks,0.0,1.3021749815331464e-16,0.0,9.010213479073976e-17,-100.0,nan,nan
226.875,inner_field_peaks,0.0,2.7677768165603486e-18,0.0,2.7677768165603486e-18,-100.0,nan,nan
227.125,inner_field_peaks,0.0,2.3021611289273294e-17,0.0,1.3120830839379243e-17,-100.0,nan,nan
227.375,inner_field_peaks,0.0,8.345094701817347e-17,0.0,4.156073116939919e-17,-100.0,nan,nan
227.625,inner_field_peaks,0.0,9.867186777166552e-17,0.0,2.9334501098242246e-17,-100.0,nan,nan
227.875,inner_field_peaks,0.0,8.258705467930456e-17,0.0,2.4610371662210695e-17,-100.0,nan,nan
228.125,inner_field_peaks,0.0,7.143129448590631e-17,0.0,3.947367780289292e-17,-100.0,nan,nan
228.375,inner_field_peaks,0.0,1.719788680338057e-17,0.0,7.40006551549361e-18,-100.0,nan,nan
228.625,inner_field_peaks,0.0,3.3165391229641444e-17,0.0,9.89925902348833e-18,-100.0,nan,nan
228.875,inner_field_peaks,0.0,8.426097768389128e-17,0.0,3.238074229401366e-17,-100.0,nan,nan
229.125,inner_field_peaks,0.0,1.4350166586766322e-17,0.0,1.402264260617985e-17,-100.0,nan,nan
229.375,inner_field_peaks,0.0,4.598576370594491e-17,0.0,2.085894672963731e-17,-100.0,nan,nan
229.625,inner_field_peaks,0.0,5.7772309311247214e-18,0.0,5.065375199425117e-18,-100.0,nan,nan
229.875,inner_field_peaks,0.0,5.163970816648703e-17,0.0,3.2104069709106094e-17,-100.0,nan,nan
230.125,inner_field_peaks,0.0,5.024233266982677e-17,0.0,2.9635434997980105e-17,-100.0,nan,nan
230.375,inner_field_peaks,0.0,1.6132158383600345e-17,0.0,7.872440328189861e-18,-100.0,nan,nan
230.625,inner_field_peaks,0.0,6.194409283215889e-17,0.0,1.5114765098077766e-17,-100.0,nan,nan
230.875,inner_field_peaks,0.0,2.8653230663859145e-17,0.0,1.579831635252736e-17,-100.0,nan,nan
231.125,inner_field_peaks,0.0,2.6547302283231485e-17,0.0,2.0913427929272026e-17,-100.0,nan,nan
231.375,inner_field_peaks,0.0,2.4294093149057776e-17,0.0,1.611521498012052e-17,-100.0,nan,nan
231.625,inner_field_peaks,0.0,1.2720637451887405e-17,0.0,1.0781999485855871e-17,-100.0,nan,nan
231.875,inner_field_peaks,0.0,4.53147700027641e-17,0.0,3.1024240790803775e-17,-100.0,nan,nan
232.125,inner_field_peaks,0.0,6.693474805771107e-17,0.0,2.7498461860960032e-17,-100.0,nan,nan
232.375,inner_field_peaks,0.0,4.9905915286745506e-18,0.0,4.9905915286745506e-18,-100.0,nan,nan
232.625,inner_field_peaks,0.0,3.20135011675489e-17,0.0,2.139518575950736e-17,-100.0,nan,nan
232.875,inner_field_peaks,0.0,5.958297835918045e-18,0.0,5.167419544671251e-18,-100.0,nan,nan
233.125,inner_field_peaks,0.0,2.862485502823782e-17,0.0,2.3401736647219616e-17,-100.0,nan,nan
233.375,inner_field_peaks,0.0,1.0724646228851933e-17,0.0,6.414213470257012e-18,-100.0,nan,nan
233.625,inner_field_peaks,0.0,1.2762777946890991e-17,0.0,1.0834267687291177e-17,-100.0,nan,nan
233.875,inner_field_peaks,0.0,1.7220156499361144e-18,0.0,5.66796502338497e-19,-100.0,nan,nan
234.125,inner_field_peaks,0.0,3.1032456419231985e-17,0.0,1.7127828612600223e-17,-100.0,nan,nan
234.375,inner_field_peaks,0.0,1.4376471826730232e-17,0.0,1.2293088337303087e-17,-100.0,nan,nan
234.625,inner_field_peaks,0.0,4.2944665931249096e-17,0.0,2.4758981355714134e-17,-100.0,nan,nan
234.875,inner_field_peaks,0.0,7.4077018616089e-17,0.0,3.25018232156032e-17,-100.0,nan,nan
235.125,inner_field_peaks,0.0,7.088952491042195e-17,0.0,1.8596995990243956e-17,-100.0,nan,nan
235.375,inner_field_peaks,0.0,4.9880347567337353e-17,0.0,3.466900186096779e-17,-100.0,nan,nan
235.625,inner_field_peaks,0.0,4.10132001156088e-17,0.0,3.256093708814969e-17,-100.0,nan,nan
235.875,inner_field_peaks,0.0,6.036877220351721e-17,0.0,4.4301153241886434e-17,-100.0,nan,nan
236.125,inner_field_peaks,0.0,3.4132974990151146e-17,0.0,1.978579918635998e-17,-100.0,nan,nan
236.375,inner_field_peaks,0.0,2.711599319457126e-17,0.0,1.8778503491231607e-17,-100.0,nan,nan
236.625,inner_field_peaks,0.0,3.1196580596326816e-17,0.0,2.2363027456940328e-17,-100.0,nan,nan
236.875,inner_field_peaks,0.0,1.0642704931188833e-17,0.0,7.224650128428586e-18,-100.0,nan,nan
237.125,inner_field_peaks,0.0,2.3333118788628522e-17,0.0,1.3433181633505089e-17,-100.0,nan,nan
237.375,inner_field_peaks,0.0,7.759081935216528e-17,0.0,1.146340922164104e-17,-100.0,nan,nan
237.625,inner_field_peaks,0.0,5.135156921795834e-17,0.0,2.980900953356946e-17,-100.0,nan,nan
237.875,inner_field_peaks,0.0,3.5818904521344635e-18,0.0,1.7468398341248716e-18,-100.0,nan,nan
238.125,inner_field_peaks,0.0,2.1630737852692358e-17,0.0,2.0971411785012883e-17,-100.0,nan,nan
238.375,inner_field_peaks,0.0,2.070742082324157e-17,0.0,1.6999658200614048e-17,-100.0,nan,nan
238.625,inner_field_peaks,0.0,3.5100726068566705e-17,0.0,3.323521087571586e-17,-100.0,nan,nan
238.875,inner_field_peaks,0.0,5.478351139255681e-17,0.0,2.0746083540477016e-17,-100.0,nan,nan
239.125,inner_field_peaks,0.0,3.3269874549360207e-17,0.0,1.9586193078028873e-17,-100.0,nan,nan
239.375,inner_field_peaks,0.0,7.208618222231751e-17,0.0,4.968603752294762e-17,-100.0,nan,nan
239.625,inner_field_peaks,0.0,7.385238359507448e-17,0.0,5.352707930121124e-17,-100.0,nan,nan
239.875,inner_field_peaks,0.0,6.302593582854951e-17,0.0,1.8086015364631553e-17,-100.0,nan,nan
240.125,inner_field_peaks,0.0,2.905515391191268e-17,0.0,1.8853909770737373e-17,-100.0,nan,nan
240.375,inner_field_peaks,0.0,3.938594046301122e-17,0.0,3.90717215772274e-17,-100.0,nan,nan
240.625,inner_field_peaks,0.0,2.7771442595540243e-17,0.0,9.708758700561405e-18,-100.0,nan,nan
240.875,inner_field_peaks,0.0,1.5040833509068362e-17,0.0,1.1611354553477196e-17,-100.0,nan,nan
241.125,inner_field_peaks,0.0,3.0669467871687794e-17,0.0,1.712943388866468e-17,-100.0,nan,nan
241.375,inner_field_peaks,0.0,3.4048920215738435e-17,0.0,1.8812547352623133e-17,-100.0,nan,nan
241.625,inner_field_peaks,0.0,1.6660456842756475e-17,0.0,9.90593505582005e-18,-100.0,nan,nan
241.875,inner_field_peaks,0.0,1.496938081112415e-17,0.0,7.515261399672947e-18,-100.0,nan,nan
242.125,inner_field_peaks,0.0,5.646271769041382e-17,0.0,2.5839353608387142e-17,-100.0,nan,nan
242.375,inner_field_peaks,0.0,4.1171538260466405e-17,0.0,1.666058296802679e-17,-100.0,nan,nan
242.625,inner_field_peaks,0.0,3.0242060642899784e-18,0.0,9.463589022519124e-19,-100.0,nan,nan
242.875,inner_field_peaks,0.0,1.5101305750208857e-17,0.0,9.171237407290625e-18,-100.0,nan,nan
243.125,inner_field_peaks,0.0,3.84075131620964e-17,0.0,1.5257218979493648e-17,-100.0,nan,nan
243.375,inner_field_peaks,0.0,3.071202355633288e-17,0.0,1.0785500684946519e-17,-100.0,nan,nan
243.625,inner_field_peaks,0.0,2.3180214704919787e-17,0.0,1.4225235308738724e-17,-100.0,nan,nan
243.875,inner_field_peaks,0.0,2.793690026557252e-17,0.0,1.6454707928262038e-17,-100.0,nan,nan
244.125,inner_field_peaks,0.0,2.4642892946058562e-17,0.0,1.679961246364425e-17,-100.0,nan,nan
244.375,inner_field_peaks,0.0,6.856340728776013e-17,0.0,2.660758034024225e-17,-100.0,nan,nan
244.625,inner_field_peaks,0.0,1.1307541858402331e-16,0.0,6.301498934752878e-17,-100.0,nan,nan
244.875,inner_field_peaks,0.0,5.869682095610643e-17,0.0,2.638883918369887e-17,-100.0,nan,nan
245.125,inner_field_peaks,0.0,4.5853136383224116e-17,0.0,2.6050751014886003e-17,-100.0,nan,nan
245.375,inner_field_peaks,0.0,4.7266012108480683e-17,0.0,2.175566703963796e-17,-100.0,nan,nan
245.625,inner_field_peaks,0.0,0.0,0.0,0.0,nan,nan,nan
245.875,inner_field_peaks,0.0,1.9672037436524462e-17,0.0,9.516289775202252e-18,-100.0,nan,nan
246.125,inner_field_peaks,0.0,5.85918569123053e-17,0.0,3.3912082309765626e-17,-100.0,nan,nan
246.375,inner_field_peaks,0.0,2.055467166684144e-17,0.0,1.9289823546438834e-17,-100.0,nan,nan
246.625,inner_field_peaks,0.0,9.104003932465437e-18,0.0,8.077425298334895e-18,-100.0,nan,nan
246.875,inner_field_peaks,0.0,1.2919900800764171e-17,0.0,1.2919900800764171e-17,-100.0,nan,nan
247.125,inner_field_peaks,0.0,2.570230285879564e-18,0.0,9.30495288892553e-19,-100.0,nan,nan
247.375,inner_field_peaks,0.0,4.868854879656687e-17,0.0,1.908308528424254e-17,-100.0,nan,nan
247.625,inner_field_peaks,0.0,1.3374244745532893e-17,0.0,5.785477364971047e-18,-100.0,nan,nan
247.875,inner_field_peaks,0.0,6.735937150175632e-17,0.0,2.4554814861662888e-17,-100.0,nan,nan
248.125,inner_field_peaks,0.0,3.5331957277940703e-19,0.0,2.298143195288906e-19,-100.0,nan,nan
248.375,inner_field_peaks,0.0,1.2615152425026166e-17,0.0,1.2615152425026166e-17,-100.0,nan,nan
248.625,inner_field_peaks,0.0,1.8746290486787032e-17,0.0,1.1172655539804974e-17,-100.0,nan,nan
248.875,inner_field_peaks,0.0,2.0394358243143863e-17,0.0,1.9653779915058234e-17,-100.0,nan,nan
249.125,inner_field_peaks,0.0,1.3358403308149212e-18,0.0,7.859545270268539e-19,-100.0,nan,nan
249.375,inner_field_peaks,0.0,9.730599700180315e-18,0.0,9.730599700180316e-18,-100.0,nan,nan
249.625,inner_field_peaks,0.0,5.438997564411867e-17,0.0,2.6149570222562816e-17,-100.0,nan,nan
249.875,inner_field_peaks,0.0,6.0625586823734175e-16,0.0,6.980923176032952e-17,-100.0,nan,nan
0.125,inner_field_valleys,3.275240357180775e-11,3.405372643362204e-11,2.0854670987451475e-13,1.9626174378887462e-13,-3.821381675661395,-5.847404484150414,-1.795358867172376
0.375,inner_field_valleys,3.277268413520923e-11,3.3333266163413945e-11,2.621995281112886e-13,1.2960707770106897e-13,-1.6817494735034466,-4.0363057345998525,0.6728067875929593
0.625,inner_field_valleys,3.277330420216997e-11,3.318154713101481e-11,2.927512365340971e-13,1.44232049351598e-13,-1.2303312055731541,-3.871242678203063,1.4105802670567542
0.875,inner_field_valleys,3.274811084102786e-11,3.302078633177425e-11,3.2327969015785847e-13,7.224210078758245e-14,-0.8257692230787539,-3.8618104658421997,2.2102720196846914
1.125,inner_field_valleys,3.266308905520216e-11,3.2956683997798356e-11,3.4277019564844335e-13,1.5783847221170455e-13,-0.8908509806866638,-4.006933731345376,2.2252317699720487
1.375,inner_field_valleys,3.243183226897128e-11,3.266402801374271e-11,3.378652827647311e-13,1.7814511780618123e-13,-0.7108607201590122,-3.808339123778829,2.3866176834608046
1.625,inner_field_valleys,3.2270822148179666e-11,3.251213131407996e-11,3.792221809113978e-13,1.578075092054904e-13,-0.7422126946066698,-4.247879629447373,2.7634542402340325
1.875,inner_field_valleys,3.2078100126134945e-11,3.2490601500756855e-11,4.020737523981501e-13,1.4718920982440474e-13,-1.269602148215998,-5.012341137881278,2.473136841449282
2.125,inner_field_valleys,3.213386801487811e-11,3.234339633056355e-11,3.4507603312326587e-13,5.424615743408718e-14,-0.6478240984464589,-3.9957425321209015,2.7000943352279836
2.375,inner_field_valleys,3.204694133240048e-11,3.230683064345983e-11,3.3360435051659605e-13,9.768439756501663e-14,-0.8044407510210627,-3.964785621732507,2.3559041196903814
2.625,inner_field_valleys,3.205239567949792e-11,3.2221005681178754e-11,3.015268173904312e-13,1.210742168169138e-13,-0.5232921757601261,-3.3398614816699643,2.293277130149712
2.875,inner_field_valleys,3.2068809774601604e-11,3.2195506628761865e-11,3.3674923764118734e-13,1.8622271787942224e-13,-0.3935234056763548,-3.530195564589892,2.7431487532371825
3.125,inner_field_valleys,3.191625443866575e-11,3.2236851731576513e-11,4.142490370350708e-13,1.7066940842062217e-13,-0.9945055912415013,-4.858645263336345,2.8696340808533423
3.375,inner_field_valleys,3.1850265029502395e-11,3.218657979089214e-11,3.3927363148794297e-13,1.431116564884054e-13,-1.0448912670271038,-4.211679778397037,2.121897244342829
3.625,inner_field_valleys,3.1676363926601856e-11,3.2132282725612e-11,2.973823638856131e-13,1.584578651947795e-13,-1.4188808274325893,-4.190513620379576,1.3527519655143982
3.875,inner_field_valleys,3.160069189368221e-11,3.2096033256342104e-11,2.7293621769944314e-13,2.2577410435740337e-13,-1.5433102237393026,-4.253772159900507,1.1671517124219013
4.125,inner_field_valleys,3.1500673087605343e-11,3.2093623032223053e-11,3.417175499551586e-13,1.4887452198402283e-13,-1.847563124993301,-5.043578665466556,1.348452415479954
4.375,inner_field_valleys,3.1541296710589376e-11,3.207716298868911e-11,3.430305483148611e-13,6.760009704475107e-14,-1.670553840090816,-5.004268578548185,1.6631608983665531
4.625,inner_field_valleys,3.149457649408726e-11,3.208150107841194e-11,2.5384756480964703e-13,5.5899135849062584e-14,-1.8294798079745322,-4.285807769664757,0.6268481537156922
4.875,inner_field_valleys,3.1369013171384995e-11,3.1982066970057425e-11,1.9928346400890006e-13,1.2024867220246114e-13,-1.9168673470866926,-3.792935890554712,-0.04079880361867322
5.125,inner_field_valleys,3.1308060047026456e-11,3.1906037497298745e-11,1.87935871428957e-13,4.726702076384199e-14,-1.874182747772779,-3.6919808537812355,-0.056384641764322535
5.375,inner_field_valleys,3.13557961922689e-11,3.1714465670255e-11,1.894248962731243e-13,1.1345938526556234e-13,-1.1309333782107522,-2.929318502979536,0.6674517465580315
5.625,inner_field_valleys,3.130109232811433e-11,3.1519809792994405e-11,1.3249857559876752e-13,9.82033502738528e-14,-0.6939047739072612,-1.9989373748266286,0.611127827012106
5.875,inner_field_valleys,3.136800589547622e-11,3.1372485925321266e-11,2.1947285859100215e-13,1.5754717656366353e-13,-0.014280123850274329,-2.1747705135047863,2.1462102658042377
6.125,inner_field_valleys,3.125596942220875e-11,3.150461766297128e-11,2.566059290462905e-13,2.0463653525899462e-13,-0.7892437972823796,-3.3635632231472097,1.7850756285824505
6.375,inner_field_valleys,3.120268327502682e-11,3.159414486870244e-11,2.1373710663867462e-13,1.865956375141789e-13,-1.2390320906055297,-3.436251203012872,0.958187021801812
6.625,inner_field_valleys,3.1197590315228067e-11,3.152520686508406e-11,1.701268432649272e-13,1.9585192948791463e-13,-1.0392209359896376,-3.0490959262174724,0.9706540542381972
6.875,inner_field_valleys,3.1277212586802405e-11,3.132721414229107e-11,2.1928246146861458e-13,1.1805208924604325e-13,-0.15961060329703347,-2.2570202694824264,1.9377990628883595
7.125,inner_field_valleys,3.10734856893928e-11,3.1289596346663597e-11,2.2181560479115299e-13,1.302610107540927e-13,-0.6906789556390125,-2.8229057613393915,1.4415478500613663
7.375,inner_field_valleys,3.107516442292359e-11,3.1321311995371714e-11,1.788850418417832e-13,9.601867727755056e-14,-0.7858788689455221,-2.4967928657416323,0.9250351278505882
7.625,inner_field_valleys,3.0840859450462533e-11,3.1191262453207685e-11,1.548743498593631e-13,1.9434418183233692e-13,-1.1234011552780698,-3.0809178144745397,0.8341155039184003
7.875,inner_field_valleys,3.087159400281423e-11,3.110883379046451e-11,2.413707085373114e-13,5.2734746051472906e-14,-0.7626122832126159,-3.170943988863659,1.645719422438427
8.125,inner_field_valleys,3.089085572161855e-11,3.110779024003326e-11,2.1913436566900806e-13,9.255113108741933e-14,-0.6973639616983607,-2.8133190102572403,1.4185910868605187
8.375,inner_field_valleys,3.0929782326438725e-11,3.113106112516982e-11,2.5812105217146736e-13,1.4789503523291351e-13,-0.6465529649689938,-3.136820105035919,1.8437141750979313
8.625,inner_field_valleys,3.0884604440315235e-11,3.109099109392614e-11,2.4916813374902953e-13,1.3756297231787825e-13,-0.6638149713124597,-3.066761267797301,1.7391313251723814
8.875,inner_field_valleys,3.085381188662318e-11,3.092751408454812e-11,2.5570342294945836e-13,1.9732463138921533e-13,-0.23830624641687503,-2.8324710768150414,2.3558585839812913
9.125,inner_field_valleys,3.0881172024153246e-11,3.076749566035788e-11,2.398747238787944e-13,1.577661529817817e-13,0.3694690170764625,-2.004773023529995,2.74371105768292
9.375,inner_field_valleys,3.0921975051283134e-11,3.067399893131585e-11,3.324712457456287e-13,1.8944516402030417e-13,0.8084244917740957,-2.4485810547806803,4.065430038328872
9.625,inner_field_valleys,3.0803861153361604e-11,3.0693305703792886e-11,2.8626735584999753e-13,2.037432340507185e-13,0.3601940131038317,-2.5174496973062928,3.237837723513956
9.875,inner_field_valleys,3.083251798401492e-11,3.0565042866075806e-11,2.5561933238875845e-13,7.394308688474852e-14,0.8751013996973089,-1.6838262067315268,3.434029006126145
10.125,inner_field_valleys,3.085427325517971e-11,3.058469816239638e-11,2.0797020180287658e-13,1.1291908108679398e-13,0.881405110987088,-1.1573418831488225,2.920152105122998
10.375,inner_field_valleys,3.0687247816432415e-11,3.070301908615471e-11,2.3241700745953897e-13,1.2889213483401455e-13,-0.05136716255180751,-2.322035242784641,2.219300917681026
10.625,inner_field_valleys,3.069071781241022e-11,3.060788683510678e-11,2.3323723786977644e-13,1.3410534628305444e-13,0.27061971886419567,-2.019685116374894,2.5609245541032855
10.875,inner_field_valleys,3.0530126480243775e-11,3.059170726121213e-11,3.154943344043065e-13,8.454738588448038e-14,-0.2012989351739658,-3.3713742748186273,2.9687764044706957
11.125,inner_field_valleys,3.060560759296196e-11,3.051143050082895e-11,3.278326761229223e-13,9.322209690605906e-14,0.3086616739600201,-2.9829521515139463,3.6002754994339865
11.375,inner_field_valleys,3.06480141518848e-11,3.047293882184897e-11,3.33473611730349e-13,2.8409000683805347e-14,0.5745272258096179,-2.892431725919998,4.041486177539234
11.625,inner_field_valleys,3.0587744180155386e-11,3.05049236767782e-11,3.1082967360917775e-13,6.905171251253632e-14,0.2714988054214773,-2.8876839138688237,3.4306815247117783
11.875,inner_field_valleys,3.0496643380165216e-11,3.0379617581072836e-11,2.4749710169521276e-13,3.721788766840117e-14,0.38521156094240006,-2.173386780479465,2.943809902364265
12.125,inner_field_valleys,3.050697189253158e-11,3.050682032060784e-11,2.3563344249192326e-13,2.4587986066422226e-14,0.0004968460237675387,-2.4414280903530594,2.4424217824005945
12.375,inner_field_valleys,3.0447328314224884e-11,3.0592917257595046e-11,2.427395333277144e-13,7.976456122322145e-15,-0.4758910114530446,-2.999305295850676,2.047523272944587
12.625,inner_field_valleys,3.052632252918016e-11,3.0565119920488044e-11,2.847730562522146e-13,9.119590214205117e-14,-0.12693354846572413,-2.9634469903902674,2.709579893458819
12.875,inner_field_valleys,3.0500347107860124e-11,3.0555839042857834e-11,2.4781377120225724e-13,3.905295226192341e-14,-0.18160828416420305,-2.726075054773377,2.362858486444971
13.125,inner_field_valleys,3.0428573670296486e-11,3.05600779302882e-11,1.9846446500865628e-13,4.867374119377025e-14,-0.43031388955123706,-2.4355021034402315,1.5748743243377574
13.375,inner_field_valleys,3.027654978874731e-11,3.052730703614172e-11,1.4921235795591936e-13,9.168883310873535e-14,-0.8214194822279364,-2.296550589701264,0.6537116252453914
13.625,inner_field_valleys,3.0371027856256624e-11,3.030130884511622e-11,1.3142187196923697e-13,5.4498440233523116e-14,0.2300858075034551,-1.0731456393443422,1.5333172543512523
13.875,inner_field_valleys,3.036437987104903e-11,3.033763260031332e-11,1.2095163592795985e-13,8.403238477408498e-14,0.08816531958211193,-1.1358540460634123,1.3121846852276362
14.125,inner_field_valleys,3.03497657649098e-11,3.03052667997387e-11,1.272119739869611e-13,2.1289996966887676e-13,0.14683574794163157,-1.9727102777446666,2.2663817736279297
14.375,inner_field_valleys,3.024466757829537e-11,3.0379383375660574e-11,1.5363088870850283e-13,1.1180242320536805e-13,-0.4434448049828843,-2.008187467757719,1.1212978577919506
14.625,inner_field_valleys,3.013226535973378e-11,3.013927066898826e-11,2.1740942642458329e-13,1.2908389980888762e-13,-0.023243127982164324,-2.1955683337873633,2.1490820778230346
14.875,inner_field_valleys,3.0076148547137835e-11,3.010354261176771e-11,1.3599516867387012e-13,1.1251061212988832e-13,-0.09099947133520692,-1.5375472019905208,1.355548259320107
15.125,inner_field_valleys,2.999928108659299e-11,3.013742269996765e-11,2.625129706413356e-13,1.334411593185284e-13,-0.4583723523737482,-3.0657194882888024,2.148974783541306
15.375,inner_field_valleys,2.998277265246711e-11,3.0178651189561164e-11,1.5688733764257905e-13,9.745829313015744e-14,-0.6490632595329782,-2.219821274278644,0.9216947552126875
15.625,inner_field_valleys,3.000785866376005e-11,3.000547011382609e-11,1.2928380871706328e-13,1.1126875709206476e-13,0.007960381640081948,-1.3905944888123822,1.4065152520925461
15.875,inner_field_valleys,2.9990889882153874e-11,3.004206812799263e-11,2.0315923445624381e-13,6.630498419834479e-14,-0.17035526855445626,-2.22708072588964,1.8863701887807276
16.125,inner_field_valleys,2.9816653192550864e-11,2.99116473561972e-11,2.6112322493580636e-13,1.57184686177507e-13,-0.3175825206653271,-2.948747260925996,2.3135822195953417
16.375,inner_field_valleys,2.980730186066096e-11,3.000173912234324e-11,2.6042235707762946e-13,1.781244679118082e-13,-0.6480866355426551,-3.302864715488596,2.006691444403286
16.625,inner_field_valleys,2.9846765835794e-11,3.002576958292761e-11,3.214017148820784e-13,7.578680747797538e-14,-0.5961670578974676,-3.907505166586747,2.715171050791812
16.875,inner_field_valleys,2.980248971787794e-11,2.989578006320328e-11,3.41819202616124e-13,1.1601453645587282e-13,-0.31205188534340067,-3.7822878990041957,3.1581841283173944
17.125,inner_field_valleys,2.9859718756176365e-11,2.9867174549525336e-11,3.2497609000104223e-13,6.252996821709994e-14,-0.024963169303504618,-3.417785750864292,3.3678594122572827
17.375,inner_field_valleys,2.9799435868359e-11,2.992096931898737e-11,3.0484854115212587e-13,6.920066251761147e-14,-0.40618152885589787,-3.5630302992130174,2.7506672415012217
17.625,inner_field_valleys,2.977745261297833e-11,3.000202434998722e-11,3.4730075226425716e-13,7.064801882521951e-14,-0.7485219476831118,-4.351763079062411,2.8547191836961874
17.875,inner_field_valleys,2.9759961882468304e-11,2.987343012566473e-11,3.604891453775912e-13,1.1145083487829686e-13,-0.3798299784092851,-4.061288771414744,3.301628814596174
18.125,inner_field_valleys,2.9629860707532144e-11,2.98699739405324e-11,3.5498631080884274e-13,7.752908842688063e-14,-0.8038615416213535,-4.492841222511446,2.8851181392687386
18.375,inner_field_valleys,2.9588934530187944e-11,2.982701193719482e-11,3.3831384010024114e-13,1.218580100833655e-13,-0.7981939575717023,-4.230702168981485,2.6343142538380797
18.625,inner_field_valleys,2.9642558927291785e-11,2.9687317951104184e-11,3.63020794181513e-13,8.48088073490599e-14,-0.15076816264142368,-3.9343622330239287,3.6328259077410814
18.875,inner_field_valleys,2.980676732199249e-11,2.9694876336297626e-11,3.1720867759448664e-13,1.105879246692264e-13,0.3768023292223477,-2.85947487818136,3.6130795366260555
19.125,inner_field_valleys,2.973824623327177e-11,2.965563039778216e-11,3.4202628588131405e-13,8.306046177680315e-14,0.2785839801125567,-3.2829374967937546,3.840105457018868
19.375,inner_field_valleys,2.9870910130587925e-11,2.961910720639732e-11,3.712369712782177e-13,7.62606385273082e-14,0.8501367797346004,-3.047382544930477,4.7476561043996774
19.625,inner_field_valleys,2.967746554447701e-11,2.9741552678101634e-11,3.320288559844055e-13,9.76492021086828e-14,-0.21548012075310874,-3.630303882184211,3.1993436406779936
19.875,inner_field_valleys,2.9492419878773e-11,2.966013103862982e-11,3.672927489305518e-13,1.1395682813228045e-13,-0.5654430846525726,-4.343010818872801,3.2121246495676554
20.125,inner_field_valleys,2.9528632315608164e-11,2.9660550806224985e-11,3.415954275217914e-13,1.110187464613296e-13,-0.4447607580811863,-3.948796283570051,3.0592747674076786
20.375,inner_field_valleys,2.9587888221798226e-11,2.979326886268744e-11,3.172574168916828e-13,1.0067389962796439e-13,-0.6893524904426518,-3.933937489659456,2.5552325087741523
20.625,inner_field_valleys,2.959000397595446e-11,2.9736648027917717e-11,3.016511367432704e-13,4.863544118910643e-14,-0.49314250827995343,-3.6740634179647165,2.6877784014048096
20.875,inner_field_valleys,2.966301913694999e-11,2.9736483213582685e-11,2.0920236420071493e-13,4.804799489259652e-14,-0.24705031898035745,-2.4256098716691077,1.9315092337083926
21.125,inner_field_valleys,2.960803866640331e-11,2.9604052121646454e-11,2.8346499020716947e-13,1.1771311813134627e-13,0.013466213140245209,-2.863776273778829,2.8907087000593195
21.375,inner_field_valleys,2.943941841185396e-11,2.9553219462741256e-11,1.789884747420408e-13,1.6956435826529331e-13,-0.38507158595958435,-2.4244026413541477,1.654259469434979
21.625,inner_field_valleys,2.952149355063806e-11,2.947745375397264e-11,1.569795250133857e-13,9.748127169903043e-14,0.14940163093117853,-1.4608787780380474,1.7596820399004045
21.875,inner_field_valleys,2.9507460973726907e-11,2.9518388531515583e-11,2.0500145007035156e-13,1.2284085226748525e-13,-0.03701949304247831,-2.1299101087975925,2.055871122712636
22.125,inner_field_valleys,2.9475701929279106e-11,2.959059027371377e-11,2.2612019729190452e-13,1.4126839221221224e-13,-0.3882597250407738,-2.6990653564456895,1.922545906364142
22.375,inner_field_valleys,2.952553063340491e-11,2.951031118696106e-11,1.6608193146276817e-13,1.3818029271719431e-13,0.0515733173650057,-1.7546049372611314,1.8577515719911428
22.625,inner_field_valleys,2.942663591646258e-11,2.9509866608266214e-11,1.3277820301967595e-13,1.1605858713683255e-13,-0.28204360564718645,-1.7491596533778038,1.1850724420834309
22.875,inner_field_valleys,2.936385503407682e-11,2.948901705276849e-11,1.2953092571303376e-13,1.6981483179720928e-13,-0.42443604840303184,-2.2213491785395885,1.3724770817335248
23.125,inner_field_valleys,2.9412420293216133e-11,2.94523613425318e-11,9.962797545858575e-14,1.8329141474716925e-13,-0.13561238384641738,-1.9985700304191543,1.7273452627263195
23.375,inner_field_valleys,2.9442591990455526e-11,2.9408271344706274e-11,1.142594811122586e-13,1.7435203372983984e-13,0.11670405698780417,-1.6888045440670862,1.9222126580426946
23.625,inner_field_valleys,2.933701338221268e-11,2.922935515749083e-11,4.221366169931619e-14,1.4666524053175538e-13,0.3683222710243683,-1.174087464267516,1.9107320063162527
23.875,inner_field_valleys,2.930434053243718e-11,2.931733070631203e-11,1.3022436609377363e-13,2.136083453092177e-13,-0.04430885609940649,-2.2424000808690154,2.1537823686702025
24.125,inner_field_valleys,2.942914923770096e-11,2.911277766349519e-11,1.1434050658588742e-13,1.19043104770619e-13,1.0867103711731163,-0.3093591281238274,2.4827798704700603
24.375,inner_field_valleys,2.95163768955549e-11,2.914013543254947e-11,9.42759068950723e-14,1.6231112790675643e-13,1.291145210619593,-0.40405155637802637,2.9863419776172124
24.625,inner_field_valleys,2.956434023552127e-11,2.916301381387879e-11,1.3034234242809477e-13,1.7547922871652172e-13,1.3761486525493583,-0.5157485222422813,3.268045827340998
24.875,inner_field_valleys,2.951162874372433e-11,2.924973398632103e-11,1.8877863194870998e-13,1.4307547041448254e-13,0.8953748349498802,-1.126245106136867,2.9169947760366277
25.125,inner_field_valleys,2.9579682200585883e-11,2.920338419943181e-11,1.814923682420554e-13,1.0981789756830413e-13,1.2885424462600215,-0.5880118065180323,3.165096699038075
25.375,inner_field_valleys,2.952771408386239e-11,2.92688178378571e-11,1.590492174215464e-13,8.774061167100667e-14,0.8845463026198042,-0.745754105798992,2.5148467110386004
25.625,inner_field_valleys,2.9491945278331753e-11,2.93798354665274e-11,1.353388729140409e-13,1.1638556731916994e-13,0.38158760940674163,-1.1151999429151223,1.8783751617286057
25.875,inner_field_valleys,2.944089381437017e-11,2.931197879316069e-11,2.4962393385450064e-13,1.625550947406863e-13,0.43980320168477416,-2.150387802292306,3.0299942056618545
26.125,inner_field_valleys,2.9455329063744605e-11,2.9230544016543175e-11,2.1631624579621528e-13,1.2289742629505395e-13,0.7690074022372428,-1.4543249977281414,2.992339802202627
26.375,inner_field_valleys,2.942386325238894e-11,2.9314542378718515e-11,2.140355291267635e-13,8.661002716368956e-14,0.3729236917912493,-1.8230349892932323,2.5688823728757306
26.625,inner_field_valleys,2.937333334784854e-11,2.9423959928307234e-11,1.3977830206707067e-13,1.4144879502511724e-13,-0.17205903142217815,-1.8244006063408396,1.4802825434964832
26.875,inner_field_valleys,2.9500704586014225e-11,2.9356751364654574e-11,1.2898116732714675e-13,1.9893074967794542e-13,0.4903581447808669,-1.5771787691986134,2.557895058760347
27.125,inner_field_valleys,2.937180313353936e-11,2.943928581931619e-11,1.4577097692242525e-13,1.1312301956375228e-13,-0.22922664018076855,-1.78514477837678,1.3266914980152427
27.375,inner_field_valleys,2.939685271241144e-11,2.932163048988648e-11,8.636048567927102e-14,1.1795398916275498e-13,0.2565417450127949,-0.993429398629443,1.5065128886550327
27.625,inner_field_valleys,2.934905867109424e-11,2.928822333893145e-11,1.6091046222440038e-13,1.2422890949679055e-13,0.20771260673202452,-1.518304216724262,1.933729430188311
27.875,inner_field_valleys,2.947935014516487e-11,2.927354082068498e-11,1.644678441217268e-13,1.7653843144369423e-13,0.7030557927398595,-1.3243094018648527,2.730420987344572
28.125,inner_field_valleys,2.9351699311064287e-11,2.945375016409984e-11,1.2504235306103725e-13,1.1151597092806572e-13,-0.3464783006136063,-1.7409068183654064,1.047950217138194
28.375,inner_field_valleys,2.9311993751401104e-11,2.9406889733831186e-11,3.411034181171977e-14,1.1365556098256803e-13,-0.3226998274520332,-1.4994625846218377,0.8540629297177714
28.625,inner_field_valleys,2.9414072099808876e-11,2.9394186240265467e-11,7.268978989427237e-14,1.067417902015226e-13,0.06765235608452436,-1.0439821608607724,1.1792868730298212
28.875,inner_field_valleys,2.93842665899791e-11,2.9307259484101916e-11,4.049589368054473e-14,1.0891580989617288e-13,0.2627577850428553,-0.8626866491480976,1.3882022192338082
29.125,inner_field_valleys,2.9376763932389254e-11,2.943118715847959e-11,4.911387058368186e-14,1.2261018807858527e-13,-0.18491685638529765,-1.4362113534799827,1.0663776407093875
29.375,inner_field_valleys,2.9604048353138316e-11,2.933137722038736e-11,1.5809123219658526e-13,8.440797151936804e-14,0.9296226723422674,-0.6855125604865977,2.5447579051711324
29.625,inner_field_valleys,2.953569981577352e-11,2.9500194079480053e-11,2.174360372876654e-13,9.044577144709522e-14,0.12035763628472917,-2.094206980781365,2.334922253350823
29.875,inner_field_valleys,2.95279417733346e-11,2.9287654483680486e-11,7.118109957812671e-14,1.2631682901277356e-13,0.8204388295689702,-0.48437559173235034,2.1252532508702906
30.125,inner_field_valleys,2.947379978532236e-11,2.916208130811895e-11,4.6759851164980075e-14,9.844603673581485e-14,1.0689171116076146,0.04725150831498461,2.0905827149002443
30.375,inner_field_valleys,2.953781731733856e-11,2.910558667626564e-11,1.42119236716234e-13,1.3538669105338191e-13,1.4850435618443791,-0.17728347114803789,3.147370594836796
30.625,inner_field_valleys,2.958473148569115e-11,2.926960629818293e-11,1.2806713789551695e-13,1.430595498557111e-13,1.076629402862106,-0.5438907130298918,2.6971495187541037
30.875,inner_field_valleys,2.9536769008902614e-11,2.9241061870127144e-11,1.066338184319581e-13,1.1397568129905502e-13,1.0112735990534194,-0.3037460356559741,2.326293233762813
31.125,inner_field_valleys,2.9476441720059184e-11,2.918307621434401e-11,1.2054809845574199e-13,1.0879986326957267e-13,1.0052590191673483,-0.36528813129426096,2.3758061696289574
31.375,inner_field_valleys,2.931608276168373e-11,2.9352363442201205e-11,1.3982135021785713e-13,1.601023668781807e-13,-0.12360394960670984,-1.9020213985292314,1.6548134993158117
31.625,inner_field_valleys,2.9491568227513204e-11,2.938807502009358e-11,1.8512640857927324e-13,1.2672433735545329e-13,0.3521605527033067,-1.5778243571484025,2.282145462555016
31.875,inner_field_valleys,2.950830185631681e-11,2.939360658476491e-11,1.6240213670838643e-13,1.6750973865192825e-13,0.3902048264174063,-1.5565074852018486,2.336917138036661
32.125,inner_field_valleys,2.9254810672059484e-11,2.942539342459188e-11,1.8066913937182643e-13,1.2224970061916106e-13,-0.57971273338977,-2.4546246878581606,1.2951992210786203
32.375,inner_field_valleys,2.918576753969588e-11,2.9368446171752615e-11,2.1283495897280357e-13,1.1627333962431263e-13,-0.6220234839405259,-2.7942038613113604,1.5501568934303087
32.625,inner_field_valleys,2.9280973739821125e-11,2.943504438445854e-11,1.9482927399673016e-13,1.5546390985813612e-13,-0.5234258954226911,-2.6173315342075267,1.5704797433621445
32.875,inner_field_valleys,2.933391978440678e-11,2.95096508453854e-11,1.7523410687076394e-13,1.4241035725433593e-13,-0.5955036943654735,-2.483616537441195,1.2926091487102485
33.125,inner_field_valleys,2.935918419982247e-11,2.945906649748158e-11,1.2198422857843149e-13,1.8761816090711993e-13,-0.3390545239023379,-2.268911325092381,1.5908022772877055
33.375,inner_field_valleys,2.935733637817368e-11,2.955029623729354e-11,1.5251753255325575e-13,1.6964080850676036e-13,-0.6529879009346096,-2.5396679621161753,1.2336921602469562
33.625,inner_field_valleys,2.959541641682032e-11,2.9564713917840925e-11,1.6405545465699167e-13,1.111394143557305e-13,0.1038484561856956,-1.5927256636168718,1.800422575988263
33.875,inner_field_valleys,2.953666098535366e-11,2.945707349353041e-11,9.081294189692075e-14,1.961372695947138e-13,0.27018125830027273,-1.7296162225165084,2.269978739117054
34.125,inner_field_valleys,2.970321710799234e-11,2.9530115960420115e-11,3.9413367989571674e-14,1.8008880698473693e-13,0.5861851264120865,-1.3175739312973556,2.4899441841215286
34.375,inner_field_valleys,2.978703629760612e-11,2.954868649483076e-11,1.0596869633525741e-13,1.7429333316644978e-13,0.8066341724430215,-0.9862680775318954,2.5995364224179385
34.625,inner_field_valleys,2.971934837550752e-11,2.956162700440001e-11,1.3638540073477265e-13,1.8856783710816598e-13,0.5335341356009771,-1.4478752033734714,2.5149434745754253
34.875,inner_field_valleys,2.9673828228843134e-11,2.953291997258661e-11,1.7226943858579248e-13,2.60742286477039e-13,0.4771226698454534,-2.2229287400436655,3.177174079734572
35.125,inner_field_valleys,2.9711716209661704e-11,2.960751649644173e-11,2.7607116900131187e-13,1.8959956774396508e-13,0.35193668888946483,-2.5063998627076294,3.2102732404865595
35.375,inner_field_valleys,2.969444416841591e-11,2.9638960433607684e-11,2.1089654696446777e-13,1.9146247614162412e-13,0.18719865338228114,-2.1714798276853995,2.5458771344499618
35.625,inner_field_valleys,2.981887322280104e-11,2.965350523288213e-11,1.9958234716259865e-13,2.023571642159818e-13,0.5576675965293099,-1.794484753807966,2.9098199468665857
35.875,inner_field_valleys,2.9747845770897483e-11,2.9587210669298513e-11,2.0143801823157625e-13,1.0414908398852263e-13,0.5429207348891962,-1.4956219564885849,2.5814634262669776
36.125,inner_field_valleys,2.969801033503717e-11,2.9662639222907374e-11,1.418350187674723e-13,1.8783599818894846e-13,0.1192446560941196,-1.8599788453490016,2.0984681575372406
36.375,inner_field_valleys,2.962518481000289e-11,2.9708676149935105e-11,1.3040721011529376e-13,1.7087957762181394e-13,-0.2810335253945473,-2.0780026537377148,1.51593560294862
36.625,inner_field_valleys,2.9779924385888145e-11,2.967212289469764e-11,1.0768711103778191e-13,1.2845372260230201e-13,0.3633089940112466,-1.0326456080470063,1.7592635960694996
36.875,inner_field_valleys,2.972237916133559e-11,2.9556221637381826e-11,1.0587450458910224e-13,7.908726054263799e-14,0.5621744416194785,-0.5550499878203947,1.6793988710593517
37.125,inner_field_valleys,2.954880696077251e-11,2.956979097200895e-11,1.178689436818819e-13,8.881739311908141e-14,-0.07096435431789283,-1.3148891864542853,1.1729604778184997
37.375,inner_field_valleys,2.9611040409454966e-11,2.9722859330326575e-11,1.1246066066654848e-13,9.735547214449253e-14,-0.37620512760533353,-1.6052037953633551,0.8527935401526879
37.625,inner_field_valleys,2.9748810108971894e-11,2.9808518478249524e-11,1.9714220605768981e-13,1.9355912810841911e-13,-0.20030639671407835,-2.4662165833379146,2.065603789909758
37.875,inner_field_valleys,2.971491642045766e-11,2.976797356234749e-11,1.6894534777881762e-13,7.6369227457833e-14,-0.17823565241587014,-1.8790674263120348,1.5225961214802946
38.125,inner_field_valleys,2.9680670923813455e-11,2.975291851970286e-11,1.3991780656145475e-13,1.2400493431018615e-13,-0.24282524029218822,-1.7843753529781292,1.2987248723937528
38.375,inner_field_valleys,2.959427985371332e-11,2.973735094942471e-11,1.4369019395883001e-13,1.3873698140783546e-13,-0.4811158060269549,-2.1214553957045283,1.1592237836506185
38.625,inner_field_valleys,2.952376524524004e-11,2.971901924158576e-11,2.236118347160249e-13,1.445565952786992e-13,-0.6570001343533582,-2.9402281841500377,1.626227915443321
38.875,inner_field_valleys,2.96160427882131e-11,2.98434568540634e-11,2.060468287086467e-13,9.742053214720559e-14,-0.76202320315093,-2.8294917415605227,1.3054453352586628
39.125,inner_field_valleys,2.97106189211465e-11,2.9900733198718185e-11,2.2274571207494557e-13,1.4236282714169367e-13,-0.6358181129144769,-2.893425411000642,1.6217891851716884
39.375,inner_field_valleys,2.9807516276142214e-11,2.9950549160444266e-11,1.7791947237284718e-13,1.5401244878444778e-13,-0.47756347817139444,-2.4063887695861257,1.4512618132433368
39.625,inner_field_valleys,2.9924925694625997e-11,3.0007774124964336e-11,1.4539928690172482e-13,1.3696708810429528e-13,-0.2760898892177899,-1.9043462338190411,1.3521664553834614
39.875,inner_field_valleys,2.971612444837403e-11,2.995637641089598e-11,1.6992622574423145e-13,1.354430190223326e-13,-0.8020060878743851,-2.5945272397124617,0.9905150639636915
40.125,inner_field_valleys,2.9739619570271444e-11,3.0053826210237104e-11,1.645246994237515e-13,2.1030718885773714e-13,-1.0454796596202853,-3.2335793187398125,1.1426199994992419
40.375,inner_field_valleys,2.969490792650133e-11,3.015621273418758e-11,1.9921289799596476e-13,1.4661513820525276e-13,-1.529717314811463,-3.573851962595303,0.5144173329723771
40.625,inner_field_valleys,2.976427479266191e-11,3.004208801266267e-11,1.778674979383358e-13,1.7814615884681116e-13,-0.9247467082969307,-2.9657095332493055,1.116216116655444
40.875,inner_field_valleys,2.9829656050929365e-11,3.01675245429612e-11,1.6361942751305698e-13,1.5841842448666498e-13,-1.1199742012331204,-2.9580940077637474,0.7181456052975065
41.125,inner_field_valleys,2.98840109807046e-11,3.0076542040441624e-11,1.800437090112583e-13,1.5920358905160677e-13,-0.6401369528389877,-2.5977959170564966,1.317522011378521
41.375,inner_field_valleys,3.0037131898131556e-11,2.9989348972860705e-11,1.0990627524477111e-13,1.804392810982844e-13,0.15933298623485026,-1.659059376896275,1.9777253493659754
41.625,inner_field_valleys,2.988280656339797e-11,3.0061081704220494e-11,1.6395965045316284e-13,1.431085296807586e-13,-0.5930430001708564,-2.3685251829734795,1.1824391826317666
41.875,inner_field_valleys,2.996000350524103e-11,2.993589947453546e-11,2.0592261197150254e-13,6.986229820766441e-14,0.08051881229114155,-2.0068585402783583,2.1678961648606414
42.125,inner_field_valleys,3.009962732128905e-11,3.011700420706297e-11,2.8994642553348267e-13,1.172444221659497e-13,-0.05769792259033846,-2.9538377452782103,2.8384419000975334
42.375,inner_field_valleys,3.0282129286105274e-11,3.01862791868896e-11,2.5372762413752155e-13,8.65065507954713e-14,0.31752869779759774,-2.2320910114711556,2.867148407066351
42.625,inner_field_valleys,3.021279257853638e-11,3.007507312228578e-11,3.2549329328738545e-13,9.473443783039329e-14,0.45791894068096806,-2.8532258414544023,3.7690637228163384
42.875,inner_field_valleys,3.005747861043009e-11,2.9854577858427714e-11,2.2416540207059725e-13,8.152756930130584e-14,0.679630283049204,-1.589747223614303,2.949007789712711
43.125,inner_field_valleys,2.9980173866095834e-11,3.005714718171846e-11,1.8428114663860204e-13,1.1508420280733942e-13,-0.2560898915564547,-2.11026990886909,1.5980901257561804
43.375,inner_field_valleys,3.008018681940585e-11,3.021360215513966e-11,2.1420954952731467e-13,1.397494549367754e-13,-0.44157374896496293,-2.5960097644236653,1.7128622664937394
43.625,inner_field_valleys,3.01271534626553e-11,3.0233911950795625e-11,2.61755692758322e-13,1.2156941262561573e-13,-0.35310841783910973,-2.9462533243335134,2.240036488655294
43.875,inner_field_valleys,3.0127858542106917e-11,3.0280913373796154e-11,2.1543422906289992e-13,1.931601046518921e-13,-0.5054498515282058,-2.8456647900472456,1.834765086990834
44.125,inner_field_valleys,3.002853500472864e-11,3.028692383900812e-11,1.767469181897056e-13,2.0375600981329142e-13,-0.8531366065862578,-3.0310605753046405,1.324787362132125
44.375,inner_field_valleys,3.019885713018555e-11,3.029572612663118e-11,1.8365099303722865e-13,2.1916191734952602e-13,-0.31974475885058196,-2.6414505224784017,2.001961004777238
44.625,inner_field_valleys,3.025655261084197e-11,3.0223722578486755e-11,1.3604734092550712e-13,1.6655556284591915e-13,0.1086233910133183,-1.6507597909471607,1.8680065729737974
44.875,inner_field_valleys,3.036056474077971e-11,3.0373228117628905e-11,1.1678257322669436e-13,1.0841695310109026e-13,-0.04169256162087631,-1.3269251787171767,1.2435400554754241
45.125,inner_field_valleys,3.047871893436928e-11,3.038863070514708e-11,1.6559863274668938e-13,1.1234409144386074e-13,0.2964537300028436,-1.3705261895998768,1.963433649605564
45.375,inner_field_valleys,3.0648563659320233e-11,3.041368527360815e-11,2.1408581771525596e-13,1.6553021622666588e-13,0.7722786094452871,-1.4432782370366561,2.9878354559272307
45.625,inner_field_valleys,3.072553115375572e-11,3.044571141370196e-11,2.510207992260661e-13,9.867794257078861e-14,0.9190776863497119,-1.5631907000102037,3.4013460727096274
45.875,inner_field_valleys,3.080166934481625e-11,3.056773625463325e-11,2.357753311496733e-13,1.190456234673134e-13,0.7652941265728685,-1.543613372566857,3.074201625712594
46.125,inner_field_valleys,3.0854770371930766e-11,3.05970998279345e-11,1.621824407738522e-13,7.926454561090573e-14,0.8421404167234803,-0.7444096547451304,2.4286904881920908
46.375,inner_field_valleys,3.095062668181628e-11,3.0676797080188953e-11,1.667864713370377e-13,1.3482097048914701e-13,0.8926277437358854,-0.8410423011036592,2.62629778857543
46.625,inner_field_valleys,3.0892355398379914e-11,3.0758112643525244e-11,1.745744027084235e-13,1.6908151393906916e-13,0.43644665851410025,-1.5014057108570424,2.3742990278852427
46.875,inner_field_valleys,3.091330172453497e-11,3.0818007596061997e-11,2.357021171459036e-13,1.241237327180238e-13,0.3092157342616364,-1.981500141625614,2.5999316101488867
47.125,inner_field_valleys,3.081867682205349e-11,3.098101574197345e-11,1.9887099467248852e-13,1.5930971612676796e-13,-0.5239948272581119,-2.5569248815163825,1.5089352270001588
47.375,inner_field_valleys,3.083280448537254e-11,3.109377872676675e-11,1.564646220815673e-13,1.8888207656307556e-13,-0.8393133677559561,-2.7747071752835812,1.096080439771669
47.625,inner_field_valleys,3.1006288547056707e-11,3.0928751344718977e-11,1.8499838891965602e-13,1.422553812631527e-13,0.25069619356286044,-1.6267162570059057,2.1281086441316264
47.875,inner_field_valleys,3.0876569328315615e-11,3.096229597253518e-11,1.90516649025214e-13,1.0489106419197346e-13,-0.27687431285977615,-2.1219062194703517,1.5681575937507994
48.125,inner_field_valleys,3.087477787639054e-11,3.093513394484641e-11,2.1460934922898743e-13,1.9439835048276716e-13,-0.19510524364780846,-2.4891147770664728,2.098904289770856
48.375,inner_field_valleys,3.087867918759878e-11,3.101323327596387e-11,2.1400210987678657e-13,1.8559530475847943e-13,-0.43386024013617464,-2.676215670152576,1.8084951898802266
48.625,inner_field_valleys,3.0902869262398e-11,3.112561677830349e-11,1.8658201810434244e-13,1.8474682495450477e-13,-0.7156404883220113,-2.7726743515806516,1.3413933749366287
48.875,inner_field_valleys,3.0938773092101554e-11,3.108710720417313e-11,1.9161241576690995e-13,1.7990348370274724e-13,-0.47715636935063976,-2.543623177750675,1.5893104390493955
49.125,inner_field_valleys,3.09234244531985e-11,3.104944884971364e-11,2.038848591821967e-13,1.8838578724848063e-13,-0.40588287774487863,-2.5930747527724405,1.7813089972826834
49.375,inner_field_valleys,3.093821123701235e-11,3.116925039716147e-11,1.9883210116696214e-13,2.416077897853266e-13,-0.7412406689451867,-3.20730790050688,1.724826562616506
49.625,inner_field_valleys,3.0963536832789234e-11,3.1246070509243716e-11,1.3331623070209617e-13,2.4293046409595267e-13,-0.9042214648107394,-3.2151818109636374,1.4067388813421586
49.875,inner_field_valleys,3.1101897377538994e-11,3.127165021615602e-11,1.2376675933443774e-13,2.1862923202854178e-13,-0.5428330051137742,-2.6312012744567403,1.545535264229192
50.125,inner_field_valleys,3.116351235929768e-11,3.136131568824027e-11,2.169036318922124e-13,2.3712598881696284e-13,-0.6307239495591976,-3.133666515885572,1.8722186167671766
50.375,inner_field_valleys,3.128588876624808e-11,3.1296304912218525e-11,2.4638404149484586e-13,2.1299254549310867e-13,-0.03328235074288033,-2.5923225007706665,2.525757799284906
50.625,inner_field_valleys,3.1477767379328725e-11,3.132669786720254e-11,2.7515328092217684e-13,2.5298309217341346e-13,0.48223886464697774,-2.448212754457985,3.4126904837519403
50.875,inner_field_valleys,3.133974898985427e-11,3.1355559502588695e-11,3.110374286673726e-13,3.1825221980573035e-13,-0.05042331562643554,-3.522656069536344,3.4218094382834727
51.125,inner_field_valleys,3.1201358675995534e-11,3.133742229398127e-11,2.6439719395525415e-13,3.334351227909546e-13,-0.43418892820635824,-3.7887271245721212,2.9203492681594048
51.375,inner_field_valleys,3.139068100895033e-11,3.1469408649324266e-11,2.4550670950140455e-13,1.7002205154081242e-13,-0.2501719725693796,-2.642606267774077,2.1422623226353177
51.625,inner_field_valleys,3.150116664637945e-11,3.1542126971881205e-11,2.4491043594024934e-13,8.492181054639193e-14,-0.12985911044701703,-2.4835124938717246,2.2237942729776905
51.875,inner_field_valleys,3.151645042062564e-11,3.156625649791278e-11,2.3274237669077957e-13,1.3801092651949563e-13,-0.15778265405157477,-2.377753359983487,2.0621880518803373
52.125,inner_field_valleys,3.1637704727961176e-11,3.15346914947912e-11,1.6304926911174915e-13,7.459354794331866e-14,0.32666637372047447,-1.2222451245925592,1.8755778720335083
52.375,inner_field_valleys,3.160884345047803e-11,3.145826560234531e-11,2.2310775497612198e-13,8.28224244646417e-14,0.47865909086066694,-1.662856990943277,2.620175172664611
52.625,inner_field_valleys,3.161489163235106e-11,3.152254310879033e-11,1.9102533669215156e-13,8.570276295003483e-14,0.29296025781302415,-1.5232432970696301,2.1091638126956784
52.875,inner_field_valleys,3.1697089205543446e-11,3.1586837784053154e-11,2.4753703979490334e-13,8.487914993490584e-14,0.34904228857612907,-2.027304254724233,2.725388831876491
53.125,inner_field_valleys,3.172170452174854e-11,3.16400949831977e-11,2.1423347562779467e-13,3.723166565814699e-14,0.2579307634638095,-1.8602573408482537,2.3761188677758724
53.375,inner_field_valleys,3.1589073035707706e-11,3.1597754025790854e-11,9.140784927000055e-14,1.125641543592687e-13,-0.027473440283320993,-1.1617218052126659,1.106774924646024
53.625,inner_field_valleys,3.153119150864667e-11,3.1589009023702124e-11,1.0536968648105653e-13,1.775820997990573e-13,-0.18303048067154215,-1.8730559315956574,1.5069949702525731
53.875,inner_field_valleys,3.1681290861511286e-11,3.161020932414734e-11,1.8041694565009872e-13,2.0736573585909242e-13,0.22486892331221586,-1.915795712730204,2.3655335593546356
54.125,inner_field_valleys,3.158106812440598e-11,3.173619620400603e-11,2.0423029679324682e-13,1.9060784636488081e-13,-0.4888048920634991,-2.640651690768617,1.6630419066416189
54.375,inner_field_valleys,3.1743568795432273e-11,3.183666644156768e-11,1.8398749061213646e-13,1.7287832973769565e-13,-0.2924227205328589,-2.2321564475540727,1.647311006488355
54.625,inner_field_valleys,3.181165147402176e-11,3.1932974867164304e-11,1.75290572597682e-13,1.3993462449134894e-13,-0.3799313833027784,-2.1174013623030925,1.3575385956975357
54.875,inner_field_valleys,3.179575043287952e-11,3.178517823067119e-11,2.0944653491608262e-13,1.5416145418256627e-13,0.03326142182247249,-2.0126004715434416,2.0791233151883866
55.125,inner_field_valleys,3.188067655333658e-11,3.18832836346364e-11,1.7997017964319098e-13,1.9145126251900469e-13,-0.008176953571337187,-2.0265268219593824,2.010172914816708
55.375,inner_field_valleys,3.177905823661233e-11,3.205031455772095e-11,1.9465337071727216e-13,1.9363325569730415e-13,-0.8463452694671858,-2.9337986169265187,1.2411080779921468
55.625,inner_field_valleys,3.185728152848915e-11,3.2099585412113276e-11,1.4617692738572412e-13,1.4349682174750286e-13,-0.7548505082333179,-2.310796567250918,0.8010955507842822
55.875,inner_field_valleys,3.19767101199499e-11,3.1991187507140205e-11,1.840789274384984e-13,2.0568009558431218e-13,-0.045254297568886326,-2.1621644810277036,2.071655885889931
56.125,inner_field_valleys,3.1966490346938506e-11,3.190502713710817e-11,2.416667438876556e-13,1.0569858454378613e-13,0.19264428005720813,-2.0791657375100177,2.464454297624434
56.375,inner_field_valleys,3.196409637582662e-11,3.201444206558369e-11,2.0475304858102478e-13,1.2020556618250586e-13,-0.15725930707752855,-2.081558166481958,1.7670395523269007
56.625,inner_field_valleys,3.2215427341742287e-11,3.2138444394318134e-11,1.729084789440842e-13,1.2808397011238638e-13,0.23953538783527684,-1.4339925668355173,1.913063342506071
56.875,inner_field_valleys,3.2170685728858557e-11,3.227374412096685e-11,2.1542020150745058e-13,1.6340095621078716e-13,-0.31932580156184276,-2.4043262408300885,1.765674637706403
57.125,inner_field_valleys,3.221749207366682e-11,3.224905968737504e-11,1.7263922217787827e-13,2.5128011541528683e-13,-0.09788692760112072,-2.4832447570513994,2.287470901849158
57.375,inner_field_valleys,3.232658033143538e-11,3.2407908831912747e-11,1.4622302673045024e-13,2.6049362514089435e-13,-0.2509526328872025,-2.657621903955489,2.155716638181084
57.625,inner_field_valleys,3.225140996274032e-11,3.239108892743119e-11,1.7382523019400015e-13,2.6501310351037213e-13,-0.4312265172801366,-2.911346423073934,2.048893388513661
57.875,inner_field_valleys,3.256376475991164e-11,3.267341906233991e-11,1.6653385682443536e-13,2.2133823030386626e-13,-0.33560706401448703,-2.443797914285853,1.7725837862568787
58.125,inner_field_valleys,3.2694769018875104e-11,3.263566218981429e-11,1.695204345799173e-13,1.964355426578299e-13,0.18111116825831886,-1.7767164904304344,2.138938826947072
58.375,inner_field_valleys,3.2707184600524296e-11,3.260773263912563e-11,1.4500129230541996e-13,8.457735369296764e-14,0.3049950221909459,-1.0327855113077824,1.642775555689674
58.625,inner_field_valleys,3.269108328106962e-11,3.262039003688928e-11,1.459050371527113e-13,1.2671166468514508e-13,0.21671489550061374,-1.240933801282852,1.6743635922840794
58.875,inner_field_valleys,3.25424166876305e-11,3.2703932883274925e-11,1.61247866281423e-13,1.1756714580034097e-13,-0.49387392097733906,-2.019896142509612,1.0321483005549335
59.125,inner_field_valleys,3.2476492595766036e-11,3.2744569622351534e-11,1.774213814029401e-13,1.7501843588757995e-13,-0.8186915561183894,-2.673743058376909,1.0363599461401303
59.375,inner_field_valleys,3.283483943471731e-11,3.286901902457531e-11,1.4986353191326352e-13,2.1086997812339045e-13,-0.10398725265406972,-2.079814953830684,1.8718404485225444
59.625,inner_field_valleys,3.2889155332011595e-11,3.2779683802228076e-11,1.822061716594711e-13,2.2051104661035651e-13,0.33396151849420797,-1.8247695769318377,2.4926926139202537
59.875,inner_field_valleys,3.2790817280564856e-11,3.28402581388858e-11,2.49800921297174e-13,1.8330796909593082e-13,-0.15054954230826478,-2.5097118715166635,2.208612786900134
60.125,inner_field_valleys,3.282453707032363e-11,3.2719151908656415e-11,2.127224562086015e-13,1.3906672499658577e-13,0.3220901384040298,-1.6560622690279903,2.30024254583605
60.375,inner_field_valleys,3.2904068613485526e-11,3.291875741608776e-11,2.9733916635732454e-13,3.625597675137113e-14,-0.04462137624627882,-2.8937545620074046,2.804511809514847
60.625,inner_field_valleys,3.2797292798629007e-11,3.292385853396977e-11,2.7558140987811194e-13,8.131231943697424e-14,-0.384419509062639,-2.944529734360434,2.175690716235156
60.875,inner_field_valleys,3.288173711847844e-11,3.300995076558508e-11,2.7700142121757947e-13,1.4492850746278599e-13,-0.38840908311900124,-2.901091191803664,2.1242730255656617
61.125,inner_field_valleys,3.301450029177297e-11,3.299065975136694e-11,2.9410159046891453e-13,9.765151811219057e-14,0.07226451542863277,-2.636106483720389,2.7806355145776545
61.375,inner_field_valleys,3.3093647341839074e-11,3.337564173214694e-11,2.717496008224411e-13,1.0192084115434748e-13,-0.8449107662737543,-3.303839743869558,1.6140182113220491
61.625,inner_field_valleys,3.31194505486531e-11,3.352083950858287e-11,1.8398539521081232e-13,9.661178978942779e-14,-1.1974311079739008,-2.840810426167139,0.4459482102193376
61.875,inner_field_valleys,3.3023135691328876e-11,3.3444211748314115e-11,2.2505193916173044e-13,6.86833048853864e-14,-1.2590401596367817,-3.3144235787241674,0.7963432594506041
62.125,inner_field_valleys,3.3071083736204956e-11,3.3333795112479564e-11,2.9817078264674644e-13,1.4458415308306082e-13,-0.7881232106579206,-3.465865078058481,1.88961865674264
62.375,inner_field_valleys,3.31283026163739e-11,3.327093096501172e-11,2.3872395960845853e-13,1.3083401041067425e-13,-0.4286875795204259,-2.5796856132764123,1.7223104542355605
62.625,inner_field_valleys,3.3306164095005514e-11,3.332274693085074e-11,2.8613926950882155e-13,1.0780487604492226e-13,-0.049764312286859624,-2.6413880345331657,2.5418594099594465
62.875,inner_field_valleys,3.3333494463426585e-11,3.328657362123555e-11,2.2852057106315464e-13,1.231208981174204e-13,0.1409602644145469,-1.91637636498622,2.198296893815314
63.125,inner_field_valleys,3.34592192003853e-11,3.332750458816412e-11,2.4216929863588175e-13,7.216605269817511e-14,0.39521294452977695,-1.8251213909920807,2.6155472800516346
63.375,inner_field_valleys,3.344666529975021e-11,3.3472230932653065e-11,2.3293617671083844e-13,9.23893475235865e-14,-0.07637863443966664,-2.171632907576469,2.0188756386971356
63.625,inner_field_valleys,3.3565611090580206e-11,3.344560015934635e-11,2.3908828305828746e-13,2.4275895855863153e-13,0.3588242718386869,-2.138728121126975,2.856376664804349
63.875,inner_field_valleys,3.351030683360376e-11,3.357824974054218e-11,2.8285974292208543e-13,2.5468351164364793e-13,-0.20234201443914968,-2.981142596209661,2.5764585673313616
64.125,inner_field_valleys,3.358722250578904e-11,3.357010773133542e-11,2.4801486082657974e-13,2.4596511627771363e-13,0.05098218507546548,-2.4957299103982566,2.5976942805491876
64.375,inner_field_valleys,3.344684684078755e-11,3.3697699606178775e-11,2.2806742250829843e-13,2.2320974107905089e-13,-0.7444210385958439,-3.0537113765898387,1.564869299398151
64.625,inner_field_valleys,3.3629992125733456e-11,3.355186934144243e-11,2.9368260311546537e-13,2.1641260389083682e-13,0.23284182319622815,-2.486660982593204,2.95234462898566
64.875,inner_field_valleys,3.368837053796125e-11,3.351802340140003e-11,3.0377724723747396e-13,2.362416801120296e-13,0.50822548370828,-2.3467783737549275,3.363229341171488
65.125,inner_field_valleys,3.3660689245641183e-11,3.37727410771583e-11,3.4446467592636575e-13,2.175351490999738e-13,-0.33178186887797834,-3.4197345258076184,2.7561707880516617
65.375,inner_field_valleys,3.3621216112401774e-11,3.388145958954031e-11,2.9837258049637323e-13,2.300305061188689e-13,-0.768099958771773,-3.52685952963368,1.9906596120901348
65.625,inner_field_valleys,3.3661087749587075e-11,3.399707501919827e-11,3.029186515564703e-13,2.3956594735562005e-13,-0.9882828726337833,-3.796460864569927,1.8198951193023603
65.875,inner_field_valleys,3.3654557598681463e-11,3.4007630694708894e-11,2.830739009120191e-13,1.671406673132745e-13,-1.0382172730497352,-3.5421345722013027,1.4657000261018318
66.125,inner_field_valleys,3.37013557222471e-11,3.39390409201904e-11,3.145350323528767e-13,1.4840557073491574e-13,-0.7003297426766641,-3.4755759891849425,2.0749165038316137
66.375,inner_field_valleys,3.3667446349159875e-11,3.386540662909788e-11,2.368567415550129e-13,1.4120239016025656e-13,-0.5845501343188175,-2.690548331246273,1.5214480626086375
66.625,inner_field_valleys,3.3752697782397764e-11,3.393430123171331e-11,2.8744761139524373e-13,1.5075671261449638e-13,-0.5351618943779224,-3.0716161591619997,2.001292370406155
66.875,inner_field_valleys,3.369002103926067e-11,3.409320597753592e-11,2.5004905191445125e-13,1.815623909835367e-13,-1.182596141122394,-3.447508123969308,1.0823158417245202
67.125,inner_field_valleys,3.378966059446814e-11,3.4298815150022066e-11,1.6118408768574836e-13,2.2376454685382278e-13,-1.4844668928850724,-3.476944794281764,0.5080110085116194
67.375,inner_field_valleys,3.377996728625442e-11,3.447498295793559e-11,1.4304645633515081e-13,2.6628130537873996e-13,-2.0160000442326242,-4.2852009135499864,0.25320082508473796
67.625,inner_field_valleys,3.3883003719960536e-11,3.436082198294133e-11,1.8042506309024133e-13,1.9791166496914065e-13,-1.3905903159651234,-3.2861083664140494,0.5049277344838028
67.875,inner_field_valleys,3.4011159281514356e-11,3.43886855215782e-11,1.8422081875630646e-13,3.0504373431938555e-13,-1.0978210837019442,-3.7459679389579654,1.5503257715540772
68.125,inner_field_valleys,3.4091305512565335e-11,3.4400914583127606e-11,1.7060616393432573e-13,2.795024659083948e-13,-0.9000024398017725,-3.3323607046667285,1.532355825063184
68.375,inner_field_valleys,3.407169224879504e-11,3.427597548537691e-11,2.393315942898434e-13,1.4152639621347384e-13,-0.5959953982025201,-2.6972707484878846,1.5052799520828446
68.625,inner_field_valleys,3.4150771392028724e-11,3.435645813472851e-11,2.4679330142521956e-13,1.5585574574402794e-13,-0.5986843634847028,-2.7728520956297356,1.5754833686603298
68.875,inner_field_valleys,3.4371362163357034e-11,3.4581671549723847e-11,2.0908450527611805e-13,2.0831350948713071e-13,-0.6081527495407912,-2.6902589525406495,1.4739534534590668
69.125,inner_field_valleys,3.454416676723431e-11,3.4554527932986844e-11,1.8257638414526343e-13,2.1001079445664204e-13,-0.029984972657215447,-2.0094566180613285,1.9494866727468974
69.375,inner_field_valleys,3.4492758095017996e-11,3.456934947549868e-11,1.4203270566860565e-13,1.8531398301759863e-13,-0.22155863978570167,-1.8988734419800268,1.4557561624086235
69.625,inner_field_valleys,3.457285114589265e-11,3.465522487052415e-11,1.567290056027489e-13,1.77965143611282e-13,-0.23769496501394594,-1.9160960590313227,1.4407061290034309
69.875,inner_field_valleys,3.446840667964824e-11,3.46747351213876e-11,1.428830067360533e-13,1.6239572445870208e-13,-0.5950397054715895,-2.1217948281290684,0.9317154171858897
70.125,inner_field_valleys,3.43097825403102e-11,3.47074078448444e-11,2.4957621389914467e-13,1.5354228892244655e-13,-1.1456496731525934,-3.3154259156222055,1.0241265693170183
70.375,inner_field_valleys,3.4437346572404853e-11,3.4901481140221013e-11,1.4219441037701508e-13,2.6540954727047475e-13,-1.3298420372231279,-3.578866193447436,0.9191821190011801
70.625,inner_field_valleys,3.4325795194558006e-11,3.4903843247438665e-11,1.929967149234957e-13,3.0800292107608315e-13,-1.6561157715005437,-4.28707076714192,0.9748392241408326
70.875,inner_field_valleys,3.4552526065672955e-11,3.481295389444009e-11,1.574176136956293e-13,3.5363362522384773e-13,-0.7480773667089657,-3.7699936598939816,2.27383892647605
71.125,inner_field_valleys,3.4724015123359734e-11,3.502810978227866e-11,7.260607299923459e-14,3.9801324971168514e-13,-0.8681446438562057,-4.38582078984838,2.649531502135969
71.375,inner_field_valleys,3.4981614876246394e-11,3.492719086066413e-11,1.0107424973018451e-13,3.591611424745617e-13,0.1558213364463823,-3.00185640929927,3.3134990821920347
71.625,inner_field_valleys,3.47783029042148e-11,3.496684259803091e-11,9.044558658645401e-14,2.989925557841121e-13,-0.5391956488136729,-3.135574058313314,2.057182760685968
71.875,inner_field_valleys,3.475938002481969e-11,3.506548810921433e-11,1.0306864125084634e-13,3.2386075612163274e-13,-0.8729611390015157,-3.659671014487481,1.9137487364844497
72.125,inner_field_valleys,3.478461966071538e-11,3.4974761717876383e-11,5.5744633005367223e-14,3.684840430137569e-13,-0.5436550467299295,-3.8339147409644863,2.7466046475046273
72.375,inner_field_valleys,3.492930303579029e-11,3.507414169866428e-11,9.271077090814265e-14,3.5241116769663575e-13,-0.4129499849728546,-3.490604561838504,2.6647045918927947
72.625,inner_field_valleys,3.5030490616244845e-11,3.510682067489715e-11,9.949963290584612e-14,2.2529140397384737e-13,-0.217422304796977,-2.137392749123153,1.7025481395291988
72.875,inner_field_valleys,3.49538831090757e-11,3.511705527983024e-11,9.446165589959266e-14,2.8188561393037316e-13,-0.46465220233958826,-2.8902674693972594,1.960963064718083
73.125,inner_field_valleys,3.5016784583721917e-11,3.5125710500896846e-11,6.139996085757107e-14,2.868789976245025e-13,-0.31010310004162545,-2.8383273232405193,2.2181211231572684
73.375,inner_field_valleys,3.5149981272297736e-11,3.53037051720801e-11,5.212975494582053e-14,2.6579001443200424e-13,-0.4354327655782031,-2.7708121138675135,1.899946582711107
73.625,inner_field_valleys,3.517306511100657e-11,3.529148928978262e-11,7.109394910484476e-14,2.2541584907275448e-13,-0.33556016240531283,-2.2747521423568866,1.603631817546261
73.875,inner_field_valleys,3.534664222747273e-11,3.530310045284245e-11,1.0561046209029251e-13,3.298243825325005e-13,0.12333697061095439,-2.7245271034887626,2.9712010447106714
74.125,inner_field_valleys,3.523606690376053e-11,3.558811109180034e-11,1.7357112421965905e-13,3.0055253259575966e-13,-0.9892185261861863,-3.504249193978559,1.5258121416061865
74.375,inner_field_valleys,3.5267739098832895e-11,3.565216740366007e-11,1.993986697726218e-13,3.337494558508978e-13,-1.078274710411331,-3.8708286926430886,1.7142792718204265
74.625,inner_field_valleys,3.523561848287163e-11,3.5479073203616826e-11,1.8115328258236364e-13,3.9415942019551526e-13,-0.6861924474407588,-3.9909133401783405,2.618528445296823
74.875,inner_field_valleys,3.5321178228497486e-11,3.568917422727383e-11,1.4405527991186006e-13,4.198449875564334e-13,-1.0311137949925442,-4.560106597284466,2.4978790072993773
75.125,inner_field_valleys,3.550714893663099e-11,3.567290708293445e-11,1.9366653268225075e-13,2.9562321507738623e-13,-0.4646611668572276,-2.975580134883844,2.046257801169389
75.375,inner_field_valleys,3.5385229950777473e-11,3.563064658001841e-11,1.8213270166160057e-13,3.065872425002573e-13,-0.688779611927004,-3.263702862121044,1.8861436382670367
75.625,inner_field_valleys,3.5405546125528217e-11,3.582460377797529e-11,2.115094772335789e-13,3.3358977572853207e-13,-1.1697481849183955,-3.962008068594744,1.6225116987579533
75.875,inner_field_valleys,3.545021627360256e-11,3.576018073132488e-11,1.5501748544616536e-13,2.376832476010843e-13,-0.8667866084099529,-2.8724104979817517,1.1388372811618457
76.125,inner_field_valleys,3.5509645625906054e-11,3.589866999483867e-11,2.028037283845126e-13,3.60443610201275e-13,-1.0836734870360076,-4.066479964659478,1.899132990587463
76.375,inner_field_valleys,3.570708129372077e-11,3.60032501800089e-11,2.2641330394302713e-13,3.0661473803292924e-13,-0.8226170826448831,-3.451505297902957,1.8062711326131904
76.625,inner_field_valleys,3.584061969545643e-11,3.600648028623255e-11,2.224409291212283e-13,2.420097856537181e-13,-0.46064094423452495,-2.6923062303017913,1.7710243418327414
76.875,inner_field_valleys,3.5872796070600964e-11,3.609669442362752e-11,2.304153500113734e-13,2.1526510769987207e-13,-0.6202738411415276,-2.7544653938971773,1.5139177116141218
77.125,inner_field_valleys,3.614520987108942e-11,3.6104784894801186e-11,1.854907722325703e-13,2.553413738267625e-13,0.11196570317761889,-2.0794483267877286,2.3033797331429664
77.375,inner_field_valleys,3.610636189966533e-11,3.6212359286006784e-11,2.691902431753302e-13,2.455313892912219e-13,-0.2927105232340188,-2.7567271637074753,2.1713061172394377
77.625,inner_field_valleys,3.6096824500317685e-11,3.612225445640097e-11,2.65275914547956e-13,1.5119903065559172e-13,-0.07039969256066314,-2.276127388289076,2.1353280031677495
77.875,inner_field_valleys,3.61748646195405e-11,3.625428006528265e-11,2.0633757189387985e-13,2.8520383550752504e-13,-0.21905122815608635,-2.6482080807510724,2.2101056244388997
78.125,inner_field_valleys,3.638223853807143e-11,3.633759296951244e-11,2.367321430723678e-13,2.736446467121318e-13,0.12286330741952955,-2.3278723652140467,2.573598980053106
78.375,inner_field_valleys,3.6440528621942246e-11,3.637044318128136e-11,1.2515524736009009e-13,2.151371633619838e-13,0.19269889099662318,-1.5893552314945067,1.9747530134877531
78.625,inner_field_valleys,3.655913566810206e-11,3.638081549465992e-11,1.2875569352000947e-13,3.219118530533981e-13,0.4901489178226637,-2.1864898300807982,3.1667876657261256
78.875,inner_field_valleys,3.654530773802535e-11,3.639944211457717e-11,2.0602789165435907e-13,3.494027287196673e-13,0.4007358766352276,-2.499377556326724,3.3008493095971794
79.125,inner_field_valleys,3.6743471285818594e-11,3.6364968686349904e-11,2.1708497564280212e-13,3.4358804065073926e-13,1.0408440131856045,-1.8474577393011404,3.9291457656723496
79.375,inner_field_valleys,3.673172874077527e-11,3.6456073433799716e-11,2.0406365080000238e-13,3.4812448602283466e-13,0.75612999703909,-2.1372742221400687,3.649534216218249
79.625,inner_field_valleys,3.667235042123003e-11,3.659346848255357e-11,2.522767698289012e-13,2.503544188962112e-13,0.21556289126862804,-2.1635774015679927,2.594703184105249
79.875,inner_field_valleys,3.67619398810314e-11,3.6723213933479807e-11,2.824309655721652e-13,2.1985530357326896e-13,0.10545359025966317,-2.3152936411676808,2.526200821687007
80.125,inner_field_valleys,3.681519163794494e-11,3.673216051917432e-11,1.8723618209918659e-13,2.873342000295167e-13,0.22604474552285758,-2.1566808213085924,2.6087703123543076
80.375,inner_field_valleys,3.7031816780789224e-11,3.6912775629860805e-11,1.6554787535544265e-13,1.7854405308180943e-13,0.322493090528031,-1.2967607046196534,1.9417468856757154
80.625,inner_field_valleys,3.6972643192290926e-11,3.705367773860686e-11,1.5273760102489813e-13,1.5529977807720218e-13,-0.21869501561381233,-1.6556051871894357,1.2182151559618113
80.875,inner_field_valleys,3.706898685028068e-11,3.711792569700063e-11,1.4126795335238447e-13,1.140973485224814e-13,-0.13184693325656305,-1.3414279101197237,1.0777340436065976
81.125,inner_field_valleys,3.699470523896606e-11,3.722020372370699e-11,1.2405160785806754e-13,1.4630779439149235e-13,-0.6058496788863721,-1.8700674657032073,0.658368107930463
81.375,inner_field_valleys,3.703327524607192e-11,3.7361585275111455e-11,1.1166428940732838e-13,2.3889010984100845e-13,-0.8787368807346541,-2.776444019381295,1.0189702579119868
81.625,inner_field_valleys,3.717379260908477e-11,3.7369959710742e-11,1.399135265622746e-13,1.7999472278381633e-13,-0.5249326014147293,-2.034143241030739,0.9842780382012806
81.875,inner_field_valleys,3.730159584670724e-11,3.746967786776588e-11,8.2935302033804e-14,2.1751178868404114e-13,-0.4485814413772715,-2.1912949894372575,1.2941321066827143
82.125,inner_field_valleys,3.716217970914268e-11,3.7439304650080075e-11,1.1676858381526371e-13,1.7529959691341976e-13,-0.7401978843557533,-2.15888126368077,0.6784854949692637
82.375,inner_field_valleys,3.7130020871245503e-11,3.7391313930533626e-11,9.543048750601722e-14,1.7779476801568984e-13,-0.6988068399349623,-2.113870670638705,0.7162569907687804
82.625,inner_field_valleys,3.7153832568879744e-11,3.734668281494023e-11,4.205272012808484e-14,1.6240055781931133e-13,-0.5163785148364908,-1.8479514433233444,0.815194413650363
82.875,inner_field_valleys,3.739084284596309e-11,3.748163057556061e-11,3.9929294173633366e-14,2.0733538630600214e-13,-0.24221926368572788,-1.962705068763615,1.4782665413921592
83.125,inner_field_valleys,3.757456938644653e-11,3.778113858111788e-11,1.6058038929970457e-13,1.3461083088155954e-13,-0.5467521690163846,-1.911471230149886,0.8179668921171166
83.375,inner_field_valleys,3.766366749805119e-11,3.776120806791099e-11,1.6932965069555825e-13,1.7288799475618354e-13,-0.25830892296766494,-1.8245032107048826,1.3078853647695527
83.625,inner_field_valleys,3.776814545980651e-11,3.781970541972947e-11,1.637808007349548e-13,2.355068062461217e-13,-0.13633094005027768,-2.04601770711189,1.7733558270113345
83.875,inner_field_valleys,3.773088373556541e-11,3.798676268026476e-11,1.580812977287703e-13,2.1315625402130488e-13,-0.6736002929575435,-2.409472174557661,1.0622715886425735
84.125,inner_field_valleys,3.7853181172269815e-11,3.799174874285637e-11,1.4178816225888863e-13,1.969140279515834e-13,-0.36473069856414186,-1.9617872988040475,1.2323259016757637
84.375,inner_field_valleys,3.800645127209161e-11,3.797563542312438e-11,1.506924130160651e-13,1.9372131313002406e-13,0.08114636825395927,-1.5247088187079223,1.6870015552158408
84.625,inner_field_valleys,3.7899773101596815e-11,3.8006303300251064e-11,1.5448795386316644e-13,1.7664884877556214e-13,-0.2802961335456766,-1.7950109765307536,1.2344187094394004
84.875,inner_field_valleys,3.798590902895874e-11,3.815829247573505e-11,1.2607419009791051e-13,1.851217583520497e-13,-0.45175880678081093,-1.930410526293516,1.0268929127318944
85.125,inner_field_valleys,3.793798061611529e-11,3.8234029783847353e-11,9.703416830778366e-14,2.1659681093065656e-13,-0.774308042876326,-2.458859818264353,0.9102437325117011
85.375,inner_field_valleys,3.7941019381075116e-11,3.8332200905120706e-11,7.721501341216916e-14,9.476302467972268e-14,-1.0205036883059182,-1.8030191470142911,-0.23798822959754506
85.625,inner_field_valleys,3.803059236681157e-11,3.8536684114744816e-11,1.534563750677927e-13,1.6789624200312124e-13,-1.3132726895400015,-2.749280966961186,0.122735587881183
85.875,inner_field_valleys,3.819704252910688e-11,3.8664785685577284e-11,1.2975772682227962e-13,1.669328017560245e-13,-1.2097394261385563,-2.5557496188751196,0.1362707665980069
86.125,inner_field_valleys,3.824086011011079e-11,3.879756201707062e-11,9.014852510778648e-14,2.541492568603524e-13,-1.4348888899639922,-3.38809010897379,0.5183123290458062
86.375,inner_field_valleys,3.8375436209510855e-11,3.891143177480882e-11,5.413330179786736e-14,3.2449359041488746e-13,-1.3774758235572504,-3.9526289779124397,1.197677330797939
86.625,inner_field_valleys,3.860102605425776e-11,3.8838680925184434e-11,7.290168988911894e-14,3.140770678469651e-13,-0.6119025292966818,-3.0986233779105627,1.8748183193171994
86.875,inner_field_valleys,3.867960156480034e-11,3.88601135573144e-11,6.0305552476259e-14,2.9152867948231525e-13,-0.46451740869933866,-2.7862411554542708,1.8572063380555934
87.125,inner_field_valleys,3.878260903994252e-11,3.900742665631763e-11,5.897230223324677e-14,3.2992451562967945e-13,-0.5763456747760243,-3.204480560992762,2.0517892114407137
87.375,inner_field_valleys,3.879844733226626e-11,3.9090291139658536e-11,8.095103088330446e-14,3.2319811098889864e-13,-0.7465889838210837,-3.27639694574131,1.7832189780991423
87.625,inner_field_valleys,3.886456715496967e-11,3.925748922450077e-11,1.427902967991394e-13,3.157880233510902e-13,-1.0008843593743544,-3.3867513376626674,1.3849826189139585
87.875,inner_field_valleys,3.904711009968027e-11,3.927632972304478e-11,1.6941631232918028e-13,1.8726671116441753e-13,-0.5836075442406163,-2.155184256582523,0.9879691681012905
88.125,inner_field_valleys,3.91196518813154e-11,3.9243723095852244e-11,9.083159024357654e-14,2.4319475298723425e-13,-0.3161555651430059,-2.1810431952033573,1.5487320649173453
88.375,inner_field_valleys,3.9285661064999055e-11,3.946316484062764e-11,5.234332619001319e-14,3.403378291211844e-13,-0.44979609807128673,-3.1445938525964516,2.2450016564538777
88.625,inner_field_valleys,3.9275510198843187e-11,3.935673463375779e-11,1.282724539688631e-13,3.222165921853547e-13,-0.2063800151878903,-2.6655587418854885,2.252798711509708
88.875,inner_field_valleys,3.9389735375321094e-11,3.959898406349196e-11,1.670179141196456e-13,2.832160792900421e-13,-0.5284193347873778,-2.6706758283233705,1.6138371587486149
89.125,inner_field_valleys,3.9665353881446203e-11,3.977587670920844e-11,2.598285658465702e-13,1.9116483722880894e-13,-0.2778639640560021,-2.304436281348753,1.7487083532367491
89.375,inner_field_valleys,3.960413842470964e-11,3.979607269170797e-11,1.1327624176029475e-13,2.2182443030846481e-13,-0.48229449293956117,-2.1429385755435413,1.1783495896644192
89.625,inner_field_valleys,3.979121398995428e-11,4.003266523282206e-11,7.477226254046233e-14,1.9568807439971178e-13,-0.6031355680755857,-2.0680820471730312,0.8618109110218599
89.875,inner_field_valleys,4.00328761534857e-11,4.0043054462381e-11,1.1987170393041438e-13,1.3079745251790267e-13,-0.02541841283577595,-1.111398883093157,1.060562057421605
90.125,inner_field_valleys,3.990253664672612e-11,4.019362361557594e-11,1.904141189640477e-13,9.959388729447162e-14,-0.7242118094000771,-2.142670900723488,0.6942472819233337
90.375,inner_field_valleys,3.9977504610743824e-11,4.0456700358188544e-11,1.604135058920328e-13,1.5434701930174443e-13,-1.184465720639849,-2.524047397245801,0.1551159559661031
90.625,inner_field_valleys,4.002468070093865e-11,4.051734772811297e-11,1.2072995205051094e-13,9.279354015042534e-14,-1.2159409605986715,-2.147650462322731,-0.2842314588746118
90.875,inner_field_valleys,4.015602968365783e-11,4.05006007516325e-11,1.193093335050895e-13,1.1981947240429473e-13,-0.8507801404915694,-1.8680152277863904,0.16645494680325185
91.125,inner_field_valleys,4.025083169549529e-11,4.072844297474553e-11,1.9137948176884947e-14,1.10366085914133e-13,-1.1726725707299601,-2.0102727794506587,-0.33507236200926177
91.375,inner_field_valleys,4.0434064771943666e-11,4.0694618593096054e-11,1.519561267863416e-13,9.701487114241843e-14,-0.6402660355602663,-1.771746707726855,0.4912146366063224
91.625,inner_field_valleys,4.065536939134728e-11,4.067468972203238e-11,1.796109751673593e-13,1.2590691729104695e-13,-0.047499638760950535,-1.4050338982024524,1.3100346206805513
91.875,inner_field_valleys,4.0714557127540925e-11,4.084014009280239e-11,1.2997837707853253e-13,1.3622697374023966e-13,-0.3074988601314721,-1.4343221464763942,0.81932442621345
92.125,inner_field_valleys,4.0864294503619564e-11,4.0816988273575215e-11,2.1510273717620224e-13,8.650898797236919e-14,0.11589838458261337,-1.4696786840037133,1.70147545316894
92.375,inner_field_valleys,4.0879399368468173e-11,4.0970834586712745e-11,2.894536046379913e-13,1.3571765954152974e-13,-0.22317148080314153,-2.3388347588551452,1.892491797248862
92.625,inner_field_valleys,4.095984037475218e-11,4.104345685441836e-11,2.226768592379006e-13,1.7458632804340368e-13,-0.20372669866178805,-1.9132729264138602,1.505819529090284
92.875,inner_field_valleys,4.098977761394188e-11,4.1064274661813996e-11,1.792423580029919e-13,1.0692242634674743e-13,-0.1814157159371277,-1.4962086117419802,1.1333771798677248
93.125,inner_field_valleys,4.095326729653876e-11,4.116057544512875e-11,1.1833095121756506e-13,9.874289593758813e-14,-0.503657070748087,-1.4255137610986486,0.41819961960247454
93.375,inner_field_valleys,4.09679264352976e-11,4.1098388660682544e-11,2.0284794995082927e-13,1.694081238986146e-13,-0.31743878443037943,-1.901490016996228,1.2666124481354692
93.625,inner_field_valleys,4.1162171639910046e-11,4.1256803047805014e-11,2.485761476042712e-13,1.9252509836576325e-13,-0.22937164516920738,-2.1216544049526473,1.6629111146142326
93.875,inner_field_valleys,4.150373382782601e-11,4.122543883879727e-11,2.3499599763717476e-13,1.0945346309384456e-13,0.6750564623870803,-1.0318963802336933,2.3820093050078537
94.125,inner_field_valleys,4.159530178598019e-11,4.13369448261215e-11,2.4345877639003436e-13,1.1780626917693891e-13,0.6250025514595636,-1.1379365497827851,2.387941652701912
94.375,inner_field_valleys,4.1803778235252716e-11,4.178104687837359e-11,2.2317805621297246e-13,1.2079933116305631e-13,0.05440590549417035,-1.5465210219300332,1.6553328329183739
94.625,inner_field_valleys,4.183334729751314e-11,4.17472150018141e-11,2.71021476927125e-13,1.3524360977130794e-13,0.20631866268276955,-1.7368380633175244,2.1494753886830633
94.875,inner_field_valleys,4.189679272157163e-11,4.170602526048444e-11,3.0342609962237955e-13,1.116288677312669e-13,0.4574098344201083,-1.7404376516590805,2.655257320499297
95.125,inner_field_valleys,4.1979671826303036e-11,4.200894602911797e-11,1.892887771836996e-13,6.16851052476372e-14,-0.0696856398031076,-1.4401399404426343,1.300768660836419
95.375,inner_field_valleys,4.193118217943736e-11,4.196123717924315e-11,1.8304683539452505e-13,1.5997336914103653e-13,-0.07162562838032294,-1.4950401096668953,1.3517888529062494
95.625,inner_field_valleys,4.213884604151072e-11,4.2146456185795e-11,1.9607502347666599e-13,9.375065902941864e-14,-0.018056427450829915,-1.4108175089782347,1.3747046540765748
95.875,inner_field_valleys,4.240087759154886e-11,4.233431108483881e-11,1.857062952275723e-13,1.9967111629077304e-14,0.15724008494351072,-1.229029899767085,1.5435100696541064
96.125,inner_field_valleys,4.253648205155547e-11,4.23280414241634e-11,1.9822231505034072e-13,2.980067518239785e-14,0.492440992729426,-0.9782791501394177,1.9631611355982694
96.375,inner_field_valleys,4.251278185123469e-11,4.273470624285539e-11,2.2667843349737316e-13,1.3083811310316067e-13,-0.51930716537405,-2.1131842520105795,1.0745699212624797
96.625,inner_field_valleys,4.2608319911660485e-11,4.266686268558124e-11,2.6305921551810225e-13,1.3028375106617636e-13,-0.137208996012117,-1.9826101550956388,1.7081921630714048
96.875,inner_field_valleys,4.276621752894614e-11,4.2753401906473435e-11,2.5009785311293524e-13,8.768386788336013e-14,0.02997567889624353,-1.7420541617635517,1.8020055195560387
97.125,inner_field_valleys,4.299100798679891e-11,4.29753303929256e-11,2.043664817807751e-13,7.11788274738547e-14,0.03648044989990051,-1.4045533464585602,1.4775142462583613
97.375,inner_field_valleys,4.3187139877116153e-11,4.3301626891223834e-11,2.2715865939521364e-13,1.1049412637558561e-13,-0.2643942556599055,-1.8347029474429684,1.3059144361231574
97.625,inner_field_valleys,4.325210716792249e-11,4.328872048770589e-11,2.7555392712430994e-13,1.7220506002593973e-13,-0.08457935316843468,-2.0101442147158157,1.8409855083789464
97.875,inner_field_valleys,4.3500343346531074e-11,4.3430165587947323e-11,2.19710821640907e-13,1.8814129747276664e-13,0.1615875915592424,-1.4784569219552173,1.801632105073702
98.125,inner_field_valleys,4.3589672452947495e-11,4.3605947576418624e-11,1.8289365954954557e-13,1.677297830516504e-13,-0.03732317350197967,-1.4321561958855973,1.357509848881638
98.375,inner_field_valleys,4.371351794647866e-11,4.369911208725709e-11,2.2248909219263494e-13,1.6431954494657163e-13,0.03296602272560012,-1.5489676313657517,1.614899676816952
98.625,inner_field_valleys,4.379165572058978e-11,4.3615484523124236e-11,1.8343213569329664e-13,1.6769563703763172e-13,0.4039189278572497,-0.9954477781619484,1.8032856338764478
98.875,inner_field_valleys,4.4102975872798796e-11,4.359005192487462e-11,1.3395016514011317e-13,2.0736085488547566e-13,1.1766995570644756,-0.2828115873558483,2.6362107014847993
99.125,inner_field_valleys,4.431139907873566e-11,4.373924675157334e-11,2.0652254728377277e-13,2.16160815859885e-13,1.3080982633559834,-0.3772512001019964,2.9934477268139634
99.375,inner_field_valleys,4.4294412023022973e-11,4.397609750918087e-11,2.8480233421173285e-13,1.94742070669074e-13,0.7238352920598379,-1.2612166583407924,2.708887242460468
99.625,inner_field_valleys,4.46402564151598e-11,4.4201943086153294e-11,3.095946262629837e-13,2.237307369102944e-13,0.9916155227660317,-1.1788716425168766,3.16210268804894
99.875,inner_field_valleys,4.456479192387834e-11,4.43817202195802e-11,3.310485843120527e-13,3.1385760828307027e-13,0.41249348468781477,-2.1089697723879324,2.933956741763562
100.125,inner_field_valleys,4.473397455984486e-11,4.467907223847255e-11,2.0170235587210497e-13,2.7225660274850913e-13,0.12288151615877929,-1.7734292610816444,2.019192293399203
100.375,inner_field_valleys,4.496357687626355e-11,4.47650521832825e-11,1.7513517515324464e-13,2.40587188125717e-13,0.4434814287007205,-1.2269420771886381,2.113904934590079
100.625,inner_field_valleys,4.5018705434442914e-11,4.4927148760760047e-11,2.6084165489729053e-13,9.83529626588855e-14,0.20378919252235228,-1.5482015367408823,1.955779921785587
100.875,inner_field_valleys,4.507035221742491e-11,4.50075317867568e-11,2.737734844856868e-13,9.79439347984973e-14,0.1395775955139067,-1.7009737849958146,1.980128976023628
101.125,inner_field_valleys,4.526638810552362e-11,4.5205059046161805e-11,2.399095976598645e-13,7.104380110404398e-14,0.13566857483626737,-1.4867854718172566,1.7581226214897914
101.375,inner_field_valleys,4.541690917339683e-11,4.551040616560284e-11,3.4013962328782286e-13,9.63011545831712e-14,-0.2054409091973297,-2.496229559566598,2.0853477411719386
101.625,inner_field_valleys,4.5694688318925965e-11,4.567108788933184e-11,3.4847366278715574e-13,1.625959357476999e-13,0.051674769936105314,-2.2333255485508485,2.336675088423059
101.875,inner_field_valleys,4.590071824850383e-11,4.5707755357734987e-11,3.8793515620902133e-13,1.2710466294433351e-13,0.4221666307142158,-2.1577443601106046,3.002077621539036
102.125,inner_field_valleys,4.598773976475193e-11,4.5806683822825616e-11,4.694645739671265e-13,2.361546274271349e-13,0.395260968086264,-2.672511490399403,3.4630334265719305
102.375,inner_field_valleys,4.610595729664729e-11,4.6087343445446166e-11,5.388456850829815e-13,2.514806951937382e-13,0.04038820597926929,-3.4609940837974444,3.541770495755983
102.625,inner_field_valleys,4.637296580380347e-11,4.605498989778627e-11,4.2619606389989125e-13,1.7349953145941884e-13,0.6904266111509516,-2.091778808972215,3.4726320312741183
102.875,inner_field_valleys,4.64507198532576e-11,4.6289977043906445e-11,3.2146301549988767e-13,1.0311664237395881e-13,0.3472518666377544,-1.7662528335202279,2.460756566795737
103.125,inner_field_valleys,4.674371823469941e-11,4.6349195728183715e-11,3.769025694716676e-13,1.1867322230247164e-13,0.8511960139057972,-1.6254882920628284,3.3278803198744225
103.375,inner_field_valleys,4.6772296095106737e-11,4.6580901051095643e-11,3.785746087299307e-13,1.1454636874293913e-13,0.4108873802186608,-2.0704227871290692,2.892197547566391
103.625,inner_field_valleys,4.696291688964669e-11,4.668917113206219e-11,3.735904309300429e-13,3.247756882031346e-14,0.5863153081261618,-1.9482412053371114,3.120871821589435
103.875,inner_field_valleys,4.7138533453242545e-11,4.696656574238929e-11,2.9433156562438135e-13,4.549798466808747e-14,0.36614921303059766,-1.6006833936891305,2.332981819750326
104.125,inner_field_valleys,4.725513820049956e-11,4.7390188795075286e-11,3.6047513947254174e-13,1.169954161952509e-13,-0.2849758526173307,-2.5992602529381306,2.029308547703469
104.375,inner_field_valleys,4.75845304019155e-11,4.7563753974423495e-11,4.1067732625743983e-13,1.561471632179567e-13,0.04368121890290233,-2.5609420324234953,2.6483044702293
104.625,inner_field_valleys,4.7976116282673806e-11,4.7749712292796984e-11,4.665333017389628e-13,8.436434606142348e-14,0.4741473382887218,-2.578346978484731,3.5266416550621744
104.875,inner_field_valleys,4.79769012587086e-11,4.793110484250199e-11,2.8479126444286027e-13,1.182482378953512e-13,0.09554633959951708,-1.6898134617209921,1.8809061409200263
105.125,inner_field_valleys,4.798078652744086e-11,4.8151528704710034e-11,2.348190237952583e-13,1.4094637363788397e-13,-0.354593471613851,-1.8240415887092822,1.1148546454815802
105.375,inner_field_valleys,4.827004525404172e-11,4.8593514644902895e-11,1.4507432713730947e-13,1.56701284273596e-13,-0.6656637068236937,-1.7384042009118166,0.40707678726442914
105.625,inner_field_valleys,4.8350896301380335e-11,4.874749826647666e-11,9.098250568057338e-14,6.50673860496091e-14,-0.8135842437047902,-1.3886738927589861,-0.23849459465059425
105.875,inner_field_valleys,4.864942931598543e-11,4.905918989042793e-11,1.3860637573320022e-13,1.3950664750656306e-13,-0.8352371397849834,-1.811982768823319,0.14150848925335233
106.125,inner_field_valleys,4.8985314625345686e-11,4.9264919370957446e-11,8.16968337172657e-14,8.473308795944535e-14,-0.5675534420474304,-1.1505842730072295,0.015477388912368915
106.375,inner_field_valleys,4.916972840276314e-11,4.934719574597087e-11,4.957808861333048e-14,1.196893690086364e-13,-0.35963004690539035,-1.0858036093002132,0.36654351548943254
106.625,inner_field_valleys,4.939324830493879e-11,4.965143343977414e-11,1.4715814622214133e-13,1.0653138105724371e-13,-0.519995329336298,-1.435930347448146,0.39593968877554997
106.875,inner_field_valleys,4.961398722705916e-11,4.974381835364948e-11,2.620352993625853e-13,9.08368128912681e-14,-0.2609995189096659,-1.857920817540225,1.3359217797208933
107.125,inner_field_valleys,5.001396253326809e-11,4.986073473968713e-11,2.7997154305959504e-13,1.325882245136996e-13,0.3073115436042828,-1.3738226361678918,1.9884457233764574
107.375,inner_field_valleys,5.0239277066389654e-11,5.019154918449608e-11,1.348714064701694e-13,1.067049987227393e-13,0.09509146991684148,-0.7544242959187761,0.9446072357524591
107.625,inner_field_valleys,5.063534217697451e-11,5.065878986619686e-11,2.1804907976332245e-13,6.256198983218984e-14,-0.046285529686529436,-1.3645215720045623,1.2719505126315034
107.875,inner_field_valleys,5.094163798149667e-11,5.071892272949466e-11,1.5537230358783831e-13,1.0960133017285275e-13,0.43911668469349685,-0.5045893852357864,1.38282275462278
108.125,inner_field_valleys,5.113104391638344e-11,5.100089757198239e-11,1.4132808265577272e-13,7.346260007743015e-14,0.2551844194846886,-0.5745716911570472,1.0849405301264243
108.375,inner_field_valleys,5.1396802342019835e-11,5.1367862704831145e-11,1.3588632320768082e-13,1.681282273347473e-13,0.05633802082634087,-0.984913644802801,1.0975896864554828
108.625,inner_field_valleys,5.150807332391332e-11,5.150826869684925e-11,1.5356051640857824e-13,1.0850876443384418e-13,-0.00037930402413399733,-0.9183272348717648,0.9175686268234968
108.875,inner_field_valleys,5.176420786399292e-11,5.17235786829857e-11,2.0585390571928734e-13,9.549489221077017e-14,0.07855059924648522,-1.1134327097213916,1.270533908214362
109.125,inner_field_valleys,5.18869793853372e-11,5.192050933913008e-11,2.461083474533401e-13,5.799920552007967e-14,-0.06457940074099389,-1.5306103517593075,1.4014515502773197
109.375,inner_field_valleys,5.207631402383952e-11,5.2351038004029814e-11,2.675857194444653e-13,1.3367667882657688e-13,-0.5247727469494423,-2.0546803232548143,1.0051348293559297
109.625,inner_field_valleys,5.259497264112859e-11,5.25138503243633e-11,3.201576014375539e-13,2.1884917254594877e-13,0.15447794489305,-1.712354332856577,2.021310222642677
109.875,inner_field_valleys,5.2889901667185773e-11,5.2914699734982505e-11,3.749522724166394e-13,2.6566504044592846e-13,-0.046864232285037666,-2.2295790277383327,2.1358505631682574
110.125,inner_field_valleys,5.338584626483848e-11,5.319140965580286e-11,2.7406429985704887e-13,1.300462171108605e-13,0.3655413727400747,-1.1770283394517749,1.9081110849319243
110.375,inner_field_valleys,5.37508475101984e-11,5.340186390867529e-11,3.5520898391095403e-13,1.0312384287729708e-13,0.6535045333247558,-1.3815854317264133,2.688594498375925
110.625,inner_field_valleys,5.382173984319e-11,5.3643471428838685e-11,3.068933384270112e-13,1.5097382701042678e-13,0.33232080177323375,-1.3800573090112616,2.044698912557729
110.875,inner_field_valleys,5.423082432832449e-11,5.413285851705882e-11,2.4637693937317363e-13,1.1694309891943419e-13,0.1809729135859195,-1.1816663935471676,1.5436122207190066
111.125,inner_field_valleys,5.458641214562265e-11,5.4405614262291396e-11,2.3882190594689185e-13,2.170373789183702e-13,0.3323147542450666,-1.124256296745296,1.7888858052354295
111.375,inner_field_valleys,5.5023326642303466e-11,5.4899363535528044e-11,2.635204163467262e-13,1.3194694766121986e-13,0.22580062644115273,-1.210956477787199,1.6625577306695047
111.625,inner_field_valleys,5.517946980851909e-11,5.526287845180343e-11,1.6676186905474664e-13,1.0107757082516314e-13,-0.15093068913717422,-1.0610827460833205,0.759221367808972
111.875,inner_field_valleys,5.566815633318145e-11,5.5804074642546097e-11,1.23072250492018e-13,1.4737459138373925e-13,-0.24356341402536064,-1.090613167149776,0.6034863390990549
112.125,inner_field_valleys,5.627721236578508e-11,5.607922968532942e-11,2.1376107410346746e-13,9.086120297637366e-14,0.35304101280737576,-0.791218012158767,1.4973000377735186
112.375,inner_field_valleys,5.678623491828856e-11,5.657157835777846e-11,3.0732898015595386e-13,1.512462722176339e-13,0.3794424103788385,-1.246607122937856,2.005491943695533
112.625,inner_field_valleys,5.7286191345492955e-11,5.682771396104053e-11,3.0633766347913426e-13,1.6123699123088007e-13,0.8067848458003235,-0.8079297175646576,2.4214994091653046
112.875,inner_field_valleys,5.782215048889662e-11,5.72377794793721e-11,3.5347390560137543e-13,1.5336815009761294e-13,1.020953319363338,-0.831237595710653,2.873144234437329
113.125,inner_field_valleys,5.821275989445792e-11,5.7649944951494785e-11,2.726519001739086e-13,2.0359510350957604e-13,0.9762627586837658,-0.5000961942532495,2.452621711620781
113.375,inner_field_valleys,5.862223994662836e-11,5.7997129921979514e-11,2.3662626993971876e-13,1.757786290680465e-13,1.0778292399809652,-0.1945298446876945,2.3501883246496247
113.625,inner_field_valleys,5.904934351132465e-11,5.860798928046684e-11,1.4870386852440272e-13,1.5930502768542922e-13,0.7530615471991631,-0.16173797665266637,1.6678610710509925
113.875,inner_field_valleys,5.96118513840338e-11,5.922043335978607e-11,2.2865599314241834e-13,1.3102856947941006e-13,0.6609509624317056,-0.4995702549211995,1.8214721797846105
114.125,inner_field_valleys,5.998075417218623e-11,5.980807462383044e-11,2.735855087632734e-13,1.2841178145817787e-13,0.2887228011299037,-1.0810046205915518,1.6584502228513591
114.375,inner_field_valleys,6.067506857503018e-11,6.03381247991045e-11,2.0240682418613332e-13,7.105398479926633e-14,0.5584259985664586,-0.45738688107268555,1.5742388782056027
114.625,inner_field_valleys,6.119095363348809e-11,6.081819590362001e-11,2.6071296382656587e-13,2.360483873106738e-13,0.6129049445313894,-0.8089749820335943,2.0347848710963734
114.875,inner_field_valleys,6.170091446030576e-11,6.137267831718419e-11,2.5113959211396074e-13,2.2645099586341817e-13,0.534824537761236,-0.8197840368051773,1.8894331123276493
115.125,inner_field_valleys,6.218492887700011e-11,6.2106975612416e-11,2.0072233689984188e-13,1.8130879307702733e-13,0.12551450753388593,-0.943350942133773,1.1943799572015448
115.375,inner_field_valleys,6.282769963608761e-11,6.253081710172882e-11,1.8442219397583284e-13,1.0623207499789517e-13,0.4747779544857167,-0.41186690775430745,1.361422816725741
115.625,inner_field_valleys,6.352006281489323e-11,6.350108781850428e-11,2.29827378870015e-13,1.6544217757040763e-13,0.02988137217929676,-1.0885819164929305,1.148344660851524
115.875,inner_field_valleys,6.412352044443885e-11,6.419351848307998e-11,1.589021237297132e-13,1.645930337497547e-13,-0.10904222154387577,-0.980857172742256,0.7627727296545045
116.125,inner_field_valleys,6.483235918292646e-11,6.477058717648646e-11,1.7654670265390694e-13,1.9845454705731187e-13,0.09537045923588838,-0.9119822104593962,1.102723128931173
116.375,inner_field_valleys,6.552997585155633e-11,6.601714888861183e-11,2.482482342982436e-13,1.148412446549939e-13,-0.7379492226746831,-1.8644245025586696,0.38852605720930344
116.625,inner_field_valleys,6.652065015562888e-11,6.677732440291746e-11,2.4386290026598677e-13,1.3328996321200064e-13,-0.38437336264008914,-1.479065835198991,0.7103191099188126
116.875,inner_field_valleys,6.733307962484239e-11,6.747010148602486e-11,2.4561245039942146e-13,8.735749195089105e-14,-0.20308530469730357,-1.3051140313917615,0.8989434219971544
117.125,inner_field_valleys,6.801363514131043e-11,6.831017679410757e-11,4.1346869073906995e-13,5.101724056344065e-14,-0.43411050404823515,-2.3430972807273553,1.4748762726308848
117.375,inner_field_valleys,6.90545580592125e-11,6.917181485311663e-11,3.807155835511238e-13,1.285219486026206e-13,-0.169515277505905,-1.840365617740196,1.501335062728386
117.625,inner_field_valleys,7.007435236253648e-11,7.002474666882739e-11,2.7252249768882017e-13,4.6037024934645226e-14,0.07084023301604514,-1.147747222372933,1.2894276884050233
117.875,inner_field_valleys,7.118967382077107e-11,7.115909317723923e-11,2.936021457254033e-13,1.0490396318964321e-13,0.04297503265771052,-1.2056202464983807,1.2915703118138018
118.125,inner_field_valleys,7.245588068161412e-11,7.23492024690131e-11,2.838383140878922e-13,1.6751147450093363e-13,0.14744905121337748,-1.0336282752192092,1.3285263776459642
118.375,inner_field_valleys,7.36389110940123e-11,7.358182851172994e-11,3.137639346620501e-13,1.3656625751646426e-13,0.07757700975488113,-1.2015904653426488,1.356744484852411
118.625,inner_field_valleys,7.501584946112417e-11,7.484581380544521e-11,3.6454986378117733e-13,1.6963200218005298e-13,0.22718125040492865,-1.2314795893351733,1.6858420901450306
118.875,inner_field_valleys,7.658029538241087e-11,7.622349290546414e-11,3.0278329718968647e-13,1.997411556622886e-13,0.46810040231199945,-0.7422677355884012,1.6784685402124002
119.125,inner_field_valleys,7.785376841116818e-11,7.784150240139651e-11,2.7361623148008656e-13,2.04527223751117e-13,0.015757673468863587,-1.079324420053141,1.1108397669908683
119.375,inner_field_valleys,7.925831545839577e-11,7.941058638775925e-11,3.6646994998432646e-13,1.5404973163895142e-13,-0.1917514229399453,-1.5779299379443286,1.194427092064438
119.625,inner_field_valleys,8.092929775742691e-11,8.11230511612006e-11,2.996836903902847e-13,1.7690975878362951e-13,-0.23883890090460325,-1.3506940768870954,0.8730162750778888
119.875,inner_field_valleys,8.27242541003283e-11,8.288924862898528e-11,3.563249016770508e-13,1.4088934674064353e-13,-0.19905419748164066,-1.493600263366447,1.0954918684031656
120.125,inner_field_valleys,8.462971682850669e-11,8.456528704485847e-11,3.042331657106156e-13,2.6226074461132944e-13,0.07618939862883423,-1.0925127419996499,1.2448915392573183
120.375,inner_field_valleys,8.666506453715151e-11,8.655630444486127e-11,3.711580640053066e-13,3.913602049936709e-13,0.12565242126241216,-1.401224039558668,1.6525288820834922
120.625,inner_field_valleys,8.853569504986404e-11,8.886029092991522e-11,3.20543988402352e-13,4.024881108953242e-13,-0.3652878880479826,-1.7957765301704058,1.0652007540744406
120.875,inner_field_valleys,9.05822742601635e-11,9.11264546251308e-11,4.850579809007641e-13,4.349736574122015e-13,-0.5971705661170557,-2.3475392326899316,1.1531981004558205
121.125,inner_field_valleys,9.299528551730839e-11,9.33965366214209e-11,5.767848141400523e-13,4.184327034510135e-13,-0.4296209673587348,-2.3393005933574247,1.4800586586399551
121.375,inner_field_valleys,9.522469514211951e-11,9.584621011526907e-11,6.293336774775344e-13,3.0109577737926284e-13,-0.648450233349962,-2.614297667303572,1.3173972006036478
121.625,inner_field_valleys,9.741111295237783e-11,9.800716672661684e-11,6.266608213312021e-13,3.90438781778556e-13,-0.6081736613217759,-2.5407588750818744,1.3244115524383229
121.875,inner_field_valleys,9.952489611569708e-11,1.0018251335471481e-10,4.2886565504108047e-13,4.1910464755692636e-13,-0.6564191863397517,-2.1166469219256125,0.803808549246109
122.125,inner_field_valleys,1.0220793232865281e-10,1.0260438925881855e-10,5.696153328787248e-13,5.017280924020809e-13,-0.38639373327945536,-2.2010147400074818,1.428227273448571
122.375,inner_field_valleys,1.044161323264874e-10,1.0458986707817531e-10,4.662226595953366e-13,5.598683065320809e-13,-0.1661105005115293,-1.8823292229002215,1.550108221877163
122.625,inner_field_valleys,1.067285006473429e-10,1.0664068028105517e-10,4.012418200527225e-13,3.7312455246874854e-13,0.08235165609997708,-1.1769227906260107,1.3416261028259648
122.875,inner_field_valleys,1.0902737890908745e-10,1.0851146086039349e-10,3.337405880649338e-13,4.669513212352664e-13,0.4754502838715924,-0.8575130896255602,1.8084136573687448
123.125,inner_field_valleys,1.1061373253664055e-10,1.1061893046728612e-10,5.417451204173078e-13,4.0409645966552093e-13,-0.00469895218080385,-1.5296294444396492,1.5202315400780415
123.375,inner_field_valleys,1.1220380719755163e-10,1.1236494780556922e-10,4.85015028658668e-13,4.4277190900117013e-13,-0.14340825245290345,-1.575545968247242,1.288729463341435
123.625,inner_field_valleys,1.1328962161601169e-10,1.1345335558922266e-10,2.666058186539758e-13,4.086989649118406e-13,-0.14431831686300134,-1.2382250443841218,0.9495884106581192
123.875,inner_field_valleys,1.1429658886501984e-10,1.1420330929889098e-10,4.251286883914684e-13,6.719861354710504e-13,0.08167851413545257,-1.7020632369992337,1.8654202652701388
124.125,inner_field_valleys,1.1500741838635467e-10,1.147687837769977e-10,2.3585942784712774e-13,5.714887512484993e-13,0.2079264077770926,-1.2919608300799452,1.7078136456341306
124.375,inner_field_valleys,1.1476862832077364e-10,1.148049275175085e-10,3.838395164856743e-13,3.906994815212577e-13,-0.03161815221679465,-1.198871439227402,1.1356351347938127
124.625,inner_field_valleys,1.1396949865364284e-10,1.1457809579143131e-10,5.150973687809483e-13,7.484551147619486e-13,-0.5311635994512565,-2.5242800955713416,1.4619528966688284
124.875,inner_field_valleys,1.132089618151979e-10,1.1370747714594201e-10,8.101287420681e-13,5.281897138974014e-13,-0.43841912885312917,-2.6032749477520323,1.726436690045774
125.125,inner_field_valleys,1.12261964036238e-10,1.1166114248866237e-10,6.228997759333242e-13,2.522072752799324e-13,0.5380757658257407,-1.1395567057163725,2.2157082373678536
125.375,inner_field_valleys,1.0976263916341446e-10,1.0959255898039072e-10,9.151317979287387e-13,4.83889035204789e-13,0.15519318519989778,-2.34595435759954,2.6563407279993356
125.625,inner_field_valleys,1.0612188997651241e-10,1.072777278026209e-10,5.400711984974474e-13,4.796369107826969e-13,-1.0774257152753153,-2.7237585150081474,0.5689070844575168
125.875,inner_field_valleys,1.0348563480251699e-10,1.0392758015229818e-10,6.572103950939905e-13,4.841664651845913e-13,-0.42524356781283856,-2.387034936863963,1.536547801238286
126.125,inner_field_valleys,9.977178066307073e-11,9.937224865131645e-11,5.31053058243229e-13,6.114981174149941e-13,0.4020559232348564,-1.6069037966683828,2.4110156431380956
126.375,inner_field_valleys,9.549377333920953e-11,9.550543057701834e-11,8.684862302297028e-13,6.416765961814916e-13,-0.01220583765592087,-2.837618281412715,2.813206606100873
126.625,inner_field_valleys,9.073400140853968e-11,9.091249605969804e-11,6.624561788493723e-13,4.2894848062546116e-13,-0.19633676215550233,-2.409199570437677,2.0165260461266725
126.875,inner_field_valleys,8.633061253459783e-11,8.605565283317073e-11,7.956913175053168e-13,3.488786796351872e-13,0.31951381736670115,-2.4533632338976945,3.092390868631097
127.125,inner_field_valleys,8.072168632814416e-11,8.076892685140695e-11,1.009218688143224e-12,3.755231168987954e-13,-0.05848848697679321,-3.832022423748777,3.715045449795191
127.375,inner_field_valleys,7.507206488652527e-11,7.538775679239296e-11,1.1354105810914817e-12,6.388701591372648e-13,-0.41875752681839185,-4.938619248964182,4.101104195327398
127.625,inner_field_valleys,6.879323010438114e-11,6.984883018251114e-11,8.846446365349961e-13,5.604250601356157e-13,-1.5112637897753967,-5.342168873190819,2.3196412936400264
127.875,inner_field_valleys,6.323480566497555e-11,6.428621266726016e-11,8.069092008631437e-13,5.239463431482121e-13,-1.6355093241012697,-5.441901708847885,2.1708830606453455
128.125,inner_field_valleys,5.863005182189024e-11,5.841155403577095e-11,7.941053846739065e-13,4.863418768189319e-13,0.37406603834830854,-3.732107066760415,4.480239143457032
128.375,inner_field_valleys,5.308641358733776e-11,5.1832178434728526e-11,5.056116596341144e-13,3.4046939547110155e-13,2.4198001907032918,-0.5708312221063876,5.410431603512971
128.625,inner_field_valleys,4.752385725244797e-11,4.6415836457661636e-11,6.434511253027369e-13,2.4572589457155e-13,2.3871611056649256,-1.7892328906085249,6.563555101938376
128.875,inner_field_valleys,4.220838415373389e-11,4.110772950811964e-11,6.242268204867441e-13,1.6713298675210273e-13,2.677488294255803,-1.9835506294674878,7.3385272179790935
129.125,inner_field_valleys,3.708568443614611e-11,3.663713925490171e-11,4.2669043778238643e-13,3.966754956972849e-13,1.2242909527506063,-2.6923790460431896,5.140960951544402
129.375,inner_field_valleys,3.260423633201349e-11,3.204184390407742e-11,3.96574317497604e-13,3.993414343320439e-13,1.755181223713853,-2.5814786800953975,6.091841127523104
129.625,inner_field_valleys,2.8418837042973217e-11,2.816146203738551e-11,2.501796625751223e-13,1.9668585376140118e-13,0.9139262913481883,-1.896042203823802,3.723894786520179
129.875,inner_field_valleys,2.436316634131159e-11,2.4287572447039763e-11,3.012495426734191e-13,9.801083479411481e-14,0.3112451622600876,-3.4607563196619866,4.083246644182162
130.125,inner_field_valleys,2.124880085548116e-11,2.0743741331401636e-11,3.1565983266165676e-13,2.2370118760198222e-13,2.434756180241071,-2.275578330608928,7.14509069109107
130.375,inner_field_valleys,1.799011492138376e-11,1.766018466279699e-11,1.5812690424702323e-13,1.8553084859537258e-13,1.8682152247354589,-1.572035771406905,5.308466220877823
130.625,inner_field_valleys,1.5390473946139437e-11,1.486104480626956e-11,2.4170594825100623e-13,2.8139910583658643e-13,3.562529733081221,-2.7235117319300146,9.848571198092456
130.875,inner_field_valleys,1.2524572165228132e-11,1.2546707695180346e-11,2.1823446946164977e-13,2.139953312824494e-13,-0.17642500718110243,-6.132795090078464,5.779945075716259
131.125,inner_field_valleys,1.0364094137308392e-11,1.0396682229862073e-11,1.198078114788748e-13,2.3350003919861063e-13,-0.31344703851849953,-7.016170361018912,6.389276283981913
131.375,inner_field_valleys,8.36944845280148e-12,8.419306661885437e-12,9.393300448170008e-14,1.0119811519441958e-13,-0.5921890137303931,-4.596851967061908,3.4124739396011217
131.625,inner_field_valleys,6.908442502835729e-12,6.999097578380891e-12,1.0656476336065106e-13,1.5146454508591642e-13,-1.295239486661559,-7.88303087476009,5.292551901436972
131.875,inner_field_valleys,5.6256889030342554e-12,5.572875990801487e-12,1.0587637971001952e-13,9.243664943635716e-14,0.94767786543144,-5.27268631030504,7.1680420411679195
132.125,inner_field_valleys,4.619680248546738e-12,4.6181384323247165e-12,1.0224277794016823e-13,4.80387374330909e-14,0.03338609798331227,-6.596047531671473,6.662819727638097
132.375,inner_field_valleys,3.565532762537402e-12,3.772280741951093e-12,1.563568777921058e-13,4.689986528770086e-14,-5.480715608318098,-18.182717746506924,7.221286529870727
132.625,inner_field_valleys,2.8088066182395135e-12,2.8799997608279026e-12,9.902916780212525e-14,3.523571400446763e-14,-2.471984322940479,-12.89391947959338,7.949950833712421
132.875,inner_field_valleys,2.3565961540619844e-12,2.3034097493331212e-12,3.526528917723496e-14,2.3763984756661623e-14,2.3090292443305627,-2.384447962821054,7.002506451482179
133.125,inner_field_valleys,1.8041918213739119e-12,1.7919309719341974e-12,6.587693803133353e-14,6.40663185985572e-14,0.6842255439382328,-11.907031716998064,13.27548280487453
133.375,inner_field_valleys,1.3505383893112847e-12,1.4647829894310395e-12,4.492829117798677e-14,1.0142817701861085e-13,-7.799421548725816,-26.91171416564282,11.312871068191189
133.625,inner_field_valleys,1.0737869961882228e-12,1.062613342988925e-12,4.687528022778297e-14,3.2293522043155384e-14,1.0515257758639152,-12.494558122248234,14.597609673976065
133.875,inner_field_valleys,7.994459285678785e-13,8.604990801612688e-13,2.9291458629719795e-14,2.6504103176526668e-14,-7.09508621228836,-18.054874277987082,3.864701853410363
134.125,inner_field_valleys,5.7032532332604e-13,6.963965207687464e-13,2.3910442418665063e-14,7.42316003273165e-14,-18.103364058099746,-44.39593633052826,8.189208214328763
134.375,inner_field_valleys,4.4021614391573684e-13,5.184019658835285e-13,2.7736992355046448e-14,4.1012258353948664e-14,-15.08208438880766,-36.35484995416757,6.190681176552254
134.625,inner_field_valleys,3.2017058510586736e-13,3.3833064487443946e-13,2.143099289142173e-14,5.904972901301698e-14,-5.367548001840516,-55.171605732828596,44.43650972914757
134.875,inner_field_valleys,2.665294646920492e-13,2.5604459686088786e-13,4.287327673498876e-14,2.6351847674187822e-14,4.0949381317575195,-46.69366517503839,54.88354143855343
135.125,inner_field_valleys,2.3042001705841095e-13,1.8518454037772456e-13,2.7952873405828853e-14,2.0803635732211935e-14,24.427242462258825,-25.984197681949883,74.83868260646753
135.375,inner_field_valleys,1.785801871810754e-13,1.554312627884189e-13,4.166000914800425e-14,1.918712426866681e-14,14.89335155448619,-65.387107726276,95.17381083524837
135.625,inner_field_valleys,1.1625647366597248e-13,1.3355940526724534e-13,2.2826773168745848e-14,3.2349830564768804e-14,-12.955232592306476,-80.06122348840957,54.15075830379661
135.875,inner_field_valleys,6.414473956110837e-14,8.15054974869919e-14,1.4994768594258068e-14,2.011587377455435e-14,-21.30010669360588,-86.80929072985579,44.20907734264403
136.125,inner_field_valleys,4.95249844426574e-14,6.25560819870208e-14,1.6269590503622923e-14,1.591661379709467e-14,-20.831064111507345,-102.56226448396455,60.90013626094984
136.375,inner_field_valleys,5.014837680919173e-14,4.113700207142132e-14,1.521877659716324e-14,4.979815935172909e-15,21.905764358144108,-89.44845545803994,133.25998417432817
136.625,inner_field_valleys,3.3400605306235475e-14,3.20249581307728e-14,6.9879124723474204e-15,8.567010096088553e-15,4.295547147463141,-83.60736058462646,92.19845487955274
136.875,inner_field_valleys,1.2413876058790538e-14,2.3683437547737463e-14,1.9755308904695973e-15,9.11137055044934e-15,-47.5841459510743,-108.18777044561054,13.01947854346196
137.125,inner_field_valleys,1.6476359366363664e-14,1.283303135830174e-15,4.143676598845717e-15,9.36990926478328e-16,1183.9023693108209,-1658.5282004044664,4026.332939026108
137.375,inner_field_valleys,1.246627196533407e-14,3.5237645684339904e-16,5.444726513426551e-15,4.987390817397688e-17,3437.7709614902715,-1262.983063909673,8138.524986890215
137.625,inner_field_valleys,7.802806302316236e-15,2.8827695543446147e-16,5.003855660094691e-15,4.8640677246508276e-17,2606.704838947895,-2733.247251208743,7946.656929104533
137.875,inner_field_valleys,7.51928001344974e-15,2.7781428997386626e-16,4.5516932034666585e-15,1.221689067228369e-17,2606.585040732452,-2590.5032988234702,7803.673380288373
138.125,inner_field_valleys,3.590780019003937e-15,3.1069132676296014e-16,3.590780019003937e-15,4.6461697019479977e-17,1055.7387379994352,-2574.809991148806,4686.287467147677
138.375,inner_field_valleys,5.1563833038783366e-15,2.1505566451863782e-16,5.1563833038783366e-15,1.3912727647061043e-17,2297.697040633616,-5313.0135168089855,9908.407598076217
138.625,inner_field_valleys,4.8751998323100285e-15,2.6579950951237775e-16,4.8751998323100285e-15,3.174025946127501e-17,1734.164344867988,-4053.305028219596,7521.633717955571
138.875,inner_field_valleys,0.0,2.9122365479426977e-16,0.0,3.2181138019909785e-17,-100.0,nan,nan
139.125,inner_field_valleys,0.0,2.8619042520193966e-16,0.0,4.942245168583614e-17,-100.0,nan,nan
139.375,inner_field_valleys,0.0,3.1977564215692916e-16,0.0,3.019023255361278e-17,-100.0,nan,nan
139.625,inner_field_valleys,0.0,2.656852166867687e-16,0.0,3.064561047370187e-17,-100.0,nan,nan
139.875,inner_field_valleys,0.0,2.325363759863527e-16,0.0,1.8218099200080445e-17,-100.0,nan,nan
140.125,inner_field_valleys,0.0,2.2497895504045343e-16,0.0,2.3472427562267198e-17,-100.0,nan,nan
140.375,inner_field_valleys,0.0,1.8744373276137586e-16,0.0,1.7496376106391866e-17,-100.0,nan,nan
140.625,inner_field_valleys,0.0,2.7514103595162794e-16,0.0,2.0100499405469924e-17,-100.0,nan,nan
140.875,inner_field_valleys,0.0,2.5079024310998717e-16,0.0,1.8385652531493338e-17,-100.0,nan,nan
141.125,inner_field_valleys,0.0,2.8602420162426953e-16,0.0,2.741579533304392e-17,-100.0,nan,nan
141.375,inner_field_valleys,0.0,2.3254855075481403e-16,0.0,2.8393163999841994e-17,-100.0,nan,nan
141.625,inner_field_valleys,0.0,2.425819924559005e-16,0.0,4.05497239860886e-17,-100.0,nan,nan
141.875,inner_field_valleys,0.0,2.727637811341897e-16,0.0,4.22651232832953e-17,-100.0,nan,nan
142.125,inner_field_valleys,0.0,2.397239010160047e-16,0.0,2.32568685334669e-17,-100.0,nan,nan
142.375,inner_field_valleys,0.0,2.2186468397239487e-16,0.0,1.562933800307188e-17,-100.0,nan,nan
142.625,inner_field_valleys,0.0,2.0066924188252312e-16,0.0,2.0560009158467046e-17,-100.0,nan,nan
142.875,inner_field_valleys,0.0,1.6662229481722834e-16,0.0,2.4066616929849632e-17,-100.0,nan,nan
143.125,inner_field_valleys,0.0,1.9762495005468602e-16,0.0,2.5359577246392358e-17,-100.0,nan,nan
143.375,inner_field_valleys,0.0,1.777364659128128e-16,0.0,1.1926073620230873e-17,-100.0,nan,nan
143.625,inner_field_valleys,0.0,2.0438588200446372e-16,0.0,1.9451217793267084e-17,-100.0,nan,nan
143.875,inner_field_valleys,0.0,2.2043859591440617e-16,0.0,3.7962797734826555e-17,-100.0,nan,nan
144.125,inner_field_valleys,0.0,1.9924842240068105e-16,0.0,2.46605856351777e-17,-100.0,nan,nan
144.375,inner_field_valleys,0.0,1.5852503001840387e-16,0.0,2.066232355262718e-17,-100.0,nan,nan
144.625,inner_field_valleys,0.0,2.0163771790314744e-16,0.0,5.805988468811999e-17,-100.0,nan,nan
144.875,inner_field_valleys,0.0,2.5792492179421553e-16,0.0,4.896789722837531e-17,-100.0,nan,nan
145.125,inner_field_valleys,0.0,1.7641504821125575e-16,0.0,1.978485457764313e-17,-100.0,nan,nan
145.375,inner_field_valleys,0.0,1.816117387127124e-16,0.0,2.8082898925369314e-17,-100.0,nan,nan
145.625,inner_field_valleys,0.0,2.1054108902782014e-16,0.0,2.765301804235116e-17,-100.0,nan,nan
145.875,inner_field_valleys,0.0,1.9590262462191835e-16,0.0,3.074979766176529e-17,-100.0,nan,nan
146.125,inner_field_valleys,0.0,1.9469501701467822e-16,0.0,2.6516055140025112e-17,-100.0,nan,nan
146.375,inner_field_valleys,0.0,1.8922116209444354e-16,0.0,2.5086756917671064e-17,-100.0,nan,nan
146.625,inner_field_valleys,0.0,2.096240458434874e-16,0.0,4.027918121731819e-17,-100.0,nan,nan
146.875,inner_field_valleys,0.0,2.0807028331645427e-16,0.0,2.2938812392463977e-17,-100.0,nan,nan
147.125,inner_field_valleys,0.0,1.5407568082830081e-16,0.0,1.5152968069409627e-17,-100.0,nan,nan
147.375,inner_field_valleys,0.0,1.7194455751203088e-16,0.0,7.71978127608239e-18,-100.0,nan,nan
147.625,inner_field_valleys,0.0,1.9423785707377714e-16,0.0,3.522462001918355e-17,-100.0,nan,nan
147.875,inner_field_valleys,0.0,1.8933722740206143e-16,0.0,2.313343484843999e-17,-100.0,nan,nan
148.125,inner_field_valleys,0.0,1.8064326205022533e-16,0.0,5.10783814712494e-17,-100.0,nan,nan
148.375,inner_field_valleys,0.0,2.0945143569982449e-16,0.0,2.278714171665304e-17,-100.0,nan,nan
148.625,inner_field_valleys,0.0,1.4162481236806015e-16,0.0,1.5569089954267512e-17,-100.0,nan,nan
148.875,inner_field_valleys,0.0,2.221112887131423e-16,0.0,2.2061525423916438e-17,-100.0,nan,nan
149.125,inner_field_valleys,0.0,1.6090346674106912e-16,0.0,1.9948827319136086e-17,-100.0,nan,nan
149.375,inner_field_valleys,0.0,1.067428479821674e-16,0.0,1.1550188221785589e-17,-100.0,nan,nan
149.625,inner_field_valleys,0.0,2.2193267000354672e-16,0.0,4.0894546975174813e-17,-100.0,nan,nan
149.875,inner_field_valleys,0.0,1.733473966766495e-16,0.0,2.8295602855487855e-17,-100.0,nan,nan
150.125,inner_field_valleys,0.0,1.557745810949658e-16,0.0,1.328967376531458e-17,-100.0,nan,nan
150.375,inner_field_valleys,0.0,2.0154546193750389e-16,0.0,4.126545567566612e-17,-100.0,nan,nan
150.625,inner_field_valleys,0.0,1.6793075611647692e-16,0.0,9.131747764403662e-18,-100.0,nan,nan
150.875,inner_field_valleys,0.0,1.4547154923155616e-16,0.0,2.733497153870678e-17,-100.0,nan,nan
151.125,inner_field_valleys,0.0,1.4418666626831926e-16,0.0,2.82095497506176e-17,-100.0,nan,nan
151.375,inner_field_valleys,0.0,1.6507807216769968e-16,0.0,6.270409876736652e-18,-100.0,nan,nan
151.625,inner_field_valleys,0.0,2.0764235591247995e-16,0.0,3.057048224822346e-17,-100.0,nan,nan
151.875,inner_field_valleys,0.0,1.6508942743696086e-16,0.0,1.6979532156093628e-17,-100.0,nan,nan
152.125,inner_field_valleys,0.0,1.939844556140766e-16,0.0,4.1364026276805615e-17,-100.0,nan,nan
152.375,inner_field_valleys,0.0,1.8750311298154697e-16,0.0,5.96812534759565e-17,-100.0,nan,nan
152.625,inner_field_valleys,0.0,1.4833287363370683e-16,0.0,2.720946437329926e-17,-100.0,nan,nan
152.875,inner_field_valleys,0.0,1.314079088770957e-16,0.0,3.082733598671607e-17,-100.0,nan,nan
153.125,inner_field_valleys,0.0,1.1057685294033985e-16,0.0,1.6950484247326963e-17,-100.0,nan,nan
153.375,inner_field_valleys,0.0,1.4917578697787097e-16,0.0,2.6762477979288904e-17,-100.0,nan,nan
153.625,inner_field_valleys,0.0,1.1843021236144343e-16,0.0,3.0921192838564334e-17,-100.0,nan,nan
153.875,inner_field_valleys,0.0,1.3323052295560433e-16,0.0,2.10275545038043e-17,-100.0,nan,nan
154.125,inner_field_valleys,0.0,1.5891362897583524e-16,0.0,2.7491300013465385e-17,-100.0,nan,nan
154.375,inner_field_valleys,0.0,1.3256668773335391e-16,0.0,4.4765176995855085e-17,-100.0,nan,nan
154.625,inner_field_valleys,0.0,1.638279422696825e-16,0.0,3.076849206509602e-17,-100.0,nan,nan
154.875,inner_field_valleys,0.0,1.0975080138317729e-16,0.0,2.7419480783737927e-17,-100.0,nan,nan
155.125,inner_field_valleys,0.0,1.1595135191104628e-16,0.0,1.5543216893166803e-17,-100.0,nan,nan
155.375,inner_field_valleys,0.0,1.773108090139075e-16,0.0,1.9674131911401052e-17,-100.0,nan,nan
155.625,inner_field_valleys,0.0,1.2548065656705572e-16,0.0,1.6627919374150588e-17,-100.0,nan,nan
155.875,inner_field_valleys,0.0,1.4691843999160525e-16,0.0,2.1212500808557166e-17,-100.0,nan,nan
156.125,inner_field_valleys,0.0,1.4682162717317038e-16,0.0,2.8303950342782894e-17,-100.0,nan,nan
156.375,inner_field_valleys,0.0,1.255178815186433e-16,0.0,3.535101027654257e-17,-100.0,nan,nan
156.625,inner_field_valleys,0.0,1.5349955249607686e-16,0.0,2.167388419434426e-17,-100.0,nan,nan
156.875,inner_field_valleys,0.0,1.476614051301381e-16,0.0,2.7583395603847568e-17,-100.0,nan,nan
157.125,inner_field_valleys,0.0,1.2463947996481565e-16,0.0,3.1484518962674517e-17,-100.0,nan,nan
157.375,inner_field_valleys,0.0,1.433552284832317e-16,0.0,4.2823182331490373e-17,-100.0,nan,nan
157.625,inner_field_valleys,0.0,8.659595772218839e-17,0.0,1.1774773517526237e-17,-100.0,nan,nan
157.875,inner_field_valleys,0.0,1.4062624243478422e-16,0.0,2.193041013804909e-17,-100.0,nan,nan
158.125,inner_field_valleys,0.0,1.420081155089221e-16,0.0,7.718158421859396e-18,-100.0,nan,nan
158.375,inner_field_valleys,0.0,1.497243927427336e-16,0.0,2.6775366092283073e-17,-100.0,nan,nan
158.625,inner_field_valleys,0.0,1.0364661366207896e-16,0.0,3.2671431304063142e-18,-100.0,nan,nan
158.875,inner_field_valleys,0.0,1.5204717299703827e-16,0.0,3.4577905715107656e-17,-100.0,nan,nan
159.125,inner_field_valleys,0.0,2.1192737337833383e-16,0.0,5.151000211306214e-17,-100.0,nan,nan
159.375,inner_field_valleys,0.0,9.505451716559183e-17,0.0,1.8276576973708992e-17,-100.0,nan,nan
159.625,inner_field_valleys,0.0,1.0762967530526022e-16,0.0,2.1653637250707547e-17,-100.0,nan,nan
159.875,inner_field_valleys,0.0,1.6217149269739364e-16,0.0,3.823496065373552e-17,-100.0,nan,nan
160.125,inner_field_valleys,0.0,1.0157812010145108e-16,0.0,1.2207248062634358e-17,-100.0,nan,nan
160.375,inner_field_valleys,0.0,1.0140534945351501e-16,0.0,1.3913404012424008e-17,-100.0,nan,nan
160.625,inner_field_valleys,0.0,1.0830073707490145e-16,0.0,3.5334557493875726e-17,-100.0,nan,nan
160.875,inner_field_valleys,0.0,1.4901781515250767e-16,0.0,5.297661176305562e-17,-100.0,nan,nan
161.125,inner_field_valleys,0.0,1.5681930045480058e-16,0.0,3.423887343901839e-17,-100.0,nan,nan
161.375,inner_field_valleys,0.0,1.4294943538848125e-16,0.0,3.1237317856039236e-17,-100.0,nan,nan
161.625,inner_field_valleys,0.0,1.695821797798725e-16,0.0,4.4540944082886213e-17,-100.0,nan,nan
161.875,inner_field_valleys,0.0,9.759117984358236e-17,0.0,1.825714233304013e-17,-100.0,nan,nan
162.125,inner_field_valleys,0.0,1.335510960768253e-16,0.0,3.223015596237691e-17,-100.0,nan,nan
162.375,inner_field_valleys,0.0,1.115055383716766e-16,0.0,1.7274970211253807e-17,-100.0,nan,nan
162.625,inner_field_valleys,0.0,1.210546209157204e-16,0.0,2.960215749396865e-17,-100.0,nan,nan
162.875,inner_field_valleys,0.0,1.17808978433988e-16,0.0,3.1908717443444775e-17,-100.0,nan,nan
163.125,inner_field_valleys,0.0,8.056722322671247e-17,0.0,1.3047292713153042e-17,-100.0,nan,nan
163.375,inner_field_valleys,0.0,1.0295269753117181e-16,0.0,1.4386883611974744e-17,-100.0,nan,nan
163.625,inner_field_valleys,0.0,1.0977285647474274e-16,0.0,1.427100064170571e-17,-100.0,nan,nan
163.875,inner_field_valleys,0.0,1.2688217536291268e-16,0.0,1.6553073968234777e-17,-100.0,nan,nan
164.125,inner_field_valleys,0.0,8.983193355899488e-17,0.0,7.31416556279477e-18,-100.0,nan,nan
164.375,inner_field_valleys,0.0,9.626068663511895e-17,0.0,2.5498106484443342e-17,-100.0,nan,nan
164.625,inner_field_valleys,0.0,1.2026872090623016e-16,0.0,1.1737576307283048e-17,-100.0,nan,nan
164.875,inner_field_valleys,0.0,8.362813788351785e-17,0.0,1.3466367467473733e-17,-100.0,nan,nan
165.125,inner_field_valleys,0.0,1.0760605301200312e-16,0.0,3.533562782346687e-17,-100.0,nan,nan
165.375,inner_field_valleys,0.0,9.325470066200546e-17,0.0,1.664354038304338e-17,-100.0,nan,nan
165.625,inner_field_valleys,0.0,9.20514115424464e-17,0.0,2.92765958203686e-17,-100.0,nan,nan
165.875,inner_field_valleys,0.0,9.004007857473891e-17,0.0,1.8517885197147266e-17,-100.0,nan,nan
166.125,inner_field_valleys,0.0,7.81442502401289e-17,0.0,6.898035678438133e-18,-100.0,nan,nan
166.375,inner_field_valleys,0.0,1.1081020710282448e-16,0.0,2.1992919005207897e-17,-100.0,nan,nan
166.625,inner_field_valleys,0.0,9.859880720965014e-17,0.0,1.8425082049514924e-17,-100.0,nan,nan
166.875,inner_field_valleys,0.0,1.0096798810464321e-16,0.0,2.963895670392398e-17,-100.0,nan,nan
167.125,inner_field_valleys,0.0,1.0702536316516954e-16,0.0,1.8534606657056934e-17,-100.0,nan,nan
167.375,inner_field_valleys,0.0,8.804082257267665e-17,0.0,1.6804595987391442e-17,-100.0,nan,nan
167.625,inner_field_valleys,0.0,8.730513933058881e-17,0.0,4.021547852190489e-18,-100.0,nan,nan
167.875,inner_field_valleys,0.0,8.765578702293466e-17,0.0,1.334490752079795e-17,-100.0,nan,nan
168.125,inner_field_valleys,0.0,7.716746100397743e-17,0.0,3.1050092225107806e-17,-100.0,nan,nan
168.375,inner_field_valleys,0.0,9.383780603347779e-17,0.0,1.4347293393430143e-17,-100.0,nan,nan
168.625,inner_field_valleys,0.0,9.347260619337636e-17,0.0,1.3855999059000583e-17,-100.0,nan,nan
168.875,inner_field_valleys,0.0,3.4536737478220165e-17,0.0,1.1992219159048003e-17,-100.0,nan,nan
169.125,inner_field_valleys,0.0,9.919275487515274e-17,0.0,2.5688245869910906e-17,-100.0,nan,nan
169.375,inner_field_valleys,0.0,9.137599598926126e-17,0.0,2.54924887659303e-17,-100.0,nan,nan
169.625,inner_field_valleys,0.0,1.0183991033829199e-16,0.0,1.867869575984148e-17,-100.0,nan,nan
169.875,inner_field_valleys,0.0,1.307782479465304e-16,0.0,4.800459779920357e-17,-100.0,nan,nan
170.125,inner_field_valleys,0.0,7.015038262486597e-17,0.0,2.114102372414053e-17,-100.0,nan,nan
170.375,inner_field_valleys,0.0,1.0099016731226011e-16,0.0,3.869684218365459e-17,-100.0,nan,nan
170.625,inner_field_valleys,0.0,1.0071016624978666e-16,0.0,1.7219261265616226e-17,-100.0,nan,nan
170.875,inner_field_valleys,0.0,1.5203755474592811e-16,0.0,3.5328764903725393e-17,-100.0,nan,nan
171.125,inner_field_valleys,0.0,1.1346495381452687e-16,0.0,3.772902082002265e-17,-100.0,nan,nan
171.375,inner_field_valleys,0.0,1.0065359876125713e-16,0.0,8.30221963803922e-18,-100.0,nan,nan
171.625,inner_field_valleys,0.0,9.204749863672808e-17,0.0,2.873118666605524e-17,-100.0,nan,nan
171.875,inner_field_valleys,0.0,7.517231980201474e-17,0.0,9.322503337906641e-18,-100.0,nan,nan
172.125,inner_field_valleys,0.0,7.756832233158609e-17,0.0,2.4276047730770565e-17,-100.0,nan,nan
172.375,inner_field_valleys,0.0,1.1131962249645545e-16,0.0,1.9561058449463074e-17,-100.0,nan,nan
172.625,inner_field_valleys,0.0,9.103226864048406e-17,0.0,1.0023522756910217e-17,-100.0,nan,nan
172.875,inner_field_valleys,0.0,8.008200694071733e-17,0.0,1.5397402903738297e-17,-100.0,nan,nan
173.125,inner_field_valleys,0.0,8.462639554743147e-17,0.0,2.9122356893714345e-17,-100.0,nan,nan
173.375,inner_field_valleys,0.0,9.927824158625906e-17,0.0,3.626636228214676e-17,-100.0,nan,nan
173.625,inner_field_valleys,0.0,9.735188960738188e-17,0.0,3.584028703773173e-17,-100.0,nan,nan
173.875,inner_field_valleys,0.0,1.1464541119487402e-16,0.0,1.2120680870883642e-17,-100.0,nan,nan
174.125,inner_field_valleys,0.0,1.0803698781022124e-16,0.0,2.8612638390830006e-17,-100.0,nan,nan
174.375,inner_field_valleys,0.0,1.1975631201157802e-16,0.0,7.604458689781077e-18,-100.0,nan,nan
174.625,inner_field_valleys,0.0,7.806540267051509e-17,0.0,3.2865611454874437e-17,-100.0,nan,nan
174.875,inner_field_valleys,0.0,7.334503283849483e-17,0.0,5.215651983532287e-18,-100.0,nan,nan
175.125,inner_field_valleys,0.0,1.2613906146970847e-16,0.0,4.8385299494660133e-17,-100.0,nan,nan
175.375,inner_field_valleys,0.0,1.2368653926630382e-16,0.0,4.248652441795697e-17,-100.0,nan,nan
175.625,inner_field_valleys,0.0,5.336059792871443e-17,0.0,1.817396337267015e-17,-100.0,nan,nan
175.875,inner_field_valleys,0.0,8.151998277122904e-17,0.0,2.666763266269425e-17,-100.0,nan,nan
176.125,inner_field_valleys,0.0,1.2491020979302876e-16,0.0,2.6393162743429887e-17,-100.0,nan,nan
176.375,inner_field_valleys,0.0,1.264007372780451e-16,0.0,2.4570894205988175e-17,-100.0,nan,nan
176.625,inner_field_valleys,0.0,8.683605491381536e-17,0.0,2.6559308691846575e-17,-100.0,nan,nan
176.875,inner_field_valleys,0.0,7.960394772423548e-17,0.0,1.3018833133654738e-17,-100.0,nan,nan
177.125,inner_field_valleys,0.0,6.820334370054899e-17,0.0,7.190279189085285e-18,-100.0,nan,nan
177.375,inner_field_valleys,0.0,1.2542546288753768e-16,0.0,3.7649338104662563e-17,-100.0,nan,nan
177.625,inner_field_valleys,0.0,5.011452878017323e-17,0.0,1.3430332572409196e-17,-100.0,nan,nan
177.875,inner_field_valleys,0.0,1.4467864228694648e-16,0.0,1.6701712088083316e-17,-100.0,nan,nan
178.125,inner_field_valleys,0.0,1.2560935791657272e-16,0.0,5.332202537915737e-17,-100.0,nan,nan
178.375,inner_field_valleys,0.0,1.240363090974677e-16,0.0,3.895794481258915e-17,-100.0,nan,nan
178.625,inner_field_valleys,0.0,7.891385587744025e-17,0.0,1.9534871481176922e-17,-100.0,nan,nan
178.875,inner_field_valleys,0.0,5.1289470662191526e-17,0.0,3.822507854601725e-18,-100.0,nan,nan
179.125,inner_field_valleys,0.0,8.579398292032102e-17,0.0,3.662529077702397e-17,-100.0,nan,nan
179.375,inner_field_valleys,0.0,1.0326629561214218e-16,0.0,2.0061475940866275e-17,-100.0,nan,nan
179.625,inner_field_valleys,0.0,1.2404814930673785e-16,0.0,4.3750974846871466e-17,-100.0,nan,nan
179.875,inner_field_valleys,0.0,8.416030335144378e-17,0.0,1.7693862403753486e-17,-100.0,nan,nan
180.125,inner_field_valleys,0.0,4.9503071252094726e-17,0.0,1.0116983857788505e-17,-100.0,nan,nan
180.375,inner_field_valleys,0.0,5.89581022530349e-17,0.0,1.7043286068181664e-17,-100.0,nan,nan
180.625,inner_field_valleys,0.0,3.5356087627243374e-17,0.0,9.507652791147138e-18,-100.0,nan,nan
180.875,inner_field_valleys,0.0,8.653867372409678e-17,0.0,2.5696349471834397e-17,-100.0,nan,nan
181.125,inner_field_valleys,0.0,1.0529151250707776e-16,0.0,2.2226157031732827e-17,-100.0,nan,nan
181.375,inner_field_valleys,0.0,9.862949105847571e-17,0.0,2.0379470164989215e-17,-100.0,nan,nan
181.625,inner_field_valleys,0.0,4.8946005141611426e-17,0.0,2.2270537387300762e-17,-100.0,nan,nan
181.875,inner_field_valleys,0.0,4.728405531821418e-17,0.0,1.1286905344557462e-17,-100.0,nan,nan
182.125,inner_field_valleys,0.0,7.246796735365512e-17,0.0,1.752149117014154e-17,-100.0,nan,nan
182.375,inner_field_valleys,0.0,4.866835718309539e-17,0.0,5.018334092501778e-18,-100.0,nan,nan
182.625,inner_field_valleys,0.0,5.3398414348350724e-17,0.0,2.071461519136281e-17,-100.0,nan,nan
182.875,inner_field_valleys,0.0,3.5465323264914734e-17,0.0,8.288519495322806e-18,-100.0,nan,nan
183.125,inner_field_valleys,0.0,5.657828396441867e-17,0.0,7.155133847735124e-18,-100.0,nan,nan
183.375,inner_field_valleys,0.0,4.75254572335906e-17,0.0,1.3506143224794118e-17,-100.0,nan,nan
183.625,inner_field_valleys,0.0,7.448359166132396e-17,0.0,2.8971522016559077e-17,-100.0,nan,nan
183.875,inner_field_valleys,0.0,5.855203609744977e-17,0.0,9.35671985835662e-18,-100.0,nan,nan
184.125,inner_field_valleys,0.0,9.923670077969436e-17,0.0,2.2400877222727607e-17,-100.0,nan,nan
184.375,inner_field_valleys,0.0,8.590599732486766e-17,0.0,2.404467830169294e-17,-100.0,nan,nan
184.625,inner_field_valleys,0.0,4.729936815300582e-17,0.0,2.0262046709923793e-17,-100.0,nan,nan
184.875,inner_field_valleys,0.0,2.949309181695655e-17,0.0,5.698078924927229e-18,-100.0,nan,nan
185.125,inner_field_valleys,0.0,5.602455173922473e-17,0.0,3.0325862989237454e-17,-100.0,nan,nan
185.375,inner_field_valleys,0.0,5.0182293172762646e-17,0.0,8.4286104646909e-18,-100.0,nan,nan
185.625,inner_field_valleys,0.0,4.8459146299991313e-17,0.0,2.035090879570114e-17,-100.0,nan,nan
185.875,inner_field_valleys,0.0,7.160992304804516e-17,0.0,2.1982789637636637e-17,-100.0,nan,nan
186.125,inner_field_valleys,0.0,7.697414786328666e-17,0.0,1.4802488920462685e-17,-100.0,nan,nan
186.375,inner_field_valleys,0.0,4.8495759919666447e-17,0.0,3.1546403989471845e-17,-100.0,nan,nan
186.625,inner_field_valleys,0.0,4.543118300172101e-17,0.0,2.290785641388798e-17,-100.0,nan,nan
186.875,inner_field_valleys,0.0,3.298221006882819e-17,0.0,1.0993883357849506e-17,-100.0,nan,nan
187.125,inner_field_valleys,0.0,5.582475239762413e-17,0.0,1.3506493457051946e-17,-100.0,nan,nan
187.375,inner_field_valleys,0.0,6.489271677079193e-17,0.0,3.999467687146282e-17,-100.0,nan,nan
187.625,inner_field_valleys,0.0,5.496578781361823e-17,0.0,2.2020813037698483e-17,-100.0,nan,nan
187.875,inner_field_valleys,0.0,2.880517426546357e-17,0.0,1.2169941208875805e-17,-100.0,nan,nan
188.125,inner_field_valleys,0.0,2.486070891080002e-17,0.0,1.1652963860550323e-17,-100.0,nan,nan
188.375,inner_field_valleys,0.0,2.7988283205865886e-17,0.0,8.944835401377082e-18,-100.0,nan,nan
188.625,inner_field_valleys,0.0,8.365332603576258e-17,0.0,3.3714436429140235e-17,-100.0,nan,nan
188.875,inner_field_valleys,0.0,5.5253363898954475e-17,0.0,1.1292511608888278e-17,-100.0,nan,nan
189.125,inner_field_valleys,0.0,1.0557189293411877e-16,0.0,6.095838232022154e-17,-100.0,nan,nan
189.375,inner_field_valleys,0.0,2.9670699270229584e-17,0.0,8.162260043443261e-18,-100.0,nan,nan
189.625,inner_field_valleys,0.0,4.7258387815593675e-17,0.0,1.041745404024575e-17,-100.0,nan,nan
189.875,inner_field_valleys,0.0,6.958446537395539e-17,0.0,1.597159801696548e-17,-100.0,nan,nan
190.125,inner_field_valleys,0.0,8.067935441200525e-17,0.0,1.856285344242103e-17,-100.0,nan,nan
190.375,inner_field_valleys,0.0,5.77545229713597e-17,0.0,1.54221200664573e-17,-100.0,nan,nan
190.625,inner_field_valleys,0.0,7.512693160051472e-17,0.0,2.0484536985392975e-17,-100.0,nan,nan
190.875,inner_field_valleys,0.0,6.102319524680266e-17,0.0,1.5756900850466677e-17,-100.0,nan,nan
191.125,inner_field_valleys,0.0,4.457016296489995e-17,0.0,1.275549630463546e-17,-100.0,nan,nan
191.375,inner_field_valleys,0.0,2.0694219045970102e-17,0.0,1.106567148919542e-17,-100.0,nan,nan
191.625,inner_field_valleys,0.0,9.978340483057459e-17,0.0,3.2707037639929604e-17,-100.0,nan,nan
191.875,inner_field_valleys,0.0,3.9197596539390877e-17,0.0,2.187330310957167e-17,-100.0,nan,nan
192.125,inner_field_valleys,0.0,6.036557993320497e-17,0.0,2.4529106943683458e-17,-100.0,nan,nan
192.375,inner_field_valleys,0.0,5.323911786886648e-17,0.0,1.6414086143771302e-17,-100.0,nan,nan
192.625,inner_field_valleys,0.0,7.875912674125034e-17,0.0,1.355596062588934e-17,-100.0,nan,nan
192.875,inner_field_valleys,0.0,1.3410154308034132e-16,0.0,2.419890767857291e-17,-100.0,nan,nan
193.125,inner_field_valleys,0.0,7.633373254000577e-17,0.0,1.7633930327673697e-17,-100.0,nan,nan
193.375,inner_field_valleys,0.0,8.842271277035011e-17,0.0,7.210690133549278e-18,-100.0,nan,nan
193.625,inner_field_valleys,0.0,2.4672058784363257e-17,0.0,1.0530742654868047e-17,-100.0,nan,nan
193.875,inner_field_valleys,0.0,5.593916530929018e-17,0.0,5.3640255956033935e-18,-100.0,nan,nan
194.125,inner_field_valleys,0.0,7.748083944491253e-17,0.0,2.7357345135335704e-17,-100.0,nan,nan
194.375,inner_field_valleys,0.0,2.9701274313594764e-17,0.0,1.6953845383711316e-17,-100.0,nan,nan
194.625,inner_field_valleys,0.0,6.020273602452361e-17,0.0,9.663172014568436e-18,-100.0,nan,nan
194.875,inner_field_valleys,0.0,8.452142218770729e-17,0.0,3.935708349480282e-17,-100.0,nan,nan
195.125,inner_field_valleys,0.0,2.8995887476168645e-17,0.0,8.34328615901892e-18,-100.0,nan,nan
195.375,inner_field_valleys,0.0,4.8829912966422195e-17,0.0,1.1501961097964642e-17,-100.0,nan,nan
195.625,inner_field_valleys,0.0,6.116515721082484e-17,0.0,1.3339855523915328e-17,-100.0,nan,nan
195.875,inner_field_valleys,0.0,4.585656434888736e-17,0.0,3.239245259707242e-17,-100.0,nan,nan
196.125,inner_field_valleys,0.0,3.6900398453058687e-17,0.0,1.4902279370357186e-17,-100.0,nan,nan
196.375,inner_field_valleys,0.0,4.987070486443434e-17,0.0,7.078929950865032e-18,-100.0,nan,nan
196.625,inner_field_valleys,0.0,5.067564828212232e-17,0.0,9.680776148889789e-18,-100.0,nan,nan
196.875,inner_field_valleys,0.0,3.3031931682102334e-17,0.0,1.4320778491866336e-17,-100.0,nan,nan
197.125,inner_field_valleys,0.0,7.955658530539937e-17,0.0,1.4706939318816432e-17,-100.0,nan,nan
197.375,inner_field_valleys,0.0,3.2174537689802224e-17,0.0,2.1750647529104893e-17,-100.0,nan,nan
197.625,inner_field_valleys,0.0,1.0363971081601499e-17,0.0,2.8956703421956456e-18,-100.0,nan,nan
197.875,inner_field_valleys,0.0,2.992229726878932e-17,0.0,1.0349759283785855e-17,-100.0,nan,nan
198.125,inner_field_valleys,0.0,8.203187210841999e-17,0.0,4.990793002789538e-17,-100.0,nan,nan
198.375,inner_field_valleys,0.0,5.60052205189567e-17,0.0,3.585169425100977e-17,-100.0,nan,nan
198.625,inner_field_valleys,0.0,3.846411869000825e-17,0.0,1.8089254335762478e-17,-100.0,nan,nan
198.875,inner_field_valleys,0.0,4.620290657025258e-17,0.0,1.8030069986046015e-17,-100.0,nan,nan
199.125,inner_field_valleys,0.0,1.0256975583369937e-16,0.0,2.1982590603131174e-17,-100.0,nan,nan
199.375,inner_field_valleys,0.0,7.117768952401204e-17,0.0,2.7152316180625825e-17,-100.0,nan,nan
199.625,inner_field_valleys,0.0,1.1595777299802374e-16,0.0,7.195700405415674e-17,-100.0,nan,nan
199.875,inner_field_valleys,0.0,6.024067170137943e-17,0.0,2.3081238066008947e-17,-100.0,nan,nan
200.125,inner_field_valleys,0.0,7.21171737106307e-17,0.0,1.0639580981909994e-17,-100.0,nan,nan
200.375,inner_field_valleys,0.0,5.944784519101844e-17,0.0,1.9721659475828725e-17,-100.0,nan,nan
200.625,inner_field_valleys,0.0,6.48570589474865e-17,0.0,1.5614336757268807e-17,-100.0,nan,nan
200.875,inner_field_valleys,0.0,4.1906211874934e-17,0.0,1.5117712769789636e-17,-100.0,nan,nan
201.125,inner_field_valleys,0.0,8.769577261991192e-17,0.0,8.78322668619244e-18,-100.0,nan,nan
201.375,inner_field_valleys,0.0,4.247007549885597e-17,0.0,2.0823435591035735e-17,-100.0,nan,nan
201.625,inner_field_valleys,0.0,3.519610444622759e-17,0.0,1.2991592892375967e-17,-100.0,nan,nan
201.875,inner_field_valleys,0.0,8.745843405459905e-17,0.0,3.3593484599296965e-17,-100.0,nan,nan
202.125,inner_field_valleys,0.0,6.241674539135134e-17,0.0,2.889303422795853e-17,-100.0,nan,nan
202.375,inner_field_valleys,0.0,8.73837046117283e-17,0.0,3.128993709818721e-17,-100.0,nan,nan
202.625,inner_field_valleys,0.0,5.1076371322504584e-17,0.0,3.167142584475507e-17,-100.0,nan,nan
202.875,inner_field_valleys,0.0,7.481067538333683e-17,0.0,1.341038919804071e-17,-100.0,nan,nan
203.125,inner_field_valleys,0.0,9.023683664297381e-17,0.0,1.6213741460222397e-17,-100.0,nan,nan
203.375,inner_field_valleys,0.0,4.709056212529842e-17,0.0,2.4167713212100695e-17,-100.0,nan,nan
203.625,inner_field_valleys,0.0,1.023484574102143e-16,0.0,3.148083765064589e-17,-100.0,nan,nan
203.875,inner_field_valleys,0.0,7.500113372559267e-17,0.0,1.8052975610815775e-17,-100.0,nan,nan
204.125,inner_field_valleys,0.0,5.606481246756161e-17,0.0,2.0726565911335378e-17,-100.0,nan,nan
204.375,inner_field_valleys,0.0,4.815936963145296e-17,0.0,1.8548838079208575e-17,-100.0,nan,nan
204.625,inner_field_valleys,0.0,2.9724503997669354e-17,0.0,1.919224314987504e-17,-100.0,nan,nan
204.875,inner_field_valleys,0.0,4.296256487152605e-17,0.0,2.9269656246435106e-17,-100.0,nan,nan
205.125,inner_field_valleys,0.0,3.5609978005654835e-17,0.0,1.9979497607689918e-17,-100.0,nan,nan
205.375,inner_field_valleys,0.0,2.964802532509912e-17,0.0,2.1096793840927295e-17,-100.0,nan,nan
205.625,inner_field_valleys,0.0,9.27854147680929e-18,0.0,7.051649535314517e-18,-100.0,nan,nan
205.875,inner_field_valleys,0.0,4.894951677707847e-17,0.0,6.892764990081188e-18,-100.0,nan,nan
206.125,inner_field_valleys,0.0,2.6578173637470752e-17,0.0,1.491412186549246e-17,-100.0,nan,nan
206.375,inner_field_valleys,0.0,7.340155159565031e-17,0.0,3.1658751397445144e-17,-100.0,nan,nan
206.625,inner_field_valleys,0.0,2.7177787437641534e-17,0.0,1.043082108873579e-17,-100.0,nan,nan
206.875,inner_field_valleys,0.0,2.5635085608005828e-17,0.0,5.632160318098794e-18,-100.0,nan,nan
207.125,inner_field_valleys,0.0,5.3405569623409055e-17,0.0,2.5516407249610947e-17,-100.0,nan,nan
207.375,inner_field_valleys,0.0,7.300196761192163e-17,0.0,2.835181825220255e-17,-100.0,nan,nan
207.625,inner_field_valleys,0.0,7.836087874572773e-17,0.0,3.5588282320080627e-17,-100.0,nan,nan
207.875,inner_field_valleys,0.0,6.108843217840819e-17,0.0,1.5185100710408902e-17,-100.0,nan,nan
208.125,inner_field_valleys,0.0,5.556729643496236e-17,0.0,2.1649525964767446e-17,-100.0,nan,nan
208.375,inner_field_valleys,0.0,3.0329312878035956e-17,0.0,7.114725983898499e-18,-100.0,nan,nan
208.625,inner_field_valleys,0.0,4.592907341347148e-17,0.0,2.274028227997244e-17,-100.0,nan,nan
208.875,inner_field_valleys,0.0,1.2373833069932677e-17,0.0,6.667751879953477e-18,-100.0,nan,nan
209.125,inner_field_valleys,0.0,2.3600857631489848e-17,0.0,1.2778326645346848e-17,-100.0,nan,nan
209.375,inner_field_valleys,0.0,1.0494430503841974e-17,0.0,5.061093002804856e-18,-100.0,nan,nan
209.625,inner_field_valleys,0.0,3.188987511640138e-17,0.0,1.505991410762203e-17,-100.0,nan,nan
209.875,inner_field_valleys,0.0,4.396956566536263e-17,0.0,1.8636680603368127e-17,-100.0,nan,nan
210.125,inner_field_valleys,0.0,2.4322943112352492e-17,0.0,7.55519899036864e-18,-100.0,nan,nan
210.375,inner_field_valleys,0.0,7.423623999013987e-17,0.0,3.218631043359107e-17,-100.0,nan,nan
210.625,inner_field_valleys,0.0,1.029584330008199e-16,0.0,2.7317449225555564e-17,-100.0,nan,nan
210.875,inner_field_valleys,0.0,5.682707421189052e-17,0.0,2.0255094931732175e-17,-100.0,nan,nan
211.125,inner_field_valleys,0.0,4.9359400040837874e-17,0.0,1.2005061465262535e-17,-100.0,nan,nan
211.375,inner_field_valleys,0.0,2.7825178700910276e-17,0.0,2.2244985412278355e-17,-100.0,nan,nan
211.625,inner_field_valleys,0.0,5.865615466477744e-17,0.0,2.3995885730143227e-17,-100.0,nan,nan
211.875,inner_field_valleys,0.0,7.645081674104616e-17,0.0,2.3004437278253064e-17,-100.0,nan,nan
212.125,inner_field_valleys,0.0,7.199186711732779e-17,0.0,2.6172916782806763e-17,-100.0,nan,nan
212.375,inner_field_valleys,0.0,7.501574730519706e-17,0.0,3.8992419676297425e-17,-100.0,nan,nan
212.625,inner_field_valleys,0.0,5.1814172215978056e-17,0.0,3.154790922621834e-17,-100.0,nan,nan
212.875,inner_field_valleys,0.0,8.754143738557092e-17,0.0,4.0575041458264373e-17,-100.0,nan,nan
213.125,inner_field_valleys,0.0,4.9560498437027757e-17,0.0,3.0509774324789884e-17,-100.0,nan,nan
213.375,inner_field_valleys,0.0,4.938559101734898e-17,0.0,1.1775968176523337e-17,-100.0,nan,nan
213.625,inner_field_valleys,0.0,3.240103320063748e-17,0.0,1.7758393514144155e-17,-100.0,nan,nan
213.875,inner_field_valleys,0.0,3.140188764918157e-17,0.0,1.6080782011707973e-17,-100.0,nan,nan
214.125,inner_field_valleys,0.0,6.103241195661105e-17,0.0,1.6916188057906506e-17,-100.0,nan,nan
214.375,inner_field_valleys,0.0,4.2185267669971006e-17,0.0,1.4996500149083222e-17,-100.0,nan,nan
214.625,inner_field_valleys,0.0,4.864279453687943e-17,0.0,1.4305103829808835e-17,-100.0,nan,nan
214.875,inner_field_valleys,0.0,4.4074342338389544e-17,0.0,2.324595616957342e-17,-100.0,nan,nan
215.125,inner_field_valleys,0.0,2.945369917692368e-17,0.0,2.0820926159886867e-17,-100.0,nan,nan
215.375,inner_field_valleys,0.0,5.98145554816041e-17,0.0,1.3858540424386989e-17,-100.0,nan,nan
215.625,inner_field_valleys,0.0,6.935761560507973e-17,0.0,6.263040909020653e-18,-100.0,nan,nan
215.875,inner_field_valleys,0.0,6.5442132108256e-17,0.0,2.09335531361955e-17,-100.0,nan,nan
216.125,inner_field_valleys,0.0,5.2312022815297707e-17,0.0,1.675683000643514e-17,-100.0,nan,nan
216.375,inner_field_valleys,0.0,7.006926129569433e-17,0.0,3.6202841528350835e-17,-100.0,nan,nan
216.625,inner_field_valleys,0.0,5.649503491107108e-17,0.0,2.2969290112434384e-17,-100.0,nan,nan
216.875,inner_field_valleys,0.0,2.7158040753046058e-17,0.0,8.795054995584638e-18,-100.0,nan,nan
217.125,inner_field_valleys,0.0,2.8139776629610483e-17,0.0,1.683603351838036e-17,-100.0,nan,nan
217.375,inner_field_valleys,0.0,4.879704468268257e-17,0.0,1.2350203532329765e-17,-100.0,nan,nan
217.625,inner_field_valleys,0.0,6.108726984340692e-17,0.0,3.229477674532725e-17,-100.0,nan,nan
217.875,inner_field_valleys,0.0,5.59131598442883e-17,0.0,3.9423255953385934e-17,-100.0,nan,nan
218.125,inner_field_valleys,0.0,2.4482753165480754e-17,0.0,1.6556614341086232e-17,-100.0,nan,nan
218.375,inner_field_valleys,0.0,1.775042007849805e-17,0.0,1.2475852804438944e-17,-100.0,nan,nan
218.625,inner_field_valleys,0.0,4.0868730463710325e-17,0.0,3.186428552884737e-17,-100.0,nan,nan
218.875,inner_field_valleys,0.0,2.6074496746493247e-17,0.0,2.247420755808659e-17,-100.0,nan,nan
219.125,inner_field_valleys,0.0,4.1420970587035983e-17,0.0,6.547721289366623e-18,-100.0,nan,nan
219.375,inner_field_valleys,0.0,1.215000371689518e-16,0.0,2.2909517042630856e-17,-100.0,nan,nan
219.625,inner_field_valleys,0.0,4.615907898241021e-17,0.0,2.6353601339892273e-17,-100.0,nan,nan
219.875,inner_field_valleys,0.0,1.400635096547471e-17,0.0,1.1294568634504062e-17,-100.0,nan,nan
220.125,inner_field_valleys,0.0,7.292831911924428e-17,0.0,3.533638100352305e-17,-100.0,nan,nan
220.375,inner_field_valleys,0.0,5.880864789986083e-17,0.0,2.096289378026441e-17,-100.0,nan,nan
220.625,inner_field_valleys,0.0,6.906692856191838e-17,0.0,4.0818231625336766e-17,-100.0,nan,nan
220.875,inner_field_valleys,0.0,3.9196351764868865e-17,0.0,2.1798097354188825e-17,-100.0,nan,nan
221.125,inner_field_valleys,0.0,2.4851078487512647e-17,0.0,1.5138120262903976e-17,-100.0,nan,nan
221.375,inner_field_valleys,0.0,5.148852951347242e-17,0.0,1.9925167572733357e-17,-100.0,nan,nan
221.625,inner_field_valleys,0.0,4.898204765089045e-17,0.0,1.9312506847282e-17,-100.0,nan,nan
221.875,inner_field_valleys,0.0,4.880159674816911e-17,0.0,1.8704785268786347e-17,-100.0,nan,nan
222.125,inner_field_valleys,0.0,2.380494181003475e-17,0.0,8.201384828675261e-18,-100.0,nan,nan
222.375,inner_field_valleys,0.0,2.4304646565730808e-17,0.0,1.3005682639917553e-17,-100.0,nan,nan
222.625,inner_field_valleys,0.0,2.790999406374152e-17,0.0,1.3139184728938832e-17,-100.0,nan,nan
222.875,inner_field_valleys,0.0,1.0967571758689653e-16,0.0,3.4525285587501086e-17,-100.0,nan,nan
223.125,inner_field_valleys,0.0,3.2776252751584817e-17,0.0,9.871718185298372e-18,-100.0,nan,nan
223.375,inner_field_valleys,0.0,2.7174044771742113e-17,0.0,1.371751797783776e-17,-100.0,nan,nan
223.625,inner_field_valleys,0.0,2.3184339968994993e-17,0.0,1.465033047888491e-17,-100.0,nan,nan
223.875,inner_field_valleys,0.0,1.376811187363308e-17,0.0,9.340708711239587e-18,-100.0,nan,nan
224.125,inner_field_valleys,0.0,2.5673404251672075e-17,0.0,1.3508394303003809e-17,-100.0,nan,nan
224.375,inner_field_valleys,0.0,5.2443850573461947e-17,0.0,8.554744028650902e-18,-100.0,nan,nan
224.625,inner_field_valleys,0.0,5.501687940511891e-17,0.0,2.843196801085823e-17,-100.0,nan,nan
224.875,inner_field_valleys,0.0,3.3329057478211256e-17,0.0,2.076399285394388e-17,-100.0,nan,nan
225.125,inner_field_valleys,0.0,6.012040521010485e-17,0.0,3.5914231312341727e-17,-100.0,nan,nan
225.375,inner_field_valleys,0.0,4.5629786489971755e-17,0.0,2.9527460416327565e-17,-100.0,nan,nan
225.625,inner_field_valleys,0.0,4.535889649661236e-17,0.0,2.4604643428131945e-17,-100.0,nan,nan
225.875,inner_field_valleys,0.0,1.4636600328573603e-17,0.0,8.67332310943147e-18,-100.0,nan,nan
226.125,inner_field_valleys,0.0,6.229712063231541e-17,0.0,2.1234677050823178e-17,-100.0,nan,nan
226.375,inner_field_valleys,0.0,3.889913797772252e-17,0.0,1.684338908901633e-17,-100.0,nan,nan
226.625,inner_field_valleys,0.0,2.154715140076626e-17,0.0,1.5070567024695355e-17,-100.0,nan,nan
226.875,inner_field_valleys,0.0,9.086216058101163e-18,0.0,4.855165121936219e-18,-100.0,nan,nan
227.125,inner_field_valleys,0.0,5.018782279207187e-17,0.0,1.7244123337895973e-17,-100.0,nan,nan
227.375,inner_field_valleys,0.0,3.332436720957417e-17,0.0,1.8035556295651675e-17,-100.0,nan,nan
227.625,inner_field_valleys,0.0,5.0528414440250427e-17,0.0,9.013404918127774e-18,-100.0,nan,nan
227.875,inner_field_valleys,0.0,1.1954732865469966e-17,0.0,5.432432977484853e-18,-100.0,nan,nan
228.125,inner_field_valleys,0.0,1.371269027950905e-17,0.0,1.1366470897086752e-17,-100.0,nan,nan
228.375,inner_field_valleys,0.0,2.786739829018963e-17,0.0,2.6444501836805168e-17,-100.0,nan,nan
228.625,inner_field_valleys,0.0,3.779339041919847e-17,0.0,2.128133479390824e-17,-100.0,nan,nan
228.875,inner_field_valleys,0.0,5.641084399347721e-17,0.0,2.1883402124836333e-17,-100.0,nan,nan
229.125,inner_field_valleys,0.0,7.250846710339595e-17,0.0,2.935850557884143e-17,-100.0,nan,nan
229.375,inner_field_valleys,0.0,2.6908516225888292e-17,0.0,1.3264166941363816e-17,-100.0,nan,nan
229.625,inner_field_valleys,0.0,4.746956557257189e-17,0.0,7.12921583403697e-18,-100.0,nan,nan
229.875,inner_field_valleys,0.0,8.412043588948501e-17,0.0,2.866598705315151e-17,-100.0,nan,nan
230.125,inner_field_valleys,0.0,5.0289318878887077e-17,0.0,2.619585573402718e-17,-100.0,nan,nan
230.375,inner_field_valleys,0.0,3.124035271447275e-17,0.0,1.685263803633902e-17,-100.0,nan,nan
230.625,inner_field_valleys,0.0,2.6088810265617224e-17,0.0,2.388593175455001e-17,-100.0,nan,nan
230.875,inner_field_valleys,0.0,3.226464239191051e-17,0.0,2.2027029440746135e-17,-100.0,nan,nan
231.125,inner_field_valleys,0.0,2.548479838427539e-17,0.0,1.5070646032309385e-17,-100.0,nan,nan
231.375,inner_field_valleys,0.0,4.244405860706591e-17,0.0,5.783108409202704e-18,-100.0,nan,nan
231.625,inner_field_valleys,0.0,5.096402197164131e-17,0.0,2.0450219899315626e-17,-100.0,nan,nan
231.875,inner_field_valleys,0.0,3.786252981103751e-17,0.0,1.6437865529752655e-17,-100.0,nan,nan
232.125,inner_field_valleys,0.0,4.7561798837105047e-17,0.0,2.5544151666743312e-17,-100.0,nan,nan
232.375,inner_field_valleys,0.0,6.997840550500187e-17,0.0,2.5902096779315968e-17,-100.0,nan,nan
232.625,inner_field_valleys,0.0,7.075684405521889e-17,0.0,4.9804535873559064e-17,-100.0,nan,nan
232.875,inner_field_valleys,0.0,3.297566692063845e-17,0.0,1.518985776047356e-17,-100.0,nan,nan
233.125,inner_field_valleys,0.0,3.854795963366614e-17,0.0,1.4354825632245325e-17,-100.0,nan,nan
233.375,inner_field_valleys,0.0,2.959007374269587e-17,0.0,1.6775500288213874e-17,-100.0,nan,nan
233.625,inner_field_valleys,0.0,1.0479709973716615e-16,0.0,5.119653561993997e-17,-100.0,nan,nan
233.875,inner_field_valleys,0.0,2.894710145282268e-17,0.0,2.2375392222173315e-17,-100.0,nan,nan
234.125,inner_field_valleys,0.0,3.692792489057629e-17,0.0,1.8366345109434623e-17,-100.0,nan,nan
234.375,inner_field_valleys,0.0,2.3364322950638453e-17,0.0,8.755032269401828e-18,-100.0,nan,nan
234.625,inner_field_valleys,0.0,5.882499473224104e-17,0.0,1.2779530991969568e-17,-100.0,nan,nan
234.875,inner_field_valleys,0.0,5.4005012696873846e-17,0.0,2.892008846712032e-17,-100.0,nan,nan
235.125,inner_field_valleys,0.0,3.2230116320070076e-17,0.0,1.8670139194326203e-17,-100.0,nan,nan
235.375,inner_field_valleys,0.0,7.792450328987485e-17,0.0,2.575178644187328e-17,-100.0,nan,nan
235.625,inner_field_valleys,0.0,7.002060261339936e-17,0.0,2.580466839374729e-17,-100.0,nan,nan
235.875,inner_field_valleys,0.0,3.801129545991768e-17,0.0,1.3744392757870942e-17,-100.0,nan,nan
236.125,inner_field_valleys,0.0,5.751164058795568e-17,0.0,3.4563136719083013e-17,-100.0,nan,nan
236.375,inner_field_valleys,0.0,2.1414913096398818e-17,0.0,1.4517808846194028e-17,-100.0,nan,nan
236.625,inner_field_valleys,0.0,1.1507711327945596e-17,0.0,3.4229553099153887e-18,-100.0,nan,nan
236.875,inner_field_valleys,0.0,1.2919818129757994e-17,0.0,7.52549713631691e-18,-100.0,nan,nan
237.125,inner_field_valleys,0.0,4.39902411774262e-17,0.0,2.956596998064142e-17,-100.0,nan,nan
237.375,inner_field_valleys,0.0,5.623432387828085e-17,0.0,2.2753045514764115e-17,-100.0,nan,nan
237.625,inner_field_valleys,0.0,3.2316983039841616e-17,0.0,1.2093940941550572e-17,-100.0,nan,nan
237.875,inner_field_valleys,0.0,3.171811127064936e-17,0.0,1.4683588562845936e-17,-100.0,nan,nan
238.125,inner_field_valleys,0.0,4.919305217645487e-17,0.0,9.653121463987649e-18,-100.0,nan,nan
238.375,inner_field_valleys,0.0,3.416101382126116e-17,0.0,1.3708837331263004e-17,-100.0,nan,nan
238.625,inner_field_valleys,0.0,8.915981441867524e-18,0.0,5.120230557508508e-18,-100.0,nan,nan
238.875,inner_field_valleys,0.0,3.1441663694599705e-17,0.0,2.1639943456273694e-17,-100.0,nan,nan
239.125,inner_field_valleys,0.0,3.396123357899866e-17,0.0,1.3556069733522434e-17,-100.0,nan,nan
239.375,inner_field_valleys,0.0,5.630437585463322e-17,0.0,2.8253874184561756e-17,-100.0,nan,nan
239.625,inner_field_valleys,0.0,3.634118651824649e-17,0.0,1.6053639263220272e-17,-100.0,nan,nan
239.875,inner_field_valleys,0.0,1.3540983264020901e-17,0.0,1.0048061404690108e-17,-100.0,nan,nan
240.125,inner_field_valleys,0.0,6.548311910397455e-17,0.0,2.548146080529418e-17,-100.0,nan,nan
240.375,inner_field_valleys,0.0,2.9555207113416094e-17,0.0,1.731707709727053e-17,-100.0,nan,nan
240.625,inner_field_valleys,0.0,2.6116211957141803e-17,0.0,1.1953968846296165e-17,-100.0,nan,nan
240.875,inner_field_valleys,0.0,3.5127674785177346e-17,0.0,1.291647210218995e-17,-100.0,nan,nan
241.125,inner_field_valleys,0.0,5.20742226847912e-17,0.0,3.3774220777013554e-17,-100.0,nan,nan
241.375,inner_field_valleys,0.0,5.453625346297035e-17,0.0,2.822640181688185e-17,-100.0,nan,nan
241.625,inner_field_valleys,0.0,3.703695447964032e-17,0.0,1.3982288331016288e-17,-100.0,nan,nan
241.875,inner_field_valleys,0.0,3.304897998324922e-17,0.0,9.699380471652778e-18,-100.0,nan,nan
242.125,inner_field_valleys,0.0,5.1307233168970904e-17,0.0,1.5108557618070194e-17,-100.0,nan,nan
242.375,inner_field_valleys,0.0,4.525418209995745e-17,0.0,2.36504170616445e-17,-100.0,nan,nan
242.625,inner_field_valleys,0.0,5.1409783989996073e-17,0.0,2.8949257840914917e-17,-100.0,nan,nan
242.875,inner_field_valleys,0.0,1.914287425527288e-17,0.0,6.76347762188443e-18,-100.0,nan,nan
243.125,inner_field_valleys,0.0,8.047371752042407e-18,0.0,5.080010643553216e-18,-100.0,nan,nan
243.375,inner_field_valleys,0.0,3.287026166822597e-17,0.0,7.628793648213529e-18,-100.0,nan,nan
243.625,inner_field_valleys,0.0,2.293391651055387e-17,0.0,1.343750573389355e-17,-100.0,nan,nan
243.875,inner_field_valleys,0.0,4.6117158405800146e-17,0.0,2.679866957554993e-17,-100.0,nan,nan
244.125,inner_field_valleys,0.0,4.252166973884421e-17,0.0,1.8427507570196967e-17,-100.0,nan,nan
244.375,inner_field_valleys,0.0,4.7620021030849147e-17,0.0,2.983840597880434e-17,-100.0,nan,nan
244.625,inner_field_valleys,0.0,4.7941015246656983e-17,0.0,1.8747896374082643e-17,-100.0,nan,nan
244.875,inner_field_valleys,0.0,3.154539773908605e-17,0.0,1.49387194919237e-17,-100.0,nan,nan
245.125,inner_field_valleys,0.0,4.57951423896782e-17,0.0,2.028324581744592e-17,-100.0,nan,nan
245.375,inner_field_valleys,0.0,2.25536972714024e-17,0.0,1.3269363583252884e-17,-100.0,nan,nan
245.625,inner_field_valleys,0.0,4.11804217430106e-17,0.0,1.8981052145094755e-17,-100.0,nan,nan
245.875,inner_field_valleys,0.0,3.058560105990205e-17,0.0,1.020647070709583e-17,-100.0,nan,nan
246.125,inner_field_valleys,0.0,7.748580522356433e-17,0.0,1.4756730612214483e-17,-100.0,nan,nan
246.375,inner_field_valleys,0.0,3.5703638476783884e-17,0.0,2.2290877558948694e-17,-100.0,nan,nan
246.625,inner_field_valleys,0.0,2.1546600535712454e-17,0.0,1.3854338541553996e-17,-100.0,nan,nan
246.875,inner_field_valleys,0.0,3.290313614628617e-17,0.0,1.7446805065936598e-17,-100.0,nan,nan
247.125,inner_field_valleys,0.0,1.3469243097045523e-17,0.0,7.691045122538058e-18,-100.0,nan,nan
247.375,inner_field_valleys,0.0,3.209263062024227e-17,0.0,1.3602046203328765e-17,-100.0,nan,nan
247.625,inner_field_valleys,0.0,1.1025761202249938e-17,0.0,6.027912161775808e-18,-100.0,nan,nan
247.875,inner_field_valleys,0.0,1.19594781849743e-18,0.0,7.116350994110311e-19,-100.0,nan,nan
248.125,inner_field_valleys,0.0,1.506068606857476e-17,0.0,8.869077354192262e-18,-100.0,nan,nan
248.375,inner_field_valleys,0.0,6.583050860315007e-18,0.0,6.448175139110143e-18,-100.0,nan,nan
248.625,inner_field_valleys,0.0,3.8812709145122846e-17,0.0,2.2509904475464185e-17,-100.0,nan,nan
248.875,inner_field_valleys,0.0,3.0217115782286104e-17,0.0,2.062607136083275e-17,-100.0,nan,nan
249.125,inner_field_valleys,0.0,1.6505172759007708e-17,0.0,1.1215773395968729e-17,-100.0,nan,nan
249.375,inner_field_valleys,0.0,2.409977639582485e-17,0.0,1.821587408102527e-17,-100.0,nan,nan
249.625,inner_field_valleys,0.0,8.324977448571091e-17,0.0,3.999678585702669e-17,-100.0,nan,nan
249.875,inner_field_valleys,0.0,7.346836181604e-16,0.0,4.2354101085249785e-17,-100.0,nan,nan
