spot_id,energy_MeV,x_mm,y_mm,weight,source_x_mm,source_y_mm,source_z_mm,direction_x,direction_y,direction_z,energy_spread_percent,sigma_x_mm,sigma_y_mm,sigma_x_prime,sigma_y_prime,correlation_x,correlation_y
1,3000,0,0,1,-0.11664504381406215,0,0.0001,0,0,1,0,0,0,0,0,0,0
2,3000,0,0,1,-0.0925483975514459,0,0.0001,0,0,1,0,0,0,0,0,0,0
3,3000,0,0,1,0.22187621718468303,0,0.0001,0,0,1,0,0,0,0,0,0,0
4,3000,0,0,1,0.10985833141608509,0,0.0001,0,0,1,0,0,0,0,0,0,0
5,3000,0,0,1,0.04268420165623932,0,0.0001,0,0,1,0,0,0,0,0,0,0
6,3000,0,0,1,-0.12214874476529952,0,0.0001,0,0,1,0,0,0,0,0,0,0
7,3000,0,0,1,-0.06575567099419338,0,0.0001,0,0,1,0,0,0,0,0,0,0
8,3000,0,0,1,0.24117259029541627,0,0.0001,0,0,1,0,0,0,0,0,0,0
9,3000,0,0,1,-0.05534601063800837,0,0.0001,0,0,1,0,0,0,0,0,0,0
10,3000,0,0,1,0.15899863891231175,0,0.0001,0,0,1,0,0,0,0,0,0,0
11,3000,0,0,1,-0.16740772617269178,0,0.0001,0,0,1,0,0,0,0,0,0,0
12,3000,0,0,1,0.06192495653603658,0,0.0001,0,0,1,0,0,0,0,0,0,0
13,3000,0,0,1,0.0870834213962971,0,0.0001,0,0,1,0,0,0,0,0,0,0
14,3000,0,0,1,-0.1684478970879486,0,0.0001,0,0,1,0,0,0,0,0,0,0
15,3000,0,0,1,-0.21746856857933816,0,0.0001,0,0,1,0,0,0,0,0,0,0
16,3000,0,0,1,-0.16501489109730522,0,0.0001,0,0,1,0,0,0,0,0,0,0
17,3000,0,0,1,-0.05549218574740439,0,0.0001,0,0,1,0,0,0,0,0,0,0
18,3000,0,0,1,0.09578853298993723,0,0.0001,0,0,1,0,0,0,0,0,0,0
19,3000,0,0,1,-0.14446417120617966,0,0.0001,0,0,1,0,0,0,0,0,0,0
20,3000,0,0,1,-0.04295686285410638,0,0.0001,0,0,1,0,0,0,0,0,0,0
21,3000,0,0,1,0.07082843992088717,0,0.0001,0,0,1,0,0,0,0,0,0,0
22,3000,0,0,1,-0.1755823088732742,0,0.0001,0,0,1,0,0,0,0,0,0,0
23,3000,0,0,1,0.17741705826725684,0,0.0001,0,0,1,0,0,0,0,0,0,0
24,3000,0,0,1,0.20888362487990708,0,0.0001,0,0,1,0,0,0,0,0,0,0
25,3000,0,0,1,-0.1693867148518728,0,0.0001,0,0,1,0,0,0,0,0,0,0
26,3000,0,0,1,-0.12272050506518128,0,0.0001,0,0,1,0,0,0,0,0,0,0
27,3000,0,0,1,-0.11221096332793179,0,0.0001,0,0,1,0,0,0,0,0,0,0
28,3000,0,0,1,-0.08324055535062103,0,0.0001,0,0,1,0,0,0,0,0,0,0
29,3000,0,0,1,-0.17389760632178136,0,0.0001,0,0,1,0,0,0,0,0,0,0
30,3000,0,0,1,-0.06879628955322753,0,0.0001,0,0,1,0,0,0,0,0,0,0
31,3000,0,0,1,0.16289066717541234,0,0.0001,0,0,1,0,0,0,0,0,0,0
32,3000,0,0,1,0.1898066750504559,0,0.0001,0,0,1,0,0,0,0,0,0,0
33,3000,0,0,1,-0.02620830248555933,0,0.0001,0,0,1,0,0,0,0,0,0,0
34,3000,0,0,1,-0.11182215630505643,0,0.0001,0,0,1,0,0,0,0,0,0,0
35,3000,0,0,1,-0.23798036838556774,0,0.0001,0,0,1,0,0,0,0,0,0,0
36,3000,0,0,1,-0.15508244320375397,0,0.0001,0,0,1,0,0,0,0,0,0,0
37,3000,0,0,1,0.1690867695561778,0,0.0001,0,0,1,0,0,0,0,0,0,0
38,3000,0,0,1,-0.07398436588343604,0,0.0001,0,0,1,0,0,0,0,0,0,0
39,3000,0,0,1,0.21666185152959228,0,0.0001,0,0,1,0,0,0,0,0,0,0
40,3000,0,0,1,-0.03717227806091422,0,0.0001,0,0,1,0,0,0,0,0,0,0
41,3000,0,0,1,0.15184356864637305,0,0.0001,0,0,1,0,0,0,0,0,0,0
42,3000,0,0,1,-0.12295814163681751,0,0.0001,0,0,1,0,0,0,0,0,0,0
43,3000,0,0,1,-0.143861122178983,0,0.0001,0,0,1,0,0,0,0,0,0,0
44,3000,0,0,1,0.1507104253397425,0,0.0001,0,0,1,0,0,0,0,0,0,0
45,3000,0,0,1,-0.19914422055952052,0,0.0001,0,0,1,0,0,0,0,0,0,0
46,3000,0,0,1,0.12731532628525288,0,0.0001,0,0,1,0,0,0,0,0,0,0
47,3000,0,0,1,-0.19673742147352957,0,0.0001,0,0,1,0,0,0,0,0,0,0
48,3000,0,0,1,0.11747219526528802,0,0.0001,0,0,1,0,0,0,0,0,0,0
49,3000,0,0,1,0.129228516023155,0,0.0001,0,0,1,0,0,0,0,0,0,0
50,3000,0,0,1,0.12175399257328862,0,0.0001,0,0,1,0,0,0,0,0,0,0
51,3000,0,0,1,0.2157375729065581,0,0.0001,0,0,1,0,0,0,0,0,0,0
52,3000,0,0,1,-0.19880067911754212,0,0.0001,0,0,1,0,0,0,0,0,0,0
53,3000,0,0,1,-0.18459473339561855,0,0.0001,0,0,1,0,0,0,0,0,0,0
54,3000,0,0,1,-0.24979331505743607,0,0.0001,0,0,1,0,0,0,0,0,0,0
55,3000,0,0,1,-0.08859129230379714,0,0.0001,0,0,1,0,0,0,0,0,0,0
56,3000,0,0,1,0.14492054214576688,0,0.0001,0,0,1,0,0,0,0,0,0,0
57,3000,0,0,1,-0.012146670104462742,0,0.0001,0,0,1,0,0,0,0,0,0,0
58,3000,0,0,1,0.08481126694587365,0,0.0001,0,0,1,0,0,0,0,0,0,0
59,3000,0,0,1,-0.004908797041671464,0,0.0001,0,0,1,0,0,0,0,0,0,0
60,3000,0,0,1,-0.107094332574876,0,0.0001,0,0,1,0,0,0,0,0,0,0
61,3000,0,0,1,0.14393007636811828,0,0.0001,0,0,1,0,0,0,0,0,0,0
62,3000,0,0,1,0.2161189802984259,0,0.0001,0,0,1,0,0,0,0,0,0,0
63,3000,0,0,1,0.15263083772687758,0,0.0001,0,0,1,0,0,0,0,0,0,0
64,3000,0,0,1,-0.10108277365623386,0,0.0001,0,0,1,0,0,0,0,0,0,0
65,3000,0,0,1,-0.06832307533426829,0,0.0001,0,0,1,0,0,0,0,0,0,0
66,3000,0,0,1,-0.08009651586080802,0,0.0001,0,0,1,0,0,0,0,0,0,0
67,3000,0,0,1,-0.08044727589107697,0,0.0001,0,0,1,0,0,0,0,0,0,0
68,3000,0,0,1,0.07432767492767345,0,0.0001,0,0,1,0,0,0,0,0,0,0
69,3000,0,0,1,-0.1551546828657469,0,0.0001,0,0,1,0,0,0,0,0,0,0
70,3000,0,0,1,-0.21409024047842268,0,0.0001,0,0,1,0,0,0,0,0,0,0
71,3000,0,0,1,-0.06443309959790361,0,0.0001,0,0,1,0,0,0,0,0,0,0
72,3000,0,0,1,-0.08309270133738228,0,0.0001,0,0,1,0,0,0,0,0,0,0
73,3000,0,0,1,0.06690329740748313,0,0.0001,0,0,1,0,0,0,0,0,0,0
74,3000,0,0,1,-0.09909451209619596,0,0.0001,0,0,1,0,0,0,0,0,0,0
75,3000,0,0,1,-0.19408600952945104,0,0.0001,0,0,1,0,0,0,0,0,0,0
76,3000,0,0,1,0.20565571992400578,0,0.0001,0,0,1,0,0,0,0,0,0,0
77,3000,0,0,1,0.1152107752606043,0,0.0001,0,0,1,0,0,0,0,0,0,0
78,3000,0,0,1,0.045366854090604425,0,0.0001,0,0,1,0,0,0,0,0,0,0
79,3000,0,0,1,-0.15047819981929417,0,0.0001,0,0,1,0,0,0,0,0,0,0
80,3000,0,0,1,-0.1263489142226567,0,0.0001,0,0,1,0,0,0,0,0,0,0
81,3000,0,0,1,0.24273847881627653,0,0.0001,0,0,1,0,0,0,0,0,0,0
82,3000,0,0,1,-0.24185364059911152,0,0.0001,0,0,1,0,0,0,0,0,0,0
83,3000,0,0,1,-0.09247425025026784,0,0.0001,0,0,1,0,0,0,0,0,0,0
84,3000,0,0,1,0.213317270208691,0,0.0001,0,0,1,0,0,0,0,0,0,0
85,3000,0,0,1,-0.2284393307189771,0,0.0001,0,0,1,0,0,0,0,0,0,0
86,3000,0,0,1,0.026978219054632657,0,0.0001,0,0,1,0,0,0,0,0,0,0
87,3000,0,0,1,0.07078181459121768,0,0.0001,0,0,1,0,0,0,0,0,0,0
88,3000,0,0,1,0.22471952985016824,0,0.0001,0,0,1,0,0,0,0,0,0,0
89,3000,0,0,1,-0.009960080474317401,0,0.0001,0,0,1,0,0,0,0,0,0,0
90,3000,0,0,1,0.019403414392989926,0,0.0001,0,0,1,0,0,0,0,0,0,0
91,3000,0,0,1,0.12665517748085053,0,0.0001,0,0,1,0,0,0,0,0,0,0
92,3000,0,0,1,0.0828623882293662,0,0.0001,0,0,1,0,0,0,0,0,0,0
93,3000,0,0,1,-0.18866654880199307,0,0.0001,0,0,1,0,0,0,0,0,0,0
94,3000,0,0,1,-0.008457065429714028,0,0.0001,0,0,1,0,0,0,0,0,0,0
95,3000,0,0,1,0.11998503841962471,0,0.0001,0,0,1,0,0,0,0,0,0,0
96,3000,0,0,1,-0.008706850549884126,0,0.0001,0,0,1,0,0,0,0,0,0,0
97,3000,0,0,1,0.2332168931359242,0,0.0001,0,0,1,0,0,0,0,0,0,0
98,3000,0,0,1,0.08652592923043595,0,0.0001,0,0,1,0,0,0,0,0,0,0
99,3000,0,0,1,-0.007402873487783124,0,0.0001,0,0,1,0,0,0,0,0,0,0
100,3000,0,0,1,0.19968892622363765,0,0.0001,0,0,1,0,0,0,0,0,0,0
101,3000,0,0,1,0.09603802552598623,0,0.0001,0,0,1,0,0,0,0,0,0,0
102,3000,0,0,1,-0.05756243436668246,0,0.0001,0,0,1,0,0,0,0,0,0,0
103,3000,0,0,1,-0.04795287055928765,0,0.0001,0,0,1,0,0,0,0,0,0,0
104,3000,0,0,1,-0.15028566697319312,0,0.0001,0,0,1,0,0,0,0,0,0,0
105,3000,0,0,1,0.09335194529464502,0,0.0001,0,0,1,0,0,0,0,0,0,0
106,3000,0,0,1,0.09153185056114765,0,0.0001,0,0,1,0,0,0,0,0,0,0
107,3000,0,0,1,-0.21947118834751844,0,0.0001,0,0,1,0,0,0,0,0,0,0
108,3000,0,0,1,-0.1687954186176987,0,0.0001,0,0,1,0,0,0,0,0,0,0
109,3000,0,0,1,-0.21574955121826223,0,0.0001,0,0,1,0,0,0,0,0,0,0
110,3000,0,0,1,-0.15882695958246223,0,0.0001,0,0,1,0,0,0,0,0,0,0
111,3000,0,0,1,-0.19761467311255998,0,0.0001,0,0,1,0,0,0,0,0,0,0
112,3000,0,0,1,-0.192765365001627,0,0.0001,0,0,1,0,0,0,0,0,0,0
113,3000,0,0,1,0.13217551933955324,0,0.0001,0,0,1,0,0,0,0,0,0,0
114,3000,0,0,1,0.07060898651350661,0,0.0001,0,0,1,0,0,0,0,0,0,0
115,3000,0,0,1,-0.20854395833834866,0,0.0001,0,0,1,0,0,0,0,0,0,0
116,3000,0,0,1,0.14768171945961844,0,0.0001,0,0,1,0,0,0,0,0,0,0
117,3000,0,0,1,-0.14745337779469314,0,0.0001,0,0,1,0,0,0,0,0,0,0
118,3000,0,0,1,-0.01805502115896962,0,0.0001,0,0,1,0,0,0,0,0,0,0
119,3000,0,0,1,0.023471411342450954,0,0.0001,0,0,1,0,0,0,0,0,0,0
120,3000,0,0,1,0.23488495488682354,0,0.0001,0,0,1,0,0,0,0,0,0,0
121,3000,0,0,1,0.11008620936716457,0,0.0001,0,0,1,0,0,0,0,0,0,0
122,3000,0,0,1,0.013617663918258416,0,0.0001,0,0,1,0,0,0,0,0,0,0
123,3000,0,0,1,-0.19626605553545057,0,0.0001,0,0,1,0,0,0,0,0,0,0
124,3000,0,0,1,0.15739888491615184,0,0.0001,0,0,1,0,0,0,0,0,0,0
125,3000,0,0,1,-0.1772019848650711,0,0.0001,0,0,1,0,0,0,0,0,0,0
126,3000,0,0,1,-0.0965628790926939,0,0.0001,0,0,1,0,0,0,0,0,0,0
127,3000,0,0,1,-0.0759233328077733,0,0.0001,0,0,1,0,0,0,0,0,0,0
128,3000,0,0,1,-0.19761844142961937,0,0.0001,0,0,1,0,0,0,0,0,0,0
129,3000,0,0,1,-0.04092942983276848,0,0.0001,0,0,1,0,0,0,0,0,0,0
130,3000,0,0,1,-0.03997848480989985,0,0.0001,0,0,1,0,0,0,0,0,0,0
131,3000,0,0,1,-0.14574435147472037,0,0.0001,0,0,1,0,0,0,0,0,0,0
132,3000,0,0,1,-0.10843996579111498,0,0.0001,0,0,1,0,0,0,0,0,0,0
133,3000,0,0,1,0.20502199610656802,0,0.0001,0,0,1,0,0,0,0,0,0,0
134,3000,0,0,1,0.10922162128657925,0,0.0001,0,0,1,0,0,0,0,0,0,0
135,3000,0,0,1,0.12125351272262563,0,0.0001,0,0,1,0,0,0,0,0,0,0
136,3000,0,0,1,0.20396009882830884,0,0.0001,0,0,1,0,0,0,0,0,0,0
137,3000,0,0,1,0.06126083124566717,0,0.0001,0,0,1,0,0,0,0,0,0,0
138,3000,0,0,1,0.16554646291147523,0,0.0001,0,0,1,0,0,0,0,0,0,0
139,3000,0,0,1,-0.12352456480507312,0,0.0001,0,0,1,0,0,0,0,0,0,0
140,3000,0,0,1,-0.09575197206878694,0,0.0001,0,0,1,0,0,0,0,0,0,0
141,3000,0,0,1,0.058437224837044,0,0.0001,0,0,1,0,0,0,0,0,0,0
142,3000,0,0,1,0.14813594124278734,0,0.0001,0,0,1,0,0,0,0,0,0,0
143,3000,0,0,1,-0.20462979521715963,0,0.0001,0,0,1,0,0,0,0,0,0,0
144,3000,0,0,1,0.14600706717845952,0,0.0001,0,0,1,0,0,0,0,0,0,0
145,3000,0,0,1,-0.06194445194623882,0,0.0001,0,0,1,0,0,0,0,0,0,0
146,3000,0,0,1,-0.030003821406197062,0,0.0001,0,0,1,0,0,0,0,0,0,0
147,3000,0,0,1,0.22388805810435708,0,0.0001,0,0,1,0,0,0,0,0,0,0
148,3000,0,0,1,-0.15508043756654905,0,0.0001,0,0,1,0,0,0,0,0,0,0
149,3000,0,0,1,0.13971379527671024,0,0.0001,0,0,1,0,0,0,0,0,0,0
150,3000,0,0,1,0.17007229113756378,0,0.0001,0,0,1,0,0,0,0,0,0,0
151,3000,0,0,1,0.16408671274406972,0,0.0001,0,0,1,0,0,0,0,0,0,0
152,3000,0,0,1,0.18312758063359108,0,0.0001,0,0,1,0,0,0,0,0,0,0
153,3000,0,0,1,-0.08510064843684523,0,0.0001,0,0,1,0,0,0,0,0,0,0
154,3000,0,0,1,0.2376792289505441,0,0.0001,0,0,1,0,0,0,0,0,0,0
155,3000,0,0,1,-0.20377014526251397,0,0.0001,0,0,1,0,0,0,0,0,0,0
156,3000,0,0,1,-0.02459846114971781,0,0.0001,0,0,1,0,0,0,0,0,0,0
157,3000,0,0,1,-0.10784075794932368,0,0.0001,0,0,1,0,0,0,0,0,0,0
158,3000,0,0,1,0.06708025069150675,0,0.0001,0,0,1,0,0,0,0,0,0,0
159,3000,0,0,1,-0.00203714755883988,0,0.0001,0,0,1,0,0,0,0,0,0,0
160,3000,0,0,1,-0.18439986067263942,0,0.0001,0,0,1,0,0,0,0,0,0,0
161,3000,0,0,1,0.06191071855782754,0,0.0001,0,0,1,0,0,0,0,0,0,0
162,3000,0,0,1,0.031434309808145044,0,0.0001,0,0,1,0,0,0,0,0,0,0
163,3000,0,0,1,-0.12749227285191128,0,0.0001,0,0,1,0,0,0,0,0,0,0
164,3000,0,0,1,-0.17731181295088527,0,0.0001,0,0,1,0,0,0,0,0,0,0
165,3000,0,0,1,0.20799071138024194,0,0.0001,0,0,1,0,0,0,0,0,0,0
166,3000,0,0,1,-0.17495130582198715,0,0.0001,0,0,1,0,0,0,0,0,0,0
167,3000,0,0,1,0.00782935448810651,0,0.0001,0,0,1,0,0,0,0,0,0,0
168,3000,0,0,1,-0.0017131721040639092,0,0.0001,0,0,1,0,0,0,0,0,0,0
169,3000,0,0,1,0.24740814256432253,0,0.0001,0,0,1,0,0,0,0,0,0,0
170,3000,0,0,1,0.14341874952637818,0,0.0001,0,0,1,0,0,0,0,0,0,0
171,3000,0,0,1,0.07730471174557274,0,0.0001,0,0,1,0,0,0,0,0,0,0
172,3000,0,0,1,0.16595096424628758,0,0.0001,0,0,1,0,0,0,0,0,0,0
173,3000,0,0,1,-0.05877309052162266,0,0.0001,0,0,1,0,0,0,0,0,0,0
174,3000,0,0,1,0.1279611283442773,0,0.0001,0,0,1,0,0,0,0,0,0,0
175,3000,0,0,1,-0.11937797840368908,0,0.0001,0,0,1,0,0,0,0,0,0,0
176,3000,0,0,1,0.1665964950844233,0,0.0001,0,0,1,0,0,0,0,0,0,0
177,3000,0,0,1,0.052647707105382635,0,0.0001,0,0,1,0,0,0,0,0,0,0
178,3000,0,0,1,-0.17822122461655704,0,0.0001,0,0,1,0,0,0,0,0,0,0
179,3000,0,0,1,0.07493951176221703,0,0.0001,0,0,1,0,0,0,0,0,0,0
180,3000,0,0,1,0.0004242548923437117,0,0.0001,0,0,1,0,0,0,0,0,0,0
181,3000,0,0,1,0.08298636770089662,0,0.0001,0,0,1,0,0,0,0,0,0,0
182,3000,0,0,1,-0.08755970685939252,0,0.0001,0,0,1,0,0,0,0,0,0,0
183,3000,0,0,1,0.012194603803468429,0,0.0001,0,0,1,0,0,0,0,0,0,0
184,3000,0,0,1,-0.0794354722238445,0,0.0001,0,0,1,0,0,0,0,0,0,0
185,3000,0,0,1,0.16793838488690832,0,0.0001,0,0,1,0,0,0,0,0,0,0
186,3000,0,0,1,-0.2489590614069896,0,0.0001,0,0,1,0,0,0,0,0,0,0
187,3000,0,0,1,0.14946859286486508,0,0.0001,0,0,1,0,0,0,0,0,0,0
188,3000,0,0,1,-0.1566180605395372,0,0.0001,0,0,1,0,0,0,0,0,0,0
189,3000,0,0,1,0.23544688479578235,0,0.0001,0,0,1,0,0,0,0,0,0,0
190,3000,0,0,1,-0.1916239304867749,0,0.0001,0,0,1,0,0,0,0,0,0,0
191,3000,0,0,1,0.12398034026966126,0,0.0001,0,0,1,0,0,0,0,0,0,0
192,3000,0,0,1,-0.23811222467159454,0,0.0001,0,0,1,0,0,0,0,0,0,0
193,3000,0,0,1,-0.05081128354133002,0,0.0001,0,0,1,0,0,0,0,0,0,0
194,3000,0,0,1,-0.14714978674253132,0,0.0001,0,0,1,0,0,0,0,0,0,0
195,3000,0,0,1,-0.1929869934874513,0,0.0001,0,0,1,0,0,0,0,0,0,0
196,3000,0,0,1,0.20077757487559617,0,0.0001,0,0,1,0,0,0,0,0,0,0
197,3000,0,0,1,0.09542045320497478,0,0.0001,0,0,1,0,0,0,0,0,0,0
198,3000,0,0,1,0.19177725336497592,0,0.0001,0,0,1,0,0,0,0,0,0,0
199,3000,0,0,1,-0.057917438555251166,0,0.0001,0,0,1,0,0,0,0,0,0,0
200,3000,0,0,1,0.12431118045231776,0,0.0001,0,0,1,0,0,0,0,0,0,0
201,3000,0,0,1,0.213225341745223,0,0.0001,0,0,1,0,0,0,0,0,0,0
202,3000,0,0,1,-0.060653049019751604,0,0.0001,0,0,1,0,0,0,0,0,0,0
203,3000,0,0,1,-0.19991369903848144,0,0.0001,0,0,1,0,0,0,0,0,0,0
204,3000,0,0,1,0.05676586321333321,0,0.0001,0,0,1,0,0,0,0,0,0,0
205,3000,0,0,1,-0.10694155605117062,0,0.0001,0,0,1,0,0,0,0,0,0,0
206,3000,0,0,1,-0.22423726742865013,0,0.0001,0,0,1,0,0,0,0,0,0,0
207,3000,0,0,1,0.19106958483743414,0,0.0001,0,0,1,0,0,0,0,0,0,0
208,3000,0,0,1,0.15792054570117453,0,0.0001,0,0,1,0,0,0,0,0,0,0
209,3000,0,0,1,-0.12162509202583449,0,0.0001,0,0,1,0,0,0,0,0,0,0
210,3000,0,0,1,-0.11183083924242915,0,0.0001,0,0,1,0,0,0,0,0,0,0
211,3000,0,0,1,-0.11337383667272088,0,0.0001,0,0,1,0,0,0,0,0,0,0
212,3000,0,0,1,0.21106323708821434,0,0.0001,0,0,1,0,0,0,0,0,0,0
213,3000,0,0,1,0.04053388728574686,0,0.0001,0,0,1,0,0,0,0,0,0,0
214,3000,0,0,1,0.20634182327977268,0,0.0001,0,0,1,0,0,0,0,0,0,0
215,3000,0,0,1,0.23662362559827577,0,0.0001,0,0,1,0,0,0,0,0,0,0
216,3000,0,0,1,-0.07958426145607556,0,0.0001,0,0,1,0,0,0,0,0,0,0
217,3000,0,0,1,-0.1648221168138801,0,0.0001,0,0,1,0,0,0,0,0,0,0
218,3000,0,0,1,0.011381265475269353,0,0.0001,0,0,1,0,0,0,0,0,0,0
219,3000,0,0,1,0.060753825591049415,0,0.0001,0,0,1,0,0,0,0,0,0,0
220,3000,0,0,1,-0.19323574089184636,0,0.0001,0,0,1,0,0,0,0,0,0,0
221,3000,0,0,1,-0.02224181087329874,0,0.0001,0,0,1,0,0,0,0,0,0,0
222,3000,0,0,1,0.21274532296525067,0,0.0001,0,0,1,0,0,0,0,0,0,0
223,3000,0,0,1,0.14246635015688303,0,0.0001,0,0,1,0,0,0,0,0,0,0
224,3000,0,0,1,0.07171480329936225,0,0.0001,0,0,1,0,0,0,0,0,0,0
225,3000,0,0,1,0.20671711070259619,0,0.0001,0,0,1,0,0,0,0,0,0,0
226,3000,0,0,1,-0.0903975233531199,0,0.0001,0,0,1,0,0,0,0,0,0,0
227,3000,0,0,1,0.018438328562985662,0,0.0001,0,0,1,0,0,0,0,0,0,0
228,3000,0,0,1,-0.18549513669015583,0,0.0001,0,0,1,0,0,0,0,0,0,0
229,3000,0,0,1,-0.03085200774033997,0,0.0001,0,0,1,0,0,0,0,0,0,0
230,3000,0,0,1,-0.13032023932134867,0,0.0001,0,0,1,0,0,0,0,0,0,0
231,3000,0,0,1,0.16774743055511704,0,0.0001,0,0,1,0,0,0,0,0,0,0
232,3000,0,0,1,0.15493961458487376,0,0.0001,0,0,1,0,0,0,0,0,0,0
233,3000,0,0,1,-0.13952180749065196,0,0.0001,0,0,1,0,0,0,0,0,0,0
234,3000,0,0,1,0.019295202096386577,0,0.0001,0,0,1,0,0,0,0,0,0,0
235,3000,0,0,1,-0.12437008902415897,0,0.0001,0,0,1,0,0,0,0,0,0,0
236,3000,0,0,1,0.0511864861861962,0,0.0001,0,0,1,0,0,0,0,0,0,0
237,3000,0,0,1,0.18898740435250322,0,0.0001,0,0,1,0,0,0,0,0,0,0
238,3000,0,0,1,0.03687582801340061,0,0.0001,0,0,1,0,0,0,0,0,0,0
239,3000,0,0,1,0.23251226312186418,0,0.0001,0,0,1,0,0,0,0,0,0,0
240,3000,0,0,1,0.08535253715468988,0,0.0001,0,0,1,0,0,0,0,0,0,0
241,3000,0,0,1,-0.012076496722745245,0,0.0001,0,0,1,0,0,0,0,0,0,0
242,3000,0,0,1,0.211412220787754,0,0.0001,0,0,1,0,0,0,0,0,0,0
243,3000,0,0,1,0.21219968698156705,0,0.0001,0,0,1,0,0,0,0,0,0,0
244,3000,0,0,1,0.17329179022799257,0,0.0001,0,0,1,0,0,0,0,0,0,0
245,3000,0,0,1,0.20983952857639515,0,0.0001,0,0,1,0,0,0,0,0,0,0
246,3000,0,0,1,0.0501967541622767,0,0.0001,0,0,1,0,0,0,0,0,0,0
247,3000,0,0,1,0.05107681125468533,0,0.0001,0,0,1,0,0,0,0,0,0,0
248,3000,0,0,1,0.15703499718991626,0,0.0001,0,0,1,0,0,0,0,0,0,0
249,3000,0,0,1,0.10350910429009097,0,0.0001,0,0,1,0,0,0,0,0,0,0
250,3000,0,0,1,0.1107204936639335,0,0.0001,0,0,1,0,0,0,0,0,0,0
251,3000,0,0,1,0.10423467367672284,0,0.0001,0,0,1,0,0,0,0,0,0,0
252,3000,0,0,1,-0.22405203536882246,0,0.0001,0,0,1,0,0,0,0,0,0,0
253,3000,0,0,1,0.21466135196204883,0,0.0001,0,0,1,0,0,0,0,0,0,0
254,3000,0,0,1,-0.16264752956732503,0,0.0001,0,0,1,0,0,0,0,0,0,0
255,3000,0,0,1,0.1464702953983602,0,0.0001,0,0,1,0,0,0,0,0,0,0
256,3000,0,0,1,-0.10803024494126806,0,0.0001,0,0,1,0,0,0,0,0,0,0
257,3000,0,0,1,0.09501512842987475,0,0.0001,0,0,1,0,0,0,0,0,0,0
258,3000,0,0,1,0.1359143308237174,0,0.0001,0,0,1,0,0,0,0,0,0,0
259,3000,0,0,1,-0.06285900443952352,0,0.0001,0,0,1,0,0,0,0,0,0,0
260,3000,0,0,1,-0.1862032353489046,0,0.0001,0,0,1,0,0,0,0,0,0,0
261,3000,0,0,1,0.1712998210962332,0,0.0001,0,0,1,0,0,0,0,0,0,0
262,3000,0,0,1,0.012110639892628616,0,0.0001,0,0,1,0,0,0,0,0,0,0
263,3000,0,0,1,-0.24245229074389296,0,0.0001,0,0,1,0,0,0,0,0,0,0
264,3000,0,0,1,-0.03907048397819757,0,0.0001,0,0,1,0,0,0,0,0,0,0
265,3000,0,0,1,0.05246905151621867,0,0.0001,0,0,1,0,0,0,0,0,0,0
266,3000,0,0,1,-0.12466627872667724,0,0.0001,0,0,1,0,0,0,0,0,0,0
267,3000,0,0,1,0.21748491637764833,0,0.0001,0,0,1,0,0,0,0,0,0,0
268,3000,0,0,1,-0.09840732355762366,0,0.0001,0,0,1,0,0,0,0,0,0,0
269,3000,0,0,1,-0.04766582947038123,0,0.0001,0,0,1,0,0,0,0,0,0,0
270,3000,0,0,1,-0.1594292220288584,0,0.0001,0,0,1,0,0,0,0,0,0,0
271,3000,0,0,1,0.10033430651288683,0,0.0001,0,0,1,0,0,0,0,0,0,0
272,3000,0,0,1,0.029158897999419953,0,0.0001,0,0,1,0,0,0,0,0,0,0
273,3000,0,0,1,-0.20638932542887295,0,0.0001,0,0,1,0,0,0,0,0,0,0
274,3000,0,0,1,0.15745910838637528,0,0.0001,0,0,1,0,0,0,0,0,0,0
275,3000,0,0,1,-0.06375947230891477,0,0.0001,0,0,1,0,0,0,0,0,0,0
276,3000,0,0,1,-0.18244591782263725,0,0.0001,0,0,1,0,0,0,0,0,0,0
277,3000,0,0,1,-0.16482936625542022,0,0.0001,0,0,1,0,0,0,0,0,0,0
278,3000,0,0,1,0.134191718181722,0,0.0001,0,0,1,0,0,0,0,0,0,0
279,3000,0,0,1,0.16716094278464483,0,0.0001,0,0,1,0,0,0,0,0,0,0
280,3000,0,0,1,0.09145563271373147,0,0.0001,0,0,1,0,0,0,0,0,0,0
281,3000,0,0,1,0.016776630328080466,0,0.0001,0,0,1,0,0,0,0,0,0,0
282,3000,0,0,1,0.22427337211486653,0,0.0001,0,0,1,0,0,0,0,0,0,0
283,3000,0,0,1,-0.05429858260937964,0,0.0001,0,0,1,0,0,0,0,0,0,0
284,3000,0,0,1,-0.24769074928877,0,0.0001,0,0,1,0,0,0,0,0,0,0
285,3000,0,0,1,-0.24088330036056127,0,0.0001,0,0,1,0,0,0,0,0,0,0
286,3000,0,0,1,0.1895987074928538,0,0.0001,0,0,1,0,0,0,0,0,0,0
287,3000,0,0,1,-0.041800010204583904,0,0.0001,0,0,1,0,0,0,0,0,0,0
288,3000,0,0,1,0.14747270603682916,0,0.0001,0,0,1,0,0,0,0,0,0,0
289,3000,0,0,1,-0.11630145439516115,0,0.0001,0,0,1,0,0,0,0,0,0,0
290,3000,0,0,1,-0.22307979455536936,0,0.0001,0,0,1,0,0,0,0,0,0,0
291,3000,0,0,1,-0.1448589290888267,0,0.0001,0,0,1,0,0,0,0,0,0,0
292,3000,0,0,1,0.17438348179429947,0,0.0001,0,0,1,0,0,0,0,0,0,0
293,3000,0,0,1,-0.14964435559506384,0,0.0001,0,0,1,0,0,0,0,0,0,0
294,3000,0,0,1,0.04672481795073913,0,0.0001,0,0,1,0,0,0,0,0,0,0
295,3000,0,0,1,0.03707798906776694,0,0.0001,0,0,1,0,0,0,0,0,0,0
296,3000,0,0,1,-0.12469136427390215,0,0.0001,0,0,1,0,0,0,0,0,0,0
297,3000,0,0,1,0.138900967058533,0,0.0001,0,0,1,0,0,0,0,0,0,0
298,3000,0,0,1,0.18186089404382316,0,0.0001,0,0,1,0,0,0,0,0,0,0
299,3000,0,0,1,-0.18510037659342699,0,0.0001,0,0,1,0,0,0,0,0,0,0
300,3000,0,0,1,0.014080503047219639,0,0.0001,0,0,1,0,0,0,0,0,0,0
301,3000,0,0,1,0.03967699520984347,0,0.0001,0,0,1,0,0,0,0,0,0,0
302,3000,0,0,1,-0.13919152632584764,0,0.0001,0,0,1,0,0,0,0,0,0,0
303,3000,0,0,1,0.010145912203296525,0,0.0001,0,0,1,0,0,0,0,0,0,0
304,3000,0,0,1,-0.0824811042066595,0,0.0001,0,0,1,0,0,0,0,0,0,0
305,3000,0,0,1,-0.16115949764786175,0,0.0001,0,0,1,0,0,0,0,0,0,0
306,3000,0,0,1,-0.06536393505828786,0,0.0001,0,0,1,0,0,0,0,0,0,0
307,3000,0,0,1,-0.03011266318651823,0,0.0001,0,0,1,0,0,0,0,0,0,0
308,3000,0,0,1,-0.13157136009088816,0,0.0001,0,0,1,0,0,0,0,0,0,0
309,3000,0,0,1,-0.12355621050493498,0,0.0001,0,0,1,0,0,0,0,0,0,0
310,3000,0,0,1,-0.03591283845987592,0,0.0001,0,0,1,0,0,0,0,0,0,0
311,3000,0,0,1,0.0997406117270464,0,0.0001,0,0,1,0,0,0,0,0,0,0
312,3000,0,0,1,-0.11513470555899413,0,0.0001,0,0,1,0,0,0,0,0,0,0
313,3000,0,0,1,-0.001427519744385597,0,0.0001,0,0,1,0,0,0,0,0,0,0
314,3000,0,0,1,-0.1126676212550769,0,0.0001,0,0,1,0,0,0,0,0,0,0
315,3000,0,0,1,-0.20125070725258626,0,0.0001,0,0,1,0,0,0,0,0,0,0
316,3000,0,0,1,-0.1778078091307423,0,0.0001,0,0,1,0,0,0,0,0,0,0
317,3000,0,0,1,0.2384843772787416,0,0.0001,0,0,1,0,0,0,0,0,0,0
318,3000,0,0,1,-0.017522669112417066,0,0.0001,0,0,1,0,0,0,0,0,0,0
319,3000,0,0,1,0.12140157352491221,0,0.0001,0,0,1,0,0,0,0,0,0,0
320,3000,0,0,1,0.10779443016673668,0,0.0001,0,0,1,0,0,0,0,0,0,0
321,3000,0,0,1,-0.20016365725442697,0,0.0001,0,0,1,0,0,0,0,0,0,0
322,3000,0,0,1,0.039447914978593734,0,0.0001,0,0,1,0,0,0,0,0,0,0
323,3000,0,0,1,-0.0024337829884767403,0,0.0001,0,0,1,0,0,0,0,0,0,0
324,3000,0,0,1,-0.018837997289412822,0,0.0001,0,0,1,0,0,0,0,0,0,0
325,3000,0,0,1,-0.16132893557027833,0,0.0001,0,0,1,0,0,0,0,0,0,0
326,3000,0,0,1,-0.11339283291776459,0,0.0001,0,0,1,0,0,0,0,0,0,0
327,3000,0,0,1,0.028152485607578215,0,0.0001,0,0,1,0,0,0,0,0,0,0
328,3000,0,0,1,0.24899763880913417,0,0.0001,0,0,1,0,0,0,0,0,0,0
329,3000,0,0,1,-0.1549028223787846,0,0.0001,0,0,1,0,0,0,0,0,0,0
330,3000,0,0,1,0.1586709924032827,0,0.0001,0,0,1,0,0,0,0,0,0,0
331,3000,0,0,1,-0.04905763359795484,0,0.0001,0,0,1,0,0,0,0,0,0,0
332,3000,0,0,1,0.22707480656188933,0,0.0001,0,0,1,0,0,0,0,0,0,0
333,3000,0,0,1,0.1276020866739091,0,0.0001,0,0,1,0,0,0,0,0,0,0
334,3000,0,0,1,0.20038648641148543,0,0.0001,0,0,1,0,0,0,0,0,0,0
335,3000,0,0,1,0.19174833164464694,0,0.0001,0,0,1,0,0,0,0,0,0,0
336,3000,0,0,1,0.11188073243099561,0,0.0001,0,0,1,0,0,0,0,0,0,0
337,3000,0,0,1,0.04618304509972804,0,0.0001,0,0,1,0,0,0,0,0,0,0
338,3000,0,0,1,0.09479331426094939,0,0.0001,0,0,1,0,0,0,0,0,0,0
339,3000,0,0,1,-0.18849527311070846,0,0.0001,0,0,1,0,0,0,0,0,0,0
340,3000,0,0,1,0.11034422390362852,0,0.0001,0,0,1,0,0,0,0,0,0,0
341,3000,0,0,1,0.20471878341597488,0,0.0001,0,0,1,0,0,0,0,0,0,0
342,3000,0,0,1,0.06884262618818449,0,0.0001,0,0,1,0,0,0,0,0,0,0
343,3000,0,0,1,-0.006074236668368427,0,0.0001,0,0,1,0,0,0,0,0,0,0
344,3000,0,0,1,-0.1902291635572027,0,0.0001,0,0,1,0,0,0,0,0,0,0
345,3000,0,0,1,-0.19202051299389195,0,0.0001,0,0,1,0,0,0,0,0,0,0
346,3000,0,0,1,-0.04044390034300199,0,0.0001,0,0,1,0,0,0,0,0,0,0
347,3000,0,0,1,0.05175752461960059,0,0.0001,0,0,1,0,0,0,0,0,0,0
348,3000,0,0,1,-0.017008580308385757,0,0.0001,0,0,1,0,0,0,0,0,0,0
349,3000,0,0,1,-0.10683872540160394,0,0.0001,0,0,1,0,0,0,0,0,0,0
350,3000,0,0,1,0.1787857208994939,0,0.0001,0,0,1,0,0,0,0,0,0,0
351,3000,0,0,1,-0.026183142913495105,0,0.0001,0,0,1,0,0,0,0,0,0,0
352,3000,0,0,1,0.12754188746303885,0,0.0001,0,0,1,0,0,0,0,0,0,0
353,3000,0,0,1,-0.17479671483130926,0,0.0001,0,0,1,0,0,0,0,0,0,0
354,3000,0,0,1,-0.2162261356239802,0,0.0001,0,0,1,0,0,0,0,0,0,0
355,3000,0,0,1,0.1698445189966074,0,0.0001,0,0,1,0,0,0,0,0,0,0
356,3000,0,0,1,-0.2312758890569016,0,0.0001,0,0,1,0,0,0,0,0,0,0
357,3000,0,0,1,-0.03469315564964759,0,0.0001,0,0,1,0,0,0,0,0,0,0
358,3000,0,0,1,-0.03761107323071894,0,0.0001,0,0,1,0,0,0,0,0,0,0
359,3000,0,0,1,0.06691947170194856,0,0.0001,0,0,1,0,0,0,0,0,0,0
360,3000,0,0,1,0.08272371449162824,0,0.0001,0,0,1,0,0,0,0,0,0,0
361,3000,0,0,1,-0.011343622044432344,0,0.0001,0,0,1,0,0,0,0,0,0,0
362,3000,0,0,1,-0.17012868414493926,0,0.0001,0,0,1,0,0,0,0,0,0,0
363,3000,0,0,1,0.1969170280119778,0,0.0001,0,0,1,0,0,0,0,0,0,0
364,3000,0,0,1,-0.1828057764917792,0,0.0001,0,0,1,0,0,0,0,0,0,0
365,3000,0,0,1,0.08715585740436382,0,0.0001,0,0,1,0,0,0,0,0,0,0
366,3000,0,0,1,0.152345883411525,0,0.0001,0,0,1,0,0,0,0,0,0,0
367,3000,0,0,1,0.09791224875897497,0,0.0001,0,0,1,0,0,0,0,0,0,0
368,3000,0,0,1,0.009317178653676428,0,0.0001,0,0,1,0,0,0,0,0,0,0
369,3000,0,0,1,0.1971736745814051,0,0.0001,0,0,1,0,0,0,0,0,0,0
370,3000,0,0,1,0.10422397144254675,0,0.0001,0,0,1,0,0,0,0,0,0,0
371,3000,0,0,1,-0.03789784239046606,0,0.0001,0,0,1,0,0,0,0,0,0,0
372,3000,0,0,1,-0.24735214388540538,0,0.0001,0,0,1,0,0,0,0,0,0,0
373,3000,0,0,1,-0.07150159742119666,0,0.0001,0,0,1,0,0,0,0,0,0,0
374,3000,0,0,1,0.10522638297928621,0,0.0001,0,0,1,0,0,0,0,0,0,0
375,3000,0,0,1,-0.11026244511616007,0,0.0001,0,0,1,0,0,0,0,0,0,0
376,3000,0,0,1,0.24402570385691758,0,0.0001,0,0,1,0,0,0,0,0,0,0
377,3000,0,0,1,-0.135832577940183,0,0.0001,0,0,1,0,0,0,0,0,0,0
378,3000,0,0,1,-0.16758769469777168,0,0.0001,0,0,1,0,0,0,0,0,0,0
379,3000,0,0,1,-0.12861477451013897,0,0.0001,0,0,1,0,0,0,0,0,0,0
380,3000,0,0,1,-0.12739870174033918,0,0.0001,0,0,1,0,0,0,0,0,0,0
381,3000,0,0,1,0.0950931026748964,0,0.0001,0,0,1,0,0,0,0,0,0,0
382,3000,0,0,1,0.16726854327390328,0,0.0001,0,0,1,0,0,0,0,0,0,0
383,3000,0,0,1,0.05254408675597061,0,0.0001,0,0,1,0,0,0,0,0,0,0
384,3000,0,0,1,-0.1036956798915522,0,0.0001,0,0,1,0,0,0,0,0,0,0
385,3000,0,0,1,0.2415694903827777,0,0.0001,0,0,1,0,0,0,0,0,0,0
386,3000,0,0,1,-0.09580098066362874,0,0.0001,0,0,1,0,0,0,0,0,0,0
387,3000,0,0,1,0.23319803413992557,0,0.0001,0,0,1,0,0,0,0,0,0,0
388,3000,0,0,1,0.18652034154635483,0,0.0001,0,0,1,0,0,0,0,0,0,0
389,3000,0,0,1,0.239103881321301,0,0.0001,0,0,1,0,0,0,0,0,0,0
390,3000,0,0,1,-0.06232200040355229,0,0.0001,0,0,1,0,0,0,0,0,0,0
391,3000,0,0,1,0.23991409975271355,0,0.0001,0,0,1,0,0,0,0,0,0,0
392,3000,0,0,1,-0.22940819195621592,0,0.0001,0,0,1,0,0,0,0,0,0,0
393,3000,0,0,1,0.09574772197426223,0,0.0001,0,0,1,0,0,0,0,0,0,0
394,3000,0,0,1,-0.03932471218929734,0,0.0001,0,0,1,0,0,0,0,0,0,0
395,3000,0,0,1,0.15012569439357287,0,0.0001,0,0,1,0,0,0,0,0,0,0
396,3000,0,0,1,-0.1644877315620642,0,0.0001,0,0,1,0,0,0,0,0,0,0
397,3000,0,0,1,-0.1044489557724047,0,0.0001,0,0,1,0,0,0,0,0,0,0
398,3000,0,0,1,-0.1966819016244003,0,0.0001,0,0,1,0,0,0,0,0,0,0
399,3000,0,0,1,0.09369000111023507,0,0.0001,0,0,1,0,0,0,0,0,0,0
400,3000,0,0,1,-0.1512421809253977,0,0.0001,0,0,1,0,0,0,0,0,0,0
401,3000,0,0,1,0.24159671924029275,0,0.0001,0,0,1,0,0,0,0,0,0,0
402,3000,0,0,1,-0.16245721446673217,0,0.0001,0,0,1,0,0,0,0,0,0,0
403,3000,0,0,1,-0.0022753206878249332,0,0.0001,0,0,1,0,0,0,0,0,0,0
404,3000,0,0,1,0.002796133184318206,0,0.0001,0,0,1,0,0,0,0,0,0,0
405,3000,0,0,1,-0.1615605781820214,0,0.0001,0,0,1,0,0,0,0,0,0,0
406,3000,0,0,1,0.1217868572639661,0,0.0001,0,0,1,0,0,0,0,0,0,0
407,3000,0,0,1,-0.013099765244193817,0,0.0001,0,0,1,0,0,0,0,0,0,0
408,3000,0,0,1,-0.03419901355053723,0,0.0001,0,0,1,0,0,0,0,0,0,0
409,3000,0,0,1,0.022193641984395884,0,0.0001,0,0,1,0,0,0,0,0,0,0
410,3000,0,0,1,-0.03850057800993717,0,0.0001,0,0,1,0,0,0,0,0,0,0
411,3000,0,0,1,-0.18236414274959778,0,0.0001,0,0,1,0,0,0,0,0,0,0
412,3000,0,0,1,0.22468219895410624,0,0.0001,0,0,1,0,0,0,0,0,0,0
413,3000,0,0,1,-0.17447026522749737,0,0.0001,0,0,1,0,0,0,0,0,0,0
414,3000,0,0,1,0.026893090130857722,0,0.0001,0,0,1,0,0,0,0,0,0,0
415,3000,0,0,1,0.1930875445843535,0,0.0001,0,0,1,0,0,0,0,0,0,0
416,3000,0,0,1,-0.227841371431724,0,0.0001,0,0,1,0,0,0,0,0,0,0
417,3000,0,0,1,0.09720313673577868,0,0.0001,0,0,1,0,0,0,0,0,0,0
418,3000,0,0,1,-0.11859246971066217,0,0.0001,0,0,1,0,0,0,0,0,0,0
419,3000,0,0,1,0.1413831701991563,0,0.0001,0,0,1,0,0,0,0,0,0,0
420,3000,0,0,1,0.23767317118172987,0,0.0001,0,0,1,0,0,0,0,0,0,0
421,3000,0,0,1,-0.16010464401253188,0,0.0001,0,0,1,0,0,0,0,0,0,0
422,3000,0,0,1,-0.12597948490919691,0,0.0001,0,0,1,0,0,0,0,0,0,0
423,3000,0,0,1,0.009927730038276183,0,0.0001,0,0,1,0,0,0,0,0,0,0
424,3000,0,0,1,0.23372435366091432,0,0.0001,0,0,1,0,0,0,0,0,0,0
425,3000,0,0,1,0.16699012140305924,0,0.0001,0,0,1,0,0,0,0,0,0,0
426,3000,0,0,1,-0.21902467186339847,0,0.0001,0,0,1,0,0,0,0,0,0,0
427,3000,0,0,1,0.1421675377244348,0,0.0001,0,0,1,0,0,0,0,0,0,0
428,3000,0,0,1,0.1636001019420582,0,0.0001,0,0,1,0,0,0,0,0,0,0
429,3000,0,0,1,-0.1711699743610372,0,0.0001,0,0,1,0,0,0,0,0,0,0
430,3000,0,0,1,-0.05085566749944853,0,0.0001,0,0,1,0,0,0,0,0,0,0
431,3000,0,0,1,-0.007875738191370218,0,0.0001,0,0,1,0,0,0,0,0,0,0
432,3000,0,0,1,0.08826476503024877,0,0.0001,0,0,1,0,0,0,0,0,0,0
433,3000,0,0,1,0.12091504460380936,0,0.0001,0,0,1,0,0,0,0,0,0,0
434,3000,0,0,1,0.06950080223050498,0,0.0001,0,0,1,0,0,0,0,0,0,0
435,3000,0,0,1,0.23731494429120348,0,0.0001,0,0,1,0,0,0,0,0,0,0
436,3000,0,0,1,-0.03264347369199777,0,0.0001,0,0,1,0,0,0,0,0,0,0
437,3000,0,0,1,-0.028216215239995623,0,0.0001,0,0,1,0,0,0,0,0,0,0
438,3000,0,0,1,0.20119457599051987,0,0.0001,0,0,1,0,0,0,0,0,0,0
439,3000,0,0,1,0.10817116428177687,0,0.0001,0,0,1,0,0,0,0,0,0,0
440,3000,0,0,1,-0.002261776246916425,0,0.0001,0,0,1,0,0,0,0,0,0,0
441,3000,0,0,1,0.08654977796461472,0,0.0001,0,0,1,0,0,0,0,0,0,0
442,3000,0,0,1,0.21728939872872788,0,0.0001,0,0,1,0,0,0,0,0,0,0
443,3000,0,0,1,-0.14979400221625294,0,0.0001,0,0,1,0,0,0,0,0,0,0
444,3000,0,0,1,0.07292238318929523,0,0.0001,0,0,1,0,0,0,0,0,0,0
445,3000,0,0,1,0.0029244292112411974,0,0.0001,0,0,1,0,0,0,0,0,0,0
446,3000,0,0,1,0.05733002881516708,0,0.0001,0,0,1,0,0,0,0,0,0,0
447,3000,0,0,1,0.0038098813523566033,0,0.0001,0,0,1,0,0,0,0,0,0,0
448,3000,0,0,1,-0.021344060011444954,0,0.0001,0,0,1,0,0,0,0,0,0,0
449,3000,0,0,1,-0.0014200857663166921,0,0.0001,0,0,1,0,0,0,0,0,0,0
450,3000,0,0,1,0.23088175963870922,0,0.0001,0,0,1,0,0,0,0,0,0,0
451,3000,0,0,1,-0.152101740577607,0,0.0001,0,0,1,0,0,0,0,0,0,0
452,3000,0,0,1,0.08810970568755044,0,0.0001,0,0,1,0,0,0,0,0,0,0
453,3000,0,0,1,0.12379959071987529,0,0.0001,0,0,1,0,0,0,0,0,0,0
454,3000,0,0,1,-0.2126406435185944,0,0.0001,0,0,1,0,0,0,0,0,0,0
455,3000,0,0,1,-0.19571817231570676,0,0.0001,0,0,1,0,0,0,0,0,0,0
456,3000,0,0,1,-0.17697695479785347,0,0.0001,0,0,1,0,0,0,0,0,0,0
457,3000,0,0,1,-0.015345653203722331,0,0.0001,0,0,1,0,0,0,0,0,0,0
458,3000,0,0,1,-0.21492576621347953,0,0.0001,0,0,1,0,0,0,0,0,0,0
459,3000,0,0,1,-0.09158362870802977,0,0.0001,0,0,1,0,0,0,0,0,0,0
460,3000,0,0,1,0.21180194218633513,0,0.0001,0,0,1,0,0,0,0,0,0,0
461,3000,0,0,1,0.23442250303205303,0,0.0001,0,0,1,0,0,0,0,0,0,0
462,3000,0,0,1,0.12015343719493293,0,0.0001,0,0,1,0,0,0,0,0,0,0
463,3000,0,0,1,-0.18509029546653838,0,0.0001,0,0,1,0,0,0,0,0,0,0
464,3000,0,0,1,-0.06500921725698405,0,0.0001,0,0,1,0,0,0,0,0,0,0
465,3000,0,0,1,0.09635084786963,0,0.0001,0,0,1,0,0,0,0,0,0,0
466,3000,0,0,1,-0.08587827857609703,0,0.0001,0,0,1,0,0,0,0,0,0,0
467,3000,0,0,1,0.0345088239163267,0,0.0001,0,0,1,0,0,0,0,0,0,0
468,3000,0,0,1,0.15293939482571822,0,0.0001,0,0,1,0,0,0,0,0,0,0
469,3000,0,0,1,0.12402819580794644,0,0.0001,0,0,1,0,0,0,0,0,0,0
470,3000,0,0,1,0.1591854822570673,0,0.0001,0,0,1,0,0,0,0,0,0,0
471,3000,0,0,1,0.03327405527611432,0,0.0001,0,0,1,0,0,0,0,0,0,0
472,3000,0,0,1,0.21076363545077426,0,0.0001,0,0,1,0,0,0,0,0,0,0
473,3000,0,0,1,0.12930248051647014,0,0.0001,0,0,1,0,0,0,0,0,0,0
474,3000,0,0,1,-0.12103771842490135,0,0.0001,0,0,1,0,0,0,0,0,0,0
475,3000,0,0,1,-0.12288734444724142,0,0.0001,0,0,1,0,0,0,0,0,0,0
476,3000,0,0,1,-0.19132844838547003,0,0.0001,0,0,1,0,0,0,0,0,0,0
477,3000,0,0,1,0.09535352122632101,0,0.0001,0,0,1,0,0,0,0,0,0,0
478,3000,0,0,1,0.0936208926826439,0,0.0001,0,0,1,0,0,0,0,0,0,0
479,3000,0,0,1,0.06784465622933311,0,0.0001,0,0,1,0,0,0,0,0,0,0
480,3000,0,0,1,0.1504401446318609,0,0.0001,0,0,1,0,0,0,0,0,0,0
481,3000,0,0,1,-0.24452784530717958,0,0.0001,0,0,1,0,0,0,0,0,0,0
482,3000,0,0,1,-0.08089701022015705,0,0.0001,0,0,1,0,0,0,0,0,0,0
483,3000,0,0,1,0.18887512882575425,0,0.0001,0,0,1,0,0,0,0,0,0,0
484,3000,0,0,1,0.20629737372158408,0,0.0001,0,0,1,0,0,0,0,0,0,0
485,3000,0,0,1,-0.23746358785968352,0,0.0001,0,0,1,0,0,0,0,0,0,0
486,3000,0,0,1,0.19822649443447948,0,0.0001,0,0,1,0,0,0,0,0,0,0
487,3000,0,0,1,0.17001452199766293,0,0.0001,0,0,1,0,0,0,0,0,0,0
488,3000,0,0,1,-0.13612663547528697,0,0.0001,0,0,1,0,0,0,0,0,0,0
489,3000,0,0,1,-0.19733207921901902,0,0.0001,0,0,1,0,0,0,0,0,0,0
490,3000,0,0,1,-0.024748768696057022,0,0.0001,0,0,1,0,0,0,0,0,0,0
491,3000,0,0,1,-0.08479709146619707,0,0.0001,0,0,1,0,0,0,0,0,0,0
492,3000,0,0,1,0.21884860992211635,0,0.0001,0,0,1,0,0,0,0,0,0,0
493,3000,0,0,1,-0.00896281330843579,0,0.0001,0,0,1,0,0,0,0,0,0,0
494,3000,0,0,1,-0.04119595794615999,0,0.0001,0,0,1,0,0,0,0,0,0,0
495,3000,0,0,1,0.0534337586910299,0,0.0001,0,0,1,0,0,0,0,0,0,0
496,3000,0,0,1,-0.07582195800136898,0,0.0001,0,0,1,0,0,0,0,0,0,0
497,3000,0,0,1,-0.1380949129527238,0,0.0001,0,0,1,0,0,0,0,0,0,0
498,3000,0,0,1,-0.06827079521443052,0,0.0001,0,0,1,0,0,0,0,0,0,0
499,3000,0,0,1,-0.03416190533728314,0,0.0001,0,0,1,0,0,0,0,0,0,0
500,3000,0,0,1,0.23106588364314162,0,0.0001,0,0,1,0,0,0,0,0,0,0
501,3000,0,0,1,0.07998066781773555,0,0.0001,0,0,1,0,0,0,0,0,0,0
502,3000,0,0,1,0.15786731489219025,0,0.0001,0,0,1,0,0,0,0,0,0,0
503,3000,0,0,1,-0.21269031732501542,0,0.0001,0,0,1,0,0,0,0,0,0,0
504,3000,0,0,1,0.21742781701910896,0,0.0001,0,0,1,0,0,0,0,0,0,0
505,3000,0,0,1,0.11320388191479147,0,0.0001,0,0,1,0,0,0,0,0,0,0
506,3000,0,0,1,0.07279068289782664,0,0.0001,0,0,1,0,0,0,0,0,0,0
507,3000,0,0,1,-0.24989619679385827,0,0.0001,0,0,1,0,0,0,0,0,0,0
508,3000,0,0,1,0.11292063612218661,0,0.0001,0,0,1,0,0,0,0,0,0,0
509,3000,0,0,1,0.12382245369201456,0,0.0001,0,0,1,0,0,0,0,0,0,0
510,3000,0,0,1,0.18667366793905188,0,0.0001,0,0,1,0,0,0,0,0,0,0
511,3000,0,0,1,0.03273579524872816,0,0.0001,0,0,1,0,0,0,0,0,0,0
512,3000,0,0,1,0.19496190474943736,0,0.0001,0,0,1,0,0,0,0,0,0,0
513,3000,0,0,1,0.06029475752678154,0,0.0001,0,0,1,0,0,0,0,0,0,0
514,3000,0,0,1,-0.19087629036917853,0,0.0001,0,0,1,0,0,0,0,0,0,0
515,3000,0,0,1,0.22808504507822508,0,0.0001,0,0,1,0,0,0,0,0,0,0
516,3000,0,0,1,0.011934193467679266,0,0.0001,0,0,1,0,0,0,0,0,0,0
517,3000,0,0,1,0.07556367759992572,0,0.0001,0,0,1,0,0,0,0,0,0,0
518,3000,0,0,1,0.08486746457570243,0,0.0001,0,0,1,0,0,0,0,0,0,0
519,3000,0,0,1,-0.18266601046927416,0,0.0001,0,0,1,0,0,0,0,0,0,0
520,3000,0,0,1,-0.10179458976031541,0,0.0001,0,0,1,0,0,0,0,0,0,0
521,3000,0,0,1,-0.036926316327104025,0,0.0001,0,0,1,0,0,0,0,0,0,0
522,3000,0,0,1,-0.09072009591414687,0,0.0001,0,0,1,0,0,0,0,0,0,0
523,3000,0,0,1,0.09247509406586807,0,0.0001,0,0,1,0,0,0,0,0,0,0
524,3000,0,0,1,0.15532709391986332,0,0.0001,0,0,1,0,0,0,0,0,0,0
525,3000,0,0,1,-0.14219897192318182,0,0.0001,0,0,1,0,0,0,0,0,0,0
526,3000,0,0,1,0.16195691852921346,0,0.0001,0,0,1,0,0,0,0,0,0,0
527,3000,0,0,1,0.058437524649679384,0,0.0001,0,0,1,0,0,0,0,0,0,0
528,3000,0,0,1,0.015985637370599215,0,0.0001,0,0,1,0,0,0,0,0,0,0
529,3000,0,0,1,0.23890058634342065,0,0.0001,0,0,1,0,0,0,0,0,0,0
530,3000,0,0,1,0.07061500110520358,0,0.0001,0,0,1,0,0,0,0,0,0,0
531,3000,0,0,1,0.00542162318826217,0,0.0001,0,0,1,0,0,0,0,0,0,0
532,3000,0,0,1,0.1735348861132835,0,0.0001,0,0,1,0,0,0,0,0,0,0
533,3000,0,0,1,-0.05507767247789114,0,0.0001,0,0,1,0,0,0,0,0,0,0
534,3000,0,0,1,0.17414638930359827,0,0.0001,0,0,1,0,0,0,0,0,0,0
535,3000,0,0,1,0.2408787814067434,0,0.0001,0,0,1,0,0,0,0,0,0,0
536,3000,0,0,1,0.24879926380964762,0,0.0001,0,0,1,0,0,0,0,0,0,0
537,3000,0,0,1,-0.24293466197281527,0,0.0001,0,0,1,0,0,0,0,0,0,0
538,3000,0,0,1,0.2261170669776581,0,0.0001,0,0,1,0,0,0,0,0,0,0
539,3000,0,0,1,-0.0070914562066753395,0,0.0001,0,0,1,0,0,0,0,0,0,0
540,3000,0,0,1,-0.14354708160947222,0,0.0001,0,0,1,0,0,0,0,0,0,0
541,3000,0,0,1,0.05924469254543929,0,0.0001,0,0,1,0,0,0,0,0,0,0
542,3000,0,0,1,0.20191366756199003,0,0.0001,0,0,1,0,0,0,0,0,0,0
543,3000,0,0,1,0.2409059732975512,0,0.0001,0,0,1,0,0,0,0,0,0,0
544,3000,0,0,1,-0.050749178882140866,0,0.0001,0,0,1,0,0,0,0,0,0,0
545,3000,0,0,1,-0.1426423897658013,0,0.0001,0,0,1,0,0,0,0,0,0,0
546,3000,0,0,1,0.031027751148309857,0,0.0001,0,0,1,0,0,0,0,0,0,0
547,3000,0,0,1,0.01838011065409234,0,0.0001,0,0,1,0,0,0,0,0,0,0
548,3000,0,0,1,0.19675998637617248,0,0.0001,0,0,1,0,0,0,0,0,0,0
549,3000,0,0,1,-0.14857058461203,0,0.0001,0,0,1,0,0,0,0,0,0,0
550,3000,0,0,1,0.09013717513813452,0,0.0001,0,0,1,0,0,0,0,0,0,0
551,3000,0,0,1,0.14857197534910432,0,0.0001,0,0,1,0,0,0,0,0,0,0
552,3000,0,0,1,-0.07372118379354953,0,0.0001,0,0,1,0,0,0,0,0,0,0
553,3000,0,0,1,0.16188767106916968,0,0.0001,0,0,1,0,0,0,0,0,0,0
554,3000,0,0,1,-0.11178849978780198,0,0.0001,0,0,1,0,0,0,0,0,0,0
555,3000,0,0,1,0.20761791782684547,0,0.0001,0,0,1,0,0,0,0,0,0,0
556,3000,0,0,1,0.23830470159184675,0,0.0001,0,0,1,0,0,0,0,0,0,0
557,3000,0,0,1,-0.06650316527225841,0,0.0001,0,0,1,0,0,0,0,0,0,0
558,3000,0,0,1,0.13350629981069123,0,0.0001,0,0,1,0,0,0,0,0,0,0
559,3000,0,0,1,-0.23338761011102926,0,0.0001,0,0,1,0,0,0,0,0,0,0
560,3000,0,0,1,0.16894859898525444,0,0.0001,0,0,1,0,0,0,0,0,0,0
561,3000,0,0,1,0.18663788903144096,0,0.0001,0,0,1,0,0,0,0,0,0,0
562,3000,0,0,1,-0.15254269248224755,0,0.0001,0,0,1,0,0,0,0,0,0,0
563,3000,0,0,1,-0.09544557213539656,0,0.0001,0,0,1,0,0,0,0,0,0,0
564,3000,0,0,1,0.21524982724085795,0,0.0001,0,0,1,0,0,0,0,0,0,0
565,3000,0,0,1,-0.24457099320844083,0,0.0001,0,0,1,0,0,0,0,0,0,0
566,3000,0,0,1,-0.21896508924680913,0,0.0001,0,0,1,0,0,0,0,0,0,0
567,3000,0,0,1,-0.07569638707109166,0,0.0001,0,0,1,0,0,0,0,0,0,0
568,3000,0,0,1,0.20451248884080264,0,0.0001,0,0,1,0,0,0,0,0,0,0
569,3000,0,0,1,-0.007505372570196456,0,0.0001,0,0,1,0,0,0,0,0,0,0
570,3000,0,0,1,-0.22550335942042443,0,0.0001,0,0,1,0,0,0,0,0,0,0
571,3000,0,0,1,0.08258936217463153,0,0.0001,0,0,1,0,0,0,0,0,0,0
572,3000,0,0,1,0.14623488650364402,0,0.0001,0,0,1,0,0,0,0,0,0,0
573,3000,0,0,1,-0.24146145873720976,0,0.0001,0,0,1,0,0,0,0,0,0,0
574,3000,0,0,1,0.19219381359773652,0,0.0001,0,0,1,0,0,0,0,0,0,0
575,3000,0,0,1,-0.10171315211651127,0,0.0001,0,0,1,0,0,0,0,0,0,0
576,3000,0,0,1,-0.11866480685432929,0,0.0001,0,0,1,0,0,0,0,0,0,0
577,3000,0,0,1,-0.15377923952886147,0,0.0001,0,0,1,0,0,0,0,0,0,0
578,3000,0,0,1,0.1959817560513858,0,0.0001,0,0,1,0,0,0,0,0,0,0
579,3000,0,0,1,0.039971137993785044,0,0.0001,0,0,1,0,0,0,0,0,0,0
580,3000,0,0,1,-0.07864028660547695,0,0.0001,0,0,1,0,0,0,0,0,0,0
581,3000,0,0,1,-0.0468670807778388,0,0.0001,0,0,1,0,0,0,0,0,0,0
582,3000,0,0,1,0.21252995339301606,0,0.0001,0,0,1,0,0,0,0,0,0,0
583,3000,0,0,1,0.030313864687215586,0,0.0001,0,0,1,0,0,0,0,0,0,0
584,3000,0,0,1,-0.100524033065862,0,0.0001,0,0,1,0,0,0,0,0,0,0
585,3000,0,0,1,-0.04053383990254328,0,0.0001,0,0,1,0,0,0,0,0,0,0
586,3000,0,0,1,-0.020070582725705055,0,0.0001,0,0,1,0,0,0,0,0,0,0
587,3000,0,0,1,0.21604056564021162,0,0.0001,0,0,1,0,0,0,0,0,0,0
588,3000,0,0,1,0.20393890212191518,0,0.0001,0,0,1,0,0,0,0,0,0,0
589,3000,0,0,1,0.06520513780940518,0,0.0001,0,0,1,0,0,0,0,0,0,0
590,3000,0,0,1,-0.03139444921098633,0,0.0001,0,0,1,0,0,0,0,0,0,0
591,3000,0,0,1,0.1841746083531267,0,0.0001,0,0,1,0,0,0,0,0,0,0
592,3000,0,0,1,-0.10689296658528746,0,0.0001,0,0,1,0,0,0,0,0,0,0
593,3000,0,0,1,-0.04698743892265306,0,0.0001,0,0,1,0,0,0,0,0,0,0
594,3000,0,0,1,0.13251717775413158,0,0.0001,0,0,1,0,0,0,0,0,0,0
595,3000,0,0,1,-0.1374209369810493,0,0.0001,0,0,1,0,0,0,0,0,0,0
596,3000,0,0,1,0.12517413465640592,0,0.0001,0,0,1,0,0,0,0,0,0,0
597,3000,0,0,1,-0.020570970182024417,0,0.0001,0,0,1,0,0,0,0,0,0,0
598,3000,0,0,1,-0.06855008138031571,0,0.0001,0,0,1,0,0,0,0,0,0,0
599,3000,0,0,1,-0.1323041486210697,0,0.0001,0,0,1,0,0,0,0,0,0,0
600,3000,0,0,1,0.19265589988659848,0,0.0001,0,0,1,0,0,0,0,0,0,0
601,3000,0,0,1,-0.06285444414289326,0,0.0001,0,0,1,0,0,0,0,0,0,0
602,3000,0,0,1,-0.10100750391685992,0,0.0001,0,0,1,0,0,0,0,0,0,0
603,3000,0,0,1,-0.21052584589196582,0,0.0001,0,0,1,0,0,0,0,0,0,0
604,3000,0,0,1,-0.002237075850942849,0,0.0001,0,0,1,0,0,0,0,0,0,0
605,3000,0,0,1,-0.15751691494440273,0,0.0001,0,0,1,0,0,0,0,0,0,0
606,3000,0,0,1,-0.0980886890575306,0,0.0001,0,0,1,0,0,0,0,0,0,0
607,3000,0,0,1,-0.03815098876460016,0,0.0001,0,0,1,0,0,0,0,0,0,0
608,3000,0,0,1,-0.03471084374181943,0,0.0001,0,0,1,0,0,0,0,0,0,0
609,3000,0,0,1,0.15668506130900317,0,0.0001,0,0,1,0,0,0,0,0,0,0
610,3000,0,0,1,-0.05061099068337788,0,0.0001,0,0,1,0,0,0,0,0,0,0
611,3000,0,0,1,-0.18042557124122338,0,0.0001,0,0,1,0,0,0,0,0,0,0
612,3000,0,0,1,-0.18789857253046238,0,0.0001,0,0,1,0,0,0,0,0,0,0
613,3000,0,0,1,-0.068459357630617,0,0.0001,0,0,1,0,0,0,0,0,0,0
614,3000,0,0,1,-0.0990975147793518,0,0.0001,0,0,1,0,0,0,0,0,0,0
615,3000,0,0,1,-0.14155102310584344,0,0.0001,0,0,1,0,0,0,0,0,0,0
616,3000,0,0,1,0.22457184393946883,0,0.0001,0,0,1,0,0,0,0,0,0,0
617,3000,0,0,1,-0.21558455193003967,0,0.0001,0,0,1,0,0,0,0,0,0,0
618,3000,0,0,1,0.19757636574674964,0,0.0001,0,0,1,0,0,0,0,0,0,0
619,3000,0,0,1,-0.06602455345838637,0,0.0001,0,0,1,0,0,0,0,0,0,0
620,3000,0,0,1,0.0441224690642002,0,0.0001,0,0,1,0,0,0,0,0,0,0
621,3000,0,0,1,-0.1177419625972837,0,0.0001,0,0,1,0,0,0,0,0,0,0
622,3000,0,0,1,-0.14691631567647456,0,0.0001,0,0,1,0,0,0,0,0,0,0
623,3000,0,0,1,-0.06703178449149988,0,0.0001,0,0,1,0,0,0,0,0,0,0
624,3000,0,0,1,0.18440481208720072,0,0.0001,0,0,1,0,0,0,0,0,0,0
625,3000,0,0,1,-0.024232421919797187,0,0.0001,0,0,1,0,0,0,0,0,0,0
626,3000,0,0,1,0.08356725084980271,0,0.0001,0,0,1,0,0,0,0,0,0,0
627,3000,0,0,1,-0.11009616344969225,0,0.0001,0,0,1,0,0,0,0,0,0,0
628,3000,0,0,1,-0.0708710386218333,0,0.0001,0,0,1,0,0,0,0,0,0,0
629,3000,0,0,1,0.0489931561581996,0,0.0001,0,0,1,0,0,0,0,0,0,0
630,3000,0,0,1,-0.049733739543469324,0,0.0001,0,0,1,0,0,0,0,0,0,0
631,3000,0,0,1,-0.0041434269873221186,0,0.0001,0,0,1,0,0,0,0,0,0,0
632,3000,0,0,1,0.0490696619416085,0,0.0001,0,0,1,0,0,0,0,0,0,0
633,3000,0,0,1,-0.03540233284953437,0,0.0001,0,0,1,0,0,0,0,0,0,0
634,3000,0,0,1,-0.22805017266560962,0,0.0001,0,0,1,0,0,0,0,0,0,0
635,3000,0,0,1,0.1759596352677174,0,0.0001,0,0,1,0,0,0,0,0,0,0
636,3000,0,0,1,0.09305675403719943,0,0.0001,0,0,1,0,0,0,0,0,0,0
637,3000,0,0,1,-0.1880669957862673,0,0.0001,0,0,1,0,0,0,0,0,0,0
638,3000,0,0,1,0.12367209586012567,0,0.0001,0,0,1,0,0,0,0,0,0,0
639,3000,0,0,1,-0.03148315278968272,0,0.0001,0,0,1,0,0,0,0,0,0,0
640,3000,0,0,1,-0.1281194453420394,0,0.0001,0,0,1,0,0,0,0,0,0,0
641,3000,0,0,1,0.13044681057576307,0,0.0001,0,0,1,0,0,0,0,0,0,0
642,3000,0,0,1,0.15498726128575868,0,0.0001,0,0,1,0,0,0,0,0,0,0
643,3000,0,0,1,-0.06582930904185508,0,0.0001,0,0,1,0,0,0,0,0,0,0
644,3000,0,0,1,-0.14526851858239825,0,0.0001,0,0,1,0,0,0,0,0,0,0
645,3000,0,0,1,0.2470771232382567,0,0.0001,0,0,1,0,0,0,0,0,0,0
646,3000,0,0,1,-0.05934428916479151,0,0.0001,0,0,1,0,0,0,0,0,0,0
647,3000,0,0,1,0.22231801975843535,0,0.0001,0,0,1,0,0,0,0,0,0,0
648,3000,0,0,1,-0.051891295904272994,0,0.0001,0,0,1,0,0,0,0,0,0,0
649,3000,0,0,1,-0.21700342427160968,0,0.0001,0,0,1,0,0,0,0,0,0,0
650,3000,0,0,1,-0.03137695554854408,0,0.0001,0,0,1,0,0,0,0,0,0,0
651,3000,0,0,1,0.06401984282664458,0,0.0001,0,0,1,0,0,0,0,0,0,0
652,3000,0,0,1,0.11151565514604839,0,0.0001,0,0,1,0,0,0,0,0,0,0
653,3000,0,0,1,-0.17333936032463176,0,0.0001,0,0,1,0,0,0,0,0,0,0
654,3000,0,0,1,-0.11408795217221923,0,0.0001,0,0,1,0,0,0,0,0,0,0
655,3000,0,0,1,-0.19820338297270962,0,0.0001,0,0,1,0,0,0,0,0,0,0
656,3000,0,0,1,-0.20713342318220318,0,0.0001,0,0,1,0,0,0,0,0,0,0
657,3000,0,0,1,0.21587989748883663,0,0.0001,0,0,1,0,0,0,0,0,0,0
658,3000,0,0,1,0.2487473054026525,0,0.0001,0,0,1,0,0,0,0,0,0,0
659,3000,0,0,1,0.06012622087484171,0,0.0001,0,0,1,0,0,0,0,0,0,0
660,3000,0,0,1,0.19840159356134213,0,0.0001,0,0,1,0,0,0,0,0,0,0
661,3000,0,0,1,-0.012818949740958763,0,0.0001,0,0,1,0,0,0,0,0,0,0
662,3000,0,0,1,0.21229235892904907,0,0.0001,0,0,1,0,0,0,0,0,0,0
663,3000,0,0,1,-0.071809929247664,0,0.0001,0,0,1,0,0,0,0,0,0,0
664,3000,0,0,1,0.14416957416119364,0,0.0001,0,0,1,0,0,0,0,0,0,0
665,3000,0,0,1,0.018797727297264866,0,0.0001,0,0,1,0,0,0,0,0,0,0
666,3000,0,0,1,-0.06295062531327383,0,0.0001,0,0,1,0,0,0,0,0,0,0
667,3000,0,0,1,-0.05362720734942977,0,0.0001,0,0,1,0,0,0,0,0,0,0
668,3000,0,0,1,-0.06471189014097789,0,0.0001,0,0,1,0,0,0,0,0,0,0
669,3000,0,0,1,-0.09536033907403807,0,0.0001,0,0,1,0,0,0,0,0,0,0
670,3000,0,0,1,0.1435077878344988,0,0.0001,0,0,1,0,0,0,0,0,0,0
671,3000,0,0,1,-0.16970635799378958,0,0.0001,0,0,1,0,0,0,0,0,0,0
672,3000,0,0,1,-0.10935981084562213,0,0.0001,0,0,1,0,0,0,0,0,0,0
673,3000,0,0,1,-0.04016974141729768,0,0.0001,0,0,1,0,0,0,0,0,0,0
674,3000,0,0,1,0.21883979584408864,0,0.0001,0,0,1,0,0,0,0,0,0,0
675,3000,0,0,1,-0.04578912371361599,0,0.0001,0,0,1,0,0,0,0,0,0,0
676,3000,0,0,1,-0.052378067432526876,0,0.0001,0,0,1,0,0,0,0,0,0,0
677,3000,0,0,1,0.07191407467933225,0,0.0001,0,0,1,0,0,0,0,0,0,0
678,3000,0,0,1,-0.1385621242662225,0,0.0001,0,0,1,0,0,0,0,0,0,0
679,3000,0,0,1,0.1670913059632677,0,0.0001,0,0,1,0,0,0,0,0,0,0
680,3000,0,0,1,-0.055616633565149565,0,0.0001,0,0,1,0,0,0,0,0,0,0
681,3000,0,0,1,-0.1913030973774521,0,0.0001,0,0,1,0,0,0,0,0,0,0
682,3000,0,0,1,-0.14832909481822237,0,0.0001,0,0,1,0,0,0,0,0,0,0
683,3000,0,0,1,-0.15401528308007373,0,0.0001,0,0,1,0,0,0,0,0,0,0
684,3000,0,0,1,0.06042027904742725,0,0.0001,0,0,1,0,0,0,0,0,0,0
685,3000,0,0,1,0.053690701269972496,0,0.0001,0,0,1,0,0,0,0,0,0,0
686,3000,0,0,1,-0.07220793924680491,0,0.0001,0,0,1,0,0,0,0,0,0,0
687,3000,0,0,1,-0.021464604901348994,0,0.0001,0,0,1,0,0,0,0,0,0,0
688,3000,0,0,1,-0.02890602772527684,0,0.0001,0,0,1,0,0,0,0,0,0,0
689,3000,0,0,1,0.2065638057633506,0,0.0001,0,0,1,0,0,0,0,0,0,0
690,3000,0,0,1,-0.08423236146146668,0,0.0001,0,0,1,0,0,0,0,0,0,0
691,3000,0,0,1,-0.01335515911290136,0,0.0001,0,0,1,0,0,0,0,0,0,0
692,3000,0,0,1,-0.09120956564684635,0,0.0001,0,0,1,0,0,0,0,0,0,0
693,3000,0,0,1,-0.17445963076056997,0,0.0001,0,0,1,0,0,0,0,0,0,0
694,3000,0,0,1,0.16264375127862263,0,0.0001,0,0,1,0,0,0,0,0,0,0
695,3000,0,0,1,-0.08014653027199553,0,0.0001,0,0,1,0,0,0,0,0,0,0
696,3000,0,0,1,0.10669414473600969,0,0.0001,0,0,1,0,0,0,0,0,0,0
697,3000,0,0,1,0.07525147335354487,0,0.0001,0,0,1,0,0,0,0,0,0,0
698,3000,0,0,1,-0.05000420580863585,0,0.0001,0,0,1,0,0,0,0,0,0,0
699,3000,0,0,1,0.05141731342592476,0,0.0001,0,0,1,0,0,0,0,0,0,0
700,3000,0,0,1,-0.14672140003886736,0,0.0001,0,0,1,0,0,0,0,0,0,0
701,3000,0,0,1,0.08953471343589714,0,0.0001,0,0,1,0,0,0,0,0,0,0
702,3000,0,0,1,0.062441969325684465,0,0.0001,0,0,1,0,0,0,0,0,0,0
703,3000,0,0,1,-0.19243249843183968,0,0.0001,0,0,1,0,0,0,0,0,0,0
704,3000,0,0,1,0.0967348566622912,0,0.0001,0,0,1,0,0,0,0,0,0,0
705,3000,0,0,1,0.08214552866832964,0,0.0001,0,0,1,0,0,0,0,0,0,0
706,3000,0,0,1,0.07941672616427631,0,0.0001,0,0,1,0,0,0,0,0,0,0
707,3000,0,0,1,0.08710316387651118,0,0.0001,0,0,1,0,0,0,0,0,0,0
708,3000,0,0,1,0.23275415540906802,0,0.0001,0,0,1,0,0,0,0,0,0,0
709,3000,0,0,1,-0.10881449875481075,0,0.0001,0,0,1,0,0,0,0,0,0,0
710,3000,0,0,1,0.21302608148113145,0,0.0001,0,0,1,0,0,0,0,0,0,0
711,3000,0,0,1,-0.19499794535407888,0,0.0001,0,0,1,0,0,0,0,0,0,0
712,3000,0,0,1,-0.1484866066868561,0,0.0001,0,0,1,0,0,0,0,0,0,0
713,3000,0,0,1,-0.21367974975797294,0,0.0001,0,0,1,0,0,0,0,0,0,0
714,3000,0,0,1,0.07285169583740575,0,0.0001,0,0,1,0,0,0,0,0,0,0
715,3000,0,0,1,-0.12876132567176546,0,0.0001,0,0,1,0,0,0,0,0,0,0
716,3000,0,0,1,0.11957924266708009,0,0.0001,0,0,1,0,0,0,0,0,0,0
717,3000,0,0,1,-0.24479829434402772,0,0.0001,0,0,1,0,0,0,0,0,0,0
718,3000,0,0,1,-0.034745780944191396,0,0.0001,0,0,1,0,0,0,0,0,0,0
719,3000,0,0,1,0.09185862464688627,0,0.0001,0,0,1,0,0,0,0,0,0,0
720,3000,0,0,1,-0.23204297606828833,0,0.0001,0,0,1,0,0,0,0,0,0,0
721,3000,0,0,1,-0.19343375218351316,0,0.0001,0,0,1,0,0,0,0,0,0,0
722,3000,0,0,1,-0.14730268157764959,0,0.0001,0,0,1,0,0,0,0,0,0,0
723,3000,0,0,1,0.15926428240278212,0,0.0001,0,0,1,0,0,0,0,0,0,0
724,3000,0,0,1,-0.15372896745212272,0,0.0001,0,0,1,0,0,0,0,0,0,0
725,3000,0,0,1,-0.225200442555818,0,0.0001,0,0,1,0,0,0,0,0,0,0
726,3000,0,0,1,0.18275096580505357,0,0.0001,0,0,1,0,0,0,0,0,0,0
727,3000,0,0,1,0.010963372420847661,0,0.0001,0,0,1,0,0,0,0,0,0,0
728,3000,0,0,1,0.03407376447030136,0,0.0001,0,0,1,0,0,0,0,0,0,0
729,3000,0,0,1,-0.045682578081967185,0,0.0001,0,0,1,0,0,0,0,0,0,0
730,3000,0,0,1,-0.09634885561052631,0,0.0001,0,0,1,0,0,0,0,0,0,0
731,3000,0,0,1,0.12218164282795108,0,0.0001,0,0,1,0,0,0,0,0,0,0
732,3000,0,0,1,-0.08787163292699474,0,0.0001,0,0,1,0,0,0,0,0,0,0
733,3000,0,0,1,0.0008869789863214517,0,0.0001,0,0,1,0,0,0,0,0,0,0
734,3000,0,0,1,-0.150090484844498,0,0.0001,0,0,1,0,0,0,0,0,0,0
735,3000,0,0,1,0.10187610684300508,0,0.0001,0,0,1,0,0,0,0,0,0,0
736,3000,0,0,1,-0.04941817424522016,0,0.0001,0,0,1,0,0,0,0,0,0,0
737,3000,0,0,1,0.16981553797436016,0,0.0001,0,0,1,0,0,0,0,0,0,0
738,3000,0,0,1,-0.21038247587272235,0,0.0001,0,0,1,0,0,0,0,0,0,0
739,3000,0,0,1,-0.059335010431418644,0,0.0001,0,0,1,0,0,0,0,0,0,0
740,3000,0,0,1,0.05177553108202282,0,0.0001,0,0,1,0,0,0,0,0,0,0
741,3000,0,0,1,0.014452273109586689,0,0.0001,0,0,1,0,0,0,0,0,0,0
742,3000,0,0,1,0.0034183780034341416,0,0.0001,0,0,1,0,0,0,0,0,0,0
743,3000,0,0,1,-0.02261555629498674,0,0.0001,0,0,1,0,0,0,0,0,0,0
744,3000,0,0,1,0.06937643090853274,0,0.0001,0,0,1,0,0,0,0,0,0,0
745,3000,0,0,1,-0.09365722854720937,0,0.0001,0,0,1,0,0,0,0,0,0,0
746,3000,0,0,1,0.06532390694348261,0,0.0001,0,0,1,0,0,0,0,0,0,0
747,3000,0,0,1,-0.20091865362213174,0,0.0001,0,0,1,0,0,0,0,0,0,0
748,3000,0,0,1,-0.17130567683435188,0,0.0001,0,0,1,0,0,0,0,0,0,0
749,3000,0,0,1,-0.12472735628651066,0,0.0001,0,0,1,0,0,0,0,0,0,0
750,3000,0,0,1,-0.08584114791990927,0,0.0001,0,0,1,0,0,0,0,0,0,0
751,3000,0,0,1,0.18415564741581386,0,0.0001,0,0,1,0,0,0,0,0,0,0
752,3000,0,0,1,0.24755555942021884,0,0.0001,0,0,1,0,0,0,0,0,0,0
753,3000,0,0,1,0.21422916873875558,0,0.0001,0,0,1,0,0,0,0,0,0,0
754,3000,0,0,1,0.03664943838576096,0,0.0001,0,0,1,0,0,0,0,0,0,0
755,3000,0,0,1,0.1611032828762229,0,0.0001,0,0,1,0,0,0,0,0,0,0
756,3000,0,0,1,0.10939097190649005,0,0.0001,0,0,1,0,0,0,0,0,0,0
757,3000,0,0,1,0.10145777294793129,0,0.0001,0,0,1,0,0,0,0,0,0,0
758,3000,0,0,1,0.22704230169083822,0,0.0001,0,0,1,0,0,0,0,0,0,0
759,3000,0,0,1,0.06017741063003662,0,0.0001,0,0,1,0,0,0,0,0,0,0
760,3000,0,0,1,-0.0041892567154145355,0,0.0001,0,0,1,0,0,0,0,0,0,0
761,3000,0,0,1,0.019365935033488824,0,0.0001,0,0,1,0,0,0,0,0,0,0
762,3000,0,0,1,-0.2382445685589667,0,0.0001,0,0,1,0,0,0,0,0,0,0
763,3000,0,0,1,0.044139068414951466,0,0.0001,0,0,1,0,0,0,0,0,0,0
764,3000,0,0,1,0.0343771267695237,0,0.0001,0,0,1,0,0,0,0,0,0,0
765,3000,0,0,1,0.04779511868375119,0,0.0001,0,0,1,0,0,0,0,0,0,0
766,3000,0,0,1,-0.05855014528742214,0,0.0001,0,0,1,0,0,0,0,0,0,0
767,3000,0,0,1,-0.1596802422412033,0,0.0001,0,0,1,0,0,0,0,0,0,0
768,3000,0,0,1,0.2205938912665144,0,0.0001,0,0,1,0,0,0,0,0,0,0
769,3000,0,0,1,0.13983131184656272,0,0.0001,0,0,1,0,0,0,0,0,0,0
770,3000,0,0,1,-0.17038179837677286,0,0.0001,0,0,1,0,0,0,0,0,0,0
771,3000,0,0,1,-0.18069282225006394,0,0.0001,0,0,1,0,0,0,0,0,0,0
772,3000,0,0,1,-0.15859607753512167,0,0.0001,0,0,1,0,0,0,0,0,0,0
773,3000,0,0,1,-0.0723893688337997,0,0.0001,0,0,1,0,0,0,0,0,0,0
774,3000,0,0,1,-0.07992266499388567,0,0.0001,0,0,1,0,0,0,0,0,0,0
775,3000,0,0,1,0.1514707575549067,0,0.0001,0,0,1,0,0,0,0,0,0,0
776,3000,0,0,1,-0.042843530751191405,0,0.0001,0,0,1,0,0,0,0,0,0,0
777,3000,0,0,1,0.011267735425201264,0,0.0001,0,0,1,0,0,0,0,0,0,0
778,3000,0,0,1,0.1694580407735859,0,0.0001,0,0,1,0,0,0,0,0,0,0
779,3000,0,0,1,0.05410170364469813,0,0.0001,0,0,1,0,0,0,0,0,0,0
780,3000,0,0,1,-0.1540524465830636,0,0.0001,0,0,1,0,0,0,0,0,0,0
781,3000,0,0,1,-0.15669717146911383,0,0.0001,0,0,1,0,0,0,0,0,0,0
782,3000,0,0,1,-0.04012378524381777,0,0.0001,0,0,1,0,0,0,0,0,0,0
783,3000,0,0,1,0.22691056952558591,0,0.0001,0,0,1,0,0,0,0,0,0,0
784,3000,0,0,1,0.21332631876518432,0,0.0001,0,0,1,0,0,0,0,0,0,0
785,3000,0,0,1,-0.05474471790254998,0,0.0001,0,0,1,0,0,0,0,0,0,0
786,3000,0,0,1,-0.01231976128619272,0,0.0001,0,0,1,0,0,0,0,0,0,0
787,3000,0,0,1,0.0520050578638972,0,0.0001,0,0,1,0,0,0,0,0,0,0
788,3000,0,0,1,0.03764309558363538,0,0.0001,0,0,1,0,0,0,0,0,0,0
789,3000,0,0,1,-0.18172202513063462,0,0.0001,0,0,1,0,0,0,0,0,0,0
790,3000,0,0,1,0.06761850807251096,0,0.0001,0,0,1,0,0,0,0,0,0,0
791,3000,0,0,1,0.1768793382858742,0,0.0001,0,0,1,0,0,0,0,0,0,0
792,3000,0,0,1,0.2240191203529895,0,0.0001,0,0,1,0,0,0,0,0,0,0
793,3000,0,0,1,-0.1923078134278699,0,0.0001,0,0,1,0,0,0,0,0,0,0
794,3000,0,0,1,0.013314776580431065,0,0.0001,0,0,1,0,0,0,0,0,0,0
795,3000,0,0,1,0.06819325295786488,0,0.0001,0,0,1,0,0,0,0,0,0,0
796,3000,0,0,1,0.13239957071304853,0,0.0001,0,0,1,0,0,0,0,0,0,0
797,3000,0,0,1,-0.19672339933973443,0,0.0001,0,0,1,0,0,0,0,0,0,0
798,3000,0,0,1,0.06688502577104394,0,0.0001,0,0,1,0,0,0,0,0,0,0
799,3000,0,0,1,0.22053580627787517,0,0.0001,0,0,1,0,0,0,0,0,0,0
800,3000,0,0,1,-0.1734366777086061,0,0.0001,0,0,1,0,0,0,0,0,0,0
801,3000,0,0,1,-0.13246089996105598,0,0.0001,0,0,1,0,0,0,0,0,0,0
802,3000,0,0,1,0.1931663240194506,0,0.0001,0,0,1,0,0,0,0,0,0,0
803,3000,0,0,1,0.23094773800789625,0,0.0001,0,0,1,0,0,0,0,0,0,0
804,3000,0,0,1,0.05494851525956246,0,0.0001,0,0,1,0,0,0,0,0,0,0
805,3000,0,0,1,-0.24613735672287979,0,0.0001,0,0,1,0,0,0,0,0,0,0
806,3000,0,0,1,-0.009437631629695464,0,0.0001,0,0,1,0,0,0,0,0,0,0
807,3000,0,0,1,-0.024931872132890498,0,0.0001,0,0,1,0,0,0,0,0,0,0
808,3000,0,0,1,-0.006476642974138969,0,0.0001,0,0,1,0,0,0,0,0,0,0
809,3000,0,0,1,0.055661942986148016,0,0.0001,0,0,1,0,0,0,0,0,0,0
810,3000,0,0,1,0.06538082610518003,0,0.0001,0,0,1,0,0,0,0,0,0,0
811,3000,0,0,1,-0.1589530662358422,0,0.0001,0,0,1,0,0,0,0,0,0,0
812,3000,0,0,1,0.063621758132267,0,0.0001,0,0,1,0,0,0,0,0,0,0
813,3000,0,0,1,0.013104857512695689,0,0.0001,0,0,1,0,0,0,0,0,0,0
814,3000,0,0,1,-0.021734653744361954,0,0.0001,0,0,1,0,0,0,0,0,0,0
815,3000,0,0,1,0.21026156604025031,0,0.0001,0,0,1,0,0,0,0,0,0,0
816,3000,0,0,1,-0.10665323214903594,0,0.0001,0,0,1,0,0,0,0,0,0,0
817,3000,0,0,1,-0.22274832234921255,0,0.0001,0,0,1,0,0,0,0,0,0,0
818,3000,0,0,1,-0.08331945550203901,0,0.0001,0,0,1,0,0,0,0,0,0,0
819,3000,0,0,1,-0.06241715917919477,0,0.0001,0,0,1,0,0,0,0,0,0,0
820,3000,0,0,1,0.22242979649299666,0,0.0001,0,0,1,0,0,0,0,0,0,0
821,3000,0,0,1,0.04639949652168768,0,0.0001,0,0,1,0,0,0,0,0,0,0
822,3000,0,0,1,0.013921251637424248,0,0.0001,0,0,1,0,0,0,0,0,0,0
823,3000,0,0,1,-0.05634293666460877,0,0.0001,0,0,1,0,0,0,0,0,0,0
824,3000,0,0,1,-0.05315730188486811,0,0.0001,0,0,1,0,0,0,0,0,0,0
825,3000,0,0,1,0.032086546751055545,0,0.0001,0,0,1,0,0,0,0,0,0,0
826,3000,0,0,1,0.08471979505067184,0,0.0001,0,0,1,0,0,0,0,0,0,0
827,3000,0,0,1,-0.08880453853328901,0,0.0001,0,0,1,0,0,0,0,0,0,0
828,3000,0,0,1,0.14101482067395948,0,0.0001,0,0,1,0,0,0,0,0,0,0
829,3000,0,0,1,-0.08480995179370787,0,0.0001,0,0,1,0,0,0,0,0,0,0
830,3000,0,0,1,-0.038153687198948516,0,0.0001,0,0,1,0,0,0,0,0,0,0
831,3000,0,0,1,0.0030087382891252346,0,0.0001,0,0,1,0,0,0,0,0,0,0
832,3000,0,0,1,-0.048256702219841796,0,0.0001,0,0,1,0,0,0,0,0,0,0
833,3000,0,0,1,0.0918879510148159,0,0.0001,0,0,1,0,0,0,0,0,0,0
834,3000,0,0,1,-0.10648848902883823,0,0.0001,0,0,1,0,0,0,0,0,0,0
835,3000,0,0,1,-0.07861715019854976,0,0.0001,0,0,1,0,0,0,0,0,0,0
836,3000,0,0,1,-0.2277373403735189,0,0.0001,0,0,1,0,0,0,0,0,0,0
837,3000,0,0,1,0.10288699572700022,0,0.0001,0,0,1,0,0,0,0,0,0,0
838,3000,0,0,1,-0.2009299591214087,0,0.0001,0,0,1,0,0,0,0,0,0,0
839,3000,0,0,1,-0.127563680042045,0,0.0001,0,0,1,0,0,0,0,0,0,0
840,3000,0,0,1,-0.05620462384451769,0,0.0001,0,0,1,0,0,0,0,0,0,0
841,3000,0,0,1,0.1529507419883499,0,0.0001,0,0,1,0,0,0,0,0,0,0
842,3000,0,0,1,0.14563847630378235,0,0.0001,0,0,1,0,0,0,0,0,0,0
843,3000,0,0,1,0.20180213606856146,0,0.0001,0,0,1,0,0,0,0,0,0,0
844,3000,0,0,1,0.168991040166106,0,0.0001,0,0,1,0,0,0,0,0,0,0
845,3000,0,0,1,-0.07566326977114474,0,0.0001,0,0,1,0,0,0,0,0,0,0
846,3000,0,0,1,0.014680151635520944,0,0.0001,0,0,1,0,0,0,0,0,0,0
847,3000,0,0,1,0.24353218575028007,0,0.0001,0,0,1,0,0,0,0,0,0,0
848,3000,0,0,1,0.007653030472546951,0,0.0001,0,0,1,0,0,0,0,0,0,0
849,3000,0,0,1,-0.20573864572095235,0,0.0001,0,0,1,0,0,0,0,0,0,0
850,3000,0,0,1,-0.23706706379415005,0,0.0001,0,0,1,0,0,0,0,0,0,0
851,3000,0,0,1,0.1323290801457263,0,0.0001,0,0,1,0,0,0,0,0,0,0
852,3000,0,0,1,-0.23169431341284397,0,0.0001,0,0,1,0,0,0,0,0,0,0
853,3000,0,0,1,-0.035993017124462345,0,0.0001,0,0,1,0,0,0,0,0,0,0
854,3000,0,0,1,0.08689682892008416,0,0.0001,0,0,1,0,0,0,0,0,0,0
855,3000,0,0,1,0.017041730468608796,0,0.0001,0,0,1,0,0,0,0,0,0,0
856,3000,0,0,1,-0.007283013343889255,0,0.0001,0,0,1,0,0,0,0,0,0,0
857,3000,0,0,1,-0.19050750888700663,0,0.0001,0,0,1,0,0,0,0,0,0,0
858,3000,0,0,1,0.07886825964949745,0,0.0001,0,0,1,0,0,0,0,0,0,0
859,3000,0,0,1,-0.0006021709317545754,0,0.0001,0,0,1,0,0,0,0,0,0,0
860,3000,0,0,1,-0.025177973416664556,0,0.0001,0,0,1,0,0,0,0,0,0,0
861,3000,0,0,1,0.2091992230433179,0,0.0001,0,0,1,0,0,0,0,0,0,0
862,3000,0,0,1,-0.20206075436662796,0,0.0001,0,0,1,0,0,0,0,0,0,0
863,3000,0,0,1,-0.19483663139969443,0,0.0001,0,0,1,0,0,0,0,0,0,0
864,3000,0,0,1,-0.12684445079740675,0,0.0001,0,0,1,0,0,0,0,0,0,0
865,3000,0,0,1,0.19545487773377496,0,0.0001,0,0,1,0,0,0,0,0,0,0
866,3000,0,0,1,-0.21403552350492583,0,0.0001,0,0,1,0,0,0,0,0,0,0
867,3000,0,0,1,-0.23384403222599282,0,0.0001,0,0,1,0,0,0,0,0,0,0
868,3000,0,0,1,-0.1871313278702333,0,0.0001,0,0,1,0,0,0,0,0,0,0
869,3000,0,0,1,0.24402974357526175,0,0.0001,0,0,1,0,0,0,0,0,0,0
870,3000,0,0,1,0.14831003926438174,0,0.0001,0,0,1,0,0,0,0,0,0,0
871,3000,0,0,1,-0.17320845664189038,0,0.0001,0,0,1,0,0,0,0,0,0,0
872,3000,0,0,1,0.21380217918218397,0,0.0001,0,0,1,0,0,0,0,0,0,0
873,3000,0,0,1,-0.16090636397871394,0,0.0001,0,0,1,0,0,0,0,0,0,0
874,3000,0,0,1,0.2049628952356789,0,0.0001,0,0,1,0,0,0,0,0,0,0
875,3000,0,0,1,0.021864973741190508,0,0.0001,0,0,1,0,0,0,0,0,0,0
876,3000,0,0,1,-0.07125888597289814,0,0.0001,0,0,1,0,0,0,0,0,0,0
877,3000,0,0,1,0.03161192204534452,0,0.0001,0,0,1,0,0,0,0,0,0,0
878,3000,0,0,1,0.056783598805767166,0,0.0001,0,0,1,0,0,0,0,0,0,0
879,3000,0,0,1,0.12084274282321361,0,0.0001,0,0,1,0,0,0,0,0,0,0
880,3000,0,0,1,-0.07001880537168892,0,0.0001,0,0,1,0,0,0,0,0,0,0
881,3000,0,0,1,0.18165667871530244,0,0.0001,0,0,1,0,0,0,0,0,0,0
882,3000,0,0,1,0.2354286218299037,0,0.0001,0,0,1,0,0,0,0,0,0,0
883,3000,0,0,1,0.18255485874318778,0,0.0001,0,0,1,0,0,0,0,0,0,0
884,3000,0,0,1,0.008250365527691594,0,0.0001,0,0,1,0,0,0,0,0,0,0
885,3000,0,0,1,-0.18227426660421636,0,0.0001,0,0,1,0,0,0,0,0,0,0
886,3000,0,0,1,-0.20063430637942603,0,0.0001,0,0,1,0,0,0,0,0,0,0
887,3000,0,0,1,0.13238031425932023,0,0.0001,0,0,1,0,0,0,0,0,0,0
888,3000,0,0,1,0.24596942391369525,0,0.0001,0,0,1,0,0,0,0,0,0,0
889,3000,0,0,1,-0.14550150936793715,0,0.0001,0,0,1,0,0,0,0,0,0,0
890,3000,0,0,1,0.05402624820748447,0,0.0001,0,0,1,0,0,0,0,0,0,0
891,3000,0,0,1,0.20425935983491533,0,0.0001,0,0,1,0,0,0,0,0,0,0
892,3000,0,0,1,-0.05944138446898817,0,0.0001,0,0,1,0,0,0,0,0,0,0
893,3000,0,0,1,0.16245360965111272,0,0.0001,0,0,1,0,0,0,0,0,0,0
894,3000,0,0,1,-0.23682278159262304,0,0.0001,0,0,1,0,0,0,0,0,0,0
895,3000,0,0,1,0.17149191426762656,0,0.0001,0,0,1,0,0,0,0,0,0,0
896,3000,0,0,1,-0.046093566608140846,0,0.0001,0,0,1,0,0,0,0,0,0,0
897,3000,0,0,1,0.04784638075683717,0,0.0001,0,0,1,0,0,0,0,0,0,0
898,3000,0,0,1,-0.23370141524126792,0,0.0001,0,0,1,0,0,0,0,0,0,0
899,3000,0,0,1,-0.07981181851253555,0,0.0001,0,0,1,0,0,0,0,0,0,0
900,3000,0,0,1,0.06261631732891709,0,0.0001,0,0,1,0,0,0,0,0,0,0
901,3000,0,0,1,-0.13430155009602468,0,0.0001,0,0,1,0,0,0,0,0,0,0
902,3000,0,0,1,-0.24048935377652247,0,0.0001,0,0,1,0,0,0,0,0,0,0
903,3000,0,0,1,0.15671361865226063,0,0.0001,0,0,1,0,0,0,0,0,0,0
904,3000,0,0,1,-0.18789486051528603,0,0.0001,0,0,1,0,0,0,0,0,0,0
905,3000,0,0,1,-0.06240248331187259,0,0.0001,0,0,1,0,0,0,0,0,0,0
906,3000,0,0,1,0.22595857259977775,0,0.0001,0,0,1,0,0,0,0,0,0,0
907,3000,0,0,1,0.1447137786207381,0,0.0001,0,0,1,0,0,0,0,0,0,0
908,3000,0,0,1,0.23286257476915712,0,0.0001,0,0,1,0,0,0,0,0,0,0
909,3000,0,0,1,0.0690860823821805,0,0.0001,0,0,1,0,0,0,0,0,0,0
910,3000,0,0,1,-0.2085959280475682,0,0.0001,0,0,1,0,0,0,0,0,0,0
911,3000,0,0,1,-0.14163034617773074,0,0.0001,0,0,1,0,0,0,0,0,0,0
912,3000,0,0,1,0.2002648783007192,0,0.0001,0,0,1,0,0,0,0,0,0,0
913,3000,0,0,1,0.0963814516445286,0,0.0001,0,0,1,0,0,0,0,0,0,0
914,3000,0,0,1,-0.0543077221747395,0,0.0001,0,0,1,0,0,0,0,0,0,0
915,3000,0,0,1,0.1610579307674379,0,0.0001,0,0,1,0,0,0,0,0,0,0
916,3000,0,0,1,0.11811147251508197,0,0.0001,0,0,1,0,0,0,0,0,0,0
917,3000,0,0,1,-0.17312302781400446,0,0.0001,0,0,1,0,0,0,0,0,0,0
918,3000,0,0,1,-0.036045247775473854,0,0.0001,0,0,1,0,0,0,0,0,0,0
919,3000,0,0,1,0.0007976369355403579,0,0.0001,0,0,1,0,0,0,0,0,0,0
920,3000,0,0,1,-0.06771515284886742,0,0.0001,0,0,1,0,0,0,0,0,0,0
921,3000,0,0,1,-0.018975443404863235,0,0.0001,0,0,1,0,0,0,0,0,0,0
922,3000,0,0,1,0.09898967366950084,0,0.0001,0,0,1,0,0,0,0,0,0,0
923,3000,0,0,1,0.14279488444821753,0,0.0001,0,0,1,0,0,0,0,0,0,0
924,3000,0,0,1,-0.19923013712025528,0,0.0001,0,0,1,0,0,0,0,0,0,0
925,3000,0,0,1,-0.24831251008200617,0,0.0001,0,0,1,0,0,0,0,0,0,0
926,3000,0,0,1,0.1806233707477547,0,0.0001,0,0,1,0,0,0,0,0,0,0
927,3000,0,0,1,0.13239173619335515,0,0.0001,0,0,1,0,0,0,0,0,0,0
928,3000,0,0,1,0.07249654329990807,0,0.0001,0,0,1,0,0,0,0,0,0,0
929,3000,0,0,1,0.0858201057918842,0,0.0001,0,0,1,0,0,0,0,0,0,0
930,3000,0,0,1,-0.23878156909397608,0,0.0001,0,0,1,0,0,0,0,0,0,0
931,3000,0,0,1,-0.1706094234630141,0,0.0001,0,0,1,0,0,0,0,0,0,0
932,3000,0,0,1,0.2185952602911364,0,0.0001,0,0,1,0,0,0,0,0,0,0
933,3000,0,0,1,0.02851209901692825,0,0.0001,0,0,1,0,0,0,0,0,0,0
934,3000,0,0,1,-0.09903618694101618,0,0.0001,0,0,1,0,0,0,0,0,0,0
935,3000,0,0,1,-0.044456571395062816,0,0.0001,0,0,1,0,0,0,0,0,0,0
936,3000,0,0,1,0.23316119218152404,0,0.0001,0,0,1,0,0,0,0,0,0,0
937,3000,0,0,1,0.023583029952624235,0,0.0001,0,0,1,0,0,0,0,0,0,0
938,3000,0,0,1,-0.07582655857577963,0,0.0001,0,0,1,0,0,0,0,0,0,0
939,3000,0,0,1,0.10866485498074957,0,0.0001,0,0,1,0,0,0,0,0,0,0
940,3000,0,0,1,-0.16650420103494168,0,0.0001,0,0,1,0,0,0,0,0,0,0
941,3000,0,0,1,-0.10032163297472141,0,0.0001,0,0,1,0,0,0,0,0,0,0
942,3000,0,0,1,0.18860481391940448,0,0.0001,0,0,1,0,0,0,0,0,0,0
943,3000,0,0,1,-0.20544120383230918,0,0.0001,0,0,1,0,0,0,0,0,0,0
944,3000,0,0,1,0.16774494530131134,0,0.0001,0,0,1,0,0,0,0,0,0,0
945,3000,0,0,1,-0.22388083946407267,0,0.0001,0,0,1,0,0,0,0,0,0,0
946,3000,0,0,1,0.12997988498802332,0,0.0001,0,0,1,0,0,0,0,0,0,0
947,3000,0,0,1,0.2083273363560022,0,0.0001,0,0,1,0,0,0,0,0,0,0
948,3000,0,0,1,0.1853934226248803,0,0.0001,0,0,1,0,0,0,0,0,0,0
949,3000,0,0,1,-0.10882265046571549,0,0.0001,0,0,1,0,0,0,0,0,0,0
950,3000,0,0,1,0.14813620356731605,0,0.0001,0,0,1,0,0,0,0,0,0,0
951,3000,0,0,1,-0.20612826269389667,0,0.0001,0,0,1,0,0,0,0,0,0,0
952,3000,0,0,1,0.0508622391642487,0,0.0001,0,0,1,0,0,0,0,0,0,0
953,3000,0,0,1,0.0015435225906202943,0,0.0001,0,0,1,0,0,0,0,0,0,0
954,3000,0,0,1,-0.24681176845753028,0,0.0001,0,0,1,0,0,0,0,0,0,0
955,3000,0,0,1,0.034519917386632626,0,0.0001,0,0,1,0,0,0,0,0,0,0
956,3000,0,0,1,-0.029937288062641676,0,0.0001,0,0,1,0,0,0,0,0,0,0
957,3000,0,0,1,-0.22665366761519795,0,0.0001,0,0,1,0,0,0,0,0,0,0
958,3000,0,0,1,-0.17792111495909357,0,0.0001,0,0,1,0,0,0,0,0,0,0
959,3000,0,0,1,0.15745206332379064,0,0.0001,0,0,1,0,0,0,0,0,0,0
960,3000,0,0,1,0.03344168489971905,0,0.0001,0,0,1,0,0,0,0,0,0,0
961,3000,0,0,1,-0.23692138011432728,0,0.0001,0,0,1,0,0,0,0,0,0,0
962,3000,0,0,1,-0.08319087430927563,0,0.0001,0,0,1,0,0,0,0,0,0,0
963,3000,0,0,1,-0.12527903043626043,0,0.0001,0,0,1,0,0,0,0,0,0,0
964,3000,0,0,1,-0.06645519391100213,0,0.0001,0,0,1,0,0,0,0,0,0,0
965,3000,0,0,1,-0.13130956748594041,0,0.0001,0,0,1,0,0,0,0,0,0,0
966,3000,0,0,1,0.11072561596971331,0,0.0001,0,0,1,0,0,0,0,0,0,0
967,3000,0,0,1,0.025478865260314065,0,0.0001,0,0,1,0,0,0,0,0,0,0
968,3000,0,0,1,-0.1498399824757083,0,0.0001,0,0,1,0,0,0,0,0,0,0
969,3000,0,0,1,-0.1494246594515456,0,0.0001,0,0,1,0,0,0,0,0,0,0
970,3000,0,0,1,-0.11685862590386659,0,0.0001,0,0,1,0,0,0,0,0,0,0
971,3000,0,0,1,-0.08653547062378097,0,0.0001,0,0,1,0,0,0,0,0,0,0
972,3000,0,0,1,-0.19758993811516984,0,0.0001,0,0,1,0,0,0,0,0,0,0
973,3000,0,0,1,0.019577673211864044,0,0.0001,0,0,1,0,0,0,0,0,0,0
974,3000,0,0,1,0.24313635930577238,0,0.0001,0,0,1,0,0,0,0,0,0,0
975,3000,0,0,1,-0.1688720317178412,0,0.0001,0,0,1,0,0,0,0,0,0,0
976,3000,0,0,1,0.23633415650125345,0,0.0001,0,0,1,0,0,0,0,0,0,0
977,3000,0,0,1,-0.12124025328948468,0,0.0001,0,0,1,0,0,0,0,0,0,0
978,3000,0,0,1,0.004533944135117929,0,0.0001,0,0,1,0,0,0,0,0,0,0
979,3000,0,0,1,-0.2027291495692109,0,0.0001,0,0,1,0,0,0,0,0,0,0
980,3000,0,0,1,-0.03096655586422148,0,0.0001,0,0,1,0,0,0,0,0,0,0
981,3000,0,0,1,0.018623047281854266,0,0.0001,0,0,1,0,0,0,0,0,0,0
982,3000,0,0,1,-0.14960978322266522,0,0.0001,0,0,1,0,0,0,0,0,0,0
983,3000,0,0,1,-0.15872489485724195,0,0.0001,0,0,1,0,0,0,0,0,0,0
984,3000,0,0,1,0.21190479708689708,0,0.0001,0,0,1,0,0,0,0,0,0,0
985,3000,0,0,1,0.1282890748858691,0,0.0001,0,0,1,0,0,0,0,0,0,0
986,3000,0,0,1,0.06718704176080159,0,0.0001,0,0,1,0,0,0,0,0,0,0
987,3000,0,0,1,0.08281768377414755,0,0.0001,0,0,1,0,0,0,0,0,0,0
988,3000,0,0,1,-0.238992117286212,0,0.0001,0,0,1,0,0,0,0,0,0,0
989,3000,0,0,1,-0.10352660892137056,0,0.0001,0,0,1,0,0,0,0,0,0,0
990,3000,0,0,1,0.23945686228972374,0,0.0001,0,0,1,0,0,0,0,0,0,0
991,3000,0,0,1,0.04190363015208687,0,0.0001,0,0,1,0,0,0,0,0,0,0
992,3000,0,0,1,-0.044832204852535584,0,0.0001,0,0,1,0,0,0,0,0,0,0
993,3000,0,0,1,0.24635872252032986,0,0.0001,0,0,1,0,0,0,0,0,0,0
994,3000,0,0,1,0.09984911325288526,0,0.0001,0,0,1,0,0,0,0,0,0,0
995,3000,0,0,1,-0.21512905793808673,0,0.0001,0,0,1,0,0,0,0,0,0,0
996,3000,0,0,1,-0.004075919793225136,0,0.0001,0,0,1,0,0,0,0,0,0,0
997,3000,0,0,1,0.023144468570888088,0,0.0001,0,0,1,0,0,0,0,0,0,0
998,3000,0,0,1,0.08475440231730219,0,0.0001,0,0,1,0,0,0,0,0,0,0
999,3000,0,0,1,0.10015264698039894,0,0.0001,0,0,1,0,0,0,0,0,0,0
1000,3000,0,0,1,0.1820651282231167,0,0.0001,0,0,1,0,0,0,0,0,0,0
1001,3000,0,0,1,0.06991370070968511,0,0.0001,0,0,1,0,0,0,0,0,0,0
1002,3000,0,0,1,0.05199291699952041,0,0.0001,0,0,1,0,0,0,0,0,0,0
1003,3000,0,0,1,-0.18320819393100984,0,0.0001,0,0,1,0,0,0,0,0,0,0
1004,3000,0,0,1,0.02154091368979205,0,0.0001,0,0,1,0,0,0,0,0,0,0
1005,3000,0,0,1,0.0839668480074362,0,0.0001,0,0,1,0,0,0,0,0,0,0
1006,3000,0,0,1,0.2472737494699246,0,0.0001,0,0,1,0,0,0,0,0,0,0
1007,3000,0,0,1,-0.16391168427557806,0,0.0001,0,0,1,0,0,0,0,0,0,0
1008,3000,0,0,1,0.16827877833485272,0,0.0001,0,0,1,0,0,0,0,0,0,0
1009,3000,0,0,1,0.22564169120378763,0,0.0001,0,0,1,0,0,0,0,0,0,0
1010,3000,0,0,1,-0.22191575315395734,0,0.0001,0,0,1,0,0,0,0,0,0,0
1011,3000,0,0,1,0.055074153855887764,0,0.0001,0,0,1,0,0,0,0,0,0,0
1012,3000,0,0,1,0.1358362311475539,0,0.0001,0,0,1,0,0,0,0,0,0,0
1013,3000,0,0,1,0.22746490579723466,0,0.0001,0,0,1,0,0,0,0,0,0,0
1014,3000,0,0,1,0.07772789695381943,0,0.0001,0,0,1,0,0,0,0,0,0,0
1015,3000,0,0,1,-0.14858004245510326,0,0.0001,0,0,1,0,0,0,0,0,0,0
1016,3000,0,0,1,0.24728484944754064,0,0.0001,0,0,1,0,0,0,0,0,0,0
1017,3000,0,0,1,-0.049702535590667285,0,0.0001,0,0,1,0,0,0,0,0,0,0
1018,3000,0,0,1,-0.23760136557835204,0,0.0001,0,0,1,0,0,0,0,0,0,0
1019,3000,0,0,1,-0.022384365432350395,0,0.0001,0,0,1,0,0,0,0,0,0,0
1020,3000,0,0,1,0.16425605197888987,0,0.0001,0,0,1,0,0,0,0,0,0,0
1021,3000,0,0,1,-0.011949837453928858,0,0.0001,0,0,1,0,0,0,0,0,0,0
1022,3000,0,0,1,-0.012870037302816828,0,0.0001,0,0,1,0,0,0,0,0,0,0
1023,3000,0,0,1,-0.0055974602833637754,0,0.0001,0,0,1,0,0,0,0,0,0,0
1024,3000,0,0,1,0.10980052132004686,0,0.0001,0,0,1,0,0,0,0,0,0,0
1025,3000,0,0,1,-0.17571535137747352,0,0.0001,0,0,1,0,0,0,0,0,0,0
1026,3000,0,0,1,0.20835445687607768,0,0.0001,0,0,1,0,0,0,0,0,0,0
1027,3000,0,0,1,0.056431799386395476,0,0.0001,0,0,1,0,0,0,0,0,0,0
1028,3000,0,0,1,-0.21425257573859996,0,0.0001,0,0,1,0,0,0,0,0,0,0
1029,3000,0,0,1,0.23619865364860299,0,0.0001,0,0,1,0,0,0,0,0,0,0
1030,3000,0,0,1,-0.06763835072648083,0,0.0001,0,0,1,0,0,0,0,0,0,0
1031,3000,0,0,1,0.043770825902182064,0,0.0001,0,0,1,0,0,0,0,0,0,0
1032,3000,0,0,1,0.06137918268881348,0,0.0001,0,0,1,0,0,0,0,0,0,0
1033,3000,0,0,1,0.24720952042802202,0,0.0001,0,0,1,0,0,0,0,0,0,0
1034,3000,0,0,1,0.22050568573697293,0,0.0001,0,0,1,0,0,0,0,0,0,0
1035,3000,0,0,1,0.00345133830925326,0,0.0001,0,0,1,0,0,0,0,0,0,0
1036,3000,0,0,1,0.06751107966414277,0,0.0001,0,0,1,0,0,0,0,0,0,0
1037,3000,0,0,1,0.13397403887846604,0,0.0001,0,0,1,0,0,0,0,0,0,0
1038,3000,0,0,1,-0.16355547660939207,0,0.0001,0,0,1,0,0,0,0,0,0,0
1039,3000,0,0,1,0.12190119919847564,0,0.0001,0,0,1,0,0,0,0,0,0,0
1040,3000,0,0,1,0.20143891871836866,0,0.0001,0,0,1,0,0,0,0,0,0,0
1041,3000,0,0,1,0.00039209983911114854,0,0.0001,0,0,1,0,0,0,0,0,0,0
1042,3000,0,0,1,0.16305086857108608,0,0.0001,0,0,1,0,0,0,0,0,0,0
1043,3000,0,0,1,0.18722400450253757,0,0.0001,0,0,1,0,0,0,0,0,0,0
1044,3000,0,0,1,0.09883248011921192,0,0.0001,0,0,1,0,0,0,0,0,0,0
1045,3000,0,0,1,0.05266111859769668,0,0.0001,0,0,1,0,0,0,0,0,0,0
1046,3000,0,0,1,-0.047568413936279086,0,0.0001,0,0,1,0,0,0,0,0,0,0
1047,3000,0,0,1,-0.10569169879322121,0,0.0001,0,0,1,0,0,0,0,0,0,0
1048,3000,0,0,1,-0.24793309934824376,0,0.0001,0,0,1,0,0,0,0,0,0,0
1049,3000,0,0,1,0.10279488670570297,0,0.0001,0,0,1,0,0,0,0,0,0,0
1050,3000,0,0,1,-0.11441935526125879,0,0.0001,0,0,1,0,0,0,0,0,0,0
1051,3000,0,0,1,0.17811693637789833,0,0.0001,0,0,1,0,0,0,0,0,0,0
1052,3000,0,0,1,-0.12016207825537062,0,0.0001,0,0,1,0,0,0,0,0,0,0
1053,3000,0,0,1,0.09023834410576992,0,0.0001,0,0,1,0,0,0,0,0,0,0
1054,3000,0,0,1,-0.03483167769022166,0,0.0001,0,0,1,0,0,0,0,0,0,0
1055,3000,0,0,1,0.22209641570284971,0,0.0001,0,0,1,0,0,0,0,0,0,0
1056,3000,0,0,1,0.05240289740211085,0,0.0001,0,0,1,0,0,0,0,0,0,0
1057,3000,0,0,1,-0.08677484080626913,0,0.0001,0,0,1,0,0,0,0,0,0,0
1058,3000,0,0,1,-0.09688436395800598,0,0.0001,0,0,1,0,0,0,0,0,0,0
1059,3000,0,0,1,0.05280584036992547,0,0.0001,0,0,1,0,0,0,0,0,0,0
1060,3000,0,0,1,0.17961775715605688,0,0.0001,0,0,1,0,0,0,0,0,0,0
1061,3000,0,0,1,0.17774621119721323,0,0.0001,0,0,1,0,0,0,0,0,0,0
1062,3000,0,0,1,-0.15109347171950033,0,0.0001,0,0,1,0,0,0,0,0,0,0
1063,3000,0,0,1,0.1709559931007863,0,0.0001,0,0,1,0,0,0,0,0,0,0
1064,3000,0,0,1,0.23385897695189345,0,0.0001,0,0,1,0,0,0,0,0,0,0
1065,3000,0,0,1,-0.2001202244109111,0,0.0001,0,0,1,0,0,0,0,0,0,0
1066,3000,0,0,1,0.23702291572862988,0,0.0001,0,0,1,0,0,0,0,0,0,0
1067,3000,0,0,1,0.06593324768412062,0,0.0001,0,0,1,0,0,0,0,0,0,0
1068,3000,0,0,1,-0.006254397826919222,0,0.0001,0,0,1,0,0,0,0,0,0,0
1069,3000,0,0,1,-0.24671864196600063,0,0.0001,0,0,1,0,0,0,0,0,0,0
1070,3000,0,0,1,0.05060020012941946,0,0.0001,0,0,1,0,0,0,0,0,0,0
1071,3000,0,0,1,0.23473669868831126,0,0.0001,0,0,1,0,0,0,0,0,0,0
1072,3000,0,0,1,-0.18976541216024778,0,0.0001,0,0,1,0,0,0,0,0,0,0
1073,3000,0,0,1,0.12861360824840845,0,0.0001,0,0,1,0,0,0,0,0,0,0
1074,3000,0,0,1,-0.03948557571485278,0,0.0001,0,0,1,0,0,0,0,0,0,0
1075,3000,0,0,1,0.19773056507251097,0,0.0001,0,0,1,0,0,0,0,0,0,0
1076,3000,0,0,1,-0.03436384319441016,0,0.0001,0,0,1,0,0,0,0,0,0,0
1077,3000,0,0,1,-0.05748876155296184,0,0.0001,0,0,1,0,0,0,0,0,0,0
1078,3000,0,0,1,0.13677982243079156,0,0.0001,0,0,1,0,0,0,0,0,0,0
1079,3000,0,0,1,-0.144580042989091,0,0.0001,0,0,1,0,0,0,0,0,0,0
1080,3000,0,0,1,-0.07917029699059075,0,0.0001,0,0,1,0,0,0,0,0,0,0
1081,3000,0,0,1,0.15494852441648366,0,0.0001,0,0,1,0,0,0,0,0,0,0
1082,3000,0,0,1,0.1861612611293889,0,0.0001,0,0,1,0,0,0,0,0,0,0
1083,3000,0,0,1,-0.054430030325851475,0,0.0001,0,0,1,0,0,0,0,0,0,0
1084,3000,0,0,1,-0.13076759474085364,0,0.0001,0,0,1,0,0,0,0,0,0,0
1085,3000,0,0,1,-0.10646640283231656,0,0.0001,0,0,1,0,0,0,0,0,0,0
1086,3000,0,0,1,-0.07317180995379358,0,0.0001,0,0,1,0,0,0,0,0,0,0
1087,3000,0,0,1,-0.13127315301045617,0,0.0001,0,0,1,0,0,0,0,0,0,0
1088,3000,0,0,1,-0.05103015422267104,0,0.0001,0,0,1,0,0,0,0,0,0,0
1089,3000,0,0,1,-0.19944155394683405,0,0.0001,0,0,1,0,0,0,0,0,0,0
1090,3000,0,0,1,0.15297694569296189,0,0.0001,0,0,1,0,0,0,0,0,0,0
1091,3000,0,0,1,0.10513161269603594,0,0.0001,0,0,1,0,0,0,0,0,0,0
1092,3000,0,0,1,-0.14636237234416305,0,0.0001,0,0,1,0,0,0,0,0,0,0
1093,3000,0,0,1,0.12008638141940048,0,0.0001,0,0,1,0,0,0,0,0,0,0
1094,3000,0,0,1,0.14851888011900988,0,0.0001,0,0,1,0,0,0,0,0,0,0
1095,3000,0,0,1,-0.15680073280668705,0,0.0001,0,0,1,0,0,0,0,0,0,0
1096,3000,0,0,1,-0.12082722061660167,0,0.0001,0,0,1,0,0,0,0,0,0,0
1097,3000,0,0,1,-0.08916099374032904,0,0.0001,0,0,1,0,0,0,0,0,0,0
1098,3000,0,0,1,-0.16894519125611157,0,0.0001,0,0,1,0,0,0,0,0,0,0
1099,3000,0,0,1,0.1272159344433863,0,0.0001,0,0,1,0,0,0,0,0,0,0
1100,3000,0,0,1,-0.14677434782058785,0,0.0001,0,0,1,0,0,0,0,0,0,0
1101,3000,0,0,1,0.23878827686356613,0,0.0001,0,0,1,0,0,0,0,0,0,0
1102,3000,0,0,1,0.23958090571732138,0,0.0001,0,0,1,0,0,0,0,0,0,0
1103,3000,0,0,1,-0.07068486662885282,0,0.0001,0,0,1,0,0,0,0,0,0,0
1104,3000,0,0,1,0.09290809754941926,0,0.0001,0,0,1,0,0,0,0,0,0,0
1105,3000,0,0,1,0.12221415137483099,0,0.0001,0,0,1,0,0,0,0,0,0,0
1106,3000,0,0,1,-0.09470450104328398,0,0.0001,0,0,1,0,0,0,0,0,0,0
1107,3000,0,0,1,-0.09226794067992522,0,0.0001,0,0,1,0,0,0,0,0,0,0
1108,3000,0,0,1,0.08619944598154938,0,0.0001,0,0,1,0,0,0,0,0,0,0
1109,3000,0,0,1,-0.24163931515487258,0,0.0001,0,0,1,0,0,0,0,0,0,0
1110,3000,0,0,1,-0.1294044493040345,0,0.0001,0,0,1,0,0,0,0,0,0,0
1111,3000,0,0,1,0.1976153312011783,0,0.0001,0,0,1,0,0,0,0,0,0,0
1112,3000,0,0,1,-0.045719159717354685,0,0.0001,0,0,1,0,0,0,0,0,0,0
1113,3000,0,0,1,-0.02364634863237608,0,0.0001,0,0,1,0,0,0,0,0,0,0
1114,3000,0,0,1,-0.10777939319082641,0,0.0001,0,0,1,0,0,0,0,0,0,0
1115,3000,0,0,1,0.23702888825247354,0,0.0001,0,0,1,0,0,0,0,0,0,0
1116,3000,0,0,1,-0.0993458882230332,0,0.0001,0,0,1,0,0,0,0,0,0,0
1117,3000,0,0,1,0.18572691832988464,0,0.0001,0,0,1,0,0,0,0,0,0,0
1118,3000,0,0,1,-0.1489225620409258,0,0.0001,0,0,1,0,0,0,0,0,0,0
1119,3000,0,0,1,-0.23089520115594342,0,0.0001,0,0,1,0,0,0,0,0,0,0
1120,3000,0,0,1,-0.24514887029177818,0,0.0001,0,0,1,0,0,0,0,0,0,0
1121,3000,0,0,1,-0.2206342802689139,0,0.0001,0,0,1,0,0,0,0,0,0,0
1122,3000,0,0,1,0.08184526524353214,0,0.0001,0,0,1,0,0,0,0,0,0,0
1123,3000,0,0,1,-0.24803228465195654,0,0.0001,0,0,1,0,0,0,0,0,0,0
1124,3000,0,0,1,0.1676790328998583,0,0.0001,0,0,1,0,0,0,0,0,0,0
1125,3000,0,0,1,0.04378526108312214,0,0.0001,0,0,1,0,0,0,0,0,0,0
1126,3000,0,0,1,-0.21378559766456035,0,0.0001,0,0,1,0,0,0,0,0,0,0
1127,3000,0,0,1,0.23034887935999881,0,0.0001,0,0,1,0,0,0,0,0,0,0
1128,3000,0,0,1,0.2456382000716557,0,0.0001,0,0,1,0,0,0,0,0,0,0
1129,3000,0,0,1,0.1869661844365813,0,0.0001,0,0,1,0,0,0,0,0,0,0
1130,3000,0,0,1,-0.21078078841535253,0,0.0001,0,0,1,0,0,0,0,0,0,0
1131,3000,0,0,1,0.04925319203894196,0,0.0001,0,0,1,0,0,0,0,0,0,0
1132,3000,0,0,1,0.08263279416545782,0,0.0001,0,0,1,0,0,0,0,0,0,0
1133,3000,0,0,1,0.1419063811218239,0,0.0001,0,0,1,0,0,0,0,0,0,0
1134,3000,0,0,1,-0.045000602318383764,0,0.0001,0,0,1,0,0,0,0,0,0,0
1135,3000,0,0,1,-0.008137666063579074,0,0.0001,0,0,1,0,0,0,0,0,0,0
1136,3000,0,0,1,0.09782177157477395,0,0.0001,0,0,1,0,0,0,0,0,0,0
1137,3000,0,0,1,-0.1920518256175095,0,0.0001,0,0,1,0,0,0,0,0,0,0
1138,3000,0,0,1,-0.10865131234917746,0,0.0001,0,0,1,0,0,0,0,0,0,0
1139,3000,0,0,1,0.14129497767384375,0,0.0001,0,0,1,0,0,0,0,0,0,0
1140,3000,0,0,1,-0.10651206965473808,0,0.0001,0,0,1,0,0,0,0,0,0,0
1141,3000,0,0,1,0.052469743452530915,0,0.0001,0,0,1,0,0,0,0,0,0,0
1142,3000,0,0,1,-0.15747085593784466,0,0.0001,0,0,1,0,0,0,0,0,0,0
1143,3000,0,0,1,0.20747513749329832,0,0.0001,0,0,1,0,0,0,0,0,0,0
1144,3000,0,0,1,-0.05364537637236416,0,0.0001,0,0,1,0,0,0,0,0,0,0
1145,3000,0,0,1,-0.0601507325798884,0,0.0001,0,0,1,0,0,0,0,0,0,0
1146,3000,0,0,1,0.23591215144460737,0,0.0001,0,0,1,0,0,0,0,0,0,0
1147,3000,0,0,1,-0.13773202193594886,0,0.0001,0,0,1,0,0,0,0,0,0,0
1148,3000,0,0,1,-0.1566318258435906,0,0.0001,0,0,1,0,0,0,0,0,0,0
1149,3000,0,0,1,0.016785194267381287,0,0.0001,0,0,1,0,0,0,0,0,0,0
1150,3000,0,0,1,0.15257836385809265,0,0.0001,0,0,1,0,0,0,0,0,0,0
1151,3000,0,0,1,0.08979394959597353,0,0.0001,0,0,1,0,0,0,0,0,0,0
1152,3000,0,0,1,0.16388369958894644,0,0.0001,0,0,1,0,0,0,0,0,0,0
1153,3000,0,0,1,-0.031393503329436634,0,0.0001,0,0,1,0,0,0,0,0,0,0
1154,3000,0,0,1,-0.026358810522326692,0,0.0001,0,0,1,0,0,0,0,0,0,0
1155,3000,0,0,1,0.09636428647997991,0,0.0001,0,0,1,0,0,0,0,0,0,0
1156,3000,0,0,1,-0.1017907527861569,0,0.0001,0,0,1,0,0,0,0,0,0,0
1157,3000,0,0,1,-0.04578898767178202,0,0.0001,0,0,1,0,0,0,0,0,0,0
1158,3000,0,0,1,-0.23747884437556732,0,0.0001,0,0,1,0,0,0,0,0,0,0
1159,3000,0,0,1,0.16285342349493964,0,0.0001,0,0,1,0,0,0,0,0,0,0
1160,3000,0,0,1,0.11470909613801988,0,0.0001,0,0,1,0,0,0,0,0,0,0
1161,3000,0,0,1,0.01675516897231283,0,0.0001,0,0,1,0,0,0,0,0,0,0
1162,3000,0,0,1,0.07704853071604462,0,0.0001,0,0,1,0,0,0,0,0,0,0
1163,3000,0,0,1,-0.23363373832099327,0,0.0001,0,0,1,0,0,0,0,0,0,0
1164,3000,0,0,1,-0.07691593489161103,0,0.0001,0,0,1,0,0,0,0,0,0,0
1165,3000,0,0,1,-0.14467348972807098,0,0.0001,0,0,1,0,0,0,0,0,0,0
1166,3000,0,0,1,0.13329858647780052,0,0.0001,0,0,1,0,0,0,0,0,0,0
1167,3000,0,0,1,0.04140755839749044,0,0.0001,0,0,1,0,0,0,0,0,0,0
1168,3000,0,0,1,-0.21505924829448553,0,0.0001,0,0,1,0,0,0,0,0,0,0
1169,3000,0,0,1,0.11504353486522506,0,0.0001,0,0,1,0,0,0,0,0,0,0
1170,3000,0,0,1,-0.17507628479921383,0,0.0001,0,0,1,0,0,0,0,0,0,0
1171,3000,0,0,1,0.18316101352288722,0,0.0001,0,0,1,0,0,0,0,0,0,0
1172,3000,0,0,1,-0.18991022212998576,0,0.0001,0,0,1,0,0,0,0,0,0,0
1173,3000,0,0,1,-0.23264292520676666,0,0.0001,0,0,1,0,0,0,0,0,0,0
1174,3000,0,0,1,-0.1762761424369812,0,0.0001,0,0,1,0,0,0,0,0,0,0
1175,3000,0,0,1,-0.04168263557383595,0,0.0001,0,0,1,0,0,0,0,0,0,0
1176,3000,0,0,1,0.10461951198788916,0,0.0001,0,0,1,0,0,0,0,0,0,0
1177,3000,0,0,1,0.0945846692877626,0,0.0001,0,0,1,0,0,0,0,0,0,0
1178,3000,0,0,1,0.22415738000996482,0,0.0001,0,0,1,0,0,0,0,0,0,0
1179,3000,0,0,1,0.18573026234486373,0,0.0001,0,0,1,0,0,0,0,0,0,0
1180,3000,0,0,1,0.23459059491719647,0,0.0001,0,0,1,0,0,0,0,0,0,0
1181,3000,0,0,1,0.010304610867306052,0,0.0001,0,0,1,0,0,0,0,0,0,0
1182,3000,0,0,1,-0.14890161756057363,0,0.0001,0,0,1,0,0,0,0,0,0,0
1183,3000,0,0,1,-0.044993499982201535,0,0.0001,0,0,1,0,0,0,0,0,0,0
1184,3000,0,0,1,-0.20914560092141982,0,0.0001,0,0,1,0,0,0,0,0,0,0
1185,3000,0,0,1,-0.10000235079905123,0,0.0001,0,0,1,0,0,0,0,0,0,0
1186,3000,0,0,1,0.10247362932884724,0,0.0001,0,0,1,0,0,0,0,0,0,0
1187,3000,0,0,1,-0.22466554336645067,0,0.0001,0,0,1,0,0,0,0,0,0,0
1188,3000,0,0,1,0.17155978184294524,0,0.0001,0,0,1,0,0,0,0,0,0,0
1189,3000,0,0,1,-0.1667848290115187,0,0.0001,0,0,1,0,0,0,0,0,0,0
1190,3000,0,0,1,0.13975531799955698,0,0.0001,0,0,1,0,0,0,0,0,0,0
1191,3000,0,0,1,-0.1768058825258888,0,0.0001,0,0,1,0,0,0,0,0,0,0
1192,3000,0,0,1,-0.1747938056062121,0,0.0001,0,0,1,0,0,0,0,0,0,0
1193,3000,0,0,1,-0.05809882038645481,0,0.0001,0,0,1,0,0,0,0,0,0,0
1194,3000,0,0,1,0.1500460415138593,0,0.0001,0,0,1,0,0,0,0,0,0,0
1195,3000,0,0,1,0.24631892749809942,0,0.0001,0,0,1,0,0,0,0,0,0,0
1196,3000,0,0,1,0.15333355244104085,0,0.0001,0,0,1,0,0,0,0,0,0,0
1197,3000,0,0,1,-0.23634318623212858,0,0.0001,0,0,1,0,0,0,0,0,0,0
1198,3000,0,0,1,-0.04763926493748111,0,0.0001,0,0,1,0,0,0,0,0,0,0
1199,3000,0,0,1,0.06963228213631317,0,0.0001,0,0,1,0,0,0,0,0,0,0
1200,3000,0,0,1,0.10600633525449138,0,0.0001,0,0,1,0,0,0,0,0,0,0
1201,3000,0,0,1,0.1918009396060797,0,0.0001,0,0,1,0,0,0,0,0,0,0
1202,3000,0,0,1,-0.12207981678303037,0,0.0001,0,0,1,0,0,0,0,0,0,0
1203,3000,0,0,1,-0.23928659753468695,0,0.0001,0,0,1,0,0,0,0,0,0,0
1204,3000,0,0,1,0.01454139737487703,0,0.0001,0,0,1,0,0,0,0,0,0,0
1205,3000,0,0,1,-0.1217117013085402,0,0.0001,0,0,1,0,0,0,0,0,0,0
1206,3000,0,0,1,-0.05434677051119352,0,0.0001,0,0,1,0,0,0,0,0,0,0
1207,3000,0,0,1,-0.038160861853743566,0,0.0001,0,0,1,0,0,0,0,0,0,0
1208,3000,0,0,1,-0.04871711663442885,0,0.0001,0,0,1,0,0,0,0,0,0,0
1209,3000,0,0,1,-0.2462016929792734,0,0.0001,0,0,1,0,0,0,0,0,0,0
1210,3000,0,0,1,-0.022237866619429003,0,0.0001,0,0,1,0,0,0,0,0,0,0
1211,3000,0,0,1,-0.2194721750617935,0,0.0001,0,0,1,0,0,0,0,0,0,0
1212,3000,0,0,1,0.18615459437747506,0,0.0001,0,0,1,0,0,0,0,0,0,0
1213,3000,0,0,1,0.15162892617155704,0,0.0001,0,0,1,0,0,0,0,0,0,0
1214,3000,0,0,1,-0.23426834669771446,0,0.0001,0,0,1,0,0,0,0,0,0,0
1215,3000,0,0,1,-0.10354939114006967,0,0.0001,0,0,1,0,0,0,0,0,0,0
1216,3000,0,0,1,0.059848656983071125,0,0.0001,0,0,1,0,0,0,0,0,0,0
1217,3000,0,0,1,-0.22127937934153952,0,0.0001,0,0,1,0,0,0,0,0,0,0
1218,3000,0,0,1,-0.04374000226027419,0,0.0001,0,0,1,0,0,0,0,0,0,0
1219,3000,0,0,1,0.23594509055425905,0,0.0001,0,0,1,0,0,0,0,0,0,0
1220,3000,0,0,1,0.19808640096561936,0,0.0001,0,0,1,0,0,0,0,0,0,0
1221,3000,0,0,1,-0.011453160366747261,0,0.0001,0,0,1,0,0,0,0,0,0,0
1222,3000,0,0,1,-0.049057330099361085,0,0.0001,0,0,1,0,0,0,0,0,0,0
1223,3000,0,0,1,-0.1752815626811265,0,0.0001,0,0,1,0,0,0,0,0,0,0
1224,3000,0,0,1,-0.013243831089446434,0,0.0001,0,0,1,0,0,0,0,0,0,0
1225,3000,0,0,1,-0.17216339822087556,0,0.0001,0,0,1,0,0,0,0,0,0,0
1226,3000,0,0,1,0.012781660832434871,0,0.0001,0,0,1,0,0,0,0,0,0,0
1227,3000,0,0,1,-0.21516993910037485,0,0.0001,0,0,1,0,0,0,0,0,0,0
1228,3000,0,0,1,0.0009658541874981719,0,0.0001,0,0,1,0,0,0,0,0,0,0
1229,3000,0,0,1,0.23678589628948932,0,0.0001,0,0,1,0,0,0,0,0,0,0
1230,3000,0,0,1,0.04309077953882556,0,0.0001,0,0,1,0,0,0,0,0,0,0
1231,3000,0,0,1,0.051419823187077884,0,0.0001,0,0,1,0,0,0,0,0,0,0
1232,3000,0,0,1,-0.1389800318820823,0,0.0001,0,0,1,0,0,0,0,0,0,0
1233,3000,0,0,1,-0.04213871946369174,0,0.0001,0,0,1,0,0,0,0,0,0,0
1234,3000,0,0,1,0.010682670068929923,0,0.0001,0,0,1,0,0,0,0,0,0,0
1235,3000,0,0,1,0.009528066141266,0,0.0001,0,0,1,0,0,0,0,0,0,0
1236,3000,0,0,1,0.21999856823479558,0,0.0001,0,0,1,0,0,0,0,0,0,0
1237,3000,0,0,1,0.22212532127241236,0,0.0001,0,0,1,0,0,0,0,0,0,0
1238,3000,0,0,1,0.09303116827078567,0,0.0001,0,0,1,0,0,0,0,0,0,0
1239,3000,0,0,1,0.07777786449947827,0,0.0001,0,0,1,0,0,0,0,0,0,0
1240,3000,0,0,1,0.06557265103680632,0,0.0001,0,0,1,0,0,0,0,0,0,0
1241,3000,0,0,1,-0.22551569458483484,0,0.0001,0,0,1,0,0,0,0,0,0,0
1242,3000,0,0,1,0.1188715178312435,0,0.0001,0,0,1,0,0,0,0,0,0,0
1243,3000,0,0,1,0.0855808293567561,0,0.0001,0,0,1,0,0,0,0,0,0,0
1244,3000,0,0,1,-0.19298602362909856,0,0.0001,0,0,1,0,0,0,0,0,0,0
1245,3000,0,0,1,-0.23746285159205394,0,0.0001,0,0,1,0,0,0,0,0,0,0
1246,3000,0,0,1,0.1557157954470324,0,0.0001,0,0,1,0,0,0,0,0,0,0
1247,3000,0,0,1,-0.1243635630076606,0,0.0001,0,0,1,0,0,0,0,0,0,0
1248,3000,0,0,1,-0.18252904787606355,0,0.0001,0,0,1,0,0,0,0,0,0,0
1249,3000,0,0,1,0.05908121117284032,0,0.0001,0,0,1,0,0,0,0,0,0,0
1250,3000,0,0,1,-0.23442248539652238,0,0.0001,0,0,1,0,0,0,0,0,0,0
1251,3000,0,0,1,0.04567111597152512,0,0.0001,0,0,1,0,0,0,0,0,0,0
1252,3000,0,0,1,0.020461564280134126,0,0.0001,0,0,1,0,0,0,0,0,0,0
1253,3000,0,0,1,0.16247122285172355,0,0.0001,0,0,1,0,0,0,0,0,0,0
1254,3000,0,0,1,0.06787159456920516,0,0.0001,0,0,1,0,0,0,0,0,0,0
1255,3000,0,0,1,0.10162148518440223,0,0.0001,0,0,1,0,0,0,0,0,0,0
1256,3000,0,0,1,0.0936314621232377,0,0.0001,0,0,1,0,0,0,0,0,0,0
1257,3000,0,0,1,-0.038905679097337775,0,0.0001,0,0,1,0,0,0,0,0,0,0
1258,3000,0,0,1,-0.07930541963016141,0,0.0001,0,0,1,0,0,0,0,0,0,0
1259,3000,0,0,1,0.21910163663198734,0,0.0001,0,0,1,0,0,0,0,0,0,0
1260,3000,0,0,1,0.08388720326544058,0,0.0001,0,0,1,0,0,0,0,0,0,0
1261,3000,0,0,1,-0.09732384408939121,0,0.0001,0,0,1,0,0,0,0,0,0,0
1262,3000,0,0,1,-0.04678384798739921,0,0.0001,0,0,1,0,0,0,0,0,0,0
1263,3000,0,0,1,0.10424876335526845,0,0.0001,0,0,1,0,0,0,0,0,0,0
1264,3000,0,0,1,0.24422662375688386,0,0.0001,0,0,1,0,0,0,0,0,0,0
1265,3000,0,0,1,-0.20953981230171997,0,0.0001,0,0,1,0,0,0,0,0,0,0
1266,3000,0,0,1,0.11378075891488404,0,0.0001,0,0,1,0,0,0,0,0,0,0
1267,3000,0,0,1,0.0760789405370379,0,0.0001,0,0,1,0,0,0,0,0,0,0
1268,3000,0,0,1,0.041334222593079006,0,0.0001,0,0,1,0,0,0,0,0,0,0
1269,3000,0,0,1,-0.043053422734585456,0,0.0001,0,0,1,0,0,0,0,0,0,0
1270,3000,0,0,1,-0.19552773095549825,0,0.0001,0,0,1,0,0,0,0,0,0,0
1271,3000,0,0,1,0.20430223479471865,0,0.0001,0,0,1,0,0,0,0,0,0,0
1272,3000,0,0,1,0.005462659943968884,0,0.0001,0,0,1,0,0,0,0,0,0,0
1273,3000,0,0,1,0.12020661115626391,0,0.0001,0,0,1,0,0,0,0,0,0,0
1274,3000,0,0,1,0.1626831210825042,0,0.0001,0,0,1,0,0,0,0,0,0,0
1275,3000,0,0,1,0.0670583703625739,0,0.0001,0,0,1,0,0,0,0,0,0,0
1276,3000,0,0,1,0.21387747113676298,0,0.0001,0,0,1,0,0,0,0,0,0,0
1277,3000,0,0,1,0.032535521620463304,0,0.0001,0,0,1,0,0,0,0,0,0,0
1278,3000,0,0,1,0.125828905837015,0,0.0001,0,0,1,0,0,0,0,0,0,0
1279,3000,0,0,1,0.12483435189831577,0,0.0001,0,0,1,0,0,0,0,0,0,0
1280,3000,0,0,1,0.11256791918451542,0,0.0001,0,0,1,0,0,0,0,0,0,0
1281,3000,0,0,1,-0.23997708708080862,0,0.0001,0,0,1,0,0,0,0,0,0,0
1282,3000,0,0,1,-0.21202650711113108,0,0.0001,0,0,1,0,0,0,0,0,0,0
1283,3000,0,0,1,-0.005786809347486488,0,0.0001,0,0,1,0,0,0,0,0,0,0
1284,3000,0,0,1,-0.06256471831132066,0,0.0001,0,0,1,0,0,0,0,0,0,0
1285,3000,0,0,1,-0.06005472496397757,0,0.0001,0,0,1,0,0,0,0,0,0,0
1286,3000,0,0,1,-0.07323558741154085,0,0.0001,0,0,1,0,0,0,0,0,0,0
1287,3000,0,0,1,0.06942508563630956,0,0.0001,0,0,1,0,0,0,0,0,0,0
1288,3000,0,0,1,0.2153770261633689,0,0.0001,0,0,1,0,0,0,0,0,0,0
1289,3000,0,0,1,-0.046714458866397635,0,0.0001,0,0,1,0,0,0,0,0,0,0
1290,3000,0,0,1,0.24492593866939932,0,0.0001,0,0,1,0,0,0,0,0,0,0
1291,3000,0,0,1,-0.015724919319533293,0,0.0001,0,0,1,0,0,0,0,0,0,0
1292,3000,0,0,1,0.18811994879138594,0,0.0001,0,0,1,0,0,0,0,0,0,0
1293,3000,0,0,1,-0.02342164922229517,0,0.0001,0,0,1,0,0,0,0,0,0,0
1294,3000,0,0,1,0.09470208113009154,0,0.0001,0,0,1,0,0,0,0,0,0,0
1295,3000,0,0,1,0.23612732614649257,0,0.0001,0,0,1,0,0,0,0,0,0,0
1296,3000,0,0,1,-0.12758647029163112,0,0.0001,0,0,1,0,0,0,0,0,0,0
1297,3000,0,0,1,0.010787136909148842,0,0.0001,0,0,1,0,0,0,0,0,0,0
1298,3000,0,0,1,-0.14519599692602225,0,0.0001,0,0,1,0,0,0,0,0,0,0
1299,3000,0,0,1,-0.13542625255501112,0,0.0001,0,0,1,0,0,0,0,0,0,0
1300,3000,0,0,1,0.15246840763265979,0,0.0001,0,0,1,0,0,0,0,0,0,0
1301,3000,0,0,1,0.08610445845157394,0,0.0001,0,0,1,0,0,0,0,0,0,0
1302,3000,0,0,1,-0.04741153725560576,0,0.0001,0,0,1,0,0,0,0,0,0,0
1303,3000,0,0,1,-0.19831814915903884,0,0.0001,0,0,1,0,0,0,0,0,0,0
1304,3000,0,0,1,-0.014776663051967232,0,0.0001,0,0,1,0,0,0,0,0,0,0
1305,3000,0,0,1,0.22962638087074794,0,0.0001,0,0,1,0,0,0,0,0,0,0
1306,3000,0,0,1,0.24039545523025402,0,0.0001,0,0,1,0,0,0,0,0,0,0
1307,3000,0,0,1,0.21808480833303512,0,0.0001,0,0,1,0,0,0,0,0,0,0
1308,3000,0,0,1,-0.14014730949315735,0,0.0001,0,0,1,0,0,0,0,0,0,0
1309,3000,0,0,1,0.03694909527431062,0,0.0001,0,0,1,0,0,0,0,0,0,0
1310,3000,0,0,1,0.0156726018822807,0,0.0001,0,0,1,0,0,0,0,0,0,0
1311,3000,0,0,1,-0.16458479913064372,0,0.0001,0,0,1,0,0,0,0,0,0,0
1312,3000,0,0,1,0.03027502606994864,0,0.0001,0,0,1,0,0,0,0,0,0,0
1313,3000,0,0,1,-0.016658857152162865,0,0.0001,0,0,1,0,0,0,0,0,0,0
1314,3000,0,0,1,-0.07741043259184799,0,0.0001,0,0,1,0,0,0,0,0,0,0
1315,3000,0,0,1,0.12161427799327612,0,0.0001,0,0,1,0,0,0,0,0,0,0
1316,3000,0,0,1,0.20241326498053946,0,0.0001,0,0,1,0,0,0,0,0,0,0
1317,3000,0,0,1,-0.2310309575701726,0,0.0001,0,0,1,0,0,0,0,0,0,0
1318,3000,0,0,1,-0.21808301680484415,0,0.0001,0,0,1,0,0,0,0,0,0,0
1319,3000,0,0,1,0.1550977365749035,0,0.0001,0,0,1,0,0,0,0,0,0,0
1320,3000,0,0,1,0.13959870039825023,0,0.0001,0,0,1,0,0,0,0,0,0,0
1321,3000,0,0,1,-0.061674518918230226,0,0.0001,0,0,1,0,0,0,0,0,0,0
1322,3000,0,0,1,0.2006931056744018,0,0.0001,0,0,1,0,0,0,0,0,0,0
1323,3000,0,0,1,0.18508273892313626,0,0.0001,0,0,1,0,0,0,0,0,0,0
1324,3000,0,0,1,-0.043535601003465596,0,0.0001,0,0,1,0,0,0,0,0,0,0
1325,3000,0,0,1,-0.06513197219184036,0,0.0001,0,0,1,0,0,0,0,0,0,0
1326,3000,0,0,1,0.15976102059946484,0,0.0001,0,0,1,0,0,0,0,0,0,0
1327,3000,0,0,1,0.2443071395357645,0,0.0001,0,0,1,0,0,0,0,0,0,0
1328,3000,0,0,1,-0.12154257070200236,0,0.0001,0,0,1,0,0,0,0,0,0,0
1329,3000,0,0,1,0.20766499969432012,0,0.0001,0,0,1,0,0,0,0,0,0,0
1330,3000,0,0,1,0.07884960247931433,0,0.0001,0,0,1,0,0,0,0,0,0,0
1331,3000,0,0,1,-0.22753734296566414,0,0.0001,0,0,1,0,0,0,0,0,0,0
1332,3000,0,0,1,0.033476418488094684,0,0.0001,0,0,1,0,0,0,0,0,0,0
1333,3000,0,0,1,-0.19270131493189652,0,0.0001,0,0,1,0,0,0,0,0,0,0
1334,3000,0,0,1,0.21719914558648873,0,0.0001,0,0,1,0,0,0,0,0,0,0
1335,3000,0,0,1,-0.18202757607133974,0,0.0001,0,0,1,0,0,0,0,0,0,0
1336,3000,0,0,1,-0.05224465456826011,0,0.0001,0,0,1,0,0,0,0,0,0,0
1337,3000,0,0,1,-0.01591443590410979,0,0.0001,0,0,1,0,0,0,0,0,0,0
1338,3000,0,0,1,-0.04612678373904244,0,0.0001,0,0,1,0,0,0,0,0,0,0
1339,3000,0,0,1,0.20411541396522415,0,0.0001,0,0,1,0,0,0,0,0,0,0
1340,3000,0,0,1,-0.13651005357264806,0,0.0001,0,0,1,0,0,0,0,0,0,0
1341,3000,0,0,1,-0.07863602927255453,0,0.0001,0,0,1,0,0,0,0,0,0,0
1342,3000,0,0,1,-0.08180247884596092,0,0.0001,0,0,1,0,0,0,0,0,0,0
1343,3000,0,0,1,-0.06511925453153589,0,0.0001,0,0,1,0,0,0,0,0,0,0
1344,3000,0,0,1,0.16944348274002502,0,0.0001,0,0,1,0,0,0,0,0,0,0
1345,3000,0,0,1,-0.1494555957472642,0,0.0001,0,0,1,0,0,0,0,0,0,0
1346,3000,0,0,1,0.13299090466871705,0,0.0001,0,0,1,0,0,0,0,0,0,0
1347,3000,0,0,1,-0.05169633818127012,0,0.0001,0,0,1,0,0,0,0,0,0,0
1348,3000,0,0,1,0.15738571860268258,0,0.0001,0,0,1,0,0,0,0,0,0,0
1349,3000,0,0,1,-0.06065287935859076,0,0.0001,0,0,1,0,0,0,0,0,0,0
1350,3000,0,0,1,-0.04259477748469925,0,0.0001,0,0,1,0,0,0,0,0,0,0
1351,3000,0,0,1,0.20154015258826868,0,0.0001,0,0,1,0,0,0,0,0,0,0
1352,3000,0,0,1,0.0197817910330374,0,0.0001,0,0,1,0,0,0,0,0,0,0
1353,3000,0,0,1,-0.12421259386158873,0,0.0001,0,0,1,0,0,0,0,0,0,0
1354,3000,0,0,1,-0.11539056258511327,0,0.0001,0,0,1,0,0,0,0,0,0,0
1355,3000,0,0,1,0.10438352914725119,0,0.0001,0,0,1,0,0,0,0,0,0,0
1356,3000,0,0,1,-0.021897266456837816,0,0.0001,0,0,1,0,0,0,0,0,0,0
1357,3000,0,0,1,-4.357827616807697e-05,0,0.0001,0,0,1,0,0,0,0,0,0,0
1358,3000,0,0,1,0.08019962833346767,0,0.0001,0,0,1,0,0,0,0,0,0,0
1359,3000,0,0,1,-0.13193074214369815,0,0.0001,0,0,1,0,0,0,0,0,0,0
1360,3000,0,0,1,0.047642741569012104,0,0.0001,0,0,1,0,0,0,0,0,0,0
1361,3000,0,0,1,-0.11127067412627983,0,0.0001,0,0,1,0,0,0,0,0,0,0
1362,3000,0,0,1,0.1448893620460528,0,0.0001,0,0,1,0,0,0,0,0,0,0
1363,3000,0,0,1,-0.18709726754535005,0,0.0001,0,0,1,0,0,0,0,0,0,0
1364,3000,0,0,1,0.21031245023133394,0,0.0001,0,0,1,0,0,0,0,0,0,0
1365,3000,0,0,1,0.08957039726755872,0,0.0001,0,0,1,0,0,0,0,0,0,0
1366,3000,0,0,1,0.17655503208683548,0,0.0001,0,0,1,0,0,0,0,0,0,0
1367,3000,0,0,1,0.03462552257633178,0,0.0001,0,0,1,0,0,0,0,0,0,0
1368,3000,0,0,1,0.005488195479933733,0,0.0001,0,0,1,0,0,0,0,0,0,0
1369,3000,0,0,1,0.06615528149527139,0,0.0001,0,0,1,0,0,0,0,0,0,0
1370,3000,0,0,1,-0.24063797724975028,0,0.0001,0,0,1,0,0,0,0,0,0,0
1371,3000,0,0,1,0.19205700671134246,0,0.0001,0,0,1,0,0,0,0,0,0,0
1372,3000,0,0,1,-0.23857786194347974,0,0.0001,0,0,1,0,0,0,0,0,0,0
1373,3000,0,0,1,-0.012838854594483862,0,0.0001,0,0,1,0,0,0,0,0,0,0
1374,3000,0,0,1,-0.03374094723770582,0,0.0001,0,0,1,0,0,0,0,0,0,0
1375,3000,0,0,1,0.027974514605712486,0,0.0001,0,0,1,0,0,0,0,0,0,0
1376,3000,0,0,1,-0.10081560502354103,0,0.0001,0,0,1,0,0,0,0,0,0,0
1377,3000,0,0,1,0.23949385519049632,0,0.0001,0,0,1,0,0,0,0,0,0,0
1378,3000,0,0,1,0.09227672208356752,0,0.0001,0,0,1,0,0,0,0,0,0,0
1379,3000,0,0,1,0.011366235586633633,0,0.0001,0,0,1,0,0,0,0,0,0,0
1380,3000,0,0,1,-0.10865042699946204,0,0.0001,0,0,1,0,0,0,0,0,0,0
1381,3000,0,0,1,-0.14062312047475178,0,0.0001,0,0,1,0,0,0,0,0,0,0
1382,3000,0,0,1,-0.1472785051249011,0,0.0001,0,0,1,0,0,0,0,0,0,0
1383,3000,0,0,1,-0.09991840877048608,0,0.0001,0,0,1,0,0,0,0,0,0,0
1384,3000,0,0,1,0.051601186415297484,0,0.0001,0,0,1,0,0,0,0,0,0,0
1385,3000,0,0,1,0.17476573495271402,0,0.0001,0,0,1,0,0,0,0,0,0,0
1386,3000,0,0,1,0.1074867716791505,0,0.0001,0,0,1,0,0,0,0,0,0,0
1387,3000,0,0,1,0.21501201879598936,0,0.0001,0,0,1,0,0,0,0,0,0,0
1388,3000,0,0,1,-0.10265769448463719,0,0.0001,0,0,1,0,0,0,0,0,0,0
1389,3000,0,0,1,-0.1496436506545527,0,0.0001,0,0,1,0,0,0,0,0,0,0
1390,3000,0,0,1,-0.07651408736239468,0,0.0001,0,0,1,0,0,0,0,0,0,0
1391,3000,0,0,1,-0.13199590271131895,0,0.0001,0,0,1,0,0,0,0,0,0,0
1392,3000,0,0,1,0.19077166323860545,0,0.0001,0,0,1,0,0,0,0,0,0,0
1393,3000,0,0,1,-0.06148226791104905,0,0.0001,0,0,1,0,0,0,0,0,0,0
1394,3000,0,0,1,0.08909845539640754,0,0.0001,0,0,1,0,0,0,0,0,0,0
1395,3000,0,0,1,-0.2321258779915365,0,0.0001,0,0,1,0,0,0,0,0,0,0
1396,3000,0,0,1,0.033348111537018776,0,0.0001,0,0,1,0,0,0,0,0,0,0
1397,3000,0,0,1,-0.2316383960933121,0,0.0001,0,0,1,0,0,0,0,0,0,0
1398,3000,0,0,1,0.04139481342262569,0,0.0001,0,0,1,0,0,0,0,0,0,0
1399,3000,0,0,1,-0.09899276788639372,0,0.0001,0,0,1,0,0,0,0,0,0,0
1400,3000,0,0,1,0.08239393909278248,0,0.0001,0,0,1,0,0,0,0,0,0,0
1401,3000,0,0,1,-0.09279135174330305,0,0.0001,0,0,1,0,0,0,0,0,0,0
1402,3000,0,0,1,-0.02817132928625188,0,0.0001,0,0,1,0,0,0,0,0,0,0
1403,3000,0,0,1,-0.2462264293832711,0,0.0001,0,0,1,0,0,0,0,0,0,0
1404,3000,0,0,1,-0.10327139324392964,0,0.0001,0,0,1,0,0,0,0,0,0,0
1405,3000,0,0,1,0.22239637389842853,0,0.0001,0,0,1,0,0,0,0,0,0,0
1406,3000,0,0,1,0.1440614106951117,0,0.0001,0,0,1,0,0,0,0,0,0,0
1407,3000,0,0,1,-0.060112580691178974,0,0.0001,0,0,1,0,0,0,0,0,0,0
1408,3000,0,0,1,-0.1278079018056435,0,0.0001,0,0,1,0,0,0,0,0,0,0
1409,3000,0,0,1,0.15905806195586525,0,0.0001,0,0,1,0,0,0,0,0,0,0
1410,3000,0,0,1,0.15202477927265468,0,0.0001,0,0,1,0,0,0,0,0,0,0
1411,3000,0,0,1,-0.08071738210221696,0,0.0001,0,0,1,0,0,0,0,0,0,0
1412,3000,0,0,1,-0.23991039373013529,0,0.0001,0,0,1,0,0,0,0,0,0,0
1413,3000,0,0,1,-0.19678740810644385,0,0.0001,0,0,1,0,0,0,0,0,0,0
1414,3000,0,0,1,-0.21507750605031034,0,0.0001,0,0,1,0,0,0,0,0,0,0
1415,3000,0,0,1,0.07105703096239119,0,0.0001,0,0,1,0,0,0,0,0,0,0
1416,3000,0,0,1,0.209675965294352,0,0.0001,0,0,1,0,0,0,0,0,0,0
1417,3000,0,0,1,-0.13015190498879753,0,0.0001,0,0,1,0,0,0,0,0,0,0
1418,3000,0,0,1,0.07206598046212875,0,0.0001,0,0,1,0,0,0,0,0,0,0
1419,3000,0,0,1,-0.2045357404600071,0,0.0001,0,0,1,0,0,0,0,0,0,0
1420,3000,0,0,1,-0.1894697750032892,0,0.0001,0,0,1,0,0,0,0,0,0,0
1421,3000,0,0,1,-0.0847490639087089,0,0.0001,0,0,1,0,0,0,0,0,0,0
1422,3000,0,0,1,-0.07735690627194663,0,0.0001,0,0,1,0,0,0,0,0,0,0
1423,3000,0,0,1,0.16564107247846888,0,0.0001,0,0,1,0,0,0,0,0,0,0
1424,3000,0,0,1,0.24965440691829138,0,0.0001,0,0,1,0,0,0,0,0,0,0
1425,3000,0,0,1,0.1284376391431057,0,0.0001,0,0,1,0,0,0,0,0,0,0
1426,3000,0,0,1,-0.2083185530015103,0,0.0001,0,0,1,0,0,0,0,0,0,0
1427,3000,0,0,1,0.24995389967359843,0,0.0001,0,0,1,0,0,0,0,0,0,0
1428,3000,0,0,1,0.041663836554230615,0,0.0001,0,0,1,0,0,0,0,0,0,0
1429,3000,0,0,1,-0.059508154854461925,0,0.0001,0,0,1,0,0,0,0,0,0,0
1430,3000,0,0,1,-0.20149122353965027,0,0.0001,0,0,1,0,0,0,0,0,0,0
1431,3000,0,0,1,0.1222589196814664,0,0.0001,0,0,1,0,0,0,0,0,0,0
1432,3000,0,0,1,0.07375925764063868,0,0.0001,0,0,1,0,0,0,0,0,0,0
1433,3000,0,0,1,0.07819281865151939,0,0.0001,0,0,1,0,0,0,0,0,0,0
1434,3000,0,0,1,0.06858171523564821,0,0.0001,0,0,1,0,0,0,0,0,0,0
1435,3000,0,0,1,-0.19131973638908667,0,0.0001,0,0,1,0,0,0,0,0,0,0
1436,3000,0,0,1,0.13352289402839668,0,0.0001,0,0,1,0,0,0,0,0,0,0
1437,3000,0,0,1,-0.191501830852165,0,0.0001,0,0,1,0,0,0,0,0,0,0
1438,3000,0,0,1,0.07788771770657027,0,0.0001,0,0,1,0,0,0,0,0,0,0
1439,3000,0,0,1,-0.07385647586984972,0,0.0001,0,0,1,0,0,0,0,0,0,0
1440,3000,0,0,1,-0.05033816915662637,0,0.0001,0,0,1,0,0,0,0,0,0,0
1441,3000,0,0,1,-0.22796086731289306,0,0.0001,0,0,1,0,0,0,0,0,0,0
1442,3000,0,0,1,-0.13562398607217874,0,0.0001,0,0,1,0,0,0,0,0,0,0
1443,3000,0,0,1,0.22974528310392806,0,0.0001,0,0,1,0,0,0,0,0,0,0
1444,3000,0,0,1,0.0817634687105695,0,0.0001,0,0,1,0,0,0,0,0,0,0
1445,3000,0,0,1,0.048219151607791944,0,0.0001,0,0,1,0,0,0,0,0,0,0
1446,3000,0,0,1,0.18446212107366672,0,0.0001,0,0,1,0,0,0,0,0,0,0
1447,3000,0,0,1,-0.023975250889174793,0,0.0001,0,0,1,0,0,0,0,0,0,0
1448,3000,0,0,1,0.07413147350981636,0,0.0001,0,0,1,0,0,0,0,0,0,0
1449,3000,0,0,1,-0.11696649198013792,0,0.0001,0,0,1,0,0,0,0,0,0,0
1450,3000,0,0,1,-0.023342661680140042,0,0.0001,0,0,1,0,0,0,0,0,0,0
1451,3000,0,0,1,-0.0809741951875737,0,0.0001,0,0,1,0,0,0,0,0,0,0
1452,3000,0,0,1,-0.1836297929800344,0,0.0001,0,0,1,0,0,0,0,0,0,0
1453,3000,0,0,1,-0.09064717123573807,0,0.0001,0,0,1,0,0,0,0,0,0,0
1454,3000,0,0,1,-0.09884858416620251,0,0.0001,0,0,1,0,0,0,0,0,0,0
1455,3000,0,0,1,-0.01026108114817792,0,0.0001,0,0,1,0,0,0,0,0,0,0
1456,3000,0,0,1,-0.0007050905182697798,0,0.0001,0,0,1,0,0,0,0,0,0,0
1457,3000,0,0,1,0.06251477479821899,0,0.0001,0,0,1,0,0,0,0,0,0,0
1458,3000,0,0,1,0.19027876209019567,0,0.0001,0,0,1,0,0,0,0,0,0,0
1459,3000,0,0,1,0.025145635360332375,0,0.0001,0,0,1,0,0,0,0,0,0,0
1460,3000,0,0,1,0.12473161846580338,0,0.0001,0,0,1,0,0,0,0,0,0,0
1461,3000,0,0,1,-0.0011638117320496577,0,0.0001,0,0,1,0,0,0,0,0,0,0
1462,3000,0,0,1,0.1920767798390568,0,0.0001,0,0,1,0,0,0,0,0,0,0
1463,3000,0,0,1,0.12715656792860724,0,0.0001,0,0,1,0,0,0,0,0,0,0
1464,3000,0,0,1,-0.21347689750032572,0,0.0001,0,0,1,0,0,0,0,0,0,0
1465,3000,0,0,1,-0.004036504825595422,0,0.0001,0,0,1,0,0,0,0,0,0,0
1466,3000,0,0,1,0.049939996196803005,0,0.0001,0,0,1,0,0,0,0,0,0,0
1467,3000,0,0,1,-0.08967403953033698,0,0.0001,0,0,1,0,0,0,0,0,0,0
1468,3000,0,0,1,-0.11582859221728303,0,0.0001,0,0,1,0,0,0,0,0,0,0
1469,3000,0,0,1,-0.22130506611819784,0,0.0001,0,0,1,0,0,0,0,0,0,0
1470,3000,0,0,1,0.2125004080130824,0,0.0001,0,0,1,0,0,0,0,0,0,0
1471,3000,0,0,1,-0.13970415928613805,0,0.0001,0,0,1,0,0,0,0,0,0,0
1472,3000,0,0,1,0.17566409436378105,0,0.0001,0,0,1,0,0,0,0,0,0,0
1473,3000,0,0,1,-0.15700326671646686,0,0.0001,0,0,1,0,0,0,0,0,0,0
1474,3000,0,0,1,-0.12594777138905716,0,0.0001,0,0,1,0,0,0,0,0,0,0
1475,3000,0,0,1,-0.18205633072740823,0,0.0001,0,0,1,0,0,0,0,0,0,0
1476,3000,0,0,1,-0.20931165776332455,0,0.0001,0,0,1,0,0,0,0,0,0,0
1477,3000,0,0,1,-0.1263280441692422,0,0.0001,0,0,1,0,0,0,0,0,0,0
1478,3000,0,0,1,-0.1028735757240446,0,0.0001,0,0,1,0,0,0,0,0,0,0
1479,3000,0,0,1,-0.1795568996502645,0,0.0001,0,0,1,0,0,0,0,0,0,0
1480,3000,0,0,1,-0.24036029236935896,0,0.0001,0,0,1,0,0,0,0,0,0,0
1481,3000,0,0,1,0.10994932156159509,0,0.0001,0,0,1,0,0,0,0,0,0,0
1482,3000,0,0,1,0.07047577321013121,0,0.0001,0,0,1,0,0,0,0,0,0,0
1483,3000,0,0,1,-0.1293203221560726,0,0.0001,0,0,1,0,0,0,0,0,0,0
1484,3000,0,0,1,0.1436727174233191,0,0.0001,0,0,1,0,0,0,0,0,0,0
1485,3000,0,0,1,-0.12847645289558468,0,0.0001,0,0,1,0,0,0,0,0,0,0
1486,3000,0,0,1,0.012529702017124555,0,0.0001,0,0,1,0,0,0,0,0,0,0
1487,3000,0,0,1,-0.21739592004048863,0,0.0001,0,0,1,0,0,0,0,0,0,0
1488,3000,0,0,1,-0.2384479559317607,0,0.0001,0,0,1,0,0,0,0,0,0,0
1489,3000,0,0,1,0.1850810541072428,0,0.0001,0,0,1,0,0,0,0,0,0,0
1490,3000,0,0,1,-0.16679494102014536,0,0.0001,0,0,1,0,0,0,0,0,0,0
1491,3000,0,0,1,0.0029590575241560946,0,0.0001,0,0,1,0,0,0,0,0,0,0
1492,3000,0,0,1,-0.21016205443404873,0,0.0001,0,0,1,0,0,0,0,0,0,0
1493,3000,0,0,1,0.14287165259774376,0,0.0001,0,0,1,0,0,0,0,0,0,0
1494,3000,0,0,1,0.10434988620745866,0,0.0001,0,0,1,0,0,0,0,0,0,0
1495,3000,0,0,1,0.005292967538207072,0,0.0001,0,0,1,0,0,0,0,0,0,0
1496,3000,0,0,1,-0.03382099146896417,0,0.0001,0,0,1,0,0,0,0,0,0,0
1497,3000,0,0,1,0.22297110102707263,0,0.0001,0,0,1,0,0,0,0,0,0,0
1498,3000,0,0,1,-0.12917080817025756,0,0.0001,0,0,1,0,0,0,0,0,0,0
1499,3000,0,0,1,0.14836991519301723,0,0.0001,0,0,1,0,0,0,0,0,0,0
1500,3000,0,0,1,-0.0672699124251559,0,0.0001,0,0,1,0,0,0,0,0,0,0
1501,3000,0,0,1,0.24551058312290092,0,0.0001,0,0,1,0,0,0,0,0,0,0
1502,3000,0,0,1,0.06384069028996103,0,0.0001,0,0,1,0,0,0,0,0,0,0
1503,3000,0,0,1,0.07612471840056012,0,0.0001,0,0,1,0,0,0,0,0,0,0
1504,3000,0,0,1,-0.07375628119155275,0,0.0001,0,0,1,0,0,0,0,0,0,0
1505,3000,0,0,1,0.1420984887086889,0,0.0001,0,0,1,0,0,0,0,0,0,0
1506,3000,0,0,1,-0.22045808903944808,0,0.0001,0,0,1,0,0,0,0,0,0,0
1507,3000,0,0,1,-0.04240805111761309,0,0.0001,0,0,1,0,0,0,0,0,0,0
1508,3000,0,0,1,0.2039520153266856,0,0.0001,0,0,1,0,0,0,0,0,0,0
1509,3000,0,0,1,-0.11697167617977455,0,0.0001,0,0,1,0,0,0,0,0,0,0
1510,3000,0,0,1,-0.24496597640798806,0,0.0001,0,0,1,0,0,0,0,0,0,0
1511,3000,0,0,1,0.0549816646035825,0,0.0001,0,0,1,0,0,0,0,0,0,0
1512,3000,0,0,1,0.16937300148757445,0,0.0001,0,0,1,0,0,0,0,0,0,0
1513,3000,0,0,1,0.2388018821212824,0,0.0001,0,0,1,0,0,0,0,0,0,0
1514,3000,0,0,1,0.015894648124629873,0,0.0001,0,0,1,0,0,0,0,0,0,0
1515,3000,0,0,1,0.02748155504360822,0,0.0001,0,0,1,0,0,0,0,0,0,0
1516,3000,0,0,1,0.10957851002052327,0,0.0001,0,0,1,0,0,0,0,0,0,0
1517,3000,0,0,1,0.04675976481616623,0,0.0001,0,0,1,0,0,0,0,0,0,0
1518,3000,0,0,1,-0.2293863353324344,0,0.0001,0,0,1,0,0,0,0,0,0,0
1519,3000,0,0,1,-0.12195299235198681,0,0.0001,0,0,1,0,0,0,0,0,0,0
1520,3000,0,0,1,0.1808508665925363,0,0.0001,0,0,1,0,0,0,0,0,0,0
1521,3000,0,0,1,0.24983230718507032,0,0.0001,0,0,1,0,0,0,0,0,0,0
1522,3000,0,0,1,-0.13688363035990175,0,0.0001,0,0,1,0,0,0,0,0,0,0
1523,3000,0,0,1,0.12533601650681292,0,0.0001,0,0,1,0,0,0,0,0,0,0
1524,3000,0,0,1,0.08911205066310163,0,0.0001,0,0,1,0,0,0,0,0,0,0
1525,3000,0,0,1,-0.2109356148119647,0,0.0001,0,0,1,0,0,0,0,0,0,0
1526,3000,0,0,1,0.0688144019144219,0,0.0001,0,0,1,0,0,0,0,0,0,0
1527,3000,0,0,1,-0.18900202791748244,0,0.0001,0,0,1,0,0,0,0,0,0,0
1528,3000,0,0,1,0.05251762527894932,0,0.0001,0,0,1,0,0,0,0,0,0,0
1529,3000,0,0,1,0.14105414937412886,0,0.0001,0,0,1,0,0,0,0,0,0,0
1530,3000,0,0,1,-0.19661331773209328,0,0.0001,0,0,1,0,0,0,0,0,0,0
1531,3000,0,0,1,0.00058864127819791,0,0.0001,0,0,1,0,0,0,0,0,0,0
1532,3000,0,0,1,-0.13337330948462484,0,0.0001,0,0,1,0,0,0,0,0,0,0
1533,3000,0,0,1,-0.06821759531351002,0,0.0001,0,0,1,0,0,0,0,0,0,0
1534,3000,0,0,1,0.1655773494929853,0,0.0001,0,0,1,0,0,0,0,0,0,0
1535,3000,0,0,1,-0.09977663790251828,0,0.0001,0,0,1,0,0,0,0,0,0,0
1536,3000,0,0,1,-0.1608056696615182,0,0.0001,0,0,1,0,0,0,0,0,0,0
1537,3000,0,0,1,-0.14047499183436762,0,0.0001,0,0,1,0,0,0,0,0,0,0
1538,3000,0,0,1,0.08607243566519357,0,0.0001,0,0,1,0,0,0,0,0,0,0
1539,3000,0,0,1,0.08289861811334809,0,0.0001,0,0,1,0,0,0,0,0,0,0
1540,3000,0,0,1,-0.06868201413095482,0,0.0001,0,0,1,0,0,0,0,0,0,0
1541,3000,0,0,1,-0.1128409759446441,0,0.0001,0,0,1,0,0,0,0,0,0,0
1542,3000,0,0,1,-0.24345981306633885,0,0.0001,0,0,1,0,0,0,0,0,0,0
1543,3000,0,0,1,0.11296981788372612,0,0.0001,0,0,1,0,0,0,0,0,0,0
1544,3000,0,0,1,-0.15171631618235604,0,0.0001,0,0,1,0,0,0,0,0,0,0
1545,3000,0,0,1,-0.03251052472453547,0,0.0001,0,0,1,0,0,0,0,0,0,0
1546,3000,0,0,1,0.09616269405371414,0,0.0001,0,0,1,0,0,0,0,0,0,0
1547,3000,0,0,1,-0.21100095371595246,0,0.0001,0,0,1,0,0,0,0,0,0,0
1548,3000,0,0,1,0.1510361987629527,0,0.0001,0,0,1,0,0,0,0,0,0,0
1549,3000,0,0,1,-0.01656419299073364,0,0.0001,0,0,1,0,0,0,0,0,0,0
1550,3000,0,0,1,0.20322255914030546,0,0.0001,0,0,1,0,0,0,0,0,0,0
1551,3000,0,0,1,-0.08112526173495127,0,0.0001,0,0,1,0,0,0,0,0,0,0
1552,3000,0,0,1,0.1953988938375153,0,0.0001,0,0,1,0,0,0,0,0,0,0
1553,3000,0,0,1,-0.22368572383658802,0,0.0001,0,0,1,0,0,0,0,0,0,0
1554,3000,0,0,1,-0.229863652729009,0,0.0001,0,0,1,0,0,0,0,0,0,0
1555,3000,0,0,1,-0.2309185770704303,0,0.0001,0,0,1,0,0,0,0,0,0,0
1556,3000,0,0,1,-0.0357266240845967,0,0.0001,0,0,1,0,0,0,0,0,0,0
1557,3000,0,0,1,-0.15271358844615102,0,0.0001,0,0,1,0,0,0,0,0,0,0
1558,3000,0,0,1,0.21630771886709166,0,0.0001,0,0,1,0,0,0,0,0,0,0
1559,3000,0,0,1,-0.06999710317192309,0,0.0001,0,0,1,0,0,0,0,0,0,0
1560,3000,0,0,1,-0.17476610339541665,0,0.0001,0,0,1,0,0,0,0,0,0,0
1561,3000,0,0,1,-0.15321271607655773,0,0.0001,0,0,1,0,0,0,0,0,0,0
1562,3000,0,0,1,-0.057417293663867885,0,0.0001,0,0,1,0,0,0,0,0,0,0
1563,3000,0,0,1,0.18564762880058433,0,0.0001,0,0,1,0,0,0,0,0,0,0
1564,3000,0,0,1,0.11875960878482056,0,0.0001,0,0,1,0,0,0,0,0,0,0
1565,3000,0,0,1,-0.13873537402312114,0,0.0001,0,0,1,0,0,0,0,0,0,0
1566,3000,0,0,1,0.13344238623450982,0,0.0001,0,0,1,0,0,0,0,0,0,0
1567,3000,0,0,1,-0.025807012610694013,0,0.0001,0,0,1,0,0,0,0,0,0,0
1568,3000,0,0,1,-0.10591474422295749,0,0.0001,0,0,1,0,0,0,0,0,0,0
1569,3000,0,0,1,0.12592098824960862,0,0.0001,0,0,1,0,0,0,0,0,0,0
1570,3000,0,0,1,0.06764379219601391,0,0.0001,0,0,1,0,0,0,0,0,0,0
1571,3000,0,0,1,-0.19443279421215715,0,0.0001,0,0,1,0,0,0,0,0,0,0
1572,3000,0,0,1,0.2105498605654238,0,0.0001,0,0,1,0,0,0,0,0,0,0
1573,3000,0,0,1,0.042948484509859775,0,0.0001,0,0,1,0,0,0,0,0,0,0
1574,3000,0,0,1,0.0487931652828108,0,0.0001,0,0,1,0,0,0,0,0,0,0
1575,3000,0,0,1,0.08793170617715934,0,0.0001,0,0,1,0,0,0,0,0,0,0
1576,3000,0,0,1,-0.013337269302681753,0,0.0001,0,0,1,0,0,0,0,0,0,0
1577,3000,0,0,1,0.05335244241481124,0,0.0001,0,0,1,0,0,0,0,0,0,0
1578,3000,0,0,1,0.05038167779503827,0,0.0001,0,0,1,0,0,0,0,0,0,0
1579,3000,0,0,1,-0.16296222129364407,0,0.0001,0,0,1,0,0,0,0,0,0,0
1580,3000,0,0,1,-0.0759548480717478,0,0.0001,0,0,1,0,0,0,0,0,0,0
1581,3000,0,0,1,0.2166538803477373,0,0.0001,0,0,1,0,0,0,0,0,0,0
1582,3000,0,0,1,0.14512373987806637,0,0.0001,0,0,1,0,0,0,0,0,0,0
1583,3000,0,0,1,0.12298617386658933,0,0.0001,0,0,1,0,0,0,0,0,0,0
1584,3000,0,0,1,-0.20457617796320282,0,0.0001,0,0,1,0,0,0,0,0,0,0
1585,3000,0,0,1,-0.09185363520348938,0,0.0001,0,0,1,0,0,0,0,0,0,0
1586,3000,0,0,1,0.054458376488838334,0,0.0001,0,0,1,0,0,0,0,0,0,0
1587,3000,0,0,1,0.15098610654783057,0,0.0001,0,0,1,0,0,0,0,0,0,0
1588,3000,0,0,1,0.2276884972843773,0,0.0001,0,0,1,0,0,0,0,0,0,0
1589,3000,0,0,1,-0.24436901023919788,0,0.0001,0,0,1,0,0,0,0,0,0,0
1590,3000,0,0,1,0.2287511049238415,0,0.0001,0,0,1,0,0,0,0,0,0,0
1591,3000,0,0,1,-0.2348062628139806,0,0.0001,0,0,1,0,0,0,0,0,0,0
1592,3000,0,0,1,0.026130984045729944,0,0.0001,0,0,1,0,0,0,0,0,0,0
1593,3000,0,0,1,0.14804971476906864,0,0.0001,0,0,1,0,0,0,0,0,0,0
1594,3000,0,0,1,-0.002893759161575804,0,0.0001,0,0,1,0,0,0,0,0,0,0
1595,3000,0,0,1,-0.14636880497385585,0,0.0001,0,0,1,0,0,0,0,0,0,0
1596,3000,0,0,1,-0.17176452684870336,0,0.0001,0,0,1,0,0,0,0,0,0,0
1597,3000,0,0,1,0.1976926431168764,0,0.0001,0,0,1,0,0,0,0,0,0,0
1598,3000,0,0,1,0.1161610516641019,0,0.0001,0,0,1,0,0,0,0,0,0,0
1599,3000,0,0,1,0.22081596315458296,0,0.0001,0,0,1,0,0,0,0,0,0,0
1600,3000,0,0,1,0.18633641670560713,0,0.0001,0,0,1,0,0,0,0,0,0,0
1601,3000,0,0,1,0.14490879862675904,0,0.0001,0,0,1,0,0,0,0,0,0,0
1602,3000,0,0,1,0.024079112399896574,0,0.0001,0,0,1,0,0,0,0,0,0,0
1603,3000,0,0,1,-0.1326048641688916,0,0.0001,0,0,1,0,0,0,0,0,0,0
1604,3000,0,0,1,-0.07258242978473534,0,0.0001,0,0,1,0,0,0,0,0,0,0
1605,3000,0,0,1,0.022268109672725356,0,0.0001,0,0,1,0,0,0,0,0,0,0
1606,3000,0,0,1,-0.16680309149277894,0,0.0001,0,0,1,0,0,0,0,0,0,0
1607,3000,0,0,1,-0.17106986681191583,0,0.0001,0,0,1,0,0,0,0,0,0,0
1608,3000,0,0,1,0.21324547213638528,0,0.0001,0,0,1,0,0,0,0,0,0,0
1609,3000,0,0,1,-0.08191384164921961,0,0.0001,0,0,1,0,0,0,0,0,0,0
1610,3000,0,0,1,-0.12016908356960193,0,0.0001,0,0,1,0,0,0,0,0,0,0
1611,3000,0,0,1,0.009447960489236296,0,0.0001,0,0,1,0,0,0,0,0,0,0
1612,3000,0,0,1,-0.06890580678961683,0,0.0001,0,0,1,0,0,0,0,0,0,0
1613,3000,0,0,1,0.005516186392827693,0,0.0001,0,0,1,0,0,0,0,0,0,0
1614,3000,0,0,1,0.17455513059660904,0,0.0001,0,0,1,0,0,0,0,0,0,0
1615,3000,0,0,1,0.1013044885997117,0,0.0001,0,0,1,0,0,0,0,0,0,0
1616,3000,0,0,1,0.09485770539517735,0,0.0001,0,0,1,0,0,0,0,0,0,0
1617,3000,0,0,1,-0.2395597190010924,0,0.0001,0,0,1,0,0,0,0,0,0,0
1618,3000,0,0,1,-0.19720351173415934,0,0.0001,0,0,1,0,0,0,0,0,0,0
1619,3000,0,0,1,-0.030847149068182422,0,0.0001,0,0,1,0,0,0,0,0,0,0
1620,3000,0,0,1,-0.028932140338979062,0,0.0001,0,0,1,0,0,0,0,0,0,0
1621,3000,0,0,1,-0.155829883188354,0,0.0001,0,0,1,0,0,0,0,0,0,0
1622,3000,0,0,1,0.03232168814301567,0,0.0001,0,0,1,0,0,0,0,0,0,0
1623,3000,0,0,1,-0.18242437798880357,0,0.0001,0,0,1,0,0,0,0,0,0,0
1624,3000,0,0,1,-0.16954145994352654,0,0.0001,0,0,1,0,0,0,0,0,0,0
1625,3000,0,0,1,-0.22773820529471145,0,0.0001,0,0,1,0,0,0,0,0,0,0
1626,3000,0,0,1,0.22917995598394514,0,0.0001,0,0,1,0,0,0,0,0,0,0
1627,3000,0,0,1,-0.10223421173000896,0,0.0001,0,0,1,0,0,0,0,0,0,0
1628,3000,0,0,1,-0.198740999243319,0,0.0001,0,0,1,0,0,0,0,0,0,0
1629,3000,0,0,1,-0.08493870401901776,0,0.0001,0,0,1,0,0,0,0,0,0,0
1630,3000,0,0,1,-0.0011432440933355492,0,0.0001,0,0,1,0,0,0,0,0,0,0
1631,3000,0,0,1,0.1286340423358563,0,0.0001,0,0,1,0,0,0,0,0,0,0
1632,3000,0,0,1,-0.01348451707822812,0,0.0001,0,0,1,0,0,0,0,0,0,0
1633,3000,0,0,1,-0.08791853459779797,0,0.0001,0,0,1,0,0,0,0,0,0,0
1634,3000,0,0,1,0.20259261713239018,0,0.0001,0,0,1,0,0,0,0,0,0,0
1635,3000,0,0,1,0.17056120372483413,0,0.0001,0,0,1,0,0,0,0,0,0,0
1636,3000,0,0,1,0.22119593314702823,0,0.0001,0,0,1,0,0,0,0,0,0,0
1637,3000,0,0,1,0.13392844082216665,0,0.0001,0,0,1,0,0,0,0,0,0,0
1638,3000,0,0,1,-0.13669793387554335,0,0.0001,0,0,1,0,0,0,0,0,0,0
1639,3000,0,0,1,-0.04821654342083864,0,0.0001,0,0,1,0,0,0,0,0,0,0
1640,3000,0,0,1,0.203224201715608,0,0.0001,0,0,1,0,0,0,0,0,0,0
1641,3000,0,0,1,-0.15156333703183617,0,0.0001,0,0,1,0,0,0,0,0,0,0
1642,3000,0,0,1,-0.16843458578395987,0,0.0001,0,0,1,0,0,0,0,0,0,0
1643,3000,0,0,1,-0.0024502594322687865,0,0.0001,0,0,1,0,0,0,0,0,0,0
1644,3000,0,0,1,0.14381767611913415,0,0.0001,0,0,1,0,0,0,0,0,0,0
1645,3000,0,0,1,-0.012901640634494838,0,0.0001,0,0,1,0,0,0,0,0,0,0
1646,3000,0,0,1,0.1756283383777515,0,0.0001,0,0,1,0,0,0,0,0,0,0
1647,3000,0,0,1,0.06688203058246284,0,0.0001,0,0,1,0,0,0,0,0,0,0
1648,3000,0,0,1,0.19607615601377432,0,0.0001,0,0,1,0,0,0,0,0,0,0
1649,3000,0,0,1,-0.04225956820304311,0,0.0001,0,0,1,0,0,0,0,0,0,0
1650,3000,0,0,1,0.12076782974802003,0,0.0001,0,0,1,0,0,0,0,0,0,0
1651,3000,0,0,1,-0.10087350804997886,0,0.0001,0,0,1,0,0,0,0,0,0,0
1652,3000,0,0,1,-0.1959348662730626,0,0.0001,0,0,1,0,0,0,0,0,0,0
1653,3000,0,0,1,0.1035142040432791,0,0.0001,0,0,1,0,0,0,0,0,0,0
1654,3000,0,0,1,0.06574192788226069,0,0.0001,0,0,1,0,0,0,0,0,0,0
1655,3000,0,0,1,0.1787410400270522,0,0.0001,0,0,1,0,0,0,0,0,0,0
1656,3000,0,0,1,0.17734551192834042,0,0.0001,0,0,1,0,0,0,0,0,0,0
1657,3000,0,0,1,0.10046794893434524,0,0.0001,0,0,1,0,0,0,0,0,0,0
1658,3000,0,0,1,-0.06024461475036591,0,0.0001,0,0,1,0,0,0,0,0,0,0
1659,3000,0,0,1,-0.1352188318724269,0,0.0001,0,0,1,0,0,0,0,0,0,0
1660,3000,0,0,1,-0.21438726191474383,0,0.0001,0,0,1,0,0,0,0,0,0,0
1661,3000,0,0,1,-0.24549583961572846,0,0.0001,0,0,1,0,0,0,0,0,0,0
1662,3000,0,0,1,-0.06119949074492115,0,0.0001,0,0,1,0,0,0,0,0,0,0
1663,3000,0,0,1,0.03891214170484447,0,0.0001,0,0,1,0,0,0,0,0,0,0
1664,3000,0,0,1,-0.10648392311925126,0,0.0001,0,0,1,0,0,0,0,0,0,0
1665,3000,0,0,1,0.24110942122964713,0,0.0001,0,0,1,0,0,0,0,0,0,0
1666,3000,0,0,1,-0.1548667504833519,0,0.0001,0,0,1,0,0,0,0,0,0,0
1667,3000,0,0,1,0.15002923897149706,0,0.0001,0,0,1,0,0,0,0,0,0,0
1668,3000,0,0,1,0.19501961324197048,0,0.0001,0,0,1,0,0,0,0,0,0,0
1669,3000,0,0,1,0.05076416963744457,0,0.0001,0,0,1,0,0,0,0,0,0,0
1670,3000,0,0,1,0.134533020634295,0,0.0001,0,0,1,0,0,0,0,0,0,0
1671,3000,0,0,1,-0.11370663691616512,0,0.0001,0,0,1,0,0,0,0,0,0,0
1672,3000,0,0,1,0.12287907092920397,0,0.0001,0,0,1,0,0,0,0,0,0,0
1673,3000,0,0,1,0.07110529664360532,0,0.0001,0,0,1,0,0,0,0,0,0,0
1674,3000,0,0,1,-0.07786857666177532,0,0.0001,0,0,1,0,0,0,0,0,0,0
1675,3000,0,0,1,-0.031918334263650705,0,0.0001,0,0,1,0,0,0,0,0,0,0
1676,3000,0,0,1,-0.19905603327686638,0,0.0001,0,0,1,0,0,0,0,0,0,0
1677,3000,0,0,1,0.032384775687045286,0,0.0001,0,0,1,0,0,0,0,0,0,0
1678,3000,0,0,1,-0.13905526654309858,0,0.0001,0,0,1,0,0,0,0,0,0,0
1679,3000,0,0,1,0.08996010373120233,0,0.0001,0,0,1,0,0,0,0,0,0,0
1680,3000,0,0,1,-0.07635332524175886,0,0.0001,0,0,1,0,0,0,0,0,0,0
1681,3000,0,0,1,0.021791778241594006,0,0.0001,0,0,1,0,0,0,0,0,0,0
1682,3000,0,0,1,-0.14076358857224103,0,0.0001,0,0,1,0,0,0,0,0,0,0
1683,3000,0,0,1,0.10120027023377243,0,0.0001,0,0,1,0,0,0,0,0,0,0
1684,3000,0,0,1,0.1282698753820628,0,0.0001,0,0,1,0,0,0,0,0,0,0
1685,3000,0,0,1,0.06584062474036739,0,0.0001,0,0,1,0,0,0,0,0,0,0
1686,3000,0,0,1,0.20819291161719905,0,0.0001,0,0,1,0,0,0,0,0,0,0
1687,3000,0,0,1,0.05592928417596865,0,0.0001,0,0,1,0,0,0,0,0,0,0
1688,3000,0,0,1,-0.0004418543568814881,0,0.0001,0,0,1,0,0,0,0,0,0,0
1689,3000,0,0,1,0.23556122411326397,0,0.0001,0,0,1,0,0,0,0,0,0,0
1690,3000,0,0,1,0.23650716920223985,0,0.0001,0,0,1,0,0,0,0,0,0,0
1691,3000,0,0,1,0.09167524574825647,0,0.0001,0,0,1,0,0,0,0,0,0,0
1692,3000,0,0,1,0.16302336240322146,0,0.0001,0,0,1,0,0,0,0,0,0,0
1693,3000,0,0,1,0.033967613903330474,0,0.0001,0,0,1,0,0,0,0,0,0,0
1694,3000,0,0,1,0.05948866332605551,0,0.0001,0,0,1,0,0,0,0,0,0,0
1695,3000,0,0,1,0.2189268507926379,0,0.0001,0,0,1,0,0,0,0,0,0,0
1696,3000,0,0,1,0.015468926177019171,0,0.0001,0,0,1,0,0,0,0,0,0,0
1697,3000,0,0,1,0.20961183288047652,0,0.0001,0,0,1,0,0,0,0,0,0,0
1698,3000,0,0,1,0.03363156173645149,0,0.0001,0,0,1,0,0,0,0,0,0,0
1699,3000,0,0,1,0.08431278543852849,0,0.0001,0,0,1,0,0,0,0,0,0,0
1700,3000,0,0,1,-0.14143643888019508,0,0.0001,0,0,1,0,0,0,0,0,0,0
1701,3000,0,0,1,-0.04935823165728803,0,0.0001,0,0,1,0,0,0,0,0,0,0
1702,3000,0,0,1,-0.19235274619835668,0,0.0001,0,0,1,0,0,0,0,0,0,0
1703,3000,0,0,1,0.0006967570302359172,0,0.0001,0,0,1,0,0,0,0,0,0,0
1704,3000,0,0,1,0.17204516856205798,0,0.0001,0,0,1,0,0,0,0,0,0,0
1705,3000,0,0,1,0.04224167829877412,0,0.0001,0,0,1,0,0,0,0,0,0,0
1706,3000,0,0,1,0.233463758271435,0,0.0001,0,0,1,0,0,0,0,0,0,0
1707,3000,0,0,1,-0.11189704175678339,0,0.0001,0,0,1,0,0,0,0,0,0,0
1708,3000,0,0,1,0.17605210276905742,0,0.0001,0,0,1,0,0,0,0,0,0,0
1709,3000,0,0,1,0.05163299808917071,0,0.0001,0,0,1,0,0,0,0,0,0,0
1710,3000,0,0,1,0.2118640538700025,0,0.0001,0,0,1,0,0,0,0,0,0,0
1711,3000,0,0,1,0.1987601125773158,0,0.0001,0,0,1,0,0,0,0,0,0,0
1712,3000,0,0,1,0.04617392878474191,0,0.0001,0,0,1,0,0,0,0,0,0,0
1713,3000,0,0,1,-0.0027330966132014245,0,0.0001,0,0,1,0,0,0,0,0,0,0
1714,3000,0,0,1,-0.195411649781205,0,0.0001,0,0,1,0,0,0,0,0,0,0
1715,3000,0,0,1,-0.09521389874295555,0,0.0001,0,0,1,0,0,0,0,0,0,0
1716,3000,0,0,1,-0.12375307253729051,0,0.0001,0,0,1,0,0,0,0,0,0,0
1717,3000,0,0,1,-0.2094714554840113,0,0.0001,0,0,1,0,0,0,0,0,0,0
1718,3000,0,0,1,-0.1483069896748223,0,0.0001,0,0,1,0,0,0,0,0,0,0
1719,3000,0,0,1,0.07883984719713633,0,0.0001,0,0,1,0,0,0,0,0,0,0
1720,3000,0,0,1,0.1558512177030178,0,0.0001,0,0,1,0,0,0,0,0,0,0
1721,3000,0,0,1,-0.15359354547282228,0,0.0001,0,0,1,0,0,0,0,0,0,0
1722,3000,0,0,1,-0.2326267715479241,0,0.0001,0,0,1,0,0,0,0,0,0,0
1723,3000,0,0,1,0.1210904785321657,0,0.0001,0,0,1,0,0,0,0,0,0,0
1724,3000,0,0,1,0.12781983360526378,0,0.0001,0,0,1,0,0,0,0,0,0,0
1725,3000,0,0,1,0.093898714197857,0,0.0001,0,0,1,0,0,0,0,0,0,0
1726,3000,0,0,1,-0.19194791966944463,0,0.0001,0,0,1,0,0,0,0,0,0,0
1727,3000,0,0,1,0.22497233051208976,0,0.0001,0,0,1,0,0,0,0,0,0,0
1728,3000,0,0,1,-0.038081588148481005,0,0.0001,0,0,1,0,0,0,0,0,0,0
1729,3000,0,0,1,-0.22196985157479682,0,0.0001,0,0,1,0,0,0,0,0,0,0
1730,3000,0,0,1,0.16860008718958047,0,0.0001,0,0,1,0,0,0,0,0,0,0
1731,3000,0,0,1,0.154658893260821,0,0.0001,0,0,1,0,0,0,0,0,0,0
1732,3000,0,0,1,-0.0726345152976885,0,0.0001,0,0,1,0,0,0,0,0,0,0
1733,3000,0,0,1,-0.050684588504991746,0,0.0001,0,0,1,0,0,0,0,0,0,0
1734,3000,0,0,1,-0.22585076556208622,0,0.0001,0,0,1,0,0,0,0,0,0,0
1735,3000,0,0,1,-0.19413365427236973,0,0.0001,0,0,1,0,0,0,0,0,0,0
1736,3000,0,0,1,-0.13144895739885415,0,0.0001,0,0,1,0,0,0,0,0,0,0
1737,3000,0,0,1,0.019057780126924717,0,0.0001,0,0,1,0,0,0,0,0,0,0
1738,3000,0,0,1,0.13310341319459196,0,0.0001,0,0,1,0,0,0,0,0,0,0
1739,3000,0,0,1,0.22719174859753255,0,0.0001,0,0,1,0,0,0,0,0,0,0
1740,3000,0,0,1,-0.04679882131582952,0,0.0001,0,0,1,0,0,0,0,0,0,0
1741,3000,0,0,1,-0.16604677020532055,0,0.0001,0,0,1,0,0,0,0,0,0,0
1742,3000,0,0,1,-0.004509267057003663,0,0.0001,0,0,1,0,0,0,0,0,0,0
1743,3000,0,0,1,-0.049456205345168036,0,0.0001,0,0,1,0,0,0,0,0,0,0
1744,3000,0,0,1,-0.2233466635172653,0,0.0001,0,0,1,0,0,0,0,0,0,0
1745,3000,0,0,1,0.2015065714188179,0,0.0001,0,0,1,0,0,0,0,0,0,0
1746,3000,0,0,1,0.08071237386551167,0,0.0001,0,0,1,0,0,0,0,0,0,0
1747,3000,0,0,1,0.09030123369990511,0,0.0001,0,0,1,0,0,0,0,0,0,0
1748,3000,0,0,1,0.025698608312276994,0,0.0001,0,0,1,0,0,0,0,0,0,0
1749,3000,0,0,1,-0.10731091676759635,0,0.0001,0,0,1,0,0,0,0,0,0,0
1750,3000,0,0,1,0.022717409324130966,0,0.0001,0,0,1,0,0,0,0,0,0,0
1751,3000,0,0,1,0.07380320902902354,0,0.0001,0,0,1,0,0,0,0,0,0,0
1752,3000,0,0,1,0.2040125548633297,0,0.0001,0,0,1,0,0,0,0,0,0,0
1753,3000,0,0,1,-0.18845940563981367,0,0.0001,0,0,1,0,0,0,0,0,0,0
1754,3000,0,0,1,-0.2371997476988456,0,0.0001,0,0,1,0,0,0,0,0,0,0
1755,3000,0,0,1,-0.1336227233008765,0,0.0001,0,0,1,0,0,0,0,0,0,0
1756,3000,0,0,1,-0.24844214583219698,0,0.0001,0,0,1,0,0,0,0,0,0,0
1757,3000,0,0,1,-0.2294629334146333,0,0.0001,0,0,1,0,0,0,0,0,0,0
1758,3000,0,0,1,-0.19262039519628904,0,0.0001,0,0,1,0,0,0,0,0,0,0
1759,3000,0,0,1,0.1567087729480644,0,0.0001,0,0,1,0,0,0,0,0,0,0
1760,3000,0,0,1,-0.05318406511452667,0,0.0001,0,0,1,0,0,0,0,0,0,0
1761,3000,0,0,1,0.09654034161920394,0,0.0001,0,0,1,0,0,0,0,0,0,0
1762,3000,0,0,1,0.1703797389736162,0,0.0001,0,0,1,0,0,0,0,0,0,0
1763,3000,0,0,1,-0.033829363199867624,0,0.0001,0,0,1,0,0,0,0,0,0,0
1764,3000,0,0,1,-0.019247657010299124,0,0.0001,0,0,1,0,0,0,0,0,0,0
1765,3000,0,0,1,-0.10738052228360417,0,0.0001,0,0,1,0,0,0,0,0,0,0
1766,3000,0,0,1,-0.13491960629107408,0,0.0001,0,0,1,0,0,0,0,0,0,0
1767,3000,0,0,1,-0.08774105177627495,0,0.0001,0,0,1,0,0,0,0,0,0,0
1768,3000,0,0,1,-0.025784959495333215,0,0.0001,0,0,1,0,0,0,0,0,0,0
1769,3000,0,0,1,0.1786944556780935,0,0.0001,0,0,1,0,0,0,0,0,0,0
1770,3000,0,0,1,-0.11750738173103387,0,0.0001,0,0,1,0,0,0,0,0,0,0
1771,3000,0,0,1,0.15198244945711614,0,0.0001,0,0,1,0,0,0,0,0,0,0
1772,3000,0,0,1,0.2024474709451961,0,0.0001,0,0,1,0,0,0,0,0,0,0
1773,3000,0,0,1,-0.1711063751092442,0,0.0001,0,0,1,0,0,0,0,0,0,0
1774,3000,0,0,1,0.06044771477860489,0,0.0001,0,0,1,0,0,0,0,0,0,0
1775,3000,0,0,1,-0.0689043236674674,0,0.0001,0,0,1,0,0,0,0,0,0,0
1776,3000,0,0,1,-0.24954072350750484,0,0.0001,0,0,1,0,0,0,0,0,0,0
1777,3000,0,0,1,0.0664755951738572,0,0.0001,0,0,1,0,0,0,0,0,0,0
1778,3000,0,0,1,-0.22636742554633138,0,0.0001,0,0,1,0,0,0,0,0,0,0
1779,3000,0,0,1,-0.09988649511498421,0,0.0001,0,0,1,0,0,0,0,0,0,0
1780,3000,0,0,1,0.16418552577297263,0,0.0001,0,0,1,0,0,0,0,0,0,0
1781,3000,0,0,1,-0.06322836021602829,0,0.0001,0,0,1,0,0,0,0,0,0,0
1782,3000,0,0,1,-0.036083959655421716,0,0.0001,0,0,1,0,0,0,0,0,0,0
1783,3000,0,0,1,-0.02908034125276615,0,0.0001,0,0,1,0,0,0,0,0,0,0
1784,3000,0,0,1,0.11685303809299113,0,0.0001,0,0,1,0,0,0,0,0,0,0
1785,3000,0,0,1,0.006760540591216169,0,0.0001,0,0,1,0,0,0,0,0,0,0
1786,3000,0,0,1,-0.13622647678128136,0,0.0001,0,0,1,0,0,0,0,0,0,0
1787,3000,0,0,1,0.17044765272728135,0,0.0001,0,0,1,0,0,0,0,0,0,0
1788,3000,0,0,1,-0.12329805822737322,0,0.0001,0,0,1,0,0,0,0,0,0,0
1789,3000,0,0,1,0.16792221480722974,0,0.0001,0,0,1,0,0,0,0,0,0,0
1790,3000,0,0,1,-0.004355654563289679,0,0.0001,0,0,1,0,0,0,0,0,0,0
1791,3000,0,0,1,-0.17606723697420035,0,0.0001,0,0,1,0,0,0,0,0,0,0
1792,3000,0,0,1,0.16372395075782525,0,0.0001,0,0,1,0,0,0,0,0,0,0
1793,3000,0,0,1,-0.017491318627159747,0,0.0001,0,0,1,0,0,0,0,0,0,0
1794,3000,0,0,1,-0.16634797362740783,0,0.0001,0,0,1,0,0,0,0,0,0,0
1795,3000,0,0,1,-0.03083189110240614,0,0.0001,0,0,1,0,0,0,0,0,0,0
1796,3000,0,0,1,-0.02450106110252742,0,0.0001,0,0,1,0,0,0,0,0,0,0
1797,3000,0,0,1,0.037591905869730935,0,0.0001,0,0,1,0,0,0,0,0,0,0
1798,3000,0,0,1,-0.20008483383379377,0,0.0001,0,0,1,0,0,0,0,0,0,0
1799,3000,0,0,1,0.10412416261851887,0,0.0001,0,0,1,0,0,0,0,0,0,0
1800,3000,0,0,1,0.17323118743527133,0,0.0001,0,0,1,0,0,0,0,0,0,0
1801,3000,0,0,1,0.2456061313728361,0,0.0001,0,0,1,0,0,0,0,0,0,0
1802,3000,0,0,1,-0.2100268798895394,0,0.0001,0,0,1,0,0,0,0,0,0,0
1803,3000,0,0,1,0.054372325554098655,0,0.0001,0,0,1,0,0,0,0,0,0,0
1804,3000,0,0,1,0.04904714306607283,0,0.0001,0,0,1,0,0,0,0,0,0,0
1805,3000,0,0,1,-0.03670078966022822,0,0.0001,0,0,1,0,0,0,0,0,0,0
1806,3000,0,0,1,0.09559588242421946,0,0.0001,0,0,1,0,0,0,0,0,0,0
1807,3000,0,0,1,0.24658109855573412,0,0.0001,0,0,1,0,0,0,0,0,0,0
1808,3000,0,0,1,-0.08819665821939038,0,0.0001,0,0,1,0,0,0,0,0,0,0
1809,3000,0,0,1,-0.07790856463188378,0,0.0001,0,0,1,0,0,0,0,0,0,0
1810,3000,0,0,1,-0.02607310464226903,0,0.0001,0,0,1,0,0,0,0,0,0,0
1811,3000,0,0,1,-0.007859187366198006,0,0.0001,0,0,1,0,0,0,0,0,0,0
1812,3000,0,0,1,0.012968053267251145,0,0.0001,0,0,1,0,0,0,0,0,0,0
1813,3000,0,0,1,0.1834716196120023,0,0.0001,0,0,1,0,0,0,0,0,0,0
1814,3000,0,0,1,0.0034980242778775428,0,0.0001,0,0,1,0,0,0,0,0,0,0
1815,3000,0,0,1,0.07359706564130924,0,0.0001,0,0,1,0,0,0,0,0,0,0
1816,3000,0,0,1,0.003874274114480547,0,0.0001,0,0,1,0,0,0,0,0,0,0
1817,3000,0,0,1,-0.0518492799605938,0,0.0001,0,0,1,0,0,0,0,0,0,0
1818,3000,0,0,1,0.1044458439140788,0,0.0001,0,0,1,0,0,0,0,0,0,0
1819,3000,0,0,1,-0.0702435755860244,0,0.0001,0,0,1,0,0,0,0,0,0,0
1820,3000,0,0,1,-0.011163062152291348,0,0.0001,0,0,1,0,0,0,0,0,0,0
1821,3000,0,0,1,0.17812835646855257,0,0.0001,0,0,1,0,0,0,0,0,0,0
1822,3000,0,0,1,-0.1486830726766254,0,0.0001,0,0,1,0,0,0,0,0,0,0
1823,3000,0,0,1,-0.14613788439613795,0,0.0001,0,0,1,0,0,0,0,0,0,0
1824,3000,0,0,1,0.24726694053950488,0,0.0001,0,0,1,0,0,0,0,0,0,0
1825,3000,0,0,1,-0.05977877299988438,0,0.0001,0,0,1,0,0,0,0,0,0,0
1826,3000,0,0,1,-0.0834340323488098,0,0.0001,0,0,1,0,0,0,0,0,0,0
1827,3000,0,0,1,0.20255144339531034,0,0.0001,0,0,1,0,0,0,0,0,0,0
1828,3000,0,0,1,-0.13015144441745746,0,0.0001,0,0,1,0,0,0,0,0,0,0
1829,3000,0,0,1,-0.013337791016350242,0,0.0001,0,0,1,0,0,0,0,0,0,0
1830,3000,0,0,1,-0.05425669266380223,0,0.0001,0,0,1,0,0,0,0,0,0,0
1831,3000,0,0,1,0.19447642631890377,0,0.0001,0,0,1,0,0,0,0,0,0,0
1832,3000,0,0,1,0.008431174094742977,0,0.0001,0,0,1,0,0,0,0,0,0,0
1833,3000,0,0,1,0.11528349330200643,0,0.0001,0,0,1,0,0,0,0,0,0,0
1834,3000,0,0,1,-0.1886282552807128,0,0.0001,0,0,1,0,0,0,0,0,0,0
1835,3000,0,0,1,-0.13765317393350424,0,0.0001,0,0,1,0,0,0,0,0,0,0
1836,3000,0,0,1,-0.06174913872181742,0,0.0001,0,0,1,0,0,0,0,0,0,0
1837,3000,0,0,1,-0.06780024598274792,0,0.0001,0,0,1,0,0,0,0,0,0,0
1838,3000,0,0,1,-0.13840650124408455,0,0.0001,0,0,1,0,0,0,0,0,0,0
1839,3000,0,0,1,0.0902714898056381,0,0.0001,0,0,1,0,0,0,0,0,0,0
1840,3000,0,0,1,-0.154829251237105,0,0.0001,0,0,1,0,0,0,0,0,0,0
1841,3000,0,0,1,-0.16589646681010312,0,0.0001,0,0,1,0,0,0,0,0,0,0
1842,3000,0,0,1,0.1449154246184266,0,0.0001,0,0,1,0,0,0,0,0,0,0
1843,3000,0,0,1,-0.025779783828110192,0,0.0001,0,0,1,0,0,0,0,0,0,0
1844,3000,0,0,1,0.1845334820433272,0,0.0001,0,0,1,0,0,0,0,0,0,0
1845,3000,0,0,1,-0.05028911007865239,0,0.0001,0,0,1,0,0,0,0,0,0,0
1846,3000,0,0,1,-0.13655625278598654,0,0.0001,0,0,1,0,0,0,0,0,0,0
1847,3000,0,0,1,0.1336965608670121,0,0.0001,0,0,1,0,0,0,0,0,0,0
1848,3000,0,0,1,-0.23398568147614462,0,0.0001,0,0,1,0,0,0,0,0,0,0
1849,3000,0,0,1,-0.16806133372668536,0,0.0001,0,0,1,0,0,0,0,0,0,0
1850,3000,0,0,1,-0.09415036307546898,0,0.0001,0,0,1,0,0,0,0,0,0,0
1851,3000,0,0,1,0.24162695301116277,0,0.0001,0,0,1,0,0,0,0,0,0,0
1852,3000,0,0,1,0.21309752221047396,0,0.0001,0,0,1,0,0,0,0,0,0,0
1853,3000,0,0,1,-0.14481091819769437,0,0.0001,0,0,1,0,0,0,0,0,0,0
1854,3000,0,0,1,-0.21437366053894197,0,0.0001,0,0,1,0,0,0,0,0,0,0
1855,3000,0,0,1,-0.07776526152993318,0,0.0001,0,0,1,0,0,0,0,0,0,0
1856,3000,0,0,1,-0.08357976813619433,0,0.0001,0,0,1,0,0,0,0,0,0,0
1857,3000,0,0,1,0.10738459432233982,0,0.0001,0,0,1,0,0,0,0,0,0,0
1858,3000,0,0,1,0.029603490424002454,0,0.0001,0,0,1,0,0,0,0,0,0,0
1859,3000,0,0,1,-0.09858023660139836,0,0.0001,0,0,1,0,0,0,0,0,0,0
1860,3000,0,0,1,-0.03397483117712674,0,0.0001,0,0,1,0,0,0,0,0,0,0
1861,3000,0,0,1,-0.2091263240982673,0,0.0001,0,0,1,0,0,0,0,0,0,0
1862,3000,0,0,1,-0.17098233029788273,0,0.0001,0,0,1,0,0,0,0,0,0,0
1863,3000,0,0,1,0.09189525933875703,0,0.0001,0,0,1,0,0,0,0,0,0,0
1864,3000,0,0,1,-0.0840569922793532,0,0.0001,0,0,1,0,0,0,0,0,0,0
1865,3000,0,0,1,0.027739816527717454,0,0.0001,0,0,1,0,0,0,0,0,0,0
1866,3000,0,0,1,-0.06238635614598159,0,0.0001,0,0,1,0,0,0,0,0,0,0
1867,3000,0,0,1,-0.21022011070275032,0,0.0001,0,0,1,0,0,0,0,0,0,0
1868,3000,0,0,1,0.1594273920761765,0,0.0001,0,0,1,0,0,0,0,0,0,0
1869,3000,0,0,1,0.1526887249235982,0,0.0001,0,0,1,0,0,0,0,0,0,0
1870,3000,0,0,1,-0.16733689439696608,0,0.0001,0,0,1,0,0,0,0,0,0,0
1871,3000,0,0,1,-0.17380741645415848,0,0.0001,0,0,1,0,0,0,0,0,0,0
1872,3000,0,0,1,0.0920765056684516,0,0.0001,0,0,1,0,0,0,0,0,0,0
1873,3000,0,0,1,0.19181501632842712,0,0.0001,0,0,1,0,0,0,0,0,0,0
1874,3000,0,0,1,-0.026401813278240094,0,0.0001,0,0,1,0,0,0,0,0,0,0
1875,3000,0,0,1,-0.1643464261388788,0,0.0001,0,0,1,0,0,0,0,0,0,0
1876,3000,0,0,1,0.167329852514928,0,0.0001,0,0,1,0,0,0,0,0,0,0
1877,3000,0,0,1,-0.07843017847822048,0,0.0001,0,0,1,0,0,0,0,0,0,0
1878,3000,0,0,1,0.09163489332814223,0,0.0001,0,0,1,0,0,0,0,0,0,0
1879,3000,0,0,1,-0.008659560785979181,0,0.0001,0,0,1,0,0,0,0,0,0,0
1880,3000,0,0,1,-0.231046570419976,0,0.0001,0,0,1,0,0,0,0,0,0,0
1881,3000,0,0,1,-0.05492950569633975,0,0.0001,0,0,1,0,0,0,0,0,0,0
1882,3000,0,0,1,0.21770040301767146,0,0.0001,0,0,1,0,0,0,0,0,0,0
1883,3000,0,0,1,-0.21327616407582567,0,0.0001,0,0,1,0,0,0,0,0,0,0
1884,3000,0,0,1,-0.027875808483181552,0,0.0001,0,0,1,0,0,0,0,0,0,0
1885,3000,0,0,1,-0.19377386087357146,0,0.0001,0,0,1,0,0,0,0,0,0,0
1886,3000,0,0,1,-0.02020018997601991,0,0.0001,0,0,1,0,0,0,0,0,0,0
1887,3000,0,0,1,0.18552560248942207,0,0.0001,0,0,1,0,0,0,0,0,0,0
1888,3000,0,0,1,-0.2142364725984276,0,0.0001,0,0,1,0,0,0,0,0,0,0
1889,3000,0,0,1,0.14011440975463946,0,0.0001,0,0,1,0,0,0,0,0,0,0
1890,3000,0,0,1,0.1591598530079733,0,0.0001,0,0,1,0,0,0,0,0,0,0
1891,3000,0,0,1,0.1694918519097789,0,0.0001,0,0,1,0,0,0,0,0,0,0
1892,3000,0,0,1,0.24318957518686163,0,0.0001,0,0,1,0,0,0,0,0,0,0
1893,3000,0,0,1,0.023962961871064503,0,0.0001,0,0,1,0,0,0,0,0,0,0
1894,3000,0,0,1,-0.035098975707213986,0,0.0001,0,0,1,0,0,0,0,0,0,0
1895,3000,0,0,1,-0.025989915021179644,0,0.0001,0,0,1,0,0,0,0,0,0,0
1896,3000,0,0,1,-0.15532869799764204,0,0.0001,0,0,1,0,0,0,0,0,0,0
1897,3000,0,0,1,-0.08854525878242958,0,0.0001,0,0,1,0,0,0,0,0,0,0
1898,3000,0,0,1,0.14386002826499977,0,0.0001,0,0,1,0,0,0,0,0,0,0
1899,3000,0,0,1,-0.1559202267607145,0,0.0001,0,0,1,0,0,0,0,0,0,0
1900,3000,0,0,1,-0.2349865129773413,0,0.0001,0,0,1,0,0,0,0,0,0,0
1901,3000,0,0,1,0.2496302114730235,0,0.0001,0,0,1,0,0,0,0,0,0,0
1902,3000,0,0,1,-0.1389357148451903,0,0.0001,0,0,1,0,0,0,0,0,0,0
1903,3000,0,0,1,-0.0685775047938263,0,0.0001,0,0,1,0,0,0,0,0,0,0
1904,3000,0,0,1,0.052815335626164195,0,0.0001,0,0,1,0,0,0,0,0,0,0
1905,3000,0,0,1,-0.1487410612658121,0,0.0001,0,0,1,0,0,0,0,0,0,0
1906,3000,0,0,1,-0.1995159472683719,0,0.0001,0,0,1,0,0,0,0,0,0,0
1907,3000,0,0,1,-0.18222989426895175,0,0.0001,0,0,1,0,0,0,0,0,0,0
1908,3000,0,0,1,-0.046728062573237805,0,0.0001,0,0,1,0,0,0,0,0,0,0
1909,3000,0,0,1,0.13210722885532994,0,0.0001,0,0,1,0,0,0,0,0,0,0
1910,3000,0,0,1,-0.07422031273366336,0,0.0001,0,0,1,0,0,0,0,0,0,0
1911,3000,0,0,1,-0.12064479338103273,0,0.0001,0,0,1,0,0,0,0,0,0,0
1912,3000,0,0,1,-0.1478767771480003,0,0.0001,0,0,1,0,0,0,0,0,0,0
1913,3000,0,0,1,0.09642388573761329,0,0.0001,0,0,1,0,0,0,0,0,0,0
1914,3000,0,0,1,-0.13823243352301628,0,0.0001,0,0,1,0,0,0,0,0,0,0
1915,3000,0,0,1,-0.15006979592289033,0,0.0001,0,0,1,0,0,0,0,0,0,0
1916,3000,0,0,1,0.14875171673791276,0,0.0001,0,0,1,0,0,0,0,0,0,0
1917,3000,0,0,1,0.2000928528039314,0,0.0001,0,0,1,0,0,0,0,0,0,0
1918,3000,0,0,1,-0.11800294616420626,0,0.0001,0,0,1,0,0,0,0,0,0,0
1919,3000,0,0,1,0.009541672850792882,0,0.0001,0,0,1,0,0,0,0,0,0,0
1920,3000,0,0,1,-0.18857435496963726,0,0.0001,0,0,1,0,0,0,0,0,0,0
1921,3000,0,0,1,0.20783923878079497,0,0.0001,0,0,1,0,0,0,0,0,0,0
1922,3000,0,0,1,-0.09867811325557141,0,0.0001,0,0,1,0,0,0,0,0,0,0
1923,3000,0,0,1,0.17522273407667782,0,0.0001,0,0,1,0,0,0,0,0,0,0
1924,3000,0,0,1,-0.13833461382009038,0,0.0001,0,0,1,0,0,0,0,0,0,0
1925,3000,0,0,1,0.12466630669712764,0,0.0001,0,0,1,0,0,0,0,0,0,0
1926,3000,0,0,1,0.052334027824873175,0,0.0001,0,0,1,0,0,0,0,0,0,0
1927,3000,0,0,1,-0.03429628596348777,0,0.0001,0,0,1,0,0,0,0,0,0,0
1928,3000,0,0,1,0.12321893237449272,0,0.0001,0,0,1,0,0,0,0,0,0,0
1929,3000,0,0,1,-0.24164849577807562,0,0.0001,0,0,1,0,0,0,0,0,0,0
1930,3000,0,0,1,-0.11639189583565906,0,0.0001,0,0,1,0,0,0,0,0,0,0
1931,3000,0,0,1,-0.08066730816277651,0,0.0001,0,0,1,0,0,0,0,0,0,0
1932,3000,0,0,1,0.01777348442455473,0,0.0001,0,0,1,0,0,0,0,0,0,0
1933,3000,0,0,1,-0.0018222756882795843,0,0.0001,0,0,1,0,0,0,0,0,0,0
1934,3000,0,0,1,0.0912529602898462,0,0.0001,0,0,1,0,0,0,0,0,0,0
1935,3000,0,0,1,0.18582558969677676,0,0.0001,0,0,1,0,0,0,0,0,0,0
1936,3000,0,0,1,0.14248220301243553,0,0.0001,0,0,1,0,0,0,0,0,0,0
1937,3000,0,0,1,0.08097138654542596,0,0.0001,0,0,1,0,0,0,0,0,0,0
1938,3000,0,0,1,-0.009226926225786691,0,0.0001,0,0,1,0,0,0,0,0,0,0
1939,3000,0,0,1,0.10936126164458926,0,0.0001,0,0,1,0,0,0,0,0,0,0
1940,3000,0,0,1,-0.18696338045516359,0,0.0001,0,0,1,0,0,0,0,0,0,0
1941,3000,0,0,1,-0.029971300532688094,0,0.0001,0,0,1,0,0,0,0,0,0,0
1942,3000,0,0,1,0.13085443669156377,0,0.0001,0,0,1,0,0,0,0,0,0,0
1943,3000,0,0,1,-0.2043137176997203,0,0.0001,0,0,1,0,0,0,0,0,0,0
1944,3000,0,0,1,-0.16281923497626732,0,0.0001,0,0,1,0,0,0,0,0,0,0
1945,3000,0,0,1,0.20299827786433633,0,0.0001,0,0,1,0,0,0,0,0,0,0
1946,3000,0,0,1,0.12848004664112184,0,0.0001,0,0,1,0,0,0,0,0,0,0
1947,3000,0,0,1,0.03935291819670611,0,0.0001,0,0,1,0,0,0,0,0,0,0
1948,3000,0,0,1,-0.08912317354440535,0,0.0001,0,0,1,0,0,0,0,0,0,0
1949,3000,0,0,1,-0.17952396597815834,0,0.0001,0,0,1,0,0,0,0,0,0,0
1950,3000,0,0,1,-0.1579112062302951,0,0.0001,0,0,1,0,0,0,0,0,0,0
1951,3000,0,0,1,0.23359941907002207,0,0.0001,0,0,1,0,0,0,0,0,0,0
1952,3000,0,0,1,0.24573438492200306,0,0.0001,0,0,1,0,0,0,0,0,0,0
1953,3000,0,0,1,-0.15793072068277964,0,0.0001,0,0,1,0,0,0,0,0,0,0
1954,3000,0,0,1,-0.15448812278621188,0,0.0001,0,0,1,0,0,0,0,0,0,0
1955,3000,0,0,1,-0.23522397137774526,0,0.0001,0,0,1,0,0,0,0,0,0,0
1956,3000,0,0,1,-0.24972380353327966,0,0.0001,0,0,1,0,0,0,0,0,0,0
1957,3000,0,0,1,-0.07042616457440609,0,0.0001,0,0,1,0,0,0,0,0,0,0
1958,3000,0,0,1,-0.20328648826003937,0,0.0001,0,0,1,0,0,0,0,0,0,0
1959,3000,0,0,1,-0.1243904705917307,0,0.0001,0,0,1,0,0,0,0,0,0,0
1960,3000,0,0,1,0.05718111958865274,0,0.0001,0,0,1,0,0,0,0,0,0,0
1961,3000,0,0,1,0.20130092259753873,0,0.0001,0,0,1,0,0,0,0,0,0,0
1962,3000,0,0,1,-0.15586666939387916,0,0.0001,0,0,1,0,0,0,0,0,0,0
1963,3000,0,0,1,0.09415313648517287,0,0.0001,0,0,1,0,0,0,0,0,0,0
1964,3000,0,0,1,-0.18385457431581753,0,0.0001,0,0,1,0,0,0,0,0,0,0
1965,3000,0,0,1,0.2484232420210366,0,0.0001,0,0,1,0,0,0,0,0,0,0
1966,3000,0,0,1,-0.06364912230045738,0,0.0001,0,0,1,0,0,0,0,0,0,0
1967,3000,0,0,1,0.1873360832908999,0,0.0001,0,0,1,0,0,0,0,0,0,0
1968,3000,0,0,1,0.20801135297265522,0,0.0001,0,0,1,0,0,0,0,0,0,0
1969,3000,0,0,1,-0.061731786739306405,0,0.0001,0,0,1,0,0,0,0,0,0,0
1970,3000,0,0,1,0.22378033751246373,0,0.0001,0,0,1,0,0,0,0,0,0,0
1971,3000,0,0,1,0.11704301504359321,0,0.0001,0,0,1,0,0,0,0,0,0,0
1972,3000,0,0,1,0.15815784207326294,0,0.0001,0,0,1,0,0,0,0,0,0,0
1973,3000,0,0,1,0.12013800525355262,0,0.0001,0,0,1,0,0,0,0,0,0,0
1974,3000,0,0,1,0.17508090408621835,0,0.0001,0,0,1,0,0,0,0,0,0,0
1975,3000,0,0,1,-0.1357110431613559,0,0.0001,0,0,1,0,0,0,0,0,0,0
1976,3000,0,0,1,-0.07028303696512689,0,0.0001,0,0,1,0,0,0,0,0,0,0
1977,3000,0,0,1,-0.08088997049372842,0,0.0001,0,0,1,0,0,0,0,0,0,0
1978,3000,0,0,1,0.18029571091439806,0,0.0001,0,0,1,0,0,0,0,0,0,0
1979,3000,0,0,1,-0.08351310678779078,0,0.0001,0,0,1,0,0,0,0,0,0,0
1980,3000,0,0,1,-0.07206246268253241,0,0.0001,0,0,1,0,0,0,0,0,0,0
1981,3000,0,0,1,0.21777932039809317,0,0.0001,0,0,1,0,0,0,0,0,0,0
1982,3000,0,0,1,-0.16185471067680068,0,0.0001,0,0,1,0,0,0,0,0,0,0
1983,3000,0,0,1,-0.10352124016560793,0,0.0001,0,0,1,0,0,0,0,0,0,0
1984,3000,0,0,1,-0.2297005016844978,0,0.0001,0,0,1,0,0,0,0,0,0,0
1985,3000,0,0,1,-0.08724475377603386,0,0.0001,0,0,1,0,0,0,0,0,0,0
1986,3000,0,0,1,-0.18826194382495115,0,0.0001,0,0,1,0,0,0,0,0,0,0
1987,3000,0,0,1,-0.033684774223644076,0,0.0001,0,0,1,0,0,0,0,0,0,0
1988,3000,0,0,1,-0.17054930893171594,0,0.0001,0,0,1,0,0,0,0,0,0,0
1989,3000,0,0,1,0.007507701052634819,0,0.0001,0,0,1,0,0,0,0,0,0,0
1990,3000,0,0,1,-0.07144826211912025,0,0.0001,0,0,1,0,0,0,0,0,0,0
1991,3000,0,0,1,-0.08884249225721963,0,0.0001,0,0,1,0,0,0,0,0,0,0
1992,3000,0,0,1,0.0379049920707169,0,0.0001,0,0,1,0,0,0,0,0,0,0
1993,3000,0,0,1,0.17388639736200678,0,0.0001,0,0,1,0,0,0,0,0,0,0
1994,3000,0,0,1,0.20790025417832353,0,0.0001,0,0,1,0,0,0,0,0,0,0
1995,3000,0,0,1,0.21155320082356066,0,0.0001,0,0,1,0,0,0,0,0,0,0
1996,3000,0,0,1,0.22181537451254346,0,0.0001,0,0,1,0,0,0,0,0,0,0
1997,3000,0,0,1,-0.060755238196031236,0,0.0001,0,0,1,0,0,0,0,0,0,0
1998,3000,0,0,1,-0.1764793991296329,0,0.0001,0,0,1,0,0,0,0,0,0,0
1999,3000,0,0,1,-0.24844391602111554,0,0.0001,0,0,1,0,0,0,0,0,0,0
2000,3000,0,0,1,-0.012942488910884231,0,0.0001,0,0,1,0,0,0,0,0,0,0
