
s:Tf/Scatterer1/L0/Function = "Step" # SpotID
s:Tf/Scatterer1/L1/Function = "Step" # Norminal E
s:Tf/Scatterer1/L2/Function = "Step" # E
s:Tf/Scatterer1/L3/Function = "Step" # Esigma
s:Tf/Scatterer1/L4/Function = "Step" # history
s:Tf/Scatterer1/L5/Function = "Step" # SourceX
s:Tf/Scatterer1/L6/Function = "Step" # SourceY
s:Tf/Scatterer1/L7/Function = "Step" # SourceRotX
s:Tf/Scatterer1/L8/Function = "Step" # SourceRotY
s:Tf/Scatterer1/L9/Function = "Step" # SigmaX
s:Tf/Scatterer1/L10/Function = "Step" # SigmaXprime
s:Tf/Scatterer1/L11/Function = "Step" # CorrelationX 
s:Tf/Scatterer1/L12/Function = "Step" # SigmaY
s:Tf/Scatterer1/L13/Function = "Step" # SigmaYprime
s:Tf/Scatterer1/L14/Function = "Step" # CorrelationY 

dv:Tf/Scatterer1/L1/Times   = Tf/Scatterer1/L0/Times ms
dv:Tf/Scatterer1/L2/Times   = Tf/Scatterer1/L0/Times ms
dv:Tf/Scatterer1/L3/Times   = Tf/Scatterer1/L0/Times ms
dv:Tf/Scatterer1/L4/Times   = Tf/Scatterer1/L0/Times ms
dv:Tf/Scatterer1/L5/Times   = Tf/Scatterer1/L0/Times ms
dv:Tf/Scatterer1/L6/Times   = Tf/Scatterer1/L0/Times ms
dv:Tf/Scatterer1/L7/Times   = Tf/Scatterer1/L0/Times ms
dv:Tf/Scatterer1/L8/Times   = Tf/Scatterer1/L0/Times ms
dv:Tf/Scatterer1/L9/Times   = Tf/Scatterer1/L0/Times ms
dv:Tf/Scatterer1/L10/Times   = Tf/Scatterer1/L0/Times ms
dv:Tf/Scatterer1/L11/Times   = Tf/Scatterer1/L0/Times ms
dv:Tf/Scatterer1/L12/Times   = Tf/Scatterer1/L0/Times ms
dv:Tf/Scatterer1/L13/Times   = Tf/Scatterer1/L0/Times ms
dv:Tf/Scatterer1/L14/Times   = Tf/Scatterer1/L0/Times ms


dv:Tf/Scatterer1/L0/Times   = 	961	1	2	3	4	5	6	7	8	9	10	11	12	13	14	15	16	17	18	19	20	21	22	23	24	25	26	27	28	29	30	31	32	33	34	35	36	37	38	39	40	41	42	43	44	45	46	47	48	49	50	51	52	53	54	55	56	57	58	59	60	61	62	63	64	65	66	67	68	69	70	71	72	73	74	75	76	77	78	79	80	81	82	83	84	85	86	87	88	89	90	91	92	93	94	95	96	97	98	99	100	101	102	103	104	105	106	107	108	109	110	111	112	113	114	115	116	117	118	119	120	121	122	123	124	125	126	127	128	129	130	131	132	133	134	135	136	137	138	139	140	141	142	143	144	145	146	147	148	149	150	151	152	153	154	155	156	157	158	159	160	161	162	163	164	165	166	167	168	169	170	171	172	173	174	175	176	177	178	179	180	181	182	183	184	185	186	187	188	189	190	191	192	193	194	195	196	197	198	199	200	201	202	203	204	205	206	207	208	209	210	211	212	213	214	215	216	217	218	219	220	221	222	223	224	225	226	227	228	229	230	231	232	233	234	235	236	237	238	239	240	241	242	243	244	245	246	247	248	249	250	251	252	253	254	255	256	257	258	259	260	261	262	263	264	265	266	267	268	269	270	271	272	273	274	275	276	277	278	279	280	281	282	283	284	285	286	287	288	289	290	291	292	293	294	295	296	297	298	299	300	301	302	303	304	305	306	307	308	309	310	311	312	313	314	315	316	317	318	319	320	321	322	323	324	325	326	327	328	329	330	331	332	333	334	335	336	337	338	339	340	341	342	343	344	345	346	347	348	349	350	351	352	353	354	355	356	357	358	359	360	361	362	363	364	365	366	367	368	369	370	371	372	373	374	375	376	377	378	379	380	381	382	383	384	385	386	387	388	389	390	391	392	393	394	395	396	397	398	399	400	401	402	403	404	405	406	407	408	409	410	411	412	413	414	415	416	417	418	419	420	421	422	423	424	425	426	427	428	429	430	431	432	433	434	435	436	437	438	439	440	441	442	443	444	445	446	447	448	449	450	451	452	453	454	455	456	457	458	459	460	461	462	463	464	465	466	467	468	469	470	471	472	473	474	475	476	477	478	479	480	481	482	483	484	485	486	487	488	489	490	491	492	493	494	495	496	497	498	499	500	1	2	3	4	5	6	7	8	9	10	11	12	13	14	15	16	17	18	19	20	21	22	23	24	25	26	27	28	29	30	31	32	33	34	35	36	37	38	39	40	41	42	43	44	45	46	47	48	49	50	51	52	53	54	55	56	57	58	59	60	61	62	63	64	65	66	67	68	69	70	71	72	73	74	75	76	77	78	79	80	81	82	83	84	85	86	87	88	89	90	91	92	93	94	95	96	97	98	99	100	101	102	103	104	105	106	107	108	109	110	111	112	113	114	115	116	117	118	119	120	121	122	123	124	125	126	127	128	129	130	131	132	133	134	135	136	137	138	139	140	141	142	143	144	145	146	147	148	149	150	151	152	153	154	155	156	157	158	159	160	161	162	163	164	165	166	167	168	169	170	171	172	173	174	175	176	177	178	179	180	181	182	183	184	185	186	187	188	189	190	191	192	193	194	195	196	197	198	199	200	201	202	203	204	205	206	207	208	209	210	211	212	213	214	215	216	217	218	219	220	221	222	223	224	225	226	227	228	229	230	231	232	233	234	235	236	237	238	239	240	241	242	243	244	245	246	247	248	249	250	251	252	253	254	255	256	257	258	259	260	261	262	263	264	265	266	267	268	269	270	271	272	273	274	275	276	277	278	279	280	281	282	283	284	285	286	287	288	289	290	291	292	293	294	295	296	297	298	299	300	301	302	303	304	305	306	307	308	309	310	311	312	313	314	315	316	317	318	319	320	321	322	323	324	325	326	327	328	329	330	331	332	333	334	335	336	337	338	339	340	341	342	343	344	345	346	347	348	349	350	351	352	353	354	355	356	357	358	359	360	361	362	363	364	365	366	367	368	369	370	371	372	373	374	375	376	377	378	379	380	381	382	383	384	385	386	387	388	389	390	391	392	393	394	395	396	397	398	399	400	401	402	403	404	405	406	407	408	409	410	411	412	413	414	415	416	417	418	419	420	421	422	423	424	425	426	427	428	429	430	431	432	433	434	435	436	437	438	439	440	441	442	443	444	445	446	447	448	449	450	451	452	453	454	455	456	457	458	459	460	461	ms
iv:Tf/Scatterer1/L0/Values  =	961	1	2	3	4	5	6	7	8	9	10	11	12	13	14	15	16	17	18	19	20	21	22	23	24	25	26	27	28	29	30	31	32	33	34	35	36	37	38	39	40	41	42	43	44	45	46	47	48	49	50	51	52	53	54	55	56	57	58	59	60	61	62	63	64	65	66	67	68	69	70	71	72	73	74	75	76	77	78	79	80	81	82	83	84	85	86	87	88	89	90	91	92	93	94	95	96	97	98	99	100	101	102	103	104	105	106	107	108	109	110	111	112	113	114	115	116	117	118	119	120	121	122	123	124	125	126	127	128	129	130	131	132	133	134	135	136	137	138	139	140	141	142	143	144	145	146	147	148	149	150	151	152	153	154	155	156	157	158	159	160	161	162	163	164	165	166	167	168	169	170	171	172	173	174	175	176	177	178	179	180	181	182	183	184	185	186	187	188	189	190	191	192	193	194	195	196	197	198	199	200	201	202	203	204	205	206	207	208	209	210	211	212	213	214	215	216	217	218	219	220	221	222	223	224	225	226	227	228	229	230	231	232	233	234	235	236	237	238	239	240	241	242	243	244	245	246	247	248	249	250	251	252	253	254	255	256	257	258	259	260	261	262	263	264	265	266	267	268	269	270	271	272	273	274	275	276	277	278	279	280	281	282	283	284	285	286	287	288	289	290	291	292	293	294	295	296	297	298	299	300	301	302	303	304	305	306	307	308	309	310	311	312	313	314	315	316	317	318	319	320	321	322	323	324	325	326	327	328	329	330	331	332	333	334	335	336	337	338	339	340	341	342	343	344	345	346	347	348	349	350	351	352	353	354	355	356	357	358	359	360	361	362	363	364	365	366	367	368	369	370	371	372	373	374	375	376	377	378	379	380	381	382	383	384	385	386	387	388	389	390	391	392	393	394	395	396	397	398	399	400	401	402	403	404	405	406	407	408	409	410	411	412	413	414	415	416	417	418	419	420	421	422	423	424	425	426	427	428	429	430	431	432	433	434	435	436	437	438	439	440	441	442	443	444	445	446	447	448	449	450	451	452	453	454	455	456	457	458	459	460	461	462	463	464	465	466	467	468	469	470	471	472	473	474	475	476	477	478	479	480	481	482	483	484	485	486	487	488	489	490	491	492	493	494	495	496	497	498	499	500	1	2	3	4	5	6	7	8	9	10	11	12	13	14	15	16	17	18	19	20	21	22	23	24	25	26	27	28	29	30	31	32	33	34	35	36	37	38	39	40	41	42	43	44	45	46	47	48	49	50	51	52	53	54	55	56	57	58	59	60	61	62	63	64	65	66	67	68	69	70	71	72	73	74	75	76	77	78	79	80	81	82	83	84	85	86	87	88	89	90	91	92	93	94	95	96	97	98	99	100	101	102	103	104	105	106	107	108	109	110	111	112	113	114	115	116	117	118	119	120	121	122	123	124	125	126	127	128	129	130	131	132	133	134	135	136	137	138	139	140	141	142	143	144	145	146	147	148	149	150	151	152	153	154	155	156	157	158	159	160	161	162	163	164	165	166	167	168	169	170	171	172	173	174	175	176	177	178	179	180	181	182	183	184	185	186	187	188	189	190	191	192	193	194	195	196	197	198	199	200	201	202	203	204	205	206	207	208	209	210	211	212	213	214	215	216	217	218	219	220	221	222	223	224	225	226	227	228	229	230	231	232	233	234	235	236	237	238	239	240	241	242	243	244	245	246	247	248	249	250	251	252	253	254	255	256	257	258	259	260	261	262	263	264	265	266	267	268	269	270	271	272	273	274	275	276	277	278	279	280	281	282	283	284	285	286	287	288	289	290	291	292	293	294	295	296	297	298	299	300	301	302	303	304	305	306	307	308	309	310	311	312	313	314	315	316	317	318	319	320	321	322	323	324	325	326	327	328	329	330	331	332	333	334	335	336	337	338	339	340	341	342	343	344	345	346	347	348	349	350	351	352	353	354	355	356	357	358	359	360	361	362	363	364	365	366	367	368	369	370	371	372	373	374	375	376	377	378	379	380	381	382	383	384	385	386	387	388	389	390	391	392	393	394	395	396	397	398	399	400	401	402	403	404	405	406	407	408	409	410	411	412	413	414	415	416	417	418	419	420	421	422	423	424	425	426	427	428	429	430	431	432	433	434	435	436	437	438	439	440	441	442	443	444	445	446	447	448	449	450	451	452	453	454	455	456	457	458	459	460	461
dv:Tf/Scatterer1/L1/Values  = 	961	2150	2150	2150	2150	2150	2150	2150	2150	2150	2150	2150	2150	2150	2150	2150	2150	2150	2150	2150	2150	2150	2150	2150	2150	2150	2150	2150	2150	2150	2150	2150	2150	2150	2150	2150	2150	2150	2150	2150	2150	2150	2150	2150	2150	2150	2150	2150	2150	2150	2150	2150	2150	2150	2150	2150	2150	2150	2150	2150	2150	2150	2150	2150	2150	2150	2150	2150	2150	2150	2150	2150	2150	2150	2150	2150	2150	2150	2150	2150	2150	2150	2150	2150	2150	2150	2150	2150	2150	2150	2150	2150	2150	2150	2150	2150	2150	2150	2150	2150	2150	2150	2150	2150	2150	2150	2150	2150	2150	2150	2150	2150	2150	2150	2150	2150	2150	2150	2150	2150	2150	2150	2150	2150	2150	2150	2150	2150	2150	2150	2150	2150	2150	2150	2150	2150	2150	2150	2150	2150	2150	2150	2150	2150	2150	2150	2150	2150	2150	2150	2150	2150	2150	2150	2150	2150	2150	2150	2150	2150	2150	2150	2150	2150	2150	2150	2150	2150	2150	2150	2150	2150	2150	2150	2150	2150	2150	2150	2150	2150	2150	2150	2150	2150	2150	2150	2150	2150	2150	2150	2150	2150	2150	2150	2150	2150	2150	2150	2150	2150	2150	2150	2150	2150	2150	2150	2150	2150	2150	2150	2150	2150	2150	2150	2150	2150	2150	2150	2150	2150	2150	2150	2150	2150	2150	2150	2150	2150	2150	2150	2150	2150	2150	2150	2150	2150	2150	2150	2150	2150	2150	2150	2150	2150	2150	2150	2150	2150	2150	2150	2150	2150	2150	2150	2150	2150	2150	2150	2150	2150	2150	2150	2150	2150	2150	2150	2150	2150	2150	2150	2150	2150	2150	2150	2150	2150	2150	2150	2150	2150	2150	2150	2150	2150	2150	2150	2150	2150	2150	2150	2150	2150	2150	2150	2150	2150	2150	2150	2150	2150	2150	2150	2150	2150	2150	2150	2150	2150	2150	2150	2150	2150	2150	2150	2150	2150	2150	2150	2150	2150	2150	2150	2150	2150	2150	2150	2150	2150	2150	2150	2150	2150	2150	2150	2150	2150	2150	2150	2150	2150	2150	2150	2150	2150	2150	2150	2150	2150	2150	2150	2150	2150	2150	2150	2150	2150	2150	2150	2150	2150	2150	2150	2150	2150	2150	2150	2150	2150	2150	2150	2150	2150	2150	2150	2150	2150	2150	2150	2150	2150	2150	2150	2150	2150	2150	2150	2150	2150	2150	2150	2150	2150	2150	2150	2150	2150	2150	2150	2150	2150	2150	2150	2150	2150	2150	2150	2150	2150	2150	2150	2150	2150	2150	2150	2150	2150	2150	2150	2150	2150	2150	2150	2150	2150	2150	2150	2150	2150	2150	2150	2150	2150	2150	2150	2150	2150	2150	2150	2150	2150	2150	2150	2150	2150	2150	2150	2150	2150	2150	2150	2150	2150	2150	2150	2150	2150	2150	2150	2150	2150	2150	2150	2150	2150	2150	2150	2150	2150	2150	2150	2150	2150	2150	2150	2150	2150	2150	2150	2150	2150	2150	2150	2150	2150	2150	2150	2150	2150	2150	2150	2150	2150	2150	2150	2150	2150	2150	2150	2150	2150	2150	2150	2150	2150	2150	2150	2150	2150	2150	2150	2150	2150	2150	2150	2150	2150	2150	2150	2150	2150	2150	2150	2150	2150	2150	2150	2150	2150	2150	2150	2150	2150	2150	2150	2150	2150	2150	2150	2150	2150	2150	2150	2150	2150	2150	2150	2150	2150	2150	2150	2150	2150	2150	2150	2150	2150	2150	2150	2150	2150	2150	2150	2150	2150	2150	2150	2150	2150	2150	2150	2150	2150	2150	2150	2150	2150	2150	2150	2150	2150	2150	2150	2150	2150	2150	2150	2150	2150	2150	2150	2150	2150	2150	2150	2150	2150	2150	2150	2150	2150	2150	2150	2150	2150	2150	2150	2150	2150	2150	2150	2150	2150	2150	2150	2150	2150	2150	2150	2150	2150	2150	2150	2150	2150	2150	2150	2150	2150	2150	2150	2150	2150	2150	2150	2150	2150	2150	2150	2150	2150	2150	2150	2150	2150	2150	2150	2150	2150	2150	2150	2150	2150	2150	2150	2150	2150	2150	2150	2150	2150	2150	2150	2150	2150	2150	2150	2150	2150	2150	2150	2150	2150	2150	2150	2150	2150	2150	2150	2150	2150	2150	2150	2150	2150	2150	2150	2150	2150	2150	2150	2150	2150	2150	2150	2150	2150	2150	2150	2150	2150	2150	2150	2150	2150	2150	2150	2150	2150	2150	2150	2150	2150	2150	2150	2150	2150	2150	2150	2150	2150	2150	2150	2150	2150	2150	2150	2150	2150	2150	2150	2150	2150	2150	2150	2150	2150	2150	2150	2150	2150	2150	2150	2150	2150	2150	2150	2150	2150	2150	2150	2150	2150	2150	2150	2150	2150	2150	2150	2150	2150	2150	2150	2150	2150	2150	2150	2150	2150	2150	2150	2150	2150	2150	2150	2150	2150	2150	2150	2150	2150	2150	2150	2150	2150	2150	2150	2150	2150	2150	2150	2150	2150	2150	2150	2150	2150	2150	2150	2150	2150	2150	2150	2150	2150	2150	2150	2150	2150	2150	2150	2150	2150	2150	2150	2150	2150	2150	2150	2150	2150	2150	2150	2150	2150	2150	2150	2150	2150	2150	2150	2150	2150	2150	2150	2150	2150	2150	2150	2150	2150	2150	2150	2150	2150	2150	2150	2150	2150	2150	2150	2150	2150	2150	2150	2150	2150	2150	2150	2150	2150	2150	2150	2150	2150	2150	2150	2150	2150	2150	2150	2150	2150	2150	2150	2150	2150	2150	2150	2150	2150	2150	2150	2150	2150	2150	2150	2150	2150	2150	2150	2150	2150	2150	2150	2150	2150	2150	2150	2150	2150	2150	2150	2150	2150	2150	2150	2150	2150	2150	2150	2150	2150	2150	2150	2150	2150	2150	2150	2150	2150	2150	2150	2150	2150	2150	2150	2150	2150	2150	2150	2150	2150	2150	2150	2150	2150	2150	2150	2150	2150	2150	2150	2150	2150	2150	2150	2150	2150	2150	2150	2150	2150	2150	2150	2150	2150	2150	2150	2150	2150	2150	2150	MeV
dv:Tf/Scatterer1/L2/Values  = 	961	2150	2150	2150	2150	2150	2150	2150	2150	2150	2150	2150	2150	2150	2150	2150	2150	2150	2150	2150	2150	2150	2150	2150	2150	2150	2150	2150	2150	2150	2150	2150	2150	2150	2150	2150	2150	2150	2150	2150	2150	2150	2150	2150	2150	2150	2150	2150	2150	2150	2150	2150	2150	2150	2150	2150	2150	2150	2150	2150	2150	2150	2150	2150	2150	2150	2150	2150	2150	2150	2150	2150	2150	2150	2150	2150	2150	2150	2150	2150	2150	2150	2150	2150	2150	2150	2150	2150	2150	2150	2150	2150	2150	2150	2150	2150	2150	2150	2150	2150	2150	2150	2150	2150	2150	2150	2150	2150	2150	2150	2150	2150	2150	2150	2150	2150	2150	2150	2150	2150	2150	2150	2150	2150	2150	2150	2150	2150	2150	2150	2150	2150	2150	2150	2150	2150	2150	2150	2150	2150	2150	2150	2150	2150	2150	2150	2150	2150	2150	2150	2150	2150	2150	2150	2150	2150	2150	2150	2150	2150	2150	2150	2150	2150	2150	2150	2150	2150	2150	2150	2150	2150	2150	2150	2150	2150	2150	2150	2150	2150	2150	2150	2150	2150	2150	2150	2150	2150	2150	2150	2150	2150	2150	2150	2150	2150	2150	2150	2150	2150	2150	2150	2150	2150	2150	2150	2150	2150	2150	2150	2150	2150	2150	2150	2150	2150	2150	2150	2150	2150	2150	2150	2150	2150	2150	2150	2150	2150	2150	2150	2150	2150	2150	2150	2150	2150	2150	2150	2150	2150	2150	2150	2150	2150	2150	2150	2150	2150	2150	2150	2150	2150	2150	2150	2150	2150	2150	2150	2150	2150	2150	2150	2150	2150	2150	2150	2150	2150	2150	2150	2150	2150	2150	2150	2150	2150	2150	2150	2150	2150	2150	2150	2150	2150	2150	2150	2150	2150	2150	2150	2150	2150	2150	2150	2150	2150	2150	2150	2150	2150	2150	2150	2150	2150	2150	2150	2150	2150	2150	2150	2150	2150	2150	2150	2150	2150	2150	2150	2150	2150	2150	2150	2150	2150	2150	2150	2150	2150	2150	2150	2150	2150	2150	2150	2150	2150	2150	2150	2150	2150	2150	2150	2150	2150	2150	2150	2150	2150	2150	2150	2150	2150	2150	2150	2150	2150	2150	2150	2150	2150	2150	2150	2150	2150	2150	2150	2150	2150	2150	2150	2150	2150	2150	2150	2150	2150	2150	2150	2150	2150	2150	2150	2150	2150	2150	2150	2150	2150	2150	2150	2150	2150	2150	2150	2150	2150	2150	2150	2150	2150	2150	2150	2150	2150	2150	2150	2150	2150	2150	2150	2150	2150	2150	2150	2150	2150	2150	2150	2150	2150	2150	2150	2150	2150	2150	2150	2150	2150	2150	2150	2150	2150	2150	2150	2150	2150	2150	2150	2150	2150	2150	2150	2150	2150	2150	2150	2150	2150	2150	2150	2150	2150	2150	2150	2150	2150	2150	2150	2150	2150	2150	2150	2150	2150	2150	2150	2150	2150	2150	2150	2150	2150	2150	2150	2150	2150	2150	2150	2150	2150	2150	2150	2150	2150	2150	2150	2150	2150	2150	2150	2150	2150	2150	2150	2150	2150	2150	2150	2150	2150	2150	2150	2150	2150	2150	2150	2150	2150	2150	2150	2150	2150	2150	2150	2150	2150	2150	2150	2150	2150	2150	2150	2150	2150	2150	2150	2150	2150	2150	2150	2150	2150	2150	2150	2150	2150	2150	2150	2150	2150	2150	2150	2150	2150	2150	2150	2150	2150	2150	2150	2150	2150	2150	2150	2150	2150	2150	2150	2150	2150	2150	2150	2150	2150	2150	2150	2150	2150	2150	2150	2150	2150	2150	2150	2150	2150	2150	2150	2150	2150	2150	2150	2150	2150	2150	2150	2150	2150	2150	2150	2150	2150	2150	2150	2150	2150	2150	2150	2150	2150	2150	2150	2150	2150	2150	2150	2150	2150	2150	2150	2150	2150	2150	2150	2150	2150	2150	2150	2150	2150	2150	2150	2150	2150	2150	2150	2150	2150	2150	2150	2150	2150	2150	2150	2150	2150	2150	2150	2150	2150	2150	2150	2150	2150	2150	2150	2150	2150	2150	2150	2150	2150	2150	2150	2150	2150	2150	2150	2150	2150	2150	2150	2150	2150	2150	2150	2150	2150	2150	2150	2150	2150	2150	2150	2150	2150	2150	2150	2150	2150	2150	2150	2150	2150	2150	2150	2150	2150	2150	2150	2150	2150	2150	2150	2150	2150	2150	2150	2150	2150	2150	2150	2150	2150	2150	2150	2150	2150	2150	2150	2150	2150	2150	2150	2150	2150	2150	2150	2150	2150	2150	2150	2150	2150	2150	2150	2150	2150	2150	2150	2150	2150	2150	2150	2150	2150	2150	2150	2150	2150	2150	2150	2150	2150	2150	2150	2150	2150	2150	2150	2150	2150	2150	2150	2150	2150	2150	2150	2150	2150	2150	2150	2150	2150	2150	2150	2150	2150	2150	2150	2150	2150	2150	2150	2150	2150	2150	2150	2150	2150	2150	2150	2150	2150	2150	2150	2150	2150	2150	2150	2150	2150	2150	2150	2150	2150	2150	2150	2150	2150	2150	2150	2150	2150	2150	2150	2150	2150	2150	2150	2150	2150	2150	2150	2150	2150	2150	2150	2150	2150	2150	2150	2150	2150	2150	2150	2150	2150	2150	2150	2150	2150	2150	2150	2150	2150	2150	2150	2150	2150	2150	2150	2150	2150	2150	2150	2150	2150	2150	2150	2150	2150	2150	2150	2150	2150	2150	2150	2150	2150	2150	2150	2150	2150	2150	2150	2150	2150	2150	2150	2150	2150	2150	2150	2150	2150	2150	2150	2150	2150	2150	2150	2150	2150	2150	2150	2150	2150	2150	2150	2150	2150	2150	2150	2150	2150	2150	2150	2150	2150	2150	2150	2150	2150	2150	2150	2150	2150	2150	2150	2150	2150	2150	2150	2150	2150	2150	2150	2150	2150	2150	2150	2150	2150	2150	2150	2150	2150	2150	2150	2150	2150	2150	2150	2150	2150	2150	2150	2150	2150	2150	2150	2150	2150	2150	2150	2150	2150	2150	2150	2150	2150	2150	2150	2150	2150	2150	2150	2150	2150	2150	2150	MeV
uv:Tf/Scatterer1/L3/Values  = 	961	1.2	1.2	1.2	1.2	1.2	1.2	1.2	1.2	1.2	1.2	1.2	1.2	1.2	1.2	1.2	1.2	1.2	1.2	1.2	1.2	1.2	1.2	1.2	1.2	1.2	1.2	1.2	1.2	1.2	1.2	1.2	1.2	1.2	1.2	1.2	1.2	1.2	1.2	1.2	1.2	1.2	1.2	1.2	1.2	1.2	1.2	1.2	1.2	1.2	1.2	1.2	1.2	1.2	1.2	1.2	1.2	1.2	1.2	1.2	1.2	1.2	1.2	1.2	1.2	1.2	1.2	1.2	1.2	1.2	1.2	1.2	1.2	1.2	1.2	1.2	1.2	1.2	1.2	1.2	1.2	1.2	1.2	1.2	1.2	1.2	1.2	1.2	1.2	1.2	1.2	1.2	1.2	1.2	1.2	1.2	1.2	1.2	1.2	1.2	1.2	1.2	1.2	1.2	1.2	1.2	1.2	1.2	1.2	1.2	1.2	1.2	1.2	1.2	1.2	1.2	1.2	1.2	1.2	1.2	1.2	1.2	1.2	1.2	1.2	1.2	1.2	1.2	1.2	1.2	1.2	1.2	1.2	1.2	1.2	1.2	1.2	1.2	1.2	1.2	1.2	1.2	1.2	1.2	1.2	1.2	1.2	1.2	1.2	1.2	1.2	1.2	1.2	1.2	1.2	1.2	1.2	1.2	1.2	1.2	1.2	1.2	1.2	1.2	1.2	1.2	1.2	1.2	1.2	1.2	1.2	1.2	1.2	1.2	1.2	1.2	1.2	1.2	1.2	1.2	1.2	1.2	1.2	1.2	1.2	1.2	1.2	1.2	1.2	1.2	1.2	1.2	1.2	1.2	1.2	1.2	1.2	1.2	1.2	1.2	1.2	1.2	1.2	1.2	1.2	1.2	1.2	1.2	1.2	1.2	1.2	1.2	1.2	1.2	1.2	1.2	1.2	1.2	1.2	1.2	1.2	1.2	1.2	1.2	1.2	1.2	1.2	1.2	1.2	1.2	1.2	1.2	1.2	1.2	1.2	1.2	1.2	1.2	1.2	1.2	1.2	1.2	1.2	1.2	1.2	1.2	1.2	1.2	1.2	1.2	1.2	1.2	1.2	1.2	1.2	1.2	1.2	1.2	1.2	1.2	1.2	1.2	1.2	1.2	1.2	1.2	1.2	1.2	1.2	1.2	1.2	1.2	1.2	1.2	1.2	1.2	1.2	1.2	1.2	1.2	1.2	1.2	1.2	1.2	1.2	1.2	1.2	1.2	1.2	1.2	1.2	1.2	1.2	1.2	1.2	1.2	1.2	1.2	1.2	1.2	1.2	1.2	1.2	1.2	1.2	1.2	1.2	1.2	1.2	1.2	1.2	1.2	1.2	1.2	1.2	1.2	1.2	1.2	1.2	1.2	1.2	1.2	1.2	1.2	1.2	1.2	1.2	1.2	1.2	1.2	1.2	1.2	1.2	1.2	1.2	1.2	1.2	1.2	1.2	1.2	1.2	1.2	1.2	1.2	1.2	1.2	1.2	1.2	1.2	1.2	1.2	1.2	1.2	1.2	1.2	1.2	1.2	1.2	1.2	1.2	1.2	1.2	1.2	1.2	1.2	1.2	1.2	1.2	1.2	1.2	1.2	1.2	1.2	1.2	1.2	1.2	1.2	1.2	1.2	1.2	1.2	1.2	1.2	1.2	1.2	1.2	1.2	1.2	1.2	1.2	1.2	1.2	1.2	1.2	1.2	1.2	1.2	1.2	1.2	1.2	1.2	1.2	1.2	1.2	1.2	1.2	1.2	1.2	1.2	1.2	1.2	1.2	1.2	1.2	1.2	1.2	1.2	1.2	1.2	1.2	1.2	1.2	1.2	1.2	1.2	1.2	1.2	1.2	1.2	1.2	1.2	1.2	1.2	1.2	1.2	1.2	1.2	1.2	1.2	1.2	1.2	1.2	1.2	1.2	1.2	1.2	1.2	1.2	1.2	1.2	1.2	1.2	1.2	1.2	1.2	1.2	1.2	1.2	1.2	1.2	1.2	1.2	1.2	1.2	1.2	1.2	1.2	1.2	1.2	1.2	1.2	1.2	1.2	1.2	1.2	1.2	1.2	1.2	1.2	1.2	1.2	1.2	1.2	1.2	1.2	1.2	1.2	1.2	1.2	1.2	1.2	1.2	1.2	1.2	1.2	1.2	1.2	1.2	1.2	1.2	1.2	1.2	1.2	1.2	1.2	1.2	1.2	1.2	1.2	1.2	1.2	1.2	1.2	1.2	1.2	1.2	1.2	1.2	1.2	1.2	1.2	1.2	1.2	1.2	1.2	1.2	1.2	1.2	1.2	1.2	1.2	1.2	1.2	1.2	1.2	1.2	1.2	1.2	1.2	1.2	1.2	1.2	1.2	1.2	1.2	1.2	1.2	1.2	1.2	1.2	1.2	1.2	1.2	1.2	1.2	1.2	1.2	1.2	1.2	1.2	1.2	1.2	1.2	1.2	1.2	1.2	1.2	1.2	1.2	1.2	1.2	1.2	1.2	1.2	1.2	1.2	1.2	1.2	1.2	1.2	1.2	1.2	1.2	1.2	1.2	1.2	1.2	1.2	1.2	1.2	1.2	1.2	1.2	1.2	1.2	1.2	1.2	1.2	1.2	1.2	1.2	1.2	1.2	1.2	1.2	1.2	1.2	1.2	1.2	1.2	1.2	1.2	1.2	1.2	1.2	1.2	1.2	1.2	1.2	1.2	1.2	1.2	1.2	1.2	1.2	1.2	1.2	1.2	1.2	1.2	1.2	1.2	1.2	1.2	1.2	1.2	1.2	1.2	1.2	1.2	1.2	1.2	1.2	1.2	1.2	1.2	1.2	1.2	1.2	1.2	1.2	1.2	1.2	1.2	1.2	1.2	1.2	1.2	1.2	1.2	1.2	1.2	1.2	1.2	1.2	1.2	1.2	1.2	1.2	1.2	1.2	1.2	1.2	1.2	1.2	1.2	1.2	1.2	1.2	1.2	1.2	1.2	1.2	1.2	1.2	1.2	1.2	1.2	1.2	1.2	1.2	1.2	1.2	1.2	1.2	1.2	1.2	1.2	1.2	1.2	1.2	1.2	1.2	1.2	1.2	1.2	1.2	1.2	1.2	1.2	1.2	1.2	1.2	1.2	1.2	1.2	1.2	1.2	1.2	1.2	1.2	1.2	1.2	1.2	1.2	1.2	1.2	1.2	1.2	1.2	1.2	1.2	1.2	1.2	1.2	1.2	1.2	1.2	1.2	1.2	1.2	1.2	1.2	1.2	1.2	1.2	1.2	1.2	1.2	1.2	1.2	1.2	1.2	1.2	1.2	1.2	1.2	1.2	1.2	1.2	1.2	1.2	1.2	1.2	1.2	1.2	1.2	1.2	1.2	1.2	1.2	1.2	1.2	1.2	1.2	1.2	1.2	1.2	1.2	1.2	1.2	1.2	1.2	1.2	1.2	1.2	1.2	1.2	1.2	1.2	1.2	1.2	1.2	1.2	1.2	1.2	1.2	1.2	1.2	1.2	1.2	1.2	1.2	1.2	1.2	1.2	1.2	1.2	1.2	1.2	1.2	1.2	1.2	1.2	1.2	1.2	1.2	1.2	1.2	1.2	1.2	1.2	1.2	1.2	1.2	1.2	1.2	1.2	1.2	1.2	1.2	1.2	1.2	1.2	1.2	1.2	1.2	1.2	1.2	1.2	1.2	1.2	1.2	1.2	1.2	1.2	1.2	1.2	1.2	1.2	1.2	1.2	1.2	1.2	1.2	1.2	1.2	1.2	1.2	1.2	1.2	1.2	1.2	1.2	1.2	1.2	1.2	1.2	1.2	1.2	1.2	1.2	1.2	1.2	1.2	1.2	1.2	1.2	1.2	1.2	1.2	1.2	1.2	1.2	1.2	1.2	1.2	1.2	1.2	1.2	1.2	1.2	1.2	1.2	1.2	1.2	1.2	1.2	1.2	1.2	1.2	1.2	1.2	1.2	1.2	1.2	1.2	1.2	1.2	1.2	1.2	1.2	1.2	1.2	1.2	1.2	1.2	1.2	1.2	1.2	1.2	1.2	1.2	1.2	1.2	1.2	1.2	1.2	1.2	1.2	1.2	1.2	1.2	1.2	1.2	1.2	1.2	1.2	1.2	1.2	1.2	1.2	1.2	1.2	1.2	1.2	1.2	1.2	1.2	1.2	1.2	1.2	1.2	1.2	1.2	1.2	1.2	1.2	1.2	1.2	1.2	1.2
iv:Tf/Scatterer1/L4/Values  = 	961	100000	100000	100000	100000	100000	100000	100000	100000	100000	100000	100000	100000	100000	100000	100000	100000	100000	100000	100000	100000	100000	100000	100000	100000	100000	100000	100000	100000	100000	100000	100000	100000	100000	100000	100000	100000	100000	100000	100000	100000	100000	100000	100000	100000	100000	100000	100000	100000	100000	100000	100000	100000	100000	100000	100000	100000	100000	100000	100000	100000	100000	100000	100000	100000	100000	100000	100000	100000	100000	100000	100000	100000	100000	100000	100000	100000	100000	100000	100000	100000	100000	100000	100000	100000	100000	100000	100000	100000	100000	100000	100000	100000	100000	100000	100000	100000	100000	100000	100000	100000	100000	100000	100000	100000	100000	100000	100000	100000	100000	100000	100000	100000	100000	100000	100000	100000	100000	100000	100000	100000	100000	100000	100000	100000	100000	100000	100000	100000	100000	100000	100000	100000	100000	100000	100000	100000	100000	100000	100000	100000	100000	100000	100000	100000	100000	100000	100000	100000	100000	100000	100000	100000	100000	100000	100000	100000	100000	100000	100000	100000	100000	100000	100000	100000	100000	100000	100000	100000	100000	100000	100000	100000	100000	100000	100000	100000	100000	100000	100000	100000	100000	100000	100000	100000	100000	100000	100000	100000	100000	100000	100000	100000	100000	100000	100000	100000	100000	100000	100000	100000	100000	100000	100000	100000	100000	100000	100000	100000	100000	100000	100000	100000	100000	100000	100000	100000	100000	100000	100000	100000	100000	100000	100000	100000	100000	100000	100000	100000	100000	100000	100000	100000	100000	100000	100000	100000	100000	100000	100000	100000	100000	100000	100000	100000	100000	100000	100000	100000	100000	100000	100000	100000	100000	100000	100000	100000	100000	100000	100000	100000	100000	100000	100000	100000	100000	100000	100000	100000	100000	100000	100000	100000	100000	100000	100000	100000	100000	100000	100000	100000	100000	100000	100000	100000	100000	100000	100000	100000	100000	100000	100000	100000	100000	100000	100000	100000	100000	100000	100000	100000	100000	100000	100000	100000	100000	100000	100000	100000	100000	100000	100000	100000	100000	100000	100000	100000	100000	100000	100000	100000	100000	100000	100000	100000	100000	100000	100000	100000	100000	100000	100000	100000	100000	100000	100000	100000	100000	100000	100000	100000	100000	100000	100000	100000	100000	100000	100000	100000	100000	100000	100000	100000	100000	100000	100000	100000	100000	100000	100000	100000	100000	100000	100000	100000	100000	100000	100000	100000	100000	100000	100000	100000	100000	100000	100000	100000	100000	100000	100000	100000	100000	100000	100000	100000	100000	100000	100000	100000	100000	100000	100000	100000	100000	100000	100000	100000	100000	100000	100000	100000	100000	100000	100000	100000	100000	100000	100000	100000	100000	100000	100000	100000	100000	100000	100000	100000	100000	100000	100000	100000	100000	100000	100000	100000	100000	100000	100000	100000	100000	100000	100000	100000	100000	100000	100000	100000	100000	100000	100000	100000	100000	100000	100000	100000	100000	100000	100000	100000	100000	100000	100000	100000	100000	100000	100000	100000	100000	100000	100000	100000	100000	100000	100000	100000	100000	100000	100000	100000	100000	100000	100000	100000	100000	100000	100000	100000	100000	100000	100000	100000	100000	100000	100000	100000	100000	100000	100000	100000	100000	100000	100000	100000	100000	100000	100000	100000	100000	100000	100000	100000	100000	100000	100000	100000	100000	100000	100000	100000	100000	100000	100000	100000	100000	100000	100000	100000	100000	100000	100000	100000	100000	100000	100000	100000	100000	100000	100000	100000	100000	100000	100000	100000	100000	100000	100000	100000	100000	100000	100000	100000	100000	100000	100000	100000	100000	100000	100000	100000	100000	100000	100000	100000	100000	100000	100000	100000	100000	100000	100000	100000	100000	100000	100000	100000	100000	100000	100000	100000	100000	100000	100000	100000	100000	100000	100000	100000	100000	100000	100000	100000	100000	100000	100000	100000	100000	100000	100000	100000	100000	100000	100000	100000	100000	100000	100000	100000	100000	100000	100000	100000	100000	100000	100000	100000	100000	100000	100000	100000	100000	100000	100000	100000	100000	100000	100000	100000	100000	100000	100000	100000	100000	100000	100000	100000	100000	100000	100000	100000	100000	100000	100000	100000	100000	100000	100000	100000	100000	100000	100000	100000	100000	100000	100000	100000	100000	100000	100000	100000	100000	100000	100000	100000	100000	100000	100000	100000	100000	100000	100000	100000	100000	100000	100000	100000	100000	100000	100000	100000	100000	100000	100000	100000	100000	100000	100000	100000	100000	100000	100000	100000	100000	100000	100000	100000	100000	100000	100000	100000	100000	100000	100000	100000	100000	100000	100000	100000	100000	100000	100000	100000	100000	100000	100000	100000	100000	100000	100000	100000	100000	100000	100000	100000	100000	100000	100000	100000	100000	100000	100000	100000	100000	100000	100000	100000	100000	100000	100000	100000	100000	100000	100000	100000	100000	100000	100000	100000	100000	100000	100000	100000	100000	100000	100000	100000	100000	100000	100000	100000	100000	100000	100000	100000	100000	100000	100000	100000	100000	100000	100000	100000	100000	100000	100000	100000	100000	100000	100000	100000	100000	100000	100000	100000	100000	100000	100000	100000	100000	100000	100000	100000	100000	100000	100000	100000	100000	100000	100000	100000	100000	100000	100000	100000	100000	100000	100000	100000	100000	100000	100000	100000	100000	100000	100000	100000	100000	100000	100000	100000	100000	100000	100000	100000	100000	100000	100000	100000	100000	100000	100000	100000	100000	100000	100000	100000	100000	100000	100000	100000	100000	100000	100000	100000	100000	100000	100000	100000	100000	100000	100000	100000	100000	100000	100000	100000	100000	100000	100000	100000	100000	100000	100000	100000	100000	100000	100000	100000	100000	100000	100000	100000	100000	100000	100000	100000	100000	100000	100000	100000	100000	100000	100000	100000	100000	100000	100000	100000	100000	100000	100000	100000	100000	100000	100000	100000	100000	100000	100000	100000	100000	100000	100000	100000	100000	100000	100000	100000	100000	100000	100000	100000	100000	100000	100000	100000	100000	100000	100000	100000	100000	100000	100000	100000	100000	100000	100000	100000	100000	100000	100000	100000	100000	100000	100000	100000	100000	100000	100000	100000	100000	100000	100000	100000	100000	100000	100000	100000	100000	100000	100000	100000	100000	100000	100000	100000	100000	100000	100000	100000	100000	100000	100000	100000	100000	100000	100000	100000	100000	100000	100000	100000	100000
dv:Tf/Scatterer1/L5/Values  = 	961	-27.83246739	-25.97696956	-24.12147174	-22.26597391	-20.41047609	-18.55497826	-16.69948043	-14.84398261	-12.98848478	-11.13298696	-9.27748913	-7.421991304	-5.566493478	-3.710995652	-1.855497826	0	1.855497826	3.710995652	5.566493478	7.421991304	9.27748913	11.13298696	12.98848478	14.84398261	16.69948043	18.55497826	20.41047609	22.26597391	24.12147174	25.97696956	27.83246739	-27.83246739	-25.97696956	-24.12147174	-22.26597391	-20.41047609	-18.55497826	-16.69948043	-14.84398261	-12.98848478	-11.13298696	-9.27748913	-7.421991304	-5.566493478	-3.710995652	-1.855497826	0	1.855497826	3.710995652	5.566493478	7.421991304	9.27748913	11.13298696	12.98848478	14.84398261	16.69948043	18.55497826	20.41047609	22.26597391	24.12147174	25.97696956	27.83246739	-27.83246739	-25.97696956	-24.12147174	-22.26597391	-20.41047609	-18.55497826	-16.69948043	-14.84398261	-12.98848478	-11.13298696	-9.27748913	-7.421991304	-5.566493478	-3.710995652	-1.855497826	0	1.855497826	3.710995652	5.566493478	7.421991304	9.27748913	11.13298696	12.98848478	14.84398261	16.69948043	18.55497826	20.41047609	22.26597391	24.12147174	25.97696956	27.83246739	-27.83246739	-25.97696956	-24.12147174	-22.26597391	-20.41047609	-18.55497826	-16.69948043	-14.84398261	-12.98848478	-11.13298696	-9.27748913	-7.421991304	-5.566493478	-3.710995652	-1.855497826	0	1.855497826	3.710995652	5.566493478	7.421991304	9.27748913	11.13298696	12.98848478	14.84398261	16.69948043	18.55497826	20.41047609	22.26597391	24.12147174	25.97696956	27.83246739	-27.83246739	-25.97696956	-24.12147174	-22.26597391	-20.41047609	-18.55497826	-16.69948043	-14.84398261	-12.98848478	-11.13298696	-9.27748913	-7.421991304	-5.566493478	-3.710995652	-1.855497826	0	1.855497826	3.710995652	5.566493478	7.421991304	9.27748913	11.13298696	12.98848478	14.84398261	16.69948043	18.55497826	20.41047609	22.26597391	24.12147174	25.97696956	27.83246739	-27.83246739	-25.97696956	-24.12147174	-22.26597391	-20.41047609	-18.55497826	-16.69948043	-14.84398261	-12.98848478	-11.13298696	-9.27748913	-7.421991304	-5.566493478	-3.710995652	-1.855497826	0	1.855497826	3.710995652	5.566493478	7.421991304	9.27748913	11.13298696	12.98848478	14.84398261	16.69948043	18.55497826	20.41047609	22.26597391	24.12147174	25.97696956	27.83246739	-27.83246739	-25.97696956	-24.12147174	-22.26597391	-20.41047609	-18.55497826	-16.69948043	-14.84398261	-12.98848478	-11.13298696	-9.27748913	-7.421991304	-5.566493478	-3.710995652	-1.855497826	0	1.855497826	3.710995652	5.566493478	7.421991304	9.27748913	11.13298696	12.98848478	14.84398261	16.69948043	18.55497826	20.41047609	22.26597391	24.12147174	25.97696956	27.83246739	-27.83246739	-25.97696956	-24.12147174	-22.26597391	-20.41047609	-18.55497826	-16.69948043	-14.84398261	-12.98848478	-11.13298696	-9.27748913	-7.421991304	-5.566493478	-3.710995652	-1.855497826	0	1.855497826	3.710995652	5.566493478	7.421991304	9.27748913	11.13298696	12.98848478	14.84398261	16.69948043	18.55497826	20.41047609	22.26597391	24.12147174	25.97696956	27.83246739	-27.83246739	-25.97696956	-24.12147174	-22.26597391	-20.41047609	-18.55497826	-16.69948043	-14.84398261	-12.98848478	-11.13298696	-9.27748913	-7.421991304	-5.566493478	-3.710995652	-1.855497826	0	1.855497826	3.710995652	5.566493478	7.421991304	9.27748913	11.13298696	12.98848478	14.84398261	16.69948043	18.55497826	20.41047609	22.26597391	24.12147174	25.97696956	27.83246739	-27.83246739	-25.97696956	-24.12147174	-22.26597391	-20.41047609	-18.55497826	-16.69948043	-14.84398261	-12.98848478	-11.13298696	-9.27748913	-7.421991304	-5.566493478	-3.710995652	-1.855497826	0	1.855497826	3.710995652	5.566493478	7.421991304	9.27748913	11.13298696	12.98848478	14.84398261	16.69948043	18.55497826	20.41047609	22.26597391	24.12147174	25.97696956	27.83246739	-27.83246739	-25.97696956	-24.12147174	-22.26597391	-20.41047609	-18.55497826	-16.69948043	-14.84398261	-12.98848478	-11.13298696	-9.27748913	-7.421991304	-5.566493478	-3.710995652	-1.855497826	0	1.855497826	3.710995652	5.566493478	7.421991304	9.27748913	11.13298696	12.98848478	14.84398261	16.69948043	18.55497826	20.41047609	22.26597391	24.12147174	25.97696956	27.83246739	-27.83246739	-25.97696956	-24.12147174	-22.26597391	-20.41047609	-18.55497826	-16.69948043	-14.84398261	-12.98848478	-11.13298696	-9.27748913	-7.421991304	-5.566493478	-3.710995652	-1.855497826	0	1.855497826	3.710995652	5.566493478	7.421991304	9.27748913	11.13298696	12.98848478	14.84398261	16.69948043	18.55497826	20.41047609	22.26597391	24.12147174	25.97696956	27.83246739	-27.83246739	-25.97696956	-24.12147174	-22.26597391	-20.41047609	-18.55497826	-16.69948043	-14.84398261	-12.98848478	-11.13298696	-9.27748913	-7.421991304	-5.566493478	-3.710995652	-1.855497826	0	1.855497826	3.710995652	5.566493478	7.421991304	9.27748913	11.13298696	12.98848478	14.84398261	16.69948043	18.55497826	20.41047609	22.26597391	24.12147174	25.97696956	27.83246739	-27.83246739	-25.97696956	-24.12147174	-22.26597391	-20.41047609	-18.55497826	-16.69948043	-14.84398261	-12.98848478	-11.13298696	-9.27748913	-7.421991304	-5.566493478	-3.710995652	-1.855497826	0	1.855497826	3.710995652	5.566493478	7.421991304	9.27748913	11.13298696	12.98848478	14.84398261	16.69948043	18.55497826	20.41047609	22.26597391	24.12147174	25.97696956	27.83246739	-27.83246739	-25.97696956	-24.12147174	-22.26597391	-20.41047609	-18.55497826	-16.69948043	-14.84398261	-12.98848478	-11.13298696	-9.27748913	-7.421991304	-5.566493478	-3.710995652	-1.855497826	0	1.855497826	3.710995652	5.566493478	7.421991304	9.27748913	11.13298696	12.98848478	14.84398261	16.69948043	18.55497826	20.41047609	22.26597391	24.12147174	25.97696956	27.83246739	-27.83246739	-25.97696956	-24.12147174	-22.26597391	-20.41047609	-18.55497826	-16.69948043	-14.84398261	-12.98848478	-11.13298696	-9.27748913	-7.421991304	-5.566493478	-3.710995652	-1.855497826	0	1.855497826	3.710995652	5.566493478	7.421991304	9.27748913	11.13298696	12.98848478	14.84398261	16.69948043	18.55497826	20.41047609	22.26597391	24.12147174	25.97696956	27.83246739	-27.83246739	-25.97696956	-24.12147174	-22.26597391	-20.41047609	-18.55497826	-16.69948043	-14.84398261	-12.98848478	-11.13298696	-9.27748913	-7.421991304	-5.566493478	-3.710995652	-1.855497826	0	1.855497826	3.710995652	5.566493478	7.421991304	9.27748913	11.13298696	12.98848478	14.84398261	16.69948043	18.55497826	20.41047609	22.26597391	24.12147174	25.97696956	27.83246739	-27.83246739	-25.97696956	-24.12147174	-22.26597391	-20.41047609	-18.55497826	-16.69948043	-14.84398261	-12.98848478	-11.13298696	-9.27748913	-7.421991304	-5.566493478	-3.710995652	-1.855497826	0	1.855497826	3.710995652	5.566493478	7.421991304	9.27748913	11.13298696	12.98848478	14.84398261	16.69948043	18.55497826	20.41047609	22.26597391	24.12147174	25.97696956	27.83246739	-27.83246739	-25.97696956	-24.12147174	-22.26597391	-20.41047609	-18.55497826	-16.69948043	-14.84398261	-12.98848478	-11.13298696	-9.27748913	-7.421991304	-5.566493478	-3.710995652	-1.855497826	0	1.855497826	3.710995652	5.566493478	7.421991304	9.27748913	11.13298696	12.98848478	14.84398261	16.69948043	18.55497826	20.41047609	22.26597391	24.12147174	25.97696956	27.83246739	-27.83246739	-25.97696956	-24.12147174	-22.26597391	-20.41047609	-18.55497826	-16.69948043	-14.84398261	-12.98848478	-11.13298696	-9.27748913	-7.421991304	-5.566493478	-3.710995652	-1.855497826	0	1.855497826	3.710995652	5.566493478	7.421991304	9.27748913	11.13298696	12.98848478	14.84398261	16.69948043	18.55497826	20.41047609	22.26597391	24.12147174	25.97696956	27.83246739	-27.83246739	-25.97696956	-24.12147174	-22.26597391	-20.41047609	-18.55497826	-16.69948043	-14.84398261	-12.98848478	-11.13298696	-9.27748913	-7.421991304	-5.566493478	-3.710995652	-1.855497826	0	1.855497826	3.710995652	5.566493478	7.421991304	9.27748913	11.13298696	12.98848478	14.84398261	16.69948043	18.55497826	20.41047609	22.26597391	24.12147174	25.97696956	27.83246739	-27.83246739	-25.97696956	-24.12147174	-22.26597391	-20.41047609	-18.55497826	-16.69948043	-14.84398261	-12.98848478	-11.13298696	-9.27748913	-7.421991304	-5.566493478	-3.710995652	-1.855497826	0	1.855497826	3.710995652	5.566493478	7.421991304	9.27748913	11.13298696	12.98848478	14.84398261	16.69948043	18.55497826	20.41047609	22.26597391	24.12147174	25.97696956	27.83246739	-27.83246739	-25.97696956	-24.12147174	-22.26597391	-20.41047609	-18.55497826	-16.69948043	-14.84398261	-12.98848478	-11.13298696	-9.27748913	-7.421991304	-5.566493478	-3.710995652	-1.855497826	0	1.855497826	3.710995652	5.566493478	7.421991304	9.27748913	11.13298696	12.98848478	14.84398261	16.69948043	18.55497826	20.41047609	22.26597391	24.12147174	25.97696956	27.83246739	-27.83246739	-25.97696956	-24.12147174	-22.26597391	-20.41047609	-18.55497826	-16.69948043	-14.84398261	-12.98848478	-11.13298696	-9.27748913	-7.421991304	-5.566493478	-3.710995652	-1.855497826	0	1.855497826	3.710995652	5.566493478	7.421991304	9.27748913	11.13298696	12.98848478	14.84398261	16.69948043	18.55497826	20.41047609	22.26597391	24.12147174	25.97696956	27.83246739	-27.83246739	-25.97696956	-24.12147174	-22.26597391	-20.41047609	-18.55497826	-16.69948043	-14.84398261	-12.98848478	-11.13298696	-9.27748913	-7.421991304	-5.566493478	-3.710995652	-1.855497826	0	1.855497826	3.710995652	5.566493478	7.421991304	9.27748913	11.13298696	12.98848478	14.84398261	16.69948043	18.55497826	20.41047609	22.26597391	24.12147174	25.97696956	27.83246739	-27.83246739	-25.97696956	-24.12147174	-22.26597391	-20.41047609	-18.55497826	-16.69948043	-14.84398261	-12.98848478	-11.13298696	-9.27748913	-7.421991304	-5.566493478	-3.710995652	-1.855497826	0	1.855497826	3.710995652	5.566493478	7.421991304	9.27748913	11.13298696	12.98848478	14.84398261	16.69948043	18.55497826	20.41047609	22.26597391	24.12147174	25.97696956	27.83246739	-27.83246739	-25.97696956	-24.12147174	-22.26597391	-20.41047609	-18.55497826	-16.69948043	-14.84398261	-12.98848478	-11.13298696	-9.27748913	-7.421991304	-5.566493478	-3.710995652	-1.855497826	0	1.855497826	3.710995652	5.566493478	7.421991304	9.27748913	11.13298696	12.98848478	14.84398261	16.69948043	18.55497826	20.41047609	22.26597391	24.12147174	25.97696956	27.83246739	-27.83246739	-25.97696956	-24.12147174	-22.26597391	-20.41047609	-18.55497826	-16.69948043	-14.84398261	-12.98848478	-11.13298696	-9.27748913	-7.421991304	-5.566493478	-3.710995652	-1.855497826	0	1.855497826	3.710995652	5.566493478	7.421991304	9.27748913	11.13298696	12.98848478	14.84398261	16.69948043	18.55497826	20.41047609	22.26597391	24.12147174	25.97696956	27.83246739	-27.83246739	-25.97696956	-24.12147174	-22.26597391	-20.41047609	-18.55497826	-16.69948043	-14.84398261	-12.98848478	-11.13298696	-9.27748913	-7.421991304	-5.566493478	-3.710995652	-1.855497826	0	1.855497826	3.710995652	5.566493478	7.421991304	9.27748913	11.13298696	12.98848478	14.84398261	16.69948043	18.55497826	20.41047609	22.26597391	24.12147174	25.97696956	27.83246739	-27.83246739	-25.97696956	-24.12147174	-22.26597391	-20.41047609	-18.55497826	-16.69948043	-14.84398261	-12.98848478	-11.13298696	-9.27748913	-7.421991304	-5.566493478	-3.710995652	-1.855497826	0	1.855497826	3.710995652	5.566493478	7.421991304	9.27748913	11.13298696	12.98848478	14.84398261	16.69948043	18.55497826	20.41047609	22.26597391	24.12147174	25.97696956	27.83246739	-27.83246739	-25.97696956	-24.12147174	-22.26597391	-20.41047609	-18.55497826	-16.69948043	-14.84398261	-12.98848478	-11.13298696	-9.27748913	-7.421991304	-5.566493478	-3.710995652	-1.855497826	0	1.855497826	3.710995652	5.566493478	7.421991304	9.27748913	11.13298696	12.98848478	14.84398261	16.69948043	18.55497826	20.41047609	22.26597391	24.12147174	25.97696956	27.83246739	mm
dv:Tf/Scatterer1/L6/Values  = 	961	-28.07353117	-28.07353117	-28.07353117	-28.07353117	-28.07353117	-28.07353117	-28.07353117	-28.07353117	-28.07353117	-28.07353117	-28.07353117	-28.07353117	-28.07353117	-28.07353117	-28.07353117	-28.07353117	-28.07353117	-28.07353117	-28.07353117	-28.07353117	-28.07353117	-28.07353117	-28.07353117	-28.07353117	-28.07353117	-28.07353117	-28.07353117	-28.07353117	-28.07353117	-28.07353117	-28.07353117	-26.20196243	-26.20196243	-26.20196243	-26.20196243	-26.20196243	-26.20196243	-26.20196243	-26.20196243	-26.20196243	-26.20196243	-26.20196243	-26.20196243	-26.20196243	-26.20196243	-26.20196243	-26.20196243	-26.20196243	-26.20196243	-26.20196243	-26.20196243	-26.20196243	-26.20196243	-26.20196243	-26.20196243	-26.20196243	-26.20196243	-26.20196243	-26.20196243	-26.20196243	-26.20196243	-26.20196243	-24.33039368	-24.33039368	-24.33039368	-24.33039368	-24.33039368	-24.33039368	-24.33039368	-24.33039368	-24.33039368	-24.33039368	-24.33039368	-24.33039368	-24.33039368	-24.33039368	-24.33039368	-24.33039368	-24.33039368	-24.33039368	-24.33039368	-24.33039368	-24.33039368	-24.33039368	-24.33039368	-24.33039368	-24.33039368	-24.33039368	-24.33039368	-24.33039368	-24.33039368	-24.33039368	-24.33039368	-22.45882494	-22.45882494	-22.45882494	-22.45882494	-22.45882494	-22.45882494	-22.45882494	-22.45882494	-22.45882494	-22.45882494	-22.45882494	-22.45882494	-22.45882494	-22.45882494	-22.45882494	-22.45882494	-22.45882494	-22.45882494	-22.45882494	-22.45882494	-22.45882494	-22.45882494	-22.45882494	-22.45882494	-22.45882494	-22.45882494	-22.45882494	-22.45882494	-22.45882494	-22.45882494	-22.45882494	-20.58725619	-20.58725619	-20.58725619	-20.58725619	-20.58725619	-20.58725619	-20.58725619	-20.58725619	-20.58725619	-20.58725619	-20.58725619	-20.58725619	-20.58725619	-20.58725619	-20.58725619	-20.58725619	-20.58725619	-20.58725619	-20.58725619	-20.58725619	-20.58725619	-20.58725619	-20.58725619	-20.58725619	-20.58725619	-20.58725619	-20.58725619	-20.58725619	-20.58725619	-20.58725619	-20.58725619	-18.71568745	-18.71568745	-18.71568745	-18.71568745	-18.71568745	-18.71568745	-18.71568745	-18.71568745	-18.71568745	-18.71568745	-18.71568745	-18.71568745	-18.71568745	-18.71568745	-18.71568745	-18.71568745	-18.71568745	-18.71568745	-18.71568745	-18.71568745	-18.71568745	-18.71568745	-18.71568745	-18.71568745	-18.71568745	-18.71568745	-18.71568745	-18.71568745	-18.71568745	-18.71568745	-18.71568745	-16.8441187	-16.8441187	-16.8441187	-16.8441187	-16.8441187	-16.8441187	-16.8441187	-16.8441187	-16.8441187	-16.8441187	-16.8441187	-16.8441187	-16.8441187	-16.8441187	-16.8441187	-16.8441187	-16.8441187	-16.8441187	-16.8441187	-16.8441187	-16.8441187	-16.8441187	-16.8441187	-16.8441187	-16.8441187	-16.8441187	-16.8441187	-16.8441187	-16.8441187	-16.8441187	-16.8441187	-14.97254996	-14.97254996	-14.97254996	-14.97254996	-14.97254996	-14.97254996	-14.97254996	-14.97254996	-14.97254996	-14.97254996	-14.97254996	-14.97254996	-14.97254996	-14.97254996	-14.97254996	-14.97254996	-14.97254996	-14.97254996	-14.97254996	-14.97254996	-14.97254996	-14.97254996	-14.97254996	-14.97254996	-14.97254996	-14.97254996	-14.97254996	-14.97254996	-14.97254996	-14.97254996	-14.97254996	-13.10098121	-13.10098121	-13.10098121	-13.10098121	-13.10098121	-13.10098121	-13.10098121	-13.10098121	-13.10098121	-13.10098121	-13.10098121	-13.10098121	-13.10098121	-13.10098121	-13.10098121	-13.10098121	-13.10098121	-13.10098121	-13.10098121	-13.10098121	-13.10098121	-13.10098121	-13.10098121	-13.10098121	-13.10098121	-13.10098121	-13.10098121	-13.10098121	-13.10098121	-13.10098121	-13.10098121	-11.22941247	-11.22941247	-11.22941247	-11.22941247	-11.22941247	-11.22941247	-11.22941247	-11.22941247	-11.22941247	-11.22941247	-11.22941247	-11.22941247	-11.22941247	-11.22941247	-11.22941247	-11.22941247	-11.22941247	-11.22941247	-11.22941247	-11.22941247	-11.22941247	-11.22941247	-11.22941247	-11.22941247	-11.22941247	-11.22941247	-11.22941247	-11.22941247	-11.22941247	-11.22941247	-11.22941247	-9.357843725	-9.357843725	-9.357843725	-9.357843725	-9.357843725	-9.357843725	-9.357843725	-9.357843725	-9.357843725	-9.357843725	-9.357843725	-9.357843725	-9.357843725	-9.357843725	-9.357843725	-9.357843725	-9.357843725	-9.357843725	-9.357843725	-9.357843725	-9.357843725	-9.357843725	-9.357843725	-9.357843725	-9.357843725	-9.357843725	-9.357843725	-9.357843725	-9.357843725	-9.357843725	-9.357843725	-7.48627498	-7.48627498	-7.48627498	-7.48627498	-7.48627498	-7.48627498	-7.48627498	-7.48627498	-7.48627498	-7.48627498	-7.48627498	-7.48627498	-7.48627498	-7.48627498	-7.48627498	-7.48627498	-7.48627498	-7.48627498	-7.48627498	-7.48627498	-7.48627498	-7.48627498	-7.48627498	-7.48627498	-7.48627498	-7.48627498	-7.48627498	-7.48627498	-7.48627498	-7.48627498	-7.48627498	-5.614706235	-5.614706235	-5.614706235	-5.614706235	-5.614706235	-5.614706235	-5.614706235	-5.614706235	-5.614706235	-5.614706235	-5.614706235	-5.614706235	-5.614706235	-5.614706235	-5.614706235	-5.614706235	-5.614706235	-5.614706235	-5.614706235	-5.614706235	-5.614706235	-5.614706235	-5.614706235	-5.614706235	-5.614706235	-5.614706235	-5.614706235	-5.614706235	-5.614706235	-5.614706235	-5.614706235	-3.74313749	-3.74313749	-3.74313749	-3.74313749	-3.74313749	-3.74313749	-3.74313749	-3.74313749	-3.74313749	-3.74313749	-3.74313749	-3.74313749	-3.74313749	-3.74313749	-3.74313749	-3.74313749	-3.74313749	-3.74313749	-3.74313749	-3.74313749	-3.74313749	-3.74313749	-3.74313749	-3.74313749	-3.74313749	-3.74313749	-3.74313749	-3.74313749	-3.74313749	-3.74313749	-3.74313749	-1.871568745	-1.871568745	-1.871568745	-1.871568745	-1.871568745	-1.871568745	-1.871568745	-1.871568745	-1.871568745	-1.871568745	-1.871568745	-1.871568745	-1.871568745	-1.871568745	-1.871568745	-1.871568745	-1.871568745	-1.871568745	-1.871568745	-1.871568745	-1.871568745	-1.871568745	-1.871568745	-1.871568745	-1.871568745	-1.871568745	-1.871568745	-1.871568745	-1.871568745	-1.871568745	-1.871568745	0	0	0	0	0	0	0	0	0	0	0	0	0	0	0	0	0	0	0	0	0	0	0	0	0	0	0	0	0	0	0	1.871568745	1.871568745	1.871568745	1.871568745	1.871568745	1.871568745	1.871568745	1.871568745	1.871568745	1.871568745	1.871568745	1.871568745	1.871568745	1.871568745	1.871568745	1.871568745	1.871568745	1.871568745	1.871568745	1.871568745	1.871568745	1.871568745	1.871568745	1.871568745	1.871568745	1.871568745	1.871568745	1.871568745	1.871568745	1.871568745	1.871568745	3.74313749	3.74313749	3.74313749	3.74313749	3.74313749	3.74313749	3.74313749	3.74313749	3.74313749	3.74313749	3.74313749	3.74313749	3.74313749	3.74313749	3.74313749	3.74313749	3.74313749	3.74313749	3.74313749	3.74313749	3.74313749	3.74313749	3.74313749	3.74313749	3.74313749	3.74313749	3.74313749	3.74313749	3.74313749	3.74313749	3.74313749	5.614706235	5.614706235	5.614706235	5.614706235	5.614706235	5.614706235	5.614706235	5.614706235	5.614706235	5.614706235	5.614706235	5.614706235	5.614706235	5.614706235	5.614706235	5.614706235	5.614706235	5.614706235	5.614706235	5.614706235	5.614706235	5.614706235	5.614706235	5.614706235	5.614706235	5.614706235	5.614706235	5.614706235	5.614706235	5.614706235	5.614706235	7.48627498	7.48627498	7.48627498	7.48627498	7.48627498	7.48627498	7.48627498	7.48627498	7.48627498	7.48627498	7.48627498	7.48627498	7.48627498	7.48627498	7.48627498	7.48627498	7.48627498	7.48627498	7.48627498	7.48627498	7.48627498	7.48627498	7.48627498	7.48627498	7.48627498	7.48627498	7.48627498	7.48627498	7.48627498	7.48627498	7.48627498	9.357843725	9.357843725	9.357843725	9.357843725	9.357843725	9.357843725	9.357843725	9.357843725	9.357843725	9.357843725	9.357843725	9.357843725	9.357843725	9.357843725	9.357843725	9.357843725	9.357843725	9.357843725	9.357843725	9.357843725	9.357843725	9.357843725	9.357843725	9.357843725	9.357843725	9.357843725	9.357843725	9.357843725	9.357843725	9.357843725	9.357843725	11.22941247	11.22941247	11.22941247	11.22941247	11.22941247	11.22941247	11.22941247	11.22941247	11.22941247	11.22941247	11.22941247	11.22941247	11.22941247	11.22941247	11.22941247	11.22941247	11.22941247	11.22941247	11.22941247	11.22941247	11.22941247	11.22941247	11.22941247	11.22941247	11.22941247	11.22941247	11.22941247	11.22941247	11.22941247	11.22941247	11.22941247	13.10098121	13.10098121	13.10098121	13.10098121	13.10098121	13.10098121	13.10098121	13.10098121	13.10098121	13.10098121	13.10098121	13.10098121	13.10098121	13.10098121	13.10098121	13.10098121	13.10098121	13.10098121	13.10098121	13.10098121	13.10098121	13.10098121	13.10098121	13.10098121	13.10098121	13.10098121	13.10098121	13.10098121	13.10098121	13.10098121	13.10098121	14.97254996	14.97254996	14.97254996	14.97254996	14.97254996	14.97254996	14.97254996	14.97254996	14.97254996	14.97254996	14.97254996	14.97254996	14.97254996	14.97254996	14.97254996	14.97254996	14.97254996	14.97254996	14.97254996	14.97254996	14.97254996	14.97254996	14.97254996	14.97254996	14.97254996	14.97254996	14.97254996	14.97254996	14.97254996	14.97254996	14.97254996	16.8441187	16.8441187	16.8441187	16.8441187	16.8441187	16.8441187	16.8441187	16.8441187	16.8441187	16.8441187	16.8441187	16.8441187	16.8441187	16.8441187	16.8441187	16.8441187	16.8441187	16.8441187	16.8441187	16.8441187	16.8441187	16.8441187	16.8441187	16.8441187	16.8441187	16.8441187	16.8441187	16.8441187	16.8441187	16.8441187	16.8441187	18.71568745	18.71568745	18.71568745	18.71568745	18.71568745	18.71568745	18.71568745	18.71568745	18.71568745	18.71568745	18.71568745	18.71568745	18.71568745	18.71568745	18.71568745	18.71568745	18.71568745	18.71568745	18.71568745	18.71568745	18.71568745	18.71568745	18.71568745	18.71568745	18.71568745	18.71568745	18.71568745	18.71568745	18.71568745	18.71568745	18.71568745	20.58725619	20.58725619	20.58725619	20.58725619	20.58725619	20.58725619	20.58725619	20.58725619	20.58725619	20.58725619	20.58725619	20.58725619	20.58725619	20.58725619	20.58725619	20.58725619	20.58725619	20.58725619	20.58725619	20.58725619	20.58725619	20.58725619	20.58725619	20.58725619	20.58725619	20.58725619	20.58725619	20.58725619	20.58725619	20.58725619	20.58725619	22.45882494	22.45882494	22.45882494	22.45882494	22.45882494	22.45882494	22.45882494	22.45882494	22.45882494	22.45882494	22.45882494	22.45882494	22.45882494	22.45882494	22.45882494	22.45882494	22.45882494	22.45882494	22.45882494	22.45882494	22.45882494	22.45882494	22.45882494	22.45882494	22.45882494	22.45882494	22.45882494	22.45882494	22.45882494	22.45882494	22.45882494	24.33039368	24.33039368	24.33039368	24.33039368	24.33039368	24.33039368	24.33039368	24.33039368	24.33039368	24.33039368	24.33039368	24.33039368	24.33039368	24.33039368	24.33039368	24.33039368	24.33039368	24.33039368	24.33039368	24.33039368	24.33039368	24.33039368	24.33039368	24.33039368	24.33039368	24.33039368	24.33039368	24.33039368	24.33039368	24.33039368	24.33039368	26.20196243	26.20196243	26.20196243	26.20196243	26.20196243	26.20196243	26.20196243	26.20196243	26.20196243	26.20196243	26.20196243	26.20196243	26.20196243	26.20196243	26.20196243	26.20196243	26.20196243	26.20196243	26.20196243	26.20196243	26.20196243	26.20196243	26.20196243	26.20196243	26.20196243	26.20196243	26.20196243	26.20196243	26.20196243	26.20196243	26.20196243	28.07353117	28.07353117	28.07353117	28.07353117	28.07353117	28.07353117	28.07353117	28.07353117	28.07353117	28.07353117	28.07353117	28.07353117	28.07353117	28.07353117	28.07353117	28.07353117	28.07353117	28.07353117	28.07353117	28.07353117	28.07353117	28.07353117	28.07353117	28.07353117	28.07353117	28.07353117	28.07353117	28.07353117	28.07353117	28.07353117	28.07353117	mm
dv:Tf/Scatterer1/L7/Values  =	961	90.27597669	90.2575785	90.23918026	90.22078197	90.20238363	90.18398525	90.16558683	90.14718838	90.1287899	90.11039139	90.09199286	90.07359431	90.05519575	90.03679717	90.01839859	90	89.98160141	89.96320283	89.94480425	89.92640569	89.90800714	89.88960861	89.8712101	89.85281162	89.83441317	89.81601475	89.79761637	89.77921803	89.76081974	89.7424215	89.72402331	90.27597669	90.2575785	90.23918026	90.22078197	90.20238363	90.18398525	90.16558683	90.14718838	90.1287899	90.11039139	90.09199286	90.07359431	90.05519575	90.03679717	90.01839859	90	89.98160141	89.96320283	89.94480425	89.92640569	89.90800714	89.88960861	89.8712101	89.85281162	89.83441317	89.81601475	89.79761637	89.77921803	89.76081974	89.7424215	89.72402331	90.27597669	90.2575785	90.23918026	90.22078197	90.20238363	90.18398525	90.16558683	90.14718838	90.1287899	90.11039139	90.09199286	90.07359431	90.05519575	90.03679717	90.01839859	90	89.98160141	89.96320283	89.94480425	89.92640569	89.90800714	89.88960861	89.8712101	89.85281162	89.83441317	89.81601475	89.79761637	89.77921803	89.76081974	89.7424215	89.72402331	90.27597669	90.2575785	90.23918026	90.22078197	90.20238363	90.18398525	90.16558683	90.14718838	90.1287899	90.11039139	90.09199286	90.07359431	90.05519575	90.03679717	90.01839859	90	89.98160141	89.96320283	89.94480425	89.92640569	89.90800714	89.88960861	89.8712101	89.85281162	89.83441317	89.81601475	89.79761637	89.77921803	89.76081974	89.7424215	89.72402331	90.27597669	90.2575785	90.23918026	90.22078197	90.20238363	90.18398525	90.16558683	90.14718838	90.1287899	90.11039139	90.09199286	90.07359431	90.05519575	90.03679717	90.01839859	90	89.98160141	89.96320283	89.94480425	89.92640569	89.90800714	89.88960861	89.8712101	89.85281162	89.83441317	89.81601475	89.79761637	89.77921803	89.76081974	89.7424215	89.72402331	90.27597669	90.2575785	90.23918026	90.22078197	90.20238363	90.18398525	90.16558683	90.14718838	90.1287899	90.11039139	90.09199286	90.07359431	90.05519575	90.03679717	90.01839859	90	89.98160141	89.96320283	89.94480425	89.92640569	89.90800714	89.88960861	89.8712101	89.85281162	89.83441317	89.81601475	89.79761637	89.77921803	89.76081974	89.7424215	89.72402331	90.27597669	90.2575785	90.23918026	90.22078197	90.20238363	90.18398525	90.16558683	90.14718838	90.1287899	90.11039139	90.09199286	90.07359431	90.05519575	90.03679717	90.01839859	90	89.98160141	89.96320283	89.94480425	89.92640569	89.90800714	89.88960861	89.8712101	89.85281162	89.83441317	89.81601475	89.79761637	89.77921803	89.76081974	89.7424215	89.72402331	90.27597669	90.2575785	90.23918026	90.22078197	90.20238363	90.18398525	90.16558683	90.14718838	90.1287899	90.11039139	90.09199286	90.07359431	90.05519575	90.03679717	90.01839859	90	89.98160141	89.96320283	89.94480425	89.92640569	89.90800714	89.88960861	89.8712101	89.85281162	89.83441317	89.81601475	89.79761637	89.77921803	89.76081974	89.7424215	89.72402331	90.27597669	90.2575785	90.23918026	90.22078197	90.20238363	90.18398525	90.16558683	90.14718838	90.1287899	90.11039139	90.09199286	90.07359431	90.05519575	90.03679717	90.01839859	90	89.98160141	89.96320283	89.94480425	89.92640569	89.90800714	89.88960861	89.8712101	89.85281162	89.83441317	89.81601475	89.79761637	89.77921803	89.76081974	89.7424215	89.72402331	90.27597669	90.2575785	90.23918026	90.22078197	90.20238363	90.18398525	90.16558683	90.14718838	90.1287899	90.11039139	90.09199286	90.07359431	90.05519575	90.03679717	90.01839859	90	89.98160141	89.96320283	89.94480425	89.92640569	89.90800714	89.88960861	89.8712101	89.85281162	89.83441317	89.81601475	89.79761637	89.77921803	89.76081974	89.7424215	89.72402331	90.27597669	90.2575785	90.23918026	90.22078197	90.20238363	90.18398525	90.16558683	90.14718838	90.1287899	90.11039139	90.09199286	90.07359431	90.05519575	90.03679717	90.01839859	90	89.98160141	89.96320283	89.94480425	89.92640569	89.90800714	89.88960861	89.8712101	89.85281162	89.83441317	89.81601475	89.79761637	89.77921803	89.76081974	89.7424215	89.72402331	90.27597669	90.2575785	90.23918026	90.22078197	90.20238363	90.18398525	90.16558683	90.14718838	90.1287899	90.11039139	90.09199286	90.07359431	90.05519575	90.03679717	90.01839859	90	89.98160141	89.96320283	89.94480425	89.92640569	89.90800714	89.88960861	89.8712101	89.85281162	89.83441317	89.81601475	89.79761637	89.77921803	89.76081974	89.7424215	89.72402331	90.27597669	90.2575785	90.23918026	90.22078197	90.20238363	90.18398525	90.16558683	90.14718838	90.1287899	90.11039139	90.09199286	90.07359431	90.05519575	90.03679717	90.01839859	90	89.98160141	89.96320283	89.94480425	89.92640569	89.90800714	89.88960861	89.8712101	89.85281162	89.83441317	89.81601475	89.79761637	89.77921803	89.76081974	89.7424215	89.72402331	90.27597669	90.2575785	90.23918026	90.22078197	90.20238363	90.18398525	90.16558683	90.14718838	90.1287899	90.11039139	90.09199286	90.07359431	90.05519575	90.03679717	90.01839859	90	89.98160141	89.96320283	89.94480425	89.92640569	89.90800714	89.88960861	89.8712101	89.85281162	89.83441317	89.81601475	89.79761637	89.77921803	89.76081974	89.7424215	89.72402331	90.27597669	90.2575785	90.23918026	90.22078197	90.20238363	90.18398525	90.16558683	90.14718838	90.1287899	90.11039139	90.09199286	90.07359431	90.05519575	90.03679717	90.01839859	90	89.98160141	89.96320283	89.94480425	89.92640569	89.90800714	89.88960861	89.8712101	89.85281162	89.83441317	89.81601475	89.79761637	89.77921803	89.76081974	89.7424215	89.72402331	90.27597669	90.2575785	90.23918026	90.22078197	90.20238363	90.18398525	90.16558683	90.14718838	90.1287899	90.11039139	90.09199286	90.07359431	90.05519575	90.03679717	90.01839859	90	89.98160141	89.96320283	89.94480425	89.92640569	89.90800714	89.88960861	89.8712101	89.85281162	89.83441317	89.81601475	89.79761637	89.77921803	89.76081974	89.7424215	89.72402331	90.27597669	90.2575785	90.23918026	90.22078197	90.20238363	90.18398525	90.16558683	90.14718838	90.1287899	90.11039139	90.09199286	90.07359431	90.05519575	90.03679717	90.01839859	90	89.98160141	89.96320283	89.94480425	89.92640569	89.90800714	89.88960861	89.8712101	89.85281162	89.83441317	89.81601475	89.79761637	89.77921803	89.76081974	89.7424215	89.72402331	90.27597669	90.2575785	90.23918026	90.22078197	90.20238363	90.18398525	90.16558683	90.14718838	90.1287899	90.11039139	90.09199286	90.07359431	90.05519575	90.03679717	90.01839859	90	89.98160141	89.96320283	89.94480425	89.92640569	89.90800714	89.88960861	89.8712101	89.85281162	89.83441317	89.81601475	89.79761637	89.77921803	89.76081974	89.7424215	89.72402331	90.27597669	90.2575785	90.23918026	90.22078197	90.20238363	90.18398525	90.16558683	90.14718838	90.1287899	90.11039139	90.09199286	90.07359431	90.05519575	90.03679717	90.01839859	90	89.98160141	89.96320283	89.94480425	89.92640569	89.90800714	89.88960861	89.8712101	89.85281162	89.83441317	89.81601475	89.79761637	89.77921803	89.76081974	89.7424215	89.72402331	90.27597669	90.2575785	90.23918026	90.22078197	90.20238363	90.18398525	90.16558683	90.14718838	90.1287899	90.11039139	90.09199286	90.07359431	90.05519575	90.03679717	90.01839859	90	89.98160141	89.96320283	89.94480425	89.92640569	89.90800714	89.88960861	89.8712101	89.85281162	89.83441317	89.81601475	89.79761637	89.77921803	89.76081974	89.7424215	89.72402331	90.27597669	90.2575785	90.23918026	90.22078197	90.20238363	90.18398525	90.16558683	90.14718838	90.1287899	90.11039139	90.09199286	90.07359431	90.05519575	90.03679717	90.01839859	90	89.98160141	89.96320283	89.94480425	89.92640569	89.90800714	89.88960861	89.8712101	89.85281162	89.83441317	89.81601475	89.79761637	89.77921803	89.76081974	89.7424215	89.72402331	90.27597669	90.2575785	90.23918026	90.22078197	90.20238363	90.18398525	90.16558683	90.14718838	90.1287899	90.11039139	90.09199286	90.07359431	90.05519575	90.03679717	90.01839859	90	89.98160141	89.96320283	89.94480425	89.92640569	89.90800714	89.88960861	89.8712101	89.85281162	89.83441317	89.81601475	89.79761637	89.77921803	89.76081974	89.7424215	89.72402331	90.27597669	90.2575785	90.23918026	90.22078197	90.20238363	90.18398525	90.16558683	90.14718838	90.1287899	90.11039139	90.09199286	90.07359431	90.05519575	90.03679717	90.01839859	90	89.98160141	89.96320283	89.94480425	89.92640569	89.90800714	89.88960861	89.8712101	89.85281162	89.83441317	89.81601475	89.79761637	89.77921803	89.76081974	89.7424215	89.72402331	90.27597669	90.2575785	90.23918026	90.22078197	90.20238363	90.18398525	90.16558683	90.14718838	90.1287899	90.11039139	90.09199286	90.07359431	90.05519575	90.03679717	90.01839859	90	89.98160141	89.96320283	89.94480425	89.92640569	89.90800714	89.88960861	89.8712101	89.85281162	89.83441317	89.81601475	89.79761637	89.77921803	89.76081974	89.7424215	89.72402331	90.27597669	90.2575785	90.23918026	90.22078197	90.20238363	90.18398525	90.16558683	90.14718838	90.1287899	90.11039139	90.09199286	90.07359431	90.05519575	90.03679717	90.01839859	90	89.98160141	89.96320283	89.94480425	89.92640569	89.90800714	89.88960861	89.8712101	89.85281162	89.83441317	89.81601475	89.79761637	89.77921803	89.76081974	89.7424215	89.72402331	90.27597669	90.2575785	90.23918026	90.22078197	90.20238363	90.18398525	90.16558683	90.14718838	90.1287899	90.11039139	90.09199286	90.07359431	90.05519575	90.03679717	90.01839859	90	89.98160141	89.96320283	89.94480425	89.92640569	89.90800714	89.88960861	89.8712101	89.85281162	89.83441317	89.81601475	89.79761637	89.77921803	89.76081974	89.7424215	89.72402331	90.27597669	90.2575785	90.23918026	90.22078197	90.20238363	90.18398525	90.16558683	90.14718838	90.1287899	90.11039139	90.09199286	90.07359431	90.05519575	90.03679717	90.01839859	90	89.98160141	89.96320283	89.94480425	89.92640569	89.90800714	89.88960861	89.8712101	89.85281162	89.83441317	89.81601475	89.79761637	89.77921803	89.76081974	89.7424215	89.72402331	90.27597669	90.2575785	90.23918026	90.22078197	90.20238363	90.18398525	90.16558683	90.14718838	90.1287899	90.11039139	90.09199286	90.07359431	90.05519575	90.03679717	90.01839859	90	89.98160141	89.96320283	89.94480425	89.92640569	89.90800714	89.88960861	89.8712101	89.85281162	89.83441317	89.81601475	89.79761637	89.77921803	89.76081974	89.7424215	89.72402331	90.27597669	90.2575785	90.23918026	90.22078197	90.20238363	90.18398525	90.16558683	90.14718838	90.1287899	90.11039139	90.09199286	90.07359431	90.05519575	90.03679717	90.01839859	90	89.98160141	89.96320283	89.94480425	89.92640569	89.90800714	89.88960861	89.8712101	89.85281162	89.83441317	89.81601475	89.79761637	89.77921803	89.76081974	89.7424215	89.72402331	90.27597669	90.2575785	90.23918026	90.22078197	90.20238363	90.18398525	90.16558683	90.14718838	90.1287899	90.11039139	90.09199286	90.07359431	90.05519575	90.03679717	90.01839859	90	89.98160141	89.96320283	89.94480425	89.92640569	89.90800714	89.88960861	89.8712101	89.85281162	89.83441317	89.81601475	89.79761637	89.77921803	89.76081974	89.7424215	89.72402331	90.27597669	90.2575785	90.23918026	90.22078197	90.20238363	90.18398525	90.16558683	90.14718838	90.1287899	90.11039139	90.09199286	90.07359431	90.05519575	90.03679717	90.01839859	90	89.98160141	89.96320283	89.94480425	89.92640569	89.90800714	89.88960861	89.8712101	89.85281162	89.83441317	89.81601475	89.79761637	89.77921803	89.76081974	89.7424215	89.72402331	deg
dv:Tf/Scatterer1/L8/Values  =	961	-0.245284131	-0.245284131	-0.245284131	-0.245284131	-0.245284131	-0.245284131	-0.245284131	-0.245284131	-0.245284131	-0.245284131	-0.245284131	-0.245284131	-0.245284131	-0.245284131	-0.245284131	-0.245284131	-0.245284131	-0.245284131	-0.245284131	-0.245284131	-0.245284131	-0.245284131	-0.245284131	-0.245284131	-0.245284131	-0.245284131	-0.245284131	-0.245284131	-0.245284131	-0.245284131	-0.245284131	-0.228932035	-0.228932035	-0.228932035	-0.228932035	-0.228932035	-0.228932035	-0.228932035	-0.228932035	-0.228932035	-0.228932035	-0.228932035	-0.228932035	-0.228932035	-0.228932035	-0.228932035	-0.228932035	-0.228932035	-0.228932035	-0.228932035	-0.228932035	-0.228932035	-0.228932035	-0.228932035	-0.228932035	-0.228932035	-0.228932035	-0.228932035	-0.228932035	-0.228932035	-0.228932035	-0.228932035	-0.212579903	-0.212579903	-0.212579903	-0.212579903	-0.212579903	-0.212579903	-0.212579903	-0.212579903	-0.212579903	-0.212579903	-0.212579903	-0.212579903	-0.212579903	-0.212579903	-0.212579903	-0.212579903	-0.212579903	-0.212579903	-0.212579903	-0.212579903	-0.212579903	-0.212579903	-0.212579903	-0.212579903	-0.212579903	-0.212579903	-0.212579903	-0.212579903	-0.212579903	-0.212579903	-0.212579903	-0.196227736	-0.196227736	-0.196227736	-0.196227736	-0.196227736	-0.196227736	-0.196227736	-0.196227736	-0.196227736	-0.196227736	-0.196227736	-0.196227736	-0.196227736	-0.196227736	-0.196227736	-0.196227736	-0.196227736	-0.196227736	-0.196227736	-0.196227736	-0.196227736	-0.196227736	-0.196227736	-0.196227736	-0.196227736	-0.196227736	-0.196227736	-0.196227736	-0.196227736	-0.196227736	-0.196227736	-0.179875537	-0.179875537	-0.179875537	-0.179875537	-0.179875537	-0.179875537	-0.179875537	-0.179875537	-0.179875537	-0.179875537	-0.179875537	-0.179875537	-0.179875537	-0.179875537	-0.179875537	-0.179875537	-0.179875537	-0.179875537	-0.179875537	-0.179875537	-0.179875537	-0.179875537	-0.179875537	-0.179875537	-0.179875537	-0.179875537	-0.179875537	-0.179875537	-0.179875537	-0.179875537	-0.179875537	-0.163523309	-0.163523309	-0.163523309	-0.163523309	-0.163523309	-0.163523309	-0.163523309	-0.163523309	-0.163523309	-0.163523309	-0.163523309	-0.163523309	-0.163523309	-0.163523309	-0.163523309	-0.163523309	-0.163523309	-0.163523309	-0.163523309	-0.163523309	-0.163523309	-0.163523309	-0.163523309	-0.163523309	-0.163523309	-0.163523309	-0.163523309	-0.163523309	-0.163523309	-0.163523309	-0.163523309	-0.147171054	-0.147171054	-0.147171054	-0.147171054	-0.147171054	-0.147171054	-0.147171054	-0.147171054	-0.147171054	-0.147171054	-0.147171054	-0.147171054	-0.147171054	-0.147171054	-0.147171054	-0.147171054	-0.147171054	-0.147171054	-0.147171054	-0.147171054	-0.147171054	-0.147171054	-0.147171054	-0.147171054	-0.147171054	-0.147171054	-0.147171054	-0.147171054	-0.147171054	-0.147171054	-0.147171054	-0.130818775	-0.130818775	-0.130818775	-0.130818775	-0.130818775	-0.130818775	-0.130818775	-0.130818775	-0.130818775	-0.130818775	-0.130818775	-0.130818775	-0.130818775	-0.130818775	-0.130818775	-0.130818775	-0.130818775	-0.130818775	-0.130818775	-0.130818775	-0.130818775	-0.130818775	-0.130818775	-0.130818775	-0.130818775	-0.130818775	-0.130818775	-0.130818775	-0.130818775	-0.130818775	-0.130818775	-0.114466475	-0.114466475	-0.114466475	-0.114466475	-0.114466475	-0.114466475	-0.114466475	-0.114466475	-0.114466475	-0.114466475	-0.114466475	-0.114466475	-0.114466475	-0.114466475	-0.114466475	-0.114466475	-0.114466475	-0.114466475	-0.114466475	-0.114466475	-0.114466475	-0.114466475	-0.114466475	-0.114466475	-0.114466475	-0.114466475	-0.114466475	-0.114466475	-0.114466475	-0.114466475	-0.114466475	-0.098114156	-0.098114156	-0.098114156	-0.098114156	-0.098114156	-0.098114156	-0.098114156	-0.098114156	-0.098114156	-0.098114156	-0.098114156	-0.098114156	-0.098114156	-0.098114156	-0.098114156	-0.098114156	-0.098114156	-0.098114156	-0.098114156	-0.098114156	-0.098114156	-0.098114156	-0.098114156	-0.098114156	-0.098114156	-0.098114156	-0.098114156	-0.098114156	-0.098114156	-0.098114156	-0.098114156	-0.081761821	-0.081761821	-0.081761821	-0.081761821	-0.081761821	-0.081761821	-0.081761821	-0.081761821	-0.081761821	-0.081761821	-0.081761821	-0.081761821	-0.081761821	-0.081761821	-0.081761821	-0.081761821	-0.081761821	-0.081761821	-0.081761821	-0.081761821	-0.081761821	-0.081761821	-0.081761821	-0.081761821	-0.081761821	-0.081761821	-0.081761821	-0.081761821	-0.081761821	-0.081761821	-0.081761821	-0.065409473	-0.065409473	-0.065409473	-0.065409473	-0.065409473	-0.065409473	-0.065409473	-0.065409473	-0.065409473	-0.065409473	-0.065409473	-0.065409473	-0.065409473	-0.065409473	-0.065409473	-0.065409473	-0.065409473	-0.065409473	-0.065409473	-0.065409473	-0.065409473	-0.065409473	-0.065409473	-0.065409473	-0.065409473	-0.065409473	-0.065409473	-0.065409473	-0.065409473	-0.065409473	-0.065409473	-0.049057114	-0.049057114	-0.049057114	-0.049057114	-0.049057114	-0.049057114	-0.049057114	-0.049057114	-0.049057114	-0.049057114	-0.049057114	-0.049057114	-0.049057114	-0.049057114	-0.049057114	-0.049057114	-0.049057114	-0.049057114	-0.049057114	-0.049057114	-0.049057114	-0.049057114	-0.049057114	-0.049057114	-0.049057114	-0.049057114	-0.049057114	-0.049057114	-0.049057114	-0.049057114	-0.049057114	-0.032704747	-0.032704747	-0.032704747	-0.032704747	-0.032704747	-0.032704747	-0.032704747	-0.032704747	-0.032704747	-0.032704747	-0.032704747	-0.032704747	-0.032704747	-0.032704747	-0.032704747	-0.032704747	-0.032704747	-0.032704747	-0.032704747	-0.032704747	-0.032704747	-0.032704747	-0.032704747	-0.032704747	-0.032704747	-0.032704747	-0.032704747	-0.032704747	-0.032704747	-0.032704747	-0.032704747	-0.016352375	-0.016352375	-0.016352375	-0.016352375	-0.016352375	-0.016352375	-0.016352375	-0.016352375	-0.016352375	-0.016352375	-0.016352375	-0.016352375	-0.016352375	-0.016352375	-0.016352375	-0.016352375	-0.016352375	-0.016352375	-0.016352375	-0.016352375	-0.016352375	-0.016352375	-0.016352375	-0.016352375	-0.016352375	-0.016352375	-0.016352375	-0.016352375	-0.016352375	-0.016352375	-0.016352375	0	0	0	0	0	0	0	0	0	0	0	0	0	0	0	0	0	0	0	0	0	0	0	0	0	0	0	0	0	0	0	0.016352375	0.016352375	0.016352375	0.016352375	0.016352375	0.016352375	0.016352375	0.016352375	0.016352375	0.016352375	0.016352375	0.016352375	0.016352375	0.016352375	0.016352375	0.016352375	0.016352375	0.016352375	0.016352375	0.016352375	0.016352375	0.016352375	0.016352375	0.016352375	0.016352375	0.016352375	0.016352375	0.016352375	0.016352375	0.016352375	0.016352375	0.032704747	0.032704747	0.032704747	0.032704747	0.032704747	0.032704747	0.032704747	0.032704747	0.032704747	0.032704747	0.032704747	0.032704747	0.032704747	0.032704747	0.032704747	0.032704747	0.032704747	0.032704747	0.032704747	0.032704747	0.032704747	0.032704747	0.032704747	0.032704747	0.032704747	0.032704747	0.032704747	0.032704747	0.032704747	0.032704747	0.032704747	0.049057114	0.049057114	0.049057114	0.049057114	0.049057114	0.049057114	0.049057114	0.049057114	0.049057114	0.049057114	0.049057114	0.049057114	0.049057114	0.049057114	0.049057114	0.049057114	0.049057114	0.049057114	0.049057114	0.049057114	0.049057114	0.049057114	0.049057114	0.049057114	0.049057114	0.049057114	0.049057114	0.049057114	0.049057114	0.049057114	0.049057114	0.065409473	0.065409473	0.065409473	0.065409473	0.065409473	0.065409473	0.065409473	0.065409473	0.065409473	0.065409473	0.065409473	0.065409473	0.065409473	0.065409473	0.065409473	0.065409473	0.065409473	0.065409473	0.065409473	0.065409473	0.065409473	0.065409473	0.065409473	0.065409473	0.065409473	0.065409473	0.065409473	0.065409473	0.065409473	0.065409473	0.065409473	0.081761821	0.081761821	0.081761821	0.081761821	0.081761821	0.081761821	0.081761821	0.081761821	0.081761821	0.081761821	0.081761821	0.081761821	0.081761821	0.081761821	0.081761821	0.081761821	0.081761821	0.081761821	0.081761821	0.081761821	0.081761821	0.081761821	0.081761821	0.081761821	0.081761821	0.081761821	0.081761821	0.081761821	0.081761821	0.081761821	0.081761821	0.098114156	0.098114156	0.098114156	0.098114156	0.098114156	0.098114156	0.098114156	0.098114156	0.098114156	0.098114156	0.098114156	0.098114156	0.098114156	0.098114156	0.098114156	0.098114156	0.098114156	0.098114156	0.098114156	0.098114156	0.098114156	0.098114156	0.098114156	0.098114156	0.098114156	0.098114156	0.098114156	0.098114156	0.098114156	0.098114156	0.098114156	0.114466475	0.114466475	0.114466475	0.114466475	0.114466475	0.114466475	0.114466475	0.114466475	0.114466475	0.114466475	0.114466475	0.114466475	0.114466475	0.114466475	0.114466475	0.114466475	0.114466475	0.114466475	0.114466475	0.114466475	0.114466475	0.114466475	0.114466475	0.114466475	0.114466475	0.114466475	0.114466475	0.114466475	0.114466475	0.114466475	0.114466475	0.130818775	0.130818775	0.130818775	0.130818775	0.130818775	0.130818775	0.130818775	0.130818775	0.130818775	0.130818775	0.130818775	0.130818775	0.130818775	0.130818775	0.130818775	0.130818775	0.130818775	0.130818775	0.130818775	0.130818775	0.130818775	0.130818775	0.130818775	0.130818775	0.130818775	0.130818775	0.130818775	0.130818775	0.130818775	0.130818775	0.130818775	0.147171054	0.147171054	0.147171054	0.147171054	0.147171054	0.147171054	0.147171054	0.147171054	0.147171054	0.147171054	0.147171054	0.147171054	0.147171054	0.147171054	0.147171054	0.147171054	0.147171054	0.147171054	0.147171054	0.147171054	0.147171054	0.147171054	0.147171054	0.147171054	0.147171054	0.147171054	0.147171054	0.147171054	0.147171054	0.147171054	0.147171054	0.163523309	0.163523309	0.163523309	0.163523309	0.163523309	0.163523309	0.163523309	0.163523309	0.163523309	0.163523309	0.163523309	0.163523309	0.163523309	0.163523309	0.163523309	0.163523309	0.163523309	0.163523309	0.163523309	0.163523309	0.163523309	0.163523309	0.163523309	0.163523309	0.163523309	0.163523309	0.163523309	0.163523309	0.163523309	0.163523309	0.163523309	0.179875537	0.179875537	0.179875537	0.179875537	0.179875537	0.179875537	0.179875537	0.179875537	0.179875537	0.179875537	0.179875537	0.179875537	0.179875537	0.179875537	0.179875537	0.179875537	0.179875537	0.179875537	0.179875537	0.179875537	0.179875537	0.179875537	0.179875537	0.179875537	0.179875537	0.179875537	0.179875537	0.179875537	0.179875537	0.179875537	0.179875537	0.196227736	0.196227736	0.196227736	0.196227736	0.196227736	0.196227736	0.196227736	0.196227736	0.196227736	0.196227736	0.196227736	0.196227736	0.196227736	0.196227736	0.196227736	0.196227736	0.196227736	0.196227736	0.196227736	0.196227736	0.196227736	0.196227736	0.196227736	0.196227736	0.196227736	0.196227736	0.196227736	0.196227736	0.196227736	0.196227736	0.196227736	0.212579903	0.212579903	0.212579903	0.212579903	0.212579903	0.212579903	0.212579903	0.212579903	0.212579903	0.212579903	0.212579903	0.212579903	0.212579903	0.212579903	0.212579903	0.212579903	0.212579903	0.212579903	0.212579903	0.212579903	0.212579903	0.212579903	0.212579903	0.212579903	0.212579903	0.212579903	0.212579903	0.212579903	0.212579903	0.212579903	0.212579903	0.228932035	0.228932035	0.228932035	0.228932035	0.228932035	0.228932035	0.228932035	0.228932035	0.228932035	0.228932035	0.228932035	0.228932035	0.228932035	0.228932035	0.228932035	0.228932035	0.228932035	0.228932035	0.228932035	0.228932035	0.228932035	0.228932035	0.228932035	0.228932035	0.228932035	0.228932035	0.228932035	0.228932035	0.228932035	0.228932035	0.228932035	0.245284131	0.245284131	0.245284131	0.245284131	0.245284131	0.245284131	0.245284131	0.245284131	0.245284131	0.245284131	0.245284131	0.245284131	0.245284131	0.245284131	0.245284131	0.245284131	0.245284131	0.245284131	0.245284131	0.245284131	0.245284131	0.245284131	0.245284131	0.245284131	0.245284131	0.245284131	0.245284131	0.245284131	0.245284131	0.245284131	0.245284131	deg
dv:Tf/Scatterer1/L9/Values  =	961	2.5061	2.5061	2.5061	2.5061	2.5061	2.5061	2.5061	2.5061	2.5061	2.5061	2.5061	2.5061	2.5061	2.5061	2.5061	2.5061	2.5061	2.5061	2.5061	2.5061	2.5061	2.5061	2.5061	2.5061	2.5061	2.5061	2.5061	2.5061	2.5061	2.5061	2.5061	2.5061	2.5061	2.5061	2.5061	2.5061	2.5061	2.5061	2.5061	2.5061	2.5061	2.5061	2.5061	2.5061	2.5061	2.5061	2.5061	2.5061	2.5061	2.5061	2.5061	2.5061	2.5061	2.5061	2.5061	2.5061	2.5061	2.5061	2.5061	2.5061	2.5061	2.5061	2.5061	2.5061	2.5061	2.5061	2.5061	2.5061	2.5061	2.5061	2.5061	2.5061	2.5061	2.5061	2.5061	2.5061	2.5061	2.5061	2.5061	2.5061	2.5061	2.5061	2.5061	2.5061	2.5061	2.5061	2.5061	2.5061	2.5061	2.5061	2.5061	2.5061	2.5061	2.5061	2.5061	2.5061	2.5061	2.5061	2.5061	2.5061	2.5061	2.5061	2.5061	2.5061	2.5061	2.5061	2.5061	2.5061	2.5061	2.5061	2.5061	2.5061	2.5061	2.5061	2.5061	2.5061	2.5061	2.5061	2.5061	2.5061	2.5061	2.5061	2.5061	2.5061	2.5061	2.5061	2.5061	2.5061	2.5061	2.5061	2.5061	2.5061	2.5061	2.5061	2.5061	2.5061	2.5061	2.5061	2.5061	2.5061	2.5061	2.5061	2.5061	2.5061	2.5061	2.5061	2.5061	2.5061	2.5061	2.5061	2.5061	2.5061	2.5061	2.5061	2.5061	2.5061	2.5061	2.5061	2.5061	2.5061	2.5061	2.5061	2.5061	2.5061	2.5061	2.5061	2.5061	2.5061	2.5061	2.5061	2.5061	2.5061	2.5061	2.5061	2.5061	2.5061	2.5061	2.5061	2.5061	2.5061	2.5061	2.5061	2.5061	2.5061	2.5061	2.5061	2.5061	2.5061	2.5061	2.5061	2.5061	2.5061	2.5061	2.5061	2.5061	2.5061	2.5061	2.5061	2.5061	2.5061	2.5061	2.5061	2.5061	2.5061	2.5061	2.5061	2.5061	2.5061	2.5061	2.5061	2.5061	2.5061	2.5061	2.5061	2.5061	2.5061	2.5061	2.5061	2.5061	2.5061	2.5061	2.5061	2.5061	2.5061	2.5061	2.5061	2.5061	2.5061	2.5061	2.5061	2.5061	2.5061	2.5061	2.5061	2.5061	2.5061	2.5061	2.5061	2.5061	2.5061	2.5061	2.5061	2.5061	2.5061	2.5061	2.5061	2.5061	2.5061	2.5061	2.5061	2.5061	2.5061	2.5061	2.5061	2.5061	2.5061	2.5061	2.5061	2.5061	2.5061	2.5061	2.5061	2.5061	2.5061	2.5061	2.5061	2.5061	2.5061	2.5061	2.5061	2.5061	2.5061	2.5061	2.5061	2.5061	2.5061	2.5061	2.5061	2.5061	2.5061	2.5061	2.5061	2.5061	2.5061	2.5061	2.5061	2.5061	2.5061	2.5061	2.5061	2.5061	2.5061	2.5061	2.5061	2.5061	2.5061	2.5061	2.5061	2.5061	2.5061	2.5061	2.5061	2.5061	2.5061	2.5061	2.5061	2.5061	2.5061	2.5061	2.5061	2.5061	2.5061	2.5061	2.5061	2.5061	2.5061	2.5061	2.5061	2.5061	2.5061	2.5061	2.5061	2.5061	2.5061	2.5061	2.5061	2.5061	2.5061	2.5061	2.5061	2.5061	2.5061	2.5061	2.5061	2.5061	2.5061	2.5061	2.5061	2.5061	2.5061	2.5061	2.5061	2.5061	2.5061	2.5061	2.5061	2.5061	2.5061	2.5061	2.5061	2.5061	2.5061	2.5061	2.5061	2.5061	2.5061	2.5061	2.5061	2.5061	2.5061	2.5061	2.5061	2.5061	2.5061	2.5061	2.5061	2.5061	2.5061	2.5061	2.5061	2.5061	2.5061	2.5061	2.5061	2.5061	2.5061	2.5061	2.5061	2.5061	2.5061	2.5061	2.5061	2.5061	2.5061	2.5061	2.5061	2.5061	2.5061	2.5061	2.5061	2.5061	2.5061	2.5061	2.5061	2.5061	2.5061	2.5061	2.5061	2.5061	2.5061	2.5061	2.5061	2.5061	2.5061	2.5061	2.5061	2.5061	2.5061	2.5061	2.5061	2.5061	2.5061	2.5061	2.5061	2.5061	2.5061	2.5061	2.5061	2.5061	2.5061	2.5061	2.5061	2.5061	2.5061	2.5061	2.5061	2.5061	2.5061	2.5061	2.5061	2.5061	2.5061	2.5061	2.5061	2.5061	2.5061	2.5061	2.5061	2.5061	2.5061	2.5061	2.5061	2.5061	2.5061	2.5061	2.5061	2.5061	2.5061	2.5061	2.5061	2.5061	2.5061	2.5061	2.5061	2.5061	2.5061	2.5061	2.5061	2.5061	2.5061	2.5061	2.5061	2.5061	2.5061	2.5061	2.5061	2.5061	2.5061	2.5061	2.5061	2.5061	2.5061	2.5061	2.5061	2.5061	2.5061	2.5061	2.5061	2.5061	2.5061	2.5061	2.5061	2.5061	2.5061	2.5061	2.5061	2.5061	2.5061	2.5061	2.5061	2.5061	2.5061	2.5061	2.5061	2.5061	2.5061	2.5061	2.5061	2.5061	2.5061	2.5061	2.5061	2.5061	2.5061	2.5061	2.5061	2.5061	2.5061	2.5061	2.5061	2.5061	2.5061	2.5061	2.5061	2.5061	2.5061	2.5061	2.5061	2.5061	2.5061	2.5061	2.5061	2.5061	2.5061	2.5061	2.5061	2.5061	2.5061	2.5061	2.5061	2.5061	2.5061	2.5061	2.5061	2.5061	2.5061	2.5061	2.5061	2.5061	2.5061	2.5061	2.5061	2.5061	2.5061	2.5061	2.5061	2.5061	2.5061	2.5061	2.5061	2.5061	2.5061	2.5061	2.5061	2.5061	2.5061	2.5061	2.5061	2.5061	2.5061	2.5061	2.5061	2.5061	2.5061	2.5061	2.5061	2.5061	2.5061	2.5061	2.5061	2.5061	2.5061	2.5061	2.5061	2.5061	2.5061	2.5061	2.5061	2.5061	2.5061	2.5061	2.5061	2.5061	2.5061	2.5061	2.5061	2.5061	2.5061	2.5061	2.5061	2.5061	2.5061	2.5061	2.5061	2.5061	2.5061	2.5061	2.5061	2.5061	2.5061	2.5061	2.5061	2.5061	2.5061	2.5061	2.5061	2.5061	2.5061	2.5061	2.5061	2.5061	2.5061	2.5061	2.5061	2.5061	2.5061	2.5061	2.5061	2.5061	2.5061	2.5061	2.5061	2.5061	2.5061	2.5061	2.5061	2.5061	2.5061	2.5061	2.5061	2.5061	2.5061	2.5061	2.5061	2.5061	2.5061	2.5061	2.5061	2.5061	2.5061	2.5061	2.5061	2.5061	2.5061	2.5061	2.5061	2.5061	2.5061	2.5061	2.5061	2.5061	2.5061	2.5061	2.5061	2.5061	2.5061	2.5061	2.5061	2.5061	2.5061	2.5061	2.5061	2.5061	2.5061	2.5061	2.5061	2.5061	2.5061	2.5061	2.5061	2.5061	2.5061	2.5061	2.5061	2.5061	2.5061	2.5061	2.5061	2.5061	2.5061	2.5061	2.5061	2.5061	2.5061	2.5061	2.5061	2.5061	2.5061	2.5061	2.5061	2.5061	2.5061	2.5061	2.5061	2.5061	2.5061	2.5061	2.5061	2.5061	2.5061	2.5061	2.5061	2.5061	2.5061	2.5061	2.5061	2.5061	2.5061	2.5061	2.5061	2.5061	2.5061	2.5061	2.5061	2.5061	2.5061	2.5061	2.5061	2.5061	2.5061	2.5061	2.5061	2.5061	2.5061	2.5061	2.5061	2.5061	2.5061	2.5061	2.5061	2.5061	2.5061	2.5061	2.5061	2.5061	2.5061	2.5061	2.5061	2.5061	2.5061	2.5061	2.5061	2.5061	2.5061	2.5061	2.5061	2.5061	2.5061	2.5061	2.5061	2.5061	2.5061	2.5061	2.5061	2.5061	2.5061	2.5061	2.5061	2.5061	2.5061	2.5061	2.5061	2.5061	2.5061	2.5061	2.5061	2.5061	2.5061	2.5061	2.5061	2.5061	2.5061	2.5061	2.5061	2.5061	2.5061	2.5061	2.5061	2.5061	2.5061	2.5061	2.5061	2.5061	2.5061	2.5061	2.5061	2.5061	2.5061	2.5061	2.5061	2.5061	2.5061	2.5061	2.5061	2.5061	2.5061	2.5061	2.5061	2.5061	2.5061	2.5061	2.5061	2.5061	2.5061	2.5061	2.5061	2.5061	2.5061	2.5061	2.5061	2.5061	2.5061	2.5061	2.5061	2.5061	2.5061	2.5061	2.5061	2.5061	2.5061	2.5061	2.5061	2.5061	2.5061	2.5061	2.5061	2.5061	2.5061	2.5061	2.5061	2.5061	2.5061	2.5061	2.5061	2.5061	2.5061	2.5061	2.5061	2.5061	2.5061	2.5061	2.5061	2.5061	2.5061	2.5061	2.5061	2.5061	2.5061	2.5061	2.5061	2.5061	2.5061	2.5061	2.5061	2.5061	2.5061	2.5061	2.5061	2.5061	2.5061	2.5061	2.5061	2.5061	2.5061	2.5061	2.5061	2.5061	2.5061	2.5061	2.5061	2.5061	2.5061	2.5061	2.5061	2.5061	2.5061	2.5061	2.5061	2.5061	2.5061	2.5061	2.5061	2.5061	2.5061	2.5061	2.5061	2.5061	2.5061	2.5061	2.5061	2.5061	2.5061	2.5061	2.5061	2.5061	2.5061	2.5061	2.5061	2.5061	2.5061	2.5061	2.5061	2.5061	2.5061	2.5061	2.5061	2.5061	2.5061	2.5061	2.5061	2.5061	2.5061	2.5061	2.5061	2.5061	2.5061	2.5061	2.5061	2.5061	2.5061	2.5061	2.5061	2.5061	2.5061	2.5061	2.5061	2.5061	2.5061	2.5061	2.5061	2.5061	2.5061	2.5061	2.5061	2.5061	2.5061	2.5061	2.5061	2.5061	2.5061	2.5061	2.5061	2.5061	2.5061	2.5061	2.5061	2.5061	2.5061	2.5061	2.5061	2.5061	2.5061	2.5061	2.5061	2.5061	2.5061	2.5061	2.5061	2.5061	2.5061	2.5061	mm
uv:Tf/Scatterer1/L10/Values  = 	961	0.0051	0.0051	0.0051	0.0051	0.0051	0.0051	0.0051	0.0051	0.0051	0.0051	0.0051	0.0051	0.0051	0.0051	0.0051	0.0051	0.0051	0.0051	0.0051	0.0051	0.0051	0.0051	0.0051	0.0051	0.0051	0.0051	0.0051	0.0051	0.0051	0.0051	0.0051	0.0051	0.0051	0.0051	0.0051	0.0051	0.0051	0.0051	0.0051	0.0051	0.0051	0.0051	0.0051	0.0051	0.0051	0.0051	0.0051	0.0051	0.0051	0.0051	0.0051	0.0051	0.0051	0.0051	0.0051	0.0051	0.0051	0.0051	0.0051	0.0051	0.0051	0.0051	0.0051	0.0051	0.0051	0.0051	0.0051	0.0051	0.0051	0.0051	0.0051	0.0051	0.0051	0.0051	0.0051	0.0051	0.0051	0.0051	0.0051	0.0051	0.0051	0.0051	0.0051	0.0051	0.0051	0.0051	0.0051	0.0051	0.0051	0.0051	0.0051	0.0051	0.0051	0.0051	0.0051	0.0051	0.0051	0.0051	0.0051	0.0051	0.0051	0.0051	0.0051	0.0051	0.0051	0.0051	0.0051	0.0051	0.0051	0.0051	0.0051	0.0051	0.0051	0.0051	0.0051	0.0051	0.0051	0.0051	0.0051	0.0051	0.0051	0.0051	0.0051	0.0051	0.0051	0.0051	0.0051	0.0051	0.0051	0.0051	0.0051	0.0051	0.0051	0.0051	0.0051	0.0051	0.0051	0.0051	0.0051	0.0051	0.0051	0.0051	0.0051	0.0051	0.0051	0.0051	0.0051	0.0051	0.0051	0.0051	0.0051	0.0051	0.0051	0.0051	0.0051	0.0051	0.0051	0.0051	0.0051	0.0051	0.0051	0.0051	0.0051	0.0051	0.0051	0.0051	0.0051	0.0051	0.0051	0.0051	0.0051	0.0051	0.0051	0.0051	0.0051	0.0051	0.0051	0.0051	0.0051	0.0051	0.0051	0.0051	0.0051	0.0051	0.0051	0.0051	0.0051	0.0051	0.0051	0.0051	0.0051	0.0051	0.0051	0.0051	0.0051	0.0051	0.0051	0.0051	0.0051	0.0051	0.0051	0.0051	0.0051	0.0051	0.0051	0.0051	0.0051	0.0051	0.0051	0.0051	0.0051	0.0051	0.0051	0.0051	0.0051	0.0051	0.0051	0.0051	0.0051	0.0051	0.0051	0.0051	0.0051	0.0051	0.0051	0.0051	0.0051	0.0051	0.0051	0.0051	0.0051	0.0051	0.0051	0.0051	0.0051	0.0051	0.0051	0.0051	0.0051	0.0051	0.0051	0.0051	0.0051	0.0051	0.0051	0.0051	0.0051	0.0051	0.0051	0.0051	0.0051	0.0051	0.0051	0.0051	0.0051	0.0051	0.0051	0.0051	0.0051	0.0051	0.0051	0.0051	0.0051	0.0051	0.0051	0.0051	0.0051	0.0051	0.0051	0.0051	0.0051	0.0051	0.0051	0.0051	0.0051	0.0051	0.0051	0.0051	0.0051	0.0051	0.0051	0.0051	0.0051	0.0051	0.0051	0.0051	0.0051	0.0051	0.0051	0.0051	0.0051	0.0051	0.0051	0.0051	0.0051	0.0051	0.0051	0.0051	0.0051	0.0051	0.0051	0.0051	0.0051	0.0051	0.0051	0.0051	0.0051	0.0051	0.0051	0.0051	0.0051	0.0051	0.0051	0.0051	0.0051	0.0051	0.0051	0.0051	0.0051	0.0051	0.0051	0.0051	0.0051	0.0051	0.0051	0.0051	0.0051	0.0051	0.0051	0.0051	0.0051	0.0051	0.0051	0.0051	0.0051	0.0051	0.0051	0.0051	0.0051	0.0051	0.0051	0.0051	0.0051	0.0051	0.0051	0.0051	0.0051	0.0051	0.0051	0.0051	0.0051	0.0051	0.0051	0.0051	0.0051	0.0051	0.0051	0.0051	0.0051	0.0051	0.0051	0.0051	0.0051	0.0051	0.0051	0.0051	0.0051	0.0051	0.0051	0.0051	0.0051	0.0051	0.0051	0.0051	0.0051	0.0051	0.0051	0.0051	0.0051	0.0051	0.0051	0.0051	0.0051	0.0051	0.0051	0.0051	0.0051	0.0051	0.0051	0.0051	0.0051	0.0051	0.0051	0.0051	0.0051	0.0051	0.0051	0.0051	0.0051	0.0051	0.0051	0.0051	0.0051	0.0051	0.0051	0.0051	0.0051	0.0051	0.0051	0.0051	0.0051	0.0051	0.0051	0.0051	0.0051	0.0051	0.0051	0.0051	0.0051	0.0051	0.0051	0.0051	0.0051	0.0051	0.0051	0.0051	0.0051	0.0051	0.0051	0.0051	0.0051	0.0051	0.0051	0.0051	0.0051	0.0051	0.0051	0.0051	0.0051	0.0051	0.0051	0.0051	0.0051	0.0051	0.0051	0.0051	0.0051	0.0051	0.0051	0.0051	0.0051	0.0051	0.0051	0.0051	0.0051	0.0051	0.0051	0.0051	0.0051	0.0051	0.0051	0.0051	0.0051	0.0051	0.0051	0.0051	0.0051	0.0051	0.0051	0.0051	0.0051	0.0051	0.0051	0.0051	0.0051	0.0051	0.0051	0.0051	0.0051	0.0051	0.0051	0.0051	0.0051	0.0051	0.0051	0.0051	0.0051	0.0051	0.0051	0.0051	0.0051	0.0051	0.0051	0.0051	0.0051	0.0051	0.0051	0.0051	0.0051	0.0051	0.0051	0.0051	0.0051	0.0051	0.0051	0.0051	0.0051	0.0051	0.0051	0.0051	0.0051	0.0051	0.0051	0.0051	0.0051	0.0051	0.0051	0.0051	0.0051	0.0051	0.0051	0.0051	0.0051	0.0051	0.0051	0.0051	0.0051	0.0051	0.0051	0.0051	0.0051	0.0051	0.0051	0.0051	0.0051	0.0051	0.0051	0.0051	0.0051	0.0051	0.0051	0.0051	0.0051	0.0051	0.0051	0.0051	0.0051	0.0051	0.0051	0.0051	0.0051	0.0051	0.0051	0.0051	0.0051	0.0051	0.0051	0.0051	0.0051	0.0051	0.0051	0.0051	0.0051	0.0051	0.0051	0.0051	0.0051	0.0051	0.0051	0.0051	0.0051	0.0051	0.0051	0.0051	0.0051	0.0051	0.0051	0.0051	0.0051	0.0051	0.0051	0.0051	0.0051	0.0051	0.0051	0.0051	0.0051	0.0051	0.0051	0.0051	0.0051	0.0051	0.0051	0.0051	0.0051	0.0051	0.0051	0.0051	0.0051	0.0051	0.0051	0.0051	0.0051	0.0051	0.0051	0.0051	0.0051	0.0051	0.0051	0.0051	0.0051	0.0051	0.0051	0.0051	0.0051	0.0051	0.0051	0.0051	0.0051	0.0051	0.0051	0.0051	0.0051	0.0051	0.0051	0.0051	0.0051	0.0051	0.0051	0.0051	0.0051	0.0051	0.0051	0.0051	0.0051	0.0051	0.0051	0.0051	0.0051	0.0051	0.0051	0.0051	0.0051	0.0051	0.0051	0.0051	0.0051	0.0051	0.0051	0.0051	0.0051	0.0051	0.0051	0.0051	0.0051	0.0051	0.0051	0.0051	0.0051	0.0051	0.0051	0.0051	0.0051	0.0051	0.0051	0.0051	0.0051	0.0051	0.0051	0.0051	0.0051	0.0051	0.0051	0.0051	0.0051	0.0051	0.0051	0.0051	0.0051	0.0051	0.0051	0.0051	0.0051	0.0051	0.0051	0.0051	0.0051	0.0051	0.0051	0.0051	0.0051	0.0051	0.0051	0.0051	0.0051	0.0051	0.0051	0.0051	0.0051	0.0051	0.0051	0.0051	0.0051	0.0051	0.0051	0.0051	0.0051	0.0051	0.0051	0.0051	0.0051	0.0051	0.0051	0.0051	0.0051	0.0051	0.0051	0.0051	0.0051	0.0051	0.0051	0.0051	0.0051	0.0051	0.0051	0.0051	0.0051	0.0051	0.0051	0.0051	0.0051	0.0051	0.0051	0.0051	0.0051	0.0051	0.0051	0.0051	0.0051	0.0051	0.0051	0.0051	0.0051	0.0051	0.0051	0.0051	0.0051	0.0051	0.0051	0.0051	0.0051	0.0051	0.0051	0.0051	0.0051	0.0051	0.0051	0.0051	0.0051	0.0051	0.0051	0.0051	0.0051	0.0051	0.0051	0.0051	0.0051	0.0051	0.0051	0.0051	0.0051	0.0051	0.0051	0.0051	0.0051	0.0051	0.0051	0.0051	0.0051	0.0051	0.0051	0.0051	0.0051	0.0051	0.0051	0.0051	0.0051	0.0051	0.0051	0.0051	0.0051	0.0051	0.0051	0.0051	0.0051	0.0051	0.0051	0.0051	0.0051	0.0051	0.0051	0.0051	0.0051	0.0051	0.0051	0.0051	0.0051	0.0051	0.0051	0.0051	0.0051	0.0051	0.0051	0.0051	0.0051	0.0051	0.0051	0.0051	0.0051	0.0051	0.0051	0.0051	0.0051	0.0051	0.0051	0.0051	0.0051	0.0051	0.0051	0.0051	0.0051	0.0051	0.0051	0.0051	0.0051	0.0051	0.0051	0.0051	0.0051	0.0051	0.0051	0.0051	0.0051	0.0051	0.0051	0.0051	0.0051	0.0051	0.0051	0.0051	0.0051	0.0051	0.0051	0.0051	0.0051	0.0051	0.0051	0.0051	0.0051	0.0051	0.0051	0.0051	0.0051	0.0051	0.0051	0.0051	0.0051	0.0051	0.0051	0.0051	0.0051	0.0051	0.0051	0.0051	0.0051	0.0051	0.0051	0.0051	0.0051	0.0051	0.0051	0.0051	0.0051	0.0051	0.0051	0.0051	0.0051	0.0051	0.0051	0.0051	0.0051	0.0051	0.0051	0.0051	0.0051	0.0051	0.0051	0.0051	0.0051	0.0051	0.0051	0.0051	0.0051	0.0051	0.0051	0.0051	0.0051	0.0051	0.0051	0.0051	0.0051	0.0051	0.0051	0.0051	0.0051	0.0051	0.0051	0.0051	0.0051	0.0051	0.0051	0.0051	0.0051	0.0051	0.0051	0.0051	0.0051	0.0051	0.0051	0.0051	0.0051	0.0051	0.0051	0.0051	0.0051	0.0051	0.0051	0.0051	0.0051	0.0051	0.0051	0.0051	0.0051	0.0051	0.0051	0.0051	0.0051	0.0051	0.0051	0.0051	0.0051	0.0051	0.0051	0.0051	0.0051	0.0051	0.0051	0.0051	0.0051	0.0051	0.0051
uv:Tf/Scatterer1/L11/Values  =	961	0.4177	0.4177	0.4177	0.4177	0.4177	0.4177	0.4177	0.4177	0.4177	0.4177	0.4177	0.4177	0.4177	0.4177	0.4177	0.4177	0.4177	0.4177	0.4177	0.4177	0.4177	0.4177	0.4177	0.4177	0.4177	0.4177	0.4177	0.4177	0.4177	0.4177	0.4177	0.4177	0.4177	0.4177	0.4177	0.4177	0.4177	0.4177	0.4177	0.4177	0.4177	0.4177	0.4177	0.4177	0.4177	0.4177	0.4177	0.4177	0.4177	0.4177	0.4177	0.4177	0.4177	0.4177	0.4177	0.4177	0.4177	0.4177	0.4177	0.4177	0.4177	0.4177	0.4177	0.4177	0.4177	0.4177	0.4177	0.4177	0.4177	0.4177	0.4177	0.4177	0.4177	0.4177	0.4177	0.4177	0.4177	0.4177	0.4177	0.4177	0.4177	0.4177	0.4177	0.4177	0.4177	0.4177	0.4177	0.4177	0.4177	0.4177	0.4177	0.4177	0.4177	0.4177	0.4177	0.4177	0.4177	0.4177	0.4177	0.4177	0.4177	0.4177	0.4177	0.4177	0.4177	0.4177	0.4177	0.4177	0.4177	0.4177	0.4177	0.4177	0.4177	0.4177	0.4177	0.4177	0.4177	0.4177	0.4177	0.4177	0.4177	0.4177	0.4177	0.4177	0.4177	0.4177	0.4177	0.4177	0.4177	0.4177	0.4177	0.4177	0.4177	0.4177	0.4177	0.4177	0.4177	0.4177	0.4177	0.4177	0.4177	0.4177	0.4177	0.4177	0.4177	0.4177	0.4177	0.4177	0.4177	0.4177	0.4177	0.4177	0.4177	0.4177	0.4177	0.4177	0.4177	0.4177	0.4177	0.4177	0.4177	0.4177	0.4177	0.4177	0.4177	0.4177	0.4177	0.4177	0.4177	0.4177	0.4177	0.4177	0.4177	0.4177	0.4177	0.4177	0.4177	0.4177	0.4177	0.4177	0.4177	0.4177	0.4177	0.4177	0.4177	0.4177	0.4177	0.4177	0.4177	0.4177	0.4177	0.4177	0.4177	0.4177	0.4177	0.4177	0.4177	0.4177	0.4177	0.4177	0.4177	0.4177	0.4177	0.4177	0.4177	0.4177	0.4177	0.4177	0.4177	0.4177	0.4177	0.4177	0.4177	0.4177	0.4177	0.4177	0.4177	0.4177	0.4177	0.4177	0.4177	0.4177	0.4177	0.4177	0.4177	0.4177	0.4177	0.4177	0.4177	0.4177	0.4177	0.4177	0.4177	0.4177	0.4177	0.4177	0.4177	0.4177	0.4177	0.4177	0.4177	0.4177	0.4177	0.4177	0.4177	0.4177	0.4177	0.4177	0.4177	0.4177	0.4177	0.4177	0.4177	0.4177	0.4177	0.4177	0.4177	0.4177	0.4177	0.4177	0.4177	0.4177	0.4177	0.4177	0.4177	0.4177	0.4177	0.4177	0.4177	0.4177	0.4177	0.4177	0.4177	0.4177	0.4177	0.4177	0.4177	0.4177	0.4177	0.4177	0.4177	0.4177	0.4177	0.4177	0.4177	0.4177	0.4177	0.4177	0.4177	0.4177	0.4177	0.4177	0.4177	0.4177	0.4177	0.4177	0.4177	0.4177	0.4177	0.4177	0.4177	0.4177	0.4177	0.4177	0.4177	0.4177	0.4177	0.4177	0.4177	0.4177	0.4177	0.4177	0.4177	0.4177	0.4177	0.4177	0.4177	0.4177	0.4177	0.4177	0.4177	0.4177	0.4177	0.4177	0.4177	0.4177	0.4177	0.4177	0.4177	0.4177	0.4177	0.4177	0.4177	0.4177	0.4177	0.4177	0.4177	0.4177	0.4177	0.4177	0.4177	0.4177	0.4177	0.4177	0.4177	0.4177	0.4177	0.4177	0.4177	0.4177	0.4177	0.4177	0.4177	0.4177	0.4177	0.4177	0.4177	0.4177	0.4177	0.4177	0.4177	0.4177	0.4177	0.4177	0.4177	0.4177	0.4177	0.4177	0.4177	0.4177	0.4177	0.4177	0.4177	0.4177	0.4177	0.4177	0.4177	0.4177	0.4177	0.4177	0.4177	0.4177	0.4177	0.4177	0.4177	0.4177	0.4177	0.4177	0.4177	0.4177	0.4177	0.4177	0.4177	0.4177	0.4177	0.4177	0.4177	0.4177	0.4177	0.4177	0.4177	0.4177	0.4177	0.4177	0.4177	0.4177	0.4177	0.4177	0.4177	0.4177	0.4177	0.4177	0.4177	0.4177	0.4177	0.4177	0.4177	0.4177	0.4177	0.4177	0.4177	0.4177	0.4177	0.4177	0.4177	0.4177	0.4177	0.4177	0.4177	0.4177	0.4177	0.4177	0.4177	0.4177	0.4177	0.4177	0.4177	0.4177	0.4177	0.4177	0.4177	0.4177	0.4177	0.4177	0.4177	0.4177	0.4177	0.4177	0.4177	0.4177	0.4177	0.4177	0.4177	0.4177	0.4177	0.4177	0.4177	0.4177	0.4177	0.4177	0.4177	0.4177	0.4177	0.4177	0.4177	0.4177	0.4177	0.4177	0.4177	0.4177	0.4177	0.4177	0.4177	0.4177	0.4177	0.4177	0.4177	0.4177	0.4177	0.4177	0.4177	0.4177	0.4177	0.4177	0.4177	0.4177	0.4177	0.4177	0.4177	0.4177	0.4177	0.4177	0.4177	0.4177	0.4177	0.4177	0.4177	0.4177	0.4177	0.4177	0.4177	0.4177	0.4177	0.4177	0.4177	0.4177	0.4177	0.4177	0.4177	0.4177	0.4177	0.4177	0.4177	0.4177	0.4177	0.4177	0.4177	0.4177	0.4177	0.4177	0.4177	0.4177	0.4177	0.4177	0.4177	0.4177	0.4177	0.4177	0.4177	0.4177	0.4177	0.4177	0.4177	0.4177	0.4177	0.4177	0.4177	0.4177	0.4177	0.4177	0.4177	0.4177	0.4177	0.4177	0.4177	0.4177	0.4177	0.4177	0.4177	0.4177	0.4177	0.4177	0.4177	0.4177	0.4177	0.4177	0.4177	0.4177	0.4177	0.4177	0.4177	0.4177	0.4177	0.4177	0.4177	0.4177	0.4177	0.4177	0.4177	0.4177	0.4177	0.4177	0.4177	0.4177	0.4177	0.4177	0.4177	0.4177	0.4177	0.4177	0.4177	0.4177	0.4177	0.4177	0.4177	0.4177	0.4177	0.4177	0.4177	0.4177	0.4177	0.4177	0.4177	0.4177	0.4177	0.4177	0.4177	0.4177	0.4177	0.4177	0.4177	0.4177	0.4177	0.4177	0.4177	0.4177	0.4177	0.4177	0.4177	0.4177	0.4177	0.4177	0.4177	0.4177	0.4177	0.4177	0.4177	0.4177	0.4177	0.4177	0.4177	0.4177	0.4177	0.4177	0.4177	0.4177	0.4177	0.4177	0.4177	0.4177	0.4177	0.4177	0.4177	0.4177	0.4177	0.4177	0.4177	0.4177	0.4177	0.4177	0.4177	0.4177	0.4177	0.4177	0.4177	0.4177	0.4177	0.4177	0.4177	0.4177	0.4177	0.4177	0.4177	0.4177	0.4177	0.4177	0.4177	0.4177	0.4177	0.4177	0.4177	0.4177	0.4177	0.4177	0.4177	0.4177	0.4177	0.4177	0.4177	0.4177	0.4177	0.4177	0.4177	0.4177	0.4177	0.4177	0.4177	0.4177	0.4177	0.4177	0.4177	0.4177	0.4177	0.4177	0.4177	0.4177	0.4177	0.4177	0.4177	0.4177	0.4177	0.4177	0.4177	0.4177	0.4177	0.4177	0.4177	0.4177	0.4177	0.4177	0.4177	0.4177	0.4177	0.4177	0.4177	0.4177	0.4177	0.4177	0.4177	0.4177	0.4177	0.4177	0.4177	0.4177	0.4177	0.4177	0.4177	0.4177	0.4177	0.4177	0.4177	0.4177	0.4177	0.4177	0.4177	0.4177	0.4177	0.4177	0.4177	0.4177	0.4177	0.4177	0.4177	0.4177	0.4177	0.4177	0.4177	0.4177	0.4177	0.4177	0.4177	0.4177	0.4177	0.4177	0.4177	0.4177	0.4177	0.4177	0.4177	0.4177	0.4177	0.4177	0.4177	0.4177	0.4177	0.4177	0.4177	0.4177	0.4177	0.4177	0.4177	0.4177	0.4177	0.4177	0.4177	0.4177	0.4177	0.4177	0.4177	0.4177	0.4177	0.4177	0.4177	0.4177	0.4177	0.4177	0.4177	0.4177	0.4177	0.4177	0.4177	0.4177	0.4177	0.4177	0.4177	0.4177	0.4177	0.4177	0.4177	0.4177	0.4177	0.4177	0.4177	0.4177	0.4177	0.4177	0.4177	0.4177	0.4177	0.4177	0.4177	0.4177	0.4177	0.4177	0.4177	0.4177	0.4177	0.4177	0.4177	0.4177	0.4177	0.4177	0.4177	0.4177	0.4177	0.4177	0.4177	0.4177	0.4177	0.4177	0.4177	0.4177	0.4177	0.4177	0.4177	0.4177	0.4177	0.4177	0.4177	0.4177	0.4177	0.4177	0.4177	0.4177	0.4177	0.4177	0.4177	0.4177	0.4177	0.4177	0.4177	0.4177	0.4177	0.4177	0.4177	0.4177	0.4177	0.4177	0.4177	0.4177	0.4177	0.4177	0.4177	0.4177	0.4177	0.4177	0.4177	0.4177	0.4177	0.4177	0.4177	0.4177	0.4177	0.4177	0.4177	0.4177	0.4177	0.4177	0.4177	0.4177	0.4177	0.4177	0.4177	0.4177	0.4177	0.4177	0.4177	0.4177	0.4177	0.4177	0.4177	0.4177	0.4177	0.4177	0.4177	0.4177	0.4177	0.4177	0.4177	0.4177	0.4177	0.4177	0.4177	0.4177	0.4177	0.4177	0.4177	0.4177	0.4177	0.4177	0.4177	0.4177	0.4177	0.4177	0.4177	0.4177	0.4177	0.4177	0.4177	0.4177	0.4177	0.4177	0.4177	0.4177	0.4177	0.4177	0.4177	0.4177	0.4177	0.4177	0.4177	0.4177	0.4177	0.4177	0.4177	0.4177	0.4177	0.4177	0.4177	0.4177	0.4177	0.4177	0.4177	0.4177	0.4177	0.4177	0.4177	0.4177	0.4177	0.4177	0.4177	0.4177	0.4177	0.4177	0.4177	0.4177	0.4177	0.4177	0.4177	0.4177	0.4177	0.4177	0.4177	0.4177	0.4177	0.4177	0.4177	0.4177	0.4177	0.4177	0.4177
dv:Tf/Scatterer1/L12/Values  = 	961	2.4669	2.4669	2.4669	2.4669	2.4669	2.4669	2.4669	2.4669	2.4669	2.4669	2.4669	2.4669	2.4669	2.4669	2.4669	2.4669	2.4669	2.4669	2.4669	2.4669	2.4669	2.4669	2.4669	2.4669	2.4669	2.4669	2.4669	2.4669	2.4669	2.4669	2.4669	2.4669	2.4669	2.4669	2.4669	2.4669	2.4669	2.4669	2.4669	2.4669	2.4669	2.4669	2.4669	2.4669	2.4669	2.4669	2.4669	2.4669	2.4669	2.4669	2.4669	2.4669	2.4669	2.4669	2.4669	2.4669	2.4669	2.4669	2.4669	2.4669	2.4669	2.4669	2.4669	2.4669	2.4669	2.4669	2.4669	2.4669	2.4669	2.4669	2.4669	2.4669	2.4669	2.4669	2.4669	2.4669	2.4669	2.4669	2.4669	2.4669	2.4669	2.4669	2.4669	2.4669	2.4669	2.4669	2.4669	2.4669	2.4669	2.4669	2.4669	2.4669	2.4669	2.4669	2.4669	2.4669	2.4669	2.4669	2.4669	2.4669	2.4669	2.4669	2.4669	2.4669	2.4669	2.4669	2.4669	2.4669	2.4669	2.4669	2.4669	2.4669	2.4669	2.4669	2.4669	2.4669	2.4669	2.4669	2.4669	2.4669	2.4669	2.4669	2.4669	2.4669	2.4669	2.4669	2.4669	2.4669	2.4669	2.4669	2.4669	2.4669	2.4669	2.4669	2.4669	2.4669	2.4669	2.4669	2.4669	2.4669	2.4669	2.4669	2.4669	2.4669	2.4669	2.4669	2.4669	2.4669	2.4669	2.4669	2.4669	2.4669	2.4669	2.4669	2.4669	2.4669	2.4669	2.4669	2.4669	2.4669	2.4669	2.4669	2.4669	2.4669	2.4669	2.4669	2.4669	2.4669	2.4669	2.4669	2.4669	2.4669	2.4669	2.4669	2.4669	2.4669	2.4669	2.4669	2.4669	2.4669	2.4669	2.4669	2.4669	2.4669	2.4669	2.4669	2.4669	2.4669	2.4669	2.4669	2.4669	2.4669	2.4669	2.4669	2.4669	2.4669	2.4669	2.4669	2.4669	2.4669	2.4669	2.4669	2.4669	2.4669	2.4669	2.4669	2.4669	2.4669	2.4669	2.4669	2.4669	2.4669	2.4669	2.4669	2.4669	2.4669	2.4669	2.4669	2.4669	2.4669	2.4669	2.4669	2.4669	2.4669	2.4669	2.4669	2.4669	2.4669	2.4669	2.4669	2.4669	2.4669	2.4669	2.4669	2.4669	2.4669	2.4669	2.4669	2.4669	2.4669	2.4669	2.4669	2.4669	2.4669	2.4669	2.4669	2.4669	2.4669	2.4669	2.4669	2.4669	2.4669	2.4669	2.4669	2.4669	2.4669	2.4669	2.4669	2.4669	2.4669	2.4669	2.4669	2.4669	2.4669	2.4669	2.4669	2.4669	2.4669	2.4669	2.4669	2.4669	2.4669	2.4669	2.4669	2.4669	2.4669	2.4669	2.4669	2.4669	2.4669	2.4669	2.4669	2.4669	2.4669	2.4669	2.4669	2.4669	2.4669	2.4669	2.4669	2.4669	2.4669	2.4669	2.4669	2.4669	2.4669	2.4669	2.4669	2.4669	2.4669	2.4669	2.4669	2.4669	2.4669	2.4669	2.4669	2.4669	2.4669	2.4669	2.4669	2.4669	2.4669	2.4669	2.4669	2.4669	2.4669	2.4669	2.4669	2.4669	2.4669	2.4669	2.4669	2.4669	2.4669	2.4669	2.4669	2.4669	2.4669	2.4669	2.4669	2.4669	2.4669	2.4669	2.4669	2.4669	2.4669	2.4669	2.4669	2.4669	2.4669	2.4669	2.4669	2.4669	2.4669	2.4669	2.4669	2.4669	2.4669	2.4669	2.4669	2.4669	2.4669	2.4669	2.4669	2.4669	2.4669	2.4669	2.4669	2.4669	2.4669	2.4669	2.4669	2.4669	2.4669	2.4669	2.4669	2.4669	2.4669	2.4669	2.4669	2.4669	2.4669	2.4669	2.4669	2.4669	2.4669	2.4669	2.4669	2.4669	2.4669	2.4669	2.4669	2.4669	2.4669	2.4669	2.4669	2.4669	2.4669	2.4669	2.4669	2.4669	2.4669	2.4669	2.4669	2.4669	2.4669	2.4669	2.4669	2.4669	2.4669	2.4669	2.4669	2.4669	2.4669	2.4669	2.4669	2.4669	2.4669	2.4669	2.4669	2.4669	2.4669	2.4669	2.4669	2.4669	2.4669	2.4669	2.4669	2.4669	2.4669	2.4669	2.4669	2.4669	2.4669	2.4669	2.4669	2.4669	2.4669	2.4669	2.4669	2.4669	2.4669	2.4669	2.4669	2.4669	2.4669	2.4669	2.4669	2.4669	2.4669	2.4669	2.4669	2.4669	2.4669	2.4669	2.4669	2.4669	2.4669	2.4669	2.4669	2.4669	2.4669	2.4669	2.4669	2.4669	2.4669	2.4669	2.4669	2.4669	2.4669	2.4669	2.4669	2.4669	2.4669	2.4669	2.4669	2.4669	2.4669	2.4669	2.4669	2.4669	2.4669	2.4669	2.4669	2.4669	2.4669	2.4669	2.4669	2.4669	2.4669	2.4669	2.4669	2.4669	2.4669	2.4669	2.4669	2.4669	2.4669	2.4669	2.4669	2.4669	2.4669	2.4669	2.4669	2.4669	2.4669	2.4669	2.4669	2.4669	2.4669	2.4669	2.4669	2.4669	2.4669	2.4669	2.4669	2.4669	2.4669	2.4669	2.4669	2.4669	2.4669	2.4669	2.4669	2.4669	2.4669	2.4669	2.4669	2.4669	2.4669	2.4669	2.4669	2.4669	2.4669	2.4669	2.4669	2.4669	2.4669	2.4669	2.4669	2.4669	2.4669	2.4669	2.4669	2.4669	2.4669	2.4669	2.4669	2.4669	2.4669	2.4669	2.4669	2.4669	2.4669	2.4669	2.4669	2.4669	2.4669	2.4669	2.4669	2.4669	2.4669	2.4669	2.4669	2.4669	2.4669	2.4669	2.4669	2.4669	2.4669	2.4669	2.4669	2.4669	2.4669	2.4669	2.4669	2.4669	2.4669	2.4669	2.4669	2.4669	2.4669	2.4669	2.4669	2.4669	2.4669	2.4669	2.4669	2.4669	2.4669	2.4669	2.4669	2.4669	2.4669	2.4669	2.4669	2.4669	2.4669	2.4669	2.4669	2.4669	2.4669	2.4669	2.4669	2.4669	2.4669	2.4669	2.4669	2.4669	2.4669	2.4669	2.4669	2.4669	2.4669	2.4669	2.4669	2.4669	2.4669	2.4669	2.4669	2.4669	2.4669	2.4669	2.4669	2.4669	2.4669	2.4669	2.4669	2.4669	2.4669	2.4669	2.4669	2.4669	2.4669	2.4669	2.4669	2.4669	2.4669	2.4669	2.4669	2.4669	2.4669	2.4669	2.4669	2.4669	2.4669	2.4669	2.4669	2.4669	2.4669	2.4669	2.4669	2.4669	2.4669	2.4669	2.4669	2.4669	2.4669	2.4669	2.4669	2.4669	2.4669	2.4669	2.4669	2.4669	2.4669	2.4669	2.4669	2.4669	2.4669	2.4669	2.4669	2.4669	2.4669	2.4669	2.4669	2.4669	2.4669	2.4669	2.4669	2.4669	2.4669	2.4669	2.4669	2.4669	2.4669	2.4669	2.4669	2.4669	2.4669	2.4669	2.4669	2.4669	2.4669	2.4669	2.4669	2.4669	2.4669	2.4669	2.4669	2.4669	2.4669	2.4669	2.4669	2.4669	2.4669	2.4669	2.4669	2.4669	2.4669	2.4669	2.4669	2.4669	2.4669	2.4669	2.4669	2.4669	2.4669	2.4669	2.4669	2.4669	2.4669	2.4669	2.4669	2.4669	2.4669	2.4669	2.4669	2.4669	2.4669	2.4669	2.4669	2.4669	2.4669	2.4669	2.4669	2.4669	2.4669	2.4669	2.4669	2.4669	2.4669	2.4669	2.4669	2.4669	2.4669	2.4669	2.4669	2.4669	2.4669	2.4669	2.4669	2.4669	2.4669	2.4669	2.4669	2.4669	2.4669	2.4669	2.4669	2.4669	2.4669	2.4669	2.4669	2.4669	2.4669	2.4669	2.4669	2.4669	2.4669	2.4669	2.4669	2.4669	2.4669	2.4669	2.4669	2.4669	2.4669	2.4669	2.4669	2.4669	2.4669	2.4669	2.4669	2.4669	2.4669	2.4669	2.4669	2.4669	2.4669	2.4669	2.4669	2.4669	2.4669	2.4669	2.4669	2.4669	2.4669	2.4669	2.4669	2.4669	2.4669	2.4669	2.4669	2.4669	2.4669	2.4669	2.4669	2.4669	2.4669	2.4669	2.4669	2.4669	2.4669	2.4669	2.4669	2.4669	2.4669	2.4669	2.4669	2.4669	2.4669	2.4669	2.4669	2.4669	2.4669	2.4669	2.4669	2.4669	2.4669	2.4669	2.4669	2.4669	2.4669	2.4669	2.4669	2.4669	2.4669	2.4669	2.4669	2.4669	2.4669	2.4669	2.4669	2.4669	2.4669	2.4669	2.4669	2.4669	2.4669	2.4669	2.4669	2.4669	2.4669	2.4669	2.4669	2.4669	2.4669	2.4669	2.4669	2.4669	2.4669	2.4669	2.4669	2.4669	2.4669	2.4669	2.4669	2.4669	2.4669	2.4669	2.4669	2.4669	2.4669	2.4669	2.4669	2.4669	2.4669	2.4669	2.4669	2.4669	2.4669	2.4669	2.4669	2.4669	2.4669	2.4669	2.4669	2.4669	2.4669	2.4669	2.4669	2.4669	2.4669	2.4669	2.4669	2.4669	2.4669	2.4669	2.4669	2.4669	2.4669	2.4669	2.4669	2.4669	2.4669	2.4669	2.4669	2.4669	2.4669	2.4669	2.4669	2.4669	2.4669	2.4669	2.4669	2.4669	2.4669	2.4669	2.4669	2.4669	2.4669	2.4669	2.4669	2.4669	2.4669	2.4669	2.4669	2.4669	2.4669	2.4669	2.4669	2.4669	2.4669	2.4669	2.4669	2.4669	2.4669	2.4669	2.4669	2.4669	2.4669	2.4669	2.4669	2.4669	2.4669	2.4669	2.4669	2.4669	2.4669	2.4669	2.4669	2.4669	2.4669	2.4669	2.4669	2.4669	2.4669	2.4669	2.4669	2.4669	2.4669	2.4669	2.4669	2.4669	2.4669	2.4669	2.4669	2.4669	2.4669	2.4669	mm
uv:Tf/Scatterer1/L13/Values  = 	961	0.0041	0.0041	0.0041	0.0041	0.0041	0.0041	0.0041	0.0041	0.0041	0.0041	0.0041	0.0041	0.0041	0.0041	0.0041	0.0041	0.0041	0.0041	0.0041	0.0041	0.0041	0.0041	0.0041	0.0041	0.0041	0.0041	0.0041	0.0041	0.0041	0.0041	0.0041	0.0041	0.0041	0.0041	0.0041	0.0041	0.0041	0.0041	0.0041	0.0041	0.0041	0.0041	0.0041	0.0041	0.0041	0.0041	0.0041	0.0041	0.0041	0.0041	0.0041	0.0041	0.0041	0.0041	0.0041	0.0041	0.0041	0.0041	0.0041	0.0041	0.0041	0.0041	0.0041	0.0041	0.0041	0.0041	0.0041	0.0041	0.0041	0.0041	0.0041	0.0041	0.0041	0.0041	0.0041	0.0041	0.0041	0.0041	0.0041	0.0041	0.0041	0.0041	0.0041	0.0041	0.0041	0.0041	0.0041	0.0041	0.0041	0.0041	0.0041	0.0041	0.0041	0.0041	0.0041	0.0041	0.0041	0.0041	0.0041	0.0041	0.0041	0.0041	0.0041	0.0041	0.0041	0.0041	0.0041	0.0041	0.0041	0.0041	0.0041	0.0041	0.0041	0.0041	0.0041	0.0041	0.0041	0.0041	0.0041	0.0041	0.0041	0.0041	0.0041	0.0041	0.0041	0.0041	0.0041	0.0041	0.0041	0.0041	0.0041	0.0041	0.0041	0.0041	0.0041	0.0041	0.0041	0.0041	0.0041	0.0041	0.0041	0.0041	0.0041	0.0041	0.0041	0.0041	0.0041	0.0041	0.0041	0.0041	0.0041	0.0041	0.0041	0.0041	0.0041	0.0041	0.0041	0.0041	0.0041	0.0041	0.0041	0.0041	0.0041	0.0041	0.0041	0.0041	0.0041	0.0041	0.0041	0.0041	0.0041	0.0041	0.0041	0.0041	0.0041	0.0041	0.0041	0.0041	0.0041	0.0041	0.0041	0.0041	0.0041	0.0041	0.0041	0.0041	0.0041	0.0041	0.0041	0.0041	0.0041	0.0041	0.0041	0.0041	0.0041	0.0041	0.0041	0.0041	0.0041	0.0041	0.0041	0.0041	0.0041	0.0041	0.0041	0.0041	0.0041	0.0041	0.0041	0.0041	0.0041	0.0041	0.0041	0.0041	0.0041	0.0041	0.0041	0.0041	0.0041	0.0041	0.0041	0.0041	0.0041	0.0041	0.0041	0.0041	0.0041	0.0041	0.0041	0.0041	0.0041	0.0041	0.0041	0.0041	0.0041	0.0041	0.0041	0.0041	0.0041	0.0041	0.0041	0.0041	0.0041	0.0041	0.0041	0.0041	0.0041	0.0041	0.0041	0.0041	0.0041	0.0041	0.0041	0.0041	0.0041	0.0041	0.0041	0.0041	0.0041	0.0041	0.0041	0.0041	0.0041	0.0041	0.0041	0.0041	0.0041	0.0041	0.0041	0.0041	0.0041	0.0041	0.0041	0.0041	0.0041	0.0041	0.0041	0.0041	0.0041	0.0041	0.0041	0.0041	0.0041	0.0041	0.0041	0.0041	0.0041	0.0041	0.0041	0.0041	0.0041	0.0041	0.0041	0.0041	0.0041	0.0041	0.0041	0.0041	0.0041	0.0041	0.0041	0.0041	0.0041	0.0041	0.0041	0.0041	0.0041	0.0041	0.0041	0.0041	0.0041	0.0041	0.0041	0.0041	0.0041	0.0041	0.0041	0.0041	0.0041	0.0041	0.0041	0.0041	0.0041	0.0041	0.0041	0.0041	0.0041	0.0041	0.0041	0.0041	0.0041	0.0041	0.0041	0.0041	0.0041	0.0041	0.0041	0.0041	0.0041	0.0041	0.0041	0.0041	0.0041	0.0041	0.0041	0.0041	0.0041	0.0041	0.0041	0.0041	0.0041	0.0041	0.0041	0.0041	0.0041	0.0041	0.0041	0.0041	0.0041	0.0041	0.0041	0.0041	0.0041	0.0041	0.0041	0.0041	0.0041	0.0041	0.0041	0.0041	0.0041	0.0041	0.0041	0.0041	0.0041	0.0041	0.0041	0.0041	0.0041	0.0041	0.0041	0.0041	0.0041	0.0041	0.0041	0.0041	0.0041	0.0041	0.0041	0.0041	0.0041	0.0041	0.0041	0.0041	0.0041	0.0041	0.0041	0.0041	0.0041	0.0041	0.0041	0.0041	0.0041	0.0041	0.0041	0.0041	0.0041	0.0041	0.0041	0.0041	0.0041	0.0041	0.0041	0.0041	0.0041	0.0041	0.0041	0.0041	0.0041	0.0041	0.0041	0.0041	0.0041	0.0041	0.0041	0.0041	0.0041	0.0041	0.0041	0.0041	0.0041	0.0041	0.0041	0.0041	0.0041	0.0041	0.0041	0.0041	0.0041	0.0041	0.0041	0.0041	0.0041	0.0041	0.0041	0.0041	0.0041	0.0041	0.0041	0.0041	0.0041	0.0041	0.0041	0.0041	0.0041	0.0041	0.0041	0.0041	0.0041	0.0041	0.0041	0.0041	0.0041	0.0041	0.0041	0.0041	0.0041	0.0041	0.0041	0.0041	0.0041	0.0041	0.0041	0.0041	0.0041	0.0041	0.0041	0.0041	0.0041	0.0041	0.0041	0.0041	0.0041	0.0041	0.0041	0.0041	0.0041	0.0041	0.0041	0.0041	0.0041	0.0041	0.0041	0.0041	0.0041	0.0041	0.0041	0.0041	0.0041	0.0041	0.0041	0.0041	0.0041	0.0041	0.0041	0.0041	0.0041	0.0041	0.0041	0.0041	0.0041	0.0041	0.0041	0.0041	0.0041	0.0041	0.0041	0.0041	0.0041	0.0041	0.0041	0.0041	0.0041	0.0041	0.0041	0.0041	0.0041	0.0041	0.0041	0.0041	0.0041	0.0041	0.0041	0.0041	0.0041	0.0041	0.0041	0.0041	0.0041	0.0041	0.0041	0.0041	0.0041	0.0041	0.0041	0.0041	0.0041	0.0041	0.0041	0.0041	0.0041	0.0041	0.0041	0.0041	0.0041	0.0041	0.0041	0.0041	0.0041	0.0041	0.0041	0.0041	0.0041	0.0041	0.0041	0.0041	0.0041	0.0041	0.0041	0.0041	0.0041	0.0041	0.0041	0.0041	0.0041	0.0041	0.0041	0.0041	0.0041	0.0041	0.0041	0.0041	0.0041	0.0041	0.0041	0.0041	0.0041	0.0041	0.0041	0.0041	0.0041	0.0041	0.0041	0.0041	0.0041	0.0041	0.0041	0.0041	0.0041	0.0041	0.0041	0.0041	0.0041	0.0041	0.0041	0.0041	0.0041	0.0041	0.0041	0.0041	0.0041	0.0041	0.0041	0.0041	0.0041	0.0041	0.0041	0.0041	0.0041	0.0041	0.0041	0.0041	0.0041	0.0041	0.0041	0.0041	0.0041	0.0041	0.0041	0.0041	0.0041	0.0041	0.0041	0.0041	0.0041	0.0041	0.0041	0.0041	0.0041	0.0041	0.0041	0.0041	0.0041	0.0041	0.0041	0.0041	0.0041	0.0041	0.0041	0.0041	0.0041	0.0041	0.0041	0.0041	0.0041	0.0041	0.0041	0.0041	0.0041	0.0041	0.0041	0.0041	0.0041	0.0041	0.0041	0.0041	0.0041	0.0041	0.0041	0.0041	0.0041	0.0041	0.0041	0.0041	0.0041	0.0041	0.0041	0.0041	0.0041	0.0041	0.0041	0.0041	0.0041	0.0041	0.0041	0.0041	0.0041	0.0041	0.0041	0.0041	0.0041	0.0041	0.0041	0.0041	0.0041	0.0041	0.0041	0.0041	0.0041	0.0041	0.0041	0.0041	0.0041	0.0041	0.0041	0.0041	0.0041	0.0041	0.0041	0.0041	0.0041	0.0041	0.0041	0.0041	0.0041	0.0041	0.0041	0.0041	0.0041	0.0041	0.0041	0.0041	0.0041	0.0041	0.0041	0.0041	0.0041	0.0041	0.0041	0.0041	0.0041	0.0041	0.0041	0.0041	0.0041	0.0041	0.0041	0.0041	0.0041	0.0041	0.0041	0.0041	0.0041	0.0041	0.0041	0.0041	0.0041	0.0041	0.0041	0.0041	0.0041	0.0041	0.0041	0.0041	0.0041	0.0041	0.0041	0.0041	0.0041	0.0041	0.0041	0.0041	0.0041	0.0041	0.0041	0.0041	0.0041	0.0041	0.0041	0.0041	0.0041	0.0041	0.0041	0.0041	0.0041	0.0041	0.0041	0.0041	0.0041	0.0041	0.0041	0.0041	0.0041	0.0041	0.0041	0.0041	0.0041	0.0041	0.0041	0.0041	0.0041	0.0041	0.0041	0.0041	0.0041	0.0041	0.0041	0.0041	0.0041	0.0041	0.0041	0.0041	0.0041	0.0041	0.0041	0.0041	0.0041	0.0041	0.0041	0.0041	0.0041	0.0041	0.0041	0.0041	0.0041	0.0041	0.0041	0.0041	0.0041	0.0041	0.0041	0.0041	0.0041	0.0041	0.0041	0.0041	0.0041	0.0041	0.0041	0.0041	0.0041	0.0041	0.0041	0.0041	0.0041	0.0041	0.0041	0.0041	0.0041	0.0041	0.0041	0.0041	0.0041	0.0041	0.0041	0.0041	0.0041	0.0041	0.0041	0.0041	0.0041	0.0041	0.0041	0.0041	0.0041	0.0041	0.0041	0.0041	0.0041	0.0041	0.0041	0.0041	0.0041	0.0041	0.0041	0.0041	0.0041	0.0041	0.0041	0.0041	0.0041	0.0041	0.0041	0.0041	0.0041	0.0041	0.0041	0.0041	0.0041	0.0041	0.0041	0.0041	0.0041	0.0041	0.0041	0.0041	0.0041	0.0041	0.0041	0.0041	0.0041	0.0041	0.0041	0.0041	0.0041	0.0041	0.0041	0.0041	0.0041	0.0041	0.0041	0.0041	0.0041	0.0041	0.0041	0.0041	0.0041	0.0041	0.0041	0.0041	0.0041	0.0041	0.0041	0.0041	0.0041	0.0041	0.0041	0.0041	0.0041	0.0041	0.0041	0.0041	0.0041	0.0041	0.0041	0.0041	0.0041	0.0041	0.0041	0.0041	0.0041	0.0041	0.0041	0.0041	0.0041	0.0041	0.0041	0.0041	0.0041	0.0041	0.0041	0.0041	0.0041	0.0041	0.0041	0.0041	0.0041	0.0041	0.0041	0.0041	0.0041	0.0041	0.0041	0.0041	0.0041	0.0041	0.0041	0.0041	0.0041	0.0041	0.0041
uv:Tf/Scatterer1/L14/Values  =	961	0.8069	0.8069	0.8069	0.8069	0.8069	0.8069	0.8069	0.8069	0.8069	0.8069	0.8069	0.8069	0.8069	0.8069	0.8069	0.8069	0.8069	0.8069	0.8069	0.8069	0.8069	0.8069	0.8069	0.8069	0.8069	0.8069	0.8069	0.8069	0.8069	0.8069	0.8069	0.8069	0.8069	0.8069	0.8069	0.8069	0.8069	0.8069	0.8069	0.8069	0.8069	0.8069	0.8069	0.8069	0.8069	0.8069	0.8069	0.8069	0.8069	0.8069	0.8069	0.8069	0.8069	0.8069	0.8069	0.8069	0.8069	0.8069	0.8069	0.8069	0.8069	0.8069	0.8069	0.8069	0.8069	0.8069	0.8069	0.8069	0.8069	0.8069	0.8069	0.8069	0.8069	0.8069	0.8069	0.8069	0.8069	0.8069	0.8069	0.8069	0.8069	0.8069	0.8069	0.8069	0.8069	0.8069	0.8069	0.8069	0.8069	0.8069	0.8069	0.8069	0.8069	0.8069	0.8069	0.8069	0.8069	0.8069	0.8069	0.8069	0.8069	0.8069	0.8069	0.8069	0.8069	0.8069	0.8069	0.8069	0.8069	0.8069	0.8069	0.8069	0.8069	0.8069	0.8069	0.8069	0.8069	0.8069	0.8069	0.8069	0.8069	0.8069	0.8069	0.8069	0.8069	0.8069	0.8069	0.8069	0.8069	0.8069	0.8069	0.8069	0.8069	0.8069	0.8069	0.8069	0.8069	0.8069	0.8069	0.8069	0.8069	0.8069	0.8069	0.8069	0.8069	0.8069	0.8069	0.8069	0.8069	0.8069	0.8069	0.8069	0.8069	0.8069	0.8069	0.8069	0.8069	0.8069	0.8069	0.8069	0.8069	0.8069	0.8069	0.8069	0.8069	0.8069	0.8069	0.8069	0.8069	0.8069	0.8069	0.8069	0.8069	0.8069	0.8069	0.8069	0.8069	0.8069	0.8069	0.8069	0.8069	0.8069	0.8069	0.8069	0.8069	0.8069	0.8069	0.8069	0.8069	0.8069	0.8069	0.8069	0.8069	0.8069	0.8069	0.8069	0.8069	0.8069	0.8069	0.8069	0.8069	0.8069	0.8069	0.8069	0.8069	0.8069	0.8069	0.8069	0.8069	0.8069	0.8069	0.8069	0.8069	0.8069	0.8069	0.8069	0.8069	0.8069	0.8069	0.8069	0.8069	0.8069	0.8069	0.8069	0.8069	0.8069	0.8069	0.8069	0.8069	0.8069	0.8069	0.8069	0.8069	0.8069	0.8069	0.8069	0.8069	0.8069	0.8069	0.8069	0.8069	0.8069	0.8069	0.8069	0.8069	0.8069	0.8069	0.8069	0.8069	0.8069	0.8069	0.8069	0.8069	0.8069	0.8069	0.8069	0.8069	0.8069	0.8069	0.8069	0.8069	0.8069	0.8069	0.8069	0.8069	0.8069	0.8069	0.8069	0.8069	0.8069	0.8069	0.8069	0.8069	0.8069	0.8069	0.8069	0.8069	0.8069	0.8069	0.8069	0.8069	0.8069	0.8069	0.8069	0.8069	0.8069	0.8069	0.8069	0.8069	0.8069	0.8069	0.8069	0.8069	0.8069	0.8069	0.8069	0.8069	0.8069	0.8069	0.8069	0.8069	0.8069	0.8069	0.8069	0.8069	0.8069	0.8069	0.8069	0.8069	0.8069	0.8069	0.8069	0.8069	0.8069	0.8069	0.8069	0.8069	0.8069	0.8069	0.8069	0.8069	0.8069	0.8069	0.8069	0.8069	0.8069	0.8069	0.8069	0.8069	0.8069	0.8069	0.8069	0.8069	0.8069	0.8069	0.8069	0.8069	0.8069	0.8069	0.8069	0.8069	0.8069	0.8069	0.8069	0.8069	0.8069	0.8069	0.8069	0.8069	0.8069	0.8069	0.8069	0.8069	0.8069	0.8069	0.8069	0.8069	0.8069	0.8069	0.8069	0.8069	0.8069	0.8069	0.8069	0.8069	0.8069	0.8069	0.8069	0.8069	0.8069	0.8069	0.8069	0.8069	0.8069	0.8069	0.8069	0.8069	0.8069	0.8069	0.8069	0.8069	0.8069	0.8069	0.8069	0.8069	0.8069	0.8069	0.8069	0.8069	0.8069	0.8069	0.8069	0.8069	0.8069	0.8069	0.8069	0.8069	0.8069	0.8069	0.8069	0.8069	0.8069	0.8069	0.8069	0.8069	0.8069	0.8069	0.8069	0.8069	0.8069	0.8069	0.8069	0.8069	0.8069	0.8069	0.8069	0.8069	0.8069	0.8069	0.8069	0.8069	0.8069	0.8069	0.8069	0.8069	0.8069	0.8069	0.8069	0.8069	0.8069	0.8069	0.8069	0.8069	0.8069	0.8069	0.8069	0.8069	0.8069	0.8069	0.8069	0.8069	0.8069	0.8069	0.8069	0.8069	0.8069	0.8069	0.8069	0.8069	0.8069	0.8069	0.8069	0.8069	0.8069	0.8069	0.8069	0.8069	0.8069	0.8069	0.8069	0.8069	0.8069	0.8069	0.8069	0.8069	0.8069	0.8069	0.8069	0.8069	0.8069	0.8069	0.8069	0.8069	0.8069	0.8069	0.8069	0.8069	0.8069	0.8069	0.8069	0.8069	0.8069	0.8069	0.8069	0.8069	0.8069	0.8069	0.8069	0.8069	0.8069	0.8069	0.8069	0.8069	0.8069	0.8069	0.8069	0.8069	0.8069	0.8069	0.8069	0.8069	0.8069	0.8069	0.8069	0.8069	0.8069	0.8069	0.8069	0.8069	0.8069	0.8069	0.8069	0.8069	0.8069	0.8069	0.8069	0.8069	0.8069	0.8069	0.8069	0.8069	0.8069	0.8069	0.8069	0.8069	0.8069	0.8069	0.8069	0.8069	0.8069	0.8069	0.8069	0.8069	0.8069	0.8069	0.8069	0.8069	0.8069	0.8069	0.8069	0.8069	0.8069	0.8069	0.8069	0.8069	0.8069	0.8069	0.8069	0.8069	0.8069	0.8069	0.8069	0.8069	0.8069	0.8069	0.8069	0.8069	0.8069	0.8069	0.8069	0.8069	0.8069	0.8069	0.8069	0.8069	0.8069	0.8069	0.8069	0.8069	0.8069	0.8069	0.8069	0.8069	0.8069	0.8069	0.8069	0.8069	0.8069	0.8069	0.8069	0.8069	0.8069	0.8069	0.8069	0.8069	0.8069	0.8069	0.8069	0.8069	0.8069	0.8069	0.8069	0.8069	0.8069	0.8069	0.8069	0.8069	0.8069	0.8069	0.8069	0.8069	0.8069	0.8069	0.8069	0.8069	0.8069	0.8069	0.8069	0.8069	0.8069	0.8069	0.8069	0.8069	0.8069	0.8069	0.8069	0.8069	0.8069	0.8069	0.8069	0.8069	0.8069	0.8069	0.8069	0.8069	0.8069	0.8069	0.8069	0.8069	0.8069	0.8069	0.8069	0.8069	0.8069	0.8069	0.8069	0.8069	0.8069	0.8069	0.8069	0.8069	0.8069	0.8069	0.8069	0.8069	0.8069	0.8069	0.8069	0.8069	0.8069	0.8069	0.8069	0.8069	0.8069	0.8069	0.8069	0.8069	0.8069	0.8069	0.8069	0.8069	0.8069	0.8069	0.8069	0.8069	0.8069	0.8069	0.8069	0.8069	0.8069	0.8069	0.8069	0.8069	0.8069	0.8069	0.8069	0.8069	0.8069	0.8069	0.8069	0.8069	0.8069	0.8069	0.8069	0.8069	0.8069	0.8069	0.8069	0.8069	0.8069	0.8069	0.8069	0.8069	0.8069	0.8069	0.8069	0.8069	0.8069	0.8069	0.8069	0.8069	0.8069	0.8069	0.8069	0.8069	0.8069	0.8069	0.8069	0.8069	0.8069	0.8069	0.8069	0.8069	0.8069	0.8069	0.8069	0.8069	0.8069	0.8069	0.8069	0.8069	0.8069	0.8069	0.8069	0.8069	0.8069	0.8069	0.8069	0.8069	0.8069	0.8069	0.8069	0.8069	0.8069	0.8069	0.8069	0.8069	0.8069	0.8069	0.8069	0.8069	0.8069	0.8069	0.8069	0.8069	0.8069	0.8069	0.8069	0.8069	0.8069	0.8069	0.8069	0.8069	0.8069	0.8069	0.8069	0.8069	0.8069	0.8069	0.8069	0.8069	0.8069	0.8069	0.8069	0.8069	0.8069	0.8069	0.8069	0.8069	0.8069	0.8069	0.8069	0.8069	0.8069	0.8069	0.8069	0.8069	0.8069	0.8069	0.8069	0.8069	0.8069	0.8069	0.8069	0.8069	0.8069	0.8069	0.8069	0.8069	0.8069	0.8069	0.8069	0.8069	0.8069	0.8069	0.8069	0.8069	0.8069	0.8069	0.8069	0.8069	0.8069	0.8069	0.8069	0.8069	0.8069	0.8069	0.8069	0.8069	0.8069	0.8069	0.8069	0.8069	0.8069	0.8069	0.8069	0.8069	0.8069	0.8069	0.8069	0.8069	0.8069	0.8069	0.8069	0.8069	0.8069	0.8069	0.8069	0.8069	0.8069	0.8069	0.8069	0.8069	0.8069	0.8069	0.8069	0.8069	0.8069	0.8069	0.8069	0.8069	0.8069	0.8069	0.8069	0.8069	0.8069	0.8069	0.8069	0.8069	0.8069	0.8069	0.8069	0.8069	0.8069	0.8069	0.8069	0.8069	0.8069	0.8069	0.8069	0.8069	0.8069	0.8069	0.8069	0.8069	0.8069	0.8069	0.8069	0.8069	0.8069	0.8069	0.8069	0.8069	0.8069	0.8069	0.8069	0.8069	0.8069	0.8069	0.8069	0.8069	0.8069	0.8069	0.8069	0.8069	0.8069	0.8069	0.8069	0.8069	0.8069	0.8069	0.8069	0.8069	0.8069	0.8069	0.8069	0.8069	0.8069	0.8069	0.8069	0.8069	0.8069	0.8069	0.8069	0.8069	0.8069	0.8069	0.8069	0.8069	0.8069	0.8069	0.8069	0.8069	0.8069	0.8069	0.8069	0.8069	0.8069	0.8069	0.8069	0.8069	0.8069	0.8069	0.8069	0.8069	0.8069	0.8069	0.8069	0.8069	0.8069	0.8069	0.8069	0.8069	0.8069	0.8069	0.8069	0.8069	0.8069	0.8069	0.8069	0.8069	0.8069	0.8069	0.8069	0.8069	0.8069	0.8069	0.8069	0.8069	0.8069	0.8069	0.8069	0.8069	0.8069	0.8069	0.8069	0.8069	0.8069	0.8069	0.8069	0.8069
